# github.com/mattn/go-sqlite3
sqlite3-binding.c: In function ‘sqlite3ShadowTableName’:
sqlite3-binding.c:123934:9: warning: assignment discards ‘const’ qualifier from pointer target type [-Wdiscarded-qualifiers]
123934 |   zTail = strrchr(zName, '_');
       |         ^
=== RUN   TestC02FullBlockDispatchAfterDelayedID
--- PASS: TestC02FullBlockDispatchAfterDelayedID (0.05s)
=== RUN   TestC02MultiBlockDispatchUsesLatestLength
--- PASS: TestC02MultiBlockDispatchUsesLatestLength (0.05s)
=== RUN   TestC02FlushToFailureIsObservable
2026/08/17 02:33:30.600549 juicefs[1382295] <WARNING>: write inode: 2 chunk: 13 off: 0 C02 injected FlushTo failure [write@writer.go:149]
--- PASS: TestC02FlushToFailureIsObservable (0.00s)
=== RUN   TestC02PartialThenFullAfterIDDispatchesOnce
--- PASS: TestC02PartialThenFullAfterIDDispatchesOnce (0.05s)
=== RUN   TestC02TransientEIORecoversOnFreeze
--- PASS: TestC02TransientEIORecoversOnFreeze (0.00s)
=== RUN   TestC02PermanentENOSPCAbortsFrozenSlice
2026/08/17 02:33:30.654901 juicefs[1382295] <INFO>: flush inode: 2 chunk: 0 err: no space left on device [flushData@writer.go:117]
--- PASS: TestC02PermanentENOSPCAbortsFrozenSlice (0.00s)
=== RUN   TestC02FrozenSliceSkipsCatchupFlush
--- PASS: TestC02FrozenSliceSkipsCatchupFlush (0.00s)
=== RUN   TestC02ConcurrentIndependentFullBlocks
--- PASS: TestC02ConcurrentIndependentFullBlocks (0.00s)
=== RUN   TestC02FullBlockDispatchAfterDelayedID
--- PASS: TestC02FullBlockDispatchAfterDelayedID (0.05s)
=== RUN   TestC02MultiBlockDispatchUsesLatestLength
--- PASS: TestC02MultiBlockDispatchUsesLatestLength (0.05s)
=== RUN   TestC02FlushToFailureIsObservable
2026/08/17 02:33:30.762991 juicefs[1382295] <WARNING>: write inode: 2 chunk: 13 off: 0 C02 injected FlushTo failure [write@writer.go:149]
--- PASS: TestC02FlushToFailureIsObservable (0.00s)
=== RUN   TestC02PartialThenFullAfterIDDispatchesOnce
--- PASS: TestC02PartialThenFullAfterIDDispatchesOnce (0.05s)
=== RUN   TestC02TransientEIORecoversOnFreeze
--- PASS: TestC02TransientEIORecoversOnFreeze (0.00s)
=== RUN   TestC02PermanentENOSPCAbortsFrozenSlice
2026/08/17 02:33:30.817259 juicefs[1382295] <INFO>: flush inode: 2 chunk: 0 err: no space left on device [flushData@writer.go:117]
--- PASS: TestC02PermanentENOSPCAbortsFrozenSlice (0.00s)
=== RUN   TestC02FrozenSliceSkipsCatchupFlush
--- PASS: TestC02FrozenSliceSkipsCatchupFlush (0.00s)
=== RUN   TestC02ConcurrentIndependentFullBlocks
--- PASS: TestC02ConcurrentIndependentFullBlocks (0.00s)
=== RUN   TestC02FullBlockDispatchAfterDelayedID
--- PASS: TestC02FullBlockDispatchAfterDelayedID (0.05s)
=== RUN   TestC02MultiBlockDispatchUsesLatestLength
--- PASS: TestC02MultiBlockDispatchUsesLatestLength (0.05s)
=== RUN   TestC02FlushToFailureIsObservable
2026/08/17 02:33:30.924484 juicefs[1382295] <WARNING>: write inode: 2 chunk: 13 off: 0 C02 injected FlushTo failure [write@writer.go:149]
--- PASS: TestC02FlushToFailureIsObservable (0.00s)
=== RUN   TestC02PartialThenFullAfterIDDispatchesOnce
--- PASS: TestC02PartialThenFullAfterIDDispatchesOnce (0.05s)
=== RUN   TestC02TransientEIORecoversOnFreeze
--- PASS: TestC02TransientEIORecoversOnFreeze (0.00s)
=== RUN   TestC02PermanentENOSPCAbortsFrozenSlice
2026/08/17 02:33:30.978665 juicefs[1382295] <INFO>: flush inode: 2 chunk: 0 err: no space left on device [flushData@writer.go:117]
--- PASS: TestC02PermanentENOSPCAbortsFrozenSlice (0.00s)
=== RUN   TestC02FrozenSliceSkipsCatchupFlush
--- PASS: TestC02FrozenSliceSkipsCatchupFlush (0.00s)
=== RUN   TestC02ConcurrentIndependentFullBlocks
--- PASS: TestC02ConcurrentIndependentFullBlocks (0.00s)
=== RUN   TestC02FullBlockDispatchAfterDelayedID
--- PASS: TestC02FullBlockDispatchAfterDelayedID (0.05s)
=== RUN   TestC02MultiBlockDispatchUsesLatestLength
--- PASS: TestC02MultiBlockDispatchUsesLatestLength (0.05s)
=== RUN   TestC02FlushToFailureIsObservable
2026/08/17 02:33:31.085671 juicefs[1382295] <WARNING>: write inode: 2 chunk: 13 off: 0 C02 injected FlushTo failure [write@writer.go:149]
--- PASS: TestC02FlushToFailureIsObservable (0.00s)
=== RUN   TestC02PartialThenFullAfterIDDispatchesOnce
--- PASS: TestC02PartialThenFullAfterIDDispatchesOnce (0.05s)
=== RUN   TestC02TransientEIORecoversOnFreeze
--- PASS: TestC02TransientEIORecoversOnFreeze (0.00s)
=== RUN   TestC02PermanentENOSPCAbortsFrozenSlice
2026/08/17 02:33:31.140029 juicefs[1382295] <INFO>: flush inode: 2 chunk: 0 err: no space left on device [flushData@writer.go:117]
--- PASS: TestC02PermanentENOSPCAbortsFrozenSlice (0.00s)
=== RUN   TestC02FrozenSliceSkipsCatchupFlush
--- PASS: TestC02FrozenSliceSkipsCatchupFlush (0.00s)
=== RUN   TestC02ConcurrentIndependentFullBlocks
--- PASS: TestC02ConcurrentIndependentFullBlocks (0.00s)
=== RUN   TestC02FullBlockDispatchAfterDelayedID
--- PASS: TestC02FullBlockDispatchAfterDelayedID (0.05s)
=== RUN   TestC02MultiBlockDispatchUsesLatestLength
--- PASS: TestC02MultiBlockDispatchUsesLatestLength (0.05s)
=== RUN   TestC02FlushToFailureIsObservable
2026/08/17 02:33:31.247663 juicefs[1382295] <WARNING>: write inode: 2 chunk: 13 off: 0 C02 injected FlushTo failure [write@writer.go:149]
--- PASS: TestC02FlushToFailureIsObservable (0.00s)
=== RUN   TestC02PartialThenFullAfterIDDispatchesOnce
--- PASS: TestC02PartialThenFullAfterIDDispatchesOnce (0.05s)
=== RUN   TestC02TransientEIORecoversOnFreeze
--- PASS: TestC02TransientEIORecoversOnFreeze (0.00s)
=== RUN   TestC02PermanentENOSPCAbortsFrozenSlice
2026/08/17 02:33:31.301681 juicefs[1382295] <INFO>: flush inode: 2 chunk: 0 err: no space left on device [flushData@writer.go:117]
--- PASS: TestC02PermanentENOSPCAbortsFrozenSlice (0.00s)
=== RUN   TestC02FrozenSliceSkipsCatchupFlush
--- PASS: TestC02FrozenSliceSkipsCatchupFlush (0.00s)
=== RUN   TestC02ConcurrentIndependentFullBlocks
--- PASS: TestC02ConcurrentIndependentFullBlocks (0.00s)
=== RUN   TestC02FullBlockDispatchAfterDelayedID
--- PASS: TestC02FullBlockDispatchAfterDelayedID (0.05s)
=== RUN   TestC02MultiBlockDispatchUsesLatestLength
--- PASS: TestC02MultiBlockDispatchUsesLatestLength (0.05s)
=== RUN   TestC02FlushToFailureIsObservable
2026/08/17 02:33:31.408991 juicefs[1382295] <WARNING>: write inode: 2 chunk: 13 off: 0 C02 injected FlushTo failure [write@writer.go:149]
--- PASS: TestC02FlushToFailureIsObservable (0.00s)
=== RUN   TestC02PartialThenFullAfterIDDispatchesOnce
--- PASS: TestC02PartialThenFullAfterIDDispatchesOnce (0.05s)
=== RUN   TestC02TransientEIORecoversOnFreeze
--- PASS: TestC02TransientEIORecoversOnFreeze (0.00s)
=== RUN   TestC02PermanentENOSPCAbortsFrozenSlice
2026/08/17 02:33:31.463174 juicefs[1382295] <INFO>: flush inode: 2 chunk: 0 err: no space left on device [flushData@writer.go:117]
--- PASS: TestC02PermanentENOSPCAbortsFrozenSlice (0.00s)
=== RUN   TestC02FrozenSliceSkipsCatchupFlush
--- PASS: TestC02FrozenSliceSkipsCatchupFlush (0.00s)
=== RUN   TestC02ConcurrentIndependentFullBlocks
--- PASS: TestC02ConcurrentIndependentFullBlocks (0.00s)
=== RUN   TestC02FullBlockDispatchAfterDelayedID
--- PASS: TestC02FullBlockDispatchAfterDelayedID (0.05s)
=== RUN   TestC02MultiBlockDispatchUsesLatestLength
--- PASS: TestC02MultiBlockDispatchUsesLatestLength (0.05s)
=== RUN   TestC02FlushToFailureIsObservable
2026/08/17 02:33:31.571061 juicefs[1382295] <WARNING>: write inode: 2 chunk: 13 off: 0 C02 injected FlushTo failure [write@writer.go:149]
--- PASS: TestC02FlushToFailureIsObservable (0.00s)
=== RUN   TestC02PartialThenFullAfterIDDispatchesOnce
--- PASS: TestC02PartialThenFullAfterIDDispatchesOnce (0.05s)
=== RUN   TestC02TransientEIORecoversOnFreeze
--- PASS: TestC02TransientEIORecoversOnFreeze (0.00s)
=== RUN   TestC02PermanentENOSPCAbortsFrozenSlice
2026/08/17 02:33:31.625558 juicefs[1382295] <INFO>: flush inode: 2 chunk: 0 err: no space left on device [flushData@writer.go:117]
--- PASS: TestC02PermanentENOSPCAbortsFrozenSlice (0.00s)
=== RUN   TestC02FrozenSliceSkipsCatchupFlush
--- PASS: TestC02FrozenSliceSkipsCatchupFlush (0.00s)
=== RUN   TestC02ConcurrentIndependentFullBlocks
--- PASS: TestC02ConcurrentIndependentFullBlocks (0.00s)
=== RUN   TestC02FullBlockDispatchAfterDelayedID
--- PASS: TestC02FullBlockDispatchAfterDelayedID (0.05s)
=== RUN   TestC02MultiBlockDispatchUsesLatestLength
--- PASS: TestC02MultiBlockDispatchUsesLatestLength (0.05s)
=== RUN   TestC02FlushToFailureIsObservable
2026/08/17 02:33:31.733002 juicefs[1382295] <WARNING>: write inode: 2 chunk: 13 off: 0 C02 injected FlushTo failure [write@writer.go:149]
--- PASS: TestC02FlushToFailureIsObservable (0.00s)
=== RUN   TestC02PartialThenFullAfterIDDispatchesOnce
--- PASS: TestC02PartialThenFullAfterIDDispatchesOnce (0.05s)
=== RUN   TestC02TransientEIORecoversOnFreeze
--- PASS: TestC02TransientEIORecoversOnFreeze (0.00s)
=== RUN   TestC02PermanentENOSPCAbortsFrozenSlice
2026/08/17 02:33:31.787009 juicefs[1382295] <INFO>: flush inode: 2 chunk: 0 err: no space left on device [flushData@writer.go:117]
--- PASS: TestC02PermanentENOSPCAbortsFrozenSlice (0.00s)
=== RUN   TestC02FrozenSliceSkipsCatchupFlush
--- PASS: TestC02FrozenSliceSkipsCatchupFlush (0.00s)
=== RUN   TestC02ConcurrentIndependentFullBlocks
--- PASS: TestC02ConcurrentIndependentFullBlocks (0.00s)
=== RUN   TestC02FullBlockDispatchAfterDelayedID
--- PASS: TestC02FullBlockDispatchAfterDelayedID (0.05s)
=== RUN   TestC02MultiBlockDispatchUsesLatestLength
--- PASS: TestC02MultiBlockDispatchUsesLatestLength (0.05s)
=== RUN   TestC02FlushToFailureIsObservable
2026/08/17 02:33:31.894292 juicefs[1382295] <WARNING>: write inode: 2 chunk: 13 off: 0 C02 injected FlushTo failure [write@writer.go:149]
--- PASS: TestC02FlushToFailureIsObservable (0.00s)
=== RUN   TestC02PartialThenFullAfterIDDispatchesOnce
--- PASS: TestC02PartialThenFullAfterIDDispatchesOnce (0.05s)
=== RUN   TestC02TransientEIORecoversOnFreeze
--- PASS: TestC02TransientEIORecoversOnFreeze (0.00s)
=== RUN   TestC02PermanentENOSPCAbortsFrozenSlice
2026/08/17 02:33:31.948817 juicefs[1382295] <INFO>: flush inode: 2 chunk: 0 err: no space left on device [flushData@writer.go:117]
--- PASS: TestC02PermanentENOSPCAbortsFrozenSlice (0.00s)
=== RUN   TestC02FrozenSliceSkipsCatchupFlush
--- PASS: TestC02FrozenSliceSkipsCatchupFlush (0.00s)
=== RUN   TestC02ConcurrentIndependentFullBlocks
--- PASS: TestC02ConcurrentIndependentFullBlocks (0.00s)
=== RUN   TestC02FullBlockDispatchAfterDelayedID
--- PASS: TestC02FullBlockDispatchAfterDelayedID (0.05s)
=== RUN   TestC02MultiBlockDispatchUsesLatestLength
--- PASS: TestC02MultiBlockDispatchUsesLatestLength (0.05s)
=== RUN   TestC02FlushToFailureIsObservable
2026/08/17 02:33:32.056501 juicefs[1382295] <WARNING>: write inode: 2 chunk: 13 off: 0 C02 injected FlushTo failure [write@writer.go:149]
--- PASS: TestC02FlushToFailureIsObservable (0.00s)
=== RUN   TestC02PartialThenFullAfterIDDispatchesOnce
--- PASS: TestC02PartialThenFullAfterIDDispatchesOnce (0.05s)
=== RUN   TestC02TransientEIORecoversOnFreeze
--- PASS: TestC02TransientEIORecoversOnFreeze (0.00s)
=== RUN   TestC02PermanentENOSPCAbortsFrozenSlice
2026/08/17 02:33:32.110518 juicefs[1382295] <INFO>: flush inode: 2 chunk: 0 err: no space left on device [flushData@writer.go:117]
--- PASS: TestC02PermanentENOSPCAbortsFrozenSlice (0.00s)
=== RUN   TestC02FrozenSliceSkipsCatchupFlush
--- PASS: TestC02FrozenSliceSkipsCatchupFlush (0.00s)
=== RUN   TestC02ConcurrentIndependentFullBlocks
--- PASS: TestC02ConcurrentIndependentFullBlocks (0.00s)
=== RUN   TestC02FullBlockDispatchAfterDelayedID
--- PASS: TestC02FullBlockDispatchAfterDelayedID (0.05s)
=== RUN   TestC02MultiBlockDispatchUsesLatestLength
--- PASS: TestC02MultiBlockDispatchUsesLatestLength (0.05s)
=== RUN   TestC02FlushToFailureIsObservable
2026/08/17 02:33:32.217615 juicefs[1382295] <WARNING>: write inode: 2 chunk: 13 off: 0 C02 injected FlushTo failure [write@writer.go:149]
--- PASS: TestC02FlushToFailureIsObservable (0.00s)
=== RUN   TestC02PartialThenFullAfterIDDispatchesOnce
--- PASS: TestC02PartialThenFullAfterIDDispatchesOnce (0.05s)
=== RUN   TestC02TransientEIORecoversOnFreeze
--- PASS: TestC02TransientEIORecoversOnFreeze (0.00s)
=== RUN   TestC02PermanentENOSPCAbortsFrozenSlice
2026/08/17 02:33:32.271561 juicefs[1382295] <INFO>: flush inode: 2 chunk: 0 err: no space left on device [flushData@writer.go:117]
--- PASS: TestC02PermanentENOSPCAbortsFrozenSlice (0.00s)
=== RUN   TestC02FrozenSliceSkipsCatchupFlush
--- PASS: TestC02FrozenSliceSkipsCatchupFlush (0.00s)
=== RUN   TestC02ConcurrentIndependentFullBlocks
--- PASS: TestC02ConcurrentIndependentFullBlocks (0.00s)
=== RUN   TestC02FullBlockDispatchAfterDelayedID
--- PASS: TestC02FullBlockDispatchAfterDelayedID (0.05s)
=== RUN   TestC02MultiBlockDispatchUsesLatestLength
--- PASS: TestC02MultiBlockDispatchUsesLatestLength (0.05s)
=== RUN   TestC02FlushToFailureIsObservable
2026/08/17 02:33:32.378783 juicefs[1382295] <WARNING>: write inode: 2 chunk: 13 off: 0 C02 injected FlushTo failure [write@writer.go:149]
--- PASS: TestC02FlushToFailureIsObservable (0.00s)
=== RUN   TestC02PartialThenFullAfterIDDispatchesOnce
--- PASS: TestC02PartialThenFullAfterIDDispatchesOnce (0.05s)
=== RUN   TestC02TransientEIORecoversOnFreeze
--- PASS: TestC02TransientEIORecoversOnFreeze (0.00s)
=== RUN   TestC02PermanentENOSPCAbortsFrozenSlice
2026/08/17 02:33:32.432748 juicefs[1382295] <INFO>: flush inode: 2 chunk: 0 err: no space left on device [flushData@writer.go:117]
--- PASS: TestC02PermanentENOSPCAbortsFrozenSlice (0.00s)
=== RUN   TestC02FrozenSliceSkipsCatchupFlush
--- PASS: TestC02FrozenSliceSkipsCatchupFlush (0.00s)
=== RUN   TestC02ConcurrentIndependentFullBlocks
--- PASS: TestC02ConcurrentIndependentFullBlocks (0.00s)
=== RUN   TestC02FullBlockDispatchAfterDelayedID
--- PASS: TestC02FullBlockDispatchAfterDelayedID (0.05s)
=== RUN   TestC02MultiBlockDispatchUsesLatestLength
--- PASS: TestC02MultiBlockDispatchUsesLatestLength (0.05s)
=== RUN   TestC02FlushToFailureIsObservable
2026/08/17 02:33:32.541433 juicefs[1382295] <WARNING>: write inode: 2 chunk: 13 off: 0 C02 injected FlushTo failure [write@writer.go:149]
--- PASS: TestC02FlushToFailureIsObservable (0.00s)
=== RUN   TestC02PartialThenFullAfterIDDispatchesOnce
--- PASS: TestC02PartialThenFullAfterIDDispatchesOnce (0.05s)
=== RUN   TestC02TransientEIORecoversOnFreeze
--- PASS: TestC02TransientEIORecoversOnFreeze (0.00s)
=== RUN   TestC02PermanentENOSPCAbortsFrozenSlice
2026/08/17 02:33:32.595973 juicefs[1382295] <INFO>: flush inode: 2 chunk: 0 err: no space left on device [flushData@writer.go:117]
--- PASS: TestC02PermanentENOSPCAbortsFrozenSlice (0.00s)
=== RUN   TestC02FrozenSliceSkipsCatchupFlush
--- PASS: TestC02FrozenSliceSkipsCatchupFlush (0.00s)
=== RUN   TestC02ConcurrentIndependentFullBlocks
--- PASS: TestC02ConcurrentIndependentFullBlocks (0.00s)
=== RUN   TestC02FullBlockDispatchAfterDelayedID
--- PASS: TestC02FullBlockDispatchAfterDelayedID (0.05s)
=== RUN   TestC02MultiBlockDispatchUsesLatestLength
--- PASS: TestC02MultiBlockDispatchUsesLatestLength (0.05s)
=== RUN   TestC02FlushToFailureIsObservable
2026/08/17 02:33:32.703065 juicefs[1382295] <WARNING>: write inode: 2 chunk: 13 off: 0 C02 injected FlushTo failure [write@writer.go:149]
--- PASS: TestC02FlushToFailureIsObservable (0.00s)
=== RUN   TestC02PartialThenFullAfterIDDispatchesOnce
--- PASS: TestC02PartialThenFullAfterIDDispatchesOnce (0.05s)
=== RUN   TestC02TransientEIORecoversOnFreeze
--- PASS: TestC02TransientEIORecoversOnFreeze (0.00s)
=== RUN   TestC02PermanentENOSPCAbortsFrozenSlice
2026/08/17 02:33:32.757148 juicefs[1382295] <INFO>: flush inode: 2 chunk: 0 err: no space left on device [flushData@writer.go:117]
--- PASS: TestC02PermanentENOSPCAbortsFrozenSlice (0.00s)
=== RUN   TestC02FrozenSliceSkipsCatchupFlush
--- PASS: TestC02FrozenSliceSkipsCatchupFlush (0.00s)
=== RUN   TestC02ConcurrentIndependentFullBlocks
--- PASS: TestC02ConcurrentIndependentFullBlocks (0.00s)
=== RUN   TestC02FullBlockDispatchAfterDelayedID
--- PASS: TestC02FullBlockDispatchAfterDelayedID (0.05s)
=== RUN   TestC02MultiBlockDispatchUsesLatestLength
--- PASS: TestC02MultiBlockDispatchUsesLatestLength (0.05s)
=== RUN   TestC02FlushToFailureIsObservable
2026/08/17 02:33:32.864262 juicefs[1382295] <WARNING>: write inode: 2 chunk: 13 off: 0 C02 injected FlushTo failure [write@writer.go:149]
--- PASS: TestC02FlushToFailureIsObservable (0.00s)
=== RUN   TestC02PartialThenFullAfterIDDispatchesOnce
--- PASS: TestC02PartialThenFullAfterIDDispatchesOnce (0.05s)
=== RUN   TestC02TransientEIORecoversOnFreeze
--- PASS: TestC02TransientEIORecoversOnFreeze (0.00s)
=== RUN   TestC02PermanentENOSPCAbortsFrozenSlice
2026/08/17 02:33:32.918457 juicefs[1382295] <INFO>: flush inode: 2 chunk: 0 err: no space left on device [flushData@writer.go:117]
--- PASS: TestC02PermanentENOSPCAbortsFrozenSlice (0.00s)
=== RUN   TestC02FrozenSliceSkipsCatchupFlush
--- PASS: TestC02FrozenSliceSkipsCatchupFlush (0.00s)
=== RUN   TestC02ConcurrentIndependentFullBlocks
--- PASS: TestC02ConcurrentIndependentFullBlocks (0.00s)
=== RUN   TestC02FullBlockDispatchAfterDelayedID
--- PASS: TestC02FullBlockDispatchAfterDelayedID (0.05s)
=== RUN   TestC02MultiBlockDispatchUsesLatestLength
--- PASS: TestC02MultiBlockDispatchUsesLatestLength (0.05s)
=== RUN   TestC02FlushToFailureIsObservable
2026/08/17 02:33:33.025315 juicefs[1382295] <WARNING>: write inode: 2 chunk: 13 off: 0 C02 injected FlushTo failure [write@writer.go:149]
--- PASS: TestC02FlushToFailureIsObservable (0.00s)
=== RUN   TestC02PartialThenFullAfterIDDispatchesOnce
--- PASS: TestC02PartialThenFullAfterIDDispatchesOnce (0.05s)
=== RUN   TestC02TransientEIORecoversOnFreeze
--- PASS: TestC02TransientEIORecoversOnFreeze (0.00s)
=== RUN   TestC02PermanentENOSPCAbortsFrozenSlice
2026/08/17 02:33:33.079209 juicefs[1382295] <INFO>: flush inode: 2 chunk: 0 err: no space left on device [flushData@writer.go:117]
--- PASS: TestC02PermanentENOSPCAbortsFrozenSlice (0.00s)
=== RUN   TestC02FrozenSliceSkipsCatchupFlush
--- PASS: TestC02FrozenSliceSkipsCatchupFlush (0.00s)
=== RUN   TestC02ConcurrentIndependentFullBlocks
--- PASS: TestC02ConcurrentIndependentFullBlocks (0.00s)
=== RUN   TestC02FullBlockDispatchAfterDelayedID
--- PASS: TestC02FullBlockDispatchAfterDelayedID (0.05s)
=== RUN   TestC02MultiBlockDispatchUsesLatestLength
--- PASS: TestC02MultiBlockDispatchUsesLatestLength (0.05s)
=== RUN   TestC02FlushToFailureIsObservable
2026/08/17 02:33:33.186322 juicefs[1382295] <WARNING>: write inode: 2 chunk: 13 off: 0 C02 injected FlushTo failure [write@writer.go:149]
--- PASS: TestC02FlushToFailureIsObservable (0.00s)
=== RUN   TestC02PartialThenFullAfterIDDispatchesOnce
--- PASS: TestC02PartialThenFullAfterIDDispatchesOnce (0.05s)
=== RUN   TestC02TransientEIORecoversOnFreeze
--- PASS: TestC02TransientEIORecoversOnFreeze (0.00s)
=== RUN   TestC02PermanentENOSPCAbortsFrozenSlice
2026/08/17 02:33:33.240274 juicefs[1382295] <INFO>: flush inode: 2 chunk: 0 err: no space left on device [flushData@writer.go:117]
--- PASS: TestC02PermanentENOSPCAbortsFrozenSlice (0.00s)
=== RUN   TestC02FrozenSliceSkipsCatchupFlush
--- PASS: TestC02FrozenSliceSkipsCatchupFlush (0.00s)
=== RUN   TestC02ConcurrentIndependentFullBlocks
--- PASS: TestC02ConcurrentIndependentFullBlocks (0.00s)
=== RUN   TestC02FullBlockDispatchAfterDelayedID
--- PASS: TestC02FullBlockDispatchAfterDelayedID (0.05s)
=== RUN   TestC02MultiBlockDispatchUsesLatestLength
--- PASS: TestC02MultiBlockDispatchUsesLatestLength (0.05s)
=== RUN   TestC02FlushToFailureIsObservable
2026/08/17 02:33:33.347386 juicefs[1382295] <WARNING>: write inode: 2 chunk: 13 off: 0 C02 injected FlushTo failure [write@writer.go:149]
--- PASS: TestC02FlushToFailureIsObservable (0.00s)
=== RUN   TestC02PartialThenFullAfterIDDispatchesOnce
--- PASS: TestC02PartialThenFullAfterIDDispatchesOnce (0.05s)
=== RUN   TestC02TransientEIORecoversOnFreeze
--- PASS: TestC02TransientEIORecoversOnFreeze (0.00s)
=== RUN   TestC02PermanentENOSPCAbortsFrozenSlice
2026/08/17 02:33:33.401624 juicefs[1382295] <INFO>: flush inode: 2 chunk: 0 err: no space left on device [flushData@writer.go:117]
--- PASS: TestC02PermanentENOSPCAbortsFrozenSlice (0.00s)
=== RUN   TestC02FrozenSliceSkipsCatchupFlush
--- PASS: TestC02FrozenSliceSkipsCatchupFlush (0.00s)
=== RUN   TestC02ConcurrentIndependentFullBlocks
--- PASS: TestC02ConcurrentIndependentFullBlocks (0.00s)
=== RUN   TestC02FullBlockDispatchAfterDelayedID
--- PASS: TestC02FullBlockDispatchAfterDelayedID (0.05s)
=== RUN   TestC02MultiBlockDispatchUsesLatestLength
--- PASS: TestC02MultiBlockDispatchUsesLatestLength (0.05s)
=== RUN   TestC02FlushToFailureIsObservable
2026/08/17 02:33:33.508303 juicefs[1382295] <WARNING>: write inode: 2 chunk: 13 off: 0 C02 injected FlushTo failure [write@writer.go:149]
--- PASS: TestC02FlushToFailureIsObservable (0.00s)
=== RUN   TestC02PartialThenFullAfterIDDispatchesOnce
--- PASS: TestC02PartialThenFullAfterIDDispatchesOnce (0.05s)
=== RUN   TestC02TransientEIORecoversOnFreeze
--- PASS: TestC02TransientEIORecoversOnFreeze (0.00s)
=== RUN   TestC02PermanentENOSPCAbortsFrozenSlice
2026/08/17 02:33:33.562382 juicefs[1382295] <INFO>: flush inode: 2 chunk: 0 err: no space left on device [flushData@writer.go:117]
--- PASS: TestC02PermanentENOSPCAbortsFrozenSlice (0.00s)
=== RUN   TestC02FrozenSliceSkipsCatchupFlush
--- PASS: TestC02FrozenSliceSkipsCatchupFlush (0.00s)
=== RUN   TestC02ConcurrentIndependentFullBlocks
--- PASS: TestC02ConcurrentIndependentFullBlocks (0.00s)
=== RUN   TestC02FullBlockDispatchAfterDelayedID
--- PASS: TestC02FullBlockDispatchAfterDelayedID (0.05s)
=== RUN   TestC02MultiBlockDispatchUsesLatestLength
--- PASS: TestC02MultiBlockDispatchUsesLatestLength (0.05s)
=== RUN   TestC02FlushToFailureIsObservable
2026/08/17 02:33:33.669851 juicefs[1382295] <WARNING>: write inode: 2 chunk: 13 off: 0 C02 injected FlushTo failure [write@writer.go:149]
--- PASS: TestC02FlushToFailureIsObservable (0.00s)
=== RUN   TestC02PartialThenFullAfterIDDispatchesOnce
--- PASS: TestC02PartialThenFullAfterIDDispatchesOnce (0.05s)
=== RUN   TestC02TransientEIORecoversOnFreeze
--- PASS: TestC02TransientEIORecoversOnFreeze (0.00s)
=== RUN   TestC02PermanentENOSPCAbortsFrozenSlice
2026/08/17 02:33:33.723954 juicefs[1382295] <INFO>: flush inode: 2 chunk: 0 err: no space left on device [flushData@writer.go:117]
--- PASS: TestC02PermanentENOSPCAbortsFrozenSlice (0.00s)
=== RUN   TestC02FrozenSliceSkipsCatchupFlush
--- PASS: TestC02FrozenSliceSkipsCatchupFlush (0.00s)
=== RUN   TestC02ConcurrentIndependentFullBlocks
--- PASS: TestC02ConcurrentIndependentFullBlocks (0.00s)
=== RUN   TestC02FullBlockDispatchAfterDelayedID
--- PASS: TestC02FullBlockDispatchAfterDelayedID (0.05s)
=== RUN   TestC02MultiBlockDispatchUsesLatestLength
--- PASS: TestC02MultiBlockDispatchUsesLatestLength (0.05s)
=== RUN   TestC02FlushToFailureIsObservable
2026/08/17 02:33:33.830558 juicefs[1382295] <WARNING>: write inode: 2 chunk: 13 off: 0 C02 injected FlushTo failure [write@writer.go:149]
--- PASS: TestC02FlushToFailureIsObservable (0.00s)
=== RUN   TestC02PartialThenFullAfterIDDispatchesOnce
--- PASS: TestC02PartialThenFullAfterIDDispatchesOnce (0.05s)
=== RUN   TestC02TransientEIORecoversOnFreeze
--- PASS: TestC02TransientEIORecoversOnFreeze (0.00s)
=== RUN   TestC02PermanentENOSPCAbortsFrozenSlice
2026/08/17 02:33:33.884512 juicefs[1382295] <INFO>: flush inode: 2 chunk: 0 err: no space left on device [flushData@writer.go:117]
--- PASS: TestC02PermanentENOSPCAbortsFrozenSlice (0.00s)
=== RUN   TestC02FrozenSliceSkipsCatchupFlush
--- PASS: TestC02FrozenSliceSkipsCatchupFlush (0.00s)
=== RUN   TestC02ConcurrentIndependentFullBlocks
--- PASS: TestC02ConcurrentIndependentFullBlocks (0.00s)
=== RUN   TestC02FullBlockDispatchAfterDelayedID
--- PASS: TestC02FullBlockDispatchAfterDelayedID (0.05s)
=== RUN   TestC02MultiBlockDispatchUsesLatestLength
--- PASS: TestC02MultiBlockDispatchUsesLatestLength (0.05s)
=== RUN   TestC02FlushToFailureIsObservable
2026/08/17 02:33:33.991384 juicefs[1382295] <WARNING>: write inode: 2 chunk: 13 off: 0 C02 injected FlushTo failure [write@writer.go:149]
--- PASS: TestC02FlushToFailureIsObservable (0.00s)
=== RUN   TestC02PartialThenFullAfterIDDispatchesOnce
--- PASS: TestC02PartialThenFullAfterIDDispatchesOnce (0.05s)
=== RUN   TestC02TransientEIORecoversOnFreeze
--- PASS: TestC02TransientEIORecoversOnFreeze (0.00s)
=== RUN   TestC02PermanentENOSPCAbortsFrozenSlice
2026/08/17 02:33:34.045387 juicefs[1382295] <INFO>: flush inode: 2 chunk: 0 err: no space left on device [flushData@writer.go:117]
--- PASS: TestC02PermanentENOSPCAbortsFrozenSlice (0.00s)
=== RUN   TestC02FrozenSliceSkipsCatchupFlush
--- PASS: TestC02FrozenSliceSkipsCatchupFlush (0.00s)
=== RUN   TestC02ConcurrentIndependentFullBlocks
--- PASS: TestC02ConcurrentIndependentFullBlocks (0.00s)
=== RUN   TestC02FullBlockDispatchAfterDelayedID
--- PASS: TestC02FullBlockDispatchAfterDelayedID (0.05s)
=== RUN   TestC02MultiBlockDispatchUsesLatestLength
--- PASS: TestC02MultiBlockDispatchUsesLatestLength (0.05s)
=== RUN   TestC02FlushToFailureIsObservable
2026/08/17 02:33:34.152224 juicefs[1382295] <WARNING>: write inode: 2 chunk: 13 off: 0 C02 injected FlushTo failure [write@writer.go:149]
--- PASS: TestC02FlushToFailureIsObservable (0.00s)
=== RUN   TestC02PartialThenFullAfterIDDispatchesOnce
--- PASS: TestC02PartialThenFullAfterIDDispatchesOnce (0.05s)
=== RUN   TestC02TransientEIORecoversOnFreeze
--- PASS: TestC02TransientEIORecoversOnFreeze (0.00s)
=== RUN   TestC02PermanentENOSPCAbortsFrozenSlice
2026/08/17 02:33:34.206169 juicefs[1382295] <INFO>: flush inode: 2 chunk: 0 err: no space left on device [flushData@writer.go:117]
--- PASS: TestC02PermanentENOSPCAbortsFrozenSlice (0.00s)
=== RUN   TestC02FrozenSliceSkipsCatchupFlush
--- PASS: TestC02FrozenSliceSkipsCatchupFlush (0.00s)
=== RUN   TestC02ConcurrentIndependentFullBlocks
--- PASS: TestC02ConcurrentIndependentFullBlocks (0.00s)
=== RUN   TestC02FullBlockDispatchAfterDelayedID
--- PASS: TestC02FullBlockDispatchAfterDelayedID (0.05s)
=== RUN   TestC02MultiBlockDispatchUsesLatestLength
--- PASS: TestC02MultiBlockDispatchUsesLatestLength (0.05s)
=== RUN   TestC02FlushToFailureIsObservable
2026/08/17 02:33:34.312405 juicefs[1382295] <WARNING>: write inode: 2 chunk: 13 off: 0 C02 injected FlushTo failure [write@writer.go:149]
--- PASS: TestC02FlushToFailureIsObservable (0.00s)
=== RUN   TestC02PartialThenFullAfterIDDispatchesOnce
--- PASS: TestC02PartialThenFullAfterIDDispatchesOnce (0.05s)
=== RUN   TestC02TransientEIORecoversOnFreeze
--- PASS: TestC02TransientEIORecoversOnFreeze (0.00s)
=== RUN   TestC02PermanentENOSPCAbortsFrozenSlice
2026/08/17 02:33:34.366709 juicefs[1382295] <INFO>: flush inode: 2 chunk: 0 err: no space left on device [flushData@writer.go:117]
--- PASS: TestC02PermanentENOSPCAbortsFrozenSlice (0.00s)
=== RUN   TestC02FrozenSliceSkipsCatchupFlush
--- PASS: TestC02FrozenSliceSkipsCatchupFlush (0.00s)
=== RUN   TestC02ConcurrentIndependentFullBlocks
--- PASS: TestC02ConcurrentIndependentFullBlocks (0.00s)
=== RUN   TestC02FullBlockDispatchAfterDelayedID
--- PASS: TestC02FullBlockDispatchAfterDelayedID (0.05s)
=== RUN   TestC02MultiBlockDispatchUsesLatestLength
--- PASS: TestC02MultiBlockDispatchUsesLatestLength (0.05s)
=== RUN   TestC02FlushToFailureIsObservable
2026/08/17 02:33:34.473602 juicefs[1382295] <WARNING>: write inode: 2 chunk: 13 off: 0 C02 injected FlushTo failure [write@writer.go:149]
--- PASS: TestC02FlushToFailureIsObservable (0.00s)
=== RUN   TestC02PartialThenFullAfterIDDispatchesOnce
--- PASS: TestC02PartialThenFullAfterIDDispatchesOnce (0.05s)
=== RUN   TestC02TransientEIORecoversOnFreeze
--- PASS: TestC02TransientEIORecoversOnFreeze (0.00s)
=== RUN   TestC02PermanentENOSPCAbortsFrozenSlice
2026/08/17 02:33:34.527699 juicefs[1382295] <INFO>: flush inode: 2 chunk: 0 err: no space left on device [flushData@writer.go:117]
--- PASS: TestC02PermanentENOSPCAbortsFrozenSlice (0.00s)
=== RUN   TestC02FrozenSliceSkipsCatchupFlush
--- PASS: TestC02FrozenSliceSkipsCatchupFlush (0.00s)
=== RUN   TestC02ConcurrentIndependentFullBlocks
--- PASS: TestC02ConcurrentIndependentFullBlocks (0.00s)
=== RUN   TestC02FullBlockDispatchAfterDelayedID
--- PASS: TestC02FullBlockDispatchAfterDelayedID (0.05s)
=== RUN   TestC02MultiBlockDispatchUsesLatestLength
--- PASS: TestC02MultiBlockDispatchUsesLatestLength (0.05s)
=== RUN   TestC02FlushToFailureIsObservable
2026/08/17 02:33:34.634882 juicefs[1382295] <WARNING>: write inode: 2 chunk: 13 off: 0 C02 injected FlushTo failure [write@writer.go:149]
--- PASS: TestC02FlushToFailureIsObservable (0.00s)
=== RUN   TestC02PartialThenFullAfterIDDispatchesOnce
--- PASS: TestC02PartialThenFullAfterIDDispatchesOnce (0.05s)
=== RUN   TestC02TransientEIORecoversOnFreeze
--- PASS: TestC02TransientEIORecoversOnFreeze (0.00s)
=== RUN   TestC02PermanentENOSPCAbortsFrozenSlice
2026/08/17 02:33:34.688903 juicefs[1382295] <INFO>: flush inode: 2 chunk: 0 err: no space left on device [flushData@writer.go:117]
--- PASS: TestC02PermanentENOSPCAbortsFrozenSlice (0.00s)
=== RUN   TestC02FrozenSliceSkipsCatchupFlush
--- PASS: TestC02FrozenSliceSkipsCatchupFlush (0.00s)
=== RUN   TestC02ConcurrentIndependentFullBlocks
--- PASS: TestC02ConcurrentIndependentFullBlocks (0.00s)
=== RUN   TestC02FullBlockDispatchAfterDelayedID
--- PASS: TestC02FullBlockDispatchAfterDelayedID (0.05s)
=== RUN   TestC02MultiBlockDispatchUsesLatestLength
--- PASS: TestC02MultiBlockDispatchUsesLatestLength (0.05s)
=== RUN   TestC02FlushToFailureIsObservable
2026/08/17 02:33:34.796255 juicefs[1382295] <WARNING>: write inode: 2 chunk: 13 off: 0 C02 injected FlushTo failure [write@writer.go:149]
--- PASS: TestC02FlushToFailureIsObservable (0.00s)
=== RUN   TestC02PartialThenFullAfterIDDispatchesOnce
--- PASS: TestC02PartialThenFullAfterIDDispatchesOnce (0.05s)
=== RUN   TestC02TransientEIORecoversOnFreeze
--- PASS: TestC02TransientEIORecoversOnFreeze (0.00s)
=== RUN   TestC02PermanentENOSPCAbortsFrozenSlice
2026/08/17 02:33:34.850633 juicefs[1382295] <INFO>: flush inode: 2 chunk: 0 err: no space left on device [flushData@writer.go:117]
--- PASS: TestC02PermanentENOSPCAbortsFrozenSlice (0.00s)
=== RUN   TestC02FrozenSliceSkipsCatchupFlush
--- PASS: TestC02FrozenSliceSkipsCatchupFlush (0.00s)
=== RUN   TestC02ConcurrentIndependentFullBlocks
--- PASS: TestC02ConcurrentIndependentFullBlocks (0.00s)
=== RUN   TestC02FullBlockDispatchAfterDelayedID
--- PASS: TestC02FullBlockDispatchAfterDelayedID (0.05s)
=== RUN   TestC02MultiBlockDispatchUsesLatestLength
--- PASS: TestC02MultiBlockDispatchUsesLatestLength (0.05s)
=== RUN   TestC02FlushToFailureIsObservable
2026/08/17 02:33:34.958533 juicefs[1382295] <WARNING>: write inode: 2 chunk: 13 off: 0 C02 injected FlushTo failure [write@writer.go:149]
--- PASS: TestC02FlushToFailureIsObservable (0.00s)
=== RUN   TestC02PartialThenFullAfterIDDispatchesOnce
--- PASS: TestC02PartialThenFullAfterIDDispatchesOnce (0.05s)
=== RUN   TestC02TransientEIORecoversOnFreeze
--- PASS: TestC02TransientEIORecoversOnFreeze (0.00s)
=== RUN   TestC02PermanentENOSPCAbortsFrozenSlice
2026/08/17 02:33:35.012495 juicefs[1382295] <INFO>: flush inode: 2 chunk: 0 err: no space left on device [flushData@writer.go:117]
--- PASS: TestC02PermanentENOSPCAbortsFrozenSlice (0.00s)
=== RUN   TestC02FrozenSliceSkipsCatchupFlush
--- PASS: TestC02FrozenSliceSkipsCatchupFlush (0.00s)
=== RUN   TestC02ConcurrentIndependentFullBlocks
--- PASS: TestC02ConcurrentIndependentFullBlocks (0.00s)
=== RUN   TestC02FullBlockDispatchAfterDelayedID
--- PASS: TestC02FullBlockDispatchAfterDelayedID (0.05s)
=== RUN   TestC02MultiBlockDispatchUsesLatestLength
--- PASS: TestC02MultiBlockDispatchUsesLatestLength (0.05s)
=== RUN   TestC02FlushToFailureIsObservable
2026/08/17 02:33:35.120473 juicefs[1382295] <WARNING>: write inode: 2 chunk: 13 off: 0 C02 injected FlushTo failure [write@writer.go:149]
--- PASS: TestC02FlushToFailureIsObservable (0.00s)
=== RUN   TestC02PartialThenFullAfterIDDispatchesOnce
--- PASS: TestC02PartialThenFullAfterIDDispatchesOnce (0.05s)
=== RUN   TestC02TransientEIORecoversOnFreeze
--- PASS: TestC02TransientEIORecoversOnFreeze (0.00s)
=== RUN   TestC02PermanentENOSPCAbortsFrozenSlice
2026/08/17 02:33:35.174637 juicefs[1382295] <INFO>: flush inode: 2 chunk: 0 err: no space left on device [flushData@writer.go:117]
--- PASS: TestC02PermanentENOSPCAbortsFrozenSlice (0.00s)
=== RUN   TestC02FrozenSliceSkipsCatchupFlush
--- PASS: TestC02FrozenSliceSkipsCatchupFlush (0.00s)
=== RUN   TestC02ConcurrentIndependentFullBlocks
--- PASS: TestC02ConcurrentIndependentFullBlocks (0.00s)
=== RUN   TestC02FullBlockDispatchAfterDelayedID
--- PASS: TestC02FullBlockDispatchAfterDelayedID (0.05s)
=== RUN   TestC02MultiBlockDispatchUsesLatestLength
--- PASS: TestC02MultiBlockDispatchUsesLatestLength (0.05s)
=== RUN   TestC02FlushToFailureIsObservable
2026/08/17 02:33:35.281350 juicefs[1382295] <WARNING>: write inode: 2 chunk: 13 off: 0 C02 injected FlushTo failure [write@writer.go:149]
--- PASS: TestC02FlushToFailureIsObservable (0.00s)
=== RUN   TestC02PartialThenFullAfterIDDispatchesOnce
--- PASS: TestC02PartialThenFullAfterIDDispatchesOnce (0.05s)
=== RUN   TestC02TransientEIORecoversOnFreeze
--- PASS: TestC02TransientEIORecoversOnFreeze (0.00s)
=== RUN   TestC02PermanentENOSPCAbortsFrozenSlice
2026/08/17 02:33:35.335738 juicefs[1382295] <INFO>: flush inode: 2 chunk: 0 err: no space left on device [flushData@writer.go:117]
--- PASS: TestC02PermanentENOSPCAbortsFrozenSlice (0.00s)
=== RUN   TestC02FrozenSliceSkipsCatchupFlush
--- PASS: TestC02FrozenSliceSkipsCatchupFlush (0.00s)
=== RUN   TestC02ConcurrentIndependentFullBlocks
--- PASS: TestC02ConcurrentIndependentFullBlocks (0.00s)
=== RUN   TestC02FullBlockDispatchAfterDelayedID
--- PASS: TestC02FullBlockDispatchAfterDelayedID (0.05s)
=== RUN   TestC02MultiBlockDispatchUsesLatestLength
--- PASS: TestC02MultiBlockDispatchUsesLatestLength (0.05s)
=== RUN   TestC02FlushToFailureIsObservable
2026/08/17 02:33:35.443854 juicefs[1382295] <WARNING>: write inode: 2 chunk: 13 off: 0 C02 injected FlushTo failure [write@writer.go:149]
--- PASS: TestC02FlushToFailureIsObservable (0.00s)
=== RUN   TestC02PartialThenFullAfterIDDispatchesOnce
--- PASS: TestC02PartialThenFullAfterIDDispatchesOnce (0.05s)
=== RUN   TestC02TransientEIORecoversOnFreeze
--- PASS: TestC02TransientEIORecoversOnFreeze (0.00s)
=== RUN   TestC02PermanentENOSPCAbortsFrozenSlice
2026/08/17 02:33:35.497991 juicefs[1382295] <INFO>: flush inode: 2 chunk: 0 err: no space left on device [flushData@writer.go:117]
--- PASS: TestC02PermanentENOSPCAbortsFrozenSlice (0.00s)
=== RUN   TestC02FrozenSliceSkipsCatchupFlush
--- PASS: TestC02FrozenSliceSkipsCatchupFlush (0.00s)
=== RUN   TestC02ConcurrentIndependentFullBlocks
--- PASS: TestC02ConcurrentIndependentFullBlocks (0.00s)
=== RUN   TestC02FullBlockDispatchAfterDelayedID
--- PASS: TestC02FullBlockDispatchAfterDelayedID (0.05s)
=== RUN   TestC02MultiBlockDispatchUsesLatestLength
--- PASS: TestC02MultiBlockDispatchUsesLatestLength (0.05s)
=== RUN   TestC02FlushToFailureIsObservable
2026/08/17 02:33:35.605633 juicefs[1382295] <WARNING>: write inode: 2 chunk: 13 off: 0 C02 injected FlushTo failure [write@writer.go:149]
--- PASS: TestC02FlushToFailureIsObservable (0.00s)
=== RUN   TestC02PartialThenFullAfterIDDispatchesOnce
--- PASS: TestC02PartialThenFullAfterIDDispatchesOnce (0.05s)
=== RUN   TestC02TransientEIORecoversOnFreeze
--- PASS: TestC02TransientEIORecoversOnFreeze (0.00s)
=== RUN   TestC02PermanentENOSPCAbortsFrozenSlice
2026/08/17 02:33:35.659616 juicefs[1382295] <INFO>: flush inode: 2 chunk: 0 err: no space left on device [flushData@writer.go:117]
--- PASS: TestC02PermanentENOSPCAbortsFrozenSlice (0.00s)
=== RUN   TestC02FrozenSliceSkipsCatchupFlush
--- PASS: TestC02FrozenSliceSkipsCatchupFlush (0.00s)
=== RUN   TestC02ConcurrentIndependentFullBlocks
--- PASS: TestC02ConcurrentIndependentFullBlocks (0.00s)
=== RUN   TestC02FullBlockDispatchAfterDelayedID
--- PASS: TestC02FullBlockDispatchAfterDelayedID (0.05s)
=== RUN   TestC02MultiBlockDispatchUsesLatestLength
--- PASS: TestC02MultiBlockDispatchUsesLatestLength (0.05s)
=== RUN   TestC02FlushToFailureIsObservable
2026/08/17 02:33:35.767223 juicefs[1382295] <WARNING>: write inode: 2 chunk: 13 off: 0 C02 injected FlushTo failure [write@writer.go:149]
--- PASS: TestC02FlushToFailureIsObservable (0.00s)
=== RUN   TestC02PartialThenFullAfterIDDispatchesOnce
--- PASS: TestC02PartialThenFullAfterIDDispatchesOnce (0.05s)
=== RUN   TestC02TransientEIORecoversOnFreeze
--- PASS: TestC02TransientEIORecoversOnFreeze (0.00s)
=== RUN   TestC02PermanentENOSPCAbortsFrozenSlice
2026/08/17 02:33:35.821405 juicefs[1382295] <INFO>: flush inode: 2 chunk: 0 err: no space left on device [flushData@writer.go:117]
--- PASS: TestC02PermanentENOSPCAbortsFrozenSlice (0.00s)
=== RUN   TestC02FrozenSliceSkipsCatchupFlush
--- PASS: TestC02FrozenSliceSkipsCatchupFlush (0.00s)
=== RUN   TestC02ConcurrentIndependentFullBlocks
--- PASS: TestC02ConcurrentIndependentFullBlocks (0.00s)
=== RUN   TestC02FullBlockDispatchAfterDelayedID
--- PASS: TestC02FullBlockDispatchAfterDelayedID (0.05s)
=== RUN   TestC02MultiBlockDispatchUsesLatestLength
--- PASS: TestC02MultiBlockDispatchUsesLatestLength (0.05s)
=== RUN   TestC02FlushToFailureIsObservable
2026/08/17 02:33:35.928613 juicefs[1382295] <WARNING>: write inode: 2 chunk: 13 off: 0 C02 injected FlushTo failure [write@writer.go:149]
--- PASS: TestC02FlushToFailureIsObservable (0.00s)
=== RUN   TestC02PartialThenFullAfterIDDispatchesOnce
--- PASS: TestC02PartialThenFullAfterIDDispatchesOnce (0.05s)
=== RUN   TestC02TransientEIORecoversOnFreeze
--- PASS: TestC02TransientEIORecoversOnFreeze (0.00s)
=== RUN   TestC02PermanentENOSPCAbortsFrozenSlice
2026/08/17 02:33:35.982586 juicefs[1382295] <INFO>: flush inode: 2 chunk: 0 err: no space left on device [flushData@writer.go:117]
--- PASS: TestC02PermanentENOSPCAbortsFrozenSlice (0.00s)
=== RUN   TestC02FrozenSliceSkipsCatchupFlush
--- PASS: TestC02FrozenSliceSkipsCatchupFlush (0.00s)
=== RUN   TestC02ConcurrentIndependentFullBlocks
--- PASS: TestC02ConcurrentIndependentFullBlocks (0.00s)
=== RUN   TestC02FullBlockDispatchAfterDelayedID
--- PASS: TestC02FullBlockDispatchAfterDelayedID (0.05s)
=== RUN   TestC02MultiBlockDispatchUsesLatestLength
--- PASS: TestC02MultiBlockDispatchUsesLatestLength (0.05s)
=== RUN   TestC02FlushToFailureIsObservable
2026/08/17 02:33:36.089908 juicefs[1382295] <WARNING>: write inode: 2 chunk: 13 off: 0 C02 injected FlushTo failure [write@writer.go:149]
--- PASS: TestC02FlushToFailureIsObservable (0.00s)
=== RUN   TestC02PartialThenFullAfterIDDispatchesOnce
--- PASS: TestC02PartialThenFullAfterIDDispatchesOnce (0.05s)
=== RUN   TestC02TransientEIORecoversOnFreeze
--- PASS: TestC02TransientEIORecoversOnFreeze (0.00s)
=== RUN   TestC02PermanentENOSPCAbortsFrozenSlice
2026/08/17 02:33:36.143907 juicefs[1382295] <INFO>: flush inode: 2 chunk: 0 err: no space left on device [flushData@writer.go:117]
--- PASS: TestC02PermanentENOSPCAbortsFrozenSlice (0.00s)
=== RUN   TestC02FrozenSliceSkipsCatchupFlush
--- PASS: TestC02FrozenSliceSkipsCatchupFlush (0.00s)
=== RUN   TestC02ConcurrentIndependentFullBlocks
--- PASS: TestC02ConcurrentIndependentFullBlocks (0.00s)
=== RUN   TestC02FullBlockDispatchAfterDelayedID
--- PASS: TestC02FullBlockDispatchAfterDelayedID (0.05s)
=== RUN   TestC02MultiBlockDispatchUsesLatestLength
--- PASS: TestC02MultiBlockDispatchUsesLatestLength (0.05s)
=== RUN   TestC02FlushToFailureIsObservable
2026/08/17 02:33:36.251762 juicefs[1382295] <WARNING>: write inode: 2 chunk: 13 off: 0 C02 injected FlushTo failure [write@writer.go:149]
--- PASS: TestC02FlushToFailureIsObservable (0.00s)
=== RUN   TestC02PartialThenFullAfterIDDispatchesOnce
--- PASS: TestC02PartialThenFullAfterIDDispatchesOnce (0.05s)
=== RUN   TestC02TransientEIORecoversOnFreeze
--- PASS: TestC02TransientEIORecoversOnFreeze (0.00s)
=== RUN   TestC02PermanentENOSPCAbortsFrozenSlice
2026/08/17 02:33:36.305801 juicefs[1382295] <INFO>: flush inode: 2 chunk: 0 err: no space left on device [flushData@writer.go:117]
--- PASS: TestC02PermanentENOSPCAbortsFrozenSlice (0.00s)
=== RUN   TestC02FrozenSliceSkipsCatchupFlush
--- PASS: TestC02FrozenSliceSkipsCatchupFlush (0.00s)
=== RUN   TestC02ConcurrentIndependentFullBlocks
--- PASS: TestC02ConcurrentIndependentFullBlocks (0.00s)
=== RUN   TestC02FullBlockDispatchAfterDelayedID
--- PASS: TestC02FullBlockDispatchAfterDelayedID (0.05s)
=== RUN   TestC02MultiBlockDispatchUsesLatestLength
--- PASS: TestC02MultiBlockDispatchUsesLatestLength (0.05s)
=== RUN   TestC02FlushToFailureIsObservable
2026/08/17 02:33:36.413406 juicefs[1382295] <WARNING>: write inode: 2 chunk: 13 off: 0 C02 injected FlushTo failure [write@writer.go:149]
--- PASS: TestC02FlushToFailureIsObservable (0.00s)
=== RUN   TestC02PartialThenFullAfterIDDispatchesOnce
--- PASS: TestC02PartialThenFullAfterIDDispatchesOnce (0.05s)
=== RUN   TestC02TransientEIORecoversOnFreeze
--- PASS: TestC02TransientEIORecoversOnFreeze (0.00s)
=== RUN   TestC02PermanentENOSPCAbortsFrozenSlice
2026/08/17 02:33:36.467337 juicefs[1382295] <INFO>: flush inode: 2 chunk: 0 err: no space left on device [flushData@writer.go:117]
--- PASS: TestC02PermanentENOSPCAbortsFrozenSlice (0.00s)
=== RUN   TestC02FrozenSliceSkipsCatchupFlush
--- PASS: TestC02FrozenSliceSkipsCatchupFlush (0.00s)
=== RUN   TestC02ConcurrentIndependentFullBlocks
--- PASS: TestC02ConcurrentIndependentFullBlocks (0.00s)
=== RUN   TestC02FullBlockDispatchAfterDelayedID
--- PASS: TestC02FullBlockDispatchAfterDelayedID (0.05s)
=== RUN   TestC02MultiBlockDispatchUsesLatestLength
--- PASS: TestC02MultiBlockDispatchUsesLatestLength (0.05s)
=== RUN   TestC02FlushToFailureIsObservable
2026/08/17 02:33:36.574225 juicefs[1382295] <WARNING>: write inode: 2 chunk: 13 off: 0 C02 injected FlushTo failure [write@writer.go:149]
--- PASS: TestC02FlushToFailureIsObservable (0.00s)
=== RUN   TestC02PartialThenFullAfterIDDispatchesOnce
--- PASS: TestC02PartialThenFullAfterIDDispatchesOnce (0.05s)
=== RUN   TestC02TransientEIORecoversOnFreeze
--- PASS: TestC02TransientEIORecoversOnFreeze (0.00s)
=== RUN   TestC02PermanentENOSPCAbortsFrozenSlice
2026/08/17 02:33:36.628446 juicefs[1382295] <INFO>: flush inode: 2 chunk: 0 err: no space left on device [flushData@writer.go:117]
--- PASS: TestC02PermanentENOSPCAbortsFrozenSlice (0.00s)
=== RUN   TestC02FrozenSliceSkipsCatchupFlush
--- PASS: TestC02FrozenSliceSkipsCatchupFlush (0.00s)
=== RUN   TestC02ConcurrentIndependentFullBlocks
--- PASS: TestC02ConcurrentIndependentFullBlocks (0.00s)
=== RUN   TestC02FullBlockDispatchAfterDelayedID
--- PASS: TestC02FullBlockDispatchAfterDelayedID (0.05s)
=== RUN   TestC02MultiBlockDispatchUsesLatestLength
--- PASS: TestC02MultiBlockDispatchUsesLatestLength (0.05s)
=== RUN   TestC02FlushToFailureIsObservable
2026/08/17 02:33:36.735680 juicefs[1382295] <WARNING>: write inode: 2 chunk: 13 off: 0 C02 injected FlushTo failure [write@writer.go:149]
--- PASS: TestC02FlushToFailureIsObservable (0.00s)
=== RUN   TestC02PartialThenFullAfterIDDispatchesOnce
--- PASS: TestC02PartialThenFullAfterIDDispatchesOnce (0.05s)
=== RUN   TestC02TransientEIORecoversOnFreeze
--- PASS: TestC02TransientEIORecoversOnFreeze (0.00s)
=== RUN   TestC02PermanentENOSPCAbortsFrozenSlice
2026/08/17 02:33:36.789792 juicefs[1382295] <INFO>: flush inode: 2 chunk: 0 err: no space left on device [flushData@writer.go:117]
--- PASS: TestC02PermanentENOSPCAbortsFrozenSlice (0.00s)
=== RUN   TestC02FrozenSliceSkipsCatchupFlush
--- PASS: TestC02FrozenSliceSkipsCatchupFlush (0.00s)
=== RUN   TestC02ConcurrentIndependentFullBlocks
--- PASS: TestC02ConcurrentIndependentFullBlocks (0.00s)
=== RUN   TestC02FullBlockDispatchAfterDelayedID
--- PASS: TestC02FullBlockDispatchAfterDelayedID (0.05s)
=== RUN   TestC02MultiBlockDispatchUsesLatestLength
--- PASS: TestC02MultiBlockDispatchUsesLatestLength (0.05s)
=== RUN   TestC02FlushToFailureIsObservable
2026/08/17 02:33:36.897160 juicefs[1382295] <WARNING>: write inode: 2 chunk: 13 off: 0 C02 injected FlushTo failure [write@writer.go:149]
--- PASS: TestC02FlushToFailureIsObservable (0.00s)
=== RUN   TestC02PartialThenFullAfterIDDispatchesOnce
--- PASS: TestC02PartialThenFullAfterIDDispatchesOnce (0.05s)
=== RUN   TestC02TransientEIORecoversOnFreeze
--- PASS: TestC02TransientEIORecoversOnFreeze (0.00s)
=== RUN   TestC02PermanentENOSPCAbortsFrozenSlice
2026/08/17 02:33:36.951176 juicefs[1382295] <INFO>: flush inode: 2 chunk: 0 err: no space left on device [flushData@writer.go:117]
--- PASS: TestC02PermanentENOSPCAbortsFrozenSlice (0.00s)
=== RUN   TestC02FrozenSliceSkipsCatchupFlush
--- PASS: TestC02FrozenSliceSkipsCatchupFlush (0.00s)
=== RUN   TestC02ConcurrentIndependentFullBlocks
--- PASS: TestC02ConcurrentIndependentFullBlocks (0.00s)
=== RUN   TestC02FullBlockDispatchAfterDelayedID
--- PASS: TestC02FullBlockDispatchAfterDelayedID (0.05s)
=== RUN   TestC02MultiBlockDispatchUsesLatestLength
--- PASS: TestC02MultiBlockDispatchUsesLatestLength (0.05s)
=== RUN   TestC02FlushToFailureIsObservable
2026/08/17 02:33:37.058510 juicefs[1382295] <WARNING>: write inode: 2 chunk: 13 off: 0 C02 injected FlushTo failure [write@writer.go:149]
--- PASS: TestC02FlushToFailureIsObservable (0.00s)
=== RUN   TestC02PartialThenFullAfterIDDispatchesOnce
--- PASS: TestC02PartialThenFullAfterIDDispatchesOnce (0.05s)
=== RUN   TestC02TransientEIORecoversOnFreeze
--- PASS: TestC02TransientEIORecoversOnFreeze (0.00s)
=== RUN   TestC02PermanentENOSPCAbortsFrozenSlice
2026/08/17 02:33:37.112623 juicefs[1382295] <INFO>: flush inode: 2 chunk: 0 err: no space left on device [flushData@writer.go:117]
--- PASS: TestC02PermanentENOSPCAbortsFrozenSlice (0.00s)
=== RUN   TestC02FrozenSliceSkipsCatchupFlush
--- PASS: TestC02FrozenSliceSkipsCatchupFlush (0.00s)
=== RUN   TestC02ConcurrentIndependentFullBlocks
--- PASS: TestC02ConcurrentIndependentFullBlocks (0.00s)
=== RUN   TestC02FullBlockDispatchAfterDelayedID
--- PASS: TestC02FullBlockDispatchAfterDelayedID (0.05s)
=== RUN   TestC02MultiBlockDispatchUsesLatestLength
--- PASS: TestC02MultiBlockDispatchUsesLatestLength (0.05s)
=== RUN   TestC02FlushToFailureIsObservable
2026/08/17 02:33:37.219956 juicefs[1382295] <WARNING>: write inode: 2 chunk: 13 off: 0 C02 injected FlushTo failure [write@writer.go:149]
--- PASS: TestC02FlushToFailureIsObservable (0.00s)
=== RUN   TestC02PartialThenFullAfterIDDispatchesOnce
--- PASS: TestC02PartialThenFullAfterIDDispatchesOnce (0.05s)
=== RUN   TestC02TransientEIORecoversOnFreeze
--- PASS: TestC02TransientEIORecoversOnFreeze (0.00s)
=== RUN   TestC02PermanentENOSPCAbortsFrozenSlice
2026/08/17 02:33:37.273929 juicefs[1382295] <INFO>: flush inode: 2 chunk: 0 err: no space left on device [flushData@writer.go:117]
--- PASS: TestC02PermanentENOSPCAbortsFrozenSlice (0.00s)
=== RUN   TestC02FrozenSliceSkipsCatchupFlush
--- PASS: TestC02FrozenSliceSkipsCatchupFlush (0.00s)
=== RUN   TestC02ConcurrentIndependentFullBlocks
--- PASS: TestC02ConcurrentIndependentFullBlocks (0.00s)
=== RUN   TestC02FullBlockDispatchAfterDelayedID
--- PASS: TestC02FullBlockDispatchAfterDelayedID (0.05s)
=== RUN   TestC02MultiBlockDispatchUsesLatestLength
--- PASS: TestC02MultiBlockDispatchUsesLatestLength (0.05s)
=== RUN   TestC02FlushToFailureIsObservable
2026/08/17 02:33:37.381437 juicefs[1382295] <WARNING>: write inode: 2 chunk: 13 off: 0 C02 injected FlushTo failure [write@writer.go:149]
--- PASS: TestC02FlushToFailureIsObservable (0.00s)
=== RUN   TestC02PartialThenFullAfterIDDispatchesOnce
--- PASS: TestC02PartialThenFullAfterIDDispatchesOnce (0.05s)
=== RUN   TestC02TransientEIORecoversOnFreeze
--- PASS: TestC02TransientEIORecoversOnFreeze (0.00s)
=== RUN   TestC02PermanentENOSPCAbortsFrozenSlice
2026/08/17 02:33:37.435478 juicefs[1382295] <INFO>: flush inode: 2 chunk: 0 err: no space left on device [flushData@writer.go:117]
--- PASS: TestC02PermanentENOSPCAbortsFrozenSlice (0.00s)
=== RUN   TestC02FrozenSliceSkipsCatchupFlush
--- PASS: TestC02FrozenSliceSkipsCatchupFlush (0.00s)
=== RUN   TestC02ConcurrentIndependentFullBlocks
--- PASS: TestC02ConcurrentIndependentFullBlocks (0.00s)
=== RUN   TestC02FullBlockDispatchAfterDelayedID
--- PASS: TestC02FullBlockDispatchAfterDelayedID (0.05s)
=== RUN   TestC02MultiBlockDispatchUsesLatestLength
--- PASS: TestC02MultiBlockDispatchUsesLatestLength (0.05s)
=== RUN   TestC02FlushToFailureIsObservable
2026/08/17 02:33:37.543298 juicefs[1382295] <WARNING>: write inode: 2 chunk: 13 off: 0 C02 injected FlushTo failure [write@writer.go:149]
--- PASS: TestC02FlushToFailureIsObservable (0.00s)
=== RUN   TestC02PartialThenFullAfterIDDispatchesOnce
--- PASS: TestC02PartialThenFullAfterIDDispatchesOnce (0.05s)
=== RUN   TestC02TransientEIORecoversOnFreeze
--- PASS: TestC02TransientEIORecoversOnFreeze (0.00s)
=== RUN   TestC02PermanentENOSPCAbortsFrozenSlice
2026/08/17 02:33:37.597586 juicefs[1382295] <INFO>: flush inode: 2 chunk: 0 err: no space left on device [flushData@writer.go:117]
--- PASS: TestC02PermanentENOSPCAbortsFrozenSlice (0.00s)
=== RUN   TestC02FrozenSliceSkipsCatchupFlush
--- PASS: TestC02FrozenSliceSkipsCatchupFlush (0.00s)
=== RUN   TestC02ConcurrentIndependentFullBlocks
--- PASS: TestC02ConcurrentIndependentFullBlocks (0.00s)
=== RUN   TestC02FullBlockDispatchAfterDelayedID
--- PASS: TestC02FullBlockDispatchAfterDelayedID (0.05s)
=== RUN   TestC02MultiBlockDispatchUsesLatestLength
--- PASS: TestC02MultiBlockDispatchUsesLatestLength (0.05s)
=== RUN   TestC02FlushToFailureIsObservable
2026/08/17 02:33:37.705176 juicefs[1382295] <WARNING>: write inode: 2 chunk: 13 off: 0 C02 injected FlushTo failure [write@writer.go:149]
--- PASS: TestC02FlushToFailureIsObservable (0.00s)
=== RUN   TestC02PartialThenFullAfterIDDispatchesOnce
--- PASS: TestC02PartialThenFullAfterIDDispatchesOnce (0.05s)
=== RUN   TestC02TransientEIORecoversOnFreeze
--- PASS: TestC02TransientEIORecoversOnFreeze (0.00s)
=== RUN   TestC02PermanentENOSPCAbortsFrozenSlice
2026/08/17 02:33:37.759555 juicefs[1382295] <INFO>: flush inode: 2 chunk: 0 err: no space left on device [flushData@writer.go:117]
--- PASS: TestC02PermanentENOSPCAbortsFrozenSlice (0.00s)
=== RUN   TestC02FrozenSliceSkipsCatchupFlush
--- PASS: TestC02FrozenSliceSkipsCatchupFlush (0.00s)
=== RUN   TestC02ConcurrentIndependentFullBlocks
--- PASS: TestC02ConcurrentIndependentFullBlocks (0.00s)
=== RUN   TestC02FullBlockDispatchAfterDelayedID
--- PASS: TestC02FullBlockDispatchAfterDelayedID (0.05s)
=== RUN   TestC02MultiBlockDispatchUsesLatestLength
--- PASS: TestC02MultiBlockDispatchUsesLatestLength (0.05s)
=== RUN   TestC02FlushToFailureIsObservable
2026/08/17 02:33:37.866774 juicefs[1382295] <WARNING>: write inode: 2 chunk: 13 off: 0 C02 injected FlushTo failure [write@writer.go:149]
--- PASS: TestC02FlushToFailureIsObservable (0.00s)
=== RUN   TestC02PartialThenFullAfterIDDispatchesOnce
--- PASS: TestC02PartialThenFullAfterIDDispatchesOnce (0.05s)
=== RUN   TestC02TransientEIORecoversOnFreeze
--- PASS: TestC02TransientEIORecoversOnFreeze (0.00s)
=== RUN   TestC02PermanentENOSPCAbortsFrozenSlice
2026/08/17 02:33:37.920701 juicefs[1382295] <INFO>: flush inode: 2 chunk: 0 err: no space left on device [flushData@writer.go:117]
--- PASS: TestC02PermanentENOSPCAbortsFrozenSlice (0.00s)
=== RUN   TestC02FrozenSliceSkipsCatchupFlush
--- PASS: TestC02FrozenSliceSkipsCatchupFlush (0.00s)
=== RUN   TestC02ConcurrentIndependentFullBlocks
--- PASS: TestC02ConcurrentIndependentFullBlocks (0.00s)
=== RUN   TestC02FullBlockDispatchAfterDelayedID
--- PASS: TestC02FullBlockDispatchAfterDelayedID (0.05s)
=== RUN   TestC02MultiBlockDispatchUsesLatestLength
--- PASS: TestC02MultiBlockDispatchUsesLatestLength (0.05s)
=== RUN   TestC02FlushToFailureIsObservable
2026/08/17 02:33:38.028037 juicefs[1382295] <WARNING>: write inode: 2 chunk: 13 off: 0 C02 injected FlushTo failure [write@writer.go:149]
--- PASS: TestC02FlushToFailureIsObservable (0.00s)
=== RUN   TestC02PartialThenFullAfterIDDispatchesOnce
--- PASS: TestC02PartialThenFullAfterIDDispatchesOnce (0.05s)
=== RUN   TestC02TransientEIORecoversOnFreeze
--- PASS: TestC02TransientEIORecoversOnFreeze (0.00s)
=== RUN   TestC02PermanentENOSPCAbortsFrozenSlice
2026/08/17 02:33:38.082081 juicefs[1382295] <INFO>: flush inode: 2 chunk: 0 err: no space left on device [flushData@writer.go:117]
--- PASS: TestC02PermanentENOSPCAbortsFrozenSlice (0.00s)
=== RUN   TestC02FrozenSliceSkipsCatchupFlush
--- PASS: TestC02FrozenSliceSkipsCatchupFlush (0.00s)
=== RUN   TestC02ConcurrentIndependentFullBlocks
--- PASS: TestC02ConcurrentIndependentFullBlocks (0.00s)
=== RUN   TestC02FullBlockDispatchAfterDelayedID
--- PASS: TestC02FullBlockDispatchAfterDelayedID (0.05s)
=== RUN   TestC02MultiBlockDispatchUsesLatestLength
--- PASS: TestC02MultiBlockDispatchUsesLatestLength (0.05s)
=== RUN   TestC02FlushToFailureIsObservable
2026/08/17 02:33:38.190138 juicefs[1382295] <WARNING>: write inode: 2 chunk: 13 off: 0 C02 injected FlushTo failure [write@writer.go:149]
--- PASS: TestC02FlushToFailureIsObservable (0.00s)
=== RUN   TestC02PartialThenFullAfterIDDispatchesOnce
--- PASS: TestC02PartialThenFullAfterIDDispatchesOnce (0.05s)
=== RUN   TestC02TransientEIORecoversOnFreeze
--- PASS: TestC02TransientEIORecoversOnFreeze (0.00s)
=== RUN   TestC02PermanentENOSPCAbortsFrozenSlice
2026/08/17 02:33:38.244293 juicefs[1382295] <INFO>: flush inode: 2 chunk: 0 err: no space left on device [flushData@writer.go:117]
--- PASS: TestC02PermanentENOSPCAbortsFrozenSlice (0.00s)
=== RUN   TestC02FrozenSliceSkipsCatchupFlush
--- PASS: TestC02FrozenSliceSkipsCatchupFlush (0.00s)
=== RUN   TestC02ConcurrentIndependentFullBlocks
--- PASS: TestC02ConcurrentIndependentFullBlocks (0.00s)
=== RUN   TestC02FullBlockDispatchAfterDelayedID
--- PASS: TestC02FullBlockDispatchAfterDelayedID (0.05s)
=== RUN   TestC02MultiBlockDispatchUsesLatestLength
--- PASS: TestC02MultiBlockDispatchUsesLatestLength (0.05s)
=== RUN   TestC02FlushToFailureIsObservable
2026/08/17 02:33:38.351847 juicefs[1382295] <WARNING>: write inode: 2 chunk: 13 off: 0 C02 injected FlushTo failure [write@writer.go:149]
--- PASS: TestC02FlushToFailureIsObservable (0.00s)
=== RUN   TestC02PartialThenFullAfterIDDispatchesOnce
--- PASS: TestC02PartialThenFullAfterIDDispatchesOnce (0.05s)
=== RUN   TestC02TransientEIORecoversOnFreeze
--- PASS: TestC02TransientEIORecoversOnFreeze (0.00s)
=== RUN   TestC02PermanentENOSPCAbortsFrozenSlice
2026/08/17 02:33:38.405997 juicefs[1382295] <INFO>: flush inode: 2 chunk: 0 err: no space left on device [flushData@writer.go:117]
--- PASS: TestC02PermanentENOSPCAbortsFrozenSlice (0.00s)
=== RUN   TestC02FrozenSliceSkipsCatchupFlush
--- PASS: TestC02FrozenSliceSkipsCatchupFlush (0.00s)
=== RUN   TestC02ConcurrentIndependentFullBlocks
--- PASS: TestC02ConcurrentIndependentFullBlocks (0.00s)
=== RUN   TestC02FullBlockDispatchAfterDelayedID
--- PASS: TestC02FullBlockDispatchAfterDelayedID (0.05s)
=== RUN   TestC02MultiBlockDispatchUsesLatestLength
--- PASS: TestC02MultiBlockDispatchUsesLatestLength (0.05s)
=== RUN   TestC02FlushToFailureIsObservable
2026/08/17 02:33:38.514796 juicefs[1382295] <WARNING>: write inode: 2 chunk: 13 off: 0 C02 injected FlushTo failure [write@writer.go:149]
--- PASS: TestC02FlushToFailureIsObservable (0.00s)
=== RUN   TestC02PartialThenFullAfterIDDispatchesOnce
--- PASS: TestC02PartialThenFullAfterIDDispatchesOnce (0.05s)
=== RUN   TestC02TransientEIORecoversOnFreeze
--- PASS: TestC02TransientEIORecoversOnFreeze (0.00s)
=== RUN   TestC02PermanentENOSPCAbortsFrozenSlice
2026/08/17 02:33:38.568906 juicefs[1382295] <INFO>: flush inode: 2 chunk: 0 err: no space left on device [flushData@writer.go:117]
--- PASS: TestC02PermanentENOSPCAbortsFrozenSlice (0.00s)
=== RUN   TestC02FrozenSliceSkipsCatchupFlush
--- PASS: TestC02FrozenSliceSkipsCatchupFlush (0.00s)
=== RUN   TestC02ConcurrentIndependentFullBlocks
--- PASS: TestC02ConcurrentIndependentFullBlocks (0.00s)
=== RUN   TestC02FullBlockDispatchAfterDelayedID
--- PASS: TestC02FullBlockDispatchAfterDelayedID (0.05s)
=== RUN   TestC02MultiBlockDispatchUsesLatestLength
--- PASS: TestC02MultiBlockDispatchUsesLatestLength (0.05s)
=== RUN   TestC02FlushToFailureIsObservable
2026/08/17 02:33:38.676216 juicefs[1382295] <WARNING>: write inode: 2 chunk: 13 off: 0 C02 injected FlushTo failure [write@writer.go:149]
--- PASS: TestC02FlushToFailureIsObservable (0.00s)
=== RUN   TestC02PartialThenFullAfterIDDispatchesOnce
--- PASS: TestC02PartialThenFullAfterIDDispatchesOnce (0.05s)
=== RUN   TestC02TransientEIORecoversOnFreeze
--- PASS: TestC02TransientEIORecoversOnFreeze (0.00s)
=== RUN   TestC02PermanentENOSPCAbortsFrozenSlice
2026/08/17 02:33:38.730276 juicefs[1382295] <INFO>: flush inode: 2 chunk: 0 err: no space left on device [flushData@writer.go:117]
--- PASS: TestC02PermanentENOSPCAbortsFrozenSlice (0.00s)
=== RUN   TestC02FrozenSliceSkipsCatchupFlush
--- PASS: TestC02FrozenSliceSkipsCatchupFlush (0.00s)
=== RUN   TestC02ConcurrentIndependentFullBlocks
--- PASS: TestC02ConcurrentIndependentFullBlocks (0.00s)
=== RUN   TestC02FullBlockDispatchAfterDelayedID
--- PASS: TestC02FullBlockDispatchAfterDelayedID (0.05s)
=== RUN   TestC02MultiBlockDispatchUsesLatestLength
--- PASS: TestC02MultiBlockDispatchUsesLatestLength (0.05s)
=== RUN   TestC02FlushToFailureIsObservable
2026/08/17 02:33:38.837603 juicefs[1382295] <WARNING>: write inode: 2 chunk: 13 off: 0 C02 injected FlushTo failure [write@writer.go:149]
--- PASS: TestC02FlushToFailureIsObservable (0.00s)
=== RUN   TestC02PartialThenFullAfterIDDispatchesOnce
--- PASS: TestC02PartialThenFullAfterIDDispatchesOnce (0.05s)
=== RUN   TestC02TransientEIORecoversOnFreeze
--- PASS: TestC02TransientEIORecoversOnFreeze (0.00s)
=== RUN   TestC02PermanentENOSPCAbortsFrozenSlice
2026/08/17 02:33:38.891661 juicefs[1382295] <INFO>: flush inode: 2 chunk: 0 err: no space left on device [flushData@writer.go:117]
--- PASS: TestC02PermanentENOSPCAbortsFrozenSlice (0.00s)
=== RUN   TestC02FrozenSliceSkipsCatchupFlush
--- PASS: TestC02FrozenSliceSkipsCatchupFlush (0.00s)
=== RUN   TestC02ConcurrentIndependentFullBlocks
--- PASS: TestC02ConcurrentIndependentFullBlocks (0.00s)
=== RUN   TestC02FullBlockDispatchAfterDelayedID
--- PASS: TestC02FullBlockDispatchAfterDelayedID (0.05s)
=== RUN   TestC02MultiBlockDispatchUsesLatestLength
--- PASS: TestC02MultiBlockDispatchUsesLatestLength (0.05s)
=== RUN   TestC02FlushToFailureIsObservable
2026/08/17 02:33:38.999079 juicefs[1382295] <WARNING>: write inode: 2 chunk: 13 off: 0 C02 injected FlushTo failure [write@writer.go:149]
--- PASS: TestC02FlushToFailureIsObservable (0.00s)
=== RUN   TestC02PartialThenFullAfterIDDispatchesOnce
--- PASS: TestC02PartialThenFullAfterIDDispatchesOnce (0.05s)
=== RUN   TestC02TransientEIORecoversOnFreeze
--- PASS: TestC02TransientEIORecoversOnFreeze (0.00s)
=== RUN   TestC02PermanentENOSPCAbortsFrozenSlice
2026/08/17 02:33:39.053055 juicefs[1382295] <INFO>: flush inode: 2 chunk: 0 err: no space left on device [flushData@writer.go:117]
--- PASS: TestC02PermanentENOSPCAbortsFrozenSlice (0.00s)
=== RUN   TestC02FrozenSliceSkipsCatchupFlush
--- PASS: TestC02FrozenSliceSkipsCatchupFlush (0.00s)
=== RUN   TestC02ConcurrentIndependentFullBlocks
--- PASS: TestC02ConcurrentIndependentFullBlocks (0.00s)
=== RUN   TestC02FullBlockDispatchAfterDelayedID
--- PASS: TestC02FullBlockDispatchAfterDelayedID (0.05s)
=== RUN   TestC02MultiBlockDispatchUsesLatestLength
--- PASS: TestC02MultiBlockDispatchUsesLatestLength (0.05s)
=== RUN   TestC02FlushToFailureIsObservable
2026/08/17 02:33:39.161391 juicefs[1382295] <WARNING>: write inode: 2 chunk: 13 off: 0 C02 injected FlushTo failure [write@writer.go:149]
--- PASS: TestC02FlushToFailureIsObservable (0.00s)
=== RUN   TestC02PartialThenFullAfterIDDispatchesOnce
--- PASS: TestC02PartialThenFullAfterIDDispatchesOnce (0.05s)
=== RUN   TestC02TransientEIORecoversOnFreeze
--- PASS: TestC02TransientEIORecoversOnFreeze (0.00s)
=== RUN   TestC02PermanentENOSPCAbortsFrozenSlice
2026/08/17 02:33:39.215553 juicefs[1382295] <INFO>: flush inode: 2 chunk: 0 err: no space left on device [flushData@writer.go:117]
--- PASS: TestC02PermanentENOSPCAbortsFrozenSlice (0.00s)
=== RUN   TestC02FrozenSliceSkipsCatchupFlush
--- PASS: TestC02FrozenSliceSkipsCatchupFlush (0.00s)
=== RUN   TestC02ConcurrentIndependentFullBlocks
--- PASS: TestC02ConcurrentIndependentFullBlocks (0.00s)
=== RUN   TestC02FullBlockDispatchAfterDelayedID
--- PASS: TestC02FullBlockDispatchAfterDelayedID (0.05s)
=== RUN   TestC02MultiBlockDispatchUsesLatestLength
--- PASS: TestC02MultiBlockDispatchUsesLatestLength (0.05s)
=== RUN   TestC02FlushToFailureIsObservable
2026/08/17 02:33:39.323152 juicefs[1382295] <WARNING>: write inode: 2 chunk: 13 off: 0 C02 injected FlushTo failure [write@writer.go:149]
--- PASS: TestC02FlushToFailureIsObservable (0.00s)
=== RUN   TestC02PartialThenFullAfterIDDispatchesOnce
--- PASS: TestC02PartialThenFullAfterIDDispatchesOnce (0.05s)
=== RUN   TestC02TransientEIORecoversOnFreeze
--- PASS: TestC02TransientEIORecoversOnFreeze (0.00s)
=== RUN   TestC02PermanentENOSPCAbortsFrozenSlice
2026/08/17 02:33:39.377178 juicefs[1382295] <INFO>: flush inode: 2 chunk: 0 err: no space left on device [flushData@writer.go:117]
--- PASS: TestC02PermanentENOSPCAbortsFrozenSlice (0.00s)
=== RUN   TestC02FrozenSliceSkipsCatchupFlush
--- PASS: TestC02FrozenSliceSkipsCatchupFlush (0.00s)
=== RUN   TestC02ConcurrentIndependentFullBlocks
--- PASS: TestC02ConcurrentIndependentFullBlocks (0.00s)
=== RUN   TestC02FullBlockDispatchAfterDelayedID
--- PASS: TestC02FullBlockDispatchAfterDelayedID (0.05s)
=== RUN   TestC02MultiBlockDispatchUsesLatestLength
--- PASS: TestC02MultiBlockDispatchUsesLatestLength (0.05s)
=== RUN   TestC02FlushToFailureIsObservable
2026/08/17 02:33:39.484693 juicefs[1382295] <WARNING>: write inode: 2 chunk: 13 off: 0 C02 injected FlushTo failure [write@writer.go:149]
--- PASS: TestC02FlushToFailureIsObservable (0.00s)
=== RUN   TestC02PartialThenFullAfterIDDispatchesOnce
--- PASS: TestC02PartialThenFullAfterIDDispatchesOnce (0.05s)
=== RUN   TestC02TransientEIORecoversOnFreeze
--- PASS: TestC02TransientEIORecoversOnFreeze (0.00s)
=== RUN   TestC02PermanentENOSPCAbortsFrozenSlice
2026/08/17 02:33:39.539033 juicefs[1382295] <INFO>: flush inode: 2 chunk: 0 err: no space left on device [flushData@writer.go:117]
--- PASS: TestC02PermanentENOSPCAbortsFrozenSlice (0.00s)
=== RUN   TestC02FrozenSliceSkipsCatchupFlush
--- PASS: TestC02FrozenSliceSkipsCatchupFlush (0.00s)
=== RUN   TestC02ConcurrentIndependentFullBlocks
--- PASS: TestC02ConcurrentIndependentFullBlocks (0.00s)
=== RUN   TestC02FullBlockDispatchAfterDelayedID
--- PASS: TestC02FullBlockDispatchAfterDelayedID (0.05s)
=== RUN   TestC02MultiBlockDispatchUsesLatestLength
--- PASS: TestC02MultiBlockDispatchUsesLatestLength (0.05s)
=== RUN   TestC02FlushToFailureIsObservable
2026/08/17 02:33:39.646457 juicefs[1382295] <WARNING>: write inode: 2 chunk: 13 off: 0 C02 injected FlushTo failure [write@writer.go:149]
--- PASS: TestC02FlushToFailureIsObservable (0.00s)
=== RUN   TestC02PartialThenFullAfterIDDispatchesOnce
--- PASS: TestC02PartialThenFullAfterIDDispatchesOnce (0.05s)
=== RUN   TestC02TransientEIORecoversOnFreeze
--- PASS: TestC02TransientEIORecoversOnFreeze (0.00s)
=== RUN   TestC02PermanentENOSPCAbortsFrozenSlice
2026/08/17 02:33:39.700555 juicefs[1382295] <INFO>: flush inode: 2 chunk: 0 err: no space left on device [flushData@writer.go:117]
--- PASS: TestC02PermanentENOSPCAbortsFrozenSlice (0.00s)
=== RUN   TestC02FrozenSliceSkipsCatchupFlush
--- PASS: TestC02FrozenSliceSkipsCatchupFlush (0.00s)
=== RUN   TestC02ConcurrentIndependentFullBlocks
--- PASS: TestC02ConcurrentIndependentFullBlocks (0.00s)
=== RUN   TestC02FullBlockDispatchAfterDelayedID
--- PASS: TestC02FullBlockDispatchAfterDelayedID (0.05s)
=== RUN   TestC02MultiBlockDispatchUsesLatestLength
--- PASS: TestC02MultiBlockDispatchUsesLatestLength (0.05s)
=== RUN   TestC02FlushToFailureIsObservable
2026/08/17 02:33:39.808060 juicefs[1382295] <WARNING>: write inode: 2 chunk: 13 off: 0 C02 injected FlushTo failure [write@writer.go:149]
--- PASS: TestC02FlushToFailureIsObservable (0.00s)
=== RUN   TestC02PartialThenFullAfterIDDispatchesOnce
--- PASS: TestC02PartialThenFullAfterIDDispatchesOnce (0.05s)
=== RUN   TestC02TransientEIORecoversOnFreeze
--- PASS: TestC02TransientEIORecoversOnFreeze (0.00s)
=== RUN   TestC02PermanentENOSPCAbortsFrozenSlice
2026/08/17 02:33:39.862141 juicefs[1382295] <INFO>: flush inode: 2 chunk: 0 err: no space left on device [flushData@writer.go:117]
--- PASS: TestC02PermanentENOSPCAbortsFrozenSlice (0.00s)
=== RUN   TestC02FrozenSliceSkipsCatchupFlush
--- PASS: TestC02FrozenSliceSkipsCatchupFlush (0.00s)
=== RUN   TestC02ConcurrentIndependentFullBlocks
--- PASS: TestC02ConcurrentIndependentFullBlocks (0.00s)
=== RUN   TestC02FullBlockDispatchAfterDelayedID
--- PASS: TestC02FullBlockDispatchAfterDelayedID (0.05s)
=== RUN   TestC02MultiBlockDispatchUsesLatestLength
--- PASS: TestC02MultiBlockDispatchUsesLatestLength (0.05s)
=== RUN   TestC02FlushToFailureIsObservable
2026/08/17 02:33:39.969200 juicefs[1382295] <WARNING>: write inode: 2 chunk: 13 off: 0 C02 injected FlushTo failure [write@writer.go:149]
--- PASS: TestC02FlushToFailureIsObservable (0.00s)
=== RUN   TestC02PartialThenFullAfterIDDispatchesOnce
--- PASS: TestC02PartialThenFullAfterIDDispatchesOnce (0.05s)
=== RUN   TestC02TransientEIORecoversOnFreeze
--- PASS: TestC02TransientEIORecoversOnFreeze (0.00s)
=== RUN   TestC02PermanentENOSPCAbortsFrozenSlice
2026/08/17 02:33:40.023271 juicefs[1382295] <INFO>: flush inode: 2 chunk: 0 err: no space left on device [flushData@writer.go:117]
--- PASS: TestC02PermanentENOSPCAbortsFrozenSlice (0.00s)
=== RUN   TestC02FrozenSliceSkipsCatchupFlush
--- PASS: TestC02FrozenSliceSkipsCatchupFlush (0.00s)
=== RUN   TestC02ConcurrentIndependentFullBlocks
--- PASS: TestC02ConcurrentIndependentFullBlocks (0.00s)
=== RUN   TestC02FullBlockDispatchAfterDelayedID
--- PASS: TestC02FullBlockDispatchAfterDelayedID (0.05s)
=== RUN   TestC02MultiBlockDispatchUsesLatestLength
--- PASS: TestC02MultiBlockDispatchUsesLatestLength (0.05s)
=== RUN   TestC02FlushToFailureIsObservable
2026/08/17 02:33:40.131070 juicefs[1382295] <WARNING>: write inode: 2 chunk: 13 off: 0 C02 injected FlushTo failure [write@writer.go:149]
--- PASS: TestC02FlushToFailureIsObservable (0.00s)
=== RUN   TestC02PartialThenFullAfterIDDispatchesOnce
--- PASS: TestC02PartialThenFullAfterIDDispatchesOnce (0.05s)
=== RUN   TestC02TransientEIORecoversOnFreeze
--- PASS: TestC02TransientEIORecoversOnFreeze (0.00s)
=== RUN   TestC02PermanentENOSPCAbortsFrozenSlice
2026/08/17 02:33:40.185187 juicefs[1382295] <INFO>: flush inode: 2 chunk: 0 err: no space left on device [flushData@writer.go:117]
--- PASS: TestC02PermanentENOSPCAbortsFrozenSlice (0.00s)
=== RUN   TestC02FrozenSliceSkipsCatchupFlush
--- PASS: TestC02FrozenSliceSkipsCatchupFlush (0.00s)
=== RUN   TestC02ConcurrentIndependentFullBlocks
--- PASS: TestC02ConcurrentIndependentFullBlocks (0.00s)
=== RUN   TestC02FullBlockDispatchAfterDelayedID
--- PASS: TestC02FullBlockDispatchAfterDelayedID (0.05s)
=== RUN   TestC02MultiBlockDispatchUsesLatestLength
--- PASS: TestC02MultiBlockDispatchUsesLatestLength (0.05s)
=== RUN   TestC02FlushToFailureIsObservable
2026/08/17 02:33:40.292468 juicefs[1382295] <WARNING>: write inode: 2 chunk: 13 off: 0 C02 injected FlushTo failure [write@writer.go:149]
--- PASS: TestC02FlushToFailureIsObservable (0.00s)
=== RUN   TestC02PartialThenFullAfterIDDispatchesOnce
--- PASS: TestC02PartialThenFullAfterIDDispatchesOnce (0.05s)
=== RUN   TestC02TransientEIORecoversOnFreeze
--- PASS: TestC02TransientEIORecoversOnFreeze (0.00s)
=== RUN   TestC02PermanentENOSPCAbortsFrozenSlice
2026/08/17 02:33:40.346507 juicefs[1382295] <INFO>: flush inode: 2 chunk: 0 err: no space left on device [flushData@writer.go:117]
--- PASS: TestC02PermanentENOSPCAbortsFrozenSlice (0.00s)
=== RUN   TestC02FrozenSliceSkipsCatchupFlush
--- PASS: TestC02FrozenSliceSkipsCatchupFlush (0.00s)
=== RUN   TestC02ConcurrentIndependentFullBlocks
--- PASS: TestC02ConcurrentIndependentFullBlocks (0.00s)
=== RUN   TestC02FullBlockDispatchAfterDelayedID
--- PASS: TestC02FullBlockDispatchAfterDelayedID (0.05s)
=== RUN   TestC02MultiBlockDispatchUsesLatestLength
--- PASS: TestC02MultiBlockDispatchUsesLatestLength (0.05s)
=== RUN   TestC02FlushToFailureIsObservable
2026/08/17 02:33:40.454308 juicefs[1382295] <WARNING>: write inode: 2 chunk: 13 off: 0 C02 injected FlushTo failure [write@writer.go:149]
--- PASS: TestC02FlushToFailureIsObservable (0.00s)
=== RUN   TestC02PartialThenFullAfterIDDispatchesOnce
--- PASS: TestC02PartialThenFullAfterIDDispatchesOnce (0.05s)
=== RUN   TestC02TransientEIORecoversOnFreeze
--- PASS: TestC02TransientEIORecoversOnFreeze (0.00s)
=== RUN   TestC02PermanentENOSPCAbortsFrozenSlice
2026/08/17 02:33:40.508707 juicefs[1382295] <INFO>: flush inode: 2 chunk: 0 err: no space left on device [flushData@writer.go:117]
--- PASS: TestC02PermanentENOSPCAbortsFrozenSlice (0.00s)
=== RUN   TestC02FrozenSliceSkipsCatchupFlush
--- PASS: TestC02FrozenSliceSkipsCatchupFlush (0.00s)
=== RUN   TestC02ConcurrentIndependentFullBlocks
--- PASS: TestC02ConcurrentIndependentFullBlocks (0.00s)
=== RUN   TestC02FullBlockDispatchAfterDelayedID
--- PASS: TestC02FullBlockDispatchAfterDelayedID (0.05s)
=== RUN   TestC02MultiBlockDispatchUsesLatestLength
--- PASS: TestC02MultiBlockDispatchUsesLatestLength (0.05s)
=== RUN   TestC02FlushToFailureIsObservable
2026/08/17 02:33:40.615819 juicefs[1382295] <WARNING>: write inode: 2 chunk: 13 off: 0 C02 injected FlushTo failure [write@writer.go:149]
--- PASS: TestC02FlushToFailureIsObservable (0.00s)
=== RUN   TestC02PartialThenFullAfterIDDispatchesOnce
--- PASS: TestC02PartialThenFullAfterIDDispatchesOnce (0.05s)
=== RUN   TestC02TransientEIORecoversOnFreeze
--- PASS: TestC02TransientEIORecoversOnFreeze (0.00s)
=== RUN   TestC02PermanentENOSPCAbortsFrozenSlice
2026/08/17 02:33:40.670653 juicefs[1382295] <INFO>: flush inode: 2 chunk: 0 err: no space left on device [flushData@writer.go:117]
--- PASS: TestC02PermanentENOSPCAbortsFrozenSlice (0.00s)
=== RUN   TestC02FrozenSliceSkipsCatchupFlush
--- PASS: TestC02FrozenSliceSkipsCatchupFlush (0.00s)
=== RUN   TestC02ConcurrentIndependentFullBlocks
--- PASS: TestC02ConcurrentIndependentFullBlocks (0.00s)
=== RUN   TestC02FullBlockDispatchAfterDelayedID
--- PASS: TestC02FullBlockDispatchAfterDelayedID (0.05s)
=== RUN   TestC02MultiBlockDispatchUsesLatestLength
--- PASS: TestC02MultiBlockDispatchUsesLatestLength (0.05s)
=== RUN   TestC02FlushToFailureIsObservable
2026/08/17 02:33:40.777669 juicefs[1382295] <WARNING>: write inode: 2 chunk: 13 off: 0 C02 injected FlushTo failure [write@writer.go:149]
--- PASS: TestC02FlushToFailureIsObservable (0.00s)
=== RUN   TestC02PartialThenFullAfterIDDispatchesOnce
--- PASS: TestC02PartialThenFullAfterIDDispatchesOnce (0.05s)
=== RUN   TestC02TransientEIORecoversOnFreeze
--- PASS: TestC02TransientEIORecoversOnFreeze (0.00s)
=== RUN   TestC02PermanentENOSPCAbortsFrozenSlice
2026/08/17 02:33:40.832007 juicefs[1382295] <INFO>: flush inode: 2 chunk: 0 err: no space left on device [flushData@writer.go:117]
--- PASS: TestC02PermanentENOSPCAbortsFrozenSlice (0.00s)
=== RUN   TestC02FrozenSliceSkipsCatchupFlush
--- PASS: TestC02FrozenSliceSkipsCatchupFlush (0.00s)
=== RUN   TestC02ConcurrentIndependentFullBlocks
--- PASS: TestC02ConcurrentIndependentFullBlocks (0.00s)
=== RUN   TestC02FullBlockDispatchAfterDelayedID
--- PASS: TestC02FullBlockDispatchAfterDelayedID (0.05s)
=== RUN   TestC02MultiBlockDispatchUsesLatestLength
--- PASS: TestC02MultiBlockDispatchUsesLatestLength (0.05s)
=== RUN   TestC02FlushToFailureIsObservable
2026/08/17 02:33:40.939461 juicefs[1382295] <WARNING>: write inode: 2 chunk: 13 off: 0 C02 injected FlushTo failure [write@writer.go:149]
--- PASS: TestC02FlushToFailureIsObservable (0.00s)
=== RUN   TestC02PartialThenFullAfterIDDispatchesOnce
--- PASS: TestC02PartialThenFullAfterIDDispatchesOnce (0.05s)
=== RUN   TestC02TransientEIORecoversOnFreeze
--- PASS: TestC02TransientEIORecoversOnFreeze (0.00s)
=== RUN   TestC02PermanentENOSPCAbortsFrozenSlice
2026/08/17 02:33:40.993481 juicefs[1382295] <INFO>: flush inode: 2 chunk: 0 err: no space left on device [flushData@writer.go:117]
--- PASS: TestC02PermanentENOSPCAbortsFrozenSlice (0.00s)
=== RUN   TestC02FrozenSliceSkipsCatchupFlush
--- PASS: TestC02FrozenSliceSkipsCatchupFlush (0.00s)
=== RUN   TestC02ConcurrentIndependentFullBlocks
--- PASS: TestC02ConcurrentIndependentFullBlocks (0.00s)
=== RUN   TestC02FullBlockDispatchAfterDelayedID
--- PASS: TestC02FullBlockDispatchAfterDelayedID (0.05s)
=== RUN   TestC02MultiBlockDispatchUsesLatestLength
--- PASS: TestC02MultiBlockDispatchUsesLatestLength (0.05s)
=== RUN   TestC02FlushToFailureIsObservable
2026/08/17 02:33:41.100708 juicefs[1382295] <WARNING>: write inode: 2 chunk: 13 off: 0 C02 injected FlushTo failure [write@writer.go:149]
--- PASS: TestC02FlushToFailureIsObservable (0.00s)
=== RUN   TestC02PartialThenFullAfterIDDispatchesOnce
--- PASS: TestC02PartialThenFullAfterIDDispatchesOnce (0.05s)
=== RUN   TestC02TransientEIORecoversOnFreeze
--- PASS: TestC02TransientEIORecoversOnFreeze (0.00s)
=== RUN   TestC02PermanentENOSPCAbortsFrozenSlice
2026/08/17 02:33:41.155125 juicefs[1382295] <INFO>: flush inode: 2 chunk: 0 err: no space left on device [flushData@writer.go:117]
--- PASS: TestC02PermanentENOSPCAbortsFrozenSlice (0.00s)
=== RUN   TestC02FrozenSliceSkipsCatchupFlush
--- PASS: TestC02FrozenSliceSkipsCatchupFlush (0.00s)
=== RUN   TestC02ConcurrentIndependentFullBlocks
--- PASS: TestC02ConcurrentIndependentFullBlocks (0.00s)
=== RUN   TestC02FullBlockDispatchAfterDelayedID
--- PASS: TestC02FullBlockDispatchAfterDelayedID (0.05s)
=== RUN   TestC02MultiBlockDispatchUsesLatestLength
--- PASS: TestC02MultiBlockDispatchUsesLatestLength (0.05s)
=== RUN   TestC02FlushToFailureIsObservable
2026/08/17 02:33:41.262718 juicefs[1382295] <WARNING>: write inode: 2 chunk: 13 off: 0 C02 injected FlushTo failure [write@writer.go:149]
--- PASS: TestC02FlushToFailureIsObservable (0.00s)
=== RUN   TestC02PartialThenFullAfterIDDispatchesOnce
--- PASS: TestC02PartialThenFullAfterIDDispatchesOnce (0.05s)
=== RUN   TestC02TransientEIORecoversOnFreeze
--- PASS: TestC02TransientEIORecoversOnFreeze (0.00s)
=== RUN   TestC02PermanentENOSPCAbortsFrozenSlice
2026/08/17 02:33:41.316673 juicefs[1382295] <INFO>: flush inode: 2 chunk: 0 err: no space left on device [flushData@writer.go:117]
--- PASS: TestC02PermanentENOSPCAbortsFrozenSlice (0.00s)
=== RUN   TestC02FrozenSliceSkipsCatchupFlush
--- PASS: TestC02FrozenSliceSkipsCatchupFlush (0.00s)
=== RUN   TestC02ConcurrentIndependentFullBlocks
--- PASS: TestC02ConcurrentIndependentFullBlocks (0.00s)
=== RUN   TestC02FullBlockDispatchAfterDelayedID
--- PASS: TestC02FullBlockDispatchAfterDelayedID (0.05s)
=== RUN   TestC02MultiBlockDispatchUsesLatestLength
--- PASS: TestC02MultiBlockDispatchUsesLatestLength (0.05s)
=== RUN   TestC02FlushToFailureIsObservable
2026/08/17 02:33:41.423595 juicefs[1382295] <WARNING>: write inode: 2 chunk: 13 off: 0 C02 injected FlushTo failure [write@writer.go:149]
--- PASS: TestC02FlushToFailureIsObservable (0.00s)
=== RUN   TestC02PartialThenFullAfterIDDispatchesOnce
--- PASS: TestC02PartialThenFullAfterIDDispatchesOnce (0.05s)
=== RUN   TestC02TransientEIORecoversOnFreeze
--- PASS: TestC02TransientEIORecoversOnFreeze (0.00s)
=== RUN   TestC02PermanentENOSPCAbortsFrozenSlice
2026/08/17 02:33:41.477704 juicefs[1382295] <INFO>: flush inode: 2 chunk: 0 err: no space left on device [flushData@writer.go:117]
--- PASS: TestC02PermanentENOSPCAbortsFrozenSlice (0.00s)
=== RUN   TestC02FrozenSliceSkipsCatchupFlush
--- PASS: TestC02FrozenSliceSkipsCatchupFlush (0.00s)
=== RUN   TestC02ConcurrentIndependentFullBlocks
--- PASS: TestC02ConcurrentIndependentFullBlocks (0.00s)
=== RUN   TestC02FullBlockDispatchAfterDelayedID
--- PASS: TestC02FullBlockDispatchAfterDelayedID (0.05s)
=== RUN   TestC02MultiBlockDispatchUsesLatestLength
--- PASS: TestC02MultiBlockDispatchUsesLatestLength (0.05s)
=== RUN   TestC02FlushToFailureIsObservable
2026/08/17 02:33:41.585148 juicefs[1382295] <WARNING>: write inode: 2 chunk: 13 off: 0 C02 injected FlushTo failure [write@writer.go:149]
--- PASS: TestC02FlushToFailureIsObservable (0.00s)
=== RUN   TestC02PartialThenFullAfterIDDispatchesOnce
--- PASS: TestC02PartialThenFullAfterIDDispatchesOnce (0.05s)
=== RUN   TestC02TransientEIORecoversOnFreeze
--- PASS: TestC02TransientEIORecoversOnFreeze (0.00s)
=== RUN   TestC02PermanentENOSPCAbortsFrozenSlice
2026/08/17 02:33:41.639193 juicefs[1382295] <INFO>: flush inode: 2 chunk: 0 err: no space left on device [flushData@writer.go:117]
--- PASS: TestC02PermanentENOSPCAbortsFrozenSlice (0.00s)
=== RUN   TestC02FrozenSliceSkipsCatchupFlush
--- PASS: TestC02FrozenSliceSkipsCatchupFlush (0.00s)
=== RUN   TestC02ConcurrentIndependentFullBlocks
--- PASS: TestC02ConcurrentIndependentFullBlocks (0.00s)
=== RUN   TestC02FullBlockDispatchAfterDelayedID
--- PASS: TestC02FullBlockDispatchAfterDelayedID (0.05s)
=== RUN   TestC02MultiBlockDispatchUsesLatestLength
--- PASS: TestC02MultiBlockDispatchUsesLatestLength (0.05s)
=== RUN   TestC02FlushToFailureIsObservable
2026/08/17 02:33:41.746204 juicefs[1382295] <WARNING>: write inode: 2 chunk: 13 off: 0 C02 injected FlushTo failure [write@writer.go:149]
--- PASS: TestC02FlushToFailureIsObservable (0.00s)
=== RUN   TestC02PartialThenFullAfterIDDispatchesOnce
--- PASS: TestC02PartialThenFullAfterIDDispatchesOnce (0.05s)
=== RUN   TestC02TransientEIORecoversOnFreeze
--- PASS: TestC02TransientEIORecoversOnFreeze (0.00s)
=== RUN   TestC02PermanentENOSPCAbortsFrozenSlice
2026/08/17 02:33:41.800156 juicefs[1382295] <INFO>: flush inode: 2 chunk: 0 err: no space left on device [flushData@writer.go:117]
--- PASS: TestC02PermanentENOSPCAbortsFrozenSlice (0.00s)
=== RUN   TestC02FrozenSliceSkipsCatchupFlush
--- PASS: TestC02FrozenSliceSkipsCatchupFlush (0.00s)
=== RUN   TestC02ConcurrentIndependentFullBlocks
--- PASS: TestC02ConcurrentIndependentFullBlocks (0.00s)
=== RUN   TestC02FullBlockDispatchAfterDelayedID
--- PASS: TestC02FullBlockDispatchAfterDelayedID (0.05s)
=== RUN   TestC02MultiBlockDispatchUsesLatestLength
--- PASS: TestC02MultiBlockDispatchUsesLatestLength (0.05s)
=== RUN   TestC02FlushToFailureIsObservable
2026/08/17 02:33:41.906879 juicefs[1382295] <WARNING>: write inode: 2 chunk: 13 off: 0 C02 injected FlushTo failure [write@writer.go:149]
--- PASS: TestC02FlushToFailureIsObservable (0.00s)
=== RUN   TestC02PartialThenFullAfterIDDispatchesOnce
--- PASS: TestC02PartialThenFullAfterIDDispatchesOnce (0.05s)
=== RUN   TestC02TransientEIORecoversOnFreeze
--- PASS: TestC02TransientEIORecoversOnFreeze (0.00s)
=== RUN   TestC02PermanentENOSPCAbortsFrozenSlice
2026/08/17 02:33:41.961000 juicefs[1382295] <INFO>: flush inode: 2 chunk: 0 err: no space left on device [flushData@writer.go:117]
--- PASS: TestC02PermanentENOSPCAbortsFrozenSlice (0.00s)
=== RUN   TestC02FrozenSliceSkipsCatchupFlush
--- PASS: TestC02FrozenSliceSkipsCatchupFlush (0.00s)
=== RUN   TestC02ConcurrentIndependentFullBlocks
--- PASS: TestC02ConcurrentIndependentFullBlocks (0.00s)
=== RUN   TestC02FullBlockDispatchAfterDelayedID
--- PASS: TestC02FullBlockDispatchAfterDelayedID (0.05s)
=== RUN   TestC02MultiBlockDispatchUsesLatestLength
--- PASS: TestC02MultiBlockDispatchUsesLatestLength (0.05s)
=== RUN   TestC02FlushToFailureIsObservable
2026/08/17 02:33:42.068064 juicefs[1382295] <WARNING>: write inode: 2 chunk: 13 off: 0 C02 injected FlushTo failure [write@writer.go:149]
--- PASS: TestC02FlushToFailureIsObservable (0.00s)
=== RUN   TestC02PartialThenFullAfterIDDispatchesOnce
--- PASS: TestC02PartialThenFullAfterIDDispatchesOnce (0.05s)
=== RUN   TestC02TransientEIORecoversOnFreeze
--- PASS: TestC02TransientEIORecoversOnFreeze (0.00s)
=== RUN   TestC02PermanentENOSPCAbortsFrozenSlice
2026/08/17 02:33:42.122019 juicefs[1382295] <INFO>: flush inode: 2 chunk: 0 err: no space left on device [flushData@writer.go:117]
--- PASS: TestC02PermanentENOSPCAbortsFrozenSlice (0.00s)
=== RUN   TestC02FrozenSliceSkipsCatchupFlush
--- PASS: TestC02FrozenSliceSkipsCatchupFlush (0.00s)
=== RUN   TestC02ConcurrentIndependentFullBlocks
--- PASS: TestC02ConcurrentIndependentFullBlocks (0.00s)
=== RUN   TestC02FullBlockDispatchAfterDelayedID
--- PASS: TestC02FullBlockDispatchAfterDelayedID (0.05s)
=== RUN   TestC02MultiBlockDispatchUsesLatestLength
--- PASS: TestC02MultiBlockDispatchUsesLatestLength (0.05s)
=== RUN   TestC02FlushToFailureIsObservable
2026/08/17 02:33:42.230057 juicefs[1382295] <WARNING>: write inode: 2 chunk: 13 off: 0 C02 injected FlushTo failure [write@writer.go:149]
--- PASS: TestC02FlushToFailureIsObservable (0.00s)
=== RUN   TestC02PartialThenFullAfterIDDispatchesOnce
--- PASS: TestC02PartialThenFullAfterIDDispatchesOnce (0.05s)
=== RUN   TestC02TransientEIORecoversOnFreeze
--- PASS: TestC02TransientEIORecoversOnFreeze (0.00s)
=== RUN   TestC02PermanentENOSPCAbortsFrozenSlice
2026/08/17 02:33:42.284142 juicefs[1382295] <INFO>: flush inode: 2 chunk: 0 err: no space left on device [flushData@writer.go:117]
--- PASS: TestC02PermanentENOSPCAbortsFrozenSlice (0.00s)
=== RUN   TestC02FrozenSliceSkipsCatchupFlush
--- PASS: TestC02FrozenSliceSkipsCatchupFlush (0.00s)
=== RUN   TestC02ConcurrentIndependentFullBlocks
--- PASS: TestC02ConcurrentIndependentFullBlocks (0.00s)
=== RUN   TestC02FullBlockDispatchAfterDelayedID
--- PASS: TestC02FullBlockDispatchAfterDelayedID (0.05s)
=== RUN   TestC02MultiBlockDispatchUsesLatestLength
--- PASS: TestC02MultiBlockDispatchUsesLatestLength (0.05s)
=== RUN   TestC02FlushToFailureIsObservable
2026/08/17 02:33:42.391573 juicefs[1382295] <WARNING>: write inode: 2 chunk: 13 off: 0 C02 injected FlushTo failure [write@writer.go:149]
--- PASS: TestC02FlushToFailureIsObservable (0.00s)
=== RUN   TestC02PartialThenFullAfterIDDispatchesOnce
--- PASS: TestC02PartialThenFullAfterIDDispatchesOnce (0.05s)
=== RUN   TestC02TransientEIORecoversOnFreeze
--- PASS: TestC02TransientEIORecoversOnFreeze (0.00s)
=== RUN   TestC02PermanentENOSPCAbortsFrozenSlice
2026/08/17 02:33:42.445768 juicefs[1382295] <INFO>: flush inode: 2 chunk: 0 err: no space left on device [flushData@writer.go:117]
--- PASS: TestC02PermanentENOSPCAbortsFrozenSlice (0.00s)
=== RUN   TestC02FrozenSliceSkipsCatchupFlush
--- PASS: TestC02FrozenSliceSkipsCatchupFlush (0.00s)
=== RUN   TestC02ConcurrentIndependentFullBlocks
--- PASS: TestC02ConcurrentIndependentFullBlocks (0.00s)
=== RUN   TestC02FullBlockDispatchAfterDelayedID
--- PASS: TestC02FullBlockDispatchAfterDelayedID (0.05s)
=== RUN   TestC02MultiBlockDispatchUsesLatestLength
--- PASS: TestC02MultiBlockDispatchUsesLatestLength (0.05s)
=== RUN   TestC02FlushToFailureIsObservable
2026/08/17 02:33:42.552970 juicefs[1382295] <WARNING>: write inode: 2 chunk: 13 off: 0 C02 injected FlushTo failure [write@writer.go:149]
--- PASS: TestC02FlushToFailureIsObservable (0.00s)
=== RUN   TestC02PartialThenFullAfterIDDispatchesOnce
--- PASS: TestC02PartialThenFullAfterIDDispatchesOnce (0.05s)
=== RUN   TestC02TransientEIORecoversOnFreeze
--- PASS: TestC02TransientEIORecoversOnFreeze (0.00s)
=== RUN   TestC02PermanentENOSPCAbortsFrozenSlice
2026/08/17 02:33:42.606955 juicefs[1382295] <INFO>: flush inode: 2 chunk: 0 err: no space left on device [flushData@writer.go:117]
--- PASS: TestC02PermanentENOSPCAbortsFrozenSlice (0.00s)
=== RUN   TestC02FrozenSliceSkipsCatchupFlush
--- PASS: TestC02FrozenSliceSkipsCatchupFlush (0.00s)
=== RUN   TestC02ConcurrentIndependentFullBlocks
--- PASS: TestC02ConcurrentIndependentFullBlocks (0.00s)
=== RUN   TestC02FullBlockDispatchAfterDelayedID
--- PASS: TestC02FullBlockDispatchAfterDelayedID (0.05s)
=== RUN   TestC02MultiBlockDispatchUsesLatestLength
--- PASS: TestC02MultiBlockDispatchUsesLatestLength (0.05s)
=== RUN   TestC02FlushToFailureIsObservable
2026/08/17 02:33:42.714990 juicefs[1382295] <WARNING>: write inode: 2 chunk: 13 off: 0 C02 injected FlushTo failure [write@writer.go:149]
--- PASS: TestC02FlushToFailureIsObservable (0.00s)
=== RUN   TestC02PartialThenFullAfterIDDispatchesOnce
--- PASS: TestC02PartialThenFullAfterIDDispatchesOnce (0.05s)
=== RUN   TestC02TransientEIORecoversOnFreeze
--- PASS: TestC02TransientEIORecoversOnFreeze (0.00s)
=== RUN   TestC02PermanentENOSPCAbortsFrozenSlice
2026/08/17 02:33:42.768847 juicefs[1382295] <INFO>: flush inode: 2 chunk: 0 err: no space left on device [flushData@writer.go:117]
--- PASS: TestC02PermanentENOSPCAbortsFrozenSlice (0.00s)
=== RUN   TestC02FrozenSliceSkipsCatchupFlush
--- PASS: TestC02FrozenSliceSkipsCatchupFlush (0.00s)
=== RUN   TestC02ConcurrentIndependentFullBlocks
--- PASS: TestC02ConcurrentIndependentFullBlocks (0.00s)
=== RUN   TestC02FullBlockDispatchAfterDelayedID
--- PASS: TestC02FullBlockDispatchAfterDelayedID (0.05s)
=== RUN   TestC02MultiBlockDispatchUsesLatestLength
--- PASS: TestC02MultiBlockDispatchUsesLatestLength (0.05s)
=== RUN   TestC02FlushToFailureIsObservable
2026/08/17 02:33:42.876397 juicefs[1382295] <WARNING>: write inode: 2 chunk: 13 off: 0 C02 injected FlushTo failure [write@writer.go:149]
--- PASS: TestC02FlushToFailureIsObservable (0.00s)
=== RUN   TestC02PartialThenFullAfterIDDispatchesOnce
--- PASS: TestC02PartialThenFullAfterIDDispatchesOnce (0.05s)
=== RUN   TestC02TransientEIORecoversOnFreeze
--- PASS: TestC02TransientEIORecoversOnFreeze (0.00s)
=== RUN   TestC02PermanentENOSPCAbortsFrozenSlice
2026/08/17 02:33:42.930934 juicefs[1382295] <INFO>: flush inode: 2 chunk: 0 err: no space left on device [flushData@writer.go:117]
--- PASS: TestC02PermanentENOSPCAbortsFrozenSlice (0.00s)
=== RUN   TestC02FrozenSliceSkipsCatchupFlush
--- PASS: TestC02FrozenSliceSkipsCatchupFlush (0.00s)
=== RUN   TestC02ConcurrentIndependentFullBlocks
--- PASS: TestC02ConcurrentIndependentFullBlocks (0.00s)
=== RUN   TestC02FullBlockDispatchAfterDelayedID
--- PASS: TestC02FullBlockDispatchAfterDelayedID (0.05s)
=== RUN   TestC02MultiBlockDispatchUsesLatestLength
--- PASS: TestC02MultiBlockDispatchUsesLatestLength (0.05s)
=== RUN   TestC02FlushToFailureIsObservable
2026/08/17 02:33:43.039189 juicefs[1382295] <WARNING>: write inode: 2 chunk: 13 off: 0 C02 injected FlushTo failure [write@writer.go:149]
--- PASS: TestC02FlushToFailureIsObservable (0.00s)
=== RUN   TestC02PartialThenFullAfterIDDispatchesOnce
--- PASS: TestC02PartialThenFullAfterIDDispatchesOnce (0.05s)
=== RUN   TestC02TransientEIORecoversOnFreeze
--- PASS: TestC02TransientEIORecoversOnFreeze (0.00s)
=== RUN   TestC02PermanentENOSPCAbortsFrozenSlice
2026/08/17 02:33:43.093064 juicefs[1382295] <INFO>: flush inode: 2 chunk: 0 err: no space left on device [flushData@writer.go:117]
--- PASS: TestC02PermanentENOSPCAbortsFrozenSlice (0.00s)
=== RUN   TestC02FrozenSliceSkipsCatchupFlush
--- PASS: TestC02FrozenSliceSkipsCatchupFlush (0.00s)
=== RUN   TestC02ConcurrentIndependentFullBlocks
--- PASS: TestC02ConcurrentIndependentFullBlocks (0.00s)
=== RUN   TestC02FullBlockDispatchAfterDelayedID
--- PASS: TestC02FullBlockDispatchAfterDelayedID (0.05s)
=== RUN   TestC02MultiBlockDispatchUsesLatestLength
--- PASS: TestC02MultiBlockDispatchUsesLatestLength (0.05s)
=== RUN   TestC02FlushToFailureIsObservable
2026/08/17 02:33:43.200726 juicefs[1382295] <WARNING>: write inode: 2 chunk: 13 off: 0 C02 injected FlushTo failure [write@writer.go:149]
--- PASS: TestC02FlushToFailureIsObservable (0.00s)
=== RUN   TestC02PartialThenFullAfterIDDispatchesOnce
--- PASS: TestC02PartialThenFullAfterIDDispatchesOnce (0.05s)
=== RUN   TestC02TransientEIORecoversOnFreeze
--- PASS: TestC02TransientEIORecoversOnFreeze (0.00s)
=== RUN   TestC02PermanentENOSPCAbortsFrozenSlice
2026/08/17 02:33:43.254973 juicefs[1382295] <INFO>: flush inode: 2 chunk: 0 err: no space left on device [flushData@writer.go:117]
--- PASS: TestC02PermanentENOSPCAbortsFrozenSlice (0.00s)
=== RUN   TestC02FrozenSliceSkipsCatchupFlush
--- PASS: TestC02FrozenSliceSkipsCatchupFlush (0.00s)
=== RUN   TestC02ConcurrentIndependentFullBlocks
--- PASS: TestC02ConcurrentIndependentFullBlocks (0.00s)
=== RUN   TestC02FullBlockDispatchAfterDelayedID
--- PASS: TestC02FullBlockDispatchAfterDelayedID (0.05s)
=== RUN   TestC02MultiBlockDispatchUsesLatestLength
--- PASS: TestC02MultiBlockDispatchUsesLatestLength (0.05s)
=== RUN   TestC02FlushToFailureIsObservable
2026/08/17 02:33:43.362686 juicefs[1382295] <WARNING>: write inode: 2 chunk: 13 off: 0 C02 injected FlushTo failure [write@writer.go:149]
--- PASS: TestC02FlushToFailureIsObservable (0.00s)
=== RUN   TestC02PartialThenFullAfterIDDispatchesOnce
--- PASS: TestC02PartialThenFullAfterIDDispatchesOnce (0.05s)
=== RUN   TestC02TransientEIORecoversOnFreeze
--- PASS: TestC02TransientEIORecoversOnFreeze (0.00s)
=== RUN   TestC02PermanentENOSPCAbortsFrozenSlice
2026/08/17 02:33:43.416608 juicefs[1382295] <INFO>: flush inode: 2 chunk: 0 err: no space left on device [flushData@writer.go:117]
--- PASS: TestC02PermanentENOSPCAbortsFrozenSlice (0.00s)
=== RUN   TestC02FrozenSliceSkipsCatchupFlush
--- PASS: TestC02FrozenSliceSkipsCatchupFlush (0.00s)
=== RUN   TestC02ConcurrentIndependentFullBlocks
--- PASS: TestC02ConcurrentIndependentFullBlocks (0.00s)
=== RUN   TestC02FullBlockDispatchAfterDelayedID
--- PASS: TestC02FullBlockDispatchAfterDelayedID (0.05s)
=== RUN   TestC02MultiBlockDispatchUsesLatestLength
--- PASS: TestC02MultiBlockDispatchUsesLatestLength (0.05s)
=== RUN   TestC02FlushToFailureIsObservable
2026/08/17 02:33:43.524271 juicefs[1382295] <WARNING>: write inode: 2 chunk: 13 off: 0 C02 injected FlushTo failure [write@writer.go:149]
--- PASS: TestC02FlushToFailureIsObservable (0.00s)
=== RUN   TestC02PartialThenFullAfterIDDispatchesOnce
--- PASS: TestC02PartialThenFullAfterIDDispatchesOnce (0.05s)
=== RUN   TestC02TransientEIORecoversOnFreeze
--- PASS: TestC02TransientEIORecoversOnFreeze (0.00s)
=== RUN   TestC02PermanentENOSPCAbortsFrozenSlice
2026/08/17 02:33:43.578355 juicefs[1382295] <INFO>: flush inode: 2 chunk: 0 err: no space left on device [flushData@writer.go:117]
--- PASS: TestC02PermanentENOSPCAbortsFrozenSlice (0.00s)
=== RUN   TestC02FrozenSliceSkipsCatchupFlush
--- PASS: TestC02FrozenSliceSkipsCatchupFlush (0.00s)
=== RUN   TestC02ConcurrentIndependentFullBlocks
--- PASS: TestC02ConcurrentIndependentFullBlocks (0.00s)
=== RUN   TestC02FullBlockDispatchAfterDelayedID
--- PASS: TestC02FullBlockDispatchAfterDelayedID (0.05s)
=== RUN   TestC02MultiBlockDispatchUsesLatestLength
--- PASS: TestC02MultiBlockDispatchUsesLatestLength (0.05s)
=== RUN   TestC02FlushToFailureIsObservable
2026/08/17 02:33:43.685983 juicefs[1382295] <WARNING>: write inode: 2 chunk: 13 off: 0 C02 injected FlushTo failure [write@writer.go:149]
--- PASS: TestC02FlushToFailureIsObservable (0.00s)
=== RUN   TestC02PartialThenFullAfterIDDispatchesOnce
--- PASS: TestC02PartialThenFullAfterIDDispatchesOnce (0.05s)
=== RUN   TestC02TransientEIORecoversOnFreeze
--- PASS: TestC02TransientEIORecoversOnFreeze (0.00s)
=== RUN   TestC02PermanentENOSPCAbortsFrozenSlice
2026/08/17 02:33:43.739960 juicefs[1382295] <INFO>: flush inode: 2 chunk: 0 err: no space left on device [flushData@writer.go:117]
--- PASS: TestC02PermanentENOSPCAbortsFrozenSlice (0.00s)
=== RUN   TestC02FrozenSliceSkipsCatchupFlush
--- PASS: TestC02FrozenSliceSkipsCatchupFlush (0.00s)
=== RUN   TestC02ConcurrentIndependentFullBlocks
--- PASS: TestC02ConcurrentIndependentFullBlocks (0.00s)
=== RUN   TestC02FullBlockDispatchAfterDelayedID
--- PASS: TestC02FullBlockDispatchAfterDelayedID (0.05s)
=== RUN   TestC02MultiBlockDispatchUsesLatestLength
--- PASS: TestC02MultiBlockDispatchUsesLatestLength (0.05s)
=== RUN   TestC02FlushToFailureIsObservable
2026/08/17 02:33:43.847958 juicefs[1382295] <WARNING>: write inode: 2 chunk: 13 off: 0 C02 injected FlushTo failure [write@writer.go:149]
--- PASS: TestC02FlushToFailureIsObservable (0.00s)
=== RUN   TestC02PartialThenFullAfterIDDispatchesOnce
--- PASS: TestC02PartialThenFullAfterIDDispatchesOnce (0.05s)
=== RUN   TestC02TransientEIORecoversOnFreeze
--- PASS: TestC02TransientEIORecoversOnFreeze (0.00s)
=== RUN   TestC02PermanentENOSPCAbortsFrozenSlice
2026/08/17 02:33:43.901952 juicefs[1382295] <INFO>: flush inode: 2 chunk: 0 err: no space left on device [flushData@writer.go:117]
--- PASS: TestC02PermanentENOSPCAbortsFrozenSlice (0.00s)
=== RUN   TestC02FrozenSliceSkipsCatchupFlush
--- PASS: TestC02FrozenSliceSkipsCatchupFlush (0.00s)
=== RUN   TestC02ConcurrentIndependentFullBlocks
--- PASS: TestC02ConcurrentIndependentFullBlocks (0.00s)
=== RUN   TestC02FullBlockDispatchAfterDelayedID
--- PASS: TestC02FullBlockDispatchAfterDelayedID (0.05s)
=== RUN   TestC02MultiBlockDispatchUsesLatestLength
--- PASS: TestC02MultiBlockDispatchUsesLatestLength (0.05s)
=== RUN   TestC02FlushToFailureIsObservable
2026/08/17 02:33:44.009477 juicefs[1382295] <WARNING>: write inode: 2 chunk: 13 off: 0 C02 injected FlushTo failure [write@writer.go:149]
--- PASS: TestC02FlushToFailureIsObservable (0.00s)
=== RUN   TestC02PartialThenFullAfterIDDispatchesOnce
--- PASS: TestC02PartialThenFullAfterIDDispatchesOnce (0.05s)
=== RUN   TestC02TransientEIORecoversOnFreeze
--- PASS: TestC02TransientEIORecoversOnFreeze (0.00s)
=== RUN   TestC02PermanentENOSPCAbortsFrozenSlice
2026/08/17 02:33:44.063496 juicefs[1382295] <INFO>: flush inode: 2 chunk: 0 err: no space left on device [flushData@writer.go:117]
--- PASS: TestC02PermanentENOSPCAbortsFrozenSlice (0.00s)
=== RUN   TestC02FrozenSliceSkipsCatchupFlush
--- PASS: TestC02FrozenSliceSkipsCatchupFlush (0.00s)
=== RUN   TestC02ConcurrentIndependentFullBlocks
--- PASS: TestC02ConcurrentIndependentFullBlocks (0.00s)
=== RUN   TestC02FullBlockDispatchAfterDelayedID
--- PASS: TestC02FullBlockDispatchAfterDelayedID (0.05s)
=== RUN   TestC02MultiBlockDispatchUsesLatestLength
--- PASS: TestC02MultiBlockDispatchUsesLatestLength (0.05s)
=== RUN   TestC02FlushToFailureIsObservable
2026/08/17 02:33:44.170539 juicefs[1382295] <WARNING>: write inode: 2 chunk: 13 off: 0 C02 injected FlushTo failure [write@writer.go:149]
--- PASS: TestC02FlushToFailureIsObservable (0.00s)
=== RUN   TestC02PartialThenFullAfterIDDispatchesOnce
--- PASS: TestC02PartialThenFullAfterIDDispatchesOnce (0.05s)
=== RUN   TestC02TransientEIORecoversOnFreeze
--- PASS: TestC02TransientEIORecoversOnFreeze (0.00s)
=== RUN   TestC02PermanentENOSPCAbortsFrozenSlice
2026/08/17 02:33:44.224733 juicefs[1382295] <INFO>: flush inode: 2 chunk: 0 err: no space left on device [flushData@writer.go:117]
--- PASS: TestC02PermanentENOSPCAbortsFrozenSlice (0.00s)
=== RUN   TestC02FrozenSliceSkipsCatchupFlush
--- PASS: TestC02FrozenSliceSkipsCatchupFlush (0.00s)
=== RUN   TestC02ConcurrentIndependentFullBlocks
--- PASS: TestC02ConcurrentIndependentFullBlocks (0.00s)
=== RUN   TestC02FullBlockDispatchAfterDelayedID
--- PASS: TestC02FullBlockDispatchAfterDelayedID (0.05s)
=== RUN   TestC02MultiBlockDispatchUsesLatestLength
--- PASS: TestC02MultiBlockDispatchUsesLatestLength (0.05s)
=== RUN   TestC02FlushToFailureIsObservable
2026/08/17 02:33:44.332092 juicefs[1382295] <WARNING>: write inode: 2 chunk: 13 off: 0 C02 injected FlushTo failure [write@writer.go:149]
--- PASS: TestC02FlushToFailureIsObservable (0.00s)
=== RUN   TestC02PartialThenFullAfterIDDispatchesOnce
--- PASS: TestC02PartialThenFullAfterIDDispatchesOnce (0.05s)
=== RUN   TestC02TransientEIORecoversOnFreeze
--- PASS: TestC02TransientEIORecoversOnFreeze (0.00s)
=== RUN   TestC02PermanentENOSPCAbortsFrozenSlice
2026/08/17 02:33:44.386365 juicefs[1382295] <INFO>: flush inode: 2 chunk: 0 err: no space left on device [flushData@writer.go:117]
--- PASS: TestC02PermanentENOSPCAbortsFrozenSlice (0.00s)
=== RUN   TestC02FrozenSliceSkipsCatchupFlush
--- PASS: TestC02FrozenSliceSkipsCatchupFlush (0.00s)
=== RUN   TestC02ConcurrentIndependentFullBlocks
--- PASS: TestC02ConcurrentIndependentFullBlocks (0.00s)
=== RUN   TestC02FullBlockDispatchAfterDelayedID
--- PASS: TestC02FullBlockDispatchAfterDelayedID (0.05s)
=== RUN   TestC02MultiBlockDispatchUsesLatestLength
--- PASS: TestC02MultiBlockDispatchUsesLatestLength (0.05s)
=== RUN   TestC02FlushToFailureIsObservable
2026/08/17 02:33:44.493782 juicefs[1382295] <WARNING>: write inode: 2 chunk: 13 off: 0 C02 injected FlushTo failure [write@writer.go:149]
--- PASS: TestC02FlushToFailureIsObservable (0.00s)
=== RUN   TestC02PartialThenFullAfterIDDispatchesOnce
--- PASS: TestC02PartialThenFullAfterIDDispatchesOnce (0.05s)
=== RUN   TestC02TransientEIORecoversOnFreeze
--- PASS: TestC02TransientEIORecoversOnFreeze (0.00s)
=== RUN   TestC02PermanentENOSPCAbortsFrozenSlice
2026/08/17 02:33:44.547864 juicefs[1382295] <INFO>: flush inode: 2 chunk: 0 err: no space left on device [flushData@writer.go:117]
--- PASS: TestC02PermanentENOSPCAbortsFrozenSlice (0.00s)
=== RUN   TestC02FrozenSliceSkipsCatchupFlush
--- PASS: TestC02FrozenSliceSkipsCatchupFlush (0.00s)
=== RUN   TestC02ConcurrentIndependentFullBlocks
--- PASS: TestC02ConcurrentIndependentFullBlocks (0.00s)
=== RUN   TestC02FullBlockDispatchAfterDelayedID
--- PASS: TestC02FullBlockDispatchAfterDelayedID (0.05s)
=== RUN   TestC02MultiBlockDispatchUsesLatestLength
--- PASS: TestC02MultiBlockDispatchUsesLatestLength (0.05s)
=== RUN   TestC02FlushToFailureIsObservable
2026/08/17 02:33:44.655337 juicefs[1382295] <WARNING>: write inode: 2 chunk: 13 off: 0 C02 injected FlushTo failure [write@writer.go:149]
--- PASS: TestC02FlushToFailureIsObservable (0.00s)
=== RUN   TestC02PartialThenFullAfterIDDispatchesOnce
--- PASS: TestC02PartialThenFullAfterIDDispatchesOnce (0.05s)
=== RUN   TestC02TransientEIORecoversOnFreeze
--- PASS: TestC02TransientEIORecoversOnFreeze (0.00s)
=== RUN   TestC02PermanentENOSPCAbortsFrozenSlice
2026/08/17 02:33:44.709441 juicefs[1382295] <INFO>: flush inode: 2 chunk: 0 err: no space left on device [flushData@writer.go:117]
--- PASS: TestC02PermanentENOSPCAbortsFrozenSlice (0.00s)
=== RUN   TestC02FrozenSliceSkipsCatchupFlush
--- PASS: TestC02FrozenSliceSkipsCatchupFlush (0.00s)
=== RUN   TestC02ConcurrentIndependentFullBlocks
--- PASS: TestC02ConcurrentIndependentFullBlocks (0.00s)
=== RUN   TestC02FullBlockDispatchAfterDelayedID
--- PASS: TestC02FullBlockDispatchAfterDelayedID (0.05s)
=== RUN   TestC02MultiBlockDispatchUsesLatestLength
--- PASS: TestC02MultiBlockDispatchUsesLatestLength (0.05s)
=== RUN   TestC02FlushToFailureIsObservable
2026/08/17 02:33:44.816323 juicefs[1382295] <WARNING>: write inode: 2 chunk: 13 off: 0 C02 injected FlushTo failure [write@writer.go:149]
--- PASS: TestC02FlushToFailureIsObservable (0.00s)
=== RUN   TestC02PartialThenFullAfterIDDispatchesOnce
--- PASS: TestC02PartialThenFullAfterIDDispatchesOnce (0.05s)
=== RUN   TestC02TransientEIORecoversOnFreeze
--- PASS: TestC02TransientEIORecoversOnFreeze (0.00s)
=== RUN   TestC02PermanentENOSPCAbortsFrozenSlice
2026/08/17 02:33:44.870578 juicefs[1382295] <INFO>: flush inode: 2 chunk: 0 err: no space left on device [flushData@writer.go:117]
--- PASS: TestC02PermanentENOSPCAbortsFrozenSlice (0.00s)
=== RUN   TestC02FrozenSliceSkipsCatchupFlush
--- PASS: TestC02FrozenSliceSkipsCatchupFlush (0.00s)
=== RUN   TestC02ConcurrentIndependentFullBlocks
--- PASS: TestC02ConcurrentIndependentFullBlocks (0.00s)
=== RUN   TestC02FullBlockDispatchAfterDelayedID
--- PASS: TestC02FullBlockDispatchAfterDelayedID (0.05s)
=== RUN   TestC02MultiBlockDispatchUsesLatestLength
--- PASS: TestC02MultiBlockDispatchUsesLatestLength (0.05s)
=== RUN   TestC02FlushToFailureIsObservable
2026/08/17 02:33:44.978766 juicefs[1382295] <WARNING>: write inode: 2 chunk: 13 off: 0 C02 injected FlushTo failure [write@writer.go:149]
--- PASS: TestC02FlushToFailureIsObservable (0.00s)
=== RUN   TestC02PartialThenFullAfterIDDispatchesOnce
--- PASS: TestC02PartialThenFullAfterIDDispatchesOnce (0.05s)
=== RUN   TestC02TransientEIORecoversOnFreeze
--- PASS: TestC02TransientEIORecoversOnFreeze (0.00s)
=== RUN   TestC02PermanentENOSPCAbortsFrozenSlice
2026/08/17 02:33:45.032898 juicefs[1382295] <INFO>: flush inode: 2 chunk: 0 err: no space left on device [flushData@writer.go:117]
--- PASS: TestC02PermanentENOSPCAbortsFrozenSlice (0.00s)
=== RUN   TestC02FrozenSliceSkipsCatchupFlush
--- PASS: TestC02FrozenSliceSkipsCatchupFlush (0.00s)
=== RUN   TestC02ConcurrentIndependentFullBlocks
--- PASS: TestC02ConcurrentIndependentFullBlocks (0.00s)
=== RUN   TestC02FullBlockDispatchAfterDelayedID
--- PASS: TestC02FullBlockDispatchAfterDelayedID (0.05s)
=== RUN   TestC02MultiBlockDispatchUsesLatestLength
--- PASS: TestC02MultiBlockDispatchUsesLatestLength (0.05s)
=== RUN   TestC02FlushToFailureIsObservable
2026/08/17 02:33:45.139876 juicefs[1382295] <WARNING>: write inode: 2 chunk: 13 off: 0 C02 injected FlushTo failure [write@writer.go:149]
--- PASS: TestC02FlushToFailureIsObservable (0.00s)
=== RUN   TestC02PartialThenFullAfterIDDispatchesOnce
--- PASS: TestC02PartialThenFullAfterIDDispatchesOnce (0.05s)
=== RUN   TestC02TransientEIORecoversOnFreeze
--- PASS: TestC02TransientEIORecoversOnFreeze (0.00s)
=== RUN   TestC02PermanentENOSPCAbortsFrozenSlice
2026/08/17 02:33:45.193957 juicefs[1382295] <INFO>: flush inode: 2 chunk: 0 err: no space left on device [flushData@writer.go:117]
--- PASS: TestC02PermanentENOSPCAbortsFrozenSlice (0.00s)
=== RUN   TestC02FrozenSliceSkipsCatchupFlush
--- PASS: TestC02FrozenSliceSkipsCatchupFlush (0.00s)
=== RUN   TestC02ConcurrentIndependentFullBlocks
--- PASS: TestC02ConcurrentIndependentFullBlocks (0.00s)
=== RUN   TestC02FullBlockDispatchAfterDelayedID
--- PASS: TestC02FullBlockDispatchAfterDelayedID (0.05s)
=== RUN   TestC02MultiBlockDispatchUsesLatestLength
--- PASS: TestC02MultiBlockDispatchUsesLatestLength (0.05s)
=== RUN   TestC02FlushToFailureIsObservable
2026/08/17 02:33:45.301037 juicefs[1382295] <WARNING>: write inode: 2 chunk: 13 off: 0 C02 injected FlushTo failure [write@writer.go:149]
--- PASS: TestC02FlushToFailureIsObservable (0.00s)
=== RUN   TestC02PartialThenFullAfterIDDispatchesOnce
--- PASS: TestC02PartialThenFullAfterIDDispatchesOnce (0.05s)
=== RUN   TestC02TransientEIORecoversOnFreeze
--- PASS: TestC02TransientEIORecoversOnFreeze (0.00s)
=== RUN   TestC02PermanentENOSPCAbortsFrozenSlice
2026/08/17 02:33:45.355021 juicefs[1382295] <INFO>: flush inode: 2 chunk: 0 err: no space left on device [flushData@writer.go:117]
--- PASS: TestC02PermanentENOSPCAbortsFrozenSlice (0.00s)
=== RUN   TestC02FrozenSliceSkipsCatchupFlush
--- PASS: TestC02FrozenSliceSkipsCatchupFlush (0.00s)
=== RUN   TestC02ConcurrentIndependentFullBlocks
--- PASS: TestC02ConcurrentIndependentFullBlocks (0.00s)
=== RUN   TestC02FullBlockDispatchAfterDelayedID
--- PASS: TestC02FullBlockDispatchAfterDelayedID (0.05s)
=== RUN   TestC02MultiBlockDispatchUsesLatestLength
--- PASS: TestC02MultiBlockDispatchUsesLatestLength (0.05s)
=== RUN   TestC02FlushToFailureIsObservable
2026/08/17 02:33:45.461800 juicefs[1382295] <WARNING>: write inode: 2 chunk: 13 off: 0 C02 injected FlushTo failure [write@writer.go:149]
--- PASS: TestC02FlushToFailureIsObservable (0.00s)
=== RUN   TestC02PartialThenFullAfterIDDispatchesOnce
--- PASS: TestC02PartialThenFullAfterIDDispatchesOnce (0.05s)
=== RUN   TestC02TransientEIORecoversOnFreeze
--- PASS: TestC02TransientEIORecoversOnFreeze (0.00s)
=== RUN   TestC02PermanentENOSPCAbortsFrozenSlice
2026/08/17 02:33:45.515936 juicefs[1382295] <INFO>: flush inode: 2 chunk: 0 err: no space left on device [flushData@writer.go:117]
--- PASS: TestC02PermanentENOSPCAbortsFrozenSlice (0.00s)
=== RUN   TestC02FrozenSliceSkipsCatchupFlush
--- PASS: TestC02FrozenSliceSkipsCatchupFlush (0.00s)
=== RUN   TestC02ConcurrentIndependentFullBlocks
--- PASS: TestC02ConcurrentIndependentFullBlocks (0.00s)
=== RUN   TestC02FullBlockDispatchAfterDelayedID
--- PASS: TestC02FullBlockDispatchAfterDelayedID (0.05s)
=== RUN   TestC02MultiBlockDispatchUsesLatestLength
--- PASS: TestC02MultiBlockDispatchUsesLatestLength (0.05s)
=== RUN   TestC02FlushToFailureIsObservable
2026/08/17 02:33:45.624108 juicefs[1382295] <WARNING>: write inode: 2 chunk: 13 off: 0 C02 injected FlushTo failure [write@writer.go:149]
--- PASS: TestC02FlushToFailureIsObservable (0.00s)
=== RUN   TestC02PartialThenFullAfterIDDispatchesOnce
--- PASS: TestC02PartialThenFullAfterIDDispatchesOnce (0.05s)
=== RUN   TestC02TransientEIORecoversOnFreeze
--- PASS: TestC02TransientEIORecoversOnFreeze (0.00s)
=== RUN   TestC02PermanentENOSPCAbortsFrozenSlice
2026/08/17 02:33:45.678437 juicefs[1382295] <INFO>: flush inode: 2 chunk: 0 err: no space left on device [flushData@writer.go:117]
--- PASS: TestC02PermanentENOSPCAbortsFrozenSlice (0.00s)
=== RUN   TestC02FrozenSliceSkipsCatchupFlush
--- PASS: TestC02FrozenSliceSkipsCatchupFlush (0.00s)
=== RUN   TestC02ConcurrentIndependentFullBlocks
--- PASS: TestC02ConcurrentIndependentFullBlocks (0.00s)
=== RUN   TestC02FullBlockDispatchAfterDelayedID
--- PASS: TestC02FullBlockDispatchAfterDelayedID (0.05s)
=== RUN   TestC02MultiBlockDispatchUsesLatestLength
--- PASS: TestC02MultiBlockDispatchUsesLatestLength (0.05s)
=== RUN   TestC02FlushToFailureIsObservable
2026/08/17 02:33:45.786184 juicefs[1382295] <WARNING>: write inode: 2 chunk: 13 off: 0 C02 injected FlushTo failure [write@writer.go:149]
--- PASS: TestC02FlushToFailureIsObservable (0.00s)
=== RUN   TestC02PartialThenFullAfterIDDispatchesOnce
--- PASS: TestC02PartialThenFullAfterIDDispatchesOnce (0.05s)
=== RUN   TestC02TransientEIORecoversOnFreeze
--- PASS: TestC02TransientEIORecoversOnFreeze (0.00s)
=== RUN   TestC02PermanentENOSPCAbortsFrozenSlice
2026/08/17 02:33:45.840344 juicefs[1382295] <INFO>: flush inode: 2 chunk: 0 err: no space left on device [flushData@writer.go:117]
--- PASS: TestC02PermanentENOSPCAbortsFrozenSlice (0.00s)
=== RUN   TestC02FrozenSliceSkipsCatchupFlush
--- PASS: TestC02FrozenSliceSkipsCatchupFlush (0.00s)
=== RUN   TestC02ConcurrentIndependentFullBlocks
--- PASS: TestC02ConcurrentIndependentFullBlocks (0.00s)
=== RUN   TestC02FullBlockDispatchAfterDelayedID
--- PASS: TestC02FullBlockDispatchAfterDelayedID (0.05s)
=== RUN   TestC02MultiBlockDispatchUsesLatestLength
--- PASS: TestC02MultiBlockDispatchUsesLatestLength (0.05s)
=== RUN   TestC02FlushToFailureIsObservable
2026/08/17 02:33:45.947243 juicefs[1382295] <WARNING>: write inode: 2 chunk: 13 off: 0 C02 injected FlushTo failure [write@writer.go:149]
--- PASS: TestC02FlushToFailureIsObservable (0.00s)
=== RUN   TestC02PartialThenFullAfterIDDispatchesOnce
--- PASS: TestC02PartialThenFullAfterIDDispatchesOnce (0.05s)
=== RUN   TestC02TransientEIORecoversOnFreeze
--- PASS: TestC02TransientEIORecoversOnFreeze (0.00s)
=== RUN   TestC02PermanentENOSPCAbortsFrozenSlice
2026/08/17 02:33:46.001336 juicefs[1382295] <INFO>: flush inode: 2 chunk: 0 err: no space left on device [flushData@writer.go:117]
--- PASS: TestC02PermanentENOSPCAbortsFrozenSlice (0.00s)
=== RUN   TestC02FrozenSliceSkipsCatchupFlush
--- PASS: TestC02FrozenSliceSkipsCatchupFlush (0.00s)
=== RUN   TestC02ConcurrentIndependentFullBlocks
--- PASS: TestC02ConcurrentIndependentFullBlocks (0.00s)
=== RUN   TestC02FullBlockDispatchAfterDelayedID
--- PASS: TestC02FullBlockDispatchAfterDelayedID (0.05s)
=== RUN   TestC02MultiBlockDispatchUsesLatestLength
--- PASS: TestC02MultiBlockDispatchUsesLatestLength (0.05s)
=== RUN   TestC02FlushToFailureIsObservable
2026/08/17 02:33:46.108785 juicefs[1382295] <WARNING>: write inode: 2 chunk: 13 off: 0 C02 injected FlushTo failure [write@writer.go:149]
--- PASS: TestC02FlushToFailureIsObservable (0.00s)
=== RUN   TestC02PartialThenFullAfterIDDispatchesOnce
--- PASS: TestC02PartialThenFullAfterIDDispatchesOnce (0.05s)
=== RUN   TestC02TransientEIORecoversOnFreeze
--- PASS: TestC02TransientEIORecoversOnFreeze (0.00s)
=== RUN   TestC02PermanentENOSPCAbortsFrozenSlice
2026/08/17 02:33:46.162741 juicefs[1382295] <INFO>: flush inode: 2 chunk: 0 err: no space left on device [flushData@writer.go:117]
--- PASS: TestC02PermanentENOSPCAbortsFrozenSlice (0.00s)
=== RUN   TestC02FrozenSliceSkipsCatchupFlush
--- PASS: TestC02FrozenSliceSkipsCatchupFlush (0.00s)
=== RUN   TestC02ConcurrentIndependentFullBlocks
--- PASS: TestC02ConcurrentIndependentFullBlocks (0.00s)
=== RUN   TestC02FullBlockDispatchAfterDelayedID
--- PASS: TestC02FullBlockDispatchAfterDelayedID (0.05s)
=== RUN   TestC02MultiBlockDispatchUsesLatestLength
--- PASS: TestC02MultiBlockDispatchUsesLatestLength (0.05s)
=== RUN   TestC02FlushToFailureIsObservable
2026/08/17 02:33:46.270216 juicefs[1382295] <WARNING>: write inode: 2 chunk: 13 off: 0 C02 injected FlushTo failure [write@writer.go:149]
--- PASS: TestC02FlushToFailureIsObservable (0.00s)
=== RUN   TestC02PartialThenFullAfterIDDispatchesOnce
--- PASS: TestC02PartialThenFullAfterIDDispatchesOnce (0.05s)
=== RUN   TestC02TransientEIORecoversOnFreeze
--- PASS: TestC02TransientEIORecoversOnFreeze (0.00s)
=== RUN   TestC02PermanentENOSPCAbortsFrozenSlice
2026/08/17 02:33:46.324127 juicefs[1382295] <INFO>: flush inode: 2 chunk: 0 err: no space left on device [flushData@writer.go:117]
--- PASS: TestC02PermanentENOSPCAbortsFrozenSlice (0.00s)
=== RUN   TestC02FrozenSliceSkipsCatchupFlush
--- PASS: TestC02FrozenSliceSkipsCatchupFlush (0.00s)
=== RUN   TestC02ConcurrentIndependentFullBlocks
--- PASS: TestC02ConcurrentIndependentFullBlocks (0.00s)
=== RUN   TestC02FullBlockDispatchAfterDelayedID
--- PASS: TestC02FullBlockDispatchAfterDelayedID (0.05s)
=== RUN   TestC02MultiBlockDispatchUsesLatestLength
--- PASS: TestC02MultiBlockDispatchUsesLatestLength (0.05s)
=== RUN   TestC02FlushToFailureIsObservable
2026/08/17 02:33:46.431958 juicefs[1382295] <WARNING>: write inode: 2 chunk: 13 off: 0 C02 injected FlushTo failure [write@writer.go:149]
--- PASS: TestC02FlushToFailureIsObservable (0.00s)
=== RUN   TestC02PartialThenFullAfterIDDispatchesOnce
--- PASS: TestC02PartialThenFullAfterIDDispatchesOnce (0.05s)
=== RUN   TestC02TransientEIORecoversOnFreeze
--- PASS: TestC02TransientEIORecoversOnFreeze (0.00s)
=== RUN   TestC02PermanentENOSPCAbortsFrozenSlice
2026/08/17 02:33:46.486051 juicefs[1382295] <INFO>: flush inode: 2 chunk: 0 err: no space left on device [flushData@writer.go:117]
--- PASS: TestC02PermanentENOSPCAbortsFrozenSlice (0.00s)
=== RUN   TestC02FrozenSliceSkipsCatchupFlush
--- PASS: TestC02FrozenSliceSkipsCatchupFlush (0.00s)
=== RUN   TestC02ConcurrentIndependentFullBlocks
--- PASS: TestC02ConcurrentIndependentFullBlocks (0.00s)
=== RUN   TestC02FullBlockDispatchAfterDelayedID
--- PASS: TestC02FullBlockDispatchAfterDelayedID (0.05s)
=== RUN   TestC02MultiBlockDispatchUsesLatestLength
--- PASS: TestC02MultiBlockDispatchUsesLatestLength (0.05s)
=== RUN   TestC02FlushToFailureIsObservable
2026/08/17 02:33:46.594114 juicefs[1382295] <WARNING>: write inode: 2 chunk: 13 off: 0 C02 injected FlushTo failure [write@writer.go:149]
--- PASS: TestC02FlushToFailureIsObservable (0.00s)
=== RUN   TestC02PartialThenFullAfterIDDispatchesOnce
--- PASS: TestC02PartialThenFullAfterIDDispatchesOnce (0.05s)
=== RUN   TestC02TransientEIORecoversOnFreeze
--- PASS: TestC02TransientEIORecoversOnFreeze (0.00s)
=== RUN   TestC02PermanentENOSPCAbortsFrozenSlice
2026/08/17 02:33:46.648161 juicefs[1382295] <INFO>: flush inode: 2 chunk: 0 err: no space left on device [flushData@writer.go:117]
--- PASS: TestC02PermanentENOSPCAbortsFrozenSlice (0.00s)
=== RUN   TestC02FrozenSliceSkipsCatchupFlush
--- PASS: TestC02FrozenSliceSkipsCatchupFlush (0.00s)
=== RUN   TestC02ConcurrentIndependentFullBlocks
--- PASS: TestC02ConcurrentIndependentFullBlocks (0.00s)
PASS
ok  	github.com/juicedata/juicefs/pkg/vfs	16.188s
