=== RUN   TestC02FullBlockDispatchAfterDelayedID
--- PASS: TestC02FullBlockDispatchAfterDelayedID (0.05s)
=== RUN   TestC02MultiBlockDispatchUsesLatestLength
--- PASS: TestC02MultiBlockDispatchUsesLatestLength (0.05s)
=== RUN   TestC02FlushToFailureIsObservable
2026/08/17 02:36:04.500638 juicefs[1403816] <WARNING>: write inode: 2 chunk: 13 off: 0 C02 injected FlushTo failure [write@writer.go:149]
--- PASS: TestC02FlushToFailureIsObservable (0.00s)
=== RUN   TestC02PartialThenFullAfterIDDispatchesOnce
--- PASS: TestC02PartialThenFullAfterIDDispatchesOnce (0.05s)
=== RUN   TestC02TransientEIORecoversOnFreeze
--- PASS: TestC02TransientEIORecoversOnFreeze (0.00s)
=== RUN   TestC02PermanentENOSPCAbortsFrozenSlice
2026/08/17 02:36:04.555497 juicefs[1403816] <INFO>: flush inode: 2 chunk: 0 err: no space left on device [flushData@writer.go:117]
--- PASS: TestC02PermanentENOSPCAbortsFrozenSlice (0.00s)
=== RUN   TestC02FrozenSliceSkipsCatchupFlush
--- PASS: TestC02FrozenSliceSkipsCatchupFlush (0.00s)
=== RUN   TestC02ConcurrentIndependentFullBlocks
--- PASS: TestC02ConcurrentIndependentFullBlocks (0.00s)
=== RUN   TestC02FullBlockDispatchAfterDelayedID
--- PASS: TestC02FullBlockDispatchAfterDelayedID (0.05s)
=== RUN   TestC02MultiBlockDispatchUsesLatestLength
--- PASS: TestC02MultiBlockDispatchUsesLatestLength (0.05s)
=== RUN   TestC02FlushToFailureIsObservable
2026/08/17 02:36:04.663897 juicefs[1403816] <WARNING>: write inode: 2 chunk: 13 off: 0 C02 injected FlushTo failure [write@writer.go:149]
--- PASS: TestC02FlushToFailureIsObservable (0.00s)
=== RUN   TestC02PartialThenFullAfterIDDispatchesOnce
--- PASS: TestC02PartialThenFullAfterIDDispatchesOnce (0.05s)
=== RUN   TestC02TransientEIORecoversOnFreeze
--- PASS: TestC02TransientEIORecoversOnFreeze (0.00s)
=== RUN   TestC02PermanentENOSPCAbortsFrozenSlice
2026/08/17 02:36:04.718409 juicefs[1403816] <INFO>: flush inode: 2 chunk: 0 err: no space left on device [flushData@writer.go:117]
--- PASS: TestC02PermanentENOSPCAbortsFrozenSlice (0.00s)
=== RUN   TestC02FrozenSliceSkipsCatchupFlush
--- PASS: TestC02FrozenSliceSkipsCatchupFlush (0.00s)
=== RUN   TestC02ConcurrentIndependentFullBlocks
--- PASS: TestC02ConcurrentIndependentFullBlocks (0.00s)
=== RUN   TestC02FullBlockDispatchAfterDelayedID
--- PASS: TestC02FullBlockDispatchAfterDelayedID (0.05s)
=== RUN   TestC02MultiBlockDispatchUsesLatestLength
--- PASS: TestC02MultiBlockDispatchUsesLatestLength (0.05s)
=== RUN   TestC02FlushToFailureIsObservable
2026/08/17 02:36:04.827549 juicefs[1403816] <WARNING>: write inode: 2 chunk: 13 off: 0 C02 injected FlushTo failure [write@writer.go:149]
--- PASS: TestC02FlushToFailureIsObservable (0.00s)
=== RUN   TestC02PartialThenFullAfterIDDispatchesOnce
--- PASS: TestC02PartialThenFullAfterIDDispatchesOnce (0.05s)
=== RUN   TestC02TransientEIORecoversOnFreeze
--- PASS: TestC02TransientEIORecoversOnFreeze (0.00s)
=== RUN   TestC02PermanentENOSPCAbortsFrozenSlice
2026/08/17 02:36:04.881914 juicefs[1403816] <INFO>: flush inode: 2 chunk: 0 err: no space left on device [flushData@writer.go:117]
--- PASS: TestC02PermanentENOSPCAbortsFrozenSlice (0.00s)
=== RUN   TestC02FrozenSliceSkipsCatchupFlush
--- PASS: TestC02FrozenSliceSkipsCatchupFlush (0.00s)
=== RUN   TestC02ConcurrentIndependentFullBlocks
--- PASS: TestC02ConcurrentIndependentFullBlocks (0.00s)
=== RUN   TestC02FullBlockDispatchAfterDelayedID
--- PASS: TestC02FullBlockDispatchAfterDelayedID (0.05s)
=== RUN   TestC02MultiBlockDispatchUsesLatestLength
--- PASS: TestC02MultiBlockDispatchUsesLatestLength (0.05s)
=== RUN   TestC02FlushToFailureIsObservable
2026/08/17 02:36:04.990711 juicefs[1403816] <WARNING>: write inode: 2 chunk: 13 off: 0 C02 injected FlushTo failure [write@writer.go:149]
--- PASS: TestC02FlushToFailureIsObservable (0.00s)
=== RUN   TestC02PartialThenFullAfterIDDispatchesOnce
--- PASS: TestC02PartialThenFullAfterIDDispatchesOnce (0.05s)
=== RUN   TestC02TransientEIORecoversOnFreeze
--- PASS: TestC02TransientEIORecoversOnFreeze (0.00s)
=== RUN   TestC02PermanentENOSPCAbortsFrozenSlice
2026/08/17 02:36:05.044802 juicefs[1403816] <INFO>: flush inode: 2 chunk: 0 err: no space left on device [flushData@writer.go:117]
--- PASS: TestC02PermanentENOSPCAbortsFrozenSlice (0.00s)
=== RUN   TestC02FrozenSliceSkipsCatchupFlush
--- PASS: TestC02FrozenSliceSkipsCatchupFlush (0.00s)
=== RUN   TestC02ConcurrentIndependentFullBlocks
--- PASS: TestC02ConcurrentIndependentFullBlocks (0.00s)
=== RUN   TestC02FullBlockDispatchAfterDelayedID
--- PASS: TestC02FullBlockDispatchAfterDelayedID (0.05s)
=== RUN   TestC02MultiBlockDispatchUsesLatestLength
--- PASS: TestC02MultiBlockDispatchUsesLatestLength (0.05s)
=== RUN   TestC02FlushToFailureIsObservable
2026/08/17 02:36:05.152160 juicefs[1403816] <WARNING>: write inode: 2 chunk: 13 off: 0 C02 injected FlushTo failure [write@writer.go:149]
--- PASS: TestC02FlushToFailureIsObservable (0.00s)
=== RUN   TestC02PartialThenFullAfterIDDispatchesOnce
--- PASS: TestC02PartialThenFullAfterIDDispatchesOnce (0.05s)
=== RUN   TestC02TransientEIORecoversOnFreeze
--- PASS: TestC02TransientEIORecoversOnFreeze (0.00s)
=== RUN   TestC02PermanentENOSPCAbortsFrozenSlice
2026/08/17 02:36:05.206083 juicefs[1403816] <INFO>: flush inode: 2 chunk: 0 err: no space left on device [flushData@writer.go:117]
--- PASS: TestC02PermanentENOSPCAbortsFrozenSlice (0.00s)
=== RUN   TestC02FrozenSliceSkipsCatchupFlush
--- PASS: TestC02FrozenSliceSkipsCatchupFlush (0.00s)
=== RUN   TestC02ConcurrentIndependentFullBlocks
--- PASS: TestC02ConcurrentIndependentFullBlocks (0.00s)
=== RUN   TestC02FullBlockDispatchAfterDelayedID
--- PASS: TestC02FullBlockDispatchAfterDelayedID (0.05s)
=== RUN   TestC02MultiBlockDispatchUsesLatestLength
--- PASS: TestC02MultiBlockDispatchUsesLatestLength (0.05s)
=== RUN   TestC02FlushToFailureIsObservable
2026/08/17 02:36:05.313424 juicefs[1403816] <WARNING>: write inode: 2 chunk: 13 off: 0 C02 injected FlushTo failure [write@writer.go:149]
--- PASS: TestC02FlushToFailureIsObservable (0.00s)
=== RUN   TestC02PartialThenFullAfterIDDispatchesOnce
--- PASS: TestC02PartialThenFullAfterIDDispatchesOnce (0.05s)
=== RUN   TestC02TransientEIORecoversOnFreeze
--- PASS: TestC02TransientEIORecoversOnFreeze (0.00s)
=== RUN   TestC02PermanentENOSPCAbortsFrozenSlice
2026/08/17 02:36:05.367632 juicefs[1403816] <INFO>: flush inode: 2 chunk: 0 err: no space left on device [flushData@writer.go:117]
--- PASS: TestC02PermanentENOSPCAbortsFrozenSlice (0.00s)
=== RUN   TestC02FrozenSliceSkipsCatchupFlush
--- PASS: TestC02FrozenSliceSkipsCatchupFlush (0.00s)
=== RUN   TestC02ConcurrentIndependentFullBlocks
--- PASS: TestC02ConcurrentIndependentFullBlocks (0.00s)
=== RUN   TestC02FullBlockDispatchAfterDelayedID
--- PASS: TestC02FullBlockDispatchAfterDelayedID (0.05s)
=== RUN   TestC02MultiBlockDispatchUsesLatestLength
--- PASS: TestC02MultiBlockDispatchUsesLatestLength (0.05s)
=== RUN   TestC02FlushToFailureIsObservable
2026/08/17 02:36:05.474879 juicefs[1403816] <WARNING>: write inode: 2 chunk: 13 off: 0 C02 injected FlushTo failure [write@writer.go:149]
--- PASS: TestC02FlushToFailureIsObservable (0.00s)
=== RUN   TestC02PartialThenFullAfterIDDispatchesOnce
--- PASS: TestC02PartialThenFullAfterIDDispatchesOnce (0.05s)
=== RUN   TestC02TransientEIORecoversOnFreeze
--- PASS: TestC02TransientEIORecoversOnFreeze (0.00s)
=== RUN   TestC02PermanentENOSPCAbortsFrozenSlice
2026/08/17 02:36:05.529027 juicefs[1403816] <INFO>: flush inode: 2 chunk: 0 err: no space left on device [flushData@writer.go:117]
--- PASS: TestC02PermanentENOSPCAbortsFrozenSlice (0.00s)
=== RUN   TestC02FrozenSliceSkipsCatchupFlush
--- PASS: TestC02FrozenSliceSkipsCatchupFlush (0.00s)
=== RUN   TestC02ConcurrentIndependentFullBlocks
--- PASS: TestC02ConcurrentIndependentFullBlocks (0.00s)
=== RUN   TestC02FullBlockDispatchAfterDelayedID
--- PASS: TestC02FullBlockDispatchAfterDelayedID (0.05s)
=== RUN   TestC02MultiBlockDispatchUsesLatestLength
--- PASS: TestC02MultiBlockDispatchUsesLatestLength (0.05s)
=== RUN   TestC02FlushToFailureIsObservable
2026/08/17 02:36:05.636040 juicefs[1403816] <WARNING>: write inode: 2 chunk: 13 off: 0 C02 injected FlushTo failure [write@writer.go:149]
--- PASS: TestC02FlushToFailureIsObservable (0.00s)
=== RUN   TestC02PartialThenFullAfterIDDispatchesOnce
--- PASS: TestC02PartialThenFullAfterIDDispatchesOnce (0.05s)
=== RUN   TestC02TransientEIORecoversOnFreeze
--- PASS: TestC02TransientEIORecoversOnFreeze (0.00s)
=== RUN   TestC02PermanentENOSPCAbortsFrozenSlice
2026/08/17 02:36:05.690084 juicefs[1403816] <INFO>: flush inode: 2 chunk: 0 err: no space left on device [flushData@writer.go:117]
--- PASS: TestC02PermanentENOSPCAbortsFrozenSlice (0.00s)
=== RUN   TestC02FrozenSliceSkipsCatchupFlush
--- PASS: TestC02FrozenSliceSkipsCatchupFlush (0.00s)
=== RUN   TestC02ConcurrentIndependentFullBlocks
--- PASS: TestC02ConcurrentIndependentFullBlocks (0.00s)
=== RUN   TestC02FullBlockDispatchAfterDelayedID
--- PASS: TestC02FullBlockDispatchAfterDelayedID (0.05s)
=== RUN   TestC02MultiBlockDispatchUsesLatestLength
--- PASS: TestC02MultiBlockDispatchUsesLatestLength (0.05s)
=== RUN   TestC02FlushToFailureIsObservable
2026/08/17 02:36:05.797319 juicefs[1403816] <WARNING>: write inode: 2 chunk: 13 off: 0 C02 injected FlushTo failure [write@writer.go:149]
--- PASS: TestC02FlushToFailureIsObservable (0.00s)
=== RUN   TestC02PartialThenFullAfterIDDispatchesOnce
--- PASS: TestC02PartialThenFullAfterIDDispatchesOnce (0.05s)
=== RUN   TestC02TransientEIORecoversOnFreeze
--- PASS: TestC02TransientEIORecoversOnFreeze (0.00s)
=== RUN   TestC02PermanentENOSPCAbortsFrozenSlice
2026/08/17 02:36:05.851369 juicefs[1403816] <INFO>: flush inode: 2 chunk: 0 err: no space left on device [flushData@writer.go:117]
--- PASS: TestC02PermanentENOSPCAbortsFrozenSlice (0.00s)
=== RUN   TestC02FrozenSliceSkipsCatchupFlush
--- PASS: TestC02FrozenSliceSkipsCatchupFlush (0.00s)
=== RUN   TestC02ConcurrentIndependentFullBlocks
--- PASS: TestC02ConcurrentIndependentFullBlocks (0.00s)
=== RUN   TestC02FullBlockDispatchAfterDelayedID
--- PASS: TestC02FullBlockDispatchAfterDelayedID (0.05s)
=== RUN   TestC02MultiBlockDispatchUsesLatestLength
--- PASS: TestC02MultiBlockDispatchUsesLatestLength (0.05s)
=== RUN   TestC02FlushToFailureIsObservable
2026/08/17 02:36:05.958489 juicefs[1403816] <WARNING>: write inode: 2 chunk: 13 off: 0 C02 injected FlushTo failure [write@writer.go:149]
--- PASS: TestC02FlushToFailureIsObservable (0.00s)
=== RUN   TestC02PartialThenFullAfterIDDispatchesOnce
--- PASS: TestC02PartialThenFullAfterIDDispatchesOnce (0.05s)
=== RUN   TestC02TransientEIORecoversOnFreeze
--- PASS: TestC02TransientEIORecoversOnFreeze (0.00s)
=== RUN   TestC02PermanentENOSPCAbortsFrozenSlice
2026/08/17 02:36:06.012666 juicefs[1403816] <INFO>: flush inode: 2 chunk: 0 err: no space left on device [flushData@writer.go:117]
--- PASS: TestC02PermanentENOSPCAbortsFrozenSlice (0.00s)
=== RUN   TestC02FrozenSliceSkipsCatchupFlush
--- PASS: TestC02FrozenSliceSkipsCatchupFlush (0.00s)
=== RUN   TestC02ConcurrentIndependentFullBlocks
--- PASS: TestC02ConcurrentIndependentFullBlocks (0.00s)
=== RUN   TestC02FullBlockDispatchAfterDelayedID
--- PASS: TestC02FullBlockDispatchAfterDelayedID (0.05s)
=== RUN   TestC02MultiBlockDispatchUsesLatestLength
--- PASS: TestC02MultiBlockDispatchUsesLatestLength (0.05s)
=== RUN   TestC02FlushToFailureIsObservable
2026/08/17 02:36:06.119986 juicefs[1403816] <WARNING>: write inode: 2 chunk: 13 off: 0 C02 injected FlushTo failure [write@writer.go:149]
--- PASS: TestC02FlushToFailureIsObservable (0.00s)
=== RUN   TestC02PartialThenFullAfterIDDispatchesOnce
--- PASS: TestC02PartialThenFullAfterIDDispatchesOnce (0.05s)
=== RUN   TestC02TransientEIORecoversOnFreeze
--- PASS: TestC02TransientEIORecoversOnFreeze (0.00s)
=== RUN   TestC02PermanentENOSPCAbortsFrozenSlice
2026/08/17 02:36:06.174006 juicefs[1403816] <INFO>: flush inode: 2 chunk: 0 err: no space left on device [flushData@writer.go:117]
--- PASS: TestC02PermanentENOSPCAbortsFrozenSlice (0.00s)
=== RUN   TestC02FrozenSliceSkipsCatchupFlush
--- PASS: TestC02FrozenSliceSkipsCatchupFlush (0.00s)
=== RUN   TestC02ConcurrentIndependentFullBlocks
--- PASS: TestC02ConcurrentIndependentFullBlocks (0.00s)
=== RUN   TestC02FullBlockDispatchAfterDelayedID
--- PASS: TestC02FullBlockDispatchAfterDelayedID (0.05s)
=== RUN   TestC02MultiBlockDispatchUsesLatestLength
--- PASS: TestC02MultiBlockDispatchUsesLatestLength (0.05s)
=== RUN   TestC02FlushToFailureIsObservable
2026/08/17 02:36:06.280838 juicefs[1403816] <WARNING>: write inode: 2 chunk: 13 off: 0 C02 injected FlushTo failure [write@writer.go:149]
--- PASS: TestC02FlushToFailureIsObservable (0.00s)
=== RUN   TestC02PartialThenFullAfterIDDispatchesOnce
--- PASS: TestC02PartialThenFullAfterIDDispatchesOnce (0.05s)
=== RUN   TestC02TransientEIORecoversOnFreeze
--- PASS: TestC02TransientEIORecoversOnFreeze (0.00s)
=== RUN   TestC02PermanentENOSPCAbortsFrozenSlice
2026/08/17 02:36:06.335783 juicefs[1403816] <INFO>: flush inode: 2 chunk: 0 err: no space left on device [flushData@writer.go:117]
--- PASS: TestC02PermanentENOSPCAbortsFrozenSlice (0.00s)
=== RUN   TestC02FrozenSliceSkipsCatchupFlush
--- PASS: TestC02FrozenSliceSkipsCatchupFlush (0.00s)
=== RUN   TestC02ConcurrentIndependentFullBlocks
--- PASS: TestC02ConcurrentIndependentFullBlocks (0.00s)
=== RUN   TestC02FullBlockDispatchAfterDelayedID
--- PASS: TestC02FullBlockDispatchAfterDelayedID (0.05s)
=== RUN   TestC02MultiBlockDispatchUsesLatestLength
--- PASS: TestC02MultiBlockDispatchUsesLatestLength (0.05s)
=== RUN   TestC02FlushToFailureIsObservable
2026/08/17 02:36:06.442991 juicefs[1403816] <WARNING>: write inode: 2 chunk: 13 off: 0 C02 injected FlushTo failure [write@writer.go:149]
--- PASS: TestC02FlushToFailureIsObservable (0.00s)
=== RUN   TestC02PartialThenFullAfterIDDispatchesOnce
--- PASS: TestC02PartialThenFullAfterIDDispatchesOnce (0.05s)
=== RUN   TestC02TransientEIORecoversOnFreeze
--- PASS: TestC02TransientEIORecoversOnFreeze (0.00s)
=== RUN   TestC02PermanentENOSPCAbortsFrozenSlice
2026/08/17 02:36:06.497199 juicefs[1403816] <INFO>: flush inode: 2 chunk: 0 err: no space left on device [flushData@writer.go:117]
--- PASS: TestC02PermanentENOSPCAbortsFrozenSlice (0.00s)
=== RUN   TestC02FrozenSliceSkipsCatchupFlush
--- PASS: TestC02FrozenSliceSkipsCatchupFlush (0.00s)
=== RUN   TestC02ConcurrentIndependentFullBlocks
--- PASS: TestC02ConcurrentIndependentFullBlocks (0.00s)
=== RUN   TestC02FullBlockDispatchAfterDelayedID
--- PASS: TestC02FullBlockDispatchAfterDelayedID (0.05s)
=== RUN   TestC02MultiBlockDispatchUsesLatestLength
--- PASS: TestC02MultiBlockDispatchUsesLatestLength (0.05s)
=== RUN   TestC02FlushToFailureIsObservable
2026/08/17 02:36:06.604269 juicefs[1403816] <WARNING>: write inode: 2 chunk: 13 off: 0 C02 injected FlushTo failure [write@writer.go:149]
--- PASS: TestC02FlushToFailureIsObservable (0.00s)
=== RUN   TestC02PartialThenFullAfterIDDispatchesOnce
--- PASS: TestC02PartialThenFullAfterIDDispatchesOnce (0.05s)
=== RUN   TestC02TransientEIORecoversOnFreeze
--- PASS: TestC02TransientEIORecoversOnFreeze (0.00s)
=== RUN   TestC02PermanentENOSPCAbortsFrozenSlice
2026/08/17 02:36:06.658736 juicefs[1403816] <INFO>: flush inode: 2 chunk: 0 err: no space left on device [flushData@writer.go:117]
--- PASS: TestC02PermanentENOSPCAbortsFrozenSlice (0.00s)
=== RUN   TestC02FrozenSliceSkipsCatchupFlush
--- PASS: TestC02FrozenSliceSkipsCatchupFlush (0.00s)
=== RUN   TestC02ConcurrentIndependentFullBlocks
--- PASS: TestC02ConcurrentIndependentFullBlocks (0.00s)
=== RUN   TestC02FullBlockDispatchAfterDelayedID
--- PASS: TestC02FullBlockDispatchAfterDelayedID (0.05s)
=== RUN   TestC02MultiBlockDispatchUsesLatestLength
--- PASS: TestC02MultiBlockDispatchUsesLatestLength (0.05s)
=== RUN   TestC02FlushToFailureIsObservable
2026/08/17 02:36:06.766189 juicefs[1403816] <WARNING>: write inode: 2 chunk: 13 off: 0 C02 injected FlushTo failure [write@writer.go:149]
--- PASS: TestC02FlushToFailureIsObservable (0.00s)
=== RUN   TestC02PartialThenFullAfterIDDispatchesOnce
--- PASS: TestC02PartialThenFullAfterIDDispatchesOnce (0.05s)
=== RUN   TestC02TransientEIORecoversOnFreeze
--- PASS: TestC02TransientEIORecoversOnFreeze (0.00s)
=== RUN   TestC02PermanentENOSPCAbortsFrozenSlice
2026/08/17 02:36:06.820475 juicefs[1403816] <INFO>: flush inode: 2 chunk: 0 err: no space left on device [flushData@writer.go:117]
--- PASS: TestC02PermanentENOSPCAbortsFrozenSlice (0.00s)
=== RUN   TestC02FrozenSliceSkipsCatchupFlush
--- PASS: TestC02FrozenSliceSkipsCatchupFlush (0.00s)
=== RUN   TestC02ConcurrentIndependentFullBlocks
--- PASS: TestC02ConcurrentIndependentFullBlocks (0.00s)
=== RUN   TestC02FullBlockDispatchAfterDelayedID
--- PASS: TestC02FullBlockDispatchAfterDelayedID (0.05s)
=== RUN   TestC02MultiBlockDispatchUsesLatestLength
--- PASS: TestC02MultiBlockDispatchUsesLatestLength (0.05s)
=== RUN   TestC02FlushToFailureIsObservable
2026/08/17 02:36:06.927299 juicefs[1403816] <WARNING>: write inode: 2 chunk: 13 off: 0 C02 injected FlushTo failure [write@writer.go:149]
--- PASS: TestC02FlushToFailureIsObservable (0.00s)
=== RUN   TestC02PartialThenFullAfterIDDispatchesOnce
--- PASS: TestC02PartialThenFullAfterIDDispatchesOnce (0.05s)
=== RUN   TestC02TransientEIORecoversOnFreeze
--- PASS: TestC02TransientEIORecoversOnFreeze (0.00s)
=== RUN   TestC02PermanentENOSPCAbortsFrozenSlice
2026/08/17 02:36:06.981385 juicefs[1403816] <INFO>: flush inode: 2 chunk: 0 err: no space left on device [flushData@writer.go:117]
--- PASS: TestC02PermanentENOSPCAbortsFrozenSlice (0.00s)
=== RUN   TestC02FrozenSliceSkipsCatchupFlush
--- PASS: TestC02FrozenSliceSkipsCatchupFlush (0.00s)
=== RUN   TestC02ConcurrentIndependentFullBlocks
--- PASS: TestC02ConcurrentIndependentFullBlocks (0.00s)
=== RUN   TestC02FullBlockDispatchAfterDelayedID
--- PASS: TestC02FullBlockDispatchAfterDelayedID (0.05s)
=== RUN   TestC02MultiBlockDispatchUsesLatestLength
--- PASS: TestC02MultiBlockDispatchUsesLatestLength (0.05s)
=== RUN   TestC02FlushToFailureIsObservable
2026/08/17 02:36:07.088236 juicefs[1403816] <WARNING>: write inode: 2 chunk: 13 off: 0 C02 injected FlushTo failure [write@writer.go:149]
--- PASS: TestC02FlushToFailureIsObservable (0.00s)
=== RUN   TestC02PartialThenFullAfterIDDispatchesOnce
--- PASS: TestC02PartialThenFullAfterIDDispatchesOnce (0.05s)
=== RUN   TestC02TransientEIORecoversOnFreeze
--- PASS: TestC02TransientEIORecoversOnFreeze (0.00s)
=== RUN   TestC02PermanentENOSPCAbortsFrozenSlice
2026/08/17 02:36:07.142302 juicefs[1403816] <INFO>: flush inode: 2 chunk: 0 err: no space left on device [flushData@writer.go:117]
--- PASS: TestC02PermanentENOSPCAbortsFrozenSlice (0.00s)
=== RUN   TestC02FrozenSliceSkipsCatchupFlush
--- PASS: TestC02FrozenSliceSkipsCatchupFlush (0.00s)
=== RUN   TestC02ConcurrentIndependentFullBlocks
--- PASS: TestC02ConcurrentIndependentFullBlocks (0.00s)
=== RUN   TestC02FullBlockDispatchAfterDelayedID
--- PASS: TestC02FullBlockDispatchAfterDelayedID (0.05s)
=== RUN   TestC02MultiBlockDispatchUsesLatestLength
--- PASS: TestC02MultiBlockDispatchUsesLatestLength (0.05s)
=== RUN   TestC02FlushToFailureIsObservable
2026/08/17 02:36:07.250462 juicefs[1403816] <WARNING>: write inode: 2 chunk: 13 off: 0 C02 injected FlushTo failure [write@writer.go:149]
--- PASS: TestC02FlushToFailureIsObservable (0.00s)
=== RUN   TestC02PartialThenFullAfterIDDispatchesOnce
--- PASS: TestC02PartialThenFullAfterIDDispatchesOnce (0.05s)
=== RUN   TestC02TransientEIORecoversOnFreeze
--- PASS: TestC02TransientEIORecoversOnFreeze (0.00s)
=== RUN   TestC02PermanentENOSPCAbortsFrozenSlice
2026/08/17 02:36:07.304481 juicefs[1403816] <INFO>: flush inode: 2 chunk: 0 err: no space left on device [flushData@writer.go:117]
--- PASS: TestC02PermanentENOSPCAbortsFrozenSlice (0.00s)
=== RUN   TestC02FrozenSliceSkipsCatchupFlush
--- PASS: TestC02FrozenSliceSkipsCatchupFlush (0.00s)
=== RUN   TestC02ConcurrentIndependentFullBlocks
--- PASS: TestC02ConcurrentIndependentFullBlocks (0.00s)
=== RUN   TestC02FullBlockDispatchAfterDelayedID
--- PASS: TestC02FullBlockDispatchAfterDelayedID (0.05s)
=== RUN   TestC02MultiBlockDispatchUsesLatestLength
--- PASS: TestC02MultiBlockDispatchUsesLatestLength (0.05s)
=== RUN   TestC02FlushToFailureIsObservable
2026/08/17 02:36:07.412055 juicefs[1403816] <WARNING>: write inode: 2 chunk: 13 off: 0 C02 injected FlushTo failure [write@writer.go:149]
--- PASS: TestC02FlushToFailureIsObservable (0.00s)
=== RUN   TestC02PartialThenFullAfterIDDispatchesOnce
--- PASS: TestC02PartialThenFullAfterIDDispatchesOnce (0.05s)
=== RUN   TestC02TransientEIORecoversOnFreeze
--- PASS: TestC02TransientEIORecoversOnFreeze (0.00s)
=== RUN   TestC02PermanentENOSPCAbortsFrozenSlice
2026/08/17 02:36:07.466042 juicefs[1403816] <INFO>: flush inode: 2 chunk: 0 err: no space left on device [flushData@writer.go:117]
--- PASS: TestC02PermanentENOSPCAbortsFrozenSlice (0.00s)
=== RUN   TestC02FrozenSliceSkipsCatchupFlush
--- PASS: TestC02FrozenSliceSkipsCatchupFlush (0.00s)
=== RUN   TestC02ConcurrentIndependentFullBlocks
--- PASS: TestC02ConcurrentIndependentFullBlocks (0.00s)
=== RUN   TestC02FullBlockDispatchAfterDelayedID
--- PASS: TestC02FullBlockDispatchAfterDelayedID (0.05s)
=== RUN   TestC02MultiBlockDispatchUsesLatestLength
--- PASS: TestC02MultiBlockDispatchUsesLatestLength (0.05s)
=== RUN   TestC02FlushToFailureIsObservable
2026/08/17 02:36:07.573448 juicefs[1403816] <WARNING>: write inode: 2 chunk: 13 off: 0 C02 injected FlushTo failure [write@writer.go:149]
--- PASS: TestC02FlushToFailureIsObservable (0.00s)
=== RUN   TestC02PartialThenFullAfterIDDispatchesOnce
--- PASS: TestC02PartialThenFullAfterIDDispatchesOnce (0.05s)
=== RUN   TestC02TransientEIORecoversOnFreeze
--- PASS: TestC02TransientEIORecoversOnFreeze (0.00s)
=== RUN   TestC02PermanentENOSPCAbortsFrozenSlice
2026/08/17 02:36:07.627580 juicefs[1403816] <INFO>: flush inode: 2 chunk: 0 err: no space left on device [flushData@writer.go:117]
--- PASS: TestC02PermanentENOSPCAbortsFrozenSlice (0.00s)
=== RUN   TestC02FrozenSliceSkipsCatchupFlush
--- PASS: TestC02FrozenSliceSkipsCatchupFlush (0.00s)
=== RUN   TestC02ConcurrentIndependentFullBlocks
--- PASS: TestC02ConcurrentIndependentFullBlocks (0.00s)
=== RUN   TestC02FullBlockDispatchAfterDelayedID
--- PASS: TestC02FullBlockDispatchAfterDelayedID (0.05s)
=== RUN   TestC02MultiBlockDispatchUsesLatestLength
--- PASS: TestC02MultiBlockDispatchUsesLatestLength (0.05s)
=== RUN   TestC02FlushToFailureIsObservable
2026/08/17 02:36:07.734583 juicefs[1403816] <WARNING>: write inode: 2 chunk: 13 off: 0 C02 injected FlushTo failure [write@writer.go:149]
--- PASS: TestC02FlushToFailureIsObservable (0.00s)
=== RUN   TestC02PartialThenFullAfterIDDispatchesOnce
--- PASS: TestC02PartialThenFullAfterIDDispatchesOnce (0.05s)
=== RUN   TestC02TransientEIORecoversOnFreeze
--- PASS: TestC02TransientEIORecoversOnFreeze (0.00s)
=== RUN   TestC02PermanentENOSPCAbortsFrozenSlice
2026/08/17 02:36:07.788714 juicefs[1403816] <INFO>: flush inode: 2 chunk: 0 err: no space left on device [flushData@writer.go:117]
--- PASS: TestC02PermanentENOSPCAbortsFrozenSlice (0.00s)
=== RUN   TestC02FrozenSliceSkipsCatchupFlush
--- PASS: TestC02FrozenSliceSkipsCatchupFlush (0.00s)
=== RUN   TestC02ConcurrentIndependentFullBlocks
--- PASS: TestC02ConcurrentIndependentFullBlocks (0.00s)
=== RUN   TestC02FullBlockDispatchAfterDelayedID
--- PASS: TestC02FullBlockDispatchAfterDelayedID (0.05s)
=== RUN   TestC02MultiBlockDispatchUsesLatestLength
--- PASS: TestC02MultiBlockDispatchUsesLatestLength (0.05s)
=== RUN   TestC02FlushToFailureIsObservable
2026/08/17 02:36:07.895898 juicefs[1403816] <WARNING>: write inode: 2 chunk: 13 off: 0 C02 injected FlushTo failure [write@writer.go:149]
--- PASS: TestC02FlushToFailureIsObservable (0.00s)
=== RUN   TestC02PartialThenFullAfterIDDispatchesOnce
--- PASS: TestC02PartialThenFullAfterIDDispatchesOnce (0.05s)
=== RUN   TestC02TransientEIORecoversOnFreeze
--- PASS: TestC02TransientEIORecoversOnFreeze (0.00s)
=== RUN   TestC02PermanentENOSPCAbortsFrozenSlice
2026/08/17 02:36:07.950144 juicefs[1403816] <INFO>: flush inode: 2 chunk: 0 err: no space left on device [flushData@writer.go:117]
--- PASS: TestC02PermanentENOSPCAbortsFrozenSlice (0.00s)
=== RUN   TestC02FrozenSliceSkipsCatchupFlush
--- PASS: TestC02FrozenSliceSkipsCatchupFlush (0.00s)
=== RUN   TestC02ConcurrentIndependentFullBlocks
--- PASS: TestC02ConcurrentIndependentFullBlocks (0.00s)
=== RUN   TestC02FullBlockDispatchAfterDelayedID
--- PASS: TestC02FullBlockDispatchAfterDelayedID (0.05s)
=== RUN   TestC02MultiBlockDispatchUsesLatestLength
--- PASS: TestC02MultiBlockDispatchUsesLatestLength (0.05s)
=== RUN   TestC02FlushToFailureIsObservable
2026/08/17 02:36:08.056897 juicefs[1403816] <WARNING>: write inode: 2 chunk: 13 off: 0 C02 injected FlushTo failure [write@writer.go:149]
--- PASS: TestC02FlushToFailureIsObservable (0.00s)
=== RUN   TestC02PartialThenFullAfterIDDispatchesOnce
--- PASS: TestC02PartialThenFullAfterIDDispatchesOnce (0.05s)
=== RUN   TestC02TransientEIORecoversOnFreeze
--- PASS: TestC02TransientEIORecoversOnFreeze (0.00s)
=== RUN   TestC02PermanentENOSPCAbortsFrozenSlice
2026/08/17 02:36:08.110833 juicefs[1403816] <INFO>: flush inode: 2 chunk: 0 err: no space left on device [flushData@writer.go:117]
--- PASS: TestC02PermanentENOSPCAbortsFrozenSlice (0.00s)
=== RUN   TestC02FrozenSliceSkipsCatchupFlush
--- PASS: TestC02FrozenSliceSkipsCatchupFlush (0.00s)
=== RUN   TestC02ConcurrentIndependentFullBlocks
--- PASS: TestC02ConcurrentIndependentFullBlocks (0.00s)
=== RUN   TestC02FullBlockDispatchAfterDelayedID
--- PASS: TestC02FullBlockDispatchAfterDelayedID (0.05s)
=== RUN   TestC02MultiBlockDispatchUsesLatestLength
--- PASS: TestC02MultiBlockDispatchUsesLatestLength (0.05s)
=== RUN   TestC02FlushToFailureIsObservable
2026/08/17 02:36:08.218019 juicefs[1403816] <WARNING>: write inode: 2 chunk: 13 off: 0 C02 injected FlushTo failure [write@writer.go:149]
--- PASS: TestC02FlushToFailureIsObservable (0.00s)
=== RUN   TestC02PartialThenFullAfterIDDispatchesOnce
--- PASS: TestC02PartialThenFullAfterIDDispatchesOnce (0.05s)
=== RUN   TestC02TransientEIORecoversOnFreeze
--- PASS: TestC02TransientEIORecoversOnFreeze (0.00s)
=== RUN   TestC02PermanentENOSPCAbortsFrozenSlice
2026/08/17 02:36:08.272280 juicefs[1403816] <INFO>: flush inode: 2 chunk: 0 err: no space left on device [flushData@writer.go:117]
--- PASS: TestC02PermanentENOSPCAbortsFrozenSlice (0.00s)
=== RUN   TestC02FrozenSliceSkipsCatchupFlush
--- PASS: TestC02FrozenSliceSkipsCatchupFlush (0.00s)
=== RUN   TestC02ConcurrentIndependentFullBlocks
--- PASS: TestC02ConcurrentIndependentFullBlocks (0.00s)
=== RUN   TestC02FullBlockDispatchAfterDelayedID
--- PASS: TestC02FullBlockDispatchAfterDelayedID (0.05s)
=== RUN   TestC02MultiBlockDispatchUsesLatestLength
--- PASS: TestC02MultiBlockDispatchUsesLatestLength (0.05s)
=== RUN   TestC02FlushToFailureIsObservable
2026/08/17 02:36:08.379037 juicefs[1403816] <WARNING>: write inode: 2 chunk: 13 off: 0 C02 injected FlushTo failure [write@writer.go:149]
--- PASS: TestC02FlushToFailureIsObservable (0.00s)
=== RUN   TestC02PartialThenFullAfterIDDispatchesOnce
--- PASS: TestC02PartialThenFullAfterIDDispatchesOnce (0.05s)
=== RUN   TestC02TransientEIORecoversOnFreeze
--- PASS: TestC02TransientEIORecoversOnFreeze (0.00s)
=== RUN   TestC02PermanentENOSPCAbortsFrozenSlice
2026/08/17 02:36:08.433619 juicefs[1403816] <INFO>: flush inode: 2 chunk: 0 err: no space left on device [flushData@writer.go:117]
--- PASS: TestC02PermanentENOSPCAbortsFrozenSlice (0.00s)
=== RUN   TestC02FrozenSliceSkipsCatchupFlush
--- PASS: TestC02FrozenSliceSkipsCatchupFlush (0.00s)
=== RUN   TestC02ConcurrentIndependentFullBlocks
--- PASS: TestC02ConcurrentIndependentFullBlocks (0.00s)
=== RUN   TestC02FullBlockDispatchAfterDelayedID
--- PASS: TestC02FullBlockDispatchAfterDelayedID (0.05s)
=== RUN   TestC02MultiBlockDispatchUsesLatestLength
--- PASS: TestC02MultiBlockDispatchUsesLatestLength (0.05s)
=== RUN   TestC02FlushToFailureIsObservable
2026/08/17 02:36:08.540520 juicefs[1403816] <WARNING>: write inode: 2 chunk: 13 off: 0 C02 injected FlushTo failure [write@writer.go:149]
--- PASS: TestC02FlushToFailureIsObservable (0.00s)
=== RUN   TestC02PartialThenFullAfterIDDispatchesOnce
--- PASS: TestC02PartialThenFullAfterIDDispatchesOnce (0.05s)
=== RUN   TestC02TransientEIORecoversOnFreeze
--- PASS: TestC02TransientEIORecoversOnFreeze (0.00s)
=== RUN   TestC02PermanentENOSPCAbortsFrozenSlice
2026/08/17 02:36:08.594533 juicefs[1403816] <INFO>: flush inode: 2 chunk: 0 err: no space left on device [flushData@writer.go:117]
--- PASS: TestC02PermanentENOSPCAbortsFrozenSlice (0.00s)
=== RUN   TestC02FrozenSliceSkipsCatchupFlush
--- PASS: TestC02FrozenSliceSkipsCatchupFlush (0.00s)
=== RUN   TestC02ConcurrentIndependentFullBlocks
--- PASS: TestC02ConcurrentIndependentFullBlocks (0.00s)
=== RUN   TestC02FullBlockDispatchAfterDelayedID
--- PASS: TestC02FullBlockDispatchAfterDelayedID (0.05s)
=== RUN   TestC02MultiBlockDispatchUsesLatestLength
--- PASS: TestC02MultiBlockDispatchUsesLatestLength (0.05s)
=== RUN   TestC02FlushToFailureIsObservable
2026/08/17 02:36:08.702129 juicefs[1403816] <WARNING>: write inode: 2 chunk: 13 off: 0 C02 injected FlushTo failure [write@writer.go:149]
--- PASS: TestC02FlushToFailureIsObservable (0.00s)
=== RUN   TestC02PartialThenFullAfterIDDispatchesOnce
--- PASS: TestC02PartialThenFullAfterIDDispatchesOnce (0.05s)
=== RUN   TestC02TransientEIORecoversOnFreeze
--- PASS: TestC02TransientEIORecoversOnFreeze (0.00s)
=== RUN   TestC02PermanentENOSPCAbortsFrozenSlice
2026/08/17 02:36:08.756349 juicefs[1403816] <INFO>: flush inode: 2 chunk: 0 err: no space left on device [flushData@writer.go:117]
--- PASS: TestC02PermanentENOSPCAbortsFrozenSlice (0.00s)
=== RUN   TestC02FrozenSliceSkipsCatchupFlush
--- PASS: TestC02FrozenSliceSkipsCatchupFlush (0.00s)
=== RUN   TestC02ConcurrentIndependentFullBlocks
--- PASS: TestC02ConcurrentIndependentFullBlocks (0.00s)
=== RUN   TestC02FullBlockDispatchAfterDelayedID
--- PASS: TestC02FullBlockDispatchAfterDelayedID (0.05s)
=== RUN   TestC02MultiBlockDispatchUsesLatestLength
--- PASS: TestC02MultiBlockDispatchUsesLatestLength (0.05s)
=== RUN   TestC02FlushToFailureIsObservable
2026/08/17 02:36:08.863607 juicefs[1403816] <WARNING>: write inode: 2 chunk: 13 off: 0 C02 injected FlushTo failure [write@writer.go:149]
--- PASS: TestC02FlushToFailureIsObservable (0.00s)
=== RUN   TestC02PartialThenFullAfterIDDispatchesOnce
--- PASS: TestC02PartialThenFullAfterIDDispatchesOnce (0.05s)
=== RUN   TestC02TransientEIORecoversOnFreeze
--- PASS: TestC02TransientEIORecoversOnFreeze (0.00s)
=== RUN   TestC02PermanentENOSPCAbortsFrozenSlice
2026/08/17 02:36:08.917660 juicefs[1403816] <INFO>: flush inode: 2 chunk: 0 err: no space left on device [flushData@writer.go:117]
--- PASS: TestC02PermanentENOSPCAbortsFrozenSlice (0.00s)
=== RUN   TestC02FrozenSliceSkipsCatchupFlush
--- PASS: TestC02FrozenSliceSkipsCatchupFlush (0.00s)
=== RUN   TestC02ConcurrentIndependentFullBlocks
--- PASS: TestC02ConcurrentIndependentFullBlocks (0.00s)
=== RUN   TestC02FullBlockDispatchAfterDelayedID
--- PASS: TestC02FullBlockDispatchAfterDelayedID (0.05s)
=== RUN   TestC02MultiBlockDispatchUsesLatestLength
--- PASS: TestC02MultiBlockDispatchUsesLatestLength (0.05s)
=== RUN   TestC02FlushToFailureIsObservable
2026/08/17 02:36:09.025215 juicefs[1403816] <WARNING>: write inode: 2 chunk: 13 off: 0 C02 injected FlushTo failure [write@writer.go:149]
--- PASS: TestC02FlushToFailureIsObservable (0.00s)
=== RUN   TestC02PartialThenFullAfterIDDispatchesOnce
--- PASS: TestC02PartialThenFullAfterIDDispatchesOnce (0.05s)
=== RUN   TestC02TransientEIORecoversOnFreeze
--- PASS: TestC02TransientEIORecoversOnFreeze (0.00s)
=== RUN   TestC02PermanentENOSPCAbortsFrozenSlice
2026/08/17 02:36:09.079373 juicefs[1403816] <INFO>: flush inode: 2 chunk: 0 err: no space left on device [flushData@writer.go:117]
--- PASS: TestC02PermanentENOSPCAbortsFrozenSlice (0.00s)
=== RUN   TestC02FrozenSliceSkipsCatchupFlush
--- PASS: TestC02FrozenSliceSkipsCatchupFlush (0.00s)
=== RUN   TestC02ConcurrentIndependentFullBlocks
--- PASS: TestC02ConcurrentIndependentFullBlocks (0.00s)
=== RUN   TestC02FullBlockDispatchAfterDelayedID
--- PASS: TestC02FullBlockDispatchAfterDelayedID (0.05s)
=== RUN   TestC02MultiBlockDispatchUsesLatestLength
--- PASS: TestC02MultiBlockDispatchUsesLatestLength (0.05s)
=== RUN   TestC02FlushToFailureIsObservable
2026/08/17 02:36:09.186759 juicefs[1403816] <WARNING>: write inode: 2 chunk: 13 off: 0 C02 injected FlushTo failure [write@writer.go:149]
--- PASS: TestC02FlushToFailureIsObservable (0.00s)
=== RUN   TestC02PartialThenFullAfterIDDispatchesOnce
--- PASS: TestC02PartialThenFullAfterIDDispatchesOnce (0.05s)
=== RUN   TestC02TransientEIORecoversOnFreeze
--- PASS: TestC02TransientEIORecoversOnFreeze (0.00s)
=== RUN   TestC02PermanentENOSPCAbortsFrozenSlice
2026/08/17 02:36:09.241024 juicefs[1403816] <INFO>: flush inode: 2 chunk: 0 err: no space left on device [flushData@writer.go:117]
--- PASS: TestC02PermanentENOSPCAbortsFrozenSlice (0.00s)
=== RUN   TestC02FrozenSliceSkipsCatchupFlush
--- PASS: TestC02FrozenSliceSkipsCatchupFlush (0.00s)
=== RUN   TestC02ConcurrentIndependentFullBlocks
--- PASS: TestC02ConcurrentIndependentFullBlocks (0.00s)
=== RUN   TestC02FullBlockDispatchAfterDelayedID
--- PASS: TestC02FullBlockDispatchAfterDelayedID (0.05s)
=== RUN   TestC02MultiBlockDispatchUsesLatestLength
--- PASS: TestC02MultiBlockDispatchUsesLatestLength (0.05s)
=== RUN   TestC02FlushToFailureIsObservable
2026/08/17 02:36:09.348445 juicefs[1403816] <WARNING>: write inode: 2 chunk: 13 off: 0 C02 injected FlushTo failure [write@writer.go:149]
--- PASS: TestC02FlushToFailureIsObservable (0.00s)
=== RUN   TestC02PartialThenFullAfterIDDispatchesOnce
--- PASS: TestC02PartialThenFullAfterIDDispatchesOnce (0.05s)
=== RUN   TestC02TransientEIORecoversOnFreeze
--- PASS: TestC02TransientEIORecoversOnFreeze (0.00s)
=== RUN   TestC02PermanentENOSPCAbortsFrozenSlice
2026/08/17 02:36:09.402528 juicefs[1403816] <INFO>: flush inode: 2 chunk: 0 err: no space left on device [flushData@writer.go:117]
--- PASS: TestC02PermanentENOSPCAbortsFrozenSlice (0.00s)
=== RUN   TestC02FrozenSliceSkipsCatchupFlush
--- PASS: TestC02FrozenSliceSkipsCatchupFlush (0.00s)
=== RUN   TestC02ConcurrentIndependentFullBlocks
--- PASS: TestC02ConcurrentIndependentFullBlocks (0.00s)
=== RUN   TestC02FullBlockDispatchAfterDelayedID
--- PASS: TestC02FullBlockDispatchAfterDelayedID (0.05s)
=== RUN   TestC02MultiBlockDispatchUsesLatestLength
--- PASS: TestC02MultiBlockDispatchUsesLatestLength (0.05s)
=== RUN   TestC02FlushToFailureIsObservable
2026/08/17 02:36:09.509264 juicefs[1403816] <WARNING>: write inode: 2 chunk: 13 off: 0 C02 injected FlushTo failure [write@writer.go:149]
--- PASS: TestC02FlushToFailureIsObservable (0.00s)
=== RUN   TestC02PartialThenFullAfterIDDispatchesOnce
--- PASS: TestC02PartialThenFullAfterIDDispatchesOnce (0.05s)
=== RUN   TestC02TransientEIORecoversOnFreeze
--- PASS: TestC02TransientEIORecoversOnFreeze (0.00s)
=== RUN   TestC02PermanentENOSPCAbortsFrozenSlice
2026/08/17 02:36:09.563544 juicefs[1403816] <INFO>: flush inode: 2 chunk: 0 err: no space left on device [flushData@writer.go:117]
--- PASS: TestC02PermanentENOSPCAbortsFrozenSlice (0.00s)
=== RUN   TestC02FrozenSliceSkipsCatchupFlush
--- PASS: TestC02FrozenSliceSkipsCatchupFlush (0.00s)
=== RUN   TestC02ConcurrentIndependentFullBlocks
--- PASS: TestC02ConcurrentIndependentFullBlocks (0.00s)
=== RUN   TestC02FullBlockDispatchAfterDelayedID
--- PASS: TestC02FullBlockDispatchAfterDelayedID (0.05s)
=== RUN   TestC02MultiBlockDispatchUsesLatestLength
--- PASS: TestC02MultiBlockDispatchUsesLatestLength (0.05s)
=== RUN   TestC02FlushToFailureIsObservable
2026/08/17 02:36:09.670606 juicefs[1403816] <WARNING>: write inode: 2 chunk: 13 off: 0 C02 injected FlushTo failure [write@writer.go:149]
--- PASS: TestC02FlushToFailureIsObservable (0.00s)
=== RUN   TestC02PartialThenFullAfterIDDispatchesOnce
--- PASS: TestC02PartialThenFullAfterIDDispatchesOnce (0.05s)
=== RUN   TestC02TransientEIORecoversOnFreeze
--- PASS: TestC02TransientEIORecoversOnFreeze (0.00s)
=== RUN   TestC02PermanentENOSPCAbortsFrozenSlice
2026/08/17 02:36:09.724836 juicefs[1403816] <INFO>: flush inode: 2 chunk: 0 err: no space left on device [flushData@writer.go:117]
--- PASS: TestC02PermanentENOSPCAbortsFrozenSlice (0.00s)
=== RUN   TestC02FrozenSliceSkipsCatchupFlush
--- PASS: TestC02FrozenSliceSkipsCatchupFlush (0.00s)
=== RUN   TestC02ConcurrentIndependentFullBlocks
--- PASS: TestC02ConcurrentIndependentFullBlocks (0.00s)
=== RUN   TestC02FullBlockDispatchAfterDelayedID
--- PASS: TestC02FullBlockDispatchAfterDelayedID (0.05s)
=== RUN   TestC02MultiBlockDispatchUsesLatestLength
--- PASS: TestC02MultiBlockDispatchUsesLatestLength (0.05s)
=== RUN   TestC02FlushToFailureIsObservable
2026/08/17 02:36:09.832880 juicefs[1403816] <WARNING>: write inode: 2 chunk: 13 off: 0 C02 injected FlushTo failure [write@writer.go:149]
--- PASS: TestC02FlushToFailureIsObservable (0.00s)
=== RUN   TestC02PartialThenFullAfterIDDispatchesOnce
--- PASS: TestC02PartialThenFullAfterIDDispatchesOnce (0.05s)
=== RUN   TestC02TransientEIORecoversOnFreeze
--- PASS: TestC02TransientEIORecoversOnFreeze (0.00s)
=== RUN   TestC02PermanentENOSPCAbortsFrozenSlice
2026/08/17 02:36:09.886976 juicefs[1403816] <INFO>: flush inode: 2 chunk: 0 err: no space left on device [flushData@writer.go:117]
--- PASS: TestC02PermanentENOSPCAbortsFrozenSlice (0.00s)
=== RUN   TestC02FrozenSliceSkipsCatchupFlush
--- PASS: TestC02FrozenSliceSkipsCatchupFlush (0.00s)
=== RUN   TestC02ConcurrentIndependentFullBlocks
--- PASS: TestC02ConcurrentIndependentFullBlocks (0.00s)
=== RUN   TestC02FullBlockDispatchAfterDelayedID
--- PASS: TestC02FullBlockDispatchAfterDelayedID (0.05s)
=== RUN   TestC02MultiBlockDispatchUsesLatestLength
--- PASS: TestC02MultiBlockDispatchUsesLatestLength (0.05s)
=== RUN   TestC02FlushToFailureIsObservable
2026/08/17 02:36:09.994371 juicefs[1403816] <WARNING>: write inode: 2 chunk: 13 off: 0 C02 injected FlushTo failure [write@writer.go:149]
--- PASS: TestC02FlushToFailureIsObservable (0.00s)
=== RUN   TestC02PartialThenFullAfterIDDispatchesOnce
--- PASS: TestC02PartialThenFullAfterIDDispatchesOnce (0.05s)
=== RUN   TestC02TransientEIORecoversOnFreeze
--- PASS: TestC02TransientEIORecoversOnFreeze (0.00s)
=== RUN   TestC02PermanentENOSPCAbortsFrozenSlice
2026/08/17 02:36:10.048363 juicefs[1403816] <INFO>: flush inode: 2 chunk: 0 err: no space left on device [flushData@writer.go:117]
--- PASS: TestC02PermanentENOSPCAbortsFrozenSlice (0.00s)
=== RUN   TestC02FrozenSliceSkipsCatchupFlush
--- PASS: TestC02FrozenSliceSkipsCatchupFlush (0.00s)
=== RUN   TestC02ConcurrentIndependentFullBlocks
--- PASS: TestC02ConcurrentIndependentFullBlocks (0.00s)
=== RUN   TestC02FullBlockDispatchAfterDelayedID
--- PASS: TestC02FullBlockDispatchAfterDelayedID (0.05s)
=== RUN   TestC02MultiBlockDispatchUsesLatestLength
--- PASS: TestC02MultiBlockDispatchUsesLatestLength (0.05s)
=== RUN   TestC02FlushToFailureIsObservable
2026/08/17 02:36:10.155219 juicefs[1403816] <WARNING>: write inode: 2 chunk: 13 off: 0 C02 injected FlushTo failure [write@writer.go:149]
--- PASS: TestC02FlushToFailureIsObservable (0.00s)
=== RUN   TestC02PartialThenFullAfterIDDispatchesOnce
--- PASS: TestC02PartialThenFullAfterIDDispatchesOnce (0.05s)
=== RUN   TestC02TransientEIORecoversOnFreeze
--- PASS: TestC02TransientEIORecoversOnFreeze (0.00s)
=== RUN   TestC02PermanentENOSPCAbortsFrozenSlice
2026/08/17 02:36:10.209245 juicefs[1403816] <INFO>: flush inode: 2 chunk: 0 err: no space left on device [flushData@writer.go:117]
--- PASS: TestC02PermanentENOSPCAbortsFrozenSlice (0.00s)
=== RUN   TestC02FrozenSliceSkipsCatchupFlush
--- PASS: TestC02FrozenSliceSkipsCatchupFlush (0.00s)
=== RUN   TestC02ConcurrentIndependentFullBlocks
--- PASS: TestC02ConcurrentIndependentFullBlocks (0.00s)
=== RUN   TestC02FullBlockDispatchAfterDelayedID
--- PASS: TestC02FullBlockDispatchAfterDelayedID (0.05s)
=== RUN   TestC02MultiBlockDispatchUsesLatestLength
--- PASS: TestC02MultiBlockDispatchUsesLatestLength (0.05s)
=== RUN   TestC02FlushToFailureIsObservable
2026/08/17 02:36:10.317275 juicefs[1403816] <WARNING>: write inode: 2 chunk: 13 off: 0 C02 injected FlushTo failure [write@writer.go:149]
--- PASS: TestC02FlushToFailureIsObservable (0.00s)
=== RUN   TestC02PartialThenFullAfterIDDispatchesOnce
--- PASS: TestC02PartialThenFullAfterIDDispatchesOnce (0.05s)
=== RUN   TestC02TransientEIORecoversOnFreeze
--- PASS: TestC02TransientEIORecoversOnFreeze (0.00s)
=== RUN   TestC02PermanentENOSPCAbortsFrozenSlice
2026/08/17 02:36:10.371478 juicefs[1403816] <INFO>: flush inode: 2 chunk: 0 err: no space left on device [flushData@writer.go:117]
--- PASS: TestC02PermanentENOSPCAbortsFrozenSlice (0.00s)
=== RUN   TestC02FrozenSliceSkipsCatchupFlush
--- PASS: TestC02FrozenSliceSkipsCatchupFlush (0.00s)
=== RUN   TestC02ConcurrentIndependentFullBlocks
--- PASS: TestC02ConcurrentIndependentFullBlocks (0.00s)
=== RUN   TestC02FullBlockDispatchAfterDelayedID
--- PASS: TestC02FullBlockDispatchAfterDelayedID (0.05s)
=== RUN   TestC02MultiBlockDispatchUsesLatestLength
--- PASS: TestC02MultiBlockDispatchUsesLatestLength (0.05s)
=== RUN   TestC02FlushToFailureIsObservable
2026/08/17 02:36:10.479857 juicefs[1403816] <WARNING>: write inode: 2 chunk: 13 off: 0 C02 injected FlushTo failure [write@writer.go:149]
--- PASS: TestC02FlushToFailureIsObservable (0.00s)
=== RUN   TestC02PartialThenFullAfterIDDispatchesOnce
--- PASS: TestC02PartialThenFullAfterIDDispatchesOnce (0.05s)
=== RUN   TestC02TransientEIORecoversOnFreeze
--- PASS: TestC02TransientEIORecoversOnFreeze (0.00s)
=== RUN   TestC02PermanentENOSPCAbortsFrozenSlice
2026/08/17 02:36:10.534314 juicefs[1403816] <INFO>: flush inode: 2 chunk: 0 err: no space left on device [flushData@writer.go:117]
--- PASS: TestC02PermanentENOSPCAbortsFrozenSlice (0.00s)
=== RUN   TestC02FrozenSliceSkipsCatchupFlush
--- PASS: TestC02FrozenSliceSkipsCatchupFlush (0.00s)
=== RUN   TestC02ConcurrentIndependentFullBlocks
--- PASS: TestC02ConcurrentIndependentFullBlocks (0.00s)
=== RUN   TestC02FullBlockDispatchAfterDelayedID
--- PASS: TestC02FullBlockDispatchAfterDelayedID (0.05s)
=== RUN   TestC02MultiBlockDispatchUsesLatestLength
--- PASS: TestC02MultiBlockDispatchUsesLatestLength (0.05s)
=== RUN   TestC02FlushToFailureIsObservable
2026/08/17 02:36:10.642106 juicefs[1403816] <WARNING>: write inode: 2 chunk: 13 off: 0 C02 injected FlushTo failure [write@writer.go:149]
--- PASS: TestC02FlushToFailureIsObservable (0.00s)
=== RUN   TestC02PartialThenFullAfterIDDispatchesOnce
--- PASS: TestC02PartialThenFullAfterIDDispatchesOnce (0.05s)
=== RUN   TestC02TransientEIORecoversOnFreeze
--- PASS: TestC02TransientEIORecoversOnFreeze (0.00s)
=== RUN   TestC02PermanentENOSPCAbortsFrozenSlice
2026/08/17 02:36:10.696147 juicefs[1403816] <INFO>: flush inode: 2 chunk: 0 err: no space left on device [flushData@writer.go:117]
--- PASS: TestC02PermanentENOSPCAbortsFrozenSlice (0.00s)
=== RUN   TestC02FrozenSliceSkipsCatchupFlush
--- PASS: TestC02FrozenSliceSkipsCatchupFlush (0.00s)
=== RUN   TestC02ConcurrentIndependentFullBlocks
--- PASS: TestC02ConcurrentIndependentFullBlocks (0.00s)
=== RUN   TestC02FullBlockDispatchAfterDelayedID
--- PASS: TestC02FullBlockDispatchAfterDelayedID (0.05s)
=== RUN   TestC02MultiBlockDispatchUsesLatestLength
--- PASS: TestC02MultiBlockDispatchUsesLatestLength (0.05s)
=== RUN   TestC02FlushToFailureIsObservable
2026/08/17 02:36:10.802755 juicefs[1403816] <WARNING>: write inode: 2 chunk: 13 off: 0 C02 injected FlushTo failure [write@writer.go:149]
--- PASS: TestC02FlushToFailureIsObservable (0.00s)
=== RUN   TestC02PartialThenFullAfterIDDispatchesOnce
--- PASS: TestC02PartialThenFullAfterIDDispatchesOnce (0.05s)
=== RUN   TestC02TransientEIORecoversOnFreeze
--- PASS: TestC02TransientEIORecoversOnFreeze (0.00s)
=== RUN   TestC02PermanentENOSPCAbortsFrozenSlice
2026/08/17 02:36:10.856850 juicefs[1403816] <INFO>: flush inode: 2 chunk: 0 err: no space left on device [flushData@writer.go:117]
--- PASS: TestC02PermanentENOSPCAbortsFrozenSlice (0.00s)
=== RUN   TestC02FrozenSliceSkipsCatchupFlush
--- PASS: TestC02FrozenSliceSkipsCatchupFlush (0.00s)
=== RUN   TestC02ConcurrentIndependentFullBlocks
--- PASS: TestC02ConcurrentIndependentFullBlocks (0.00s)
=== RUN   TestC02FullBlockDispatchAfterDelayedID
--- PASS: TestC02FullBlockDispatchAfterDelayedID (0.05s)
=== RUN   TestC02MultiBlockDispatchUsesLatestLength
--- PASS: TestC02MultiBlockDispatchUsesLatestLength (0.05s)
=== RUN   TestC02FlushToFailureIsObservable
2026/08/17 02:36:10.963436 juicefs[1403816] <WARNING>: write inode: 2 chunk: 13 off: 0 C02 injected FlushTo failure [write@writer.go:149]
--- PASS: TestC02FlushToFailureIsObservable (0.00s)
=== RUN   TestC02PartialThenFullAfterIDDispatchesOnce
--- PASS: TestC02PartialThenFullAfterIDDispatchesOnce (0.05s)
=== RUN   TestC02TransientEIORecoversOnFreeze
--- PASS: TestC02TransientEIORecoversOnFreeze (0.00s)
=== RUN   TestC02PermanentENOSPCAbortsFrozenSlice
2026/08/17 02:36:11.017585 juicefs[1403816] <INFO>: flush inode: 2 chunk: 0 err: no space left on device [flushData@writer.go:117]
--- PASS: TestC02PermanentENOSPCAbortsFrozenSlice (0.00s)
=== RUN   TestC02FrozenSliceSkipsCatchupFlush
--- PASS: TestC02FrozenSliceSkipsCatchupFlush (0.00s)
=== RUN   TestC02ConcurrentIndependentFullBlocks
--- PASS: TestC02ConcurrentIndependentFullBlocks (0.00s)
=== RUN   TestC02FullBlockDispatchAfterDelayedID
--- PASS: TestC02FullBlockDispatchAfterDelayedID (0.05s)
=== RUN   TestC02MultiBlockDispatchUsesLatestLength
--- PASS: TestC02MultiBlockDispatchUsesLatestLength (0.05s)
=== RUN   TestC02FlushToFailureIsObservable
2026/08/17 02:36:11.126350 juicefs[1403816] <WARNING>: write inode: 2 chunk: 13 off: 0 C02 injected FlushTo failure [write@writer.go:149]
--- PASS: TestC02FlushToFailureIsObservable (0.00s)
=== RUN   TestC02PartialThenFullAfterIDDispatchesOnce
--- PASS: TestC02PartialThenFullAfterIDDispatchesOnce (0.05s)
=== RUN   TestC02TransientEIORecoversOnFreeze
--- PASS: TestC02TransientEIORecoversOnFreeze (0.00s)
=== RUN   TestC02PermanentENOSPCAbortsFrozenSlice
2026/08/17 02:36:11.180979 juicefs[1403816] <INFO>: flush inode: 2 chunk: 0 err: no space left on device [flushData@writer.go:117]
--- PASS: TestC02PermanentENOSPCAbortsFrozenSlice (0.00s)
=== RUN   TestC02FrozenSliceSkipsCatchupFlush
--- PASS: TestC02FrozenSliceSkipsCatchupFlush (0.00s)
=== RUN   TestC02ConcurrentIndependentFullBlocks
--- PASS: TestC02ConcurrentIndependentFullBlocks (0.00s)
=== RUN   TestC02FullBlockDispatchAfterDelayedID
--- PASS: TestC02FullBlockDispatchAfterDelayedID (0.05s)
=== RUN   TestC02MultiBlockDispatchUsesLatestLength
--- PASS: TestC02MultiBlockDispatchUsesLatestLength (0.05s)
=== RUN   TestC02FlushToFailureIsObservable
2026/08/17 02:36:11.288836 juicefs[1403816] <WARNING>: write inode: 2 chunk: 13 off: 0 C02 injected FlushTo failure [write@writer.go:149]
--- PASS: TestC02FlushToFailureIsObservable (0.00s)
=== RUN   TestC02PartialThenFullAfterIDDispatchesOnce
--- PASS: TestC02PartialThenFullAfterIDDispatchesOnce (0.05s)
=== RUN   TestC02TransientEIORecoversOnFreeze
--- PASS: TestC02TransientEIORecoversOnFreeze (0.00s)
=== RUN   TestC02PermanentENOSPCAbortsFrozenSlice
2026/08/17 02:36:11.343126 juicefs[1403816] <INFO>: flush inode: 2 chunk: 0 err: no space left on device [flushData@writer.go:117]
--- PASS: TestC02PermanentENOSPCAbortsFrozenSlice (0.00s)
=== RUN   TestC02FrozenSliceSkipsCatchupFlush
--- PASS: TestC02FrozenSliceSkipsCatchupFlush (0.00s)
=== RUN   TestC02ConcurrentIndependentFullBlocks
--- PASS: TestC02ConcurrentIndependentFullBlocks (0.00s)
=== RUN   TestC02FullBlockDispatchAfterDelayedID
--- PASS: TestC02FullBlockDispatchAfterDelayedID (0.05s)
=== RUN   TestC02MultiBlockDispatchUsesLatestLength
--- PASS: TestC02MultiBlockDispatchUsesLatestLength (0.05s)
=== RUN   TestC02FlushToFailureIsObservable
2026/08/17 02:36:11.451110 juicefs[1403816] <WARNING>: write inode: 2 chunk: 13 off: 0 C02 injected FlushTo failure [write@writer.go:149]
--- PASS: TestC02FlushToFailureIsObservable (0.00s)
=== RUN   TestC02PartialThenFullAfterIDDispatchesOnce
--- PASS: TestC02PartialThenFullAfterIDDispatchesOnce (0.05s)
=== RUN   TestC02TransientEIORecoversOnFreeze
--- PASS: TestC02TransientEIORecoversOnFreeze (0.00s)
=== RUN   TestC02PermanentENOSPCAbortsFrozenSlice
2026/08/17 02:36:11.505051 juicefs[1403816] <INFO>: flush inode: 2 chunk: 0 err: no space left on device [flushData@writer.go:117]
--- PASS: TestC02PermanentENOSPCAbortsFrozenSlice (0.00s)
=== RUN   TestC02FrozenSliceSkipsCatchupFlush
--- PASS: TestC02FrozenSliceSkipsCatchupFlush (0.00s)
=== RUN   TestC02ConcurrentIndependentFullBlocks
--- PASS: TestC02ConcurrentIndependentFullBlocks (0.00s)
=== RUN   TestC02FullBlockDispatchAfterDelayedID
--- PASS: TestC02FullBlockDispatchAfterDelayedID (0.05s)
=== RUN   TestC02MultiBlockDispatchUsesLatestLength
--- PASS: TestC02MultiBlockDispatchUsesLatestLength (0.05s)
=== RUN   TestC02FlushToFailureIsObservable
2026/08/17 02:36:11.614104 juicefs[1403816] <WARNING>: write inode: 2 chunk: 13 off: 0 C02 injected FlushTo failure [write@writer.go:149]
--- PASS: TestC02FlushToFailureIsObservable (0.00s)
=== RUN   TestC02PartialThenFullAfterIDDispatchesOnce
--- PASS: TestC02PartialThenFullAfterIDDispatchesOnce (0.05s)
=== RUN   TestC02TransientEIORecoversOnFreeze
--- PASS: TestC02TransientEIORecoversOnFreeze (0.00s)
=== RUN   TestC02PermanentENOSPCAbortsFrozenSlice
2026/08/17 02:36:11.668356 juicefs[1403816] <INFO>: flush inode: 2 chunk: 0 err: no space left on device [flushData@writer.go:117]
--- PASS: TestC02PermanentENOSPCAbortsFrozenSlice (0.00s)
=== RUN   TestC02FrozenSliceSkipsCatchupFlush
--- PASS: TestC02FrozenSliceSkipsCatchupFlush (0.00s)
=== RUN   TestC02ConcurrentIndependentFullBlocks
--- PASS: TestC02ConcurrentIndependentFullBlocks (0.00s)
=== RUN   TestC02FullBlockDispatchAfterDelayedID
--- PASS: TestC02FullBlockDispatchAfterDelayedID (0.05s)
=== RUN   TestC02MultiBlockDispatchUsesLatestLength
--- PASS: TestC02MultiBlockDispatchUsesLatestLength (0.05s)
=== RUN   TestC02FlushToFailureIsObservable
2026/08/17 02:36:11.775805 juicefs[1403816] <WARNING>: write inode: 2 chunk: 13 off: 0 C02 injected FlushTo failure [write@writer.go:149]
--- PASS: TestC02FlushToFailureIsObservable (0.00s)
=== RUN   TestC02PartialThenFullAfterIDDispatchesOnce
--- PASS: TestC02PartialThenFullAfterIDDispatchesOnce (0.05s)
=== RUN   TestC02TransientEIORecoversOnFreeze
--- PASS: TestC02TransientEIORecoversOnFreeze (0.00s)
=== RUN   TestC02PermanentENOSPCAbortsFrozenSlice
2026/08/17 02:36:11.830479 juicefs[1403816] <INFO>: flush inode: 2 chunk: 0 err: no space left on device [flushData@writer.go:117]
--- PASS: TestC02PermanentENOSPCAbortsFrozenSlice (0.00s)
=== RUN   TestC02FrozenSliceSkipsCatchupFlush
--- PASS: TestC02FrozenSliceSkipsCatchupFlush (0.00s)
=== RUN   TestC02ConcurrentIndependentFullBlocks
--- PASS: TestC02ConcurrentIndependentFullBlocks (0.00s)
=== RUN   TestC02FullBlockDispatchAfterDelayedID
--- PASS: TestC02FullBlockDispatchAfterDelayedID (0.05s)
=== RUN   TestC02MultiBlockDispatchUsesLatestLength
--- PASS: TestC02MultiBlockDispatchUsesLatestLength (0.05s)
=== RUN   TestC02FlushToFailureIsObservable
2026/08/17 02:36:11.938832 juicefs[1403816] <WARNING>: write inode: 2 chunk: 13 off: 0 C02 injected FlushTo failure [write@writer.go:149]
--- PASS: TestC02FlushToFailureIsObservable (0.00s)
=== RUN   TestC02PartialThenFullAfterIDDispatchesOnce
--- PASS: TestC02PartialThenFullAfterIDDispatchesOnce (0.05s)
=== RUN   TestC02TransientEIORecoversOnFreeze
--- PASS: TestC02TransientEIORecoversOnFreeze (0.00s)
=== RUN   TestC02PermanentENOSPCAbortsFrozenSlice
2026/08/17 02:36:11.992863 juicefs[1403816] <INFO>: flush inode: 2 chunk: 0 err: no space left on device [flushData@writer.go:117]
--- PASS: TestC02PermanentENOSPCAbortsFrozenSlice (0.00s)
=== RUN   TestC02FrozenSliceSkipsCatchupFlush
--- PASS: TestC02FrozenSliceSkipsCatchupFlush (0.00s)
=== RUN   TestC02ConcurrentIndependentFullBlocks
--- PASS: TestC02ConcurrentIndependentFullBlocks (0.00s)
=== RUN   TestC02FullBlockDispatchAfterDelayedID
--- PASS: TestC02FullBlockDispatchAfterDelayedID (0.05s)
=== RUN   TestC02MultiBlockDispatchUsesLatestLength
--- PASS: TestC02MultiBlockDispatchUsesLatestLength (0.05s)
=== RUN   TestC02FlushToFailureIsObservable
2026/08/17 02:36:12.100578 juicefs[1403816] <WARNING>: write inode: 2 chunk: 13 off: 0 C02 injected FlushTo failure [write@writer.go:149]
--- PASS: TestC02FlushToFailureIsObservable (0.00s)
=== RUN   TestC02PartialThenFullAfterIDDispatchesOnce
--- PASS: TestC02PartialThenFullAfterIDDispatchesOnce (0.05s)
=== RUN   TestC02TransientEIORecoversOnFreeze
--- PASS: TestC02TransientEIORecoversOnFreeze (0.00s)
=== RUN   TestC02PermanentENOSPCAbortsFrozenSlice
2026/08/17 02:36:12.154616 juicefs[1403816] <INFO>: flush inode: 2 chunk: 0 err: no space left on device [flushData@writer.go:117]
--- PASS: TestC02PermanentENOSPCAbortsFrozenSlice (0.00s)
=== RUN   TestC02FrozenSliceSkipsCatchupFlush
--- PASS: TestC02FrozenSliceSkipsCatchupFlush (0.00s)
=== RUN   TestC02ConcurrentIndependentFullBlocks
--- PASS: TestC02ConcurrentIndependentFullBlocks (0.00s)
=== RUN   TestC02FullBlockDispatchAfterDelayedID
--- PASS: TestC02FullBlockDispatchAfterDelayedID (0.05s)
=== RUN   TestC02MultiBlockDispatchUsesLatestLength
--- PASS: TestC02MultiBlockDispatchUsesLatestLength (0.05s)
=== RUN   TestC02FlushToFailureIsObservable
2026/08/17 02:36:12.262071 juicefs[1403816] <WARNING>: write inode: 2 chunk: 13 off: 0 C02 injected FlushTo failure [write@writer.go:149]
--- PASS: TestC02FlushToFailureIsObservable (0.00s)
=== RUN   TestC02PartialThenFullAfterIDDispatchesOnce
--- PASS: TestC02PartialThenFullAfterIDDispatchesOnce (0.05s)
=== RUN   TestC02TransientEIORecoversOnFreeze
--- PASS: TestC02TransientEIORecoversOnFreeze (0.00s)
=== RUN   TestC02PermanentENOSPCAbortsFrozenSlice
2026/08/17 02:36:12.316319 juicefs[1403816] <INFO>: flush inode: 2 chunk: 0 err: no space left on device [flushData@writer.go:117]
--- PASS: TestC02PermanentENOSPCAbortsFrozenSlice (0.00s)
=== RUN   TestC02FrozenSliceSkipsCatchupFlush
--- PASS: TestC02FrozenSliceSkipsCatchupFlush (0.00s)
=== RUN   TestC02ConcurrentIndependentFullBlocks
--- PASS: TestC02ConcurrentIndependentFullBlocks (0.00s)
=== RUN   TestC02FullBlockDispatchAfterDelayedID
--- PASS: TestC02FullBlockDispatchAfterDelayedID (0.05s)
=== RUN   TestC02MultiBlockDispatchUsesLatestLength
--- PASS: TestC02MultiBlockDispatchUsesLatestLength (0.05s)
=== RUN   TestC02FlushToFailureIsObservable
2026/08/17 02:36:12.424670 juicefs[1403816] <WARNING>: write inode: 2 chunk: 13 off: 0 C02 injected FlushTo failure [write@writer.go:149]
--- PASS: TestC02FlushToFailureIsObservable (0.00s)
=== RUN   TestC02PartialThenFullAfterIDDispatchesOnce
--- PASS: TestC02PartialThenFullAfterIDDispatchesOnce (0.05s)
=== RUN   TestC02TransientEIORecoversOnFreeze
--- PASS: TestC02TransientEIORecoversOnFreeze (0.00s)
=== RUN   TestC02PermanentENOSPCAbortsFrozenSlice
2026/08/17 02:36:12.478774 juicefs[1403816] <INFO>: flush inode: 2 chunk: 0 err: no space left on device [flushData@writer.go:117]
--- PASS: TestC02PermanentENOSPCAbortsFrozenSlice (0.00s)
=== RUN   TestC02FrozenSliceSkipsCatchupFlush
--- PASS: TestC02FrozenSliceSkipsCatchupFlush (0.00s)
=== RUN   TestC02ConcurrentIndependentFullBlocks
--- PASS: TestC02ConcurrentIndependentFullBlocks (0.00s)
=== RUN   TestC02FullBlockDispatchAfterDelayedID
--- PASS: TestC02FullBlockDispatchAfterDelayedID (0.05s)
=== RUN   TestC02MultiBlockDispatchUsesLatestLength
--- PASS: TestC02MultiBlockDispatchUsesLatestLength (0.05s)
=== RUN   TestC02FlushToFailureIsObservable
2026/08/17 02:36:12.585332 juicefs[1403816] <WARNING>: write inode: 2 chunk: 13 off: 0 C02 injected FlushTo failure [write@writer.go:149]
--- PASS: TestC02FlushToFailureIsObservable (0.00s)
=== RUN   TestC02PartialThenFullAfterIDDispatchesOnce
--- PASS: TestC02PartialThenFullAfterIDDispatchesOnce (0.05s)
=== RUN   TestC02TransientEIORecoversOnFreeze
--- PASS: TestC02TransientEIORecoversOnFreeze (0.00s)
=== RUN   TestC02PermanentENOSPCAbortsFrozenSlice
2026/08/17 02:36:12.639508 juicefs[1403816] <INFO>: flush inode: 2 chunk: 0 err: no space left on device [flushData@writer.go:117]
--- PASS: TestC02PermanentENOSPCAbortsFrozenSlice (0.00s)
=== RUN   TestC02FrozenSliceSkipsCatchupFlush
--- PASS: TestC02FrozenSliceSkipsCatchupFlush (0.00s)
=== RUN   TestC02ConcurrentIndependentFullBlocks
--- PASS: TestC02ConcurrentIndependentFullBlocks (0.00s)
=== RUN   TestC02FullBlockDispatchAfterDelayedID
--- PASS: TestC02FullBlockDispatchAfterDelayedID (0.05s)
=== RUN   TestC02MultiBlockDispatchUsesLatestLength
--- PASS: TestC02MultiBlockDispatchUsesLatestLength (0.05s)
=== RUN   TestC02FlushToFailureIsObservable
2026/08/17 02:36:12.745653 juicefs[1403816] <WARNING>: write inode: 2 chunk: 13 off: 0 C02 injected FlushTo failure [write@writer.go:149]
--- PASS: TestC02FlushToFailureIsObservable (0.00s)
=== RUN   TestC02PartialThenFullAfterIDDispatchesOnce
--- PASS: TestC02PartialThenFullAfterIDDispatchesOnce (0.05s)
=== RUN   TestC02TransientEIORecoversOnFreeze
--- PASS: TestC02TransientEIORecoversOnFreeze (0.00s)
=== RUN   TestC02PermanentENOSPCAbortsFrozenSlice
2026/08/17 02:36:12.799611 juicefs[1403816] <INFO>: flush inode: 2 chunk: 0 err: no space left on device [flushData@writer.go:117]
--- PASS: TestC02PermanentENOSPCAbortsFrozenSlice (0.00s)
=== RUN   TestC02FrozenSliceSkipsCatchupFlush
--- PASS: TestC02FrozenSliceSkipsCatchupFlush (0.00s)
=== RUN   TestC02ConcurrentIndependentFullBlocks
--- PASS: TestC02ConcurrentIndependentFullBlocks (0.00s)
=== RUN   TestC02FullBlockDispatchAfterDelayedID
--- PASS: TestC02FullBlockDispatchAfterDelayedID (0.05s)
=== RUN   TestC02MultiBlockDispatchUsesLatestLength
--- PASS: TestC02MultiBlockDispatchUsesLatestLength (0.05s)
=== RUN   TestC02FlushToFailureIsObservable
2026/08/17 02:36:12.907089 juicefs[1403816] <WARNING>: write inode: 2 chunk: 13 off: 0 C02 injected FlushTo failure [write@writer.go:149]
--- PASS: TestC02FlushToFailureIsObservable (0.00s)
=== RUN   TestC02PartialThenFullAfterIDDispatchesOnce
--- PASS: TestC02PartialThenFullAfterIDDispatchesOnce (0.05s)
=== RUN   TestC02TransientEIORecoversOnFreeze
--- PASS: TestC02TransientEIORecoversOnFreeze (0.00s)
=== RUN   TestC02PermanentENOSPCAbortsFrozenSlice
2026/08/17 02:36:12.961249 juicefs[1403816] <INFO>: flush inode: 2 chunk: 0 err: no space left on device [flushData@writer.go:117]
--- PASS: TestC02PermanentENOSPCAbortsFrozenSlice (0.00s)
=== RUN   TestC02FrozenSliceSkipsCatchupFlush
--- PASS: TestC02FrozenSliceSkipsCatchupFlush (0.00s)
=== RUN   TestC02ConcurrentIndependentFullBlocks
--- PASS: TestC02ConcurrentIndependentFullBlocks (0.00s)
=== RUN   TestC02FullBlockDispatchAfterDelayedID
--- PASS: TestC02FullBlockDispatchAfterDelayedID (0.05s)
=== RUN   TestC02MultiBlockDispatchUsesLatestLength
--- PASS: TestC02MultiBlockDispatchUsesLatestLength (0.05s)
=== RUN   TestC02FlushToFailureIsObservable
2026/08/17 02:36:13.069327 juicefs[1403816] <WARNING>: write inode: 2 chunk: 13 off: 0 C02 injected FlushTo failure [write@writer.go:149]
--- PASS: TestC02FlushToFailureIsObservable (0.00s)
=== RUN   TestC02PartialThenFullAfterIDDispatchesOnce
--- PASS: TestC02PartialThenFullAfterIDDispatchesOnce (0.05s)
=== RUN   TestC02TransientEIORecoversOnFreeze
--- PASS: TestC02TransientEIORecoversOnFreeze (0.00s)
=== RUN   TestC02PermanentENOSPCAbortsFrozenSlice
2026/08/17 02:36:13.123583 juicefs[1403816] <INFO>: flush inode: 2 chunk: 0 err: no space left on device [flushData@writer.go:117]
--- PASS: TestC02PermanentENOSPCAbortsFrozenSlice (0.00s)
=== RUN   TestC02FrozenSliceSkipsCatchupFlush
--- PASS: TestC02FrozenSliceSkipsCatchupFlush (0.00s)
=== RUN   TestC02ConcurrentIndependentFullBlocks
--- PASS: TestC02ConcurrentIndependentFullBlocks (0.00s)
=== RUN   TestC02FullBlockDispatchAfterDelayedID
--- PASS: TestC02FullBlockDispatchAfterDelayedID (0.05s)
=== RUN   TestC02MultiBlockDispatchUsesLatestLength
--- PASS: TestC02MultiBlockDispatchUsesLatestLength (0.05s)
=== RUN   TestC02FlushToFailureIsObservable
2026/08/17 02:36:13.230926 juicefs[1403816] <WARNING>: write inode: 2 chunk: 13 off: 0 C02 injected FlushTo failure [write@writer.go:149]
--- PASS: TestC02FlushToFailureIsObservable (0.00s)
=== RUN   TestC02PartialThenFullAfterIDDispatchesOnce
--- PASS: TestC02PartialThenFullAfterIDDispatchesOnce (0.05s)
=== RUN   TestC02TransientEIORecoversOnFreeze
--- PASS: TestC02TransientEIORecoversOnFreeze (0.00s)
=== RUN   TestC02PermanentENOSPCAbortsFrozenSlice
2026/08/17 02:36:13.285140 juicefs[1403816] <INFO>: flush inode: 2 chunk: 0 err: no space left on device [flushData@writer.go:117]
--- PASS: TestC02PermanentENOSPCAbortsFrozenSlice (0.00s)
=== RUN   TestC02FrozenSliceSkipsCatchupFlush
--- PASS: TestC02FrozenSliceSkipsCatchupFlush (0.00s)
=== RUN   TestC02ConcurrentIndependentFullBlocks
--- PASS: TestC02ConcurrentIndependentFullBlocks (0.00s)
=== RUN   TestC02FullBlockDispatchAfterDelayedID
--- PASS: TestC02FullBlockDispatchAfterDelayedID (0.05s)
=== RUN   TestC02MultiBlockDispatchUsesLatestLength
--- PASS: TestC02MultiBlockDispatchUsesLatestLength (0.05s)
=== RUN   TestC02FlushToFailureIsObservable
2026/08/17 02:36:13.392198 juicefs[1403816] <WARNING>: write inode: 2 chunk: 13 off: 0 C02 injected FlushTo failure [write@writer.go:149]
--- PASS: TestC02FlushToFailureIsObservable (0.00s)
=== RUN   TestC02PartialThenFullAfterIDDispatchesOnce
--- PASS: TestC02PartialThenFullAfterIDDispatchesOnce (0.05s)
=== RUN   TestC02TransientEIORecoversOnFreeze
--- PASS: TestC02TransientEIORecoversOnFreeze (0.00s)
=== RUN   TestC02PermanentENOSPCAbortsFrozenSlice
2026/08/17 02:36:13.446193 juicefs[1403816] <INFO>: flush inode: 2 chunk: 0 err: no space left on device [flushData@writer.go:117]
--- PASS: TestC02PermanentENOSPCAbortsFrozenSlice (0.00s)
=== RUN   TestC02FrozenSliceSkipsCatchupFlush
--- PASS: TestC02FrozenSliceSkipsCatchupFlush (0.00s)
=== RUN   TestC02ConcurrentIndependentFullBlocks
--- PASS: TestC02ConcurrentIndependentFullBlocks (0.00s)
=== RUN   TestC02FullBlockDispatchAfterDelayedID
--- PASS: TestC02FullBlockDispatchAfterDelayedID (0.05s)
=== RUN   TestC02MultiBlockDispatchUsesLatestLength
--- PASS: TestC02MultiBlockDispatchUsesLatestLength (0.05s)
=== RUN   TestC02FlushToFailureIsObservable
2026/08/17 02:36:13.553667 juicefs[1403816] <WARNING>: write inode: 2 chunk: 13 off: 0 C02 injected FlushTo failure [write@writer.go:149]
--- PASS: TestC02FlushToFailureIsObservable (0.00s)
=== RUN   TestC02PartialThenFullAfterIDDispatchesOnce
--- PASS: TestC02PartialThenFullAfterIDDispatchesOnce (0.05s)
=== RUN   TestC02TransientEIORecoversOnFreeze
--- PASS: TestC02TransientEIORecoversOnFreeze (0.00s)
=== RUN   TestC02PermanentENOSPCAbortsFrozenSlice
2026/08/17 02:36:13.607688 juicefs[1403816] <INFO>: flush inode: 2 chunk: 0 err: no space left on device [flushData@writer.go:117]
--- PASS: TestC02PermanentENOSPCAbortsFrozenSlice (0.00s)
=== RUN   TestC02FrozenSliceSkipsCatchupFlush
--- PASS: TestC02FrozenSliceSkipsCatchupFlush (0.00s)
=== RUN   TestC02ConcurrentIndependentFullBlocks
--- PASS: TestC02ConcurrentIndependentFullBlocks (0.00s)
=== RUN   TestC02FullBlockDispatchAfterDelayedID
--- PASS: TestC02FullBlockDispatchAfterDelayedID (0.05s)
=== RUN   TestC02MultiBlockDispatchUsesLatestLength
--- PASS: TestC02MultiBlockDispatchUsesLatestLength (0.05s)
=== RUN   TestC02FlushToFailureIsObservable
2026/08/17 02:36:13.714422 juicefs[1403816] <WARNING>: write inode: 2 chunk: 13 off: 0 C02 injected FlushTo failure [write@writer.go:149]
--- PASS: TestC02FlushToFailureIsObservable (0.00s)
=== RUN   TestC02PartialThenFullAfterIDDispatchesOnce
--- PASS: TestC02PartialThenFullAfterIDDispatchesOnce (0.05s)
=== RUN   TestC02TransientEIORecoversOnFreeze
--- PASS: TestC02TransientEIORecoversOnFreeze (0.00s)
=== RUN   TestC02PermanentENOSPCAbortsFrozenSlice
2026/08/17 02:36:13.768546 juicefs[1403816] <INFO>: flush inode: 2 chunk: 0 err: no space left on device [flushData@writer.go:117]
--- PASS: TestC02PermanentENOSPCAbortsFrozenSlice (0.00s)
=== RUN   TestC02FrozenSliceSkipsCatchupFlush
--- PASS: TestC02FrozenSliceSkipsCatchupFlush (0.00s)
=== RUN   TestC02ConcurrentIndependentFullBlocks
--- PASS: TestC02ConcurrentIndependentFullBlocks (0.00s)
=== RUN   TestC02FullBlockDispatchAfterDelayedID
--- PASS: TestC02FullBlockDispatchAfterDelayedID (0.05s)
=== RUN   TestC02MultiBlockDispatchUsesLatestLength
--- PASS: TestC02MultiBlockDispatchUsesLatestLength (0.05s)
=== RUN   TestC02FlushToFailureIsObservable
2026/08/17 02:36:13.876542 juicefs[1403816] <WARNING>: write inode: 2 chunk: 13 off: 0 C02 injected FlushTo failure [write@writer.go:149]
--- PASS: TestC02FlushToFailureIsObservable (0.00s)
=== RUN   TestC02PartialThenFullAfterIDDispatchesOnce
--- PASS: TestC02PartialThenFullAfterIDDispatchesOnce (0.05s)
=== RUN   TestC02TransientEIORecoversOnFreeze
--- PASS: TestC02TransientEIORecoversOnFreeze (0.00s)
=== RUN   TestC02PermanentENOSPCAbortsFrozenSlice
2026/08/17 02:36:13.930626 juicefs[1403816] <INFO>: flush inode: 2 chunk: 0 err: no space left on device [flushData@writer.go:117]
--- PASS: TestC02PermanentENOSPCAbortsFrozenSlice (0.00s)
=== RUN   TestC02FrozenSliceSkipsCatchupFlush
--- PASS: TestC02FrozenSliceSkipsCatchupFlush (0.00s)
=== RUN   TestC02ConcurrentIndependentFullBlocks
--- PASS: TestC02ConcurrentIndependentFullBlocks (0.00s)
=== RUN   TestC02FullBlockDispatchAfterDelayedID
--- PASS: TestC02FullBlockDispatchAfterDelayedID (0.05s)
=== RUN   TestC02MultiBlockDispatchUsesLatestLength
--- PASS: TestC02MultiBlockDispatchUsesLatestLength (0.05s)
=== RUN   TestC02FlushToFailureIsObservable
2026/08/17 02:36:14.038218 juicefs[1403816] <WARNING>: write inode: 2 chunk: 13 off: 0 C02 injected FlushTo failure [write@writer.go:149]
--- PASS: TestC02FlushToFailureIsObservable (0.00s)
=== RUN   TestC02PartialThenFullAfterIDDispatchesOnce
--- PASS: TestC02PartialThenFullAfterIDDispatchesOnce (0.05s)
=== RUN   TestC02TransientEIORecoversOnFreeze
--- PASS: TestC02TransientEIORecoversOnFreeze (0.00s)
=== RUN   TestC02PermanentENOSPCAbortsFrozenSlice
2026/08/17 02:36:14.092738 juicefs[1403816] <INFO>: flush inode: 2 chunk: 0 err: no space left on device [flushData@writer.go:117]
--- PASS: TestC02PermanentENOSPCAbortsFrozenSlice (0.00s)
=== RUN   TestC02FrozenSliceSkipsCatchupFlush
--- PASS: TestC02FrozenSliceSkipsCatchupFlush (0.00s)
=== RUN   TestC02ConcurrentIndependentFullBlocks
--- PASS: TestC02ConcurrentIndependentFullBlocks (0.00s)
=== RUN   TestC02FullBlockDispatchAfterDelayedID
--- PASS: TestC02FullBlockDispatchAfterDelayedID (0.05s)
=== RUN   TestC02MultiBlockDispatchUsesLatestLength
--- PASS: TestC02MultiBlockDispatchUsesLatestLength (0.05s)
=== RUN   TestC02FlushToFailureIsObservable
2026/08/17 02:36:14.200306 juicefs[1403816] <WARNING>: write inode: 2 chunk: 13 off: 0 C02 injected FlushTo failure [write@writer.go:149]
--- PASS: TestC02FlushToFailureIsObservable (0.00s)
=== RUN   TestC02PartialThenFullAfterIDDispatchesOnce
--- PASS: TestC02PartialThenFullAfterIDDispatchesOnce (0.05s)
=== RUN   TestC02TransientEIORecoversOnFreeze
--- PASS: TestC02TransientEIORecoversOnFreeze (0.00s)
=== RUN   TestC02PermanentENOSPCAbortsFrozenSlice
2026/08/17 02:36:14.254354 juicefs[1403816] <INFO>: flush inode: 2 chunk: 0 err: no space left on device [flushData@writer.go:117]
--- PASS: TestC02PermanentENOSPCAbortsFrozenSlice (0.00s)
=== RUN   TestC02FrozenSliceSkipsCatchupFlush
--- PASS: TestC02FrozenSliceSkipsCatchupFlush (0.00s)
=== RUN   TestC02ConcurrentIndependentFullBlocks
--- PASS: TestC02ConcurrentIndependentFullBlocks (0.00s)
=== RUN   TestC02FullBlockDispatchAfterDelayedID
--- PASS: TestC02FullBlockDispatchAfterDelayedID (0.05s)
=== RUN   TestC02MultiBlockDispatchUsesLatestLength
--- PASS: TestC02MultiBlockDispatchUsesLatestLength (0.05s)
=== RUN   TestC02FlushToFailureIsObservable
2026/08/17 02:36:14.361130 juicefs[1403816] <WARNING>: write inode: 2 chunk: 13 off: 0 C02 injected FlushTo failure [write@writer.go:149]
--- PASS: TestC02FlushToFailureIsObservable (0.00s)
=== RUN   TestC02PartialThenFullAfterIDDispatchesOnce
--- PASS: TestC02PartialThenFullAfterIDDispatchesOnce (0.05s)
=== RUN   TestC02TransientEIORecoversOnFreeze
--- PASS: TestC02TransientEIORecoversOnFreeze (0.00s)
=== RUN   TestC02PermanentENOSPCAbortsFrozenSlice
2026/08/17 02:36:14.415707 juicefs[1403816] <INFO>: flush inode: 2 chunk: 0 err: no space left on device [flushData@writer.go:117]
--- PASS: TestC02PermanentENOSPCAbortsFrozenSlice (0.00s)
=== RUN   TestC02FrozenSliceSkipsCatchupFlush
--- PASS: TestC02FrozenSliceSkipsCatchupFlush (0.00s)
=== RUN   TestC02ConcurrentIndependentFullBlocks
--- PASS: TestC02ConcurrentIndependentFullBlocks (0.00s)
=== RUN   TestC02FullBlockDispatchAfterDelayedID
--- PASS: TestC02FullBlockDispatchAfterDelayedID (0.05s)
=== RUN   TestC02MultiBlockDispatchUsesLatestLength
--- PASS: TestC02MultiBlockDispatchUsesLatestLength (0.05s)
=== RUN   TestC02FlushToFailureIsObservable
2026/08/17 02:36:14.523666 juicefs[1403816] <WARNING>: write inode: 2 chunk: 13 off: 0 C02 injected FlushTo failure [write@writer.go:149]
--- PASS: TestC02FlushToFailureIsObservable (0.00s)
=== RUN   TestC02PartialThenFullAfterIDDispatchesOnce
--- PASS: TestC02PartialThenFullAfterIDDispatchesOnce (0.05s)
=== RUN   TestC02TransientEIORecoversOnFreeze
--- PASS: TestC02TransientEIORecoversOnFreeze (0.00s)
=== RUN   TestC02PermanentENOSPCAbortsFrozenSlice
2026/08/17 02:36:14.578113 juicefs[1403816] <INFO>: flush inode: 2 chunk: 0 err: no space left on device [flushData@writer.go:117]
--- PASS: TestC02PermanentENOSPCAbortsFrozenSlice (0.00s)
=== RUN   TestC02FrozenSliceSkipsCatchupFlush
--- PASS: TestC02FrozenSliceSkipsCatchupFlush (0.00s)
=== RUN   TestC02ConcurrentIndependentFullBlocks
--- PASS: TestC02ConcurrentIndependentFullBlocks (0.00s)
=== RUN   TestC02FullBlockDispatchAfterDelayedID
--- PASS: TestC02FullBlockDispatchAfterDelayedID (0.05s)
=== RUN   TestC02MultiBlockDispatchUsesLatestLength
--- PASS: TestC02MultiBlockDispatchUsesLatestLength (0.05s)
=== RUN   TestC02FlushToFailureIsObservable
2026/08/17 02:36:14.686548 juicefs[1403816] <WARNING>: write inode: 2 chunk: 13 off: 0 C02 injected FlushTo failure [write@writer.go:149]
--- PASS: TestC02FlushToFailureIsObservable (0.00s)
=== RUN   TestC02PartialThenFullAfterIDDispatchesOnce
--- PASS: TestC02PartialThenFullAfterIDDispatchesOnce (0.05s)
=== RUN   TestC02TransientEIORecoversOnFreeze
--- PASS: TestC02TransientEIORecoversOnFreeze (0.00s)
=== RUN   TestC02PermanentENOSPCAbortsFrozenSlice
2026/08/17 02:36:14.740681 juicefs[1403816] <INFO>: flush inode: 2 chunk: 0 err: no space left on device [flushData@writer.go:117]
--- PASS: TestC02PermanentENOSPCAbortsFrozenSlice (0.00s)
=== RUN   TestC02FrozenSliceSkipsCatchupFlush
--- PASS: TestC02FrozenSliceSkipsCatchupFlush (0.00s)
=== RUN   TestC02ConcurrentIndependentFullBlocks
--- PASS: TestC02ConcurrentIndependentFullBlocks (0.00s)
=== RUN   TestC02FullBlockDispatchAfterDelayedID
--- PASS: TestC02FullBlockDispatchAfterDelayedID (0.05s)
=== RUN   TestC02MultiBlockDispatchUsesLatestLength
--- PASS: TestC02MultiBlockDispatchUsesLatestLength (0.05s)
=== RUN   TestC02FlushToFailureIsObservable
2026/08/17 02:36:14.847577 juicefs[1403816] <WARNING>: write inode: 2 chunk: 13 off: 0 C02 injected FlushTo failure [write@writer.go:149]
--- PASS: TestC02FlushToFailureIsObservable (0.00s)
=== RUN   TestC02PartialThenFullAfterIDDispatchesOnce
--- PASS: TestC02PartialThenFullAfterIDDispatchesOnce (0.05s)
=== RUN   TestC02TransientEIORecoversOnFreeze
--- PASS: TestC02TransientEIORecoversOnFreeze (0.00s)
=== RUN   TestC02PermanentENOSPCAbortsFrozenSlice
2026/08/17 02:36:14.901731 juicefs[1403816] <INFO>: flush inode: 2 chunk: 0 err: no space left on device [flushData@writer.go:117]
--- PASS: TestC02PermanentENOSPCAbortsFrozenSlice (0.00s)
=== RUN   TestC02FrozenSliceSkipsCatchupFlush
--- PASS: TestC02FrozenSliceSkipsCatchupFlush (0.00s)
=== RUN   TestC02ConcurrentIndependentFullBlocks
--- PASS: TestC02ConcurrentIndependentFullBlocks (0.00s)
=== RUN   TestC02FullBlockDispatchAfterDelayedID
--- PASS: TestC02FullBlockDispatchAfterDelayedID (0.05s)
=== RUN   TestC02MultiBlockDispatchUsesLatestLength
--- PASS: TestC02MultiBlockDispatchUsesLatestLength (0.05s)
=== RUN   TestC02FlushToFailureIsObservable
2026/08/17 02:36:15.007816 juicefs[1403816] <WARNING>: write inode: 2 chunk: 13 off: 0 C02 injected FlushTo failure [write@writer.go:149]
--- PASS: TestC02FlushToFailureIsObservable (0.00s)
=== RUN   TestC02PartialThenFullAfterIDDispatchesOnce
--- PASS: TestC02PartialThenFullAfterIDDispatchesOnce (0.05s)
=== RUN   TestC02TransientEIORecoversOnFreeze
--- PASS: TestC02TransientEIORecoversOnFreeze (0.00s)
=== RUN   TestC02PermanentENOSPCAbortsFrozenSlice
2026/08/17 02:36:15.062136 juicefs[1403816] <INFO>: flush inode: 2 chunk: 0 err: no space left on device [flushData@writer.go:117]
--- PASS: TestC02PermanentENOSPCAbortsFrozenSlice (0.00s)
=== RUN   TestC02FrozenSliceSkipsCatchupFlush
--- PASS: TestC02FrozenSliceSkipsCatchupFlush (0.00s)
=== RUN   TestC02ConcurrentIndependentFullBlocks
--- PASS: TestC02ConcurrentIndependentFullBlocks (0.00s)
=== RUN   TestC02FullBlockDispatchAfterDelayedID
--- PASS: TestC02FullBlockDispatchAfterDelayedID (0.05s)
=== RUN   TestC02MultiBlockDispatchUsesLatestLength
--- PASS: TestC02MultiBlockDispatchUsesLatestLength (0.05s)
=== RUN   TestC02FlushToFailureIsObservable
2026/08/17 02:36:15.169883 juicefs[1403816] <WARNING>: write inode: 2 chunk: 13 off: 0 C02 injected FlushTo failure [write@writer.go:149]
--- PASS: TestC02FlushToFailureIsObservable (0.00s)
=== RUN   TestC02PartialThenFullAfterIDDispatchesOnce
--- PASS: TestC02PartialThenFullAfterIDDispatchesOnce (0.05s)
=== RUN   TestC02TransientEIORecoversOnFreeze
--- PASS: TestC02TransientEIORecoversOnFreeze (0.00s)
=== RUN   TestC02PermanentENOSPCAbortsFrozenSlice
2026/08/17 02:36:15.224504 juicefs[1403816] <INFO>: flush inode: 2 chunk: 0 err: no space left on device [flushData@writer.go:117]
--- PASS: TestC02PermanentENOSPCAbortsFrozenSlice (0.00s)
=== RUN   TestC02FrozenSliceSkipsCatchupFlush
--- PASS: TestC02FrozenSliceSkipsCatchupFlush (0.00s)
=== RUN   TestC02ConcurrentIndependentFullBlocks
--- PASS: TestC02ConcurrentIndependentFullBlocks (0.00s)
=== RUN   TestC02FullBlockDispatchAfterDelayedID
--- PASS: TestC02FullBlockDispatchAfterDelayedID (0.05s)
=== RUN   TestC02MultiBlockDispatchUsesLatestLength
--- PASS: TestC02MultiBlockDispatchUsesLatestLength (0.05s)
=== RUN   TestC02FlushToFailureIsObservable
2026/08/17 02:36:15.332459 juicefs[1403816] <WARNING>: write inode: 2 chunk: 13 off: 0 C02 injected FlushTo failure [write@writer.go:149]
--- PASS: TestC02FlushToFailureIsObservable (0.00s)
=== RUN   TestC02PartialThenFullAfterIDDispatchesOnce
--- PASS: TestC02PartialThenFullAfterIDDispatchesOnce (0.05s)
=== RUN   TestC02TransientEIORecoversOnFreeze
--- PASS: TestC02TransientEIORecoversOnFreeze (0.00s)
=== RUN   TestC02PermanentENOSPCAbortsFrozenSlice
2026/08/17 02:36:15.386464 juicefs[1403816] <INFO>: flush inode: 2 chunk: 0 err: no space left on device [flushData@writer.go:117]
--- PASS: TestC02PermanentENOSPCAbortsFrozenSlice (0.00s)
=== RUN   TestC02FrozenSliceSkipsCatchupFlush
--- PASS: TestC02FrozenSliceSkipsCatchupFlush (0.00s)
=== RUN   TestC02ConcurrentIndependentFullBlocks
--- PASS: TestC02ConcurrentIndependentFullBlocks (0.00s)
=== RUN   TestC02FullBlockDispatchAfterDelayedID
--- PASS: TestC02FullBlockDispatchAfterDelayedID (0.05s)
=== RUN   TestC02MultiBlockDispatchUsesLatestLength
--- PASS: TestC02MultiBlockDispatchUsesLatestLength (0.05s)
=== RUN   TestC02FlushToFailureIsObservable
2026/08/17 02:36:15.493701 juicefs[1403816] <WARNING>: write inode: 2 chunk: 13 off: 0 C02 injected FlushTo failure [write@writer.go:149]
--- PASS: TestC02FlushToFailureIsObservable (0.00s)
=== RUN   TestC02PartialThenFullAfterIDDispatchesOnce
--- PASS: TestC02PartialThenFullAfterIDDispatchesOnce (0.05s)
=== RUN   TestC02TransientEIORecoversOnFreeze
--- PASS: TestC02TransientEIORecoversOnFreeze (0.00s)
=== RUN   TestC02PermanentENOSPCAbortsFrozenSlice
2026/08/17 02:36:15.547725 juicefs[1403816] <INFO>: flush inode: 2 chunk: 0 err: no space left on device [flushData@writer.go:117]
--- PASS: TestC02PermanentENOSPCAbortsFrozenSlice (0.00s)
=== RUN   TestC02FrozenSliceSkipsCatchupFlush
--- PASS: TestC02FrozenSliceSkipsCatchupFlush (0.00s)
=== RUN   TestC02ConcurrentIndependentFullBlocks
--- PASS: TestC02ConcurrentIndependentFullBlocks (0.00s)
=== RUN   TestC02FullBlockDispatchAfterDelayedID
--- PASS: TestC02FullBlockDispatchAfterDelayedID (0.05s)
=== RUN   TestC02MultiBlockDispatchUsesLatestLength
--- PASS: TestC02MultiBlockDispatchUsesLatestLength (0.05s)
=== RUN   TestC02FlushToFailureIsObservable
2026/08/17 02:36:15.655114 juicefs[1403816] <WARNING>: write inode: 2 chunk: 13 off: 0 C02 injected FlushTo failure [write@writer.go:149]
--- PASS: TestC02FlushToFailureIsObservable (0.00s)
=== RUN   TestC02PartialThenFullAfterIDDispatchesOnce
--- PASS: TestC02PartialThenFullAfterIDDispatchesOnce (0.05s)
=== RUN   TestC02TransientEIORecoversOnFreeze
--- PASS: TestC02TransientEIORecoversOnFreeze (0.00s)
=== RUN   TestC02PermanentENOSPCAbortsFrozenSlice
2026/08/17 02:36:15.709346 juicefs[1403816] <INFO>: flush inode: 2 chunk: 0 err: no space left on device [flushData@writer.go:117]
--- PASS: TestC02PermanentENOSPCAbortsFrozenSlice (0.00s)
=== RUN   TestC02FrozenSliceSkipsCatchupFlush
--- PASS: TestC02FrozenSliceSkipsCatchupFlush (0.00s)
=== RUN   TestC02ConcurrentIndependentFullBlocks
--- PASS: TestC02ConcurrentIndependentFullBlocks (0.00s)
=== RUN   TestC02FullBlockDispatchAfterDelayedID
--- PASS: TestC02FullBlockDispatchAfterDelayedID (0.05s)
=== RUN   TestC02MultiBlockDispatchUsesLatestLength
--- PASS: TestC02MultiBlockDispatchUsesLatestLength (0.05s)
=== RUN   TestC02FlushToFailureIsObservable
2026/08/17 02:36:15.816151 juicefs[1403816] <WARNING>: write inode: 2 chunk: 13 off: 0 C02 injected FlushTo failure [write@writer.go:149]
--- PASS: TestC02FlushToFailureIsObservable (0.00s)
=== RUN   TestC02PartialThenFullAfterIDDispatchesOnce
--- PASS: TestC02PartialThenFullAfterIDDispatchesOnce (0.05s)
=== RUN   TestC02TransientEIORecoversOnFreeze
--- PASS: TestC02TransientEIORecoversOnFreeze (0.00s)
=== RUN   TestC02PermanentENOSPCAbortsFrozenSlice
2026/08/17 02:36:15.869069 juicefs[1403816] <INFO>: flush inode: 2 chunk: 0 err: no space left on device [flushData@writer.go:117]
--- PASS: TestC02PermanentENOSPCAbortsFrozenSlice (0.00s)
=== RUN   TestC02FrozenSliceSkipsCatchupFlush
--- PASS: TestC02FrozenSliceSkipsCatchupFlush (0.00s)
=== RUN   TestC02ConcurrentIndependentFullBlocks
--- PASS: TestC02ConcurrentIndependentFullBlocks (0.00s)
=== RUN   TestC02FullBlockDispatchAfterDelayedID
--- PASS: TestC02FullBlockDispatchAfterDelayedID (0.05s)
=== RUN   TestC02MultiBlockDispatchUsesLatestLength
--- PASS: TestC02MultiBlockDispatchUsesLatestLength (0.05s)
=== RUN   TestC02FlushToFailureIsObservable
2026/08/17 02:36:15.975462 juicefs[1403816] <WARNING>: write inode: 2 chunk: 13 off: 0 C02 injected FlushTo failure [write@writer.go:149]
--- PASS: TestC02FlushToFailureIsObservable (0.00s)
=== RUN   TestC02PartialThenFullAfterIDDispatchesOnce
--- PASS: TestC02PartialThenFullAfterIDDispatchesOnce (0.05s)
=== RUN   TestC02TransientEIORecoversOnFreeze
--- PASS: TestC02TransientEIORecoversOnFreeze (0.00s)
=== RUN   TestC02PermanentENOSPCAbortsFrozenSlice
2026/08/17 02:36:16.029442 juicefs[1403816] <INFO>: flush inode: 2 chunk: 0 err: no space left on device [flushData@writer.go:117]
--- PASS: TestC02PermanentENOSPCAbortsFrozenSlice (0.00s)
=== RUN   TestC02FrozenSliceSkipsCatchupFlush
--- PASS: TestC02FrozenSliceSkipsCatchupFlush (0.00s)
=== RUN   TestC02ConcurrentIndependentFullBlocks
--- PASS: TestC02ConcurrentIndependentFullBlocks (0.00s)
=== RUN   TestC02FullBlockDispatchAfterDelayedID
--- PASS: TestC02FullBlockDispatchAfterDelayedID (0.05s)
=== RUN   TestC02MultiBlockDispatchUsesLatestLength
--- PASS: TestC02MultiBlockDispatchUsesLatestLength (0.05s)
=== RUN   TestC02FlushToFailureIsObservable
2026/08/17 02:36:16.136007 juicefs[1403816] <WARNING>: write inode: 2 chunk: 13 off: 0 C02 injected FlushTo failure [write@writer.go:149]
--- PASS: TestC02FlushToFailureIsObservable (0.00s)
=== RUN   TestC02PartialThenFullAfterIDDispatchesOnce
--- PASS: TestC02PartialThenFullAfterIDDispatchesOnce (0.05s)
=== RUN   TestC02TransientEIORecoversOnFreeze
--- PASS: TestC02TransientEIORecoversOnFreeze (0.00s)
=== RUN   TestC02PermanentENOSPCAbortsFrozenSlice
2026/08/17 02:36:16.190082 juicefs[1403816] <INFO>: flush inode: 2 chunk: 0 err: no space left on device [flushData@writer.go:117]
--- PASS: TestC02PermanentENOSPCAbortsFrozenSlice (0.00s)
=== RUN   TestC02FrozenSliceSkipsCatchupFlush
--- PASS: TestC02FrozenSliceSkipsCatchupFlush (0.00s)
=== RUN   TestC02ConcurrentIndependentFullBlocks
--- PASS: TestC02ConcurrentIndependentFullBlocks (0.00s)
=== RUN   TestC02FullBlockDispatchAfterDelayedID
--- PASS: TestC02FullBlockDispatchAfterDelayedID (0.05s)
=== RUN   TestC02MultiBlockDispatchUsesLatestLength
--- PASS: TestC02MultiBlockDispatchUsesLatestLength (0.05s)
=== RUN   TestC02FlushToFailureIsObservable
2026/08/17 02:36:16.296843 juicefs[1403816] <WARNING>: write inode: 2 chunk: 13 off: 0 C02 injected FlushTo failure [write@writer.go:149]
--- PASS: TestC02FlushToFailureIsObservable (0.00s)
=== RUN   TestC02PartialThenFullAfterIDDispatchesOnce
--- PASS: TestC02PartialThenFullAfterIDDispatchesOnce (0.05s)
=== RUN   TestC02TransientEIORecoversOnFreeze
--- PASS: TestC02TransientEIORecoversOnFreeze (0.00s)
=== RUN   TestC02PermanentENOSPCAbortsFrozenSlice
2026/08/17 02:36:16.349865 juicefs[1403816] <INFO>: flush inode: 2 chunk: 0 err: no space left on device [flushData@writer.go:117]
--- PASS: TestC02PermanentENOSPCAbortsFrozenSlice (0.00s)
=== RUN   TestC02FrozenSliceSkipsCatchupFlush
--- PASS: TestC02FrozenSliceSkipsCatchupFlush (0.00s)
=== RUN   TestC02ConcurrentIndependentFullBlocks
--- PASS: TestC02ConcurrentIndependentFullBlocks (0.00s)
=== RUN   TestC02FullBlockDispatchAfterDelayedID
--- PASS: TestC02FullBlockDispatchAfterDelayedID (0.05s)
=== RUN   TestC02MultiBlockDispatchUsesLatestLength
--- PASS: TestC02MultiBlockDispatchUsesLatestLength (0.05s)
=== RUN   TestC02FlushToFailureIsObservable
2026/08/17 02:36:16.456330 juicefs[1403816] <WARNING>: write inode: 2 chunk: 13 off: 0 C02 injected FlushTo failure [write@writer.go:149]
--- PASS: TestC02FlushToFailureIsObservable (0.00s)
=== RUN   TestC02PartialThenFullAfterIDDispatchesOnce
--- PASS: TestC02PartialThenFullAfterIDDispatchesOnce (0.05s)
=== RUN   TestC02TransientEIORecoversOnFreeze
--- PASS: TestC02TransientEIORecoversOnFreeze (0.00s)
=== RUN   TestC02PermanentENOSPCAbortsFrozenSlice
2026/08/17 02:36:16.510486 juicefs[1403816] <INFO>: flush inode: 2 chunk: 0 err: no space left on device [flushData@writer.go:117]
--- PASS: TestC02PermanentENOSPCAbortsFrozenSlice (0.00s)
=== RUN   TestC02FrozenSliceSkipsCatchupFlush
--- PASS: TestC02FrozenSliceSkipsCatchupFlush (0.00s)
=== RUN   TestC02ConcurrentIndependentFullBlocks
--- PASS: TestC02ConcurrentIndependentFullBlocks (0.00s)
=== RUN   TestC02FullBlockDispatchAfterDelayedID
--- PASS: TestC02FullBlockDispatchAfterDelayedID (0.05s)
=== RUN   TestC02MultiBlockDispatchUsesLatestLength
--- PASS: TestC02MultiBlockDispatchUsesLatestLength (0.05s)
=== RUN   TestC02FlushToFailureIsObservable
2026/08/17 02:36:16.617247 juicefs[1403816] <WARNING>: write inode: 2 chunk: 13 off: 0 C02 injected FlushTo failure [write@writer.go:149]
--- PASS: TestC02FlushToFailureIsObservable (0.00s)
=== RUN   TestC02PartialThenFullAfterIDDispatchesOnce
--- PASS: TestC02PartialThenFullAfterIDDispatchesOnce (0.05s)
=== RUN   TestC02TransientEIORecoversOnFreeze
--- PASS: TestC02TransientEIORecoversOnFreeze (0.00s)
=== RUN   TestC02PermanentENOSPCAbortsFrozenSlice
2026/08/17 02:36:16.671471 juicefs[1403816] <INFO>: flush inode: 2 chunk: 0 err: no space left on device [flushData@writer.go:117]
--- PASS: TestC02PermanentENOSPCAbortsFrozenSlice (0.00s)
=== RUN   TestC02FrozenSliceSkipsCatchupFlush
--- PASS: TestC02FrozenSliceSkipsCatchupFlush (0.00s)
=== RUN   TestC02ConcurrentIndependentFullBlocks
--- PASS: TestC02ConcurrentIndependentFullBlocks (0.00s)
=== RUN   TestC02FullBlockDispatchAfterDelayedID
--- PASS: TestC02FullBlockDispatchAfterDelayedID (0.05s)
=== RUN   TestC02MultiBlockDispatchUsesLatestLength
--- PASS: TestC02MultiBlockDispatchUsesLatestLength (0.05s)
=== RUN   TestC02FlushToFailureIsObservable
2026/08/17 02:36:16.779658 juicefs[1403816] <WARNING>: write inode: 2 chunk: 13 off: 0 C02 injected FlushTo failure [write@writer.go:149]
--- PASS: TestC02FlushToFailureIsObservable (0.00s)
=== RUN   TestC02PartialThenFullAfterIDDispatchesOnce
--- PASS: TestC02PartialThenFullAfterIDDispatchesOnce (0.05s)
=== RUN   TestC02TransientEIORecoversOnFreeze
--- PASS: TestC02TransientEIORecoversOnFreeze (0.00s)
=== RUN   TestC02PermanentENOSPCAbortsFrozenSlice
2026/08/17 02:36:16.833730 juicefs[1403816] <INFO>: flush inode: 2 chunk: 0 err: no space left on device [flushData@writer.go:117]
--- PASS: TestC02PermanentENOSPCAbortsFrozenSlice (0.00s)
=== RUN   TestC02FrozenSliceSkipsCatchupFlush
--- PASS: TestC02FrozenSliceSkipsCatchupFlush (0.00s)
=== RUN   TestC02ConcurrentIndependentFullBlocks
--- PASS: TestC02ConcurrentIndependentFullBlocks (0.00s)
=== RUN   TestC02FullBlockDispatchAfterDelayedID
--- PASS: TestC02FullBlockDispatchAfterDelayedID (0.05s)
=== RUN   TestC02MultiBlockDispatchUsesLatestLength
--- PASS: TestC02MultiBlockDispatchUsesLatestLength (0.05s)
=== RUN   TestC02FlushToFailureIsObservable
2026/08/17 02:36:16.941242 juicefs[1403816] <WARNING>: write inode: 2 chunk: 13 off: 0 C02 injected FlushTo failure [write@writer.go:149]
--- PASS: TestC02FlushToFailureIsObservable (0.00s)
=== RUN   TestC02PartialThenFullAfterIDDispatchesOnce
--- PASS: TestC02PartialThenFullAfterIDDispatchesOnce (0.05s)
=== RUN   TestC02TransientEIORecoversOnFreeze
--- PASS: TestC02TransientEIORecoversOnFreeze (0.00s)
=== RUN   TestC02PermanentENOSPCAbortsFrozenSlice
2026/08/17 02:36:16.995475 juicefs[1403816] <INFO>: flush inode: 2 chunk: 0 err: no space left on device [flushData@writer.go:117]
--- PASS: TestC02PermanentENOSPCAbortsFrozenSlice (0.00s)
=== RUN   TestC02FrozenSliceSkipsCatchupFlush
--- PASS: TestC02FrozenSliceSkipsCatchupFlush (0.00s)
=== RUN   TestC02ConcurrentIndependentFullBlocks
--- PASS: TestC02ConcurrentIndependentFullBlocks (0.00s)
=== RUN   TestC02FullBlockDispatchAfterDelayedID
--- PASS: TestC02FullBlockDispatchAfterDelayedID (0.05s)
=== RUN   TestC02MultiBlockDispatchUsesLatestLength
--- PASS: TestC02MultiBlockDispatchUsesLatestLength (0.05s)
=== RUN   TestC02FlushToFailureIsObservable
2026/08/17 02:36:17.101632 juicefs[1403816] <WARNING>: write inode: 2 chunk: 13 off: 0 C02 injected FlushTo failure [write@writer.go:149]
--- PASS: TestC02FlushToFailureIsObservable (0.00s)
=== RUN   TestC02PartialThenFullAfterIDDispatchesOnce
--- PASS: TestC02PartialThenFullAfterIDDispatchesOnce (0.05s)
=== RUN   TestC02TransientEIORecoversOnFreeze
--- PASS: TestC02TransientEIORecoversOnFreeze (0.00s)
=== RUN   TestC02PermanentENOSPCAbortsFrozenSlice
2026/08/17 02:36:17.156034 juicefs[1403816] <INFO>: flush inode: 2 chunk: 0 err: no space left on device [flushData@writer.go:117]
--- PASS: TestC02PermanentENOSPCAbortsFrozenSlice (0.00s)
=== RUN   TestC02FrozenSliceSkipsCatchupFlush
--- PASS: TestC02FrozenSliceSkipsCatchupFlush (0.00s)
=== RUN   TestC02ConcurrentIndependentFullBlocks
--- PASS: TestC02ConcurrentIndependentFullBlocks (0.00s)
=== RUN   TestC02FullBlockDispatchAfterDelayedID
--- PASS: TestC02FullBlockDispatchAfterDelayedID (0.05s)
=== RUN   TestC02MultiBlockDispatchUsesLatestLength
--- PASS: TestC02MultiBlockDispatchUsesLatestLength (0.05s)
=== RUN   TestC02FlushToFailureIsObservable
2026/08/17 02:36:17.263574 juicefs[1403816] <WARNING>: write inode: 2 chunk: 13 off: 0 C02 injected FlushTo failure [write@writer.go:149]
--- PASS: TestC02FlushToFailureIsObservable (0.00s)
=== RUN   TestC02PartialThenFullAfterIDDispatchesOnce
--- PASS: TestC02PartialThenFullAfterIDDispatchesOnce (0.05s)
=== RUN   TestC02TransientEIORecoversOnFreeze
--- PASS: TestC02TransientEIORecoversOnFreeze (0.00s)
=== RUN   TestC02PermanentENOSPCAbortsFrozenSlice
2026/08/17 02:36:17.317973 juicefs[1403816] <INFO>: flush inode: 2 chunk: 0 err: no space left on device [flushData@writer.go:117]
--- PASS: TestC02PermanentENOSPCAbortsFrozenSlice (0.00s)
=== RUN   TestC02FrozenSliceSkipsCatchupFlush
--- PASS: TestC02FrozenSliceSkipsCatchupFlush (0.00s)
=== RUN   TestC02ConcurrentIndependentFullBlocks
--- PASS: TestC02ConcurrentIndependentFullBlocks (0.00s)
=== RUN   TestC02FullBlockDispatchAfterDelayedID
--- PASS: TestC02FullBlockDispatchAfterDelayedID (0.05s)
=== RUN   TestC02MultiBlockDispatchUsesLatestLength
--- PASS: TestC02MultiBlockDispatchUsesLatestLength (0.05s)
=== RUN   TestC02FlushToFailureIsObservable
2026/08/17 02:36:17.425607 juicefs[1403816] <WARNING>: write inode: 2 chunk: 13 off: 0 C02 injected FlushTo failure [write@writer.go:149]
--- PASS: TestC02FlushToFailureIsObservable (0.00s)
=== RUN   TestC02PartialThenFullAfterIDDispatchesOnce
--- PASS: TestC02PartialThenFullAfterIDDispatchesOnce (0.05s)
=== RUN   TestC02TransientEIORecoversOnFreeze
--- PASS: TestC02TransientEIORecoversOnFreeze (0.00s)
=== RUN   TestC02PermanentENOSPCAbortsFrozenSlice
2026/08/17 02:36:17.479732 juicefs[1403816] <INFO>: flush inode: 2 chunk: 0 err: no space left on device [flushData@writer.go:117]
--- PASS: TestC02PermanentENOSPCAbortsFrozenSlice (0.00s)
=== RUN   TestC02FrozenSliceSkipsCatchupFlush
--- PASS: TestC02FrozenSliceSkipsCatchupFlush (0.00s)
=== RUN   TestC02ConcurrentIndependentFullBlocks
--- PASS: TestC02ConcurrentIndependentFullBlocks (0.00s)
=== RUN   TestC02FullBlockDispatchAfterDelayedID
--- PASS: TestC02FullBlockDispatchAfterDelayedID (0.05s)
=== RUN   TestC02MultiBlockDispatchUsesLatestLength
--- PASS: TestC02MultiBlockDispatchUsesLatestLength (0.05s)
=== RUN   TestC02FlushToFailureIsObservable
2026/08/17 02:36:17.587127 juicefs[1403816] <WARNING>: write inode: 2 chunk: 13 off: 0 C02 injected FlushTo failure [write@writer.go:149]
--- PASS: TestC02FlushToFailureIsObservable (0.00s)
=== RUN   TestC02PartialThenFullAfterIDDispatchesOnce
--- PASS: TestC02PartialThenFullAfterIDDispatchesOnce (0.05s)
=== RUN   TestC02TransientEIORecoversOnFreeze
--- PASS: TestC02TransientEIORecoversOnFreeze (0.00s)
=== RUN   TestC02PermanentENOSPCAbortsFrozenSlice
2026/08/17 02:36:17.641082 juicefs[1403816] <INFO>: flush inode: 2 chunk: 0 err: no space left on device [flushData@writer.go:117]
--- PASS: TestC02PermanentENOSPCAbortsFrozenSlice (0.00s)
=== RUN   TestC02FrozenSliceSkipsCatchupFlush
--- PASS: TestC02FrozenSliceSkipsCatchupFlush (0.00s)
=== RUN   TestC02ConcurrentIndependentFullBlocks
--- PASS: TestC02ConcurrentIndependentFullBlocks (0.00s)
=== RUN   TestC02FullBlockDispatchAfterDelayedID
--- PASS: TestC02FullBlockDispatchAfterDelayedID (0.05s)
=== RUN   TestC02MultiBlockDispatchUsesLatestLength
--- PASS: TestC02MultiBlockDispatchUsesLatestLength (0.05s)
=== RUN   TestC02FlushToFailureIsObservable
2026/08/17 02:36:17.747738 juicefs[1403816] <WARNING>: write inode: 2 chunk: 13 off: 0 C02 injected FlushTo failure [write@writer.go:149]
--- PASS: TestC02FlushToFailureIsObservable (0.00s)
=== RUN   TestC02PartialThenFullAfterIDDispatchesOnce
--- PASS: TestC02PartialThenFullAfterIDDispatchesOnce (0.05s)
=== RUN   TestC02TransientEIORecoversOnFreeze
--- PASS: TestC02TransientEIORecoversOnFreeze (0.00s)
=== RUN   TestC02PermanentENOSPCAbortsFrozenSlice
2026/08/17 02:36:17.802256 juicefs[1403816] <INFO>: flush inode: 2 chunk: 0 err: no space left on device [flushData@writer.go:117]
--- PASS: TestC02PermanentENOSPCAbortsFrozenSlice (0.00s)
=== RUN   TestC02FrozenSliceSkipsCatchupFlush
--- PASS: TestC02FrozenSliceSkipsCatchupFlush (0.00s)
=== RUN   TestC02ConcurrentIndependentFullBlocks
--- PASS: TestC02ConcurrentIndependentFullBlocks (0.00s)
=== RUN   TestC02FullBlockDispatchAfterDelayedID
--- PASS: TestC02FullBlockDispatchAfterDelayedID (0.05s)
=== RUN   TestC02MultiBlockDispatchUsesLatestLength
--- PASS: TestC02MultiBlockDispatchUsesLatestLength (0.05s)
=== RUN   TestC02FlushToFailureIsObservable
2026/08/17 02:36:17.909568 juicefs[1403816] <WARNING>: write inode: 2 chunk: 13 off: 0 C02 injected FlushTo failure [write@writer.go:149]
--- PASS: TestC02FlushToFailureIsObservable (0.00s)
=== RUN   TestC02PartialThenFullAfterIDDispatchesOnce
--- PASS: TestC02PartialThenFullAfterIDDispatchesOnce (0.05s)
=== RUN   TestC02TransientEIORecoversOnFreeze
--- PASS: TestC02TransientEIORecoversOnFreeze (0.00s)
=== RUN   TestC02PermanentENOSPCAbortsFrozenSlice
2026/08/17 02:36:17.963969 juicefs[1403816] <INFO>: flush inode: 2 chunk: 0 err: no space left on device [flushData@writer.go:117]
--- PASS: TestC02PermanentENOSPCAbortsFrozenSlice (0.00s)
=== RUN   TestC02FrozenSliceSkipsCatchupFlush
--- PASS: TestC02FrozenSliceSkipsCatchupFlush (0.00s)
=== RUN   TestC02ConcurrentIndependentFullBlocks
--- PASS: TestC02ConcurrentIndependentFullBlocks (0.00s)
=== RUN   TestC02FullBlockDispatchAfterDelayedID
--- PASS: TestC02FullBlockDispatchAfterDelayedID (0.05s)
=== RUN   TestC02MultiBlockDispatchUsesLatestLength
--- PASS: TestC02MultiBlockDispatchUsesLatestLength (0.05s)
=== RUN   TestC02FlushToFailureIsObservable
2026/08/17 02:36:18.070959 juicefs[1403816] <WARNING>: write inode: 2 chunk: 13 off: 0 C02 injected FlushTo failure [write@writer.go:149]
--- PASS: TestC02FlushToFailureIsObservable (0.00s)
=== RUN   TestC02PartialThenFullAfterIDDispatchesOnce
--- PASS: TestC02PartialThenFullAfterIDDispatchesOnce (0.05s)
=== RUN   TestC02TransientEIORecoversOnFreeze
--- PASS: TestC02TransientEIORecoversOnFreeze (0.00s)
=== RUN   TestC02PermanentENOSPCAbortsFrozenSlice
2026/08/17 02:36:18.125740 juicefs[1403816] <INFO>: flush inode: 2 chunk: 0 err: no space left on device [flushData@writer.go:117]
--- PASS: TestC02PermanentENOSPCAbortsFrozenSlice (0.00s)
=== RUN   TestC02FrozenSliceSkipsCatchupFlush
--- PASS: TestC02FrozenSliceSkipsCatchupFlush (0.00s)
=== RUN   TestC02ConcurrentIndependentFullBlocks
--- PASS: TestC02ConcurrentIndependentFullBlocks (0.00s)
=== RUN   TestC02FullBlockDispatchAfterDelayedID
--- PASS: TestC02FullBlockDispatchAfterDelayedID (0.05s)
=== RUN   TestC02MultiBlockDispatchUsesLatestLength
--- PASS: TestC02MultiBlockDispatchUsesLatestLength (0.05s)
=== RUN   TestC02FlushToFailureIsObservable
2026/08/17 02:36:18.232779 juicefs[1403816] <WARNING>: write inode: 2 chunk: 13 off: 0 C02 injected FlushTo failure [write@writer.go:149]
--- PASS: TestC02FlushToFailureIsObservable (0.00s)
=== RUN   TestC02PartialThenFullAfterIDDispatchesOnce
--- PASS: TestC02PartialThenFullAfterIDDispatchesOnce (0.05s)
=== RUN   TestC02TransientEIORecoversOnFreeze
--- PASS: TestC02TransientEIORecoversOnFreeze (0.00s)
=== RUN   TestC02PermanentENOSPCAbortsFrozenSlice
2026/08/17 02:36:18.286927 juicefs[1403816] <INFO>: flush inode: 2 chunk: 0 err: no space left on device [flushData@writer.go:117]
--- PASS: TestC02PermanentENOSPCAbortsFrozenSlice (0.00s)
=== RUN   TestC02FrozenSliceSkipsCatchupFlush
--- PASS: TestC02FrozenSliceSkipsCatchupFlush (0.00s)
=== RUN   TestC02ConcurrentIndependentFullBlocks
--- PASS: TestC02ConcurrentIndependentFullBlocks (0.00s)
=== RUN   TestC02FullBlockDispatchAfterDelayedID
--- PASS: TestC02FullBlockDispatchAfterDelayedID (0.05s)
=== RUN   TestC02MultiBlockDispatchUsesLatestLength
--- PASS: TestC02MultiBlockDispatchUsesLatestLength (0.05s)
=== RUN   TestC02FlushToFailureIsObservable
2026/08/17 02:36:18.394146 juicefs[1403816] <WARNING>: write inode: 2 chunk: 13 off: 0 C02 injected FlushTo failure [write@writer.go:149]
--- PASS: TestC02FlushToFailureIsObservable (0.00s)
=== RUN   TestC02PartialThenFullAfterIDDispatchesOnce
--- PASS: TestC02PartialThenFullAfterIDDispatchesOnce (0.05s)
=== RUN   TestC02TransientEIORecoversOnFreeze
--- PASS: TestC02TransientEIORecoversOnFreeze (0.00s)
=== RUN   TestC02PermanentENOSPCAbortsFrozenSlice
2026/08/17 02:36:18.448573 juicefs[1403816] <INFO>: flush inode: 2 chunk: 0 err: no space left on device [flushData@writer.go:117]
--- PASS: TestC02PermanentENOSPCAbortsFrozenSlice (0.00s)
=== RUN   TestC02FrozenSliceSkipsCatchupFlush
--- PASS: TestC02FrozenSliceSkipsCatchupFlush (0.00s)
=== RUN   TestC02ConcurrentIndependentFullBlocks
--- PASS: TestC02ConcurrentIndependentFullBlocks (0.00s)
=== RUN   TestC02FullBlockDispatchAfterDelayedID
--- PASS: TestC02FullBlockDispatchAfterDelayedID (0.05s)
=== RUN   TestC02MultiBlockDispatchUsesLatestLength
--- PASS: TestC02MultiBlockDispatchUsesLatestLength (0.05s)
=== RUN   TestC02FlushToFailureIsObservable
2026/08/17 02:36:18.556148 juicefs[1403816] <WARNING>: write inode: 2 chunk: 13 off: 0 C02 injected FlushTo failure [write@writer.go:149]
--- PASS: TestC02FlushToFailureIsObservable (0.00s)
=== RUN   TestC02PartialThenFullAfterIDDispatchesOnce
--- PASS: TestC02PartialThenFullAfterIDDispatchesOnce (0.05s)
=== RUN   TestC02TransientEIORecoversOnFreeze
--- PASS: TestC02TransientEIORecoversOnFreeze (0.00s)
=== RUN   TestC02PermanentENOSPCAbortsFrozenSlice
2026/08/17 02:36:18.610755 juicefs[1403816] <INFO>: flush inode: 2 chunk: 0 err: no space left on device [flushData@writer.go:117]
--- PASS: TestC02PermanentENOSPCAbortsFrozenSlice (0.00s)
=== RUN   TestC02FrozenSliceSkipsCatchupFlush
--- PASS: TestC02FrozenSliceSkipsCatchupFlush (0.00s)
=== RUN   TestC02ConcurrentIndependentFullBlocks
--- PASS: TestC02ConcurrentIndependentFullBlocks (0.00s)
=== RUN   TestC02FullBlockDispatchAfterDelayedID
--- PASS: TestC02FullBlockDispatchAfterDelayedID (0.05s)
=== RUN   TestC02MultiBlockDispatchUsesLatestLength
--- PASS: TestC02MultiBlockDispatchUsesLatestLength (0.05s)
=== RUN   TestC02FlushToFailureIsObservable
2026/08/17 02:36:18.718894 juicefs[1403816] <WARNING>: write inode: 2 chunk: 13 off: 0 C02 injected FlushTo failure [write@writer.go:149]
--- PASS: TestC02FlushToFailureIsObservable (0.00s)
=== RUN   TestC02PartialThenFullAfterIDDispatchesOnce
--- PASS: TestC02PartialThenFullAfterIDDispatchesOnce (0.05s)
=== RUN   TestC02TransientEIORecoversOnFreeze
--- PASS: TestC02TransientEIORecoversOnFreeze (0.00s)
=== RUN   TestC02PermanentENOSPCAbortsFrozenSlice
2026/08/17 02:36:18.773554 juicefs[1403816] <INFO>: flush inode: 2 chunk: 0 err: no space left on device [flushData@writer.go:117]
--- PASS: TestC02PermanentENOSPCAbortsFrozenSlice (0.00s)
=== RUN   TestC02FrozenSliceSkipsCatchupFlush
--- PASS: TestC02FrozenSliceSkipsCatchupFlush (0.00s)
=== RUN   TestC02ConcurrentIndependentFullBlocks
--- PASS: TestC02ConcurrentIndependentFullBlocks (0.00s)
=== RUN   TestC02FullBlockDispatchAfterDelayedID
--- PASS: TestC02FullBlockDispatchAfterDelayedID (0.05s)
=== RUN   TestC02MultiBlockDispatchUsesLatestLength
--- PASS: TestC02MultiBlockDispatchUsesLatestLength (0.05s)
=== RUN   TestC02FlushToFailureIsObservable
2026/08/17 02:36:18.880411 juicefs[1403816] <WARNING>: write inode: 2 chunk: 13 off: 0 C02 injected FlushTo failure [write@writer.go:149]
--- PASS: TestC02FlushToFailureIsObservable (0.00s)
=== RUN   TestC02PartialThenFullAfterIDDispatchesOnce
--- PASS: TestC02PartialThenFullAfterIDDispatchesOnce (0.05s)
=== RUN   TestC02TransientEIORecoversOnFreeze
--- PASS: TestC02TransientEIORecoversOnFreeze (0.00s)
=== RUN   TestC02PermanentENOSPCAbortsFrozenSlice
2026/08/17 02:36:18.934424 juicefs[1403816] <INFO>: flush inode: 2 chunk: 0 err: no space left on device [flushData@writer.go:117]
--- PASS: TestC02PermanentENOSPCAbortsFrozenSlice (0.00s)
=== RUN   TestC02FrozenSliceSkipsCatchupFlush
--- PASS: TestC02FrozenSliceSkipsCatchupFlush (0.00s)
=== RUN   TestC02ConcurrentIndependentFullBlocks
--- PASS: TestC02ConcurrentIndependentFullBlocks (0.00s)
=== RUN   TestC02FullBlockDispatchAfterDelayedID
--- PASS: TestC02FullBlockDispatchAfterDelayedID (0.05s)
=== RUN   TestC02MultiBlockDispatchUsesLatestLength
--- PASS: TestC02MultiBlockDispatchUsesLatestLength (0.05s)
=== RUN   TestC02FlushToFailureIsObservable
2026/08/17 02:36:19.041307 juicefs[1403816] <WARNING>: write inode: 2 chunk: 13 off: 0 C02 injected FlushTo failure [write@writer.go:149]
--- PASS: TestC02FlushToFailureIsObservable (0.00s)
=== RUN   TestC02PartialThenFullAfterIDDispatchesOnce
--- PASS: TestC02PartialThenFullAfterIDDispatchesOnce (0.05s)
=== RUN   TestC02TransientEIORecoversOnFreeze
--- PASS: TestC02TransientEIORecoversOnFreeze (0.00s)
=== RUN   TestC02PermanentENOSPCAbortsFrozenSlice
2026/08/17 02:36:19.095284 juicefs[1403816] <INFO>: flush inode: 2 chunk: 0 err: no space left on device [flushData@writer.go:117]
--- PASS: TestC02PermanentENOSPCAbortsFrozenSlice (0.00s)
=== RUN   TestC02FrozenSliceSkipsCatchupFlush
--- PASS: TestC02FrozenSliceSkipsCatchupFlush (0.00s)
=== RUN   TestC02ConcurrentIndependentFullBlocks
--- PASS: TestC02ConcurrentIndependentFullBlocks (0.00s)
=== RUN   TestC02FullBlockDispatchAfterDelayedID
--- PASS: TestC02FullBlockDispatchAfterDelayedID (0.05s)
=== RUN   TestC02MultiBlockDispatchUsesLatestLength
--- PASS: TestC02MultiBlockDispatchUsesLatestLength (0.05s)
=== RUN   TestC02FlushToFailureIsObservable
2026/08/17 02:36:19.202411 juicefs[1403816] <WARNING>: write inode: 2 chunk: 13 off: 0 C02 injected FlushTo failure [write@writer.go:149]
--- PASS: TestC02FlushToFailureIsObservable (0.00s)
=== RUN   TestC02PartialThenFullAfterIDDispatchesOnce
--- PASS: TestC02PartialThenFullAfterIDDispatchesOnce (0.05s)
=== RUN   TestC02TransientEIORecoversOnFreeze
--- PASS: TestC02TransientEIORecoversOnFreeze (0.00s)
=== RUN   TestC02PermanentENOSPCAbortsFrozenSlice
2026/08/17 02:36:19.256550 juicefs[1403816] <INFO>: flush inode: 2 chunk: 0 err: no space left on device [flushData@writer.go:117]
--- PASS: TestC02PermanentENOSPCAbortsFrozenSlice (0.00s)
=== RUN   TestC02FrozenSliceSkipsCatchupFlush
--- PASS: TestC02FrozenSliceSkipsCatchupFlush (0.00s)
=== RUN   TestC02ConcurrentIndependentFullBlocks
--- PASS: TestC02ConcurrentIndependentFullBlocks (0.00s)
=== RUN   TestC02FullBlockDispatchAfterDelayedID
--- PASS: TestC02FullBlockDispatchAfterDelayedID (0.05s)
=== RUN   TestC02MultiBlockDispatchUsesLatestLength
--- PASS: TestC02MultiBlockDispatchUsesLatestLength (0.05s)
=== RUN   TestC02FlushToFailureIsObservable
2026/08/17 02:36:19.363540 juicefs[1403816] <WARNING>: write inode: 2 chunk: 13 off: 0 C02 injected FlushTo failure [write@writer.go:149]
--- PASS: TestC02FlushToFailureIsObservable (0.00s)
=== RUN   TestC02PartialThenFullAfterIDDispatchesOnce
--- PASS: TestC02PartialThenFullAfterIDDispatchesOnce (0.05s)
=== RUN   TestC02TransientEIORecoversOnFreeze
--- PASS: TestC02TransientEIORecoversOnFreeze (0.00s)
=== RUN   TestC02PermanentENOSPCAbortsFrozenSlice
2026/08/17 02:36:19.417607 juicefs[1403816] <INFO>: flush inode: 2 chunk: 0 err: no space left on device [flushData@writer.go:117]
--- PASS: TestC02PermanentENOSPCAbortsFrozenSlice (0.00s)
=== RUN   TestC02FrozenSliceSkipsCatchupFlush
--- PASS: TestC02FrozenSliceSkipsCatchupFlush (0.00s)
=== RUN   TestC02ConcurrentIndependentFullBlocks
--- PASS: TestC02ConcurrentIndependentFullBlocks (0.00s)
=== RUN   TestC02FullBlockDispatchAfterDelayedID
--- PASS: TestC02FullBlockDispatchAfterDelayedID (0.05s)
=== RUN   TestC02MultiBlockDispatchUsesLatestLength
--- PASS: TestC02MultiBlockDispatchUsesLatestLength (0.05s)
=== RUN   TestC02FlushToFailureIsObservable
2026/08/17 02:36:19.525521 juicefs[1403816] <WARNING>: write inode: 2 chunk: 13 off: 0 C02 injected FlushTo failure [write@writer.go:149]
--- PASS: TestC02FlushToFailureIsObservable (0.00s)
=== RUN   TestC02PartialThenFullAfterIDDispatchesOnce
--- PASS: TestC02PartialThenFullAfterIDDispatchesOnce (0.05s)
=== RUN   TestC02TransientEIORecoversOnFreeze
--- PASS: TestC02TransientEIORecoversOnFreeze (0.00s)
=== RUN   TestC02PermanentENOSPCAbortsFrozenSlice
2026/08/17 02:36:19.579657 juicefs[1403816] <INFO>: flush inode: 2 chunk: 0 err: no space left on device [flushData@writer.go:117]
--- PASS: TestC02PermanentENOSPCAbortsFrozenSlice (0.00s)
=== RUN   TestC02FrozenSliceSkipsCatchupFlush
--- PASS: TestC02FrozenSliceSkipsCatchupFlush (0.00s)
=== RUN   TestC02ConcurrentIndependentFullBlocks
--- PASS: TestC02ConcurrentIndependentFullBlocks (0.00s)
=== RUN   TestC02FullBlockDispatchAfterDelayedID
--- PASS: TestC02FullBlockDispatchAfterDelayedID (0.05s)
=== RUN   TestC02MultiBlockDispatchUsesLatestLength
--- PASS: TestC02MultiBlockDispatchUsesLatestLength (0.05s)
=== RUN   TestC02FlushToFailureIsObservable
2026/08/17 02:36:19.687197 juicefs[1403816] <WARNING>: write inode: 2 chunk: 13 off: 0 C02 injected FlushTo failure [write@writer.go:149]
--- PASS: TestC02FlushToFailureIsObservable (0.00s)
=== RUN   TestC02PartialThenFullAfterIDDispatchesOnce
--- PASS: TestC02PartialThenFullAfterIDDispatchesOnce (0.05s)
=== RUN   TestC02TransientEIORecoversOnFreeze
--- PASS: TestC02TransientEIORecoversOnFreeze (0.00s)
=== RUN   TestC02PermanentENOSPCAbortsFrozenSlice
2026/08/17 02:36:19.741269 juicefs[1403816] <INFO>: flush inode: 2 chunk: 0 err: no space left on device [flushData@writer.go:117]
--- PASS: TestC02PermanentENOSPCAbortsFrozenSlice (0.00s)
=== RUN   TestC02FrozenSliceSkipsCatchupFlush
--- PASS: TestC02FrozenSliceSkipsCatchupFlush (0.00s)
=== RUN   TestC02ConcurrentIndependentFullBlocks
--- PASS: TestC02ConcurrentIndependentFullBlocks (0.00s)
=== RUN   TestC02FullBlockDispatchAfterDelayedID
--- PASS: TestC02FullBlockDispatchAfterDelayedID (0.05s)
=== RUN   TestC02MultiBlockDispatchUsesLatestLength
--- PASS: TestC02MultiBlockDispatchUsesLatestLength (0.05s)
=== RUN   TestC02FlushToFailureIsObservable
2026/08/17 02:36:19.848718 juicefs[1403816] <WARNING>: write inode: 2 chunk: 13 off: 0 C02 injected FlushTo failure [write@writer.go:149]
--- PASS: TestC02FlushToFailureIsObservable (0.00s)
=== RUN   TestC02PartialThenFullAfterIDDispatchesOnce
--- PASS: TestC02PartialThenFullAfterIDDispatchesOnce (0.05s)
=== RUN   TestC02TransientEIORecoversOnFreeze
--- PASS: TestC02TransientEIORecoversOnFreeze (0.00s)
=== RUN   TestC02PermanentENOSPCAbortsFrozenSlice
2026/08/17 02:36:19.902727 juicefs[1403816] <INFO>: flush inode: 2 chunk: 0 err: no space left on device [flushData@writer.go:117]
--- PASS: TestC02PermanentENOSPCAbortsFrozenSlice (0.00s)
=== RUN   TestC02FrozenSliceSkipsCatchupFlush
--- PASS: TestC02FrozenSliceSkipsCatchupFlush (0.00s)
=== RUN   TestC02ConcurrentIndependentFullBlocks
--- PASS: TestC02ConcurrentIndependentFullBlocks (0.00s)
=== RUN   TestC02FullBlockDispatchAfterDelayedID
--- PASS: TestC02FullBlockDispatchAfterDelayedID (0.05s)
=== RUN   TestC02MultiBlockDispatchUsesLatestLength
--- PASS: TestC02MultiBlockDispatchUsesLatestLength (0.05s)
=== RUN   TestC02FlushToFailureIsObservable
2026/08/17 02:36:20.010091 juicefs[1403816] <WARNING>: write inode: 2 chunk: 13 off: 0 C02 injected FlushTo failure [write@writer.go:149]
--- PASS: TestC02FlushToFailureIsObservable (0.00s)
=== RUN   TestC02PartialThenFullAfterIDDispatchesOnce
--- PASS: TestC02PartialThenFullAfterIDDispatchesOnce (0.05s)
=== RUN   TestC02TransientEIORecoversOnFreeze
--- PASS: TestC02TransientEIORecoversOnFreeze (0.00s)
=== RUN   TestC02PermanentENOSPCAbortsFrozenSlice
2026/08/17 02:36:20.064088 juicefs[1403816] <INFO>: flush inode: 2 chunk: 0 err: no space left on device [flushData@writer.go:117]
--- PASS: TestC02PermanentENOSPCAbortsFrozenSlice (0.00s)
=== RUN   TestC02FrozenSliceSkipsCatchupFlush
--- PASS: TestC02FrozenSliceSkipsCatchupFlush (0.00s)
=== RUN   TestC02ConcurrentIndependentFullBlocks
--- PASS: TestC02ConcurrentIndependentFullBlocks (0.00s)
=== RUN   TestC02FullBlockDispatchAfterDelayedID
--- PASS: TestC02FullBlockDispatchAfterDelayedID (0.05s)
=== RUN   TestC02MultiBlockDispatchUsesLatestLength
--- PASS: TestC02MultiBlockDispatchUsesLatestLength (0.05s)
=== RUN   TestC02FlushToFailureIsObservable
2026/08/17 02:36:20.171663 juicefs[1403816] <WARNING>: write inode: 2 chunk: 13 off: 0 C02 injected FlushTo failure [write@writer.go:149]
--- PASS: TestC02FlushToFailureIsObservable (0.00s)
=== RUN   TestC02PartialThenFullAfterIDDispatchesOnce
--- PASS: TestC02PartialThenFullAfterIDDispatchesOnce (0.05s)
=== RUN   TestC02TransientEIORecoversOnFreeze
--- PASS: TestC02TransientEIORecoversOnFreeze (0.00s)
=== RUN   TestC02PermanentENOSPCAbortsFrozenSlice
2026/08/17 02:36:20.225835 juicefs[1403816] <INFO>: flush inode: 2 chunk: 0 err: no space left on device [flushData@writer.go:117]
--- PASS: TestC02PermanentENOSPCAbortsFrozenSlice (0.00s)
=== RUN   TestC02FrozenSliceSkipsCatchupFlush
--- PASS: TestC02FrozenSliceSkipsCatchupFlush (0.00s)
=== RUN   TestC02ConcurrentIndependentFullBlocks
--- PASS: TestC02ConcurrentIndependentFullBlocks (0.00s)
=== RUN   TestC02FullBlockDispatchAfterDelayedID
--- PASS: TestC02FullBlockDispatchAfterDelayedID (0.05s)
=== RUN   TestC02MultiBlockDispatchUsesLatestLength
--- PASS: TestC02MultiBlockDispatchUsesLatestLength (0.05s)
=== RUN   TestC02FlushToFailureIsObservable
2026/08/17 02:36:20.332395 juicefs[1403816] <WARNING>: write inode: 2 chunk: 13 off: 0 C02 injected FlushTo failure [write@writer.go:149]
--- PASS: TestC02FlushToFailureIsObservable (0.00s)
=== RUN   TestC02PartialThenFullAfterIDDispatchesOnce
--- PASS: TestC02PartialThenFullAfterIDDispatchesOnce (0.05s)
=== RUN   TestC02TransientEIORecoversOnFreeze
--- PASS: TestC02TransientEIORecoversOnFreeze (0.00s)
=== RUN   TestC02PermanentENOSPCAbortsFrozenSlice
2026/08/17 02:36:20.386376 juicefs[1403816] <INFO>: flush inode: 2 chunk: 0 err: no space left on device [flushData@writer.go:117]
--- PASS: TestC02PermanentENOSPCAbortsFrozenSlice (0.00s)
=== RUN   TestC02FrozenSliceSkipsCatchupFlush
--- PASS: TestC02FrozenSliceSkipsCatchupFlush (0.00s)
=== RUN   TestC02ConcurrentIndependentFullBlocks
--- PASS: TestC02ConcurrentIndependentFullBlocks (0.00s)
=== RUN   TestC02FullBlockDispatchAfterDelayedID
--- PASS: TestC02FullBlockDispatchAfterDelayedID (0.05s)
=== RUN   TestC02MultiBlockDispatchUsesLatestLength
--- PASS: TestC02MultiBlockDispatchUsesLatestLength (0.05s)
=== RUN   TestC02FlushToFailureIsObservable
2026/08/17 02:36:20.493714 juicefs[1403816] <WARNING>: write inode: 2 chunk: 13 off: 0 C02 injected FlushTo failure [write@writer.go:149]
--- PASS: TestC02FlushToFailureIsObservable (0.00s)
=== RUN   TestC02PartialThenFullAfterIDDispatchesOnce
--- PASS: TestC02PartialThenFullAfterIDDispatchesOnce (0.05s)
=== RUN   TestC02TransientEIORecoversOnFreeze
--- PASS: TestC02TransientEIORecoversOnFreeze (0.00s)
=== RUN   TestC02PermanentENOSPCAbortsFrozenSlice
2026/08/17 02:36:20.547601 juicefs[1403816] <INFO>: flush inode: 2 chunk: 0 err: no space left on device [flushData@writer.go:117]
--- PASS: TestC02PermanentENOSPCAbortsFrozenSlice (0.00s)
=== RUN   TestC02FrozenSliceSkipsCatchupFlush
--- PASS: TestC02FrozenSliceSkipsCatchupFlush (0.00s)
=== RUN   TestC02ConcurrentIndependentFullBlocks
--- PASS: TestC02ConcurrentIndependentFullBlocks (0.00s)
PASS
ok  	github.com/juicedata/juicefs/pkg/vfs	16.194s
