=== RUN   TestC02FullBlockDispatchAfterDelayedID
--- PASS: TestC02FullBlockDispatchAfterDelayedID (0.05s)
=== RUN   TestC02MultiBlockDispatchUsesLatestLength
--- PASS: TestC02MultiBlockDispatchUsesLatestLength (0.05s)
=== RUN   TestC02FlushToFailureIsObservable
2026/08/17 02:40:42.884463 juicefs[1434632] <WARNING>: flush inode: 2 chunk: 13 after preparing slice ID: C02 injected FlushTo failure [prepareID@writer.go:99]
--- PASS: TestC02FlushToFailureIsObservable (0.00s)
=== RUN   TestC02PartialThenFullAfterIDDispatchesOnce
--- PASS: TestC02PartialThenFullAfterIDDispatchesOnce (0.05s)
=== RUN   TestC02DelayedNewSliceDoesNotBlockWriteAt
--- PASS: TestC02DelayedNewSliceDoesNotBlockWriteAt (0.00s)
=== RUN   TestC02NonEIONewSliceDoesNotRetryBeforeFlush
--- PASS: TestC02NonEIONewSliceDoesNotRetryBeforeFlush (0.50s)
=== RUN   TestC02TransientEIORecoversOnFreeze
--- PASS: TestC02TransientEIORecoversOnFreeze (0.00s)
=== RUN   TestC02PermanentENOSPCAbortsFrozenSlice
2026/08/17 02:40:43.446473 juicefs[1434632] <INFO>: flush inode: 2 chunk: 0 err: no space left on device [flushData@writer.go:124]
--- PASS: TestC02PermanentENOSPCAbortsFrozenSlice (0.00s)
=== RUN   TestC02FrozenSliceSkipsCatchupFlush
--- PASS: TestC02FrozenSliceSkipsCatchupFlush (0.00s)
=== RUN   TestC02ConcurrentIndependentFullBlocks
--- PASS: TestC02ConcurrentIndependentFullBlocks (0.00s)
=== RUN   TestC02FullBlockDispatchAfterDelayedID
--- PASS: TestC02FullBlockDispatchAfterDelayedID (0.05s)
=== RUN   TestC02MultiBlockDispatchUsesLatestLength
--- PASS: TestC02MultiBlockDispatchUsesLatestLength (0.05s)
=== RUN   TestC02FlushToFailureIsObservable
2026/08/17 02:40:43.557706 juicefs[1434632] <WARNING>: flush inode: 2 chunk: 13 after preparing slice ID: C02 injected FlushTo failure [prepareID@writer.go:99]
--- PASS: TestC02FlushToFailureIsObservable (0.00s)
=== RUN   TestC02PartialThenFullAfterIDDispatchesOnce
--- PASS: TestC02PartialThenFullAfterIDDispatchesOnce (0.05s)
=== RUN   TestC02DelayedNewSliceDoesNotBlockWriteAt
--- PASS: TestC02DelayedNewSliceDoesNotBlockWriteAt (0.00s)
=== RUN   TestC02NonEIONewSliceDoesNotRetryBeforeFlush
--- PASS: TestC02NonEIONewSliceDoesNotRetryBeforeFlush (0.50s)
=== RUN   TestC02TransientEIORecoversOnFreeze
--- PASS: TestC02TransientEIORecoversOnFreeze (0.00s)
=== RUN   TestC02PermanentENOSPCAbortsFrozenSlice
2026/08/17 02:40:44.120134 juicefs[1434632] <INFO>: flush inode: 2 chunk: 0 err: no space left on device [flushData@writer.go:124]
--- PASS: TestC02PermanentENOSPCAbortsFrozenSlice (0.00s)
=== RUN   TestC02FrozenSliceSkipsCatchupFlush
--- PASS: TestC02FrozenSliceSkipsCatchupFlush (0.00s)
=== RUN   TestC02ConcurrentIndependentFullBlocks
--- PASS: TestC02ConcurrentIndependentFullBlocks (0.00s)
=== RUN   TestC02FullBlockDispatchAfterDelayedID
--- PASS: TestC02FullBlockDispatchAfterDelayedID (0.05s)
=== RUN   TestC02MultiBlockDispatchUsesLatestLength
--- PASS: TestC02MultiBlockDispatchUsesLatestLength (0.05s)
=== RUN   TestC02FlushToFailureIsObservable
2026/08/17 02:40:44.230381 juicefs[1434632] <WARNING>: flush inode: 2 chunk: 13 after preparing slice ID: C02 injected FlushTo failure [prepareID@writer.go:99]
--- PASS: TestC02FlushToFailureIsObservable (0.00s)
=== RUN   TestC02PartialThenFullAfterIDDispatchesOnce
--- PASS: TestC02PartialThenFullAfterIDDispatchesOnce (0.05s)
=== RUN   TestC02DelayedNewSliceDoesNotBlockWriteAt
--- PASS: TestC02DelayedNewSliceDoesNotBlockWriteAt (0.00s)
=== RUN   TestC02NonEIONewSliceDoesNotRetryBeforeFlush
--- PASS: TestC02NonEIONewSliceDoesNotRetryBeforeFlush (0.50s)
=== RUN   TestC02TransientEIORecoversOnFreeze
--- PASS: TestC02TransientEIORecoversOnFreeze (0.00s)
=== RUN   TestC02PermanentENOSPCAbortsFrozenSlice
2026/08/17 02:40:44.792659 juicefs[1434632] <INFO>: flush inode: 2 chunk: 0 err: no space left on device [flushData@writer.go:124]
--- PASS: TestC02PermanentENOSPCAbortsFrozenSlice (0.00s)
=== RUN   TestC02FrozenSliceSkipsCatchupFlush
--- PASS: TestC02FrozenSliceSkipsCatchupFlush (0.00s)
=== RUN   TestC02ConcurrentIndependentFullBlocks
--- PASS: TestC02ConcurrentIndependentFullBlocks (0.00s)
=== RUN   TestC02FullBlockDispatchAfterDelayedID
--- PASS: TestC02FullBlockDispatchAfterDelayedID (0.05s)
=== RUN   TestC02MultiBlockDispatchUsesLatestLength
--- PASS: TestC02MultiBlockDispatchUsesLatestLength (0.05s)
=== RUN   TestC02FlushToFailureIsObservable
2026/08/17 02:40:44.902430 juicefs[1434632] <WARNING>: flush inode: 2 chunk: 13 after preparing slice ID: C02 injected FlushTo failure [prepareID@writer.go:99]
--- PASS: TestC02FlushToFailureIsObservable (0.00s)
=== RUN   TestC02PartialThenFullAfterIDDispatchesOnce
--- PASS: TestC02PartialThenFullAfterIDDispatchesOnce (0.05s)
=== RUN   TestC02DelayedNewSliceDoesNotBlockWriteAt
--- PASS: TestC02DelayedNewSliceDoesNotBlockWriteAt (0.00s)
=== RUN   TestC02NonEIONewSliceDoesNotRetryBeforeFlush
--- PASS: TestC02NonEIONewSliceDoesNotRetryBeforeFlush (0.50s)
=== RUN   TestC02TransientEIORecoversOnFreeze
--- PASS: TestC02TransientEIORecoversOnFreeze (0.00s)
=== RUN   TestC02PermanentENOSPCAbortsFrozenSlice
2026/08/17 02:40:45.463617 juicefs[1434632] <INFO>: flush inode: 2 chunk: 0 err: no space left on device [flushData@writer.go:124]
--- PASS: TestC02PermanentENOSPCAbortsFrozenSlice (0.00s)
=== RUN   TestC02FrozenSliceSkipsCatchupFlush
--- PASS: TestC02FrozenSliceSkipsCatchupFlush (0.00s)
=== RUN   TestC02ConcurrentIndependentFullBlocks
--- PASS: TestC02ConcurrentIndependentFullBlocks (0.00s)
=== RUN   TestC02FullBlockDispatchAfterDelayedID
--- PASS: TestC02FullBlockDispatchAfterDelayedID (0.05s)
=== RUN   TestC02MultiBlockDispatchUsesLatestLength
--- PASS: TestC02MultiBlockDispatchUsesLatestLength (0.05s)
=== RUN   TestC02FlushToFailureIsObservable
2026/08/17 02:40:45.574430 juicefs[1434632] <WARNING>: flush inode: 2 chunk: 13 after preparing slice ID: C02 injected FlushTo failure [prepareID@writer.go:99]
--- PASS: TestC02FlushToFailureIsObservable (0.00s)
=== RUN   TestC02PartialThenFullAfterIDDispatchesOnce
--- PASS: TestC02PartialThenFullAfterIDDispatchesOnce (0.05s)
=== RUN   TestC02DelayedNewSliceDoesNotBlockWriteAt
--- PASS: TestC02DelayedNewSliceDoesNotBlockWriteAt (0.00s)
=== RUN   TestC02NonEIONewSliceDoesNotRetryBeforeFlush
--- PASS: TestC02NonEIONewSliceDoesNotRetryBeforeFlush (0.50s)
=== RUN   TestC02TransientEIORecoversOnFreeze
--- PASS: TestC02TransientEIORecoversOnFreeze (0.00s)
=== RUN   TestC02PermanentENOSPCAbortsFrozenSlice
2026/08/17 02:40:46.136016 juicefs[1434632] <INFO>: flush inode: 2 chunk: 0 err: no space left on device [flushData@writer.go:124]
--- PASS: TestC02PermanentENOSPCAbortsFrozenSlice (0.00s)
=== RUN   TestC02FrozenSliceSkipsCatchupFlush
--- PASS: TestC02FrozenSliceSkipsCatchupFlush (0.00s)
=== RUN   TestC02ConcurrentIndependentFullBlocks
--- PASS: TestC02ConcurrentIndependentFullBlocks (0.00s)
=== RUN   TestC02FullBlockDispatchAfterDelayedID
--- PASS: TestC02FullBlockDispatchAfterDelayedID (0.05s)
=== RUN   TestC02MultiBlockDispatchUsesLatestLength
--- PASS: TestC02MultiBlockDispatchUsesLatestLength (0.05s)
=== RUN   TestC02FlushToFailureIsObservable
2026/08/17 02:40:46.247496 juicefs[1434632] <WARNING>: flush inode: 2 chunk: 13 after preparing slice ID: C02 injected FlushTo failure [prepareID@writer.go:99]
--- PASS: TestC02FlushToFailureIsObservable (0.00s)
=== RUN   TestC02PartialThenFullAfterIDDispatchesOnce
--- PASS: TestC02PartialThenFullAfterIDDispatchesOnce (0.05s)
=== RUN   TestC02DelayedNewSliceDoesNotBlockWriteAt
--- PASS: TestC02DelayedNewSliceDoesNotBlockWriteAt (0.00s)
=== RUN   TestC02NonEIONewSliceDoesNotRetryBeforeFlush
--- PASS: TestC02NonEIONewSliceDoesNotRetryBeforeFlush (0.50s)
=== RUN   TestC02TransientEIORecoversOnFreeze
--- PASS: TestC02TransientEIORecoversOnFreeze (0.00s)
=== RUN   TestC02PermanentENOSPCAbortsFrozenSlice
2026/08/17 02:40:46.808786 juicefs[1434632] <INFO>: flush inode: 2 chunk: 0 err: no space left on device [flushData@writer.go:124]
--- PASS: TestC02PermanentENOSPCAbortsFrozenSlice (0.00s)
=== RUN   TestC02FrozenSliceSkipsCatchupFlush
--- PASS: TestC02FrozenSliceSkipsCatchupFlush (0.00s)
=== RUN   TestC02ConcurrentIndependentFullBlocks
--- PASS: TestC02ConcurrentIndependentFullBlocks (0.00s)
=== RUN   TestC02FullBlockDispatchAfterDelayedID
--- PASS: TestC02FullBlockDispatchAfterDelayedID (0.05s)
=== RUN   TestC02MultiBlockDispatchUsesLatestLength
--- PASS: TestC02MultiBlockDispatchUsesLatestLength (0.05s)
=== RUN   TestC02FlushToFailureIsObservable
2026/08/17 02:40:46.918450 juicefs[1434632] <WARNING>: flush inode: 2 chunk: 13 after preparing slice ID: C02 injected FlushTo failure [prepareID@writer.go:99]
--- PASS: TestC02FlushToFailureIsObservable (0.00s)
=== RUN   TestC02PartialThenFullAfterIDDispatchesOnce
--- PASS: TestC02PartialThenFullAfterIDDispatchesOnce (0.05s)
=== RUN   TestC02DelayedNewSliceDoesNotBlockWriteAt
--- PASS: TestC02DelayedNewSliceDoesNotBlockWriteAt (0.00s)
=== RUN   TestC02NonEIONewSliceDoesNotRetryBeforeFlush
--- PASS: TestC02NonEIONewSliceDoesNotRetryBeforeFlush (0.50s)
=== RUN   TestC02TransientEIORecoversOnFreeze
--- PASS: TestC02TransientEIORecoversOnFreeze (0.00s)
=== RUN   TestC02PermanentENOSPCAbortsFrozenSlice
2026/08/17 02:40:47.479399 juicefs[1434632] <INFO>: flush inode: 2 chunk: 0 err: no space left on device [flushData@writer.go:124]
--- PASS: TestC02PermanentENOSPCAbortsFrozenSlice (0.00s)
=== RUN   TestC02FrozenSliceSkipsCatchupFlush
--- PASS: TestC02FrozenSliceSkipsCatchupFlush (0.00s)
=== RUN   TestC02ConcurrentIndependentFullBlocks
--- PASS: TestC02ConcurrentIndependentFullBlocks (0.00s)
=== RUN   TestC02FullBlockDispatchAfterDelayedID
--- PASS: TestC02FullBlockDispatchAfterDelayedID (0.05s)
=== RUN   TestC02MultiBlockDispatchUsesLatestLength
--- PASS: TestC02MultiBlockDispatchUsesLatestLength (0.05s)
=== RUN   TestC02FlushToFailureIsObservable
2026/08/17 02:40:47.589864 juicefs[1434632] <WARNING>: flush inode: 2 chunk: 13 after preparing slice ID: C02 injected FlushTo failure [prepareID@writer.go:99]
--- PASS: TestC02FlushToFailureIsObservable (0.00s)
=== RUN   TestC02PartialThenFullAfterIDDispatchesOnce
--- PASS: TestC02PartialThenFullAfterIDDispatchesOnce (0.05s)
=== RUN   TestC02DelayedNewSliceDoesNotBlockWriteAt
--- PASS: TestC02DelayedNewSliceDoesNotBlockWriteAt (0.00s)
=== RUN   TestC02NonEIONewSliceDoesNotRetryBeforeFlush
--- PASS: TestC02NonEIONewSliceDoesNotRetryBeforeFlush (0.50s)
=== RUN   TestC02TransientEIORecoversOnFreeze
--- PASS: TestC02TransientEIORecoversOnFreeze (0.00s)
=== RUN   TestC02PermanentENOSPCAbortsFrozenSlice
2026/08/17 02:40:48.151830 juicefs[1434632] <INFO>: flush inode: 2 chunk: 0 err: no space left on device [flushData@writer.go:124]
--- PASS: TestC02PermanentENOSPCAbortsFrozenSlice (0.00s)
=== RUN   TestC02FrozenSliceSkipsCatchupFlush
--- PASS: TestC02FrozenSliceSkipsCatchupFlush (0.00s)
=== RUN   TestC02ConcurrentIndependentFullBlocks
--- PASS: TestC02ConcurrentIndependentFullBlocks (0.00s)
=== RUN   TestC02FullBlockDispatchAfterDelayedID
--- PASS: TestC02FullBlockDispatchAfterDelayedID (0.05s)
=== RUN   TestC02MultiBlockDispatchUsesLatestLength
--- PASS: TestC02MultiBlockDispatchUsesLatestLength (0.05s)
=== RUN   TestC02FlushToFailureIsObservable
2026/08/17 02:40:48.261462 juicefs[1434632] <WARNING>: flush inode: 2 chunk: 13 after preparing slice ID: C02 injected FlushTo failure [prepareID@writer.go:99]
--- PASS: TestC02FlushToFailureIsObservable (0.00s)
=== RUN   TestC02PartialThenFullAfterIDDispatchesOnce
--- PASS: TestC02PartialThenFullAfterIDDispatchesOnce (0.05s)
=== RUN   TestC02DelayedNewSliceDoesNotBlockWriteAt
--- PASS: TestC02DelayedNewSliceDoesNotBlockWriteAt (0.00s)
=== RUN   TestC02NonEIONewSliceDoesNotRetryBeforeFlush
--- PASS: TestC02NonEIONewSliceDoesNotRetryBeforeFlush (0.50s)
=== RUN   TestC02TransientEIORecoversOnFreeze
--- PASS: TestC02TransientEIORecoversOnFreeze (0.00s)
=== RUN   TestC02PermanentENOSPCAbortsFrozenSlice
2026/08/17 02:40:48.823303 juicefs[1434632] <INFO>: flush inode: 2 chunk: 0 err: no space left on device [flushData@writer.go:124]
--- PASS: TestC02PermanentENOSPCAbortsFrozenSlice (0.00s)
=== RUN   TestC02FrozenSliceSkipsCatchupFlush
--- PASS: TestC02FrozenSliceSkipsCatchupFlush (0.00s)
=== RUN   TestC02ConcurrentIndependentFullBlocks
--- PASS: TestC02ConcurrentIndependentFullBlocks (0.00s)
=== RUN   TestC02FullBlockDispatchAfterDelayedID
--- PASS: TestC02FullBlockDispatchAfterDelayedID (0.05s)
=== RUN   TestC02MultiBlockDispatchUsesLatestLength
--- PASS: TestC02MultiBlockDispatchUsesLatestLength (0.05s)
=== RUN   TestC02FlushToFailureIsObservable
2026/08/17 02:40:48.932627 juicefs[1434632] <WARNING>: flush inode: 2 chunk: 13 after preparing slice ID: C02 injected FlushTo failure [prepareID@writer.go:99]
--- PASS: TestC02FlushToFailureIsObservable (0.00s)
=== RUN   TestC02PartialThenFullAfterIDDispatchesOnce
--- PASS: TestC02PartialThenFullAfterIDDispatchesOnce (0.05s)
=== RUN   TestC02DelayedNewSliceDoesNotBlockWriteAt
--- PASS: TestC02DelayedNewSliceDoesNotBlockWriteAt (0.00s)
=== RUN   TestC02NonEIONewSliceDoesNotRetryBeforeFlush
--- PASS: TestC02NonEIONewSliceDoesNotRetryBeforeFlush (0.50s)
=== RUN   TestC02TransientEIORecoversOnFreeze
--- PASS: TestC02TransientEIORecoversOnFreeze (0.00s)
=== RUN   TestC02PermanentENOSPCAbortsFrozenSlice
2026/08/17 02:40:49.493868 juicefs[1434632] <INFO>: flush inode: 2 chunk: 0 err: no space left on device [flushData@writer.go:124]
--- PASS: TestC02PermanentENOSPCAbortsFrozenSlice (0.00s)
=== RUN   TestC02FrozenSliceSkipsCatchupFlush
--- PASS: TestC02FrozenSliceSkipsCatchupFlush (0.00s)
=== RUN   TestC02ConcurrentIndependentFullBlocks
--- PASS: TestC02ConcurrentIndependentFullBlocks (0.00s)
=== RUN   TestC02FullBlockDispatchAfterDelayedID
--- PASS: TestC02FullBlockDispatchAfterDelayedID (0.05s)
=== RUN   TestC02MultiBlockDispatchUsesLatestLength
--- PASS: TestC02MultiBlockDispatchUsesLatestLength (0.05s)
=== RUN   TestC02FlushToFailureIsObservable
2026/08/17 02:40:49.603774 juicefs[1434632] <WARNING>: flush inode: 2 chunk: 13 after preparing slice ID: C02 injected FlushTo failure [prepareID@writer.go:99]
--- PASS: TestC02FlushToFailureIsObservable (0.00s)
=== RUN   TestC02PartialThenFullAfterIDDispatchesOnce
--- PASS: TestC02PartialThenFullAfterIDDispatchesOnce (0.05s)
=== RUN   TestC02DelayedNewSliceDoesNotBlockWriteAt
--- PASS: TestC02DelayedNewSliceDoesNotBlockWriteAt (0.00s)
=== RUN   TestC02NonEIONewSliceDoesNotRetryBeforeFlush
--- PASS: TestC02NonEIONewSliceDoesNotRetryBeforeFlush (0.50s)
=== RUN   TestC02TransientEIORecoversOnFreeze
--- PASS: TestC02TransientEIORecoversOnFreeze (0.00s)
=== RUN   TestC02PermanentENOSPCAbortsFrozenSlice
2026/08/17 02:40:50.165279 juicefs[1434632] <INFO>: flush inode: 2 chunk: 0 err: no space left on device [flushData@writer.go:124]
--- PASS: TestC02PermanentENOSPCAbortsFrozenSlice (0.00s)
=== RUN   TestC02FrozenSliceSkipsCatchupFlush
--- PASS: TestC02FrozenSliceSkipsCatchupFlush (0.00s)
=== RUN   TestC02ConcurrentIndependentFullBlocks
--- PASS: TestC02ConcurrentIndependentFullBlocks (0.00s)
=== RUN   TestC02FullBlockDispatchAfterDelayedID
--- PASS: TestC02FullBlockDispatchAfterDelayedID (0.05s)
=== RUN   TestC02MultiBlockDispatchUsesLatestLength
--- PASS: TestC02MultiBlockDispatchUsesLatestLength (0.05s)
=== RUN   TestC02FlushToFailureIsObservable
2026/08/17 02:40:50.274931 juicefs[1434632] <WARNING>: flush inode: 2 chunk: 13 after preparing slice ID: C02 injected FlushTo failure [prepareID@writer.go:99]
--- PASS: TestC02FlushToFailureIsObservable (0.00s)
=== RUN   TestC02PartialThenFullAfterIDDispatchesOnce
--- PASS: TestC02PartialThenFullAfterIDDispatchesOnce (0.05s)
=== RUN   TestC02DelayedNewSliceDoesNotBlockWriteAt
--- PASS: TestC02DelayedNewSliceDoesNotBlockWriteAt (0.00s)
=== RUN   TestC02NonEIONewSliceDoesNotRetryBeforeFlush
--- PASS: TestC02NonEIONewSliceDoesNotRetryBeforeFlush (0.50s)
=== RUN   TestC02TransientEIORecoversOnFreeze
--- PASS: TestC02TransientEIORecoversOnFreeze (0.00s)
=== RUN   TestC02PermanentENOSPCAbortsFrozenSlice
2026/08/17 02:40:50.837087 juicefs[1434632] <INFO>: flush inode: 2 chunk: 0 err: no space left on device [flushData@writer.go:124]
--- PASS: TestC02PermanentENOSPCAbortsFrozenSlice (0.00s)
=== RUN   TestC02FrozenSliceSkipsCatchupFlush
--- PASS: TestC02FrozenSliceSkipsCatchupFlush (0.00s)
=== RUN   TestC02ConcurrentIndependentFullBlocks
--- PASS: TestC02ConcurrentIndependentFullBlocks (0.00s)
=== RUN   TestC02FullBlockDispatchAfterDelayedID
--- PASS: TestC02FullBlockDispatchAfterDelayedID (0.05s)
=== RUN   TestC02MultiBlockDispatchUsesLatestLength
--- PASS: TestC02MultiBlockDispatchUsesLatestLength (0.05s)
=== RUN   TestC02FlushToFailureIsObservable
2026/08/17 02:40:50.947234 juicefs[1434632] <WARNING>: flush inode: 2 chunk: 13 after preparing slice ID: C02 injected FlushTo failure [prepareID@writer.go:99]
--- PASS: TestC02FlushToFailureIsObservable (0.00s)
=== RUN   TestC02PartialThenFullAfterIDDispatchesOnce
--- PASS: TestC02PartialThenFullAfterIDDispatchesOnce (0.05s)
=== RUN   TestC02DelayedNewSliceDoesNotBlockWriteAt
--- PASS: TestC02DelayedNewSliceDoesNotBlockWriteAt (0.00s)
=== RUN   TestC02NonEIONewSliceDoesNotRetryBeforeFlush
--- PASS: TestC02NonEIONewSliceDoesNotRetryBeforeFlush (0.50s)
=== RUN   TestC02TransientEIORecoversOnFreeze
--- PASS: TestC02TransientEIORecoversOnFreeze (0.00s)
=== RUN   TestC02PermanentENOSPCAbortsFrozenSlice
2026/08/17 02:40:51.509234 juicefs[1434632] <INFO>: flush inode: 2 chunk: 0 err: no space left on device [flushData@writer.go:124]
--- PASS: TestC02PermanentENOSPCAbortsFrozenSlice (0.00s)
=== RUN   TestC02FrozenSliceSkipsCatchupFlush
--- PASS: TestC02FrozenSliceSkipsCatchupFlush (0.00s)
=== RUN   TestC02ConcurrentIndependentFullBlocks
--- PASS: TestC02ConcurrentIndependentFullBlocks (0.00s)
=== RUN   TestC02FullBlockDispatchAfterDelayedID
--- PASS: TestC02FullBlockDispatchAfterDelayedID (0.05s)
=== RUN   TestC02MultiBlockDispatchUsesLatestLength
--- PASS: TestC02MultiBlockDispatchUsesLatestLength (0.05s)
=== RUN   TestC02FlushToFailureIsObservable
2026/08/17 02:40:51.619444 juicefs[1434632] <WARNING>: flush inode: 2 chunk: 13 after preparing slice ID: C02 injected FlushTo failure [prepareID@writer.go:99]
--- PASS: TestC02FlushToFailureIsObservable (0.00s)
=== RUN   TestC02PartialThenFullAfterIDDispatchesOnce
--- PASS: TestC02PartialThenFullAfterIDDispatchesOnce (0.05s)
=== RUN   TestC02DelayedNewSliceDoesNotBlockWriteAt
--- PASS: TestC02DelayedNewSliceDoesNotBlockWriteAt (0.00s)
=== RUN   TestC02NonEIONewSliceDoesNotRetryBeforeFlush
--- PASS: TestC02NonEIONewSliceDoesNotRetryBeforeFlush (0.50s)
=== RUN   TestC02TransientEIORecoversOnFreeze
--- PASS: TestC02TransientEIORecoversOnFreeze (0.00s)
=== RUN   TestC02PermanentENOSPCAbortsFrozenSlice
2026/08/17 02:40:52.181248 juicefs[1434632] <INFO>: flush inode: 2 chunk: 0 err: no space left on device [flushData@writer.go:124]
--- PASS: TestC02PermanentENOSPCAbortsFrozenSlice (0.00s)
=== RUN   TestC02FrozenSliceSkipsCatchupFlush
--- PASS: TestC02FrozenSliceSkipsCatchupFlush (0.00s)
=== RUN   TestC02ConcurrentIndependentFullBlocks
--- PASS: TestC02ConcurrentIndependentFullBlocks (0.00s)
=== RUN   TestC02FullBlockDispatchAfterDelayedID
--- PASS: TestC02FullBlockDispatchAfterDelayedID (0.05s)
=== RUN   TestC02MultiBlockDispatchUsesLatestLength
--- PASS: TestC02MultiBlockDispatchUsesLatestLength (0.05s)
=== RUN   TestC02FlushToFailureIsObservable
2026/08/17 02:40:52.291683 juicefs[1434632] <WARNING>: flush inode: 2 chunk: 13 after preparing slice ID: C02 injected FlushTo failure [prepareID@writer.go:99]
--- PASS: TestC02FlushToFailureIsObservable (0.00s)
=== RUN   TestC02PartialThenFullAfterIDDispatchesOnce
--- PASS: TestC02PartialThenFullAfterIDDispatchesOnce (0.05s)
=== RUN   TestC02DelayedNewSliceDoesNotBlockWriteAt
--- PASS: TestC02DelayedNewSliceDoesNotBlockWriteAt (0.00s)
=== RUN   TestC02NonEIONewSliceDoesNotRetryBeforeFlush
--- PASS: TestC02NonEIONewSliceDoesNotRetryBeforeFlush (0.50s)
=== RUN   TestC02TransientEIORecoversOnFreeze
--- PASS: TestC02TransientEIORecoversOnFreeze (0.00s)
=== RUN   TestC02PermanentENOSPCAbortsFrozenSlice
2026/08/17 02:40:52.853073 juicefs[1434632] <INFO>: flush inode: 2 chunk: 0 err: no space left on device [flushData@writer.go:124]
--- PASS: TestC02PermanentENOSPCAbortsFrozenSlice (0.00s)
=== RUN   TestC02FrozenSliceSkipsCatchupFlush
--- PASS: TestC02FrozenSliceSkipsCatchupFlush (0.00s)
=== RUN   TestC02ConcurrentIndependentFullBlocks
--- PASS: TestC02ConcurrentIndependentFullBlocks (0.00s)
=== RUN   TestC02FullBlockDispatchAfterDelayedID
--- PASS: TestC02FullBlockDispatchAfterDelayedID (0.05s)
=== RUN   TestC02MultiBlockDispatchUsesLatestLength
--- PASS: TestC02MultiBlockDispatchUsesLatestLength (0.05s)
=== RUN   TestC02FlushToFailureIsObservable
2026/08/17 02:40:52.962545 juicefs[1434632] <WARNING>: flush inode: 2 chunk: 13 after preparing slice ID: C02 injected FlushTo failure [prepareID@writer.go:99]
--- PASS: TestC02FlushToFailureIsObservable (0.00s)
=== RUN   TestC02PartialThenFullAfterIDDispatchesOnce
--- PASS: TestC02PartialThenFullAfterIDDispatchesOnce (0.05s)
=== RUN   TestC02DelayedNewSliceDoesNotBlockWriteAt
--- PASS: TestC02DelayedNewSliceDoesNotBlockWriteAt (0.00s)
=== RUN   TestC02NonEIONewSliceDoesNotRetryBeforeFlush
--- PASS: TestC02NonEIONewSliceDoesNotRetryBeforeFlush (0.50s)
=== RUN   TestC02TransientEIORecoversOnFreeze
--- PASS: TestC02TransientEIORecoversOnFreeze (0.00s)
=== RUN   TestC02PermanentENOSPCAbortsFrozenSlice
2026/08/17 02:40:53.524633 juicefs[1434632] <INFO>: flush inode: 2 chunk: 0 err: no space left on device [flushData@writer.go:124]
--- PASS: TestC02PermanentENOSPCAbortsFrozenSlice (0.00s)
=== RUN   TestC02FrozenSliceSkipsCatchupFlush
--- PASS: TestC02FrozenSliceSkipsCatchupFlush (0.00s)
=== RUN   TestC02ConcurrentIndependentFullBlocks
--- PASS: TestC02ConcurrentIndependentFullBlocks (0.00s)
=== RUN   TestC02FullBlockDispatchAfterDelayedID
--- PASS: TestC02FullBlockDispatchAfterDelayedID (0.05s)
=== RUN   TestC02MultiBlockDispatchUsesLatestLength
--- PASS: TestC02MultiBlockDispatchUsesLatestLength (0.05s)
=== RUN   TestC02FlushToFailureIsObservable
2026/08/17 02:40:53.635015 juicefs[1434632] <WARNING>: flush inode: 2 chunk: 13 after preparing slice ID: C02 injected FlushTo failure [prepareID@writer.go:99]
--- PASS: TestC02FlushToFailureIsObservable (0.00s)
=== RUN   TestC02PartialThenFullAfterIDDispatchesOnce
--- PASS: TestC02PartialThenFullAfterIDDispatchesOnce (0.05s)
=== RUN   TestC02DelayedNewSliceDoesNotBlockWriteAt
--- PASS: TestC02DelayedNewSliceDoesNotBlockWriteAt (0.00s)
=== RUN   TestC02NonEIONewSliceDoesNotRetryBeforeFlush
--- PASS: TestC02NonEIONewSliceDoesNotRetryBeforeFlush (0.50s)
=== RUN   TestC02TransientEIORecoversOnFreeze
--- PASS: TestC02TransientEIORecoversOnFreeze (0.00s)
=== RUN   TestC02PermanentENOSPCAbortsFrozenSlice
2026/08/17 02:40:54.196666 juicefs[1434632] <INFO>: flush inode: 2 chunk: 0 err: no space left on device [flushData@writer.go:124]
--- PASS: TestC02PermanentENOSPCAbortsFrozenSlice (0.00s)
=== RUN   TestC02FrozenSliceSkipsCatchupFlush
--- PASS: TestC02FrozenSliceSkipsCatchupFlush (0.00s)
=== RUN   TestC02ConcurrentIndependentFullBlocks
--- PASS: TestC02ConcurrentIndependentFullBlocks (0.00s)
=== RUN   TestC02FullBlockDispatchAfterDelayedID
--- PASS: TestC02FullBlockDispatchAfterDelayedID (0.05s)
=== RUN   TestC02MultiBlockDispatchUsesLatestLength
--- PASS: TestC02MultiBlockDispatchUsesLatestLength (0.05s)
=== RUN   TestC02FlushToFailureIsObservable
2026/08/17 02:40:54.305710 juicefs[1434632] <WARNING>: flush inode: 2 chunk: 13 after preparing slice ID: C02 injected FlushTo failure [prepareID@writer.go:99]
--- PASS: TestC02FlushToFailureIsObservable (0.00s)
=== RUN   TestC02PartialThenFullAfterIDDispatchesOnce
--- PASS: TestC02PartialThenFullAfterIDDispatchesOnce (0.05s)
=== RUN   TestC02DelayedNewSliceDoesNotBlockWriteAt
--- PASS: TestC02DelayedNewSliceDoesNotBlockWriteAt (0.00s)
=== RUN   TestC02NonEIONewSliceDoesNotRetryBeforeFlush
--- PASS: TestC02NonEIONewSliceDoesNotRetryBeforeFlush (0.50s)
=== RUN   TestC02TransientEIORecoversOnFreeze
--- PASS: TestC02TransientEIORecoversOnFreeze (0.00s)
=== RUN   TestC02PermanentENOSPCAbortsFrozenSlice
2026/08/17 02:40:54.866979 juicefs[1434632] <INFO>: flush inode: 2 chunk: 0 err: no space left on device [flushData@writer.go:124]
--- PASS: TestC02PermanentENOSPCAbortsFrozenSlice (0.00s)
=== RUN   TestC02FrozenSliceSkipsCatchupFlush
--- PASS: TestC02FrozenSliceSkipsCatchupFlush (0.00s)
=== RUN   TestC02ConcurrentIndependentFullBlocks
--- PASS: TestC02ConcurrentIndependentFullBlocks (0.00s)
=== RUN   TestC02FullBlockDispatchAfterDelayedID
--- PASS: TestC02FullBlockDispatchAfterDelayedID (0.05s)
=== RUN   TestC02MultiBlockDispatchUsesLatestLength
--- PASS: TestC02MultiBlockDispatchUsesLatestLength (0.05s)
=== RUN   TestC02FlushToFailureIsObservable
2026/08/17 02:40:54.976783 juicefs[1434632] <WARNING>: flush inode: 2 chunk: 13 after preparing slice ID: C02 injected FlushTo failure [prepareID@writer.go:99]
--- PASS: TestC02FlushToFailureIsObservable (0.00s)
=== RUN   TestC02PartialThenFullAfterIDDispatchesOnce
--- PASS: TestC02PartialThenFullAfterIDDispatchesOnce (0.05s)
=== RUN   TestC02DelayedNewSliceDoesNotBlockWriteAt
--- PASS: TestC02DelayedNewSliceDoesNotBlockWriteAt (0.00s)
=== RUN   TestC02NonEIONewSliceDoesNotRetryBeforeFlush
--- PASS: TestC02NonEIONewSliceDoesNotRetryBeforeFlush (0.50s)
=== RUN   TestC02TransientEIORecoversOnFreeze
--- PASS: TestC02TransientEIORecoversOnFreeze (0.00s)
=== RUN   TestC02PermanentENOSPCAbortsFrozenSlice
2026/08/17 02:40:55.538791 juicefs[1434632] <INFO>: flush inode: 2 chunk: 0 err: no space left on device [flushData@writer.go:124]
--- PASS: TestC02PermanentENOSPCAbortsFrozenSlice (0.00s)
=== RUN   TestC02FrozenSliceSkipsCatchupFlush
--- PASS: TestC02FrozenSliceSkipsCatchupFlush (0.00s)
=== RUN   TestC02ConcurrentIndependentFullBlocks
--- PASS: TestC02ConcurrentIndependentFullBlocks (0.00s)
=== RUN   TestC02FullBlockDispatchAfterDelayedID
--- PASS: TestC02FullBlockDispatchAfterDelayedID (0.05s)
=== RUN   TestC02MultiBlockDispatchUsesLatestLength
--- PASS: TestC02MultiBlockDispatchUsesLatestLength (0.05s)
=== RUN   TestC02FlushToFailureIsObservable
2026/08/17 02:40:55.648604 juicefs[1434632] <WARNING>: flush inode: 2 chunk: 13 after preparing slice ID: C02 injected FlushTo failure [prepareID@writer.go:99]
--- PASS: TestC02FlushToFailureIsObservable (0.00s)
=== RUN   TestC02PartialThenFullAfterIDDispatchesOnce
--- PASS: TestC02PartialThenFullAfterIDDispatchesOnce (0.05s)
=== RUN   TestC02DelayedNewSliceDoesNotBlockWriteAt
--- PASS: TestC02DelayedNewSliceDoesNotBlockWriteAt (0.00s)
=== RUN   TestC02NonEIONewSliceDoesNotRetryBeforeFlush
--- PASS: TestC02NonEIONewSliceDoesNotRetryBeforeFlush (0.50s)
=== RUN   TestC02TransientEIORecoversOnFreeze
--- PASS: TestC02TransientEIORecoversOnFreeze (0.00s)
=== RUN   TestC02PermanentENOSPCAbortsFrozenSlice
2026/08/17 02:40:56.210501 juicefs[1434632] <INFO>: flush inode: 2 chunk: 0 err: no space left on device [flushData@writer.go:124]
--- PASS: TestC02PermanentENOSPCAbortsFrozenSlice (0.00s)
=== RUN   TestC02FrozenSliceSkipsCatchupFlush
--- PASS: TestC02FrozenSliceSkipsCatchupFlush (0.00s)
=== RUN   TestC02ConcurrentIndependentFullBlocks
--- PASS: TestC02ConcurrentIndependentFullBlocks (0.00s)
=== RUN   TestC02FullBlockDispatchAfterDelayedID
--- PASS: TestC02FullBlockDispatchAfterDelayedID (0.05s)
=== RUN   TestC02MultiBlockDispatchUsesLatestLength
--- PASS: TestC02MultiBlockDispatchUsesLatestLength (0.05s)
=== RUN   TestC02FlushToFailureIsObservable
2026/08/17 02:40:56.321792 juicefs[1434632] <WARNING>: flush inode: 2 chunk: 13 after preparing slice ID: C02 injected FlushTo failure [prepareID@writer.go:99]
--- PASS: TestC02FlushToFailureIsObservable (0.00s)
=== RUN   TestC02PartialThenFullAfterIDDispatchesOnce
--- PASS: TestC02PartialThenFullAfterIDDispatchesOnce (0.05s)
=== RUN   TestC02DelayedNewSliceDoesNotBlockWriteAt
--- PASS: TestC02DelayedNewSliceDoesNotBlockWriteAt (0.00s)
=== RUN   TestC02NonEIONewSliceDoesNotRetryBeforeFlush
--- PASS: TestC02NonEIONewSliceDoesNotRetryBeforeFlush (0.50s)
=== RUN   TestC02TransientEIORecoversOnFreeze
--- PASS: TestC02TransientEIORecoversOnFreeze (0.00s)
=== RUN   TestC02PermanentENOSPCAbortsFrozenSlice
2026/08/17 02:40:56.883463 juicefs[1434632] <INFO>: flush inode: 2 chunk: 0 err: no space left on device [flushData@writer.go:124]
--- PASS: TestC02PermanentENOSPCAbortsFrozenSlice (0.00s)
=== RUN   TestC02FrozenSliceSkipsCatchupFlush
--- PASS: TestC02FrozenSliceSkipsCatchupFlush (0.00s)
=== RUN   TestC02ConcurrentIndependentFullBlocks
--- PASS: TestC02ConcurrentIndependentFullBlocks (0.00s)
=== RUN   TestC02FullBlockDispatchAfterDelayedID
--- PASS: TestC02FullBlockDispatchAfterDelayedID (0.05s)
=== RUN   TestC02MultiBlockDispatchUsesLatestLength
--- PASS: TestC02MultiBlockDispatchUsesLatestLength (0.05s)
=== RUN   TestC02FlushToFailureIsObservable
2026/08/17 02:40:56.993039 juicefs[1434632] <WARNING>: flush inode: 2 chunk: 13 after preparing slice ID: C02 injected FlushTo failure [prepareID@writer.go:99]
--- PASS: TestC02FlushToFailureIsObservable (0.00s)
=== RUN   TestC02PartialThenFullAfterIDDispatchesOnce
--- PASS: TestC02PartialThenFullAfterIDDispatchesOnce (0.05s)
=== RUN   TestC02DelayedNewSliceDoesNotBlockWriteAt
--- PASS: TestC02DelayedNewSliceDoesNotBlockWriteAt (0.00s)
=== RUN   TestC02NonEIONewSliceDoesNotRetryBeforeFlush
--- PASS: TestC02NonEIONewSliceDoesNotRetryBeforeFlush (0.50s)
=== RUN   TestC02TransientEIORecoversOnFreeze
--- PASS: TestC02TransientEIORecoversOnFreeze (0.00s)
=== RUN   TestC02PermanentENOSPCAbortsFrozenSlice
2026/08/17 02:40:57.554331 juicefs[1434632] <INFO>: flush inode: 2 chunk: 0 err: no space left on device [flushData@writer.go:124]
--- PASS: TestC02PermanentENOSPCAbortsFrozenSlice (0.00s)
=== RUN   TestC02FrozenSliceSkipsCatchupFlush
--- PASS: TestC02FrozenSliceSkipsCatchupFlush (0.00s)
=== RUN   TestC02ConcurrentIndependentFullBlocks
--- PASS: TestC02ConcurrentIndependentFullBlocks (0.00s)
=== RUN   TestC02FullBlockDispatchAfterDelayedID
--- PASS: TestC02FullBlockDispatchAfterDelayedID (0.05s)
=== RUN   TestC02MultiBlockDispatchUsesLatestLength
--- PASS: TestC02MultiBlockDispatchUsesLatestLength (0.05s)
=== RUN   TestC02FlushToFailureIsObservable
2026/08/17 02:40:57.664490 juicefs[1434632] <WARNING>: flush inode: 2 chunk: 13 after preparing slice ID: C02 injected FlushTo failure [prepareID@writer.go:99]
--- PASS: TestC02FlushToFailureIsObservable (0.00s)
=== RUN   TestC02PartialThenFullAfterIDDispatchesOnce
--- PASS: TestC02PartialThenFullAfterIDDispatchesOnce (0.05s)
=== RUN   TestC02DelayedNewSliceDoesNotBlockWriteAt
--- PASS: TestC02DelayedNewSliceDoesNotBlockWriteAt (0.00s)
=== RUN   TestC02NonEIONewSliceDoesNotRetryBeforeFlush
--- PASS: TestC02NonEIONewSliceDoesNotRetryBeforeFlush (0.50s)
=== RUN   TestC02TransientEIORecoversOnFreeze
--- PASS: TestC02TransientEIORecoversOnFreeze (0.00s)
=== RUN   TestC02PermanentENOSPCAbortsFrozenSlice
2026/08/17 02:40:58.226131 juicefs[1434632] <INFO>: flush inode: 2 chunk: 0 err: no space left on device [flushData@writer.go:124]
--- PASS: TestC02PermanentENOSPCAbortsFrozenSlice (0.00s)
=== RUN   TestC02FrozenSliceSkipsCatchupFlush
--- PASS: TestC02FrozenSliceSkipsCatchupFlush (0.00s)
=== RUN   TestC02ConcurrentIndependentFullBlocks
--- PASS: TestC02ConcurrentIndependentFullBlocks (0.00s)
=== RUN   TestC02FullBlockDispatchAfterDelayedID
--- PASS: TestC02FullBlockDispatchAfterDelayedID (0.05s)
=== RUN   TestC02MultiBlockDispatchUsesLatestLength
--- PASS: TestC02MultiBlockDispatchUsesLatestLength (0.05s)
=== RUN   TestC02FlushToFailureIsObservable
2026/08/17 02:40:58.335506 juicefs[1434632] <WARNING>: flush inode: 2 chunk: 13 after preparing slice ID: C02 injected FlushTo failure [prepareID@writer.go:99]
--- PASS: TestC02FlushToFailureIsObservable (0.00s)
=== RUN   TestC02PartialThenFullAfterIDDispatchesOnce
--- PASS: TestC02PartialThenFullAfterIDDispatchesOnce (0.05s)
=== RUN   TestC02DelayedNewSliceDoesNotBlockWriteAt
--- PASS: TestC02DelayedNewSliceDoesNotBlockWriteAt (0.00s)
=== RUN   TestC02NonEIONewSliceDoesNotRetryBeforeFlush
--- PASS: TestC02NonEIONewSliceDoesNotRetryBeforeFlush (0.50s)
=== RUN   TestC02TransientEIORecoversOnFreeze
--- PASS: TestC02TransientEIORecoversOnFreeze (0.00s)
=== RUN   TestC02PermanentENOSPCAbortsFrozenSlice
2026/08/17 02:40:58.897921 juicefs[1434632] <INFO>: flush inode: 2 chunk: 0 err: no space left on device [flushData@writer.go:124]
--- PASS: TestC02PermanentENOSPCAbortsFrozenSlice (0.00s)
=== RUN   TestC02FrozenSliceSkipsCatchupFlush
--- PASS: TestC02FrozenSliceSkipsCatchupFlush (0.00s)
=== RUN   TestC02ConcurrentIndependentFullBlocks
--- PASS: TestC02ConcurrentIndependentFullBlocks (0.00s)
=== RUN   TestC02FullBlockDispatchAfterDelayedID
--- PASS: TestC02FullBlockDispatchAfterDelayedID (0.05s)
=== RUN   TestC02MultiBlockDispatchUsesLatestLength
--- PASS: TestC02MultiBlockDispatchUsesLatestLength (0.05s)
=== RUN   TestC02FlushToFailureIsObservable
2026/08/17 02:40:59.007352 juicefs[1434632] <WARNING>: flush inode: 2 chunk: 13 after preparing slice ID: C02 injected FlushTo failure [prepareID@writer.go:99]
--- PASS: TestC02FlushToFailureIsObservable (0.00s)
=== RUN   TestC02PartialThenFullAfterIDDispatchesOnce
--- PASS: TestC02PartialThenFullAfterIDDispatchesOnce (0.05s)
=== RUN   TestC02DelayedNewSliceDoesNotBlockWriteAt
--- PASS: TestC02DelayedNewSliceDoesNotBlockWriteAt (0.00s)
=== RUN   TestC02NonEIONewSliceDoesNotRetryBeforeFlush
--- PASS: TestC02NonEIONewSliceDoesNotRetryBeforeFlush (0.50s)
=== RUN   TestC02TransientEIORecoversOnFreeze
--- PASS: TestC02TransientEIORecoversOnFreeze (0.00s)
=== RUN   TestC02PermanentENOSPCAbortsFrozenSlice
2026/08/17 02:40:59.569067 juicefs[1434632] <INFO>: flush inode: 2 chunk: 0 err: no space left on device [flushData@writer.go:124]
--- PASS: TestC02PermanentENOSPCAbortsFrozenSlice (0.00s)
=== RUN   TestC02FrozenSliceSkipsCatchupFlush
--- PASS: TestC02FrozenSliceSkipsCatchupFlush (0.00s)
=== RUN   TestC02ConcurrentIndependentFullBlocks
--- PASS: TestC02ConcurrentIndependentFullBlocks (0.00s)
=== RUN   TestC02FullBlockDispatchAfterDelayedID
--- PASS: TestC02FullBlockDispatchAfterDelayedID (0.05s)
=== RUN   TestC02MultiBlockDispatchUsesLatestLength
--- PASS: TestC02MultiBlockDispatchUsesLatestLength (0.05s)
=== RUN   TestC02FlushToFailureIsObservable
2026/08/17 02:40:59.678182 juicefs[1434632] <WARNING>: flush inode: 2 chunk: 13 after preparing slice ID: C02 injected FlushTo failure [prepareID@writer.go:99]
--- PASS: TestC02FlushToFailureIsObservable (0.00s)
=== RUN   TestC02PartialThenFullAfterIDDispatchesOnce
--- PASS: TestC02PartialThenFullAfterIDDispatchesOnce (0.05s)
=== RUN   TestC02DelayedNewSliceDoesNotBlockWriteAt
--- PASS: TestC02DelayedNewSliceDoesNotBlockWriteAt (0.00s)
=== RUN   TestC02NonEIONewSliceDoesNotRetryBeforeFlush
--- PASS: TestC02NonEIONewSliceDoesNotRetryBeforeFlush (0.50s)
=== RUN   TestC02TransientEIORecoversOnFreeze
--- PASS: TestC02TransientEIORecoversOnFreeze (0.00s)
=== RUN   TestC02PermanentENOSPCAbortsFrozenSlice
2026/08/17 02:41:00.239833 juicefs[1434632] <INFO>: flush inode: 2 chunk: 0 err: no space left on device [flushData@writer.go:124]
--- PASS: TestC02PermanentENOSPCAbortsFrozenSlice (0.00s)
=== RUN   TestC02FrozenSliceSkipsCatchupFlush
--- PASS: TestC02FrozenSliceSkipsCatchupFlush (0.00s)
=== RUN   TestC02ConcurrentIndependentFullBlocks
--- PASS: TestC02ConcurrentIndependentFullBlocks (0.00s)
=== RUN   TestC02FullBlockDispatchAfterDelayedID
--- PASS: TestC02FullBlockDispatchAfterDelayedID (0.05s)
=== RUN   TestC02MultiBlockDispatchUsesLatestLength
--- PASS: TestC02MultiBlockDispatchUsesLatestLength (0.05s)
=== RUN   TestC02FlushToFailureIsObservable
2026/08/17 02:41:00.349272 juicefs[1434632] <WARNING>: flush inode: 2 chunk: 13 after preparing slice ID: C02 injected FlushTo failure [prepareID@writer.go:99]
--- PASS: TestC02FlushToFailureIsObservable (0.00s)
=== RUN   TestC02PartialThenFullAfterIDDispatchesOnce
--- PASS: TestC02PartialThenFullAfterIDDispatchesOnce (0.05s)
=== RUN   TestC02DelayedNewSliceDoesNotBlockWriteAt
--- PASS: TestC02DelayedNewSliceDoesNotBlockWriteAt (0.00s)
=== RUN   TestC02NonEIONewSliceDoesNotRetryBeforeFlush
--- PASS: TestC02NonEIONewSliceDoesNotRetryBeforeFlush (0.50s)
=== RUN   TestC02TransientEIORecoversOnFreeze
--- PASS: TestC02TransientEIORecoversOnFreeze (0.00s)
=== RUN   TestC02PermanentENOSPCAbortsFrozenSlice
2026/08/17 02:41:00.910599 juicefs[1434632] <INFO>: flush inode: 2 chunk: 0 err: no space left on device [flushData@writer.go:124]
--- PASS: TestC02PermanentENOSPCAbortsFrozenSlice (0.00s)
=== RUN   TestC02FrozenSliceSkipsCatchupFlush
--- PASS: TestC02FrozenSliceSkipsCatchupFlush (0.00s)
=== RUN   TestC02ConcurrentIndependentFullBlocks
--- PASS: TestC02ConcurrentIndependentFullBlocks (0.00s)
=== RUN   TestC02FullBlockDispatchAfterDelayedID
--- PASS: TestC02FullBlockDispatchAfterDelayedID (0.05s)
=== RUN   TestC02MultiBlockDispatchUsesLatestLength
--- PASS: TestC02MultiBlockDispatchUsesLatestLength (0.05s)
=== RUN   TestC02FlushToFailureIsObservable
2026/08/17 02:41:01.020376 juicefs[1434632] <WARNING>: flush inode: 2 chunk: 13 after preparing slice ID: C02 injected FlushTo failure [prepareID@writer.go:99]
--- PASS: TestC02FlushToFailureIsObservable (0.00s)
=== RUN   TestC02PartialThenFullAfterIDDispatchesOnce
--- PASS: TestC02PartialThenFullAfterIDDispatchesOnce (0.05s)
=== RUN   TestC02DelayedNewSliceDoesNotBlockWriteAt
--- PASS: TestC02DelayedNewSliceDoesNotBlockWriteAt (0.00s)
=== RUN   TestC02NonEIONewSliceDoesNotRetryBeforeFlush
--- PASS: TestC02NonEIONewSliceDoesNotRetryBeforeFlush (0.50s)
=== RUN   TestC02TransientEIORecoversOnFreeze
--- PASS: TestC02TransientEIORecoversOnFreeze (0.00s)
=== RUN   TestC02PermanentENOSPCAbortsFrozenSlice
2026/08/17 02:41:01.582069 juicefs[1434632] <INFO>: flush inode: 2 chunk: 0 err: no space left on device [flushData@writer.go:124]
--- PASS: TestC02PermanentENOSPCAbortsFrozenSlice (0.00s)
=== RUN   TestC02FrozenSliceSkipsCatchupFlush
--- PASS: TestC02FrozenSliceSkipsCatchupFlush (0.00s)
=== RUN   TestC02ConcurrentIndependentFullBlocks
--- PASS: TestC02ConcurrentIndependentFullBlocks (0.00s)
=== RUN   TestC02FullBlockDispatchAfterDelayedID
--- PASS: TestC02FullBlockDispatchAfterDelayedID (0.05s)
=== RUN   TestC02MultiBlockDispatchUsesLatestLength
--- PASS: TestC02MultiBlockDispatchUsesLatestLength (0.05s)
=== RUN   TestC02FlushToFailureIsObservable
2026/08/17 02:41:01.692519 juicefs[1434632] <WARNING>: flush inode: 2 chunk: 13 after preparing slice ID: C02 injected FlushTo failure [prepareID@writer.go:99]
--- PASS: TestC02FlushToFailureIsObservable (0.00s)
=== RUN   TestC02PartialThenFullAfterIDDispatchesOnce
--- PASS: TestC02PartialThenFullAfterIDDispatchesOnce (0.05s)
=== RUN   TestC02DelayedNewSliceDoesNotBlockWriteAt
--- PASS: TestC02DelayedNewSliceDoesNotBlockWriteAt (0.00s)
=== RUN   TestC02NonEIONewSliceDoesNotRetryBeforeFlush
--- PASS: TestC02NonEIONewSliceDoesNotRetryBeforeFlush (0.50s)
=== RUN   TestC02TransientEIORecoversOnFreeze
--- PASS: TestC02TransientEIORecoversOnFreeze (0.00s)
=== RUN   TestC02PermanentENOSPCAbortsFrozenSlice
2026/08/17 02:41:02.253746 juicefs[1434632] <INFO>: flush inode: 2 chunk: 0 err: no space left on device [flushData@writer.go:124]
--- PASS: TestC02PermanentENOSPCAbortsFrozenSlice (0.00s)
=== RUN   TestC02FrozenSliceSkipsCatchupFlush
--- PASS: TestC02FrozenSliceSkipsCatchupFlush (0.00s)
=== RUN   TestC02ConcurrentIndependentFullBlocks
--- PASS: TestC02ConcurrentIndependentFullBlocks (0.00s)
=== RUN   TestC02FullBlockDispatchAfterDelayedID
--- PASS: TestC02FullBlockDispatchAfterDelayedID (0.05s)
=== RUN   TestC02MultiBlockDispatchUsesLatestLength
--- PASS: TestC02MultiBlockDispatchUsesLatestLength (0.05s)
=== RUN   TestC02FlushToFailureIsObservable
2026/08/17 02:41:02.363361 juicefs[1434632] <WARNING>: flush inode: 2 chunk: 13 after preparing slice ID: C02 injected FlushTo failure [prepareID@writer.go:99]
--- PASS: TestC02FlushToFailureIsObservable (0.00s)
=== RUN   TestC02PartialThenFullAfterIDDispatchesOnce
--- PASS: TestC02PartialThenFullAfterIDDispatchesOnce (0.05s)
=== RUN   TestC02DelayedNewSliceDoesNotBlockWriteAt
--- PASS: TestC02DelayedNewSliceDoesNotBlockWriteAt (0.00s)
=== RUN   TestC02NonEIONewSliceDoesNotRetryBeforeFlush
--- PASS: TestC02NonEIONewSliceDoesNotRetryBeforeFlush (0.50s)
=== RUN   TestC02TransientEIORecoversOnFreeze
--- PASS: TestC02TransientEIORecoversOnFreeze (0.00s)
=== RUN   TestC02PermanentENOSPCAbortsFrozenSlice
2026/08/17 02:41:02.925216 juicefs[1434632] <INFO>: flush inode: 2 chunk: 0 err: no space left on device [flushData@writer.go:124]
--- PASS: TestC02PermanentENOSPCAbortsFrozenSlice (0.00s)
=== RUN   TestC02FrozenSliceSkipsCatchupFlush
--- PASS: TestC02FrozenSliceSkipsCatchupFlush (0.00s)
=== RUN   TestC02ConcurrentIndependentFullBlocks
--- PASS: TestC02ConcurrentIndependentFullBlocks (0.00s)
=== RUN   TestC02FullBlockDispatchAfterDelayedID
--- PASS: TestC02FullBlockDispatchAfterDelayedID (0.05s)
=== RUN   TestC02MultiBlockDispatchUsesLatestLength
--- PASS: TestC02MultiBlockDispatchUsesLatestLength (0.05s)
=== RUN   TestC02FlushToFailureIsObservable
2026/08/17 02:41:03.036007 juicefs[1434632] <WARNING>: flush inode: 2 chunk: 13 after preparing slice ID: C02 injected FlushTo failure [prepareID@writer.go:99]
--- PASS: TestC02FlushToFailureIsObservable (0.00s)
=== RUN   TestC02PartialThenFullAfterIDDispatchesOnce
--- PASS: TestC02PartialThenFullAfterIDDispatchesOnce (0.05s)
=== RUN   TestC02DelayedNewSliceDoesNotBlockWriteAt
--- PASS: TestC02DelayedNewSliceDoesNotBlockWriteAt (0.00s)
=== RUN   TestC02NonEIONewSliceDoesNotRetryBeforeFlush
--- PASS: TestC02NonEIONewSliceDoesNotRetryBeforeFlush (0.50s)
=== RUN   TestC02TransientEIORecoversOnFreeze
--- PASS: TestC02TransientEIORecoversOnFreeze (0.00s)
=== RUN   TestC02PermanentENOSPCAbortsFrozenSlice
2026/08/17 02:41:03.598009 juicefs[1434632] <INFO>: flush inode: 2 chunk: 0 err: no space left on device [flushData@writer.go:124]
--- PASS: TestC02PermanentENOSPCAbortsFrozenSlice (0.00s)
=== RUN   TestC02FrozenSliceSkipsCatchupFlush
--- PASS: TestC02FrozenSliceSkipsCatchupFlush (0.00s)
=== RUN   TestC02ConcurrentIndependentFullBlocks
--- PASS: TestC02ConcurrentIndependentFullBlocks (0.00s)
=== RUN   TestC02FullBlockDispatchAfterDelayedID
--- PASS: TestC02FullBlockDispatchAfterDelayedID (0.05s)
=== RUN   TestC02MultiBlockDispatchUsesLatestLength
--- PASS: TestC02MultiBlockDispatchUsesLatestLength (0.05s)
=== RUN   TestC02FlushToFailureIsObservable
2026/08/17 02:41:03.707549 juicefs[1434632] <WARNING>: flush inode: 2 chunk: 13 after preparing slice ID: C02 injected FlushTo failure [prepareID@writer.go:99]
--- PASS: TestC02FlushToFailureIsObservable (0.00s)
=== RUN   TestC02PartialThenFullAfterIDDispatchesOnce
--- PASS: TestC02PartialThenFullAfterIDDispatchesOnce (0.05s)
=== RUN   TestC02DelayedNewSliceDoesNotBlockWriteAt
--- PASS: TestC02DelayedNewSliceDoesNotBlockWriteAt (0.00s)
=== RUN   TestC02NonEIONewSliceDoesNotRetryBeforeFlush
--- PASS: TestC02NonEIONewSliceDoesNotRetryBeforeFlush (0.50s)
=== RUN   TestC02TransientEIORecoversOnFreeze
--- PASS: TestC02TransientEIORecoversOnFreeze (0.00s)
=== RUN   TestC02PermanentENOSPCAbortsFrozenSlice
2026/08/17 02:41:04.270107 juicefs[1434632] <INFO>: flush inode: 2 chunk: 0 err: no space left on device [flushData@writer.go:124]
--- PASS: TestC02PermanentENOSPCAbortsFrozenSlice (0.00s)
=== RUN   TestC02FrozenSliceSkipsCatchupFlush
--- PASS: TestC02FrozenSliceSkipsCatchupFlush (0.00s)
=== RUN   TestC02ConcurrentIndependentFullBlocks
--- PASS: TestC02ConcurrentIndependentFullBlocks (0.00s)
=== RUN   TestC02FullBlockDispatchAfterDelayedID
--- PASS: TestC02FullBlockDispatchAfterDelayedID (0.05s)
=== RUN   TestC02MultiBlockDispatchUsesLatestLength
--- PASS: TestC02MultiBlockDispatchUsesLatestLength (0.05s)
=== RUN   TestC02FlushToFailureIsObservable
2026/08/17 02:41:04.379658 juicefs[1434632] <WARNING>: flush inode: 2 chunk: 13 after preparing slice ID: C02 injected FlushTo failure [prepareID@writer.go:99]
--- PASS: TestC02FlushToFailureIsObservable (0.00s)
=== RUN   TestC02PartialThenFullAfterIDDispatchesOnce
--- PASS: TestC02PartialThenFullAfterIDDispatchesOnce (0.05s)
=== RUN   TestC02DelayedNewSliceDoesNotBlockWriteAt
--- PASS: TestC02DelayedNewSliceDoesNotBlockWriteAt (0.00s)
=== RUN   TestC02NonEIONewSliceDoesNotRetryBeforeFlush
--- PASS: TestC02NonEIONewSliceDoesNotRetryBeforeFlush (0.50s)
=== RUN   TestC02TransientEIORecoversOnFreeze
--- PASS: TestC02TransientEIORecoversOnFreeze (0.00s)
=== RUN   TestC02PermanentENOSPCAbortsFrozenSlice
2026/08/17 02:41:04.940901 juicefs[1434632] <INFO>: flush inode: 2 chunk: 0 err: no space left on device [flushData@writer.go:124]
--- PASS: TestC02PermanentENOSPCAbortsFrozenSlice (0.00s)
=== RUN   TestC02FrozenSliceSkipsCatchupFlush
--- PASS: TestC02FrozenSliceSkipsCatchupFlush (0.00s)
=== RUN   TestC02ConcurrentIndependentFullBlocks
--- PASS: TestC02ConcurrentIndependentFullBlocks (0.00s)
=== RUN   TestC02FullBlockDispatchAfterDelayedID
--- PASS: TestC02FullBlockDispatchAfterDelayedID (0.05s)
=== RUN   TestC02MultiBlockDispatchUsesLatestLength
--- PASS: TestC02MultiBlockDispatchUsesLatestLength (0.05s)
=== RUN   TestC02FlushToFailureIsObservable
2026/08/17 02:41:05.050187 juicefs[1434632] <WARNING>: flush inode: 2 chunk: 13 after preparing slice ID: C02 injected FlushTo failure [prepareID@writer.go:99]
--- PASS: TestC02FlushToFailureIsObservable (0.00s)
=== RUN   TestC02PartialThenFullAfterIDDispatchesOnce
--- PASS: TestC02PartialThenFullAfterIDDispatchesOnce (0.05s)
=== RUN   TestC02DelayedNewSliceDoesNotBlockWriteAt
--- PASS: TestC02DelayedNewSliceDoesNotBlockWriteAt (0.00s)
=== RUN   TestC02NonEIONewSliceDoesNotRetryBeforeFlush
--- PASS: TestC02NonEIONewSliceDoesNotRetryBeforeFlush (0.50s)
=== RUN   TestC02TransientEIORecoversOnFreeze
--- PASS: TestC02TransientEIORecoversOnFreeze (0.00s)
=== RUN   TestC02PermanentENOSPCAbortsFrozenSlice
2026/08/17 02:41:05.611900 juicefs[1434632] <INFO>: flush inode: 2 chunk: 0 err: no space left on device [flushData@writer.go:124]
--- PASS: TestC02PermanentENOSPCAbortsFrozenSlice (0.00s)
=== RUN   TestC02FrozenSliceSkipsCatchupFlush
--- PASS: TestC02FrozenSliceSkipsCatchupFlush (0.00s)
=== RUN   TestC02ConcurrentIndependentFullBlocks
--- PASS: TestC02ConcurrentIndependentFullBlocks (0.00s)
=== RUN   TestC02FullBlockDispatchAfterDelayedID
--- PASS: TestC02FullBlockDispatchAfterDelayedID (0.05s)
=== RUN   TestC02MultiBlockDispatchUsesLatestLength
--- PASS: TestC02MultiBlockDispatchUsesLatestLength (0.05s)
=== RUN   TestC02FlushToFailureIsObservable
2026/08/17 02:41:05.720753 juicefs[1434632] <WARNING>: flush inode: 2 chunk: 13 after preparing slice ID: C02 injected FlushTo failure [prepareID@writer.go:99]
--- PASS: TestC02FlushToFailureIsObservable (0.00s)
=== RUN   TestC02PartialThenFullAfterIDDispatchesOnce
--- PASS: TestC02PartialThenFullAfterIDDispatchesOnce (0.05s)
=== RUN   TestC02DelayedNewSliceDoesNotBlockWriteAt
--- PASS: TestC02DelayedNewSliceDoesNotBlockWriteAt (0.00s)
=== RUN   TestC02NonEIONewSliceDoesNotRetryBeforeFlush
--- PASS: TestC02NonEIONewSliceDoesNotRetryBeforeFlush (0.50s)
=== RUN   TestC02TransientEIORecoversOnFreeze
--- PASS: TestC02TransientEIORecoversOnFreeze (0.00s)
=== RUN   TestC02PermanentENOSPCAbortsFrozenSlice
2026/08/17 02:41:06.281828 juicefs[1434632] <INFO>: flush inode: 2 chunk: 0 err: no space left on device [flushData@writer.go:124]
--- PASS: TestC02PermanentENOSPCAbortsFrozenSlice (0.00s)
=== RUN   TestC02FrozenSliceSkipsCatchupFlush
--- PASS: TestC02FrozenSliceSkipsCatchupFlush (0.00s)
=== RUN   TestC02ConcurrentIndependentFullBlocks
--- PASS: TestC02ConcurrentIndependentFullBlocks (0.00s)
=== RUN   TestC02FullBlockDispatchAfterDelayedID
--- PASS: TestC02FullBlockDispatchAfterDelayedID (0.05s)
=== RUN   TestC02MultiBlockDispatchUsesLatestLength
--- PASS: TestC02MultiBlockDispatchUsesLatestLength (0.05s)
=== RUN   TestC02FlushToFailureIsObservable
2026/08/17 02:41:06.390804 juicefs[1434632] <WARNING>: flush inode: 2 chunk: 13 after preparing slice ID: C02 injected FlushTo failure [prepareID@writer.go:99]
--- PASS: TestC02FlushToFailureIsObservable (0.00s)
=== RUN   TestC02PartialThenFullAfterIDDispatchesOnce
--- PASS: TestC02PartialThenFullAfterIDDispatchesOnce (0.05s)
=== RUN   TestC02DelayedNewSliceDoesNotBlockWriteAt
--- PASS: TestC02DelayedNewSliceDoesNotBlockWriteAt (0.00s)
=== RUN   TestC02NonEIONewSliceDoesNotRetryBeforeFlush
--- PASS: TestC02NonEIONewSliceDoesNotRetryBeforeFlush (0.50s)
=== RUN   TestC02TransientEIORecoversOnFreeze
--- PASS: TestC02TransientEIORecoversOnFreeze (0.00s)
=== RUN   TestC02PermanentENOSPCAbortsFrozenSlice
2026/08/17 02:41:06.952057 juicefs[1434632] <INFO>: flush inode: 2 chunk: 0 err: no space left on device [flushData@writer.go:124]
--- PASS: TestC02PermanentENOSPCAbortsFrozenSlice (0.00s)
=== RUN   TestC02FrozenSliceSkipsCatchupFlush
--- PASS: TestC02FrozenSliceSkipsCatchupFlush (0.00s)
=== RUN   TestC02ConcurrentIndependentFullBlocks
--- PASS: TestC02ConcurrentIndependentFullBlocks (0.00s)
=== RUN   TestC02FullBlockDispatchAfterDelayedID
--- PASS: TestC02FullBlockDispatchAfterDelayedID (0.05s)
=== RUN   TestC02MultiBlockDispatchUsesLatestLength
--- PASS: TestC02MultiBlockDispatchUsesLatestLength (0.05s)
=== RUN   TestC02FlushToFailureIsObservable
2026/08/17 02:41:07.062385 juicefs[1434632] <WARNING>: flush inode: 2 chunk: 13 after preparing slice ID: C02 injected FlushTo failure [prepareID@writer.go:99]
--- PASS: TestC02FlushToFailureIsObservable (0.00s)
=== RUN   TestC02PartialThenFullAfterIDDispatchesOnce
--- PASS: TestC02PartialThenFullAfterIDDispatchesOnce (0.05s)
=== RUN   TestC02DelayedNewSliceDoesNotBlockWriteAt
--- PASS: TestC02DelayedNewSliceDoesNotBlockWriteAt (0.00s)
=== RUN   TestC02NonEIONewSliceDoesNotRetryBeforeFlush
--- PASS: TestC02NonEIONewSliceDoesNotRetryBeforeFlush (0.50s)
=== RUN   TestC02TransientEIORecoversOnFreeze
--- PASS: TestC02TransientEIORecoversOnFreeze (0.00s)
=== RUN   TestC02PermanentENOSPCAbortsFrozenSlice
2026/08/17 02:41:07.624586 juicefs[1434632] <INFO>: flush inode: 2 chunk: 0 err: no space left on device [flushData@writer.go:124]
--- PASS: TestC02PermanentENOSPCAbortsFrozenSlice (0.00s)
=== RUN   TestC02FrozenSliceSkipsCatchupFlush
--- PASS: TestC02FrozenSliceSkipsCatchupFlush (0.00s)
=== RUN   TestC02ConcurrentIndependentFullBlocks
--- PASS: TestC02ConcurrentIndependentFullBlocks (0.00s)
=== RUN   TestC02FullBlockDispatchAfterDelayedID
--- PASS: TestC02FullBlockDispatchAfterDelayedID (0.05s)
=== RUN   TestC02MultiBlockDispatchUsesLatestLength
--- PASS: TestC02MultiBlockDispatchUsesLatestLength (0.05s)
=== RUN   TestC02FlushToFailureIsObservable
2026/08/17 02:41:07.734499 juicefs[1434632] <WARNING>: flush inode: 2 chunk: 13 after preparing slice ID: C02 injected FlushTo failure [prepareID@writer.go:99]
--- PASS: TestC02FlushToFailureIsObservable (0.00s)
=== RUN   TestC02PartialThenFullAfterIDDispatchesOnce
--- PASS: TestC02PartialThenFullAfterIDDispatchesOnce (0.05s)
=== RUN   TestC02DelayedNewSliceDoesNotBlockWriteAt
--- PASS: TestC02DelayedNewSliceDoesNotBlockWriteAt (0.00s)
=== RUN   TestC02NonEIONewSliceDoesNotRetryBeforeFlush
--- PASS: TestC02NonEIONewSliceDoesNotRetryBeforeFlush (0.50s)
=== RUN   TestC02TransientEIORecoversOnFreeze
--- PASS: TestC02TransientEIORecoversOnFreeze (0.00s)
=== RUN   TestC02PermanentENOSPCAbortsFrozenSlice
2026/08/17 02:41:08.296233 juicefs[1434632] <INFO>: flush inode: 2 chunk: 0 err: no space left on device [flushData@writer.go:124]
--- PASS: TestC02PermanentENOSPCAbortsFrozenSlice (0.00s)
=== RUN   TestC02FrozenSliceSkipsCatchupFlush
--- PASS: TestC02FrozenSliceSkipsCatchupFlush (0.00s)
=== RUN   TestC02ConcurrentIndependentFullBlocks
--- PASS: TestC02ConcurrentIndependentFullBlocks (0.00s)
=== RUN   TestC02FullBlockDispatchAfterDelayedID
--- PASS: TestC02FullBlockDispatchAfterDelayedID (0.05s)
=== RUN   TestC02MultiBlockDispatchUsesLatestLength
--- PASS: TestC02MultiBlockDispatchUsesLatestLength (0.05s)
=== RUN   TestC02FlushToFailureIsObservable
2026/08/17 02:41:08.407512 juicefs[1434632] <WARNING>: flush inode: 2 chunk: 13 after preparing slice ID: C02 injected FlushTo failure [prepareID@writer.go:99]
--- PASS: TestC02FlushToFailureIsObservable (0.00s)
=== RUN   TestC02PartialThenFullAfterIDDispatchesOnce
--- PASS: TestC02PartialThenFullAfterIDDispatchesOnce (0.05s)
=== RUN   TestC02DelayedNewSliceDoesNotBlockWriteAt
--- PASS: TestC02DelayedNewSliceDoesNotBlockWriteAt (0.00s)
=== RUN   TestC02NonEIONewSliceDoesNotRetryBeforeFlush
--- PASS: TestC02NonEIONewSliceDoesNotRetryBeforeFlush (0.50s)
=== RUN   TestC02TransientEIORecoversOnFreeze
--- PASS: TestC02TransientEIORecoversOnFreeze (0.00s)
=== RUN   TestC02PermanentENOSPCAbortsFrozenSlice
2026/08/17 02:41:08.969743 juicefs[1434632] <INFO>: flush inode: 2 chunk: 0 err: no space left on device [flushData@writer.go:124]
--- PASS: TestC02PermanentENOSPCAbortsFrozenSlice (0.00s)
=== RUN   TestC02FrozenSliceSkipsCatchupFlush
--- PASS: TestC02FrozenSliceSkipsCatchupFlush (0.00s)
=== RUN   TestC02ConcurrentIndependentFullBlocks
--- PASS: TestC02ConcurrentIndependentFullBlocks (0.00s)
=== RUN   TestC02FullBlockDispatchAfterDelayedID
--- PASS: TestC02FullBlockDispatchAfterDelayedID (0.05s)
=== RUN   TestC02MultiBlockDispatchUsesLatestLength
--- PASS: TestC02MultiBlockDispatchUsesLatestLength (0.05s)
=== RUN   TestC02FlushToFailureIsObservable
2026/08/17 02:41:09.078613 juicefs[1434632] <WARNING>: flush inode: 2 chunk: 13 after preparing slice ID: C02 injected FlushTo failure [prepareID@writer.go:99]
--- PASS: TestC02FlushToFailureIsObservable (0.00s)
=== RUN   TestC02PartialThenFullAfterIDDispatchesOnce
--- PASS: TestC02PartialThenFullAfterIDDispatchesOnce (0.05s)
=== RUN   TestC02DelayedNewSliceDoesNotBlockWriteAt
--- PASS: TestC02DelayedNewSliceDoesNotBlockWriteAt (0.00s)
=== RUN   TestC02NonEIONewSliceDoesNotRetryBeforeFlush
--- PASS: TestC02NonEIONewSliceDoesNotRetryBeforeFlush (0.50s)
=== RUN   TestC02TransientEIORecoversOnFreeze
--- PASS: TestC02TransientEIORecoversOnFreeze (0.00s)
=== RUN   TestC02PermanentENOSPCAbortsFrozenSlice
2026/08/17 02:41:09.639846 juicefs[1434632] <INFO>: flush inode: 2 chunk: 0 err: no space left on device [flushData@writer.go:124]
--- PASS: TestC02PermanentENOSPCAbortsFrozenSlice (0.00s)
=== RUN   TestC02FrozenSliceSkipsCatchupFlush
--- PASS: TestC02FrozenSliceSkipsCatchupFlush (0.00s)
=== RUN   TestC02ConcurrentIndependentFullBlocks
--- PASS: TestC02ConcurrentIndependentFullBlocks (0.00s)
=== RUN   TestC02FullBlockDispatchAfterDelayedID
--- PASS: TestC02FullBlockDispatchAfterDelayedID (0.05s)
=== RUN   TestC02MultiBlockDispatchUsesLatestLength
--- PASS: TestC02MultiBlockDispatchUsesLatestLength (0.05s)
=== RUN   TestC02FlushToFailureIsObservable
2026/08/17 02:41:09.749393 juicefs[1434632] <WARNING>: flush inode: 2 chunk: 13 after preparing slice ID: C02 injected FlushTo failure [prepareID@writer.go:99]
--- PASS: TestC02FlushToFailureIsObservable (0.00s)
=== RUN   TestC02PartialThenFullAfterIDDispatchesOnce
--- PASS: TestC02PartialThenFullAfterIDDispatchesOnce (0.05s)
=== RUN   TestC02DelayedNewSliceDoesNotBlockWriteAt
--- PASS: TestC02DelayedNewSliceDoesNotBlockWriteAt (0.00s)
=== RUN   TestC02NonEIONewSliceDoesNotRetryBeforeFlush
--- PASS: TestC02NonEIONewSliceDoesNotRetryBeforeFlush (0.50s)
=== RUN   TestC02TransientEIORecoversOnFreeze
--- PASS: TestC02TransientEIORecoversOnFreeze (0.00s)
=== RUN   TestC02PermanentENOSPCAbortsFrozenSlice
2026/08/17 02:41:10.311583 juicefs[1434632] <INFO>: flush inode: 2 chunk: 0 err: no space left on device [flushData@writer.go:124]
--- PASS: TestC02PermanentENOSPCAbortsFrozenSlice (0.00s)
=== RUN   TestC02FrozenSliceSkipsCatchupFlush
--- PASS: TestC02FrozenSliceSkipsCatchupFlush (0.00s)
=== RUN   TestC02ConcurrentIndependentFullBlocks
--- PASS: TestC02ConcurrentIndependentFullBlocks (0.00s)
=== RUN   TestC02FullBlockDispatchAfterDelayedID
--- PASS: TestC02FullBlockDispatchAfterDelayedID (0.05s)
=== RUN   TestC02MultiBlockDispatchUsesLatestLength
--- PASS: TestC02MultiBlockDispatchUsesLatestLength (0.05s)
=== RUN   TestC02FlushToFailureIsObservable
2026/08/17 02:41:10.421373 juicefs[1434632] <WARNING>: flush inode: 2 chunk: 13 after preparing slice ID: C02 injected FlushTo failure [prepareID@writer.go:99]
--- PASS: TestC02FlushToFailureIsObservable (0.00s)
=== RUN   TestC02PartialThenFullAfterIDDispatchesOnce
--- PASS: TestC02PartialThenFullAfterIDDispatchesOnce (0.05s)
=== RUN   TestC02DelayedNewSliceDoesNotBlockWriteAt
--- PASS: TestC02DelayedNewSliceDoesNotBlockWriteAt (0.00s)
=== RUN   TestC02NonEIONewSliceDoesNotRetryBeforeFlush
--- PASS: TestC02NonEIONewSliceDoesNotRetryBeforeFlush (0.50s)
=== RUN   TestC02TransientEIORecoversOnFreeze
--- PASS: TestC02TransientEIORecoversOnFreeze (0.00s)
=== RUN   TestC02PermanentENOSPCAbortsFrozenSlice
2026/08/17 02:41:10.982738 juicefs[1434632] <INFO>: flush inode: 2 chunk: 0 err: no space left on device [flushData@writer.go:124]
--- PASS: TestC02PermanentENOSPCAbortsFrozenSlice (0.00s)
=== RUN   TestC02FrozenSliceSkipsCatchupFlush
--- PASS: TestC02FrozenSliceSkipsCatchupFlush (0.00s)
=== RUN   TestC02ConcurrentIndependentFullBlocks
--- PASS: TestC02ConcurrentIndependentFullBlocks (0.00s)
=== RUN   TestC02FullBlockDispatchAfterDelayedID
--- PASS: TestC02FullBlockDispatchAfterDelayedID (0.05s)
=== RUN   TestC02MultiBlockDispatchUsesLatestLength
--- PASS: TestC02MultiBlockDispatchUsesLatestLength (0.05s)
=== RUN   TestC02FlushToFailureIsObservable
2026/08/17 02:41:11.093668 juicefs[1434632] <WARNING>: flush inode: 2 chunk: 13 after preparing slice ID: C02 injected FlushTo failure [prepareID@writer.go:99]
--- PASS: TestC02FlushToFailureIsObservable (0.00s)
=== RUN   TestC02PartialThenFullAfterIDDispatchesOnce
--- PASS: TestC02PartialThenFullAfterIDDispatchesOnce (0.05s)
=== RUN   TestC02DelayedNewSliceDoesNotBlockWriteAt
--- PASS: TestC02DelayedNewSliceDoesNotBlockWriteAt (0.00s)
=== RUN   TestC02NonEIONewSliceDoesNotRetryBeforeFlush
--- PASS: TestC02NonEIONewSliceDoesNotRetryBeforeFlush (0.50s)
=== RUN   TestC02TransientEIORecoversOnFreeze
--- PASS: TestC02TransientEIORecoversOnFreeze (0.00s)
=== RUN   TestC02PermanentENOSPCAbortsFrozenSlice
2026/08/17 02:41:11.655208 juicefs[1434632] <INFO>: flush inode: 2 chunk: 0 err: no space left on device [flushData@writer.go:124]
--- PASS: TestC02PermanentENOSPCAbortsFrozenSlice (0.00s)
=== RUN   TestC02FrozenSliceSkipsCatchupFlush
--- PASS: TestC02FrozenSliceSkipsCatchupFlush (0.00s)
=== RUN   TestC02ConcurrentIndependentFullBlocks
--- PASS: TestC02ConcurrentIndependentFullBlocks (0.00s)
=== RUN   TestC02FullBlockDispatchAfterDelayedID
--- PASS: TestC02FullBlockDispatchAfterDelayedID (0.05s)
=== RUN   TestC02MultiBlockDispatchUsesLatestLength
--- PASS: TestC02MultiBlockDispatchUsesLatestLength (0.05s)
=== RUN   TestC02FlushToFailureIsObservable
2026/08/17 02:41:11.766110 juicefs[1434632] <WARNING>: flush inode: 2 chunk: 13 after preparing slice ID: C02 injected FlushTo failure [prepareID@writer.go:99]
--- PASS: TestC02FlushToFailureIsObservable (0.00s)
=== RUN   TestC02PartialThenFullAfterIDDispatchesOnce
--- PASS: TestC02PartialThenFullAfterIDDispatchesOnce (0.05s)
=== RUN   TestC02DelayedNewSliceDoesNotBlockWriteAt
--- PASS: TestC02DelayedNewSliceDoesNotBlockWriteAt (0.00s)
=== RUN   TestC02NonEIONewSliceDoesNotRetryBeforeFlush
--- PASS: TestC02NonEIONewSliceDoesNotRetryBeforeFlush (0.50s)
=== RUN   TestC02TransientEIORecoversOnFreeze
--- PASS: TestC02TransientEIORecoversOnFreeze (0.00s)
=== RUN   TestC02PermanentENOSPCAbortsFrozenSlice
2026/08/17 02:41:12.327681 juicefs[1434632] <INFO>: flush inode: 2 chunk: 0 err: no space left on device [flushData@writer.go:124]
--- PASS: TestC02PermanentENOSPCAbortsFrozenSlice (0.00s)
=== RUN   TestC02FrozenSliceSkipsCatchupFlush
--- PASS: TestC02FrozenSliceSkipsCatchupFlush (0.00s)
=== RUN   TestC02ConcurrentIndependentFullBlocks
--- PASS: TestC02ConcurrentIndependentFullBlocks (0.00s)
=== RUN   TestC02FullBlockDispatchAfterDelayedID
--- PASS: TestC02FullBlockDispatchAfterDelayedID (0.05s)
=== RUN   TestC02MultiBlockDispatchUsesLatestLength
--- PASS: TestC02MultiBlockDispatchUsesLatestLength (0.05s)
=== RUN   TestC02FlushToFailureIsObservable
2026/08/17 02:41:12.439221 juicefs[1434632] <WARNING>: flush inode: 2 chunk: 13 after preparing slice ID: C02 injected FlushTo failure [prepareID@writer.go:99]
--- PASS: TestC02FlushToFailureIsObservable (0.00s)
=== RUN   TestC02PartialThenFullAfterIDDispatchesOnce
--- PASS: TestC02PartialThenFullAfterIDDispatchesOnce (0.05s)
=== RUN   TestC02DelayedNewSliceDoesNotBlockWriteAt
--- PASS: TestC02DelayedNewSliceDoesNotBlockWriteAt (0.00s)
=== RUN   TestC02NonEIONewSliceDoesNotRetryBeforeFlush
--- PASS: TestC02NonEIONewSliceDoesNotRetryBeforeFlush (0.50s)
=== RUN   TestC02TransientEIORecoversOnFreeze
--- PASS: TestC02TransientEIORecoversOnFreeze (0.00s)
=== RUN   TestC02PermanentENOSPCAbortsFrozenSlice
2026/08/17 02:41:13.000952 juicefs[1434632] <INFO>: flush inode: 2 chunk: 0 err: no space left on device [flushData@writer.go:124]
--- PASS: TestC02PermanentENOSPCAbortsFrozenSlice (0.00s)
=== RUN   TestC02FrozenSliceSkipsCatchupFlush
--- PASS: TestC02FrozenSliceSkipsCatchupFlush (0.00s)
=== RUN   TestC02ConcurrentIndependentFullBlocks
--- PASS: TestC02ConcurrentIndependentFullBlocks (0.00s)
=== RUN   TestC02FullBlockDispatchAfterDelayedID
--- PASS: TestC02FullBlockDispatchAfterDelayedID (0.05s)
=== RUN   TestC02MultiBlockDispatchUsesLatestLength
--- PASS: TestC02MultiBlockDispatchUsesLatestLength (0.05s)
=== RUN   TestC02FlushToFailureIsObservable
2026/08/17 02:41:13.110143 juicefs[1434632] <WARNING>: flush inode: 2 chunk: 13 after preparing slice ID: C02 injected FlushTo failure [prepareID@writer.go:99]
--- PASS: TestC02FlushToFailureIsObservable (0.00s)
=== RUN   TestC02PartialThenFullAfterIDDispatchesOnce
--- PASS: TestC02PartialThenFullAfterIDDispatchesOnce (0.05s)
=== RUN   TestC02DelayedNewSliceDoesNotBlockWriteAt
--- PASS: TestC02DelayedNewSliceDoesNotBlockWriteAt (0.00s)
=== RUN   TestC02NonEIONewSliceDoesNotRetryBeforeFlush
--- PASS: TestC02NonEIONewSliceDoesNotRetryBeforeFlush (0.50s)
=== RUN   TestC02TransientEIORecoversOnFreeze
--- PASS: TestC02TransientEIORecoversOnFreeze (0.00s)
=== RUN   TestC02PermanentENOSPCAbortsFrozenSlice
2026/08/17 02:41:13.672143 juicefs[1434632] <INFO>: flush inode: 2 chunk: 0 err: no space left on device [flushData@writer.go:124]
--- PASS: TestC02PermanentENOSPCAbortsFrozenSlice (0.00s)
=== RUN   TestC02FrozenSliceSkipsCatchupFlush
--- PASS: TestC02FrozenSliceSkipsCatchupFlush (0.00s)
=== RUN   TestC02ConcurrentIndependentFullBlocks
--- PASS: TestC02ConcurrentIndependentFullBlocks (0.00s)
=== RUN   TestC02FullBlockDispatchAfterDelayedID
--- PASS: TestC02FullBlockDispatchAfterDelayedID (0.05s)
=== RUN   TestC02MultiBlockDispatchUsesLatestLength
--- PASS: TestC02MultiBlockDispatchUsesLatestLength (0.05s)
=== RUN   TestC02FlushToFailureIsObservable
2026/08/17 02:41:13.781908 juicefs[1434632] <WARNING>: flush inode: 2 chunk: 13 after preparing slice ID: C02 injected FlushTo failure [prepareID@writer.go:99]
--- PASS: TestC02FlushToFailureIsObservable (0.00s)
=== RUN   TestC02PartialThenFullAfterIDDispatchesOnce
--- PASS: TestC02PartialThenFullAfterIDDispatchesOnce (0.05s)
=== RUN   TestC02DelayedNewSliceDoesNotBlockWriteAt
--- PASS: TestC02DelayedNewSliceDoesNotBlockWriteAt (0.00s)
=== RUN   TestC02NonEIONewSliceDoesNotRetryBeforeFlush
--- PASS: TestC02NonEIONewSliceDoesNotRetryBeforeFlush (0.50s)
=== RUN   TestC02TransientEIORecoversOnFreeze
--- PASS: TestC02TransientEIORecoversOnFreeze (0.00s)
=== RUN   TestC02PermanentENOSPCAbortsFrozenSlice
2026/08/17 02:41:14.343787 juicefs[1434632] <INFO>: flush inode: 2 chunk: 0 err: no space left on device [flushData@writer.go:124]
--- PASS: TestC02PermanentENOSPCAbortsFrozenSlice (0.00s)
=== RUN   TestC02FrozenSliceSkipsCatchupFlush
--- PASS: TestC02FrozenSliceSkipsCatchupFlush (0.00s)
=== RUN   TestC02ConcurrentIndependentFullBlocks
--- PASS: TestC02ConcurrentIndependentFullBlocks (0.00s)
=== RUN   TestC02FullBlockDispatchAfterDelayedID
--- PASS: TestC02FullBlockDispatchAfterDelayedID (0.05s)
=== RUN   TestC02MultiBlockDispatchUsesLatestLength
--- PASS: TestC02MultiBlockDispatchUsesLatestLength (0.05s)
=== RUN   TestC02FlushToFailureIsObservable
2026/08/17 02:41:14.453557 juicefs[1434632] <WARNING>: flush inode: 2 chunk: 13 after preparing slice ID: C02 injected FlushTo failure [prepareID@writer.go:99]
--- PASS: TestC02FlushToFailureIsObservable (0.00s)
=== RUN   TestC02PartialThenFullAfterIDDispatchesOnce
--- PASS: TestC02PartialThenFullAfterIDDispatchesOnce (0.05s)
=== RUN   TestC02DelayedNewSliceDoesNotBlockWriteAt
--- PASS: TestC02DelayedNewSliceDoesNotBlockWriteAt (0.00s)
=== RUN   TestC02NonEIONewSliceDoesNotRetryBeforeFlush
--- PASS: TestC02NonEIONewSliceDoesNotRetryBeforeFlush (0.50s)
=== RUN   TestC02TransientEIORecoversOnFreeze
--- PASS: TestC02TransientEIORecoversOnFreeze (0.00s)
=== RUN   TestC02PermanentENOSPCAbortsFrozenSlice
2026/08/17 02:41:15.015082 juicefs[1434632] <INFO>: flush inode: 2 chunk: 0 err: no space left on device [flushData@writer.go:124]
--- PASS: TestC02PermanentENOSPCAbortsFrozenSlice (0.00s)
=== RUN   TestC02FrozenSliceSkipsCatchupFlush
--- PASS: TestC02FrozenSliceSkipsCatchupFlush (0.00s)
=== RUN   TestC02ConcurrentIndependentFullBlocks
--- PASS: TestC02ConcurrentIndependentFullBlocks (0.00s)
=== RUN   TestC02FullBlockDispatchAfterDelayedID
--- PASS: TestC02FullBlockDispatchAfterDelayedID (0.05s)
=== RUN   TestC02MultiBlockDispatchUsesLatestLength
--- PASS: TestC02MultiBlockDispatchUsesLatestLength (0.05s)
=== RUN   TestC02FlushToFailureIsObservable
2026/08/17 02:41:15.126631 juicefs[1434632] <WARNING>: flush inode: 2 chunk: 13 after preparing slice ID: C02 injected FlushTo failure [prepareID@writer.go:99]
--- PASS: TestC02FlushToFailureIsObservable (0.00s)
=== RUN   TestC02PartialThenFullAfterIDDispatchesOnce
--- PASS: TestC02PartialThenFullAfterIDDispatchesOnce (0.05s)
=== RUN   TestC02DelayedNewSliceDoesNotBlockWriteAt
--- PASS: TestC02DelayedNewSliceDoesNotBlockWriteAt (0.00s)
=== RUN   TestC02NonEIONewSliceDoesNotRetryBeforeFlush
--- PASS: TestC02NonEIONewSliceDoesNotRetryBeforeFlush (0.50s)
=== RUN   TestC02TransientEIORecoversOnFreeze
--- PASS: TestC02TransientEIORecoversOnFreeze (0.00s)
=== RUN   TestC02PermanentENOSPCAbortsFrozenSlice
2026/08/17 02:41:15.687961 juicefs[1434632] <INFO>: flush inode: 2 chunk: 0 err: no space left on device [flushData@writer.go:124]
--- PASS: TestC02PermanentENOSPCAbortsFrozenSlice (0.00s)
=== RUN   TestC02FrozenSliceSkipsCatchupFlush
--- PASS: TestC02FrozenSliceSkipsCatchupFlush (0.00s)
=== RUN   TestC02ConcurrentIndependentFullBlocks
--- PASS: TestC02ConcurrentIndependentFullBlocks (0.00s)
=== RUN   TestC02FullBlockDispatchAfterDelayedID
--- PASS: TestC02FullBlockDispatchAfterDelayedID (0.05s)
=== RUN   TestC02MultiBlockDispatchUsesLatestLength
--- PASS: TestC02MultiBlockDispatchUsesLatestLength (0.05s)
=== RUN   TestC02FlushToFailureIsObservable
2026/08/17 02:41:15.797180 juicefs[1434632] <WARNING>: flush inode: 2 chunk: 13 after preparing slice ID: C02 injected FlushTo failure [prepareID@writer.go:99]
--- PASS: TestC02FlushToFailureIsObservable (0.00s)
=== RUN   TestC02PartialThenFullAfterIDDispatchesOnce
--- PASS: TestC02PartialThenFullAfterIDDispatchesOnce (0.05s)
=== RUN   TestC02DelayedNewSliceDoesNotBlockWriteAt
--- PASS: TestC02DelayedNewSliceDoesNotBlockWriteAt (0.00s)
=== RUN   TestC02NonEIONewSliceDoesNotRetryBeforeFlush
--- PASS: TestC02NonEIONewSliceDoesNotRetryBeforeFlush (0.50s)
=== RUN   TestC02TransientEIORecoversOnFreeze
--- PASS: TestC02TransientEIORecoversOnFreeze (0.00s)
=== RUN   TestC02PermanentENOSPCAbortsFrozenSlice
2026/08/17 02:41:16.358187 juicefs[1434632] <INFO>: flush inode: 2 chunk: 0 err: no space left on device [flushData@writer.go:124]
--- PASS: TestC02PermanentENOSPCAbortsFrozenSlice (0.00s)
=== RUN   TestC02FrozenSliceSkipsCatchupFlush
--- PASS: TestC02FrozenSliceSkipsCatchupFlush (0.00s)
=== RUN   TestC02ConcurrentIndependentFullBlocks
--- PASS: TestC02ConcurrentIndependentFullBlocks (0.00s)
=== RUN   TestC02FullBlockDispatchAfterDelayedID
--- PASS: TestC02FullBlockDispatchAfterDelayedID (0.05s)
=== RUN   TestC02MultiBlockDispatchUsesLatestLength
--- PASS: TestC02MultiBlockDispatchUsesLatestLength (0.05s)
=== RUN   TestC02FlushToFailureIsObservable
2026/08/17 02:41:16.467665 juicefs[1434632] <WARNING>: flush inode: 2 chunk: 13 after preparing slice ID: C02 injected FlushTo failure [prepareID@writer.go:99]
--- PASS: TestC02FlushToFailureIsObservable (0.00s)
=== RUN   TestC02PartialThenFullAfterIDDispatchesOnce
--- PASS: TestC02PartialThenFullAfterIDDispatchesOnce (0.05s)
=== RUN   TestC02DelayedNewSliceDoesNotBlockWriteAt
--- PASS: TestC02DelayedNewSliceDoesNotBlockWriteAt (0.00s)
=== RUN   TestC02NonEIONewSliceDoesNotRetryBeforeFlush
--- PASS: TestC02NonEIONewSliceDoesNotRetryBeforeFlush (0.50s)
=== RUN   TestC02TransientEIORecoversOnFreeze
--- PASS: TestC02TransientEIORecoversOnFreeze (0.00s)
=== RUN   TestC02PermanentENOSPCAbortsFrozenSlice
2026/08/17 02:41:17.029313 juicefs[1434632] <INFO>: flush inode: 2 chunk: 0 err: no space left on device [flushData@writer.go:124]
--- PASS: TestC02PermanentENOSPCAbortsFrozenSlice (0.00s)
=== RUN   TestC02FrozenSliceSkipsCatchupFlush
--- PASS: TestC02FrozenSliceSkipsCatchupFlush (0.00s)
=== RUN   TestC02ConcurrentIndependentFullBlocks
--- PASS: TestC02ConcurrentIndependentFullBlocks (0.00s)
=== RUN   TestC02FullBlockDispatchAfterDelayedID
--- PASS: TestC02FullBlockDispatchAfterDelayedID (0.05s)
=== RUN   TestC02MultiBlockDispatchUsesLatestLength
--- PASS: TestC02MultiBlockDispatchUsesLatestLength (0.05s)
=== RUN   TestC02FlushToFailureIsObservable
2026/08/17 02:41:17.140066 juicefs[1434632] <WARNING>: flush inode: 2 chunk: 13 after preparing slice ID: C02 injected FlushTo failure [prepareID@writer.go:99]
--- PASS: TestC02FlushToFailureIsObservable (0.00s)
=== RUN   TestC02PartialThenFullAfterIDDispatchesOnce
--- PASS: TestC02PartialThenFullAfterIDDispatchesOnce (0.05s)
=== RUN   TestC02DelayedNewSliceDoesNotBlockWriteAt
--- PASS: TestC02DelayedNewSliceDoesNotBlockWriteAt (0.00s)
=== RUN   TestC02NonEIONewSliceDoesNotRetryBeforeFlush
--- PASS: TestC02NonEIONewSliceDoesNotRetryBeforeFlush (0.50s)
=== RUN   TestC02TransientEIORecoversOnFreeze
--- PASS: TestC02TransientEIORecoversOnFreeze (0.00s)
=== RUN   TestC02PermanentENOSPCAbortsFrozenSlice
2026/08/17 02:41:17.702161 juicefs[1434632] <INFO>: flush inode: 2 chunk: 0 err: no space left on device [flushData@writer.go:124]
--- PASS: TestC02PermanentENOSPCAbortsFrozenSlice (0.00s)
=== RUN   TestC02FrozenSliceSkipsCatchupFlush
--- PASS: TestC02FrozenSliceSkipsCatchupFlush (0.00s)
=== RUN   TestC02ConcurrentIndependentFullBlocks
--- PASS: TestC02ConcurrentIndependentFullBlocks (0.00s)
=== RUN   TestC02FullBlockDispatchAfterDelayedID
--- PASS: TestC02FullBlockDispatchAfterDelayedID (0.05s)
=== RUN   TestC02MultiBlockDispatchUsesLatestLength
--- PASS: TestC02MultiBlockDispatchUsesLatestLength (0.05s)
=== RUN   TestC02FlushToFailureIsObservable
2026/08/17 02:41:17.813408 juicefs[1434632] <WARNING>: flush inode: 2 chunk: 13 after preparing slice ID: C02 injected FlushTo failure [prepareID@writer.go:99]
--- PASS: TestC02FlushToFailureIsObservable (0.00s)
=== RUN   TestC02PartialThenFullAfterIDDispatchesOnce
--- PASS: TestC02PartialThenFullAfterIDDispatchesOnce (0.05s)
=== RUN   TestC02DelayedNewSliceDoesNotBlockWriteAt
--- PASS: TestC02DelayedNewSliceDoesNotBlockWriteAt (0.00s)
=== RUN   TestC02NonEIONewSliceDoesNotRetryBeforeFlush
--- PASS: TestC02NonEIONewSliceDoesNotRetryBeforeFlush (0.50s)
=== RUN   TestC02TransientEIORecoversOnFreeze
--- PASS: TestC02TransientEIORecoversOnFreeze (0.00s)
=== RUN   TestC02PermanentENOSPCAbortsFrozenSlice
2026/08/17 02:41:18.375378 juicefs[1434632] <INFO>: flush inode: 2 chunk: 0 err: no space left on device [flushData@writer.go:124]
--- PASS: TestC02PermanentENOSPCAbortsFrozenSlice (0.00s)
=== RUN   TestC02FrozenSliceSkipsCatchupFlush
--- PASS: TestC02FrozenSliceSkipsCatchupFlush (0.00s)
=== RUN   TestC02ConcurrentIndependentFullBlocks
--- PASS: TestC02ConcurrentIndependentFullBlocks (0.00s)
=== RUN   TestC02FullBlockDispatchAfterDelayedID
--- PASS: TestC02FullBlockDispatchAfterDelayedID (0.05s)
=== RUN   TestC02MultiBlockDispatchUsesLatestLength
--- PASS: TestC02MultiBlockDispatchUsesLatestLength (0.05s)
=== RUN   TestC02FlushToFailureIsObservable
2026/08/17 02:41:18.485744 juicefs[1434632] <WARNING>: flush inode: 2 chunk: 13 after preparing slice ID: C02 injected FlushTo failure [prepareID@writer.go:99]
--- PASS: TestC02FlushToFailureIsObservable (0.00s)
=== RUN   TestC02PartialThenFullAfterIDDispatchesOnce
--- PASS: TestC02PartialThenFullAfterIDDispatchesOnce (0.05s)
=== RUN   TestC02DelayedNewSliceDoesNotBlockWriteAt
--- PASS: TestC02DelayedNewSliceDoesNotBlockWriteAt (0.00s)
=== RUN   TestC02NonEIONewSliceDoesNotRetryBeforeFlush
--- PASS: TestC02NonEIONewSliceDoesNotRetryBeforeFlush (0.50s)
=== RUN   TestC02TransientEIORecoversOnFreeze
--- PASS: TestC02TransientEIORecoversOnFreeze (0.00s)
=== RUN   TestC02PermanentENOSPCAbortsFrozenSlice
2026/08/17 02:41:19.047317 juicefs[1434632] <INFO>: flush inode: 2 chunk: 0 err: no space left on device [flushData@writer.go:124]
--- PASS: TestC02PermanentENOSPCAbortsFrozenSlice (0.00s)
=== RUN   TestC02FrozenSliceSkipsCatchupFlush
--- PASS: TestC02FrozenSliceSkipsCatchupFlush (0.00s)
=== RUN   TestC02ConcurrentIndependentFullBlocks
--- PASS: TestC02ConcurrentIndependentFullBlocks (0.00s)
=== RUN   TestC02FullBlockDispatchAfterDelayedID
--- PASS: TestC02FullBlockDispatchAfterDelayedID (0.05s)
=== RUN   TestC02MultiBlockDispatchUsesLatestLength
--- PASS: TestC02MultiBlockDispatchUsesLatestLength (0.05s)
=== RUN   TestC02FlushToFailureIsObservable
2026/08/17 02:41:19.157442 juicefs[1434632] <WARNING>: flush inode: 2 chunk: 13 after preparing slice ID: C02 injected FlushTo failure [prepareID@writer.go:99]
--- PASS: TestC02FlushToFailureIsObservable (0.00s)
=== RUN   TestC02PartialThenFullAfterIDDispatchesOnce
--- PASS: TestC02PartialThenFullAfterIDDispatchesOnce (0.05s)
=== RUN   TestC02DelayedNewSliceDoesNotBlockWriteAt
--- PASS: TestC02DelayedNewSliceDoesNotBlockWriteAt (0.00s)
=== RUN   TestC02NonEIONewSliceDoesNotRetryBeforeFlush
--- PASS: TestC02NonEIONewSliceDoesNotRetryBeforeFlush (0.50s)
=== RUN   TestC02TransientEIORecoversOnFreeze
--- PASS: TestC02TransientEIORecoversOnFreeze (0.00s)
=== RUN   TestC02PermanentENOSPCAbortsFrozenSlice
2026/08/17 02:41:19.718542 juicefs[1434632] <INFO>: flush inode: 2 chunk: 0 err: no space left on device [flushData@writer.go:124]
--- PASS: TestC02PermanentENOSPCAbortsFrozenSlice (0.00s)
=== RUN   TestC02FrozenSliceSkipsCatchupFlush
--- PASS: TestC02FrozenSliceSkipsCatchupFlush (0.00s)
=== RUN   TestC02ConcurrentIndependentFullBlocks
--- PASS: TestC02ConcurrentIndependentFullBlocks (0.00s)
=== RUN   TestC02FullBlockDispatchAfterDelayedID
--- PASS: TestC02FullBlockDispatchAfterDelayedID (0.05s)
=== RUN   TestC02MultiBlockDispatchUsesLatestLength
--- PASS: TestC02MultiBlockDispatchUsesLatestLength (0.05s)
=== RUN   TestC02FlushToFailureIsObservable
2026/08/17 02:41:19.828196 juicefs[1434632] <WARNING>: flush inode: 2 chunk: 13 after preparing slice ID: C02 injected FlushTo failure [prepareID@writer.go:99]
--- PASS: TestC02FlushToFailureIsObservable (0.00s)
=== RUN   TestC02PartialThenFullAfterIDDispatchesOnce
--- PASS: TestC02PartialThenFullAfterIDDispatchesOnce (0.05s)
=== RUN   TestC02DelayedNewSliceDoesNotBlockWriteAt
--- PASS: TestC02DelayedNewSliceDoesNotBlockWriteAt (0.00s)
=== RUN   TestC02NonEIONewSliceDoesNotRetryBeforeFlush
--- PASS: TestC02NonEIONewSliceDoesNotRetryBeforeFlush (0.50s)
=== RUN   TestC02TransientEIORecoversOnFreeze
--- PASS: TestC02TransientEIORecoversOnFreeze (0.00s)
=== RUN   TestC02PermanentENOSPCAbortsFrozenSlice
2026/08/17 02:41:20.390072 juicefs[1434632] <INFO>: flush inode: 2 chunk: 0 err: no space left on device [flushData@writer.go:124]
--- PASS: TestC02PermanentENOSPCAbortsFrozenSlice (0.00s)
=== RUN   TestC02FrozenSliceSkipsCatchupFlush
--- PASS: TestC02FrozenSliceSkipsCatchupFlush (0.00s)
=== RUN   TestC02ConcurrentIndependentFullBlocks
--- PASS: TestC02ConcurrentIndependentFullBlocks (0.00s)
=== RUN   TestC02FullBlockDispatchAfterDelayedID
--- PASS: TestC02FullBlockDispatchAfterDelayedID (0.05s)
=== RUN   TestC02MultiBlockDispatchUsesLatestLength
--- PASS: TestC02MultiBlockDispatchUsesLatestLength (0.05s)
=== RUN   TestC02FlushToFailureIsObservable
2026/08/17 02:41:20.499976 juicefs[1434632] <WARNING>: flush inode: 2 chunk: 13 after preparing slice ID: C02 injected FlushTo failure [prepareID@writer.go:99]
--- PASS: TestC02FlushToFailureIsObservable (0.00s)
=== RUN   TestC02PartialThenFullAfterIDDispatchesOnce
--- PASS: TestC02PartialThenFullAfterIDDispatchesOnce (0.05s)
=== RUN   TestC02DelayedNewSliceDoesNotBlockWriteAt
--- PASS: TestC02DelayedNewSliceDoesNotBlockWriteAt (0.00s)
=== RUN   TestC02NonEIONewSliceDoesNotRetryBeforeFlush
--- PASS: TestC02NonEIONewSliceDoesNotRetryBeforeFlush (0.50s)
=== RUN   TestC02TransientEIORecoversOnFreeze
--- PASS: TestC02TransientEIORecoversOnFreeze (0.00s)
=== RUN   TestC02PermanentENOSPCAbortsFrozenSlice
2026/08/17 02:41:21.061621 juicefs[1434632] <INFO>: flush inode: 2 chunk: 0 err: no space left on device [flushData@writer.go:124]
--- PASS: TestC02PermanentENOSPCAbortsFrozenSlice (0.00s)
=== RUN   TestC02FrozenSliceSkipsCatchupFlush
--- PASS: TestC02FrozenSliceSkipsCatchupFlush (0.00s)
=== RUN   TestC02ConcurrentIndependentFullBlocks
--- PASS: TestC02ConcurrentIndependentFullBlocks (0.00s)
=== RUN   TestC02FullBlockDispatchAfterDelayedID
--- PASS: TestC02FullBlockDispatchAfterDelayedID (0.05s)
=== RUN   TestC02MultiBlockDispatchUsesLatestLength
--- PASS: TestC02MultiBlockDispatchUsesLatestLength (0.05s)
=== RUN   TestC02FlushToFailureIsObservable
2026/08/17 02:41:21.172848 juicefs[1434632] <WARNING>: flush inode: 2 chunk: 13 after preparing slice ID: C02 injected FlushTo failure [prepareID@writer.go:99]
--- PASS: TestC02FlushToFailureIsObservable (0.00s)
=== RUN   TestC02PartialThenFullAfterIDDispatchesOnce
--- PASS: TestC02PartialThenFullAfterIDDispatchesOnce (0.05s)
=== RUN   TestC02DelayedNewSliceDoesNotBlockWriteAt
--- PASS: TestC02DelayedNewSliceDoesNotBlockWriteAt (0.00s)
=== RUN   TestC02NonEIONewSliceDoesNotRetryBeforeFlush
--- PASS: TestC02NonEIONewSliceDoesNotRetryBeforeFlush (0.50s)
=== RUN   TestC02TransientEIORecoversOnFreeze
--- PASS: TestC02TransientEIORecoversOnFreeze (0.00s)
=== RUN   TestC02PermanentENOSPCAbortsFrozenSlice
2026/08/17 02:41:21.734493 juicefs[1434632] <INFO>: flush inode: 2 chunk: 0 err: no space left on device [flushData@writer.go:124]
--- PASS: TestC02PermanentENOSPCAbortsFrozenSlice (0.00s)
=== RUN   TestC02FrozenSliceSkipsCatchupFlush
--- PASS: TestC02FrozenSliceSkipsCatchupFlush (0.00s)
=== RUN   TestC02ConcurrentIndependentFullBlocks
--- PASS: TestC02ConcurrentIndependentFullBlocks (0.00s)
=== RUN   TestC02FullBlockDispatchAfterDelayedID
--- PASS: TestC02FullBlockDispatchAfterDelayedID (0.05s)
=== RUN   TestC02MultiBlockDispatchUsesLatestLength
--- PASS: TestC02MultiBlockDispatchUsesLatestLength (0.05s)
=== RUN   TestC02FlushToFailureIsObservable
2026/08/17 02:41:21.844496 juicefs[1434632] <WARNING>: flush inode: 2 chunk: 13 after preparing slice ID: C02 injected FlushTo failure [prepareID@writer.go:99]
--- PASS: TestC02FlushToFailureIsObservable (0.00s)
=== RUN   TestC02PartialThenFullAfterIDDispatchesOnce
--- PASS: TestC02PartialThenFullAfterIDDispatchesOnce (0.05s)
=== RUN   TestC02DelayedNewSliceDoesNotBlockWriteAt
--- PASS: TestC02DelayedNewSliceDoesNotBlockWriteAt (0.00s)
=== RUN   TestC02NonEIONewSliceDoesNotRetryBeforeFlush
--- PASS: TestC02NonEIONewSliceDoesNotRetryBeforeFlush (0.50s)
=== RUN   TestC02TransientEIORecoversOnFreeze
--- PASS: TestC02TransientEIORecoversOnFreeze (0.00s)
=== RUN   TestC02PermanentENOSPCAbortsFrozenSlice
2026/08/17 02:41:22.406257 juicefs[1434632] <INFO>: flush inode: 2 chunk: 0 err: no space left on device [flushData@writer.go:124]
--- PASS: TestC02PermanentENOSPCAbortsFrozenSlice (0.00s)
=== RUN   TestC02FrozenSliceSkipsCatchupFlush
--- PASS: TestC02FrozenSliceSkipsCatchupFlush (0.00s)
=== RUN   TestC02ConcurrentIndependentFullBlocks
--- PASS: TestC02ConcurrentIndependentFullBlocks (0.00s)
=== RUN   TestC02FullBlockDispatchAfterDelayedID
--- PASS: TestC02FullBlockDispatchAfterDelayedID (0.05s)
=== RUN   TestC02MultiBlockDispatchUsesLatestLength
--- PASS: TestC02MultiBlockDispatchUsesLatestLength (0.05s)
=== RUN   TestC02FlushToFailureIsObservable
2026/08/17 02:41:22.515721 juicefs[1434632] <WARNING>: flush inode: 2 chunk: 13 after preparing slice ID: C02 injected FlushTo failure [prepareID@writer.go:99]
--- PASS: TestC02FlushToFailureIsObservable (0.00s)
=== RUN   TestC02PartialThenFullAfterIDDispatchesOnce
--- PASS: TestC02PartialThenFullAfterIDDispatchesOnce (0.05s)
=== RUN   TestC02DelayedNewSliceDoesNotBlockWriteAt
--- PASS: TestC02DelayedNewSliceDoesNotBlockWriteAt (0.00s)
=== RUN   TestC02NonEIONewSliceDoesNotRetryBeforeFlush
--- PASS: TestC02NonEIONewSliceDoesNotRetryBeforeFlush (0.50s)
=== RUN   TestC02TransientEIORecoversOnFreeze
--- PASS: TestC02TransientEIORecoversOnFreeze (0.00s)
=== RUN   TestC02PermanentENOSPCAbortsFrozenSlice
2026/08/17 02:41:23.077207 juicefs[1434632] <INFO>: flush inode: 2 chunk: 0 err: no space left on device [flushData@writer.go:124]
--- PASS: TestC02PermanentENOSPCAbortsFrozenSlice (0.00s)
=== RUN   TestC02FrozenSliceSkipsCatchupFlush
--- PASS: TestC02FrozenSliceSkipsCatchupFlush (0.00s)
=== RUN   TestC02ConcurrentIndependentFullBlocks
--- PASS: TestC02ConcurrentIndependentFullBlocks (0.00s)
=== RUN   TestC02FullBlockDispatchAfterDelayedID
--- PASS: TestC02FullBlockDispatchAfterDelayedID (0.05s)
=== RUN   TestC02MultiBlockDispatchUsesLatestLength
--- PASS: TestC02MultiBlockDispatchUsesLatestLength (0.05s)
=== RUN   TestC02FlushToFailureIsObservable
2026/08/17 02:41:23.188309 juicefs[1434632] <WARNING>: flush inode: 2 chunk: 13 after preparing slice ID: C02 injected FlushTo failure [prepareID@writer.go:99]
--- PASS: TestC02FlushToFailureIsObservable (0.00s)
=== RUN   TestC02PartialThenFullAfterIDDispatchesOnce
--- PASS: TestC02PartialThenFullAfterIDDispatchesOnce (0.05s)
=== RUN   TestC02DelayedNewSliceDoesNotBlockWriteAt
--- PASS: TestC02DelayedNewSliceDoesNotBlockWriteAt (0.00s)
=== RUN   TestC02NonEIONewSliceDoesNotRetryBeforeFlush
--- PASS: TestC02NonEIONewSliceDoesNotRetryBeforeFlush (0.50s)
=== RUN   TestC02TransientEIORecoversOnFreeze
--- PASS: TestC02TransientEIORecoversOnFreeze (0.00s)
=== RUN   TestC02PermanentENOSPCAbortsFrozenSlice
2026/08/17 02:41:23.749546 juicefs[1434632] <INFO>: flush inode: 2 chunk: 0 err: no space left on device [flushData@writer.go:124]
--- PASS: TestC02PermanentENOSPCAbortsFrozenSlice (0.00s)
=== RUN   TestC02FrozenSliceSkipsCatchupFlush
--- PASS: TestC02FrozenSliceSkipsCatchupFlush (0.00s)
=== RUN   TestC02ConcurrentIndependentFullBlocks
--- PASS: TestC02ConcurrentIndependentFullBlocks (0.00s)
=== RUN   TestC02FullBlockDispatchAfterDelayedID
--- PASS: TestC02FullBlockDispatchAfterDelayedID (0.05s)
=== RUN   TestC02MultiBlockDispatchUsesLatestLength
--- PASS: TestC02MultiBlockDispatchUsesLatestLength (0.05s)
=== RUN   TestC02FlushToFailureIsObservable
2026/08/17 02:41:23.859291 juicefs[1434632] <WARNING>: flush inode: 2 chunk: 13 after preparing slice ID: C02 injected FlushTo failure [prepareID@writer.go:99]
--- PASS: TestC02FlushToFailureIsObservable (0.00s)
=== RUN   TestC02PartialThenFullAfterIDDispatchesOnce
--- PASS: TestC02PartialThenFullAfterIDDispatchesOnce (0.05s)
=== RUN   TestC02DelayedNewSliceDoesNotBlockWriteAt
--- PASS: TestC02DelayedNewSliceDoesNotBlockWriteAt (0.00s)
=== RUN   TestC02NonEIONewSliceDoesNotRetryBeforeFlush
--- PASS: TestC02NonEIONewSliceDoesNotRetryBeforeFlush (0.50s)
=== RUN   TestC02TransientEIORecoversOnFreeze
--- PASS: TestC02TransientEIORecoversOnFreeze (0.00s)
=== RUN   TestC02PermanentENOSPCAbortsFrozenSlice
2026/08/17 02:41:24.420368 juicefs[1434632] <INFO>: flush inode: 2 chunk: 0 err: no space left on device [flushData@writer.go:124]
--- PASS: TestC02PermanentENOSPCAbortsFrozenSlice (0.00s)
=== RUN   TestC02FrozenSliceSkipsCatchupFlush
--- PASS: TestC02FrozenSliceSkipsCatchupFlush (0.00s)
=== RUN   TestC02ConcurrentIndependentFullBlocks
--- PASS: TestC02ConcurrentIndependentFullBlocks (0.00s)
=== RUN   TestC02FullBlockDispatchAfterDelayedID
--- PASS: TestC02FullBlockDispatchAfterDelayedID (0.05s)
=== RUN   TestC02MultiBlockDispatchUsesLatestLength
--- PASS: TestC02MultiBlockDispatchUsesLatestLength (0.05s)
=== RUN   TestC02FlushToFailureIsObservable
2026/08/17 02:41:24.529438 juicefs[1434632] <WARNING>: flush inode: 2 chunk: 13 after preparing slice ID: C02 injected FlushTo failure [prepareID@writer.go:99]
--- PASS: TestC02FlushToFailureIsObservable (0.00s)
=== RUN   TestC02PartialThenFullAfterIDDispatchesOnce
--- PASS: TestC02PartialThenFullAfterIDDispatchesOnce (0.05s)
=== RUN   TestC02DelayedNewSliceDoesNotBlockWriteAt
--- PASS: TestC02DelayedNewSliceDoesNotBlockWriteAt (0.00s)
=== RUN   TestC02NonEIONewSliceDoesNotRetryBeforeFlush
--- PASS: TestC02NonEIONewSliceDoesNotRetryBeforeFlush (0.50s)
=== RUN   TestC02TransientEIORecoversOnFreeze
--- PASS: TestC02TransientEIORecoversOnFreeze (0.00s)
=== RUN   TestC02PermanentENOSPCAbortsFrozenSlice
2026/08/17 02:41:25.091271 juicefs[1434632] <INFO>: flush inode: 2 chunk: 0 err: no space left on device [flushData@writer.go:124]
--- PASS: TestC02PermanentENOSPCAbortsFrozenSlice (0.00s)
=== RUN   TestC02FrozenSliceSkipsCatchupFlush
--- PASS: TestC02FrozenSliceSkipsCatchupFlush (0.00s)
=== RUN   TestC02ConcurrentIndependentFullBlocks
--- PASS: TestC02ConcurrentIndependentFullBlocks (0.00s)
=== RUN   TestC02FullBlockDispatchAfterDelayedID
--- PASS: TestC02FullBlockDispatchAfterDelayedID (0.05s)
=== RUN   TestC02MultiBlockDispatchUsesLatestLength
--- PASS: TestC02MultiBlockDispatchUsesLatestLength (0.05s)
=== RUN   TestC02FlushToFailureIsObservable
2026/08/17 02:41:25.200872 juicefs[1434632] <WARNING>: flush inode: 2 chunk: 13 after preparing slice ID: C02 injected FlushTo failure [prepareID@writer.go:99]
--- PASS: TestC02FlushToFailureIsObservable (0.00s)
=== RUN   TestC02PartialThenFullAfterIDDispatchesOnce
--- PASS: TestC02PartialThenFullAfterIDDispatchesOnce (0.05s)
=== RUN   TestC02DelayedNewSliceDoesNotBlockWriteAt
--- PASS: TestC02DelayedNewSliceDoesNotBlockWriteAt (0.00s)
=== RUN   TestC02NonEIONewSliceDoesNotRetryBeforeFlush
--- PASS: TestC02NonEIONewSliceDoesNotRetryBeforeFlush (0.50s)
=== RUN   TestC02TransientEIORecoversOnFreeze
--- PASS: TestC02TransientEIORecoversOnFreeze (0.00s)
=== RUN   TestC02PermanentENOSPCAbortsFrozenSlice
2026/08/17 02:41:25.762491 juicefs[1434632] <INFO>: flush inode: 2 chunk: 0 err: no space left on device [flushData@writer.go:124]
--- PASS: TestC02PermanentENOSPCAbortsFrozenSlice (0.00s)
=== RUN   TestC02FrozenSliceSkipsCatchupFlush
--- PASS: TestC02FrozenSliceSkipsCatchupFlush (0.00s)
=== RUN   TestC02ConcurrentIndependentFullBlocks
--- PASS: TestC02ConcurrentIndependentFullBlocks (0.00s)
=== RUN   TestC02FullBlockDispatchAfterDelayedID
--- PASS: TestC02FullBlockDispatchAfterDelayedID (0.05s)
=== RUN   TestC02MultiBlockDispatchUsesLatestLength
--- PASS: TestC02MultiBlockDispatchUsesLatestLength (0.05s)
=== RUN   TestC02FlushToFailureIsObservable
2026/08/17 02:41:25.874008 juicefs[1434632] <WARNING>: flush inode: 2 chunk: 13 after preparing slice ID: C02 injected FlushTo failure [prepareID@writer.go:99]
--- PASS: TestC02FlushToFailureIsObservable (0.00s)
=== RUN   TestC02PartialThenFullAfterIDDispatchesOnce
--- PASS: TestC02PartialThenFullAfterIDDispatchesOnce (0.05s)
=== RUN   TestC02DelayedNewSliceDoesNotBlockWriteAt
--- PASS: TestC02DelayedNewSliceDoesNotBlockWriteAt (0.00s)
=== RUN   TestC02NonEIONewSliceDoesNotRetryBeforeFlush
--- PASS: TestC02NonEIONewSliceDoesNotRetryBeforeFlush (0.50s)
=== RUN   TestC02TransientEIORecoversOnFreeze
--- PASS: TestC02TransientEIORecoversOnFreeze (0.00s)
=== RUN   TestC02PermanentENOSPCAbortsFrozenSlice
2026/08/17 02:41:26.436225 juicefs[1434632] <INFO>: flush inode: 2 chunk: 0 err: no space left on device [flushData@writer.go:124]
--- PASS: TestC02PermanentENOSPCAbortsFrozenSlice (0.00s)
=== RUN   TestC02FrozenSliceSkipsCatchupFlush
--- PASS: TestC02FrozenSliceSkipsCatchupFlush (0.00s)
=== RUN   TestC02ConcurrentIndependentFullBlocks
--- PASS: TestC02ConcurrentIndependentFullBlocks (0.00s)
=== RUN   TestC02FullBlockDispatchAfterDelayedID
--- PASS: TestC02FullBlockDispatchAfterDelayedID (0.05s)
=== RUN   TestC02MultiBlockDispatchUsesLatestLength
--- PASS: TestC02MultiBlockDispatchUsesLatestLength (0.05s)
=== RUN   TestC02FlushToFailureIsObservable
2026/08/17 02:41:26.546290 juicefs[1434632] <WARNING>: flush inode: 2 chunk: 13 after preparing slice ID: C02 injected FlushTo failure [prepareID@writer.go:99]
--- PASS: TestC02FlushToFailureIsObservable (0.00s)
=== RUN   TestC02PartialThenFullAfterIDDispatchesOnce
--- PASS: TestC02PartialThenFullAfterIDDispatchesOnce (0.05s)
=== RUN   TestC02DelayedNewSliceDoesNotBlockWriteAt
--- PASS: TestC02DelayedNewSliceDoesNotBlockWriteAt (0.00s)
=== RUN   TestC02NonEIONewSliceDoesNotRetryBeforeFlush
--- PASS: TestC02NonEIONewSliceDoesNotRetryBeforeFlush (0.50s)
=== RUN   TestC02TransientEIORecoversOnFreeze
--- PASS: TestC02TransientEIORecoversOnFreeze (0.00s)
=== RUN   TestC02PermanentENOSPCAbortsFrozenSlice
2026/08/17 02:41:27.108056 juicefs[1434632] <INFO>: flush inode: 2 chunk: 0 err: no space left on device [flushData@writer.go:124]
--- PASS: TestC02PermanentENOSPCAbortsFrozenSlice (0.00s)
=== RUN   TestC02FrozenSliceSkipsCatchupFlush
--- PASS: TestC02FrozenSliceSkipsCatchupFlush (0.00s)
=== RUN   TestC02ConcurrentIndependentFullBlocks
--- PASS: TestC02ConcurrentIndependentFullBlocks (0.00s)
=== RUN   TestC02FullBlockDispatchAfterDelayedID
--- PASS: TestC02FullBlockDispatchAfterDelayedID (0.05s)
=== RUN   TestC02MultiBlockDispatchUsesLatestLength
--- PASS: TestC02MultiBlockDispatchUsesLatestLength (0.05s)
=== RUN   TestC02FlushToFailureIsObservable
2026/08/17 02:41:27.217362 juicefs[1434632] <WARNING>: flush inode: 2 chunk: 13 after preparing slice ID: C02 injected FlushTo failure [prepareID@writer.go:99]
--- PASS: TestC02FlushToFailureIsObservable (0.00s)
=== RUN   TestC02PartialThenFullAfterIDDispatchesOnce
--- PASS: TestC02PartialThenFullAfterIDDispatchesOnce (0.05s)
=== RUN   TestC02DelayedNewSliceDoesNotBlockWriteAt
--- PASS: TestC02DelayedNewSliceDoesNotBlockWriteAt (0.00s)
=== RUN   TestC02NonEIONewSliceDoesNotRetryBeforeFlush
--- PASS: TestC02NonEIONewSliceDoesNotRetryBeforeFlush (0.50s)
=== RUN   TestC02TransientEIORecoversOnFreeze
--- PASS: TestC02TransientEIORecoversOnFreeze (0.00s)
=== RUN   TestC02PermanentENOSPCAbortsFrozenSlice
2026/08/17 02:41:27.779019 juicefs[1434632] <INFO>: flush inode: 2 chunk: 0 err: no space left on device [flushData@writer.go:124]
--- PASS: TestC02PermanentENOSPCAbortsFrozenSlice (0.00s)
=== RUN   TestC02FrozenSliceSkipsCatchupFlush
--- PASS: TestC02FrozenSliceSkipsCatchupFlush (0.00s)
=== RUN   TestC02ConcurrentIndependentFullBlocks
--- PASS: TestC02ConcurrentIndependentFullBlocks (0.00s)
=== RUN   TestC02FullBlockDispatchAfterDelayedID
--- PASS: TestC02FullBlockDispatchAfterDelayedID (0.05s)
=== RUN   TestC02MultiBlockDispatchUsesLatestLength
--- PASS: TestC02MultiBlockDispatchUsesLatestLength (0.05s)
=== RUN   TestC02FlushToFailureIsObservable
2026/08/17 02:41:27.888583 juicefs[1434632] <WARNING>: flush inode: 2 chunk: 13 after preparing slice ID: C02 injected FlushTo failure [prepareID@writer.go:99]
--- PASS: TestC02FlushToFailureIsObservable (0.00s)
=== RUN   TestC02PartialThenFullAfterIDDispatchesOnce
--- PASS: TestC02PartialThenFullAfterIDDispatchesOnce (0.05s)
=== RUN   TestC02DelayedNewSliceDoesNotBlockWriteAt
--- PASS: TestC02DelayedNewSliceDoesNotBlockWriteAt (0.00s)
=== RUN   TestC02NonEIONewSliceDoesNotRetryBeforeFlush
--- PASS: TestC02NonEIONewSliceDoesNotRetryBeforeFlush (0.50s)
=== RUN   TestC02TransientEIORecoversOnFreeze
--- PASS: TestC02TransientEIORecoversOnFreeze (0.00s)
=== RUN   TestC02PermanentENOSPCAbortsFrozenSlice
2026/08/17 02:41:28.450541 juicefs[1434632] <INFO>: flush inode: 2 chunk: 0 err: no space left on device [flushData@writer.go:124]
--- PASS: TestC02PermanentENOSPCAbortsFrozenSlice (0.00s)
=== RUN   TestC02FrozenSliceSkipsCatchupFlush
--- PASS: TestC02FrozenSliceSkipsCatchupFlush (0.00s)
=== RUN   TestC02ConcurrentIndependentFullBlocks
--- PASS: TestC02ConcurrentIndependentFullBlocks (0.00s)
=== RUN   TestC02FullBlockDispatchAfterDelayedID
--- PASS: TestC02FullBlockDispatchAfterDelayedID (0.05s)
=== RUN   TestC02MultiBlockDispatchUsesLatestLength
--- PASS: TestC02MultiBlockDispatchUsesLatestLength (0.05s)
=== RUN   TestC02FlushToFailureIsObservable
2026/08/17 02:41:28.561191 juicefs[1434632] <WARNING>: flush inode: 2 chunk: 13 after preparing slice ID: C02 injected FlushTo failure [prepareID@writer.go:99]
--- PASS: TestC02FlushToFailureIsObservable (0.00s)
=== RUN   TestC02PartialThenFullAfterIDDispatchesOnce
--- PASS: TestC02PartialThenFullAfterIDDispatchesOnce (0.05s)
=== RUN   TestC02DelayedNewSliceDoesNotBlockWriteAt
--- PASS: TestC02DelayedNewSliceDoesNotBlockWriteAt (0.00s)
=== RUN   TestC02NonEIONewSliceDoesNotRetryBeforeFlush
--- PASS: TestC02NonEIONewSliceDoesNotRetryBeforeFlush (0.50s)
=== RUN   TestC02TransientEIORecoversOnFreeze
--- PASS: TestC02TransientEIORecoversOnFreeze (0.00s)
=== RUN   TestC02PermanentENOSPCAbortsFrozenSlice
2026/08/17 02:41:29.122660 juicefs[1434632] <INFO>: flush inode: 2 chunk: 0 err: no space left on device [flushData@writer.go:124]
--- PASS: TestC02PermanentENOSPCAbortsFrozenSlice (0.00s)
=== RUN   TestC02FrozenSliceSkipsCatchupFlush
--- PASS: TestC02FrozenSliceSkipsCatchupFlush (0.00s)
=== RUN   TestC02ConcurrentIndependentFullBlocks
--- PASS: TestC02ConcurrentIndependentFullBlocks (0.00s)
=== RUN   TestC02FullBlockDispatchAfterDelayedID
--- PASS: TestC02FullBlockDispatchAfterDelayedID (0.05s)
=== RUN   TestC02MultiBlockDispatchUsesLatestLength
--- PASS: TestC02MultiBlockDispatchUsesLatestLength (0.05s)
=== RUN   TestC02FlushToFailureIsObservable
2026/08/17 02:41:29.232077 juicefs[1434632] <WARNING>: flush inode: 2 chunk: 13 after preparing slice ID: C02 injected FlushTo failure [prepareID@writer.go:99]
--- PASS: TestC02FlushToFailureIsObservable (0.00s)
=== RUN   TestC02PartialThenFullAfterIDDispatchesOnce
--- PASS: TestC02PartialThenFullAfterIDDispatchesOnce (0.05s)
=== RUN   TestC02DelayedNewSliceDoesNotBlockWriteAt
--- PASS: TestC02DelayedNewSliceDoesNotBlockWriteAt (0.00s)
=== RUN   TestC02NonEIONewSliceDoesNotRetryBeforeFlush
--- PASS: TestC02NonEIONewSliceDoesNotRetryBeforeFlush (0.50s)
=== RUN   TestC02TransientEIORecoversOnFreeze
--- PASS: TestC02TransientEIORecoversOnFreeze (0.00s)
=== RUN   TestC02PermanentENOSPCAbortsFrozenSlice
2026/08/17 02:41:29.793701 juicefs[1434632] <INFO>: flush inode: 2 chunk: 0 err: no space left on device [flushData@writer.go:124]
--- PASS: TestC02PermanentENOSPCAbortsFrozenSlice (0.00s)
=== RUN   TestC02FrozenSliceSkipsCatchupFlush
--- PASS: TestC02FrozenSliceSkipsCatchupFlush (0.00s)
=== RUN   TestC02ConcurrentIndependentFullBlocks
--- PASS: TestC02ConcurrentIndependentFullBlocks (0.00s)
=== RUN   TestC02FullBlockDispatchAfterDelayedID
--- PASS: TestC02FullBlockDispatchAfterDelayedID (0.05s)
=== RUN   TestC02MultiBlockDispatchUsesLatestLength
--- PASS: TestC02MultiBlockDispatchUsesLatestLength (0.05s)
=== RUN   TestC02FlushToFailureIsObservable
2026/08/17 02:41:29.902950 juicefs[1434632] <WARNING>: flush inode: 2 chunk: 13 after preparing slice ID: C02 injected FlushTo failure [prepareID@writer.go:99]
--- PASS: TestC02FlushToFailureIsObservable (0.00s)
=== RUN   TestC02PartialThenFullAfterIDDispatchesOnce
--- PASS: TestC02PartialThenFullAfterIDDispatchesOnce (0.05s)
=== RUN   TestC02DelayedNewSliceDoesNotBlockWriteAt
--- PASS: TestC02DelayedNewSliceDoesNotBlockWriteAt (0.00s)
=== RUN   TestC02NonEIONewSliceDoesNotRetryBeforeFlush
--- PASS: TestC02NonEIONewSliceDoesNotRetryBeforeFlush (0.50s)
=== RUN   TestC02TransientEIORecoversOnFreeze
--- PASS: TestC02TransientEIORecoversOnFreeze (0.00s)
=== RUN   TestC02PermanentENOSPCAbortsFrozenSlice
2026/08/17 02:41:30.465174 juicefs[1434632] <INFO>: flush inode: 2 chunk: 0 err: no space left on device [flushData@writer.go:124]
--- PASS: TestC02PermanentENOSPCAbortsFrozenSlice (0.00s)
=== RUN   TestC02FrozenSliceSkipsCatchupFlush
--- PASS: TestC02FrozenSliceSkipsCatchupFlush (0.00s)
=== RUN   TestC02ConcurrentIndependentFullBlocks
--- PASS: TestC02ConcurrentIndependentFullBlocks (0.00s)
=== RUN   TestC02FullBlockDispatchAfterDelayedID
--- PASS: TestC02FullBlockDispatchAfterDelayedID (0.05s)
=== RUN   TestC02MultiBlockDispatchUsesLatestLength
--- PASS: TestC02MultiBlockDispatchUsesLatestLength (0.05s)
=== RUN   TestC02FlushToFailureIsObservable
2026/08/17 02:41:30.575979 juicefs[1434632] <WARNING>: flush inode: 2 chunk: 13 after preparing slice ID: C02 injected FlushTo failure [prepareID@writer.go:99]
--- PASS: TestC02FlushToFailureIsObservable (0.00s)
=== RUN   TestC02PartialThenFullAfterIDDispatchesOnce
--- PASS: TestC02PartialThenFullAfterIDDispatchesOnce (0.05s)
=== RUN   TestC02DelayedNewSliceDoesNotBlockWriteAt
--- PASS: TestC02DelayedNewSliceDoesNotBlockWriteAt (0.00s)
=== RUN   TestC02NonEIONewSliceDoesNotRetryBeforeFlush
--- PASS: TestC02NonEIONewSliceDoesNotRetryBeforeFlush (0.50s)
=== RUN   TestC02TransientEIORecoversOnFreeze
--- PASS: TestC02TransientEIORecoversOnFreeze (0.00s)
=== RUN   TestC02PermanentENOSPCAbortsFrozenSlice
2026/08/17 02:41:31.138334 juicefs[1434632] <INFO>: flush inode: 2 chunk: 0 err: no space left on device [flushData@writer.go:124]
--- PASS: TestC02PermanentENOSPCAbortsFrozenSlice (0.00s)
=== RUN   TestC02FrozenSliceSkipsCatchupFlush
--- PASS: TestC02FrozenSliceSkipsCatchupFlush (0.00s)
=== RUN   TestC02ConcurrentIndependentFullBlocks
--- PASS: TestC02ConcurrentIndependentFullBlocks (0.00s)
=== RUN   TestC02FullBlockDispatchAfterDelayedID
--- PASS: TestC02FullBlockDispatchAfterDelayedID (0.05s)
=== RUN   TestC02MultiBlockDispatchUsesLatestLength
--- PASS: TestC02MultiBlockDispatchUsesLatestLength (0.05s)
=== RUN   TestC02FlushToFailureIsObservable
2026/08/17 02:41:31.247930 juicefs[1434632] <WARNING>: flush inode: 2 chunk: 13 after preparing slice ID: C02 injected FlushTo failure [prepareID@writer.go:99]
--- PASS: TestC02FlushToFailureIsObservable (0.00s)
=== RUN   TestC02PartialThenFullAfterIDDispatchesOnce
--- PASS: TestC02PartialThenFullAfterIDDispatchesOnce (0.05s)
=== RUN   TestC02DelayedNewSliceDoesNotBlockWriteAt
--- PASS: TestC02DelayedNewSliceDoesNotBlockWriteAt (0.00s)
=== RUN   TestC02NonEIONewSliceDoesNotRetryBeforeFlush
--- PASS: TestC02NonEIONewSliceDoesNotRetryBeforeFlush (0.50s)
=== RUN   TestC02TransientEIORecoversOnFreeze
--- PASS: TestC02TransientEIORecoversOnFreeze (0.00s)
=== RUN   TestC02PermanentENOSPCAbortsFrozenSlice
2026/08/17 02:41:31.809774 juicefs[1434632] <INFO>: flush inode: 2 chunk: 0 err: no space left on device [flushData@writer.go:124]
--- PASS: TestC02PermanentENOSPCAbortsFrozenSlice (0.00s)
=== RUN   TestC02FrozenSliceSkipsCatchupFlush
--- PASS: TestC02FrozenSliceSkipsCatchupFlush (0.00s)
=== RUN   TestC02ConcurrentIndependentFullBlocks
--- PASS: TestC02ConcurrentIndependentFullBlocks (0.00s)
=== RUN   TestC02FullBlockDispatchAfterDelayedID
--- PASS: TestC02FullBlockDispatchAfterDelayedID (0.05s)
=== RUN   TestC02MultiBlockDispatchUsesLatestLength
--- PASS: TestC02MultiBlockDispatchUsesLatestLength (0.05s)
=== RUN   TestC02FlushToFailureIsObservable
2026/08/17 02:41:31.920729 juicefs[1434632] <WARNING>: flush inode: 2 chunk: 13 after preparing slice ID: C02 injected FlushTo failure [prepareID@writer.go:99]
--- PASS: TestC02FlushToFailureIsObservable (0.00s)
=== RUN   TestC02PartialThenFullAfterIDDispatchesOnce
--- PASS: TestC02PartialThenFullAfterIDDispatchesOnce (0.05s)
=== RUN   TestC02DelayedNewSliceDoesNotBlockWriteAt
--- PASS: TestC02DelayedNewSliceDoesNotBlockWriteAt (0.00s)
=== RUN   TestC02NonEIONewSliceDoesNotRetryBeforeFlush
--- PASS: TestC02NonEIONewSliceDoesNotRetryBeforeFlush (0.50s)
=== RUN   TestC02TransientEIORecoversOnFreeze
--- PASS: TestC02TransientEIORecoversOnFreeze (0.00s)
=== RUN   TestC02PermanentENOSPCAbortsFrozenSlice
2026/08/17 02:41:32.481787 juicefs[1434632] <INFO>: flush inode: 2 chunk: 0 err: no space left on device [flushData@writer.go:124]
--- PASS: TestC02PermanentENOSPCAbortsFrozenSlice (0.00s)
=== RUN   TestC02FrozenSliceSkipsCatchupFlush
--- PASS: TestC02FrozenSliceSkipsCatchupFlush (0.00s)
=== RUN   TestC02ConcurrentIndependentFullBlocks
--- PASS: TestC02ConcurrentIndependentFullBlocks (0.00s)
=== RUN   TestC02FullBlockDispatchAfterDelayedID
--- PASS: TestC02FullBlockDispatchAfterDelayedID (0.05s)
=== RUN   TestC02MultiBlockDispatchUsesLatestLength
--- PASS: TestC02MultiBlockDispatchUsesLatestLength (0.05s)
=== RUN   TestC02FlushToFailureIsObservable
2026/08/17 02:41:32.591683 juicefs[1434632] <WARNING>: flush inode: 2 chunk: 13 after preparing slice ID: C02 injected FlushTo failure [prepareID@writer.go:99]
--- PASS: TestC02FlushToFailureIsObservable (0.00s)
=== RUN   TestC02PartialThenFullAfterIDDispatchesOnce
--- PASS: TestC02PartialThenFullAfterIDDispatchesOnce (0.05s)
=== RUN   TestC02DelayedNewSliceDoesNotBlockWriteAt
--- PASS: TestC02DelayedNewSliceDoesNotBlockWriteAt (0.00s)
=== RUN   TestC02NonEIONewSliceDoesNotRetryBeforeFlush
--- PASS: TestC02NonEIONewSliceDoesNotRetryBeforeFlush (0.50s)
=== RUN   TestC02TransientEIORecoversOnFreeze
--- PASS: TestC02TransientEIORecoversOnFreeze (0.00s)
=== RUN   TestC02PermanentENOSPCAbortsFrozenSlice
2026/08/17 02:41:33.153294 juicefs[1434632] <INFO>: flush inode: 2 chunk: 0 err: no space left on device [flushData@writer.go:124]
--- PASS: TestC02PermanentENOSPCAbortsFrozenSlice (0.00s)
=== RUN   TestC02FrozenSliceSkipsCatchupFlush
--- PASS: TestC02FrozenSliceSkipsCatchupFlush (0.00s)
=== RUN   TestC02ConcurrentIndependentFullBlocks
--- PASS: TestC02ConcurrentIndependentFullBlocks (0.00s)
=== RUN   TestC02FullBlockDispatchAfterDelayedID
--- PASS: TestC02FullBlockDispatchAfterDelayedID (0.05s)
=== RUN   TestC02MultiBlockDispatchUsesLatestLength
--- PASS: TestC02MultiBlockDispatchUsesLatestLength (0.05s)
=== RUN   TestC02FlushToFailureIsObservable
2026/08/17 02:41:33.264073 juicefs[1434632] <WARNING>: flush inode: 2 chunk: 13 after preparing slice ID: C02 injected FlushTo failure [prepareID@writer.go:99]
--- PASS: TestC02FlushToFailureIsObservable (0.00s)
=== RUN   TestC02PartialThenFullAfterIDDispatchesOnce
--- PASS: TestC02PartialThenFullAfterIDDispatchesOnce (0.05s)
=== RUN   TestC02DelayedNewSliceDoesNotBlockWriteAt
--- PASS: TestC02DelayedNewSliceDoesNotBlockWriteAt (0.00s)
=== RUN   TestC02NonEIONewSliceDoesNotRetryBeforeFlush
--- PASS: TestC02NonEIONewSliceDoesNotRetryBeforeFlush (0.50s)
=== RUN   TestC02TransientEIORecoversOnFreeze
--- PASS: TestC02TransientEIORecoversOnFreeze (0.00s)
=== RUN   TestC02PermanentENOSPCAbortsFrozenSlice
2026/08/17 02:41:33.825798 juicefs[1434632] <INFO>: flush inode: 2 chunk: 0 err: no space left on device [flushData@writer.go:124]
--- PASS: TestC02PermanentENOSPCAbortsFrozenSlice (0.00s)
=== RUN   TestC02FrozenSliceSkipsCatchupFlush
--- PASS: TestC02FrozenSliceSkipsCatchupFlush (0.00s)
=== RUN   TestC02ConcurrentIndependentFullBlocks
--- PASS: TestC02ConcurrentIndependentFullBlocks (0.00s)
=== RUN   TestC02FullBlockDispatchAfterDelayedID
--- PASS: TestC02FullBlockDispatchAfterDelayedID (0.05s)
=== RUN   TestC02MultiBlockDispatchUsesLatestLength
--- PASS: TestC02MultiBlockDispatchUsesLatestLength (0.05s)
=== RUN   TestC02FlushToFailureIsObservable
2026/08/17 02:41:33.934953 juicefs[1434632] <WARNING>: flush inode: 2 chunk: 13 after preparing slice ID: C02 injected FlushTo failure [prepareID@writer.go:99]
--- PASS: TestC02FlushToFailureIsObservable (0.00s)
=== RUN   TestC02PartialThenFullAfterIDDispatchesOnce
--- PASS: TestC02PartialThenFullAfterIDDispatchesOnce (0.05s)
=== RUN   TestC02DelayedNewSliceDoesNotBlockWriteAt
--- PASS: TestC02DelayedNewSliceDoesNotBlockWriteAt (0.00s)
=== RUN   TestC02NonEIONewSliceDoesNotRetryBeforeFlush
--- PASS: TestC02NonEIONewSliceDoesNotRetryBeforeFlush (0.50s)
=== RUN   TestC02TransientEIORecoversOnFreeze
--- PASS: TestC02TransientEIORecoversOnFreeze (0.00s)
=== RUN   TestC02PermanentENOSPCAbortsFrozenSlice
2026/08/17 02:41:34.496917 juicefs[1434632] <INFO>: flush inode: 2 chunk: 0 err: no space left on device [flushData@writer.go:124]
--- PASS: TestC02PermanentENOSPCAbortsFrozenSlice (0.00s)
=== RUN   TestC02FrozenSliceSkipsCatchupFlush
--- PASS: TestC02FrozenSliceSkipsCatchupFlush (0.00s)
=== RUN   TestC02ConcurrentIndependentFullBlocks
--- PASS: TestC02ConcurrentIndependentFullBlocks (0.00s)
=== RUN   TestC02FullBlockDispatchAfterDelayedID
--- PASS: TestC02FullBlockDispatchAfterDelayedID (0.05s)
=== RUN   TestC02MultiBlockDispatchUsesLatestLength
--- PASS: TestC02MultiBlockDispatchUsesLatestLength (0.05s)
=== RUN   TestC02FlushToFailureIsObservable
2026/08/17 02:41:34.607192 juicefs[1434632] <WARNING>: flush inode: 2 chunk: 13 after preparing slice ID: C02 injected FlushTo failure [prepareID@writer.go:99]
--- PASS: TestC02FlushToFailureIsObservable (0.00s)
=== RUN   TestC02PartialThenFullAfterIDDispatchesOnce
--- PASS: TestC02PartialThenFullAfterIDDispatchesOnce (0.05s)
=== RUN   TestC02DelayedNewSliceDoesNotBlockWriteAt
--- PASS: TestC02DelayedNewSliceDoesNotBlockWriteAt (0.00s)
=== RUN   TestC02NonEIONewSliceDoesNotRetryBeforeFlush
--- PASS: TestC02NonEIONewSliceDoesNotRetryBeforeFlush (0.50s)
=== RUN   TestC02TransientEIORecoversOnFreeze
--- PASS: TestC02TransientEIORecoversOnFreeze (0.00s)
=== RUN   TestC02PermanentENOSPCAbortsFrozenSlice
2026/08/17 02:41:35.169162 juicefs[1434632] <INFO>: flush inode: 2 chunk: 0 err: no space left on device [flushData@writer.go:124]
--- PASS: TestC02PermanentENOSPCAbortsFrozenSlice (0.00s)
=== RUN   TestC02FrozenSliceSkipsCatchupFlush
--- PASS: TestC02FrozenSliceSkipsCatchupFlush (0.00s)
=== RUN   TestC02ConcurrentIndependentFullBlocks
--- PASS: TestC02ConcurrentIndependentFullBlocks (0.00s)
=== RUN   TestC02FullBlockDispatchAfterDelayedID
--- PASS: TestC02FullBlockDispatchAfterDelayedID (0.05s)
=== RUN   TestC02MultiBlockDispatchUsesLatestLength
--- PASS: TestC02MultiBlockDispatchUsesLatestLength (0.05s)
=== RUN   TestC02FlushToFailureIsObservable
2026/08/17 02:41:35.279108 juicefs[1434632] <WARNING>: flush inode: 2 chunk: 13 after preparing slice ID: C02 injected FlushTo failure [prepareID@writer.go:99]
--- PASS: TestC02FlushToFailureIsObservable (0.00s)
=== RUN   TestC02PartialThenFullAfterIDDispatchesOnce
--- PASS: TestC02PartialThenFullAfterIDDispatchesOnce (0.05s)
=== RUN   TestC02DelayedNewSliceDoesNotBlockWriteAt
--- PASS: TestC02DelayedNewSliceDoesNotBlockWriteAt (0.00s)
=== RUN   TestC02NonEIONewSliceDoesNotRetryBeforeFlush
--- PASS: TestC02NonEIONewSliceDoesNotRetryBeforeFlush (0.50s)
=== RUN   TestC02TransientEIORecoversOnFreeze
--- PASS: TestC02TransientEIORecoversOnFreeze (0.00s)
=== RUN   TestC02PermanentENOSPCAbortsFrozenSlice
2026/08/17 02:41:35.841440 juicefs[1434632] <INFO>: flush inode: 2 chunk: 0 err: no space left on device [flushData@writer.go:124]
--- PASS: TestC02PermanentENOSPCAbortsFrozenSlice (0.00s)
=== RUN   TestC02FrozenSliceSkipsCatchupFlush
--- PASS: TestC02FrozenSliceSkipsCatchupFlush (0.00s)
=== RUN   TestC02ConcurrentIndependentFullBlocks
--- PASS: TestC02ConcurrentIndependentFullBlocks (0.00s)
=== RUN   TestC02FullBlockDispatchAfterDelayedID
--- PASS: TestC02FullBlockDispatchAfterDelayedID (0.05s)
=== RUN   TestC02MultiBlockDispatchUsesLatestLength
--- PASS: TestC02MultiBlockDispatchUsesLatestLength (0.05s)
=== RUN   TestC02FlushToFailureIsObservable
2026/08/17 02:41:35.952456 juicefs[1434632] <WARNING>: flush inode: 2 chunk: 13 after preparing slice ID: C02 injected FlushTo failure [prepareID@writer.go:99]
--- PASS: TestC02FlushToFailureIsObservable (0.00s)
=== RUN   TestC02PartialThenFullAfterIDDispatchesOnce
--- PASS: TestC02PartialThenFullAfterIDDispatchesOnce (0.05s)
=== RUN   TestC02DelayedNewSliceDoesNotBlockWriteAt
--- PASS: TestC02DelayedNewSliceDoesNotBlockWriteAt (0.00s)
=== RUN   TestC02NonEIONewSliceDoesNotRetryBeforeFlush
--- PASS: TestC02NonEIONewSliceDoesNotRetryBeforeFlush (0.50s)
=== RUN   TestC02TransientEIORecoversOnFreeze
--- PASS: TestC02TransientEIORecoversOnFreeze (0.00s)
=== RUN   TestC02PermanentENOSPCAbortsFrozenSlice
2026/08/17 02:41:36.514086 juicefs[1434632] <INFO>: flush inode: 2 chunk: 0 err: no space left on device [flushData@writer.go:124]
--- PASS: TestC02PermanentENOSPCAbortsFrozenSlice (0.00s)
=== RUN   TestC02FrozenSliceSkipsCatchupFlush
--- PASS: TestC02FrozenSliceSkipsCatchupFlush (0.00s)
=== RUN   TestC02ConcurrentIndependentFullBlocks
--- PASS: TestC02ConcurrentIndependentFullBlocks (0.00s)
=== RUN   TestC02FullBlockDispatchAfterDelayedID
--- PASS: TestC02FullBlockDispatchAfterDelayedID (0.05s)
=== RUN   TestC02MultiBlockDispatchUsesLatestLength
--- PASS: TestC02MultiBlockDispatchUsesLatestLength (0.05s)
=== RUN   TestC02FlushToFailureIsObservable
2026/08/17 02:41:36.624272 juicefs[1434632] <WARNING>: flush inode: 2 chunk: 13 after preparing slice ID: C02 injected FlushTo failure [prepareID@writer.go:99]
--- PASS: TestC02FlushToFailureIsObservable (0.00s)
=== RUN   TestC02PartialThenFullAfterIDDispatchesOnce
--- PASS: TestC02PartialThenFullAfterIDDispatchesOnce (0.05s)
=== RUN   TestC02DelayedNewSliceDoesNotBlockWriteAt
--- PASS: TestC02DelayedNewSliceDoesNotBlockWriteAt (0.00s)
=== RUN   TestC02NonEIONewSliceDoesNotRetryBeforeFlush
--- PASS: TestC02NonEIONewSliceDoesNotRetryBeforeFlush (0.50s)
=== RUN   TestC02TransientEIORecoversOnFreeze
--- PASS: TestC02TransientEIORecoversOnFreeze (0.00s)
=== RUN   TestC02PermanentENOSPCAbortsFrozenSlice
2026/08/17 02:41:37.186319 juicefs[1434632] <INFO>: flush inode: 2 chunk: 0 err: no space left on device [flushData@writer.go:124]
--- PASS: TestC02PermanentENOSPCAbortsFrozenSlice (0.00s)
=== RUN   TestC02FrozenSliceSkipsCatchupFlush
--- PASS: TestC02FrozenSliceSkipsCatchupFlush (0.00s)
=== RUN   TestC02ConcurrentIndependentFullBlocks
--- PASS: TestC02ConcurrentIndependentFullBlocks (0.00s)
=== RUN   TestC02FullBlockDispatchAfterDelayedID
--- PASS: TestC02FullBlockDispatchAfterDelayedID (0.05s)
=== RUN   TestC02MultiBlockDispatchUsesLatestLength
--- PASS: TestC02MultiBlockDispatchUsesLatestLength (0.05s)
=== RUN   TestC02FlushToFailureIsObservable
2026/08/17 02:41:37.297521 juicefs[1434632] <WARNING>: flush inode: 2 chunk: 13 after preparing slice ID: C02 injected FlushTo failure [prepareID@writer.go:99]
--- PASS: TestC02FlushToFailureIsObservable (0.00s)
=== RUN   TestC02PartialThenFullAfterIDDispatchesOnce
--- PASS: TestC02PartialThenFullAfterIDDispatchesOnce (0.05s)
=== RUN   TestC02DelayedNewSliceDoesNotBlockWriteAt
--- PASS: TestC02DelayedNewSliceDoesNotBlockWriteAt (0.00s)
=== RUN   TestC02NonEIONewSliceDoesNotRetryBeforeFlush
--- PASS: TestC02NonEIONewSliceDoesNotRetryBeforeFlush (0.50s)
=== RUN   TestC02TransientEIORecoversOnFreeze
--- PASS: TestC02TransientEIORecoversOnFreeze (0.00s)
=== RUN   TestC02PermanentENOSPCAbortsFrozenSlice
2026/08/17 02:41:37.858668 juicefs[1434632] <INFO>: flush inode: 2 chunk: 0 err: no space left on device [flushData@writer.go:124]
--- PASS: TestC02PermanentENOSPCAbortsFrozenSlice (0.00s)
=== RUN   TestC02FrozenSliceSkipsCatchupFlush
--- PASS: TestC02FrozenSliceSkipsCatchupFlush (0.00s)
=== RUN   TestC02ConcurrentIndependentFullBlocks
--- PASS: TestC02ConcurrentIndependentFullBlocks (0.00s)
=== RUN   TestC02FullBlockDispatchAfterDelayedID
--- PASS: TestC02FullBlockDispatchAfterDelayedID (0.05s)
=== RUN   TestC02MultiBlockDispatchUsesLatestLength
--- PASS: TestC02MultiBlockDispatchUsesLatestLength (0.05s)
=== RUN   TestC02FlushToFailureIsObservable
2026/08/17 02:41:37.967461 juicefs[1434632] <WARNING>: flush inode: 2 chunk: 13 after preparing slice ID: C02 injected FlushTo failure [prepareID@writer.go:99]
--- PASS: TestC02FlushToFailureIsObservable (0.00s)
=== RUN   TestC02PartialThenFullAfterIDDispatchesOnce
--- PASS: TestC02PartialThenFullAfterIDDispatchesOnce (0.05s)
=== RUN   TestC02DelayedNewSliceDoesNotBlockWriteAt
--- PASS: TestC02DelayedNewSliceDoesNotBlockWriteAt (0.00s)
=== RUN   TestC02NonEIONewSliceDoesNotRetryBeforeFlush
--- PASS: TestC02NonEIONewSliceDoesNotRetryBeforeFlush (0.50s)
=== RUN   TestC02TransientEIORecoversOnFreeze
--- PASS: TestC02TransientEIORecoversOnFreeze (0.00s)
=== RUN   TestC02PermanentENOSPCAbortsFrozenSlice
2026/08/17 02:41:38.528855 juicefs[1434632] <INFO>: flush inode: 2 chunk: 0 err: no space left on device [flushData@writer.go:124]
--- PASS: TestC02PermanentENOSPCAbortsFrozenSlice (0.00s)
=== RUN   TestC02FrozenSliceSkipsCatchupFlush
--- PASS: TestC02FrozenSliceSkipsCatchupFlush (0.00s)
=== RUN   TestC02ConcurrentIndependentFullBlocks
--- PASS: TestC02ConcurrentIndependentFullBlocks (0.00s)
=== RUN   TestC02FullBlockDispatchAfterDelayedID
--- PASS: TestC02FullBlockDispatchAfterDelayedID (0.05s)
=== RUN   TestC02MultiBlockDispatchUsesLatestLength
--- PASS: TestC02MultiBlockDispatchUsesLatestLength (0.05s)
=== RUN   TestC02FlushToFailureIsObservable
2026/08/17 02:41:38.641094 juicefs[1434632] <WARNING>: flush inode: 2 chunk: 13 after preparing slice ID: C02 injected FlushTo failure [prepareID@writer.go:99]
--- PASS: TestC02FlushToFailureIsObservable (0.00s)
=== RUN   TestC02PartialThenFullAfterIDDispatchesOnce
--- PASS: TestC02PartialThenFullAfterIDDispatchesOnce (0.05s)
=== RUN   TestC02DelayedNewSliceDoesNotBlockWriteAt
--- PASS: TestC02DelayedNewSliceDoesNotBlockWriteAt (0.00s)
=== RUN   TestC02NonEIONewSliceDoesNotRetryBeforeFlush
--- PASS: TestC02NonEIONewSliceDoesNotRetryBeforeFlush (0.50s)
=== RUN   TestC02TransientEIORecoversOnFreeze
--- PASS: TestC02TransientEIORecoversOnFreeze (0.00s)
=== RUN   TestC02PermanentENOSPCAbortsFrozenSlice
2026/08/17 02:41:39.203009 juicefs[1434632] <INFO>: flush inode: 2 chunk: 0 err: no space left on device [flushData@writer.go:124]
--- PASS: TestC02PermanentENOSPCAbortsFrozenSlice (0.00s)
=== RUN   TestC02FrozenSliceSkipsCatchupFlush
--- PASS: TestC02FrozenSliceSkipsCatchupFlush (0.00s)
=== RUN   TestC02ConcurrentIndependentFullBlocks
--- PASS: TestC02ConcurrentIndependentFullBlocks (0.00s)
=== RUN   TestC02FullBlockDispatchAfterDelayedID
--- PASS: TestC02FullBlockDispatchAfterDelayedID (0.05s)
=== RUN   TestC02MultiBlockDispatchUsesLatestLength
--- PASS: TestC02MultiBlockDispatchUsesLatestLength (0.05s)
=== RUN   TestC02FlushToFailureIsObservable
2026/08/17 02:41:39.312976 juicefs[1434632] <WARNING>: flush inode: 2 chunk: 13 after preparing slice ID: C02 injected FlushTo failure [prepareID@writer.go:99]
--- PASS: TestC02FlushToFailureIsObservable (0.00s)
=== RUN   TestC02PartialThenFullAfterIDDispatchesOnce
--- PASS: TestC02PartialThenFullAfterIDDispatchesOnce (0.05s)
=== RUN   TestC02DelayedNewSliceDoesNotBlockWriteAt
--- PASS: TestC02DelayedNewSliceDoesNotBlockWriteAt (0.00s)
=== RUN   TestC02NonEIONewSliceDoesNotRetryBeforeFlush
--- PASS: TestC02NonEIONewSliceDoesNotRetryBeforeFlush (0.50s)
=== RUN   TestC02TransientEIORecoversOnFreeze
--- PASS: TestC02TransientEIORecoversOnFreeze (0.00s)
=== RUN   TestC02PermanentENOSPCAbortsFrozenSlice
2026/08/17 02:41:39.874492 juicefs[1434632] <INFO>: flush inode: 2 chunk: 0 err: no space left on device [flushData@writer.go:124]
--- PASS: TestC02PermanentENOSPCAbortsFrozenSlice (0.00s)
=== RUN   TestC02FrozenSliceSkipsCatchupFlush
--- PASS: TestC02FrozenSliceSkipsCatchupFlush (0.00s)
=== RUN   TestC02ConcurrentIndependentFullBlocks
--- PASS: TestC02ConcurrentIndependentFullBlocks (0.00s)
=== RUN   TestC02FullBlockDispatchAfterDelayedID
--- PASS: TestC02FullBlockDispatchAfterDelayedID (0.05s)
=== RUN   TestC02MultiBlockDispatchUsesLatestLength
--- PASS: TestC02MultiBlockDispatchUsesLatestLength (0.05s)
=== RUN   TestC02FlushToFailureIsObservable
2026/08/17 02:41:39.984208 juicefs[1434632] <WARNING>: flush inode: 2 chunk: 13 after preparing slice ID: C02 injected FlushTo failure [prepareID@writer.go:99]
--- PASS: TestC02FlushToFailureIsObservable (0.00s)
=== RUN   TestC02PartialThenFullAfterIDDispatchesOnce
--- PASS: TestC02PartialThenFullAfterIDDispatchesOnce (0.05s)
=== RUN   TestC02DelayedNewSliceDoesNotBlockWriteAt
--- PASS: TestC02DelayedNewSliceDoesNotBlockWriteAt (0.00s)
=== RUN   TestC02NonEIONewSliceDoesNotRetryBeforeFlush
--- PASS: TestC02NonEIONewSliceDoesNotRetryBeforeFlush (0.50s)
=== RUN   TestC02TransientEIORecoversOnFreeze
--- PASS: TestC02TransientEIORecoversOnFreeze (0.00s)
=== RUN   TestC02PermanentENOSPCAbortsFrozenSlice
2026/08/17 02:41:40.545275 juicefs[1434632] <INFO>: flush inode: 2 chunk: 0 err: no space left on device [flushData@writer.go:124]
--- PASS: TestC02PermanentENOSPCAbortsFrozenSlice (0.00s)
=== RUN   TestC02FrozenSliceSkipsCatchupFlush
--- PASS: TestC02FrozenSliceSkipsCatchupFlush (0.00s)
=== RUN   TestC02ConcurrentIndependentFullBlocks
--- PASS: TestC02ConcurrentIndependentFullBlocks (0.00s)
=== RUN   TestC02FullBlockDispatchAfterDelayedID
--- PASS: TestC02FullBlockDispatchAfterDelayedID (0.05s)
=== RUN   TestC02MultiBlockDispatchUsesLatestLength
--- PASS: TestC02MultiBlockDispatchUsesLatestLength (0.05s)
=== RUN   TestC02FlushToFailureIsObservable
2026/08/17 02:41:40.656483 juicefs[1434632] <WARNING>: flush inode: 2 chunk: 13 after preparing slice ID: C02 injected FlushTo failure [prepareID@writer.go:99]
--- PASS: TestC02FlushToFailureIsObservable (0.00s)
=== RUN   TestC02PartialThenFullAfterIDDispatchesOnce
--- PASS: TestC02PartialThenFullAfterIDDispatchesOnce (0.05s)
=== RUN   TestC02DelayedNewSliceDoesNotBlockWriteAt
--- PASS: TestC02DelayedNewSliceDoesNotBlockWriteAt (0.00s)
=== RUN   TestC02NonEIONewSliceDoesNotRetryBeforeFlush
--- PASS: TestC02NonEIONewSliceDoesNotRetryBeforeFlush (0.50s)
=== RUN   TestC02TransientEIORecoversOnFreeze
--- PASS: TestC02TransientEIORecoversOnFreeze (0.00s)
=== RUN   TestC02PermanentENOSPCAbortsFrozenSlice
2026/08/17 02:41:41.218074 juicefs[1434632] <INFO>: flush inode: 2 chunk: 0 err: no space left on device [flushData@writer.go:124]
--- PASS: TestC02PermanentENOSPCAbortsFrozenSlice (0.00s)
=== RUN   TestC02FrozenSliceSkipsCatchupFlush
--- PASS: TestC02FrozenSliceSkipsCatchupFlush (0.00s)
=== RUN   TestC02ConcurrentIndependentFullBlocks
--- PASS: TestC02ConcurrentIndependentFullBlocks (0.00s)
=== RUN   TestC02FullBlockDispatchAfterDelayedID
--- PASS: TestC02FullBlockDispatchAfterDelayedID (0.05s)
=== RUN   TestC02MultiBlockDispatchUsesLatestLength
--- PASS: TestC02MultiBlockDispatchUsesLatestLength (0.05s)
=== RUN   TestC02FlushToFailureIsObservable
2026/08/17 02:41:41.328293 juicefs[1434632] <WARNING>: flush inode: 2 chunk: 13 after preparing slice ID: C02 injected FlushTo failure [prepareID@writer.go:99]
--- PASS: TestC02FlushToFailureIsObservable (0.00s)
=== RUN   TestC02PartialThenFullAfterIDDispatchesOnce
--- PASS: TestC02PartialThenFullAfterIDDispatchesOnce (0.05s)
=== RUN   TestC02DelayedNewSliceDoesNotBlockWriteAt
--- PASS: TestC02DelayedNewSliceDoesNotBlockWriteAt (0.00s)
=== RUN   TestC02NonEIONewSliceDoesNotRetryBeforeFlush
--- PASS: TestC02NonEIONewSliceDoesNotRetryBeforeFlush (0.50s)
=== RUN   TestC02TransientEIORecoversOnFreeze
--- PASS: TestC02TransientEIORecoversOnFreeze (0.00s)
=== RUN   TestC02PermanentENOSPCAbortsFrozenSlice
2026/08/17 02:41:41.889750 juicefs[1434632] <INFO>: flush inode: 2 chunk: 0 err: no space left on device [flushData@writer.go:124]
--- PASS: TestC02PermanentENOSPCAbortsFrozenSlice (0.00s)
=== RUN   TestC02FrozenSliceSkipsCatchupFlush
--- PASS: TestC02FrozenSliceSkipsCatchupFlush (0.00s)
=== RUN   TestC02ConcurrentIndependentFullBlocks
--- PASS: TestC02ConcurrentIndependentFullBlocks (0.00s)
=== RUN   TestC02FullBlockDispatchAfterDelayedID
--- PASS: TestC02FullBlockDispatchAfterDelayedID (0.05s)
=== RUN   TestC02MultiBlockDispatchUsesLatestLength
--- PASS: TestC02MultiBlockDispatchUsesLatestLength (0.05s)
=== RUN   TestC02FlushToFailureIsObservable
2026/08/17 02:41:41.999234 juicefs[1434632] <WARNING>: flush inode: 2 chunk: 13 after preparing slice ID: C02 injected FlushTo failure [prepareID@writer.go:99]
--- PASS: TestC02FlushToFailureIsObservable (0.00s)
=== RUN   TestC02PartialThenFullAfterIDDispatchesOnce
--- PASS: TestC02PartialThenFullAfterIDDispatchesOnce (0.05s)
=== RUN   TestC02DelayedNewSliceDoesNotBlockWriteAt
--- PASS: TestC02DelayedNewSliceDoesNotBlockWriteAt (0.00s)
=== RUN   TestC02NonEIONewSliceDoesNotRetryBeforeFlush
--- PASS: TestC02NonEIONewSliceDoesNotRetryBeforeFlush (0.50s)
=== RUN   TestC02TransientEIORecoversOnFreeze
--- PASS: TestC02TransientEIORecoversOnFreeze (0.00s)
=== RUN   TestC02PermanentENOSPCAbortsFrozenSlice
2026/08/17 02:41:42.560857 juicefs[1434632] <INFO>: flush inode: 2 chunk: 0 err: no space left on device [flushData@writer.go:124]
--- PASS: TestC02PermanentENOSPCAbortsFrozenSlice (0.00s)
=== RUN   TestC02FrozenSliceSkipsCatchupFlush
--- PASS: TestC02FrozenSliceSkipsCatchupFlush (0.00s)
=== RUN   TestC02ConcurrentIndependentFullBlocks
--- PASS: TestC02ConcurrentIndependentFullBlocks (0.00s)
=== RUN   TestC02FullBlockDispatchAfterDelayedID
--- PASS: TestC02FullBlockDispatchAfterDelayedID (0.05s)
=== RUN   TestC02MultiBlockDispatchUsesLatestLength
--- PASS: TestC02MultiBlockDispatchUsesLatestLength (0.05s)
=== RUN   TestC02FlushToFailureIsObservable
2026/08/17 02:41:42.670252 juicefs[1434632] <WARNING>: flush inode: 2 chunk: 13 after preparing slice ID: C02 injected FlushTo failure [prepareID@writer.go:99]
--- PASS: TestC02FlushToFailureIsObservable (0.00s)
=== RUN   TestC02PartialThenFullAfterIDDispatchesOnce
--- PASS: TestC02PartialThenFullAfterIDDispatchesOnce (0.05s)
=== RUN   TestC02DelayedNewSliceDoesNotBlockWriteAt
--- PASS: TestC02DelayedNewSliceDoesNotBlockWriteAt (0.00s)
=== RUN   TestC02NonEIONewSliceDoesNotRetryBeforeFlush
--- PASS: TestC02NonEIONewSliceDoesNotRetryBeforeFlush (0.50s)
=== RUN   TestC02TransientEIORecoversOnFreeze
--- PASS: TestC02TransientEIORecoversOnFreeze (0.00s)
=== RUN   TestC02PermanentENOSPCAbortsFrozenSlice
2026/08/17 02:41:43.231437 juicefs[1434632] <INFO>: flush inode: 2 chunk: 0 err: no space left on device [flushData@writer.go:124]
--- PASS: TestC02PermanentENOSPCAbortsFrozenSlice (0.00s)
=== RUN   TestC02FrozenSliceSkipsCatchupFlush
--- PASS: TestC02FrozenSliceSkipsCatchupFlush (0.00s)
=== RUN   TestC02ConcurrentIndependentFullBlocks
--- PASS: TestC02ConcurrentIndependentFullBlocks (0.00s)
=== RUN   TestC02FullBlockDispatchAfterDelayedID
--- PASS: TestC02FullBlockDispatchAfterDelayedID (0.05s)
=== RUN   TestC02MultiBlockDispatchUsesLatestLength
--- PASS: TestC02MultiBlockDispatchUsesLatestLength (0.05s)
=== RUN   TestC02FlushToFailureIsObservable
2026/08/17 02:41:43.339938 juicefs[1434632] <WARNING>: flush inode: 2 chunk: 13 after preparing slice ID: C02 injected FlushTo failure [prepareID@writer.go:99]
--- PASS: TestC02FlushToFailureIsObservable (0.00s)
=== RUN   TestC02PartialThenFullAfterIDDispatchesOnce
--- PASS: TestC02PartialThenFullAfterIDDispatchesOnce (0.05s)
=== RUN   TestC02DelayedNewSliceDoesNotBlockWriteAt
--- PASS: TestC02DelayedNewSliceDoesNotBlockWriteAt (0.00s)
=== RUN   TestC02NonEIONewSliceDoesNotRetryBeforeFlush
--- PASS: TestC02NonEIONewSliceDoesNotRetryBeforeFlush (0.50s)
=== RUN   TestC02TransientEIORecoversOnFreeze
--- PASS: TestC02TransientEIORecoversOnFreeze (0.00s)
=== RUN   TestC02PermanentENOSPCAbortsFrozenSlice
2026/08/17 02:41:43.902547 juicefs[1434632] <INFO>: flush inode: 2 chunk: 0 err: no space left on device [flushData@writer.go:124]
--- PASS: TestC02PermanentENOSPCAbortsFrozenSlice (0.00s)
=== RUN   TestC02FrozenSliceSkipsCatchupFlush
--- PASS: TestC02FrozenSliceSkipsCatchupFlush (0.00s)
=== RUN   TestC02ConcurrentIndependentFullBlocks
--- PASS: TestC02ConcurrentIndependentFullBlocks (0.00s)
=== RUN   TestC02FullBlockDispatchAfterDelayedID
--- PASS: TestC02FullBlockDispatchAfterDelayedID (0.05s)
=== RUN   TestC02MultiBlockDispatchUsesLatestLength
--- PASS: TestC02MultiBlockDispatchUsesLatestLength (0.05s)
=== RUN   TestC02FlushToFailureIsObservable
2026/08/17 02:41:44.012945 juicefs[1434632] <WARNING>: flush inode: 2 chunk: 13 after preparing slice ID: C02 injected FlushTo failure [prepareID@writer.go:99]
--- PASS: TestC02FlushToFailureIsObservable (0.00s)
=== RUN   TestC02PartialThenFullAfterIDDispatchesOnce
--- PASS: TestC02PartialThenFullAfterIDDispatchesOnce (0.05s)
=== RUN   TestC02DelayedNewSliceDoesNotBlockWriteAt
--- PASS: TestC02DelayedNewSliceDoesNotBlockWriteAt (0.00s)
=== RUN   TestC02NonEIONewSliceDoesNotRetryBeforeFlush
--- PASS: TestC02NonEIONewSliceDoesNotRetryBeforeFlush (0.50s)
=== RUN   TestC02TransientEIORecoversOnFreeze
--- PASS: TestC02TransientEIORecoversOnFreeze (0.00s)
=== RUN   TestC02PermanentENOSPCAbortsFrozenSlice
2026/08/17 02:41:44.575444 juicefs[1434632] <INFO>: flush inode: 2 chunk: 0 err: no space left on device [flushData@writer.go:124]
--- PASS: TestC02PermanentENOSPCAbortsFrozenSlice (0.00s)
=== RUN   TestC02FrozenSliceSkipsCatchupFlush
--- PASS: TestC02FrozenSliceSkipsCatchupFlush (0.00s)
=== RUN   TestC02ConcurrentIndependentFullBlocks
--- PASS: TestC02ConcurrentIndependentFullBlocks (0.00s)
=== RUN   TestC02FullBlockDispatchAfterDelayedID
--- PASS: TestC02FullBlockDispatchAfterDelayedID (0.05s)
=== RUN   TestC02MultiBlockDispatchUsesLatestLength
--- PASS: TestC02MultiBlockDispatchUsesLatestLength (0.05s)
=== RUN   TestC02FlushToFailureIsObservable
2026/08/17 02:41:44.686057 juicefs[1434632] <WARNING>: flush inode: 2 chunk: 13 after preparing slice ID: C02 injected FlushTo failure [prepareID@writer.go:99]
--- PASS: TestC02FlushToFailureIsObservable (0.00s)
=== RUN   TestC02PartialThenFullAfterIDDispatchesOnce
--- PASS: TestC02PartialThenFullAfterIDDispatchesOnce (0.05s)
=== RUN   TestC02DelayedNewSliceDoesNotBlockWriteAt
--- PASS: TestC02DelayedNewSliceDoesNotBlockWriteAt (0.00s)
=== RUN   TestC02NonEIONewSliceDoesNotRetryBeforeFlush
--- PASS: TestC02NonEIONewSliceDoesNotRetryBeforeFlush (0.50s)
=== RUN   TestC02TransientEIORecoversOnFreeze
--- PASS: TestC02TransientEIORecoversOnFreeze (0.00s)
=== RUN   TestC02PermanentENOSPCAbortsFrozenSlice
2026/08/17 02:41:45.247540 juicefs[1434632] <INFO>: flush inode: 2 chunk: 0 err: no space left on device [flushData@writer.go:124]
--- PASS: TestC02PermanentENOSPCAbortsFrozenSlice (0.00s)
=== RUN   TestC02FrozenSliceSkipsCatchupFlush
--- PASS: TestC02FrozenSliceSkipsCatchupFlush (0.00s)
=== RUN   TestC02ConcurrentIndependentFullBlocks
--- PASS: TestC02ConcurrentIndependentFullBlocks (0.00s)
=== RUN   TestC02FullBlockDispatchAfterDelayedID
--- PASS: TestC02FullBlockDispatchAfterDelayedID (0.05s)
=== RUN   TestC02MultiBlockDispatchUsesLatestLength
--- PASS: TestC02MultiBlockDispatchUsesLatestLength (0.05s)
=== RUN   TestC02FlushToFailureIsObservable
2026/08/17 02:41:45.359003 juicefs[1434632] <WARNING>: flush inode: 2 chunk: 13 after preparing slice ID: C02 injected FlushTo failure [prepareID@writer.go:99]
--- PASS: TestC02FlushToFailureIsObservable (0.00s)
=== RUN   TestC02PartialThenFullAfterIDDispatchesOnce
--- PASS: TestC02PartialThenFullAfterIDDispatchesOnce (0.05s)
=== RUN   TestC02DelayedNewSliceDoesNotBlockWriteAt
--- PASS: TestC02DelayedNewSliceDoesNotBlockWriteAt (0.00s)
=== RUN   TestC02NonEIONewSliceDoesNotRetryBeforeFlush
--- PASS: TestC02NonEIONewSliceDoesNotRetryBeforeFlush (0.50s)
=== RUN   TestC02TransientEIORecoversOnFreeze
--- PASS: TestC02TransientEIORecoversOnFreeze (0.00s)
=== RUN   TestC02PermanentENOSPCAbortsFrozenSlice
2026/08/17 02:41:45.920515 juicefs[1434632] <INFO>: flush inode: 2 chunk: 0 err: no space left on device [flushData@writer.go:124]
--- PASS: TestC02PermanentENOSPCAbortsFrozenSlice (0.00s)
=== RUN   TestC02FrozenSliceSkipsCatchupFlush
--- PASS: TestC02FrozenSliceSkipsCatchupFlush (0.00s)
=== RUN   TestC02ConcurrentIndependentFullBlocks
--- PASS: TestC02ConcurrentIndependentFullBlocks (0.00s)
=== RUN   TestC02FullBlockDispatchAfterDelayedID
--- PASS: TestC02FullBlockDispatchAfterDelayedID (0.05s)
=== RUN   TestC02MultiBlockDispatchUsesLatestLength
--- PASS: TestC02MultiBlockDispatchUsesLatestLength (0.05s)
=== RUN   TestC02FlushToFailureIsObservable
2026/08/17 02:41:46.029857 juicefs[1434632] <WARNING>: flush inode: 2 chunk: 13 after preparing slice ID: C02 injected FlushTo failure [prepareID@writer.go:99]
--- PASS: TestC02FlushToFailureIsObservable (0.00s)
=== RUN   TestC02PartialThenFullAfterIDDispatchesOnce
--- PASS: TestC02PartialThenFullAfterIDDispatchesOnce (0.05s)
=== RUN   TestC02DelayedNewSliceDoesNotBlockWriteAt
--- PASS: TestC02DelayedNewSliceDoesNotBlockWriteAt (0.00s)
=== RUN   TestC02NonEIONewSliceDoesNotRetryBeforeFlush
--- PASS: TestC02NonEIONewSliceDoesNotRetryBeforeFlush (0.50s)
=== RUN   TestC02TransientEIORecoversOnFreeze
--- PASS: TestC02TransientEIORecoversOnFreeze (0.00s)
=== RUN   TestC02PermanentENOSPCAbortsFrozenSlice
2026/08/17 02:41:46.590986 juicefs[1434632] <INFO>: flush inode: 2 chunk: 0 err: no space left on device [flushData@writer.go:124]
--- PASS: TestC02PermanentENOSPCAbortsFrozenSlice (0.00s)
=== RUN   TestC02FrozenSliceSkipsCatchupFlush
--- PASS: TestC02FrozenSliceSkipsCatchupFlush (0.00s)
=== RUN   TestC02ConcurrentIndependentFullBlocks
--- PASS: TestC02ConcurrentIndependentFullBlocks (0.00s)
=== RUN   TestC02FullBlockDispatchAfterDelayedID
--- PASS: TestC02FullBlockDispatchAfterDelayedID (0.05s)
=== RUN   TestC02MultiBlockDispatchUsesLatestLength
--- PASS: TestC02MultiBlockDispatchUsesLatestLength (0.05s)
=== RUN   TestC02FlushToFailureIsObservable
2026/08/17 02:41:46.702053 juicefs[1434632] <WARNING>: flush inode: 2 chunk: 13 after preparing slice ID: C02 injected FlushTo failure [prepareID@writer.go:99]
--- PASS: TestC02FlushToFailureIsObservable (0.00s)
=== RUN   TestC02PartialThenFullAfterIDDispatchesOnce
--- PASS: TestC02PartialThenFullAfterIDDispatchesOnce (0.05s)
=== RUN   TestC02DelayedNewSliceDoesNotBlockWriteAt
--- PASS: TestC02DelayedNewSliceDoesNotBlockWriteAt (0.00s)
=== RUN   TestC02NonEIONewSliceDoesNotRetryBeforeFlush
--- PASS: TestC02NonEIONewSliceDoesNotRetryBeforeFlush (0.50s)
=== RUN   TestC02TransientEIORecoversOnFreeze
--- PASS: TestC02TransientEIORecoversOnFreeze (0.00s)
=== RUN   TestC02PermanentENOSPCAbortsFrozenSlice
2026/08/17 02:41:47.263962 juicefs[1434632] <INFO>: flush inode: 2 chunk: 0 err: no space left on device [flushData@writer.go:124]
--- PASS: TestC02PermanentENOSPCAbortsFrozenSlice (0.00s)
=== RUN   TestC02FrozenSliceSkipsCatchupFlush
--- PASS: TestC02FrozenSliceSkipsCatchupFlush (0.00s)
=== RUN   TestC02ConcurrentIndependentFullBlocks
--- PASS: TestC02ConcurrentIndependentFullBlocks (0.00s)
=== RUN   TestC02FullBlockDispatchAfterDelayedID
--- PASS: TestC02FullBlockDispatchAfterDelayedID (0.05s)
=== RUN   TestC02MultiBlockDispatchUsesLatestLength
--- PASS: TestC02MultiBlockDispatchUsesLatestLength (0.05s)
=== RUN   TestC02FlushToFailureIsObservable
2026/08/17 02:41:47.374884 juicefs[1434632] <WARNING>: flush inode: 2 chunk: 13 after preparing slice ID: C02 injected FlushTo failure [prepareID@writer.go:99]
--- PASS: TestC02FlushToFailureIsObservable (0.00s)
=== RUN   TestC02PartialThenFullAfterIDDispatchesOnce
--- PASS: TestC02PartialThenFullAfterIDDispatchesOnce (0.05s)
=== RUN   TestC02DelayedNewSliceDoesNotBlockWriteAt
--- PASS: TestC02DelayedNewSliceDoesNotBlockWriteAt (0.00s)
=== RUN   TestC02NonEIONewSliceDoesNotRetryBeforeFlush
--- PASS: TestC02NonEIONewSliceDoesNotRetryBeforeFlush (0.50s)
=== RUN   TestC02TransientEIORecoversOnFreeze
--- PASS: TestC02TransientEIORecoversOnFreeze (0.00s)
=== RUN   TestC02PermanentENOSPCAbortsFrozenSlice
2026/08/17 02:41:47.936723 juicefs[1434632] <INFO>: flush inode: 2 chunk: 0 err: no space left on device [flushData@writer.go:124]
--- PASS: TestC02PermanentENOSPCAbortsFrozenSlice (0.00s)
=== RUN   TestC02FrozenSliceSkipsCatchupFlush
--- PASS: TestC02FrozenSliceSkipsCatchupFlush (0.00s)
=== RUN   TestC02ConcurrentIndependentFullBlocks
--- PASS: TestC02ConcurrentIndependentFullBlocks (0.00s)
=== RUN   TestC02FullBlockDispatchAfterDelayedID
--- PASS: TestC02FullBlockDispatchAfterDelayedID (0.05s)
=== RUN   TestC02MultiBlockDispatchUsesLatestLength
--- PASS: TestC02MultiBlockDispatchUsesLatestLength (0.05s)
=== RUN   TestC02FlushToFailureIsObservable
2026/08/17 02:41:48.045780 juicefs[1434632] <WARNING>: flush inode: 2 chunk: 13 after preparing slice ID: C02 injected FlushTo failure [prepareID@writer.go:99]
--- PASS: TestC02FlushToFailureIsObservable (0.00s)
=== RUN   TestC02PartialThenFullAfterIDDispatchesOnce
--- PASS: TestC02PartialThenFullAfterIDDispatchesOnce (0.05s)
=== RUN   TestC02DelayedNewSliceDoesNotBlockWriteAt
--- PASS: TestC02DelayedNewSliceDoesNotBlockWriteAt (0.00s)
=== RUN   TestC02NonEIONewSliceDoesNotRetryBeforeFlush
--- PASS: TestC02NonEIONewSliceDoesNotRetryBeforeFlush (0.50s)
=== RUN   TestC02TransientEIORecoversOnFreeze
--- PASS: TestC02TransientEIORecoversOnFreeze (0.00s)
=== RUN   TestC02PermanentENOSPCAbortsFrozenSlice
2026/08/17 02:41:48.607524 juicefs[1434632] <INFO>: flush inode: 2 chunk: 0 err: no space left on device [flushData@writer.go:124]
--- PASS: TestC02PermanentENOSPCAbortsFrozenSlice (0.00s)
=== RUN   TestC02FrozenSliceSkipsCatchupFlush
--- PASS: TestC02FrozenSliceSkipsCatchupFlush (0.00s)
=== RUN   TestC02ConcurrentIndependentFullBlocks
--- PASS: TestC02ConcurrentIndependentFullBlocks (0.00s)
=== RUN   TestC02FullBlockDispatchAfterDelayedID
--- PASS: TestC02FullBlockDispatchAfterDelayedID (0.05s)
=== RUN   TestC02MultiBlockDispatchUsesLatestLength
--- PASS: TestC02MultiBlockDispatchUsesLatestLength (0.05s)
=== RUN   TestC02FlushToFailureIsObservable
2026/08/17 02:41:48.717423 juicefs[1434632] <WARNING>: flush inode: 2 chunk: 13 after preparing slice ID: C02 injected FlushTo failure [prepareID@writer.go:99]
--- PASS: TestC02FlushToFailureIsObservable (0.00s)
=== RUN   TestC02PartialThenFullAfterIDDispatchesOnce
--- PASS: TestC02PartialThenFullAfterIDDispatchesOnce (0.05s)
=== RUN   TestC02DelayedNewSliceDoesNotBlockWriteAt
--- PASS: TestC02DelayedNewSliceDoesNotBlockWriteAt (0.00s)
=== RUN   TestC02NonEIONewSliceDoesNotRetryBeforeFlush
--- PASS: TestC02NonEIONewSliceDoesNotRetryBeforeFlush (0.50s)
=== RUN   TestC02TransientEIORecoversOnFreeze
--- PASS: TestC02TransientEIORecoversOnFreeze (0.00s)
=== RUN   TestC02PermanentENOSPCAbortsFrozenSlice
2026/08/17 02:41:49.278571 juicefs[1434632] <INFO>: flush inode: 2 chunk: 0 err: no space left on device [flushData@writer.go:124]
--- PASS: TestC02PermanentENOSPCAbortsFrozenSlice (0.00s)
=== RUN   TestC02FrozenSliceSkipsCatchupFlush
--- PASS: TestC02FrozenSliceSkipsCatchupFlush (0.00s)
=== RUN   TestC02ConcurrentIndependentFullBlocks
--- PASS: TestC02ConcurrentIndependentFullBlocks (0.00s)
=== RUN   TestC02FullBlockDispatchAfterDelayedID
--- PASS: TestC02FullBlockDispatchAfterDelayedID (0.05s)
=== RUN   TestC02MultiBlockDispatchUsesLatestLength
--- PASS: TestC02MultiBlockDispatchUsesLatestLength (0.05s)
=== RUN   TestC02FlushToFailureIsObservable
2026/08/17 02:41:49.387980 juicefs[1434632] <WARNING>: flush inode: 2 chunk: 13 after preparing slice ID: C02 injected FlushTo failure [prepareID@writer.go:99]
--- PASS: TestC02FlushToFailureIsObservable (0.00s)
=== RUN   TestC02PartialThenFullAfterIDDispatchesOnce
--- PASS: TestC02PartialThenFullAfterIDDispatchesOnce (0.05s)
=== RUN   TestC02DelayedNewSliceDoesNotBlockWriteAt
--- PASS: TestC02DelayedNewSliceDoesNotBlockWriteAt (0.00s)
=== RUN   TestC02NonEIONewSliceDoesNotRetryBeforeFlush
--- PASS: TestC02NonEIONewSliceDoesNotRetryBeforeFlush (0.50s)
=== RUN   TestC02TransientEIORecoversOnFreeze
--- PASS: TestC02TransientEIORecoversOnFreeze (0.00s)
=== RUN   TestC02PermanentENOSPCAbortsFrozenSlice
2026/08/17 02:41:49.949153 juicefs[1434632] <INFO>: flush inode: 2 chunk: 0 err: no space left on device [flushData@writer.go:124]
--- PASS: TestC02PermanentENOSPCAbortsFrozenSlice (0.00s)
=== RUN   TestC02FrozenSliceSkipsCatchupFlush
--- PASS: TestC02FrozenSliceSkipsCatchupFlush (0.00s)
=== RUN   TestC02ConcurrentIndependentFullBlocks
--- PASS: TestC02ConcurrentIndependentFullBlocks (0.00s)
PASS
ok  	github.com/juicedata/juicefs/pkg/vfs	67.220s
