+C02 run-c02.sh:111: printf '%s\n' C02_ANCHOR:INIT
+C02 run-c02.sh:114: cat
+C02 run-c02.sh:126: cd /home/lilingfeng/tmp/juicefs-c02-input-20260817-011948
+C02 run-c02.sh:126: sha256sum -c input.sha256
+C02 run-c02.sh:131: printf '%s\n' C02_ANCHOR:CLONE
+C02 run-c02.sh:132: for ARM in S-stock A-sync B-async-catchup
+C02 run-c02.sh:133: git clone --no-hardlinks --no-checkout /home/lilingfeng/project/juicefs /home/lilingfeng/tmp/juicefs-c02-20260817-015425/src/S-stock
+C02 run-c02.sh:134: git -C /home/lilingfeng/tmp/juicefs-c02-20260817-015425/src/S-stock cat-file -e 'edabf9c24601510476e7453abff177f4aaca07ac^{commit}'
+C02 run-c02.sh:135: git -C /home/lilingfeng/tmp/juicefs-c02-20260817-015425/src/S-stock checkout --detach edabf9c24601510476e7453abff177f4aaca07ac
++C02 run-c02.sh:136: git -C /home/lilingfeng/tmp/juicefs-c02-20260817-015425/src/S-stock rev-parse HEAD
+C02 run-c02.sh:136: HEAD_NOW=edabf9c24601510476e7453abff177f4aaca07ac
+C02 run-c02.sh:137: printf '%s\t%s\n' S-stock edabf9c24601510476e7453abff177f4aaca07ac
+C02 run-c02.sh:138: git -C /home/lilingfeng/tmp/juicefs-c02-20260817-015425/src/S-stock status --porcelain
+C02 run-c02.sh:132: for ARM in S-stock A-sync B-async-catchup
+C02 run-c02.sh:133: git clone --no-hardlinks --no-checkout /home/lilingfeng/project/juicefs /home/lilingfeng/tmp/juicefs-c02-20260817-015425/src/A-sync
+C02 run-c02.sh:134: git -C /home/lilingfeng/tmp/juicefs-c02-20260817-015425/src/A-sync cat-file -e 'edabf9c24601510476e7453abff177f4aaca07ac^{commit}'
+C02 run-c02.sh:135: git -C /home/lilingfeng/tmp/juicefs-c02-20260817-015425/src/A-sync checkout --detach edabf9c24601510476e7453abff177f4aaca07ac
++C02 run-c02.sh:136: git -C /home/lilingfeng/tmp/juicefs-c02-20260817-015425/src/A-sync rev-parse HEAD
+C02 run-c02.sh:136: HEAD_NOW=edabf9c24601510476e7453abff177f4aaca07ac
+C02 run-c02.sh:137: printf '%s\t%s\n' A-sync edabf9c24601510476e7453abff177f4aaca07ac
+C02 run-c02.sh:138: git -C /home/lilingfeng/tmp/juicefs-c02-20260817-015425/src/A-sync status --porcelain
+C02 run-c02.sh:132: for ARM in S-stock A-sync B-async-catchup
+C02 run-c02.sh:133: git clone --no-hardlinks --no-checkout /home/lilingfeng/project/juicefs /home/lilingfeng/tmp/juicefs-c02-20260817-015425/src/B-async-catchup
+C02 run-c02.sh:134: git -C /home/lilingfeng/tmp/juicefs-c02-20260817-015425/src/B-async-catchup cat-file -e 'edabf9c24601510476e7453abff177f4aaca07ac^{commit}'
+C02 run-c02.sh:135: git -C /home/lilingfeng/tmp/juicefs-c02-20260817-015425/src/B-async-catchup checkout --detach edabf9c24601510476e7453abff177f4aaca07ac
++C02 run-c02.sh:136: git -C /home/lilingfeng/tmp/juicefs-c02-20260817-015425/src/B-async-catchup rev-parse HEAD
+C02 run-c02.sh:136: HEAD_NOW=edabf9c24601510476e7453abff177f4aaca07ac
+C02 run-c02.sh:137: printf '%s\t%s\n' B-async-catchup edabf9c24601510476e7453abff177f4aaca07ac
+C02 run-c02.sh:138: git -C /home/lilingfeng/tmp/juicefs-c02-20260817-015425/src/B-async-catchup status --porcelain
+C02 run-c02.sh:140: awk -v want=edabf9c24601510476e7453abff177f4aaca07ac '$2 != want {bad=1} END{exit bad}' /home/lilingfeng/tmp/juicefs-c02-20260817-015425/meta/arm-heads-before.tsv
+C02 run-c02.sh:141: for ARM in S-stock A-sync B-async-catchup
+C02 run-c02.sh:142: test '!' -s /home/lilingfeng/tmp/juicefs-c02-20260817-015425/meta/S-stock-status-before.txt
+C02 run-c02.sh:141: for ARM in S-stock A-sync B-async-catchup
+C02 run-c02.sh:142: test '!' -s /home/lilingfeng/tmp/juicefs-c02-20260817-015425/meta/A-sync-status-before.txt
+C02 run-c02.sh:141: for ARM in S-stock A-sync B-async-catchup
+C02 run-c02.sh:142: test '!' -s /home/lilingfeng/tmp/juicefs-c02-20260817-015425/meta/B-async-catchup-status-before.txt
+C02 run-c02.sh:146: export GOPROXY=https://goproxy.cn,direct
+C02 run-c02.sh:146: GOPROXY=https://goproxy.cn,direct
+C02 run-c02.sh:147: export GOMODCACHE=/home/lilingfeng/tmp/juicefs-c02-20260817-015425/cache/go-mod
+C02 run-c02.sh:147: GOMODCACHE=/home/lilingfeng/tmp/juicefs-c02-20260817-015425/cache/go-mod
+C02 run-c02.sh:148: export GOTMPDIR=/home/lilingfeng/tmp/juicefs-c02-20260817-015425/cache/go-tmp
+C02 run-c02.sh:148: GOTMPDIR=/home/lilingfeng/tmp/juicefs-c02-20260817-015425/cache/go-tmp
+C02 run-c02.sh:149: export TMPDIR=/home/lilingfeng/tmp/juicefs-c02-20260817-015425/cache/os-tmp
+C02 run-c02.sh:149: TMPDIR=/home/lilingfeng/tmp/juicefs-c02-20260817-015425/cache/os-tmp
+C02 run-c02.sh:150: export GOFLAGS=-mod=readonly
+C02 run-c02.sh:150: GOFLAGS=-mod=readonly
+C02 run-c02.sh:153: env GOTOOLCHAIN=go1.25.7 GOCACHE=/home/lilingfeng/tmp/juicefs-c02-20260817-015425/cache/go-build-125 go version
+C02 run-c02.sh:154: printf '%s\n' 0
+C02 run-c02.sh:155: env GOTOOLCHAIN=go1.25.7 GOCACHE=/home/lilingfeng/tmp/juicefs-c02-20260817-015425/cache/go-build-125 go env GOOS GOARCH GOVERSION GOTOOLCHAIN GOPROXY GOMODCACHE GOCACHE GOTMPDIR CGO_ENABLED CC
++C02 run-c02.sh:156: cat /home/lilingfeng/tmp/juicefs-c02-20260817-015425/rc/toolchain-go125.rc
+C02 run-c02.sh:156: test 0 -eq 0
+C02 run-c02.sh:157: grep -q '^go version go1\.25\.7 linux/amd64$' /home/lilingfeng/tmp/juicefs-c02-20260817-015425/meta/go125-version.txt
+C02 run-c02.sh:160: env GOTOOLCHAIN=local GOCACHE=/home/lilingfeng/tmp/juicefs-c02-20260817-015425/cache/go-build-126 go version
+C02 run-c02.sh:161: printf '%s\n' 0
+C02 run-c02.sh:162: env GOTOOLCHAIN=local GOCACHE=/home/lilingfeng/tmp/juicefs-c02-20260817-015425/cache/go-build-126 go env GOOS GOARCH GOVERSION GOTOOLCHAIN GOPROXY GOMODCACHE GOCACHE GOTMPDIR CGO_ENABLED CC
++C02 run-c02.sh:163: cat /home/lilingfeng/tmp/juicefs-c02-20260817-015425/rc/toolchain-go126.rc
+C02 run-c02.sh:163: test 0 -eq 0
+C02 run-c02.sh:164: grep -q '^go version go1\.26\.0 linux/amd64$' /home/lilingfeng/tmp/juicefs-c02-20260817-015425/meta/go126-version.txt
+C02 run-c02.sh:167: cd /home/lilingfeng/tmp/juicefs-c02-20260817-015425/src/S-stock
+C02 run-c02.sh:168: for attempt in 1 2 3
+C02 run-c02.sh:169: env GOTOOLCHAIN=go1.25.7 GOCACHE=/home/lilingfeng/tmp/juicefs-c02-20260817-015425/cache/go-build-125 go mod download
+C02 run-c02.sh:169: break
+C02 run-c02.sh:173: printf '%s\n' 0
++C02 run-c02.sh:174: cat /home/lilingfeng/tmp/juicefs-c02-20260817-015425/rc/go125-go-mod-download.rc
+C02 run-c02.sh:174: test 0 -eq 0
+C02 run-c02.sh:176: env GOTOOLCHAIN=local GOCACHE=/home/lilingfeng/tmp/juicefs-c02-20260817-015425/cache/go-build-126 go mod download
+C02 run-c02.sh:177: printf '%s\n' 0
++C02 run-c02.sh:178: cat /home/lilingfeng/tmp/juicefs-c02-20260817-015425/rc/go126-go-mod-download.rc
+C02 run-c02.sh:178: test 0 -eq 0
+C02 run-c02.sh:180: for ARM in S-stock A-sync B-async-catchup
+C02 run-c02.sh:181: git -C /home/lilingfeng/tmp/juicefs-c02-20260817-015425/src/S-stock status --porcelain
+C02 run-c02.sh:182: test '!' -s /home/lilingfeng/tmp/juicefs-c02-20260817-015425/meta/S-stock-status-after-download.txt
+C02 run-c02.sh:180: for ARM in S-stock A-sync B-async-catchup
+C02 run-c02.sh:181: git -C /home/lilingfeng/tmp/juicefs-c02-20260817-015425/src/A-sync status --porcelain
+C02 run-c02.sh:182: test '!' -s /home/lilingfeng/tmp/juicefs-c02-20260817-015425/meta/A-sync-status-after-download.txt
+C02 run-c02.sh:180: for ARM in S-stock A-sync B-async-catchup
+C02 run-c02.sh:181: git -C /home/lilingfeng/tmp/juicefs-c02-20260817-015425/src/B-async-catchup status --porcelain
+C02 run-c02.sh:182: test '!' -s /home/lilingfeng/tmp/juicefs-c02-20260817-015425/meta/B-async-catchup-status-after-download.txt
+C02 run-c02.sh:186: for TOOL in go125 go126
+C02 run-c02.sh:187: '[' go125 = go125 ']'
+C02 run-c02.sh:187: TC=go1.25.7
+C02 run-c02.sh:187: BC=/home/lilingfeng/tmp/juicefs-c02-20260817-015425/cache/go-build-125
+C02 run-c02.sh:188: cd /home/lilingfeng/tmp/juicefs-c02-20260817-015425/src/S-stock
+C02 run-c02.sh:188: env GOTOOLCHAIN=go1.25.7 GOCACHE=/home/lilingfeng/tmp/juicefs-c02-20260817-015425/cache/go-build-125 go test ./pkg/vfs -run '^$' -count=1 -timeout=5m
+C02 run-c02.sh:189: printf '%s\n' 0
+C02 run-c02.sh:190: cd /home/lilingfeng/tmp/juicefs-c02-20260817-015425/src/S-stock
+C02 run-c02.sh:190: env GOTOOLCHAIN=go1.25.7 GOCACHE=/home/lilingfeng/tmp/juicefs-c02-20260817-015425/cache/go-build-125 go test ./pkg/vfs -run '^(TestSmode|TestEntryString|TestError|TestVFSIO)$' -count=1 -v -timeout=10m
+C02 run-c02.sh:191: printf '%s\n' 0
++C02 run-c02.sh:192: cat /home/lilingfeng/tmp/juicefs-c02-20260817-015425/rc/go125-S-stock-baseline-compile.rc
+C02 run-c02.sh:192: test 0 -eq 0
++C02 run-c02.sh:193: cat /home/lilingfeng/tmp/juicefs-c02-20260817-015425/rc/go125-S-stock-baseline-memory.rc
+C02 run-c02.sh:193: test 0 -eq 0
+C02 run-c02.sh:194: for TN in TestSmode TestEntryString TestError TestVFSIO
++C02 run-c02.sh:195: grep -c -- '--- PASS: TestSmode' /home/lilingfeng/tmp/juicefs-c02-20260817-015425/logs/go125-S-stock-baseline-memory.log
+C02 run-c02.sh:195: test 1 -eq 1
+C02 run-c02.sh:194: for TN in TestSmode TestEntryString TestError TestVFSIO
++C02 run-c02.sh:195: grep -c -- '--- PASS: TestEntryString' /home/lilingfeng/tmp/juicefs-c02-20260817-015425/logs/go125-S-stock-baseline-memory.log
+C02 run-c02.sh:195: test 1 -eq 1
+C02 run-c02.sh:194: for TN in TestSmode TestEntryString TestError TestVFSIO
++C02 run-c02.sh:195: grep -c -- '--- PASS: TestError' /home/lilingfeng/tmp/juicefs-c02-20260817-015425/logs/go125-S-stock-baseline-memory.log
+C02 run-c02.sh:195: test 1 -eq 1
+C02 run-c02.sh:194: for TN in TestSmode TestEntryString TestError TestVFSIO
++C02 run-c02.sh:195: grep -c -- '--- PASS: TestVFSIO' /home/lilingfeng/tmp/juicefs-c02-20260817-015425/logs/go125-S-stock-baseline-memory.log
+C02 run-c02.sh:195: test 1 -eq 1
+C02 run-c02.sh:186: for TOOL in go125 go126
+C02 run-c02.sh:187: '[' go126 = go125 ']'
+C02 run-c02.sh:187: TC=local
+C02 run-c02.sh:187: BC=/home/lilingfeng/tmp/juicefs-c02-20260817-015425/cache/go-build-126
+C02 run-c02.sh:188: cd /home/lilingfeng/tmp/juicefs-c02-20260817-015425/src/S-stock
+C02 run-c02.sh:188: env GOTOOLCHAIN=local GOCACHE=/home/lilingfeng/tmp/juicefs-c02-20260817-015425/cache/go-build-126 go test ./pkg/vfs -run '^$' -count=1 -timeout=5m
+C02 run-c02.sh:189: printf '%s\n' 0
+C02 run-c02.sh:190: cd /home/lilingfeng/tmp/juicefs-c02-20260817-015425/src/S-stock
+C02 run-c02.sh:190: env GOTOOLCHAIN=local GOCACHE=/home/lilingfeng/tmp/juicefs-c02-20260817-015425/cache/go-build-126 go test ./pkg/vfs -run '^(TestSmode|TestEntryString|TestError|TestVFSIO)$' -count=1 -v -timeout=10m
+C02 run-c02.sh:191: printf '%s\n' 0
++C02 run-c02.sh:192: cat /home/lilingfeng/tmp/juicefs-c02-20260817-015425/rc/go126-S-stock-baseline-compile.rc
+C02 run-c02.sh:192: test 0 -eq 0
++C02 run-c02.sh:193: cat /home/lilingfeng/tmp/juicefs-c02-20260817-015425/rc/go126-S-stock-baseline-memory.rc
+C02 run-c02.sh:193: test 0 -eq 0
+C02 run-c02.sh:194: for TN in TestSmode TestEntryString TestError TestVFSIO
++C02 run-c02.sh:195: grep -c -- '--- PASS: TestSmode' /home/lilingfeng/tmp/juicefs-c02-20260817-015425/logs/go126-S-stock-baseline-memory.log
+C02 run-c02.sh:195: test 1 -eq 1
+C02 run-c02.sh:194: for TN in TestSmode TestEntryString TestError TestVFSIO
++C02 run-c02.sh:195: grep -c -- '--- PASS: TestEntryString' /home/lilingfeng/tmp/juicefs-c02-20260817-015425/logs/go126-S-stock-baseline-memory.log
+C02 run-c02.sh:195: test 1 -eq 1
+C02 run-c02.sh:194: for TN in TestSmode TestEntryString TestError TestVFSIO
++C02 run-c02.sh:195: grep -c -- '--- PASS: TestError' /home/lilingfeng/tmp/juicefs-c02-20260817-015425/logs/go126-S-stock-baseline-memory.log
+C02 run-c02.sh:195: test 1 -eq 1
+C02 run-c02.sh:194: for TN in TestSmode TestEntryString TestError TestVFSIO
++C02 run-c02.sh:195: grep -c -- '--- PASS: TestVFSIO' /home/lilingfeng/tmp/juicefs-c02-20260817-015425/logs/go126-S-stock-baseline-memory.log
+C02 run-c02.sh:195: test 1 -eq 1
+C02 run-c02.sh:200: printf '%s\n' C02_ANCHOR:ASSET
+C02 run-c02.sh:201: for ARM in S-stock A-sync B-async-catchup
+C02 run-c02.sh:202: cp /home/lilingfeng/tmp/juicefs-c02-20260817-015425/assets/writer_flush_c02_test.go /home/lilingfeng/tmp/juicefs-c02-20260817-015425/src/S-stock/pkg/vfs/writer_flush_c02_test.go
+C02 run-c02.sh:203: cmp /home/lilingfeng/tmp/juicefs-c02-20260817-015425/assets/writer_flush_c02_test.go /home/lilingfeng/tmp/juicefs-c02-20260817-015425/src/S-stock/pkg/vfs/writer_flush_c02_test.go
+C02 run-c02.sh:204: git -C /home/lilingfeng/tmp/juicefs-c02-20260817-015425/src/S-stock add -N pkg/vfs/writer_flush_c02_test.go
+C02 run-c02.sh:201: for ARM in S-stock A-sync B-async-catchup
+C02 run-c02.sh:202: cp /home/lilingfeng/tmp/juicefs-c02-20260817-015425/assets/writer_flush_c02_test.go /home/lilingfeng/tmp/juicefs-c02-20260817-015425/src/A-sync/pkg/vfs/writer_flush_c02_test.go
+C02 run-c02.sh:203: cmp /home/lilingfeng/tmp/juicefs-c02-20260817-015425/assets/writer_flush_c02_test.go /home/lilingfeng/tmp/juicefs-c02-20260817-015425/src/A-sync/pkg/vfs/writer_flush_c02_test.go
+C02 run-c02.sh:204: git -C /home/lilingfeng/tmp/juicefs-c02-20260817-015425/src/A-sync add -N pkg/vfs/writer_flush_c02_test.go
+C02 run-c02.sh:201: for ARM in S-stock A-sync B-async-catchup
+C02 run-c02.sh:202: cp /home/lilingfeng/tmp/juicefs-c02-20260817-015425/assets/writer_flush_c02_test.go /home/lilingfeng/tmp/juicefs-c02-20260817-015425/src/B-async-catchup/pkg/vfs/writer_flush_c02_test.go
+C02 run-c02.sh:203: cmp /home/lilingfeng/tmp/juicefs-c02-20260817-015425/assets/writer_flush_c02_test.go /home/lilingfeng/tmp/juicefs-c02-20260817-015425/src/B-async-catchup/pkg/vfs/writer_flush_c02_test.go
+C02 run-c02.sh:204: git -C /home/lilingfeng/tmp/juicefs-c02-20260817-015425/src/B-async-catchup add -N pkg/vfs/writer_flush_c02_test.go
+C02 run-c02.sh:207: printf '%s\n' C02_ANCHOR:APPLY_A
+C02 run-c02.sh:208: sha256sum /home/lilingfeng/tmp/juicefs-c02-20260817-015425/assets/juicefs-flush-race-fix-main.patch
+C02 run-c02.sh:209: git -C /home/lilingfeng/tmp/juicefs-c02-20260817-015425/src/A-sync apply --check /home/lilingfeng/tmp/juicefs-c02-20260817-015425/assets/juicefs-flush-race-fix-main.patch
+C02 run-c02.sh:210: git -C /home/lilingfeng/tmp/juicefs-c02-20260817-015425/src/A-sync apply /home/lilingfeng/tmp/juicefs-c02-20260817-015425/assets/juicefs-flush-race-fix-main.patch
+C02 run-c02.sh:211: env GOTOOLCHAIN=local GOCACHE=/home/lilingfeng/tmp/juicefs-c02-20260817-015425/cache/go-build-126 gofmt -w /home/lilingfeng/tmp/juicefs-c02-20260817-015425/src/A-sync/pkg/vfs/writer.go /home/lilingfeng/tmp/juicefs-c02-20260817-015425/src/A-sync/pkg/vfs/writer_flush_c02_test.go
+C02 run-c02.sh:213: printf '%s\n' C02_ANCHOR:APPLY_B
+C02 run-c02.sh:214: sha256sum /home/lilingfeng/tmp/juicefs-c02-20260817-015425/assets/async-catchup-main.patch
+C02 run-c02.sh:215: git -C /home/lilingfeng/tmp/juicefs-c02-20260817-015425/src/B-async-catchup apply --check /home/lilingfeng/tmp/juicefs-c02-20260817-015425/assets/async-catchup-main.patch
+C02 run-c02.sh:216: git -C /home/lilingfeng/tmp/juicefs-c02-20260817-015425/src/B-async-catchup apply /home/lilingfeng/tmp/juicefs-c02-20260817-015425/assets/async-catchup-main.patch
+C02 run-c02.sh:217: env GOTOOLCHAIN=local GOCACHE=/home/lilingfeng/tmp/juicefs-c02-20260817-015425/cache/go-build-126 gofmt -w /home/lilingfeng/tmp/juicefs-c02-20260817-015425/src/B-async-catchup/pkg/vfs/writer.go /home/lilingfeng/tmp/juicefs-c02-20260817-015425/src/B-async-catchup/pkg/vfs/writer_flush_c02_test.go
+C02 run-c02.sh:220: for ARM in S-stock A-sync B-async-catchup
+C02 run-c02.sh:221: cmp /home/lilingfeng/tmp/juicefs-c02-20260817-015425/assets/writer_flush_c02_test.go /home/lilingfeng/tmp/juicefs-c02-20260817-015425/src/S-stock/pkg/vfs/writer_flush_c02_test.go
+C02 run-c02.sh:220: for ARM in S-stock A-sync B-async-catchup
+C02 run-c02.sh:221: cmp /home/lilingfeng/tmp/juicefs-c02-20260817-015425/assets/writer_flush_c02_test.go /home/lilingfeng/tmp/juicefs-c02-20260817-015425/src/A-sync/pkg/vfs/writer_flush_c02_test.go
+C02 run-c02.sh:220: for ARM in S-stock A-sync B-async-catchup
+C02 run-c02.sh:221: cmp /home/lilingfeng/tmp/juicefs-c02-20260817-015425/assets/writer_flush_c02_test.go /home/lilingfeng/tmp/juicefs-c02-20260817-015425/src/B-async-catchup/pkg/vfs/writer_flush_c02_test.go
+C02 run-c02.sh:225: printf 'test_id\ttest_name\tarm\texpected_rc_class\texpected_marker\n'
+C02 run-c02.sh:226: for ID in R1 R2 R3 C1 C2 C3 F1 F2 F3
+C02 run-c02.sh:227: for ARM in S-stock A-sync B-async-catchup
+C02 run-c02.sh:228: KEY=R1_S-stock
+C02 run-c02.sh:229: '[' -n FAIL ']'
+C02 run-c02.sh:230: printf '%s\t%s\t%s\t%s\t%s\n' R1 TestC02FullBlockDispatchAfterDelayedID S-stock FAIL C02_MISSED_DISPATCH
+C02 run-c02.sh:227: for ARM in S-stock A-sync B-async-catchup
+C02 run-c02.sh:228: KEY=R1_A-sync
+C02 run-c02.sh:229: '[' -n PASS ']'
+C02 run-c02.sh:230: printf '%s\t%s\t%s\t%s\t%s\n' R1 TestC02FullBlockDispatchAfterDelayedID A-sync PASS ''
+C02 run-c02.sh:227: for ARM in S-stock A-sync B-async-catchup
+C02 run-c02.sh:228: KEY=R1_B-async-catchup
+C02 run-c02.sh:229: '[' -n PASS ']'
+C02 run-c02.sh:230: printf '%s\t%s\t%s\t%s\t%s\n' R1 TestC02FullBlockDispatchAfterDelayedID B-async-catchup PASS ''
+C02 run-c02.sh:226: for ID in R1 R2 R3 C1 C2 C3 F1 F2 F3
+C02 run-c02.sh:227: for ARM in S-stock A-sync B-async-catchup
+C02 run-c02.sh:228: KEY=R2_S-stock
+C02 run-c02.sh:229: '[' -n FAIL ']'
+C02 run-c02.sh:230: printf '%s\t%s\t%s\t%s\t%s\n' R2 TestC02MultiBlockDispatchUsesLatestLength S-stock FAIL C02_MISSED_MULTI_DISPATCH
+C02 run-c02.sh:227: for ARM in S-stock A-sync B-async-catchup
+C02 run-c02.sh:228: KEY=R2_A-sync
+C02 run-c02.sh:229: '[' -n PASS ']'
+C02 run-c02.sh:230: printf '%s\t%s\t%s\t%s\t%s\n' R2 TestC02MultiBlockDispatchUsesLatestLength A-sync PASS ''
+C02 run-c02.sh:227: for ARM in S-stock A-sync B-async-catchup
+C02 run-c02.sh:228: KEY=R2_B-async-catchup
+C02 run-c02.sh:229: '[' -n PASS ']'
+C02 run-c02.sh:230: printf '%s\t%s\t%s\t%s\t%s\n' R2 TestC02MultiBlockDispatchUsesLatestLength B-async-catchup PASS ''
+C02 run-c02.sh:226: for ID in R1 R2 R3 C1 C2 C3 F1 F2 F3
+C02 run-c02.sh:227: for ARM in S-stock A-sync B-async-catchup
+C02 run-c02.sh:228: KEY=R3_S-stock
+C02 run-c02.sh:229: '[' -n FAIL ']'
+C02 run-c02.sh:230: printf '%s\t%s\t%s\t%s\t%s\n' R3 TestC02FlushToFailureIsObservable S-stock FAIL C02_SWALLOWED_FLUSH_ERROR
+C02 run-c02.sh:227: for ARM in S-stock A-sync B-async-catchup
+C02 run-c02.sh:228: KEY=R3_A-sync
+C02 run-c02.sh:229: '[' -n PASS ']'
+C02 run-c02.sh:230: printf '%s\t%s\t%s\t%s\t%s\n' R3 TestC02FlushToFailureIsObservable A-sync PASS ''
+C02 run-c02.sh:227: for ARM in S-stock A-sync B-async-catchup
+C02 run-c02.sh:228: KEY=R3_B-async-catchup
+C02 run-c02.sh:229: '[' -n PASS ']'
+C02 run-c02.sh:230: printf '%s\t%s\t%s\t%s\t%s\n' R3 TestC02FlushToFailureIsObservable B-async-catchup PASS ''
+C02 run-c02.sh:226: for ID in R1 R2 R3 C1 C2 C3 F1 F2 F3
+C02 run-c02.sh:227: for ARM in S-stock A-sync B-async-catchup
+C02 run-c02.sh:228: KEY=C1_S-stock
+C02 run-c02.sh:229: '[' -n PASS ']'
+C02 run-c02.sh:230: printf '%s\t%s\t%s\t%s\t%s\n' C1 TestC02PartialThenFullAfterIDDispatchesOnce S-stock PASS ''
+C02 run-c02.sh:227: for ARM in S-stock A-sync B-async-catchup
+C02 run-c02.sh:228: KEY=C1_A-sync
+C02 run-c02.sh:229: '[' -n PASS ']'
+C02 run-c02.sh:230: printf '%s\t%s\t%s\t%s\t%s\n' C1 TestC02PartialThenFullAfterIDDispatchesOnce A-sync PASS ''
+C02 run-c02.sh:227: for ARM in S-stock A-sync B-async-catchup
+C02 run-c02.sh:228: KEY=C1_B-async-catchup
+C02 run-c02.sh:229: '[' -n PASS ']'
+C02 run-c02.sh:230: printf '%s\t%s\t%s\t%s\t%s\n' C1 TestC02PartialThenFullAfterIDDispatchesOnce B-async-catchup PASS ''
+C02 run-c02.sh:226: for ID in R1 R2 R3 C1 C2 C3 F1 F2 F3
+C02 run-c02.sh:227: for ARM in S-stock A-sync B-async-catchup
+C02 run-c02.sh:228: KEY=C2_S-stock
+C02 run-c02.sh:229: '[' -n PASS ']'
+C02 run-c02.sh:230: printf '%s\t%s\t%s\t%s\t%s\n' C2 TestC02DelayedNewSliceDoesNotBlockWriteAt S-stock PASS ''
+C02 run-c02.sh:227: for ARM in S-stock A-sync B-async-catchup
+C02 run-c02.sh:228: KEY=C2_A-sync
+C02 run-c02.sh:229: '[' -n FAIL ']'
+C02 run-c02.sh:230: printf '%s\t%s\t%s\t%s\t%s\n' C2 TestC02DelayedNewSliceDoesNotBlockWriteAt A-sync FAIL C02_BLOCKING_REGRESSION
+C02 run-c02.sh:227: for ARM in S-stock A-sync B-async-catchup
+C02 run-c02.sh:228: KEY=C2_B-async-catchup
+C02 run-c02.sh:229: '[' -n PASS ']'
+C02 run-c02.sh:230: printf '%s\t%s\t%s\t%s\t%s\n' C2 TestC02DelayedNewSliceDoesNotBlockWriteAt B-async-catchup PASS ''
+C02 run-c02.sh:226: for ID in R1 R2 R3 C1 C2 C3 F1 F2 F3
+C02 run-c02.sh:227: for ARM in S-stock A-sync B-async-catchup
+C02 run-c02.sh:228: KEY=C3_S-stock
+C02 run-c02.sh:229: '[' -n PASS ']'
+C02 run-c02.sh:230: printf '%s\t%s\t%s\t%s\t%s\n' C3 TestC02NonEIONewSliceDoesNotRetryBeforeFlush S-stock PASS ''
+C02 run-c02.sh:227: for ARM in S-stock A-sync B-async-catchup
+C02 run-c02.sh:228: KEY=C3_A-sync
+C02 run-c02.sh:229: '[' -n FAIL ']'
+C02 run-c02.sh:230: printf '%s\t%s\t%s\t%s\t%s\n' C3 TestC02NonEIONewSliceDoesNotRetryBeforeFlush A-sync FAIL C02_EXTRA_NEWSLICE_ATTEMPT
+C02 run-c02.sh:227: for ARM in S-stock A-sync B-async-catchup
+C02 run-c02.sh:228: KEY=C3_B-async-catchup
+C02 run-c02.sh:229: '[' -n PASS ']'
+C02 run-c02.sh:230: printf '%s\t%s\t%s\t%s\t%s\n' C3 TestC02NonEIONewSliceDoesNotRetryBeforeFlush B-async-catchup PASS ''
+C02 run-c02.sh:226: for ID in R1 R2 R3 C1 C2 C3 F1 F2 F3
+C02 run-c02.sh:227: for ARM in S-stock A-sync B-async-catchup
+C02 run-c02.sh:228: KEY=F1_S-stock
+C02 run-c02.sh:229: '[' -n PASS ']'
+C02 run-c02.sh:230: printf '%s\t%s\t%s\t%s\t%s\n' F1 TestC02TransientEIORecoversOnFreeze S-stock PASS ''
+C02 run-c02.sh:227: for ARM in S-stock A-sync B-async-catchup
+C02 run-c02.sh:228: KEY=F1_A-sync
+C02 run-c02.sh:229: '[' -n PASS ']'
+C02 run-c02.sh:230: printf '%s\t%s\t%s\t%s\t%s\n' F1 TestC02TransientEIORecoversOnFreeze A-sync PASS ''
+C02 run-c02.sh:227: for ARM in S-stock A-sync B-async-catchup
+C02 run-c02.sh:228: KEY=F1_B-async-catchup
+C02 run-c02.sh:229: '[' -n PASS ']'
+C02 run-c02.sh:230: printf '%s\t%s\t%s\t%s\t%s\n' F1 TestC02TransientEIORecoversOnFreeze B-async-catchup PASS ''
+C02 run-c02.sh:226: for ID in R1 R2 R3 C1 C2 C3 F1 F2 F3
+C02 run-c02.sh:227: for ARM in S-stock A-sync B-async-catchup
+C02 run-c02.sh:228: KEY=F2_S-stock
+C02 run-c02.sh:229: '[' -n PASS ']'
+C02 run-c02.sh:230: printf '%s\t%s\t%s\t%s\t%s\n' F2 TestC02PermanentENOSPCAbortsFrozenSlice S-stock PASS ''
+C02 run-c02.sh:227: for ARM in S-stock A-sync B-async-catchup
+C02 run-c02.sh:228: KEY=F2_A-sync
+C02 run-c02.sh:229: '[' -n PASS ']'
+C02 run-c02.sh:230: printf '%s\t%s\t%s\t%s\t%s\n' F2 TestC02PermanentENOSPCAbortsFrozenSlice A-sync PASS ''
+C02 run-c02.sh:227: for ARM in S-stock A-sync B-async-catchup
+C02 run-c02.sh:228: KEY=F2_B-async-catchup
+C02 run-c02.sh:229: '[' -n PASS ']'
+C02 run-c02.sh:230: printf '%s\t%s\t%s\t%s\t%s\n' F2 TestC02PermanentENOSPCAbortsFrozenSlice B-async-catchup PASS ''
+C02 run-c02.sh:226: for ID in R1 R2 R3 C1 C2 C3 F1 F2 F3
+C02 run-c02.sh:227: for ARM in S-stock A-sync B-async-catchup
+C02 run-c02.sh:228: KEY=F3_S-stock
+C02 run-c02.sh:229: '[' -n PASS ']'
+C02 run-c02.sh:230: printf '%s\t%s\t%s\t%s\t%s\n' F3 TestC02FrozenSliceSkipsCatchupFlush S-stock PASS ''
+C02 run-c02.sh:227: for ARM in S-stock A-sync B-async-catchup
+C02 run-c02.sh:228: KEY=F3_A-sync
+C02 run-c02.sh:229: '[' -n PASS ']'
+C02 run-c02.sh:230: printf '%s\t%s\t%s\t%s\t%s\n' F3 TestC02FrozenSliceSkipsCatchupFlush A-sync PASS ''
+C02 run-c02.sh:227: for ARM in S-stock A-sync B-async-catchup
+C02 run-c02.sh:228: KEY=F3_B-async-catchup
+C02 run-c02.sh:229: '[' -n PASS ']'
+C02 run-c02.sh:230: printf '%s\t%s\t%s\t%s\t%s\n' F3 TestC02FrozenSliceSkipsCatchupFlush B-async-catchup PASS ''
+C02 run-c02.sh:235: for ARM in A-sync B-async-catchup
+C02 run-c02.sh:236: KEY=K1_A-sync
+C02 run-c02.sh:237: printf 'K1\t%s\t%s\t%s\t%s\n' TestC02ConcurrentIndependentFullBlocks A-sync PASS ''
+C02 run-c02.sh:235: for ARM in A-sync B-async-catchup
+C02 run-c02.sh:236: KEY=K1_B-async-catchup
+C02 run-c02.sh:237: printf 'K1\t%s\t%s\t%s\t%s\n' TestC02ConcurrentIndependentFullBlocks B-async-catchup PASS ''
+C02 run-c02.sh:241: printf 'toolchain\tarm\ttest_id\ttest_name\tactual_rc\texpected_rc_class\tmarker_count\tpass_count\tfail_count\tforbidden_count\tlog\texpectation_matched\n'
+C02 run-c02.sh:287: for TOOL in go125 go126
+C02 run-c02.sh:288: '[' go125 = go125 ']'
+C02 run-c02.sh:288: TC=go1.25.7
+C02 run-c02.sh:288: BC=/home/lilingfeng/tmp/juicefs-c02-20260817-015425/cache/go-build-125
+C02 run-c02.sh:289: printf '%s\n' C02_ANCHOR:TEST_go125
+C02 run-c02.sh:292: for id in "${S_TESTS[@]}"
+C02 run-c02.sh:293: run_single_test go125 go1.25.7 /home/lilingfeng/tmp/juicefs-c02-20260817-015425/cache/go-build-125 S-stock C1
+C02 run-c02.sh:245: local tool=go125 tc=go1.25.7 bc=/home/lilingfeng/tmp/juicefs-c02-20260817-015425/cache/go-build-125 arm=S-stock id=C1
+C02 run-c02.sh:246: local test_name=TestC02PartialThenFullAfterIDDispatchesOnce
+C02 run-c02.sh:247: local key=C1_S-stock
+C02 run-c02.sh:248: local expected_class=PASS
+C02 run-c02.sh:249: local expected_marker=
+C02 run-c02.sh:250: local log_rel=logs/go125-S-stock-C1.log
+C02 run-c02.sh:251: local log_abs=/home/lilingfeng/tmp/juicefs-c02-20260817-015425/logs/go125-S-stock-C1.log
+C02 run-c02.sh:253: cd /home/lilingfeng/tmp/juicefs-c02-20260817-015425/src/S-stock
+C02 run-c02.sh:253: env GOTOOLCHAIN=go1.25.7 GOCACHE=/home/lilingfeng/tmp/juicefs-c02-20260817-015425/cache/go-build-125 GOFLAGS=-mod=readonly GOPROXY=https://goproxy.cn,direct GOMODCACHE=/home/lilingfeng/tmp/juicefs-c02-20260817-015425/cache/go-mod GOTMPDIR=/home/lilingfeng/tmp/juicefs-c02-20260817-015425/cache/go-tmp TMPDIR=/home/lilingfeng/tmp/juicefs-c02-20260817-015425/cache/os-tmp go test ./pkg/vfs -run '^TestC02PartialThenFullAfterIDDispatchesOnce$' -count=1 -v -timeout=2m
+C02 run-c02.sh:256: local rc=0
+C02 run-c02.sh:257: local marker_count=0 pass_count=0 fail_count=0 forbidden_count=0 matched=NO
+C02 run-c02.sh:259: '[' -n '' ']'
++C02 run-c02.sh:262: grep -c -- '--- PASS: TestC02PartialThenFullAfterIDDispatchesOnce' /home/lilingfeng/tmp/juicefs-c02-20260817-015425/logs/go125-S-stock-C1.log
+C02 run-c02.sh:262: pass_count=1
++C02 run-c02.sh:263: grep -c -- '--- FAIL: TestC02PartialThenFullAfterIDDispatchesOnce' /home/lilingfeng/tmp/juicefs-c02-20260817-015425/logs/go125-S-stock-C1.log
++C02 run-c02.sh:263: true
+C02 run-c02.sh:263: fail_count=0
+C02 run-c02.sh:264: grep -Eq '\[build failed\]|panic:|fatal error:|test timed out|DATA RACE' /home/lilingfeng/tmp/juicefs-c02-20260817-015425/logs/go125-S-stock-C1.log
+C02 run-c02.sh:268: '[' PASS = PASS ']'
+C02 run-c02.sh:269: '[' 0 -eq 0 ']'
+C02 run-c02.sh:269: '[' 1 -eq 1 ']'
+C02 run-c02.sh:269: '[' 0 -eq 0 ']'
+C02 run-c02.sh:269: '[' 0 -eq 0 ']'
+C02 run-c02.sh:270: matched=YES
+C02 run-c02.sh:278: printf '%s\n' 0
+C02 run-c02.sh:279: printf '%s\t%s\t%s\t%s\t%s\t%s\t%s\t%s\t%s\t%s\t%s\t%s\n' go125 S-stock C1 TestC02PartialThenFullAfterIDDispatchesOnce 0 PASS 0 1 0 0 logs/go125-S-stock-C1.log YES
+C02 run-c02.sh:283: echo '  go125 S-stock C1: rc=0 matched=YES (expected=PASS)'
+C02 run-c02.sh:292: for id in "${S_TESTS[@]}"
+C02 run-c02.sh:293: run_single_test go125 go1.25.7 /home/lilingfeng/tmp/juicefs-c02-20260817-015425/cache/go-build-125 S-stock C2
+C02 run-c02.sh:245: local tool=go125 tc=go1.25.7 bc=/home/lilingfeng/tmp/juicefs-c02-20260817-015425/cache/go-build-125 arm=S-stock id=C2
+C02 run-c02.sh:246: local test_name=TestC02DelayedNewSliceDoesNotBlockWriteAt
+C02 run-c02.sh:247: local key=C2_S-stock
+C02 run-c02.sh:248: local expected_class=PASS
+C02 run-c02.sh:249: local expected_marker=
+C02 run-c02.sh:250: local log_rel=logs/go125-S-stock-C2.log
+C02 run-c02.sh:251: local log_abs=/home/lilingfeng/tmp/juicefs-c02-20260817-015425/logs/go125-S-stock-C2.log
+C02 run-c02.sh:253: cd /home/lilingfeng/tmp/juicefs-c02-20260817-015425/src/S-stock
+C02 run-c02.sh:253: env GOTOOLCHAIN=go1.25.7 GOCACHE=/home/lilingfeng/tmp/juicefs-c02-20260817-015425/cache/go-build-125 GOFLAGS=-mod=readonly GOPROXY=https://goproxy.cn,direct GOMODCACHE=/home/lilingfeng/tmp/juicefs-c02-20260817-015425/cache/go-mod GOTMPDIR=/home/lilingfeng/tmp/juicefs-c02-20260817-015425/cache/go-tmp TMPDIR=/home/lilingfeng/tmp/juicefs-c02-20260817-015425/cache/os-tmp go test ./pkg/vfs -run '^TestC02DelayedNewSliceDoesNotBlockWriteAt$' -count=1 -v -timeout=2m
+C02 run-c02.sh:256: local rc=0
+C02 run-c02.sh:257: local marker_count=0 pass_count=0 fail_count=0 forbidden_count=0 matched=NO
+C02 run-c02.sh:259: '[' -n '' ']'
++C02 run-c02.sh:262: grep -c -- '--- PASS: TestC02DelayedNewSliceDoesNotBlockWriteAt' /home/lilingfeng/tmp/juicefs-c02-20260817-015425/logs/go125-S-stock-C2.log
+C02 run-c02.sh:262: pass_count=1
++C02 run-c02.sh:263: grep -c -- '--- FAIL: TestC02DelayedNewSliceDoesNotBlockWriteAt' /home/lilingfeng/tmp/juicefs-c02-20260817-015425/logs/go125-S-stock-C2.log
++C02 run-c02.sh:263: true
+C02 run-c02.sh:263: fail_count=0
+C02 run-c02.sh:264: grep -Eq '\[build failed\]|panic:|fatal error:|test timed out|DATA RACE' /home/lilingfeng/tmp/juicefs-c02-20260817-015425/logs/go125-S-stock-C2.log
+C02 run-c02.sh:268: '[' PASS = PASS ']'
+C02 run-c02.sh:269: '[' 0 -eq 0 ']'
+C02 run-c02.sh:269: '[' 1 -eq 1 ']'
+C02 run-c02.sh:269: '[' 0 -eq 0 ']'
+C02 run-c02.sh:269: '[' 0 -eq 0 ']'
+C02 run-c02.sh:270: matched=YES
+C02 run-c02.sh:278: printf '%s\n' 0
+C02 run-c02.sh:279: printf '%s\t%s\t%s\t%s\t%s\t%s\t%s\t%s\t%s\t%s\t%s\t%s\n' go125 S-stock C2 TestC02DelayedNewSliceDoesNotBlockWriteAt 0 PASS 0 1 0 0 logs/go125-S-stock-C2.log YES
+C02 run-c02.sh:283: echo '  go125 S-stock C2: rc=0 matched=YES (expected=PASS)'
+C02 run-c02.sh:292: for id in "${S_TESTS[@]}"
+C02 run-c02.sh:293: run_single_test go125 go1.25.7 /home/lilingfeng/tmp/juicefs-c02-20260817-015425/cache/go-build-125 S-stock C3
+C02 run-c02.sh:245: local tool=go125 tc=go1.25.7 bc=/home/lilingfeng/tmp/juicefs-c02-20260817-015425/cache/go-build-125 arm=S-stock id=C3
+C02 run-c02.sh:246: local test_name=TestC02NonEIONewSliceDoesNotRetryBeforeFlush
+C02 run-c02.sh:247: local key=C3_S-stock
+C02 run-c02.sh:248: local expected_class=PASS
+C02 run-c02.sh:249: local expected_marker=
+C02 run-c02.sh:250: local log_rel=logs/go125-S-stock-C3.log
+C02 run-c02.sh:251: local log_abs=/home/lilingfeng/tmp/juicefs-c02-20260817-015425/logs/go125-S-stock-C3.log
+C02 run-c02.sh:253: cd /home/lilingfeng/tmp/juicefs-c02-20260817-015425/src/S-stock
+C02 run-c02.sh:253: env GOTOOLCHAIN=go1.25.7 GOCACHE=/home/lilingfeng/tmp/juicefs-c02-20260817-015425/cache/go-build-125 GOFLAGS=-mod=readonly GOPROXY=https://goproxy.cn,direct GOMODCACHE=/home/lilingfeng/tmp/juicefs-c02-20260817-015425/cache/go-mod GOTMPDIR=/home/lilingfeng/tmp/juicefs-c02-20260817-015425/cache/go-tmp TMPDIR=/home/lilingfeng/tmp/juicefs-c02-20260817-015425/cache/os-tmp go test ./pkg/vfs -run '^TestC02NonEIONewSliceDoesNotRetryBeforeFlush$' -count=1 -v -timeout=2m
+C02 run-c02.sh:256: local rc=0
+C02 run-c02.sh:257: local marker_count=0 pass_count=0 fail_count=0 forbidden_count=0 matched=NO
+C02 run-c02.sh:259: '[' -n '' ']'
++C02 run-c02.sh:262: grep -c -- '--- PASS: TestC02NonEIONewSliceDoesNotRetryBeforeFlush' /home/lilingfeng/tmp/juicefs-c02-20260817-015425/logs/go125-S-stock-C3.log
+C02 run-c02.sh:262: pass_count=1
++C02 run-c02.sh:263: grep -c -- '--- FAIL: TestC02NonEIONewSliceDoesNotRetryBeforeFlush' /home/lilingfeng/tmp/juicefs-c02-20260817-015425/logs/go125-S-stock-C3.log
++C02 run-c02.sh:263: true
+C02 run-c02.sh:263: fail_count=0
+C02 run-c02.sh:264: grep -Eq '\[build failed\]|panic:|fatal error:|test timed out|DATA RACE' /home/lilingfeng/tmp/juicefs-c02-20260817-015425/logs/go125-S-stock-C3.log
+C02 run-c02.sh:268: '[' PASS = PASS ']'
+C02 run-c02.sh:269: '[' 0 -eq 0 ']'
+C02 run-c02.sh:269: '[' 1 -eq 1 ']'
+C02 run-c02.sh:269: '[' 0 -eq 0 ']'
+C02 run-c02.sh:269: '[' 0 -eq 0 ']'
+C02 run-c02.sh:270: matched=YES
+C02 run-c02.sh:278: printf '%s\n' 0
+C02 run-c02.sh:279: printf '%s\t%s\t%s\t%s\t%s\t%s\t%s\t%s\t%s\t%s\t%s\t%s\n' go125 S-stock C3 TestC02NonEIONewSliceDoesNotRetryBeforeFlush 0 PASS 0 1 0 0 logs/go125-S-stock-C3.log YES
+C02 run-c02.sh:283: echo '  go125 S-stock C3: rc=0 matched=YES (expected=PASS)'
+C02 run-c02.sh:292: for id in "${S_TESTS[@]}"
+C02 run-c02.sh:293: run_single_test go125 go1.25.7 /home/lilingfeng/tmp/juicefs-c02-20260817-015425/cache/go-build-125 S-stock F1
+C02 run-c02.sh:245: local tool=go125 tc=go1.25.7 bc=/home/lilingfeng/tmp/juicefs-c02-20260817-015425/cache/go-build-125 arm=S-stock id=F1
+C02 run-c02.sh:246: local test_name=TestC02TransientEIORecoversOnFreeze
+C02 run-c02.sh:247: local key=F1_S-stock
+C02 run-c02.sh:248: local expected_class=PASS
+C02 run-c02.sh:249: local expected_marker=
+C02 run-c02.sh:250: local log_rel=logs/go125-S-stock-F1.log
+C02 run-c02.sh:251: local log_abs=/home/lilingfeng/tmp/juicefs-c02-20260817-015425/logs/go125-S-stock-F1.log
+C02 run-c02.sh:253: cd /home/lilingfeng/tmp/juicefs-c02-20260817-015425/src/S-stock
+C02 run-c02.sh:253: env GOTOOLCHAIN=go1.25.7 GOCACHE=/home/lilingfeng/tmp/juicefs-c02-20260817-015425/cache/go-build-125 GOFLAGS=-mod=readonly GOPROXY=https://goproxy.cn,direct GOMODCACHE=/home/lilingfeng/tmp/juicefs-c02-20260817-015425/cache/go-mod GOTMPDIR=/home/lilingfeng/tmp/juicefs-c02-20260817-015425/cache/go-tmp TMPDIR=/home/lilingfeng/tmp/juicefs-c02-20260817-015425/cache/os-tmp go test ./pkg/vfs -run '^TestC02TransientEIORecoversOnFreeze$' -count=1 -v -timeout=2m
+C02 run-c02.sh:256: local rc=0
+C02 run-c02.sh:257: local marker_count=0 pass_count=0 fail_count=0 forbidden_count=0 matched=NO
+C02 run-c02.sh:259: '[' -n '' ']'
++C02 run-c02.sh:262: grep -c -- '--- PASS: TestC02TransientEIORecoversOnFreeze' /home/lilingfeng/tmp/juicefs-c02-20260817-015425/logs/go125-S-stock-F1.log
+C02 run-c02.sh:262: pass_count=1
++C02 run-c02.sh:263: grep -c -- '--- FAIL: TestC02TransientEIORecoversOnFreeze' /home/lilingfeng/tmp/juicefs-c02-20260817-015425/logs/go125-S-stock-F1.log
++C02 run-c02.sh:263: true
+C02 run-c02.sh:263: fail_count=0
+C02 run-c02.sh:264: grep -Eq '\[build failed\]|panic:|fatal error:|test timed out|DATA RACE' /home/lilingfeng/tmp/juicefs-c02-20260817-015425/logs/go125-S-stock-F1.log
+C02 run-c02.sh:268: '[' PASS = PASS ']'
+C02 run-c02.sh:269: '[' 0 -eq 0 ']'
+C02 run-c02.sh:269: '[' 1 -eq 1 ']'
+C02 run-c02.sh:269: '[' 0 -eq 0 ']'
+C02 run-c02.sh:269: '[' 0 -eq 0 ']'
+C02 run-c02.sh:270: matched=YES
+C02 run-c02.sh:278: printf '%s\n' 0
+C02 run-c02.sh:279: printf '%s\t%s\t%s\t%s\t%s\t%s\t%s\t%s\t%s\t%s\t%s\t%s\n' go125 S-stock F1 TestC02TransientEIORecoversOnFreeze 0 PASS 0 1 0 0 logs/go125-S-stock-F1.log YES
+C02 run-c02.sh:283: echo '  go125 S-stock F1: rc=0 matched=YES (expected=PASS)'
+C02 run-c02.sh:292: for id in "${S_TESTS[@]}"
+C02 run-c02.sh:293: run_single_test go125 go1.25.7 /home/lilingfeng/tmp/juicefs-c02-20260817-015425/cache/go-build-125 S-stock F2
+C02 run-c02.sh:245: local tool=go125 tc=go1.25.7 bc=/home/lilingfeng/tmp/juicefs-c02-20260817-015425/cache/go-build-125 arm=S-stock id=F2
+C02 run-c02.sh:246: local test_name=TestC02PermanentENOSPCAbortsFrozenSlice
+C02 run-c02.sh:247: local key=F2_S-stock
+C02 run-c02.sh:248: local expected_class=PASS
+C02 run-c02.sh:249: local expected_marker=
+C02 run-c02.sh:250: local log_rel=logs/go125-S-stock-F2.log
+C02 run-c02.sh:251: local log_abs=/home/lilingfeng/tmp/juicefs-c02-20260817-015425/logs/go125-S-stock-F2.log
+C02 run-c02.sh:253: cd /home/lilingfeng/tmp/juicefs-c02-20260817-015425/src/S-stock
+C02 run-c02.sh:253: env GOTOOLCHAIN=go1.25.7 GOCACHE=/home/lilingfeng/tmp/juicefs-c02-20260817-015425/cache/go-build-125 GOFLAGS=-mod=readonly GOPROXY=https://goproxy.cn,direct GOMODCACHE=/home/lilingfeng/tmp/juicefs-c02-20260817-015425/cache/go-mod GOTMPDIR=/home/lilingfeng/tmp/juicefs-c02-20260817-015425/cache/go-tmp TMPDIR=/home/lilingfeng/tmp/juicefs-c02-20260817-015425/cache/os-tmp go test ./pkg/vfs -run '^TestC02PermanentENOSPCAbortsFrozenSlice$' -count=1 -v -timeout=2m
+C02 run-c02.sh:256: local rc=0
+C02 run-c02.sh:257: local marker_count=0 pass_count=0 fail_count=0 forbidden_count=0 matched=NO
+C02 run-c02.sh:259: '[' -n '' ']'
++C02 run-c02.sh:262: grep -c -- '--- PASS: TestC02PermanentENOSPCAbortsFrozenSlice' /home/lilingfeng/tmp/juicefs-c02-20260817-015425/logs/go125-S-stock-F2.log
+C02 run-c02.sh:262: pass_count=1
++C02 run-c02.sh:263: grep -c -- '--- FAIL: TestC02PermanentENOSPCAbortsFrozenSlice' /home/lilingfeng/tmp/juicefs-c02-20260817-015425/logs/go125-S-stock-F2.log
++C02 run-c02.sh:263: true
+C02 run-c02.sh:263: fail_count=0
+C02 run-c02.sh:264: grep -Eq '\[build failed\]|panic:|fatal error:|test timed out|DATA RACE' /home/lilingfeng/tmp/juicefs-c02-20260817-015425/logs/go125-S-stock-F2.log
+C02 run-c02.sh:268: '[' PASS = PASS ']'
+C02 run-c02.sh:269: '[' 0 -eq 0 ']'
+C02 run-c02.sh:269: '[' 1 -eq 1 ']'
+C02 run-c02.sh:269: '[' 0 -eq 0 ']'
+C02 run-c02.sh:269: '[' 0 -eq 0 ']'
+C02 run-c02.sh:270: matched=YES
+C02 run-c02.sh:278: printf '%s\n' 0
+C02 run-c02.sh:279: printf '%s\t%s\t%s\t%s\t%s\t%s\t%s\t%s\t%s\t%s\t%s\t%s\n' go125 S-stock F2 TestC02PermanentENOSPCAbortsFrozenSlice 0 PASS 0 1 0 0 logs/go125-S-stock-F2.log YES
+C02 run-c02.sh:283: echo '  go125 S-stock F2: rc=0 matched=YES (expected=PASS)'
+C02 run-c02.sh:292: for id in "${S_TESTS[@]}"
+C02 run-c02.sh:293: run_single_test go125 go1.25.7 /home/lilingfeng/tmp/juicefs-c02-20260817-015425/cache/go-build-125 S-stock F3
+C02 run-c02.sh:245: local tool=go125 tc=go1.25.7 bc=/home/lilingfeng/tmp/juicefs-c02-20260817-015425/cache/go-build-125 arm=S-stock id=F3
+C02 run-c02.sh:246: local test_name=TestC02FrozenSliceSkipsCatchupFlush
+C02 run-c02.sh:247: local key=F3_S-stock
+C02 run-c02.sh:248: local expected_class=PASS
+C02 run-c02.sh:249: local expected_marker=
+C02 run-c02.sh:250: local log_rel=logs/go125-S-stock-F3.log
+C02 run-c02.sh:251: local log_abs=/home/lilingfeng/tmp/juicefs-c02-20260817-015425/logs/go125-S-stock-F3.log
+C02 run-c02.sh:253: cd /home/lilingfeng/tmp/juicefs-c02-20260817-015425/src/S-stock
+C02 run-c02.sh:253: env GOTOOLCHAIN=go1.25.7 GOCACHE=/home/lilingfeng/tmp/juicefs-c02-20260817-015425/cache/go-build-125 GOFLAGS=-mod=readonly GOPROXY=https://goproxy.cn,direct GOMODCACHE=/home/lilingfeng/tmp/juicefs-c02-20260817-015425/cache/go-mod GOTMPDIR=/home/lilingfeng/tmp/juicefs-c02-20260817-015425/cache/go-tmp TMPDIR=/home/lilingfeng/tmp/juicefs-c02-20260817-015425/cache/os-tmp go test ./pkg/vfs -run '^TestC02FrozenSliceSkipsCatchupFlush$' -count=1 -v -timeout=2m
+C02 run-c02.sh:256: local rc=0
+C02 run-c02.sh:257: local marker_count=0 pass_count=0 fail_count=0 forbidden_count=0 matched=NO
+C02 run-c02.sh:259: '[' -n '' ']'
++C02 run-c02.sh:262: grep -c -- '--- PASS: TestC02FrozenSliceSkipsCatchupFlush' /home/lilingfeng/tmp/juicefs-c02-20260817-015425/logs/go125-S-stock-F3.log
+C02 run-c02.sh:262: pass_count=1
++C02 run-c02.sh:263: grep -c -- '--- FAIL: TestC02FrozenSliceSkipsCatchupFlush' /home/lilingfeng/tmp/juicefs-c02-20260817-015425/logs/go125-S-stock-F3.log
++C02 run-c02.sh:263: true
+C02 run-c02.sh:263: fail_count=0
+C02 run-c02.sh:264: grep -Eq '\[build failed\]|panic:|fatal error:|test timed out|DATA RACE' /home/lilingfeng/tmp/juicefs-c02-20260817-015425/logs/go125-S-stock-F3.log
+C02 run-c02.sh:268: '[' PASS = PASS ']'
+C02 run-c02.sh:269: '[' 0 -eq 0 ']'
+C02 run-c02.sh:269: '[' 1 -eq 1 ']'
+C02 run-c02.sh:269: '[' 0 -eq 0 ']'
+C02 run-c02.sh:269: '[' 0 -eq 0 ']'
+C02 run-c02.sh:270: matched=YES
+C02 run-c02.sh:278: printf '%s\n' 0
+C02 run-c02.sh:279: printf '%s\t%s\t%s\t%s\t%s\t%s\t%s\t%s\t%s\t%s\t%s\t%s\n' go125 S-stock F3 TestC02FrozenSliceSkipsCatchupFlush 0 PASS 0 1 0 0 logs/go125-S-stock-F3.log YES
+C02 run-c02.sh:283: echo '  go125 S-stock F3: rc=0 matched=YES (expected=PASS)'
+C02 run-c02.sh:292: for id in "${S_TESTS[@]}"
+C02 run-c02.sh:293: run_single_test go125 go1.25.7 /home/lilingfeng/tmp/juicefs-c02-20260817-015425/cache/go-build-125 S-stock R1
+C02 run-c02.sh:245: local tool=go125 tc=go1.25.7 bc=/home/lilingfeng/tmp/juicefs-c02-20260817-015425/cache/go-build-125 arm=S-stock id=R1
+C02 run-c02.sh:246: local test_name=TestC02FullBlockDispatchAfterDelayedID
+C02 run-c02.sh:247: local key=R1_S-stock
+C02 run-c02.sh:248: local expected_class=FAIL
+C02 run-c02.sh:249: local expected_marker=C02_MISSED_DISPATCH
+C02 run-c02.sh:250: local log_rel=logs/go125-S-stock-R1.log
+C02 run-c02.sh:251: local log_abs=/home/lilingfeng/tmp/juicefs-c02-20260817-015425/logs/go125-S-stock-R1.log
+C02 run-c02.sh:253: cd /home/lilingfeng/tmp/juicefs-c02-20260817-015425/src/S-stock
+C02 run-c02.sh:253: env GOTOOLCHAIN=go1.25.7 GOCACHE=/home/lilingfeng/tmp/juicefs-c02-20260817-015425/cache/go-build-125 GOFLAGS=-mod=readonly GOPROXY=https://goproxy.cn,direct GOMODCACHE=/home/lilingfeng/tmp/juicefs-c02-20260817-015425/cache/go-mod GOTMPDIR=/home/lilingfeng/tmp/juicefs-c02-20260817-015425/cache/go-tmp TMPDIR=/home/lilingfeng/tmp/juicefs-c02-20260817-015425/cache/os-tmp go test ./pkg/vfs -run '^TestC02FullBlockDispatchAfterDelayedID$' -count=1 -v -timeout=2m
+C02 run-c02.sh:256: local rc=1
+C02 run-c02.sh:257: local marker_count=0 pass_count=0 fail_count=0 forbidden_count=0 matched=NO
+C02 run-c02.sh:259: '[' -n C02_MISSED_DISPATCH ']'
++C02 run-c02.sh:260: grep -c C02_MISSED_DISPATCH /home/lilingfeng/tmp/juicefs-c02-20260817-015425/logs/go125-S-stock-R1.log
+C02 run-c02.sh:260: marker_count=1
++C02 run-c02.sh:262: grep -c -- '--- PASS: TestC02FullBlockDispatchAfterDelayedID' /home/lilingfeng/tmp/juicefs-c02-20260817-015425/logs/go125-S-stock-R1.log
++C02 run-c02.sh:262: true
+C02 run-c02.sh:262: pass_count=0
++C02 run-c02.sh:263: grep -c -- '--- FAIL: TestC02FullBlockDispatchAfterDelayedID' /home/lilingfeng/tmp/juicefs-c02-20260817-015425/logs/go125-S-stock-R1.log
+C02 run-c02.sh:263: fail_count=1
+C02 run-c02.sh:264: grep -Eq '\[build failed\]|panic:|fatal error:|test timed out|DATA RACE' /home/lilingfeng/tmp/juicefs-c02-20260817-015425/logs/go125-S-stock-R1.log
+C02 run-c02.sh:268: '[' FAIL = PASS ']'
+C02 run-c02.sh:272: '[' FAIL = FAIL ']'
+C02 run-c02.sh:273: '[' 1 -ne 0 ']'
+C02 run-c02.sh:273: '[' 1 -eq 1 ']'
+C02 run-c02.sh:273: '[' 1 -eq 1 ']'
+C02 run-c02.sh:273: '[' 0 -eq 0 ']'
+C02 run-c02.sh:274: matched=YES
+C02 run-c02.sh:278: printf '%s\n' 1
+C02 run-c02.sh:279: printf '%s\t%s\t%s\t%s\t%s\t%s\t%s\t%s\t%s\t%s\t%s\t%s\n' go125 S-stock R1 TestC02FullBlockDispatchAfterDelayedID 1 FAIL 1 0 1 0 logs/go125-S-stock-R1.log YES
+C02 run-c02.sh:283: echo '  go125 S-stock R1: rc=1 matched=YES (expected=FAIL)'
+C02 run-c02.sh:292: for id in "${S_TESTS[@]}"
+C02 run-c02.sh:293: run_single_test go125 go1.25.7 /home/lilingfeng/tmp/juicefs-c02-20260817-015425/cache/go-build-125 S-stock R2
+C02 run-c02.sh:245: local tool=go125 tc=go1.25.7 bc=/home/lilingfeng/tmp/juicefs-c02-20260817-015425/cache/go-build-125 arm=S-stock id=R2
+C02 run-c02.sh:246: local test_name=TestC02MultiBlockDispatchUsesLatestLength
+C02 run-c02.sh:247: local key=R2_S-stock
+C02 run-c02.sh:248: local expected_class=FAIL
+C02 run-c02.sh:249: local expected_marker=C02_MISSED_MULTI_DISPATCH
+C02 run-c02.sh:250: local log_rel=logs/go125-S-stock-R2.log
+C02 run-c02.sh:251: local log_abs=/home/lilingfeng/tmp/juicefs-c02-20260817-015425/logs/go125-S-stock-R2.log
+C02 run-c02.sh:253: cd /home/lilingfeng/tmp/juicefs-c02-20260817-015425/src/S-stock
+C02 run-c02.sh:253: env GOTOOLCHAIN=go1.25.7 GOCACHE=/home/lilingfeng/tmp/juicefs-c02-20260817-015425/cache/go-build-125 GOFLAGS=-mod=readonly GOPROXY=https://goproxy.cn,direct GOMODCACHE=/home/lilingfeng/tmp/juicefs-c02-20260817-015425/cache/go-mod GOTMPDIR=/home/lilingfeng/tmp/juicefs-c02-20260817-015425/cache/go-tmp TMPDIR=/home/lilingfeng/tmp/juicefs-c02-20260817-015425/cache/os-tmp go test ./pkg/vfs -run '^TestC02MultiBlockDispatchUsesLatestLength$' -count=1 -v -timeout=2m
+C02 run-c02.sh:256: local rc=1
+C02 run-c02.sh:257: local marker_count=0 pass_count=0 fail_count=0 forbidden_count=0 matched=NO
+C02 run-c02.sh:259: '[' -n C02_MISSED_MULTI_DISPATCH ']'
++C02 run-c02.sh:260: grep -c C02_MISSED_MULTI_DISPATCH /home/lilingfeng/tmp/juicefs-c02-20260817-015425/logs/go125-S-stock-R2.log
+C02 run-c02.sh:260: marker_count=1
++C02 run-c02.sh:262: grep -c -- '--- PASS: TestC02MultiBlockDispatchUsesLatestLength' /home/lilingfeng/tmp/juicefs-c02-20260817-015425/logs/go125-S-stock-R2.log
++C02 run-c02.sh:262: true
+C02 run-c02.sh:262: pass_count=0
++C02 run-c02.sh:263: grep -c -- '--- FAIL: TestC02MultiBlockDispatchUsesLatestLength' /home/lilingfeng/tmp/juicefs-c02-20260817-015425/logs/go125-S-stock-R2.log
+C02 run-c02.sh:263: fail_count=1
+C02 run-c02.sh:264: grep -Eq '\[build failed\]|panic:|fatal error:|test timed out|DATA RACE' /home/lilingfeng/tmp/juicefs-c02-20260817-015425/logs/go125-S-stock-R2.log
+C02 run-c02.sh:268: '[' FAIL = PASS ']'
+C02 run-c02.sh:272: '[' FAIL = FAIL ']'
+C02 run-c02.sh:273: '[' 1 -ne 0 ']'
+C02 run-c02.sh:273: '[' 1 -eq 1 ']'
+C02 run-c02.sh:273: '[' 1 -eq 1 ']'
+C02 run-c02.sh:273: '[' 0 -eq 0 ']'
+C02 run-c02.sh:274: matched=YES
+C02 run-c02.sh:278: printf '%s\n' 1
+C02 run-c02.sh:279: printf '%s\t%s\t%s\t%s\t%s\t%s\t%s\t%s\t%s\t%s\t%s\t%s\n' go125 S-stock R2 TestC02MultiBlockDispatchUsesLatestLength 1 FAIL 1 0 1 0 logs/go125-S-stock-R2.log YES
+C02 run-c02.sh:283: echo '  go125 S-stock R2: rc=1 matched=YES (expected=FAIL)'
+C02 run-c02.sh:292: for id in "${S_TESTS[@]}"
+C02 run-c02.sh:293: run_single_test go125 go1.25.7 /home/lilingfeng/tmp/juicefs-c02-20260817-015425/cache/go-build-125 S-stock R3
+C02 run-c02.sh:245: local tool=go125 tc=go1.25.7 bc=/home/lilingfeng/tmp/juicefs-c02-20260817-015425/cache/go-build-125 arm=S-stock id=R3
+C02 run-c02.sh:246: local test_name=TestC02FlushToFailureIsObservable
+C02 run-c02.sh:247: local key=R3_S-stock
+C02 run-c02.sh:248: local expected_class=FAIL
+C02 run-c02.sh:249: local expected_marker=C02_SWALLOWED_FLUSH_ERROR
+C02 run-c02.sh:250: local log_rel=logs/go125-S-stock-R3.log
+C02 run-c02.sh:251: local log_abs=/home/lilingfeng/tmp/juicefs-c02-20260817-015425/logs/go125-S-stock-R3.log
+C02 run-c02.sh:253: cd /home/lilingfeng/tmp/juicefs-c02-20260817-015425/src/S-stock
+C02 run-c02.sh:253: env GOTOOLCHAIN=go1.25.7 GOCACHE=/home/lilingfeng/tmp/juicefs-c02-20260817-015425/cache/go-build-125 GOFLAGS=-mod=readonly GOPROXY=https://goproxy.cn,direct GOMODCACHE=/home/lilingfeng/tmp/juicefs-c02-20260817-015425/cache/go-mod GOTMPDIR=/home/lilingfeng/tmp/juicefs-c02-20260817-015425/cache/go-tmp TMPDIR=/home/lilingfeng/tmp/juicefs-c02-20260817-015425/cache/os-tmp go test ./pkg/vfs -run '^TestC02FlushToFailureIsObservable$' -count=1 -v -timeout=2m
+C02 run-c02.sh:256: local rc=1
+C02 run-c02.sh:257: local marker_count=0 pass_count=0 fail_count=0 forbidden_count=0 matched=NO
+C02 run-c02.sh:259: '[' -n C02_SWALLOWED_FLUSH_ERROR ']'
++C02 run-c02.sh:260: grep -c C02_SWALLOWED_FLUSH_ERROR /home/lilingfeng/tmp/juicefs-c02-20260817-015425/logs/go125-S-stock-R3.log
+C02 run-c02.sh:260: marker_count=1
++C02 run-c02.sh:262: grep -c -- '--- PASS: TestC02FlushToFailureIsObservable' /home/lilingfeng/tmp/juicefs-c02-20260817-015425/logs/go125-S-stock-R3.log
++C02 run-c02.sh:262: true
+C02 run-c02.sh:262: pass_count=0
++C02 run-c02.sh:263: grep -c -- '--- FAIL: TestC02FlushToFailureIsObservable' /home/lilingfeng/tmp/juicefs-c02-20260817-015425/logs/go125-S-stock-R3.log
+C02 run-c02.sh:263: fail_count=1
+C02 run-c02.sh:264: grep -Eq '\[build failed\]|panic:|fatal error:|test timed out|DATA RACE' /home/lilingfeng/tmp/juicefs-c02-20260817-015425/logs/go125-S-stock-R3.log
+C02 run-c02.sh:268: '[' FAIL = PASS ']'
+C02 run-c02.sh:272: '[' FAIL = FAIL ']'
+C02 run-c02.sh:273: '[' 1 -ne 0 ']'
+C02 run-c02.sh:273: '[' 1 -eq 1 ']'
+C02 run-c02.sh:273: '[' 1 -eq 1 ']'
+C02 run-c02.sh:273: '[' 0 -eq 0 ']'
+C02 run-c02.sh:274: matched=YES
+C02 run-c02.sh:278: printf '%s\n' 1
+C02 run-c02.sh:279: printf '%s\t%s\t%s\t%s\t%s\t%s\t%s\t%s\t%s\t%s\t%s\t%s\n' go125 S-stock R3 TestC02FlushToFailureIsObservable 1 FAIL 1 0 1 0 logs/go125-S-stock-R3.log YES
+C02 run-c02.sh:283: echo '  go125 S-stock R3: rc=1 matched=YES (expected=FAIL)'
+C02 run-c02.sh:297: local stock_bad=0
+C02 run-c02.sh:298: for id in "${S_TESTS[@]}"
++C02 run-c02.sh:299: tail -1 /home/lilingfeng/tmp/juicefs-c02-20260817-015425/meta/results.raw.tsv
++C02 run-c02.sh:299: awk '-F\t' '{print $NF}'
+C02 run-c02.sh:299: '[' YES = NO ']'
+C02 run-c02.sh:298: for id in "${S_TESTS[@]}"
++C02 run-c02.sh:299: tail -1 /home/lilingfeng/tmp/juicefs-c02-20260817-015425/meta/results.raw.tsv
++C02 run-c02.sh:299: awk '-F\t' '{print $NF}'
+C02 run-c02.sh:299: '[' YES = NO ']'
+C02 run-c02.sh:298: for id in "${S_TESTS[@]}"
++C02 run-c02.sh:299: tail -1 /home/lilingfeng/tmp/juicefs-c02-20260817-015425/meta/results.raw.tsv
++C02 run-c02.sh:299: awk '-F\t' '{print $NF}'
+C02 run-c02.sh:299: '[' YES = NO ']'
+C02 run-c02.sh:298: for id in "${S_TESTS[@]}"
++C02 run-c02.sh:299: tail -1 /home/lilingfeng/tmp/juicefs-c02-20260817-015425/meta/results.raw.tsv
++C02 run-c02.sh:299: awk '-F\t' '{print $NF}'
+C02 run-c02.sh:299: '[' YES = NO ']'
+C02 run-c02.sh:298: for id in "${S_TESTS[@]}"
++C02 run-c02.sh:299: tail -1 /home/lilingfeng/tmp/juicefs-c02-20260817-015425/meta/results.raw.tsv
++C02 run-c02.sh:299: awk '-F\t' '{print $NF}'
+C02 run-c02.sh:299: '[' YES = NO ']'
+C02 run-c02.sh:298: for id in "${S_TESTS[@]}"
++C02 run-c02.sh:299: tail -1 /home/lilingfeng/tmp/juicefs-c02-20260817-015425/meta/results.raw.tsv
++C02 run-c02.sh:299: awk '-F\t' '{print $NF}'
+C02 run-c02.sh:299: '[' YES = NO ']'
+C02 run-c02.sh:298: for id in "${S_TESTS[@]}"
++C02 run-c02.sh:299: tail -1 /home/lilingfeng/tmp/juicefs-c02-20260817-015425/meta/results.raw.tsv
++C02 run-c02.sh:299: awk '-F\t' '{print $NF}'
+C02 run-c02.sh:299: '[' YES = NO ']'
+C02 run-c02.sh:298: for id in "${S_TESTS[@]}"
++C02 run-c02.sh:299: tail -1 /home/lilingfeng/tmp/juicefs-c02-20260817-015425/meta/results.raw.tsv
++C02 run-c02.sh:299: awk '-F\t' '{print $NF}'
+C02 run-c02.sh:299: '[' YES = NO ']'
+C02 run-c02.sh:298: for id in "${S_TESTS[@]}"
++C02 run-c02.sh:299: tail -1 /home/lilingfeng/tmp/juicefs-c02-20260817-015425/meta/results.raw.tsv
++C02 run-c02.sh:299: awk '-F\t' '{print $NF}'
+C02 run-c02.sh:299: '[' YES = NO ']'
++C02 run-c02.sh:304: awk '-F\t' -v tool=go125 -v arm=S-stock '$1==tool && $2==arm && $12=="NO" {bad=1} END{exit bad?1:0}' /home/lilingfeng/tmp/juicefs-c02-20260817-015425/meta/results.raw.tsv
+C02 run-c02.sh:304: stock_bad=
+C02 run-c02.sh:305: '[' '' -ne 0 ']'
+C02 run-c02.sh:312: for id in "${A_TESTS[@]}"
+C02 run-c02.sh:313: run_single_test go125 go1.25.7 /home/lilingfeng/tmp/juicefs-c02-20260817-015425/cache/go-build-125 A-sync R1
+C02 run-c02.sh:245: local tool=go125 tc=go1.25.7 bc=/home/lilingfeng/tmp/juicefs-c02-20260817-015425/cache/go-build-125 arm=A-sync id=R1
+C02 run-c02.sh:246: local test_name=TestC02FullBlockDispatchAfterDelayedID
+C02 run-c02.sh:247: local key=R1_A-sync
+C02 run-c02.sh:248: local expected_class=PASS
+C02 run-c02.sh:249: local expected_marker=
+C02 run-c02.sh:250: local log_rel=logs/go125-A-sync-R1.log
+C02 run-c02.sh:251: local log_abs=/home/lilingfeng/tmp/juicefs-c02-20260817-015425/logs/go125-A-sync-R1.log
+C02 run-c02.sh:253: cd /home/lilingfeng/tmp/juicefs-c02-20260817-015425/src/A-sync
+C02 run-c02.sh:253: env GOTOOLCHAIN=go1.25.7 GOCACHE=/home/lilingfeng/tmp/juicefs-c02-20260817-015425/cache/go-build-125 GOFLAGS=-mod=readonly GOPROXY=https://goproxy.cn,direct GOMODCACHE=/home/lilingfeng/tmp/juicefs-c02-20260817-015425/cache/go-mod GOTMPDIR=/home/lilingfeng/tmp/juicefs-c02-20260817-015425/cache/go-tmp TMPDIR=/home/lilingfeng/tmp/juicefs-c02-20260817-015425/cache/os-tmp go test ./pkg/vfs -run '^TestC02FullBlockDispatchAfterDelayedID$' -count=1 -v -timeout=2m
+C02 run-c02.sh:256: local rc=0
+C02 run-c02.sh:257: local marker_count=0 pass_count=0 fail_count=0 forbidden_count=0 matched=NO
+C02 run-c02.sh:259: '[' -n '' ']'
++C02 run-c02.sh:262: grep -c -- '--- PASS: TestC02FullBlockDispatchAfterDelayedID' /home/lilingfeng/tmp/juicefs-c02-20260817-015425/logs/go125-A-sync-R1.log
+C02 run-c02.sh:262: pass_count=1
++C02 run-c02.sh:263: grep -c -- '--- FAIL: TestC02FullBlockDispatchAfterDelayedID' /home/lilingfeng/tmp/juicefs-c02-20260817-015425/logs/go125-A-sync-R1.log
++C02 run-c02.sh:263: true
+C02 run-c02.sh:263: fail_count=0
+C02 run-c02.sh:264: grep -Eq '\[build failed\]|panic:|fatal error:|test timed out|DATA RACE' /home/lilingfeng/tmp/juicefs-c02-20260817-015425/logs/go125-A-sync-R1.log
+C02 run-c02.sh:268: '[' PASS = PASS ']'
+C02 run-c02.sh:269: '[' 0 -eq 0 ']'
+C02 run-c02.sh:269: '[' 1 -eq 1 ']'
+C02 run-c02.sh:269: '[' 0 -eq 0 ']'
+C02 run-c02.sh:269: '[' 0 -eq 0 ']'
+C02 run-c02.sh:270: matched=YES
+C02 run-c02.sh:278: printf '%s\n' 0
+C02 run-c02.sh:279: printf '%s\t%s\t%s\t%s\t%s\t%s\t%s\t%s\t%s\t%s\t%s\t%s\n' go125 A-sync R1 TestC02FullBlockDispatchAfterDelayedID 0 PASS 0 1 0 0 logs/go125-A-sync-R1.log YES
+C02 run-c02.sh:283: echo '  go125 A-sync R1: rc=0 matched=YES (expected=PASS)'
+C02 run-c02.sh:312: for id in "${A_TESTS[@]}"
+C02 run-c02.sh:313: run_single_test go125 go1.25.7 /home/lilingfeng/tmp/juicefs-c02-20260817-015425/cache/go-build-125 A-sync R2
+C02 run-c02.sh:245: local tool=go125 tc=go1.25.7 bc=/home/lilingfeng/tmp/juicefs-c02-20260817-015425/cache/go-build-125 arm=A-sync id=R2
+C02 run-c02.sh:246: local test_name=TestC02MultiBlockDispatchUsesLatestLength
+C02 run-c02.sh:247: local key=R2_A-sync
+C02 run-c02.sh:248: local expected_class=PASS
+C02 run-c02.sh:249: local expected_marker=
+C02 run-c02.sh:250: local log_rel=logs/go125-A-sync-R2.log
+C02 run-c02.sh:251: local log_abs=/home/lilingfeng/tmp/juicefs-c02-20260817-015425/logs/go125-A-sync-R2.log
+C02 run-c02.sh:253: cd /home/lilingfeng/tmp/juicefs-c02-20260817-015425/src/A-sync
+C02 run-c02.sh:253: env GOTOOLCHAIN=go1.25.7 GOCACHE=/home/lilingfeng/tmp/juicefs-c02-20260817-015425/cache/go-build-125 GOFLAGS=-mod=readonly GOPROXY=https://goproxy.cn,direct GOMODCACHE=/home/lilingfeng/tmp/juicefs-c02-20260817-015425/cache/go-mod GOTMPDIR=/home/lilingfeng/tmp/juicefs-c02-20260817-015425/cache/go-tmp TMPDIR=/home/lilingfeng/tmp/juicefs-c02-20260817-015425/cache/os-tmp go test ./pkg/vfs -run '^TestC02MultiBlockDispatchUsesLatestLength$' -count=1 -v -timeout=2m
+C02 run-c02.sh:256: local rc=0
+C02 run-c02.sh:257: local marker_count=0 pass_count=0 fail_count=0 forbidden_count=0 matched=NO
+C02 run-c02.sh:259: '[' -n '' ']'
++C02 run-c02.sh:262: grep -c -- '--- PASS: TestC02MultiBlockDispatchUsesLatestLength' /home/lilingfeng/tmp/juicefs-c02-20260817-015425/logs/go125-A-sync-R2.log
+C02 run-c02.sh:262: pass_count=1
++C02 run-c02.sh:263: grep -c -- '--- FAIL: TestC02MultiBlockDispatchUsesLatestLength' /home/lilingfeng/tmp/juicefs-c02-20260817-015425/logs/go125-A-sync-R2.log
++C02 run-c02.sh:263: true
+C02 run-c02.sh:263: fail_count=0
+C02 run-c02.sh:264: grep -Eq '\[build failed\]|panic:|fatal error:|test timed out|DATA RACE' /home/lilingfeng/tmp/juicefs-c02-20260817-015425/logs/go125-A-sync-R2.log
+C02 run-c02.sh:268: '[' PASS = PASS ']'
+C02 run-c02.sh:269: '[' 0 -eq 0 ']'
+C02 run-c02.sh:269: '[' 1 -eq 1 ']'
+C02 run-c02.sh:269: '[' 0 -eq 0 ']'
+C02 run-c02.sh:269: '[' 0 -eq 0 ']'
+C02 run-c02.sh:270: matched=YES
+C02 run-c02.sh:278: printf '%s\n' 0
+C02 run-c02.sh:279: printf '%s\t%s\t%s\t%s\t%s\t%s\t%s\t%s\t%s\t%s\t%s\t%s\n' go125 A-sync R2 TestC02MultiBlockDispatchUsesLatestLength 0 PASS 0 1 0 0 logs/go125-A-sync-R2.log YES
+C02 run-c02.sh:283: echo '  go125 A-sync R2: rc=0 matched=YES (expected=PASS)'
+C02 run-c02.sh:312: for id in "${A_TESTS[@]}"
+C02 run-c02.sh:313: run_single_test go125 go1.25.7 /home/lilingfeng/tmp/juicefs-c02-20260817-015425/cache/go-build-125 A-sync R3
+C02 run-c02.sh:245: local tool=go125 tc=go1.25.7 bc=/home/lilingfeng/tmp/juicefs-c02-20260817-015425/cache/go-build-125 arm=A-sync id=R3
+C02 run-c02.sh:246: local test_name=TestC02FlushToFailureIsObservable
+C02 run-c02.sh:247: local key=R3_A-sync
+C02 run-c02.sh:248: local expected_class=PASS
+C02 run-c02.sh:249: local expected_marker=
+C02 run-c02.sh:250: local log_rel=logs/go125-A-sync-R3.log
+C02 run-c02.sh:251: local log_abs=/home/lilingfeng/tmp/juicefs-c02-20260817-015425/logs/go125-A-sync-R3.log
+C02 run-c02.sh:253: cd /home/lilingfeng/tmp/juicefs-c02-20260817-015425/src/A-sync
+C02 run-c02.sh:253: env GOTOOLCHAIN=go1.25.7 GOCACHE=/home/lilingfeng/tmp/juicefs-c02-20260817-015425/cache/go-build-125 GOFLAGS=-mod=readonly GOPROXY=https://goproxy.cn,direct GOMODCACHE=/home/lilingfeng/tmp/juicefs-c02-20260817-015425/cache/go-mod GOTMPDIR=/home/lilingfeng/tmp/juicefs-c02-20260817-015425/cache/go-tmp TMPDIR=/home/lilingfeng/tmp/juicefs-c02-20260817-015425/cache/os-tmp go test ./pkg/vfs -run '^TestC02FlushToFailureIsObservable$' -count=1 -v -timeout=2m
+C02 run-c02.sh:256: local rc=0
+C02 run-c02.sh:257: local marker_count=0 pass_count=0 fail_count=0 forbidden_count=0 matched=NO
+C02 run-c02.sh:259: '[' -n '' ']'
++C02 run-c02.sh:262: grep -c -- '--- PASS: TestC02FlushToFailureIsObservable' /home/lilingfeng/tmp/juicefs-c02-20260817-015425/logs/go125-A-sync-R3.log
+C02 run-c02.sh:262: pass_count=1
++C02 run-c02.sh:263: grep -c -- '--- FAIL: TestC02FlushToFailureIsObservable' /home/lilingfeng/tmp/juicefs-c02-20260817-015425/logs/go125-A-sync-R3.log
++C02 run-c02.sh:263: true
+C02 run-c02.sh:263: fail_count=0
+C02 run-c02.sh:264: grep -Eq '\[build failed\]|panic:|fatal error:|test timed out|DATA RACE' /home/lilingfeng/tmp/juicefs-c02-20260817-015425/logs/go125-A-sync-R3.log
+C02 run-c02.sh:268: '[' PASS = PASS ']'
+C02 run-c02.sh:269: '[' 0 -eq 0 ']'
+C02 run-c02.sh:269: '[' 1 -eq 1 ']'
+C02 run-c02.sh:269: '[' 0 -eq 0 ']'
+C02 run-c02.sh:269: '[' 0 -eq 0 ']'
+C02 run-c02.sh:270: matched=YES
+C02 run-c02.sh:278: printf '%s\n' 0
+C02 run-c02.sh:279: printf '%s\t%s\t%s\t%s\t%s\t%s\t%s\t%s\t%s\t%s\t%s\t%s\n' go125 A-sync R3 TestC02FlushToFailureIsObservable 0 PASS 0 1 0 0 logs/go125-A-sync-R3.log YES
+C02 run-c02.sh:283: echo '  go125 A-sync R3: rc=0 matched=YES (expected=PASS)'
+C02 run-c02.sh:312: for id in "${A_TESTS[@]}"
+C02 run-c02.sh:313: run_single_test go125 go1.25.7 /home/lilingfeng/tmp/juicefs-c02-20260817-015425/cache/go-build-125 A-sync C1
+C02 run-c02.sh:245: local tool=go125 tc=go1.25.7 bc=/home/lilingfeng/tmp/juicefs-c02-20260817-015425/cache/go-build-125 arm=A-sync id=C1
+C02 run-c02.sh:246: local test_name=TestC02PartialThenFullAfterIDDispatchesOnce
+C02 run-c02.sh:247: local key=C1_A-sync
+C02 run-c02.sh:248: local expected_class=PASS
+C02 run-c02.sh:249: local expected_marker=
+C02 run-c02.sh:250: local log_rel=logs/go125-A-sync-C1.log
+C02 run-c02.sh:251: local log_abs=/home/lilingfeng/tmp/juicefs-c02-20260817-015425/logs/go125-A-sync-C1.log
+C02 run-c02.sh:253: cd /home/lilingfeng/tmp/juicefs-c02-20260817-015425/src/A-sync
+C02 run-c02.sh:253: env GOTOOLCHAIN=go1.25.7 GOCACHE=/home/lilingfeng/tmp/juicefs-c02-20260817-015425/cache/go-build-125 GOFLAGS=-mod=readonly GOPROXY=https://goproxy.cn,direct GOMODCACHE=/home/lilingfeng/tmp/juicefs-c02-20260817-015425/cache/go-mod GOTMPDIR=/home/lilingfeng/tmp/juicefs-c02-20260817-015425/cache/go-tmp TMPDIR=/home/lilingfeng/tmp/juicefs-c02-20260817-015425/cache/os-tmp go test ./pkg/vfs -run '^TestC02PartialThenFullAfterIDDispatchesOnce$' -count=1 -v -timeout=2m
+C02 run-c02.sh:256: local rc=0
+C02 run-c02.sh:257: local marker_count=0 pass_count=0 fail_count=0 forbidden_count=0 matched=NO
+C02 run-c02.sh:259: '[' -n '' ']'
++C02 run-c02.sh:262: grep -c -- '--- PASS: TestC02PartialThenFullAfterIDDispatchesOnce' /home/lilingfeng/tmp/juicefs-c02-20260817-015425/logs/go125-A-sync-C1.log
+C02 run-c02.sh:262: pass_count=1
++C02 run-c02.sh:263: grep -c -- '--- FAIL: TestC02PartialThenFullAfterIDDispatchesOnce' /home/lilingfeng/tmp/juicefs-c02-20260817-015425/logs/go125-A-sync-C1.log
++C02 run-c02.sh:263: true
+C02 run-c02.sh:263: fail_count=0
+C02 run-c02.sh:264: grep -Eq '\[build failed\]|panic:|fatal error:|test timed out|DATA RACE' /home/lilingfeng/tmp/juicefs-c02-20260817-015425/logs/go125-A-sync-C1.log
+C02 run-c02.sh:268: '[' PASS = PASS ']'
+C02 run-c02.sh:269: '[' 0 -eq 0 ']'
+C02 run-c02.sh:269: '[' 1 -eq 1 ']'
+C02 run-c02.sh:269: '[' 0 -eq 0 ']'
+C02 run-c02.sh:269: '[' 0 -eq 0 ']'
+C02 run-c02.sh:270: matched=YES
+C02 run-c02.sh:278: printf '%s\n' 0
+C02 run-c02.sh:279: printf '%s\t%s\t%s\t%s\t%s\t%s\t%s\t%s\t%s\t%s\t%s\t%s\n' go125 A-sync C1 TestC02PartialThenFullAfterIDDispatchesOnce 0 PASS 0 1 0 0 logs/go125-A-sync-C1.log YES
+C02 run-c02.sh:283: echo '  go125 A-sync C1: rc=0 matched=YES (expected=PASS)'
+C02 run-c02.sh:312: for id in "${A_TESTS[@]}"
+C02 run-c02.sh:313: run_single_test go125 go1.25.7 /home/lilingfeng/tmp/juicefs-c02-20260817-015425/cache/go-build-125 A-sync C2
+C02 run-c02.sh:245: local tool=go125 tc=go1.25.7 bc=/home/lilingfeng/tmp/juicefs-c02-20260817-015425/cache/go-build-125 arm=A-sync id=C2
+C02 run-c02.sh:246: local test_name=TestC02DelayedNewSliceDoesNotBlockWriteAt
+C02 run-c02.sh:247: local key=C2_A-sync
+C02 run-c02.sh:248: local expected_class=FAIL
+C02 run-c02.sh:249: local expected_marker=C02_BLOCKING_REGRESSION
+C02 run-c02.sh:250: local log_rel=logs/go125-A-sync-C2.log
+C02 run-c02.sh:251: local log_abs=/home/lilingfeng/tmp/juicefs-c02-20260817-015425/logs/go125-A-sync-C2.log
+C02 run-c02.sh:253: cd /home/lilingfeng/tmp/juicefs-c02-20260817-015425/src/A-sync
+C02 run-c02.sh:253: env GOTOOLCHAIN=go1.25.7 GOCACHE=/home/lilingfeng/tmp/juicefs-c02-20260817-015425/cache/go-build-125 GOFLAGS=-mod=readonly GOPROXY=https://goproxy.cn,direct GOMODCACHE=/home/lilingfeng/tmp/juicefs-c02-20260817-015425/cache/go-mod GOTMPDIR=/home/lilingfeng/tmp/juicefs-c02-20260817-015425/cache/go-tmp TMPDIR=/home/lilingfeng/tmp/juicefs-c02-20260817-015425/cache/os-tmp go test ./pkg/vfs -run '^TestC02DelayedNewSliceDoesNotBlockWriteAt$' -count=1 -v -timeout=2m
+C02 run-c02.sh:256: local rc=1
+C02 run-c02.sh:257: local marker_count=0 pass_count=0 fail_count=0 forbidden_count=0 matched=NO
+C02 run-c02.sh:259: '[' -n C02_BLOCKING_REGRESSION ']'
++C02 run-c02.sh:260: grep -c C02_BLOCKING_REGRESSION /home/lilingfeng/tmp/juicefs-c02-20260817-015425/logs/go125-A-sync-C2.log
+C02 run-c02.sh:260: marker_count=1
++C02 run-c02.sh:262: grep -c -- '--- PASS: TestC02DelayedNewSliceDoesNotBlockWriteAt' /home/lilingfeng/tmp/juicefs-c02-20260817-015425/logs/go125-A-sync-C2.log
++C02 run-c02.sh:262: true
+C02 run-c02.sh:262: pass_count=0
++C02 run-c02.sh:263: grep -c -- '--- FAIL: TestC02DelayedNewSliceDoesNotBlockWriteAt' /home/lilingfeng/tmp/juicefs-c02-20260817-015425/logs/go125-A-sync-C2.log
+C02 run-c02.sh:263: fail_count=1
+C02 run-c02.sh:264: grep -Eq '\[build failed\]|panic:|fatal error:|test timed out|DATA RACE' /home/lilingfeng/tmp/juicefs-c02-20260817-015425/logs/go125-A-sync-C2.log
+C02 run-c02.sh:268: '[' FAIL = PASS ']'
+C02 run-c02.sh:272: '[' FAIL = FAIL ']'
+C02 run-c02.sh:273: '[' 1 -ne 0 ']'
+C02 run-c02.sh:273: '[' 1 -eq 1 ']'
+C02 run-c02.sh:273: '[' 1 -eq 1 ']'
+C02 run-c02.sh:273: '[' 0 -eq 0 ']'
+C02 run-c02.sh:274: matched=YES
+C02 run-c02.sh:278: printf '%s\n' 1
+C02 run-c02.sh:279: printf '%s\t%s\t%s\t%s\t%s\t%s\t%s\t%s\t%s\t%s\t%s\t%s\n' go125 A-sync C2 TestC02DelayedNewSliceDoesNotBlockWriteAt 1 FAIL 1 0 1 0 logs/go125-A-sync-C2.log YES
+C02 run-c02.sh:283: echo '  go125 A-sync C2: rc=1 matched=YES (expected=FAIL)'
+C02 run-c02.sh:312: for id in "${A_TESTS[@]}"
+C02 run-c02.sh:313: run_single_test go125 go1.25.7 /home/lilingfeng/tmp/juicefs-c02-20260817-015425/cache/go-build-125 A-sync C3
+C02 run-c02.sh:245: local tool=go125 tc=go1.25.7 bc=/home/lilingfeng/tmp/juicefs-c02-20260817-015425/cache/go-build-125 arm=A-sync id=C3
+C02 run-c02.sh:246: local test_name=TestC02NonEIONewSliceDoesNotRetryBeforeFlush
+C02 run-c02.sh:247: local key=C3_A-sync
+C02 run-c02.sh:248: local expected_class=FAIL
+C02 run-c02.sh:249: local expected_marker=C02_EXTRA_NEWSLICE_ATTEMPT
+C02 run-c02.sh:250: local log_rel=logs/go125-A-sync-C3.log
+C02 run-c02.sh:251: local log_abs=/home/lilingfeng/tmp/juicefs-c02-20260817-015425/logs/go125-A-sync-C3.log
+C02 run-c02.sh:253: cd /home/lilingfeng/tmp/juicefs-c02-20260817-015425/src/A-sync
+C02 run-c02.sh:253: env GOTOOLCHAIN=go1.25.7 GOCACHE=/home/lilingfeng/tmp/juicefs-c02-20260817-015425/cache/go-build-125 GOFLAGS=-mod=readonly GOPROXY=https://goproxy.cn,direct GOMODCACHE=/home/lilingfeng/tmp/juicefs-c02-20260817-015425/cache/go-mod GOTMPDIR=/home/lilingfeng/tmp/juicefs-c02-20260817-015425/cache/go-tmp TMPDIR=/home/lilingfeng/tmp/juicefs-c02-20260817-015425/cache/os-tmp go test ./pkg/vfs -run '^TestC02NonEIONewSliceDoesNotRetryBeforeFlush$' -count=1 -v -timeout=2m
+C02 run-c02.sh:256: local rc=1
+C02 run-c02.sh:257: local marker_count=0 pass_count=0 fail_count=0 forbidden_count=0 matched=NO
+C02 run-c02.sh:259: '[' -n C02_EXTRA_NEWSLICE_ATTEMPT ']'
++C02 run-c02.sh:260: grep -c C02_EXTRA_NEWSLICE_ATTEMPT /home/lilingfeng/tmp/juicefs-c02-20260817-015425/logs/go125-A-sync-C3.log
+C02 run-c02.sh:260: marker_count=1
++C02 run-c02.sh:262: grep -c -- '--- PASS: TestC02NonEIONewSliceDoesNotRetryBeforeFlush' /home/lilingfeng/tmp/juicefs-c02-20260817-015425/logs/go125-A-sync-C3.log
++C02 run-c02.sh:262: true
+C02 run-c02.sh:262: pass_count=0
++C02 run-c02.sh:263: grep -c -- '--- FAIL: TestC02NonEIONewSliceDoesNotRetryBeforeFlush' /home/lilingfeng/tmp/juicefs-c02-20260817-015425/logs/go125-A-sync-C3.log
+C02 run-c02.sh:263: fail_count=1
+C02 run-c02.sh:264: grep -Eq '\[build failed\]|panic:|fatal error:|test timed out|DATA RACE' /home/lilingfeng/tmp/juicefs-c02-20260817-015425/logs/go125-A-sync-C3.log
+C02 run-c02.sh:268: '[' FAIL = PASS ']'
+C02 run-c02.sh:272: '[' FAIL = FAIL ']'
+C02 run-c02.sh:273: '[' 1 -ne 0 ']'
+C02 run-c02.sh:273: '[' 1 -eq 1 ']'
+C02 run-c02.sh:273: '[' 1 -eq 1 ']'
+C02 run-c02.sh:273: '[' 0 -eq 0 ']'
+C02 run-c02.sh:274: matched=YES
+C02 run-c02.sh:278: printf '%s\n' 1
+C02 run-c02.sh:279: printf '%s\t%s\t%s\t%s\t%s\t%s\t%s\t%s\t%s\t%s\t%s\t%s\n' go125 A-sync C3 TestC02NonEIONewSliceDoesNotRetryBeforeFlush 1 FAIL 1 0 1 0 logs/go125-A-sync-C3.log YES
+C02 run-c02.sh:283: echo '  go125 A-sync C3: rc=1 matched=YES (expected=FAIL)'
+C02 run-c02.sh:312: for id in "${A_TESTS[@]}"
+C02 run-c02.sh:313: run_single_test go125 go1.25.7 /home/lilingfeng/tmp/juicefs-c02-20260817-015425/cache/go-build-125 A-sync F1
+C02 run-c02.sh:245: local tool=go125 tc=go1.25.7 bc=/home/lilingfeng/tmp/juicefs-c02-20260817-015425/cache/go-build-125 arm=A-sync id=F1
+C02 run-c02.sh:246: local test_name=TestC02TransientEIORecoversOnFreeze
+C02 run-c02.sh:247: local key=F1_A-sync
+C02 run-c02.sh:248: local expected_class=PASS
+C02 run-c02.sh:249: local expected_marker=
+C02 run-c02.sh:250: local log_rel=logs/go125-A-sync-F1.log
+C02 run-c02.sh:251: local log_abs=/home/lilingfeng/tmp/juicefs-c02-20260817-015425/logs/go125-A-sync-F1.log
+C02 run-c02.sh:253: cd /home/lilingfeng/tmp/juicefs-c02-20260817-015425/src/A-sync
+C02 run-c02.sh:253: env GOTOOLCHAIN=go1.25.7 GOCACHE=/home/lilingfeng/tmp/juicefs-c02-20260817-015425/cache/go-build-125 GOFLAGS=-mod=readonly GOPROXY=https://goproxy.cn,direct GOMODCACHE=/home/lilingfeng/tmp/juicefs-c02-20260817-015425/cache/go-mod GOTMPDIR=/home/lilingfeng/tmp/juicefs-c02-20260817-015425/cache/go-tmp TMPDIR=/home/lilingfeng/tmp/juicefs-c02-20260817-015425/cache/os-tmp go test ./pkg/vfs -run '^TestC02TransientEIORecoversOnFreeze$' -count=1 -v -timeout=2m
+C02 run-c02.sh:256: local rc=0
+C02 run-c02.sh:257: local marker_count=0 pass_count=0 fail_count=0 forbidden_count=0 matched=NO
+C02 run-c02.sh:259: '[' -n '' ']'
++C02 run-c02.sh:262: grep -c -- '--- PASS: TestC02TransientEIORecoversOnFreeze' /home/lilingfeng/tmp/juicefs-c02-20260817-015425/logs/go125-A-sync-F1.log
+C02 run-c02.sh:262: pass_count=1
++C02 run-c02.sh:263: grep -c -- '--- FAIL: TestC02TransientEIORecoversOnFreeze' /home/lilingfeng/tmp/juicefs-c02-20260817-015425/logs/go125-A-sync-F1.log
++C02 run-c02.sh:263: true
+C02 run-c02.sh:263: fail_count=0
+C02 run-c02.sh:264: grep -Eq '\[build failed\]|panic:|fatal error:|test timed out|DATA RACE' /home/lilingfeng/tmp/juicefs-c02-20260817-015425/logs/go125-A-sync-F1.log
+C02 run-c02.sh:268: '[' PASS = PASS ']'
+C02 run-c02.sh:269: '[' 0 -eq 0 ']'
+C02 run-c02.sh:269: '[' 1 -eq 1 ']'
+C02 run-c02.sh:269: '[' 0 -eq 0 ']'
+C02 run-c02.sh:269: '[' 0 -eq 0 ']'
+C02 run-c02.sh:270: matched=YES
+C02 run-c02.sh:278: printf '%s\n' 0
+C02 run-c02.sh:279: printf '%s\t%s\t%s\t%s\t%s\t%s\t%s\t%s\t%s\t%s\t%s\t%s\n' go125 A-sync F1 TestC02TransientEIORecoversOnFreeze 0 PASS 0 1 0 0 logs/go125-A-sync-F1.log YES
+C02 run-c02.sh:283: echo '  go125 A-sync F1: rc=0 matched=YES (expected=PASS)'
+C02 run-c02.sh:312: for id in "${A_TESTS[@]}"
+C02 run-c02.sh:313: run_single_test go125 go1.25.7 /home/lilingfeng/tmp/juicefs-c02-20260817-015425/cache/go-build-125 A-sync F2
+C02 run-c02.sh:245: local tool=go125 tc=go1.25.7 bc=/home/lilingfeng/tmp/juicefs-c02-20260817-015425/cache/go-build-125 arm=A-sync id=F2
+C02 run-c02.sh:246: local test_name=TestC02PermanentENOSPCAbortsFrozenSlice
+C02 run-c02.sh:247: local key=F2_A-sync
+C02 run-c02.sh:248: local expected_class=PASS
+C02 run-c02.sh:249: local expected_marker=
+C02 run-c02.sh:250: local log_rel=logs/go125-A-sync-F2.log
+C02 run-c02.sh:251: local log_abs=/home/lilingfeng/tmp/juicefs-c02-20260817-015425/logs/go125-A-sync-F2.log
+C02 run-c02.sh:253: cd /home/lilingfeng/tmp/juicefs-c02-20260817-015425/src/A-sync
+C02 run-c02.sh:253: env GOTOOLCHAIN=go1.25.7 GOCACHE=/home/lilingfeng/tmp/juicefs-c02-20260817-015425/cache/go-build-125 GOFLAGS=-mod=readonly GOPROXY=https://goproxy.cn,direct GOMODCACHE=/home/lilingfeng/tmp/juicefs-c02-20260817-015425/cache/go-mod GOTMPDIR=/home/lilingfeng/tmp/juicefs-c02-20260817-015425/cache/go-tmp TMPDIR=/home/lilingfeng/tmp/juicefs-c02-20260817-015425/cache/os-tmp go test ./pkg/vfs -run '^TestC02PermanentENOSPCAbortsFrozenSlice$' -count=1 -v -timeout=2m
+C02 run-c02.sh:256: local rc=0
+C02 run-c02.sh:257: local marker_count=0 pass_count=0 fail_count=0 forbidden_count=0 matched=NO
+C02 run-c02.sh:259: '[' -n '' ']'
++C02 run-c02.sh:262: grep -c -- '--- PASS: TestC02PermanentENOSPCAbortsFrozenSlice' /home/lilingfeng/tmp/juicefs-c02-20260817-015425/logs/go125-A-sync-F2.log
+C02 run-c02.sh:262: pass_count=1
++C02 run-c02.sh:263: grep -c -- '--- FAIL: TestC02PermanentENOSPCAbortsFrozenSlice' /home/lilingfeng/tmp/juicefs-c02-20260817-015425/logs/go125-A-sync-F2.log
++C02 run-c02.sh:263: true
+C02 run-c02.sh:263: fail_count=0
+C02 run-c02.sh:264: grep -Eq '\[build failed\]|panic:|fatal error:|test timed out|DATA RACE' /home/lilingfeng/tmp/juicefs-c02-20260817-015425/logs/go125-A-sync-F2.log
+C02 run-c02.sh:268: '[' PASS = PASS ']'
+C02 run-c02.sh:269: '[' 0 -eq 0 ']'
+C02 run-c02.sh:269: '[' 1 -eq 1 ']'
+C02 run-c02.sh:269: '[' 0 -eq 0 ']'
+C02 run-c02.sh:269: '[' 0 -eq 0 ']'
+C02 run-c02.sh:270: matched=YES
+C02 run-c02.sh:278: printf '%s\n' 0
+C02 run-c02.sh:279: printf '%s\t%s\t%s\t%s\t%s\t%s\t%s\t%s\t%s\t%s\t%s\t%s\n' go125 A-sync F2 TestC02PermanentENOSPCAbortsFrozenSlice 0 PASS 0 1 0 0 logs/go125-A-sync-F2.log YES
+C02 run-c02.sh:283: echo '  go125 A-sync F2: rc=0 matched=YES (expected=PASS)'
+C02 run-c02.sh:312: for id in "${A_TESTS[@]}"
+C02 run-c02.sh:313: run_single_test go125 go1.25.7 /home/lilingfeng/tmp/juicefs-c02-20260817-015425/cache/go-build-125 A-sync F3
+C02 run-c02.sh:245: local tool=go125 tc=go1.25.7 bc=/home/lilingfeng/tmp/juicefs-c02-20260817-015425/cache/go-build-125 arm=A-sync id=F3
+C02 run-c02.sh:246: local test_name=TestC02FrozenSliceSkipsCatchupFlush
+C02 run-c02.sh:247: local key=F3_A-sync
+C02 run-c02.sh:248: local expected_class=PASS
+C02 run-c02.sh:249: local expected_marker=
+C02 run-c02.sh:250: local log_rel=logs/go125-A-sync-F3.log
+C02 run-c02.sh:251: local log_abs=/home/lilingfeng/tmp/juicefs-c02-20260817-015425/logs/go125-A-sync-F3.log
+C02 run-c02.sh:253: cd /home/lilingfeng/tmp/juicefs-c02-20260817-015425/src/A-sync
+C02 run-c02.sh:253: env GOTOOLCHAIN=go1.25.7 GOCACHE=/home/lilingfeng/tmp/juicefs-c02-20260817-015425/cache/go-build-125 GOFLAGS=-mod=readonly GOPROXY=https://goproxy.cn,direct GOMODCACHE=/home/lilingfeng/tmp/juicefs-c02-20260817-015425/cache/go-mod GOTMPDIR=/home/lilingfeng/tmp/juicefs-c02-20260817-015425/cache/go-tmp TMPDIR=/home/lilingfeng/tmp/juicefs-c02-20260817-015425/cache/os-tmp go test ./pkg/vfs -run '^TestC02FrozenSliceSkipsCatchupFlush$' -count=1 -v -timeout=2m
+C02 run-c02.sh:256: local rc=0
+C02 run-c02.sh:257: local marker_count=0 pass_count=0 fail_count=0 forbidden_count=0 matched=NO
+C02 run-c02.sh:259: '[' -n '' ']'
++C02 run-c02.sh:262: grep -c -- '--- PASS: TestC02FrozenSliceSkipsCatchupFlush' /home/lilingfeng/tmp/juicefs-c02-20260817-015425/logs/go125-A-sync-F3.log
+C02 run-c02.sh:262: pass_count=1
++C02 run-c02.sh:263: grep -c -- '--- FAIL: TestC02FrozenSliceSkipsCatchupFlush' /home/lilingfeng/tmp/juicefs-c02-20260817-015425/logs/go125-A-sync-F3.log
++C02 run-c02.sh:263: true
+C02 run-c02.sh:263: fail_count=0
+C02 run-c02.sh:264: grep -Eq '\[build failed\]|panic:|fatal error:|test timed out|DATA RACE' /home/lilingfeng/tmp/juicefs-c02-20260817-015425/logs/go125-A-sync-F3.log
+C02 run-c02.sh:268: '[' PASS = PASS ']'
+C02 run-c02.sh:269: '[' 0 -eq 0 ']'
+C02 run-c02.sh:269: '[' 1 -eq 1 ']'
+C02 run-c02.sh:269: '[' 0 -eq 0 ']'
+C02 run-c02.sh:269: '[' 0 -eq 0 ']'
+C02 run-c02.sh:270: matched=YES
+C02 run-c02.sh:278: printf '%s\n' 0
+C02 run-c02.sh:279: printf '%s\t%s\t%s\t%s\t%s\t%s\t%s\t%s\t%s\t%s\t%s\t%s\n' go125 A-sync F3 TestC02FrozenSliceSkipsCatchupFlush 0 PASS 0 1 0 0 logs/go125-A-sync-F3.log YES
+C02 run-c02.sh:283: echo '  go125 A-sync F3: rc=0 matched=YES (expected=PASS)'
+C02 run-c02.sh:312: for id in "${A_TESTS[@]}"
+C02 run-c02.sh:313: run_single_test go125 go1.25.7 /home/lilingfeng/tmp/juicefs-c02-20260817-015425/cache/go-build-125 A-sync K1
+C02 run-c02.sh:245: local tool=go125 tc=go1.25.7 bc=/home/lilingfeng/tmp/juicefs-c02-20260817-015425/cache/go-build-125 arm=A-sync id=K1
+C02 run-c02.sh:246: local test_name=TestC02ConcurrentIndependentFullBlocks
+C02 run-c02.sh:247: local key=K1_A-sync
+C02 run-c02.sh:248: local expected_class=PASS
+C02 run-c02.sh:249: local expected_marker=
+C02 run-c02.sh:250: local log_rel=logs/go125-A-sync-K1.log
+C02 run-c02.sh:251: local log_abs=/home/lilingfeng/tmp/juicefs-c02-20260817-015425/logs/go125-A-sync-K1.log
+C02 run-c02.sh:253: cd /home/lilingfeng/tmp/juicefs-c02-20260817-015425/src/A-sync
+C02 run-c02.sh:253: env GOTOOLCHAIN=go1.25.7 GOCACHE=/home/lilingfeng/tmp/juicefs-c02-20260817-015425/cache/go-build-125 GOFLAGS=-mod=readonly GOPROXY=https://goproxy.cn,direct GOMODCACHE=/home/lilingfeng/tmp/juicefs-c02-20260817-015425/cache/go-mod GOTMPDIR=/home/lilingfeng/tmp/juicefs-c02-20260817-015425/cache/go-tmp TMPDIR=/home/lilingfeng/tmp/juicefs-c02-20260817-015425/cache/os-tmp go test ./pkg/vfs -run '^TestC02ConcurrentIndependentFullBlocks$' -count=1 -v -timeout=2m
+C02 run-c02.sh:256: local rc=0
+C02 run-c02.sh:257: local marker_count=0 pass_count=0 fail_count=0 forbidden_count=0 matched=NO
+C02 run-c02.sh:259: '[' -n '' ']'
++C02 run-c02.sh:262: grep -c -- '--- PASS: TestC02ConcurrentIndependentFullBlocks' /home/lilingfeng/tmp/juicefs-c02-20260817-015425/logs/go125-A-sync-K1.log
+C02 run-c02.sh:262: pass_count=1
++C02 run-c02.sh:263: grep -c -- '--- FAIL: TestC02ConcurrentIndependentFullBlocks' /home/lilingfeng/tmp/juicefs-c02-20260817-015425/logs/go125-A-sync-K1.log
++C02 run-c02.sh:263: true
+C02 run-c02.sh:263: fail_count=0
+C02 run-c02.sh:264: grep -Eq '\[build failed\]|panic:|fatal error:|test timed out|DATA RACE' /home/lilingfeng/tmp/juicefs-c02-20260817-015425/logs/go125-A-sync-K1.log
+C02 run-c02.sh:268: '[' PASS = PASS ']'
+C02 run-c02.sh:269: '[' 0 -eq 0 ']'
+C02 run-c02.sh:269: '[' 1 -eq 1 ']'
+C02 run-c02.sh:269: '[' 0 -eq 0 ']'
+C02 run-c02.sh:269: '[' 0 -eq 0 ']'
+C02 run-c02.sh:270: matched=YES
+C02 run-c02.sh:278: printf '%s\n' 0
+C02 run-c02.sh:279: printf '%s\t%s\t%s\t%s\t%s\t%s\t%s\t%s\t%s\t%s\t%s\t%s\n' go125 A-sync K1 TestC02ConcurrentIndependentFullBlocks 0 PASS 0 1 0 0 logs/go125-A-sync-K1.log YES
+C02 run-c02.sh:283: echo '  go125 A-sync K1: rc=0 matched=YES (expected=PASS)'
+C02 run-c02.sh:317: for id in "${B_TESTS[@]}"
+C02 run-c02.sh:318: run_single_test go125 go1.25.7 /home/lilingfeng/tmp/juicefs-c02-20260817-015425/cache/go-build-125 B-async-catchup R1
+C02 run-c02.sh:245: local tool=go125 tc=go1.25.7 bc=/home/lilingfeng/tmp/juicefs-c02-20260817-015425/cache/go-build-125 arm=B-async-catchup id=R1
+C02 run-c02.sh:246: local test_name=TestC02FullBlockDispatchAfterDelayedID
+C02 run-c02.sh:247: local key=R1_B-async-catchup
+C02 run-c02.sh:248: local expected_class=PASS
+C02 run-c02.sh:249: local expected_marker=
+C02 run-c02.sh:250: local log_rel=logs/go125-B-async-catchup-R1.log
+C02 run-c02.sh:251: local log_abs=/home/lilingfeng/tmp/juicefs-c02-20260817-015425/logs/go125-B-async-catchup-R1.log
+C02 run-c02.sh:253: cd /home/lilingfeng/tmp/juicefs-c02-20260817-015425/src/B-async-catchup
+C02 run-c02.sh:253: env GOTOOLCHAIN=go1.25.7 GOCACHE=/home/lilingfeng/tmp/juicefs-c02-20260817-015425/cache/go-build-125 GOFLAGS=-mod=readonly GOPROXY=https://goproxy.cn,direct GOMODCACHE=/home/lilingfeng/tmp/juicefs-c02-20260817-015425/cache/go-mod GOTMPDIR=/home/lilingfeng/tmp/juicefs-c02-20260817-015425/cache/go-tmp TMPDIR=/home/lilingfeng/tmp/juicefs-c02-20260817-015425/cache/os-tmp go test ./pkg/vfs -run '^TestC02FullBlockDispatchAfterDelayedID$' -count=1 -v -timeout=2m
+C02 run-c02.sh:256: local rc=0
+C02 run-c02.sh:257: local marker_count=0 pass_count=0 fail_count=0 forbidden_count=0 matched=NO
+C02 run-c02.sh:259: '[' -n '' ']'
++C02 run-c02.sh:262: grep -c -- '--- PASS: TestC02FullBlockDispatchAfterDelayedID' /home/lilingfeng/tmp/juicefs-c02-20260817-015425/logs/go125-B-async-catchup-R1.log
+C02 run-c02.sh:262: pass_count=1
++C02 run-c02.sh:263: grep -c -- '--- FAIL: TestC02FullBlockDispatchAfterDelayedID' /home/lilingfeng/tmp/juicefs-c02-20260817-015425/logs/go125-B-async-catchup-R1.log
++C02 run-c02.sh:263: true
+C02 run-c02.sh:263: fail_count=0
+C02 run-c02.sh:264: grep -Eq '\[build failed\]|panic:|fatal error:|test timed out|DATA RACE' /home/lilingfeng/tmp/juicefs-c02-20260817-015425/logs/go125-B-async-catchup-R1.log
+C02 run-c02.sh:268: '[' PASS = PASS ']'
+C02 run-c02.sh:269: '[' 0 -eq 0 ']'
+C02 run-c02.sh:269: '[' 1 -eq 1 ']'
+C02 run-c02.sh:269: '[' 0 -eq 0 ']'
+C02 run-c02.sh:269: '[' 0 -eq 0 ']'
+C02 run-c02.sh:270: matched=YES
+C02 run-c02.sh:278: printf '%s\n' 0
+C02 run-c02.sh:279: printf '%s\t%s\t%s\t%s\t%s\t%s\t%s\t%s\t%s\t%s\t%s\t%s\n' go125 B-async-catchup R1 TestC02FullBlockDispatchAfterDelayedID 0 PASS 0 1 0 0 logs/go125-B-async-catchup-R1.log YES
+C02 run-c02.sh:283: echo '  go125 B-async-catchup R1: rc=0 matched=YES (expected=PASS)'
+C02 run-c02.sh:317: for id in "${B_TESTS[@]}"
+C02 run-c02.sh:318: run_single_test go125 go1.25.7 /home/lilingfeng/tmp/juicefs-c02-20260817-015425/cache/go-build-125 B-async-catchup R2
+C02 run-c02.sh:245: local tool=go125 tc=go1.25.7 bc=/home/lilingfeng/tmp/juicefs-c02-20260817-015425/cache/go-build-125 arm=B-async-catchup id=R2
+C02 run-c02.sh:246: local test_name=TestC02MultiBlockDispatchUsesLatestLength
+C02 run-c02.sh:247: local key=R2_B-async-catchup
+C02 run-c02.sh:248: local expected_class=PASS
+C02 run-c02.sh:249: local expected_marker=
+C02 run-c02.sh:250: local log_rel=logs/go125-B-async-catchup-R2.log
+C02 run-c02.sh:251: local log_abs=/home/lilingfeng/tmp/juicefs-c02-20260817-015425/logs/go125-B-async-catchup-R2.log
+C02 run-c02.sh:253: cd /home/lilingfeng/tmp/juicefs-c02-20260817-015425/src/B-async-catchup
+C02 run-c02.sh:253: env GOTOOLCHAIN=go1.25.7 GOCACHE=/home/lilingfeng/tmp/juicefs-c02-20260817-015425/cache/go-build-125 GOFLAGS=-mod=readonly GOPROXY=https://goproxy.cn,direct GOMODCACHE=/home/lilingfeng/tmp/juicefs-c02-20260817-015425/cache/go-mod GOTMPDIR=/home/lilingfeng/tmp/juicefs-c02-20260817-015425/cache/go-tmp TMPDIR=/home/lilingfeng/tmp/juicefs-c02-20260817-015425/cache/os-tmp go test ./pkg/vfs -run '^TestC02MultiBlockDispatchUsesLatestLength$' -count=1 -v -timeout=2m
+C02 run-c02.sh:256: local rc=0
+C02 run-c02.sh:257: local marker_count=0 pass_count=0 fail_count=0 forbidden_count=0 matched=NO
+C02 run-c02.sh:259: '[' -n '' ']'
++C02 run-c02.sh:262: grep -c -- '--- PASS: TestC02MultiBlockDispatchUsesLatestLength' /home/lilingfeng/tmp/juicefs-c02-20260817-015425/logs/go125-B-async-catchup-R2.log
+C02 run-c02.sh:262: pass_count=1
++C02 run-c02.sh:263: grep -c -- '--- FAIL: TestC02MultiBlockDispatchUsesLatestLength' /home/lilingfeng/tmp/juicefs-c02-20260817-015425/logs/go125-B-async-catchup-R2.log
++C02 run-c02.sh:263: true
+C02 run-c02.sh:263: fail_count=0
+C02 run-c02.sh:264: grep -Eq '\[build failed\]|panic:|fatal error:|test timed out|DATA RACE' /home/lilingfeng/tmp/juicefs-c02-20260817-015425/logs/go125-B-async-catchup-R2.log
+C02 run-c02.sh:268: '[' PASS = PASS ']'
+C02 run-c02.sh:269: '[' 0 -eq 0 ']'
+C02 run-c02.sh:269: '[' 1 -eq 1 ']'
+C02 run-c02.sh:269: '[' 0 -eq 0 ']'
+C02 run-c02.sh:269: '[' 0 -eq 0 ']'
+C02 run-c02.sh:270: matched=YES
+C02 run-c02.sh:278: printf '%s\n' 0
+C02 run-c02.sh:279: printf '%s\t%s\t%s\t%s\t%s\t%s\t%s\t%s\t%s\t%s\t%s\t%s\n' go125 B-async-catchup R2 TestC02MultiBlockDispatchUsesLatestLength 0 PASS 0 1 0 0 logs/go125-B-async-catchup-R2.log YES
+C02 run-c02.sh:283: echo '  go125 B-async-catchup R2: rc=0 matched=YES (expected=PASS)'
+C02 run-c02.sh:317: for id in "${B_TESTS[@]}"
+C02 run-c02.sh:318: run_single_test go125 go1.25.7 /home/lilingfeng/tmp/juicefs-c02-20260817-015425/cache/go-build-125 B-async-catchup R3
+C02 run-c02.sh:245: local tool=go125 tc=go1.25.7 bc=/home/lilingfeng/tmp/juicefs-c02-20260817-015425/cache/go-build-125 arm=B-async-catchup id=R3
+C02 run-c02.sh:246: local test_name=TestC02FlushToFailureIsObservable
+C02 run-c02.sh:247: local key=R3_B-async-catchup
+C02 run-c02.sh:248: local expected_class=PASS
+C02 run-c02.sh:249: local expected_marker=
+C02 run-c02.sh:250: local log_rel=logs/go125-B-async-catchup-R3.log
+C02 run-c02.sh:251: local log_abs=/home/lilingfeng/tmp/juicefs-c02-20260817-015425/logs/go125-B-async-catchup-R3.log
+C02 run-c02.sh:253: cd /home/lilingfeng/tmp/juicefs-c02-20260817-015425/src/B-async-catchup
+C02 run-c02.sh:253: env GOTOOLCHAIN=go1.25.7 GOCACHE=/home/lilingfeng/tmp/juicefs-c02-20260817-015425/cache/go-build-125 GOFLAGS=-mod=readonly GOPROXY=https://goproxy.cn,direct GOMODCACHE=/home/lilingfeng/tmp/juicefs-c02-20260817-015425/cache/go-mod GOTMPDIR=/home/lilingfeng/tmp/juicefs-c02-20260817-015425/cache/go-tmp TMPDIR=/home/lilingfeng/tmp/juicefs-c02-20260817-015425/cache/os-tmp go test ./pkg/vfs -run '^TestC02FlushToFailureIsObservable$' -count=1 -v -timeout=2m
+C02 run-c02.sh:256: local rc=0
+C02 run-c02.sh:257: local marker_count=0 pass_count=0 fail_count=0 forbidden_count=0 matched=NO
+C02 run-c02.sh:259: '[' -n '' ']'
++C02 run-c02.sh:262: grep -c -- '--- PASS: TestC02FlushToFailureIsObservable' /home/lilingfeng/tmp/juicefs-c02-20260817-015425/logs/go125-B-async-catchup-R3.log
+C02 run-c02.sh:262: pass_count=1
++C02 run-c02.sh:263: grep -c -- '--- FAIL: TestC02FlushToFailureIsObservable' /home/lilingfeng/tmp/juicefs-c02-20260817-015425/logs/go125-B-async-catchup-R3.log
++C02 run-c02.sh:263: true
+C02 run-c02.sh:263: fail_count=0
+C02 run-c02.sh:264: grep -Eq '\[build failed\]|panic:|fatal error:|test timed out|DATA RACE' /home/lilingfeng/tmp/juicefs-c02-20260817-015425/logs/go125-B-async-catchup-R3.log
+C02 run-c02.sh:268: '[' PASS = PASS ']'
+C02 run-c02.sh:269: '[' 0 -eq 0 ']'
+C02 run-c02.sh:269: '[' 1 -eq 1 ']'
+C02 run-c02.sh:269: '[' 0 -eq 0 ']'
+C02 run-c02.sh:269: '[' 0 -eq 0 ']'
+C02 run-c02.sh:270: matched=YES
+C02 run-c02.sh:278: printf '%s\n' 0
+C02 run-c02.sh:279: printf '%s\t%s\t%s\t%s\t%s\t%s\t%s\t%s\t%s\t%s\t%s\t%s\n' go125 B-async-catchup R3 TestC02FlushToFailureIsObservable 0 PASS 0 1 0 0 logs/go125-B-async-catchup-R3.log YES
+C02 run-c02.sh:283: echo '  go125 B-async-catchup R3: rc=0 matched=YES (expected=PASS)'
+C02 run-c02.sh:317: for id in "${B_TESTS[@]}"
+C02 run-c02.sh:318: run_single_test go125 go1.25.7 /home/lilingfeng/tmp/juicefs-c02-20260817-015425/cache/go-build-125 B-async-catchup C1
+C02 run-c02.sh:245: local tool=go125 tc=go1.25.7 bc=/home/lilingfeng/tmp/juicefs-c02-20260817-015425/cache/go-build-125 arm=B-async-catchup id=C1
+C02 run-c02.sh:246: local test_name=TestC02PartialThenFullAfterIDDispatchesOnce
+C02 run-c02.sh:247: local key=C1_B-async-catchup
+C02 run-c02.sh:248: local expected_class=PASS
+C02 run-c02.sh:249: local expected_marker=
+C02 run-c02.sh:250: local log_rel=logs/go125-B-async-catchup-C1.log
+C02 run-c02.sh:251: local log_abs=/home/lilingfeng/tmp/juicefs-c02-20260817-015425/logs/go125-B-async-catchup-C1.log
+C02 run-c02.sh:253: cd /home/lilingfeng/tmp/juicefs-c02-20260817-015425/src/B-async-catchup
+C02 run-c02.sh:253: env GOTOOLCHAIN=go1.25.7 GOCACHE=/home/lilingfeng/tmp/juicefs-c02-20260817-015425/cache/go-build-125 GOFLAGS=-mod=readonly GOPROXY=https://goproxy.cn,direct GOMODCACHE=/home/lilingfeng/tmp/juicefs-c02-20260817-015425/cache/go-mod GOTMPDIR=/home/lilingfeng/tmp/juicefs-c02-20260817-015425/cache/go-tmp TMPDIR=/home/lilingfeng/tmp/juicefs-c02-20260817-015425/cache/os-tmp go test ./pkg/vfs -run '^TestC02PartialThenFullAfterIDDispatchesOnce$' -count=1 -v -timeout=2m
+C02 run-c02.sh:256: local rc=0
+C02 run-c02.sh:257: local marker_count=0 pass_count=0 fail_count=0 forbidden_count=0 matched=NO
+C02 run-c02.sh:259: '[' -n '' ']'
++C02 run-c02.sh:262: grep -c -- '--- PASS: TestC02PartialThenFullAfterIDDispatchesOnce' /home/lilingfeng/tmp/juicefs-c02-20260817-015425/logs/go125-B-async-catchup-C1.log
+C02 run-c02.sh:262: pass_count=1
++C02 run-c02.sh:263: grep -c -- '--- FAIL: TestC02PartialThenFullAfterIDDispatchesOnce' /home/lilingfeng/tmp/juicefs-c02-20260817-015425/logs/go125-B-async-catchup-C1.log
++C02 run-c02.sh:263: true
+C02 run-c02.sh:263: fail_count=0
+C02 run-c02.sh:264: grep -Eq '\[build failed\]|panic:|fatal error:|test timed out|DATA RACE' /home/lilingfeng/tmp/juicefs-c02-20260817-015425/logs/go125-B-async-catchup-C1.log
+C02 run-c02.sh:268: '[' PASS = PASS ']'
+C02 run-c02.sh:269: '[' 0 -eq 0 ']'
+C02 run-c02.sh:269: '[' 1 -eq 1 ']'
+C02 run-c02.sh:269: '[' 0 -eq 0 ']'
+C02 run-c02.sh:269: '[' 0 -eq 0 ']'
+C02 run-c02.sh:270: matched=YES
+C02 run-c02.sh:278: printf '%s\n' 0
+C02 run-c02.sh:279: printf '%s\t%s\t%s\t%s\t%s\t%s\t%s\t%s\t%s\t%s\t%s\t%s\n' go125 B-async-catchup C1 TestC02PartialThenFullAfterIDDispatchesOnce 0 PASS 0 1 0 0 logs/go125-B-async-catchup-C1.log YES
+C02 run-c02.sh:283: echo '  go125 B-async-catchup C1: rc=0 matched=YES (expected=PASS)'
+C02 run-c02.sh:317: for id in "${B_TESTS[@]}"
+C02 run-c02.sh:318: run_single_test go125 go1.25.7 /home/lilingfeng/tmp/juicefs-c02-20260817-015425/cache/go-build-125 B-async-catchup C2
+C02 run-c02.sh:245: local tool=go125 tc=go1.25.7 bc=/home/lilingfeng/tmp/juicefs-c02-20260817-015425/cache/go-build-125 arm=B-async-catchup id=C2
+C02 run-c02.sh:246: local test_name=TestC02DelayedNewSliceDoesNotBlockWriteAt
+C02 run-c02.sh:247: local key=C2_B-async-catchup
+C02 run-c02.sh:248: local expected_class=PASS
+C02 run-c02.sh:249: local expected_marker=
+C02 run-c02.sh:250: local log_rel=logs/go125-B-async-catchup-C2.log
+C02 run-c02.sh:251: local log_abs=/home/lilingfeng/tmp/juicefs-c02-20260817-015425/logs/go125-B-async-catchup-C2.log
+C02 run-c02.sh:253: cd /home/lilingfeng/tmp/juicefs-c02-20260817-015425/src/B-async-catchup
+C02 run-c02.sh:253: env GOTOOLCHAIN=go1.25.7 GOCACHE=/home/lilingfeng/tmp/juicefs-c02-20260817-015425/cache/go-build-125 GOFLAGS=-mod=readonly GOPROXY=https://goproxy.cn,direct GOMODCACHE=/home/lilingfeng/tmp/juicefs-c02-20260817-015425/cache/go-mod GOTMPDIR=/home/lilingfeng/tmp/juicefs-c02-20260817-015425/cache/go-tmp TMPDIR=/home/lilingfeng/tmp/juicefs-c02-20260817-015425/cache/os-tmp go test ./pkg/vfs -run '^TestC02DelayedNewSliceDoesNotBlockWriteAt$' -count=1 -v -timeout=2m
+C02 run-c02.sh:256: local rc=0
+C02 run-c02.sh:257: local marker_count=0 pass_count=0 fail_count=0 forbidden_count=0 matched=NO
+C02 run-c02.sh:259: '[' -n '' ']'
++C02 run-c02.sh:262: grep -c -- '--- PASS: TestC02DelayedNewSliceDoesNotBlockWriteAt' /home/lilingfeng/tmp/juicefs-c02-20260817-015425/logs/go125-B-async-catchup-C2.log
+C02 run-c02.sh:262: pass_count=1
++C02 run-c02.sh:263: grep -c -- '--- FAIL: TestC02DelayedNewSliceDoesNotBlockWriteAt' /home/lilingfeng/tmp/juicefs-c02-20260817-015425/logs/go125-B-async-catchup-C2.log
++C02 run-c02.sh:263: true
+C02 run-c02.sh:263: fail_count=0
+C02 run-c02.sh:264: grep -Eq '\[build failed\]|panic:|fatal error:|test timed out|DATA RACE' /home/lilingfeng/tmp/juicefs-c02-20260817-015425/logs/go125-B-async-catchup-C2.log
+C02 run-c02.sh:268: '[' PASS = PASS ']'
+C02 run-c02.sh:269: '[' 0 -eq 0 ']'
+C02 run-c02.sh:269: '[' 1 -eq 1 ']'
+C02 run-c02.sh:269: '[' 0 -eq 0 ']'
+C02 run-c02.sh:269: '[' 0 -eq 0 ']'
+C02 run-c02.sh:270: matched=YES
+C02 run-c02.sh:278: printf '%s\n' 0
+C02 run-c02.sh:279: printf '%s\t%s\t%s\t%s\t%s\t%s\t%s\t%s\t%s\t%s\t%s\t%s\n' go125 B-async-catchup C2 TestC02DelayedNewSliceDoesNotBlockWriteAt 0 PASS 0 1 0 0 logs/go125-B-async-catchup-C2.log YES
+C02 run-c02.sh:283: echo '  go125 B-async-catchup C2: rc=0 matched=YES (expected=PASS)'
+C02 run-c02.sh:317: for id in "${B_TESTS[@]}"
+C02 run-c02.sh:318: run_single_test go125 go1.25.7 /home/lilingfeng/tmp/juicefs-c02-20260817-015425/cache/go-build-125 B-async-catchup C3
+C02 run-c02.sh:245: local tool=go125 tc=go1.25.7 bc=/home/lilingfeng/tmp/juicefs-c02-20260817-015425/cache/go-build-125 arm=B-async-catchup id=C3
+C02 run-c02.sh:246: local test_name=TestC02NonEIONewSliceDoesNotRetryBeforeFlush
+C02 run-c02.sh:247: local key=C3_B-async-catchup
+C02 run-c02.sh:248: local expected_class=PASS
+C02 run-c02.sh:249: local expected_marker=
+C02 run-c02.sh:250: local log_rel=logs/go125-B-async-catchup-C3.log
+C02 run-c02.sh:251: local log_abs=/home/lilingfeng/tmp/juicefs-c02-20260817-015425/logs/go125-B-async-catchup-C3.log
+C02 run-c02.sh:253: cd /home/lilingfeng/tmp/juicefs-c02-20260817-015425/src/B-async-catchup
+C02 run-c02.sh:253: env GOTOOLCHAIN=go1.25.7 GOCACHE=/home/lilingfeng/tmp/juicefs-c02-20260817-015425/cache/go-build-125 GOFLAGS=-mod=readonly GOPROXY=https://goproxy.cn,direct GOMODCACHE=/home/lilingfeng/tmp/juicefs-c02-20260817-015425/cache/go-mod GOTMPDIR=/home/lilingfeng/tmp/juicefs-c02-20260817-015425/cache/go-tmp TMPDIR=/home/lilingfeng/tmp/juicefs-c02-20260817-015425/cache/os-tmp go test ./pkg/vfs -run '^TestC02NonEIONewSliceDoesNotRetryBeforeFlush$' -count=1 -v -timeout=2m
+C02 run-c02.sh:256: local rc=0
+C02 run-c02.sh:257: local marker_count=0 pass_count=0 fail_count=0 forbidden_count=0 matched=NO
+C02 run-c02.sh:259: '[' -n '' ']'
++C02 run-c02.sh:262: grep -c -- '--- PASS: TestC02NonEIONewSliceDoesNotRetryBeforeFlush' /home/lilingfeng/tmp/juicefs-c02-20260817-015425/logs/go125-B-async-catchup-C3.log
+C02 run-c02.sh:262: pass_count=1
++C02 run-c02.sh:263: grep -c -- '--- FAIL: TestC02NonEIONewSliceDoesNotRetryBeforeFlush' /home/lilingfeng/tmp/juicefs-c02-20260817-015425/logs/go125-B-async-catchup-C3.log
++C02 run-c02.sh:263: true
+C02 run-c02.sh:263: fail_count=0
+C02 run-c02.sh:264: grep -Eq '\[build failed\]|panic:|fatal error:|test timed out|DATA RACE' /home/lilingfeng/tmp/juicefs-c02-20260817-015425/logs/go125-B-async-catchup-C3.log
+C02 run-c02.sh:268: '[' PASS = PASS ']'
+C02 run-c02.sh:269: '[' 0 -eq 0 ']'
+C02 run-c02.sh:269: '[' 1 -eq 1 ']'
+C02 run-c02.sh:269: '[' 0 -eq 0 ']'
+C02 run-c02.sh:269: '[' 0 -eq 0 ']'
+C02 run-c02.sh:270: matched=YES
+C02 run-c02.sh:278: printf '%s\n' 0
+C02 run-c02.sh:279: printf '%s\t%s\t%s\t%s\t%s\t%s\t%s\t%s\t%s\t%s\t%s\t%s\n' go125 B-async-catchup C3 TestC02NonEIONewSliceDoesNotRetryBeforeFlush 0 PASS 0 1 0 0 logs/go125-B-async-catchup-C3.log YES
+C02 run-c02.sh:283: echo '  go125 B-async-catchup C3: rc=0 matched=YES (expected=PASS)'
+C02 run-c02.sh:317: for id in "${B_TESTS[@]}"
+C02 run-c02.sh:318: run_single_test go125 go1.25.7 /home/lilingfeng/tmp/juicefs-c02-20260817-015425/cache/go-build-125 B-async-catchup F1
+C02 run-c02.sh:245: local tool=go125 tc=go1.25.7 bc=/home/lilingfeng/tmp/juicefs-c02-20260817-015425/cache/go-build-125 arm=B-async-catchup id=F1
+C02 run-c02.sh:246: local test_name=TestC02TransientEIORecoversOnFreeze
+C02 run-c02.sh:247: local key=F1_B-async-catchup
+C02 run-c02.sh:248: local expected_class=PASS
+C02 run-c02.sh:249: local expected_marker=
+C02 run-c02.sh:250: local log_rel=logs/go125-B-async-catchup-F1.log
+C02 run-c02.sh:251: local log_abs=/home/lilingfeng/tmp/juicefs-c02-20260817-015425/logs/go125-B-async-catchup-F1.log
+C02 run-c02.sh:253: cd /home/lilingfeng/tmp/juicefs-c02-20260817-015425/src/B-async-catchup
+C02 run-c02.sh:253: env GOTOOLCHAIN=go1.25.7 GOCACHE=/home/lilingfeng/tmp/juicefs-c02-20260817-015425/cache/go-build-125 GOFLAGS=-mod=readonly GOPROXY=https://goproxy.cn,direct GOMODCACHE=/home/lilingfeng/tmp/juicefs-c02-20260817-015425/cache/go-mod GOTMPDIR=/home/lilingfeng/tmp/juicefs-c02-20260817-015425/cache/go-tmp TMPDIR=/home/lilingfeng/tmp/juicefs-c02-20260817-015425/cache/os-tmp go test ./pkg/vfs -run '^TestC02TransientEIORecoversOnFreeze$' -count=1 -v -timeout=2m
+C02 run-c02.sh:256: local rc=0
+C02 run-c02.sh:257: local marker_count=0 pass_count=0 fail_count=0 forbidden_count=0 matched=NO
+C02 run-c02.sh:259: '[' -n '' ']'
++C02 run-c02.sh:262: grep -c -- '--- PASS: TestC02TransientEIORecoversOnFreeze' /home/lilingfeng/tmp/juicefs-c02-20260817-015425/logs/go125-B-async-catchup-F1.log
+C02 run-c02.sh:262: pass_count=1
++C02 run-c02.sh:263: grep -c -- '--- FAIL: TestC02TransientEIORecoversOnFreeze' /home/lilingfeng/tmp/juicefs-c02-20260817-015425/logs/go125-B-async-catchup-F1.log
++C02 run-c02.sh:263: true
+C02 run-c02.sh:263: fail_count=0
+C02 run-c02.sh:264: grep -Eq '\[build failed\]|panic:|fatal error:|test timed out|DATA RACE' /home/lilingfeng/tmp/juicefs-c02-20260817-015425/logs/go125-B-async-catchup-F1.log
+C02 run-c02.sh:268: '[' PASS = PASS ']'
+C02 run-c02.sh:269: '[' 0 -eq 0 ']'
+C02 run-c02.sh:269: '[' 1 -eq 1 ']'
+C02 run-c02.sh:269: '[' 0 -eq 0 ']'
+C02 run-c02.sh:269: '[' 0 -eq 0 ']'
+C02 run-c02.sh:270: matched=YES
+C02 run-c02.sh:278: printf '%s\n' 0
+C02 run-c02.sh:279: printf '%s\t%s\t%s\t%s\t%s\t%s\t%s\t%s\t%s\t%s\t%s\t%s\n' go125 B-async-catchup F1 TestC02TransientEIORecoversOnFreeze 0 PASS 0 1 0 0 logs/go125-B-async-catchup-F1.log YES
+C02 run-c02.sh:283: echo '  go125 B-async-catchup F1: rc=0 matched=YES (expected=PASS)'
+C02 run-c02.sh:317: for id in "${B_TESTS[@]}"
+C02 run-c02.sh:318: run_single_test go125 go1.25.7 /home/lilingfeng/tmp/juicefs-c02-20260817-015425/cache/go-build-125 B-async-catchup F2
+C02 run-c02.sh:245: local tool=go125 tc=go1.25.7 bc=/home/lilingfeng/tmp/juicefs-c02-20260817-015425/cache/go-build-125 arm=B-async-catchup id=F2
+C02 run-c02.sh:246: local test_name=TestC02PermanentENOSPCAbortsFrozenSlice
+C02 run-c02.sh:247: local key=F2_B-async-catchup
+C02 run-c02.sh:248: local expected_class=PASS
+C02 run-c02.sh:249: local expected_marker=
+C02 run-c02.sh:250: local log_rel=logs/go125-B-async-catchup-F2.log
+C02 run-c02.sh:251: local log_abs=/home/lilingfeng/tmp/juicefs-c02-20260817-015425/logs/go125-B-async-catchup-F2.log
+C02 run-c02.sh:253: cd /home/lilingfeng/tmp/juicefs-c02-20260817-015425/src/B-async-catchup
+C02 run-c02.sh:253: env GOTOOLCHAIN=go1.25.7 GOCACHE=/home/lilingfeng/tmp/juicefs-c02-20260817-015425/cache/go-build-125 GOFLAGS=-mod=readonly GOPROXY=https://goproxy.cn,direct GOMODCACHE=/home/lilingfeng/tmp/juicefs-c02-20260817-015425/cache/go-mod GOTMPDIR=/home/lilingfeng/tmp/juicefs-c02-20260817-015425/cache/go-tmp TMPDIR=/home/lilingfeng/tmp/juicefs-c02-20260817-015425/cache/os-tmp go test ./pkg/vfs -run '^TestC02PermanentENOSPCAbortsFrozenSlice$' -count=1 -v -timeout=2m
+C02 run-c02.sh:256: local rc=0
+C02 run-c02.sh:257: local marker_count=0 pass_count=0 fail_count=0 forbidden_count=0 matched=NO
+C02 run-c02.sh:259: '[' -n '' ']'
++C02 run-c02.sh:262: grep -c -- '--- PASS: TestC02PermanentENOSPCAbortsFrozenSlice' /home/lilingfeng/tmp/juicefs-c02-20260817-015425/logs/go125-B-async-catchup-F2.log
+C02 run-c02.sh:262: pass_count=1
++C02 run-c02.sh:263: grep -c -- '--- FAIL: TestC02PermanentENOSPCAbortsFrozenSlice' /home/lilingfeng/tmp/juicefs-c02-20260817-015425/logs/go125-B-async-catchup-F2.log
++C02 run-c02.sh:263: true
+C02 run-c02.sh:263: fail_count=0
+C02 run-c02.sh:264: grep -Eq '\[build failed\]|panic:|fatal error:|test timed out|DATA RACE' /home/lilingfeng/tmp/juicefs-c02-20260817-015425/logs/go125-B-async-catchup-F2.log
+C02 run-c02.sh:268: '[' PASS = PASS ']'
+C02 run-c02.sh:269: '[' 0 -eq 0 ']'
+C02 run-c02.sh:269: '[' 1 -eq 1 ']'
+C02 run-c02.sh:269: '[' 0 -eq 0 ']'
+C02 run-c02.sh:269: '[' 0 -eq 0 ']'
+C02 run-c02.sh:270: matched=YES
+C02 run-c02.sh:278: printf '%s\n' 0
+C02 run-c02.sh:279: printf '%s\t%s\t%s\t%s\t%s\t%s\t%s\t%s\t%s\t%s\t%s\t%s\n' go125 B-async-catchup F2 TestC02PermanentENOSPCAbortsFrozenSlice 0 PASS 0 1 0 0 logs/go125-B-async-catchup-F2.log YES
+C02 run-c02.sh:283: echo '  go125 B-async-catchup F2: rc=0 matched=YES (expected=PASS)'
+C02 run-c02.sh:317: for id in "${B_TESTS[@]}"
+C02 run-c02.sh:318: run_single_test go125 go1.25.7 /home/lilingfeng/tmp/juicefs-c02-20260817-015425/cache/go-build-125 B-async-catchup F3
+C02 run-c02.sh:245: local tool=go125 tc=go1.25.7 bc=/home/lilingfeng/tmp/juicefs-c02-20260817-015425/cache/go-build-125 arm=B-async-catchup id=F3
+C02 run-c02.sh:246: local test_name=TestC02FrozenSliceSkipsCatchupFlush
+C02 run-c02.sh:247: local key=F3_B-async-catchup
+C02 run-c02.sh:248: local expected_class=PASS
+C02 run-c02.sh:249: local expected_marker=
+C02 run-c02.sh:250: local log_rel=logs/go125-B-async-catchup-F3.log
+C02 run-c02.sh:251: local log_abs=/home/lilingfeng/tmp/juicefs-c02-20260817-015425/logs/go125-B-async-catchup-F3.log
+C02 run-c02.sh:253: cd /home/lilingfeng/tmp/juicefs-c02-20260817-015425/src/B-async-catchup
+C02 run-c02.sh:253: env GOTOOLCHAIN=go1.25.7 GOCACHE=/home/lilingfeng/tmp/juicefs-c02-20260817-015425/cache/go-build-125 GOFLAGS=-mod=readonly GOPROXY=https://goproxy.cn,direct GOMODCACHE=/home/lilingfeng/tmp/juicefs-c02-20260817-015425/cache/go-mod GOTMPDIR=/home/lilingfeng/tmp/juicefs-c02-20260817-015425/cache/go-tmp TMPDIR=/home/lilingfeng/tmp/juicefs-c02-20260817-015425/cache/os-tmp go test ./pkg/vfs -run '^TestC02FrozenSliceSkipsCatchupFlush$' -count=1 -v -timeout=2m
+C02 run-c02.sh:256: local rc=0
+C02 run-c02.sh:257: local marker_count=0 pass_count=0 fail_count=0 forbidden_count=0 matched=NO
+C02 run-c02.sh:259: '[' -n '' ']'
++C02 run-c02.sh:262: grep -c -- '--- PASS: TestC02FrozenSliceSkipsCatchupFlush' /home/lilingfeng/tmp/juicefs-c02-20260817-015425/logs/go125-B-async-catchup-F3.log
+C02 run-c02.sh:262: pass_count=1
++C02 run-c02.sh:263: grep -c -- '--- FAIL: TestC02FrozenSliceSkipsCatchupFlush' /home/lilingfeng/tmp/juicefs-c02-20260817-015425/logs/go125-B-async-catchup-F3.log
++C02 run-c02.sh:263: true
+C02 run-c02.sh:263: fail_count=0
+C02 run-c02.sh:264: grep -Eq '\[build failed\]|panic:|fatal error:|test timed out|DATA RACE' /home/lilingfeng/tmp/juicefs-c02-20260817-015425/logs/go125-B-async-catchup-F3.log
+C02 run-c02.sh:268: '[' PASS = PASS ']'
+C02 run-c02.sh:269: '[' 0 -eq 0 ']'
+C02 run-c02.sh:269: '[' 1 -eq 1 ']'
+C02 run-c02.sh:269: '[' 0 -eq 0 ']'
+C02 run-c02.sh:269: '[' 0 -eq 0 ']'
+C02 run-c02.sh:270: matched=YES
+C02 run-c02.sh:278: printf '%s\n' 0
+C02 run-c02.sh:279: printf '%s\t%s\t%s\t%s\t%s\t%s\t%s\t%s\t%s\t%s\t%s\t%s\n' go125 B-async-catchup F3 TestC02FrozenSliceSkipsCatchupFlush 0 PASS 0 1 0 0 logs/go125-B-async-catchup-F3.log YES
+C02 run-c02.sh:283: echo '  go125 B-async-catchup F3: rc=0 matched=YES (expected=PASS)'
+C02 run-c02.sh:317: for id in "${B_TESTS[@]}"
+C02 run-c02.sh:318: run_single_test go125 go1.25.7 /home/lilingfeng/tmp/juicefs-c02-20260817-015425/cache/go-build-125 B-async-catchup K1
+C02 run-c02.sh:245: local tool=go125 tc=go1.25.7 bc=/home/lilingfeng/tmp/juicefs-c02-20260817-015425/cache/go-build-125 arm=B-async-catchup id=K1
+C02 run-c02.sh:246: local test_name=TestC02ConcurrentIndependentFullBlocks
+C02 run-c02.sh:247: local key=K1_B-async-catchup
+C02 run-c02.sh:248: local expected_class=PASS
+C02 run-c02.sh:249: local expected_marker=
+C02 run-c02.sh:250: local log_rel=logs/go125-B-async-catchup-K1.log
+C02 run-c02.sh:251: local log_abs=/home/lilingfeng/tmp/juicefs-c02-20260817-015425/logs/go125-B-async-catchup-K1.log
+C02 run-c02.sh:253: cd /home/lilingfeng/tmp/juicefs-c02-20260817-015425/src/B-async-catchup
+C02 run-c02.sh:253: env GOTOOLCHAIN=go1.25.7 GOCACHE=/home/lilingfeng/tmp/juicefs-c02-20260817-015425/cache/go-build-125 GOFLAGS=-mod=readonly GOPROXY=https://goproxy.cn,direct GOMODCACHE=/home/lilingfeng/tmp/juicefs-c02-20260817-015425/cache/go-mod GOTMPDIR=/home/lilingfeng/tmp/juicefs-c02-20260817-015425/cache/go-tmp TMPDIR=/home/lilingfeng/tmp/juicefs-c02-20260817-015425/cache/os-tmp go test ./pkg/vfs -run '^TestC02ConcurrentIndependentFullBlocks$' -count=1 -v -timeout=2m
+C02 run-c02.sh:256: local rc=0
+C02 run-c02.sh:257: local marker_count=0 pass_count=0 fail_count=0 forbidden_count=0 matched=NO
+C02 run-c02.sh:259: '[' -n '' ']'
++C02 run-c02.sh:262: grep -c -- '--- PASS: TestC02ConcurrentIndependentFullBlocks' /home/lilingfeng/tmp/juicefs-c02-20260817-015425/logs/go125-B-async-catchup-K1.log
+C02 run-c02.sh:262: pass_count=1
++C02 run-c02.sh:263: grep -c -- '--- FAIL: TestC02ConcurrentIndependentFullBlocks' /home/lilingfeng/tmp/juicefs-c02-20260817-015425/logs/go125-B-async-catchup-K1.log
++C02 run-c02.sh:263: true
+C02 run-c02.sh:263: fail_count=0
+C02 run-c02.sh:264: grep -Eq '\[build failed\]|panic:|fatal error:|test timed out|DATA RACE' /home/lilingfeng/tmp/juicefs-c02-20260817-015425/logs/go125-B-async-catchup-K1.log
+C02 run-c02.sh:268: '[' PASS = PASS ']'
+C02 run-c02.sh:269: '[' 0 -eq 0 ']'
+C02 run-c02.sh:269: '[' 1 -eq 1 ']'
+C02 run-c02.sh:269: '[' 0 -eq 0 ']'
+C02 run-c02.sh:269: '[' 0 -eq 0 ']'
+C02 run-c02.sh:270: matched=YES
+C02 run-c02.sh:278: printf '%s\n' 0
+C02 run-c02.sh:279: printf '%s\t%s\t%s\t%s\t%s\t%s\t%s\t%s\t%s\t%s\t%s\t%s\n' go125 B-async-catchup K1 TestC02ConcurrentIndependentFullBlocks 0 PASS 0 1 0 0 logs/go125-B-async-catchup-K1.log YES
+C02 run-c02.sh:283: echo '  go125 B-async-catchup K1: rc=0 matched=YES (expected=PASS)'
+C02 run-c02.sh:287: for TOOL in go125 go126
+C02 run-c02.sh:288: '[' go126 = go125 ']'
+C02 run-c02.sh:288: TC=local
+C02 run-c02.sh:288: BC=/home/lilingfeng/tmp/juicefs-c02-20260817-015425/cache/go-build-126
+C02 run-c02.sh:289: printf '%s\n' C02_ANCHOR:TEST_go126
+C02 run-c02.sh:292: for id in "${S_TESTS[@]}"
+C02 run-c02.sh:293: run_single_test go126 local /home/lilingfeng/tmp/juicefs-c02-20260817-015425/cache/go-build-126 S-stock C1
+C02 run-c02.sh:245: local tool=go126 tc=local bc=/home/lilingfeng/tmp/juicefs-c02-20260817-015425/cache/go-build-126 arm=S-stock id=C1
+C02 run-c02.sh:246: local test_name=TestC02PartialThenFullAfterIDDispatchesOnce
+C02 run-c02.sh:247: local key=C1_S-stock
+C02 run-c02.sh:248: local expected_class=PASS
+C02 run-c02.sh:249: local expected_marker=
+C02 run-c02.sh:250: local log_rel=logs/go126-S-stock-C1.log
+C02 run-c02.sh:251: local log_abs=/home/lilingfeng/tmp/juicefs-c02-20260817-015425/logs/go126-S-stock-C1.log
+C02 run-c02.sh:253: cd /home/lilingfeng/tmp/juicefs-c02-20260817-015425/src/S-stock
+C02 run-c02.sh:253: env GOTOOLCHAIN=local GOCACHE=/home/lilingfeng/tmp/juicefs-c02-20260817-015425/cache/go-build-126 GOFLAGS=-mod=readonly GOPROXY=https://goproxy.cn,direct GOMODCACHE=/home/lilingfeng/tmp/juicefs-c02-20260817-015425/cache/go-mod GOTMPDIR=/home/lilingfeng/tmp/juicefs-c02-20260817-015425/cache/go-tmp TMPDIR=/home/lilingfeng/tmp/juicefs-c02-20260817-015425/cache/os-tmp go test ./pkg/vfs -run '^TestC02PartialThenFullAfterIDDispatchesOnce$' -count=1 -v -timeout=2m
+C02 run-c02.sh:256: local rc=0
+C02 run-c02.sh:257: local marker_count=0 pass_count=0 fail_count=0 forbidden_count=0 matched=NO
+C02 run-c02.sh:259: '[' -n '' ']'
++C02 run-c02.sh:262: grep -c -- '--- PASS: TestC02PartialThenFullAfterIDDispatchesOnce' /home/lilingfeng/tmp/juicefs-c02-20260817-015425/logs/go126-S-stock-C1.log
+C02 run-c02.sh:262: pass_count=1
++C02 run-c02.sh:263: grep -c -- '--- FAIL: TestC02PartialThenFullAfterIDDispatchesOnce' /home/lilingfeng/tmp/juicefs-c02-20260817-015425/logs/go126-S-stock-C1.log
++C02 run-c02.sh:263: true
+C02 run-c02.sh:263: fail_count=0
+C02 run-c02.sh:264: grep -Eq '\[build failed\]|panic:|fatal error:|test timed out|DATA RACE' /home/lilingfeng/tmp/juicefs-c02-20260817-015425/logs/go126-S-stock-C1.log
+C02 run-c02.sh:268: '[' PASS = PASS ']'
+C02 run-c02.sh:269: '[' 0 -eq 0 ']'
+C02 run-c02.sh:269: '[' 1 -eq 1 ']'
+C02 run-c02.sh:269: '[' 0 -eq 0 ']'
+C02 run-c02.sh:269: '[' 0 -eq 0 ']'
+C02 run-c02.sh:270: matched=YES
+C02 run-c02.sh:278: printf '%s\n' 0
+C02 run-c02.sh:279: printf '%s\t%s\t%s\t%s\t%s\t%s\t%s\t%s\t%s\t%s\t%s\t%s\n' go126 S-stock C1 TestC02PartialThenFullAfterIDDispatchesOnce 0 PASS 0 1 0 0 logs/go126-S-stock-C1.log YES
+C02 run-c02.sh:283: echo '  go126 S-stock C1: rc=0 matched=YES (expected=PASS)'
+C02 run-c02.sh:292: for id in "${S_TESTS[@]}"
+C02 run-c02.sh:293: run_single_test go126 local /home/lilingfeng/tmp/juicefs-c02-20260817-015425/cache/go-build-126 S-stock C2
+C02 run-c02.sh:245: local tool=go126 tc=local bc=/home/lilingfeng/tmp/juicefs-c02-20260817-015425/cache/go-build-126 arm=S-stock id=C2
+C02 run-c02.sh:246: local test_name=TestC02DelayedNewSliceDoesNotBlockWriteAt
+C02 run-c02.sh:247: local key=C2_S-stock
+C02 run-c02.sh:248: local expected_class=PASS
+C02 run-c02.sh:249: local expected_marker=
+C02 run-c02.sh:250: local log_rel=logs/go126-S-stock-C2.log
+C02 run-c02.sh:251: local log_abs=/home/lilingfeng/tmp/juicefs-c02-20260817-015425/logs/go126-S-stock-C2.log
+C02 run-c02.sh:253: cd /home/lilingfeng/tmp/juicefs-c02-20260817-015425/src/S-stock
+C02 run-c02.sh:253: env GOTOOLCHAIN=local GOCACHE=/home/lilingfeng/tmp/juicefs-c02-20260817-015425/cache/go-build-126 GOFLAGS=-mod=readonly GOPROXY=https://goproxy.cn,direct GOMODCACHE=/home/lilingfeng/tmp/juicefs-c02-20260817-015425/cache/go-mod GOTMPDIR=/home/lilingfeng/tmp/juicefs-c02-20260817-015425/cache/go-tmp TMPDIR=/home/lilingfeng/tmp/juicefs-c02-20260817-015425/cache/os-tmp go test ./pkg/vfs -run '^TestC02DelayedNewSliceDoesNotBlockWriteAt$' -count=1 -v -timeout=2m
+C02 run-c02.sh:256: local rc=0
+C02 run-c02.sh:257: local marker_count=0 pass_count=0 fail_count=0 forbidden_count=0 matched=NO
+C02 run-c02.sh:259: '[' -n '' ']'
++C02 run-c02.sh:262: grep -c -- '--- PASS: TestC02DelayedNewSliceDoesNotBlockWriteAt' /home/lilingfeng/tmp/juicefs-c02-20260817-015425/logs/go126-S-stock-C2.log
+C02 run-c02.sh:262: pass_count=1
++C02 run-c02.sh:263: grep -c -- '--- FAIL: TestC02DelayedNewSliceDoesNotBlockWriteAt' /home/lilingfeng/tmp/juicefs-c02-20260817-015425/logs/go126-S-stock-C2.log
++C02 run-c02.sh:263: true
+C02 run-c02.sh:263: fail_count=0
+C02 run-c02.sh:264: grep -Eq '\[build failed\]|panic:|fatal error:|test timed out|DATA RACE' /home/lilingfeng/tmp/juicefs-c02-20260817-015425/logs/go126-S-stock-C2.log
+C02 run-c02.sh:268: '[' PASS = PASS ']'
+C02 run-c02.sh:269: '[' 0 -eq 0 ']'
+C02 run-c02.sh:269: '[' 1 -eq 1 ']'
+C02 run-c02.sh:269: '[' 0 -eq 0 ']'
+C02 run-c02.sh:269: '[' 0 -eq 0 ']'
+C02 run-c02.sh:270: matched=YES
+C02 run-c02.sh:278: printf '%s\n' 0
+C02 run-c02.sh:279: printf '%s\t%s\t%s\t%s\t%s\t%s\t%s\t%s\t%s\t%s\t%s\t%s\n' go126 S-stock C2 TestC02DelayedNewSliceDoesNotBlockWriteAt 0 PASS 0 1 0 0 logs/go126-S-stock-C2.log YES
+C02 run-c02.sh:283: echo '  go126 S-stock C2: rc=0 matched=YES (expected=PASS)'
+C02 run-c02.sh:292: for id in "${S_TESTS[@]}"
+C02 run-c02.sh:293: run_single_test go126 local /home/lilingfeng/tmp/juicefs-c02-20260817-015425/cache/go-build-126 S-stock C3
+C02 run-c02.sh:245: local tool=go126 tc=local bc=/home/lilingfeng/tmp/juicefs-c02-20260817-015425/cache/go-build-126 arm=S-stock id=C3
+C02 run-c02.sh:246: local test_name=TestC02NonEIONewSliceDoesNotRetryBeforeFlush
+C02 run-c02.sh:247: local key=C3_S-stock
+C02 run-c02.sh:248: local expected_class=PASS
+C02 run-c02.sh:249: local expected_marker=
+C02 run-c02.sh:250: local log_rel=logs/go126-S-stock-C3.log
+C02 run-c02.sh:251: local log_abs=/home/lilingfeng/tmp/juicefs-c02-20260817-015425/logs/go126-S-stock-C3.log
+C02 run-c02.sh:253: cd /home/lilingfeng/tmp/juicefs-c02-20260817-015425/src/S-stock
+C02 run-c02.sh:253: env GOTOOLCHAIN=local GOCACHE=/home/lilingfeng/tmp/juicefs-c02-20260817-015425/cache/go-build-126 GOFLAGS=-mod=readonly GOPROXY=https://goproxy.cn,direct GOMODCACHE=/home/lilingfeng/tmp/juicefs-c02-20260817-015425/cache/go-mod GOTMPDIR=/home/lilingfeng/tmp/juicefs-c02-20260817-015425/cache/go-tmp TMPDIR=/home/lilingfeng/tmp/juicefs-c02-20260817-015425/cache/os-tmp go test ./pkg/vfs -run '^TestC02NonEIONewSliceDoesNotRetryBeforeFlush$' -count=1 -v -timeout=2m
+C02 run-c02.sh:256: local rc=0
+C02 run-c02.sh:257: local marker_count=0 pass_count=0 fail_count=0 forbidden_count=0 matched=NO
+C02 run-c02.sh:259: '[' -n '' ']'
++C02 run-c02.sh:262: grep -c -- '--- PASS: TestC02NonEIONewSliceDoesNotRetryBeforeFlush' /home/lilingfeng/tmp/juicefs-c02-20260817-015425/logs/go126-S-stock-C3.log
+C02 run-c02.sh:262: pass_count=1
++C02 run-c02.sh:263: grep -c -- '--- FAIL: TestC02NonEIONewSliceDoesNotRetryBeforeFlush' /home/lilingfeng/tmp/juicefs-c02-20260817-015425/logs/go126-S-stock-C3.log
++C02 run-c02.sh:263: true
+C02 run-c02.sh:263: fail_count=0
+C02 run-c02.sh:264: grep -Eq '\[build failed\]|panic:|fatal error:|test timed out|DATA RACE' /home/lilingfeng/tmp/juicefs-c02-20260817-015425/logs/go126-S-stock-C3.log
+C02 run-c02.sh:268: '[' PASS = PASS ']'
+C02 run-c02.sh:269: '[' 0 -eq 0 ']'
+C02 run-c02.sh:269: '[' 1 -eq 1 ']'
+C02 run-c02.sh:269: '[' 0 -eq 0 ']'
+C02 run-c02.sh:269: '[' 0 -eq 0 ']'
+C02 run-c02.sh:270: matched=YES
+C02 run-c02.sh:278: printf '%s\n' 0
+C02 run-c02.sh:279: printf '%s\t%s\t%s\t%s\t%s\t%s\t%s\t%s\t%s\t%s\t%s\t%s\n' go126 S-stock C3 TestC02NonEIONewSliceDoesNotRetryBeforeFlush 0 PASS 0 1 0 0 logs/go126-S-stock-C3.log YES
+C02 run-c02.sh:283: echo '  go126 S-stock C3: rc=0 matched=YES (expected=PASS)'
+C02 run-c02.sh:292: for id in "${S_TESTS[@]}"
+C02 run-c02.sh:293: run_single_test go126 local /home/lilingfeng/tmp/juicefs-c02-20260817-015425/cache/go-build-126 S-stock F1
+C02 run-c02.sh:245: local tool=go126 tc=local bc=/home/lilingfeng/tmp/juicefs-c02-20260817-015425/cache/go-build-126 arm=S-stock id=F1
+C02 run-c02.sh:246: local test_name=TestC02TransientEIORecoversOnFreeze
+C02 run-c02.sh:247: local key=F1_S-stock
+C02 run-c02.sh:248: local expected_class=PASS
+C02 run-c02.sh:249: local expected_marker=
+C02 run-c02.sh:250: local log_rel=logs/go126-S-stock-F1.log
+C02 run-c02.sh:251: local log_abs=/home/lilingfeng/tmp/juicefs-c02-20260817-015425/logs/go126-S-stock-F1.log
+C02 run-c02.sh:253: cd /home/lilingfeng/tmp/juicefs-c02-20260817-015425/src/S-stock
+C02 run-c02.sh:253: env GOTOOLCHAIN=local GOCACHE=/home/lilingfeng/tmp/juicefs-c02-20260817-015425/cache/go-build-126 GOFLAGS=-mod=readonly GOPROXY=https://goproxy.cn,direct GOMODCACHE=/home/lilingfeng/tmp/juicefs-c02-20260817-015425/cache/go-mod GOTMPDIR=/home/lilingfeng/tmp/juicefs-c02-20260817-015425/cache/go-tmp TMPDIR=/home/lilingfeng/tmp/juicefs-c02-20260817-015425/cache/os-tmp go test ./pkg/vfs -run '^TestC02TransientEIORecoversOnFreeze$' -count=1 -v -timeout=2m
+C02 run-c02.sh:256: local rc=0
+C02 run-c02.sh:257: local marker_count=0 pass_count=0 fail_count=0 forbidden_count=0 matched=NO
+C02 run-c02.sh:259: '[' -n '' ']'
++C02 run-c02.sh:262: grep -c -- '--- PASS: TestC02TransientEIORecoversOnFreeze' /home/lilingfeng/tmp/juicefs-c02-20260817-015425/logs/go126-S-stock-F1.log
+C02 run-c02.sh:262: pass_count=1
++C02 run-c02.sh:263: grep -c -- '--- FAIL: TestC02TransientEIORecoversOnFreeze' /home/lilingfeng/tmp/juicefs-c02-20260817-015425/logs/go126-S-stock-F1.log
++C02 run-c02.sh:263: true
+C02 run-c02.sh:263: fail_count=0
+C02 run-c02.sh:264: grep -Eq '\[build failed\]|panic:|fatal error:|test timed out|DATA RACE' /home/lilingfeng/tmp/juicefs-c02-20260817-015425/logs/go126-S-stock-F1.log
+C02 run-c02.sh:268: '[' PASS = PASS ']'
+C02 run-c02.sh:269: '[' 0 -eq 0 ']'
+C02 run-c02.sh:269: '[' 1 -eq 1 ']'
+C02 run-c02.sh:269: '[' 0 -eq 0 ']'
+C02 run-c02.sh:269: '[' 0 -eq 0 ']'
+C02 run-c02.sh:270: matched=YES
+C02 run-c02.sh:278: printf '%s\n' 0
+C02 run-c02.sh:279: printf '%s\t%s\t%s\t%s\t%s\t%s\t%s\t%s\t%s\t%s\t%s\t%s\n' go126 S-stock F1 TestC02TransientEIORecoversOnFreeze 0 PASS 0 1 0 0 logs/go126-S-stock-F1.log YES
+C02 run-c02.sh:283: echo '  go126 S-stock F1: rc=0 matched=YES (expected=PASS)'
+C02 run-c02.sh:292: for id in "${S_TESTS[@]}"
+C02 run-c02.sh:293: run_single_test go126 local /home/lilingfeng/tmp/juicefs-c02-20260817-015425/cache/go-build-126 S-stock F2
+C02 run-c02.sh:245: local tool=go126 tc=local bc=/home/lilingfeng/tmp/juicefs-c02-20260817-015425/cache/go-build-126 arm=S-stock id=F2
+C02 run-c02.sh:246: local test_name=TestC02PermanentENOSPCAbortsFrozenSlice
+C02 run-c02.sh:247: local key=F2_S-stock
+C02 run-c02.sh:248: local expected_class=PASS
+C02 run-c02.sh:249: local expected_marker=
+C02 run-c02.sh:250: local log_rel=logs/go126-S-stock-F2.log
+C02 run-c02.sh:251: local log_abs=/home/lilingfeng/tmp/juicefs-c02-20260817-015425/logs/go126-S-stock-F2.log
+C02 run-c02.sh:253: cd /home/lilingfeng/tmp/juicefs-c02-20260817-015425/src/S-stock
+C02 run-c02.sh:253: env GOTOOLCHAIN=local GOCACHE=/home/lilingfeng/tmp/juicefs-c02-20260817-015425/cache/go-build-126 GOFLAGS=-mod=readonly GOPROXY=https://goproxy.cn,direct GOMODCACHE=/home/lilingfeng/tmp/juicefs-c02-20260817-015425/cache/go-mod GOTMPDIR=/home/lilingfeng/tmp/juicefs-c02-20260817-015425/cache/go-tmp TMPDIR=/home/lilingfeng/tmp/juicefs-c02-20260817-015425/cache/os-tmp go test ./pkg/vfs -run '^TestC02PermanentENOSPCAbortsFrozenSlice$' -count=1 -v -timeout=2m
+C02 run-c02.sh:256: local rc=0
+C02 run-c02.sh:257: local marker_count=0 pass_count=0 fail_count=0 forbidden_count=0 matched=NO
+C02 run-c02.sh:259: '[' -n '' ']'
++C02 run-c02.sh:262: grep -c -- '--- PASS: TestC02PermanentENOSPCAbortsFrozenSlice' /home/lilingfeng/tmp/juicefs-c02-20260817-015425/logs/go126-S-stock-F2.log
+C02 run-c02.sh:262: pass_count=1
++C02 run-c02.sh:263: grep -c -- '--- FAIL: TestC02PermanentENOSPCAbortsFrozenSlice' /home/lilingfeng/tmp/juicefs-c02-20260817-015425/logs/go126-S-stock-F2.log
++C02 run-c02.sh:263: true
+C02 run-c02.sh:263: fail_count=0
+C02 run-c02.sh:264: grep -Eq '\[build failed\]|panic:|fatal error:|test timed out|DATA RACE' /home/lilingfeng/tmp/juicefs-c02-20260817-015425/logs/go126-S-stock-F2.log
+C02 run-c02.sh:268: '[' PASS = PASS ']'
+C02 run-c02.sh:269: '[' 0 -eq 0 ']'
+C02 run-c02.sh:269: '[' 1 -eq 1 ']'
+C02 run-c02.sh:269: '[' 0 -eq 0 ']'
+C02 run-c02.sh:269: '[' 0 -eq 0 ']'
+C02 run-c02.sh:270: matched=YES
+C02 run-c02.sh:278: printf '%s\n' 0
+C02 run-c02.sh:279: printf '%s\t%s\t%s\t%s\t%s\t%s\t%s\t%s\t%s\t%s\t%s\t%s\n' go126 S-stock F2 TestC02PermanentENOSPCAbortsFrozenSlice 0 PASS 0 1 0 0 logs/go126-S-stock-F2.log YES
+C02 run-c02.sh:283: echo '  go126 S-stock F2: rc=0 matched=YES (expected=PASS)'
+C02 run-c02.sh:292: for id in "${S_TESTS[@]}"
+C02 run-c02.sh:293: run_single_test go126 local /home/lilingfeng/tmp/juicefs-c02-20260817-015425/cache/go-build-126 S-stock F3
+C02 run-c02.sh:245: local tool=go126 tc=local bc=/home/lilingfeng/tmp/juicefs-c02-20260817-015425/cache/go-build-126 arm=S-stock id=F3
+C02 run-c02.sh:246: local test_name=TestC02FrozenSliceSkipsCatchupFlush
+C02 run-c02.sh:247: local key=F3_S-stock
+C02 run-c02.sh:248: local expected_class=PASS
+C02 run-c02.sh:249: local expected_marker=
+C02 run-c02.sh:250: local log_rel=logs/go126-S-stock-F3.log
+C02 run-c02.sh:251: local log_abs=/home/lilingfeng/tmp/juicefs-c02-20260817-015425/logs/go126-S-stock-F3.log
+C02 run-c02.sh:253: cd /home/lilingfeng/tmp/juicefs-c02-20260817-015425/src/S-stock
+C02 run-c02.sh:253: env GOTOOLCHAIN=local GOCACHE=/home/lilingfeng/tmp/juicefs-c02-20260817-015425/cache/go-build-126 GOFLAGS=-mod=readonly GOPROXY=https://goproxy.cn,direct GOMODCACHE=/home/lilingfeng/tmp/juicefs-c02-20260817-015425/cache/go-mod GOTMPDIR=/home/lilingfeng/tmp/juicefs-c02-20260817-015425/cache/go-tmp TMPDIR=/home/lilingfeng/tmp/juicefs-c02-20260817-015425/cache/os-tmp go test ./pkg/vfs -run '^TestC02FrozenSliceSkipsCatchupFlush$' -count=1 -v -timeout=2m
+C02 run-c02.sh:256: local rc=0
+C02 run-c02.sh:257: local marker_count=0 pass_count=0 fail_count=0 forbidden_count=0 matched=NO
+C02 run-c02.sh:259: '[' -n '' ']'
++C02 run-c02.sh:262: grep -c -- '--- PASS: TestC02FrozenSliceSkipsCatchupFlush' /home/lilingfeng/tmp/juicefs-c02-20260817-015425/logs/go126-S-stock-F3.log
+C02 run-c02.sh:262: pass_count=1
++C02 run-c02.sh:263: grep -c -- '--- FAIL: TestC02FrozenSliceSkipsCatchupFlush' /home/lilingfeng/tmp/juicefs-c02-20260817-015425/logs/go126-S-stock-F3.log
++C02 run-c02.sh:263: true
+C02 run-c02.sh:263: fail_count=0
+C02 run-c02.sh:264: grep -Eq '\[build failed\]|panic:|fatal error:|test timed out|DATA RACE' /home/lilingfeng/tmp/juicefs-c02-20260817-015425/logs/go126-S-stock-F3.log
+C02 run-c02.sh:268: '[' PASS = PASS ']'
+C02 run-c02.sh:269: '[' 0 -eq 0 ']'
+C02 run-c02.sh:269: '[' 1 -eq 1 ']'
+C02 run-c02.sh:269: '[' 0 -eq 0 ']'
+C02 run-c02.sh:269: '[' 0 -eq 0 ']'
+C02 run-c02.sh:270: matched=YES
+C02 run-c02.sh:278: printf '%s\n' 0
+C02 run-c02.sh:279: printf '%s\t%s\t%s\t%s\t%s\t%s\t%s\t%s\t%s\t%s\t%s\t%s\n' go126 S-stock F3 TestC02FrozenSliceSkipsCatchupFlush 0 PASS 0 1 0 0 logs/go126-S-stock-F3.log YES
+C02 run-c02.sh:283: echo '  go126 S-stock F3: rc=0 matched=YES (expected=PASS)'
+C02 run-c02.sh:292: for id in "${S_TESTS[@]}"
+C02 run-c02.sh:293: run_single_test go126 local /home/lilingfeng/tmp/juicefs-c02-20260817-015425/cache/go-build-126 S-stock R1
+C02 run-c02.sh:245: local tool=go126 tc=local bc=/home/lilingfeng/tmp/juicefs-c02-20260817-015425/cache/go-build-126 arm=S-stock id=R1
+C02 run-c02.sh:246: local test_name=TestC02FullBlockDispatchAfterDelayedID
+C02 run-c02.sh:247: local key=R1_S-stock
+C02 run-c02.sh:248: local expected_class=FAIL
+C02 run-c02.sh:249: local expected_marker=C02_MISSED_DISPATCH
+C02 run-c02.sh:250: local log_rel=logs/go126-S-stock-R1.log
+C02 run-c02.sh:251: local log_abs=/home/lilingfeng/tmp/juicefs-c02-20260817-015425/logs/go126-S-stock-R1.log
+C02 run-c02.sh:253: cd /home/lilingfeng/tmp/juicefs-c02-20260817-015425/src/S-stock
+C02 run-c02.sh:253: env GOTOOLCHAIN=local GOCACHE=/home/lilingfeng/tmp/juicefs-c02-20260817-015425/cache/go-build-126 GOFLAGS=-mod=readonly GOPROXY=https://goproxy.cn,direct GOMODCACHE=/home/lilingfeng/tmp/juicefs-c02-20260817-015425/cache/go-mod GOTMPDIR=/home/lilingfeng/tmp/juicefs-c02-20260817-015425/cache/go-tmp TMPDIR=/home/lilingfeng/tmp/juicefs-c02-20260817-015425/cache/os-tmp go test ./pkg/vfs -run '^TestC02FullBlockDispatchAfterDelayedID$' -count=1 -v -timeout=2m
+C02 run-c02.sh:256: local rc=1
+C02 run-c02.sh:257: local marker_count=0 pass_count=0 fail_count=0 forbidden_count=0 matched=NO
+C02 run-c02.sh:259: '[' -n C02_MISSED_DISPATCH ']'
++C02 run-c02.sh:260: grep -c C02_MISSED_DISPATCH /home/lilingfeng/tmp/juicefs-c02-20260817-015425/logs/go126-S-stock-R1.log
+C02 run-c02.sh:260: marker_count=1
++C02 run-c02.sh:262: grep -c -- '--- PASS: TestC02FullBlockDispatchAfterDelayedID' /home/lilingfeng/tmp/juicefs-c02-20260817-015425/logs/go126-S-stock-R1.log
++C02 run-c02.sh:262: true
+C02 run-c02.sh:262: pass_count=0
++C02 run-c02.sh:263: grep -c -- '--- FAIL: TestC02FullBlockDispatchAfterDelayedID' /home/lilingfeng/tmp/juicefs-c02-20260817-015425/logs/go126-S-stock-R1.log
+C02 run-c02.sh:263: fail_count=1
+C02 run-c02.sh:264: grep -Eq '\[build failed\]|panic:|fatal error:|test timed out|DATA RACE' /home/lilingfeng/tmp/juicefs-c02-20260817-015425/logs/go126-S-stock-R1.log
+C02 run-c02.sh:268: '[' FAIL = PASS ']'
+C02 run-c02.sh:272: '[' FAIL = FAIL ']'
+C02 run-c02.sh:273: '[' 1 -ne 0 ']'
+C02 run-c02.sh:273: '[' 1 -eq 1 ']'
+C02 run-c02.sh:273: '[' 1 -eq 1 ']'
+C02 run-c02.sh:273: '[' 0 -eq 0 ']'
+C02 run-c02.sh:274: matched=YES
+C02 run-c02.sh:278: printf '%s\n' 1
+C02 run-c02.sh:279: printf '%s\t%s\t%s\t%s\t%s\t%s\t%s\t%s\t%s\t%s\t%s\t%s\n' go126 S-stock R1 TestC02FullBlockDispatchAfterDelayedID 1 FAIL 1 0 1 0 logs/go126-S-stock-R1.log YES
+C02 run-c02.sh:283: echo '  go126 S-stock R1: rc=1 matched=YES (expected=FAIL)'
+C02 run-c02.sh:292: for id in "${S_TESTS[@]}"
+C02 run-c02.sh:293: run_single_test go126 local /home/lilingfeng/tmp/juicefs-c02-20260817-015425/cache/go-build-126 S-stock R2
+C02 run-c02.sh:245: local tool=go126 tc=local bc=/home/lilingfeng/tmp/juicefs-c02-20260817-015425/cache/go-build-126 arm=S-stock id=R2
+C02 run-c02.sh:246: local test_name=TestC02MultiBlockDispatchUsesLatestLength
+C02 run-c02.sh:247: local key=R2_S-stock
+C02 run-c02.sh:248: local expected_class=FAIL
+C02 run-c02.sh:249: local expected_marker=C02_MISSED_MULTI_DISPATCH
+C02 run-c02.sh:250: local log_rel=logs/go126-S-stock-R2.log
+C02 run-c02.sh:251: local log_abs=/home/lilingfeng/tmp/juicefs-c02-20260817-015425/logs/go126-S-stock-R2.log
+C02 run-c02.sh:253: cd /home/lilingfeng/tmp/juicefs-c02-20260817-015425/src/S-stock
+C02 run-c02.sh:253: env GOTOOLCHAIN=local GOCACHE=/home/lilingfeng/tmp/juicefs-c02-20260817-015425/cache/go-build-126 GOFLAGS=-mod=readonly GOPROXY=https://goproxy.cn,direct GOMODCACHE=/home/lilingfeng/tmp/juicefs-c02-20260817-015425/cache/go-mod GOTMPDIR=/home/lilingfeng/tmp/juicefs-c02-20260817-015425/cache/go-tmp TMPDIR=/home/lilingfeng/tmp/juicefs-c02-20260817-015425/cache/os-tmp go test ./pkg/vfs -run '^TestC02MultiBlockDispatchUsesLatestLength$' -count=1 -v -timeout=2m
+C02 run-c02.sh:256: local rc=1
+C02 run-c02.sh:257: local marker_count=0 pass_count=0 fail_count=0 forbidden_count=0 matched=NO
+C02 run-c02.sh:259: '[' -n C02_MISSED_MULTI_DISPATCH ']'
++C02 run-c02.sh:260: grep -c C02_MISSED_MULTI_DISPATCH /home/lilingfeng/tmp/juicefs-c02-20260817-015425/logs/go126-S-stock-R2.log
+C02 run-c02.sh:260: marker_count=1
++C02 run-c02.sh:262: grep -c -- '--- PASS: TestC02MultiBlockDispatchUsesLatestLength' /home/lilingfeng/tmp/juicefs-c02-20260817-015425/logs/go126-S-stock-R2.log
++C02 run-c02.sh:262: true
+C02 run-c02.sh:262: pass_count=0
++C02 run-c02.sh:263: grep -c -- '--- FAIL: TestC02MultiBlockDispatchUsesLatestLength' /home/lilingfeng/tmp/juicefs-c02-20260817-015425/logs/go126-S-stock-R2.log
+C02 run-c02.sh:263: fail_count=1
+C02 run-c02.sh:264: grep -Eq '\[build failed\]|panic:|fatal error:|test timed out|DATA RACE' /home/lilingfeng/tmp/juicefs-c02-20260817-015425/logs/go126-S-stock-R2.log
+C02 run-c02.sh:268: '[' FAIL = PASS ']'
+C02 run-c02.sh:272: '[' FAIL = FAIL ']'
+C02 run-c02.sh:273: '[' 1 -ne 0 ']'
+C02 run-c02.sh:273: '[' 1 -eq 1 ']'
+C02 run-c02.sh:273: '[' 1 -eq 1 ']'
+C02 run-c02.sh:273: '[' 0 -eq 0 ']'
+C02 run-c02.sh:274: matched=YES
+C02 run-c02.sh:278: printf '%s\n' 1
+C02 run-c02.sh:279: printf '%s\t%s\t%s\t%s\t%s\t%s\t%s\t%s\t%s\t%s\t%s\t%s\n' go126 S-stock R2 TestC02MultiBlockDispatchUsesLatestLength 1 FAIL 1 0 1 0 logs/go126-S-stock-R2.log YES
+C02 run-c02.sh:283: echo '  go126 S-stock R2: rc=1 matched=YES (expected=FAIL)'
+C02 run-c02.sh:292: for id in "${S_TESTS[@]}"
+C02 run-c02.sh:293: run_single_test go126 local /home/lilingfeng/tmp/juicefs-c02-20260817-015425/cache/go-build-126 S-stock R3
+C02 run-c02.sh:245: local tool=go126 tc=local bc=/home/lilingfeng/tmp/juicefs-c02-20260817-015425/cache/go-build-126 arm=S-stock id=R3
+C02 run-c02.sh:246: local test_name=TestC02FlushToFailureIsObservable
+C02 run-c02.sh:247: local key=R3_S-stock
+C02 run-c02.sh:248: local expected_class=FAIL
+C02 run-c02.sh:249: local expected_marker=C02_SWALLOWED_FLUSH_ERROR
+C02 run-c02.sh:250: local log_rel=logs/go126-S-stock-R3.log
+C02 run-c02.sh:251: local log_abs=/home/lilingfeng/tmp/juicefs-c02-20260817-015425/logs/go126-S-stock-R3.log
+C02 run-c02.sh:253: cd /home/lilingfeng/tmp/juicefs-c02-20260817-015425/src/S-stock
+C02 run-c02.sh:253: env GOTOOLCHAIN=local GOCACHE=/home/lilingfeng/tmp/juicefs-c02-20260817-015425/cache/go-build-126 GOFLAGS=-mod=readonly GOPROXY=https://goproxy.cn,direct GOMODCACHE=/home/lilingfeng/tmp/juicefs-c02-20260817-015425/cache/go-mod GOTMPDIR=/home/lilingfeng/tmp/juicefs-c02-20260817-015425/cache/go-tmp TMPDIR=/home/lilingfeng/tmp/juicefs-c02-20260817-015425/cache/os-tmp go test ./pkg/vfs -run '^TestC02FlushToFailureIsObservable$' -count=1 -v -timeout=2m
+C02 run-c02.sh:256: local rc=1
+C02 run-c02.sh:257: local marker_count=0 pass_count=0 fail_count=0 forbidden_count=0 matched=NO
+C02 run-c02.sh:259: '[' -n C02_SWALLOWED_FLUSH_ERROR ']'
++C02 run-c02.sh:260: grep -c C02_SWALLOWED_FLUSH_ERROR /home/lilingfeng/tmp/juicefs-c02-20260817-015425/logs/go126-S-stock-R3.log
+C02 run-c02.sh:260: marker_count=1
++C02 run-c02.sh:262: grep -c -- '--- PASS: TestC02FlushToFailureIsObservable' /home/lilingfeng/tmp/juicefs-c02-20260817-015425/logs/go126-S-stock-R3.log
++C02 run-c02.sh:262: true
+C02 run-c02.sh:262: pass_count=0
++C02 run-c02.sh:263: grep -c -- '--- FAIL: TestC02FlushToFailureIsObservable' /home/lilingfeng/tmp/juicefs-c02-20260817-015425/logs/go126-S-stock-R3.log
+C02 run-c02.sh:263: fail_count=1
+C02 run-c02.sh:264: grep -Eq '\[build failed\]|panic:|fatal error:|test timed out|DATA RACE' /home/lilingfeng/tmp/juicefs-c02-20260817-015425/logs/go126-S-stock-R3.log
+C02 run-c02.sh:268: '[' FAIL = PASS ']'
+C02 run-c02.sh:272: '[' FAIL = FAIL ']'
+C02 run-c02.sh:273: '[' 1 -ne 0 ']'
+C02 run-c02.sh:273: '[' 1 -eq 1 ']'
+C02 run-c02.sh:273: '[' 1 -eq 1 ']'
+C02 run-c02.sh:273: '[' 0 -eq 0 ']'
+C02 run-c02.sh:274: matched=YES
+C02 run-c02.sh:278: printf '%s\n' 1
+C02 run-c02.sh:279: printf '%s\t%s\t%s\t%s\t%s\t%s\t%s\t%s\t%s\t%s\t%s\t%s\n' go126 S-stock R3 TestC02FlushToFailureIsObservable 1 FAIL 1 0 1 0 logs/go126-S-stock-R3.log YES
+C02 run-c02.sh:283: echo '  go126 S-stock R3: rc=1 matched=YES (expected=FAIL)'
+C02 run-c02.sh:297: local stock_bad=0
+C02 run-c02.sh:298: for id in "${S_TESTS[@]}"
++C02 run-c02.sh:299: tail -1 /home/lilingfeng/tmp/juicefs-c02-20260817-015425/meta/results.raw.tsv
++C02 run-c02.sh:299: awk '-F\t' '{print $NF}'
+C02 run-c02.sh:299: '[' YES = NO ']'
+C02 run-c02.sh:298: for id in "${S_TESTS[@]}"
++C02 run-c02.sh:299: tail -1 /home/lilingfeng/tmp/juicefs-c02-20260817-015425/meta/results.raw.tsv
++C02 run-c02.sh:299: awk '-F\t' '{print $NF}'
+C02 run-c02.sh:299: '[' YES = NO ']'
+C02 run-c02.sh:298: for id in "${S_TESTS[@]}"
++C02 run-c02.sh:299: tail -1 /home/lilingfeng/tmp/juicefs-c02-20260817-015425/meta/results.raw.tsv
++C02 run-c02.sh:299: awk '-F\t' '{print $NF}'
+C02 run-c02.sh:299: '[' YES = NO ']'
+C02 run-c02.sh:298: for id in "${S_TESTS[@]}"
++C02 run-c02.sh:299: tail -1 /home/lilingfeng/tmp/juicefs-c02-20260817-015425/meta/results.raw.tsv
++C02 run-c02.sh:299: awk '-F\t' '{print $NF}'
+C02 run-c02.sh:299: '[' YES = NO ']'
+C02 run-c02.sh:298: for id in "${S_TESTS[@]}"
++C02 run-c02.sh:299: tail -1 /home/lilingfeng/tmp/juicefs-c02-20260817-015425/meta/results.raw.tsv
++C02 run-c02.sh:299: awk '-F\t' '{print $NF}'
+C02 run-c02.sh:299: '[' YES = NO ']'
+C02 run-c02.sh:298: for id in "${S_TESTS[@]}"
++C02 run-c02.sh:299: tail -1 /home/lilingfeng/tmp/juicefs-c02-20260817-015425/meta/results.raw.tsv
++C02 run-c02.sh:299: awk '-F\t' '{print $NF}'
+C02 run-c02.sh:299: '[' YES = NO ']'
+C02 run-c02.sh:298: for id in "${S_TESTS[@]}"
++C02 run-c02.sh:299: tail -1 /home/lilingfeng/tmp/juicefs-c02-20260817-015425/meta/results.raw.tsv
++C02 run-c02.sh:299: awk '-F\t' '{print $NF}'
+C02 run-c02.sh:299: '[' YES = NO ']'
+C02 run-c02.sh:298: for id in "${S_TESTS[@]}"
++C02 run-c02.sh:299: tail -1 /home/lilingfeng/tmp/juicefs-c02-20260817-015425/meta/results.raw.tsv
++C02 run-c02.sh:299: awk '-F\t' '{print $NF}'
+C02 run-c02.sh:299: '[' YES = NO ']'
+C02 run-c02.sh:298: for id in "${S_TESTS[@]}"
++C02 run-c02.sh:299: tail -1 /home/lilingfeng/tmp/juicefs-c02-20260817-015425/meta/results.raw.tsv
++C02 run-c02.sh:299: awk '-F\t' '{print $NF}'
+C02 run-c02.sh:299: '[' YES = NO ']'
++C02 run-c02.sh:304: awk '-F\t' -v tool=go126 -v arm=S-stock '$1==tool && $2==arm && $12=="NO" {bad=1} END{exit bad?1:0}' /home/lilingfeng/tmp/juicefs-c02-20260817-015425/meta/results.raw.tsv
+C02 run-c02.sh:304: stock_bad=
+C02 run-c02.sh:305: '[' '' -ne 0 ']'
+C02 run-c02.sh:312: for id in "${A_TESTS[@]}"
+C02 run-c02.sh:313: run_single_test go126 local /home/lilingfeng/tmp/juicefs-c02-20260817-015425/cache/go-build-126 A-sync R1
+C02 run-c02.sh:245: local tool=go126 tc=local bc=/home/lilingfeng/tmp/juicefs-c02-20260817-015425/cache/go-build-126 arm=A-sync id=R1
+C02 run-c02.sh:246: local test_name=TestC02FullBlockDispatchAfterDelayedID
+C02 run-c02.sh:247: local key=R1_A-sync
+C02 run-c02.sh:248: local expected_class=PASS
+C02 run-c02.sh:249: local expected_marker=
+C02 run-c02.sh:250: local log_rel=logs/go126-A-sync-R1.log
+C02 run-c02.sh:251: local log_abs=/home/lilingfeng/tmp/juicefs-c02-20260817-015425/logs/go126-A-sync-R1.log
+C02 run-c02.sh:253: cd /home/lilingfeng/tmp/juicefs-c02-20260817-015425/src/A-sync
+C02 run-c02.sh:253: env GOTOOLCHAIN=local GOCACHE=/home/lilingfeng/tmp/juicefs-c02-20260817-015425/cache/go-build-126 GOFLAGS=-mod=readonly GOPROXY=https://goproxy.cn,direct GOMODCACHE=/home/lilingfeng/tmp/juicefs-c02-20260817-015425/cache/go-mod GOTMPDIR=/home/lilingfeng/tmp/juicefs-c02-20260817-015425/cache/go-tmp TMPDIR=/home/lilingfeng/tmp/juicefs-c02-20260817-015425/cache/os-tmp go test ./pkg/vfs -run '^TestC02FullBlockDispatchAfterDelayedID$' -count=1 -v -timeout=2m
+C02 run-c02.sh:256: local rc=0
+C02 run-c02.sh:257: local marker_count=0 pass_count=0 fail_count=0 forbidden_count=0 matched=NO
+C02 run-c02.sh:259: '[' -n '' ']'
++C02 run-c02.sh:262: grep -c -- '--- PASS: TestC02FullBlockDispatchAfterDelayedID' /home/lilingfeng/tmp/juicefs-c02-20260817-015425/logs/go126-A-sync-R1.log
+C02 run-c02.sh:262: pass_count=1
++C02 run-c02.sh:263: grep -c -- '--- FAIL: TestC02FullBlockDispatchAfterDelayedID' /home/lilingfeng/tmp/juicefs-c02-20260817-015425/logs/go126-A-sync-R1.log
++C02 run-c02.sh:263: true
+C02 run-c02.sh:263: fail_count=0
+C02 run-c02.sh:264: grep -Eq '\[build failed\]|panic:|fatal error:|test timed out|DATA RACE' /home/lilingfeng/tmp/juicefs-c02-20260817-015425/logs/go126-A-sync-R1.log
+C02 run-c02.sh:268: '[' PASS = PASS ']'
+C02 run-c02.sh:269: '[' 0 -eq 0 ']'
+C02 run-c02.sh:269: '[' 1 -eq 1 ']'
+C02 run-c02.sh:269: '[' 0 -eq 0 ']'
+C02 run-c02.sh:269: '[' 0 -eq 0 ']'
+C02 run-c02.sh:270: matched=YES
+C02 run-c02.sh:278: printf '%s\n' 0
+C02 run-c02.sh:279: printf '%s\t%s\t%s\t%s\t%s\t%s\t%s\t%s\t%s\t%s\t%s\t%s\n' go126 A-sync R1 TestC02FullBlockDispatchAfterDelayedID 0 PASS 0 1 0 0 logs/go126-A-sync-R1.log YES
+C02 run-c02.sh:283: echo '  go126 A-sync R1: rc=0 matched=YES (expected=PASS)'
+C02 run-c02.sh:312: for id in "${A_TESTS[@]}"
+C02 run-c02.sh:313: run_single_test go126 local /home/lilingfeng/tmp/juicefs-c02-20260817-015425/cache/go-build-126 A-sync R2
+C02 run-c02.sh:245: local tool=go126 tc=local bc=/home/lilingfeng/tmp/juicefs-c02-20260817-015425/cache/go-build-126 arm=A-sync id=R2
+C02 run-c02.sh:246: local test_name=TestC02MultiBlockDispatchUsesLatestLength
+C02 run-c02.sh:247: local key=R2_A-sync
+C02 run-c02.sh:248: local expected_class=PASS
+C02 run-c02.sh:249: local expected_marker=
+C02 run-c02.sh:250: local log_rel=logs/go126-A-sync-R2.log
+C02 run-c02.sh:251: local log_abs=/home/lilingfeng/tmp/juicefs-c02-20260817-015425/logs/go126-A-sync-R2.log
+C02 run-c02.sh:253: cd /home/lilingfeng/tmp/juicefs-c02-20260817-015425/src/A-sync
+C02 run-c02.sh:253: env GOTOOLCHAIN=local GOCACHE=/home/lilingfeng/tmp/juicefs-c02-20260817-015425/cache/go-build-126 GOFLAGS=-mod=readonly GOPROXY=https://goproxy.cn,direct GOMODCACHE=/home/lilingfeng/tmp/juicefs-c02-20260817-015425/cache/go-mod GOTMPDIR=/home/lilingfeng/tmp/juicefs-c02-20260817-015425/cache/go-tmp TMPDIR=/home/lilingfeng/tmp/juicefs-c02-20260817-015425/cache/os-tmp go test ./pkg/vfs -run '^TestC02MultiBlockDispatchUsesLatestLength$' -count=1 -v -timeout=2m
+C02 run-c02.sh:256: local rc=0
+C02 run-c02.sh:257: local marker_count=0 pass_count=0 fail_count=0 forbidden_count=0 matched=NO
+C02 run-c02.sh:259: '[' -n '' ']'
++C02 run-c02.sh:262: grep -c -- '--- PASS: TestC02MultiBlockDispatchUsesLatestLength' /home/lilingfeng/tmp/juicefs-c02-20260817-015425/logs/go126-A-sync-R2.log
+C02 run-c02.sh:262: pass_count=1
++C02 run-c02.sh:263: grep -c -- '--- FAIL: TestC02MultiBlockDispatchUsesLatestLength' /home/lilingfeng/tmp/juicefs-c02-20260817-015425/logs/go126-A-sync-R2.log
++C02 run-c02.sh:263: true
+C02 run-c02.sh:263: fail_count=0
+C02 run-c02.sh:264: grep -Eq '\[build failed\]|panic:|fatal error:|test timed out|DATA RACE' /home/lilingfeng/tmp/juicefs-c02-20260817-015425/logs/go126-A-sync-R2.log
+C02 run-c02.sh:268: '[' PASS = PASS ']'
+C02 run-c02.sh:269: '[' 0 -eq 0 ']'
+C02 run-c02.sh:269: '[' 1 -eq 1 ']'
+C02 run-c02.sh:269: '[' 0 -eq 0 ']'
+C02 run-c02.sh:269: '[' 0 -eq 0 ']'
+C02 run-c02.sh:270: matched=YES
+C02 run-c02.sh:278: printf '%s\n' 0
+C02 run-c02.sh:279: printf '%s\t%s\t%s\t%s\t%s\t%s\t%s\t%s\t%s\t%s\t%s\t%s\n' go126 A-sync R2 TestC02MultiBlockDispatchUsesLatestLength 0 PASS 0 1 0 0 logs/go126-A-sync-R2.log YES
+C02 run-c02.sh:283: echo '  go126 A-sync R2: rc=0 matched=YES (expected=PASS)'
+C02 run-c02.sh:312: for id in "${A_TESTS[@]}"
+C02 run-c02.sh:313: run_single_test go126 local /home/lilingfeng/tmp/juicefs-c02-20260817-015425/cache/go-build-126 A-sync R3
+C02 run-c02.sh:245: local tool=go126 tc=local bc=/home/lilingfeng/tmp/juicefs-c02-20260817-015425/cache/go-build-126 arm=A-sync id=R3
+C02 run-c02.sh:246: local test_name=TestC02FlushToFailureIsObservable
+C02 run-c02.sh:247: local key=R3_A-sync
+C02 run-c02.sh:248: local expected_class=PASS
+C02 run-c02.sh:249: local expected_marker=
+C02 run-c02.sh:250: local log_rel=logs/go126-A-sync-R3.log
+C02 run-c02.sh:251: local log_abs=/home/lilingfeng/tmp/juicefs-c02-20260817-015425/logs/go126-A-sync-R3.log
+C02 run-c02.sh:253: cd /home/lilingfeng/tmp/juicefs-c02-20260817-015425/src/A-sync
+C02 run-c02.sh:253: env GOTOOLCHAIN=local GOCACHE=/home/lilingfeng/tmp/juicefs-c02-20260817-015425/cache/go-build-126 GOFLAGS=-mod=readonly GOPROXY=https://goproxy.cn,direct GOMODCACHE=/home/lilingfeng/tmp/juicefs-c02-20260817-015425/cache/go-mod GOTMPDIR=/home/lilingfeng/tmp/juicefs-c02-20260817-015425/cache/go-tmp TMPDIR=/home/lilingfeng/tmp/juicefs-c02-20260817-015425/cache/os-tmp go test ./pkg/vfs -run '^TestC02FlushToFailureIsObservable$' -count=1 -v -timeout=2m
+C02 run-c02.sh:256: local rc=0
+C02 run-c02.sh:257: local marker_count=0 pass_count=0 fail_count=0 forbidden_count=0 matched=NO
+C02 run-c02.sh:259: '[' -n '' ']'
++C02 run-c02.sh:262: grep -c -- '--- PASS: TestC02FlushToFailureIsObservable' /home/lilingfeng/tmp/juicefs-c02-20260817-015425/logs/go126-A-sync-R3.log
+C02 run-c02.sh:262: pass_count=1
++C02 run-c02.sh:263: grep -c -- '--- FAIL: TestC02FlushToFailureIsObservable' /home/lilingfeng/tmp/juicefs-c02-20260817-015425/logs/go126-A-sync-R3.log
++C02 run-c02.sh:263: true
+C02 run-c02.sh:263: fail_count=0
+C02 run-c02.sh:264: grep -Eq '\[build failed\]|panic:|fatal error:|test timed out|DATA RACE' /home/lilingfeng/tmp/juicefs-c02-20260817-015425/logs/go126-A-sync-R3.log
+C02 run-c02.sh:268: '[' PASS = PASS ']'
+C02 run-c02.sh:269: '[' 0 -eq 0 ']'
+C02 run-c02.sh:269: '[' 1 -eq 1 ']'
+C02 run-c02.sh:269: '[' 0 -eq 0 ']'
+C02 run-c02.sh:269: '[' 0 -eq 0 ']'
+C02 run-c02.sh:270: matched=YES
+C02 run-c02.sh:278: printf '%s\n' 0
+C02 run-c02.sh:279: printf '%s\t%s\t%s\t%s\t%s\t%s\t%s\t%s\t%s\t%s\t%s\t%s\n' go126 A-sync R3 TestC02FlushToFailureIsObservable 0 PASS 0 1 0 0 logs/go126-A-sync-R3.log YES
+C02 run-c02.sh:283: echo '  go126 A-sync R3: rc=0 matched=YES (expected=PASS)'
+C02 run-c02.sh:312: for id in "${A_TESTS[@]}"
+C02 run-c02.sh:313: run_single_test go126 local /home/lilingfeng/tmp/juicefs-c02-20260817-015425/cache/go-build-126 A-sync C1
+C02 run-c02.sh:245: local tool=go126 tc=local bc=/home/lilingfeng/tmp/juicefs-c02-20260817-015425/cache/go-build-126 arm=A-sync id=C1
+C02 run-c02.sh:246: local test_name=TestC02PartialThenFullAfterIDDispatchesOnce
+C02 run-c02.sh:247: local key=C1_A-sync
+C02 run-c02.sh:248: local expected_class=PASS
+C02 run-c02.sh:249: local expected_marker=
+C02 run-c02.sh:250: local log_rel=logs/go126-A-sync-C1.log
+C02 run-c02.sh:251: local log_abs=/home/lilingfeng/tmp/juicefs-c02-20260817-015425/logs/go126-A-sync-C1.log
+C02 run-c02.sh:253: cd /home/lilingfeng/tmp/juicefs-c02-20260817-015425/src/A-sync
+C02 run-c02.sh:253: env GOTOOLCHAIN=local GOCACHE=/home/lilingfeng/tmp/juicefs-c02-20260817-015425/cache/go-build-126 GOFLAGS=-mod=readonly GOPROXY=https://goproxy.cn,direct GOMODCACHE=/home/lilingfeng/tmp/juicefs-c02-20260817-015425/cache/go-mod GOTMPDIR=/home/lilingfeng/tmp/juicefs-c02-20260817-015425/cache/go-tmp TMPDIR=/home/lilingfeng/tmp/juicefs-c02-20260817-015425/cache/os-tmp go test ./pkg/vfs -run '^TestC02PartialThenFullAfterIDDispatchesOnce$' -count=1 -v -timeout=2m
+C02 run-c02.sh:256: local rc=0
+C02 run-c02.sh:257: local marker_count=0 pass_count=0 fail_count=0 forbidden_count=0 matched=NO
+C02 run-c02.sh:259: '[' -n '' ']'
++C02 run-c02.sh:262: grep -c -- '--- PASS: TestC02PartialThenFullAfterIDDispatchesOnce' /home/lilingfeng/tmp/juicefs-c02-20260817-015425/logs/go126-A-sync-C1.log
+C02 run-c02.sh:262: pass_count=1
++C02 run-c02.sh:263: grep -c -- '--- FAIL: TestC02PartialThenFullAfterIDDispatchesOnce' /home/lilingfeng/tmp/juicefs-c02-20260817-015425/logs/go126-A-sync-C1.log
++C02 run-c02.sh:263: true
+C02 run-c02.sh:263: fail_count=0
+C02 run-c02.sh:264: grep -Eq '\[build failed\]|panic:|fatal error:|test timed out|DATA RACE' /home/lilingfeng/tmp/juicefs-c02-20260817-015425/logs/go126-A-sync-C1.log
+C02 run-c02.sh:268: '[' PASS = PASS ']'
+C02 run-c02.sh:269: '[' 0 -eq 0 ']'
+C02 run-c02.sh:269: '[' 1 -eq 1 ']'
+C02 run-c02.sh:269: '[' 0 -eq 0 ']'
+C02 run-c02.sh:269: '[' 0 -eq 0 ']'
+C02 run-c02.sh:270: matched=YES
+C02 run-c02.sh:278: printf '%s\n' 0
+C02 run-c02.sh:279: printf '%s\t%s\t%s\t%s\t%s\t%s\t%s\t%s\t%s\t%s\t%s\t%s\n' go126 A-sync C1 TestC02PartialThenFullAfterIDDispatchesOnce 0 PASS 0 1 0 0 logs/go126-A-sync-C1.log YES
+C02 run-c02.sh:283: echo '  go126 A-sync C1: rc=0 matched=YES (expected=PASS)'
+C02 run-c02.sh:312: for id in "${A_TESTS[@]}"
+C02 run-c02.sh:313: run_single_test go126 local /home/lilingfeng/tmp/juicefs-c02-20260817-015425/cache/go-build-126 A-sync C2
+C02 run-c02.sh:245: local tool=go126 tc=local bc=/home/lilingfeng/tmp/juicefs-c02-20260817-015425/cache/go-build-126 arm=A-sync id=C2
+C02 run-c02.sh:246: local test_name=TestC02DelayedNewSliceDoesNotBlockWriteAt
+C02 run-c02.sh:247: local key=C2_A-sync
+C02 run-c02.sh:248: local expected_class=FAIL
+C02 run-c02.sh:249: local expected_marker=C02_BLOCKING_REGRESSION
+C02 run-c02.sh:250: local log_rel=logs/go126-A-sync-C2.log
+C02 run-c02.sh:251: local log_abs=/home/lilingfeng/tmp/juicefs-c02-20260817-015425/logs/go126-A-sync-C2.log
+C02 run-c02.sh:253: cd /home/lilingfeng/tmp/juicefs-c02-20260817-015425/src/A-sync
+C02 run-c02.sh:253: env GOTOOLCHAIN=local GOCACHE=/home/lilingfeng/tmp/juicefs-c02-20260817-015425/cache/go-build-126 GOFLAGS=-mod=readonly GOPROXY=https://goproxy.cn,direct GOMODCACHE=/home/lilingfeng/tmp/juicefs-c02-20260817-015425/cache/go-mod GOTMPDIR=/home/lilingfeng/tmp/juicefs-c02-20260817-015425/cache/go-tmp TMPDIR=/home/lilingfeng/tmp/juicefs-c02-20260817-015425/cache/os-tmp go test ./pkg/vfs -run '^TestC02DelayedNewSliceDoesNotBlockWriteAt$' -count=1 -v -timeout=2m
+C02 run-c02.sh:256: local rc=1
+C02 run-c02.sh:257: local marker_count=0 pass_count=0 fail_count=0 forbidden_count=0 matched=NO
+C02 run-c02.sh:259: '[' -n C02_BLOCKING_REGRESSION ']'
++C02 run-c02.sh:260: grep -c C02_BLOCKING_REGRESSION /home/lilingfeng/tmp/juicefs-c02-20260817-015425/logs/go126-A-sync-C2.log
+C02 run-c02.sh:260: marker_count=1
++C02 run-c02.sh:262: grep -c -- '--- PASS: TestC02DelayedNewSliceDoesNotBlockWriteAt' /home/lilingfeng/tmp/juicefs-c02-20260817-015425/logs/go126-A-sync-C2.log
++C02 run-c02.sh:262: true
+C02 run-c02.sh:262: pass_count=0
++C02 run-c02.sh:263: grep -c -- '--- FAIL: TestC02DelayedNewSliceDoesNotBlockWriteAt' /home/lilingfeng/tmp/juicefs-c02-20260817-015425/logs/go126-A-sync-C2.log
+C02 run-c02.sh:263: fail_count=1
+C02 run-c02.sh:264: grep -Eq '\[build failed\]|panic:|fatal error:|test timed out|DATA RACE' /home/lilingfeng/tmp/juicefs-c02-20260817-015425/logs/go126-A-sync-C2.log
+C02 run-c02.sh:268: '[' FAIL = PASS ']'
+C02 run-c02.sh:272: '[' FAIL = FAIL ']'
+C02 run-c02.sh:273: '[' 1 -ne 0 ']'
+C02 run-c02.sh:273: '[' 1 -eq 1 ']'
+C02 run-c02.sh:273: '[' 1 -eq 1 ']'
+C02 run-c02.sh:273: '[' 0 -eq 0 ']'
+C02 run-c02.sh:274: matched=YES
+C02 run-c02.sh:278: printf '%s\n' 1
+C02 run-c02.sh:279: printf '%s\t%s\t%s\t%s\t%s\t%s\t%s\t%s\t%s\t%s\t%s\t%s\n' go126 A-sync C2 TestC02DelayedNewSliceDoesNotBlockWriteAt 1 FAIL 1 0 1 0 logs/go126-A-sync-C2.log YES
+C02 run-c02.sh:283: echo '  go126 A-sync C2: rc=1 matched=YES (expected=FAIL)'
+C02 run-c02.sh:312: for id in "${A_TESTS[@]}"
+C02 run-c02.sh:313: run_single_test go126 local /home/lilingfeng/tmp/juicefs-c02-20260817-015425/cache/go-build-126 A-sync C3
+C02 run-c02.sh:245: local tool=go126 tc=local bc=/home/lilingfeng/tmp/juicefs-c02-20260817-015425/cache/go-build-126 arm=A-sync id=C3
+C02 run-c02.sh:246: local test_name=TestC02NonEIONewSliceDoesNotRetryBeforeFlush
+C02 run-c02.sh:247: local key=C3_A-sync
+C02 run-c02.sh:248: local expected_class=FAIL
+C02 run-c02.sh:249: local expected_marker=C02_EXTRA_NEWSLICE_ATTEMPT
+C02 run-c02.sh:250: local log_rel=logs/go126-A-sync-C3.log
+C02 run-c02.sh:251: local log_abs=/home/lilingfeng/tmp/juicefs-c02-20260817-015425/logs/go126-A-sync-C3.log
+C02 run-c02.sh:253: cd /home/lilingfeng/tmp/juicefs-c02-20260817-015425/src/A-sync
+C02 run-c02.sh:253: env GOTOOLCHAIN=local GOCACHE=/home/lilingfeng/tmp/juicefs-c02-20260817-015425/cache/go-build-126 GOFLAGS=-mod=readonly GOPROXY=https://goproxy.cn,direct GOMODCACHE=/home/lilingfeng/tmp/juicefs-c02-20260817-015425/cache/go-mod GOTMPDIR=/home/lilingfeng/tmp/juicefs-c02-20260817-015425/cache/go-tmp TMPDIR=/home/lilingfeng/tmp/juicefs-c02-20260817-015425/cache/os-tmp go test ./pkg/vfs -run '^TestC02NonEIONewSliceDoesNotRetryBeforeFlush$' -count=1 -v -timeout=2m
+C02 run-c02.sh:256: local rc=1
+C02 run-c02.sh:257: local marker_count=0 pass_count=0 fail_count=0 forbidden_count=0 matched=NO
+C02 run-c02.sh:259: '[' -n C02_EXTRA_NEWSLICE_ATTEMPT ']'
++C02 run-c02.sh:260: grep -c C02_EXTRA_NEWSLICE_ATTEMPT /home/lilingfeng/tmp/juicefs-c02-20260817-015425/logs/go126-A-sync-C3.log
+C02 run-c02.sh:260: marker_count=1
++C02 run-c02.sh:262: grep -c -- '--- PASS: TestC02NonEIONewSliceDoesNotRetryBeforeFlush' /home/lilingfeng/tmp/juicefs-c02-20260817-015425/logs/go126-A-sync-C3.log
++C02 run-c02.sh:262: true
+C02 run-c02.sh:262: pass_count=0
++C02 run-c02.sh:263: grep -c -- '--- FAIL: TestC02NonEIONewSliceDoesNotRetryBeforeFlush' /home/lilingfeng/tmp/juicefs-c02-20260817-015425/logs/go126-A-sync-C3.log
+C02 run-c02.sh:263: fail_count=1
+C02 run-c02.sh:264: grep -Eq '\[build failed\]|panic:|fatal error:|test timed out|DATA RACE' /home/lilingfeng/tmp/juicefs-c02-20260817-015425/logs/go126-A-sync-C3.log
+C02 run-c02.sh:268: '[' FAIL = PASS ']'
+C02 run-c02.sh:272: '[' FAIL = FAIL ']'
+C02 run-c02.sh:273: '[' 1 -ne 0 ']'
+C02 run-c02.sh:273: '[' 1 -eq 1 ']'
+C02 run-c02.sh:273: '[' 1 -eq 1 ']'
+C02 run-c02.sh:273: '[' 0 -eq 0 ']'
+C02 run-c02.sh:274: matched=YES
+C02 run-c02.sh:278: printf '%s\n' 1
+C02 run-c02.sh:279: printf '%s\t%s\t%s\t%s\t%s\t%s\t%s\t%s\t%s\t%s\t%s\t%s\n' go126 A-sync C3 TestC02NonEIONewSliceDoesNotRetryBeforeFlush 1 FAIL 1 0 1 0 logs/go126-A-sync-C3.log YES
+C02 run-c02.sh:283: echo '  go126 A-sync C3: rc=1 matched=YES (expected=FAIL)'
+C02 run-c02.sh:312: for id in "${A_TESTS[@]}"
+C02 run-c02.sh:313: run_single_test go126 local /home/lilingfeng/tmp/juicefs-c02-20260817-015425/cache/go-build-126 A-sync F1
+C02 run-c02.sh:245: local tool=go126 tc=local bc=/home/lilingfeng/tmp/juicefs-c02-20260817-015425/cache/go-build-126 arm=A-sync id=F1
+C02 run-c02.sh:246: local test_name=TestC02TransientEIORecoversOnFreeze
+C02 run-c02.sh:247: local key=F1_A-sync
+C02 run-c02.sh:248: local expected_class=PASS
+C02 run-c02.sh:249: local expected_marker=
+C02 run-c02.sh:250: local log_rel=logs/go126-A-sync-F1.log
+C02 run-c02.sh:251: local log_abs=/home/lilingfeng/tmp/juicefs-c02-20260817-015425/logs/go126-A-sync-F1.log
+C02 run-c02.sh:253: cd /home/lilingfeng/tmp/juicefs-c02-20260817-015425/src/A-sync
+C02 run-c02.sh:253: env GOTOOLCHAIN=local GOCACHE=/home/lilingfeng/tmp/juicefs-c02-20260817-015425/cache/go-build-126 GOFLAGS=-mod=readonly GOPROXY=https://goproxy.cn,direct GOMODCACHE=/home/lilingfeng/tmp/juicefs-c02-20260817-015425/cache/go-mod GOTMPDIR=/home/lilingfeng/tmp/juicefs-c02-20260817-015425/cache/go-tmp TMPDIR=/home/lilingfeng/tmp/juicefs-c02-20260817-015425/cache/os-tmp go test ./pkg/vfs -run '^TestC02TransientEIORecoversOnFreeze$' -count=1 -v -timeout=2m
+C02 run-c02.sh:256: local rc=0
+C02 run-c02.sh:257: local marker_count=0 pass_count=0 fail_count=0 forbidden_count=0 matched=NO
+C02 run-c02.sh:259: '[' -n '' ']'
++C02 run-c02.sh:262: grep -c -- '--- PASS: TestC02TransientEIORecoversOnFreeze' /home/lilingfeng/tmp/juicefs-c02-20260817-015425/logs/go126-A-sync-F1.log
+C02 run-c02.sh:262: pass_count=1
++C02 run-c02.sh:263: grep -c -- '--- FAIL: TestC02TransientEIORecoversOnFreeze' /home/lilingfeng/tmp/juicefs-c02-20260817-015425/logs/go126-A-sync-F1.log
++C02 run-c02.sh:263: true
+C02 run-c02.sh:263: fail_count=0
+C02 run-c02.sh:264: grep -Eq '\[build failed\]|panic:|fatal error:|test timed out|DATA RACE' /home/lilingfeng/tmp/juicefs-c02-20260817-015425/logs/go126-A-sync-F1.log
+C02 run-c02.sh:268: '[' PASS = PASS ']'
+C02 run-c02.sh:269: '[' 0 -eq 0 ']'
+C02 run-c02.sh:269: '[' 1 -eq 1 ']'
+C02 run-c02.sh:269: '[' 0 -eq 0 ']'
+C02 run-c02.sh:269: '[' 0 -eq 0 ']'
+C02 run-c02.sh:270: matched=YES
+C02 run-c02.sh:278: printf '%s\n' 0
+C02 run-c02.sh:279: printf '%s\t%s\t%s\t%s\t%s\t%s\t%s\t%s\t%s\t%s\t%s\t%s\n' go126 A-sync F1 TestC02TransientEIORecoversOnFreeze 0 PASS 0 1 0 0 logs/go126-A-sync-F1.log YES
+C02 run-c02.sh:283: echo '  go126 A-sync F1: rc=0 matched=YES (expected=PASS)'
+C02 run-c02.sh:312: for id in "${A_TESTS[@]}"
+C02 run-c02.sh:313: run_single_test go126 local /home/lilingfeng/tmp/juicefs-c02-20260817-015425/cache/go-build-126 A-sync F2
+C02 run-c02.sh:245: local tool=go126 tc=local bc=/home/lilingfeng/tmp/juicefs-c02-20260817-015425/cache/go-build-126 arm=A-sync id=F2
+C02 run-c02.sh:246: local test_name=TestC02PermanentENOSPCAbortsFrozenSlice
+C02 run-c02.sh:247: local key=F2_A-sync
+C02 run-c02.sh:248: local expected_class=PASS
+C02 run-c02.sh:249: local expected_marker=
+C02 run-c02.sh:250: local log_rel=logs/go126-A-sync-F2.log
+C02 run-c02.sh:251: local log_abs=/home/lilingfeng/tmp/juicefs-c02-20260817-015425/logs/go126-A-sync-F2.log
+C02 run-c02.sh:253: cd /home/lilingfeng/tmp/juicefs-c02-20260817-015425/src/A-sync
+C02 run-c02.sh:253: env GOTOOLCHAIN=local GOCACHE=/home/lilingfeng/tmp/juicefs-c02-20260817-015425/cache/go-build-126 GOFLAGS=-mod=readonly GOPROXY=https://goproxy.cn,direct GOMODCACHE=/home/lilingfeng/tmp/juicefs-c02-20260817-015425/cache/go-mod GOTMPDIR=/home/lilingfeng/tmp/juicefs-c02-20260817-015425/cache/go-tmp TMPDIR=/home/lilingfeng/tmp/juicefs-c02-20260817-015425/cache/os-tmp go test ./pkg/vfs -run '^TestC02PermanentENOSPCAbortsFrozenSlice$' -count=1 -v -timeout=2m
+C02 run-c02.sh:256: local rc=0
+C02 run-c02.sh:257: local marker_count=0 pass_count=0 fail_count=0 forbidden_count=0 matched=NO
+C02 run-c02.sh:259: '[' -n '' ']'
++C02 run-c02.sh:262: grep -c -- '--- PASS: TestC02PermanentENOSPCAbortsFrozenSlice' /home/lilingfeng/tmp/juicefs-c02-20260817-015425/logs/go126-A-sync-F2.log
+C02 run-c02.sh:262: pass_count=1
++C02 run-c02.sh:263: grep -c -- '--- FAIL: TestC02PermanentENOSPCAbortsFrozenSlice' /home/lilingfeng/tmp/juicefs-c02-20260817-015425/logs/go126-A-sync-F2.log
++C02 run-c02.sh:263: true
+C02 run-c02.sh:263: fail_count=0
+C02 run-c02.sh:264: grep -Eq '\[build failed\]|panic:|fatal error:|test timed out|DATA RACE' /home/lilingfeng/tmp/juicefs-c02-20260817-015425/logs/go126-A-sync-F2.log
+C02 run-c02.sh:268: '[' PASS = PASS ']'
+C02 run-c02.sh:269: '[' 0 -eq 0 ']'
+C02 run-c02.sh:269: '[' 1 -eq 1 ']'
+C02 run-c02.sh:269: '[' 0 -eq 0 ']'
+C02 run-c02.sh:269: '[' 0 -eq 0 ']'
+C02 run-c02.sh:270: matched=YES
+C02 run-c02.sh:278: printf '%s\n' 0
+C02 run-c02.sh:279: printf '%s\t%s\t%s\t%s\t%s\t%s\t%s\t%s\t%s\t%s\t%s\t%s\n' go126 A-sync F2 TestC02PermanentENOSPCAbortsFrozenSlice 0 PASS 0 1 0 0 logs/go126-A-sync-F2.log YES
+C02 run-c02.sh:283: echo '  go126 A-sync F2: rc=0 matched=YES (expected=PASS)'
+C02 run-c02.sh:312: for id in "${A_TESTS[@]}"
+C02 run-c02.sh:313: run_single_test go126 local /home/lilingfeng/tmp/juicefs-c02-20260817-015425/cache/go-build-126 A-sync F3
+C02 run-c02.sh:245: local tool=go126 tc=local bc=/home/lilingfeng/tmp/juicefs-c02-20260817-015425/cache/go-build-126 arm=A-sync id=F3
+C02 run-c02.sh:246: local test_name=TestC02FrozenSliceSkipsCatchupFlush
+C02 run-c02.sh:247: local key=F3_A-sync
+C02 run-c02.sh:248: local expected_class=PASS
+C02 run-c02.sh:249: local expected_marker=
+C02 run-c02.sh:250: local log_rel=logs/go126-A-sync-F3.log
+C02 run-c02.sh:251: local log_abs=/home/lilingfeng/tmp/juicefs-c02-20260817-015425/logs/go126-A-sync-F3.log
+C02 run-c02.sh:253: cd /home/lilingfeng/tmp/juicefs-c02-20260817-015425/src/A-sync
+C02 run-c02.sh:253: env GOTOOLCHAIN=local GOCACHE=/home/lilingfeng/tmp/juicefs-c02-20260817-015425/cache/go-build-126 GOFLAGS=-mod=readonly GOPROXY=https://goproxy.cn,direct GOMODCACHE=/home/lilingfeng/tmp/juicefs-c02-20260817-015425/cache/go-mod GOTMPDIR=/home/lilingfeng/tmp/juicefs-c02-20260817-015425/cache/go-tmp TMPDIR=/home/lilingfeng/tmp/juicefs-c02-20260817-015425/cache/os-tmp go test ./pkg/vfs -run '^TestC02FrozenSliceSkipsCatchupFlush$' -count=1 -v -timeout=2m
+C02 run-c02.sh:256: local rc=0
+C02 run-c02.sh:257: local marker_count=0 pass_count=0 fail_count=0 forbidden_count=0 matched=NO
+C02 run-c02.sh:259: '[' -n '' ']'
++C02 run-c02.sh:262: grep -c -- '--- PASS: TestC02FrozenSliceSkipsCatchupFlush' /home/lilingfeng/tmp/juicefs-c02-20260817-015425/logs/go126-A-sync-F3.log
+C02 run-c02.sh:262: pass_count=1
++C02 run-c02.sh:263: grep -c -- '--- FAIL: TestC02FrozenSliceSkipsCatchupFlush' /home/lilingfeng/tmp/juicefs-c02-20260817-015425/logs/go126-A-sync-F3.log
++C02 run-c02.sh:263: true
+C02 run-c02.sh:263: fail_count=0
+C02 run-c02.sh:264: grep -Eq '\[build failed\]|panic:|fatal error:|test timed out|DATA RACE' /home/lilingfeng/tmp/juicefs-c02-20260817-015425/logs/go126-A-sync-F3.log
+C02 run-c02.sh:268: '[' PASS = PASS ']'
+C02 run-c02.sh:269: '[' 0 -eq 0 ']'
+C02 run-c02.sh:269: '[' 1 -eq 1 ']'
+C02 run-c02.sh:269: '[' 0 -eq 0 ']'
+C02 run-c02.sh:269: '[' 0 -eq 0 ']'
+C02 run-c02.sh:270: matched=YES
+C02 run-c02.sh:278: printf '%s\n' 0
+C02 run-c02.sh:279: printf '%s\t%s\t%s\t%s\t%s\t%s\t%s\t%s\t%s\t%s\t%s\t%s\n' go126 A-sync F3 TestC02FrozenSliceSkipsCatchupFlush 0 PASS 0 1 0 0 logs/go126-A-sync-F3.log YES
+C02 run-c02.sh:283: echo '  go126 A-sync F3: rc=0 matched=YES (expected=PASS)'
+C02 run-c02.sh:312: for id in "${A_TESTS[@]}"
+C02 run-c02.sh:313: run_single_test go126 local /home/lilingfeng/tmp/juicefs-c02-20260817-015425/cache/go-build-126 A-sync K1
+C02 run-c02.sh:245: local tool=go126 tc=local bc=/home/lilingfeng/tmp/juicefs-c02-20260817-015425/cache/go-build-126 arm=A-sync id=K1
+C02 run-c02.sh:246: local test_name=TestC02ConcurrentIndependentFullBlocks
+C02 run-c02.sh:247: local key=K1_A-sync
+C02 run-c02.sh:248: local expected_class=PASS
+C02 run-c02.sh:249: local expected_marker=
+C02 run-c02.sh:250: local log_rel=logs/go126-A-sync-K1.log
+C02 run-c02.sh:251: local log_abs=/home/lilingfeng/tmp/juicefs-c02-20260817-015425/logs/go126-A-sync-K1.log
+C02 run-c02.sh:253: cd /home/lilingfeng/tmp/juicefs-c02-20260817-015425/src/A-sync
+C02 run-c02.sh:253: env GOTOOLCHAIN=local GOCACHE=/home/lilingfeng/tmp/juicefs-c02-20260817-015425/cache/go-build-126 GOFLAGS=-mod=readonly GOPROXY=https://goproxy.cn,direct GOMODCACHE=/home/lilingfeng/tmp/juicefs-c02-20260817-015425/cache/go-mod GOTMPDIR=/home/lilingfeng/tmp/juicefs-c02-20260817-015425/cache/go-tmp TMPDIR=/home/lilingfeng/tmp/juicefs-c02-20260817-015425/cache/os-tmp go test ./pkg/vfs -run '^TestC02ConcurrentIndependentFullBlocks$' -count=1 -v -timeout=2m
+C02 run-c02.sh:256: local rc=0
+C02 run-c02.sh:257: local marker_count=0 pass_count=0 fail_count=0 forbidden_count=0 matched=NO
+C02 run-c02.sh:259: '[' -n '' ']'
++C02 run-c02.sh:262: grep -c -- '--- PASS: TestC02ConcurrentIndependentFullBlocks' /home/lilingfeng/tmp/juicefs-c02-20260817-015425/logs/go126-A-sync-K1.log
+C02 run-c02.sh:262: pass_count=1
++C02 run-c02.sh:263: grep -c -- '--- FAIL: TestC02ConcurrentIndependentFullBlocks' /home/lilingfeng/tmp/juicefs-c02-20260817-015425/logs/go126-A-sync-K1.log
++C02 run-c02.sh:263: true
+C02 run-c02.sh:263: fail_count=0
+C02 run-c02.sh:264: grep -Eq '\[build failed\]|panic:|fatal error:|test timed out|DATA RACE' /home/lilingfeng/tmp/juicefs-c02-20260817-015425/logs/go126-A-sync-K1.log
+C02 run-c02.sh:268: '[' PASS = PASS ']'
+C02 run-c02.sh:269: '[' 0 -eq 0 ']'
+C02 run-c02.sh:269: '[' 1 -eq 1 ']'
+C02 run-c02.sh:269: '[' 0 -eq 0 ']'
+C02 run-c02.sh:269: '[' 0 -eq 0 ']'
+C02 run-c02.sh:270: matched=YES
+C02 run-c02.sh:278: printf '%s\n' 0
+C02 run-c02.sh:279: printf '%s\t%s\t%s\t%s\t%s\t%s\t%s\t%s\t%s\t%s\t%s\t%s\n' go126 A-sync K1 TestC02ConcurrentIndependentFullBlocks 0 PASS 0 1 0 0 logs/go126-A-sync-K1.log YES
+C02 run-c02.sh:283: echo '  go126 A-sync K1: rc=0 matched=YES (expected=PASS)'
+C02 run-c02.sh:317: for id in "${B_TESTS[@]}"
+C02 run-c02.sh:318: run_single_test go126 local /home/lilingfeng/tmp/juicefs-c02-20260817-015425/cache/go-build-126 B-async-catchup R1
+C02 run-c02.sh:245: local tool=go126 tc=local bc=/home/lilingfeng/tmp/juicefs-c02-20260817-015425/cache/go-build-126 arm=B-async-catchup id=R1
+C02 run-c02.sh:246: local test_name=TestC02FullBlockDispatchAfterDelayedID
+C02 run-c02.sh:247: local key=R1_B-async-catchup
+C02 run-c02.sh:248: local expected_class=PASS
+C02 run-c02.sh:249: local expected_marker=
+C02 run-c02.sh:250: local log_rel=logs/go126-B-async-catchup-R1.log
+C02 run-c02.sh:251: local log_abs=/home/lilingfeng/tmp/juicefs-c02-20260817-015425/logs/go126-B-async-catchup-R1.log
+C02 run-c02.sh:253: cd /home/lilingfeng/tmp/juicefs-c02-20260817-015425/src/B-async-catchup
+C02 run-c02.sh:253: env GOTOOLCHAIN=local GOCACHE=/home/lilingfeng/tmp/juicefs-c02-20260817-015425/cache/go-build-126 GOFLAGS=-mod=readonly GOPROXY=https://goproxy.cn,direct GOMODCACHE=/home/lilingfeng/tmp/juicefs-c02-20260817-015425/cache/go-mod GOTMPDIR=/home/lilingfeng/tmp/juicefs-c02-20260817-015425/cache/go-tmp TMPDIR=/home/lilingfeng/tmp/juicefs-c02-20260817-015425/cache/os-tmp go test ./pkg/vfs -run '^TestC02FullBlockDispatchAfterDelayedID$' -count=1 -v -timeout=2m
+C02 run-c02.sh:256: local rc=0
+C02 run-c02.sh:257: local marker_count=0 pass_count=0 fail_count=0 forbidden_count=0 matched=NO
+C02 run-c02.sh:259: '[' -n '' ']'
++C02 run-c02.sh:262: grep -c -- '--- PASS: TestC02FullBlockDispatchAfterDelayedID' /home/lilingfeng/tmp/juicefs-c02-20260817-015425/logs/go126-B-async-catchup-R1.log
+C02 run-c02.sh:262: pass_count=1
++C02 run-c02.sh:263: grep -c -- '--- FAIL: TestC02FullBlockDispatchAfterDelayedID' /home/lilingfeng/tmp/juicefs-c02-20260817-015425/logs/go126-B-async-catchup-R1.log
++C02 run-c02.sh:263: true
+C02 run-c02.sh:263: fail_count=0
+C02 run-c02.sh:264: grep -Eq '\[build failed\]|panic:|fatal error:|test timed out|DATA RACE' /home/lilingfeng/tmp/juicefs-c02-20260817-015425/logs/go126-B-async-catchup-R1.log
+C02 run-c02.sh:268: '[' PASS = PASS ']'
+C02 run-c02.sh:269: '[' 0 -eq 0 ']'
+C02 run-c02.sh:269: '[' 1 -eq 1 ']'
+C02 run-c02.sh:269: '[' 0 -eq 0 ']'
+C02 run-c02.sh:269: '[' 0 -eq 0 ']'
+C02 run-c02.sh:270: matched=YES
+C02 run-c02.sh:278: printf '%s\n' 0
+C02 run-c02.sh:279: printf '%s\t%s\t%s\t%s\t%s\t%s\t%s\t%s\t%s\t%s\t%s\t%s\n' go126 B-async-catchup R1 TestC02FullBlockDispatchAfterDelayedID 0 PASS 0 1 0 0 logs/go126-B-async-catchup-R1.log YES
+C02 run-c02.sh:283: echo '  go126 B-async-catchup R1: rc=0 matched=YES (expected=PASS)'
+C02 run-c02.sh:317: for id in "${B_TESTS[@]}"
+C02 run-c02.sh:318: run_single_test go126 local /home/lilingfeng/tmp/juicefs-c02-20260817-015425/cache/go-build-126 B-async-catchup R2
+C02 run-c02.sh:245: local tool=go126 tc=local bc=/home/lilingfeng/tmp/juicefs-c02-20260817-015425/cache/go-build-126 arm=B-async-catchup id=R2
+C02 run-c02.sh:246: local test_name=TestC02MultiBlockDispatchUsesLatestLength
+C02 run-c02.sh:247: local key=R2_B-async-catchup
+C02 run-c02.sh:248: local expected_class=PASS
+C02 run-c02.sh:249: local expected_marker=
+C02 run-c02.sh:250: local log_rel=logs/go126-B-async-catchup-R2.log
+C02 run-c02.sh:251: local log_abs=/home/lilingfeng/tmp/juicefs-c02-20260817-015425/logs/go126-B-async-catchup-R2.log
+C02 run-c02.sh:253: cd /home/lilingfeng/tmp/juicefs-c02-20260817-015425/src/B-async-catchup
+C02 run-c02.sh:253: env GOTOOLCHAIN=local GOCACHE=/home/lilingfeng/tmp/juicefs-c02-20260817-015425/cache/go-build-126 GOFLAGS=-mod=readonly GOPROXY=https://goproxy.cn,direct GOMODCACHE=/home/lilingfeng/tmp/juicefs-c02-20260817-015425/cache/go-mod GOTMPDIR=/home/lilingfeng/tmp/juicefs-c02-20260817-015425/cache/go-tmp TMPDIR=/home/lilingfeng/tmp/juicefs-c02-20260817-015425/cache/os-tmp go test ./pkg/vfs -run '^TestC02MultiBlockDispatchUsesLatestLength$' -count=1 -v -timeout=2m
+C02 run-c02.sh:256: local rc=0
+C02 run-c02.sh:257: local marker_count=0 pass_count=0 fail_count=0 forbidden_count=0 matched=NO
+C02 run-c02.sh:259: '[' -n '' ']'
++C02 run-c02.sh:262: grep -c -- '--- PASS: TestC02MultiBlockDispatchUsesLatestLength' /home/lilingfeng/tmp/juicefs-c02-20260817-015425/logs/go126-B-async-catchup-R2.log
+C02 run-c02.sh:262: pass_count=1
++C02 run-c02.sh:263: grep -c -- '--- FAIL: TestC02MultiBlockDispatchUsesLatestLength' /home/lilingfeng/tmp/juicefs-c02-20260817-015425/logs/go126-B-async-catchup-R2.log
++C02 run-c02.sh:263: true
+C02 run-c02.sh:263: fail_count=0
+C02 run-c02.sh:264: grep -Eq '\[build failed\]|panic:|fatal error:|test timed out|DATA RACE' /home/lilingfeng/tmp/juicefs-c02-20260817-015425/logs/go126-B-async-catchup-R2.log
+C02 run-c02.sh:268: '[' PASS = PASS ']'
+C02 run-c02.sh:269: '[' 0 -eq 0 ']'
+C02 run-c02.sh:269: '[' 1 -eq 1 ']'
+C02 run-c02.sh:269: '[' 0 -eq 0 ']'
+C02 run-c02.sh:269: '[' 0 -eq 0 ']'
+C02 run-c02.sh:270: matched=YES
+C02 run-c02.sh:278: printf '%s\n' 0
+C02 run-c02.sh:279: printf '%s\t%s\t%s\t%s\t%s\t%s\t%s\t%s\t%s\t%s\t%s\t%s\n' go126 B-async-catchup R2 TestC02MultiBlockDispatchUsesLatestLength 0 PASS 0 1 0 0 logs/go126-B-async-catchup-R2.log YES
+C02 run-c02.sh:283: echo '  go126 B-async-catchup R2: rc=0 matched=YES (expected=PASS)'
+C02 run-c02.sh:317: for id in "${B_TESTS[@]}"
+C02 run-c02.sh:318: run_single_test go126 local /home/lilingfeng/tmp/juicefs-c02-20260817-015425/cache/go-build-126 B-async-catchup R3
+C02 run-c02.sh:245: local tool=go126 tc=local bc=/home/lilingfeng/tmp/juicefs-c02-20260817-015425/cache/go-build-126 arm=B-async-catchup id=R3
+C02 run-c02.sh:246: local test_name=TestC02FlushToFailureIsObservable
+C02 run-c02.sh:247: local key=R3_B-async-catchup
+C02 run-c02.sh:248: local expected_class=PASS
+C02 run-c02.sh:249: local expected_marker=
+C02 run-c02.sh:250: local log_rel=logs/go126-B-async-catchup-R3.log
+C02 run-c02.sh:251: local log_abs=/home/lilingfeng/tmp/juicefs-c02-20260817-015425/logs/go126-B-async-catchup-R3.log
+C02 run-c02.sh:253: cd /home/lilingfeng/tmp/juicefs-c02-20260817-015425/src/B-async-catchup
+C02 run-c02.sh:253: env GOTOOLCHAIN=local GOCACHE=/home/lilingfeng/tmp/juicefs-c02-20260817-015425/cache/go-build-126 GOFLAGS=-mod=readonly GOPROXY=https://goproxy.cn,direct GOMODCACHE=/home/lilingfeng/tmp/juicefs-c02-20260817-015425/cache/go-mod GOTMPDIR=/home/lilingfeng/tmp/juicefs-c02-20260817-015425/cache/go-tmp TMPDIR=/home/lilingfeng/tmp/juicefs-c02-20260817-015425/cache/os-tmp go test ./pkg/vfs -run '^TestC02FlushToFailureIsObservable$' -count=1 -v -timeout=2m
+C02 run-c02.sh:256: local rc=0
+C02 run-c02.sh:257: local marker_count=0 pass_count=0 fail_count=0 forbidden_count=0 matched=NO
+C02 run-c02.sh:259: '[' -n '' ']'
++C02 run-c02.sh:262: grep -c -- '--- PASS: TestC02FlushToFailureIsObservable' /home/lilingfeng/tmp/juicefs-c02-20260817-015425/logs/go126-B-async-catchup-R3.log
+C02 run-c02.sh:262: pass_count=1
++C02 run-c02.sh:263: grep -c -- '--- FAIL: TestC02FlushToFailureIsObservable' /home/lilingfeng/tmp/juicefs-c02-20260817-015425/logs/go126-B-async-catchup-R3.log
++C02 run-c02.sh:263: true
+C02 run-c02.sh:263: fail_count=0
+C02 run-c02.sh:264: grep -Eq '\[build failed\]|panic:|fatal error:|test timed out|DATA RACE' /home/lilingfeng/tmp/juicefs-c02-20260817-015425/logs/go126-B-async-catchup-R3.log
+C02 run-c02.sh:268: '[' PASS = PASS ']'
+C02 run-c02.sh:269: '[' 0 -eq 0 ']'
+C02 run-c02.sh:269: '[' 1 -eq 1 ']'
+C02 run-c02.sh:269: '[' 0 -eq 0 ']'
+C02 run-c02.sh:269: '[' 0 -eq 0 ']'
+C02 run-c02.sh:270: matched=YES
+C02 run-c02.sh:278: printf '%s\n' 0
+C02 run-c02.sh:279: printf '%s\t%s\t%s\t%s\t%s\t%s\t%s\t%s\t%s\t%s\t%s\t%s\n' go126 B-async-catchup R3 TestC02FlushToFailureIsObservable 0 PASS 0 1 0 0 logs/go126-B-async-catchup-R3.log YES
+C02 run-c02.sh:283: echo '  go126 B-async-catchup R3: rc=0 matched=YES (expected=PASS)'
+C02 run-c02.sh:317: for id in "${B_TESTS[@]}"
+C02 run-c02.sh:318: run_single_test go126 local /home/lilingfeng/tmp/juicefs-c02-20260817-015425/cache/go-build-126 B-async-catchup C1
+C02 run-c02.sh:245: local tool=go126 tc=local bc=/home/lilingfeng/tmp/juicefs-c02-20260817-015425/cache/go-build-126 arm=B-async-catchup id=C1
+C02 run-c02.sh:246: local test_name=TestC02PartialThenFullAfterIDDispatchesOnce
+C02 run-c02.sh:247: local key=C1_B-async-catchup
+C02 run-c02.sh:248: local expected_class=PASS
+C02 run-c02.sh:249: local expected_marker=
+C02 run-c02.sh:250: local log_rel=logs/go126-B-async-catchup-C1.log
+C02 run-c02.sh:251: local log_abs=/home/lilingfeng/tmp/juicefs-c02-20260817-015425/logs/go126-B-async-catchup-C1.log
+C02 run-c02.sh:253: cd /home/lilingfeng/tmp/juicefs-c02-20260817-015425/src/B-async-catchup
+C02 run-c02.sh:253: env GOTOOLCHAIN=local GOCACHE=/home/lilingfeng/tmp/juicefs-c02-20260817-015425/cache/go-build-126 GOFLAGS=-mod=readonly GOPROXY=https://goproxy.cn,direct GOMODCACHE=/home/lilingfeng/tmp/juicefs-c02-20260817-015425/cache/go-mod GOTMPDIR=/home/lilingfeng/tmp/juicefs-c02-20260817-015425/cache/go-tmp TMPDIR=/home/lilingfeng/tmp/juicefs-c02-20260817-015425/cache/os-tmp go test ./pkg/vfs -run '^TestC02PartialThenFullAfterIDDispatchesOnce$' -count=1 -v -timeout=2m
+C02 run-c02.sh:256: local rc=0
+C02 run-c02.sh:257: local marker_count=0 pass_count=0 fail_count=0 forbidden_count=0 matched=NO
+C02 run-c02.sh:259: '[' -n '' ']'
++C02 run-c02.sh:262: grep -c -- '--- PASS: TestC02PartialThenFullAfterIDDispatchesOnce' /home/lilingfeng/tmp/juicefs-c02-20260817-015425/logs/go126-B-async-catchup-C1.log
+C02 run-c02.sh:262: pass_count=1
++C02 run-c02.sh:263: grep -c -- '--- FAIL: TestC02PartialThenFullAfterIDDispatchesOnce' /home/lilingfeng/tmp/juicefs-c02-20260817-015425/logs/go126-B-async-catchup-C1.log
++C02 run-c02.sh:263: true
+C02 run-c02.sh:263: fail_count=0
+C02 run-c02.sh:264: grep -Eq '\[build failed\]|panic:|fatal error:|test timed out|DATA RACE' /home/lilingfeng/tmp/juicefs-c02-20260817-015425/logs/go126-B-async-catchup-C1.log
+C02 run-c02.sh:268: '[' PASS = PASS ']'
+C02 run-c02.sh:269: '[' 0 -eq 0 ']'
+C02 run-c02.sh:269: '[' 1 -eq 1 ']'
+C02 run-c02.sh:269: '[' 0 -eq 0 ']'
+C02 run-c02.sh:269: '[' 0 -eq 0 ']'
+C02 run-c02.sh:270: matched=YES
+C02 run-c02.sh:278: printf '%s\n' 0
+C02 run-c02.sh:279: printf '%s\t%s\t%s\t%s\t%s\t%s\t%s\t%s\t%s\t%s\t%s\t%s\n' go126 B-async-catchup C1 TestC02PartialThenFullAfterIDDispatchesOnce 0 PASS 0 1 0 0 logs/go126-B-async-catchup-C1.log YES
+C02 run-c02.sh:283: echo '  go126 B-async-catchup C1: rc=0 matched=YES (expected=PASS)'
+C02 run-c02.sh:317: for id in "${B_TESTS[@]}"
+C02 run-c02.sh:318: run_single_test go126 local /home/lilingfeng/tmp/juicefs-c02-20260817-015425/cache/go-build-126 B-async-catchup C2
+C02 run-c02.sh:245: local tool=go126 tc=local bc=/home/lilingfeng/tmp/juicefs-c02-20260817-015425/cache/go-build-126 arm=B-async-catchup id=C2
+C02 run-c02.sh:246: local test_name=TestC02DelayedNewSliceDoesNotBlockWriteAt
+C02 run-c02.sh:247: local key=C2_B-async-catchup
+C02 run-c02.sh:248: local expected_class=PASS
+C02 run-c02.sh:249: local expected_marker=
+C02 run-c02.sh:250: local log_rel=logs/go126-B-async-catchup-C2.log
+C02 run-c02.sh:251: local log_abs=/home/lilingfeng/tmp/juicefs-c02-20260817-015425/logs/go126-B-async-catchup-C2.log
+C02 run-c02.sh:253: cd /home/lilingfeng/tmp/juicefs-c02-20260817-015425/src/B-async-catchup
+C02 run-c02.sh:253: env GOTOOLCHAIN=local GOCACHE=/home/lilingfeng/tmp/juicefs-c02-20260817-015425/cache/go-build-126 GOFLAGS=-mod=readonly GOPROXY=https://goproxy.cn,direct GOMODCACHE=/home/lilingfeng/tmp/juicefs-c02-20260817-015425/cache/go-mod GOTMPDIR=/home/lilingfeng/tmp/juicefs-c02-20260817-015425/cache/go-tmp TMPDIR=/home/lilingfeng/tmp/juicefs-c02-20260817-015425/cache/os-tmp go test ./pkg/vfs -run '^TestC02DelayedNewSliceDoesNotBlockWriteAt$' -count=1 -v -timeout=2m
+C02 run-c02.sh:256: local rc=0
+C02 run-c02.sh:257: local marker_count=0 pass_count=0 fail_count=0 forbidden_count=0 matched=NO
+C02 run-c02.sh:259: '[' -n '' ']'
++C02 run-c02.sh:262: grep -c -- '--- PASS: TestC02DelayedNewSliceDoesNotBlockWriteAt' /home/lilingfeng/tmp/juicefs-c02-20260817-015425/logs/go126-B-async-catchup-C2.log
+C02 run-c02.sh:262: pass_count=1
++C02 run-c02.sh:263: grep -c -- '--- FAIL: TestC02DelayedNewSliceDoesNotBlockWriteAt' /home/lilingfeng/tmp/juicefs-c02-20260817-015425/logs/go126-B-async-catchup-C2.log
++C02 run-c02.sh:263: true
+C02 run-c02.sh:263: fail_count=0
+C02 run-c02.sh:264: grep -Eq '\[build failed\]|panic:|fatal error:|test timed out|DATA RACE' /home/lilingfeng/tmp/juicefs-c02-20260817-015425/logs/go126-B-async-catchup-C2.log
+C02 run-c02.sh:268: '[' PASS = PASS ']'
+C02 run-c02.sh:269: '[' 0 -eq 0 ']'
+C02 run-c02.sh:269: '[' 1 -eq 1 ']'
+C02 run-c02.sh:269: '[' 0 -eq 0 ']'
+C02 run-c02.sh:269: '[' 0 -eq 0 ']'
+C02 run-c02.sh:270: matched=YES
+C02 run-c02.sh:278: printf '%s\n' 0
+C02 run-c02.sh:279: printf '%s\t%s\t%s\t%s\t%s\t%s\t%s\t%s\t%s\t%s\t%s\t%s\n' go126 B-async-catchup C2 TestC02DelayedNewSliceDoesNotBlockWriteAt 0 PASS 0 1 0 0 logs/go126-B-async-catchup-C2.log YES
+C02 run-c02.sh:283: echo '  go126 B-async-catchup C2: rc=0 matched=YES (expected=PASS)'
+C02 run-c02.sh:317: for id in "${B_TESTS[@]}"
+C02 run-c02.sh:318: run_single_test go126 local /home/lilingfeng/tmp/juicefs-c02-20260817-015425/cache/go-build-126 B-async-catchup C3
+C02 run-c02.sh:245: local tool=go126 tc=local bc=/home/lilingfeng/tmp/juicefs-c02-20260817-015425/cache/go-build-126 arm=B-async-catchup id=C3
+C02 run-c02.sh:246: local test_name=TestC02NonEIONewSliceDoesNotRetryBeforeFlush
+C02 run-c02.sh:247: local key=C3_B-async-catchup
+C02 run-c02.sh:248: local expected_class=PASS
+C02 run-c02.sh:249: local expected_marker=
+C02 run-c02.sh:250: local log_rel=logs/go126-B-async-catchup-C3.log
+C02 run-c02.sh:251: local log_abs=/home/lilingfeng/tmp/juicefs-c02-20260817-015425/logs/go126-B-async-catchup-C3.log
+C02 run-c02.sh:253: cd /home/lilingfeng/tmp/juicefs-c02-20260817-015425/src/B-async-catchup
+C02 run-c02.sh:253: env GOTOOLCHAIN=local GOCACHE=/home/lilingfeng/tmp/juicefs-c02-20260817-015425/cache/go-build-126 GOFLAGS=-mod=readonly GOPROXY=https://goproxy.cn,direct GOMODCACHE=/home/lilingfeng/tmp/juicefs-c02-20260817-015425/cache/go-mod GOTMPDIR=/home/lilingfeng/tmp/juicefs-c02-20260817-015425/cache/go-tmp TMPDIR=/home/lilingfeng/tmp/juicefs-c02-20260817-015425/cache/os-tmp go test ./pkg/vfs -run '^TestC02NonEIONewSliceDoesNotRetryBeforeFlush$' -count=1 -v -timeout=2m
+C02 run-c02.sh:256: local rc=0
+C02 run-c02.sh:257: local marker_count=0 pass_count=0 fail_count=0 forbidden_count=0 matched=NO
+C02 run-c02.sh:259: '[' -n '' ']'
++C02 run-c02.sh:262: grep -c -- '--- PASS: TestC02NonEIONewSliceDoesNotRetryBeforeFlush' /home/lilingfeng/tmp/juicefs-c02-20260817-015425/logs/go126-B-async-catchup-C3.log
+C02 run-c02.sh:262: pass_count=1
++C02 run-c02.sh:263: grep -c -- '--- FAIL: TestC02NonEIONewSliceDoesNotRetryBeforeFlush' /home/lilingfeng/tmp/juicefs-c02-20260817-015425/logs/go126-B-async-catchup-C3.log
++C02 run-c02.sh:263: true
+C02 run-c02.sh:263: fail_count=0
+C02 run-c02.sh:264: grep -Eq '\[build failed\]|panic:|fatal error:|test timed out|DATA RACE' /home/lilingfeng/tmp/juicefs-c02-20260817-015425/logs/go126-B-async-catchup-C3.log
+C02 run-c02.sh:268: '[' PASS = PASS ']'
+C02 run-c02.sh:269: '[' 0 -eq 0 ']'
+C02 run-c02.sh:269: '[' 1 -eq 1 ']'
+C02 run-c02.sh:269: '[' 0 -eq 0 ']'
+C02 run-c02.sh:269: '[' 0 -eq 0 ']'
+C02 run-c02.sh:270: matched=YES
+C02 run-c02.sh:278: printf '%s\n' 0
+C02 run-c02.sh:279: printf '%s\t%s\t%s\t%s\t%s\t%s\t%s\t%s\t%s\t%s\t%s\t%s\n' go126 B-async-catchup C3 TestC02NonEIONewSliceDoesNotRetryBeforeFlush 0 PASS 0 1 0 0 logs/go126-B-async-catchup-C3.log YES
+C02 run-c02.sh:283: echo '  go126 B-async-catchup C3: rc=0 matched=YES (expected=PASS)'
+C02 run-c02.sh:317: for id in "${B_TESTS[@]}"
+C02 run-c02.sh:318: run_single_test go126 local /home/lilingfeng/tmp/juicefs-c02-20260817-015425/cache/go-build-126 B-async-catchup F1
+C02 run-c02.sh:245: local tool=go126 tc=local bc=/home/lilingfeng/tmp/juicefs-c02-20260817-015425/cache/go-build-126 arm=B-async-catchup id=F1
+C02 run-c02.sh:246: local test_name=TestC02TransientEIORecoversOnFreeze
+C02 run-c02.sh:247: local key=F1_B-async-catchup
+C02 run-c02.sh:248: local expected_class=PASS
+C02 run-c02.sh:249: local expected_marker=
+C02 run-c02.sh:250: local log_rel=logs/go126-B-async-catchup-F1.log
+C02 run-c02.sh:251: local log_abs=/home/lilingfeng/tmp/juicefs-c02-20260817-015425/logs/go126-B-async-catchup-F1.log
+C02 run-c02.sh:253: cd /home/lilingfeng/tmp/juicefs-c02-20260817-015425/src/B-async-catchup
+C02 run-c02.sh:253: env GOTOOLCHAIN=local GOCACHE=/home/lilingfeng/tmp/juicefs-c02-20260817-015425/cache/go-build-126 GOFLAGS=-mod=readonly GOPROXY=https://goproxy.cn,direct GOMODCACHE=/home/lilingfeng/tmp/juicefs-c02-20260817-015425/cache/go-mod GOTMPDIR=/home/lilingfeng/tmp/juicefs-c02-20260817-015425/cache/go-tmp TMPDIR=/home/lilingfeng/tmp/juicefs-c02-20260817-015425/cache/os-tmp go test ./pkg/vfs -run '^TestC02TransientEIORecoversOnFreeze$' -count=1 -v -timeout=2m
+C02 run-c02.sh:256: local rc=0
+C02 run-c02.sh:257: local marker_count=0 pass_count=0 fail_count=0 forbidden_count=0 matched=NO
+C02 run-c02.sh:259: '[' -n '' ']'
++C02 run-c02.sh:262: grep -c -- '--- PASS: TestC02TransientEIORecoversOnFreeze' /home/lilingfeng/tmp/juicefs-c02-20260817-015425/logs/go126-B-async-catchup-F1.log
+C02 run-c02.sh:262: pass_count=1
++C02 run-c02.sh:263: grep -c -- '--- FAIL: TestC02TransientEIORecoversOnFreeze' /home/lilingfeng/tmp/juicefs-c02-20260817-015425/logs/go126-B-async-catchup-F1.log
++C02 run-c02.sh:263: true
+C02 run-c02.sh:263: fail_count=0
+C02 run-c02.sh:264: grep -Eq '\[build failed\]|panic:|fatal error:|test timed out|DATA RACE' /home/lilingfeng/tmp/juicefs-c02-20260817-015425/logs/go126-B-async-catchup-F1.log
+C02 run-c02.sh:268: '[' PASS = PASS ']'
+C02 run-c02.sh:269: '[' 0 -eq 0 ']'
+C02 run-c02.sh:269: '[' 1 -eq 1 ']'
+C02 run-c02.sh:269: '[' 0 -eq 0 ']'
+C02 run-c02.sh:269: '[' 0 -eq 0 ']'
+C02 run-c02.sh:270: matched=YES
+C02 run-c02.sh:278: printf '%s\n' 0
+C02 run-c02.sh:279: printf '%s\t%s\t%s\t%s\t%s\t%s\t%s\t%s\t%s\t%s\t%s\t%s\n' go126 B-async-catchup F1 TestC02TransientEIORecoversOnFreeze 0 PASS 0 1 0 0 logs/go126-B-async-catchup-F1.log YES
+C02 run-c02.sh:283: echo '  go126 B-async-catchup F1: rc=0 matched=YES (expected=PASS)'
+C02 run-c02.sh:317: for id in "${B_TESTS[@]}"
+C02 run-c02.sh:318: run_single_test go126 local /home/lilingfeng/tmp/juicefs-c02-20260817-015425/cache/go-build-126 B-async-catchup F2
+C02 run-c02.sh:245: local tool=go126 tc=local bc=/home/lilingfeng/tmp/juicefs-c02-20260817-015425/cache/go-build-126 arm=B-async-catchup id=F2
+C02 run-c02.sh:246: local test_name=TestC02PermanentENOSPCAbortsFrozenSlice
+C02 run-c02.sh:247: local key=F2_B-async-catchup
+C02 run-c02.sh:248: local expected_class=PASS
+C02 run-c02.sh:249: local expected_marker=
+C02 run-c02.sh:250: local log_rel=logs/go126-B-async-catchup-F2.log
+C02 run-c02.sh:251: local log_abs=/home/lilingfeng/tmp/juicefs-c02-20260817-015425/logs/go126-B-async-catchup-F2.log
+C02 run-c02.sh:253: cd /home/lilingfeng/tmp/juicefs-c02-20260817-015425/src/B-async-catchup
+C02 run-c02.sh:253: env GOTOOLCHAIN=local GOCACHE=/home/lilingfeng/tmp/juicefs-c02-20260817-015425/cache/go-build-126 GOFLAGS=-mod=readonly GOPROXY=https://goproxy.cn,direct GOMODCACHE=/home/lilingfeng/tmp/juicefs-c02-20260817-015425/cache/go-mod GOTMPDIR=/home/lilingfeng/tmp/juicefs-c02-20260817-015425/cache/go-tmp TMPDIR=/home/lilingfeng/tmp/juicefs-c02-20260817-015425/cache/os-tmp go test ./pkg/vfs -run '^TestC02PermanentENOSPCAbortsFrozenSlice$' -count=1 -v -timeout=2m
+C02 run-c02.sh:256: local rc=0
+C02 run-c02.sh:257: local marker_count=0 pass_count=0 fail_count=0 forbidden_count=0 matched=NO
+C02 run-c02.sh:259: '[' -n '' ']'
++C02 run-c02.sh:262: grep -c -- '--- PASS: TestC02PermanentENOSPCAbortsFrozenSlice' /home/lilingfeng/tmp/juicefs-c02-20260817-015425/logs/go126-B-async-catchup-F2.log
+C02 run-c02.sh:262: pass_count=1
++C02 run-c02.sh:263: grep -c -- '--- FAIL: TestC02PermanentENOSPCAbortsFrozenSlice' /home/lilingfeng/tmp/juicefs-c02-20260817-015425/logs/go126-B-async-catchup-F2.log
++C02 run-c02.sh:263: true
+C02 run-c02.sh:263: fail_count=0
+C02 run-c02.sh:264: grep -Eq '\[build failed\]|panic:|fatal error:|test timed out|DATA RACE' /home/lilingfeng/tmp/juicefs-c02-20260817-015425/logs/go126-B-async-catchup-F2.log
+C02 run-c02.sh:268: '[' PASS = PASS ']'
+C02 run-c02.sh:269: '[' 0 -eq 0 ']'
+C02 run-c02.sh:269: '[' 1 -eq 1 ']'
+C02 run-c02.sh:269: '[' 0 -eq 0 ']'
+C02 run-c02.sh:269: '[' 0 -eq 0 ']'
+C02 run-c02.sh:270: matched=YES
+C02 run-c02.sh:278: printf '%s\n' 0
+C02 run-c02.sh:279: printf '%s\t%s\t%s\t%s\t%s\t%s\t%s\t%s\t%s\t%s\t%s\t%s\n' go126 B-async-catchup F2 TestC02PermanentENOSPCAbortsFrozenSlice 0 PASS 0 1 0 0 logs/go126-B-async-catchup-F2.log YES
+C02 run-c02.sh:283: echo '  go126 B-async-catchup F2: rc=0 matched=YES (expected=PASS)'
+C02 run-c02.sh:317: for id in "${B_TESTS[@]}"
+C02 run-c02.sh:318: run_single_test go126 local /home/lilingfeng/tmp/juicefs-c02-20260817-015425/cache/go-build-126 B-async-catchup F3
+C02 run-c02.sh:245: local tool=go126 tc=local bc=/home/lilingfeng/tmp/juicefs-c02-20260817-015425/cache/go-build-126 arm=B-async-catchup id=F3
+C02 run-c02.sh:246: local test_name=TestC02FrozenSliceSkipsCatchupFlush
+C02 run-c02.sh:247: local key=F3_B-async-catchup
+C02 run-c02.sh:248: local expected_class=PASS
+C02 run-c02.sh:249: local expected_marker=
+C02 run-c02.sh:250: local log_rel=logs/go126-B-async-catchup-F3.log
+C02 run-c02.sh:251: local log_abs=/home/lilingfeng/tmp/juicefs-c02-20260817-015425/logs/go126-B-async-catchup-F3.log
+C02 run-c02.sh:253: cd /home/lilingfeng/tmp/juicefs-c02-20260817-015425/src/B-async-catchup
+C02 run-c02.sh:253: env GOTOOLCHAIN=local GOCACHE=/home/lilingfeng/tmp/juicefs-c02-20260817-015425/cache/go-build-126 GOFLAGS=-mod=readonly GOPROXY=https://goproxy.cn,direct GOMODCACHE=/home/lilingfeng/tmp/juicefs-c02-20260817-015425/cache/go-mod GOTMPDIR=/home/lilingfeng/tmp/juicefs-c02-20260817-015425/cache/go-tmp TMPDIR=/home/lilingfeng/tmp/juicefs-c02-20260817-015425/cache/os-tmp go test ./pkg/vfs -run '^TestC02FrozenSliceSkipsCatchupFlush$' -count=1 -v -timeout=2m
+C02 run-c02.sh:256: local rc=0
+C02 run-c02.sh:257: local marker_count=0 pass_count=0 fail_count=0 forbidden_count=0 matched=NO
+C02 run-c02.sh:259: '[' -n '' ']'
++C02 run-c02.sh:262: grep -c -- '--- PASS: TestC02FrozenSliceSkipsCatchupFlush' /home/lilingfeng/tmp/juicefs-c02-20260817-015425/logs/go126-B-async-catchup-F3.log
+C02 run-c02.sh:262: pass_count=1
++C02 run-c02.sh:263: grep -c -- '--- FAIL: TestC02FrozenSliceSkipsCatchupFlush' /home/lilingfeng/tmp/juicefs-c02-20260817-015425/logs/go126-B-async-catchup-F3.log
++C02 run-c02.sh:263: true
+C02 run-c02.sh:263: fail_count=0
+C02 run-c02.sh:264: grep -Eq '\[build failed\]|panic:|fatal error:|test timed out|DATA RACE' /home/lilingfeng/tmp/juicefs-c02-20260817-015425/logs/go126-B-async-catchup-F3.log
+C02 run-c02.sh:268: '[' PASS = PASS ']'
+C02 run-c02.sh:269: '[' 0 -eq 0 ']'
+C02 run-c02.sh:269: '[' 1 -eq 1 ']'
+C02 run-c02.sh:269: '[' 0 -eq 0 ']'
+C02 run-c02.sh:269: '[' 0 -eq 0 ']'
+C02 run-c02.sh:270: matched=YES
+C02 run-c02.sh:278: printf '%s\n' 0
+C02 run-c02.sh:279: printf '%s\t%s\t%s\t%s\t%s\t%s\t%s\t%s\t%s\t%s\t%s\t%s\n' go126 B-async-catchup F3 TestC02FrozenSliceSkipsCatchupFlush 0 PASS 0 1 0 0 logs/go126-B-async-catchup-F3.log YES
+C02 run-c02.sh:283: echo '  go126 B-async-catchup F3: rc=0 matched=YES (expected=PASS)'
+C02 run-c02.sh:317: for id in "${B_TESTS[@]}"
+C02 run-c02.sh:318: run_single_test go126 local /home/lilingfeng/tmp/juicefs-c02-20260817-015425/cache/go-build-126 B-async-catchup K1
+C02 run-c02.sh:245: local tool=go126 tc=local bc=/home/lilingfeng/tmp/juicefs-c02-20260817-015425/cache/go-build-126 arm=B-async-catchup id=K1
+C02 run-c02.sh:246: local test_name=TestC02ConcurrentIndependentFullBlocks
+C02 run-c02.sh:247: local key=K1_B-async-catchup
+C02 run-c02.sh:248: local expected_class=PASS
+C02 run-c02.sh:249: local expected_marker=
+C02 run-c02.sh:250: local log_rel=logs/go126-B-async-catchup-K1.log
+C02 run-c02.sh:251: local log_abs=/home/lilingfeng/tmp/juicefs-c02-20260817-015425/logs/go126-B-async-catchup-K1.log
+C02 run-c02.sh:253: cd /home/lilingfeng/tmp/juicefs-c02-20260817-015425/src/B-async-catchup
+C02 run-c02.sh:253: env GOTOOLCHAIN=local GOCACHE=/home/lilingfeng/tmp/juicefs-c02-20260817-015425/cache/go-build-126 GOFLAGS=-mod=readonly GOPROXY=https://goproxy.cn,direct GOMODCACHE=/home/lilingfeng/tmp/juicefs-c02-20260817-015425/cache/go-mod GOTMPDIR=/home/lilingfeng/tmp/juicefs-c02-20260817-015425/cache/go-tmp TMPDIR=/home/lilingfeng/tmp/juicefs-c02-20260817-015425/cache/os-tmp go test ./pkg/vfs -run '^TestC02ConcurrentIndependentFullBlocks$' -count=1 -v -timeout=2m
+C02 run-c02.sh:256: local rc=0
+C02 run-c02.sh:257: local marker_count=0 pass_count=0 fail_count=0 forbidden_count=0 matched=NO
+C02 run-c02.sh:259: '[' -n '' ']'
++C02 run-c02.sh:262: grep -c -- '--- PASS: TestC02ConcurrentIndependentFullBlocks' /home/lilingfeng/tmp/juicefs-c02-20260817-015425/logs/go126-B-async-catchup-K1.log
+C02 run-c02.sh:262: pass_count=1
++C02 run-c02.sh:263: grep -c -- '--- FAIL: TestC02ConcurrentIndependentFullBlocks' /home/lilingfeng/tmp/juicefs-c02-20260817-015425/logs/go126-B-async-catchup-K1.log
++C02 run-c02.sh:263: true
+C02 run-c02.sh:263: fail_count=0
+C02 run-c02.sh:264: grep -Eq '\[build failed\]|panic:|fatal error:|test timed out|DATA RACE' /home/lilingfeng/tmp/juicefs-c02-20260817-015425/logs/go126-B-async-catchup-K1.log
+C02 run-c02.sh:268: '[' PASS = PASS ']'
+C02 run-c02.sh:269: '[' 0 -eq 0 ']'
+C02 run-c02.sh:269: '[' 1 -eq 1 ']'
+C02 run-c02.sh:269: '[' 0 -eq 0 ']'
+C02 run-c02.sh:269: '[' 0 -eq 0 ']'
+C02 run-c02.sh:270: matched=YES
+C02 run-c02.sh:278: printf '%s\n' 0
+C02 run-c02.sh:279: printf '%s\t%s\t%s\t%s\t%s\t%s\t%s\t%s\t%s\t%s\t%s\t%s\n' go126 B-async-catchup K1 TestC02ConcurrentIndependentFullBlocks 0 PASS 0 1 0 0 logs/go126-B-async-catchup-K1.log YES
+C02 run-c02.sh:283: echo '  go126 B-async-catchup K1: rc=0 matched=YES (expected=PASS)'
+C02 run-c02.sh:323: echo '=== Step 8.1: expected failure repeat10 ==='
+C02 run-c02.sh:356: '[' RUNNING = RUNNING ']'
+C02 run-c02.sh:357: for TOOL in go125 go126
+C02 run-c02.sh:358: '[' go125 = go125 ']'
+C02 run-c02.sh:358: TC=go1.25.7
+C02 run-c02.sh:358: BC=/home/lilingfeng/tmp/juicefs-c02-20260817-015425/cache/go-build-125
+C02 run-c02.sh:360: for id in R1 R2 R3
+C02 run-c02.sh:360: run_repeat10 go125 go1.25.7 /home/lilingfeng/tmp/juicefs-c02-20260817-015425/cache/go-build-125 S-stock R1
+C02 run-c02.sh:326: local tool=go125 tc=go1.25.7 bc=/home/lilingfeng/tmp/juicefs-c02-20260817-015425/cache/go-build-125 arm=S-stock id=R1
+C02 run-c02.sh:327: local test_name=TestC02FullBlockDispatchAfterDelayedID
+C02 run-c02.sh:328: local key=R1_S-stock
+C02 run-c02.sh:329: local expected_marker=C02_MISSED_DISPATCH
+C02 run-c02.sh:330: local details=/home/lilingfeng/tmp/juicefs-c02-20260817-015425/meta/go125-S-stock-R1-repeat10.tsv
+C02 run-c02.sh:331: local aggregate=0
+C02 run-c02.sh:333: printf 'iteration\tactual_rc\tmarker_count\ttest_fail_count\tforbidden_count\texpectation_matched\tlog\n'
+C02 run-c02.sh:335: for iter in 01 02 03 04 05 06 07 08 09 10
+C02 run-c02.sh:336: local log_rel=logs/go125-S-stock-R1-repeat-01.log
+C02 run-c02.sh:337: local log_abs=/home/lilingfeng/tmp/juicefs-c02-20260817-015425/logs/go125-S-stock-R1-repeat-01.log
+C02 run-c02.sh:338: cd /home/lilingfeng/tmp/juicefs-c02-20260817-015425/src/S-stock
+C02 run-c02.sh:338: env GOTOOLCHAIN=go1.25.7 GOCACHE=/home/lilingfeng/tmp/juicefs-c02-20260817-015425/cache/go-build-125 GOFLAGS=-mod=readonly GOPROXY=https://goproxy.cn,direct GOMODCACHE=/home/lilingfeng/tmp/juicefs-c02-20260817-015425/cache/go-mod GOTMPDIR=/home/lilingfeng/tmp/juicefs-c02-20260817-015425/cache/go-tmp TMPDIR=/home/lilingfeng/tmp/juicefs-c02-20260817-015425/cache/os-tmp go test ./pkg/vfs -run '^TestC02FullBlockDispatchAfterDelayedID$' -count=1 -v -timeout=2m
+C02 run-c02.sh:341: local rc=1
++C02 run-c02.sh:342: grep -c C02_MISSED_DISPATCH /home/lilingfeng/tmp/juicefs-c02-20260817-015425/logs/go125-S-stock-R1-repeat-01.log
+C02 run-c02.sh:342: local mc=1
++C02 run-c02.sh:343: grep -c -- '--- FAIL: TestC02FullBlockDispatchAfterDelayedID' /home/lilingfeng/tmp/juicefs-c02-20260817-015425/logs/go125-S-stock-R1-repeat-01.log
+C02 run-c02.sh:343: local fc=1
+C02 run-c02.sh:344: local fbd=0
+C02 run-c02.sh:345: grep -Eq '\[build failed\]|panic:|fatal error:|test timed out|DATA RACE' /home/lilingfeng/tmp/juicefs-c02-20260817-015425/logs/go125-S-stock-R1-repeat-01.log
+C02 run-c02.sh:346: local m=NO
+C02 run-c02.sh:347: '[' 1 -ne 0 ']'
+C02 run-c02.sh:347: '[' 1 -eq 1 ']'
+C02 run-c02.sh:347: '[' 1 -eq 1 ']'
+C02 run-c02.sh:347: '[' 0 -eq 0 ']'
+C02 run-c02.sh:347: m=YES
+C02 run-c02.sh:348: printf '%s\n' 1
+C02 run-c02.sh:349: printf '%s\t%s\t%s\t%s\t%s\t%s\t%s\n' 01 1 1 1 0 YES logs/go125-S-stock-R1-repeat-01.log
+C02 run-c02.sh:335: for iter in 01 02 03 04 05 06 07 08 09 10
+C02 run-c02.sh:336: local log_rel=logs/go125-S-stock-R1-repeat-02.log
+C02 run-c02.sh:337: local log_abs=/home/lilingfeng/tmp/juicefs-c02-20260817-015425/logs/go125-S-stock-R1-repeat-02.log
+C02 run-c02.sh:338: cd /home/lilingfeng/tmp/juicefs-c02-20260817-015425/src/S-stock
+C02 run-c02.sh:338: env GOTOOLCHAIN=go1.25.7 GOCACHE=/home/lilingfeng/tmp/juicefs-c02-20260817-015425/cache/go-build-125 GOFLAGS=-mod=readonly GOPROXY=https://goproxy.cn,direct GOMODCACHE=/home/lilingfeng/tmp/juicefs-c02-20260817-015425/cache/go-mod GOTMPDIR=/home/lilingfeng/tmp/juicefs-c02-20260817-015425/cache/go-tmp TMPDIR=/home/lilingfeng/tmp/juicefs-c02-20260817-015425/cache/os-tmp go test ./pkg/vfs -run '^TestC02FullBlockDispatchAfterDelayedID$' -count=1 -v -timeout=2m
+C02 run-c02.sh:341: local rc=1
++C02 run-c02.sh:342: grep -c C02_MISSED_DISPATCH /home/lilingfeng/tmp/juicefs-c02-20260817-015425/logs/go125-S-stock-R1-repeat-02.log
+C02 run-c02.sh:342: local mc=1
++C02 run-c02.sh:343: grep -c -- '--- FAIL: TestC02FullBlockDispatchAfterDelayedID' /home/lilingfeng/tmp/juicefs-c02-20260817-015425/logs/go125-S-stock-R1-repeat-02.log
+C02 run-c02.sh:343: local fc=1
+C02 run-c02.sh:344: local fbd=0
+C02 run-c02.sh:345: grep -Eq '\[build failed\]|panic:|fatal error:|test timed out|DATA RACE' /home/lilingfeng/tmp/juicefs-c02-20260817-015425/logs/go125-S-stock-R1-repeat-02.log
+C02 run-c02.sh:346: local m=NO
+C02 run-c02.sh:347: '[' 1 -ne 0 ']'
+C02 run-c02.sh:347: '[' 1 -eq 1 ']'
+C02 run-c02.sh:347: '[' 1 -eq 1 ']'
+C02 run-c02.sh:347: '[' 0 -eq 0 ']'
+C02 run-c02.sh:347: m=YES
+C02 run-c02.sh:348: printf '%s\n' 1
+C02 run-c02.sh:349: printf '%s\t%s\t%s\t%s\t%s\t%s\t%s\n' 02 1 1 1 0 YES logs/go125-S-stock-R1-repeat-02.log
+C02 run-c02.sh:335: for iter in 01 02 03 04 05 06 07 08 09 10
+C02 run-c02.sh:336: local log_rel=logs/go125-S-stock-R1-repeat-03.log
+C02 run-c02.sh:337: local log_abs=/home/lilingfeng/tmp/juicefs-c02-20260817-015425/logs/go125-S-stock-R1-repeat-03.log
+C02 run-c02.sh:338: cd /home/lilingfeng/tmp/juicefs-c02-20260817-015425/src/S-stock
+C02 run-c02.sh:338: env GOTOOLCHAIN=go1.25.7 GOCACHE=/home/lilingfeng/tmp/juicefs-c02-20260817-015425/cache/go-build-125 GOFLAGS=-mod=readonly GOPROXY=https://goproxy.cn,direct GOMODCACHE=/home/lilingfeng/tmp/juicefs-c02-20260817-015425/cache/go-mod GOTMPDIR=/home/lilingfeng/tmp/juicefs-c02-20260817-015425/cache/go-tmp TMPDIR=/home/lilingfeng/tmp/juicefs-c02-20260817-015425/cache/os-tmp go test ./pkg/vfs -run '^TestC02FullBlockDispatchAfterDelayedID$' -count=1 -v -timeout=2m
+C02 run-c02.sh:341: local rc=1
++C02 run-c02.sh:342: grep -c C02_MISSED_DISPATCH /home/lilingfeng/tmp/juicefs-c02-20260817-015425/logs/go125-S-stock-R1-repeat-03.log
+C02 run-c02.sh:342: local mc=1
++C02 run-c02.sh:343: grep -c -- '--- FAIL: TestC02FullBlockDispatchAfterDelayedID' /home/lilingfeng/tmp/juicefs-c02-20260817-015425/logs/go125-S-stock-R1-repeat-03.log
+C02 run-c02.sh:343: local fc=1
+C02 run-c02.sh:344: local fbd=0
+C02 run-c02.sh:345: grep -Eq '\[build failed\]|panic:|fatal error:|test timed out|DATA RACE' /home/lilingfeng/tmp/juicefs-c02-20260817-015425/logs/go125-S-stock-R1-repeat-03.log
+C02 run-c02.sh:346: local m=NO
+C02 run-c02.sh:347: '[' 1 -ne 0 ']'
+C02 run-c02.sh:347: '[' 1 -eq 1 ']'
+C02 run-c02.sh:347: '[' 1 -eq 1 ']'
+C02 run-c02.sh:347: '[' 0 -eq 0 ']'
+C02 run-c02.sh:347: m=YES
+C02 run-c02.sh:348: printf '%s\n' 1
+C02 run-c02.sh:349: printf '%s\t%s\t%s\t%s\t%s\t%s\t%s\n' 03 1 1 1 0 YES logs/go125-S-stock-R1-repeat-03.log
+C02 run-c02.sh:335: for iter in 01 02 03 04 05 06 07 08 09 10
+C02 run-c02.sh:336: local log_rel=logs/go125-S-stock-R1-repeat-04.log
+C02 run-c02.sh:337: local log_abs=/home/lilingfeng/tmp/juicefs-c02-20260817-015425/logs/go125-S-stock-R1-repeat-04.log
+C02 run-c02.sh:338: cd /home/lilingfeng/tmp/juicefs-c02-20260817-015425/src/S-stock
+C02 run-c02.sh:338: env GOTOOLCHAIN=go1.25.7 GOCACHE=/home/lilingfeng/tmp/juicefs-c02-20260817-015425/cache/go-build-125 GOFLAGS=-mod=readonly GOPROXY=https://goproxy.cn,direct GOMODCACHE=/home/lilingfeng/tmp/juicefs-c02-20260817-015425/cache/go-mod GOTMPDIR=/home/lilingfeng/tmp/juicefs-c02-20260817-015425/cache/go-tmp TMPDIR=/home/lilingfeng/tmp/juicefs-c02-20260817-015425/cache/os-tmp go test ./pkg/vfs -run '^TestC02FullBlockDispatchAfterDelayedID$' -count=1 -v -timeout=2m
+C02 run-c02.sh:341: local rc=1
++C02 run-c02.sh:342: grep -c C02_MISSED_DISPATCH /home/lilingfeng/tmp/juicefs-c02-20260817-015425/logs/go125-S-stock-R1-repeat-04.log
+C02 run-c02.sh:342: local mc=1
++C02 run-c02.sh:343: grep -c -- '--- FAIL: TestC02FullBlockDispatchAfterDelayedID' /home/lilingfeng/tmp/juicefs-c02-20260817-015425/logs/go125-S-stock-R1-repeat-04.log
+C02 run-c02.sh:343: local fc=1
+C02 run-c02.sh:344: local fbd=0
+C02 run-c02.sh:345: grep -Eq '\[build failed\]|panic:|fatal error:|test timed out|DATA RACE' /home/lilingfeng/tmp/juicefs-c02-20260817-015425/logs/go125-S-stock-R1-repeat-04.log
+C02 run-c02.sh:346: local m=NO
+C02 run-c02.sh:347: '[' 1 -ne 0 ']'
+C02 run-c02.sh:347: '[' 1 -eq 1 ']'
+C02 run-c02.sh:347: '[' 1 -eq 1 ']'
+C02 run-c02.sh:347: '[' 0 -eq 0 ']'
+C02 run-c02.sh:347: m=YES
+C02 run-c02.sh:348: printf '%s\n' 1
+C02 run-c02.sh:349: printf '%s\t%s\t%s\t%s\t%s\t%s\t%s\n' 04 1 1 1 0 YES logs/go125-S-stock-R1-repeat-04.log
+C02 run-c02.sh:335: for iter in 01 02 03 04 05 06 07 08 09 10
+C02 run-c02.sh:336: local log_rel=logs/go125-S-stock-R1-repeat-05.log
+C02 run-c02.sh:337: local log_abs=/home/lilingfeng/tmp/juicefs-c02-20260817-015425/logs/go125-S-stock-R1-repeat-05.log
+C02 run-c02.sh:338: cd /home/lilingfeng/tmp/juicefs-c02-20260817-015425/src/S-stock
+C02 run-c02.sh:338: env GOTOOLCHAIN=go1.25.7 GOCACHE=/home/lilingfeng/tmp/juicefs-c02-20260817-015425/cache/go-build-125 GOFLAGS=-mod=readonly GOPROXY=https://goproxy.cn,direct GOMODCACHE=/home/lilingfeng/tmp/juicefs-c02-20260817-015425/cache/go-mod GOTMPDIR=/home/lilingfeng/tmp/juicefs-c02-20260817-015425/cache/go-tmp TMPDIR=/home/lilingfeng/tmp/juicefs-c02-20260817-015425/cache/os-tmp go test ./pkg/vfs -run '^TestC02FullBlockDispatchAfterDelayedID$' -count=1 -v -timeout=2m
+C02 run-c02.sh:341: local rc=1
++C02 run-c02.sh:342: grep -c C02_MISSED_DISPATCH /home/lilingfeng/tmp/juicefs-c02-20260817-015425/logs/go125-S-stock-R1-repeat-05.log
+C02 run-c02.sh:342: local mc=1
++C02 run-c02.sh:343: grep -c -- '--- FAIL: TestC02FullBlockDispatchAfterDelayedID' /home/lilingfeng/tmp/juicefs-c02-20260817-015425/logs/go125-S-stock-R1-repeat-05.log
+C02 run-c02.sh:343: local fc=1
+C02 run-c02.sh:344: local fbd=0
+C02 run-c02.sh:345: grep -Eq '\[build failed\]|panic:|fatal error:|test timed out|DATA RACE' /home/lilingfeng/tmp/juicefs-c02-20260817-015425/logs/go125-S-stock-R1-repeat-05.log
+C02 run-c02.sh:346: local m=NO
+C02 run-c02.sh:347: '[' 1 -ne 0 ']'
+C02 run-c02.sh:347: '[' 1 -eq 1 ']'
+C02 run-c02.sh:347: '[' 1 -eq 1 ']'
+C02 run-c02.sh:347: '[' 0 -eq 0 ']'
+C02 run-c02.sh:347: m=YES
+C02 run-c02.sh:348: printf '%s\n' 1
+C02 run-c02.sh:349: printf '%s\t%s\t%s\t%s\t%s\t%s\t%s\n' 05 1 1 1 0 YES logs/go125-S-stock-R1-repeat-05.log
+C02 run-c02.sh:335: for iter in 01 02 03 04 05 06 07 08 09 10
+C02 run-c02.sh:336: local log_rel=logs/go125-S-stock-R1-repeat-06.log
+C02 run-c02.sh:337: local log_abs=/home/lilingfeng/tmp/juicefs-c02-20260817-015425/logs/go125-S-stock-R1-repeat-06.log
+C02 run-c02.sh:338: cd /home/lilingfeng/tmp/juicefs-c02-20260817-015425/src/S-stock
+C02 run-c02.sh:338: env GOTOOLCHAIN=go1.25.7 GOCACHE=/home/lilingfeng/tmp/juicefs-c02-20260817-015425/cache/go-build-125 GOFLAGS=-mod=readonly GOPROXY=https://goproxy.cn,direct GOMODCACHE=/home/lilingfeng/tmp/juicefs-c02-20260817-015425/cache/go-mod GOTMPDIR=/home/lilingfeng/tmp/juicefs-c02-20260817-015425/cache/go-tmp TMPDIR=/home/lilingfeng/tmp/juicefs-c02-20260817-015425/cache/os-tmp go test ./pkg/vfs -run '^TestC02FullBlockDispatchAfterDelayedID$' -count=1 -v -timeout=2m
+C02 run-c02.sh:341: local rc=1
++C02 run-c02.sh:342: grep -c C02_MISSED_DISPATCH /home/lilingfeng/tmp/juicefs-c02-20260817-015425/logs/go125-S-stock-R1-repeat-06.log
+C02 run-c02.sh:342: local mc=1
++C02 run-c02.sh:343: grep -c -- '--- FAIL: TestC02FullBlockDispatchAfterDelayedID' /home/lilingfeng/tmp/juicefs-c02-20260817-015425/logs/go125-S-stock-R1-repeat-06.log
+C02 run-c02.sh:343: local fc=1
+C02 run-c02.sh:344: local fbd=0
+C02 run-c02.sh:345: grep -Eq '\[build failed\]|panic:|fatal error:|test timed out|DATA RACE' /home/lilingfeng/tmp/juicefs-c02-20260817-015425/logs/go125-S-stock-R1-repeat-06.log
+C02 run-c02.sh:346: local m=NO
+C02 run-c02.sh:347: '[' 1 -ne 0 ']'
+C02 run-c02.sh:347: '[' 1 -eq 1 ']'
+C02 run-c02.sh:347: '[' 1 -eq 1 ']'
+C02 run-c02.sh:347: '[' 0 -eq 0 ']'
+C02 run-c02.sh:347: m=YES
+C02 run-c02.sh:348: printf '%s\n' 1
+C02 run-c02.sh:349: printf '%s\t%s\t%s\t%s\t%s\t%s\t%s\n' 06 1 1 1 0 YES logs/go125-S-stock-R1-repeat-06.log
+C02 run-c02.sh:335: for iter in 01 02 03 04 05 06 07 08 09 10
+C02 run-c02.sh:336: local log_rel=logs/go125-S-stock-R1-repeat-07.log
+C02 run-c02.sh:337: local log_abs=/home/lilingfeng/tmp/juicefs-c02-20260817-015425/logs/go125-S-stock-R1-repeat-07.log
+C02 run-c02.sh:338: cd /home/lilingfeng/tmp/juicefs-c02-20260817-015425/src/S-stock
+C02 run-c02.sh:338: env GOTOOLCHAIN=go1.25.7 GOCACHE=/home/lilingfeng/tmp/juicefs-c02-20260817-015425/cache/go-build-125 GOFLAGS=-mod=readonly GOPROXY=https://goproxy.cn,direct GOMODCACHE=/home/lilingfeng/tmp/juicefs-c02-20260817-015425/cache/go-mod GOTMPDIR=/home/lilingfeng/tmp/juicefs-c02-20260817-015425/cache/go-tmp TMPDIR=/home/lilingfeng/tmp/juicefs-c02-20260817-015425/cache/os-tmp go test ./pkg/vfs -run '^TestC02FullBlockDispatchAfterDelayedID$' -count=1 -v -timeout=2m
+C02 run-c02.sh:341: local rc=1
++C02 run-c02.sh:342: grep -c C02_MISSED_DISPATCH /home/lilingfeng/tmp/juicefs-c02-20260817-015425/logs/go125-S-stock-R1-repeat-07.log
+C02 run-c02.sh:342: local mc=1
++C02 run-c02.sh:343: grep -c -- '--- FAIL: TestC02FullBlockDispatchAfterDelayedID' /home/lilingfeng/tmp/juicefs-c02-20260817-015425/logs/go125-S-stock-R1-repeat-07.log
+C02 run-c02.sh:343: local fc=1
+C02 run-c02.sh:344: local fbd=0
+C02 run-c02.sh:345: grep -Eq '\[build failed\]|panic:|fatal error:|test timed out|DATA RACE' /home/lilingfeng/tmp/juicefs-c02-20260817-015425/logs/go125-S-stock-R1-repeat-07.log
+C02 run-c02.sh:346: local m=NO
+C02 run-c02.sh:347: '[' 1 -ne 0 ']'
+C02 run-c02.sh:347: '[' 1 -eq 1 ']'
+C02 run-c02.sh:347: '[' 1 -eq 1 ']'
+C02 run-c02.sh:347: '[' 0 -eq 0 ']'
+C02 run-c02.sh:347: m=YES
+C02 run-c02.sh:348: printf '%s\n' 1
+C02 run-c02.sh:349: printf '%s\t%s\t%s\t%s\t%s\t%s\t%s\n' 07 1 1 1 0 YES logs/go125-S-stock-R1-repeat-07.log
+C02 run-c02.sh:335: for iter in 01 02 03 04 05 06 07 08 09 10
+C02 run-c02.sh:336: local log_rel=logs/go125-S-stock-R1-repeat-08.log
+C02 run-c02.sh:337: local log_abs=/home/lilingfeng/tmp/juicefs-c02-20260817-015425/logs/go125-S-stock-R1-repeat-08.log
+C02 run-c02.sh:338: cd /home/lilingfeng/tmp/juicefs-c02-20260817-015425/src/S-stock
+C02 run-c02.sh:338: env GOTOOLCHAIN=go1.25.7 GOCACHE=/home/lilingfeng/tmp/juicefs-c02-20260817-015425/cache/go-build-125 GOFLAGS=-mod=readonly GOPROXY=https://goproxy.cn,direct GOMODCACHE=/home/lilingfeng/tmp/juicefs-c02-20260817-015425/cache/go-mod GOTMPDIR=/home/lilingfeng/tmp/juicefs-c02-20260817-015425/cache/go-tmp TMPDIR=/home/lilingfeng/tmp/juicefs-c02-20260817-015425/cache/os-tmp go test ./pkg/vfs -run '^TestC02FullBlockDispatchAfterDelayedID$' -count=1 -v -timeout=2m
+C02 run-c02.sh:341: local rc=1
++C02 run-c02.sh:342: grep -c C02_MISSED_DISPATCH /home/lilingfeng/tmp/juicefs-c02-20260817-015425/logs/go125-S-stock-R1-repeat-08.log
+C02 run-c02.sh:342: local mc=1
++C02 run-c02.sh:343: grep -c -- '--- FAIL: TestC02FullBlockDispatchAfterDelayedID' /home/lilingfeng/tmp/juicefs-c02-20260817-015425/logs/go125-S-stock-R1-repeat-08.log
+C02 run-c02.sh:343: local fc=1
+C02 run-c02.sh:344: local fbd=0
+C02 run-c02.sh:345: grep -Eq '\[build failed\]|panic:|fatal error:|test timed out|DATA RACE' /home/lilingfeng/tmp/juicefs-c02-20260817-015425/logs/go125-S-stock-R1-repeat-08.log
+C02 run-c02.sh:346: local m=NO
+C02 run-c02.sh:347: '[' 1 -ne 0 ']'
+C02 run-c02.sh:347: '[' 1 -eq 1 ']'
+C02 run-c02.sh:347: '[' 1 -eq 1 ']'
+C02 run-c02.sh:347: '[' 0 -eq 0 ']'
+C02 run-c02.sh:347: m=YES
+C02 run-c02.sh:348: printf '%s\n' 1
+C02 run-c02.sh:349: printf '%s\t%s\t%s\t%s\t%s\t%s\t%s\n' 08 1 1 1 0 YES logs/go125-S-stock-R1-repeat-08.log
+C02 run-c02.sh:335: for iter in 01 02 03 04 05 06 07 08 09 10
+C02 run-c02.sh:336: local log_rel=logs/go125-S-stock-R1-repeat-09.log
+C02 run-c02.sh:337: local log_abs=/home/lilingfeng/tmp/juicefs-c02-20260817-015425/logs/go125-S-stock-R1-repeat-09.log
+C02 run-c02.sh:338: cd /home/lilingfeng/tmp/juicefs-c02-20260817-015425/src/S-stock
+C02 run-c02.sh:338: env GOTOOLCHAIN=go1.25.7 GOCACHE=/home/lilingfeng/tmp/juicefs-c02-20260817-015425/cache/go-build-125 GOFLAGS=-mod=readonly GOPROXY=https://goproxy.cn,direct GOMODCACHE=/home/lilingfeng/tmp/juicefs-c02-20260817-015425/cache/go-mod GOTMPDIR=/home/lilingfeng/tmp/juicefs-c02-20260817-015425/cache/go-tmp TMPDIR=/home/lilingfeng/tmp/juicefs-c02-20260817-015425/cache/os-tmp go test ./pkg/vfs -run '^TestC02FullBlockDispatchAfterDelayedID$' -count=1 -v -timeout=2m
+C02 run-c02.sh:341: local rc=1
++C02 run-c02.sh:342: grep -c C02_MISSED_DISPATCH /home/lilingfeng/tmp/juicefs-c02-20260817-015425/logs/go125-S-stock-R1-repeat-09.log
+C02 run-c02.sh:342: local mc=1
++C02 run-c02.sh:343: grep -c -- '--- FAIL: TestC02FullBlockDispatchAfterDelayedID' /home/lilingfeng/tmp/juicefs-c02-20260817-015425/logs/go125-S-stock-R1-repeat-09.log
+C02 run-c02.sh:343: local fc=1
+C02 run-c02.sh:344: local fbd=0
+C02 run-c02.sh:345: grep -Eq '\[build failed\]|panic:|fatal error:|test timed out|DATA RACE' /home/lilingfeng/tmp/juicefs-c02-20260817-015425/logs/go125-S-stock-R1-repeat-09.log
+C02 run-c02.sh:346: local m=NO
+C02 run-c02.sh:347: '[' 1 -ne 0 ']'
+C02 run-c02.sh:347: '[' 1 -eq 1 ']'
+C02 run-c02.sh:347: '[' 1 -eq 1 ']'
+C02 run-c02.sh:347: '[' 0 -eq 0 ']'
+C02 run-c02.sh:347: m=YES
+C02 run-c02.sh:348: printf '%s\n' 1
+C02 run-c02.sh:349: printf '%s\t%s\t%s\t%s\t%s\t%s\t%s\n' 09 1 1 1 0 YES logs/go125-S-stock-R1-repeat-09.log
+C02 run-c02.sh:335: for iter in 01 02 03 04 05 06 07 08 09 10
+C02 run-c02.sh:336: local log_rel=logs/go125-S-stock-R1-repeat-10.log
+C02 run-c02.sh:337: local log_abs=/home/lilingfeng/tmp/juicefs-c02-20260817-015425/logs/go125-S-stock-R1-repeat-10.log
+C02 run-c02.sh:338: cd /home/lilingfeng/tmp/juicefs-c02-20260817-015425/src/S-stock
+C02 run-c02.sh:338: env GOTOOLCHAIN=go1.25.7 GOCACHE=/home/lilingfeng/tmp/juicefs-c02-20260817-015425/cache/go-build-125 GOFLAGS=-mod=readonly GOPROXY=https://goproxy.cn,direct GOMODCACHE=/home/lilingfeng/tmp/juicefs-c02-20260817-015425/cache/go-mod GOTMPDIR=/home/lilingfeng/tmp/juicefs-c02-20260817-015425/cache/go-tmp TMPDIR=/home/lilingfeng/tmp/juicefs-c02-20260817-015425/cache/os-tmp go test ./pkg/vfs -run '^TestC02FullBlockDispatchAfterDelayedID$' -count=1 -v -timeout=2m
+C02 run-c02.sh:341: local rc=1
++C02 run-c02.sh:342: grep -c C02_MISSED_DISPATCH /home/lilingfeng/tmp/juicefs-c02-20260817-015425/logs/go125-S-stock-R1-repeat-10.log
+C02 run-c02.sh:342: local mc=1
++C02 run-c02.sh:343: grep -c -- '--- FAIL: TestC02FullBlockDispatchAfterDelayedID' /home/lilingfeng/tmp/juicefs-c02-20260817-015425/logs/go125-S-stock-R1-repeat-10.log
+C02 run-c02.sh:343: local fc=1
+C02 run-c02.sh:344: local fbd=0
+C02 run-c02.sh:345: grep -Eq '\[build failed\]|panic:|fatal error:|test timed out|DATA RACE' /home/lilingfeng/tmp/juicefs-c02-20260817-015425/logs/go125-S-stock-R1-repeat-10.log
+C02 run-c02.sh:346: local m=NO
+C02 run-c02.sh:347: '[' 1 -ne 0 ']'
+C02 run-c02.sh:347: '[' 1 -eq 1 ']'
+C02 run-c02.sh:347: '[' 1 -eq 1 ']'
+C02 run-c02.sh:347: '[' 0 -eq 0 ']'
+C02 run-c02.sh:347: m=YES
+C02 run-c02.sh:348: printf '%s\n' 1
+C02 run-c02.sh:349: printf '%s\t%s\t%s\t%s\t%s\t%s\t%s\n' 10 1 1 1 0 YES logs/go125-S-stock-R1-repeat-10.log
+C02 run-c02.sh:352: printf '%s\n' 0
+C02 run-c02.sh:360: for id in R1 R2 R3
+C02 run-c02.sh:360: run_repeat10 go125 go1.25.7 /home/lilingfeng/tmp/juicefs-c02-20260817-015425/cache/go-build-125 S-stock R2
+C02 run-c02.sh:326: local tool=go125 tc=go1.25.7 bc=/home/lilingfeng/tmp/juicefs-c02-20260817-015425/cache/go-build-125 arm=S-stock id=R2
+C02 run-c02.sh:327: local test_name=TestC02MultiBlockDispatchUsesLatestLength
+C02 run-c02.sh:328: local key=R2_S-stock
+C02 run-c02.sh:329: local expected_marker=C02_MISSED_MULTI_DISPATCH
+C02 run-c02.sh:330: local details=/home/lilingfeng/tmp/juicefs-c02-20260817-015425/meta/go125-S-stock-R2-repeat10.tsv
+C02 run-c02.sh:331: local aggregate=0
+C02 run-c02.sh:333: printf 'iteration\tactual_rc\tmarker_count\ttest_fail_count\tforbidden_count\texpectation_matched\tlog\n'
+C02 run-c02.sh:335: for iter in 01 02 03 04 05 06 07 08 09 10
+C02 run-c02.sh:336: local log_rel=logs/go125-S-stock-R2-repeat-01.log
+C02 run-c02.sh:337: local log_abs=/home/lilingfeng/tmp/juicefs-c02-20260817-015425/logs/go125-S-stock-R2-repeat-01.log
+C02 run-c02.sh:338: cd /home/lilingfeng/tmp/juicefs-c02-20260817-015425/src/S-stock
+C02 run-c02.sh:338: env GOTOOLCHAIN=go1.25.7 GOCACHE=/home/lilingfeng/tmp/juicefs-c02-20260817-015425/cache/go-build-125 GOFLAGS=-mod=readonly GOPROXY=https://goproxy.cn,direct GOMODCACHE=/home/lilingfeng/tmp/juicefs-c02-20260817-015425/cache/go-mod GOTMPDIR=/home/lilingfeng/tmp/juicefs-c02-20260817-015425/cache/go-tmp TMPDIR=/home/lilingfeng/tmp/juicefs-c02-20260817-015425/cache/os-tmp go test ./pkg/vfs -run '^TestC02MultiBlockDispatchUsesLatestLength$' -count=1 -v -timeout=2m
+C02 run-c02.sh:341: local rc=1
++C02 run-c02.sh:342: grep -c C02_MISSED_MULTI_DISPATCH /home/lilingfeng/tmp/juicefs-c02-20260817-015425/logs/go125-S-stock-R2-repeat-01.log
+C02 run-c02.sh:342: local mc=1
++C02 run-c02.sh:343: grep -c -- '--- FAIL: TestC02MultiBlockDispatchUsesLatestLength' /home/lilingfeng/tmp/juicefs-c02-20260817-015425/logs/go125-S-stock-R2-repeat-01.log
+C02 run-c02.sh:343: local fc=1
+C02 run-c02.sh:344: local fbd=0
+C02 run-c02.sh:345: grep -Eq '\[build failed\]|panic:|fatal error:|test timed out|DATA RACE' /home/lilingfeng/tmp/juicefs-c02-20260817-015425/logs/go125-S-stock-R2-repeat-01.log
+C02 run-c02.sh:346: local m=NO
+C02 run-c02.sh:347: '[' 1 -ne 0 ']'
+C02 run-c02.sh:347: '[' 1 -eq 1 ']'
+C02 run-c02.sh:347: '[' 1 -eq 1 ']'
+C02 run-c02.sh:347: '[' 0 -eq 0 ']'
+C02 run-c02.sh:347: m=YES
+C02 run-c02.sh:348: printf '%s\n' 1
+C02 run-c02.sh:349: printf '%s\t%s\t%s\t%s\t%s\t%s\t%s\n' 01 1 1 1 0 YES logs/go125-S-stock-R2-repeat-01.log
+C02 run-c02.sh:335: for iter in 01 02 03 04 05 06 07 08 09 10
+C02 run-c02.sh:336: local log_rel=logs/go125-S-stock-R2-repeat-02.log
+C02 run-c02.sh:337: local log_abs=/home/lilingfeng/tmp/juicefs-c02-20260817-015425/logs/go125-S-stock-R2-repeat-02.log
+C02 run-c02.sh:338: cd /home/lilingfeng/tmp/juicefs-c02-20260817-015425/src/S-stock
+C02 run-c02.sh:338: env GOTOOLCHAIN=go1.25.7 GOCACHE=/home/lilingfeng/tmp/juicefs-c02-20260817-015425/cache/go-build-125 GOFLAGS=-mod=readonly GOPROXY=https://goproxy.cn,direct GOMODCACHE=/home/lilingfeng/tmp/juicefs-c02-20260817-015425/cache/go-mod GOTMPDIR=/home/lilingfeng/tmp/juicefs-c02-20260817-015425/cache/go-tmp TMPDIR=/home/lilingfeng/tmp/juicefs-c02-20260817-015425/cache/os-tmp go test ./pkg/vfs -run '^TestC02MultiBlockDispatchUsesLatestLength$' -count=1 -v -timeout=2m
+C02 run-c02.sh:341: local rc=1
++C02 run-c02.sh:342: grep -c C02_MISSED_MULTI_DISPATCH /home/lilingfeng/tmp/juicefs-c02-20260817-015425/logs/go125-S-stock-R2-repeat-02.log
+C02 run-c02.sh:342: local mc=1
++C02 run-c02.sh:343: grep -c -- '--- FAIL: TestC02MultiBlockDispatchUsesLatestLength' /home/lilingfeng/tmp/juicefs-c02-20260817-015425/logs/go125-S-stock-R2-repeat-02.log
+C02 run-c02.sh:343: local fc=1
+C02 run-c02.sh:344: local fbd=0
+C02 run-c02.sh:345: grep -Eq '\[build failed\]|panic:|fatal error:|test timed out|DATA RACE' /home/lilingfeng/tmp/juicefs-c02-20260817-015425/logs/go125-S-stock-R2-repeat-02.log
+C02 run-c02.sh:346: local m=NO
+C02 run-c02.sh:347: '[' 1 -ne 0 ']'
+C02 run-c02.sh:347: '[' 1 -eq 1 ']'
+C02 run-c02.sh:347: '[' 1 -eq 1 ']'
+C02 run-c02.sh:347: '[' 0 -eq 0 ']'
+C02 run-c02.sh:347: m=YES
+C02 run-c02.sh:348: printf '%s\n' 1
+C02 run-c02.sh:349: printf '%s\t%s\t%s\t%s\t%s\t%s\t%s\n' 02 1 1 1 0 YES logs/go125-S-stock-R2-repeat-02.log
+C02 run-c02.sh:335: for iter in 01 02 03 04 05 06 07 08 09 10
+C02 run-c02.sh:336: local log_rel=logs/go125-S-stock-R2-repeat-03.log
+C02 run-c02.sh:337: local log_abs=/home/lilingfeng/tmp/juicefs-c02-20260817-015425/logs/go125-S-stock-R2-repeat-03.log
+C02 run-c02.sh:338: cd /home/lilingfeng/tmp/juicefs-c02-20260817-015425/src/S-stock
+C02 run-c02.sh:338: env GOTOOLCHAIN=go1.25.7 GOCACHE=/home/lilingfeng/tmp/juicefs-c02-20260817-015425/cache/go-build-125 GOFLAGS=-mod=readonly GOPROXY=https://goproxy.cn,direct GOMODCACHE=/home/lilingfeng/tmp/juicefs-c02-20260817-015425/cache/go-mod GOTMPDIR=/home/lilingfeng/tmp/juicefs-c02-20260817-015425/cache/go-tmp TMPDIR=/home/lilingfeng/tmp/juicefs-c02-20260817-015425/cache/os-tmp go test ./pkg/vfs -run '^TestC02MultiBlockDispatchUsesLatestLength$' -count=1 -v -timeout=2m
+C02 run-c02.sh:341: local rc=1
++C02 run-c02.sh:342: grep -c C02_MISSED_MULTI_DISPATCH /home/lilingfeng/tmp/juicefs-c02-20260817-015425/logs/go125-S-stock-R2-repeat-03.log
+C02 run-c02.sh:342: local mc=1
++C02 run-c02.sh:343: grep -c -- '--- FAIL: TestC02MultiBlockDispatchUsesLatestLength' /home/lilingfeng/tmp/juicefs-c02-20260817-015425/logs/go125-S-stock-R2-repeat-03.log
+C02 run-c02.sh:343: local fc=1
+C02 run-c02.sh:344: local fbd=0
+C02 run-c02.sh:345: grep -Eq '\[build failed\]|panic:|fatal error:|test timed out|DATA RACE' /home/lilingfeng/tmp/juicefs-c02-20260817-015425/logs/go125-S-stock-R2-repeat-03.log
+C02 run-c02.sh:346: local m=NO
+C02 run-c02.sh:347: '[' 1 -ne 0 ']'
+C02 run-c02.sh:347: '[' 1 -eq 1 ']'
+C02 run-c02.sh:347: '[' 1 -eq 1 ']'
+C02 run-c02.sh:347: '[' 0 -eq 0 ']'
+C02 run-c02.sh:347: m=YES
+C02 run-c02.sh:348: printf '%s\n' 1
+C02 run-c02.sh:349: printf '%s\t%s\t%s\t%s\t%s\t%s\t%s\n' 03 1 1 1 0 YES logs/go125-S-stock-R2-repeat-03.log
+C02 run-c02.sh:335: for iter in 01 02 03 04 05 06 07 08 09 10
+C02 run-c02.sh:336: local log_rel=logs/go125-S-stock-R2-repeat-04.log
+C02 run-c02.sh:337: local log_abs=/home/lilingfeng/tmp/juicefs-c02-20260817-015425/logs/go125-S-stock-R2-repeat-04.log
+C02 run-c02.sh:338: cd /home/lilingfeng/tmp/juicefs-c02-20260817-015425/src/S-stock
+C02 run-c02.sh:338: env GOTOOLCHAIN=go1.25.7 GOCACHE=/home/lilingfeng/tmp/juicefs-c02-20260817-015425/cache/go-build-125 GOFLAGS=-mod=readonly GOPROXY=https://goproxy.cn,direct GOMODCACHE=/home/lilingfeng/tmp/juicefs-c02-20260817-015425/cache/go-mod GOTMPDIR=/home/lilingfeng/tmp/juicefs-c02-20260817-015425/cache/go-tmp TMPDIR=/home/lilingfeng/tmp/juicefs-c02-20260817-015425/cache/os-tmp go test ./pkg/vfs -run '^TestC02MultiBlockDispatchUsesLatestLength$' -count=1 -v -timeout=2m
+C02 run-c02.sh:341: local rc=1
++C02 run-c02.sh:342: grep -c C02_MISSED_MULTI_DISPATCH /home/lilingfeng/tmp/juicefs-c02-20260817-015425/logs/go125-S-stock-R2-repeat-04.log
+C02 run-c02.sh:342: local mc=1
++C02 run-c02.sh:343: grep -c -- '--- FAIL: TestC02MultiBlockDispatchUsesLatestLength' /home/lilingfeng/tmp/juicefs-c02-20260817-015425/logs/go125-S-stock-R2-repeat-04.log
+C02 run-c02.sh:343: local fc=1
+C02 run-c02.sh:344: local fbd=0
+C02 run-c02.sh:345: grep -Eq '\[build failed\]|panic:|fatal error:|test timed out|DATA RACE' /home/lilingfeng/tmp/juicefs-c02-20260817-015425/logs/go125-S-stock-R2-repeat-04.log
+C02 run-c02.sh:346: local m=NO
+C02 run-c02.sh:347: '[' 1 -ne 0 ']'
+C02 run-c02.sh:347: '[' 1 -eq 1 ']'
+C02 run-c02.sh:347: '[' 1 -eq 1 ']'
+C02 run-c02.sh:347: '[' 0 -eq 0 ']'
+C02 run-c02.sh:347: m=YES
+C02 run-c02.sh:348: printf '%s\n' 1
+C02 run-c02.sh:349: printf '%s\t%s\t%s\t%s\t%s\t%s\t%s\n' 04 1 1 1 0 YES logs/go125-S-stock-R2-repeat-04.log
+C02 run-c02.sh:335: for iter in 01 02 03 04 05 06 07 08 09 10
+C02 run-c02.sh:336: local log_rel=logs/go125-S-stock-R2-repeat-05.log
+C02 run-c02.sh:337: local log_abs=/home/lilingfeng/tmp/juicefs-c02-20260817-015425/logs/go125-S-stock-R2-repeat-05.log
+C02 run-c02.sh:338: cd /home/lilingfeng/tmp/juicefs-c02-20260817-015425/src/S-stock
+C02 run-c02.sh:338: env GOTOOLCHAIN=go1.25.7 GOCACHE=/home/lilingfeng/tmp/juicefs-c02-20260817-015425/cache/go-build-125 GOFLAGS=-mod=readonly GOPROXY=https://goproxy.cn,direct GOMODCACHE=/home/lilingfeng/tmp/juicefs-c02-20260817-015425/cache/go-mod GOTMPDIR=/home/lilingfeng/tmp/juicefs-c02-20260817-015425/cache/go-tmp TMPDIR=/home/lilingfeng/tmp/juicefs-c02-20260817-015425/cache/os-tmp go test ./pkg/vfs -run '^TestC02MultiBlockDispatchUsesLatestLength$' -count=1 -v -timeout=2m
+C02 run-c02.sh:341: local rc=1
++C02 run-c02.sh:342: grep -c C02_MISSED_MULTI_DISPATCH /home/lilingfeng/tmp/juicefs-c02-20260817-015425/logs/go125-S-stock-R2-repeat-05.log
+C02 run-c02.sh:342: local mc=1
++C02 run-c02.sh:343: grep -c -- '--- FAIL: TestC02MultiBlockDispatchUsesLatestLength' /home/lilingfeng/tmp/juicefs-c02-20260817-015425/logs/go125-S-stock-R2-repeat-05.log
+C02 run-c02.sh:343: local fc=1
+C02 run-c02.sh:344: local fbd=0
+C02 run-c02.sh:345: grep -Eq '\[build failed\]|panic:|fatal error:|test timed out|DATA RACE' /home/lilingfeng/tmp/juicefs-c02-20260817-015425/logs/go125-S-stock-R2-repeat-05.log
+C02 run-c02.sh:346: local m=NO
+C02 run-c02.sh:347: '[' 1 -ne 0 ']'
+C02 run-c02.sh:347: '[' 1 -eq 1 ']'
+C02 run-c02.sh:347: '[' 1 -eq 1 ']'
+C02 run-c02.sh:347: '[' 0 -eq 0 ']'
+C02 run-c02.sh:347: m=YES
+C02 run-c02.sh:348: printf '%s\n' 1
+C02 run-c02.sh:349: printf '%s\t%s\t%s\t%s\t%s\t%s\t%s\n' 05 1 1 1 0 YES logs/go125-S-stock-R2-repeat-05.log
+C02 run-c02.sh:335: for iter in 01 02 03 04 05 06 07 08 09 10
+C02 run-c02.sh:336: local log_rel=logs/go125-S-stock-R2-repeat-06.log
+C02 run-c02.sh:337: local log_abs=/home/lilingfeng/tmp/juicefs-c02-20260817-015425/logs/go125-S-stock-R2-repeat-06.log
+C02 run-c02.sh:338: cd /home/lilingfeng/tmp/juicefs-c02-20260817-015425/src/S-stock
+C02 run-c02.sh:338: env GOTOOLCHAIN=go1.25.7 GOCACHE=/home/lilingfeng/tmp/juicefs-c02-20260817-015425/cache/go-build-125 GOFLAGS=-mod=readonly GOPROXY=https://goproxy.cn,direct GOMODCACHE=/home/lilingfeng/tmp/juicefs-c02-20260817-015425/cache/go-mod GOTMPDIR=/home/lilingfeng/tmp/juicefs-c02-20260817-015425/cache/go-tmp TMPDIR=/home/lilingfeng/tmp/juicefs-c02-20260817-015425/cache/os-tmp go test ./pkg/vfs -run '^TestC02MultiBlockDispatchUsesLatestLength$' -count=1 -v -timeout=2m
+C02 run-c02.sh:341: local rc=1
++C02 run-c02.sh:342: grep -c C02_MISSED_MULTI_DISPATCH /home/lilingfeng/tmp/juicefs-c02-20260817-015425/logs/go125-S-stock-R2-repeat-06.log
+C02 run-c02.sh:342: local mc=1
++C02 run-c02.sh:343: grep -c -- '--- FAIL: TestC02MultiBlockDispatchUsesLatestLength' /home/lilingfeng/tmp/juicefs-c02-20260817-015425/logs/go125-S-stock-R2-repeat-06.log
+C02 run-c02.sh:343: local fc=1
+C02 run-c02.sh:344: local fbd=0
+C02 run-c02.sh:345: grep -Eq '\[build failed\]|panic:|fatal error:|test timed out|DATA RACE' /home/lilingfeng/tmp/juicefs-c02-20260817-015425/logs/go125-S-stock-R2-repeat-06.log
+C02 run-c02.sh:346: local m=NO
+C02 run-c02.sh:347: '[' 1 -ne 0 ']'
+C02 run-c02.sh:347: '[' 1 -eq 1 ']'
+C02 run-c02.sh:347: '[' 1 -eq 1 ']'
+C02 run-c02.sh:347: '[' 0 -eq 0 ']'
+C02 run-c02.sh:347: m=YES
+C02 run-c02.sh:348: printf '%s\n' 1
+C02 run-c02.sh:349: printf '%s\t%s\t%s\t%s\t%s\t%s\t%s\n' 06 1 1 1 0 YES logs/go125-S-stock-R2-repeat-06.log
+C02 run-c02.sh:335: for iter in 01 02 03 04 05 06 07 08 09 10
+C02 run-c02.sh:336: local log_rel=logs/go125-S-stock-R2-repeat-07.log
+C02 run-c02.sh:337: local log_abs=/home/lilingfeng/tmp/juicefs-c02-20260817-015425/logs/go125-S-stock-R2-repeat-07.log
+C02 run-c02.sh:338: cd /home/lilingfeng/tmp/juicefs-c02-20260817-015425/src/S-stock
+C02 run-c02.sh:338: env GOTOOLCHAIN=go1.25.7 GOCACHE=/home/lilingfeng/tmp/juicefs-c02-20260817-015425/cache/go-build-125 GOFLAGS=-mod=readonly GOPROXY=https://goproxy.cn,direct GOMODCACHE=/home/lilingfeng/tmp/juicefs-c02-20260817-015425/cache/go-mod GOTMPDIR=/home/lilingfeng/tmp/juicefs-c02-20260817-015425/cache/go-tmp TMPDIR=/home/lilingfeng/tmp/juicefs-c02-20260817-015425/cache/os-tmp go test ./pkg/vfs -run '^TestC02MultiBlockDispatchUsesLatestLength$' -count=1 -v -timeout=2m
+C02 run-c02.sh:341: local rc=1
++C02 run-c02.sh:342: grep -c C02_MISSED_MULTI_DISPATCH /home/lilingfeng/tmp/juicefs-c02-20260817-015425/logs/go125-S-stock-R2-repeat-07.log
+C02 run-c02.sh:342: local mc=1
++C02 run-c02.sh:343: grep -c -- '--- FAIL: TestC02MultiBlockDispatchUsesLatestLength' /home/lilingfeng/tmp/juicefs-c02-20260817-015425/logs/go125-S-stock-R2-repeat-07.log
+C02 run-c02.sh:343: local fc=1
+C02 run-c02.sh:344: local fbd=0
+C02 run-c02.sh:345: grep -Eq '\[build failed\]|panic:|fatal error:|test timed out|DATA RACE' /home/lilingfeng/tmp/juicefs-c02-20260817-015425/logs/go125-S-stock-R2-repeat-07.log
+C02 run-c02.sh:346: local m=NO
+C02 run-c02.sh:347: '[' 1 -ne 0 ']'
+C02 run-c02.sh:347: '[' 1 -eq 1 ']'
+C02 run-c02.sh:347: '[' 1 -eq 1 ']'
+C02 run-c02.sh:347: '[' 0 -eq 0 ']'
+C02 run-c02.sh:347: m=YES
+C02 run-c02.sh:348: printf '%s\n' 1
+C02 run-c02.sh:349: printf '%s\t%s\t%s\t%s\t%s\t%s\t%s\n' 07 1 1 1 0 YES logs/go125-S-stock-R2-repeat-07.log
+C02 run-c02.sh:335: for iter in 01 02 03 04 05 06 07 08 09 10
+C02 run-c02.sh:336: local log_rel=logs/go125-S-stock-R2-repeat-08.log
+C02 run-c02.sh:337: local log_abs=/home/lilingfeng/tmp/juicefs-c02-20260817-015425/logs/go125-S-stock-R2-repeat-08.log
+C02 run-c02.sh:338: cd /home/lilingfeng/tmp/juicefs-c02-20260817-015425/src/S-stock
+C02 run-c02.sh:338: env GOTOOLCHAIN=go1.25.7 GOCACHE=/home/lilingfeng/tmp/juicefs-c02-20260817-015425/cache/go-build-125 GOFLAGS=-mod=readonly GOPROXY=https://goproxy.cn,direct GOMODCACHE=/home/lilingfeng/tmp/juicefs-c02-20260817-015425/cache/go-mod GOTMPDIR=/home/lilingfeng/tmp/juicefs-c02-20260817-015425/cache/go-tmp TMPDIR=/home/lilingfeng/tmp/juicefs-c02-20260817-015425/cache/os-tmp go test ./pkg/vfs -run '^TestC02MultiBlockDispatchUsesLatestLength$' -count=1 -v -timeout=2m
+C02 run-c02.sh:341: local rc=1
++C02 run-c02.sh:342: grep -c C02_MISSED_MULTI_DISPATCH /home/lilingfeng/tmp/juicefs-c02-20260817-015425/logs/go125-S-stock-R2-repeat-08.log
+C02 run-c02.sh:342: local mc=1
++C02 run-c02.sh:343: grep -c -- '--- FAIL: TestC02MultiBlockDispatchUsesLatestLength' /home/lilingfeng/tmp/juicefs-c02-20260817-015425/logs/go125-S-stock-R2-repeat-08.log
+C02 run-c02.sh:343: local fc=1
+C02 run-c02.sh:344: local fbd=0
+C02 run-c02.sh:345: grep -Eq '\[build failed\]|panic:|fatal error:|test timed out|DATA RACE' /home/lilingfeng/tmp/juicefs-c02-20260817-015425/logs/go125-S-stock-R2-repeat-08.log
+C02 run-c02.sh:346: local m=NO
+C02 run-c02.sh:347: '[' 1 -ne 0 ']'
+C02 run-c02.sh:347: '[' 1 -eq 1 ']'
+C02 run-c02.sh:347: '[' 1 -eq 1 ']'
+C02 run-c02.sh:347: '[' 0 -eq 0 ']'
+C02 run-c02.sh:347: m=YES
+C02 run-c02.sh:348: printf '%s\n' 1
+C02 run-c02.sh:349: printf '%s\t%s\t%s\t%s\t%s\t%s\t%s\n' 08 1 1 1 0 YES logs/go125-S-stock-R2-repeat-08.log
+C02 run-c02.sh:335: for iter in 01 02 03 04 05 06 07 08 09 10
+C02 run-c02.sh:336: local log_rel=logs/go125-S-stock-R2-repeat-09.log
+C02 run-c02.sh:337: local log_abs=/home/lilingfeng/tmp/juicefs-c02-20260817-015425/logs/go125-S-stock-R2-repeat-09.log
+C02 run-c02.sh:338: cd /home/lilingfeng/tmp/juicefs-c02-20260817-015425/src/S-stock
+C02 run-c02.sh:338: env GOTOOLCHAIN=go1.25.7 GOCACHE=/home/lilingfeng/tmp/juicefs-c02-20260817-015425/cache/go-build-125 GOFLAGS=-mod=readonly GOPROXY=https://goproxy.cn,direct GOMODCACHE=/home/lilingfeng/tmp/juicefs-c02-20260817-015425/cache/go-mod GOTMPDIR=/home/lilingfeng/tmp/juicefs-c02-20260817-015425/cache/go-tmp TMPDIR=/home/lilingfeng/tmp/juicefs-c02-20260817-015425/cache/os-tmp go test ./pkg/vfs -run '^TestC02MultiBlockDispatchUsesLatestLength$' -count=1 -v -timeout=2m
+C02 run-c02.sh:341: local rc=1
++C02 run-c02.sh:342: grep -c C02_MISSED_MULTI_DISPATCH /home/lilingfeng/tmp/juicefs-c02-20260817-015425/logs/go125-S-stock-R2-repeat-09.log
+C02 run-c02.sh:342: local mc=1
++C02 run-c02.sh:343: grep -c -- '--- FAIL: TestC02MultiBlockDispatchUsesLatestLength' /home/lilingfeng/tmp/juicefs-c02-20260817-015425/logs/go125-S-stock-R2-repeat-09.log
+C02 run-c02.sh:343: local fc=1
+C02 run-c02.sh:344: local fbd=0
+C02 run-c02.sh:345: grep -Eq '\[build failed\]|panic:|fatal error:|test timed out|DATA RACE' /home/lilingfeng/tmp/juicefs-c02-20260817-015425/logs/go125-S-stock-R2-repeat-09.log
+C02 run-c02.sh:346: local m=NO
+C02 run-c02.sh:347: '[' 1 -ne 0 ']'
+C02 run-c02.sh:347: '[' 1 -eq 1 ']'
+C02 run-c02.sh:347: '[' 1 -eq 1 ']'
+C02 run-c02.sh:347: '[' 0 -eq 0 ']'
+C02 run-c02.sh:347: m=YES
+C02 run-c02.sh:348: printf '%s\n' 1
+C02 run-c02.sh:349: printf '%s\t%s\t%s\t%s\t%s\t%s\t%s\n' 09 1 1 1 0 YES logs/go125-S-stock-R2-repeat-09.log
+C02 run-c02.sh:335: for iter in 01 02 03 04 05 06 07 08 09 10
+C02 run-c02.sh:336: local log_rel=logs/go125-S-stock-R2-repeat-10.log
+C02 run-c02.sh:337: local log_abs=/home/lilingfeng/tmp/juicefs-c02-20260817-015425/logs/go125-S-stock-R2-repeat-10.log
+C02 run-c02.sh:338: cd /home/lilingfeng/tmp/juicefs-c02-20260817-015425/src/S-stock
+C02 run-c02.sh:338: env GOTOOLCHAIN=go1.25.7 GOCACHE=/home/lilingfeng/tmp/juicefs-c02-20260817-015425/cache/go-build-125 GOFLAGS=-mod=readonly GOPROXY=https://goproxy.cn,direct GOMODCACHE=/home/lilingfeng/tmp/juicefs-c02-20260817-015425/cache/go-mod GOTMPDIR=/home/lilingfeng/tmp/juicefs-c02-20260817-015425/cache/go-tmp TMPDIR=/home/lilingfeng/tmp/juicefs-c02-20260817-015425/cache/os-tmp go test ./pkg/vfs -run '^TestC02MultiBlockDispatchUsesLatestLength$' -count=1 -v -timeout=2m
+C02 run-c02.sh:341: local rc=1
++C02 run-c02.sh:342: grep -c C02_MISSED_MULTI_DISPATCH /home/lilingfeng/tmp/juicefs-c02-20260817-015425/logs/go125-S-stock-R2-repeat-10.log
+C02 run-c02.sh:342: local mc=1
++C02 run-c02.sh:343: grep -c -- '--- FAIL: TestC02MultiBlockDispatchUsesLatestLength' /home/lilingfeng/tmp/juicefs-c02-20260817-015425/logs/go125-S-stock-R2-repeat-10.log
+C02 run-c02.sh:343: local fc=1
+C02 run-c02.sh:344: local fbd=0
+C02 run-c02.sh:345: grep -Eq '\[build failed\]|panic:|fatal error:|test timed out|DATA RACE' /home/lilingfeng/tmp/juicefs-c02-20260817-015425/logs/go125-S-stock-R2-repeat-10.log
+C02 run-c02.sh:346: local m=NO
+C02 run-c02.sh:347: '[' 1 -ne 0 ']'
+C02 run-c02.sh:347: '[' 1 -eq 1 ']'
+C02 run-c02.sh:347: '[' 1 -eq 1 ']'
+C02 run-c02.sh:347: '[' 0 -eq 0 ']'
+C02 run-c02.sh:347: m=YES
+C02 run-c02.sh:348: printf '%s\n' 1
+C02 run-c02.sh:349: printf '%s\t%s\t%s\t%s\t%s\t%s\t%s\n' 10 1 1 1 0 YES logs/go125-S-stock-R2-repeat-10.log
+C02 run-c02.sh:352: printf '%s\n' 0
+C02 run-c02.sh:360: for id in R1 R2 R3
+C02 run-c02.sh:360: run_repeat10 go125 go1.25.7 /home/lilingfeng/tmp/juicefs-c02-20260817-015425/cache/go-build-125 S-stock R3
+C02 run-c02.sh:326: local tool=go125 tc=go1.25.7 bc=/home/lilingfeng/tmp/juicefs-c02-20260817-015425/cache/go-build-125 arm=S-stock id=R3
+C02 run-c02.sh:327: local test_name=TestC02FlushToFailureIsObservable
+C02 run-c02.sh:328: local key=R3_S-stock
+C02 run-c02.sh:329: local expected_marker=C02_SWALLOWED_FLUSH_ERROR
+C02 run-c02.sh:330: local details=/home/lilingfeng/tmp/juicefs-c02-20260817-015425/meta/go125-S-stock-R3-repeat10.tsv
+C02 run-c02.sh:331: local aggregate=0
+C02 run-c02.sh:333: printf 'iteration\tactual_rc\tmarker_count\ttest_fail_count\tforbidden_count\texpectation_matched\tlog\n'
+C02 run-c02.sh:335: for iter in 01 02 03 04 05 06 07 08 09 10
+C02 run-c02.sh:336: local log_rel=logs/go125-S-stock-R3-repeat-01.log
+C02 run-c02.sh:337: local log_abs=/home/lilingfeng/tmp/juicefs-c02-20260817-015425/logs/go125-S-stock-R3-repeat-01.log
+C02 run-c02.sh:338: cd /home/lilingfeng/tmp/juicefs-c02-20260817-015425/src/S-stock
+C02 run-c02.sh:338: env GOTOOLCHAIN=go1.25.7 GOCACHE=/home/lilingfeng/tmp/juicefs-c02-20260817-015425/cache/go-build-125 GOFLAGS=-mod=readonly GOPROXY=https://goproxy.cn,direct GOMODCACHE=/home/lilingfeng/tmp/juicefs-c02-20260817-015425/cache/go-mod GOTMPDIR=/home/lilingfeng/tmp/juicefs-c02-20260817-015425/cache/go-tmp TMPDIR=/home/lilingfeng/tmp/juicefs-c02-20260817-015425/cache/os-tmp go test ./pkg/vfs -run '^TestC02FlushToFailureIsObservable$' -count=1 -v -timeout=2m
+C02 run-c02.sh:341: local rc=1
++C02 run-c02.sh:342: grep -c C02_SWALLOWED_FLUSH_ERROR /home/lilingfeng/tmp/juicefs-c02-20260817-015425/logs/go125-S-stock-R3-repeat-01.log
+C02 run-c02.sh:342: local mc=1
++C02 run-c02.sh:343: grep -c -- '--- FAIL: TestC02FlushToFailureIsObservable' /home/lilingfeng/tmp/juicefs-c02-20260817-015425/logs/go125-S-stock-R3-repeat-01.log
+C02 run-c02.sh:343: local fc=1
+C02 run-c02.sh:344: local fbd=0
+C02 run-c02.sh:345: grep -Eq '\[build failed\]|panic:|fatal error:|test timed out|DATA RACE' /home/lilingfeng/tmp/juicefs-c02-20260817-015425/logs/go125-S-stock-R3-repeat-01.log
+C02 run-c02.sh:346: local m=NO
+C02 run-c02.sh:347: '[' 1 -ne 0 ']'
+C02 run-c02.sh:347: '[' 1 -eq 1 ']'
+C02 run-c02.sh:347: '[' 1 -eq 1 ']'
+C02 run-c02.sh:347: '[' 0 -eq 0 ']'
+C02 run-c02.sh:347: m=YES
+C02 run-c02.sh:348: printf '%s\n' 1
+C02 run-c02.sh:349: printf '%s\t%s\t%s\t%s\t%s\t%s\t%s\n' 01 1 1 1 0 YES logs/go125-S-stock-R3-repeat-01.log
+C02 run-c02.sh:335: for iter in 01 02 03 04 05 06 07 08 09 10
+C02 run-c02.sh:336: local log_rel=logs/go125-S-stock-R3-repeat-02.log
+C02 run-c02.sh:337: local log_abs=/home/lilingfeng/tmp/juicefs-c02-20260817-015425/logs/go125-S-stock-R3-repeat-02.log
+C02 run-c02.sh:338: cd /home/lilingfeng/tmp/juicefs-c02-20260817-015425/src/S-stock
+C02 run-c02.sh:338: env GOTOOLCHAIN=go1.25.7 GOCACHE=/home/lilingfeng/tmp/juicefs-c02-20260817-015425/cache/go-build-125 GOFLAGS=-mod=readonly GOPROXY=https://goproxy.cn,direct GOMODCACHE=/home/lilingfeng/tmp/juicefs-c02-20260817-015425/cache/go-mod GOTMPDIR=/home/lilingfeng/tmp/juicefs-c02-20260817-015425/cache/go-tmp TMPDIR=/home/lilingfeng/tmp/juicefs-c02-20260817-015425/cache/os-tmp go test ./pkg/vfs -run '^TestC02FlushToFailureIsObservable$' -count=1 -v -timeout=2m
+C02 run-c02.sh:341: local rc=1
++C02 run-c02.sh:342: grep -c C02_SWALLOWED_FLUSH_ERROR /home/lilingfeng/tmp/juicefs-c02-20260817-015425/logs/go125-S-stock-R3-repeat-02.log
+C02 run-c02.sh:342: local mc=1
++C02 run-c02.sh:343: grep -c -- '--- FAIL: TestC02FlushToFailureIsObservable' /home/lilingfeng/tmp/juicefs-c02-20260817-015425/logs/go125-S-stock-R3-repeat-02.log
+C02 run-c02.sh:343: local fc=1
+C02 run-c02.sh:344: local fbd=0
+C02 run-c02.sh:345: grep -Eq '\[build failed\]|panic:|fatal error:|test timed out|DATA RACE' /home/lilingfeng/tmp/juicefs-c02-20260817-015425/logs/go125-S-stock-R3-repeat-02.log
+C02 run-c02.sh:346: local m=NO
+C02 run-c02.sh:347: '[' 1 -ne 0 ']'
+C02 run-c02.sh:347: '[' 1 -eq 1 ']'
+C02 run-c02.sh:347: '[' 1 -eq 1 ']'
+C02 run-c02.sh:347: '[' 0 -eq 0 ']'
+C02 run-c02.sh:347: m=YES
+C02 run-c02.sh:348: printf '%s\n' 1
+C02 run-c02.sh:349: printf '%s\t%s\t%s\t%s\t%s\t%s\t%s\n' 02 1 1 1 0 YES logs/go125-S-stock-R3-repeat-02.log
+C02 run-c02.sh:335: for iter in 01 02 03 04 05 06 07 08 09 10
+C02 run-c02.sh:336: local log_rel=logs/go125-S-stock-R3-repeat-03.log
+C02 run-c02.sh:337: local log_abs=/home/lilingfeng/tmp/juicefs-c02-20260817-015425/logs/go125-S-stock-R3-repeat-03.log
+C02 run-c02.sh:338: cd /home/lilingfeng/tmp/juicefs-c02-20260817-015425/src/S-stock
+C02 run-c02.sh:338: env GOTOOLCHAIN=go1.25.7 GOCACHE=/home/lilingfeng/tmp/juicefs-c02-20260817-015425/cache/go-build-125 GOFLAGS=-mod=readonly GOPROXY=https://goproxy.cn,direct GOMODCACHE=/home/lilingfeng/tmp/juicefs-c02-20260817-015425/cache/go-mod GOTMPDIR=/home/lilingfeng/tmp/juicefs-c02-20260817-015425/cache/go-tmp TMPDIR=/home/lilingfeng/tmp/juicefs-c02-20260817-015425/cache/os-tmp go test ./pkg/vfs -run '^TestC02FlushToFailureIsObservable$' -count=1 -v -timeout=2m
+C02 run-c02.sh:341: local rc=1
++C02 run-c02.sh:342: grep -c C02_SWALLOWED_FLUSH_ERROR /home/lilingfeng/tmp/juicefs-c02-20260817-015425/logs/go125-S-stock-R3-repeat-03.log
+C02 run-c02.sh:342: local mc=1
++C02 run-c02.sh:343: grep -c -- '--- FAIL: TestC02FlushToFailureIsObservable' /home/lilingfeng/tmp/juicefs-c02-20260817-015425/logs/go125-S-stock-R3-repeat-03.log
+C02 run-c02.sh:343: local fc=1
+C02 run-c02.sh:344: local fbd=0
+C02 run-c02.sh:345: grep -Eq '\[build failed\]|panic:|fatal error:|test timed out|DATA RACE' /home/lilingfeng/tmp/juicefs-c02-20260817-015425/logs/go125-S-stock-R3-repeat-03.log
+C02 run-c02.sh:346: local m=NO
+C02 run-c02.sh:347: '[' 1 -ne 0 ']'
+C02 run-c02.sh:347: '[' 1 -eq 1 ']'
+C02 run-c02.sh:347: '[' 1 -eq 1 ']'
+C02 run-c02.sh:347: '[' 0 -eq 0 ']'
+C02 run-c02.sh:347: m=YES
+C02 run-c02.sh:348: printf '%s\n' 1
+C02 run-c02.sh:349: printf '%s\t%s\t%s\t%s\t%s\t%s\t%s\n' 03 1 1 1 0 YES logs/go125-S-stock-R3-repeat-03.log
+C02 run-c02.sh:335: for iter in 01 02 03 04 05 06 07 08 09 10
+C02 run-c02.sh:336: local log_rel=logs/go125-S-stock-R3-repeat-04.log
+C02 run-c02.sh:337: local log_abs=/home/lilingfeng/tmp/juicefs-c02-20260817-015425/logs/go125-S-stock-R3-repeat-04.log
+C02 run-c02.sh:338: cd /home/lilingfeng/tmp/juicefs-c02-20260817-015425/src/S-stock
+C02 run-c02.sh:338: env GOTOOLCHAIN=go1.25.7 GOCACHE=/home/lilingfeng/tmp/juicefs-c02-20260817-015425/cache/go-build-125 GOFLAGS=-mod=readonly GOPROXY=https://goproxy.cn,direct GOMODCACHE=/home/lilingfeng/tmp/juicefs-c02-20260817-015425/cache/go-mod GOTMPDIR=/home/lilingfeng/tmp/juicefs-c02-20260817-015425/cache/go-tmp TMPDIR=/home/lilingfeng/tmp/juicefs-c02-20260817-015425/cache/os-tmp go test ./pkg/vfs -run '^TestC02FlushToFailureIsObservable$' -count=1 -v -timeout=2m
+C02 run-c02.sh:341: local rc=1
++C02 run-c02.sh:342: grep -c C02_SWALLOWED_FLUSH_ERROR /home/lilingfeng/tmp/juicefs-c02-20260817-015425/logs/go125-S-stock-R3-repeat-04.log
+C02 run-c02.sh:342: local mc=1
++C02 run-c02.sh:343: grep -c -- '--- FAIL: TestC02FlushToFailureIsObservable' /home/lilingfeng/tmp/juicefs-c02-20260817-015425/logs/go125-S-stock-R3-repeat-04.log
+C02 run-c02.sh:343: local fc=1
+C02 run-c02.sh:344: local fbd=0
+C02 run-c02.sh:345: grep -Eq '\[build failed\]|panic:|fatal error:|test timed out|DATA RACE' /home/lilingfeng/tmp/juicefs-c02-20260817-015425/logs/go125-S-stock-R3-repeat-04.log
+C02 run-c02.sh:346: local m=NO
+C02 run-c02.sh:347: '[' 1 -ne 0 ']'
+C02 run-c02.sh:347: '[' 1 -eq 1 ']'
+C02 run-c02.sh:347: '[' 1 -eq 1 ']'
+C02 run-c02.sh:347: '[' 0 -eq 0 ']'
+C02 run-c02.sh:347: m=YES
+C02 run-c02.sh:348: printf '%s\n' 1
+C02 run-c02.sh:349: printf '%s\t%s\t%s\t%s\t%s\t%s\t%s\n' 04 1 1 1 0 YES logs/go125-S-stock-R3-repeat-04.log
+C02 run-c02.sh:335: for iter in 01 02 03 04 05 06 07 08 09 10
+C02 run-c02.sh:336: local log_rel=logs/go125-S-stock-R3-repeat-05.log
+C02 run-c02.sh:337: local log_abs=/home/lilingfeng/tmp/juicefs-c02-20260817-015425/logs/go125-S-stock-R3-repeat-05.log
+C02 run-c02.sh:338: cd /home/lilingfeng/tmp/juicefs-c02-20260817-015425/src/S-stock
+C02 run-c02.sh:338: env GOTOOLCHAIN=go1.25.7 GOCACHE=/home/lilingfeng/tmp/juicefs-c02-20260817-015425/cache/go-build-125 GOFLAGS=-mod=readonly GOPROXY=https://goproxy.cn,direct GOMODCACHE=/home/lilingfeng/tmp/juicefs-c02-20260817-015425/cache/go-mod GOTMPDIR=/home/lilingfeng/tmp/juicefs-c02-20260817-015425/cache/go-tmp TMPDIR=/home/lilingfeng/tmp/juicefs-c02-20260817-015425/cache/os-tmp go test ./pkg/vfs -run '^TestC02FlushToFailureIsObservable$' -count=1 -v -timeout=2m
+C02 run-c02.sh:341: local rc=1
++C02 run-c02.sh:342: grep -c C02_SWALLOWED_FLUSH_ERROR /home/lilingfeng/tmp/juicefs-c02-20260817-015425/logs/go125-S-stock-R3-repeat-05.log
+C02 run-c02.sh:342: local mc=1
++C02 run-c02.sh:343: grep -c -- '--- FAIL: TestC02FlushToFailureIsObservable' /home/lilingfeng/tmp/juicefs-c02-20260817-015425/logs/go125-S-stock-R3-repeat-05.log
+C02 run-c02.sh:343: local fc=1
+C02 run-c02.sh:344: local fbd=0
+C02 run-c02.sh:345: grep -Eq '\[build failed\]|panic:|fatal error:|test timed out|DATA RACE' /home/lilingfeng/tmp/juicefs-c02-20260817-015425/logs/go125-S-stock-R3-repeat-05.log
+C02 run-c02.sh:346: local m=NO
+C02 run-c02.sh:347: '[' 1 -ne 0 ']'
+C02 run-c02.sh:347: '[' 1 -eq 1 ']'
+C02 run-c02.sh:347: '[' 1 -eq 1 ']'
+C02 run-c02.sh:347: '[' 0 -eq 0 ']'
+C02 run-c02.sh:347: m=YES
+C02 run-c02.sh:348: printf '%s\n' 1
+C02 run-c02.sh:349: printf '%s\t%s\t%s\t%s\t%s\t%s\t%s\n' 05 1 1 1 0 YES logs/go125-S-stock-R3-repeat-05.log
+C02 run-c02.sh:335: for iter in 01 02 03 04 05 06 07 08 09 10
+C02 run-c02.sh:336: local log_rel=logs/go125-S-stock-R3-repeat-06.log
+C02 run-c02.sh:337: local log_abs=/home/lilingfeng/tmp/juicefs-c02-20260817-015425/logs/go125-S-stock-R3-repeat-06.log
+C02 run-c02.sh:338: cd /home/lilingfeng/tmp/juicefs-c02-20260817-015425/src/S-stock
+C02 run-c02.sh:338: env GOTOOLCHAIN=go1.25.7 GOCACHE=/home/lilingfeng/tmp/juicefs-c02-20260817-015425/cache/go-build-125 GOFLAGS=-mod=readonly GOPROXY=https://goproxy.cn,direct GOMODCACHE=/home/lilingfeng/tmp/juicefs-c02-20260817-015425/cache/go-mod GOTMPDIR=/home/lilingfeng/tmp/juicefs-c02-20260817-015425/cache/go-tmp TMPDIR=/home/lilingfeng/tmp/juicefs-c02-20260817-015425/cache/os-tmp go test ./pkg/vfs -run '^TestC02FlushToFailureIsObservable$' -count=1 -v -timeout=2m
+C02 run-c02.sh:341: local rc=1
++C02 run-c02.sh:342: grep -c C02_SWALLOWED_FLUSH_ERROR /home/lilingfeng/tmp/juicefs-c02-20260817-015425/logs/go125-S-stock-R3-repeat-06.log
+C02 run-c02.sh:342: local mc=1
++C02 run-c02.sh:343: grep -c -- '--- FAIL: TestC02FlushToFailureIsObservable' /home/lilingfeng/tmp/juicefs-c02-20260817-015425/logs/go125-S-stock-R3-repeat-06.log
+C02 run-c02.sh:343: local fc=1
+C02 run-c02.sh:344: local fbd=0
+C02 run-c02.sh:345: grep -Eq '\[build failed\]|panic:|fatal error:|test timed out|DATA RACE' /home/lilingfeng/tmp/juicefs-c02-20260817-015425/logs/go125-S-stock-R3-repeat-06.log
+C02 run-c02.sh:346: local m=NO
+C02 run-c02.sh:347: '[' 1 -ne 0 ']'
+C02 run-c02.sh:347: '[' 1 -eq 1 ']'
+C02 run-c02.sh:347: '[' 1 -eq 1 ']'
+C02 run-c02.sh:347: '[' 0 -eq 0 ']'
+C02 run-c02.sh:347: m=YES
+C02 run-c02.sh:348: printf '%s\n' 1
+C02 run-c02.sh:349: printf '%s\t%s\t%s\t%s\t%s\t%s\t%s\n' 06 1 1 1 0 YES logs/go125-S-stock-R3-repeat-06.log
+C02 run-c02.sh:335: for iter in 01 02 03 04 05 06 07 08 09 10
+C02 run-c02.sh:336: local log_rel=logs/go125-S-stock-R3-repeat-07.log
+C02 run-c02.sh:337: local log_abs=/home/lilingfeng/tmp/juicefs-c02-20260817-015425/logs/go125-S-stock-R3-repeat-07.log
+C02 run-c02.sh:338: cd /home/lilingfeng/tmp/juicefs-c02-20260817-015425/src/S-stock
+C02 run-c02.sh:338: env GOTOOLCHAIN=go1.25.7 GOCACHE=/home/lilingfeng/tmp/juicefs-c02-20260817-015425/cache/go-build-125 GOFLAGS=-mod=readonly GOPROXY=https://goproxy.cn,direct GOMODCACHE=/home/lilingfeng/tmp/juicefs-c02-20260817-015425/cache/go-mod GOTMPDIR=/home/lilingfeng/tmp/juicefs-c02-20260817-015425/cache/go-tmp TMPDIR=/home/lilingfeng/tmp/juicefs-c02-20260817-015425/cache/os-tmp go test ./pkg/vfs -run '^TestC02FlushToFailureIsObservable$' -count=1 -v -timeout=2m
+C02 run-c02.sh:341: local rc=1
++C02 run-c02.sh:342: grep -c C02_SWALLOWED_FLUSH_ERROR /home/lilingfeng/tmp/juicefs-c02-20260817-015425/logs/go125-S-stock-R3-repeat-07.log
+C02 run-c02.sh:342: local mc=1
++C02 run-c02.sh:343: grep -c -- '--- FAIL: TestC02FlushToFailureIsObservable' /home/lilingfeng/tmp/juicefs-c02-20260817-015425/logs/go125-S-stock-R3-repeat-07.log
+C02 run-c02.sh:343: local fc=1
+C02 run-c02.sh:344: local fbd=0
+C02 run-c02.sh:345: grep -Eq '\[build failed\]|panic:|fatal error:|test timed out|DATA RACE' /home/lilingfeng/tmp/juicefs-c02-20260817-015425/logs/go125-S-stock-R3-repeat-07.log
+C02 run-c02.sh:346: local m=NO
+C02 run-c02.sh:347: '[' 1 -ne 0 ']'
+C02 run-c02.sh:347: '[' 1 -eq 1 ']'
+C02 run-c02.sh:347: '[' 1 -eq 1 ']'
+C02 run-c02.sh:347: '[' 0 -eq 0 ']'
+C02 run-c02.sh:347: m=YES
+C02 run-c02.sh:348: printf '%s\n' 1
+C02 run-c02.sh:349: printf '%s\t%s\t%s\t%s\t%s\t%s\t%s\n' 07 1 1 1 0 YES logs/go125-S-stock-R3-repeat-07.log
+C02 run-c02.sh:335: for iter in 01 02 03 04 05 06 07 08 09 10
+C02 run-c02.sh:336: local log_rel=logs/go125-S-stock-R3-repeat-08.log
+C02 run-c02.sh:337: local log_abs=/home/lilingfeng/tmp/juicefs-c02-20260817-015425/logs/go125-S-stock-R3-repeat-08.log
+C02 run-c02.sh:338: cd /home/lilingfeng/tmp/juicefs-c02-20260817-015425/src/S-stock
+C02 run-c02.sh:338: env GOTOOLCHAIN=go1.25.7 GOCACHE=/home/lilingfeng/tmp/juicefs-c02-20260817-015425/cache/go-build-125 GOFLAGS=-mod=readonly GOPROXY=https://goproxy.cn,direct GOMODCACHE=/home/lilingfeng/tmp/juicefs-c02-20260817-015425/cache/go-mod GOTMPDIR=/home/lilingfeng/tmp/juicefs-c02-20260817-015425/cache/go-tmp TMPDIR=/home/lilingfeng/tmp/juicefs-c02-20260817-015425/cache/os-tmp go test ./pkg/vfs -run '^TestC02FlushToFailureIsObservable$' -count=1 -v -timeout=2m
+C02 run-c02.sh:341: local rc=1
++C02 run-c02.sh:342: grep -c C02_SWALLOWED_FLUSH_ERROR /home/lilingfeng/tmp/juicefs-c02-20260817-015425/logs/go125-S-stock-R3-repeat-08.log
+C02 run-c02.sh:342: local mc=1
++C02 run-c02.sh:343: grep -c -- '--- FAIL: TestC02FlushToFailureIsObservable' /home/lilingfeng/tmp/juicefs-c02-20260817-015425/logs/go125-S-stock-R3-repeat-08.log
+C02 run-c02.sh:343: local fc=1
+C02 run-c02.sh:344: local fbd=0
+C02 run-c02.sh:345: grep -Eq '\[build failed\]|panic:|fatal error:|test timed out|DATA RACE' /home/lilingfeng/tmp/juicefs-c02-20260817-015425/logs/go125-S-stock-R3-repeat-08.log
+C02 run-c02.sh:346: local m=NO
+C02 run-c02.sh:347: '[' 1 -ne 0 ']'
+C02 run-c02.sh:347: '[' 1 -eq 1 ']'
+C02 run-c02.sh:347: '[' 1 -eq 1 ']'
+C02 run-c02.sh:347: '[' 0 -eq 0 ']'
+C02 run-c02.sh:347: m=YES
+C02 run-c02.sh:348: printf '%s\n' 1
+C02 run-c02.sh:349: printf '%s\t%s\t%s\t%s\t%s\t%s\t%s\n' 08 1 1 1 0 YES logs/go125-S-stock-R3-repeat-08.log
+C02 run-c02.sh:335: for iter in 01 02 03 04 05 06 07 08 09 10
+C02 run-c02.sh:336: local log_rel=logs/go125-S-stock-R3-repeat-09.log
+C02 run-c02.sh:337: local log_abs=/home/lilingfeng/tmp/juicefs-c02-20260817-015425/logs/go125-S-stock-R3-repeat-09.log
+C02 run-c02.sh:338: cd /home/lilingfeng/tmp/juicefs-c02-20260817-015425/src/S-stock
+C02 run-c02.sh:338: env GOTOOLCHAIN=go1.25.7 GOCACHE=/home/lilingfeng/tmp/juicefs-c02-20260817-015425/cache/go-build-125 GOFLAGS=-mod=readonly GOPROXY=https://goproxy.cn,direct GOMODCACHE=/home/lilingfeng/tmp/juicefs-c02-20260817-015425/cache/go-mod GOTMPDIR=/home/lilingfeng/tmp/juicefs-c02-20260817-015425/cache/go-tmp TMPDIR=/home/lilingfeng/tmp/juicefs-c02-20260817-015425/cache/os-tmp go test ./pkg/vfs -run '^TestC02FlushToFailureIsObservable$' -count=1 -v -timeout=2m
+C02 run-c02.sh:341: local rc=1
++C02 run-c02.sh:342: grep -c C02_SWALLOWED_FLUSH_ERROR /home/lilingfeng/tmp/juicefs-c02-20260817-015425/logs/go125-S-stock-R3-repeat-09.log
+C02 run-c02.sh:342: local mc=1
++C02 run-c02.sh:343: grep -c -- '--- FAIL: TestC02FlushToFailureIsObservable' /home/lilingfeng/tmp/juicefs-c02-20260817-015425/logs/go125-S-stock-R3-repeat-09.log
+C02 run-c02.sh:343: local fc=1
+C02 run-c02.sh:344: local fbd=0
+C02 run-c02.sh:345: grep -Eq '\[build failed\]|panic:|fatal error:|test timed out|DATA RACE' /home/lilingfeng/tmp/juicefs-c02-20260817-015425/logs/go125-S-stock-R3-repeat-09.log
+C02 run-c02.sh:346: local m=NO
+C02 run-c02.sh:347: '[' 1 -ne 0 ']'
+C02 run-c02.sh:347: '[' 1 -eq 1 ']'
+C02 run-c02.sh:347: '[' 1 -eq 1 ']'
+C02 run-c02.sh:347: '[' 0 -eq 0 ']'
+C02 run-c02.sh:347: m=YES
+C02 run-c02.sh:348: printf '%s\n' 1
+C02 run-c02.sh:349: printf '%s\t%s\t%s\t%s\t%s\t%s\t%s\n' 09 1 1 1 0 YES logs/go125-S-stock-R3-repeat-09.log
+C02 run-c02.sh:335: for iter in 01 02 03 04 05 06 07 08 09 10
+C02 run-c02.sh:336: local log_rel=logs/go125-S-stock-R3-repeat-10.log
+C02 run-c02.sh:337: local log_abs=/home/lilingfeng/tmp/juicefs-c02-20260817-015425/logs/go125-S-stock-R3-repeat-10.log
+C02 run-c02.sh:338: cd /home/lilingfeng/tmp/juicefs-c02-20260817-015425/src/S-stock
+C02 run-c02.sh:338: env GOTOOLCHAIN=go1.25.7 GOCACHE=/home/lilingfeng/tmp/juicefs-c02-20260817-015425/cache/go-build-125 GOFLAGS=-mod=readonly GOPROXY=https://goproxy.cn,direct GOMODCACHE=/home/lilingfeng/tmp/juicefs-c02-20260817-015425/cache/go-mod GOTMPDIR=/home/lilingfeng/tmp/juicefs-c02-20260817-015425/cache/go-tmp TMPDIR=/home/lilingfeng/tmp/juicefs-c02-20260817-015425/cache/os-tmp go test ./pkg/vfs -run '^TestC02FlushToFailureIsObservable$' -count=1 -v -timeout=2m
+C02 run-c02.sh:341: local rc=1
++C02 run-c02.sh:342: grep -c C02_SWALLOWED_FLUSH_ERROR /home/lilingfeng/tmp/juicefs-c02-20260817-015425/logs/go125-S-stock-R3-repeat-10.log
+C02 run-c02.sh:342: local mc=1
++C02 run-c02.sh:343: grep -c -- '--- FAIL: TestC02FlushToFailureIsObservable' /home/lilingfeng/tmp/juicefs-c02-20260817-015425/logs/go125-S-stock-R3-repeat-10.log
+C02 run-c02.sh:343: local fc=1
+C02 run-c02.sh:344: local fbd=0
+C02 run-c02.sh:345: grep -Eq '\[build failed\]|panic:|fatal error:|test timed out|DATA RACE' /home/lilingfeng/tmp/juicefs-c02-20260817-015425/logs/go125-S-stock-R3-repeat-10.log
+C02 run-c02.sh:346: local m=NO
+C02 run-c02.sh:347: '[' 1 -ne 0 ']'
+C02 run-c02.sh:347: '[' 1 -eq 1 ']'
+C02 run-c02.sh:347: '[' 1 -eq 1 ']'
+C02 run-c02.sh:347: '[' 0 -eq 0 ']'
+C02 run-c02.sh:347: m=YES
+C02 run-c02.sh:348: printf '%s\n' 1
+C02 run-c02.sh:349: printf '%s\t%s\t%s\t%s\t%s\t%s\t%s\n' 10 1 1 1 0 YES logs/go125-S-stock-R3-repeat-10.log
+C02 run-c02.sh:352: printf '%s\n' 0
+C02 run-c02.sh:362: for id in C2 C3
+C02 run-c02.sh:362: run_repeat10 go125 go1.25.7 /home/lilingfeng/tmp/juicefs-c02-20260817-015425/cache/go-build-125 A-sync C2
+C02 run-c02.sh:326: local tool=go125 tc=go1.25.7 bc=/home/lilingfeng/tmp/juicefs-c02-20260817-015425/cache/go-build-125 arm=A-sync id=C2
+C02 run-c02.sh:327: local test_name=TestC02DelayedNewSliceDoesNotBlockWriteAt
+C02 run-c02.sh:328: local key=C2_A-sync
+C02 run-c02.sh:329: local expected_marker=C02_BLOCKING_REGRESSION
+C02 run-c02.sh:330: local details=/home/lilingfeng/tmp/juicefs-c02-20260817-015425/meta/go125-A-sync-C2-repeat10.tsv
+C02 run-c02.sh:331: local aggregate=0
+C02 run-c02.sh:333: printf 'iteration\tactual_rc\tmarker_count\ttest_fail_count\tforbidden_count\texpectation_matched\tlog\n'
+C02 run-c02.sh:335: for iter in 01 02 03 04 05 06 07 08 09 10
+C02 run-c02.sh:336: local log_rel=logs/go125-A-sync-C2-repeat-01.log
+C02 run-c02.sh:337: local log_abs=/home/lilingfeng/tmp/juicefs-c02-20260817-015425/logs/go125-A-sync-C2-repeat-01.log
+C02 run-c02.sh:338: cd /home/lilingfeng/tmp/juicefs-c02-20260817-015425/src/A-sync
+C02 run-c02.sh:338: env GOTOOLCHAIN=go1.25.7 GOCACHE=/home/lilingfeng/tmp/juicefs-c02-20260817-015425/cache/go-build-125 GOFLAGS=-mod=readonly GOPROXY=https://goproxy.cn,direct GOMODCACHE=/home/lilingfeng/tmp/juicefs-c02-20260817-015425/cache/go-mod GOTMPDIR=/home/lilingfeng/tmp/juicefs-c02-20260817-015425/cache/go-tmp TMPDIR=/home/lilingfeng/tmp/juicefs-c02-20260817-015425/cache/os-tmp go test ./pkg/vfs -run '^TestC02DelayedNewSliceDoesNotBlockWriteAt$' -count=1 -v -timeout=2m
+C02 run-c02.sh:341: local rc=1
++C02 run-c02.sh:342: grep -c C02_BLOCKING_REGRESSION /home/lilingfeng/tmp/juicefs-c02-20260817-015425/logs/go125-A-sync-C2-repeat-01.log
+C02 run-c02.sh:342: local mc=1
++C02 run-c02.sh:343: grep -c -- '--- FAIL: TestC02DelayedNewSliceDoesNotBlockWriteAt' /home/lilingfeng/tmp/juicefs-c02-20260817-015425/logs/go125-A-sync-C2-repeat-01.log
+C02 run-c02.sh:343: local fc=1
+C02 run-c02.sh:344: local fbd=0
+C02 run-c02.sh:345: grep -Eq '\[build failed\]|panic:|fatal error:|test timed out|DATA RACE' /home/lilingfeng/tmp/juicefs-c02-20260817-015425/logs/go125-A-sync-C2-repeat-01.log
+C02 run-c02.sh:346: local m=NO
+C02 run-c02.sh:347: '[' 1 -ne 0 ']'
+C02 run-c02.sh:347: '[' 1 -eq 1 ']'
+C02 run-c02.sh:347: '[' 1 -eq 1 ']'
+C02 run-c02.sh:347: '[' 0 -eq 0 ']'
+C02 run-c02.sh:347: m=YES
+C02 run-c02.sh:348: printf '%s\n' 1
+C02 run-c02.sh:349: printf '%s\t%s\t%s\t%s\t%s\t%s\t%s\n' 01 1 1 1 0 YES logs/go125-A-sync-C2-repeat-01.log
+C02 run-c02.sh:335: for iter in 01 02 03 04 05 06 07 08 09 10
+C02 run-c02.sh:336: local log_rel=logs/go125-A-sync-C2-repeat-02.log
+C02 run-c02.sh:337: local log_abs=/home/lilingfeng/tmp/juicefs-c02-20260817-015425/logs/go125-A-sync-C2-repeat-02.log
+C02 run-c02.sh:338: cd /home/lilingfeng/tmp/juicefs-c02-20260817-015425/src/A-sync
+C02 run-c02.sh:338: env GOTOOLCHAIN=go1.25.7 GOCACHE=/home/lilingfeng/tmp/juicefs-c02-20260817-015425/cache/go-build-125 GOFLAGS=-mod=readonly GOPROXY=https://goproxy.cn,direct GOMODCACHE=/home/lilingfeng/tmp/juicefs-c02-20260817-015425/cache/go-mod GOTMPDIR=/home/lilingfeng/tmp/juicefs-c02-20260817-015425/cache/go-tmp TMPDIR=/home/lilingfeng/tmp/juicefs-c02-20260817-015425/cache/os-tmp go test ./pkg/vfs -run '^TestC02DelayedNewSliceDoesNotBlockWriteAt$' -count=1 -v -timeout=2m
+C02 run-c02.sh:341: local rc=1
++C02 run-c02.sh:342: grep -c C02_BLOCKING_REGRESSION /home/lilingfeng/tmp/juicefs-c02-20260817-015425/logs/go125-A-sync-C2-repeat-02.log
+C02 run-c02.sh:342: local mc=1
++C02 run-c02.sh:343: grep -c -- '--- FAIL: TestC02DelayedNewSliceDoesNotBlockWriteAt' /home/lilingfeng/tmp/juicefs-c02-20260817-015425/logs/go125-A-sync-C2-repeat-02.log
+C02 run-c02.sh:343: local fc=1
+C02 run-c02.sh:344: local fbd=0
+C02 run-c02.sh:345: grep -Eq '\[build failed\]|panic:|fatal error:|test timed out|DATA RACE' /home/lilingfeng/tmp/juicefs-c02-20260817-015425/logs/go125-A-sync-C2-repeat-02.log
+C02 run-c02.sh:346: local m=NO
+C02 run-c02.sh:347: '[' 1 -ne 0 ']'
+C02 run-c02.sh:347: '[' 1 -eq 1 ']'
+C02 run-c02.sh:347: '[' 1 -eq 1 ']'
+C02 run-c02.sh:347: '[' 0 -eq 0 ']'
+C02 run-c02.sh:347: m=YES
+C02 run-c02.sh:348: printf '%s\n' 1
+C02 run-c02.sh:349: printf '%s\t%s\t%s\t%s\t%s\t%s\t%s\n' 02 1 1 1 0 YES logs/go125-A-sync-C2-repeat-02.log
+C02 run-c02.sh:335: for iter in 01 02 03 04 05 06 07 08 09 10
+C02 run-c02.sh:336: local log_rel=logs/go125-A-sync-C2-repeat-03.log
+C02 run-c02.sh:337: local log_abs=/home/lilingfeng/tmp/juicefs-c02-20260817-015425/logs/go125-A-sync-C2-repeat-03.log
+C02 run-c02.sh:338: cd /home/lilingfeng/tmp/juicefs-c02-20260817-015425/src/A-sync
+C02 run-c02.sh:338: env GOTOOLCHAIN=go1.25.7 GOCACHE=/home/lilingfeng/tmp/juicefs-c02-20260817-015425/cache/go-build-125 GOFLAGS=-mod=readonly GOPROXY=https://goproxy.cn,direct GOMODCACHE=/home/lilingfeng/tmp/juicefs-c02-20260817-015425/cache/go-mod GOTMPDIR=/home/lilingfeng/tmp/juicefs-c02-20260817-015425/cache/go-tmp TMPDIR=/home/lilingfeng/tmp/juicefs-c02-20260817-015425/cache/os-tmp go test ./pkg/vfs -run '^TestC02DelayedNewSliceDoesNotBlockWriteAt$' -count=1 -v -timeout=2m
+C02 run-c02.sh:341: local rc=1
++C02 run-c02.sh:342: grep -c C02_BLOCKING_REGRESSION /home/lilingfeng/tmp/juicefs-c02-20260817-015425/logs/go125-A-sync-C2-repeat-03.log
+C02 run-c02.sh:342: local mc=1
++C02 run-c02.sh:343: grep -c -- '--- FAIL: TestC02DelayedNewSliceDoesNotBlockWriteAt' /home/lilingfeng/tmp/juicefs-c02-20260817-015425/logs/go125-A-sync-C2-repeat-03.log
+C02 run-c02.sh:343: local fc=1
+C02 run-c02.sh:344: local fbd=0
+C02 run-c02.sh:345: grep -Eq '\[build failed\]|panic:|fatal error:|test timed out|DATA RACE' /home/lilingfeng/tmp/juicefs-c02-20260817-015425/logs/go125-A-sync-C2-repeat-03.log
+C02 run-c02.sh:346: local m=NO
+C02 run-c02.sh:347: '[' 1 -ne 0 ']'
+C02 run-c02.sh:347: '[' 1 -eq 1 ']'
+C02 run-c02.sh:347: '[' 1 -eq 1 ']'
+C02 run-c02.sh:347: '[' 0 -eq 0 ']'
+C02 run-c02.sh:347: m=YES
+C02 run-c02.sh:348: printf '%s\n' 1
+C02 run-c02.sh:349: printf '%s\t%s\t%s\t%s\t%s\t%s\t%s\n' 03 1 1 1 0 YES logs/go125-A-sync-C2-repeat-03.log
+C02 run-c02.sh:335: for iter in 01 02 03 04 05 06 07 08 09 10
+C02 run-c02.sh:336: local log_rel=logs/go125-A-sync-C2-repeat-04.log
+C02 run-c02.sh:337: local log_abs=/home/lilingfeng/tmp/juicefs-c02-20260817-015425/logs/go125-A-sync-C2-repeat-04.log
+C02 run-c02.sh:338: cd /home/lilingfeng/tmp/juicefs-c02-20260817-015425/src/A-sync
+C02 run-c02.sh:338: env GOTOOLCHAIN=go1.25.7 GOCACHE=/home/lilingfeng/tmp/juicefs-c02-20260817-015425/cache/go-build-125 GOFLAGS=-mod=readonly GOPROXY=https://goproxy.cn,direct GOMODCACHE=/home/lilingfeng/tmp/juicefs-c02-20260817-015425/cache/go-mod GOTMPDIR=/home/lilingfeng/tmp/juicefs-c02-20260817-015425/cache/go-tmp TMPDIR=/home/lilingfeng/tmp/juicefs-c02-20260817-015425/cache/os-tmp go test ./pkg/vfs -run '^TestC02DelayedNewSliceDoesNotBlockWriteAt$' -count=1 -v -timeout=2m
+C02 run-c02.sh:341: local rc=1
++C02 run-c02.sh:342: grep -c C02_BLOCKING_REGRESSION /home/lilingfeng/tmp/juicefs-c02-20260817-015425/logs/go125-A-sync-C2-repeat-04.log
+C02 run-c02.sh:342: local mc=1
++C02 run-c02.sh:343: grep -c -- '--- FAIL: TestC02DelayedNewSliceDoesNotBlockWriteAt' /home/lilingfeng/tmp/juicefs-c02-20260817-015425/logs/go125-A-sync-C2-repeat-04.log
+C02 run-c02.sh:343: local fc=1
+C02 run-c02.sh:344: local fbd=0
+C02 run-c02.sh:345: grep -Eq '\[build failed\]|panic:|fatal error:|test timed out|DATA RACE' /home/lilingfeng/tmp/juicefs-c02-20260817-015425/logs/go125-A-sync-C2-repeat-04.log
+C02 run-c02.sh:346: local m=NO
+C02 run-c02.sh:347: '[' 1 -ne 0 ']'
+C02 run-c02.sh:347: '[' 1 -eq 1 ']'
+C02 run-c02.sh:347: '[' 1 -eq 1 ']'
+C02 run-c02.sh:347: '[' 0 -eq 0 ']'
+C02 run-c02.sh:347: m=YES
+C02 run-c02.sh:348: printf '%s\n' 1
+C02 run-c02.sh:349: printf '%s\t%s\t%s\t%s\t%s\t%s\t%s\n' 04 1 1 1 0 YES logs/go125-A-sync-C2-repeat-04.log
+C02 run-c02.sh:335: for iter in 01 02 03 04 05 06 07 08 09 10
+C02 run-c02.sh:336: local log_rel=logs/go125-A-sync-C2-repeat-05.log
+C02 run-c02.sh:337: local log_abs=/home/lilingfeng/tmp/juicefs-c02-20260817-015425/logs/go125-A-sync-C2-repeat-05.log
+C02 run-c02.sh:338: cd /home/lilingfeng/tmp/juicefs-c02-20260817-015425/src/A-sync
+C02 run-c02.sh:338: env GOTOOLCHAIN=go1.25.7 GOCACHE=/home/lilingfeng/tmp/juicefs-c02-20260817-015425/cache/go-build-125 GOFLAGS=-mod=readonly GOPROXY=https://goproxy.cn,direct GOMODCACHE=/home/lilingfeng/tmp/juicefs-c02-20260817-015425/cache/go-mod GOTMPDIR=/home/lilingfeng/tmp/juicefs-c02-20260817-015425/cache/go-tmp TMPDIR=/home/lilingfeng/tmp/juicefs-c02-20260817-015425/cache/os-tmp go test ./pkg/vfs -run '^TestC02DelayedNewSliceDoesNotBlockWriteAt$' -count=1 -v -timeout=2m
+C02 run-c02.sh:341: local rc=1
++C02 run-c02.sh:342: grep -c C02_BLOCKING_REGRESSION /home/lilingfeng/tmp/juicefs-c02-20260817-015425/logs/go125-A-sync-C2-repeat-05.log
+C02 run-c02.sh:342: local mc=1
++C02 run-c02.sh:343: grep -c -- '--- FAIL: TestC02DelayedNewSliceDoesNotBlockWriteAt' /home/lilingfeng/tmp/juicefs-c02-20260817-015425/logs/go125-A-sync-C2-repeat-05.log
+C02 run-c02.sh:343: local fc=1
+C02 run-c02.sh:344: local fbd=0
+C02 run-c02.sh:345: grep -Eq '\[build failed\]|panic:|fatal error:|test timed out|DATA RACE' /home/lilingfeng/tmp/juicefs-c02-20260817-015425/logs/go125-A-sync-C2-repeat-05.log
+C02 run-c02.sh:346: local m=NO
+C02 run-c02.sh:347: '[' 1 -ne 0 ']'
+C02 run-c02.sh:347: '[' 1 -eq 1 ']'
+C02 run-c02.sh:347: '[' 1 -eq 1 ']'
+C02 run-c02.sh:347: '[' 0 -eq 0 ']'
+C02 run-c02.sh:347: m=YES
+C02 run-c02.sh:348: printf '%s\n' 1
+C02 run-c02.sh:349: printf '%s\t%s\t%s\t%s\t%s\t%s\t%s\n' 05 1 1 1 0 YES logs/go125-A-sync-C2-repeat-05.log
+C02 run-c02.sh:335: for iter in 01 02 03 04 05 06 07 08 09 10
+C02 run-c02.sh:336: local log_rel=logs/go125-A-sync-C2-repeat-06.log
+C02 run-c02.sh:337: local log_abs=/home/lilingfeng/tmp/juicefs-c02-20260817-015425/logs/go125-A-sync-C2-repeat-06.log
+C02 run-c02.sh:338: cd /home/lilingfeng/tmp/juicefs-c02-20260817-015425/src/A-sync
+C02 run-c02.sh:338: env GOTOOLCHAIN=go1.25.7 GOCACHE=/home/lilingfeng/tmp/juicefs-c02-20260817-015425/cache/go-build-125 GOFLAGS=-mod=readonly GOPROXY=https://goproxy.cn,direct GOMODCACHE=/home/lilingfeng/tmp/juicefs-c02-20260817-015425/cache/go-mod GOTMPDIR=/home/lilingfeng/tmp/juicefs-c02-20260817-015425/cache/go-tmp TMPDIR=/home/lilingfeng/tmp/juicefs-c02-20260817-015425/cache/os-tmp go test ./pkg/vfs -run '^TestC02DelayedNewSliceDoesNotBlockWriteAt$' -count=1 -v -timeout=2m
+C02 run-c02.sh:341: local rc=1
++C02 run-c02.sh:342: grep -c C02_BLOCKING_REGRESSION /home/lilingfeng/tmp/juicefs-c02-20260817-015425/logs/go125-A-sync-C2-repeat-06.log
+C02 run-c02.sh:342: local mc=1
++C02 run-c02.sh:343: grep -c -- '--- FAIL: TestC02DelayedNewSliceDoesNotBlockWriteAt' /home/lilingfeng/tmp/juicefs-c02-20260817-015425/logs/go125-A-sync-C2-repeat-06.log
+C02 run-c02.sh:343: local fc=1
+C02 run-c02.sh:344: local fbd=0
+C02 run-c02.sh:345: grep -Eq '\[build failed\]|panic:|fatal error:|test timed out|DATA RACE' /home/lilingfeng/tmp/juicefs-c02-20260817-015425/logs/go125-A-sync-C2-repeat-06.log
+C02 run-c02.sh:346: local m=NO
+C02 run-c02.sh:347: '[' 1 -ne 0 ']'
+C02 run-c02.sh:347: '[' 1 -eq 1 ']'
+C02 run-c02.sh:347: '[' 1 -eq 1 ']'
+C02 run-c02.sh:347: '[' 0 -eq 0 ']'
+C02 run-c02.sh:347: m=YES
+C02 run-c02.sh:348: printf '%s\n' 1
+C02 run-c02.sh:349: printf '%s\t%s\t%s\t%s\t%s\t%s\t%s\n' 06 1 1 1 0 YES logs/go125-A-sync-C2-repeat-06.log
+C02 run-c02.sh:335: for iter in 01 02 03 04 05 06 07 08 09 10
+C02 run-c02.sh:336: local log_rel=logs/go125-A-sync-C2-repeat-07.log
+C02 run-c02.sh:337: local log_abs=/home/lilingfeng/tmp/juicefs-c02-20260817-015425/logs/go125-A-sync-C2-repeat-07.log
+C02 run-c02.sh:338: cd /home/lilingfeng/tmp/juicefs-c02-20260817-015425/src/A-sync
+C02 run-c02.sh:338: env GOTOOLCHAIN=go1.25.7 GOCACHE=/home/lilingfeng/tmp/juicefs-c02-20260817-015425/cache/go-build-125 GOFLAGS=-mod=readonly GOPROXY=https://goproxy.cn,direct GOMODCACHE=/home/lilingfeng/tmp/juicefs-c02-20260817-015425/cache/go-mod GOTMPDIR=/home/lilingfeng/tmp/juicefs-c02-20260817-015425/cache/go-tmp TMPDIR=/home/lilingfeng/tmp/juicefs-c02-20260817-015425/cache/os-tmp go test ./pkg/vfs -run '^TestC02DelayedNewSliceDoesNotBlockWriteAt$' -count=1 -v -timeout=2m
+C02 run-c02.sh:341: local rc=1
++C02 run-c02.sh:342: grep -c C02_BLOCKING_REGRESSION /home/lilingfeng/tmp/juicefs-c02-20260817-015425/logs/go125-A-sync-C2-repeat-07.log
+C02 run-c02.sh:342: local mc=1
++C02 run-c02.sh:343: grep -c -- '--- FAIL: TestC02DelayedNewSliceDoesNotBlockWriteAt' /home/lilingfeng/tmp/juicefs-c02-20260817-015425/logs/go125-A-sync-C2-repeat-07.log
+C02 run-c02.sh:343: local fc=1
+C02 run-c02.sh:344: local fbd=0
+C02 run-c02.sh:345: grep -Eq '\[build failed\]|panic:|fatal error:|test timed out|DATA RACE' /home/lilingfeng/tmp/juicefs-c02-20260817-015425/logs/go125-A-sync-C2-repeat-07.log
+C02 run-c02.sh:346: local m=NO
+C02 run-c02.sh:347: '[' 1 -ne 0 ']'
+C02 run-c02.sh:347: '[' 1 -eq 1 ']'
+C02 run-c02.sh:347: '[' 1 -eq 1 ']'
+C02 run-c02.sh:347: '[' 0 -eq 0 ']'
+C02 run-c02.sh:347: m=YES
+C02 run-c02.sh:348: printf '%s\n' 1
+C02 run-c02.sh:349: printf '%s\t%s\t%s\t%s\t%s\t%s\t%s\n' 07 1 1 1 0 YES logs/go125-A-sync-C2-repeat-07.log
+C02 run-c02.sh:335: for iter in 01 02 03 04 05 06 07 08 09 10
+C02 run-c02.sh:336: local log_rel=logs/go125-A-sync-C2-repeat-08.log
+C02 run-c02.sh:337: local log_abs=/home/lilingfeng/tmp/juicefs-c02-20260817-015425/logs/go125-A-sync-C2-repeat-08.log
+C02 run-c02.sh:338: cd /home/lilingfeng/tmp/juicefs-c02-20260817-015425/src/A-sync
+C02 run-c02.sh:338: env GOTOOLCHAIN=go1.25.7 GOCACHE=/home/lilingfeng/tmp/juicefs-c02-20260817-015425/cache/go-build-125 GOFLAGS=-mod=readonly GOPROXY=https://goproxy.cn,direct GOMODCACHE=/home/lilingfeng/tmp/juicefs-c02-20260817-015425/cache/go-mod GOTMPDIR=/home/lilingfeng/tmp/juicefs-c02-20260817-015425/cache/go-tmp TMPDIR=/home/lilingfeng/tmp/juicefs-c02-20260817-015425/cache/os-tmp go test ./pkg/vfs -run '^TestC02DelayedNewSliceDoesNotBlockWriteAt$' -count=1 -v -timeout=2m
+C02 run-c02.sh:341: local rc=1
++C02 run-c02.sh:342: grep -c C02_BLOCKING_REGRESSION /home/lilingfeng/tmp/juicefs-c02-20260817-015425/logs/go125-A-sync-C2-repeat-08.log
+C02 run-c02.sh:342: local mc=1
++C02 run-c02.sh:343: grep -c -- '--- FAIL: TestC02DelayedNewSliceDoesNotBlockWriteAt' /home/lilingfeng/tmp/juicefs-c02-20260817-015425/logs/go125-A-sync-C2-repeat-08.log
+C02 run-c02.sh:343: local fc=1
+C02 run-c02.sh:344: local fbd=0
+C02 run-c02.sh:345: grep -Eq '\[build failed\]|panic:|fatal error:|test timed out|DATA RACE' /home/lilingfeng/tmp/juicefs-c02-20260817-015425/logs/go125-A-sync-C2-repeat-08.log
+C02 run-c02.sh:346: local m=NO
+C02 run-c02.sh:347: '[' 1 -ne 0 ']'
+C02 run-c02.sh:347: '[' 1 -eq 1 ']'
+C02 run-c02.sh:347: '[' 1 -eq 1 ']'
+C02 run-c02.sh:347: '[' 0 -eq 0 ']'
+C02 run-c02.sh:347: m=YES
+C02 run-c02.sh:348: printf '%s\n' 1
+C02 run-c02.sh:349: printf '%s\t%s\t%s\t%s\t%s\t%s\t%s\n' 08 1 1 1 0 YES logs/go125-A-sync-C2-repeat-08.log
+C02 run-c02.sh:335: for iter in 01 02 03 04 05 06 07 08 09 10
+C02 run-c02.sh:336: local log_rel=logs/go125-A-sync-C2-repeat-09.log
+C02 run-c02.sh:337: local log_abs=/home/lilingfeng/tmp/juicefs-c02-20260817-015425/logs/go125-A-sync-C2-repeat-09.log
+C02 run-c02.sh:338: cd /home/lilingfeng/tmp/juicefs-c02-20260817-015425/src/A-sync
+C02 run-c02.sh:338: env GOTOOLCHAIN=go1.25.7 GOCACHE=/home/lilingfeng/tmp/juicefs-c02-20260817-015425/cache/go-build-125 GOFLAGS=-mod=readonly GOPROXY=https://goproxy.cn,direct GOMODCACHE=/home/lilingfeng/tmp/juicefs-c02-20260817-015425/cache/go-mod GOTMPDIR=/home/lilingfeng/tmp/juicefs-c02-20260817-015425/cache/go-tmp TMPDIR=/home/lilingfeng/tmp/juicefs-c02-20260817-015425/cache/os-tmp go test ./pkg/vfs -run '^TestC02DelayedNewSliceDoesNotBlockWriteAt$' -count=1 -v -timeout=2m
+C02 run-c02.sh:341: local rc=1
++C02 run-c02.sh:342: grep -c C02_BLOCKING_REGRESSION /home/lilingfeng/tmp/juicefs-c02-20260817-015425/logs/go125-A-sync-C2-repeat-09.log
+C02 run-c02.sh:342: local mc=1
++C02 run-c02.sh:343: grep -c -- '--- FAIL: TestC02DelayedNewSliceDoesNotBlockWriteAt' /home/lilingfeng/tmp/juicefs-c02-20260817-015425/logs/go125-A-sync-C2-repeat-09.log
+C02 run-c02.sh:343: local fc=1
+C02 run-c02.sh:344: local fbd=0
+C02 run-c02.sh:345: grep -Eq '\[build failed\]|panic:|fatal error:|test timed out|DATA RACE' /home/lilingfeng/tmp/juicefs-c02-20260817-015425/logs/go125-A-sync-C2-repeat-09.log
+C02 run-c02.sh:346: local m=NO
+C02 run-c02.sh:347: '[' 1 -ne 0 ']'
+C02 run-c02.sh:347: '[' 1 -eq 1 ']'
+C02 run-c02.sh:347: '[' 1 -eq 1 ']'
+C02 run-c02.sh:347: '[' 0 -eq 0 ']'
+C02 run-c02.sh:347: m=YES
+C02 run-c02.sh:348: printf '%s\n' 1
+C02 run-c02.sh:349: printf '%s\t%s\t%s\t%s\t%s\t%s\t%s\n' 09 1 1 1 0 YES logs/go125-A-sync-C2-repeat-09.log
+C02 run-c02.sh:335: for iter in 01 02 03 04 05 06 07 08 09 10
+C02 run-c02.sh:336: local log_rel=logs/go125-A-sync-C2-repeat-10.log
+C02 run-c02.sh:337: local log_abs=/home/lilingfeng/tmp/juicefs-c02-20260817-015425/logs/go125-A-sync-C2-repeat-10.log
+C02 run-c02.sh:338: cd /home/lilingfeng/tmp/juicefs-c02-20260817-015425/src/A-sync
+C02 run-c02.sh:338: env GOTOOLCHAIN=go1.25.7 GOCACHE=/home/lilingfeng/tmp/juicefs-c02-20260817-015425/cache/go-build-125 GOFLAGS=-mod=readonly GOPROXY=https://goproxy.cn,direct GOMODCACHE=/home/lilingfeng/tmp/juicefs-c02-20260817-015425/cache/go-mod GOTMPDIR=/home/lilingfeng/tmp/juicefs-c02-20260817-015425/cache/go-tmp TMPDIR=/home/lilingfeng/tmp/juicefs-c02-20260817-015425/cache/os-tmp go test ./pkg/vfs -run '^TestC02DelayedNewSliceDoesNotBlockWriteAt$' -count=1 -v -timeout=2m
+C02 run-c02.sh:341: local rc=1
++C02 run-c02.sh:342: grep -c C02_BLOCKING_REGRESSION /home/lilingfeng/tmp/juicefs-c02-20260817-015425/logs/go125-A-sync-C2-repeat-10.log
+C02 run-c02.sh:342: local mc=1
++C02 run-c02.sh:343: grep -c -- '--- FAIL: TestC02DelayedNewSliceDoesNotBlockWriteAt' /home/lilingfeng/tmp/juicefs-c02-20260817-015425/logs/go125-A-sync-C2-repeat-10.log
+C02 run-c02.sh:343: local fc=1
+C02 run-c02.sh:344: local fbd=0
+C02 run-c02.sh:345: grep -Eq '\[build failed\]|panic:|fatal error:|test timed out|DATA RACE' /home/lilingfeng/tmp/juicefs-c02-20260817-015425/logs/go125-A-sync-C2-repeat-10.log
+C02 run-c02.sh:346: local m=NO
+C02 run-c02.sh:347: '[' 1 -ne 0 ']'
+C02 run-c02.sh:347: '[' 1 -eq 1 ']'
+C02 run-c02.sh:347: '[' 1 -eq 1 ']'
+C02 run-c02.sh:347: '[' 0 -eq 0 ']'
+C02 run-c02.sh:347: m=YES
+C02 run-c02.sh:348: printf '%s\n' 1
+C02 run-c02.sh:349: printf '%s\t%s\t%s\t%s\t%s\t%s\t%s\n' 10 1 1 1 0 YES logs/go125-A-sync-C2-repeat-10.log
+C02 run-c02.sh:352: printf '%s\n' 0
+C02 run-c02.sh:362: for id in C2 C3
+C02 run-c02.sh:362: run_repeat10 go125 go1.25.7 /home/lilingfeng/tmp/juicefs-c02-20260817-015425/cache/go-build-125 A-sync C3
+C02 run-c02.sh:326: local tool=go125 tc=go1.25.7 bc=/home/lilingfeng/tmp/juicefs-c02-20260817-015425/cache/go-build-125 arm=A-sync id=C3
+C02 run-c02.sh:327: local test_name=TestC02NonEIONewSliceDoesNotRetryBeforeFlush
+C02 run-c02.sh:328: local key=C3_A-sync
+C02 run-c02.sh:329: local expected_marker=C02_EXTRA_NEWSLICE_ATTEMPT
+C02 run-c02.sh:330: local details=/home/lilingfeng/tmp/juicefs-c02-20260817-015425/meta/go125-A-sync-C3-repeat10.tsv
+C02 run-c02.sh:331: local aggregate=0
+C02 run-c02.sh:333: printf 'iteration\tactual_rc\tmarker_count\ttest_fail_count\tforbidden_count\texpectation_matched\tlog\n'
+C02 run-c02.sh:335: for iter in 01 02 03 04 05 06 07 08 09 10
+C02 run-c02.sh:336: local log_rel=logs/go125-A-sync-C3-repeat-01.log
+C02 run-c02.sh:337: local log_abs=/home/lilingfeng/tmp/juicefs-c02-20260817-015425/logs/go125-A-sync-C3-repeat-01.log
+C02 run-c02.sh:338: cd /home/lilingfeng/tmp/juicefs-c02-20260817-015425/src/A-sync
+C02 run-c02.sh:338: env GOTOOLCHAIN=go1.25.7 GOCACHE=/home/lilingfeng/tmp/juicefs-c02-20260817-015425/cache/go-build-125 GOFLAGS=-mod=readonly GOPROXY=https://goproxy.cn,direct GOMODCACHE=/home/lilingfeng/tmp/juicefs-c02-20260817-015425/cache/go-mod GOTMPDIR=/home/lilingfeng/tmp/juicefs-c02-20260817-015425/cache/go-tmp TMPDIR=/home/lilingfeng/tmp/juicefs-c02-20260817-015425/cache/os-tmp go test ./pkg/vfs -run '^TestC02NonEIONewSliceDoesNotRetryBeforeFlush$' -count=1 -v -timeout=2m
+C02 run-c02.sh:341: local rc=1
++C02 run-c02.sh:342: grep -c C02_EXTRA_NEWSLICE_ATTEMPT /home/lilingfeng/tmp/juicefs-c02-20260817-015425/logs/go125-A-sync-C3-repeat-01.log
+C02 run-c02.sh:342: local mc=1
++C02 run-c02.sh:343: grep -c -- '--- FAIL: TestC02NonEIONewSliceDoesNotRetryBeforeFlush' /home/lilingfeng/tmp/juicefs-c02-20260817-015425/logs/go125-A-sync-C3-repeat-01.log
+C02 run-c02.sh:343: local fc=1
+C02 run-c02.sh:344: local fbd=0
+C02 run-c02.sh:345: grep -Eq '\[build failed\]|panic:|fatal error:|test timed out|DATA RACE' /home/lilingfeng/tmp/juicefs-c02-20260817-015425/logs/go125-A-sync-C3-repeat-01.log
+C02 run-c02.sh:346: local m=NO
+C02 run-c02.sh:347: '[' 1 -ne 0 ']'
+C02 run-c02.sh:347: '[' 1 -eq 1 ']'
+C02 run-c02.sh:347: '[' 1 -eq 1 ']'
+C02 run-c02.sh:347: '[' 0 -eq 0 ']'
+C02 run-c02.sh:347: m=YES
+C02 run-c02.sh:348: printf '%s\n' 1
+C02 run-c02.sh:349: printf '%s\t%s\t%s\t%s\t%s\t%s\t%s\n' 01 1 1 1 0 YES logs/go125-A-sync-C3-repeat-01.log
+C02 run-c02.sh:335: for iter in 01 02 03 04 05 06 07 08 09 10
+C02 run-c02.sh:336: local log_rel=logs/go125-A-sync-C3-repeat-02.log
+C02 run-c02.sh:337: local log_abs=/home/lilingfeng/tmp/juicefs-c02-20260817-015425/logs/go125-A-sync-C3-repeat-02.log
+C02 run-c02.sh:338: cd /home/lilingfeng/tmp/juicefs-c02-20260817-015425/src/A-sync
+C02 run-c02.sh:338: env GOTOOLCHAIN=go1.25.7 GOCACHE=/home/lilingfeng/tmp/juicefs-c02-20260817-015425/cache/go-build-125 GOFLAGS=-mod=readonly GOPROXY=https://goproxy.cn,direct GOMODCACHE=/home/lilingfeng/tmp/juicefs-c02-20260817-015425/cache/go-mod GOTMPDIR=/home/lilingfeng/tmp/juicefs-c02-20260817-015425/cache/go-tmp TMPDIR=/home/lilingfeng/tmp/juicefs-c02-20260817-015425/cache/os-tmp go test ./pkg/vfs -run '^TestC02NonEIONewSliceDoesNotRetryBeforeFlush$' -count=1 -v -timeout=2m
+C02 run-c02.sh:341: local rc=1
++C02 run-c02.sh:342: grep -c C02_EXTRA_NEWSLICE_ATTEMPT /home/lilingfeng/tmp/juicefs-c02-20260817-015425/logs/go125-A-sync-C3-repeat-02.log
+C02 run-c02.sh:342: local mc=1
++C02 run-c02.sh:343: grep -c -- '--- FAIL: TestC02NonEIONewSliceDoesNotRetryBeforeFlush' /home/lilingfeng/tmp/juicefs-c02-20260817-015425/logs/go125-A-sync-C3-repeat-02.log
+C02 run-c02.sh:343: local fc=1
+C02 run-c02.sh:344: local fbd=0
+C02 run-c02.sh:345: grep -Eq '\[build failed\]|panic:|fatal error:|test timed out|DATA RACE' /home/lilingfeng/tmp/juicefs-c02-20260817-015425/logs/go125-A-sync-C3-repeat-02.log
+C02 run-c02.sh:346: local m=NO
+C02 run-c02.sh:347: '[' 1 -ne 0 ']'
+C02 run-c02.sh:347: '[' 1 -eq 1 ']'
+C02 run-c02.sh:347: '[' 1 -eq 1 ']'
+C02 run-c02.sh:347: '[' 0 -eq 0 ']'
+C02 run-c02.sh:347: m=YES
+C02 run-c02.sh:348: printf '%s\n' 1
+C02 run-c02.sh:349: printf '%s\t%s\t%s\t%s\t%s\t%s\t%s\n' 02 1 1 1 0 YES logs/go125-A-sync-C3-repeat-02.log
+C02 run-c02.sh:335: for iter in 01 02 03 04 05 06 07 08 09 10
+C02 run-c02.sh:336: local log_rel=logs/go125-A-sync-C3-repeat-03.log
+C02 run-c02.sh:337: local log_abs=/home/lilingfeng/tmp/juicefs-c02-20260817-015425/logs/go125-A-sync-C3-repeat-03.log
+C02 run-c02.sh:338: cd /home/lilingfeng/tmp/juicefs-c02-20260817-015425/src/A-sync
+C02 run-c02.sh:338: env GOTOOLCHAIN=go1.25.7 GOCACHE=/home/lilingfeng/tmp/juicefs-c02-20260817-015425/cache/go-build-125 GOFLAGS=-mod=readonly GOPROXY=https://goproxy.cn,direct GOMODCACHE=/home/lilingfeng/tmp/juicefs-c02-20260817-015425/cache/go-mod GOTMPDIR=/home/lilingfeng/tmp/juicefs-c02-20260817-015425/cache/go-tmp TMPDIR=/home/lilingfeng/tmp/juicefs-c02-20260817-015425/cache/os-tmp go test ./pkg/vfs -run '^TestC02NonEIONewSliceDoesNotRetryBeforeFlush$' -count=1 -v -timeout=2m
+C02 run-c02.sh:341: local rc=1
++C02 run-c02.sh:342: grep -c C02_EXTRA_NEWSLICE_ATTEMPT /home/lilingfeng/tmp/juicefs-c02-20260817-015425/logs/go125-A-sync-C3-repeat-03.log
+C02 run-c02.sh:342: local mc=1
++C02 run-c02.sh:343: grep -c -- '--- FAIL: TestC02NonEIONewSliceDoesNotRetryBeforeFlush' /home/lilingfeng/tmp/juicefs-c02-20260817-015425/logs/go125-A-sync-C3-repeat-03.log
+C02 run-c02.sh:343: local fc=1
+C02 run-c02.sh:344: local fbd=0
+C02 run-c02.sh:345: grep -Eq '\[build failed\]|panic:|fatal error:|test timed out|DATA RACE' /home/lilingfeng/tmp/juicefs-c02-20260817-015425/logs/go125-A-sync-C3-repeat-03.log
+C02 run-c02.sh:346: local m=NO
+C02 run-c02.sh:347: '[' 1 -ne 0 ']'
+C02 run-c02.sh:347: '[' 1 -eq 1 ']'
+C02 run-c02.sh:347: '[' 1 -eq 1 ']'
+C02 run-c02.sh:347: '[' 0 -eq 0 ']'
+C02 run-c02.sh:347: m=YES
+C02 run-c02.sh:348: printf '%s\n' 1
+C02 run-c02.sh:349: printf '%s\t%s\t%s\t%s\t%s\t%s\t%s\n' 03 1 1 1 0 YES logs/go125-A-sync-C3-repeat-03.log
+C02 run-c02.sh:335: for iter in 01 02 03 04 05 06 07 08 09 10
+C02 run-c02.sh:336: local log_rel=logs/go125-A-sync-C3-repeat-04.log
+C02 run-c02.sh:337: local log_abs=/home/lilingfeng/tmp/juicefs-c02-20260817-015425/logs/go125-A-sync-C3-repeat-04.log
+C02 run-c02.sh:338: cd /home/lilingfeng/tmp/juicefs-c02-20260817-015425/src/A-sync
+C02 run-c02.sh:338: env GOTOOLCHAIN=go1.25.7 GOCACHE=/home/lilingfeng/tmp/juicefs-c02-20260817-015425/cache/go-build-125 GOFLAGS=-mod=readonly GOPROXY=https://goproxy.cn,direct GOMODCACHE=/home/lilingfeng/tmp/juicefs-c02-20260817-015425/cache/go-mod GOTMPDIR=/home/lilingfeng/tmp/juicefs-c02-20260817-015425/cache/go-tmp TMPDIR=/home/lilingfeng/tmp/juicefs-c02-20260817-015425/cache/os-tmp go test ./pkg/vfs -run '^TestC02NonEIONewSliceDoesNotRetryBeforeFlush$' -count=1 -v -timeout=2m
+C02 run-c02.sh:341: local rc=1
++C02 run-c02.sh:342: grep -c C02_EXTRA_NEWSLICE_ATTEMPT /home/lilingfeng/tmp/juicefs-c02-20260817-015425/logs/go125-A-sync-C3-repeat-04.log
+C02 run-c02.sh:342: local mc=1
++C02 run-c02.sh:343: grep -c -- '--- FAIL: TestC02NonEIONewSliceDoesNotRetryBeforeFlush' /home/lilingfeng/tmp/juicefs-c02-20260817-015425/logs/go125-A-sync-C3-repeat-04.log
+C02 run-c02.sh:343: local fc=1
+C02 run-c02.sh:344: local fbd=0
+C02 run-c02.sh:345: grep -Eq '\[build failed\]|panic:|fatal error:|test timed out|DATA RACE' /home/lilingfeng/tmp/juicefs-c02-20260817-015425/logs/go125-A-sync-C3-repeat-04.log
+C02 run-c02.sh:346: local m=NO
+C02 run-c02.sh:347: '[' 1 -ne 0 ']'
+C02 run-c02.sh:347: '[' 1 -eq 1 ']'
+C02 run-c02.sh:347: '[' 1 -eq 1 ']'
+C02 run-c02.sh:347: '[' 0 -eq 0 ']'
+C02 run-c02.sh:347: m=YES
+C02 run-c02.sh:348: printf '%s\n' 1
+C02 run-c02.sh:349: printf '%s\t%s\t%s\t%s\t%s\t%s\t%s\n' 04 1 1 1 0 YES logs/go125-A-sync-C3-repeat-04.log
+C02 run-c02.sh:335: for iter in 01 02 03 04 05 06 07 08 09 10
+C02 run-c02.sh:336: local log_rel=logs/go125-A-sync-C3-repeat-05.log
+C02 run-c02.sh:337: local log_abs=/home/lilingfeng/tmp/juicefs-c02-20260817-015425/logs/go125-A-sync-C3-repeat-05.log
+C02 run-c02.sh:338: cd /home/lilingfeng/tmp/juicefs-c02-20260817-015425/src/A-sync
+C02 run-c02.sh:338: env GOTOOLCHAIN=go1.25.7 GOCACHE=/home/lilingfeng/tmp/juicefs-c02-20260817-015425/cache/go-build-125 GOFLAGS=-mod=readonly GOPROXY=https://goproxy.cn,direct GOMODCACHE=/home/lilingfeng/tmp/juicefs-c02-20260817-015425/cache/go-mod GOTMPDIR=/home/lilingfeng/tmp/juicefs-c02-20260817-015425/cache/go-tmp TMPDIR=/home/lilingfeng/tmp/juicefs-c02-20260817-015425/cache/os-tmp go test ./pkg/vfs -run '^TestC02NonEIONewSliceDoesNotRetryBeforeFlush$' -count=1 -v -timeout=2m
+C02 run-c02.sh:341: local rc=1
++C02 run-c02.sh:342: grep -c C02_EXTRA_NEWSLICE_ATTEMPT /home/lilingfeng/tmp/juicefs-c02-20260817-015425/logs/go125-A-sync-C3-repeat-05.log
+C02 run-c02.sh:342: local mc=1
++C02 run-c02.sh:343: grep -c -- '--- FAIL: TestC02NonEIONewSliceDoesNotRetryBeforeFlush' /home/lilingfeng/tmp/juicefs-c02-20260817-015425/logs/go125-A-sync-C3-repeat-05.log
+C02 run-c02.sh:343: local fc=1
+C02 run-c02.sh:344: local fbd=0
+C02 run-c02.sh:345: grep -Eq '\[build failed\]|panic:|fatal error:|test timed out|DATA RACE' /home/lilingfeng/tmp/juicefs-c02-20260817-015425/logs/go125-A-sync-C3-repeat-05.log
+C02 run-c02.sh:346: local m=NO
+C02 run-c02.sh:347: '[' 1 -ne 0 ']'
+C02 run-c02.sh:347: '[' 1 -eq 1 ']'
+C02 run-c02.sh:347: '[' 1 -eq 1 ']'
+C02 run-c02.sh:347: '[' 0 -eq 0 ']'
+C02 run-c02.sh:347: m=YES
+C02 run-c02.sh:348: printf '%s\n' 1
+C02 run-c02.sh:349: printf '%s\t%s\t%s\t%s\t%s\t%s\t%s\n' 05 1 1 1 0 YES logs/go125-A-sync-C3-repeat-05.log
+C02 run-c02.sh:335: for iter in 01 02 03 04 05 06 07 08 09 10
+C02 run-c02.sh:336: local log_rel=logs/go125-A-sync-C3-repeat-06.log
+C02 run-c02.sh:337: local log_abs=/home/lilingfeng/tmp/juicefs-c02-20260817-015425/logs/go125-A-sync-C3-repeat-06.log
+C02 run-c02.sh:338: cd /home/lilingfeng/tmp/juicefs-c02-20260817-015425/src/A-sync
+C02 run-c02.sh:338: env GOTOOLCHAIN=go1.25.7 GOCACHE=/home/lilingfeng/tmp/juicefs-c02-20260817-015425/cache/go-build-125 GOFLAGS=-mod=readonly GOPROXY=https://goproxy.cn,direct GOMODCACHE=/home/lilingfeng/tmp/juicefs-c02-20260817-015425/cache/go-mod GOTMPDIR=/home/lilingfeng/tmp/juicefs-c02-20260817-015425/cache/go-tmp TMPDIR=/home/lilingfeng/tmp/juicefs-c02-20260817-015425/cache/os-tmp go test ./pkg/vfs -run '^TestC02NonEIONewSliceDoesNotRetryBeforeFlush$' -count=1 -v -timeout=2m
+C02 run-c02.sh:341: local rc=1
++C02 run-c02.sh:342: grep -c C02_EXTRA_NEWSLICE_ATTEMPT /home/lilingfeng/tmp/juicefs-c02-20260817-015425/logs/go125-A-sync-C3-repeat-06.log
+C02 run-c02.sh:342: local mc=1
++C02 run-c02.sh:343: grep -c -- '--- FAIL: TestC02NonEIONewSliceDoesNotRetryBeforeFlush' /home/lilingfeng/tmp/juicefs-c02-20260817-015425/logs/go125-A-sync-C3-repeat-06.log
+C02 run-c02.sh:343: local fc=1
+C02 run-c02.sh:344: local fbd=0
+C02 run-c02.sh:345: grep -Eq '\[build failed\]|panic:|fatal error:|test timed out|DATA RACE' /home/lilingfeng/tmp/juicefs-c02-20260817-015425/logs/go125-A-sync-C3-repeat-06.log
+C02 run-c02.sh:346: local m=NO
+C02 run-c02.sh:347: '[' 1 -ne 0 ']'
+C02 run-c02.sh:347: '[' 1 -eq 1 ']'
+C02 run-c02.sh:347: '[' 1 -eq 1 ']'
+C02 run-c02.sh:347: '[' 0 -eq 0 ']'
+C02 run-c02.sh:347: m=YES
+C02 run-c02.sh:348: printf '%s\n' 1
+C02 run-c02.sh:349: printf '%s\t%s\t%s\t%s\t%s\t%s\t%s\n' 06 1 1 1 0 YES logs/go125-A-sync-C3-repeat-06.log
+C02 run-c02.sh:335: for iter in 01 02 03 04 05 06 07 08 09 10
+C02 run-c02.sh:336: local log_rel=logs/go125-A-sync-C3-repeat-07.log
+C02 run-c02.sh:337: local log_abs=/home/lilingfeng/tmp/juicefs-c02-20260817-015425/logs/go125-A-sync-C3-repeat-07.log
+C02 run-c02.sh:338: cd /home/lilingfeng/tmp/juicefs-c02-20260817-015425/src/A-sync
+C02 run-c02.sh:338: env GOTOOLCHAIN=go1.25.7 GOCACHE=/home/lilingfeng/tmp/juicefs-c02-20260817-015425/cache/go-build-125 GOFLAGS=-mod=readonly GOPROXY=https://goproxy.cn,direct GOMODCACHE=/home/lilingfeng/tmp/juicefs-c02-20260817-015425/cache/go-mod GOTMPDIR=/home/lilingfeng/tmp/juicefs-c02-20260817-015425/cache/go-tmp TMPDIR=/home/lilingfeng/tmp/juicefs-c02-20260817-015425/cache/os-tmp go test ./pkg/vfs -run '^TestC02NonEIONewSliceDoesNotRetryBeforeFlush$' -count=1 -v -timeout=2m
+C02 run-c02.sh:341: local rc=1
++C02 run-c02.sh:342: grep -c C02_EXTRA_NEWSLICE_ATTEMPT /home/lilingfeng/tmp/juicefs-c02-20260817-015425/logs/go125-A-sync-C3-repeat-07.log
+C02 run-c02.sh:342: local mc=1
++C02 run-c02.sh:343: grep -c -- '--- FAIL: TestC02NonEIONewSliceDoesNotRetryBeforeFlush' /home/lilingfeng/tmp/juicefs-c02-20260817-015425/logs/go125-A-sync-C3-repeat-07.log
+C02 run-c02.sh:343: local fc=1
+C02 run-c02.sh:344: local fbd=0
+C02 run-c02.sh:345: grep -Eq '\[build failed\]|panic:|fatal error:|test timed out|DATA RACE' /home/lilingfeng/tmp/juicefs-c02-20260817-015425/logs/go125-A-sync-C3-repeat-07.log
+C02 run-c02.sh:346: local m=NO
+C02 run-c02.sh:347: '[' 1 -ne 0 ']'
+C02 run-c02.sh:347: '[' 1 -eq 1 ']'
+C02 run-c02.sh:347: '[' 1 -eq 1 ']'
+C02 run-c02.sh:347: '[' 0 -eq 0 ']'
+C02 run-c02.sh:347: m=YES
+C02 run-c02.sh:348: printf '%s\n' 1
+C02 run-c02.sh:349: printf '%s\t%s\t%s\t%s\t%s\t%s\t%s\n' 07 1 1 1 0 YES logs/go125-A-sync-C3-repeat-07.log
+C02 run-c02.sh:335: for iter in 01 02 03 04 05 06 07 08 09 10
+C02 run-c02.sh:336: local log_rel=logs/go125-A-sync-C3-repeat-08.log
+C02 run-c02.sh:337: local log_abs=/home/lilingfeng/tmp/juicefs-c02-20260817-015425/logs/go125-A-sync-C3-repeat-08.log
+C02 run-c02.sh:338: cd /home/lilingfeng/tmp/juicefs-c02-20260817-015425/src/A-sync
+C02 run-c02.sh:338: env GOTOOLCHAIN=go1.25.7 GOCACHE=/home/lilingfeng/tmp/juicefs-c02-20260817-015425/cache/go-build-125 GOFLAGS=-mod=readonly GOPROXY=https://goproxy.cn,direct GOMODCACHE=/home/lilingfeng/tmp/juicefs-c02-20260817-015425/cache/go-mod GOTMPDIR=/home/lilingfeng/tmp/juicefs-c02-20260817-015425/cache/go-tmp TMPDIR=/home/lilingfeng/tmp/juicefs-c02-20260817-015425/cache/os-tmp go test ./pkg/vfs -run '^TestC02NonEIONewSliceDoesNotRetryBeforeFlush$' -count=1 -v -timeout=2m
+C02 run-c02.sh:341: local rc=1
++C02 run-c02.sh:342: grep -c C02_EXTRA_NEWSLICE_ATTEMPT /home/lilingfeng/tmp/juicefs-c02-20260817-015425/logs/go125-A-sync-C3-repeat-08.log
+C02 run-c02.sh:342: local mc=1
++C02 run-c02.sh:343: grep -c -- '--- FAIL: TestC02NonEIONewSliceDoesNotRetryBeforeFlush' /home/lilingfeng/tmp/juicefs-c02-20260817-015425/logs/go125-A-sync-C3-repeat-08.log
+C02 run-c02.sh:343: local fc=1
+C02 run-c02.sh:344: local fbd=0
+C02 run-c02.sh:345: grep -Eq '\[build failed\]|panic:|fatal error:|test timed out|DATA RACE' /home/lilingfeng/tmp/juicefs-c02-20260817-015425/logs/go125-A-sync-C3-repeat-08.log
+C02 run-c02.sh:346: local m=NO
+C02 run-c02.sh:347: '[' 1 -ne 0 ']'
+C02 run-c02.sh:347: '[' 1 -eq 1 ']'
+C02 run-c02.sh:347: '[' 1 -eq 1 ']'
+C02 run-c02.sh:347: '[' 0 -eq 0 ']'
+C02 run-c02.sh:347: m=YES
+C02 run-c02.sh:348: printf '%s\n' 1
+C02 run-c02.sh:349: printf '%s\t%s\t%s\t%s\t%s\t%s\t%s\n' 08 1 1 1 0 YES logs/go125-A-sync-C3-repeat-08.log
+C02 run-c02.sh:335: for iter in 01 02 03 04 05 06 07 08 09 10
+C02 run-c02.sh:336: local log_rel=logs/go125-A-sync-C3-repeat-09.log
+C02 run-c02.sh:337: local log_abs=/home/lilingfeng/tmp/juicefs-c02-20260817-015425/logs/go125-A-sync-C3-repeat-09.log
+C02 run-c02.sh:338: cd /home/lilingfeng/tmp/juicefs-c02-20260817-015425/src/A-sync
+C02 run-c02.sh:338: env GOTOOLCHAIN=go1.25.7 GOCACHE=/home/lilingfeng/tmp/juicefs-c02-20260817-015425/cache/go-build-125 GOFLAGS=-mod=readonly GOPROXY=https://goproxy.cn,direct GOMODCACHE=/home/lilingfeng/tmp/juicefs-c02-20260817-015425/cache/go-mod GOTMPDIR=/home/lilingfeng/tmp/juicefs-c02-20260817-015425/cache/go-tmp TMPDIR=/home/lilingfeng/tmp/juicefs-c02-20260817-015425/cache/os-tmp go test ./pkg/vfs -run '^TestC02NonEIONewSliceDoesNotRetryBeforeFlush$' -count=1 -v -timeout=2m
+C02 run-c02.sh:341: local rc=1
++C02 run-c02.sh:342: grep -c C02_EXTRA_NEWSLICE_ATTEMPT /home/lilingfeng/tmp/juicefs-c02-20260817-015425/logs/go125-A-sync-C3-repeat-09.log
+C02 run-c02.sh:342: local mc=1
++C02 run-c02.sh:343: grep -c -- '--- FAIL: TestC02NonEIONewSliceDoesNotRetryBeforeFlush' /home/lilingfeng/tmp/juicefs-c02-20260817-015425/logs/go125-A-sync-C3-repeat-09.log
+C02 run-c02.sh:343: local fc=1
+C02 run-c02.sh:344: local fbd=0
+C02 run-c02.sh:345: grep -Eq '\[build failed\]|panic:|fatal error:|test timed out|DATA RACE' /home/lilingfeng/tmp/juicefs-c02-20260817-015425/logs/go125-A-sync-C3-repeat-09.log
+C02 run-c02.sh:346: local m=NO
+C02 run-c02.sh:347: '[' 1 -ne 0 ']'
+C02 run-c02.sh:347: '[' 1 -eq 1 ']'
+C02 run-c02.sh:347: '[' 1 -eq 1 ']'
+C02 run-c02.sh:347: '[' 0 -eq 0 ']'
+C02 run-c02.sh:347: m=YES
+C02 run-c02.sh:348: printf '%s\n' 1
+C02 run-c02.sh:349: printf '%s\t%s\t%s\t%s\t%s\t%s\t%s\n' 09 1 1 1 0 YES logs/go125-A-sync-C3-repeat-09.log
+C02 run-c02.sh:335: for iter in 01 02 03 04 05 06 07 08 09 10
+C02 run-c02.sh:336: local log_rel=logs/go125-A-sync-C3-repeat-10.log
+C02 run-c02.sh:337: local log_abs=/home/lilingfeng/tmp/juicefs-c02-20260817-015425/logs/go125-A-sync-C3-repeat-10.log
+C02 run-c02.sh:338: cd /home/lilingfeng/tmp/juicefs-c02-20260817-015425/src/A-sync
+C02 run-c02.sh:338: env GOTOOLCHAIN=go1.25.7 GOCACHE=/home/lilingfeng/tmp/juicefs-c02-20260817-015425/cache/go-build-125 GOFLAGS=-mod=readonly GOPROXY=https://goproxy.cn,direct GOMODCACHE=/home/lilingfeng/tmp/juicefs-c02-20260817-015425/cache/go-mod GOTMPDIR=/home/lilingfeng/tmp/juicefs-c02-20260817-015425/cache/go-tmp TMPDIR=/home/lilingfeng/tmp/juicefs-c02-20260817-015425/cache/os-tmp go test ./pkg/vfs -run '^TestC02NonEIONewSliceDoesNotRetryBeforeFlush$' -count=1 -v -timeout=2m
+C02 run-c02.sh:341: local rc=1
++C02 run-c02.sh:342: grep -c C02_EXTRA_NEWSLICE_ATTEMPT /home/lilingfeng/tmp/juicefs-c02-20260817-015425/logs/go125-A-sync-C3-repeat-10.log
+C02 run-c02.sh:342: local mc=1
++C02 run-c02.sh:343: grep -c -- '--- FAIL: TestC02NonEIONewSliceDoesNotRetryBeforeFlush' /home/lilingfeng/tmp/juicefs-c02-20260817-015425/logs/go125-A-sync-C3-repeat-10.log
+C02 run-c02.sh:343: local fc=1
+C02 run-c02.sh:344: local fbd=0
+C02 run-c02.sh:345: grep -Eq '\[build failed\]|panic:|fatal error:|test timed out|DATA RACE' /home/lilingfeng/tmp/juicefs-c02-20260817-015425/logs/go125-A-sync-C3-repeat-10.log
+C02 run-c02.sh:346: local m=NO
+C02 run-c02.sh:347: '[' 1 -ne 0 ']'
+C02 run-c02.sh:347: '[' 1 -eq 1 ']'
+C02 run-c02.sh:347: '[' 1 -eq 1 ']'
+C02 run-c02.sh:347: '[' 0 -eq 0 ']'
+C02 run-c02.sh:347: m=YES
+C02 run-c02.sh:348: printf '%s\n' 1
+C02 run-c02.sh:349: printf '%s\t%s\t%s\t%s\t%s\t%s\t%s\n' 10 1 1 1 0 YES logs/go125-A-sync-C3-repeat-10.log
+C02 run-c02.sh:352: printf '%s\n' 0
+C02 run-c02.sh:357: for TOOL in go125 go126
+C02 run-c02.sh:358: '[' go126 = go125 ']'
+C02 run-c02.sh:358: TC=local
+C02 run-c02.sh:358: BC=/home/lilingfeng/tmp/juicefs-c02-20260817-015425/cache/go-build-126
+C02 run-c02.sh:360: for id in R1 R2 R3
+C02 run-c02.sh:360: run_repeat10 go126 local /home/lilingfeng/tmp/juicefs-c02-20260817-015425/cache/go-build-126 S-stock R1
+C02 run-c02.sh:326: local tool=go126 tc=local bc=/home/lilingfeng/tmp/juicefs-c02-20260817-015425/cache/go-build-126 arm=S-stock id=R1
+C02 run-c02.sh:327: local test_name=TestC02FullBlockDispatchAfterDelayedID
+C02 run-c02.sh:328: local key=R1_S-stock
+C02 run-c02.sh:329: local expected_marker=C02_MISSED_DISPATCH
+C02 run-c02.sh:330: local details=/home/lilingfeng/tmp/juicefs-c02-20260817-015425/meta/go126-S-stock-R1-repeat10.tsv
+C02 run-c02.sh:331: local aggregate=0
+C02 run-c02.sh:333: printf 'iteration\tactual_rc\tmarker_count\ttest_fail_count\tforbidden_count\texpectation_matched\tlog\n'
+C02 run-c02.sh:335: for iter in 01 02 03 04 05 06 07 08 09 10
+C02 run-c02.sh:336: local log_rel=logs/go126-S-stock-R1-repeat-01.log
+C02 run-c02.sh:337: local log_abs=/home/lilingfeng/tmp/juicefs-c02-20260817-015425/logs/go126-S-stock-R1-repeat-01.log
+C02 run-c02.sh:338: cd /home/lilingfeng/tmp/juicefs-c02-20260817-015425/src/S-stock
+C02 run-c02.sh:338: env GOTOOLCHAIN=local GOCACHE=/home/lilingfeng/tmp/juicefs-c02-20260817-015425/cache/go-build-126 GOFLAGS=-mod=readonly GOPROXY=https://goproxy.cn,direct GOMODCACHE=/home/lilingfeng/tmp/juicefs-c02-20260817-015425/cache/go-mod GOTMPDIR=/home/lilingfeng/tmp/juicefs-c02-20260817-015425/cache/go-tmp TMPDIR=/home/lilingfeng/tmp/juicefs-c02-20260817-015425/cache/os-tmp go test ./pkg/vfs -run '^TestC02FullBlockDispatchAfterDelayedID$' -count=1 -v -timeout=2m
+C02 run-c02.sh:341: local rc=1
++C02 run-c02.sh:342: grep -c C02_MISSED_DISPATCH /home/lilingfeng/tmp/juicefs-c02-20260817-015425/logs/go126-S-stock-R1-repeat-01.log
+C02 run-c02.sh:342: local mc=1
++C02 run-c02.sh:343: grep -c -- '--- FAIL: TestC02FullBlockDispatchAfterDelayedID' /home/lilingfeng/tmp/juicefs-c02-20260817-015425/logs/go126-S-stock-R1-repeat-01.log
+C02 run-c02.sh:343: local fc=1
+C02 run-c02.sh:344: local fbd=0
+C02 run-c02.sh:345: grep -Eq '\[build failed\]|panic:|fatal error:|test timed out|DATA RACE' /home/lilingfeng/tmp/juicefs-c02-20260817-015425/logs/go126-S-stock-R1-repeat-01.log
+C02 run-c02.sh:346: local m=NO
+C02 run-c02.sh:347: '[' 1 -ne 0 ']'
+C02 run-c02.sh:347: '[' 1 -eq 1 ']'
+C02 run-c02.sh:347: '[' 1 -eq 1 ']'
+C02 run-c02.sh:347: '[' 0 -eq 0 ']'
+C02 run-c02.sh:347: m=YES
+C02 run-c02.sh:348: printf '%s\n' 1
+C02 run-c02.sh:349: printf '%s\t%s\t%s\t%s\t%s\t%s\t%s\n' 01 1 1 1 0 YES logs/go126-S-stock-R1-repeat-01.log
+C02 run-c02.sh:335: for iter in 01 02 03 04 05 06 07 08 09 10
+C02 run-c02.sh:336: local log_rel=logs/go126-S-stock-R1-repeat-02.log
+C02 run-c02.sh:337: local log_abs=/home/lilingfeng/tmp/juicefs-c02-20260817-015425/logs/go126-S-stock-R1-repeat-02.log
+C02 run-c02.sh:338: cd /home/lilingfeng/tmp/juicefs-c02-20260817-015425/src/S-stock
+C02 run-c02.sh:338: env GOTOOLCHAIN=local GOCACHE=/home/lilingfeng/tmp/juicefs-c02-20260817-015425/cache/go-build-126 GOFLAGS=-mod=readonly GOPROXY=https://goproxy.cn,direct GOMODCACHE=/home/lilingfeng/tmp/juicefs-c02-20260817-015425/cache/go-mod GOTMPDIR=/home/lilingfeng/tmp/juicefs-c02-20260817-015425/cache/go-tmp TMPDIR=/home/lilingfeng/tmp/juicefs-c02-20260817-015425/cache/os-tmp go test ./pkg/vfs -run '^TestC02FullBlockDispatchAfterDelayedID$' -count=1 -v -timeout=2m
+C02 run-c02.sh:341: local rc=1
++C02 run-c02.sh:342: grep -c C02_MISSED_DISPATCH /home/lilingfeng/tmp/juicefs-c02-20260817-015425/logs/go126-S-stock-R1-repeat-02.log
+C02 run-c02.sh:342: local mc=1
++C02 run-c02.sh:343: grep -c -- '--- FAIL: TestC02FullBlockDispatchAfterDelayedID' /home/lilingfeng/tmp/juicefs-c02-20260817-015425/logs/go126-S-stock-R1-repeat-02.log
+C02 run-c02.sh:343: local fc=1
+C02 run-c02.sh:344: local fbd=0
+C02 run-c02.sh:345: grep -Eq '\[build failed\]|panic:|fatal error:|test timed out|DATA RACE' /home/lilingfeng/tmp/juicefs-c02-20260817-015425/logs/go126-S-stock-R1-repeat-02.log
+C02 run-c02.sh:346: local m=NO
+C02 run-c02.sh:347: '[' 1 -ne 0 ']'
+C02 run-c02.sh:347: '[' 1 -eq 1 ']'
+C02 run-c02.sh:347: '[' 1 -eq 1 ']'
+C02 run-c02.sh:347: '[' 0 -eq 0 ']'
+C02 run-c02.sh:347: m=YES
+C02 run-c02.sh:348: printf '%s\n' 1
+C02 run-c02.sh:349: printf '%s\t%s\t%s\t%s\t%s\t%s\t%s\n' 02 1 1 1 0 YES logs/go126-S-stock-R1-repeat-02.log
+C02 run-c02.sh:335: for iter in 01 02 03 04 05 06 07 08 09 10
+C02 run-c02.sh:336: local log_rel=logs/go126-S-stock-R1-repeat-03.log
+C02 run-c02.sh:337: local log_abs=/home/lilingfeng/tmp/juicefs-c02-20260817-015425/logs/go126-S-stock-R1-repeat-03.log
+C02 run-c02.sh:338: cd /home/lilingfeng/tmp/juicefs-c02-20260817-015425/src/S-stock
+C02 run-c02.sh:338: env GOTOOLCHAIN=local GOCACHE=/home/lilingfeng/tmp/juicefs-c02-20260817-015425/cache/go-build-126 GOFLAGS=-mod=readonly GOPROXY=https://goproxy.cn,direct GOMODCACHE=/home/lilingfeng/tmp/juicefs-c02-20260817-015425/cache/go-mod GOTMPDIR=/home/lilingfeng/tmp/juicefs-c02-20260817-015425/cache/go-tmp TMPDIR=/home/lilingfeng/tmp/juicefs-c02-20260817-015425/cache/os-tmp go test ./pkg/vfs -run '^TestC02FullBlockDispatchAfterDelayedID$' -count=1 -v -timeout=2m
+C02 run-c02.sh:341: local rc=1
++C02 run-c02.sh:342: grep -c C02_MISSED_DISPATCH /home/lilingfeng/tmp/juicefs-c02-20260817-015425/logs/go126-S-stock-R1-repeat-03.log
+C02 run-c02.sh:342: local mc=1
++C02 run-c02.sh:343: grep -c -- '--- FAIL: TestC02FullBlockDispatchAfterDelayedID' /home/lilingfeng/tmp/juicefs-c02-20260817-015425/logs/go126-S-stock-R1-repeat-03.log
+C02 run-c02.sh:343: local fc=1
+C02 run-c02.sh:344: local fbd=0
+C02 run-c02.sh:345: grep -Eq '\[build failed\]|panic:|fatal error:|test timed out|DATA RACE' /home/lilingfeng/tmp/juicefs-c02-20260817-015425/logs/go126-S-stock-R1-repeat-03.log
+C02 run-c02.sh:346: local m=NO
+C02 run-c02.sh:347: '[' 1 -ne 0 ']'
+C02 run-c02.sh:347: '[' 1 -eq 1 ']'
+C02 run-c02.sh:347: '[' 1 -eq 1 ']'
+C02 run-c02.sh:347: '[' 0 -eq 0 ']'
+C02 run-c02.sh:347: m=YES
+C02 run-c02.sh:348: printf '%s\n' 1
+C02 run-c02.sh:349: printf '%s\t%s\t%s\t%s\t%s\t%s\t%s\n' 03 1 1 1 0 YES logs/go126-S-stock-R1-repeat-03.log
+C02 run-c02.sh:335: for iter in 01 02 03 04 05 06 07 08 09 10
+C02 run-c02.sh:336: local log_rel=logs/go126-S-stock-R1-repeat-04.log
+C02 run-c02.sh:337: local log_abs=/home/lilingfeng/tmp/juicefs-c02-20260817-015425/logs/go126-S-stock-R1-repeat-04.log
+C02 run-c02.sh:338: cd /home/lilingfeng/tmp/juicefs-c02-20260817-015425/src/S-stock
+C02 run-c02.sh:338: env GOTOOLCHAIN=local GOCACHE=/home/lilingfeng/tmp/juicefs-c02-20260817-015425/cache/go-build-126 GOFLAGS=-mod=readonly GOPROXY=https://goproxy.cn,direct GOMODCACHE=/home/lilingfeng/tmp/juicefs-c02-20260817-015425/cache/go-mod GOTMPDIR=/home/lilingfeng/tmp/juicefs-c02-20260817-015425/cache/go-tmp TMPDIR=/home/lilingfeng/tmp/juicefs-c02-20260817-015425/cache/os-tmp go test ./pkg/vfs -run '^TestC02FullBlockDispatchAfterDelayedID$' -count=1 -v -timeout=2m
+C02 run-c02.sh:341: local rc=1
++C02 run-c02.sh:342: grep -c C02_MISSED_DISPATCH /home/lilingfeng/tmp/juicefs-c02-20260817-015425/logs/go126-S-stock-R1-repeat-04.log
+C02 run-c02.sh:342: local mc=1
++C02 run-c02.sh:343: grep -c -- '--- FAIL: TestC02FullBlockDispatchAfterDelayedID' /home/lilingfeng/tmp/juicefs-c02-20260817-015425/logs/go126-S-stock-R1-repeat-04.log
+C02 run-c02.sh:343: local fc=1
+C02 run-c02.sh:344: local fbd=0
+C02 run-c02.sh:345: grep -Eq '\[build failed\]|panic:|fatal error:|test timed out|DATA RACE' /home/lilingfeng/tmp/juicefs-c02-20260817-015425/logs/go126-S-stock-R1-repeat-04.log
+C02 run-c02.sh:346: local m=NO
+C02 run-c02.sh:347: '[' 1 -ne 0 ']'
+C02 run-c02.sh:347: '[' 1 -eq 1 ']'
+C02 run-c02.sh:347: '[' 1 -eq 1 ']'
+C02 run-c02.sh:347: '[' 0 -eq 0 ']'
+C02 run-c02.sh:347: m=YES
+C02 run-c02.sh:348: printf '%s\n' 1
+C02 run-c02.sh:349: printf '%s\t%s\t%s\t%s\t%s\t%s\t%s\n' 04 1 1 1 0 YES logs/go126-S-stock-R1-repeat-04.log
+C02 run-c02.sh:335: for iter in 01 02 03 04 05 06 07 08 09 10
+C02 run-c02.sh:336: local log_rel=logs/go126-S-stock-R1-repeat-05.log
+C02 run-c02.sh:337: local log_abs=/home/lilingfeng/tmp/juicefs-c02-20260817-015425/logs/go126-S-stock-R1-repeat-05.log
+C02 run-c02.sh:338: cd /home/lilingfeng/tmp/juicefs-c02-20260817-015425/src/S-stock
+C02 run-c02.sh:338: env GOTOOLCHAIN=local GOCACHE=/home/lilingfeng/tmp/juicefs-c02-20260817-015425/cache/go-build-126 GOFLAGS=-mod=readonly GOPROXY=https://goproxy.cn,direct GOMODCACHE=/home/lilingfeng/tmp/juicefs-c02-20260817-015425/cache/go-mod GOTMPDIR=/home/lilingfeng/tmp/juicefs-c02-20260817-015425/cache/go-tmp TMPDIR=/home/lilingfeng/tmp/juicefs-c02-20260817-015425/cache/os-tmp go test ./pkg/vfs -run '^TestC02FullBlockDispatchAfterDelayedID$' -count=1 -v -timeout=2m
+C02 run-c02.sh:341: local rc=1
++C02 run-c02.sh:342: grep -c C02_MISSED_DISPATCH /home/lilingfeng/tmp/juicefs-c02-20260817-015425/logs/go126-S-stock-R1-repeat-05.log
+C02 run-c02.sh:342: local mc=1
++C02 run-c02.sh:343: grep -c -- '--- FAIL: TestC02FullBlockDispatchAfterDelayedID' /home/lilingfeng/tmp/juicefs-c02-20260817-015425/logs/go126-S-stock-R1-repeat-05.log
+C02 run-c02.sh:343: local fc=1
+C02 run-c02.sh:344: local fbd=0
+C02 run-c02.sh:345: grep -Eq '\[build failed\]|panic:|fatal error:|test timed out|DATA RACE' /home/lilingfeng/tmp/juicefs-c02-20260817-015425/logs/go126-S-stock-R1-repeat-05.log
+C02 run-c02.sh:346: local m=NO
+C02 run-c02.sh:347: '[' 1 -ne 0 ']'
+C02 run-c02.sh:347: '[' 1 -eq 1 ']'
+C02 run-c02.sh:347: '[' 1 -eq 1 ']'
+C02 run-c02.sh:347: '[' 0 -eq 0 ']'
+C02 run-c02.sh:347: m=YES
+C02 run-c02.sh:348: printf '%s\n' 1
+C02 run-c02.sh:349: printf '%s\t%s\t%s\t%s\t%s\t%s\t%s\n' 05 1 1 1 0 YES logs/go126-S-stock-R1-repeat-05.log
+C02 run-c02.sh:335: for iter in 01 02 03 04 05 06 07 08 09 10
+C02 run-c02.sh:336: local log_rel=logs/go126-S-stock-R1-repeat-06.log
+C02 run-c02.sh:337: local log_abs=/home/lilingfeng/tmp/juicefs-c02-20260817-015425/logs/go126-S-stock-R1-repeat-06.log
+C02 run-c02.sh:338: cd /home/lilingfeng/tmp/juicefs-c02-20260817-015425/src/S-stock
+C02 run-c02.sh:338: env GOTOOLCHAIN=local GOCACHE=/home/lilingfeng/tmp/juicefs-c02-20260817-015425/cache/go-build-126 GOFLAGS=-mod=readonly GOPROXY=https://goproxy.cn,direct GOMODCACHE=/home/lilingfeng/tmp/juicefs-c02-20260817-015425/cache/go-mod GOTMPDIR=/home/lilingfeng/tmp/juicefs-c02-20260817-015425/cache/go-tmp TMPDIR=/home/lilingfeng/tmp/juicefs-c02-20260817-015425/cache/os-tmp go test ./pkg/vfs -run '^TestC02FullBlockDispatchAfterDelayedID$' -count=1 -v -timeout=2m
+C02 run-c02.sh:341: local rc=1
++C02 run-c02.sh:342: grep -c C02_MISSED_DISPATCH /home/lilingfeng/tmp/juicefs-c02-20260817-015425/logs/go126-S-stock-R1-repeat-06.log
+C02 run-c02.sh:342: local mc=1
++C02 run-c02.sh:343: grep -c -- '--- FAIL: TestC02FullBlockDispatchAfterDelayedID' /home/lilingfeng/tmp/juicefs-c02-20260817-015425/logs/go126-S-stock-R1-repeat-06.log
+C02 run-c02.sh:343: local fc=1
+C02 run-c02.sh:344: local fbd=0
+C02 run-c02.sh:345: grep -Eq '\[build failed\]|panic:|fatal error:|test timed out|DATA RACE' /home/lilingfeng/tmp/juicefs-c02-20260817-015425/logs/go126-S-stock-R1-repeat-06.log
+C02 run-c02.sh:346: local m=NO
+C02 run-c02.sh:347: '[' 1 -ne 0 ']'
+C02 run-c02.sh:347: '[' 1 -eq 1 ']'
+C02 run-c02.sh:347: '[' 1 -eq 1 ']'
+C02 run-c02.sh:347: '[' 0 -eq 0 ']'
+C02 run-c02.sh:347: m=YES
+C02 run-c02.sh:348: printf '%s\n' 1
+C02 run-c02.sh:349: printf '%s\t%s\t%s\t%s\t%s\t%s\t%s\n' 06 1 1 1 0 YES logs/go126-S-stock-R1-repeat-06.log
+C02 run-c02.sh:335: for iter in 01 02 03 04 05 06 07 08 09 10
+C02 run-c02.sh:336: local log_rel=logs/go126-S-stock-R1-repeat-07.log
+C02 run-c02.sh:337: local log_abs=/home/lilingfeng/tmp/juicefs-c02-20260817-015425/logs/go126-S-stock-R1-repeat-07.log
+C02 run-c02.sh:338: cd /home/lilingfeng/tmp/juicefs-c02-20260817-015425/src/S-stock
+C02 run-c02.sh:338: env GOTOOLCHAIN=local GOCACHE=/home/lilingfeng/tmp/juicefs-c02-20260817-015425/cache/go-build-126 GOFLAGS=-mod=readonly GOPROXY=https://goproxy.cn,direct GOMODCACHE=/home/lilingfeng/tmp/juicefs-c02-20260817-015425/cache/go-mod GOTMPDIR=/home/lilingfeng/tmp/juicefs-c02-20260817-015425/cache/go-tmp TMPDIR=/home/lilingfeng/tmp/juicefs-c02-20260817-015425/cache/os-tmp go test ./pkg/vfs -run '^TestC02FullBlockDispatchAfterDelayedID$' -count=1 -v -timeout=2m
+C02 run-c02.sh:341: local rc=1
++C02 run-c02.sh:342: grep -c C02_MISSED_DISPATCH /home/lilingfeng/tmp/juicefs-c02-20260817-015425/logs/go126-S-stock-R1-repeat-07.log
+C02 run-c02.sh:342: local mc=1
++C02 run-c02.sh:343: grep -c -- '--- FAIL: TestC02FullBlockDispatchAfterDelayedID' /home/lilingfeng/tmp/juicefs-c02-20260817-015425/logs/go126-S-stock-R1-repeat-07.log
+C02 run-c02.sh:343: local fc=1
+C02 run-c02.sh:344: local fbd=0
+C02 run-c02.sh:345: grep -Eq '\[build failed\]|panic:|fatal error:|test timed out|DATA RACE' /home/lilingfeng/tmp/juicefs-c02-20260817-015425/logs/go126-S-stock-R1-repeat-07.log
+C02 run-c02.sh:346: local m=NO
+C02 run-c02.sh:347: '[' 1 -ne 0 ']'
+C02 run-c02.sh:347: '[' 1 -eq 1 ']'
+C02 run-c02.sh:347: '[' 1 -eq 1 ']'
+C02 run-c02.sh:347: '[' 0 -eq 0 ']'
+C02 run-c02.sh:347: m=YES
+C02 run-c02.sh:348: printf '%s\n' 1
+C02 run-c02.sh:349: printf '%s\t%s\t%s\t%s\t%s\t%s\t%s\n' 07 1 1 1 0 YES logs/go126-S-stock-R1-repeat-07.log
+C02 run-c02.sh:335: for iter in 01 02 03 04 05 06 07 08 09 10
+C02 run-c02.sh:336: local log_rel=logs/go126-S-stock-R1-repeat-08.log
+C02 run-c02.sh:337: local log_abs=/home/lilingfeng/tmp/juicefs-c02-20260817-015425/logs/go126-S-stock-R1-repeat-08.log
+C02 run-c02.sh:338: cd /home/lilingfeng/tmp/juicefs-c02-20260817-015425/src/S-stock
+C02 run-c02.sh:338: env GOTOOLCHAIN=local GOCACHE=/home/lilingfeng/tmp/juicefs-c02-20260817-015425/cache/go-build-126 GOFLAGS=-mod=readonly GOPROXY=https://goproxy.cn,direct GOMODCACHE=/home/lilingfeng/tmp/juicefs-c02-20260817-015425/cache/go-mod GOTMPDIR=/home/lilingfeng/tmp/juicefs-c02-20260817-015425/cache/go-tmp TMPDIR=/home/lilingfeng/tmp/juicefs-c02-20260817-015425/cache/os-tmp go test ./pkg/vfs -run '^TestC02FullBlockDispatchAfterDelayedID$' -count=1 -v -timeout=2m
+C02 run-c02.sh:341: local rc=1
++C02 run-c02.sh:342: grep -c C02_MISSED_DISPATCH /home/lilingfeng/tmp/juicefs-c02-20260817-015425/logs/go126-S-stock-R1-repeat-08.log
+C02 run-c02.sh:342: local mc=1
++C02 run-c02.sh:343: grep -c -- '--- FAIL: TestC02FullBlockDispatchAfterDelayedID' /home/lilingfeng/tmp/juicefs-c02-20260817-015425/logs/go126-S-stock-R1-repeat-08.log
+C02 run-c02.sh:343: local fc=1
+C02 run-c02.sh:344: local fbd=0
+C02 run-c02.sh:345: grep -Eq '\[build failed\]|panic:|fatal error:|test timed out|DATA RACE' /home/lilingfeng/tmp/juicefs-c02-20260817-015425/logs/go126-S-stock-R1-repeat-08.log
+C02 run-c02.sh:346: local m=NO
+C02 run-c02.sh:347: '[' 1 -ne 0 ']'
+C02 run-c02.sh:347: '[' 1 -eq 1 ']'
+C02 run-c02.sh:347: '[' 1 -eq 1 ']'
+C02 run-c02.sh:347: '[' 0 -eq 0 ']'
+C02 run-c02.sh:347: m=YES
+C02 run-c02.sh:348: printf '%s\n' 1
+C02 run-c02.sh:349: printf '%s\t%s\t%s\t%s\t%s\t%s\t%s\n' 08 1 1 1 0 YES logs/go126-S-stock-R1-repeat-08.log
+C02 run-c02.sh:335: for iter in 01 02 03 04 05 06 07 08 09 10
+C02 run-c02.sh:336: local log_rel=logs/go126-S-stock-R1-repeat-09.log
+C02 run-c02.sh:337: local log_abs=/home/lilingfeng/tmp/juicefs-c02-20260817-015425/logs/go126-S-stock-R1-repeat-09.log
+C02 run-c02.sh:338: cd /home/lilingfeng/tmp/juicefs-c02-20260817-015425/src/S-stock
+C02 run-c02.sh:338: env GOTOOLCHAIN=local GOCACHE=/home/lilingfeng/tmp/juicefs-c02-20260817-015425/cache/go-build-126 GOFLAGS=-mod=readonly GOPROXY=https://goproxy.cn,direct GOMODCACHE=/home/lilingfeng/tmp/juicefs-c02-20260817-015425/cache/go-mod GOTMPDIR=/home/lilingfeng/tmp/juicefs-c02-20260817-015425/cache/go-tmp TMPDIR=/home/lilingfeng/tmp/juicefs-c02-20260817-015425/cache/os-tmp go test ./pkg/vfs -run '^TestC02FullBlockDispatchAfterDelayedID$' -count=1 -v -timeout=2m
+C02 run-c02.sh:341: local rc=1
++C02 run-c02.sh:342: grep -c C02_MISSED_DISPATCH /home/lilingfeng/tmp/juicefs-c02-20260817-015425/logs/go126-S-stock-R1-repeat-09.log
+C02 run-c02.sh:342: local mc=1
++C02 run-c02.sh:343: grep -c -- '--- FAIL: TestC02FullBlockDispatchAfterDelayedID' /home/lilingfeng/tmp/juicefs-c02-20260817-015425/logs/go126-S-stock-R1-repeat-09.log
+C02 run-c02.sh:343: local fc=1
+C02 run-c02.sh:344: local fbd=0
+C02 run-c02.sh:345: grep -Eq '\[build failed\]|panic:|fatal error:|test timed out|DATA RACE' /home/lilingfeng/tmp/juicefs-c02-20260817-015425/logs/go126-S-stock-R1-repeat-09.log
+C02 run-c02.sh:346: local m=NO
+C02 run-c02.sh:347: '[' 1 -ne 0 ']'
+C02 run-c02.sh:347: '[' 1 -eq 1 ']'
+C02 run-c02.sh:347: '[' 1 -eq 1 ']'
+C02 run-c02.sh:347: '[' 0 -eq 0 ']'
+C02 run-c02.sh:347: m=YES
+C02 run-c02.sh:348: printf '%s\n' 1
+C02 run-c02.sh:349: printf '%s\t%s\t%s\t%s\t%s\t%s\t%s\n' 09 1 1 1 0 YES logs/go126-S-stock-R1-repeat-09.log
+C02 run-c02.sh:335: for iter in 01 02 03 04 05 06 07 08 09 10
+C02 run-c02.sh:336: local log_rel=logs/go126-S-stock-R1-repeat-10.log
+C02 run-c02.sh:337: local log_abs=/home/lilingfeng/tmp/juicefs-c02-20260817-015425/logs/go126-S-stock-R1-repeat-10.log
+C02 run-c02.sh:338: cd /home/lilingfeng/tmp/juicefs-c02-20260817-015425/src/S-stock
+C02 run-c02.sh:338: env GOTOOLCHAIN=local GOCACHE=/home/lilingfeng/tmp/juicefs-c02-20260817-015425/cache/go-build-126 GOFLAGS=-mod=readonly GOPROXY=https://goproxy.cn,direct GOMODCACHE=/home/lilingfeng/tmp/juicefs-c02-20260817-015425/cache/go-mod GOTMPDIR=/home/lilingfeng/tmp/juicefs-c02-20260817-015425/cache/go-tmp TMPDIR=/home/lilingfeng/tmp/juicefs-c02-20260817-015425/cache/os-tmp go test ./pkg/vfs -run '^TestC02FullBlockDispatchAfterDelayedID$' -count=1 -v -timeout=2m
+C02 run-c02.sh:341: local rc=1
++C02 run-c02.sh:342: grep -c C02_MISSED_DISPATCH /home/lilingfeng/tmp/juicefs-c02-20260817-015425/logs/go126-S-stock-R1-repeat-10.log
+C02 run-c02.sh:342: local mc=1
++C02 run-c02.sh:343: grep -c -- '--- FAIL: TestC02FullBlockDispatchAfterDelayedID' /home/lilingfeng/tmp/juicefs-c02-20260817-015425/logs/go126-S-stock-R1-repeat-10.log
+C02 run-c02.sh:343: local fc=1
+C02 run-c02.sh:344: local fbd=0
+C02 run-c02.sh:345: grep -Eq '\[build failed\]|panic:|fatal error:|test timed out|DATA RACE' /home/lilingfeng/tmp/juicefs-c02-20260817-015425/logs/go126-S-stock-R1-repeat-10.log
+C02 run-c02.sh:346: local m=NO
+C02 run-c02.sh:347: '[' 1 -ne 0 ']'
+C02 run-c02.sh:347: '[' 1 -eq 1 ']'
+C02 run-c02.sh:347: '[' 1 -eq 1 ']'
+C02 run-c02.sh:347: '[' 0 -eq 0 ']'
+C02 run-c02.sh:347: m=YES
+C02 run-c02.sh:348: printf '%s\n' 1
+C02 run-c02.sh:349: printf '%s\t%s\t%s\t%s\t%s\t%s\t%s\n' 10 1 1 1 0 YES logs/go126-S-stock-R1-repeat-10.log
+C02 run-c02.sh:352: printf '%s\n' 0
+C02 run-c02.sh:360: for id in R1 R2 R3
+C02 run-c02.sh:360: run_repeat10 go126 local /home/lilingfeng/tmp/juicefs-c02-20260817-015425/cache/go-build-126 S-stock R2
+C02 run-c02.sh:326: local tool=go126 tc=local bc=/home/lilingfeng/tmp/juicefs-c02-20260817-015425/cache/go-build-126 arm=S-stock id=R2
+C02 run-c02.sh:327: local test_name=TestC02MultiBlockDispatchUsesLatestLength
+C02 run-c02.sh:328: local key=R2_S-stock
+C02 run-c02.sh:329: local expected_marker=C02_MISSED_MULTI_DISPATCH
+C02 run-c02.sh:330: local details=/home/lilingfeng/tmp/juicefs-c02-20260817-015425/meta/go126-S-stock-R2-repeat10.tsv
+C02 run-c02.sh:331: local aggregate=0
+C02 run-c02.sh:333: printf 'iteration\tactual_rc\tmarker_count\ttest_fail_count\tforbidden_count\texpectation_matched\tlog\n'
+C02 run-c02.sh:335: for iter in 01 02 03 04 05 06 07 08 09 10
+C02 run-c02.sh:336: local log_rel=logs/go126-S-stock-R2-repeat-01.log
+C02 run-c02.sh:337: local log_abs=/home/lilingfeng/tmp/juicefs-c02-20260817-015425/logs/go126-S-stock-R2-repeat-01.log
+C02 run-c02.sh:338: cd /home/lilingfeng/tmp/juicefs-c02-20260817-015425/src/S-stock
+C02 run-c02.sh:338: env GOTOOLCHAIN=local GOCACHE=/home/lilingfeng/tmp/juicefs-c02-20260817-015425/cache/go-build-126 GOFLAGS=-mod=readonly GOPROXY=https://goproxy.cn,direct GOMODCACHE=/home/lilingfeng/tmp/juicefs-c02-20260817-015425/cache/go-mod GOTMPDIR=/home/lilingfeng/tmp/juicefs-c02-20260817-015425/cache/go-tmp TMPDIR=/home/lilingfeng/tmp/juicefs-c02-20260817-015425/cache/os-tmp go test ./pkg/vfs -run '^TestC02MultiBlockDispatchUsesLatestLength$' -count=1 -v -timeout=2m
+C02 run-c02.sh:341: local rc=1
++C02 run-c02.sh:342: grep -c C02_MISSED_MULTI_DISPATCH /home/lilingfeng/tmp/juicefs-c02-20260817-015425/logs/go126-S-stock-R2-repeat-01.log
+C02 run-c02.sh:342: local mc=1
++C02 run-c02.sh:343: grep -c -- '--- FAIL: TestC02MultiBlockDispatchUsesLatestLength' /home/lilingfeng/tmp/juicefs-c02-20260817-015425/logs/go126-S-stock-R2-repeat-01.log
+C02 run-c02.sh:343: local fc=1
+C02 run-c02.sh:344: local fbd=0
+C02 run-c02.sh:345: grep -Eq '\[build failed\]|panic:|fatal error:|test timed out|DATA RACE' /home/lilingfeng/tmp/juicefs-c02-20260817-015425/logs/go126-S-stock-R2-repeat-01.log
+C02 run-c02.sh:346: local m=NO
+C02 run-c02.sh:347: '[' 1 -ne 0 ']'
+C02 run-c02.sh:347: '[' 1 -eq 1 ']'
+C02 run-c02.sh:347: '[' 1 -eq 1 ']'
+C02 run-c02.sh:347: '[' 0 -eq 0 ']'
+C02 run-c02.sh:347: m=YES
+C02 run-c02.sh:348: printf '%s\n' 1
+C02 run-c02.sh:349: printf '%s\t%s\t%s\t%s\t%s\t%s\t%s\n' 01 1 1 1 0 YES logs/go126-S-stock-R2-repeat-01.log
+C02 run-c02.sh:335: for iter in 01 02 03 04 05 06 07 08 09 10
+C02 run-c02.sh:336: local log_rel=logs/go126-S-stock-R2-repeat-02.log
+C02 run-c02.sh:337: local log_abs=/home/lilingfeng/tmp/juicefs-c02-20260817-015425/logs/go126-S-stock-R2-repeat-02.log
+C02 run-c02.sh:338: cd /home/lilingfeng/tmp/juicefs-c02-20260817-015425/src/S-stock
+C02 run-c02.sh:338: env GOTOOLCHAIN=local GOCACHE=/home/lilingfeng/tmp/juicefs-c02-20260817-015425/cache/go-build-126 GOFLAGS=-mod=readonly GOPROXY=https://goproxy.cn,direct GOMODCACHE=/home/lilingfeng/tmp/juicefs-c02-20260817-015425/cache/go-mod GOTMPDIR=/home/lilingfeng/tmp/juicefs-c02-20260817-015425/cache/go-tmp TMPDIR=/home/lilingfeng/tmp/juicefs-c02-20260817-015425/cache/os-tmp go test ./pkg/vfs -run '^TestC02MultiBlockDispatchUsesLatestLength$' -count=1 -v -timeout=2m
+C02 run-c02.sh:341: local rc=1
++C02 run-c02.sh:342: grep -c C02_MISSED_MULTI_DISPATCH /home/lilingfeng/tmp/juicefs-c02-20260817-015425/logs/go126-S-stock-R2-repeat-02.log
+C02 run-c02.sh:342: local mc=1
++C02 run-c02.sh:343: grep -c -- '--- FAIL: TestC02MultiBlockDispatchUsesLatestLength' /home/lilingfeng/tmp/juicefs-c02-20260817-015425/logs/go126-S-stock-R2-repeat-02.log
+C02 run-c02.sh:343: local fc=1
+C02 run-c02.sh:344: local fbd=0
+C02 run-c02.sh:345: grep -Eq '\[build failed\]|panic:|fatal error:|test timed out|DATA RACE' /home/lilingfeng/tmp/juicefs-c02-20260817-015425/logs/go126-S-stock-R2-repeat-02.log
+C02 run-c02.sh:346: local m=NO
+C02 run-c02.sh:347: '[' 1 -ne 0 ']'
+C02 run-c02.sh:347: '[' 1 -eq 1 ']'
+C02 run-c02.sh:347: '[' 1 -eq 1 ']'
+C02 run-c02.sh:347: '[' 0 -eq 0 ']'
+C02 run-c02.sh:347: m=YES
+C02 run-c02.sh:348: printf '%s\n' 1
+C02 run-c02.sh:349: printf '%s\t%s\t%s\t%s\t%s\t%s\t%s\n' 02 1 1 1 0 YES logs/go126-S-stock-R2-repeat-02.log
+C02 run-c02.sh:335: for iter in 01 02 03 04 05 06 07 08 09 10
+C02 run-c02.sh:336: local log_rel=logs/go126-S-stock-R2-repeat-03.log
+C02 run-c02.sh:337: local log_abs=/home/lilingfeng/tmp/juicefs-c02-20260817-015425/logs/go126-S-stock-R2-repeat-03.log
+C02 run-c02.sh:338: cd /home/lilingfeng/tmp/juicefs-c02-20260817-015425/src/S-stock
+C02 run-c02.sh:338: env GOTOOLCHAIN=local GOCACHE=/home/lilingfeng/tmp/juicefs-c02-20260817-015425/cache/go-build-126 GOFLAGS=-mod=readonly GOPROXY=https://goproxy.cn,direct GOMODCACHE=/home/lilingfeng/tmp/juicefs-c02-20260817-015425/cache/go-mod GOTMPDIR=/home/lilingfeng/tmp/juicefs-c02-20260817-015425/cache/go-tmp TMPDIR=/home/lilingfeng/tmp/juicefs-c02-20260817-015425/cache/os-tmp go test ./pkg/vfs -run '^TestC02MultiBlockDispatchUsesLatestLength$' -count=1 -v -timeout=2m
+C02 run-c02.sh:341: local rc=1
++C02 run-c02.sh:342: grep -c C02_MISSED_MULTI_DISPATCH /home/lilingfeng/tmp/juicefs-c02-20260817-015425/logs/go126-S-stock-R2-repeat-03.log
+C02 run-c02.sh:342: local mc=1
++C02 run-c02.sh:343: grep -c -- '--- FAIL: TestC02MultiBlockDispatchUsesLatestLength' /home/lilingfeng/tmp/juicefs-c02-20260817-015425/logs/go126-S-stock-R2-repeat-03.log
+C02 run-c02.sh:343: local fc=1
+C02 run-c02.sh:344: local fbd=0
+C02 run-c02.sh:345: grep -Eq '\[build failed\]|panic:|fatal error:|test timed out|DATA RACE' /home/lilingfeng/tmp/juicefs-c02-20260817-015425/logs/go126-S-stock-R2-repeat-03.log
+C02 run-c02.sh:346: local m=NO
+C02 run-c02.sh:347: '[' 1 -ne 0 ']'
+C02 run-c02.sh:347: '[' 1 -eq 1 ']'
+C02 run-c02.sh:347: '[' 1 -eq 1 ']'
+C02 run-c02.sh:347: '[' 0 -eq 0 ']'
+C02 run-c02.sh:347: m=YES
+C02 run-c02.sh:348: printf '%s\n' 1
+C02 run-c02.sh:349: printf '%s\t%s\t%s\t%s\t%s\t%s\t%s\n' 03 1 1 1 0 YES logs/go126-S-stock-R2-repeat-03.log
+C02 run-c02.sh:335: for iter in 01 02 03 04 05 06 07 08 09 10
+C02 run-c02.sh:336: local log_rel=logs/go126-S-stock-R2-repeat-04.log
+C02 run-c02.sh:337: local log_abs=/home/lilingfeng/tmp/juicefs-c02-20260817-015425/logs/go126-S-stock-R2-repeat-04.log
+C02 run-c02.sh:338: cd /home/lilingfeng/tmp/juicefs-c02-20260817-015425/src/S-stock
+C02 run-c02.sh:338: env GOTOOLCHAIN=local GOCACHE=/home/lilingfeng/tmp/juicefs-c02-20260817-015425/cache/go-build-126 GOFLAGS=-mod=readonly GOPROXY=https://goproxy.cn,direct GOMODCACHE=/home/lilingfeng/tmp/juicefs-c02-20260817-015425/cache/go-mod GOTMPDIR=/home/lilingfeng/tmp/juicefs-c02-20260817-015425/cache/go-tmp TMPDIR=/home/lilingfeng/tmp/juicefs-c02-20260817-015425/cache/os-tmp go test ./pkg/vfs -run '^TestC02MultiBlockDispatchUsesLatestLength$' -count=1 -v -timeout=2m
+C02 run-c02.sh:341: local rc=1
++C02 run-c02.sh:342: grep -c C02_MISSED_MULTI_DISPATCH /home/lilingfeng/tmp/juicefs-c02-20260817-015425/logs/go126-S-stock-R2-repeat-04.log
+C02 run-c02.sh:342: local mc=1
++C02 run-c02.sh:343: grep -c -- '--- FAIL: TestC02MultiBlockDispatchUsesLatestLength' /home/lilingfeng/tmp/juicefs-c02-20260817-015425/logs/go126-S-stock-R2-repeat-04.log
+C02 run-c02.sh:343: local fc=1
+C02 run-c02.sh:344: local fbd=0
+C02 run-c02.sh:345: grep -Eq '\[build failed\]|panic:|fatal error:|test timed out|DATA RACE' /home/lilingfeng/tmp/juicefs-c02-20260817-015425/logs/go126-S-stock-R2-repeat-04.log
+C02 run-c02.sh:346: local m=NO
+C02 run-c02.sh:347: '[' 1 -ne 0 ']'
+C02 run-c02.sh:347: '[' 1 -eq 1 ']'
+C02 run-c02.sh:347: '[' 1 -eq 1 ']'
+C02 run-c02.sh:347: '[' 0 -eq 0 ']'
+C02 run-c02.sh:347: m=YES
+C02 run-c02.sh:348: printf '%s\n' 1
+C02 run-c02.sh:349: printf '%s\t%s\t%s\t%s\t%s\t%s\t%s\n' 04 1 1 1 0 YES logs/go126-S-stock-R2-repeat-04.log
+C02 run-c02.sh:335: for iter in 01 02 03 04 05 06 07 08 09 10
+C02 run-c02.sh:336: local log_rel=logs/go126-S-stock-R2-repeat-05.log
+C02 run-c02.sh:337: local log_abs=/home/lilingfeng/tmp/juicefs-c02-20260817-015425/logs/go126-S-stock-R2-repeat-05.log
+C02 run-c02.sh:338: cd /home/lilingfeng/tmp/juicefs-c02-20260817-015425/src/S-stock
+C02 run-c02.sh:338: env GOTOOLCHAIN=local GOCACHE=/home/lilingfeng/tmp/juicefs-c02-20260817-015425/cache/go-build-126 GOFLAGS=-mod=readonly GOPROXY=https://goproxy.cn,direct GOMODCACHE=/home/lilingfeng/tmp/juicefs-c02-20260817-015425/cache/go-mod GOTMPDIR=/home/lilingfeng/tmp/juicefs-c02-20260817-015425/cache/go-tmp TMPDIR=/home/lilingfeng/tmp/juicefs-c02-20260817-015425/cache/os-tmp go test ./pkg/vfs -run '^TestC02MultiBlockDispatchUsesLatestLength$' -count=1 -v -timeout=2m
+C02 run-c02.sh:341: local rc=1
++C02 run-c02.sh:342: grep -c C02_MISSED_MULTI_DISPATCH /home/lilingfeng/tmp/juicefs-c02-20260817-015425/logs/go126-S-stock-R2-repeat-05.log
+C02 run-c02.sh:342: local mc=1
++C02 run-c02.sh:343: grep -c -- '--- FAIL: TestC02MultiBlockDispatchUsesLatestLength' /home/lilingfeng/tmp/juicefs-c02-20260817-015425/logs/go126-S-stock-R2-repeat-05.log
+C02 run-c02.sh:343: local fc=1
+C02 run-c02.sh:344: local fbd=0
+C02 run-c02.sh:345: grep -Eq '\[build failed\]|panic:|fatal error:|test timed out|DATA RACE' /home/lilingfeng/tmp/juicefs-c02-20260817-015425/logs/go126-S-stock-R2-repeat-05.log
+C02 run-c02.sh:346: local m=NO
+C02 run-c02.sh:347: '[' 1 -ne 0 ']'
+C02 run-c02.sh:347: '[' 1 -eq 1 ']'
+C02 run-c02.sh:347: '[' 1 -eq 1 ']'
+C02 run-c02.sh:347: '[' 0 -eq 0 ']'
+C02 run-c02.sh:347: m=YES
+C02 run-c02.sh:348: printf '%s\n' 1
+C02 run-c02.sh:349: printf '%s\t%s\t%s\t%s\t%s\t%s\t%s\n' 05 1 1 1 0 YES logs/go126-S-stock-R2-repeat-05.log
+C02 run-c02.sh:335: for iter in 01 02 03 04 05 06 07 08 09 10
+C02 run-c02.sh:336: local log_rel=logs/go126-S-stock-R2-repeat-06.log
+C02 run-c02.sh:337: local log_abs=/home/lilingfeng/tmp/juicefs-c02-20260817-015425/logs/go126-S-stock-R2-repeat-06.log
+C02 run-c02.sh:338: cd /home/lilingfeng/tmp/juicefs-c02-20260817-015425/src/S-stock
+C02 run-c02.sh:338: env GOTOOLCHAIN=local GOCACHE=/home/lilingfeng/tmp/juicefs-c02-20260817-015425/cache/go-build-126 GOFLAGS=-mod=readonly GOPROXY=https://goproxy.cn,direct GOMODCACHE=/home/lilingfeng/tmp/juicefs-c02-20260817-015425/cache/go-mod GOTMPDIR=/home/lilingfeng/tmp/juicefs-c02-20260817-015425/cache/go-tmp TMPDIR=/home/lilingfeng/tmp/juicefs-c02-20260817-015425/cache/os-tmp go test ./pkg/vfs -run '^TestC02MultiBlockDispatchUsesLatestLength$' -count=1 -v -timeout=2m
+C02 run-c02.sh:341: local rc=1
++C02 run-c02.sh:342: grep -c C02_MISSED_MULTI_DISPATCH /home/lilingfeng/tmp/juicefs-c02-20260817-015425/logs/go126-S-stock-R2-repeat-06.log
+C02 run-c02.sh:342: local mc=1
++C02 run-c02.sh:343: grep -c -- '--- FAIL: TestC02MultiBlockDispatchUsesLatestLength' /home/lilingfeng/tmp/juicefs-c02-20260817-015425/logs/go126-S-stock-R2-repeat-06.log
+C02 run-c02.sh:343: local fc=1
+C02 run-c02.sh:344: local fbd=0
+C02 run-c02.sh:345: grep -Eq '\[build failed\]|panic:|fatal error:|test timed out|DATA RACE' /home/lilingfeng/tmp/juicefs-c02-20260817-015425/logs/go126-S-stock-R2-repeat-06.log
+C02 run-c02.sh:346: local m=NO
+C02 run-c02.sh:347: '[' 1 -ne 0 ']'
+C02 run-c02.sh:347: '[' 1 -eq 1 ']'
+C02 run-c02.sh:347: '[' 1 -eq 1 ']'
+C02 run-c02.sh:347: '[' 0 -eq 0 ']'
+C02 run-c02.sh:347: m=YES
+C02 run-c02.sh:348: printf '%s\n' 1
+C02 run-c02.sh:349: printf '%s\t%s\t%s\t%s\t%s\t%s\t%s\n' 06 1 1 1 0 YES logs/go126-S-stock-R2-repeat-06.log
+C02 run-c02.sh:335: for iter in 01 02 03 04 05 06 07 08 09 10
+C02 run-c02.sh:336: local log_rel=logs/go126-S-stock-R2-repeat-07.log
+C02 run-c02.sh:337: local log_abs=/home/lilingfeng/tmp/juicefs-c02-20260817-015425/logs/go126-S-stock-R2-repeat-07.log
+C02 run-c02.sh:338: cd /home/lilingfeng/tmp/juicefs-c02-20260817-015425/src/S-stock
+C02 run-c02.sh:338: env GOTOOLCHAIN=local GOCACHE=/home/lilingfeng/tmp/juicefs-c02-20260817-015425/cache/go-build-126 GOFLAGS=-mod=readonly GOPROXY=https://goproxy.cn,direct GOMODCACHE=/home/lilingfeng/tmp/juicefs-c02-20260817-015425/cache/go-mod GOTMPDIR=/home/lilingfeng/tmp/juicefs-c02-20260817-015425/cache/go-tmp TMPDIR=/home/lilingfeng/tmp/juicefs-c02-20260817-015425/cache/os-tmp go test ./pkg/vfs -run '^TestC02MultiBlockDispatchUsesLatestLength$' -count=1 -v -timeout=2m
+C02 run-c02.sh:341: local rc=1
++C02 run-c02.sh:342: grep -c C02_MISSED_MULTI_DISPATCH /home/lilingfeng/tmp/juicefs-c02-20260817-015425/logs/go126-S-stock-R2-repeat-07.log
+C02 run-c02.sh:342: local mc=1
++C02 run-c02.sh:343: grep -c -- '--- FAIL: TestC02MultiBlockDispatchUsesLatestLength' /home/lilingfeng/tmp/juicefs-c02-20260817-015425/logs/go126-S-stock-R2-repeat-07.log
+C02 run-c02.sh:343: local fc=1
+C02 run-c02.sh:344: local fbd=0
+C02 run-c02.sh:345: grep -Eq '\[build failed\]|panic:|fatal error:|test timed out|DATA RACE' /home/lilingfeng/tmp/juicefs-c02-20260817-015425/logs/go126-S-stock-R2-repeat-07.log
+C02 run-c02.sh:346: local m=NO
+C02 run-c02.sh:347: '[' 1 -ne 0 ']'
+C02 run-c02.sh:347: '[' 1 -eq 1 ']'
+C02 run-c02.sh:347: '[' 1 -eq 1 ']'
+C02 run-c02.sh:347: '[' 0 -eq 0 ']'
+C02 run-c02.sh:347: m=YES
+C02 run-c02.sh:348: printf '%s\n' 1
+C02 run-c02.sh:349: printf '%s\t%s\t%s\t%s\t%s\t%s\t%s\n' 07 1 1 1 0 YES logs/go126-S-stock-R2-repeat-07.log
+C02 run-c02.sh:335: for iter in 01 02 03 04 05 06 07 08 09 10
+C02 run-c02.sh:336: local log_rel=logs/go126-S-stock-R2-repeat-08.log
+C02 run-c02.sh:337: local log_abs=/home/lilingfeng/tmp/juicefs-c02-20260817-015425/logs/go126-S-stock-R2-repeat-08.log
+C02 run-c02.sh:338: cd /home/lilingfeng/tmp/juicefs-c02-20260817-015425/src/S-stock
+C02 run-c02.sh:338: env GOTOOLCHAIN=local GOCACHE=/home/lilingfeng/tmp/juicefs-c02-20260817-015425/cache/go-build-126 GOFLAGS=-mod=readonly GOPROXY=https://goproxy.cn,direct GOMODCACHE=/home/lilingfeng/tmp/juicefs-c02-20260817-015425/cache/go-mod GOTMPDIR=/home/lilingfeng/tmp/juicefs-c02-20260817-015425/cache/go-tmp TMPDIR=/home/lilingfeng/tmp/juicefs-c02-20260817-015425/cache/os-tmp go test ./pkg/vfs -run '^TestC02MultiBlockDispatchUsesLatestLength$' -count=1 -v -timeout=2m
+C02 run-c02.sh:341: local rc=1
++C02 run-c02.sh:342: grep -c C02_MISSED_MULTI_DISPATCH /home/lilingfeng/tmp/juicefs-c02-20260817-015425/logs/go126-S-stock-R2-repeat-08.log
+C02 run-c02.sh:342: local mc=1
++C02 run-c02.sh:343: grep -c -- '--- FAIL: TestC02MultiBlockDispatchUsesLatestLength' /home/lilingfeng/tmp/juicefs-c02-20260817-015425/logs/go126-S-stock-R2-repeat-08.log
+C02 run-c02.sh:343: local fc=1
+C02 run-c02.sh:344: local fbd=0
+C02 run-c02.sh:345: grep -Eq '\[build failed\]|panic:|fatal error:|test timed out|DATA RACE' /home/lilingfeng/tmp/juicefs-c02-20260817-015425/logs/go126-S-stock-R2-repeat-08.log
+C02 run-c02.sh:346: local m=NO
+C02 run-c02.sh:347: '[' 1 -ne 0 ']'
+C02 run-c02.sh:347: '[' 1 -eq 1 ']'
+C02 run-c02.sh:347: '[' 1 -eq 1 ']'
+C02 run-c02.sh:347: '[' 0 -eq 0 ']'
+C02 run-c02.sh:347: m=YES
+C02 run-c02.sh:348: printf '%s\n' 1
+C02 run-c02.sh:349: printf '%s\t%s\t%s\t%s\t%s\t%s\t%s\n' 08 1 1 1 0 YES logs/go126-S-stock-R2-repeat-08.log
+C02 run-c02.sh:335: for iter in 01 02 03 04 05 06 07 08 09 10
+C02 run-c02.sh:336: local log_rel=logs/go126-S-stock-R2-repeat-09.log
+C02 run-c02.sh:337: local log_abs=/home/lilingfeng/tmp/juicefs-c02-20260817-015425/logs/go126-S-stock-R2-repeat-09.log
+C02 run-c02.sh:338: cd /home/lilingfeng/tmp/juicefs-c02-20260817-015425/src/S-stock
+C02 run-c02.sh:338: env GOTOOLCHAIN=local GOCACHE=/home/lilingfeng/tmp/juicefs-c02-20260817-015425/cache/go-build-126 GOFLAGS=-mod=readonly GOPROXY=https://goproxy.cn,direct GOMODCACHE=/home/lilingfeng/tmp/juicefs-c02-20260817-015425/cache/go-mod GOTMPDIR=/home/lilingfeng/tmp/juicefs-c02-20260817-015425/cache/go-tmp TMPDIR=/home/lilingfeng/tmp/juicefs-c02-20260817-015425/cache/os-tmp go test ./pkg/vfs -run '^TestC02MultiBlockDispatchUsesLatestLength$' -count=1 -v -timeout=2m
+C02 run-c02.sh:341: local rc=1
++C02 run-c02.sh:342: grep -c C02_MISSED_MULTI_DISPATCH /home/lilingfeng/tmp/juicefs-c02-20260817-015425/logs/go126-S-stock-R2-repeat-09.log
+C02 run-c02.sh:342: local mc=1
++C02 run-c02.sh:343: grep -c -- '--- FAIL: TestC02MultiBlockDispatchUsesLatestLength' /home/lilingfeng/tmp/juicefs-c02-20260817-015425/logs/go126-S-stock-R2-repeat-09.log
+C02 run-c02.sh:343: local fc=1
+C02 run-c02.sh:344: local fbd=0
+C02 run-c02.sh:345: grep -Eq '\[build failed\]|panic:|fatal error:|test timed out|DATA RACE' /home/lilingfeng/tmp/juicefs-c02-20260817-015425/logs/go126-S-stock-R2-repeat-09.log
+C02 run-c02.sh:346: local m=NO
+C02 run-c02.sh:347: '[' 1 -ne 0 ']'
+C02 run-c02.sh:347: '[' 1 -eq 1 ']'
+C02 run-c02.sh:347: '[' 1 -eq 1 ']'
+C02 run-c02.sh:347: '[' 0 -eq 0 ']'
+C02 run-c02.sh:347: m=YES
+C02 run-c02.sh:348: printf '%s\n' 1
+C02 run-c02.sh:349: printf '%s\t%s\t%s\t%s\t%s\t%s\t%s\n' 09 1 1 1 0 YES logs/go126-S-stock-R2-repeat-09.log
+C02 run-c02.sh:335: for iter in 01 02 03 04 05 06 07 08 09 10
+C02 run-c02.sh:336: local log_rel=logs/go126-S-stock-R2-repeat-10.log
+C02 run-c02.sh:337: local log_abs=/home/lilingfeng/tmp/juicefs-c02-20260817-015425/logs/go126-S-stock-R2-repeat-10.log
+C02 run-c02.sh:338: cd /home/lilingfeng/tmp/juicefs-c02-20260817-015425/src/S-stock
+C02 run-c02.sh:338: env GOTOOLCHAIN=local GOCACHE=/home/lilingfeng/tmp/juicefs-c02-20260817-015425/cache/go-build-126 GOFLAGS=-mod=readonly GOPROXY=https://goproxy.cn,direct GOMODCACHE=/home/lilingfeng/tmp/juicefs-c02-20260817-015425/cache/go-mod GOTMPDIR=/home/lilingfeng/tmp/juicefs-c02-20260817-015425/cache/go-tmp TMPDIR=/home/lilingfeng/tmp/juicefs-c02-20260817-015425/cache/os-tmp go test ./pkg/vfs -run '^TestC02MultiBlockDispatchUsesLatestLength$' -count=1 -v -timeout=2m
+C02 run-c02.sh:341: local rc=1
++C02 run-c02.sh:342: grep -c C02_MISSED_MULTI_DISPATCH /home/lilingfeng/tmp/juicefs-c02-20260817-015425/logs/go126-S-stock-R2-repeat-10.log
+C02 run-c02.sh:342: local mc=1
++C02 run-c02.sh:343: grep -c -- '--- FAIL: TestC02MultiBlockDispatchUsesLatestLength' /home/lilingfeng/tmp/juicefs-c02-20260817-015425/logs/go126-S-stock-R2-repeat-10.log
+C02 run-c02.sh:343: local fc=1
+C02 run-c02.sh:344: local fbd=0
+C02 run-c02.sh:345: grep -Eq '\[build failed\]|panic:|fatal error:|test timed out|DATA RACE' /home/lilingfeng/tmp/juicefs-c02-20260817-015425/logs/go126-S-stock-R2-repeat-10.log
+C02 run-c02.sh:346: local m=NO
+C02 run-c02.sh:347: '[' 1 -ne 0 ']'
+C02 run-c02.sh:347: '[' 1 -eq 1 ']'
+C02 run-c02.sh:347: '[' 1 -eq 1 ']'
+C02 run-c02.sh:347: '[' 0 -eq 0 ']'
+C02 run-c02.sh:347: m=YES
+C02 run-c02.sh:348: printf '%s\n' 1
+C02 run-c02.sh:349: printf '%s\t%s\t%s\t%s\t%s\t%s\t%s\n' 10 1 1 1 0 YES logs/go126-S-stock-R2-repeat-10.log
+C02 run-c02.sh:352: printf '%s\n' 0
+C02 run-c02.sh:360: for id in R1 R2 R3
+C02 run-c02.sh:360: run_repeat10 go126 local /home/lilingfeng/tmp/juicefs-c02-20260817-015425/cache/go-build-126 S-stock R3
+C02 run-c02.sh:326: local tool=go126 tc=local bc=/home/lilingfeng/tmp/juicefs-c02-20260817-015425/cache/go-build-126 arm=S-stock id=R3
+C02 run-c02.sh:327: local test_name=TestC02FlushToFailureIsObservable
+C02 run-c02.sh:328: local key=R3_S-stock
+C02 run-c02.sh:329: local expected_marker=C02_SWALLOWED_FLUSH_ERROR
+C02 run-c02.sh:330: local details=/home/lilingfeng/tmp/juicefs-c02-20260817-015425/meta/go126-S-stock-R3-repeat10.tsv
+C02 run-c02.sh:331: local aggregate=0
+C02 run-c02.sh:333: printf 'iteration\tactual_rc\tmarker_count\ttest_fail_count\tforbidden_count\texpectation_matched\tlog\n'
+C02 run-c02.sh:335: for iter in 01 02 03 04 05 06 07 08 09 10
+C02 run-c02.sh:336: local log_rel=logs/go126-S-stock-R3-repeat-01.log
+C02 run-c02.sh:337: local log_abs=/home/lilingfeng/tmp/juicefs-c02-20260817-015425/logs/go126-S-stock-R3-repeat-01.log
+C02 run-c02.sh:338: cd /home/lilingfeng/tmp/juicefs-c02-20260817-015425/src/S-stock
+C02 run-c02.sh:338: env GOTOOLCHAIN=local GOCACHE=/home/lilingfeng/tmp/juicefs-c02-20260817-015425/cache/go-build-126 GOFLAGS=-mod=readonly GOPROXY=https://goproxy.cn,direct GOMODCACHE=/home/lilingfeng/tmp/juicefs-c02-20260817-015425/cache/go-mod GOTMPDIR=/home/lilingfeng/tmp/juicefs-c02-20260817-015425/cache/go-tmp TMPDIR=/home/lilingfeng/tmp/juicefs-c02-20260817-015425/cache/os-tmp go test ./pkg/vfs -run '^TestC02FlushToFailureIsObservable$' -count=1 -v -timeout=2m
+C02 run-c02.sh:341: local rc=1
++C02 run-c02.sh:342: grep -c C02_SWALLOWED_FLUSH_ERROR /home/lilingfeng/tmp/juicefs-c02-20260817-015425/logs/go126-S-stock-R3-repeat-01.log
+C02 run-c02.sh:342: local mc=1
++C02 run-c02.sh:343: grep -c -- '--- FAIL: TestC02FlushToFailureIsObservable' /home/lilingfeng/tmp/juicefs-c02-20260817-015425/logs/go126-S-stock-R3-repeat-01.log
+C02 run-c02.sh:343: local fc=1
+C02 run-c02.sh:344: local fbd=0
+C02 run-c02.sh:345: grep -Eq '\[build failed\]|panic:|fatal error:|test timed out|DATA RACE' /home/lilingfeng/tmp/juicefs-c02-20260817-015425/logs/go126-S-stock-R3-repeat-01.log
+C02 run-c02.sh:346: local m=NO
+C02 run-c02.sh:347: '[' 1 -ne 0 ']'
+C02 run-c02.sh:347: '[' 1 -eq 1 ']'
+C02 run-c02.sh:347: '[' 1 -eq 1 ']'
+C02 run-c02.sh:347: '[' 0 -eq 0 ']'
+C02 run-c02.sh:347: m=YES
+C02 run-c02.sh:348: printf '%s\n' 1
+C02 run-c02.sh:349: printf '%s\t%s\t%s\t%s\t%s\t%s\t%s\n' 01 1 1 1 0 YES logs/go126-S-stock-R3-repeat-01.log
+C02 run-c02.sh:335: for iter in 01 02 03 04 05 06 07 08 09 10
+C02 run-c02.sh:336: local log_rel=logs/go126-S-stock-R3-repeat-02.log
+C02 run-c02.sh:337: local log_abs=/home/lilingfeng/tmp/juicefs-c02-20260817-015425/logs/go126-S-stock-R3-repeat-02.log
+C02 run-c02.sh:338: cd /home/lilingfeng/tmp/juicefs-c02-20260817-015425/src/S-stock
+C02 run-c02.sh:338: env GOTOOLCHAIN=local GOCACHE=/home/lilingfeng/tmp/juicefs-c02-20260817-015425/cache/go-build-126 GOFLAGS=-mod=readonly GOPROXY=https://goproxy.cn,direct GOMODCACHE=/home/lilingfeng/tmp/juicefs-c02-20260817-015425/cache/go-mod GOTMPDIR=/home/lilingfeng/tmp/juicefs-c02-20260817-015425/cache/go-tmp TMPDIR=/home/lilingfeng/tmp/juicefs-c02-20260817-015425/cache/os-tmp go test ./pkg/vfs -run '^TestC02FlushToFailureIsObservable$' -count=1 -v -timeout=2m
+C02 run-c02.sh:341: local rc=1
++C02 run-c02.sh:342: grep -c C02_SWALLOWED_FLUSH_ERROR /home/lilingfeng/tmp/juicefs-c02-20260817-015425/logs/go126-S-stock-R3-repeat-02.log
+C02 run-c02.sh:342: local mc=1
++C02 run-c02.sh:343: grep -c -- '--- FAIL: TestC02FlushToFailureIsObservable' /home/lilingfeng/tmp/juicefs-c02-20260817-015425/logs/go126-S-stock-R3-repeat-02.log
+C02 run-c02.sh:343: local fc=1
+C02 run-c02.sh:344: local fbd=0
+C02 run-c02.sh:345: grep -Eq '\[build failed\]|panic:|fatal error:|test timed out|DATA RACE' /home/lilingfeng/tmp/juicefs-c02-20260817-015425/logs/go126-S-stock-R3-repeat-02.log
+C02 run-c02.sh:346: local m=NO
+C02 run-c02.sh:347: '[' 1 -ne 0 ']'
+C02 run-c02.sh:347: '[' 1 -eq 1 ']'
+C02 run-c02.sh:347: '[' 1 -eq 1 ']'
+C02 run-c02.sh:347: '[' 0 -eq 0 ']'
+C02 run-c02.sh:347: m=YES
+C02 run-c02.sh:348: printf '%s\n' 1
+C02 run-c02.sh:349: printf '%s\t%s\t%s\t%s\t%s\t%s\t%s\n' 02 1 1 1 0 YES logs/go126-S-stock-R3-repeat-02.log
+C02 run-c02.sh:335: for iter in 01 02 03 04 05 06 07 08 09 10
+C02 run-c02.sh:336: local log_rel=logs/go126-S-stock-R3-repeat-03.log
+C02 run-c02.sh:337: local log_abs=/home/lilingfeng/tmp/juicefs-c02-20260817-015425/logs/go126-S-stock-R3-repeat-03.log
+C02 run-c02.sh:338: cd /home/lilingfeng/tmp/juicefs-c02-20260817-015425/src/S-stock
+C02 run-c02.sh:338: env GOTOOLCHAIN=local GOCACHE=/home/lilingfeng/tmp/juicefs-c02-20260817-015425/cache/go-build-126 GOFLAGS=-mod=readonly GOPROXY=https://goproxy.cn,direct GOMODCACHE=/home/lilingfeng/tmp/juicefs-c02-20260817-015425/cache/go-mod GOTMPDIR=/home/lilingfeng/tmp/juicefs-c02-20260817-015425/cache/go-tmp TMPDIR=/home/lilingfeng/tmp/juicefs-c02-20260817-015425/cache/os-tmp go test ./pkg/vfs -run '^TestC02FlushToFailureIsObservable$' -count=1 -v -timeout=2m
+C02 run-c02.sh:341: local rc=1
++C02 run-c02.sh:342: grep -c C02_SWALLOWED_FLUSH_ERROR /home/lilingfeng/tmp/juicefs-c02-20260817-015425/logs/go126-S-stock-R3-repeat-03.log
+C02 run-c02.sh:342: local mc=1
++C02 run-c02.sh:343: grep -c -- '--- FAIL: TestC02FlushToFailureIsObservable' /home/lilingfeng/tmp/juicefs-c02-20260817-015425/logs/go126-S-stock-R3-repeat-03.log
+C02 run-c02.sh:343: local fc=1
+C02 run-c02.sh:344: local fbd=0
+C02 run-c02.sh:345: grep -Eq '\[build failed\]|panic:|fatal error:|test timed out|DATA RACE' /home/lilingfeng/tmp/juicefs-c02-20260817-015425/logs/go126-S-stock-R3-repeat-03.log
+C02 run-c02.sh:346: local m=NO
+C02 run-c02.sh:347: '[' 1 -ne 0 ']'
+C02 run-c02.sh:347: '[' 1 -eq 1 ']'
+C02 run-c02.sh:347: '[' 1 -eq 1 ']'
+C02 run-c02.sh:347: '[' 0 -eq 0 ']'
+C02 run-c02.sh:347: m=YES
+C02 run-c02.sh:348: printf '%s\n' 1
+C02 run-c02.sh:349: printf '%s\t%s\t%s\t%s\t%s\t%s\t%s\n' 03 1 1 1 0 YES logs/go126-S-stock-R3-repeat-03.log
+C02 run-c02.sh:335: for iter in 01 02 03 04 05 06 07 08 09 10
+C02 run-c02.sh:336: local log_rel=logs/go126-S-stock-R3-repeat-04.log
+C02 run-c02.sh:337: local log_abs=/home/lilingfeng/tmp/juicefs-c02-20260817-015425/logs/go126-S-stock-R3-repeat-04.log
+C02 run-c02.sh:338: cd /home/lilingfeng/tmp/juicefs-c02-20260817-015425/src/S-stock
+C02 run-c02.sh:338: env GOTOOLCHAIN=local GOCACHE=/home/lilingfeng/tmp/juicefs-c02-20260817-015425/cache/go-build-126 GOFLAGS=-mod=readonly GOPROXY=https://goproxy.cn,direct GOMODCACHE=/home/lilingfeng/tmp/juicefs-c02-20260817-015425/cache/go-mod GOTMPDIR=/home/lilingfeng/tmp/juicefs-c02-20260817-015425/cache/go-tmp TMPDIR=/home/lilingfeng/tmp/juicefs-c02-20260817-015425/cache/os-tmp go test ./pkg/vfs -run '^TestC02FlushToFailureIsObservable$' -count=1 -v -timeout=2m
+C02 run-c02.sh:341: local rc=1
++C02 run-c02.sh:342: grep -c C02_SWALLOWED_FLUSH_ERROR /home/lilingfeng/tmp/juicefs-c02-20260817-015425/logs/go126-S-stock-R3-repeat-04.log
+C02 run-c02.sh:342: local mc=1
++C02 run-c02.sh:343: grep -c -- '--- FAIL: TestC02FlushToFailureIsObservable' /home/lilingfeng/tmp/juicefs-c02-20260817-015425/logs/go126-S-stock-R3-repeat-04.log
+C02 run-c02.sh:343: local fc=1
+C02 run-c02.sh:344: local fbd=0
+C02 run-c02.sh:345: grep -Eq '\[build failed\]|panic:|fatal error:|test timed out|DATA RACE' /home/lilingfeng/tmp/juicefs-c02-20260817-015425/logs/go126-S-stock-R3-repeat-04.log
+C02 run-c02.sh:346: local m=NO
+C02 run-c02.sh:347: '[' 1 -ne 0 ']'
+C02 run-c02.sh:347: '[' 1 -eq 1 ']'
+C02 run-c02.sh:347: '[' 1 -eq 1 ']'
+C02 run-c02.sh:347: '[' 0 -eq 0 ']'
+C02 run-c02.sh:347: m=YES
+C02 run-c02.sh:348: printf '%s\n' 1
+C02 run-c02.sh:349: printf '%s\t%s\t%s\t%s\t%s\t%s\t%s\n' 04 1 1 1 0 YES logs/go126-S-stock-R3-repeat-04.log
+C02 run-c02.sh:335: for iter in 01 02 03 04 05 06 07 08 09 10
+C02 run-c02.sh:336: local log_rel=logs/go126-S-stock-R3-repeat-05.log
+C02 run-c02.sh:337: local log_abs=/home/lilingfeng/tmp/juicefs-c02-20260817-015425/logs/go126-S-stock-R3-repeat-05.log
+C02 run-c02.sh:338: cd /home/lilingfeng/tmp/juicefs-c02-20260817-015425/src/S-stock
+C02 run-c02.sh:338: env GOTOOLCHAIN=local GOCACHE=/home/lilingfeng/tmp/juicefs-c02-20260817-015425/cache/go-build-126 GOFLAGS=-mod=readonly GOPROXY=https://goproxy.cn,direct GOMODCACHE=/home/lilingfeng/tmp/juicefs-c02-20260817-015425/cache/go-mod GOTMPDIR=/home/lilingfeng/tmp/juicefs-c02-20260817-015425/cache/go-tmp TMPDIR=/home/lilingfeng/tmp/juicefs-c02-20260817-015425/cache/os-tmp go test ./pkg/vfs -run '^TestC02FlushToFailureIsObservable$' -count=1 -v -timeout=2m
+C02 run-c02.sh:341: local rc=1
++C02 run-c02.sh:342: grep -c C02_SWALLOWED_FLUSH_ERROR /home/lilingfeng/tmp/juicefs-c02-20260817-015425/logs/go126-S-stock-R3-repeat-05.log
+C02 run-c02.sh:342: local mc=1
++C02 run-c02.sh:343: grep -c -- '--- FAIL: TestC02FlushToFailureIsObservable' /home/lilingfeng/tmp/juicefs-c02-20260817-015425/logs/go126-S-stock-R3-repeat-05.log
+C02 run-c02.sh:343: local fc=1
+C02 run-c02.sh:344: local fbd=0
+C02 run-c02.sh:345: grep -Eq '\[build failed\]|panic:|fatal error:|test timed out|DATA RACE' /home/lilingfeng/tmp/juicefs-c02-20260817-015425/logs/go126-S-stock-R3-repeat-05.log
+C02 run-c02.sh:346: local m=NO
+C02 run-c02.sh:347: '[' 1 -ne 0 ']'
+C02 run-c02.sh:347: '[' 1 -eq 1 ']'
+C02 run-c02.sh:347: '[' 1 -eq 1 ']'
+C02 run-c02.sh:347: '[' 0 -eq 0 ']'
+C02 run-c02.sh:347: m=YES
+C02 run-c02.sh:348: printf '%s\n' 1
+C02 run-c02.sh:349: printf '%s\t%s\t%s\t%s\t%s\t%s\t%s\n' 05 1 1 1 0 YES logs/go126-S-stock-R3-repeat-05.log
+C02 run-c02.sh:335: for iter in 01 02 03 04 05 06 07 08 09 10
+C02 run-c02.sh:336: local log_rel=logs/go126-S-stock-R3-repeat-06.log
+C02 run-c02.sh:337: local log_abs=/home/lilingfeng/tmp/juicefs-c02-20260817-015425/logs/go126-S-stock-R3-repeat-06.log
+C02 run-c02.sh:338: cd /home/lilingfeng/tmp/juicefs-c02-20260817-015425/src/S-stock
+C02 run-c02.sh:338: env GOTOOLCHAIN=local GOCACHE=/home/lilingfeng/tmp/juicefs-c02-20260817-015425/cache/go-build-126 GOFLAGS=-mod=readonly GOPROXY=https://goproxy.cn,direct GOMODCACHE=/home/lilingfeng/tmp/juicefs-c02-20260817-015425/cache/go-mod GOTMPDIR=/home/lilingfeng/tmp/juicefs-c02-20260817-015425/cache/go-tmp TMPDIR=/home/lilingfeng/tmp/juicefs-c02-20260817-015425/cache/os-tmp go test ./pkg/vfs -run '^TestC02FlushToFailureIsObservable$' -count=1 -v -timeout=2m
+C02 run-c02.sh:341: local rc=1
++C02 run-c02.sh:342: grep -c C02_SWALLOWED_FLUSH_ERROR /home/lilingfeng/tmp/juicefs-c02-20260817-015425/logs/go126-S-stock-R3-repeat-06.log
+C02 run-c02.sh:342: local mc=1
++C02 run-c02.sh:343: grep -c -- '--- FAIL: TestC02FlushToFailureIsObservable' /home/lilingfeng/tmp/juicefs-c02-20260817-015425/logs/go126-S-stock-R3-repeat-06.log
+C02 run-c02.sh:343: local fc=1
+C02 run-c02.sh:344: local fbd=0
+C02 run-c02.sh:345: grep -Eq '\[build failed\]|panic:|fatal error:|test timed out|DATA RACE' /home/lilingfeng/tmp/juicefs-c02-20260817-015425/logs/go126-S-stock-R3-repeat-06.log
+C02 run-c02.sh:346: local m=NO
+C02 run-c02.sh:347: '[' 1 -ne 0 ']'
+C02 run-c02.sh:347: '[' 1 -eq 1 ']'
+C02 run-c02.sh:347: '[' 1 -eq 1 ']'
+C02 run-c02.sh:347: '[' 0 -eq 0 ']'
+C02 run-c02.sh:347: m=YES
+C02 run-c02.sh:348: printf '%s\n' 1
+C02 run-c02.sh:349: printf '%s\t%s\t%s\t%s\t%s\t%s\t%s\n' 06 1 1 1 0 YES logs/go126-S-stock-R3-repeat-06.log
+C02 run-c02.sh:335: for iter in 01 02 03 04 05 06 07 08 09 10
+C02 run-c02.sh:336: local log_rel=logs/go126-S-stock-R3-repeat-07.log
+C02 run-c02.sh:337: local log_abs=/home/lilingfeng/tmp/juicefs-c02-20260817-015425/logs/go126-S-stock-R3-repeat-07.log
+C02 run-c02.sh:338: cd /home/lilingfeng/tmp/juicefs-c02-20260817-015425/src/S-stock
+C02 run-c02.sh:338: env GOTOOLCHAIN=local GOCACHE=/home/lilingfeng/tmp/juicefs-c02-20260817-015425/cache/go-build-126 GOFLAGS=-mod=readonly GOPROXY=https://goproxy.cn,direct GOMODCACHE=/home/lilingfeng/tmp/juicefs-c02-20260817-015425/cache/go-mod GOTMPDIR=/home/lilingfeng/tmp/juicefs-c02-20260817-015425/cache/go-tmp TMPDIR=/home/lilingfeng/tmp/juicefs-c02-20260817-015425/cache/os-tmp go test ./pkg/vfs -run '^TestC02FlushToFailureIsObservable$' -count=1 -v -timeout=2m
+C02 run-c02.sh:341: local rc=1
++C02 run-c02.sh:342: grep -c C02_SWALLOWED_FLUSH_ERROR /home/lilingfeng/tmp/juicefs-c02-20260817-015425/logs/go126-S-stock-R3-repeat-07.log
+C02 run-c02.sh:342: local mc=1
++C02 run-c02.sh:343: grep -c -- '--- FAIL: TestC02FlushToFailureIsObservable' /home/lilingfeng/tmp/juicefs-c02-20260817-015425/logs/go126-S-stock-R3-repeat-07.log
+C02 run-c02.sh:343: local fc=1
+C02 run-c02.sh:344: local fbd=0
+C02 run-c02.sh:345: grep -Eq '\[build failed\]|panic:|fatal error:|test timed out|DATA RACE' /home/lilingfeng/tmp/juicefs-c02-20260817-015425/logs/go126-S-stock-R3-repeat-07.log
+C02 run-c02.sh:346: local m=NO
+C02 run-c02.sh:347: '[' 1 -ne 0 ']'
+C02 run-c02.sh:347: '[' 1 -eq 1 ']'
+C02 run-c02.sh:347: '[' 1 -eq 1 ']'
+C02 run-c02.sh:347: '[' 0 -eq 0 ']'
+C02 run-c02.sh:347: m=YES
+C02 run-c02.sh:348: printf '%s\n' 1
+C02 run-c02.sh:349: printf '%s\t%s\t%s\t%s\t%s\t%s\t%s\n' 07 1 1 1 0 YES logs/go126-S-stock-R3-repeat-07.log
+C02 run-c02.sh:335: for iter in 01 02 03 04 05 06 07 08 09 10
+C02 run-c02.sh:336: local log_rel=logs/go126-S-stock-R3-repeat-08.log
+C02 run-c02.sh:337: local log_abs=/home/lilingfeng/tmp/juicefs-c02-20260817-015425/logs/go126-S-stock-R3-repeat-08.log
+C02 run-c02.sh:338: cd /home/lilingfeng/tmp/juicefs-c02-20260817-015425/src/S-stock
+C02 run-c02.sh:338: env GOTOOLCHAIN=local GOCACHE=/home/lilingfeng/tmp/juicefs-c02-20260817-015425/cache/go-build-126 GOFLAGS=-mod=readonly GOPROXY=https://goproxy.cn,direct GOMODCACHE=/home/lilingfeng/tmp/juicefs-c02-20260817-015425/cache/go-mod GOTMPDIR=/home/lilingfeng/tmp/juicefs-c02-20260817-015425/cache/go-tmp TMPDIR=/home/lilingfeng/tmp/juicefs-c02-20260817-015425/cache/os-tmp go test ./pkg/vfs -run '^TestC02FlushToFailureIsObservable$' -count=1 -v -timeout=2m
+C02 run-c02.sh:341: local rc=1
++C02 run-c02.sh:342: grep -c C02_SWALLOWED_FLUSH_ERROR /home/lilingfeng/tmp/juicefs-c02-20260817-015425/logs/go126-S-stock-R3-repeat-08.log
+C02 run-c02.sh:342: local mc=1
++C02 run-c02.sh:343: grep -c -- '--- FAIL: TestC02FlushToFailureIsObservable' /home/lilingfeng/tmp/juicefs-c02-20260817-015425/logs/go126-S-stock-R3-repeat-08.log
+C02 run-c02.sh:343: local fc=1
+C02 run-c02.sh:344: local fbd=0
+C02 run-c02.sh:345: grep -Eq '\[build failed\]|panic:|fatal error:|test timed out|DATA RACE' /home/lilingfeng/tmp/juicefs-c02-20260817-015425/logs/go126-S-stock-R3-repeat-08.log
+C02 run-c02.sh:346: local m=NO
+C02 run-c02.sh:347: '[' 1 -ne 0 ']'
+C02 run-c02.sh:347: '[' 1 -eq 1 ']'
+C02 run-c02.sh:347: '[' 1 -eq 1 ']'
+C02 run-c02.sh:347: '[' 0 -eq 0 ']'
+C02 run-c02.sh:347: m=YES
+C02 run-c02.sh:348: printf '%s\n' 1
+C02 run-c02.sh:349: printf '%s\t%s\t%s\t%s\t%s\t%s\t%s\n' 08 1 1 1 0 YES logs/go126-S-stock-R3-repeat-08.log
+C02 run-c02.sh:335: for iter in 01 02 03 04 05 06 07 08 09 10
+C02 run-c02.sh:336: local log_rel=logs/go126-S-stock-R3-repeat-09.log
+C02 run-c02.sh:337: local log_abs=/home/lilingfeng/tmp/juicefs-c02-20260817-015425/logs/go126-S-stock-R3-repeat-09.log
+C02 run-c02.sh:338: cd /home/lilingfeng/tmp/juicefs-c02-20260817-015425/src/S-stock
+C02 run-c02.sh:338: env GOTOOLCHAIN=local GOCACHE=/home/lilingfeng/tmp/juicefs-c02-20260817-015425/cache/go-build-126 GOFLAGS=-mod=readonly GOPROXY=https://goproxy.cn,direct GOMODCACHE=/home/lilingfeng/tmp/juicefs-c02-20260817-015425/cache/go-mod GOTMPDIR=/home/lilingfeng/tmp/juicefs-c02-20260817-015425/cache/go-tmp TMPDIR=/home/lilingfeng/tmp/juicefs-c02-20260817-015425/cache/os-tmp go test ./pkg/vfs -run '^TestC02FlushToFailureIsObservable$' -count=1 -v -timeout=2m
+C02 run-c02.sh:341: local rc=1
++C02 run-c02.sh:342: grep -c C02_SWALLOWED_FLUSH_ERROR /home/lilingfeng/tmp/juicefs-c02-20260817-015425/logs/go126-S-stock-R3-repeat-09.log
+C02 run-c02.sh:342: local mc=1
++C02 run-c02.sh:343: grep -c -- '--- FAIL: TestC02FlushToFailureIsObservable' /home/lilingfeng/tmp/juicefs-c02-20260817-015425/logs/go126-S-stock-R3-repeat-09.log
+C02 run-c02.sh:343: local fc=1
+C02 run-c02.sh:344: local fbd=0
+C02 run-c02.sh:345: grep -Eq '\[build failed\]|panic:|fatal error:|test timed out|DATA RACE' /home/lilingfeng/tmp/juicefs-c02-20260817-015425/logs/go126-S-stock-R3-repeat-09.log
+C02 run-c02.sh:346: local m=NO
+C02 run-c02.sh:347: '[' 1 -ne 0 ']'
+C02 run-c02.sh:347: '[' 1 -eq 1 ']'
+C02 run-c02.sh:347: '[' 1 -eq 1 ']'
+C02 run-c02.sh:347: '[' 0 -eq 0 ']'
+C02 run-c02.sh:347: m=YES
+C02 run-c02.sh:348: printf '%s\n' 1
+C02 run-c02.sh:349: printf '%s\t%s\t%s\t%s\t%s\t%s\t%s\n' 09 1 1 1 0 YES logs/go126-S-stock-R3-repeat-09.log
+C02 run-c02.sh:335: for iter in 01 02 03 04 05 06 07 08 09 10
+C02 run-c02.sh:336: local log_rel=logs/go126-S-stock-R3-repeat-10.log
+C02 run-c02.sh:337: local log_abs=/home/lilingfeng/tmp/juicefs-c02-20260817-015425/logs/go126-S-stock-R3-repeat-10.log
+C02 run-c02.sh:338: cd /home/lilingfeng/tmp/juicefs-c02-20260817-015425/src/S-stock
+C02 run-c02.sh:338: env GOTOOLCHAIN=local GOCACHE=/home/lilingfeng/tmp/juicefs-c02-20260817-015425/cache/go-build-126 GOFLAGS=-mod=readonly GOPROXY=https://goproxy.cn,direct GOMODCACHE=/home/lilingfeng/tmp/juicefs-c02-20260817-015425/cache/go-mod GOTMPDIR=/home/lilingfeng/tmp/juicefs-c02-20260817-015425/cache/go-tmp TMPDIR=/home/lilingfeng/tmp/juicefs-c02-20260817-015425/cache/os-tmp go test ./pkg/vfs -run '^TestC02FlushToFailureIsObservable$' -count=1 -v -timeout=2m
+C02 run-c02.sh:341: local rc=1
++C02 run-c02.sh:342: grep -c C02_SWALLOWED_FLUSH_ERROR /home/lilingfeng/tmp/juicefs-c02-20260817-015425/logs/go126-S-stock-R3-repeat-10.log
+C02 run-c02.sh:342: local mc=1
++C02 run-c02.sh:343: grep -c -- '--- FAIL: TestC02FlushToFailureIsObservable' /home/lilingfeng/tmp/juicefs-c02-20260817-015425/logs/go126-S-stock-R3-repeat-10.log
+C02 run-c02.sh:343: local fc=1
+C02 run-c02.sh:344: local fbd=0
+C02 run-c02.sh:345: grep -Eq '\[build failed\]|panic:|fatal error:|test timed out|DATA RACE' /home/lilingfeng/tmp/juicefs-c02-20260817-015425/logs/go126-S-stock-R3-repeat-10.log
+C02 run-c02.sh:346: local m=NO
+C02 run-c02.sh:347: '[' 1 -ne 0 ']'
+C02 run-c02.sh:347: '[' 1 -eq 1 ']'
+C02 run-c02.sh:347: '[' 1 -eq 1 ']'
+C02 run-c02.sh:347: '[' 0 -eq 0 ']'
+C02 run-c02.sh:347: m=YES
+C02 run-c02.sh:348: printf '%s\n' 1
+C02 run-c02.sh:349: printf '%s\t%s\t%s\t%s\t%s\t%s\t%s\n' 10 1 1 1 0 YES logs/go126-S-stock-R3-repeat-10.log
+C02 run-c02.sh:352: printf '%s\n' 0
+C02 run-c02.sh:362: for id in C2 C3
+C02 run-c02.sh:362: run_repeat10 go126 local /home/lilingfeng/tmp/juicefs-c02-20260817-015425/cache/go-build-126 A-sync C2
+C02 run-c02.sh:326: local tool=go126 tc=local bc=/home/lilingfeng/tmp/juicefs-c02-20260817-015425/cache/go-build-126 arm=A-sync id=C2
+C02 run-c02.sh:327: local test_name=TestC02DelayedNewSliceDoesNotBlockWriteAt
+C02 run-c02.sh:328: local key=C2_A-sync
+C02 run-c02.sh:329: local expected_marker=C02_BLOCKING_REGRESSION
+C02 run-c02.sh:330: local details=/home/lilingfeng/tmp/juicefs-c02-20260817-015425/meta/go126-A-sync-C2-repeat10.tsv
+C02 run-c02.sh:331: local aggregate=0
+C02 run-c02.sh:333: printf 'iteration\tactual_rc\tmarker_count\ttest_fail_count\tforbidden_count\texpectation_matched\tlog\n'
+C02 run-c02.sh:335: for iter in 01 02 03 04 05 06 07 08 09 10
+C02 run-c02.sh:336: local log_rel=logs/go126-A-sync-C2-repeat-01.log
+C02 run-c02.sh:337: local log_abs=/home/lilingfeng/tmp/juicefs-c02-20260817-015425/logs/go126-A-sync-C2-repeat-01.log
+C02 run-c02.sh:338: cd /home/lilingfeng/tmp/juicefs-c02-20260817-015425/src/A-sync
+C02 run-c02.sh:338: env GOTOOLCHAIN=local GOCACHE=/home/lilingfeng/tmp/juicefs-c02-20260817-015425/cache/go-build-126 GOFLAGS=-mod=readonly GOPROXY=https://goproxy.cn,direct GOMODCACHE=/home/lilingfeng/tmp/juicefs-c02-20260817-015425/cache/go-mod GOTMPDIR=/home/lilingfeng/tmp/juicefs-c02-20260817-015425/cache/go-tmp TMPDIR=/home/lilingfeng/tmp/juicefs-c02-20260817-015425/cache/os-tmp go test ./pkg/vfs -run '^TestC02DelayedNewSliceDoesNotBlockWriteAt$' -count=1 -v -timeout=2m
+C02 run-c02.sh:341: local rc=1
++C02 run-c02.sh:342: grep -c C02_BLOCKING_REGRESSION /home/lilingfeng/tmp/juicefs-c02-20260817-015425/logs/go126-A-sync-C2-repeat-01.log
+C02 run-c02.sh:342: local mc=1
++C02 run-c02.sh:343: grep -c -- '--- FAIL: TestC02DelayedNewSliceDoesNotBlockWriteAt' /home/lilingfeng/tmp/juicefs-c02-20260817-015425/logs/go126-A-sync-C2-repeat-01.log
+C02 run-c02.sh:343: local fc=1
+C02 run-c02.sh:344: local fbd=0
+C02 run-c02.sh:345: grep -Eq '\[build failed\]|panic:|fatal error:|test timed out|DATA RACE' /home/lilingfeng/tmp/juicefs-c02-20260817-015425/logs/go126-A-sync-C2-repeat-01.log
+C02 run-c02.sh:346: local m=NO
+C02 run-c02.sh:347: '[' 1 -ne 0 ']'
+C02 run-c02.sh:347: '[' 1 -eq 1 ']'
+C02 run-c02.sh:347: '[' 1 -eq 1 ']'
+C02 run-c02.sh:347: '[' 0 -eq 0 ']'
+C02 run-c02.sh:347: m=YES
+C02 run-c02.sh:348: printf '%s\n' 1
+C02 run-c02.sh:349: printf '%s\t%s\t%s\t%s\t%s\t%s\t%s\n' 01 1 1 1 0 YES logs/go126-A-sync-C2-repeat-01.log
+C02 run-c02.sh:335: for iter in 01 02 03 04 05 06 07 08 09 10
+C02 run-c02.sh:336: local log_rel=logs/go126-A-sync-C2-repeat-02.log
+C02 run-c02.sh:337: local log_abs=/home/lilingfeng/tmp/juicefs-c02-20260817-015425/logs/go126-A-sync-C2-repeat-02.log
+C02 run-c02.sh:338: cd /home/lilingfeng/tmp/juicefs-c02-20260817-015425/src/A-sync
+C02 run-c02.sh:338: env GOTOOLCHAIN=local GOCACHE=/home/lilingfeng/tmp/juicefs-c02-20260817-015425/cache/go-build-126 GOFLAGS=-mod=readonly GOPROXY=https://goproxy.cn,direct GOMODCACHE=/home/lilingfeng/tmp/juicefs-c02-20260817-015425/cache/go-mod GOTMPDIR=/home/lilingfeng/tmp/juicefs-c02-20260817-015425/cache/go-tmp TMPDIR=/home/lilingfeng/tmp/juicefs-c02-20260817-015425/cache/os-tmp go test ./pkg/vfs -run '^TestC02DelayedNewSliceDoesNotBlockWriteAt$' -count=1 -v -timeout=2m
+C02 run-c02.sh:341: local rc=1
++C02 run-c02.sh:342: grep -c C02_BLOCKING_REGRESSION /home/lilingfeng/tmp/juicefs-c02-20260817-015425/logs/go126-A-sync-C2-repeat-02.log
+C02 run-c02.sh:342: local mc=1
++C02 run-c02.sh:343: grep -c -- '--- FAIL: TestC02DelayedNewSliceDoesNotBlockWriteAt' /home/lilingfeng/tmp/juicefs-c02-20260817-015425/logs/go126-A-sync-C2-repeat-02.log
+C02 run-c02.sh:343: local fc=1
+C02 run-c02.sh:344: local fbd=0
+C02 run-c02.sh:345: grep -Eq '\[build failed\]|panic:|fatal error:|test timed out|DATA RACE' /home/lilingfeng/tmp/juicefs-c02-20260817-015425/logs/go126-A-sync-C2-repeat-02.log
+C02 run-c02.sh:346: local m=NO
+C02 run-c02.sh:347: '[' 1 -ne 0 ']'
+C02 run-c02.sh:347: '[' 1 -eq 1 ']'
+C02 run-c02.sh:347: '[' 1 -eq 1 ']'
+C02 run-c02.sh:347: '[' 0 -eq 0 ']'
+C02 run-c02.sh:347: m=YES
+C02 run-c02.sh:348: printf '%s\n' 1
+C02 run-c02.sh:349: printf '%s\t%s\t%s\t%s\t%s\t%s\t%s\n' 02 1 1 1 0 YES logs/go126-A-sync-C2-repeat-02.log
+C02 run-c02.sh:335: for iter in 01 02 03 04 05 06 07 08 09 10
+C02 run-c02.sh:336: local log_rel=logs/go126-A-sync-C2-repeat-03.log
+C02 run-c02.sh:337: local log_abs=/home/lilingfeng/tmp/juicefs-c02-20260817-015425/logs/go126-A-sync-C2-repeat-03.log
+C02 run-c02.sh:338: cd /home/lilingfeng/tmp/juicefs-c02-20260817-015425/src/A-sync
+C02 run-c02.sh:338: env GOTOOLCHAIN=local GOCACHE=/home/lilingfeng/tmp/juicefs-c02-20260817-015425/cache/go-build-126 GOFLAGS=-mod=readonly GOPROXY=https://goproxy.cn,direct GOMODCACHE=/home/lilingfeng/tmp/juicefs-c02-20260817-015425/cache/go-mod GOTMPDIR=/home/lilingfeng/tmp/juicefs-c02-20260817-015425/cache/go-tmp TMPDIR=/home/lilingfeng/tmp/juicefs-c02-20260817-015425/cache/os-tmp go test ./pkg/vfs -run '^TestC02DelayedNewSliceDoesNotBlockWriteAt$' -count=1 -v -timeout=2m
+C02 run-c02.sh:341: local rc=1
++C02 run-c02.sh:342: grep -c C02_BLOCKING_REGRESSION /home/lilingfeng/tmp/juicefs-c02-20260817-015425/logs/go126-A-sync-C2-repeat-03.log
+C02 run-c02.sh:342: local mc=1
++C02 run-c02.sh:343: grep -c -- '--- FAIL: TestC02DelayedNewSliceDoesNotBlockWriteAt' /home/lilingfeng/tmp/juicefs-c02-20260817-015425/logs/go126-A-sync-C2-repeat-03.log
+C02 run-c02.sh:343: local fc=1
+C02 run-c02.sh:344: local fbd=0
+C02 run-c02.sh:345: grep -Eq '\[build failed\]|panic:|fatal error:|test timed out|DATA RACE' /home/lilingfeng/tmp/juicefs-c02-20260817-015425/logs/go126-A-sync-C2-repeat-03.log
+C02 run-c02.sh:346: local m=NO
+C02 run-c02.sh:347: '[' 1 -ne 0 ']'
+C02 run-c02.sh:347: '[' 1 -eq 1 ']'
+C02 run-c02.sh:347: '[' 1 -eq 1 ']'
+C02 run-c02.sh:347: '[' 0 -eq 0 ']'
+C02 run-c02.sh:347: m=YES
+C02 run-c02.sh:348: printf '%s\n' 1
+C02 run-c02.sh:349: printf '%s\t%s\t%s\t%s\t%s\t%s\t%s\n' 03 1 1 1 0 YES logs/go126-A-sync-C2-repeat-03.log
+C02 run-c02.sh:335: for iter in 01 02 03 04 05 06 07 08 09 10
+C02 run-c02.sh:336: local log_rel=logs/go126-A-sync-C2-repeat-04.log
+C02 run-c02.sh:337: local log_abs=/home/lilingfeng/tmp/juicefs-c02-20260817-015425/logs/go126-A-sync-C2-repeat-04.log
+C02 run-c02.sh:338: cd /home/lilingfeng/tmp/juicefs-c02-20260817-015425/src/A-sync
+C02 run-c02.sh:338: env GOTOOLCHAIN=local GOCACHE=/home/lilingfeng/tmp/juicefs-c02-20260817-015425/cache/go-build-126 GOFLAGS=-mod=readonly GOPROXY=https://goproxy.cn,direct GOMODCACHE=/home/lilingfeng/tmp/juicefs-c02-20260817-015425/cache/go-mod GOTMPDIR=/home/lilingfeng/tmp/juicefs-c02-20260817-015425/cache/go-tmp TMPDIR=/home/lilingfeng/tmp/juicefs-c02-20260817-015425/cache/os-tmp go test ./pkg/vfs -run '^TestC02DelayedNewSliceDoesNotBlockWriteAt$' -count=1 -v -timeout=2m
+C02 run-c02.sh:341: local rc=1
++C02 run-c02.sh:342: grep -c C02_BLOCKING_REGRESSION /home/lilingfeng/tmp/juicefs-c02-20260817-015425/logs/go126-A-sync-C2-repeat-04.log
+C02 run-c02.sh:342: local mc=1
++C02 run-c02.sh:343: grep -c -- '--- FAIL: TestC02DelayedNewSliceDoesNotBlockWriteAt' /home/lilingfeng/tmp/juicefs-c02-20260817-015425/logs/go126-A-sync-C2-repeat-04.log
+C02 run-c02.sh:343: local fc=1
+C02 run-c02.sh:344: local fbd=0
+C02 run-c02.sh:345: grep -Eq '\[build failed\]|panic:|fatal error:|test timed out|DATA RACE' /home/lilingfeng/tmp/juicefs-c02-20260817-015425/logs/go126-A-sync-C2-repeat-04.log
+C02 run-c02.sh:346: local m=NO
+C02 run-c02.sh:347: '[' 1 -ne 0 ']'
+C02 run-c02.sh:347: '[' 1 -eq 1 ']'
+C02 run-c02.sh:347: '[' 1 -eq 1 ']'
+C02 run-c02.sh:347: '[' 0 -eq 0 ']'
+C02 run-c02.sh:347: m=YES
+C02 run-c02.sh:348: printf '%s\n' 1
+C02 run-c02.sh:349: printf '%s\t%s\t%s\t%s\t%s\t%s\t%s\n' 04 1 1 1 0 YES logs/go126-A-sync-C2-repeat-04.log
+C02 run-c02.sh:335: for iter in 01 02 03 04 05 06 07 08 09 10
+C02 run-c02.sh:336: local log_rel=logs/go126-A-sync-C2-repeat-05.log
+C02 run-c02.sh:337: local log_abs=/home/lilingfeng/tmp/juicefs-c02-20260817-015425/logs/go126-A-sync-C2-repeat-05.log
+C02 run-c02.sh:338: cd /home/lilingfeng/tmp/juicefs-c02-20260817-015425/src/A-sync
+C02 run-c02.sh:338: env GOTOOLCHAIN=local GOCACHE=/home/lilingfeng/tmp/juicefs-c02-20260817-015425/cache/go-build-126 GOFLAGS=-mod=readonly GOPROXY=https://goproxy.cn,direct GOMODCACHE=/home/lilingfeng/tmp/juicefs-c02-20260817-015425/cache/go-mod GOTMPDIR=/home/lilingfeng/tmp/juicefs-c02-20260817-015425/cache/go-tmp TMPDIR=/home/lilingfeng/tmp/juicefs-c02-20260817-015425/cache/os-tmp go test ./pkg/vfs -run '^TestC02DelayedNewSliceDoesNotBlockWriteAt$' -count=1 -v -timeout=2m
+C02 run-c02.sh:341: local rc=1
++C02 run-c02.sh:342: grep -c C02_BLOCKING_REGRESSION /home/lilingfeng/tmp/juicefs-c02-20260817-015425/logs/go126-A-sync-C2-repeat-05.log
+C02 run-c02.sh:342: local mc=1
++C02 run-c02.sh:343: grep -c -- '--- FAIL: TestC02DelayedNewSliceDoesNotBlockWriteAt' /home/lilingfeng/tmp/juicefs-c02-20260817-015425/logs/go126-A-sync-C2-repeat-05.log
+C02 run-c02.sh:343: local fc=1
+C02 run-c02.sh:344: local fbd=0
+C02 run-c02.sh:345: grep -Eq '\[build failed\]|panic:|fatal error:|test timed out|DATA RACE' /home/lilingfeng/tmp/juicefs-c02-20260817-015425/logs/go126-A-sync-C2-repeat-05.log
+C02 run-c02.sh:346: local m=NO
+C02 run-c02.sh:347: '[' 1 -ne 0 ']'
+C02 run-c02.sh:347: '[' 1 -eq 1 ']'
+C02 run-c02.sh:347: '[' 1 -eq 1 ']'
+C02 run-c02.sh:347: '[' 0 -eq 0 ']'
+C02 run-c02.sh:347: m=YES
+C02 run-c02.sh:348: printf '%s\n' 1
+C02 run-c02.sh:349: printf '%s\t%s\t%s\t%s\t%s\t%s\t%s\n' 05 1 1 1 0 YES logs/go126-A-sync-C2-repeat-05.log
+C02 run-c02.sh:335: for iter in 01 02 03 04 05 06 07 08 09 10
+C02 run-c02.sh:336: local log_rel=logs/go126-A-sync-C2-repeat-06.log
+C02 run-c02.sh:337: local log_abs=/home/lilingfeng/tmp/juicefs-c02-20260817-015425/logs/go126-A-sync-C2-repeat-06.log
+C02 run-c02.sh:338: cd /home/lilingfeng/tmp/juicefs-c02-20260817-015425/src/A-sync
+C02 run-c02.sh:338: env GOTOOLCHAIN=local GOCACHE=/home/lilingfeng/tmp/juicefs-c02-20260817-015425/cache/go-build-126 GOFLAGS=-mod=readonly GOPROXY=https://goproxy.cn,direct GOMODCACHE=/home/lilingfeng/tmp/juicefs-c02-20260817-015425/cache/go-mod GOTMPDIR=/home/lilingfeng/tmp/juicefs-c02-20260817-015425/cache/go-tmp TMPDIR=/home/lilingfeng/tmp/juicefs-c02-20260817-015425/cache/os-tmp go test ./pkg/vfs -run '^TestC02DelayedNewSliceDoesNotBlockWriteAt$' -count=1 -v -timeout=2m
+C02 run-c02.sh:341: local rc=1
++C02 run-c02.sh:342: grep -c C02_BLOCKING_REGRESSION /home/lilingfeng/tmp/juicefs-c02-20260817-015425/logs/go126-A-sync-C2-repeat-06.log
+C02 run-c02.sh:342: local mc=1
++C02 run-c02.sh:343: grep -c -- '--- FAIL: TestC02DelayedNewSliceDoesNotBlockWriteAt' /home/lilingfeng/tmp/juicefs-c02-20260817-015425/logs/go126-A-sync-C2-repeat-06.log
+C02 run-c02.sh:343: local fc=1
+C02 run-c02.sh:344: local fbd=0
+C02 run-c02.sh:345: grep -Eq '\[build failed\]|panic:|fatal error:|test timed out|DATA RACE' /home/lilingfeng/tmp/juicefs-c02-20260817-015425/logs/go126-A-sync-C2-repeat-06.log
+C02 run-c02.sh:346: local m=NO
+C02 run-c02.sh:347: '[' 1 -ne 0 ']'
+C02 run-c02.sh:347: '[' 1 -eq 1 ']'
+C02 run-c02.sh:347: '[' 1 -eq 1 ']'
+C02 run-c02.sh:347: '[' 0 -eq 0 ']'
+C02 run-c02.sh:347: m=YES
+C02 run-c02.sh:348: printf '%s\n' 1
+C02 run-c02.sh:349: printf '%s\t%s\t%s\t%s\t%s\t%s\t%s\n' 06 1 1 1 0 YES logs/go126-A-sync-C2-repeat-06.log
+C02 run-c02.sh:335: for iter in 01 02 03 04 05 06 07 08 09 10
+C02 run-c02.sh:336: local log_rel=logs/go126-A-sync-C2-repeat-07.log
+C02 run-c02.sh:337: local log_abs=/home/lilingfeng/tmp/juicefs-c02-20260817-015425/logs/go126-A-sync-C2-repeat-07.log
+C02 run-c02.sh:338: cd /home/lilingfeng/tmp/juicefs-c02-20260817-015425/src/A-sync
+C02 run-c02.sh:338: env GOTOOLCHAIN=local GOCACHE=/home/lilingfeng/tmp/juicefs-c02-20260817-015425/cache/go-build-126 GOFLAGS=-mod=readonly GOPROXY=https://goproxy.cn,direct GOMODCACHE=/home/lilingfeng/tmp/juicefs-c02-20260817-015425/cache/go-mod GOTMPDIR=/home/lilingfeng/tmp/juicefs-c02-20260817-015425/cache/go-tmp TMPDIR=/home/lilingfeng/tmp/juicefs-c02-20260817-015425/cache/os-tmp go test ./pkg/vfs -run '^TestC02DelayedNewSliceDoesNotBlockWriteAt$' -count=1 -v -timeout=2m
+C02 run-c02.sh:341: local rc=1
++C02 run-c02.sh:342: grep -c C02_BLOCKING_REGRESSION /home/lilingfeng/tmp/juicefs-c02-20260817-015425/logs/go126-A-sync-C2-repeat-07.log
+C02 run-c02.sh:342: local mc=1
++C02 run-c02.sh:343: grep -c -- '--- FAIL: TestC02DelayedNewSliceDoesNotBlockWriteAt' /home/lilingfeng/tmp/juicefs-c02-20260817-015425/logs/go126-A-sync-C2-repeat-07.log
+C02 run-c02.sh:343: local fc=1
+C02 run-c02.sh:344: local fbd=0
+C02 run-c02.sh:345: grep -Eq '\[build failed\]|panic:|fatal error:|test timed out|DATA RACE' /home/lilingfeng/tmp/juicefs-c02-20260817-015425/logs/go126-A-sync-C2-repeat-07.log
+C02 run-c02.sh:346: local m=NO
+C02 run-c02.sh:347: '[' 1 -ne 0 ']'
+C02 run-c02.sh:347: '[' 1 -eq 1 ']'
+C02 run-c02.sh:347: '[' 1 -eq 1 ']'
+C02 run-c02.sh:347: '[' 0 -eq 0 ']'
+C02 run-c02.sh:347: m=YES
+C02 run-c02.sh:348: printf '%s\n' 1
+C02 run-c02.sh:349: printf '%s\t%s\t%s\t%s\t%s\t%s\t%s\n' 07 1 1 1 0 YES logs/go126-A-sync-C2-repeat-07.log
+C02 run-c02.sh:335: for iter in 01 02 03 04 05 06 07 08 09 10
+C02 run-c02.sh:336: local log_rel=logs/go126-A-sync-C2-repeat-08.log
+C02 run-c02.sh:337: local log_abs=/home/lilingfeng/tmp/juicefs-c02-20260817-015425/logs/go126-A-sync-C2-repeat-08.log
+C02 run-c02.sh:338: cd /home/lilingfeng/tmp/juicefs-c02-20260817-015425/src/A-sync
+C02 run-c02.sh:338: env GOTOOLCHAIN=local GOCACHE=/home/lilingfeng/tmp/juicefs-c02-20260817-015425/cache/go-build-126 GOFLAGS=-mod=readonly GOPROXY=https://goproxy.cn,direct GOMODCACHE=/home/lilingfeng/tmp/juicefs-c02-20260817-015425/cache/go-mod GOTMPDIR=/home/lilingfeng/tmp/juicefs-c02-20260817-015425/cache/go-tmp TMPDIR=/home/lilingfeng/tmp/juicefs-c02-20260817-015425/cache/os-tmp go test ./pkg/vfs -run '^TestC02DelayedNewSliceDoesNotBlockWriteAt$' -count=1 -v -timeout=2m
+C02 run-c02.sh:341: local rc=1
++C02 run-c02.sh:342: grep -c C02_BLOCKING_REGRESSION /home/lilingfeng/tmp/juicefs-c02-20260817-015425/logs/go126-A-sync-C2-repeat-08.log
+C02 run-c02.sh:342: local mc=1
++C02 run-c02.sh:343: grep -c -- '--- FAIL: TestC02DelayedNewSliceDoesNotBlockWriteAt' /home/lilingfeng/tmp/juicefs-c02-20260817-015425/logs/go126-A-sync-C2-repeat-08.log
+C02 run-c02.sh:343: local fc=1
+C02 run-c02.sh:344: local fbd=0
+C02 run-c02.sh:345: grep -Eq '\[build failed\]|panic:|fatal error:|test timed out|DATA RACE' /home/lilingfeng/tmp/juicefs-c02-20260817-015425/logs/go126-A-sync-C2-repeat-08.log
+C02 run-c02.sh:346: local m=NO
+C02 run-c02.sh:347: '[' 1 -ne 0 ']'
+C02 run-c02.sh:347: '[' 1 -eq 1 ']'
+C02 run-c02.sh:347: '[' 1 -eq 1 ']'
+C02 run-c02.sh:347: '[' 0 -eq 0 ']'
+C02 run-c02.sh:347: m=YES
+C02 run-c02.sh:348: printf '%s\n' 1
+C02 run-c02.sh:349: printf '%s\t%s\t%s\t%s\t%s\t%s\t%s\n' 08 1 1 1 0 YES logs/go126-A-sync-C2-repeat-08.log
+C02 run-c02.sh:335: for iter in 01 02 03 04 05 06 07 08 09 10
+C02 run-c02.sh:336: local log_rel=logs/go126-A-sync-C2-repeat-09.log
+C02 run-c02.sh:337: local log_abs=/home/lilingfeng/tmp/juicefs-c02-20260817-015425/logs/go126-A-sync-C2-repeat-09.log
+C02 run-c02.sh:338: cd /home/lilingfeng/tmp/juicefs-c02-20260817-015425/src/A-sync
+C02 run-c02.sh:338: env GOTOOLCHAIN=local GOCACHE=/home/lilingfeng/tmp/juicefs-c02-20260817-015425/cache/go-build-126 GOFLAGS=-mod=readonly GOPROXY=https://goproxy.cn,direct GOMODCACHE=/home/lilingfeng/tmp/juicefs-c02-20260817-015425/cache/go-mod GOTMPDIR=/home/lilingfeng/tmp/juicefs-c02-20260817-015425/cache/go-tmp TMPDIR=/home/lilingfeng/tmp/juicefs-c02-20260817-015425/cache/os-tmp go test ./pkg/vfs -run '^TestC02DelayedNewSliceDoesNotBlockWriteAt$' -count=1 -v -timeout=2m
+C02 run-c02.sh:341: local rc=1
++C02 run-c02.sh:342: grep -c C02_BLOCKING_REGRESSION /home/lilingfeng/tmp/juicefs-c02-20260817-015425/logs/go126-A-sync-C2-repeat-09.log
+C02 run-c02.sh:342: local mc=1
++C02 run-c02.sh:343: grep -c -- '--- FAIL: TestC02DelayedNewSliceDoesNotBlockWriteAt' /home/lilingfeng/tmp/juicefs-c02-20260817-015425/logs/go126-A-sync-C2-repeat-09.log
+C02 run-c02.sh:343: local fc=1
+C02 run-c02.sh:344: local fbd=0
+C02 run-c02.sh:345: grep -Eq '\[build failed\]|panic:|fatal error:|test timed out|DATA RACE' /home/lilingfeng/tmp/juicefs-c02-20260817-015425/logs/go126-A-sync-C2-repeat-09.log
+C02 run-c02.sh:346: local m=NO
+C02 run-c02.sh:347: '[' 1 -ne 0 ']'
+C02 run-c02.sh:347: '[' 1 -eq 1 ']'
+C02 run-c02.sh:347: '[' 1 -eq 1 ']'
+C02 run-c02.sh:347: '[' 0 -eq 0 ']'
+C02 run-c02.sh:347: m=YES
+C02 run-c02.sh:348: printf '%s\n' 1
+C02 run-c02.sh:349: printf '%s\t%s\t%s\t%s\t%s\t%s\t%s\n' 09 1 1 1 0 YES logs/go126-A-sync-C2-repeat-09.log
+C02 run-c02.sh:335: for iter in 01 02 03 04 05 06 07 08 09 10
+C02 run-c02.sh:336: local log_rel=logs/go126-A-sync-C2-repeat-10.log
+C02 run-c02.sh:337: local log_abs=/home/lilingfeng/tmp/juicefs-c02-20260817-015425/logs/go126-A-sync-C2-repeat-10.log
+C02 run-c02.sh:338: cd /home/lilingfeng/tmp/juicefs-c02-20260817-015425/src/A-sync
+C02 run-c02.sh:338: env GOTOOLCHAIN=local GOCACHE=/home/lilingfeng/tmp/juicefs-c02-20260817-015425/cache/go-build-126 GOFLAGS=-mod=readonly GOPROXY=https://goproxy.cn,direct GOMODCACHE=/home/lilingfeng/tmp/juicefs-c02-20260817-015425/cache/go-mod GOTMPDIR=/home/lilingfeng/tmp/juicefs-c02-20260817-015425/cache/go-tmp TMPDIR=/home/lilingfeng/tmp/juicefs-c02-20260817-015425/cache/os-tmp go test ./pkg/vfs -run '^TestC02DelayedNewSliceDoesNotBlockWriteAt$' -count=1 -v -timeout=2m
+C02 run-c02.sh:341: local rc=1
++C02 run-c02.sh:342: grep -c C02_BLOCKING_REGRESSION /home/lilingfeng/tmp/juicefs-c02-20260817-015425/logs/go126-A-sync-C2-repeat-10.log
+C02 run-c02.sh:342: local mc=1
++C02 run-c02.sh:343: grep -c -- '--- FAIL: TestC02DelayedNewSliceDoesNotBlockWriteAt' /home/lilingfeng/tmp/juicefs-c02-20260817-015425/logs/go126-A-sync-C2-repeat-10.log
+C02 run-c02.sh:343: local fc=1
+C02 run-c02.sh:344: local fbd=0
+C02 run-c02.sh:345: grep -Eq '\[build failed\]|panic:|fatal error:|test timed out|DATA RACE' /home/lilingfeng/tmp/juicefs-c02-20260817-015425/logs/go126-A-sync-C2-repeat-10.log
+C02 run-c02.sh:346: local m=NO
+C02 run-c02.sh:347: '[' 1 -ne 0 ']'
+C02 run-c02.sh:347: '[' 1 -eq 1 ']'
+C02 run-c02.sh:347: '[' 1 -eq 1 ']'
+C02 run-c02.sh:347: '[' 0 -eq 0 ']'
+C02 run-c02.sh:347: m=YES
+C02 run-c02.sh:348: printf '%s\n' 1
+C02 run-c02.sh:349: printf '%s\t%s\t%s\t%s\t%s\t%s\t%s\n' 10 1 1 1 0 YES logs/go126-A-sync-C2-repeat-10.log
+C02 run-c02.sh:352: printf '%s\n' 0
+C02 run-c02.sh:362: for id in C2 C3
+C02 run-c02.sh:362: run_repeat10 go126 local /home/lilingfeng/tmp/juicefs-c02-20260817-015425/cache/go-build-126 A-sync C3
+C02 run-c02.sh:326: local tool=go126 tc=local bc=/home/lilingfeng/tmp/juicefs-c02-20260817-015425/cache/go-build-126 arm=A-sync id=C3
+C02 run-c02.sh:327: local test_name=TestC02NonEIONewSliceDoesNotRetryBeforeFlush
+C02 run-c02.sh:328: local key=C3_A-sync
+C02 run-c02.sh:329: local expected_marker=C02_EXTRA_NEWSLICE_ATTEMPT
+C02 run-c02.sh:330: local details=/home/lilingfeng/tmp/juicefs-c02-20260817-015425/meta/go126-A-sync-C3-repeat10.tsv
+C02 run-c02.sh:331: local aggregate=0
+C02 run-c02.sh:333: printf 'iteration\tactual_rc\tmarker_count\ttest_fail_count\tforbidden_count\texpectation_matched\tlog\n'
+C02 run-c02.sh:335: for iter in 01 02 03 04 05 06 07 08 09 10
+C02 run-c02.sh:336: local log_rel=logs/go126-A-sync-C3-repeat-01.log
+C02 run-c02.sh:337: local log_abs=/home/lilingfeng/tmp/juicefs-c02-20260817-015425/logs/go126-A-sync-C3-repeat-01.log
+C02 run-c02.sh:338: cd /home/lilingfeng/tmp/juicefs-c02-20260817-015425/src/A-sync
+C02 run-c02.sh:338: env GOTOOLCHAIN=local GOCACHE=/home/lilingfeng/tmp/juicefs-c02-20260817-015425/cache/go-build-126 GOFLAGS=-mod=readonly GOPROXY=https://goproxy.cn,direct GOMODCACHE=/home/lilingfeng/tmp/juicefs-c02-20260817-015425/cache/go-mod GOTMPDIR=/home/lilingfeng/tmp/juicefs-c02-20260817-015425/cache/go-tmp TMPDIR=/home/lilingfeng/tmp/juicefs-c02-20260817-015425/cache/os-tmp go test ./pkg/vfs -run '^TestC02NonEIONewSliceDoesNotRetryBeforeFlush$' -count=1 -v -timeout=2m
+C02 run-c02.sh:341: local rc=1
++C02 run-c02.sh:342: grep -c C02_EXTRA_NEWSLICE_ATTEMPT /home/lilingfeng/tmp/juicefs-c02-20260817-015425/logs/go126-A-sync-C3-repeat-01.log
+C02 run-c02.sh:342: local mc=1
++C02 run-c02.sh:343: grep -c -- '--- FAIL: TestC02NonEIONewSliceDoesNotRetryBeforeFlush' /home/lilingfeng/tmp/juicefs-c02-20260817-015425/logs/go126-A-sync-C3-repeat-01.log
+C02 run-c02.sh:343: local fc=1
+C02 run-c02.sh:344: local fbd=0
+C02 run-c02.sh:345: grep -Eq '\[build failed\]|panic:|fatal error:|test timed out|DATA RACE' /home/lilingfeng/tmp/juicefs-c02-20260817-015425/logs/go126-A-sync-C3-repeat-01.log
+C02 run-c02.sh:346: local m=NO
+C02 run-c02.sh:347: '[' 1 -ne 0 ']'
+C02 run-c02.sh:347: '[' 1 -eq 1 ']'
+C02 run-c02.sh:347: '[' 1 -eq 1 ']'
+C02 run-c02.sh:347: '[' 0 -eq 0 ']'
+C02 run-c02.sh:347: m=YES
+C02 run-c02.sh:348: printf '%s\n' 1
+C02 run-c02.sh:349: printf '%s\t%s\t%s\t%s\t%s\t%s\t%s\n' 01 1 1 1 0 YES logs/go126-A-sync-C3-repeat-01.log
+C02 run-c02.sh:335: for iter in 01 02 03 04 05 06 07 08 09 10
+C02 run-c02.sh:336: local log_rel=logs/go126-A-sync-C3-repeat-02.log
+C02 run-c02.sh:337: local log_abs=/home/lilingfeng/tmp/juicefs-c02-20260817-015425/logs/go126-A-sync-C3-repeat-02.log
+C02 run-c02.sh:338: cd /home/lilingfeng/tmp/juicefs-c02-20260817-015425/src/A-sync
+C02 run-c02.sh:338: env GOTOOLCHAIN=local GOCACHE=/home/lilingfeng/tmp/juicefs-c02-20260817-015425/cache/go-build-126 GOFLAGS=-mod=readonly GOPROXY=https://goproxy.cn,direct GOMODCACHE=/home/lilingfeng/tmp/juicefs-c02-20260817-015425/cache/go-mod GOTMPDIR=/home/lilingfeng/tmp/juicefs-c02-20260817-015425/cache/go-tmp TMPDIR=/home/lilingfeng/tmp/juicefs-c02-20260817-015425/cache/os-tmp go test ./pkg/vfs -run '^TestC02NonEIONewSliceDoesNotRetryBeforeFlush$' -count=1 -v -timeout=2m
+C02 run-c02.sh:341: local rc=1
++C02 run-c02.sh:342: grep -c C02_EXTRA_NEWSLICE_ATTEMPT /home/lilingfeng/tmp/juicefs-c02-20260817-015425/logs/go126-A-sync-C3-repeat-02.log
+C02 run-c02.sh:342: local mc=1
++C02 run-c02.sh:343: grep -c -- '--- FAIL: TestC02NonEIONewSliceDoesNotRetryBeforeFlush' /home/lilingfeng/tmp/juicefs-c02-20260817-015425/logs/go126-A-sync-C3-repeat-02.log
+C02 run-c02.sh:343: local fc=1
+C02 run-c02.sh:344: local fbd=0
+C02 run-c02.sh:345: grep -Eq '\[build failed\]|panic:|fatal error:|test timed out|DATA RACE' /home/lilingfeng/tmp/juicefs-c02-20260817-015425/logs/go126-A-sync-C3-repeat-02.log
+C02 run-c02.sh:346: local m=NO
+C02 run-c02.sh:347: '[' 1 -ne 0 ']'
+C02 run-c02.sh:347: '[' 1 -eq 1 ']'
+C02 run-c02.sh:347: '[' 1 -eq 1 ']'
+C02 run-c02.sh:347: '[' 0 -eq 0 ']'
+C02 run-c02.sh:347: m=YES
+C02 run-c02.sh:348: printf '%s\n' 1
+C02 run-c02.sh:349: printf '%s\t%s\t%s\t%s\t%s\t%s\t%s\n' 02 1 1 1 0 YES logs/go126-A-sync-C3-repeat-02.log
+C02 run-c02.sh:335: for iter in 01 02 03 04 05 06 07 08 09 10
+C02 run-c02.sh:336: local log_rel=logs/go126-A-sync-C3-repeat-03.log
+C02 run-c02.sh:337: local log_abs=/home/lilingfeng/tmp/juicefs-c02-20260817-015425/logs/go126-A-sync-C3-repeat-03.log
+C02 run-c02.sh:338: cd /home/lilingfeng/tmp/juicefs-c02-20260817-015425/src/A-sync
+C02 run-c02.sh:338: env GOTOOLCHAIN=local GOCACHE=/home/lilingfeng/tmp/juicefs-c02-20260817-015425/cache/go-build-126 GOFLAGS=-mod=readonly GOPROXY=https://goproxy.cn,direct GOMODCACHE=/home/lilingfeng/tmp/juicefs-c02-20260817-015425/cache/go-mod GOTMPDIR=/home/lilingfeng/tmp/juicefs-c02-20260817-015425/cache/go-tmp TMPDIR=/home/lilingfeng/tmp/juicefs-c02-20260817-015425/cache/os-tmp go test ./pkg/vfs -run '^TestC02NonEIONewSliceDoesNotRetryBeforeFlush$' -count=1 -v -timeout=2m
+C02 run-c02.sh:341: local rc=1
++C02 run-c02.sh:342: grep -c C02_EXTRA_NEWSLICE_ATTEMPT /home/lilingfeng/tmp/juicefs-c02-20260817-015425/logs/go126-A-sync-C3-repeat-03.log
+C02 run-c02.sh:342: local mc=1
++C02 run-c02.sh:343: grep -c -- '--- FAIL: TestC02NonEIONewSliceDoesNotRetryBeforeFlush' /home/lilingfeng/tmp/juicefs-c02-20260817-015425/logs/go126-A-sync-C3-repeat-03.log
+C02 run-c02.sh:343: local fc=1
+C02 run-c02.sh:344: local fbd=0
+C02 run-c02.sh:345: grep -Eq '\[build failed\]|panic:|fatal error:|test timed out|DATA RACE' /home/lilingfeng/tmp/juicefs-c02-20260817-015425/logs/go126-A-sync-C3-repeat-03.log
+C02 run-c02.sh:346: local m=NO
+C02 run-c02.sh:347: '[' 1 -ne 0 ']'
+C02 run-c02.sh:347: '[' 1 -eq 1 ']'
+C02 run-c02.sh:347: '[' 1 -eq 1 ']'
+C02 run-c02.sh:347: '[' 0 -eq 0 ']'
+C02 run-c02.sh:347: m=YES
+C02 run-c02.sh:348: printf '%s\n' 1
+C02 run-c02.sh:349: printf '%s\t%s\t%s\t%s\t%s\t%s\t%s\n' 03 1 1 1 0 YES logs/go126-A-sync-C3-repeat-03.log
+C02 run-c02.sh:335: for iter in 01 02 03 04 05 06 07 08 09 10
+C02 run-c02.sh:336: local log_rel=logs/go126-A-sync-C3-repeat-04.log
+C02 run-c02.sh:337: local log_abs=/home/lilingfeng/tmp/juicefs-c02-20260817-015425/logs/go126-A-sync-C3-repeat-04.log
+C02 run-c02.sh:338: cd /home/lilingfeng/tmp/juicefs-c02-20260817-015425/src/A-sync
+C02 run-c02.sh:338: env GOTOOLCHAIN=local GOCACHE=/home/lilingfeng/tmp/juicefs-c02-20260817-015425/cache/go-build-126 GOFLAGS=-mod=readonly GOPROXY=https://goproxy.cn,direct GOMODCACHE=/home/lilingfeng/tmp/juicefs-c02-20260817-015425/cache/go-mod GOTMPDIR=/home/lilingfeng/tmp/juicefs-c02-20260817-015425/cache/go-tmp TMPDIR=/home/lilingfeng/tmp/juicefs-c02-20260817-015425/cache/os-tmp go test ./pkg/vfs -run '^TestC02NonEIONewSliceDoesNotRetryBeforeFlush$' -count=1 -v -timeout=2m
+C02 run-c02.sh:341: local rc=1
++C02 run-c02.sh:342: grep -c C02_EXTRA_NEWSLICE_ATTEMPT /home/lilingfeng/tmp/juicefs-c02-20260817-015425/logs/go126-A-sync-C3-repeat-04.log
+C02 run-c02.sh:342: local mc=1
++C02 run-c02.sh:343: grep -c -- '--- FAIL: TestC02NonEIONewSliceDoesNotRetryBeforeFlush' /home/lilingfeng/tmp/juicefs-c02-20260817-015425/logs/go126-A-sync-C3-repeat-04.log
+C02 run-c02.sh:343: local fc=1
+C02 run-c02.sh:344: local fbd=0
+C02 run-c02.sh:345: grep -Eq '\[build failed\]|panic:|fatal error:|test timed out|DATA RACE' /home/lilingfeng/tmp/juicefs-c02-20260817-015425/logs/go126-A-sync-C3-repeat-04.log
+C02 run-c02.sh:346: local m=NO
+C02 run-c02.sh:347: '[' 1 -ne 0 ']'
+C02 run-c02.sh:347: '[' 1 -eq 1 ']'
+C02 run-c02.sh:347: '[' 1 -eq 1 ']'
+C02 run-c02.sh:347: '[' 0 -eq 0 ']'
+C02 run-c02.sh:347: m=YES
+C02 run-c02.sh:348: printf '%s\n' 1
+C02 run-c02.sh:349: printf '%s\t%s\t%s\t%s\t%s\t%s\t%s\n' 04 1 1 1 0 YES logs/go126-A-sync-C3-repeat-04.log
+C02 run-c02.sh:335: for iter in 01 02 03 04 05 06 07 08 09 10
+C02 run-c02.sh:336: local log_rel=logs/go126-A-sync-C3-repeat-05.log
+C02 run-c02.sh:337: local log_abs=/home/lilingfeng/tmp/juicefs-c02-20260817-015425/logs/go126-A-sync-C3-repeat-05.log
+C02 run-c02.sh:338: cd /home/lilingfeng/tmp/juicefs-c02-20260817-015425/src/A-sync
+C02 run-c02.sh:338: env GOTOOLCHAIN=local GOCACHE=/home/lilingfeng/tmp/juicefs-c02-20260817-015425/cache/go-build-126 GOFLAGS=-mod=readonly GOPROXY=https://goproxy.cn,direct GOMODCACHE=/home/lilingfeng/tmp/juicefs-c02-20260817-015425/cache/go-mod GOTMPDIR=/home/lilingfeng/tmp/juicefs-c02-20260817-015425/cache/go-tmp TMPDIR=/home/lilingfeng/tmp/juicefs-c02-20260817-015425/cache/os-tmp go test ./pkg/vfs -run '^TestC02NonEIONewSliceDoesNotRetryBeforeFlush$' -count=1 -v -timeout=2m
+C02 run-c02.sh:341: local rc=1
++C02 run-c02.sh:342: grep -c C02_EXTRA_NEWSLICE_ATTEMPT /home/lilingfeng/tmp/juicefs-c02-20260817-015425/logs/go126-A-sync-C3-repeat-05.log
+C02 run-c02.sh:342: local mc=1
++C02 run-c02.sh:343: grep -c -- '--- FAIL: TestC02NonEIONewSliceDoesNotRetryBeforeFlush' /home/lilingfeng/tmp/juicefs-c02-20260817-015425/logs/go126-A-sync-C3-repeat-05.log
+C02 run-c02.sh:343: local fc=1
+C02 run-c02.sh:344: local fbd=0
+C02 run-c02.sh:345: grep -Eq '\[build failed\]|panic:|fatal error:|test timed out|DATA RACE' /home/lilingfeng/tmp/juicefs-c02-20260817-015425/logs/go126-A-sync-C3-repeat-05.log
+C02 run-c02.sh:346: local m=NO
+C02 run-c02.sh:347: '[' 1 -ne 0 ']'
+C02 run-c02.sh:347: '[' 1 -eq 1 ']'
+C02 run-c02.sh:347: '[' 1 -eq 1 ']'
+C02 run-c02.sh:347: '[' 0 -eq 0 ']'
+C02 run-c02.sh:347: m=YES
+C02 run-c02.sh:348: printf '%s\n' 1
+C02 run-c02.sh:349: printf '%s\t%s\t%s\t%s\t%s\t%s\t%s\n' 05 1 1 1 0 YES logs/go126-A-sync-C3-repeat-05.log
+C02 run-c02.sh:335: for iter in 01 02 03 04 05 06 07 08 09 10
+C02 run-c02.sh:336: local log_rel=logs/go126-A-sync-C3-repeat-06.log
+C02 run-c02.sh:337: local log_abs=/home/lilingfeng/tmp/juicefs-c02-20260817-015425/logs/go126-A-sync-C3-repeat-06.log
+C02 run-c02.sh:338: cd /home/lilingfeng/tmp/juicefs-c02-20260817-015425/src/A-sync
+C02 run-c02.sh:338: env GOTOOLCHAIN=local GOCACHE=/home/lilingfeng/tmp/juicefs-c02-20260817-015425/cache/go-build-126 GOFLAGS=-mod=readonly GOPROXY=https://goproxy.cn,direct GOMODCACHE=/home/lilingfeng/tmp/juicefs-c02-20260817-015425/cache/go-mod GOTMPDIR=/home/lilingfeng/tmp/juicefs-c02-20260817-015425/cache/go-tmp TMPDIR=/home/lilingfeng/tmp/juicefs-c02-20260817-015425/cache/os-tmp go test ./pkg/vfs -run '^TestC02NonEIONewSliceDoesNotRetryBeforeFlush$' -count=1 -v -timeout=2m
+C02 run-c02.sh:341: local rc=1
++C02 run-c02.sh:342: grep -c C02_EXTRA_NEWSLICE_ATTEMPT /home/lilingfeng/tmp/juicefs-c02-20260817-015425/logs/go126-A-sync-C3-repeat-06.log
+C02 run-c02.sh:342: local mc=1
++C02 run-c02.sh:343: grep -c -- '--- FAIL: TestC02NonEIONewSliceDoesNotRetryBeforeFlush' /home/lilingfeng/tmp/juicefs-c02-20260817-015425/logs/go126-A-sync-C3-repeat-06.log
+C02 run-c02.sh:343: local fc=1
+C02 run-c02.sh:344: local fbd=0
+C02 run-c02.sh:345: grep -Eq '\[build failed\]|panic:|fatal error:|test timed out|DATA RACE' /home/lilingfeng/tmp/juicefs-c02-20260817-015425/logs/go126-A-sync-C3-repeat-06.log
+C02 run-c02.sh:346: local m=NO
+C02 run-c02.sh:347: '[' 1 -ne 0 ']'
+C02 run-c02.sh:347: '[' 1 -eq 1 ']'
+C02 run-c02.sh:347: '[' 1 -eq 1 ']'
+C02 run-c02.sh:347: '[' 0 -eq 0 ']'
+C02 run-c02.sh:347: m=YES
+C02 run-c02.sh:348: printf '%s\n' 1
+C02 run-c02.sh:349: printf '%s\t%s\t%s\t%s\t%s\t%s\t%s\n' 06 1 1 1 0 YES logs/go126-A-sync-C3-repeat-06.log
+C02 run-c02.sh:335: for iter in 01 02 03 04 05 06 07 08 09 10
+C02 run-c02.sh:336: local log_rel=logs/go126-A-sync-C3-repeat-07.log
+C02 run-c02.sh:337: local log_abs=/home/lilingfeng/tmp/juicefs-c02-20260817-015425/logs/go126-A-sync-C3-repeat-07.log
+C02 run-c02.sh:338: cd /home/lilingfeng/tmp/juicefs-c02-20260817-015425/src/A-sync
+C02 run-c02.sh:338: env GOTOOLCHAIN=local GOCACHE=/home/lilingfeng/tmp/juicefs-c02-20260817-015425/cache/go-build-126 GOFLAGS=-mod=readonly GOPROXY=https://goproxy.cn,direct GOMODCACHE=/home/lilingfeng/tmp/juicefs-c02-20260817-015425/cache/go-mod GOTMPDIR=/home/lilingfeng/tmp/juicefs-c02-20260817-015425/cache/go-tmp TMPDIR=/home/lilingfeng/tmp/juicefs-c02-20260817-015425/cache/os-tmp go test ./pkg/vfs -run '^TestC02NonEIONewSliceDoesNotRetryBeforeFlush$' -count=1 -v -timeout=2m
+C02 run-c02.sh:341: local rc=1
++C02 run-c02.sh:342: grep -c C02_EXTRA_NEWSLICE_ATTEMPT /home/lilingfeng/tmp/juicefs-c02-20260817-015425/logs/go126-A-sync-C3-repeat-07.log
+C02 run-c02.sh:342: local mc=1
++C02 run-c02.sh:343: grep -c -- '--- FAIL: TestC02NonEIONewSliceDoesNotRetryBeforeFlush' /home/lilingfeng/tmp/juicefs-c02-20260817-015425/logs/go126-A-sync-C3-repeat-07.log
+C02 run-c02.sh:343: local fc=1
+C02 run-c02.sh:344: local fbd=0
+C02 run-c02.sh:345: grep -Eq '\[build failed\]|panic:|fatal error:|test timed out|DATA RACE' /home/lilingfeng/tmp/juicefs-c02-20260817-015425/logs/go126-A-sync-C3-repeat-07.log
+C02 run-c02.sh:346: local m=NO
+C02 run-c02.sh:347: '[' 1 -ne 0 ']'
+C02 run-c02.sh:347: '[' 1 -eq 1 ']'
+C02 run-c02.sh:347: '[' 1 -eq 1 ']'
+C02 run-c02.sh:347: '[' 0 -eq 0 ']'
+C02 run-c02.sh:347: m=YES
+C02 run-c02.sh:348: printf '%s\n' 1
+C02 run-c02.sh:349: printf '%s\t%s\t%s\t%s\t%s\t%s\t%s\n' 07 1 1 1 0 YES logs/go126-A-sync-C3-repeat-07.log
+C02 run-c02.sh:335: for iter in 01 02 03 04 05 06 07 08 09 10
+C02 run-c02.sh:336: local log_rel=logs/go126-A-sync-C3-repeat-08.log
+C02 run-c02.sh:337: local log_abs=/home/lilingfeng/tmp/juicefs-c02-20260817-015425/logs/go126-A-sync-C3-repeat-08.log
+C02 run-c02.sh:338: cd /home/lilingfeng/tmp/juicefs-c02-20260817-015425/src/A-sync
+C02 run-c02.sh:338: env GOTOOLCHAIN=local GOCACHE=/home/lilingfeng/tmp/juicefs-c02-20260817-015425/cache/go-build-126 GOFLAGS=-mod=readonly GOPROXY=https://goproxy.cn,direct GOMODCACHE=/home/lilingfeng/tmp/juicefs-c02-20260817-015425/cache/go-mod GOTMPDIR=/home/lilingfeng/tmp/juicefs-c02-20260817-015425/cache/go-tmp TMPDIR=/home/lilingfeng/tmp/juicefs-c02-20260817-015425/cache/os-tmp go test ./pkg/vfs -run '^TestC02NonEIONewSliceDoesNotRetryBeforeFlush$' -count=1 -v -timeout=2m
+C02 run-c02.sh:341: local rc=1
++C02 run-c02.sh:342: grep -c C02_EXTRA_NEWSLICE_ATTEMPT /home/lilingfeng/tmp/juicefs-c02-20260817-015425/logs/go126-A-sync-C3-repeat-08.log
+C02 run-c02.sh:342: local mc=1
++C02 run-c02.sh:343: grep -c -- '--- FAIL: TestC02NonEIONewSliceDoesNotRetryBeforeFlush' /home/lilingfeng/tmp/juicefs-c02-20260817-015425/logs/go126-A-sync-C3-repeat-08.log
+C02 run-c02.sh:343: local fc=1
+C02 run-c02.sh:344: local fbd=0
+C02 run-c02.sh:345: grep -Eq '\[build failed\]|panic:|fatal error:|test timed out|DATA RACE' /home/lilingfeng/tmp/juicefs-c02-20260817-015425/logs/go126-A-sync-C3-repeat-08.log
+C02 run-c02.sh:346: local m=NO
+C02 run-c02.sh:347: '[' 1 -ne 0 ']'
+C02 run-c02.sh:347: '[' 1 -eq 1 ']'
+C02 run-c02.sh:347: '[' 1 -eq 1 ']'
+C02 run-c02.sh:347: '[' 0 -eq 0 ']'
+C02 run-c02.sh:347: m=YES
+C02 run-c02.sh:348: printf '%s\n' 1
+C02 run-c02.sh:349: printf '%s\t%s\t%s\t%s\t%s\t%s\t%s\n' 08 1 1 1 0 YES logs/go126-A-sync-C3-repeat-08.log
+C02 run-c02.sh:335: for iter in 01 02 03 04 05 06 07 08 09 10
+C02 run-c02.sh:336: local log_rel=logs/go126-A-sync-C3-repeat-09.log
+C02 run-c02.sh:337: local log_abs=/home/lilingfeng/tmp/juicefs-c02-20260817-015425/logs/go126-A-sync-C3-repeat-09.log
+C02 run-c02.sh:338: cd /home/lilingfeng/tmp/juicefs-c02-20260817-015425/src/A-sync
+C02 run-c02.sh:338: env GOTOOLCHAIN=local GOCACHE=/home/lilingfeng/tmp/juicefs-c02-20260817-015425/cache/go-build-126 GOFLAGS=-mod=readonly GOPROXY=https://goproxy.cn,direct GOMODCACHE=/home/lilingfeng/tmp/juicefs-c02-20260817-015425/cache/go-mod GOTMPDIR=/home/lilingfeng/tmp/juicefs-c02-20260817-015425/cache/go-tmp TMPDIR=/home/lilingfeng/tmp/juicefs-c02-20260817-015425/cache/os-tmp go test ./pkg/vfs -run '^TestC02NonEIONewSliceDoesNotRetryBeforeFlush$' -count=1 -v -timeout=2m
+C02 run-c02.sh:341: local rc=1
++C02 run-c02.sh:342: grep -c C02_EXTRA_NEWSLICE_ATTEMPT /home/lilingfeng/tmp/juicefs-c02-20260817-015425/logs/go126-A-sync-C3-repeat-09.log
+C02 run-c02.sh:342: local mc=1
++C02 run-c02.sh:343: grep -c -- '--- FAIL: TestC02NonEIONewSliceDoesNotRetryBeforeFlush' /home/lilingfeng/tmp/juicefs-c02-20260817-015425/logs/go126-A-sync-C3-repeat-09.log
+C02 run-c02.sh:343: local fc=1
+C02 run-c02.sh:344: local fbd=0
+C02 run-c02.sh:345: grep -Eq '\[build failed\]|panic:|fatal error:|test timed out|DATA RACE' /home/lilingfeng/tmp/juicefs-c02-20260817-015425/logs/go126-A-sync-C3-repeat-09.log
+C02 run-c02.sh:346: local m=NO
+C02 run-c02.sh:347: '[' 1 -ne 0 ']'
+C02 run-c02.sh:347: '[' 1 -eq 1 ']'
+C02 run-c02.sh:347: '[' 1 -eq 1 ']'
+C02 run-c02.sh:347: '[' 0 -eq 0 ']'
+C02 run-c02.sh:347: m=YES
+C02 run-c02.sh:348: printf '%s\n' 1
+C02 run-c02.sh:349: printf '%s\t%s\t%s\t%s\t%s\t%s\t%s\n' 09 1 1 1 0 YES logs/go126-A-sync-C3-repeat-09.log
+C02 run-c02.sh:335: for iter in 01 02 03 04 05 06 07 08 09 10
+C02 run-c02.sh:336: local log_rel=logs/go126-A-sync-C3-repeat-10.log
+C02 run-c02.sh:337: local log_abs=/home/lilingfeng/tmp/juicefs-c02-20260817-015425/logs/go126-A-sync-C3-repeat-10.log
+C02 run-c02.sh:338: cd /home/lilingfeng/tmp/juicefs-c02-20260817-015425/src/A-sync
+C02 run-c02.sh:338: env GOTOOLCHAIN=local GOCACHE=/home/lilingfeng/tmp/juicefs-c02-20260817-015425/cache/go-build-126 GOFLAGS=-mod=readonly GOPROXY=https://goproxy.cn,direct GOMODCACHE=/home/lilingfeng/tmp/juicefs-c02-20260817-015425/cache/go-mod GOTMPDIR=/home/lilingfeng/tmp/juicefs-c02-20260817-015425/cache/go-tmp TMPDIR=/home/lilingfeng/tmp/juicefs-c02-20260817-015425/cache/os-tmp go test ./pkg/vfs -run '^TestC02NonEIONewSliceDoesNotRetryBeforeFlush$' -count=1 -v -timeout=2m
+C02 run-c02.sh:341: local rc=1
++C02 run-c02.sh:342: grep -c C02_EXTRA_NEWSLICE_ATTEMPT /home/lilingfeng/tmp/juicefs-c02-20260817-015425/logs/go126-A-sync-C3-repeat-10.log
+C02 run-c02.sh:342: local mc=1
++C02 run-c02.sh:343: grep -c -- '--- FAIL: TestC02NonEIONewSliceDoesNotRetryBeforeFlush' /home/lilingfeng/tmp/juicefs-c02-20260817-015425/logs/go126-A-sync-C3-repeat-10.log
+C02 run-c02.sh:343: local fc=1
+C02 run-c02.sh:344: local fbd=0
+C02 run-c02.sh:345: grep -Eq '\[build failed\]|panic:|fatal error:|test timed out|DATA RACE' /home/lilingfeng/tmp/juicefs-c02-20260817-015425/logs/go126-A-sync-C3-repeat-10.log
+C02 run-c02.sh:346: local m=NO
+C02 run-c02.sh:347: '[' 1 -ne 0 ']'
+C02 run-c02.sh:347: '[' 1 -eq 1 ']'
+C02 run-c02.sh:347: '[' 1 -eq 1 ']'
+C02 run-c02.sh:347: '[' 0 -eq 0 ']'
+C02 run-c02.sh:347: m=YES
+C02 run-c02.sh:348: printf '%s\n' 1
+C02 run-c02.sh:349: printf '%s\t%s\t%s\t%s\t%s\t%s\t%s\n' 10 1 1 1 0 YES logs/go126-A-sync-C3-repeat-10.log
+C02 run-c02.sh:352: printf '%s\n' 0
+C02 run-c02.sh:367: echo '=== Step 8.2: A count100 + race20 ==='
+C02 run-c02.sh:369: '[' RUNNING = RUNNING ']'
+C02 run-c02.sh:370: for TOOL in go125 go126
+C02 run-c02.sh:371: '[' go125 = go125 ']'
+C02 run-c02.sh:371: TC=go1.25.7
+C02 run-c02.sh:371: BC=/home/lilingfeng/tmp/juicefs-c02-20260817-015425/cache/go-build-125
+C02 run-c02.sh:374: cd /home/lilingfeng/tmp/juicefs-c02-20260817-015425/src/A-sync
+C02 run-c02.sh:374: env GOTOOLCHAIN=go1.25.7 GOCACHE=/home/lilingfeng/tmp/juicefs-c02-20260817-015425/cache/go-build-125 GOFLAGS=-mod=readonly GOPROXY=https://goproxy.cn,direct GOMODCACHE=/home/lilingfeng/tmp/juicefs-c02-20260817-015425/cache/go-mod GOTMPDIR=/home/lilingfeng/tmp/juicefs-c02-20260817-015425/cache/go-tmp TMPDIR=/home/lilingfeng/tmp/juicefs-c02-20260817-015425/cache/os-tmp go test ./pkg/vfs -run '^(TestC02FullBlockDispatchAfterDelayedID|TestC02MultiBlockDispatchUsesLatestLength|TestC02FlushToFailureIsObservable|TestC02PartialThenFullAfterIDDispatchesOnce|TestC02TransientEIORecoversOnFreeze|TestC02PermanentENOSPCAbortsFrozenSlice|TestC02FrozenSliceSkipsCatchupFlush|TestC02ConcurrentIndependentFullBlocks)$' -count=100 -v -timeout=15m
+C02 run-c02.sh:377: printf '%s\n' 0
+C02 run-c02.sh:380: cd /home/lilingfeng/tmp/juicefs-c02-20260817-015425/src/A-sync
+C02 run-c02.sh:380: env GOTOOLCHAIN=go1.25.7 GOCACHE=/home/lilingfeng/tmp/juicefs-c02-20260817-015425/cache/go-build-125 GOFLAGS=-mod=readonly GOPROXY=https://goproxy.cn,direct GOMODCACHE=/home/lilingfeng/tmp/juicefs-c02-20260817-015425/cache/go-mod GOTMPDIR=/home/lilingfeng/tmp/juicefs-c02-20260817-015425/cache/go-tmp TMPDIR=/home/lilingfeng/tmp/juicefs-c02-20260817-015425/cache/os-tmp go test -race ./pkg/vfs -run '^(TestC02FullBlockDispatchAfterDelayedID|TestC02MultiBlockDispatchUsesLatestLength|TestC02FlushToFailureIsObservable|TestC02PartialThenFullAfterIDDispatchesOnce|TestC02TransientEIORecoversOnFreeze|TestC02PermanentENOSPCAbortsFrozenSlice|TestC02FrozenSliceSkipsCatchupFlush|TestC02ConcurrentIndependentFullBlocks)$' -count=20 -v -timeout=20m
+C02 run-c02.sh:383: printf '%s\n' 0
+C02 run-c02.sh:370: for TOOL in go125 go126
+C02 run-c02.sh:371: '[' go126 = go125 ']'
+C02 run-c02.sh:371: TC=local
+C02 run-c02.sh:371: BC=/home/lilingfeng/tmp/juicefs-c02-20260817-015425/cache/go-build-126
+C02 run-c02.sh:374: cd /home/lilingfeng/tmp/juicefs-c02-20260817-015425/src/A-sync
+C02 run-c02.sh:374: env GOTOOLCHAIN=local GOCACHE=/home/lilingfeng/tmp/juicefs-c02-20260817-015425/cache/go-build-126 GOFLAGS=-mod=readonly GOPROXY=https://goproxy.cn,direct GOMODCACHE=/home/lilingfeng/tmp/juicefs-c02-20260817-015425/cache/go-mod GOTMPDIR=/home/lilingfeng/tmp/juicefs-c02-20260817-015425/cache/go-tmp TMPDIR=/home/lilingfeng/tmp/juicefs-c02-20260817-015425/cache/os-tmp go test ./pkg/vfs -run '^(TestC02FullBlockDispatchAfterDelayedID|TestC02MultiBlockDispatchUsesLatestLength|TestC02FlushToFailureIsObservable|TestC02PartialThenFullAfterIDDispatchesOnce|TestC02TransientEIORecoversOnFreeze|TestC02PermanentENOSPCAbortsFrozenSlice|TestC02FrozenSliceSkipsCatchupFlush|TestC02ConcurrentIndependentFullBlocks)$' -count=100 -v -timeout=15m
+C02 run-c02.sh:377: printf '%s\n' 0
+C02 run-c02.sh:380: cd /home/lilingfeng/tmp/juicefs-c02-20260817-015425/src/A-sync
+C02 run-c02.sh:380: env GOTOOLCHAIN=local GOCACHE=/home/lilingfeng/tmp/juicefs-c02-20260817-015425/cache/go-build-126 GOFLAGS=-mod=readonly GOPROXY=https://goproxy.cn,direct GOMODCACHE=/home/lilingfeng/tmp/juicefs-c02-20260817-015425/cache/go-mod GOTMPDIR=/home/lilingfeng/tmp/juicefs-c02-20260817-015425/cache/go-tmp TMPDIR=/home/lilingfeng/tmp/juicefs-c02-20260817-015425/cache/os-tmp go test -race ./pkg/vfs -run '^(TestC02FullBlockDispatchAfterDelayedID|TestC02MultiBlockDispatchUsesLatestLength|TestC02FlushToFailureIsObservable|TestC02PartialThenFullAfterIDDispatchesOnce|TestC02TransientEIORecoversOnFreeze|TestC02PermanentENOSPCAbortsFrozenSlice|TestC02FrozenSliceSkipsCatchupFlush|TestC02ConcurrentIndependentFullBlocks)$' -count=20 -v -timeout=20m
+C02 run-c02.sh:383: printf '%s\n' 0
+C02 run-c02.sh:388: echo '=== Step 8.3: B count100 + race20 ==='
+C02 run-c02.sh:390: '[' RUNNING = RUNNING ']'
+C02 run-c02.sh:391: for TOOL in go125 go126
+C02 run-c02.sh:392: '[' go125 = go125 ']'
+C02 run-c02.sh:392: TC=go1.25.7
+C02 run-c02.sh:392: BC=/home/lilingfeng/tmp/juicefs-c02-20260817-015425/cache/go-build-125
+C02 run-c02.sh:395: cd /home/lilingfeng/tmp/juicefs-c02-20260817-015425/src/B-async-catchup
+C02 run-c02.sh:395: env GOTOOLCHAIN=go1.25.7 GOCACHE=/home/lilingfeng/tmp/juicefs-c02-20260817-015425/cache/go-build-125 GOFLAGS=-mod=readonly GOPROXY=https://goproxy.cn,direct GOMODCACHE=/home/lilingfeng/tmp/juicefs-c02-20260817-015425/cache/go-mod GOTMPDIR=/home/lilingfeng/tmp/juicefs-c02-20260817-015425/cache/go-tmp TMPDIR=/home/lilingfeng/tmp/juicefs-c02-20260817-015425/cache/os-tmp go test ./pkg/vfs -run '^TestC02(FullBlockDispatchAfterDelayedID|MultiBlockDispatchUsesLatestLength|FlushToFailureIsObservable|PartialThenFullAfterIDDispatchesOnce|DelayedNewSliceDoesNotBlockWriteAt|NonEIONewSliceDoesNotRetryBeforeFlush|TransientEIORecoversOnFreeze|PermanentENOSPCAbortsFrozenSlice|FrozenSliceSkipsCatchupFlush|ConcurrentIndependentFullBlocks)$' -count=100 -v -timeout=20m
+C02 run-c02.sh:398: printf '%s\n' 0
+C02 run-c02.sh:401: cd /home/lilingfeng/tmp/juicefs-c02-20260817-015425/src/B-async-catchup
+C02 run-c02.sh:401: env GOTOOLCHAIN=go1.25.7 GOCACHE=/home/lilingfeng/tmp/juicefs-c02-20260817-015425/cache/go-build-125 GOFLAGS=-mod=readonly GOPROXY=https://goproxy.cn,direct GOMODCACHE=/home/lilingfeng/tmp/juicefs-c02-20260817-015425/cache/go-mod GOTMPDIR=/home/lilingfeng/tmp/juicefs-c02-20260817-015425/cache/go-tmp TMPDIR=/home/lilingfeng/tmp/juicefs-c02-20260817-015425/cache/os-tmp go test -race ./pkg/vfs -run '^TestC02(FullBlockDispatchAfterDelayedID|MultiBlockDispatchUsesLatestLength|FlushToFailureIsObservable|PartialThenFullAfterIDDispatchesOnce|DelayedNewSliceDoesNotBlockWriteAt|NonEIONewSliceDoesNotRetryBeforeFlush|TransientEIORecoversOnFreeze|PermanentENOSPCAbortsFrozenSlice|FrozenSliceSkipsCatchupFlush|ConcurrentIndependentFullBlocks)$' -count=20 -v -timeout=25m
+C02 run-c02.sh:404: printf '%s\n' 0
+C02 run-c02.sh:391: for TOOL in go125 go126
+C02 run-c02.sh:392: '[' go126 = go125 ']'
+C02 run-c02.sh:392: TC=local
+C02 run-c02.sh:392: BC=/home/lilingfeng/tmp/juicefs-c02-20260817-015425/cache/go-build-126
+C02 run-c02.sh:395: cd /home/lilingfeng/tmp/juicefs-c02-20260817-015425/src/B-async-catchup
+C02 run-c02.sh:395: env GOTOOLCHAIN=local GOCACHE=/home/lilingfeng/tmp/juicefs-c02-20260817-015425/cache/go-build-126 GOFLAGS=-mod=readonly GOPROXY=https://goproxy.cn,direct GOMODCACHE=/home/lilingfeng/tmp/juicefs-c02-20260817-015425/cache/go-mod GOTMPDIR=/home/lilingfeng/tmp/juicefs-c02-20260817-015425/cache/go-tmp TMPDIR=/home/lilingfeng/tmp/juicefs-c02-20260817-015425/cache/os-tmp go test ./pkg/vfs -run '^TestC02(FullBlockDispatchAfterDelayedID|MultiBlockDispatchUsesLatestLength|FlushToFailureIsObservable|PartialThenFullAfterIDDispatchesOnce|DelayedNewSliceDoesNotBlockWriteAt|NonEIONewSliceDoesNotRetryBeforeFlush|TransientEIORecoversOnFreeze|PermanentENOSPCAbortsFrozenSlice|FrozenSliceSkipsCatchupFlush|ConcurrentIndependentFullBlocks)$' -count=100 -v -timeout=20m
+C02 run-c02.sh:398: printf '%s\n' 0
+C02 run-c02.sh:401: cd /home/lilingfeng/tmp/juicefs-c02-20260817-015425/src/B-async-catchup
+C02 run-c02.sh:401: env GOTOOLCHAIN=local GOCACHE=/home/lilingfeng/tmp/juicefs-c02-20260817-015425/cache/go-build-126 GOFLAGS=-mod=readonly GOPROXY=https://goproxy.cn,direct GOMODCACHE=/home/lilingfeng/tmp/juicefs-c02-20260817-015425/cache/go-mod GOTMPDIR=/home/lilingfeng/tmp/juicefs-c02-20260817-015425/cache/go-tmp TMPDIR=/home/lilingfeng/tmp/juicefs-c02-20260817-015425/cache/os-tmp go test -race ./pkg/vfs -run '^TestC02(FullBlockDispatchAfterDelayedID|MultiBlockDispatchUsesLatestLength|FlushToFailureIsObservable|PartialThenFullAfterIDDispatchesOnce|DelayedNewSliceDoesNotBlockWriteAt|NonEIONewSliceDoesNotRetryBeforeFlush|TransientEIORecoversOnFreeze|PermanentENOSPCAbortsFrozenSlice|FrozenSliceSkipsCatchupFlush|ConcurrentIndependentFullBlocks)$' -count=20 -v -timeout=25m
+C02 run-c02.sh:404: printf '%s\n' 0
+C02 run-c02.sh:409: printf '%s\n' C02_ANCHOR:SOURCE_GUARD
+C02 run-c02.sh:410: for ARM in S-stock A-sync B-async-catchup
+C02 run-c02.sh:411: cd /home/lilingfeng/tmp/juicefs-c02-20260817-015425/src/S-stock
+C02 run-c02.sh:412: git status --short
+C02 run-c02.sh:413: git rev-parse HEAD
+C02 run-c02.sh:413: awk -v arm=S-stock '{print arm "\t" $1}'
+C02 run-c02.sh:414: git diff --stat
+C02 run-c02.sh:415: git diff --full-index
+C02 run-c02.sh:416: git diff -- pkg/vfs/writer.go
+C02 run-c02.sh:417: git diff --check
+C02 run-c02.sh:418: printf '%s\n' 0
+C02 run-c02.sh:419: case "$ARM" in
+C02 run-c02.sh:420: printf '%s\n' pkg/vfs/writer_flush_c02_test.go
+C02 run-c02.sh:423: LC_ALL=C
+C02 run-c02.sh:423: sort -o /home/lilingfeng/tmp/juicefs-c02-20260817-015425/meta/S-stock-expected-paths.txt /home/lilingfeng/tmp/juicefs-c02-20260817-015425/meta/S-stock-expected-paths.txt
+C02 run-c02.sh:424: git diff --name-only
+C02 run-c02.sh:424: LC_ALL=C
+C02 run-c02.sh:424: sort
+C02 run-c02.sh:425: diff -u /home/lilingfeng/tmp/juicefs-c02-20260817-015425/meta/S-stock-expected-paths.txt /home/lilingfeng/tmp/juicefs-c02-20260817-015425/meta/S-stock-changed-paths.txt
+C02 run-c02.sh:426: printf '%s\n' 0
+C02 run-c02.sh:427: sha256sum pkg/vfs/writer_flush_c02_test.go
+C02 run-c02.sh:428: cmp /home/lilingfeng/tmp/juicefs-c02-20260817-015425/assets/writer_flush_c02_test.go pkg/vfs/writer_flush_c02_test.go
+C02 run-c02.sh:429: printf '%s\n' 0
+C02 run-c02.sh:410: for ARM in S-stock A-sync B-async-catchup
+C02 run-c02.sh:411: cd /home/lilingfeng/tmp/juicefs-c02-20260817-015425/src/A-sync
+C02 run-c02.sh:412: git status --short
+C02 run-c02.sh:413: git rev-parse HEAD
+C02 run-c02.sh:413: awk -v arm=A-sync '{print arm "\t" $1}'
+C02 run-c02.sh:414: git diff --stat
+C02 run-c02.sh:415: git diff --full-index
+C02 run-c02.sh:416: git diff -- pkg/vfs/writer.go
+C02 run-c02.sh:417: git diff --check
+C02 run-c02.sh:418: printf '%s\n' 0
+C02 run-c02.sh:419: case "$ARM" in
+C02 run-c02.sh:421: printf '%s\n' pkg/vfs/writer.go pkg/vfs/writer_flush_c02_test.go
+C02 run-c02.sh:423: LC_ALL=C
+C02 run-c02.sh:423: sort -o /home/lilingfeng/tmp/juicefs-c02-20260817-015425/meta/A-sync-expected-paths.txt /home/lilingfeng/tmp/juicefs-c02-20260817-015425/meta/A-sync-expected-paths.txt
+C02 run-c02.sh:424: git diff --name-only
+C02 run-c02.sh:424: LC_ALL=C
+C02 run-c02.sh:424: sort
+C02 run-c02.sh:425: diff -u /home/lilingfeng/tmp/juicefs-c02-20260817-015425/meta/A-sync-expected-paths.txt /home/lilingfeng/tmp/juicefs-c02-20260817-015425/meta/A-sync-changed-paths.txt
+C02 run-c02.sh:426: printf '%s\n' 0
+C02 run-c02.sh:427: sha256sum pkg/vfs/writer_flush_c02_test.go
+C02 run-c02.sh:428: cmp /home/lilingfeng/tmp/juicefs-c02-20260817-015425/assets/writer_flush_c02_test.go pkg/vfs/writer_flush_c02_test.go
+C02 run-c02.sh:429: printf '%s\n' 0
+C02 run-c02.sh:410: for ARM in S-stock A-sync B-async-catchup
+C02 run-c02.sh:411: cd /home/lilingfeng/tmp/juicefs-c02-20260817-015425/src/B-async-catchup
+C02 run-c02.sh:412: git status --short
+C02 run-c02.sh:413: git rev-parse HEAD
+C02 run-c02.sh:413: awk -v arm=B-async-catchup '{print arm "\t" $1}'
+C02 run-c02.sh:414: git diff --stat
+C02 run-c02.sh:415: git diff --full-index
+C02 run-c02.sh:416: git diff -- pkg/vfs/writer.go
+C02 run-c02.sh:417: git diff --check
+C02 run-c02.sh:418: printf '%s\n' 0
+C02 run-c02.sh:419: case "$ARM" in
+C02 run-c02.sh:421: printf '%s\n' pkg/vfs/writer.go pkg/vfs/writer_flush_c02_test.go
+C02 run-c02.sh:423: LC_ALL=C
+C02 run-c02.sh:423: sort -o /home/lilingfeng/tmp/juicefs-c02-20260817-015425/meta/B-async-catchup-expected-paths.txt /home/lilingfeng/tmp/juicefs-c02-20260817-015425/meta/B-async-catchup-expected-paths.txt
+C02 run-c02.sh:424: git diff --name-only
+C02 run-c02.sh:424: LC_ALL=C
+C02 run-c02.sh:424: sort
+C02 run-c02.sh:425: diff -u /home/lilingfeng/tmp/juicefs-c02-20260817-015425/meta/B-async-catchup-expected-paths.txt /home/lilingfeng/tmp/juicefs-c02-20260817-015425/meta/B-async-catchup-changed-paths.txt
+C02 run-c02.sh:426: printf '%s\n' 0
+C02 run-c02.sh:427: sha256sum pkg/vfs/writer_flush_c02_test.go
+C02 run-c02.sh:428: cmp /home/lilingfeng/tmp/juicefs-c02-20260817-015425/assets/writer_flush_c02_test.go pkg/vfs/writer_flush_c02_test.go
+C02 run-c02.sh:429: printf '%s\n' 0
+C02 run-c02.sh:431: awk -v want=edabf9c24601510476e7453abff177f4aaca07ac '$2 != want {bad=1} END{exit bad}' /home/lilingfeng/tmp/juicefs-c02-20260817-015425/meta/arm-heads-after.tsv
+C02 run-c02.sh:434: echo '=== Step 10: candidate-gates ==='
+C02 run-c02.sh:437: stock_oracle_go125=YES
+C02 run-c02.sh:437: stock_oracle_go126=YES
+C02 run-c02.sh:438: a_repair_go125=YES
+C02 run-c02.sh:438: a_repair_go126=YES
+C02 run-c02.sh:439: a_stock_compat_go125=KNOWN-DEVIATION
+C02 run-c02.sh:439: a_stock_compat_go126=KNOWN-DEVIATION
+C02 run-c02.sh:440: b_repair_go125=YES
+C02 run-c02.sh:440: b_repair_go126=YES
+C02 run-c02.sh:441: b_stock_compat_go125=YES
+C02 run-c02.sh:441: b_stock_compat_go126=YES
+C02 run-c02.sh:442: b_fault_go125=YES
+C02 run-c02.sh:442: b_fault_go126=YES
+C02 run-c02.sh:443: b_count100_go125=YES
+C02 run-c02.sh:443: b_count100_go126=YES
+C02 run-c02.sh:444: b_race20_go125=YES
+C02 run-c02.sh:444: b_race20_go126=YES
+C02 run-c02.sh:445: source_guards=YES
+C02 run-c02.sh:446: exec_audit=PENDING
+C02 run-c02.sh:449: for TOOL in go125 go126
+C02 run-c02.sh:451: for id in "${S_TESTS[@]}"
+C02 run-c02.sh:452: grep -q $'go125\tS-stock\tC1\t.*\t.*\t.*\t.*\t.*\t.*\t.*\t.*\tYES' /home/lilingfeng/tmp/juicefs-c02-20260817-015425/meta/results.raw.tsv
+C02 run-c02.sh:451: for id in "${S_TESTS[@]}"
+C02 run-c02.sh:452: grep -q $'go125\tS-stock\tC2\t.*\t.*\t.*\t.*\t.*\t.*\t.*\t.*\tYES' /home/lilingfeng/tmp/juicefs-c02-20260817-015425/meta/results.raw.tsv
+C02 run-c02.sh:451: for id in "${S_TESTS[@]}"
+C02 run-c02.sh:452: grep -q $'go125\tS-stock\tC3\t.*\t.*\t.*\t.*\t.*\t.*\t.*\t.*\tYES' /home/lilingfeng/tmp/juicefs-c02-20260817-015425/meta/results.raw.tsv
+C02 run-c02.sh:451: for id in "${S_TESTS[@]}"
+C02 run-c02.sh:452: grep -q $'go125\tS-stock\tF1\t.*\t.*\t.*\t.*\t.*\t.*\t.*\t.*\tYES' /home/lilingfeng/tmp/juicefs-c02-20260817-015425/meta/results.raw.tsv
+C02 run-c02.sh:451: for id in "${S_TESTS[@]}"
+C02 run-c02.sh:452: grep -q $'go125\tS-stock\tF2\t.*\t.*\t.*\t.*\t.*\t.*\t.*\t.*\tYES' /home/lilingfeng/tmp/juicefs-c02-20260817-015425/meta/results.raw.tsv
+C02 run-c02.sh:451: for id in "${S_TESTS[@]}"
+C02 run-c02.sh:452: grep -q $'go125\tS-stock\tF3\t.*\t.*\t.*\t.*\t.*\t.*\t.*\t.*\tYES' /home/lilingfeng/tmp/juicefs-c02-20260817-015425/meta/results.raw.tsv
+C02 run-c02.sh:451: for id in "${S_TESTS[@]}"
+C02 run-c02.sh:452: grep -q $'go125\tS-stock\tR1\t.*\t.*\t.*\t.*\t.*\t.*\t.*\t.*\tYES' /home/lilingfeng/tmp/juicefs-c02-20260817-015425/meta/results.raw.tsv
+C02 run-c02.sh:451: for id in "${S_TESTS[@]}"
+C02 run-c02.sh:452: grep -q $'go125\tS-stock\tR2\t.*\t.*\t.*\t.*\t.*\t.*\t.*\t.*\tYES' /home/lilingfeng/tmp/juicefs-c02-20260817-015425/meta/results.raw.tsv
+C02 run-c02.sh:451: for id in "${S_TESTS[@]}"
+C02 run-c02.sh:452: grep -q $'go125\tS-stock\tR3\t.*\t.*\t.*\t.*\t.*\t.*\t.*\t.*\tYES' /home/lilingfeng/tmp/juicefs-c02-20260817-015425/meta/results.raw.tsv
+C02 run-c02.sh:457: for id in R1 R2 R3
+C02 run-c02.sh:458: grep -q $'go125\tA-sync\tR1\t.*\t.*\tPASS\t.*\t.*\t.*\t.*\t.*\tYES' /home/lilingfeng/tmp/juicefs-c02-20260817-015425/meta/results.raw.tsv
+C02 run-c02.sh:457: for id in R1 R2 R3
+C02 run-c02.sh:458: grep -q $'go125\tA-sync\tR2\t.*\t.*\tPASS\t.*\t.*\t.*\t.*\t.*\tYES' /home/lilingfeng/tmp/juicefs-c02-20260817-015425/meta/results.raw.tsv
+C02 run-c02.sh:457: for id in R1 R2 R3
+C02 run-c02.sh:458: grep -q $'go125\tA-sync\tR3\t.*\t.*\tPASS\t.*\t.*\t.*\t.*\t.*\tYES' /home/lilingfeng/tmp/juicefs-c02-20260817-015425/meta/results.raw.tsv
+C02 run-c02.sh:463: for id in C2 C3
+C02 run-c02.sh:464: grep -q $'go125\tA-sync\tC2\t.*\t.*\tFAIL\t.*\t.*\t.*\t.*\t.*\tYES' /home/lilingfeng/tmp/juicefs-c02-20260817-015425/meta/results.raw.tsv
+C02 run-c02.sh:463: for id in C2 C3
+C02 run-c02.sh:464: grep -q $'go125\tA-sync\tC3\t.*\t.*\tFAIL\t.*\t.*\t.*\t.*\t.*\tYES' /home/lilingfeng/tmp/juicefs-c02-20260817-015425/meta/results.raw.tsv
+C02 run-c02.sh:469: for id in R1 R2 R3
+C02 run-c02.sh:470: grep -q $'go125\tB-async-catchup\tR1\t.*\t.*\tPASS\t.*\t.*\t.*\t.*\t.*\tYES' /home/lilingfeng/tmp/juicefs-c02-20260817-015425/meta/results.raw.tsv
+C02 run-c02.sh:469: for id in R1 R2 R3
+C02 run-c02.sh:470: grep -q $'go125\tB-async-catchup\tR2\t.*\t.*\tPASS\t.*\t.*\t.*\t.*\t.*\tYES' /home/lilingfeng/tmp/juicefs-c02-20260817-015425/meta/results.raw.tsv
+C02 run-c02.sh:469: for id in R1 R2 R3
+C02 run-c02.sh:470: grep -q $'go125\tB-async-catchup\tR3\t.*\t.*\tPASS\t.*\t.*\t.*\t.*\t.*\tYES' /home/lilingfeng/tmp/juicefs-c02-20260817-015425/meta/results.raw.tsv
+C02 run-c02.sh:475: for id in F1 F2 F3
+C02 run-c02.sh:476: grep -q $'go125\tB-async-catchup\tF1\t.*\t.*\tPASS\t.*\t.*\t.*\t.*\t.*\tYES' /home/lilingfeng/tmp/juicefs-c02-20260817-015425/meta/results.raw.tsv
+C02 run-c02.sh:475: for id in F1 F2 F3
+C02 run-c02.sh:476: grep -q $'go125\tB-async-catchup\tF2\t.*\t.*\tPASS\t.*\t.*\t.*\t.*\t.*\tYES' /home/lilingfeng/tmp/juicefs-c02-20260817-015425/meta/results.raw.tsv
+C02 run-c02.sh:475: for id in F1 F2 F3
+C02 run-c02.sh:476: grep -q $'go125\tB-async-catchup\tF3\t.*\t.*\tPASS\t.*\t.*\t.*\t.*\t.*\tYES' /home/lilingfeng/tmp/juicefs-c02-20260817-015425/meta/results.raw.tsv
+C02 run-c02.sh:481: '[' '!' -f /home/lilingfeng/tmp/juicefs-c02-20260817-015425/rc/go125-B-async-catchup-pass-count100.rc ']'
++C02 run-c02.sh:481: cat /home/lilingfeng/tmp/juicefs-c02-20260817-015425/rc/go125-B-async-catchup-pass-count100.rc
+C02 run-c02.sh:481: '[' 0 -ne 0 ']'
+C02 run-c02.sh:485: '[' '!' -f /home/lilingfeng/tmp/juicefs-c02-20260817-015425/rc/go125-B-async-catchup-pass-race-count20.rc ']'
++C02 run-c02.sh:485: cat /home/lilingfeng/tmp/juicefs-c02-20260817-015425/rc/go125-B-async-catchup-pass-race-count20.rc
+C02 run-c02.sh:485: '[' 0 -ne 0 ']'
+C02 run-c02.sh:488: grep -q 'DATA RACE' /home/lilingfeng/tmp/juicefs-c02-20260817-015425/logs/go125-B-async-catchup-pass-race-count20.log
+C02 run-c02.sh:449: for TOOL in go125 go126
+C02 run-c02.sh:451: for id in "${S_TESTS[@]}"
+C02 run-c02.sh:452: grep -q $'go126\tS-stock\tC1\t.*\t.*\t.*\t.*\t.*\t.*\t.*\t.*\tYES' /home/lilingfeng/tmp/juicefs-c02-20260817-015425/meta/results.raw.tsv
+C02 run-c02.sh:451: for id in "${S_TESTS[@]}"
+C02 run-c02.sh:452: grep -q $'go126\tS-stock\tC2\t.*\t.*\t.*\t.*\t.*\t.*\t.*\t.*\tYES' /home/lilingfeng/tmp/juicefs-c02-20260817-015425/meta/results.raw.tsv
+C02 run-c02.sh:451: for id in "${S_TESTS[@]}"
+C02 run-c02.sh:452: grep -q $'go126\tS-stock\tC3\t.*\t.*\t.*\t.*\t.*\t.*\t.*\t.*\tYES' /home/lilingfeng/tmp/juicefs-c02-20260817-015425/meta/results.raw.tsv
+C02 run-c02.sh:451: for id in "${S_TESTS[@]}"
+C02 run-c02.sh:452: grep -q $'go126\tS-stock\tF1\t.*\t.*\t.*\t.*\t.*\t.*\t.*\t.*\tYES' /home/lilingfeng/tmp/juicefs-c02-20260817-015425/meta/results.raw.tsv
+C02 run-c02.sh:451: for id in "${S_TESTS[@]}"
+C02 run-c02.sh:452: grep -q $'go126\tS-stock\tF2\t.*\t.*\t.*\t.*\t.*\t.*\t.*\t.*\tYES' /home/lilingfeng/tmp/juicefs-c02-20260817-015425/meta/results.raw.tsv
+C02 run-c02.sh:451: for id in "${S_TESTS[@]}"
+C02 run-c02.sh:452: grep -q $'go126\tS-stock\tF3\t.*\t.*\t.*\t.*\t.*\t.*\t.*\t.*\tYES' /home/lilingfeng/tmp/juicefs-c02-20260817-015425/meta/results.raw.tsv
+C02 run-c02.sh:451: for id in "${S_TESTS[@]}"
+C02 run-c02.sh:452: grep -q $'go126\tS-stock\tR1\t.*\t.*\t.*\t.*\t.*\t.*\t.*\t.*\tYES' /home/lilingfeng/tmp/juicefs-c02-20260817-015425/meta/results.raw.tsv
+C02 run-c02.sh:451: for id in "${S_TESTS[@]}"
+C02 run-c02.sh:452: grep -q $'go126\tS-stock\tR2\t.*\t.*\t.*\t.*\t.*\t.*\t.*\t.*\tYES' /home/lilingfeng/tmp/juicefs-c02-20260817-015425/meta/results.raw.tsv
+C02 run-c02.sh:451: for id in "${S_TESTS[@]}"
+C02 run-c02.sh:452: grep -q $'go126\tS-stock\tR3\t.*\t.*\t.*\t.*\t.*\t.*\t.*\t.*\tYES' /home/lilingfeng/tmp/juicefs-c02-20260817-015425/meta/results.raw.tsv
+C02 run-c02.sh:457: for id in R1 R2 R3
+C02 run-c02.sh:458: grep -q $'go126\tA-sync\tR1\t.*\t.*\tPASS\t.*\t.*\t.*\t.*\t.*\tYES' /home/lilingfeng/tmp/juicefs-c02-20260817-015425/meta/results.raw.tsv
+C02 run-c02.sh:457: for id in R1 R2 R3
+C02 run-c02.sh:458: grep -q $'go126\tA-sync\tR2\t.*\t.*\tPASS\t.*\t.*\t.*\t.*\t.*\tYES' /home/lilingfeng/tmp/juicefs-c02-20260817-015425/meta/results.raw.tsv
+C02 run-c02.sh:457: for id in R1 R2 R3
+C02 run-c02.sh:458: grep -q $'go126\tA-sync\tR3\t.*\t.*\tPASS\t.*\t.*\t.*\t.*\t.*\tYES' /home/lilingfeng/tmp/juicefs-c02-20260817-015425/meta/results.raw.tsv
+C02 run-c02.sh:463: for id in C2 C3
+C02 run-c02.sh:464: grep -q $'go126\tA-sync\tC2\t.*\t.*\tFAIL\t.*\t.*\t.*\t.*\t.*\tYES' /home/lilingfeng/tmp/juicefs-c02-20260817-015425/meta/results.raw.tsv
+C02 run-c02.sh:463: for id in C2 C3
+C02 run-c02.sh:464: grep -q $'go126\tA-sync\tC3\t.*\t.*\tFAIL\t.*\t.*\t.*\t.*\t.*\tYES' /home/lilingfeng/tmp/juicefs-c02-20260817-015425/meta/results.raw.tsv
+C02 run-c02.sh:469: for id in R1 R2 R3
+C02 run-c02.sh:470: grep -q $'go126\tB-async-catchup\tR1\t.*\t.*\tPASS\t.*\t.*\t.*\t.*\t.*\tYES' /home/lilingfeng/tmp/juicefs-c02-20260817-015425/meta/results.raw.tsv
+C02 run-c02.sh:469: for id in R1 R2 R3
+C02 run-c02.sh:470: grep -q $'go126\tB-async-catchup\tR2\t.*\t.*\tPASS\t.*\t.*\t.*\t.*\t.*\tYES' /home/lilingfeng/tmp/juicefs-c02-20260817-015425/meta/results.raw.tsv
+C02 run-c02.sh:469: for id in R1 R2 R3
+C02 run-c02.sh:470: grep -q $'go126\tB-async-catchup\tR3\t.*\t.*\tPASS\t.*\t.*\t.*\t.*\t.*\tYES' /home/lilingfeng/tmp/juicefs-c02-20260817-015425/meta/results.raw.tsv
+C02 run-c02.sh:475: for id in F1 F2 F3
+C02 run-c02.sh:476: grep -q $'go126\tB-async-catchup\tF1\t.*\t.*\tPASS\t.*\t.*\t.*\t.*\t.*\tYES' /home/lilingfeng/tmp/juicefs-c02-20260817-015425/meta/results.raw.tsv
+C02 run-c02.sh:475: for id in F1 F2 F3
+C02 run-c02.sh:476: grep -q $'go126\tB-async-catchup\tF2\t.*\t.*\tPASS\t.*\t.*\t.*\t.*\t.*\tYES' /home/lilingfeng/tmp/juicefs-c02-20260817-015425/meta/results.raw.tsv
+C02 run-c02.sh:475: for id in F1 F2 F3
+C02 run-c02.sh:476: grep -q $'go126\tB-async-catchup\tF3\t.*\t.*\tPASS\t.*\t.*\t.*\t.*\t.*\tYES' /home/lilingfeng/tmp/juicefs-c02-20260817-015425/meta/results.raw.tsv
+C02 run-c02.sh:481: '[' '!' -f /home/lilingfeng/tmp/juicefs-c02-20260817-015425/rc/go126-B-async-catchup-pass-count100.rc ']'
++C02 run-c02.sh:481: cat /home/lilingfeng/tmp/juicefs-c02-20260817-015425/rc/go126-B-async-catchup-pass-count100.rc
+C02 run-c02.sh:481: '[' 0 -ne 0 ']'
+C02 run-c02.sh:485: '[' '!' -f /home/lilingfeng/tmp/juicefs-c02-20260817-015425/rc/go126-B-async-catchup-pass-race-count20.rc ']'
++C02 run-c02.sh:485: cat /home/lilingfeng/tmp/juicefs-c02-20260817-015425/rc/go126-B-async-catchup-pass-race-count20.rc
+C02 run-c02.sh:485: '[' 0 -ne 0 ']'
+C02 run-c02.sh:488: grep -q 'DATA RACE' /home/lilingfeng/tmp/juicefs-c02-20260817-015425/logs/go126-B-async-catchup-pass-race-count20.log
+C02 run-c02.sh:494: for ARM in S-stock A-sync B-async-catchup
++C02 run-c02.sh:495: cat /home/lilingfeng/tmp/juicefs-c02-20260817-015425/rc/S-stock-diffcheck.rc
+C02 run-c02.sh:495: '[' 0 -eq 0 ']'
++C02 run-c02.sh:496: cat /home/lilingfeng/tmp/juicefs-c02-20260817-015425/rc/S-stock-path-guard.rc
+C02 run-c02.sh:496: '[' 0 -eq 0 ']'
++C02 run-c02.sh:497: cat /home/lilingfeng/tmp/juicefs-c02-20260817-015425/rc/S-stock-test-asset-identical.rc
+C02 run-c02.sh:497: '[' 0 -eq 0 ']'
+C02 run-c02.sh:494: for ARM in S-stock A-sync B-async-catchup
++C02 run-c02.sh:495: cat /home/lilingfeng/tmp/juicefs-c02-20260817-015425/rc/A-sync-diffcheck.rc
+C02 run-c02.sh:495: '[' 0 -eq 0 ']'
++C02 run-c02.sh:496: cat /home/lilingfeng/tmp/juicefs-c02-20260817-015425/rc/A-sync-path-guard.rc
+C02 run-c02.sh:496: '[' 0 -eq 0 ']'
++C02 run-c02.sh:497: cat /home/lilingfeng/tmp/juicefs-c02-20260817-015425/rc/A-sync-test-asset-identical.rc
+C02 run-c02.sh:497: '[' 0 -eq 0 ']'
+C02 run-c02.sh:494: for ARM in S-stock A-sync B-async-catchup
++C02 run-c02.sh:495: cat /home/lilingfeng/tmp/juicefs-c02-20260817-015425/rc/B-async-catchup-diffcheck.rc
+C02 run-c02.sh:495: '[' 0 -eq 0 ']'
++C02 run-c02.sh:496: cat /home/lilingfeng/tmp/juicefs-c02-20260817-015425/rc/B-async-catchup-path-guard.rc
+C02 run-c02.sh:496: '[' 0 -eq 0 ']'
++C02 run-c02.sh:497: cat /home/lilingfeng/tmp/juicefs-c02-20260817-015425/rc/B-async-catchup-test-asset-identical.rc
+C02 run-c02.sh:497: '[' 0 -eq 0 ']'
+C02 run-c02.sh:499: awk -v want=edabf9c24601510476e7453abff177f4aaca07ac '$2 != want {bad=1} END{exit bad}' /home/lilingfeng/tmp/juicefs-c02-20260817-015425/meta/arm-heads-after.tsv
+C02 run-c02.sh:501: printf 'gate\tgo125\tgo126\toverall\tevidence\n'
++C02 run-c02.sh:502: '[' YES = YES ']'
++C02 run-c02.sh:502: '[' YES = YES ']'
++C02 run-c02.sh:502: echo YES
+C02 run-c02.sh:502: printf 'stock_oracle\t%s\t%s\t%s\t%s\n' YES YES YES results.raw.tsv
++C02 run-c02.sh:503: '[' YES = YES ']'
++C02 run-c02.sh:503: '[' YES = YES ']'
++C02 run-c02.sh:503: echo YES
+C02 run-c02.sh:503: printf 'A_repair_and_fault\t%s\t%s\t%s\t%s\n' YES YES YES results.raw.tsv
+C02 run-c02.sh:504: printf 'A_stock_compatibility\t%s\t%s\t%s\t%s\n' KNOWN-DEVIATION KNOWN-DEVIATION KNOWN-DEVIATION 'results.raw.tsv (C2/C3 KNOWN-DEVIATION)'
++C02 run-c02.sh:505: '[' YES = YES ']'
++C02 run-c02.sh:505: '[' YES = YES ']'
++C02 run-c02.sh:505: echo YES
+C02 run-c02.sh:505: printf 'B_repair\t%s\t%s\t%s\t%s\n' YES YES YES results.raw.tsv
++C02 run-c02.sh:506: '[' YES = YES ']'
++C02 run-c02.sh:506: '[' YES = YES ']'
++C02 run-c02.sh:506: echo YES
+C02 run-c02.sh:506: printf 'B_stock_compatibility\t%s\t%s\t%s\t%s\n' YES YES YES results.raw.tsv
++C02 run-c02.sh:507: '[' YES = YES ']'
++C02 run-c02.sh:507: '[' YES = YES ']'
++C02 run-c02.sh:507: echo YES
+C02 run-c02.sh:507: printf 'B_fault_and_freeze\t%s\t%s\t%s\t%s\n' YES YES YES results.raw.tsv
++C02 run-c02.sh:508: '[' YES = YES ']'
++C02 run-c02.sh:508: '[' YES = YES ']'
++C02 run-c02.sh:508: echo YES
+C02 run-c02.sh:508: printf 'B_count100\t%s\t%s\t%s\t%s\n' YES YES YES rc/B-pass-count100
++C02 run-c02.sh:509: '[' YES = YES ']'
++C02 run-c02.sh:509: '[' YES = YES ']'
++C02 run-c02.sh:509: echo YES
+C02 run-c02.sh:509: printf 'B_race20\t%s\t%s\t%s\t%s\n' YES YES YES rc/B-pass-race-count20
++C02 run-c02.sh:510: '[' YES = YES ']'
++C02 run-c02.sh:510: echo YES
+C02 run-c02.sh:510: printf 'source_and_asset_guards\t%s\t%s\t%s\t%s\n' YES YES YES 'rc/*-diffcheck/path-guard/test-asset-identical'
+C02 run-c02.sh:513: printf '%s\n' C02_ANCHOR:AUDIT
+C02 run-c02.sh:516: EXPECTED_ANCHORS='C02_ANCHOR:INIT C02_ANCHOR:CLONE C02_ANCHOR:ASSET C02_ANCHOR:APPLY_A C02_ANCHOR:APPLY_B C02_ANCHOR:TEST_go125 C02_ANCHOR:TEST_go126 C02_ANCHOR:SOURCE_GUARD C02_ANCHOR:AUDIT'
+C02 run-c02.sh:517: :
+C02 run-c02.sh:518: for a in $EXPECTED_ANCHORS
+C02 run-c02.sh:518: printf '%s\n' C02_ANCHOR:INIT
+C02 run-c02.sh:518: for a in $EXPECTED_ANCHORS
+C02 run-c02.sh:518: printf '%s\n' C02_ANCHOR:CLONE
+C02 run-c02.sh:518: for a in $EXPECTED_ANCHORS
+C02 run-c02.sh:518: printf '%s\n' C02_ANCHOR:ASSET
+C02 run-c02.sh:518: for a in $EXPECTED_ANCHORS
+C02 run-c02.sh:518: printf '%s\n' C02_ANCHOR:APPLY_A
+C02 run-c02.sh:518: for a in $EXPECTED_ANCHORS
+C02 run-c02.sh:518: printf '%s\n' C02_ANCHOR:APPLY_B
+C02 run-c02.sh:518: for a in $EXPECTED_ANCHORS
+C02 run-c02.sh:518: printf '%s\n' C02_ANCHOR:TEST_go125
+C02 run-c02.sh:518: for a in $EXPECTED_ANCHORS
+C02 run-c02.sh:518: printf '%s\n' C02_ANCHOR:TEST_go126
+C02 run-c02.sh:518: for a in $EXPECTED_ANCHORS
+C02 run-c02.sh:518: printf '%s\n' C02_ANCHOR:SOURCE_GUARD
+C02 run-c02.sh:518: for a in $EXPECTED_ANCHORS
+C02 run-c02.sh:518: printf '%s\n' C02_ANCHOR:AUDIT
+C02 run-c02.sh:519: for a in $EXPECTED_ANCHORS
+C02 run-c02.sh:520: grep -q C02_ANCHOR:INIT /home/lilingfeng/tmp/juicefs-c02-20260817-015425/logs/shell-xtrace.log
+C02 run-c02.sh:519: for a in $EXPECTED_ANCHORS
+C02 run-c02.sh:520: grep -q C02_ANCHOR:CLONE /home/lilingfeng/tmp/juicefs-c02-20260817-015425/logs/shell-xtrace.log
+C02 run-c02.sh:519: for a in $EXPECTED_ANCHORS
+C02 run-c02.sh:520: grep -q C02_ANCHOR:ASSET /home/lilingfeng/tmp/juicefs-c02-20260817-015425/logs/shell-xtrace.log
+C02 run-c02.sh:519: for a in $EXPECTED_ANCHORS
+C02 run-c02.sh:520: grep -q C02_ANCHOR:APPLY_A /home/lilingfeng/tmp/juicefs-c02-20260817-015425/logs/shell-xtrace.log
+C02 run-c02.sh:519: for a in $EXPECTED_ANCHORS
+C02 run-c02.sh:520: grep -q C02_ANCHOR:APPLY_B /home/lilingfeng/tmp/juicefs-c02-20260817-015425/logs/shell-xtrace.log
+C02 run-c02.sh:519: for a in $EXPECTED_ANCHORS
+C02 run-c02.sh:520: grep -q C02_ANCHOR:TEST_go125 /home/lilingfeng/tmp/juicefs-c02-20260817-015425/logs/shell-xtrace.log
+C02 run-c02.sh:519: for a in $EXPECTED_ANCHORS
+C02 run-c02.sh:520: grep -q C02_ANCHOR:TEST_go126 /home/lilingfeng/tmp/juicefs-c02-20260817-015425/logs/shell-xtrace.log
+C02 run-c02.sh:519: for a in $EXPECTED_ANCHORS
+C02 run-c02.sh:520: grep -q C02_ANCHOR:SOURCE_GUARD /home/lilingfeng/tmp/juicefs-c02-20260817-015425/logs/shell-xtrace.log
+C02 run-c02.sh:519: for a in $EXPECTED_ANCHORS
+C02 run-c02.sh:520: grep -q C02_ANCHOR:AUDIT /home/lilingfeng/tmp/juicefs-c02-20260817-015425/logs/shell-xtrace.log
+C02 run-c02.sh:524: grep -nE '(^|[^/])/(tmp)/( |$)|git apply --recount|git fetch|sudo (rm|chown|chmod|dd|reboot)|^fio |^mount |^redis|^ceph |^tikv' /home/lilingfeng/tmp/juicefs-c02-20260817-015425/logs/shell-xtrace.log
+C02 run-c02.sh:528: sha256sum /home/lilingfeng/tmp/juicefs-c02-20260817-015425/assets/run-c02.sh
+C02 run-c02.sh:531: exec_audit=YES
+C02 run-c02.sh:532: '[' -s /home/lilingfeng/tmp/juicefs-c02-20260817-015425/logs/xtrace-forbidden-patterns.log ']'
+C02 run-c02.sh:532: exec_audit=NO
+C02 run-c02.sh:534: for a in $EXPECTED_ANCHORS C02_ANCHOR:PACKAGE
+C02 run-c02.sh:535: grep -q C02_ANCHOR:INIT /home/lilingfeng/tmp/juicefs-c02-20260817-015425/logs/shell-xtrace.log
+C02 run-c02.sh:534: for a in $EXPECTED_ANCHORS C02_ANCHOR:PACKAGE
+C02 run-c02.sh:535: grep -q C02_ANCHOR:CLONE /home/lilingfeng/tmp/juicefs-c02-20260817-015425/logs/shell-xtrace.log
+C02 run-c02.sh:534: for a in $EXPECTED_ANCHORS C02_ANCHOR:PACKAGE
+C02 run-c02.sh:535: grep -q C02_ANCHOR:ASSET /home/lilingfeng/tmp/juicefs-c02-20260817-015425/logs/shell-xtrace.log
+C02 run-c02.sh:534: for a in $EXPECTED_ANCHORS C02_ANCHOR:PACKAGE
+C02 run-c02.sh:535: grep -q C02_ANCHOR:APPLY_A /home/lilingfeng/tmp/juicefs-c02-20260817-015425/logs/shell-xtrace.log
+C02 run-c02.sh:534: for a in $EXPECTED_ANCHORS C02_ANCHOR:PACKAGE
+C02 run-c02.sh:535: grep -q C02_ANCHOR:APPLY_B /home/lilingfeng/tmp/juicefs-c02-20260817-015425/logs/shell-xtrace.log
+C02 run-c02.sh:534: for a in $EXPECTED_ANCHORS C02_ANCHOR:PACKAGE
+C02 run-c02.sh:535: grep -q C02_ANCHOR:TEST_go125 /home/lilingfeng/tmp/juicefs-c02-20260817-015425/logs/shell-xtrace.log
+C02 run-c02.sh:534: for a in $EXPECTED_ANCHORS C02_ANCHOR:PACKAGE
+C02 run-c02.sh:535: grep -q C02_ANCHOR:TEST_go126 /home/lilingfeng/tmp/juicefs-c02-20260817-015425/logs/shell-xtrace.log
+C02 run-c02.sh:534: for a in $EXPECTED_ANCHORS C02_ANCHOR:PACKAGE
+C02 run-c02.sh:535: grep -q C02_ANCHOR:SOURCE_GUARD /home/lilingfeng/tmp/juicefs-c02-20260817-015425/logs/shell-xtrace.log
+C02 run-c02.sh:534: for a in $EXPECTED_ANCHORS C02_ANCHOR:PACKAGE
+C02 run-c02.sh:535: grep -q C02_ANCHOR:AUDIT /home/lilingfeng/tmp/juicefs-c02-20260817-015425/logs/shell-xtrace.log
+C02 run-c02.sh:534: for a in $EXPECTED_ANCHORS C02_ANCHOR:PACKAGE
+C02 run-c02.sh:535: grep -q C02_ANCHOR:PACKAGE /home/lilingfeng/tmp/juicefs-c02-20260817-015425/logs/shell-xtrace.log
+C02 run-c02.sh:538: printf 'execution_audit\t%s\t%s\t%s\t%s\n' NO NO NO xtrace-anchor-guard,forbidden-patterns
+C02 run-c02.sh:540: '[' RUNNING = RUNNING ']'
+C02 run-c02.sh:541: FINAL_STATUS=PASS
+C02 run-c02.sh:543: for TOOL in go125 go126
++C02 run-c02.sh:544: eval echo '$stock_oracle_go125'
+++C02 run-c02.sh:544: echo YES
+C02 run-c02.sh:544: '[' YES = YES ']'
++C02 run-c02.sh:545: eval echo '$b_repair_go125'
+++C02 run-c02.sh:545: echo YES
+C02 run-c02.sh:545: '[' YES = YES ']'
++C02 run-c02.sh:546: eval echo '$b_stock_compat_go125'
+++C02 run-c02.sh:546: echo YES
+C02 run-c02.sh:546: '[' YES = YES ']'
++C02 run-c02.sh:547: eval echo '$b_fault_go125'
+++C02 run-c02.sh:547: echo YES
+C02 run-c02.sh:547: '[' YES = YES ']'
++C02 run-c02.sh:548: eval echo '$b_count100_go125'
+++C02 run-c02.sh:548: echo YES
+C02 run-c02.sh:548: '[' YES = YES ']'
++C02 run-c02.sh:549: eval echo '$b_race20_go125'
+++C02 run-c02.sh:549: echo YES
+C02 run-c02.sh:549: '[' YES = YES ']'
+C02 run-c02.sh:543: for TOOL in go125 go126
++C02 run-c02.sh:544: eval echo '$stock_oracle_go126'
+++C02 run-c02.sh:544: echo YES
+C02 run-c02.sh:544: '[' YES = YES ']'
++C02 run-c02.sh:545: eval echo '$b_repair_go126'
+++C02 run-c02.sh:545: echo YES
+C02 run-c02.sh:545: '[' YES = YES ']'
++C02 run-c02.sh:546: eval echo '$b_stock_compat_go126'
+++C02 run-c02.sh:546: echo YES
+C02 run-c02.sh:546: '[' YES = YES ']'
++C02 run-c02.sh:547: eval echo '$b_fault_go126'
+++C02 run-c02.sh:547: echo YES
+C02 run-c02.sh:547: '[' YES = YES ']'
++C02 run-c02.sh:548: eval echo '$b_count100_go126'
+++C02 run-c02.sh:548: echo YES
+C02 run-c02.sh:548: '[' YES = YES ']'
++C02 run-c02.sh:549: eval echo '$b_race20_go126'
+++C02 run-c02.sh:549: echo YES
+C02 run-c02.sh:549: '[' YES = YES ']'
+C02 run-c02.sh:551: '[' YES = YES ']'
+C02 run-c02.sh:552: '[' NO = YES ']'
+C02 run-c02.sh:552: FINAL_STATUS=NON-COMPLIANT
+C02 run-c02.sh:556: cat
++C02 run-c02.sh:556: '[' NO = YES ']'
++C02 run-c02.sh:556: echo NO
+C02 run-c02.sh:573: printf '%s\n%s\n' NON-COMPLIANT 'all steps completed'
+C02 run-c02.sh:574: echo NONE
+C02 run-c02.sh:577: printf '%s\n' C02_ANCHOR:PACKAGE
+C02 run-c02.sh:580: cp /home/lilingfeng/tmp/juicefs-c02-20260817-015425/meta/results.raw.tsv /home/lilingfeng/tmp/juicefs-c02-20260817-015425/summary.tsv
+C02 run-c02.sh:582: set +x
