Linux 5.15.0-181-generic (ceph-node1) 	07/05/2026 	_x86_64_	(64 CPU)

avg-cpu:  %user   %nice %system %iowait  %steal   %idle
           0.31    0.00    0.23    0.28    0.00   99.18

Device            r/s     rkB/s   rrqm/s  %rrqm r_await rareq-sz     w/s     wkB/s   wrqm/s  %wrqm w_await wareq-sz     d/s     dkB/s   drqm/s  %drqm d_await dareq-sz     f/s f_await  aqu-sz  %util
dm-0            14.72    865.08     0.00   0.00   12.93    58.77  349.41   4592.27     0.00   0.00    9.64    13.14    0.00      0.00     0.00   0.00    0.00     0.00    0.00    0.00    3.56  24.79
dm-1            14.43    846.74     0.00   0.00   11.52    58.69  346.41   4522.82     0.00   0.00    9.36    13.06    0.00      0.00     0.00   0.00    0.00     0.00    0.00    0.00    3.41  24.69
dm-2             0.92     23.97     0.00   0.00    0.44    25.96   48.79    574.26     0.00   0.00    1.10    11.77    0.00      0.00     0.00   0.00    0.00     0.00    0.00    0.00    0.05   1.92
loop0            0.00      0.28     0.00   0.00    0.19   125.16    0.00      0.00     0.00   0.00    0.00     0.00    0.00      0.00     0.00   0.00    0.00     0.00    0.00    0.00    0.00   0.00
loop1            0.00      0.28     0.00   0.00    0.16   116.61    0.00      0.00     0.00   0.00    0.00     0.00    0.00      0.00     0.00   0.00    0.00     0.00    0.00    0.00    0.00   0.00
loop2            0.00      0.28     0.00   0.00    0.20   124.93    0.00      0.00     0.00   0.00    0.00     0.00    0.00      0.00     0.00   0.00    0.00     0.00    0.00    0.00    0.00   0.00
loop3            0.00      0.28     0.00   0.00    0.20   124.12    0.00      0.00     0.00   0.00    0.00     0.00    0.00      0.00     0.00   0.00    0.00     0.00    0.00    0.00    0.00   0.00
loop4            0.00      0.28     0.00   0.00    0.18   125.26    0.00      0.00     0.00   0.00    0.00     0.00    0.00      0.00     0.00   0.00    0.00     0.00    0.00    0.00    0.00   0.00
loop5            0.00      0.32     0.00   0.00    0.21    98.71    0.00      0.00     0.00   0.00    0.00     0.00    0.00      0.00     0.00   0.00    0.00     0.00    0.00    0.00    0.00   0.00
loop6            0.00      0.00     0.00   0.00    0.00     1.27    0.00      0.00     0.00   0.00    0.00     0.00    0.00      0.00     0.00   0.00    0.00     0.00    0.00    0.00    0.00   0.00
sda              0.54     25.84     0.40  42.89    0.42    47.98   30.38    574.38    19.52  39.12    2.04    18.91    0.00      0.00     0.00   0.00    0.00     0.00    0.00    0.00    0.06   1.93
sdb             26.77   1712.89     2.43   8.33   11.37    63.99  452.11   9115.09   243.71  35.02    5.85    20.16    0.00      0.00     0.00   0.00    0.00     0.00    0.00    0.00    2.95  26.16


avg-cpu:  %user   %nice %system %iowait  %steal   %idle
           1.56    0.00    1.22    0.03    0.00   97.19

Device            r/s     rkB/s   rrqm/s  %rrqm r_await rareq-sz     w/s     wkB/s   wrqm/s  %wrqm w_await wareq-sz     d/s     dkB/s   drqm/s  %drqm d_await dareq-sz     f/s f_await  aqu-sz  %util
dm-0             0.00      0.00     0.00   0.00    0.00     0.00 2136.00  31648.00     0.00   0.00    0.03    14.82    0.00      0.00     0.00   0.00    0.00     0.00    0.00    0.00    0.06  85.60
dm-1             0.00      0.00     0.00   0.00    0.00     0.00 2102.00  31512.00     0.00   0.00    0.04    14.99    0.00      0.00     0.00   0.00    0.00     0.00    0.00    0.00    0.08  85.20
dm-2             0.00      0.00     0.00   0.00    0.00     0.00  219.00   1036.00     0.00   0.00    0.86     4.73    0.00      0.00     0.00   0.00    0.00     0.00    0.00    0.00    0.19   2.80
loop0            0.00      0.00     0.00   0.00    0.00     0.00    0.00      0.00     0.00   0.00    0.00     0.00    0.00      0.00     0.00   0.00    0.00     0.00    0.00    0.00    0.00   0.00
loop1            0.00      0.00     0.00   0.00    0.00     0.00    0.00      0.00     0.00   0.00    0.00     0.00    0.00      0.00     0.00   0.00    0.00     0.00    0.00    0.00    0.00   0.00
loop2            0.00      0.00     0.00   0.00    0.00     0.00    0.00      0.00     0.00   0.00    0.00     0.00    0.00      0.00     0.00   0.00    0.00     0.00    0.00    0.00    0.00   0.00
loop3            0.00      0.00     0.00   0.00    0.00     0.00    0.00      0.00     0.00   0.00    0.00     0.00    0.00      0.00     0.00   0.00    0.00     0.00    0.00    0.00    0.00   0.00
loop4            0.00      0.00     0.00   0.00    0.00     0.00    0.00      0.00     0.00   0.00    0.00     0.00    0.00      0.00     0.00   0.00    0.00     0.00    0.00    0.00    0.00   0.00
loop5            0.00      0.00     0.00   0.00    0.00     0.00    0.00      0.00     0.00   0.00    0.00     0.00    0.00      0.00     0.00   0.00    0.00     0.00    0.00    0.00    0.00   0.00
loop6            0.00      0.00     0.00   0.00    0.00     0.00    0.00      0.00     0.00   0.00    0.00     0.00    0.00      0.00     0.00   0.00    0.00     0.00    0.00    0.00    0.00   0.00
sda              0.00      0.00     0.00   0.00    0.00     0.00  175.00   1036.00    44.00  20.09    1.09     5.92    0.00      0.00     0.00   0.00    0.00     0.00    0.00    0.00    0.19   2.80
sdb              0.00      0.00     0.00   0.00    0.00     0.00 3715.00  63160.00   523.00  12.34    0.05    17.00    0.00      0.00     0.00   0.00    0.00     0.00    0.00    0.00    0.19  85.60


avg-cpu:  %user   %nice %system %iowait  %steal   %idle
           1.63    0.00    1.39    0.06    0.00   96.92

Device            r/s     rkB/s   rrqm/s  %rrqm r_await rareq-sz     w/s     wkB/s   wrqm/s  %wrqm w_await wareq-sz     d/s     dkB/s   drqm/s  %drqm d_await dareq-sz     f/s f_await  aqu-sz  %util
dm-0             0.00      0.00     0.00   0.00    0.00     0.00 2476.00  36908.00     0.00   0.00    0.03    14.91    0.00      0.00     0.00   0.00    0.00     0.00    0.00    0.00    0.08  98.80
dm-1             0.00      0.00     0.00   0.00    0.00     0.00 2435.00  36744.00     0.00   0.00    0.04    15.09    0.00      0.00     0.00   0.00    0.00     0.00    0.00    0.00    0.11  98.80
dm-2             0.00      0.00     0.00   0.00    0.00     0.00   40.00    160.00     0.00   0.00    0.00     4.00    0.00      0.00     0.00   0.00    0.00     0.00    0.00    0.00    0.00   0.80
loop0            0.00      0.00     0.00   0.00    0.00     0.00    0.00      0.00     0.00   0.00    0.00     0.00    0.00      0.00     0.00   0.00    0.00     0.00    0.00    0.00    0.00   0.00
loop1            0.00      0.00     0.00   0.00    0.00     0.00    0.00      0.00     0.00   0.00    0.00     0.00    0.00      0.00     0.00   0.00    0.00     0.00    0.00    0.00    0.00   0.00
loop2            0.00      0.00     0.00   0.00    0.00     0.00    0.00      0.00     0.00   0.00    0.00     0.00    0.00      0.00     0.00   0.00    0.00     0.00    0.00    0.00    0.00   0.00
loop3            0.00      0.00     0.00   0.00    0.00     0.00    0.00      0.00     0.00   0.00    0.00     0.00    0.00      0.00     0.00   0.00    0.00     0.00    0.00    0.00    0.00   0.00
loop4            0.00      0.00     0.00   0.00    0.00     0.00    0.00      0.00     0.00   0.00    0.00     0.00    0.00      0.00     0.00   0.00    0.00     0.00    0.00    0.00    0.00   0.00
loop5            0.00      0.00     0.00   0.00    0.00     0.00    0.00      0.00     0.00   0.00    0.00     0.00    0.00      0.00     0.00   0.00    0.00     0.00    0.00    0.00    0.00   0.00
loop6            0.00      0.00     0.00   0.00    0.00     0.00    0.00      0.00     0.00   0.00    0.00     0.00    0.00      0.00     0.00   0.00    0.00     0.00    0.00    0.00    0.00   0.00
sda              0.00      0.00     0.00   0.00    0.00     0.00   11.00    160.00    29.00  72.50    0.09    14.55    0.00      0.00     0.00   0.00    0.00     0.00    0.00    0.00    0.00   0.80
sdb              0.00      0.00     0.00   0.00    0.00     0.00 4294.00  73640.00   615.00  12.53    0.05    17.15    0.00      0.00     0.00   0.00    0.00     0.00    0.00    0.00    0.21  98.80


avg-cpu:  %user   %nice %system %iowait  %steal   %idle
           1.54    0.00    1.31    0.05    0.00   97.10

Device            r/s     rkB/s   rrqm/s  %rrqm r_await rareq-sz     w/s     wkB/s   wrqm/s  %wrqm w_await wareq-sz     d/s     dkB/s   drqm/s  %drqm d_await dareq-sz     f/s f_await  aqu-sz  %util
dm-0             0.00      0.00     0.00   0.00    0.00     0.00 2439.00  36580.00     0.00   0.00    0.05    15.00    0.00      0.00     0.00   0.00    0.00     0.00    0.00    0.00    0.12  99.20
dm-1             0.00      0.00     0.00   0.00    0.00     0.00 2403.00  36432.00     0.00   0.00    0.06    15.16    0.00      0.00     0.00   0.00    0.00     0.00    0.00    0.00    0.14  98.00
dm-2             0.00      0.00     0.00   0.00    0.00     0.00   71.00    300.00     0.00   0.00    0.00     4.23    0.00      0.00     0.00   0.00    0.00     0.00    0.00    0.00    0.00   2.00
loop0            0.00      0.00     0.00   0.00    0.00     0.00    0.00      0.00     0.00   0.00    0.00     0.00    0.00      0.00     0.00   0.00    0.00     0.00    0.00    0.00    0.00   0.00
loop1            0.00      0.00     0.00   0.00    0.00     0.00    0.00      0.00     0.00   0.00    0.00     0.00    0.00      0.00     0.00   0.00    0.00     0.00    0.00    0.00    0.00   0.00
loop2            0.00      0.00     0.00   0.00    0.00     0.00    0.00      0.00     0.00   0.00    0.00     0.00    0.00      0.00     0.00   0.00    0.00     0.00    0.00    0.00    0.00   0.00
loop3            0.00      0.00     0.00   0.00    0.00     0.00    0.00      0.00     0.00   0.00    0.00     0.00    0.00      0.00     0.00   0.00    0.00     0.00    0.00    0.00    0.00   0.00
loop4            0.00      0.00     0.00   0.00    0.00     0.00    0.00      0.00     0.00   0.00    0.00     0.00    0.00      0.00     0.00   0.00    0.00     0.00    0.00    0.00    0.00   0.00
loop5            0.00      0.00     0.00   0.00    0.00     0.00    0.00      0.00     0.00   0.00    0.00     0.00    0.00      0.00     0.00   0.00    0.00     0.00    0.00    0.00    0.00   0.00
loop6            0.00      0.00     0.00   0.00    0.00     0.00    0.00      0.00     0.00   0.00    0.00     0.00    0.00      0.00     0.00   0.00    0.00     0.00    0.00    0.00    0.00   0.00
sda              0.00      0.00     0.00   0.00    0.00     0.00   36.00    300.00    35.00  49.30    0.22     8.33    0.00      0.00     0.00   0.00    0.00     0.00    0.00    0.00    0.01   2.00
sdb              0.00      0.00     0.00   0.00    0.00     0.00 4232.00  73012.00   610.00  12.60    0.05    17.25    0.00      0.00     0.00   0.00    0.00     0.00    0.00    0.00    0.21  99.20


avg-cpu:  %user   %nice %system %iowait  %steal   %idle
           1.64    0.00    1.43    0.05    0.00   96.88

Device            r/s     rkB/s   rrqm/s  %rrqm r_await rareq-sz     w/s     wkB/s   wrqm/s  %wrqm w_await wareq-sz     d/s     dkB/s   drqm/s  %drqm d_await dareq-sz     f/s f_await  aqu-sz  %util
dm-0             0.00      0.00     0.00   0.00    0.00     0.00 2444.00  36716.00     0.00   0.00    0.05    15.02    0.00      0.00     0.00   0.00    0.00     0.00    0.00    0.00    0.12  97.60
dm-1             0.00      0.00     0.00   0.00    0.00     0.00 2438.00  36696.00     0.00   0.00    0.04    15.05    0.00      0.00     0.00   0.00    0.00     0.00    0.00    0.00    0.10  96.40
dm-2             0.00      0.00     0.00   0.00    0.00     0.00    3.00     12.00     0.00   0.00    0.00     4.00    0.00      0.00     0.00   0.00    0.00     0.00    0.00    0.00    0.00   0.40
loop0            0.00      0.00     0.00   0.00    0.00     0.00    0.00      0.00     0.00   0.00    0.00     0.00    0.00      0.00     0.00   0.00    0.00     0.00    0.00    0.00    0.00   0.00
loop1            0.00      0.00     0.00   0.00    0.00     0.00    0.00      0.00     0.00   0.00    0.00     0.00    0.00      0.00     0.00   0.00    0.00     0.00    0.00    0.00    0.00   0.00
loop2            0.00      0.00     0.00   0.00    0.00     0.00    0.00      0.00     0.00   0.00    0.00     0.00    0.00      0.00     0.00   0.00    0.00     0.00    0.00    0.00    0.00   0.00
loop3            0.00      0.00     0.00   0.00    0.00     0.00    0.00      0.00     0.00   0.00    0.00     0.00    0.00      0.00     0.00   0.00    0.00     0.00    0.00    0.00    0.00   0.00
loop4            0.00      0.00     0.00   0.00    0.00     0.00    0.00      0.00     0.00   0.00    0.00     0.00    0.00      0.00     0.00   0.00    0.00     0.00    0.00    0.00    0.00   0.00
loop5            0.00      0.00     0.00   0.00    0.00     0.00    0.00      0.00     0.00   0.00    0.00     0.00    0.00      0.00     0.00   0.00    0.00     0.00    0.00    0.00    0.00   0.00
loop6            0.00      0.00     0.00   0.00    0.00     0.00    0.00      0.00     0.00   0.00    0.00     0.00    0.00      0.00     0.00   0.00    0.00     0.00    0.00    0.00    0.00   0.00
sda              0.00      0.00     0.00   0.00    0.00     0.00    2.00     12.00     1.00  33.33    2.00     6.00    0.00      0.00     0.00   0.00    0.00     0.00    0.00    0.00    0.00   0.40
sdb              0.00      0.00     0.00   0.00    0.00     0.00 4273.00  73424.00   611.00  12.51    0.05    17.18    0.00      0.00     0.00   0.00    0.00     0.00    0.00    0.00    0.22  98.40


avg-cpu:  %user   %nice %system %iowait  %steal   %idle
           1.50    0.00    1.44    0.05    0.00   97.01

Device            r/s     rkB/s   rrqm/s  %rrqm r_await rareq-sz     w/s     wkB/s   wrqm/s  %wrqm w_await wareq-sz     d/s     dkB/s   drqm/s  %drqm d_await dareq-sz     f/s f_await  aqu-sz  %util
dm-0             0.00      0.00     0.00   0.00    0.00     0.00 2453.00  36876.00     0.00   0.00    0.04    15.03    0.00      0.00     0.00   0.00    0.00     0.00    0.00    0.00    0.10  99.60
dm-1             0.00      0.00     0.00   0.00    0.00     0.00 2409.00  36700.00     0.00   0.00    0.05    15.23    0.00      0.00     0.00   0.00    0.00     0.00    0.00    0.00    0.12  96.80
dm-2             0.00      0.00     0.00   0.00    0.00     0.00   56.00    240.00     0.00   0.00    0.00     4.29    0.00      0.00     0.00   0.00    0.00     0.00    0.00    0.00    0.00   1.60
loop0            0.00      0.00     0.00   0.00    0.00     0.00    0.00      0.00     0.00   0.00    0.00     0.00    0.00      0.00     0.00   0.00    0.00     0.00    0.00    0.00    0.00   0.00
loop1            0.00      0.00     0.00   0.00    0.00     0.00    0.00      0.00     0.00   0.00    0.00     0.00    0.00      0.00     0.00   0.00    0.00     0.00    0.00    0.00    0.00   0.00
loop2            0.00      0.00     0.00   0.00    0.00     0.00    0.00      0.00     0.00   0.00    0.00     0.00    0.00      0.00     0.00   0.00    0.00     0.00    0.00    0.00    0.00   0.00
loop3            0.00      0.00     0.00   0.00    0.00     0.00    0.00      0.00     0.00   0.00    0.00     0.00    0.00      0.00     0.00   0.00    0.00     0.00    0.00    0.00    0.00   0.00
loop4            0.00      0.00     0.00   0.00    0.00     0.00    0.00      0.00     0.00   0.00    0.00     0.00    0.00      0.00     0.00   0.00    0.00     0.00    0.00    0.00    0.00   0.00
loop5            0.00      0.00     0.00   0.00    0.00     0.00    0.00      0.00     0.00   0.00    0.00     0.00    0.00      0.00     0.00   0.00    0.00     0.00    0.00    0.00    0.00   0.00
loop6            0.00      0.00     0.00   0.00    0.00     0.00    0.00      0.00     0.00   0.00    0.00     0.00    0.00      0.00     0.00   0.00    0.00     0.00    0.00    0.00    0.00   0.00
sda              0.00      0.00     0.00   0.00    0.00     0.00   17.00    240.00    39.00  69.64    0.12    14.12    0.00      0.00     0.00   0.00    0.00     0.00    0.00    0.00    0.00   1.60
sdb              0.00      0.00     0.00   0.00    0.00     0.00 4254.00  73576.00   608.00  12.51    0.05    17.30    0.00      0.00     0.00   0.00    0.00     0.00    0.00    0.00    0.21  99.60


avg-cpu:  %user   %nice %system %iowait  %steal   %idle
           1.49    0.00    1.31    0.05    0.00   97.15

Device            r/s     rkB/s   rrqm/s  %rrqm r_await rareq-sz     w/s     wkB/s   wrqm/s  %wrqm w_await wareq-sz     d/s     dkB/s   drqm/s  %drqm d_await dareq-sz     f/s f_await  aqu-sz  %util
dm-0             0.00      0.00     0.00   0.00    0.00     0.00 2463.00  36916.00     0.00   0.00    0.04    14.99    0.00      0.00     0.00   0.00    0.00     0.00    0.00    0.00    0.10  98.80
dm-1             0.00      0.00     0.00   0.00    0.00     0.00 2403.00  36676.00     0.00   0.00    0.05    15.26    0.00      0.00     0.00   0.00    0.00     0.00    0.00    0.00    0.13  95.60
dm-2             0.00      0.00     0.00   0.00    0.00     0.00   92.00    412.00     0.00   0.00    0.00     4.48    0.00      0.00     0.00   0.00    0.00     0.00    0.00    0.00    0.00   1.20
loop0            0.00      0.00     0.00   0.00    0.00     0.00    0.00      0.00     0.00   0.00    0.00     0.00    0.00      0.00     0.00   0.00    0.00     0.00    0.00    0.00    0.00   0.00
loop1            0.00      0.00     0.00   0.00    0.00     0.00    0.00      0.00     0.00   0.00    0.00     0.00    0.00      0.00     0.00   0.00    0.00     0.00    0.00    0.00    0.00   0.00
loop2            0.00      0.00     0.00   0.00    0.00     0.00    0.00      0.00     0.00   0.00    0.00     0.00    0.00      0.00     0.00   0.00    0.00     0.00    0.00    0.00    0.00   0.00
loop3            0.00      0.00     0.00   0.00    0.00     0.00    0.00      0.00     0.00   0.00    0.00     0.00    0.00      0.00     0.00   0.00    0.00     0.00    0.00    0.00    0.00   0.00
loop4            0.00      0.00     0.00   0.00    0.00     0.00    0.00      0.00     0.00   0.00    0.00     0.00    0.00      0.00     0.00   0.00    0.00     0.00    0.00    0.00    0.00   0.00
loop5            0.00      0.00     0.00   0.00    0.00     0.00    0.00      0.00     0.00   0.00    0.00     0.00    0.00      0.00     0.00   0.00    0.00     0.00    0.00    0.00    0.00   0.00
loop6            0.00      0.00     0.00   0.00    0.00     0.00    0.00      0.00     0.00   0.00    0.00     0.00    0.00      0.00     0.00   0.00    0.00     0.00    0.00    0.00    0.00   0.00
sda              0.00      0.00     0.00   0.00    0.00     0.00   84.00    412.00     8.00   8.70    0.92     4.90    0.00      0.00     0.00   0.00    0.00     0.00    0.00    0.00    0.08   1.20
sdb              0.00      0.00     0.00   0.00    0.00     0.00 4252.00  73580.00   611.00  12.56    0.05    17.30    0.00      0.00     0.00   0.00    0.00     0.00    0.00    0.00    0.21  98.80


avg-cpu:  %user   %nice %system %iowait  %steal   %idle
           1.50    0.00    1.39    0.05    0.00   97.06

Device            r/s     rkB/s   rrqm/s  %rrqm r_await rareq-sz     w/s     wkB/s   wrqm/s  %wrqm w_await wareq-sz     d/s     dkB/s   drqm/s  %drqm d_await dareq-sz     f/s f_await  aqu-sz  %util
dm-0             0.00      0.00     0.00   0.00    0.00     0.00 2462.00  36912.00     0.00   0.00    0.04    14.99    0.00      0.00     0.00   0.00    0.00     0.00    0.00    0.00    0.10  98.80
dm-1             0.00      0.00     0.00   0.00    0.00     0.00 2438.00  36756.00     0.00   0.00    0.06    15.08    0.00      0.00     0.00   0.00    0.00     0.00    0.00    0.00    0.16  98.80
dm-2             0.00      0.00     0.00   0.00    0.00     0.00   47.00    204.00     0.00   0.00    0.00     4.34    0.00      0.00     0.00   0.00    0.00     0.00    0.00    0.00    0.00   1.60
loop0            0.00      0.00     0.00   0.00    0.00     0.00    0.00      0.00     0.00   0.00    0.00     0.00    0.00      0.00     0.00   0.00    0.00     0.00    0.00    0.00    0.00   0.00
loop1            0.00      0.00     0.00   0.00    0.00     0.00    0.00      0.00     0.00   0.00    0.00     0.00    0.00      0.00     0.00   0.00    0.00     0.00    0.00    0.00    0.00   0.00
loop2            0.00      0.00     0.00   0.00    0.00     0.00    0.00      0.00     0.00   0.00    0.00     0.00    0.00      0.00     0.00   0.00    0.00     0.00    0.00    0.00    0.00   0.00
loop3            0.00      0.00     0.00   0.00    0.00     0.00    0.00      0.00     0.00   0.00    0.00     0.00    0.00      0.00     0.00   0.00    0.00     0.00    0.00    0.00    0.00   0.00
loop4            0.00      0.00     0.00   0.00    0.00     0.00    0.00      0.00     0.00   0.00    0.00     0.00    0.00      0.00     0.00   0.00    0.00     0.00    0.00    0.00    0.00   0.00
loop5            0.00      0.00     0.00   0.00    0.00     0.00    0.00      0.00     0.00   0.00    0.00     0.00    0.00      0.00     0.00   0.00    0.00     0.00    0.00    0.00    0.00   0.00
loop6            0.00      0.00     0.00   0.00    0.00     0.00    0.00      0.00     0.00   0.00    0.00     0.00    0.00      0.00     0.00   0.00    0.00     0.00    0.00    0.00    0.00   0.00
sda              0.00      0.00     0.00   0.00    0.00     0.00   17.00    204.00    30.00  63.83    0.06    12.00    0.00      0.00     0.00   0.00    0.00     0.00    0.00    0.00    0.00   1.60
sdb              0.00      0.00     0.00   0.00    0.00     0.00 4292.00  73552.00   609.00  12.43    0.05    17.14    0.00      0.00     0.00   0.00    0.00     0.00    0.00    0.00    0.21  99.20


avg-cpu:  %user   %nice %system %iowait  %steal   %idle
           0.78    0.00    0.82    0.03    0.00   98.37

Device            r/s     rkB/s   rrqm/s  %rrqm r_await rareq-sz     w/s     wkB/s   wrqm/s  %wrqm w_await wareq-sz     d/s     dkB/s   drqm/s  %drqm d_await dareq-sz     f/s f_await  aqu-sz  %util
dm-0             0.00      0.00     0.00   0.00    0.00     0.00 1167.00  22428.00     0.00   0.00    0.04    19.22    0.00      0.00     0.00   0.00    0.00     0.00    0.00    0.00    0.04  67.20
dm-1             0.00      0.00     0.00   0.00    0.00     0.00 1145.00  22400.00     0.00   0.00    0.05    19.56    0.00      0.00     0.00   0.00    0.00     0.00    0.00    0.00    0.06  65.20
dm-2             0.00      0.00     0.00   0.00    0.00     0.00    0.00      0.00     0.00   0.00    0.00     0.00    0.00      0.00     0.00   0.00    0.00     0.00    0.00    0.00    0.00   0.00
loop0            0.00      0.00     0.00   0.00    0.00     0.00    0.00      0.00     0.00   0.00    0.00     0.00    0.00      0.00     0.00   0.00    0.00     0.00    0.00    0.00    0.00   0.00
loop1            0.00      0.00     0.00   0.00    0.00     0.00    0.00      0.00     0.00   0.00    0.00     0.00    0.00      0.00     0.00   0.00    0.00     0.00    0.00    0.00    0.00   0.00
loop2            0.00      0.00     0.00   0.00    0.00     0.00    0.00      0.00     0.00   0.00    0.00     0.00    0.00      0.00     0.00   0.00    0.00     0.00    0.00    0.00    0.00   0.00
loop3            0.00      0.00     0.00   0.00    0.00     0.00    0.00      0.00     0.00   0.00    0.00     0.00    0.00      0.00     0.00   0.00    0.00     0.00    0.00    0.00    0.00   0.00
loop4            0.00      0.00     0.00   0.00    0.00     0.00    0.00      0.00     0.00   0.00    0.00     0.00    0.00      0.00     0.00   0.00    0.00     0.00    0.00    0.00    0.00   0.00
loop5            0.00      0.00     0.00   0.00    0.00     0.00    0.00      0.00     0.00   0.00    0.00     0.00    0.00      0.00     0.00   0.00    0.00     0.00    0.00    0.00    0.00   0.00
loop6            0.00      0.00     0.00   0.00    0.00     0.00    0.00      0.00     0.00   0.00    0.00     0.00    0.00      0.00     0.00   0.00    0.00     0.00    0.00    0.00    0.00   0.00
sda              0.00      0.00     0.00   0.00    0.00     0.00    0.00      0.00     0.00   0.00    0.00     0.00    0.00      0.00     0.00   0.00    0.00     0.00    0.00    0.00    0.00   0.00
sdb              0.00      0.00     0.00   0.00    0.00     0.00 2033.00  44956.00   281.00  12.14    0.05    22.11    0.00      0.00     0.00   0.00    0.00     0.00    0.00    0.00    0.11  67.20


avg-cpu:  %user   %nice %system %iowait  %steal   %idle
           0.44    0.00    0.53    0.00    0.00   99.03

Device            r/s     rkB/s   rrqm/s  %rrqm r_await rareq-sz     w/s     wkB/s   wrqm/s  %wrqm w_await wareq-sz     d/s     dkB/s   drqm/s  %drqm d_await dareq-sz     f/s f_await  aqu-sz  %util
dm-0             0.00      0.00     0.00   0.00    0.00     0.00  713.00  15336.00     0.00   0.00    0.04    21.51    0.00      0.00     0.00   0.00    0.00     0.00    0.00    0.00    0.03  46.00
dm-1             0.00      0.00     0.00   0.00    0.00     0.00  705.00  15300.00     0.00   0.00    0.06    21.70    0.00      0.00     0.00   0.00    0.00     0.00    0.00    0.00    0.04  43.60
dm-2             0.00      0.00     0.00   0.00    0.00     0.00   46.00    204.00     0.00   0.00    0.00     4.43    0.00      0.00     0.00   0.00    0.00     0.00    0.00    0.00    0.00   1.60
loop0            0.00      0.00     0.00   0.00    0.00     0.00    0.00      0.00     0.00   0.00    0.00     0.00    0.00      0.00     0.00   0.00    0.00     0.00    0.00    0.00    0.00   0.00
loop1            0.00      0.00     0.00   0.00    0.00     0.00    0.00      0.00     0.00   0.00    0.00     0.00    0.00      0.00     0.00   0.00    0.00     0.00    0.00    0.00    0.00   0.00
loop2            0.00      0.00     0.00   0.00    0.00     0.00    0.00      0.00     0.00   0.00    0.00     0.00    0.00      0.00     0.00   0.00    0.00     0.00    0.00    0.00    0.00   0.00
loop3            0.00      0.00     0.00   0.00    0.00     0.00    0.00      0.00     0.00   0.00    0.00     0.00    0.00      0.00     0.00   0.00    0.00     0.00    0.00    0.00    0.00   0.00
loop4            0.00      0.00     0.00   0.00    0.00     0.00    0.00      0.00     0.00   0.00    0.00     0.00    0.00      0.00     0.00   0.00    0.00     0.00    0.00    0.00    0.00   0.00
loop5            0.00      0.00     0.00   0.00    0.00     0.00    0.00      0.00     0.00   0.00    0.00     0.00    0.00      0.00     0.00   0.00    0.00     0.00    0.00    0.00    0.00   0.00
loop6            0.00      0.00     0.00   0.00    0.00     0.00    0.00      0.00     0.00   0.00    0.00     0.00    0.00      0.00     0.00   0.00    0.00     0.00    0.00    0.00    0.00   0.00
sda              0.00      0.00     0.00   0.00    0.00     0.00   17.00    204.00    29.00  63.04    0.06    12.00    0.00      0.00     0.00   0.00    0.00     0.00    0.00    0.00    0.00   1.60
sdb              0.00      0.00     0.00   0.00    0.00     0.00 1244.00  30636.00   174.00  12.27    0.06    24.63    0.00      0.00     0.00   0.00    0.00     0.00    0.00    0.00    0.07  47.60


avg-cpu:  %user   %nice %system %iowait  %steal   %idle
           0.53    0.00    0.63    0.02    0.00   98.82

Device            r/s     rkB/s   rrqm/s  %rrqm r_await rareq-sz     w/s     wkB/s   wrqm/s  %wrqm w_await wareq-sz     d/s     dkB/s   drqm/s  %drqm d_await dareq-sz     f/s f_await  aqu-sz  %util
dm-0             0.00      0.00     0.00   0.00    0.00     0.00  782.00  16868.00     0.00   0.00    0.06    21.57    0.00      0.00     0.00   0.00    0.00     0.00    0.00    0.00    0.05  49.20
dm-1             0.00      0.00     0.00   0.00    0.00     0.00  777.00  16852.00     0.00   0.00    0.05    21.69    0.00      0.00     0.00   0.00    0.00     0.00    0.00    0.00    0.04  46.80
dm-2           251.00   1004.00     0.00   0.00    0.00     4.00   14.00     56.00     0.00   0.00    0.00     4.00    0.00      0.00     0.00   0.00    0.00     0.00    0.00    0.00    0.00   0.80
loop0            0.00      0.00     0.00   0.00    0.00     0.00    0.00      0.00     0.00   0.00    0.00     0.00    0.00      0.00     0.00   0.00    0.00     0.00    0.00    0.00    0.00   0.00
loop1            0.00      0.00     0.00   0.00    0.00     0.00    0.00      0.00     0.00   0.00    0.00     0.00    0.00      0.00     0.00   0.00    0.00     0.00    0.00    0.00    0.00   0.00
loop2            0.00      0.00     0.00   0.00    0.00     0.00    0.00      0.00     0.00   0.00    0.00     0.00    0.00      0.00     0.00   0.00    0.00     0.00    0.00    0.00    0.00   0.00
loop3            0.00      0.00     0.00   0.00    0.00     0.00    0.00      0.00     0.00   0.00    0.00     0.00    0.00      0.00     0.00   0.00    0.00     0.00    0.00    0.00    0.00   0.00
loop4            0.00      0.00     0.00   0.00    0.00     0.00    0.00      0.00     0.00   0.00    0.00     0.00    0.00      0.00     0.00   0.00    0.00     0.00    0.00    0.00    0.00   0.00
loop5            0.00      0.00     0.00   0.00    0.00     0.00    0.00      0.00     0.00   0.00    0.00     0.00    0.00      0.00     0.00   0.00    0.00     0.00    0.00    0.00    0.00   0.00
loop6            0.00      0.00     0.00   0.00    0.00     0.00    0.00      0.00     0.00   0.00    0.00     0.00    0.00      0.00     0.00   0.00    0.00     0.00    0.00    0.00    0.00   0.00
sda             26.00   1004.00   225.00  89.64    0.19    38.62   13.00     56.00     1.00   7.14    0.38     4.31    0.00      0.00     0.00   0.00    0.00     0.00    0.00    0.00    0.01   0.80
sdb              0.00      0.00     0.00   0.00    0.00     0.00 1362.00  33652.00   195.00  12.52    0.06    24.71    0.00      0.00     0.00   0.00    0.00     0.00    0.00    0.00    0.08  50.40


avg-cpu:  %user   %nice %system %iowait  %steal   %idle
           0.66    0.00    0.59    0.02    0.00   98.73

Device            r/s     rkB/s   rrqm/s  %rrqm r_await rareq-sz     w/s     wkB/s   wrqm/s  %wrqm w_await wareq-sz     d/s     dkB/s   drqm/s  %drqm d_await dareq-sz     f/s f_await  aqu-sz  %util
dm-0             0.00      0.00     0.00   0.00    0.00     0.00  650.00  14120.00     0.00   0.00    0.06    21.72    0.00      0.00     0.00   0.00    0.00     0.00    0.00    0.00    0.04  43.60
dm-1             0.00      0.00     0.00   0.00    0.00     0.00  649.00  14116.00     0.00   0.00    0.03    21.75    0.00      0.00     0.00   0.00    0.00     0.00    0.00    0.00    0.02  42.40
dm-2             0.00      0.00     0.00   0.00    0.00     0.00   56.00    240.00     0.00   0.00    0.00     4.29    0.00      0.00     0.00   0.00    0.00     0.00    0.00    0.00    0.00   2.80
loop0            0.00      0.00     0.00   0.00    0.00     0.00    0.00      0.00     0.00   0.00    0.00     0.00    0.00      0.00     0.00   0.00    0.00     0.00    0.00    0.00    0.00   0.00
loop1            0.00      0.00     0.00   0.00    0.00     0.00    0.00      0.00     0.00   0.00    0.00     0.00    0.00      0.00     0.00   0.00    0.00     0.00    0.00    0.00    0.00   0.00
loop2            0.00      0.00     0.00   0.00    0.00     0.00    0.00      0.00     0.00   0.00    0.00     0.00    0.00      0.00     0.00   0.00    0.00     0.00    0.00    0.00    0.00   0.00
loop3            0.00      0.00     0.00   0.00    0.00     0.00    0.00      0.00     0.00   0.00    0.00     0.00    0.00      0.00     0.00   0.00    0.00     0.00    0.00    0.00    0.00   0.00
loop4            0.00      0.00     0.00   0.00    0.00     0.00    0.00      0.00     0.00   0.00    0.00     0.00    0.00      0.00     0.00   0.00    0.00     0.00    0.00    0.00    0.00   0.00
loop5            0.00      0.00     0.00   0.00    0.00     0.00    0.00      0.00     0.00   0.00    0.00     0.00    0.00      0.00     0.00   0.00    0.00     0.00    0.00    0.00    0.00   0.00
loop6            0.00      0.00     0.00   0.00    0.00     0.00    0.00      0.00     0.00   0.00    0.00     0.00    0.00      0.00     0.00   0.00    0.00     0.00    0.00    0.00    0.00   0.00
sda              0.00      0.00     0.00   0.00    0.00     0.00   20.00    240.00    36.00  64.29    0.05    12.00    0.00      0.00     0.00   0.00    0.00     0.00    0.00    0.00    0.00   2.80
sdb              0.00      0.00     0.00   0.00    0.00     0.00 1149.00  28304.00   152.00  11.68    0.06    24.63    0.00      0.00     0.00   0.00    0.00     0.00    0.00    0.00    0.07  45.20


avg-cpu:  %user   %nice %system %iowait  %steal   %idle
           0.47    0.00    0.58    0.00    0.00   98.95

Device            r/s     rkB/s   rrqm/s  %rrqm r_await rareq-sz     w/s     wkB/s   wrqm/s  %wrqm w_await wareq-sz     d/s     dkB/s   drqm/s  %drqm d_await dareq-sz     f/s f_await  aqu-sz  %util
dm-0             0.00      0.00     0.00   0.00    0.00     0.00  662.00  14348.00     0.00   0.00    0.08    21.67    0.00      0.00     0.00   0.00    0.00     0.00    0.00    0.00    0.06  44.00
dm-1             0.00      0.00     0.00   0.00    0.00     0.00  663.00  14292.00     0.00   0.00    0.04    21.56    0.00      0.00     0.00   0.00    0.00     0.00    0.00    0.00    0.03  42.00
dm-2             0.00      0.00     0.00   0.00    0.00     0.00   84.00    376.00     0.00   0.00    0.00     4.48    0.00      0.00     0.00   0.00    0.00     0.00    0.00    0.00    0.00   0.80
loop0            0.00      0.00     0.00   0.00    0.00     0.00    0.00      0.00     0.00   0.00    0.00     0.00    0.00      0.00     0.00   0.00    0.00     0.00    0.00    0.00    0.00   0.00
loop1            0.00      0.00     0.00   0.00    0.00     0.00    0.00      0.00     0.00   0.00    0.00     0.00    0.00      0.00     0.00   0.00    0.00     0.00    0.00    0.00    0.00   0.00
loop2            0.00      0.00     0.00   0.00    0.00     0.00    0.00      0.00     0.00   0.00    0.00     0.00    0.00      0.00     0.00   0.00    0.00     0.00    0.00    0.00    0.00   0.00
loop3            0.00      0.00     0.00   0.00    0.00     0.00    0.00      0.00     0.00   0.00    0.00     0.00    0.00      0.00     0.00   0.00    0.00     0.00    0.00    0.00    0.00   0.00
loop4            0.00      0.00     0.00   0.00    0.00     0.00    0.00      0.00     0.00   0.00    0.00     0.00    0.00      0.00     0.00   0.00    0.00     0.00    0.00    0.00    0.00   0.00
loop5            0.00      0.00     0.00   0.00    0.00     0.00    0.00      0.00     0.00   0.00    0.00     0.00    0.00      0.00     0.00   0.00    0.00     0.00    0.00    0.00    0.00   0.00
loop6            0.00      0.00     0.00   0.00    0.00     0.00    0.00      0.00     0.00   0.00    0.00     0.00    0.00      0.00     0.00   0.00    0.00     0.00    0.00    0.00    0.00   0.00
sda              0.00      0.00     0.00   0.00    0.00     0.00   81.00    376.00     3.00   3.57    0.36     4.64    0.00      0.00     0.00   0.00    0.00     0.00    0.00    0.00    0.03   0.80
sdb              0.00      0.00     0.00   0.00    0.00     0.00 1159.00  28640.00   166.00  12.53    0.06    24.71    0.00      0.00     0.00   0.00    0.00     0.00    0.00    0.00    0.07  44.40


avg-cpu:  %user   %nice %system %iowait  %steal   %idle
           0.72    0.00    0.60    0.02    0.00   98.67

Device            r/s     rkB/s   rrqm/s  %rrqm r_await rareq-sz     w/s     wkB/s   wrqm/s  %wrqm w_await wareq-sz     d/s     dkB/s   drqm/s  %drqm d_await dareq-sz     f/s f_await  aqu-sz  %util
dm-0             0.00      0.00     0.00   0.00    0.00     0.00  779.00  16976.00     0.00   0.00    0.08    21.79    0.00      0.00     0.00   0.00    0.00     0.00    0.00    0.00    0.06  53.20
dm-1             0.00      0.00     0.00   0.00    0.00     0.00  792.00  17088.00     0.00   0.00    0.05    21.58    0.00      0.00     0.00   0.00    0.00     0.00    0.00    0.00    0.04  52.80
dm-2             0.00      0.00     0.00   0.00    0.00     0.00   50.00    216.00     0.00   0.00    0.00     4.32    0.00      0.00     0.00   0.00    0.00     0.00    0.00    0.00    0.00   1.60
loop0            0.00      0.00     0.00   0.00    0.00     0.00    0.00      0.00     0.00   0.00    0.00     0.00    0.00      0.00     0.00   0.00    0.00     0.00    0.00    0.00    0.00   0.00
loop1            0.00      0.00     0.00   0.00    0.00     0.00    0.00      0.00     0.00   0.00    0.00     0.00    0.00      0.00     0.00   0.00    0.00     0.00    0.00    0.00    0.00   0.00
loop2            0.00      0.00     0.00   0.00    0.00     0.00    0.00      0.00     0.00   0.00    0.00     0.00    0.00      0.00     0.00   0.00    0.00     0.00    0.00    0.00    0.00   0.00
loop3            0.00      0.00     0.00   0.00    0.00     0.00    0.00      0.00     0.00   0.00    0.00     0.00    0.00      0.00     0.00   0.00    0.00     0.00    0.00    0.00    0.00   0.00
loop4            0.00      0.00     0.00   0.00    0.00     0.00    0.00      0.00     0.00   0.00    0.00     0.00    0.00      0.00     0.00   0.00    0.00     0.00    0.00    0.00    0.00   0.00
loop5            0.00      0.00     0.00   0.00    0.00     0.00    0.00      0.00     0.00   0.00    0.00     0.00    0.00      0.00     0.00   0.00    0.00     0.00    0.00    0.00    0.00   0.00
loop6            0.00      0.00     0.00   0.00    0.00     0.00    0.00      0.00     0.00   0.00    0.00     0.00    0.00      0.00     0.00   0.00    0.00     0.00    0.00    0.00    0.00   0.00
sda              0.00      0.00     0.00   0.00    0.00     0.00   17.00    216.00    33.00  66.00    0.12    12.71    0.00      0.00     0.00   0.00    0.00     0.00    0.00    0.00    0.00   1.60
sdb              0.00      0.00     0.00   0.00    0.00     0.00 1377.00  34064.00   194.00  12.35    0.06    24.74    0.00      0.00     0.00   0.00    0.00     0.00    0.00    0.00    0.08  54.00


avg-cpu:  %user   %nice %system %iowait  %steal   %idle
           0.50    0.00    0.55    0.02    0.00   98.93

Device            r/s     rkB/s   rrqm/s  %rrqm r_await rareq-sz     w/s     wkB/s   wrqm/s  %wrqm w_await wareq-sz     d/s     dkB/s   drqm/s  %drqm d_await dareq-sz     f/s f_await  aqu-sz  %util
dm-0             0.00      0.00     0.00   0.00    0.00     0.00  656.00  14088.00     0.00   0.00    0.03    21.48    0.00      0.00     0.00   0.00    0.00     0.00    0.00    0.00    0.02  40.40
dm-1             0.00      0.00     0.00   0.00    0.00     0.00  650.00  14060.00     0.00   0.00    0.04    21.63    0.00      0.00     0.00   0.00    0.00     0.00    0.00    0.00    0.02  41.20
dm-2             0.00      0.00     0.00   0.00    0.00     0.00    0.00      0.00     0.00   0.00    0.00     0.00    0.00      0.00     0.00   0.00    0.00     0.00    0.00    0.00    0.00   0.00
loop0            0.00      0.00     0.00   0.00    0.00     0.00    0.00      0.00     0.00   0.00    0.00     0.00    0.00      0.00     0.00   0.00    0.00     0.00    0.00    0.00    0.00   0.00
loop1            0.00      0.00     0.00   0.00    0.00     0.00    0.00      0.00     0.00   0.00    0.00     0.00    0.00      0.00     0.00   0.00    0.00     0.00    0.00    0.00    0.00   0.00
loop2            0.00      0.00     0.00   0.00    0.00     0.00    0.00      0.00     0.00   0.00    0.00     0.00    0.00      0.00     0.00   0.00    0.00     0.00    0.00    0.00    0.00   0.00
loop3            0.00      0.00     0.00   0.00    0.00     0.00    0.00      0.00     0.00   0.00    0.00     0.00    0.00      0.00     0.00   0.00    0.00     0.00    0.00    0.00    0.00   0.00
loop4            0.00      0.00     0.00   0.00    0.00     0.00    0.00      0.00     0.00   0.00    0.00     0.00    0.00      0.00     0.00   0.00    0.00     0.00    0.00    0.00    0.00   0.00
loop5            0.00      0.00     0.00   0.00    0.00     0.00    0.00      0.00     0.00   0.00    0.00     0.00    0.00      0.00     0.00   0.00    0.00     0.00    0.00    0.00    0.00   0.00
loop6            0.00      0.00     0.00   0.00    0.00     0.00    0.00      0.00     0.00   0.00    0.00     0.00    0.00      0.00     0.00   0.00    0.00     0.00    0.00    0.00    0.00   0.00
sda              0.00      0.00     0.00   0.00    0.00     0.00    0.00      0.00     0.00   0.00    0.00     0.00    0.00      0.00     0.00   0.00    0.00     0.00    0.00    0.00    0.00   0.00
sdb              0.00      0.00     0.00   0.00    0.00     0.00 1147.00  28148.00   159.00  12.17    0.06    24.54    0.00      0.00     0.00   0.00    0.00     0.00    0.00    0.00    0.07  42.80


avg-cpu:  %user   %nice %system %iowait  %steal   %idle
           0.69    0.00    0.71    0.11    0.00   98.49

Device            r/s     rkB/s   rrqm/s  %rrqm r_await rareq-sz     w/s     wkB/s   wrqm/s  %wrqm w_await wareq-sz     d/s     dkB/s   drqm/s  %drqm d_await dareq-sz     f/s f_await  aqu-sz  %util
dm-0             0.00      0.00     0.00   0.00    0.00     0.00  719.00  15236.00     0.00   0.00    0.03    21.19    0.00      0.00     0.00   0.00    0.00     0.00    0.00    0.00    0.02  43.60
dm-1             0.00      0.00     0.00   0.00    0.00     0.00  703.00  15052.00     0.00   0.00    0.07    21.41    0.00      0.00     0.00   0.00    0.00     0.00    0.00    0.00    0.05  42.80
dm-2           354.00  40544.00     0.00   0.00    0.55   114.53  173.00  43264.00     0.00   0.00    0.44   250.08    0.00      0.00     0.00   0.00    0.00     0.00    0.00    0.00    0.27  25.60
loop0            0.00      0.00     0.00   0.00    0.00     0.00    0.00      0.00     0.00   0.00    0.00     0.00    0.00      0.00     0.00   0.00    0.00     0.00    0.00    0.00    0.00   0.00
loop1            0.00      0.00     0.00   0.00    0.00     0.00    0.00      0.00     0.00   0.00    0.00     0.00    0.00      0.00     0.00   0.00    0.00     0.00    0.00    0.00    0.00   0.00
loop2            0.00      0.00     0.00   0.00    0.00     0.00    0.00      0.00     0.00   0.00    0.00     0.00    0.00      0.00     0.00   0.00    0.00     0.00    0.00    0.00    0.00   0.00
loop3            0.00      0.00     0.00   0.00    0.00     0.00    0.00      0.00     0.00   0.00    0.00     0.00    0.00      0.00     0.00   0.00    0.00     0.00    0.00    0.00    0.00   0.00
loop4            0.00      0.00     0.00   0.00    0.00     0.00    0.00      0.00     0.00   0.00    0.00     0.00    0.00      0.00     0.00   0.00    0.00     0.00    0.00    0.00    0.00   0.00
loop5            0.00      0.00     0.00   0.00    0.00     0.00    0.00      0.00     0.00   0.00    0.00     0.00    0.00      0.00     0.00   0.00    0.00     0.00    0.00    0.00    0.00   0.00
loop6            0.00      0.00     0.00   0.00    0.00     0.00    0.00      0.00     0.00   0.00    0.00     0.00    0.00      0.00     0.00   0.00    0.00     0.00    0.00    0.00    0.00   0.00
sda            354.00  40544.00     0.00   0.00    0.60   114.53  211.00  43264.00    91.00  30.13    1.10   205.04    0.00      0.00     0.00   0.00    0.00     0.00    0.00    0.00    0.45  25.60
sdb              0.00      0.00     0.00   0.00    0.00     0.00 1247.00  30288.00   175.00  12.31    0.06    24.29    0.00      0.00     0.00   0.00    0.00     0.00    0.00    0.00    0.07  44.40


avg-cpu:  %user   %nice %system %iowait  %steal   %idle
           0.52    0.00    0.47    0.02    0.00   98.99

Device            r/s     rkB/s   rrqm/s  %rrqm r_await rareq-sz     w/s     wkB/s   wrqm/s  %wrqm w_await wareq-sz     d/s     dkB/s   drqm/s  %drqm d_await dareq-sz     f/s f_await  aqu-sz  %util
dm-0             0.00      0.00     0.00   0.00    0.00     0.00  733.00  15832.00     0.00   0.00    0.03    21.60    0.00      0.00     0.00   0.00    0.00     0.00    0.00    0.00    0.02  49.60
dm-1             0.00      0.00     0.00   0.00    0.00     0.00  734.00  15960.00     0.00   0.00    0.03    21.74    0.00      0.00     0.00   0.00    0.00     0.00    0.00    0.00    0.02  48.80
dm-2            11.00     44.00     0.00   0.00    0.00     4.00   22.00     88.00     0.00   0.00    0.00     4.00    0.00      0.00     0.00   0.00    0.00     0.00    0.00    0.00    0.00   0.80
loop0            0.00      0.00     0.00   0.00    0.00     0.00    0.00      0.00     0.00   0.00    0.00     0.00    0.00      0.00     0.00   0.00    0.00     0.00    0.00    0.00    0.00   0.00
loop1            0.00      0.00     0.00   0.00    0.00     0.00    0.00      0.00     0.00   0.00    0.00     0.00    0.00      0.00     0.00   0.00    0.00     0.00    0.00    0.00    0.00   0.00
loop2            0.00      0.00     0.00   0.00    0.00     0.00    0.00      0.00     0.00   0.00    0.00     0.00    0.00      0.00     0.00   0.00    0.00     0.00    0.00    0.00    0.00   0.00
loop3            0.00      0.00     0.00   0.00    0.00     0.00    0.00      0.00     0.00   0.00    0.00     0.00    0.00      0.00     0.00   0.00    0.00     0.00    0.00    0.00    0.00   0.00
loop4            0.00      0.00     0.00   0.00    0.00     0.00    0.00      0.00     0.00   0.00    0.00     0.00    0.00      0.00     0.00   0.00    0.00     0.00    0.00    0.00    0.00   0.00
loop5            0.00      0.00     0.00   0.00    0.00     0.00    0.00      0.00     0.00   0.00    0.00     0.00    0.00      0.00     0.00   0.00    0.00     0.00    0.00    0.00    0.00   0.00
loop6            0.00      0.00     0.00   0.00    0.00     0.00    0.00      0.00     0.00   0.00    0.00     0.00    0.00      0.00     0.00   0.00    0.00     0.00    0.00    0.00    0.00   0.00
sda             11.00     44.00     0.00   0.00    0.09     4.00    3.00     88.00    19.00  86.36    0.00    29.33    0.00      0.00     0.00   0.00    0.00     0.00    0.00    0.00    0.00   0.80
sdb              0.00      0.00     0.00   0.00    0.00     0.00 1294.00  31792.00   173.00  11.79    0.06    24.57    0.00      0.00     0.00   0.00    0.00     0.00    0.00    0.00    0.07  50.80


avg-cpu:  %user   %nice %system %iowait  %steal   %idle
           0.55    0.00    0.60    0.02    0.00   98.84

Device            r/s     rkB/s   rrqm/s  %rrqm r_await rareq-sz     w/s     wkB/s   wrqm/s  %wrqm w_await wareq-sz     d/s     dkB/s   drqm/s  %drqm d_await dareq-sz     f/s f_await  aqu-sz  %util
dm-0             0.00      0.00     0.00   0.00    0.00     0.00  689.00  14816.00     0.00   0.00    0.05    21.50    0.00      0.00     0.00   0.00    0.00     0.00    0.00    0.00    0.03  43.60
dm-1             0.00      0.00     0.00   0.00    0.00     0.00  681.00  14664.00     0.00   0.00    0.05    21.53    0.00      0.00     0.00   0.00    0.00     0.00    0.00    0.00    0.04  42.00
dm-2             0.00      0.00     0.00   0.00    0.00     0.00   47.00    216.00     0.00   0.00    0.00     4.60    0.00      0.00     0.00   0.00    0.00     0.00    0.00    0.00    0.00   2.40
loop0            0.00      0.00     0.00   0.00    0.00     0.00    0.00      0.00     0.00   0.00    0.00     0.00    0.00      0.00     0.00   0.00    0.00     0.00    0.00    0.00    0.00   0.00
loop1            0.00      0.00     0.00   0.00    0.00     0.00    0.00      0.00     0.00   0.00    0.00     0.00    0.00      0.00     0.00   0.00    0.00     0.00    0.00    0.00    0.00   0.00
loop2            0.00      0.00     0.00   0.00    0.00     0.00    0.00      0.00     0.00   0.00    0.00     0.00    0.00      0.00     0.00   0.00    0.00     0.00    0.00    0.00    0.00   0.00
loop3            0.00      0.00     0.00   0.00    0.00     0.00    0.00      0.00     0.00   0.00    0.00     0.00    0.00      0.00     0.00   0.00    0.00     0.00    0.00    0.00    0.00   0.00
loop4            0.00      0.00     0.00   0.00    0.00     0.00    0.00      0.00     0.00   0.00    0.00     0.00    0.00      0.00     0.00   0.00    0.00     0.00    0.00    0.00    0.00   0.00
loop5            0.00      0.00     0.00   0.00    0.00     0.00    0.00      0.00     0.00   0.00    0.00     0.00    0.00      0.00     0.00   0.00    0.00     0.00    0.00    0.00    0.00   0.00
loop6            0.00      0.00     0.00   0.00    0.00     0.00    0.00      0.00     0.00   0.00    0.00     0.00    0.00      0.00     0.00   0.00    0.00     0.00    0.00    0.00    0.00   0.00
sda              0.00      0.00     0.00   0.00    0.00     0.00   18.00    216.00    29.00  61.70    0.17    12.00    0.00      0.00     0.00   0.00    0.00     0.00    0.00    0.00    0.00   2.40
sdb              0.00      0.00     0.00   0.00    0.00     0.00 1199.00  29408.00   168.00  12.29    0.06    24.53    0.00      0.00     0.00   0.00    0.00     0.00    0.00    0.00    0.07  44.80


avg-cpu:  %user   %nice %system %iowait  %steal   %idle
           0.66    0.00    0.63    0.02    0.00   98.70

Device            r/s     rkB/s   rrqm/s  %rrqm r_await rareq-sz     w/s     wkB/s   wrqm/s  %wrqm w_await wareq-sz     d/s     dkB/s   drqm/s  %drqm d_await dareq-sz     f/s f_await  aqu-sz  %util
dm-0             0.00      0.00     0.00   0.00    0.00     0.00  706.00  15424.00     0.00   0.00    0.03    21.85    0.00      0.00     0.00   0.00    0.00     0.00    0.00    0.00    0.02  44.00
dm-1             0.00      0.00     0.00   0.00    0.00     0.00  720.00  15600.00     0.00   0.00    0.04    21.67    0.00      0.00     0.00   0.00    0.00     0.00    0.00    0.00    0.03  44.00
dm-2             0.00      0.00     0.00   0.00    0.00     0.00  159.00    720.00     0.00   0.00    0.25     4.53    0.00      0.00     0.00   0.00    0.00     0.00    0.00    0.00    0.04   0.80
loop0            0.00      0.00     0.00   0.00    0.00     0.00    0.00      0.00     0.00   0.00    0.00     0.00    0.00      0.00     0.00   0.00    0.00     0.00    0.00    0.00    0.00   0.00
loop1            0.00      0.00     0.00   0.00    0.00     0.00    0.00      0.00     0.00   0.00    0.00     0.00    0.00      0.00     0.00   0.00    0.00     0.00    0.00    0.00    0.00   0.00
loop2            0.00      0.00     0.00   0.00    0.00     0.00    0.00      0.00     0.00   0.00    0.00     0.00    0.00      0.00     0.00   0.00    0.00     0.00    0.00    0.00    0.00   0.00
loop3            0.00      0.00     0.00   0.00    0.00     0.00    0.00      0.00     0.00   0.00    0.00     0.00    0.00      0.00     0.00   0.00    0.00     0.00    0.00    0.00    0.00   0.00
loop4            0.00      0.00     0.00   0.00    0.00     0.00    0.00      0.00     0.00   0.00    0.00     0.00    0.00      0.00     0.00   0.00    0.00     0.00    0.00    0.00    0.00   0.00
loop5            0.00      0.00     0.00   0.00    0.00     0.00    0.00      0.00     0.00   0.00    0.00     0.00    0.00      0.00     0.00   0.00    0.00     0.00    0.00    0.00    0.00   0.00
loop6            0.00      0.00     0.00   0.00    0.00     0.00    0.00      0.00     0.00   0.00    0.00     0.00    0.00      0.00     0.00   0.00    0.00     0.00    0.00    0.00    0.00   0.00
sda              0.00      0.00     0.00   0.00    0.00     0.00  157.00    720.00     2.00   1.26    0.72     4.59    0.00      0.00     0.00   0.00    0.00     0.00    0.00    0.00    0.11   0.80
sdb              0.00      0.00     0.00   0.00    0.00     0.00 1253.00  31096.00   176.00  12.32    0.06    24.82    0.00      0.00     0.00   0.00    0.00     0.00    0.00    0.00    0.08  46.40


avg-cpu:  %user   %nice %system %iowait  %steal   %idle
           0.56    0.00    0.52    0.00    0.00   98.92

Device            r/s     rkB/s   rrqm/s  %rrqm r_await rareq-sz     w/s     wkB/s   wrqm/s  %wrqm w_await wareq-sz     d/s     dkB/s   drqm/s  %drqm d_await dareq-sz     f/s f_await  aqu-sz  %util
dm-0             0.00      0.00     0.00   0.00    0.00     0.00  727.00  15572.00     0.00   0.00    0.04    21.42    0.00      0.00     0.00   0.00    0.00     0.00    0.00    0.00    0.03  46.80
dm-1             0.00      0.00     0.00   0.00    0.00     0.00  717.00  15528.00     0.00   0.00    0.08    21.66    0.00      0.00     0.00   0.00    0.00     0.00    0.00    0.00    0.06  46.00
dm-2             0.00      0.00     0.00   0.00    0.00     0.00   53.00    228.00     0.00   0.00    0.00     4.30    0.00      0.00     0.00   0.00    0.00     0.00    0.00    0.00    0.00   1.60
loop0            0.00      0.00     0.00   0.00    0.00     0.00    0.00      0.00     0.00   0.00    0.00     0.00    0.00      0.00     0.00   0.00    0.00     0.00    0.00    0.00    0.00   0.00
loop1            0.00      0.00     0.00   0.00    0.00     0.00    0.00      0.00     0.00   0.00    0.00     0.00    0.00      0.00     0.00   0.00    0.00     0.00    0.00    0.00    0.00   0.00
loop2            0.00      0.00     0.00   0.00    0.00     0.00    0.00      0.00     0.00   0.00    0.00     0.00    0.00      0.00     0.00   0.00    0.00     0.00    0.00    0.00    0.00   0.00
loop3            0.00      0.00     0.00   0.00    0.00     0.00    0.00      0.00     0.00   0.00    0.00     0.00    0.00      0.00     0.00   0.00    0.00     0.00    0.00    0.00    0.00   0.00
loop4            0.00      0.00     0.00   0.00    0.00     0.00    0.00      0.00     0.00   0.00    0.00     0.00    0.00      0.00     0.00   0.00    0.00     0.00    0.00    0.00    0.00   0.00
loop5            0.00      0.00     0.00   0.00    0.00     0.00    0.00      0.00     0.00   0.00    0.00     0.00    0.00      0.00     0.00   0.00    0.00     0.00    0.00    0.00    0.00   0.00
loop6            0.00      0.00     0.00   0.00    0.00     0.00    0.00      0.00     0.00   0.00    0.00     0.00    0.00      0.00     0.00   0.00    0.00     0.00    0.00    0.00    0.00   0.00
sda              0.00      0.00     0.00   0.00    0.00     0.00   17.00    228.00    36.00  67.92    0.06    13.41    0.00      0.00     0.00   0.00    0.00     0.00    0.00    0.00    0.00   1.60
sdb              0.00      0.00     0.00   0.00    0.00     0.00 1268.00  31100.00   176.00  12.19    0.06    24.53    0.00      0.00     0.00   0.00    0.00     0.00    0.00    0.00    0.07  47.20


avg-cpu:  %user   %nice %system %iowait  %steal   %idle
           0.55    0.00    0.55    0.02    0.00   98.89

Device            r/s     rkB/s   rrqm/s  %rrqm r_await rareq-sz     w/s     wkB/s   wrqm/s  %wrqm w_await wareq-sz     d/s     dkB/s   drqm/s  %drqm d_await dareq-sz     f/s f_await  aqu-sz  %util
dm-0             0.00      0.00     0.00   0.00    0.00     0.00  782.00  16568.00     0.00   0.00    0.07    21.19    0.00      0.00     0.00   0.00    0.00     0.00    0.00    0.00    0.06  52.80
dm-1             0.00      0.00     0.00   0.00    0.00     0.00  777.00  16552.00     0.00   0.00    0.06    21.30    0.00      0.00     0.00   0.00    0.00     0.00    0.00    0.00    0.05  52.80
dm-2             0.00      0.00     0.00   0.00    0.00     0.00    2.00      8.00     0.00   0.00    0.00     4.00    0.00      0.00     0.00   0.00    0.00     0.00    0.00    0.00    0.00   0.40
loop0            0.00      0.00     0.00   0.00    0.00     0.00    0.00      0.00     0.00   0.00    0.00     0.00    0.00      0.00     0.00   0.00    0.00     0.00    0.00    0.00    0.00   0.00
loop1            0.00      0.00     0.00   0.00    0.00     0.00    0.00      0.00     0.00   0.00    0.00     0.00    0.00      0.00     0.00   0.00    0.00     0.00    0.00    0.00    0.00   0.00
loop2            0.00      0.00     0.00   0.00    0.00     0.00    0.00      0.00     0.00   0.00    0.00     0.00    0.00      0.00     0.00   0.00    0.00     0.00    0.00    0.00    0.00   0.00
loop3            0.00      0.00     0.00   0.00    0.00     0.00    0.00      0.00     0.00   0.00    0.00     0.00    0.00      0.00     0.00   0.00    0.00     0.00    0.00    0.00    0.00   0.00
loop4            0.00      0.00     0.00   0.00    0.00     0.00    0.00      0.00     0.00   0.00    0.00     0.00    0.00      0.00     0.00   0.00    0.00     0.00    0.00    0.00    0.00   0.00
loop5            0.00      0.00     0.00   0.00    0.00     0.00    0.00      0.00     0.00   0.00    0.00     0.00    0.00      0.00     0.00   0.00    0.00     0.00    0.00    0.00    0.00   0.00
loop6            0.00      0.00     0.00   0.00    0.00     0.00    0.00      0.00     0.00   0.00    0.00     0.00    0.00      0.00     0.00   0.00    0.00     0.00    0.00    0.00    0.00   0.00
sda              0.00      0.00     0.00   0.00    0.00     0.00    1.00      8.00     1.00  50.00    2.00     8.00    0.00      0.00     0.00   0.00    0.00     0.00    0.00    0.00    0.00   0.40
sdb              0.00      0.00     0.00   0.00    0.00     0.00 1377.00  33120.00   182.00  11.67    0.06    24.05    0.00      0.00     0.00   0.00    0.00     0.00    0.00    0.00    0.08  54.00


avg-cpu:  %user   %nice %system %iowait  %steal   %idle
           0.57    0.00    0.52    0.02    0.00   98.90

Device            r/s     rkB/s   rrqm/s  %rrqm r_await rareq-sz     w/s     wkB/s   wrqm/s  %wrqm w_await wareq-sz     d/s     dkB/s   drqm/s  %drqm d_await dareq-sz     f/s f_await  aqu-sz  %util
dm-0             0.00      0.00     0.00   0.00    0.00     0.00  799.00  16156.00     0.00   0.00    0.05    20.22    0.00      0.00     0.00   0.00    0.00     0.00    0.00    0.00    0.04  54.80
dm-1             0.00      0.00     0.00   0.00    0.00     0.00  798.00  16152.00     0.00   0.00    0.04    20.24    0.00      0.00     0.00   0.00    0.00     0.00    0.00    0.00    0.03  54.40
dm-2             0.00      0.00     0.00   0.00    0.00     0.00   57.00    244.00     0.00   0.00    0.63     4.28    0.00      0.00     0.00   0.00    0.00     0.00    0.00    0.00    0.04   2.40
loop0            0.00      0.00     0.00   0.00    0.00     0.00    0.00      0.00     0.00   0.00    0.00     0.00    0.00      0.00     0.00   0.00    0.00     0.00    0.00    0.00    0.00   0.00
loop1            0.00      0.00     0.00   0.00    0.00     0.00    0.00      0.00     0.00   0.00    0.00     0.00    0.00      0.00     0.00   0.00    0.00     0.00    0.00    0.00    0.00   0.00
loop2            0.00      0.00     0.00   0.00    0.00     0.00    0.00      0.00     0.00   0.00    0.00     0.00    0.00      0.00     0.00   0.00    0.00     0.00    0.00    0.00    0.00   0.00
loop3            0.00      0.00     0.00   0.00    0.00     0.00    0.00      0.00     0.00   0.00    0.00     0.00    0.00      0.00     0.00   0.00    0.00     0.00    0.00    0.00    0.00   0.00
loop4            0.00      0.00     0.00   0.00    0.00     0.00    0.00      0.00     0.00   0.00    0.00     0.00    0.00      0.00     0.00   0.00    0.00     0.00    0.00    0.00    0.00   0.00
loop5            0.00      0.00     0.00   0.00    0.00     0.00    0.00      0.00     0.00   0.00    0.00     0.00    0.00      0.00     0.00   0.00    0.00     0.00    0.00    0.00    0.00   0.00
loop6            0.00      0.00     0.00   0.00    0.00     0.00    0.00      0.00     0.00   0.00    0.00     0.00    0.00      0.00     0.00   0.00    0.00     0.00    0.00    0.00    0.00   0.00
sda              0.00      0.00     0.00   0.00    0.00     0.00   20.00    244.00    37.00  64.91    0.10    12.20    0.00      0.00     0.00   0.00    0.00     0.00    0.00    0.00    0.00   2.40
sdb              0.00      0.00     0.00   0.00    0.00     0.00 1391.00  32308.00   206.00  12.90    0.06    23.23    0.00      0.00     0.00   0.00    0.00     0.00    0.00    0.00    0.08  55.60


avg-cpu:  %user   %nice %system %iowait  %steal   %idle
           0.66    0.00    0.49    0.02    0.00   98.84

Device            r/s     rkB/s   rrqm/s  %rrqm r_await rareq-sz     w/s     wkB/s   wrqm/s  %wrqm w_await wareq-sz     d/s     dkB/s   drqm/s  %drqm d_await dareq-sz     f/s f_await  aqu-sz  %util
dm-0             0.00      0.00     0.00   0.00    0.00     0.00  867.00  15348.00     0.00   0.00    0.04    17.70    0.00      0.00     0.00   0.00    0.00     0.00    0.00    0.00    0.04  60.40
dm-1             0.00      0.00     0.00   0.00    0.00     0.00  865.00  15340.00     0.00   0.00    0.04    17.73    0.00      0.00     0.00   0.00    0.00     0.00    0.00    0.00    0.03  60.00
dm-2             0.00      0.00     0.00   0.00    0.00     0.00    0.00      0.00     0.00   0.00    0.00     0.00    0.00      0.00     0.00   0.00    0.00     0.00    0.00    0.00    0.00   0.00
loop0            0.00      0.00     0.00   0.00    0.00     0.00    0.00      0.00     0.00   0.00    0.00     0.00    0.00      0.00     0.00   0.00    0.00     0.00    0.00    0.00    0.00   0.00
loop1            0.00      0.00     0.00   0.00    0.00     0.00    0.00      0.00     0.00   0.00    0.00     0.00    0.00      0.00     0.00   0.00    0.00     0.00    0.00    0.00    0.00   0.00
loop2            0.00      0.00     0.00   0.00    0.00     0.00    0.00      0.00     0.00   0.00    0.00     0.00    0.00      0.00     0.00   0.00    0.00     0.00    0.00    0.00    0.00   0.00
loop3            0.00      0.00     0.00   0.00    0.00     0.00    0.00      0.00     0.00   0.00    0.00     0.00    0.00      0.00     0.00   0.00    0.00     0.00    0.00    0.00    0.00   0.00
loop4            0.00      0.00     0.00   0.00    0.00     0.00    0.00      0.00     0.00   0.00    0.00     0.00    0.00      0.00     0.00   0.00    0.00     0.00    0.00    0.00    0.00   0.00
loop5            0.00      0.00     0.00   0.00    0.00     0.00    0.00      0.00     0.00   0.00    0.00     0.00    0.00      0.00     0.00   0.00    0.00     0.00    0.00    0.00    0.00   0.00
loop6            0.00      0.00     0.00   0.00    0.00     0.00    0.00      0.00     0.00   0.00    0.00     0.00    0.00      0.00     0.00   0.00    0.00     0.00    0.00    0.00    0.00   0.00
sda              0.00      0.00     0.00   0.00    0.00     0.00    0.00      0.00     0.00   0.00    0.00     0.00    0.00      0.00     0.00   0.00    0.00     0.00    0.00    0.00    0.00   0.00
sdb              0.00      0.00     0.00   0.00    0.00     0.00 1502.00  30688.00   230.00  13.28    0.05    20.43    0.00      0.00     0.00   0.00    0.00     0.00    0.00    0.00    0.08  63.20


avg-cpu:  %user   %nice %system %iowait  %steal   %idle
           0.55    0.00    0.58    0.02    0.00   98.86

Device            r/s     rkB/s   rrqm/s  %rrqm r_await rareq-sz     w/s     wkB/s   wrqm/s  %wrqm w_await wareq-sz     d/s     dkB/s   drqm/s  %drqm d_await dareq-sz     f/s f_await  aqu-sz  %util
dm-0             0.00      0.00     0.00   0.00    0.00     0.00  703.00  15056.00     0.00   0.00    0.07    21.42    0.00      0.00     0.00   0.00    0.00     0.00    0.00    0.00    0.05  44.00
dm-1             0.00      0.00     0.00   0.00    0.00     0.00  713.00  15092.00     0.00   0.00    0.03    21.17    0.00      0.00     0.00   0.00    0.00     0.00    0.00    0.00    0.02  42.00
dm-2             0.00      0.00     0.00   0.00    0.00     0.00   50.00    232.00     0.00   0.00    0.00     4.64    0.00      0.00     0.00   0.00    0.00     0.00    0.00    0.00    0.00   2.00
loop0            0.00      0.00     0.00   0.00    0.00     0.00    0.00      0.00     0.00   0.00    0.00     0.00    0.00      0.00     0.00   0.00    0.00     0.00    0.00    0.00    0.00   0.00
loop1            0.00      0.00     0.00   0.00    0.00     0.00    0.00      0.00     0.00   0.00    0.00     0.00    0.00      0.00     0.00   0.00    0.00     0.00    0.00    0.00    0.00   0.00
loop2            0.00      0.00     0.00   0.00    0.00     0.00    0.00      0.00     0.00   0.00    0.00     0.00    0.00      0.00     0.00   0.00    0.00     0.00    0.00    0.00    0.00   0.00
loop3            0.00      0.00     0.00   0.00    0.00     0.00    0.00      0.00     0.00   0.00    0.00     0.00    0.00      0.00     0.00   0.00    0.00     0.00    0.00    0.00    0.00   0.00
loop4            0.00      0.00     0.00   0.00    0.00     0.00    0.00      0.00     0.00   0.00    0.00     0.00    0.00      0.00     0.00   0.00    0.00     0.00    0.00    0.00    0.00   0.00
loop5            0.00      0.00     0.00   0.00    0.00     0.00    0.00      0.00     0.00   0.00    0.00     0.00    0.00      0.00     0.00   0.00    0.00     0.00    0.00    0.00    0.00   0.00
loop6            0.00      0.00     0.00   0.00    0.00     0.00    0.00      0.00     0.00   0.00    0.00     0.00    0.00      0.00     0.00   0.00    0.00     0.00    0.00    0.00    0.00   0.00
sda              0.00      0.00     0.00   0.00    0.00     0.00   19.00    232.00    31.00  62.00    0.26    12.21    0.00      0.00     0.00   0.00    0.00     0.00    0.00    0.00    0.01   2.00
sdb              0.00      0.00     0.00   0.00    0.00     0.00 1240.00  30148.00   176.00  12.43    0.06    24.31    0.00      0.00     0.00   0.00    0.00     0.00    0.00    0.00    0.07  45.20


avg-cpu:  %user   %nice %system %iowait  %steal   %idle
           0.44    0.00    0.57    0.00    0.00   98.99

Device            r/s     rkB/s   rrqm/s  %rrqm r_await rareq-sz     w/s     wkB/s   wrqm/s  %wrqm w_await wareq-sz     d/s     dkB/s   drqm/s  %drqm d_await dareq-sz     f/s f_await  aqu-sz  %util
dm-0             0.00      0.00     0.00   0.00    0.00     0.00  750.00  16320.00     0.00   0.00    0.09    21.76    0.00      0.00     0.00   0.00    0.00     0.00    0.00    0.00    0.06  53.20
dm-1             0.00      0.00     0.00   0.00    0.00     0.00  758.00  16356.00     0.00   0.00    0.05    21.58    0.00      0.00     0.00   0.00    0.00     0.00    0.00    0.00    0.04  51.60
dm-2             0.00      0.00     0.00   0.00    0.00     0.00   81.00    348.00     0.00   0.00    0.79     4.30    0.00      0.00     0.00   0.00    0.00     0.00    0.00    0.00    0.06   0.80
loop0            0.00      0.00     0.00   0.00    0.00     0.00    0.00      0.00     0.00   0.00    0.00     0.00    0.00      0.00     0.00   0.00    0.00     0.00    0.00    0.00    0.00   0.00
loop1            0.00      0.00     0.00   0.00    0.00     0.00    0.00      0.00     0.00   0.00    0.00     0.00    0.00      0.00     0.00   0.00    0.00     0.00    0.00    0.00    0.00   0.00
loop2            0.00      0.00     0.00   0.00    0.00     0.00    0.00      0.00     0.00   0.00    0.00     0.00    0.00      0.00     0.00   0.00    0.00     0.00    0.00    0.00    0.00   0.00
loop3            0.00      0.00     0.00   0.00    0.00     0.00    0.00      0.00     0.00   0.00    0.00     0.00    0.00      0.00     0.00   0.00    0.00     0.00    0.00    0.00    0.00   0.00
loop4            0.00      0.00     0.00   0.00    0.00     0.00    0.00      0.00     0.00   0.00    0.00     0.00    0.00      0.00     0.00   0.00    0.00     0.00    0.00    0.00    0.00   0.00
loop5            0.00      0.00     0.00   0.00    0.00     0.00    0.00      0.00     0.00   0.00    0.00     0.00    0.00      0.00     0.00   0.00    0.00     0.00    0.00    0.00    0.00   0.00
loop6            0.00      0.00     0.00   0.00    0.00     0.00    0.00      0.00     0.00   0.00    0.00     0.00    0.00      0.00     0.00   0.00    0.00     0.00    0.00    0.00    0.00   0.00
sda              0.00      0.00     0.00   0.00    0.00     0.00   80.00    348.00     1.00   1.23    0.74     4.35    0.00      0.00     0.00   0.00    0.00     0.00    0.00    0.00    0.06   0.80
sdb              0.00      0.00     0.00   0.00    0.00     0.00 1332.00  32676.00   176.00  11.67    0.06    24.53    0.00      0.00     0.00   0.00    0.00     0.00    0.00    0.00    0.08  53.20


avg-cpu:  %user   %nice %system %iowait  %steal   %idle
           0.47    0.00    0.38    0.02    0.00   99.14

Device            r/s     rkB/s   rrqm/s  %rrqm r_await rareq-sz     w/s     wkB/s   wrqm/s  %wrqm w_await wareq-sz     d/s     dkB/s   drqm/s  %drqm d_await dareq-sz     f/s f_await  aqu-sz  %util
dm-0             0.00      0.00     0.00   0.00    0.00     0.00  652.00  13828.00     0.00   0.00    0.03    21.21    0.00      0.00     0.00   0.00    0.00     0.00    0.00    0.00    0.02  45.20
dm-1             0.00      0.00     0.00   0.00    0.00     0.00  646.00  13804.00     0.00   0.00    0.04    21.37    0.00      0.00     0.00   0.00    0.00     0.00    0.00    0.00    0.02  44.40
dm-2             0.00      0.00     0.00   0.00    0.00     0.00   52.00    224.00     0.00   0.00    0.00     4.31    0.00      0.00     0.00   0.00    0.00     0.00    0.00    0.00    0.00   1.60
loop0            0.00      0.00     0.00   0.00    0.00     0.00    0.00      0.00     0.00   0.00    0.00     0.00    0.00      0.00     0.00   0.00    0.00     0.00    0.00    0.00    0.00   0.00
loop1            0.00      0.00     0.00   0.00    0.00     0.00    0.00      0.00     0.00   0.00    0.00     0.00    0.00      0.00     0.00   0.00    0.00     0.00    0.00    0.00    0.00   0.00
loop2            0.00      0.00     0.00   0.00    0.00     0.00    0.00      0.00     0.00   0.00    0.00     0.00    0.00      0.00     0.00   0.00    0.00     0.00    0.00    0.00    0.00   0.00
loop3            0.00      0.00     0.00   0.00    0.00     0.00    0.00      0.00     0.00   0.00    0.00     0.00    0.00      0.00     0.00   0.00    0.00     0.00    0.00    0.00    0.00   0.00
loop4            0.00      0.00     0.00   0.00    0.00     0.00    0.00      0.00     0.00   0.00    0.00     0.00    0.00      0.00     0.00   0.00    0.00     0.00    0.00    0.00    0.00   0.00
loop5            0.00      0.00     0.00   0.00    0.00     0.00    0.00      0.00     0.00   0.00    0.00     0.00    0.00      0.00     0.00   0.00    0.00     0.00    0.00    0.00    0.00   0.00
loop6            0.00      0.00     0.00   0.00    0.00     0.00    0.00      0.00     0.00   0.00    0.00     0.00    0.00      0.00     0.00   0.00    0.00     0.00    0.00    0.00    0.00   0.00
sda              0.00      0.00     0.00   0.00    0.00     0.00   17.00    224.00    35.00  67.31    0.12    13.18    0.00      0.00     0.00   0.00    0.00     0.00    0.00    0.00    0.00   1.60
sdb              0.00      0.00     0.00   0.00    0.00     0.00 1130.00  27632.00   168.00  12.94    0.06    24.45    0.00      0.00     0.00   0.00    0.00     0.00    0.00    0.00    0.07  46.00


avg-cpu:  %user   %nice %system %iowait  %steal   %idle
           0.53    0.00    0.53    0.02    0.00   98.92

Device            r/s     rkB/s   rrqm/s  %rrqm r_await rareq-sz     w/s     wkB/s   wrqm/s  %wrqm w_await wareq-sz     d/s     dkB/s   drqm/s  %drqm d_await dareq-sz     f/s f_await  aqu-sz  %util
dm-0             0.00      0.00     0.00   0.00    0.00     0.00  735.00  15660.00     0.00   0.00    0.04    21.31    0.00      0.00     0.00   0.00    0.00     0.00    0.00    0.00    0.03  48.00
dm-1             0.00      0.00     0.00   0.00    0.00     0.00  722.00  15608.00     0.00   0.00    0.04    21.62    0.00      0.00     0.00   0.00    0.00     0.00    0.00    0.00    0.03  46.40
dm-2             0.00      0.00     0.00   0.00    0.00     0.00   37.00    148.00     0.00   0.00    0.65     4.00    0.00      0.00     0.00   0.00    0.00     0.00    0.00    0.00    0.02   1.60
loop0            0.00      0.00     0.00   0.00    0.00     0.00    0.00      0.00     0.00   0.00    0.00     0.00    0.00      0.00     0.00   0.00    0.00     0.00    0.00    0.00    0.00   0.00
loop1            0.00      0.00     0.00   0.00    0.00     0.00    0.00      0.00     0.00   0.00    0.00     0.00    0.00      0.00     0.00   0.00    0.00     0.00    0.00    0.00    0.00   0.00
loop2            0.00      0.00     0.00   0.00    0.00     0.00    0.00      0.00     0.00   0.00    0.00     0.00    0.00      0.00     0.00   0.00    0.00     0.00    0.00    0.00    0.00   0.00
loop3            0.00      0.00     0.00   0.00    0.00     0.00    0.00      0.00     0.00   0.00    0.00     0.00    0.00      0.00     0.00   0.00    0.00     0.00    0.00    0.00    0.00   0.00
loop4            0.00      0.00     0.00   0.00    0.00     0.00    0.00      0.00     0.00   0.00    0.00     0.00    0.00      0.00     0.00   0.00    0.00     0.00    0.00    0.00    0.00   0.00
loop5            0.00      0.00     0.00   0.00    0.00     0.00    0.00      0.00     0.00   0.00    0.00     0.00    0.00      0.00     0.00   0.00    0.00     0.00    0.00    0.00    0.00   0.00
loop6            0.00      0.00     0.00   0.00    0.00     0.00    0.00      0.00     0.00   0.00    0.00     0.00    0.00      0.00     0.00   0.00    0.00     0.00    0.00    0.00    0.00   0.00
sda              0.00      0.00     0.00   0.00    0.00     0.00   30.00    148.00     7.00  18.92    1.90     4.93    0.00      0.00     0.00   0.00    0.00     0.00    0.00    0.00    0.06   1.60
sdb              0.00      0.00     0.00   0.00    0.00     0.00 1287.00  31204.00   169.00  11.61    0.06    24.25    0.00      0.00     0.00   0.00    0.00     0.00    0.00    0.00    0.07  48.40


avg-cpu:  %user   %nice %system %iowait  %steal   %idle
           0.66    0.00    0.55    0.00    0.00   98.79

Device            r/s     rkB/s   rrqm/s  %rrqm r_await rareq-sz     w/s     wkB/s   wrqm/s  %wrqm w_await wareq-sz     d/s     dkB/s   drqm/s  %drqm d_await dareq-sz     f/s f_await  aqu-sz  %util
dm-0             0.00      0.00     0.00   0.00    0.00     0.00  687.00  14748.00     0.00   0.00    0.04    21.47    0.00      0.00     0.00   0.00    0.00     0.00    0.00    0.00    0.03  47.20
dm-1             0.00      0.00     0.00   0.00    0.00     0.00  692.00  14768.00     0.00   0.00    0.05    21.34    0.00      0.00     0.00   0.00    0.00     0.00    0.00    0.00    0.03  44.80
dm-2             0.00      0.00     0.00   0.00    0.00     0.00   46.00    200.00     0.00   0.00    0.00     4.35    0.00      0.00     0.00   0.00    0.00     0.00    0.00    0.00    0.00   1.60
loop0            0.00      0.00     0.00   0.00    0.00     0.00    0.00      0.00     0.00   0.00    0.00     0.00    0.00      0.00     0.00   0.00    0.00     0.00    0.00    0.00    0.00   0.00
loop1            0.00      0.00     0.00   0.00    0.00     0.00    0.00      0.00     0.00   0.00    0.00     0.00    0.00      0.00     0.00   0.00    0.00     0.00    0.00    0.00    0.00   0.00
loop2            0.00      0.00     0.00   0.00    0.00     0.00    0.00      0.00     0.00   0.00    0.00     0.00    0.00      0.00     0.00   0.00    0.00     0.00    0.00    0.00    0.00   0.00
loop3            0.00      0.00     0.00   0.00    0.00     0.00    0.00      0.00     0.00   0.00    0.00     0.00    0.00      0.00     0.00   0.00    0.00     0.00    0.00    0.00    0.00   0.00
loop4            0.00      0.00     0.00   0.00    0.00     0.00    0.00      0.00     0.00   0.00    0.00     0.00    0.00      0.00     0.00   0.00    0.00     0.00    0.00    0.00    0.00   0.00
loop5            0.00      0.00     0.00   0.00    0.00     0.00    0.00      0.00     0.00   0.00    0.00     0.00    0.00      0.00     0.00   0.00    0.00     0.00    0.00    0.00    0.00   0.00
loop6            0.00      0.00     0.00   0.00    0.00     0.00    0.00      0.00     0.00   0.00    0.00     0.00    0.00      0.00     0.00   0.00    0.00     0.00    0.00    0.00    0.00   0.00
sda              0.00      0.00     0.00   0.00    0.00     0.00   17.00    200.00    29.00  63.04    0.12    11.76    0.00      0.00     0.00   0.00    0.00     0.00    0.00    0.00    0.00   1.60
sdb              0.00      0.00     0.00   0.00    0.00     0.00 1205.00  29580.00   175.00  12.68    0.06    24.55    0.00      0.00     0.00   0.00    0.00     0.00    0.00    0.00    0.07  48.40


avg-cpu:  %user   %nice %system %iowait  %steal   %idle
           0.63    0.00    0.53    0.02    0.00   98.82

Device            r/s     rkB/s   rrqm/s  %rrqm r_await rareq-sz     w/s     wkB/s   wrqm/s  %wrqm w_await wareq-sz     d/s     dkB/s   drqm/s  %drqm d_await dareq-sz     f/s f_await  aqu-sz  %util
dm-0             0.00      0.00     0.00   0.00    0.00     0.00  738.00  15856.00     0.00   0.00    0.05    21.49    0.00      0.00     0.00   0.00    0.00     0.00    0.00    0.00    0.04  44.80
dm-1             0.00      0.00     0.00   0.00    0.00     0.00  736.00  15844.00     0.00   0.00    0.04    21.53    0.00      0.00     0.00   0.00    0.00     0.00    0.00    0.00    0.03  44.00
dm-2             0.00      0.00     0.00   0.00    0.00     0.00    0.00      0.00     0.00   0.00    0.00     0.00    0.00      0.00     0.00   0.00    0.00     0.00    0.00    0.00    0.00   0.00
loop0            0.00      0.00     0.00   0.00    0.00     0.00    0.00      0.00     0.00   0.00    0.00     0.00    0.00      0.00     0.00   0.00    0.00     0.00    0.00    0.00    0.00   0.00
loop1            0.00      0.00     0.00   0.00    0.00     0.00    0.00      0.00     0.00   0.00    0.00     0.00    0.00      0.00     0.00   0.00    0.00     0.00    0.00    0.00    0.00   0.00
loop2            0.00      0.00     0.00   0.00    0.00     0.00    0.00      0.00     0.00   0.00    0.00     0.00    0.00      0.00     0.00   0.00    0.00     0.00    0.00    0.00    0.00   0.00
loop3            0.00      0.00     0.00   0.00    0.00     0.00    0.00      0.00     0.00   0.00    0.00     0.00    0.00      0.00     0.00   0.00    0.00     0.00    0.00    0.00    0.00   0.00
loop4            0.00      0.00     0.00   0.00    0.00     0.00    0.00      0.00     0.00   0.00    0.00     0.00    0.00      0.00     0.00   0.00    0.00     0.00    0.00    0.00    0.00   0.00
loop5            0.00      0.00     0.00   0.00    0.00     0.00    0.00      0.00     0.00   0.00    0.00     0.00    0.00      0.00     0.00   0.00    0.00     0.00    0.00    0.00    0.00   0.00
loop6            0.00      0.00     0.00   0.00    0.00     0.00    0.00      0.00     0.00   0.00    0.00     0.00    0.00      0.00     0.00   0.00    0.00     0.00    0.00    0.00    0.00   0.00
sda              0.00      0.00     0.00   0.00    0.00     0.00    0.00      0.00     0.00   0.00    0.00     0.00    0.00      0.00     0.00   0.00    0.00     0.00    0.00    0.00    0.00   0.00
sdb              0.00      0.00     0.00   0.00    0.00     0.00 1300.00  31700.00   174.00  11.80    0.06    24.38    0.00      0.00     0.00   0.00    0.00     0.00    0.00    0.00    0.07  45.60


avg-cpu:  %user   %nice %system %iowait  %steal   %idle
           0.45    0.00    0.50    0.02    0.00   99.03

Device            r/s     rkB/s   rrqm/s  %rrqm r_await rareq-sz     w/s     wkB/s   wrqm/s  %wrqm w_await wareq-sz     d/s     dkB/s   drqm/s  %drqm d_await dareq-sz     f/s f_await  aqu-sz  %util
dm-0             0.00      0.00     0.00   0.00    0.00     0.00  656.00  14084.00     0.00   0.00    0.07    21.47    0.00      0.00     0.00   0.00    0.00     0.00    0.00    0.00    0.04  43.20
dm-1             0.00      0.00     0.00   0.00    0.00     0.00  650.00  14060.00     0.00   0.00    0.05    21.63    0.00      0.00     0.00   0.00    0.00     0.00    0.00    0.00    0.03  42.40
dm-2             0.00      0.00     0.00   0.00    0.00     0.00   55.00    252.00     0.00   0.00    0.00     4.58    0.00      0.00     0.00   0.00    0.00     0.00    0.00    0.00    0.00   2.00
loop0            0.00      0.00     0.00   0.00    0.00     0.00    0.00      0.00     0.00   0.00    0.00     0.00    0.00      0.00     0.00   0.00    0.00     0.00    0.00    0.00    0.00   0.00
loop1            0.00      0.00     0.00   0.00    0.00     0.00    0.00      0.00     0.00   0.00    0.00     0.00    0.00      0.00     0.00   0.00    0.00     0.00    0.00    0.00    0.00   0.00
loop2            0.00      0.00     0.00   0.00    0.00     0.00    0.00      0.00     0.00   0.00    0.00     0.00    0.00      0.00     0.00   0.00    0.00     0.00    0.00    0.00    0.00   0.00
loop3            0.00      0.00     0.00   0.00    0.00     0.00    0.00      0.00     0.00   0.00    0.00     0.00    0.00      0.00     0.00   0.00    0.00     0.00    0.00    0.00    0.00   0.00
loop4            0.00      0.00     0.00   0.00    0.00     0.00    0.00      0.00     0.00   0.00    0.00     0.00    0.00      0.00     0.00   0.00    0.00     0.00    0.00    0.00    0.00   0.00
loop5            0.00      0.00     0.00   0.00    0.00     0.00    0.00      0.00     0.00   0.00    0.00     0.00    0.00      0.00     0.00   0.00    0.00     0.00    0.00    0.00    0.00   0.00
loop6            0.00      0.00     0.00   0.00    0.00     0.00    0.00      0.00     0.00   0.00    0.00     0.00    0.00      0.00     0.00   0.00    0.00     0.00    0.00    0.00    0.00   0.00
sda              0.00      0.00     0.00   0.00    0.00     0.00   19.00    252.00    36.00  65.45    0.16    13.26    0.00      0.00     0.00   0.00    0.00     0.00    0.00    0.00    0.00   2.00
sdb              0.00      0.00     0.00   0.00    0.00     0.00 1148.00  28144.00   158.00  12.10    0.06    24.52    0.00      0.00     0.00   0.00    0.00     0.00    0.00    0.00    0.07  44.40


avg-cpu:  %user   %nice %system %iowait  %steal   %idle
           0.55    0.00    0.52    0.00    0.00   98.93

Device            r/s     rkB/s   rrqm/s  %rrqm r_await rareq-sz     w/s     wkB/s   wrqm/s  %wrqm w_await wareq-sz     d/s     dkB/s   drqm/s  %drqm d_await dareq-sz     f/s f_await  aqu-sz  %util
dm-0             0.00      0.00     0.00   0.00    0.00     0.00  733.00  15772.00     0.00   0.00    0.02    21.52    0.00      0.00     0.00   0.00    0.00     0.00    0.00    0.00    0.02  43.20
dm-1             0.00      0.00     0.00   0.00    0.00     0.00  727.00  15752.00     0.00   0.00    0.04    21.67    0.00      0.00     0.00   0.00    0.00     0.00    0.00    0.00    0.03  42.80
dm-2             0.00      0.00     0.00   0.00    0.00     0.00   98.00    420.00     0.00   0.00    0.20     4.29    0.00      0.00     0.00   0.00    0.00     0.00    0.00    0.00    0.02   0.80
loop0            0.00      0.00     0.00   0.00    0.00     0.00    0.00      0.00     0.00   0.00    0.00     0.00    0.00      0.00     0.00   0.00    0.00     0.00    0.00    0.00    0.00   0.00
loop1            0.00      0.00     0.00   0.00    0.00     0.00    0.00      0.00     0.00   0.00    0.00     0.00    0.00      0.00     0.00   0.00    0.00     0.00    0.00    0.00    0.00   0.00
loop2            0.00      0.00     0.00   0.00    0.00     0.00    0.00      0.00     0.00   0.00    0.00     0.00    0.00      0.00     0.00   0.00    0.00     0.00    0.00    0.00    0.00   0.00
loop3            0.00      0.00     0.00   0.00    0.00     0.00    0.00      0.00     0.00   0.00    0.00     0.00    0.00      0.00     0.00   0.00    0.00     0.00    0.00    0.00    0.00   0.00
loop4            0.00      0.00     0.00   0.00    0.00     0.00    0.00      0.00     0.00   0.00    0.00     0.00    0.00      0.00     0.00   0.00    0.00     0.00    0.00    0.00    0.00   0.00
loop5            0.00      0.00     0.00   0.00    0.00     0.00    0.00      0.00     0.00   0.00    0.00     0.00    0.00      0.00     0.00   0.00    0.00     0.00    0.00    0.00    0.00   0.00
loop6            0.00      0.00     0.00   0.00    0.00     0.00    0.00      0.00     0.00   0.00    0.00     0.00    0.00      0.00     0.00   0.00    0.00     0.00    0.00    0.00    0.00   0.00
sda              0.00      0.00     0.00   0.00    0.00     0.00   97.00    420.00     1.00   1.02    0.27     4.33    0.00      0.00     0.00   0.00    0.00     0.00    0.00    0.00    0.03   0.80
sdb              0.00      0.00     0.00   0.00    0.00     0.00 1282.00  31524.00   178.00  12.19    0.06    24.59    0.00      0.00     0.00   0.00    0.00     0.00    0.00    0.00    0.07  44.00


avg-cpu:  %user   %nice %system %iowait  %steal   %idle
           0.52    0.00    0.58    0.02    0.00   98.89

Device            r/s     rkB/s   rrqm/s  %rrqm r_await rareq-sz     w/s     wkB/s   wrqm/s  %wrqm w_await wareq-sz     d/s     dkB/s   drqm/s  %drqm d_await dareq-sz     f/s f_await  aqu-sz  %util
dm-0             0.00      0.00     0.00   0.00    0.00     0.00  760.00  16420.00     0.00   0.00    0.07    21.61    0.00      0.00     0.00   0.00    0.00     0.00    0.00    0.00    0.06  51.20
dm-1             0.00      0.00     0.00   0.00    0.00     0.00  760.00  16420.00     0.00   0.00    0.03    21.61    0.00      0.00     0.00   0.00    0.00     0.00    0.00    0.00    0.02  50.00
dm-2             0.00      0.00     0.00   0.00    0.00     0.00   55.00    240.00     0.00   0.00    0.00     4.36    0.00      0.00     0.00   0.00    0.00     0.00    0.00    0.00    0.00   2.80
loop0            0.00      0.00     0.00   0.00    0.00     0.00    0.00      0.00     0.00   0.00    0.00     0.00    0.00      0.00     0.00   0.00    0.00     0.00    0.00    0.00    0.00   0.00
loop1            0.00      0.00     0.00   0.00    0.00     0.00    0.00      0.00     0.00   0.00    0.00     0.00    0.00      0.00     0.00   0.00    0.00     0.00    0.00    0.00    0.00   0.00
loop2            0.00      0.00     0.00   0.00    0.00     0.00    0.00      0.00     0.00   0.00    0.00     0.00    0.00      0.00     0.00   0.00    0.00     0.00    0.00    0.00    0.00   0.00
loop3            0.00      0.00     0.00   0.00    0.00     0.00    0.00      0.00     0.00   0.00    0.00     0.00    0.00      0.00     0.00   0.00    0.00     0.00    0.00    0.00    0.00   0.00
loop4            0.00      0.00     0.00   0.00    0.00     0.00    0.00      0.00     0.00   0.00    0.00     0.00    0.00      0.00     0.00   0.00    0.00     0.00    0.00    0.00    0.00   0.00
loop5            0.00      0.00     0.00   0.00    0.00     0.00    0.00      0.00     0.00   0.00    0.00     0.00    0.00      0.00     0.00   0.00    0.00     0.00    0.00    0.00    0.00   0.00
loop6            0.00      0.00     0.00   0.00    0.00     0.00    0.00      0.00     0.00   0.00    0.00     0.00    0.00      0.00     0.00   0.00    0.00     0.00    0.00    0.00    0.00   0.00
sda              0.00      0.00     0.00   0.00    0.00     0.00   21.00    240.00    34.00  61.82    0.14    11.43    0.00      0.00     0.00   0.00    0.00     0.00    0.00    0.00    0.00   2.80
sdb              0.00      0.00     0.00   0.00    0.00     0.00 1333.00  32840.00   187.00  12.30    0.06    24.64    0.00      0.00     0.00   0.00    0.00     0.00    0.00    0.00    0.08  51.60


avg-cpu:  %user   %nice %system %iowait  %steal   %idle
           0.52    0.00    0.50    0.02    0.00   98.97

Device            r/s     rkB/s   rrqm/s  %rrqm r_await rareq-sz     w/s     wkB/s   wrqm/s  %wrqm w_await wareq-sz     d/s     dkB/s   drqm/s  %drqm d_await dareq-sz     f/s f_await  aqu-sz  %util
dm-0             0.00      0.00     0.00   0.00    0.00     0.00  680.00  14600.00     0.00   0.00    0.02    21.47    0.00      0.00     0.00   0.00    0.00     0.00    0.00    0.00    0.02  44.00
dm-1             0.00      0.00     0.00   0.00    0.00     0.00  673.00  14332.00     0.00   0.00    0.03    21.30    0.00      0.00     0.00   0.00    0.00     0.00    0.00    0.00    0.02  44.80
dm-2             0.00      0.00     0.00   0.00    0.00     0.00   10.00     40.00     0.00   0.00    0.00     4.00    0.00      0.00     0.00   0.00    0.00     0.00    0.00    0.00    0.00   0.40
loop0            0.00      0.00     0.00   0.00    0.00     0.00    0.00      0.00     0.00   0.00    0.00     0.00    0.00      0.00     0.00   0.00    0.00     0.00    0.00    0.00    0.00   0.00
loop1            0.00      0.00     0.00   0.00    0.00     0.00    0.00      0.00     0.00   0.00    0.00     0.00    0.00      0.00     0.00   0.00    0.00     0.00    0.00    0.00    0.00   0.00
loop2            0.00      0.00     0.00   0.00    0.00     0.00    0.00      0.00     0.00   0.00    0.00     0.00    0.00      0.00     0.00   0.00    0.00     0.00    0.00    0.00    0.00   0.00
loop3            0.00      0.00     0.00   0.00    0.00     0.00    0.00      0.00     0.00   0.00    0.00     0.00    0.00      0.00     0.00   0.00    0.00     0.00    0.00    0.00    0.00   0.00
loop4            0.00      0.00     0.00   0.00    0.00     0.00    0.00      0.00     0.00   0.00    0.00     0.00    0.00      0.00     0.00   0.00    0.00     0.00    0.00    0.00    0.00   0.00
loop5            0.00      0.00     0.00   0.00    0.00     0.00    0.00      0.00     0.00   0.00    0.00     0.00    0.00      0.00     0.00   0.00    0.00     0.00    0.00    0.00    0.00   0.00
loop6            0.00      0.00     0.00   0.00    0.00     0.00    0.00      0.00     0.00   0.00    0.00     0.00    0.00      0.00     0.00   0.00    0.00     0.00    0.00    0.00    0.00   0.00
sda              0.00      0.00     0.00   0.00    0.00     0.00   10.00     40.00     0.00   0.00    1.30     4.00    0.00      0.00     0.00   0.00    0.00     0.00    0.00    0.00    0.01   0.40
sdb              0.00      0.00     0.00   0.00    0.00     0.00 1194.00  28932.00   159.00  11.75    0.06    24.23    0.00      0.00     0.00   0.00    0.00     0.00    0.00    0.00    0.07  45.20


avg-cpu:  %user   %nice %system %iowait  %steal   %idle
           0.55    0.00    0.50    0.02    0.00   98.93

Device            r/s     rkB/s   rrqm/s  %rrqm r_await rareq-sz     w/s     wkB/s   wrqm/s  %wrqm w_await wareq-sz     d/s     dkB/s   drqm/s  %drqm d_await dareq-sz     f/s f_await  aqu-sz  %util
dm-0             0.00      0.00     0.00   0.00    0.00     0.00  772.00  16532.00     0.00   0.00    0.04    21.41    0.00      0.00     0.00   0.00    0.00     0.00    0.00    0.00    0.03  49.60
dm-1             0.00      0.00     0.00   0.00    0.00     0.00  777.00  16788.00     0.00   0.00    0.05    21.61    0.00      0.00     0.00   0.00    0.00     0.00    0.00    0.00    0.04  51.60
dm-2             0.00      0.00     0.00   0.00    0.00     0.00   51.00    224.00     0.00   0.00    0.00     4.39    0.00      0.00     0.00   0.00    0.00     0.00    0.00    0.00    0.00   1.60
loop0            0.00      0.00     0.00   0.00    0.00     0.00    0.00      0.00     0.00   0.00    0.00     0.00    0.00      0.00     0.00   0.00    0.00     0.00    0.00    0.00    0.00   0.00
loop1            0.00      0.00     0.00   0.00    0.00     0.00    0.00      0.00     0.00   0.00    0.00     0.00    0.00      0.00     0.00   0.00    0.00     0.00    0.00    0.00    0.00   0.00
loop2            0.00      0.00     0.00   0.00    0.00     0.00    0.00      0.00     0.00   0.00    0.00     0.00    0.00      0.00     0.00   0.00    0.00     0.00    0.00    0.00    0.00   0.00
loop3            0.00      0.00     0.00   0.00    0.00     0.00    0.00      0.00     0.00   0.00    0.00     0.00    0.00      0.00     0.00   0.00    0.00     0.00    0.00    0.00    0.00   0.00
loop4            0.00      0.00     0.00   0.00    0.00     0.00    0.00      0.00     0.00   0.00    0.00     0.00    0.00      0.00     0.00   0.00    0.00     0.00    0.00    0.00    0.00   0.00
loop5            0.00      0.00     0.00   0.00    0.00     0.00    0.00      0.00     0.00   0.00    0.00     0.00    0.00      0.00     0.00   0.00    0.00     0.00    0.00    0.00    0.00   0.00
loop6            0.00      0.00     0.00   0.00    0.00     0.00    0.00      0.00     0.00   0.00    0.00     0.00    0.00      0.00     0.00   0.00    0.00     0.00    0.00    0.00    0.00   0.00
sda              0.00      0.00     0.00   0.00    0.00     0.00   17.00    224.00    34.00  66.67    0.12    13.18    0.00      0.00     0.00   0.00    0.00     0.00    0.00    0.00    0.00   1.60
sdb              0.00      0.00     0.00   0.00    0.00     0.00 1360.00  33320.00   189.00  12.20    0.06    24.50    0.00      0.00     0.00   0.00    0.00     0.00    0.00    0.00    0.08  53.60


avg-cpu:  %user   %nice %system %iowait  %steal   %idle
           0.47    0.00    0.60    0.02    0.00   98.92

Device            r/s     rkB/s   rrqm/s  %rrqm r_await rareq-sz     w/s     wkB/s   wrqm/s  %wrqm w_await wareq-sz     d/s     dkB/s   drqm/s  %drqm d_await dareq-sz     f/s f_await  aqu-sz  %util
dm-0             0.00      0.00     0.00   0.00    0.00     0.00  763.00  16312.00     0.00   0.00    0.04    21.38    0.00      0.00     0.00   0.00    0.00     0.00    0.00    0.00    0.03  44.80
dm-1             0.00      0.00     0.00   0.00    0.00     0.00  746.00  16128.00     0.00   0.00    0.05    21.62    0.00      0.00     0.00   0.00    0.00     0.00    0.00    0.00    0.04  43.20
dm-2           254.00   1604.00     0.00   0.00    0.50     6.31   30.00    120.00     0.00   0.00    0.00     4.00    0.00      0.00     0.00   0.00    0.00     0.00    0.00    0.00    0.13   6.00
loop0            0.00      0.00     0.00   0.00    0.00     0.00    0.00      0.00     0.00   0.00    0.00     0.00    0.00      0.00     0.00   0.00    0.00     0.00    0.00    0.00    0.00   0.00
loop1            0.00      0.00     0.00   0.00    0.00     0.00    0.00      0.00     0.00   0.00    0.00     0.00    0.00      0.00     0.00   0.00    0.00     0.00    0.00    0.00    0.00   0.00
loop2            0.00      0.00     0.00   0.00    0.00     0.00    0.00      0.00     0.00   0.00    0.00     0.00    0.00      0.00     0.00   0.00    0.00     0.00    0.00    0.00    0.00   0.00
loop3            0.00      0.00     0.00   0.00    0.00     0.00    0.00      0.00     0.00   0.00    0.00     0.00    0.00      0.00     0.00   0.00    0.00     0.00    0.00    0.00    0.00   0.00
loop4            0.00      0.00     0.00   0.00    0.00     0.00    0.00      0.00     0.00   0.00    0.00     0.00    0.00      0.00     0.00   0.00    0.00     0.00    0.00    0.00    0.00   0.00
loop5            0.00      0.00     0.00   0.00    0.00     0.00    0.00      0.00     0.00   0.00    0.00     0.00    0.00      0.00     0.00   0.00    0.00     0.00    0.00    0.00    0.00   0.00
loop6            0.00      0.00     0.00   0.00    0.00     0.00    0.00      0.00     0.00   0.00    0.00     0.00    0.00      0.00     0.00   0.00    0.00     0.00    0.00    0.00    0.00   0.00
sda             80.00   1604.00   174.00  68.50    0.19    20.05   11.00    120.00    19.00  63.33    0.00    10.91    0.00      0.00     0.00   0.00    0.00     0.00    0.00    0.00    0.02   6.00
sdb              0.00      0.00     0.00   0.00    0.00     0.00 1325.00  32440.00   184.00  12.19    0.06    24.48    0.00      0.00     0.00   0.00    0.00     0.00    0.00    0.00    0.08  45.60


avg-cpu:  %user   %nice %system %iowait  %steal   %idle
           0.83    0.00    0.72    0.57    0.00   97.88

Device            r/s     rkB/s   rrqm/s  %rrqm r_await rareq-sz     w/s     wkB/s   wrqm/s  %wrqm w_await wareq-sz     d/s     dkB/s   drqm/s  %drqm d_await dareq-sz     f/s f_await  aqu-sz  %util
dm-0             0.00      0.00     0.00   0.00    0.00     0.00  680.00  14660.00     0.00   0.00    0.04    21.56    0.00      0.00     0.00   0.00    0.00     0.00    0.00    0.00    0.03  42.00
dm-1             0.00      0.00     0.00   0.00    0.00     0.00  675.00  14580.00     0.00   0.00    0.06    21.60    0.00      0.00     0.00   0.00    0.00     0.00    0.00    0.00    0.04  42.40
dm-2          1022.00  52996.00     0.00   0.00    0.67    51.86  154.00    676.00     0.00   0.00    0.78     4.39    0.00      0.00     0.00   0.00    0.00     0.00    0.00    0.00    0.81  63.60
loop0            0.00      0.00     0.00   0.00    0.00     0.00    0.00      0.00     0.00   0.00    0.00     0.00    0.00      0.00     0.00   0.00    0.00     0.00    0.00    0.00    0.00   0.00
loop1            0.00      0.00     0.00   0.00    0.00     0.00    0.00      0.00     0.00   0.00    0.00     0.00    0.00      0.00     0.00   0.00    0.00     0.00    0.00    0.00    0.00   0.00
loop2            0.00      0.00     0.00   0.00    0.00     0.00    0.00      0.00     0.00   0.00    0.00     0.00    0.00      0.00     0.00   0.00    0.00     0.00    0.00    0.00    0.00   0.00
loop3            0.00      0.00     0.00   0.00    0.00     0.00    0.00      0.00     0.00   0.00    0.00     0.00    0.00      0.00     0.00   0.00    0.00     0.00    0.00    0.00    0.00   0.00
loop4            0.00      0.00     0.00   0.00    0.00     0.00    0.00      0.00     0.00   0.00    0.00     0.00    0.00      0.00     0.00   0.00    0.00     0.00    0.00    0.00    0.00   0.00
loop5            0.00      0.00     0.00   0.00    0.00     0.00    0.00      0.00     0.00   0.00    0.00     0.00    0.00      0.00     0.00   0.00    0.00     0.00    0.00    0.00    0.00   0.00
loop6            0.00      0.00     0.00   0.00    0.00     0.00    0.00      0.00     0.00   0.00    0.00     0.00    0.00      0.00     0.00   0.00    0.00     0.00    0.00    0.00    0.00   0.00
sda            824.00  52996.00   198.00  19.37    0.67    64.32  111.00    676.00    43.00  27.92    1.18     6.09    0.00      0.00     0.00   0.00    0.00     0.00    0.00    0.00    0.68  63.60
sdb              0.00      0.00     0.00   0.00    0.00     0.00 1189.00  29240.00   166.00  12.25    0.06    24.59    0.00      0.00     0.00   0.00    0.00     0.00    0.00    0.00    0.07  44.80


avg-cpu:  %user   %nice %system %iowait  %steal   %idle
           0.74    0.00    0.67    0.02    0.00   98.57

Device            r/s     rkB/s   rrqm/s  %rrqm r_await rareq-sz     w/s     wkB/s   wrqm/s  %wrqm w_await wareq-sz     d/s     dkB/s   drqm/s  %drqm d_await dareq-sz     f/s f_await  aqu-sz  %util
dm-0             0.00      0.00     0.00   0.00    0.00     0.00  744.00  16176.00     0.00   0.00    0.07    21.74    0.00      0.00     0.00   0.00    0.00     0.00    0.00    0.00    0.05  45.20
dm-1             0.00      0.00     0.00   0.00    0.00     0.00  765.00  16380.00     0.00   0.00    0.05    21.41    0.00      0.00     0.00   0.00    0.00     0.00    0.00    0.00    0.04  45.60
dm-2             2.00    132.00     0.00   0.00    0.00    66.00    5.00     20.00     0.00   0.00    0.00     4.00    0.00      0.00     0.00   0.00    0.00     0.00    0.00    0.00    0.00   1.20
loop0            0.00      0.00     0.00   0.00    0.00     0.00    0.00      0.00     0.00   0.00    0.00     0.00    0.00      0.00     0.00   0.00    0.00     0.00    0.00    0.00    0.00   0.00
loop1            0.00      0.00     0.00   0.00    0.00     0.00    0.00      0.00     0.00   0.00    0.00     0.00    0.00      0.00     0.00   0.00    0.00     0.00    0.00    0.00    0.00   0.00
loop2            0.00      0.00     0.00   0.00    0.00     0.00    0.00      0.00     0.00   0.00    0.00     0.00    0.00      0.00     0.00   0.00    0.00     0.00    0.00    0.00    0.00   0.00
loop3            0.00      0.00     0.00   0.00    0.00     0.00    0.00      0.00     0.00   0.00    0.00     0.00    0.00      0.00     0.00   0.00    0.00     0.00    0.00    0.00    0.00   0.00
loop4            0.00      0.00     0.00   0.00    0.00     0.00    0.00      0.00     0.00   0.00    0.00     0.00    0.00      0.00     0.00   0.00    0.00     0.00    0.00    0.00    0.00   0.00
loop5            0.00      0.00     0.00   0.00    0.00     0.00    0.00      0.00     0.00   0.00    0.00     0.00    0.00      0.00     0.00   0.00    0.00     0.00    0.00    0.00    0.00   0.00
loop6            0.00      0.00     0.00   0.00    0.00     0.00    0.00      0.00     0.00   0.00    0.00     0.00    0.00      0.00     0.00   0.00    0.00     0.00    0.00    0.00    0.00   0.00
sda              2.00    132.00     0.00   0.00    0.50    66.00    3.00     20.00     2.00  40.00    0.00     6.67    0.00      0.00     0.00   0.00    0.00     0.00    0.00    0.00    0.00   1.20
sdb              0.00      0.00     0.00   0.00    0.00     0.00 1326.00  32544.00   181.00  12.01    0.06    24.54    0.00      0.00     0.00   0.00    0.00     0.00    0.00    0.00    0.08  47.20


avg-cpu:  %user   %nice %system %iowait  %steal   %idle
           0.47    0.00    0.47    0.02    0.00   99.04

Device            r/s     rkB/s   rrqm/s  %rrqm r_await rareq-sz     w/s     wkB/s   wrqm/s  %wrqm w_await wareq-sz     d/s     dkB/s   drqm/s  %drqm d_await dareq-sz     f/s f_await  aqu-sz  %util
dm-0             0.00      0.00     0.00   0.00    0.00     0.00  678.00  14476.00     0.00   0.00    0.08    21.35    0.00      0.00     0.00   0.00    0.00     0.00    0.00    0.00    0.06  44.40
dm-1             0.00      0.00     0.00   0.00    0.00     0.00  686.00  14564.00     0.00   0.00    0.02    21.23    0.00      0.00     0.00   0.00    0.00     0.00    0.00    0.00    0.01  43.60
dm-2             0.00      0.00     0.00   0.00    0.00     0.00   52.00    228.00     0.00   0.00    0.00     4.38    0.00      0.00     0.00   0.00    0.00     0.00    0.00    0.00    0.00   2.00
loop0            0.00      0.00     0.00   0.00    0.00     0.00    0.00      0.00     0.00   0.00    0.00     0.00    0.00      0.00     0.00   0.00    0.00     0.00    0.00    0.00    0.00   0.00
loop1            0.00      0.00     0.00   0.00    0.00     0.00    0.00      0.00     0.00   0.00    0.00     0.00    0.00      0.00     0.00   0.00    0.00     0.00    0.00    0.00    0.00   0.00
loop2            0.00      0.00     0.00   0.00    0.00     0.00    0.00      0.00     0.00   0.00    0.00     0.00    0.00      0.00     0.00   0.00    0.00     0.00    0.00    0.00    0.00   0.00
loop3            0.00      0.00     0.00   0.00    0.00     0.00    0.00      0.00     0.00   0.00    0.00     0.00    0.00      0.00     0.00   0.00    0.00     0.00    0.00    0.00    0.00   0.00
loop4            0.00      0.00     0.00   0.00    0.00     0.00    0.00      0.00     0.00   0.00    0.00     0.00    0.00      0.00     0.00   0.00    0.00     0.00    0.00    0.00    0.00   0.00
loop5            0.00      0.00     0.00   0.00    0.00     0.00    0.00      0.00     0.00   0.00    0.00     0.00    0.00      0.00     0.00   0.00    0.00     0.00    0.00    0.00    0.00   0.00
loop6            0.00      0.00     0.00   0.00    0.00     0.00    0.00      0.00     0.00   0.00    0.00     0.00    0.00      0.00     0.00   0.00    0.00     0.00    0.00    0.00    0.00   0.00
sda              0.00      0.00     0.00   0.00    0.00     0.00   18.00    228.00    34.00  65.38    0.22    12.67    0.00      0.00     0.00   0.00    0.00     0.00    0.00    0.00    0.00   2.00
sdb              0.00      0.00     0.00   0.00    0.00     0.00 1201.00  29052.00   165.00  12.08    0.06    24.19    0.00      0.00     0.00   0.00    0.00     0.00    0.00    0.00    0.07  46.00


avg-cpu:  %user   %nice %system %iowait  %steal   %idle
           0.55    0.00    0.61    0.09    0.00   98.74

Device            r/s     rkB/s   rrqm/s  %rrqm r_await rareq-sz     w/s     wkB/s   wrqm/s  %wrqm w_await wareq-sz     d/s     dkB/s   drqm/s  %drqm d_await dareq-sz     f/s f_await  aqu-sz  %util
dm-0             0.00      0.00     0.00   0.00    0.00     0.00  776.00  17084.00     0.00   0.00    0.19    22.02    0.00      0.00     0.00   0.00    0.00     0.00    0.00    0.00    0.15  51.20
dm-1             0.00      0.00     0.00   0.00    0.00     0.00  771.00  17064.00     0.00   0.00    0.26    22.13    0.00      0.00     0.00   0.00    0.00     0.00    0.00    0.00    0.20  49.20
dm-2             0.00      0.00     0.00   0.00    0.00     0.00   16.00     64.00     0.00   0.00    0.00     4.00    0.00      0.00     0.00   0.00    0.00     0.00    0.00    0.00    0.00   0.40
loop0            0.00      0.00     0.00   0.00    0.00     0.00    0.00      0.00     0.00   0.00    0.00     0.00    0.00      0.00     0.00   0.00    0.00     0.00    0.00    0.00    0.00   0.00
loop1            0.00      0.00     0.00   0.00    0.00     0.00    0.00      0.00     0.00   0.00    0.00     0.00    0.00      0.00     0.00   0.00    0.00     0.00    0.00    0.00    0.00   0.00
loop2            0.00      0.00     0.00   0.00    0.00     0.00    0.00      0.00     0.00   0.00    0.00     0.00    0.00      0.00     0.00   0.00    0.00     0.00    0.00    0.00    0.00   0.00
loop3            0.00      0.00     0.00   0.00    0.00     0.00    0.00      0.00     0.00   0.00    0.00     0.00    0.00      0.00     0.00   0.00    0.00     0.00    0.00    0.00    0.00   0.00
loop4            0.00      0.00     0.00   0.00    0.00     0.00    0.00      0.00     0.00   0.00    0.00     0.00    0.00      0.00     0.00   0.00    0.00     0.00    0.00    0.00    0.00   0.00
loop5            0.00      0.00     0.00   0.00    0.00     0.00    0.00      0.00     0.00   0.00    0.00     0.00    0.00      0.00     0.00   0.00    0.00     0.00    0.00    0.00    0.00   0.00
loop6            0.00      0.00     0.00   0.00    0.00     0.00    0.00      0.00     0.00   0.00    0.00     0.00    0.00      0.00     0.00   0.00    0.00     0.00    0.00    0.00    0.00   0.00
sda              0.00      0.00     0.00   0.00    0.00     0.00   15.00     64.00     1.00   6.25    0.73     4.27    0.00      0.00     0.00   0.00    0.00     0.00    0.00    0.00    0.01   0.40
sdb              0.00      0.00     0.00   0.00    0.00     0.00 1354.00  33876.00   187.00  12.13    0.24    25.02    0.00      0.00     0.00   0.00    0.00     0.00    0.00    0.00    0.32  52.00


avg-cpu:  %user   %nice %system %iowait  %steal   %idle
           0.41    0.00    0.35    0.74    0.00   98.51

Device            r/s     rkB/s   rrqm/s  %rrqm r_await rareq-sz     w/s     wkB/s   wrqm/s  %wrqm w_await wareq-sz     d/s     dkB/s   drqm/s  %drqm d_await dareq-sz     f/s f_await  aqu-sz  %util
dm-0             0.00      0.00     0.00   0.00    0.00     0.00  505.00  13720.00     0.00   0.00    6.93    27.17    0.00      0.00     0.00   0.00    0.00     0.00    0.00    0.00    3.50  62.40
dm-1             0.00      0.00     0.00   0.00    0.00     0.00  510.00  13744.00     0.00   0.00    7.40    26.95    0.00      0.00     0.00   0.00    0.00     0.00    0.00    0.00    3.78  61.60
dm-2             0.00      0.00     0.00   0.00    0.00     0.00   50.00    216.00     0.00   0.00    0.32     4.32    0.00      0.00     0.00   0.00    0.00     0.00    0.00    0.00    0.02   2.40
loop0            0.00      0.00     0.00   0.00    0.00     0.00    0.00      0.00     0.00   0.00    0.00     0.00    0.00      0.00     0.00   0.00    0.00     0.00    0.00    0.00    0.00   0.00
loop1            0.00      0.00     0.00   0.00    0.00     0.00    0.00      0.00     0.00   0.00    0.00     0.00    0.00      0.00     0.00   0.00    0.00     0.00    0.00    0.00    0.00   0.00
loop2            0.00      0.00     0.00   0.00    0.00     0.00    0.00      0.00     0.00   0.00    0.00     0.00    0.00      0.00     0.00   0.00    0.00     0.00    0.00    0.00    0.00   0.00
loop3            0.00      0.00     0.00   0.00    0.00     0.00    0.00      0.00     0.00   0.00    0.00     0.00    0.00      0.00     0.00   0.00    0.00     0.00    0.00    0.00    0.00   0.00
loop4            0.00      0.00     0.00   0.00    0.00     0.00    0.00      0.00     0.00   0.00    0.00     0.00    0.00      0.00     0.00   0.00    0.00     0.00    0.00    0.00    0.00   0.00
loop5            0.00      0.00     0.00   0.00    0.00     0.00    0.00      0.00     0.00   0.00    0.00     0.00    0.00      0.00     0.00   0.00    0.00     0.00    0.00    0.00    0.00   0.00
loop6            0.00      0.00     0.00   0.00    0.00     0.00    0.00      0.00     0.00   0.00    0.00     0.00    0.00      0.00     0.00   0.00    0.00     0.00    0.00    0.00    0.00   0.00
sda              0.00      0.00     0.00   0.00    0.00     0.00   17.00    216.00    33.00  66.00    0.35    12.71    0.00      0.00     0.00   0.00    0.00     0.00    0.00    0.00    0.01   2.40
sdb              0.00      0.00     0.00   0.00    0.00     0.00  853.00  27736.00   168.00  16.45    6.86    32.52    0.00      0.00     0.00   0.00    0.00     0.00    0.00    0.00    5.86  63.60


avg-cpu:  %user   %nice %system %iowait  %steal   %idle
           0.49    0.00    0.45    0.02    0.00   99.04

Device            r/s     rkB/s   rrqm/s  %rrqm r_await rareq-sz     w/s     wkB/s   wrqm/s  %wrqm w_await wareq-sz     d/s     dkB/s   drqm/s  %drqm d_await dareq-sz     f/s f_await  aqu-sz  %util
dm-0             0.00      0.00     0.00   0.00    0.00     0.00  654.00  14076.00     0.00   0.00    0.06    21.52    0.00      0.00     0.00   0.00    0.00     0.00    0.00    0.00    0.04  42.00
dm-1             0.00      0.00     0.00   0.00    0.00     0.00  654.00  13956.00     0.00   0.00    0.06    21.34    0.00      0.00     0.00   0.00    0.00     0.00    0.00    0.00    0.04  41.60
dm-2             0.00      0.00     0.00   0.00    0.00     0.00   75.00    324.00     0.00   0.00    0.00     4.32    0.00      0.00     0.00   0.00    0.00     0.00    0.00    0.00    0.00   0.80
loop0            0.00      0.00     0.00   0.00    0.00     0.00    0.00      0.00     0.00   0.00    0.00     0.00    0.00      0.00     0.00   0.00    0.00     0.00    0.00    0.00    0.00   0.00
loop1            0.00      0.00     0.00   0.00    0.00     0.00    0.00      0.00     0.00   0.00    0.00     0.00    0.00      0.00     0.00   0.00    0.00     0.00    0.00    0.00    0.00   0.00
loop2            0.00      0.00     0.00   0.00    0.00     0.00    0.00      0.00     0.00   0.00    0.00     0.00    0.00      0.00     0.00   0.00    0.00     0.00    0.00    0.00    0.00   0.00
loop3            0.00      0.00     0.00   0.00    0.00     0.00    0.00      0.00     0.00   0.00    0.00     0.00    0.00      0.00     0.00   0.00    0.00     0.00    0.00    0.00    0.00   0.00
loop4            0.00      0.00     0.00   0.00    0.00     0.00    0.00      0.00     0.00   0.00    0.00     0.00    0.00      0.00     0.00   0.00    0.00     0.00    0.00    0.00    0.00   0.00
loop5            0.00      0.00     0.00   0.00    0.00     0.00    0.00      0.00     0.00   0.00    0.00     0.00    0.00      0.00     0.00   0.00    0.00     0.00    0.00    0.00    0.00   0.00
loop6            0.00      0.00     0.00   0.00    0.00     0.00    0.00      0.00     0.00   0.00    0.00     0.00    0.00      0.00     0.00   0.00    0.00     0.00    0.00    0.00    0.00   0.00
sda              0.00      0.00     0.00   0.00    0.00     0.00   74.00    324.00     1.00   1.33    1.70     4.38    0.00      0.00     0.00   0.00    0.00     0.00    0.00    0.00    0.13   0.80
sdb              0.00      0.00     0.00   0.00    0.00     0.00 1153.00  27968.00   154.00  11.78    0.06    24.26    0.00      0.00     0.00   0.00    0.00     0.00    0.00    0.00    0.07  42.80


avg-cpu:  %user   %nice %system %iowait  %steal   %idle
           0.46    0.00    0.53    0.06    0.00   98.95

Device            r/s     rkB/s   rrqm/s  %rrqm r_await rareq-sz     w/s     wkB/s   wrqm/s  %wrqm w_await wareq-sz     d/s     dkB/s   drqm/s  %drqm d_await dareq-sz     f/s f_await  aqu-sz  %util
dm-0             0.00      0.00     0.00   0.00    0.00     0.00  756.00  16464.00     0.00   0.00    0.24    21.78    0.00      0.00     0.00   0.00    0.00     0.00    0.00    0.00    0.18  52.40
dm-1             0.00      0.00     0.00   0.00    0.00     0.00  751.00  16564.00     0.00   0.00    0.23    22.06    0.00      0.00     0.00   0.00    0.00     0.00    0.00    0.00    0.17  52.00
dm-2             0.00      0.00     0.00   0.00    0.00     0.00   59.00    268.00     0.00   0.00    0.00     4.54    0.00      0.00     0.00   0.00    0.00     0.00    0.00    0.00    0.00   2.00
loop0            0.00      0.00     0.00   0.00    0.00     0.00    0.00      0.00     0.00   0.00    0.00     0.00    0.00      0.00     0.00   0.00    0.00     0.00    0.00    0.00    0.00   0.00
loop1            0.00      0.00     0.00   0.00    0.00     0.00    0.00      0.00     0.00   0.00    0.00     0.00    0.00      0.00     0.00   0.00    0.00     0.00    0.00    0.00    0.00   0.00
loop2            0.00      0.00     0.00   0.00    0.00     0.00    0.00      0.00     0.00   0.00    0.00     0.00    0.00      0.00     0.00   0.00    0.00     0.00    0.00    0.00    0.00   0.00
loop3            0.00      0.00     0.00   0.00    0.00     0.00    0.00      0.00     0.00   0.00    0.00     0.00    0.00      0.00     0.00   0.00    0.00     0.00    0.00    0.00    0.00   0.00
loop4            0.00      0.00     0.00   0.00    0.00     0.00    0.00      0.00     0.00   0.00    0.00     0.00    0.00      0.00     0.00   0.00    0.00     0.00    0.00    0.00    0.00   0.00
loop5            0.00      0.00     0.00   0.00    0.00     0.00    0.00      0.00     0.00   0.00    0.00     0.00    0.00      0.00     0.00   0.00    0.00     0.00    0.00    0.00    0.00   0.00
loop6            0.00      0.00     0.00   0.00    0.00     0.00    0.00      0.00     0.00   0.00    0.00     0.00    0.00      0.00     0.00   0.00    0.00     0.00    0.00    0.00    0.00   0.00
sda              0.00      0.00     0.00   0.00    0.00     0.00   21.00    268.00    38.00  64.41    0.14    12.76    0.00      0.00     0.00   0.00    0.00     0.00    0.00    0.00    0.00   2.00
sdb              0.00      0.00     0.00   0.00    0.00     0.00 1320.00  32892.00   183.00  12.18    0.25    24.92    0.00      0.00     0.00   0.00    0.00     0.00    0.00    0.00    0.33  54.00


avg-cpu:  %user   %nice %system %iowait  %steal   %idle
           0.49    0.00    0.45    1.27    0.00   97.79

Device            r/s     rkB/s   rrqm/s  %rrqm r_await rareq-sz     w/s     wkB/s   wrqm/s  %wrqm w_await wareq-sz     d/s     dkB/s   drqm/s  %drqm d_await dareq-sz     f/s f_await  aqu-sz  %util
dm-0             0.00      0.00     0.00   0.00    0.00     0.00  392.00  15248.00     0.00   0.00   42.59    38.90    0.00      0.00     0.00   0.00    0.00     0.00    0.00    0.00   16.70  86.40
dm-1             0.00      0.00     0.00   0.00    0.00     0.00  378.00  15192.00     0.00   0.00   45.90    40.19    0.00      0.00     0.00   0.00    0.00     0.00    0.00    0.00   17.35  85.60
dm-2             0.00      0.00     0.00   0.00    0.00     0.00    0.00      0.00     0.00   0.00    0.00     0.00    0.00      0.00     0.00   0.00    0.00     0.00    0.00    0.00    0.00   0.00
loop0            0.00      0.00     0.00   0.00    0.00     0.00    0.00      0.00     0.00   0.00    0.00     0.00    0.00      0.00     0.00   0.00    0.00     0.00    0.00    0.00    0.00   0.00
loop1            0.00      0.00     0.00   0.00    0.00     0.00    0.00      0.00     0.00   0.00    0.00     0.00    0.00      0.00     0.00   0.00    0.00     0.00    0.00    0.00    0.00   0.00
loop2            0.00      0.00     0.00   0.00    0.00     0.00    0.00      0.00     0.00   0.00    0.00     0.00    0.00      0.00     0.00   0.00    0.00     0.00    0.00    0.00    0.00   0.00
loop3            0.00      0.00     0.00   0.00    0.00     0.00    0.00      0.00     0.00   0.00    0.00     0.00    0.00      0.00     0.00   0.00    0.00     0.00    0.00    0.00    0.00   0.00
loop4            0.00      0.00     0.00   0.00    0.00     0.00    0.00      0.00     0.00   0.00    0.00     0.00    0.00      0.00     0.00   0.00    0.00     0.00    0.00    0.00    0.00   0.00
loop5            0.00      0.00     0.00   0.00    0.00     0.00    0.00      0.00     0.00   0.00    0.00     0.00    0.00      0.00     0.00   0.00    0.00     0.00    0.00    0.00    0.00   0.00
loop6            0.00      0.00     0.00   0.00    0.00     0.00    0.00      0.00     0.00   0.00    0.00     0.00    0.00      0.00     0.00   0.00    0.00     0.00    0.00    0.00    0.00   0.00
sda              0.00      0.00     0.00   0.00    0.00     0.00    0.00      0.00     0.00   0.00    0.00     0.00    0.00      0.00     0.00   0.00    0.00     0.00    0.00    0.00    0.00   0.00
sdb              0.00      0.00     0.00   0.00    0.00     0.00  542.00  26336.00   165.00  23.34   47.75    48.59    0.00      0.00     0.00   0.00    0.00     0.00    0.00    0.00   25.88  88.40


avg-cpu:  %user   %nice %system %iowait  %steal   %idle
           0.44    0.00    0.42    1.14    0.00   97.99

Device            r/s     rkB/s   rrqm/s  %rrqm r_await rareq-sz     w/s     wkB/s   wrqm/s  %wrqm w_await wareq-sz     d/s     dkB/s   drqm/s  %drqm d_await dareq-sz     f/s f_await  aqu-sz  %util
dm-0             0.00      0.00     0.00   0.00    0.00     0.00  366.00  13104.00     0.00   0.00   54.95    35.80    0.00      0.00     0.00   0.00    0.00     0.00    0.00    0.00   20.11  90.00
dm-1             0.00      0.00     0.00   0.00    0.00     0.00  366.00  13104.00     0.00   0.00   50.09    35.80    0.00      0.00     0.00   0.00    0.00     0.00    0.00    0.00   18.33  90.80
dm-2             0.00      0.00     0.00   0.00    0.00     0.00   51.00    224.00     0.00   0.00    1.49     4.39    0.00      0.00     0.00   0.00    0.00     0.00    0.00    0.00    0.08   4.80
loop0            0.00      0.00     0.00   0.00    0.00     0.00    0.00      0.00     0.00   0.00    0.00     0.00    0.00      0.00     0.00   0.00    0.00     0.00    0.00    0.00    0.00   0.00
loop1            0.00      0.00     0.00   0.00    0.00     0.00    0.00      0.00     0.00   0.00    0.00     0.00    0.00      0.00     0.00   0.00    0.00     0.00    0.00    0.00    0.00   0.00
loop2            0.00      0.00     0.00   0.00    0.00     0.00    0.00      0.00     0.00   0.00    0.00     0.00    0.00      0.00     0.00   0.00    0.00     0.00    0.00    0.00    0.00   0.00
loop3            0.00      0.00     0.00   0.00    0.00     0.00    0.00      0.00     0.00   0.00    0.00     0.00    0.00      0.00     0.00   0.00    0.00     0.00    0.00    0.00    0.00   0.00
loop4            0.00      0.00     0.00   0.00    0.00     0.00    0.00      0.00     0.00   0.00    0.00     0.00    0.00      0.00     0.00   0.00    0.00     0.00    0.00    0.00    0.00   0.00
loop5            0.00      0.00     0.00   0.00    0.00     0.00    0.00      0.00     0.00   0.00    0.00     0.00    0.00      0.00     0.00   0.00    0.00     0.00    0.00    0.00    0.00   0.00
loop6            0.00      0.00     0.00   0.00    0.00     0.00    0.00      0.00     0.00   0.00    0.00     0.00    0.00      0.00     0.00   0.00    0.00     0.00    0.00    0.00    0.00   0.00
sda              0.00      0.00     0.00   0.00    0.00     0.00   18.00    224.00    33.00  64.71    1.11    12.44    0.00      0.00     0.00   0.00    0.00     0.00    0.00    0.00    0.02   4.80
sdb              0.00      0.00     0.00   0.00    0.00     0.00  595.00  29136.00   182.00  23.42   51.66    48.97    0.00      0.00     0.00   0.00    0.00     0.00    0.00    0.00   30.74  91.60


avg-cpu:  %user   %nice %system %iowait  %steal   %idle
           0.41    0.00    0.44    0.44    0.00   98.71

Device            r/s     rkB/s   rrqm/s  %rrqm r_await rareq-sz     w/s     wkB/s   wrqm/s  %wrqm w_await wareq-sz     d/s     dkB/s   drqm/s  %drqm d_await dareq-sz     f/s f_await  aqu-sz  %util
dm-0             0.00      0.00     0.00   0.00    0.00     0.00  547.00  13048.00     0.00   0.00    3.32    23.85    0.00      0.00     0.00   0.00    0.00     0.00    0.00    0.00    1.82  52.00
dm-1             0.00      0.00     0.00   0.00    0.00     0.00  549.00  13056.00     0.00   0.00    3.80    23.78    0.00      0.00     0.00   0.00    0.00     0.00    0.00    0.00    2.09  51.20
dm-2             0.00      0.00     0.00   0.00    0.00     0.00   10.00     40.00     0.00   0.00    4.00     4.00    0.00      0.00     0.00   0.00    0.00     0.00    0.00    0.00    0.04   0.80
loop0            0.00      0.00     0.00   0.00    0.00     0.00    0.00      0.00     0.00   0.00    0.00     0.00    0.00      0.00     0.00   0.00    0.00     0.00    0.00    0.00    0.00   0.00
loop1            0.00      0.00     0.00   0.00    0.00     0.00    0.00      0.00     0.00   0.00    0.00     0.00    0.00      0.00     0.00   0.00    0.00     0.00    0.00    0.00    0.00   0.00
loop2            0.00      0.00     0.00   0.00    0.00     0.00    0.00      0.00     0.00   0.00    0.00     0.00    0.00      0.00     0.00   0.00    0.00     0.00    0.00    0.00    0.00   0.00
loop3            0.00      0.00     0.00   0.00    0.00     0.00    0.00      0.00     0.00   0.00    0.00     0.00    0.00      0.00     0.00   0.00    0.00     0.00    0.00    0.00    0.00   0.00
loop4            0.00      0.00     0.00   0.00    0.00     0.00    0.00      0.00     0.00   0.00    0.00     0.00    0.00      0.00     0.00   0.00    0.00     0.00    0.00    0.00    0.00   0.00
loop5            0.00      0.00     0.00   0.00    0.00     0.00    0.00      0.00     0.00   0.00    0.00     0.00    0.00      0.00     0.00   0.00    0.00     0.00    0.00    0.00    0.00   0.00
loop6            0.00      0.00     0.00   0.00    0.00     0.00    0.00      0.00     0.00   0.00    0.00     0.00    0.00      0.00     0.00   0.00    0.00     0.00    0.00    0.00    0.00   0.00
sda              0.00      0.00     0.00   0.00    0.00     0.00   10.00     40.00     0.00   0.00    6.00     4.00    0.00      0.00     0.00   0.00    0.00     0.00    0.00    0.00    0.06   0.80
sdb              0.00      0.00     0.00   0.00    0.00     0.00  961.00  27480.00   158.00  14.12    3.19    28.60    0.00      0.00     0.00   0.00    0.00     0.00    0.00    0.00    3.06  53.60


avg-cpu:  %user   %nice %system %iowait  %steal   %idle
           0.49    0.00    0.63    0.74    0.00   98.15

Device            r/s     rkB/s   rrqm/s  %rrqm r_await rareq-sz     w/s     wkB/s   wrqm/s  %wrqm w_await wareq-sz     d/s     dkB/s   drqm/s  %drqm d_await dareq-sz     f/s f_await  aqu-sz  %util
dm-0             0.00      0.00     0.00   0.00    0.00     0.00  597.00  16972.00     0.00   0.00    7.44    28.43    0.00      0.00     0.00   0.00    0.00     0.00    0.00    0.00    4.44  73.20
dm-1             0.00      0.00     0.00   0.00    0.00     0.00  555.00  16800.00     0.00   0.00    8.66    30.27    0.00      0.00     0.00   0.00    0.00     0.00    0.00    0.00    4.81  70.80
dm-2             0.00      0.00     0.00   0.00    0.00     0.00   55.00    236.00     0.00   0.00    0.00     4.29    0.00      0.00     0.00   0.00    0.00     0.00    0.00    0.00    0.00   1.60
loop0            0.00      0.00     0.00   0.00    0.00     0.00    0.00      0.00     0.00   0.00    0.00     0.00    0.00      0.00     0.00   0.00    0.00     0.00    0.00    0.00    0.00   0.00
loop1            0.00      0.00     0.00   0.00    0.00     0.00    0.00      0.00     0.00   0.00    0.00     0.00    0.00      0.00     0.00   0.00    0.00     0.00    0.00    0.00    0.00   0.00
loop2            0.00      0.00     0.00   0.00    0.00     0.00    0.00      0.00     0.00   0.00    0.00     0.00    0.00      0.00     0.00   0.00    0.00     0.00    0.00    0.00    0.00   0.00
loop3            0.00      0.00     0.00   0.00    0.00     0.00    0.00      0.00     0.00   0.00    0.00     0.00    0.00      0.00     0.00   0.00    0.00     0.00    0.00    0.00    0.00   0.00
loop4            0.00      0.00     0.00   0.00    0.00     0.00    0.00      0.00     0.00   0.00    0.00     0.00    0.00      0.00     0.00   0.00    0.00     0.00    0.00    0.00    0.00   0.00
loop5            0.00      0.00     0.00   0.00    0.00     0.00    0.00      0.00     0.00   0.00    0.00     0.00    0.00      0.00     0.00   0.00    0.00     0.00    0.00    0.00    0.00   0.00
loop6            0.00      0.00     0.00   0.00    0.00     0.00    0.00      0.00     0.00   0.00    0.00     0.00    0.00      0.00     0.00   0.00    0.00     0.00    0.00    0.00    0.00   0.00
sda              0.00      0.00     0.00   0.00    0.00     0.00   17.00    236.00    38.00  69.09    0.06    13.88    0.00      0.00     0.00   0.00    0.00     0.00    0.00    0.00    0.00   1.60
sdb              0.00      0.00     0.00   0.00    0.00     0.00  937.00  30756.00   166.00  15.05    8.64    32.82    0.00      0.00     0.00   0.00    0.00     0.00    0.00    0.00    8.10  74.00


avg-cpu:  %user   %nice %system %iowait  %steal   %idle
           0.38    0.00    0.31    1.51    0.00   97.80

Device            r/s     rkB/s   rrqm/s  %rrqm r_await rareq-sz     w/s     wkB/s   wrqm/s  %wrqm w_await wareq-sz     d/s     dkB/s   drqm/s  %drqm d_await dareq-sz     f/s f_await  aqu-sz  %util
dm-0             0.00      0.00     0.00   0.00    0.00     0.00  325.00  12640.00     0.00   0.00   64.38    38.89    0.00      0.00     0.00   0.00    0.00     0.00    0.00    0.00   20.92  96.80
dm-1             0.00      0.00     0.00   0.00    0.00     0.00  308.00  12572.00     0.00   0.00   73.66    40.82    0.00      0.00     0.00   0.00    0.00     0.00    0.00    0.00   22.69  96.40
dm-2             0.00      0.00     0.00   0.00    0.00     0.00   94.00    404.00     0.00   0.00    1.74     4.30    0.00      0.00     0.00   0.00    0.00     0.00    0.00    0.00    0.16   3.20
loop0            0.00      0.00     0.00   0.00    0.00     0.00    0.00      0.00     0.00   0.00    0.00     0.00    0.00      0.00     0.00   0.00    0.00     0.00    0.00    0.00    0.00   0.00
loop1            0.00      0.00     0.00   0.00    0.00     0.00    0.00      0.00     0.00   0.00    0.00     0.00    0.00      0.00     0.00   0.00    0.00     0.00    0.00    0.00    0.00   0.00
loop2            0.00      0.00     0.00   0.00    0.00     0.00    0.00      0.00     0.00   0.00    0.00     0.00    0.00      0.00     0.00   0.00    0.00     0.00    0.00    0.00    0.00   0.00
loop3            0.00      0.00     0.00   0.00    0.00     0.00    0.00      0.00     0.00   0.00    0.00     0.00    0.00      0.00     0.00   0.00    0.00     0.00    0.00    0.00    0.00   0.00
loop4            0.00      0.00     0.00   0.00    0.00     0.00    0.00      0.00     0.00   0.00    0.00     0.00    0.00      0.00     0.00   0.00    0.00     0.00    0.00    0.00    0.00   0.00
loop5            0.00      0.00     0.00   0.00    0.00     0.00    0.00      0.00     0.00   0.00    0.00     0.00    0.00      0.00     0.00   0.00    0.00     0.00    0.00    0.00    0.00   0.00
loop6            0.00      0.00     0.00   0.00    0.00     0.00    0.00      0.00     0.00   0.00    0.00     0.00    0.00      0.00     0.00   0.00    0.00     0.00    0.00    0.00    0.00   0.00
sda              0.00      0.00     0.00   0.00    0.00     0.00   88.00    404.00     6.00   6.38    2.18     4.59    0.00      0.00     0.00   0.00    0.00     0.00    0.00    0.00    0.19   3.20
sdb              0.00      0.00     0.00   0.00    0.00     0.00  514.00  28228.00   168.00  24.63   65.83    54.92    0.00      0.00     0.00   0.00    0.00     0.00    0.00    0.00   33.84  96.80


avg-cpu:  %user   %nice %system %iowait  %steal   %idle
           0.46    0.00    0.46    0.52    0.00   98.57

Device            r/s     rkB/s   rrqm/s  %rrqm r_await rareq-sz     w/s     wkB/s   wrqm/s  %wrqm w_await wareq-sz     d/s     dkB/s   drqm/s  %drqm d_await dareq-sz     f/s f_await  aqu-sz  %util
dm-0             0.00      0.00     0.00   0.00    0.00     0.00  545.00  14360.00     0.00   0.00   11.21    26.35    0.00      0.00     0.00   0.00    0.00     0.00    0.00    0.00    6.11  72.00
dm-1             0.00      0.00     0.00   0.00    0.00     0.00  540.00  14340.00     0.00   0.00   11.68    26.56    0.00      0.00     0.00   0.00    0.00     0.00    0.00    0.00    6.31  71.60
dm-2             0.00      0.00     0.00   0.00    0.00     0.00   23.00    120.00     0.00   0.00    0.35     5.22    0.00      0.00     0.00   0.00    0.00     0.00    0.00    0.00    0.01   1.60
loop0            0.00      0.00     0.00   0.00    0.00     0.00    0.00      0.00     0.00   0.00    0.00     0.00    0.00      0.00     0.00   0.00    0.00     0.00    0.00    0.00    0.00   0.00
loop1            0.00      0.00     0.00   0.00    0.00     0.00    0.00      0.00     0.00   0.00    0.00     0.00    0.00      0.00     0.00   0.00    0.00     0.00    0.00    0.00    0.00   0.00
loop2            0.00      0.00     0.00   0.00    0.00     0.00    0.00      0.00     0.00   0.00    0.00     0.00    0.00      0.00     0.00   0.00    0.00     0.00    0.00    0.00    0.00   0.00
loop3            0.00      0.00     0.00   0.00    0.00     0.00    0.00      0.00     0.00   0.00    0.00     0.00    0.00      0.00     0.00   0.00    0.00     0.00    0.00    0.00    0.00   0.00
loop4            0.00      0.00     0.00   0.00    0.00     0.00    0.00      0.00     0.00   0.00    0.00     0.00    0.00      0.00     0.00   0.00    0.00     0.00    0.00    0.00    0.00   0.00
loop5            0.00      0.00     0.00   0.00    0.00     0.00    0.00      0.00     0.00   0.00    0.00     0.00    0.00      0.00     0.00   0.00    0.00     0.00    0.00    0.00    0.00   0.00
loop6            0.00      0.00     0.00   0.00    0.00     0.00    0.00      0.00     0.00   0.00    0.00     0.00    0.00      0.00     0.00   0.00    0.00     0.00    0.00    0.00    0.00   0.00
sda              0.00      0.00     0.00   0.00    0.00     0.00    7.00    120.00    16.00  69.57    0.86    17.14    0.00      0.00     0.00   0.00    0.00     0.00    0.00    0.00    0.01   1.60
sdb              0.00      0.00     0.00   0.00    0.00     0.00  893.00  28700.00   192.00  17.70   12.38    32.14    0.00      0.00     0.00   0.00    0.00     0.00    0.00    0.00   11.05  72.40


avg-cpu:  %user   %nice %system %iowait  %steal   %idle
           0.52    0.00    0.47    0.06    0.00   98.95

Device            r/s     rkB/s   rrqm/s  %rrqm r_await rareq-sz     w/s     wkB/s   wrqm/s  %wrqm w_await wareq-sz     d/s     dkB/s   drqm/s  %drqm d_await dareq-sz     f/s f_await  aqu-sz  %util
dm-0             0.00      0.00     0.00   0.00    0.00     0.00  654.00  14376.00     0.00   0.00    0.23    21.98    0.00      0.00     0.00   0.00    0.00     0.00    0.00    0.00    0.15  43.60
dm-1             0.00      0.00     0.00   0.00    0.00     0.00  651.00  14368.00     0.00   0.00    0.18    22.07    0.00      0.00     0.00   0.00    0.00     0.00    0.00    0.00    0.12  43.60
dm-2             0.00      0.00     0.00   0.00    0.00     0.00   33.00    132.00     0.00   0.00    0.97     4.00    0.00      0.00     0.00   0.00    0.00     0.00    0.00    0.00    0.03   1.20
loop0            0.00      0.00     0.00   0.00    0.00     0.00    0.00      0.00     0.00   0.00    0.00     0.00    0.00      0.00     0.00   0.00    0.00     0.00    0.00    0.00    0.00   0.00
loop1            0.00      0.00     0.00   0.00    0.00     0.00    0.00      0.00     0.00   0.00    0.00     0.00    0.00      0.00     0.00   0.00    0.00     0.00    0.00    0.00    0.00   0.00
loop2            0.00      0.00     0.00   0.00    0.00     0.00    0.00      0.00     0.00   0.00    0.00     0.00    0.00      0.00     0.00   0.00    0.00     0.00    0.00    0.00    0.00   0.00
loop3            0.00      0.00     0.00   0.00    0.00     0.00    0.00      0.00     0.00   0.00    0.00     0.00    0.00      0.00     0.00   0.00    0.00     0.00    0.00    0.00    0.00   0.00
loop4            0.00      0.00     0.00   0.00    0.00     0.00    0.00      0.00     0.00   0.00    0.00     0.00    0.00      0.00     0.00   0.00    0.00     0.00    0.00    0.00    0.00   0.00
loop5            0.00      0.00     0.00   0.00    0.00     0.00    0.00      0.00     0.00   0.00    0.00     0.00    0.00      0.00     0.00   0.00    0.00     0.00    0.00    0.00    0.00   0.00
loop6            0.00      0.00     0.00   0.00    0.00     0.00    0.00      0.00     0.00   0.00    0.00     0.00    0.00      0.00     0.00   0.00    0.00     0.00    0.00    0.00    0.00   0.00
sda              0.00      0.00     0.00   0.00    0.00     0.00   11.00    132.00    22.00  66.67    0.00    12.00    0.00      0.00     0.00   0.00    0.00     0.00    0.00    0.00    0.00   1.20
sdb              0.00      0.00     0.00   0.00    0.00     0.00 1139.00  28744.00   166.00  12.72    0.20    25.24    0.00      0.00     0.00   0.00    0.00     0.00    0.00    0.00    0.23  45.20


avg-cpu:  %user   %nice %system %iowait  %steal   %idle
           0.47    0.00    0.50    0.97    0.00   98.05

Device            r/s     rkB/s   rrqm/s  %rrqm r_await rareq-sz     w/s     wkB/s   wrqm/s  %wrqm w_await wareq-sz     d/s     dkB/s   drqm/s  %drqm d_await dareq-sz     f/s f_await  aqu-sz  %util
dm-0             0.00      0.00     0.00   0.00    0.00     0.00  473.00  15872.00     0.00   0.00   18.46    33.56    0.00      0.00     0.00   0.00    0.00     0.00    0.00    0.00    8.73  81.60
dm-1             0.00      0.00     0.00   0.00    0.00     0.00  461.00  15824.00     0.00   0.00   19.76    34.33    0.00      0.00     0.00   0.00    0.00     0.00    0.00    0.00    9.11  80.40
dm-2             0.00      0.00     0.00   0.00    0.00     0.00   21.00    104.00     0.00   0.00    0.00     4.95    0.00      0.00     0.00   0.00    0.00     0.00    0.00    0.00    0.00   1.60
loop0            0.00      0.00     0.00   0.00    0.00     0.00    0.00      0.00     0.00   0.00    0.00     0.00    0.00      0.00     0.00   0.00    0.00     0.00    0.00    0.00    0.00   0.00
loop1            0.00      0.00     0.00   0.00    0.00     0.00    0.00      0.00     0.00   0.00    0.00     0.00    0.00      0.00     0.00   0.00    0.00     0.00    0.00    0.00    0.00   0.00
loop2            0.00      0.00     0.00   0.00    0.00     0.00    0.00      0.00     0.00   0.00    0.00     0.00    0.00      0.00     0.00   0.00    0.00     0.00    0.00    0.00    0.00   0.00
loop3            0.00      0.00     0.00   0.00    0.00     0.00    0.00      0.00     0.00   0.00    0.00     0.00    0.00      0.00     0.00   0.00    0.00     0.00    0.00    0.00    0.00   0.00
loop4            0.00      0.00     0.00   0.00    0.00     0.00    0.00      0.00     0.00   0.00    0.00     0.00    0.00      0.00     0.00   0.00    0.00     0.00    0.00    0.00    0.00   0.00
loop5            0.00      0.00     0.00   0.00    0.00     0.00    0.00      0.00     0.00   0.00    0.00     0.00    0.00      0.00     0.00   0.00    0.00     0.00    0.00    0.00    0.00   0.00
loop6            0.00      0.00     0.00   0.00    0.00     0.00    0.00      0.00     0.00   0.00    0.00     0.00    0.00      0.00     0.00   0.00    0.00     0.00    0.00    0.00    0.00   0.00
sda              0.00      0.00     0.00   0.00    0.00     0.00    7.00    104.00    14.00  66.67    0.57    14.86    0.00      0.00     0.00   0.00    0.00     0.00    0.00    0.00    0.00   1.60
sdb              0.00      0.00     0.00   0.00    0.00     0.00  731.00  28744.00   155.00  17.49   21.13    39.32    0.00      0.00     0.00   0.00    0.00     0.00    0.00    0.00   15.44  82.80


avg-cpu:  %user   %nice %system %iowait  %steal   %idle
           0.35    0.00    0.42    1.57    0.00   97.66

Device            r/s     rkB/s   rrqm/s  %rrqm r_await rareq-sz     w/s     wkB/s   wrqm/s  %wrqm w_await wareq-sz     d/s     dkB/s   drqm/s  %drqm d_await dareq-sz     f/s f_await  aqu-sz  %util
dm-0             0.00      0.00     0.00   0.00    0.00     0.00  367.00  13708.00     0.00   0.00   46.60    37.35    0.00      0.00     0.00   0.00    0.00     0.00    0.00    0.00   17.10  93.60
dm-1             0.00      0.00     0.00   0.00    0.00     0.00  363.00  13752.00     0.00   0.00   50.77    37.88    0.00      0.00     0.00   0.00    0.00     0.00    0.00    0.00   18.43  94.40
dm-2             0.00      0.00     0.00   0.00    0.00     0.00   48.00    192.00     0.00   0.00    3.50     4.00    0.00      0.00     0.00   0.00    0.00     0.00    0.00    0.00    0.17   4.40
loop0            0.00      0.00     0.00   0.00    0.00     0.00    0.00      0.00     0.00   0.00    0.00     0.00    0.00      0.00     0.00   0.00    0.00     0.00    0.00    0.00    0.00   0.00
loop1            0.00      0.00     0.00   0.00    0.00     0.00    0.00      0.00     0.00   0.00    0.00     0.00    0.00      0.00     0.00   0.00    0.00     0.00    0.00    0.00    0.00   0.00
loop2            0.00      0.00     0.00   0.00    0.00     0.00    0.00      0.00     0.00   0.00    0.00     0.00    0.00      0.00     0.00   0.00    0.00     0.00    0.00    0.00    0.00   0.00
loop3            0.00      0.00     0.00   0.00    0.00     0.00    0.00      0.00     0.00   0.00    0.00     0.00    0.00      0.00     0.00   0.00    0.00     0.00    0.00    0.00    0.00   0.00
loop4            0.00      0.00     0.00   0.00    0.00     0.00    0.00      0.00     0.00   0.00    0.00     0.00    0.00      0.00     0.00   0.00    0.00     0.00    0.00    0.00    0.00   0.00
loop5            0.00      0.00     0.00   0.00    0.00     0.00    0.00      0.00     0.00   0.00    0.00     0.00    0.00      0.00     0.00   0.00    0.00     0.00    0.00    0.00    0.00   0.00
loop6            0.00      0.00     0.00   0.00    0.00     0.00    0.00      0.00     0.00   0.00    0.00     0.00    0.00      0.00     0.00   0.00    0.00     0.00    0.00    0.00    0.00   0.00
sda              0.00      0.00     0.00   0.00    0.00     0.00   27.00    192.00    21.00  43.75    4.26     7.11    0.00      0.00     0.00   0.00    0.00     0.00    0.00    0.00    0.11   4.40
sdb              0.00      0.00     0.00   0.00    0.00     0.00  565.00  28996.00   189.00  25.07   49.41    51.32    0.00      0.00     0.00   0.00    0.00     0.00    0.00    0.00   27.92  94.80


avg-cpu:  %user   %nice %system %iowait  %steal   %idle
           0.39    0.00    0.41    1.32    0.00   97.88

Device            r/s     rkB/s   rrqm/s  %rrqm r_await rareq-sz     w/s     wkB/s   wrqm/s  %wrqm w_await wareq-sz     d/s     dkB/s   drqm/s  %drqm d_await dareq-sz     f/s f_await  aqu-sz  %util
dm-0             0.00      0.00     0.00   0.00    0.00     0.00  424.00  14296.00     0.00   0.00   27.88    33.72    0.00      0.00     0.00   0.00    0.00     0.00    0.00    0.00   11.82  87.20
dm-1             0.00      0.00     0.00   0.00    0.00     0.00  417.00  14208.00     0.00   0.00   29.43    34.07    0.00      0.00     0.00   0.00    0.00     0.00    0.00    0.00   12.27  88.00
dm-2             0.00      0.00     0.00   0.00    0.00     0.00   24.00    116.00     0.00   0.00    1.33     4.83    0.00      0.00     0.00   0.00    0.00     0.00    0.00    0.00    0.03   2.80
loop0            0.00      0.00     0.00   0.00    0.00     0.00    0.00      0.00     0.00   0.00    0.00     0.00    0.00      0.00     0.00   0.00    0.00     0.00    0.00    0.00    0.00   0.00
loop1            0.00      0.00     0.00   0.00    0.00     0.00    0.00      0.00     0.00   0.00    0.00     0.00    0.00      0.00     0.00   0.00    0.00     0.00    0.00    0.00    0.00   0.00
loop2            0.00      0.00     0.00   0.00    0.00     0.00    0.00      0.00     0.00   0.00    0.00     0.00    0.00      0.00     0.00   0.00    0.00     0.00    0.00    0.00    0.00   0.00
loop3            0.00      0.00     0.00   0.00    0.00     0.00    0.00      0.00     0.00   0.00    0.00     0.00    0.00      0.00     0.00   0.00    0.00     0.00    0.00    0.00    0.00   0.00
loop4            0.00      0.00     0.00   0.00    0.00     0.00    0.00      0.00     0.00   0.00    0.00     0.00    0.00      0.00     0.00   0.00    0.00     0.00    0.00    0.00    0.00   0.00
loop5            0.00      0.00     0.00   0.00    0.00     0.00    0.00      0.00     0.00   0.00    0.00     0.00    0.00      0.00     0.00   0.00    0.00     0.00    0.00    0.00    0.00   0.00
loop6            0.00      0.00     0.00   0.00    0.00     0.00    0.00      0.00     0.00   0.00    0.00     0.00    0.00      0.00     0.00   0.00    0.00     0.00    0.00    0.00    0.00   0.00
sda              0.00      0.00     0.00   0.00    0.00     0.00    9.00    116.00    15.00  62.50    1.67    12.89    0.00      0.00     0.00   0.00    0.00     0.00    0.00    0.00    0.01   2.80
sdb              0.00      0.00     0.00   0.00    0.00     0.00  683.00  29920.00   182.00  21.04   27.75    43.81    0.00      0.00     0.00   0.00    0.00     0.00    0.00    0.00   18.95  89.20


avg-cpu:  %user   %nice %system %iowait  %steal   %idle
           0.39    0.00    0.35    1.13    0.00   98.13

Device            r/s     rkB/s   rrqm/s  %rrqm r_await rareq-sz     w/s     wkB/s   wrqm/s  %wrqm w_await wareq-sz     d/s     dkB/s   drqm/s  %drqm d_await dareq-sz     f/s f_await  aqu-sz  %util
dm-0             0.00      0.00     0.00   0.00    0.00     0.00  386.00  13784.00     0.00   0.00   35.37    35.71    0.00      0.00     0.00   0.00    0.00     0.00    0.00    0.00   13.65  85.60
dm-1             0.00      0.00     0.00   0.00    0.00     0.00  369.00  13656.00     0.00   0.00   35.74    37.01    0.00      0.00     0.00   0.00    0.00     0.00    0.00    0.00   13.19  84.40
dm-2             0.00      0.00     0.00   0.00    0.00     0.00  119.00    500.00     0.00   0.00    4.54     4.20    0.00      0.00     0.00   0.00    0.00     0.00    0.00    0.00    0.54   5.60
loop0            0.00      0.00     0.00   0.00    0.00     0.00    0.00      0.00     0.00   0.00    0.00     0.00    0.00      0.00     0.00   0.00    0.00     0.00    0.00    0.00    0.00   0.00
loop1            0.00      0.00     0.00   0.00    0.00     0.00    0.00      0.00     0.00   0.00    0.00     0.00    0.00      0.00     0.00   0.00    0.00     0.00    0.00    0.00    0.00   0.00
loop2            0.00      0.00     0.00   0.00    0.00     0.00    0.00      0.00     0.00   0.00    0.00     0.00    0.00      0.00     0.00   0.00    0.00     0.00    0.00    0.00    0.00   0.00
loop3            0.00      0.00     0.00   0.00    0.00     0.00    0.00      0.00     0.00   0.00    0.00     0.00    0.00      0.00     0.00   0.00    0.00     0.00    0.00    0.00    0.00   0.00
loop4            0.00      0.00     0.00   0.00    0.00     0.00    0.00      0.00     0.00   0.00    0.00     0.00    0.00      0.00     0.00   0.00    0.00     0.00    0.00    0.00    0.00   0.00
loop5            0.00      0.00     0.00   0.00    0.00     0.00    0.00      0.00     0.00   0.00    0.00     0.00    0.00      0.00     0.00   0.00    0.00     0.00    0.00    0.00    0.00   0.00
loop6            0.00      0.00     0.00   0.00    0.00     0.00    0.00      0.00     0.00   0.00    0.00     0.00    0.00      0.00     0.00   0.00    0.00     0.00    0.00    0.00    0.00   0.00
sda              0.00      0.00     0.00   0.00    0.00     0.00   98.00    500.00    21.00  17.65    5.74     5.10    0.00      0.00     0.00   0.00    0.00     0.00    0.00    0.00    0.56   5.60
sdb              0.00      0.00     0.00   0.00    0.00     0.00  598.00  26472.00   140.00  18.97   35.95    44.27    0.00      0.00     0.00   0.00    0.00     0.00    0.00    0.00   21.50  86.40


avg-cpu:  %user   %nice %system %iowait  %steal   %idle
           0.53    0.00    0.47    1.41    0.00   97.59

Device            r/s     rkB/s   rrqm/s  %rrqm r_await rareq-sz     w/s     wkB/s   wrqm/s  %wrqm w_await wareq-sz     d/s     dkB/s   drqm/s  %drqm d_await dareq-sz     f/s f_await  aqu-sz  %util
dm-0             0.00      0.00     0.00   0.00    0.00     0.00  340.00  14920.00     0.00   0.00   68.68    43.88    0.00      0.00     0.00   0.00    0.00     0.00    0.00    0.00   23.35  94.40
dm-1             0.00      0.00     0.00   0.00    0.00     0.00  325.00  14320.00     0.00   0.00   79.79    44.06    0.00      0.00     0.00   0.00    0.00     0.00    0.00    0.00   25.93  93.20
dm-2             1.00      4.00     0.00   0.00    0.00     4.00   27.00    132.00     0.00   0.00    5.19     4.89    0.00      0.00     0.00   0.00    0.00     0.00    0.00    0.00    0.14   3.60
loop0            0.00      0.00     0.00   0.00    0.00     0.00    0.00      0.00     0.00   0.00    0.00     0.00    0.00      0.00     0.00   0.00    0.00     0.00    0.00    0.00    0.00   0.00
loop1            0.00      0.00     0.00   0.00    0.00     0.00    0.00      0.00     0.00   0.00    0.00     0.00    0.00      0.00     0.00   0.00    0.00     0.00    0.00    0.00    0.00   0.00
loop2            0.00      0.00     0.00   0.00    0.00     0.00    0.00      0.00     0.00   0.00    0.00     0.00    0.00      0.00     0.00   0.00    0.00     0.00    0.00    0.00    0.00   0.00
loop3            0.00      0.00     0.00   0.00    0.00     0.00    0.00      0.00     0.00   0.00    0.00     0.00    0.00      0.00     0.00   0.00    0.00     0.00    0.00    0.00    0.00   0.00
loop4            0.00      0.00     0.00   0.00    0.00     0.00    0.00      0.00     0.00   0.00    0.00     0.00    0.00      0.00     0.00   0.00    0.00     0.00    0.00    0.00    0.00   0.00
loop5            0.00      0.00     0.00   0.00    0.00     0.00    0.00      0.00     0.00   0.00    0.00     0.00    0.00      0.00     0.00   0.00    0.00     0.00    0.00    0.00    0.00   0.00
loop6            0.00      0.00     0.00   0.00    0.00     0.00    0.00      0.00     0.00   0.00    0.00     0.00    0.00      0.00     0.00   0.00    0.00     0.00    0.00    0.00    0.00   0.00
sda              1.00      4.00     0.00   0.00    1.00     4.00    8.00    132.00    19.00  70.37    3.62    16.50    0.00      0.00     0.00   0.00    0.00     0.00    0.00    0.00    0.03   3.60
sdb              0.00      0.00     0.00   0.00    0.00     0.00  454.00  27116.00   181.00  28.50   87.30    59.73    0.00      0.00     0.00   0.00    0.00     0.00    0.00    0.00   39.63  98.40


avg-cpu:  %user   %nice %system %iowait  %steal   %idle
           0.55    0.00    0.44    1.44    0.00   97.57

Device            r/s     rkB/s   rrqm/s  %rrqm r_await rareq-sz     w/s     wkB/s   wrqm/s  %wrqm w_await wareq-sz     d/s     dkB/s   drqm/s  %drqm d_await dareq-sz     f/s f_await  aqu-sz  %util
dm-0             0.00      0.00     0.00   0.00    0.00     0.00  326.00  14264.00     0.00   0.00   98.29    43.75    0.00      0.00     0.00   0.00    0.00     0.00    0.00    0.00   32.04 102.80
dm-1             0.00      0.00     0.00   0.00    0.00     0.00  340.00  14920.00     0.00   0.00   80.72    43.88    0.00      0.00     0.00   0.00    0.00     0.00    0.00    0.00   27.44  87.60
dm-2             5.00    144.00     0.00   0.00    0.80    28.80   81.00    340.00     0.00   0.00    2.37     4.20    0.00      0.00     0.00   0.00    0.00     0.00    0.00    0.00    0.20  11.60
loop0            0.00      0.00     0.00   0.00    0.00     0.00    0.00      0.00     0.00   0.00    0.00     0.00    0.00      0.00     0.00   0.00    0.00     0.00    0.00    0.00    0.00   0.00
loop1            0.00      0.00     0.00   0.00    0.00     0.00    0.00      0.00     0.00   0.00    0.00     0.00    0.00      0.00     0.00   0.00    0.00     0.00    0.00    0.00    0.00   0.00
loop2            0.00      0.00     0.00   0.00    0.00     0.00    0.00      0.00     0.00   0.00    0.00     0.00    0.00      0.00     0.00   0.00    0.00     0.00    0.00    0.00    0.00   0.00
loop3            0.00      0.00     0.00   0.00    0.00     0.00    0.00      0.00     0.00   0.00    0.00     0.00    0.00      0.00     0.00   0.00    0.00     0.00    0.00    0.00    0.00   0.00
loop4            0.00      0.00     0.00   0.00    0.00     0.00    0.00      0.00     0.00   0.00    0.00     0.00    0.00      0.00     0.00   0.00    0.00     0.00    0.00    0.00    0.00   0.00
loop5            0.00      0.00     0.00   0.00    0.00     0.00    0.00      0.00     0.00   0.00    0.00     0.00    0.00      0.00     0.00   0.00    0.00     0.00    0.00    0.00    0.00   0.00
loop6            0.00      0.00     0.00   0.00    0.00     0.00    0.00      0.00     0.00   0.00    0.00     0.00    0.00      0.00     0.00   0.00    0.00     0.00    0.00    0.00    0.00   0.00
sda              5.00    144.00     0.00   0.00    0.20    28.80   29.00    340.00    52.00  64.20    2.45    11.72    0.00      0.00     0.00   0.00    0.00     0.00    0.00    0.00    0.07  11.60
sdb              0.00      0.00     0.00   0.00    0.00     0.00  461.00  29068.00   200.00  30.26   93.89    63.05    0.00      0.00     0.00   0.00    0.00     0.00    0.00    0.00   43.28  98.40


avg-cpu:  %user   %nice %system %iowait  %steal   %idle
           0.66    0.00    0.45    1.13    0.00   97.76

Device            r/s     rkB/s   rrqm/s  %rrqm r_await rareq-sz     w/s     wkB/s   wrqm/s  %wrqm w_await wareq-sz     d/s     dkB/s   drqm/s  %drqm d_await dareq-sz     f/s f_await  aqu-sz  %util
dm-0             0.00      0.00     0.00   0.00    0.00     0.00  402.00  13548.00     0.00   0.00   40.25    33.70    0.00      0.00     0.00   0.00    0.00     0.00    0.00    0.00   16.18  87.60
dm-1             0.00      0.00     0.00   0.00    0.00     0.00  397.00  13528.00     0.00   0.00   35.93    34.08    0.00      0.00     0.00   0.00    0.00     0.00    0.00    0.00   14.26  86.40
dm-2             0.00      0.00     0.00   0.00    0.00     0.00   61.00    264.00     0.00   0.00    0.00     4.33    0.00      0.00     0.00   0.00    0.00     0.00    0.00    0.00    0.00   2.40
loop0            0.00      0.00     0.00   0.00    0.00     0.00    0.00      0.00     0.00   0.00    0.00     0.00    0.00      0.00     0.00   0.00    0.00     0.00    0.00    0.00    0.00   0.00
loop1            0.00      0.00     0.00   0.00    0.00     0.00    0.00      0.00     0.00   0.00    0.00     0.00    0.00      0.00     0.00   0.00    0.00     0.00    0.00    0.00    0.00   0.00
loop2            0.00      0.00     0.00   0.00    0.00     0.00    0.00      0.00     0.00   0.00    0.00     0.00    0.00      0.00     0.00   0.00    0.00     0.00    0.00    0.00    0.00   0.00
loop3            0.00      0.00     0.00   0.00    0.00     0.00    0.00      0.00     0.00   0.00    0.00     0.00    0.00      0.00     0.00   0.00    0.00     0.00    0.00    0.00    0.00   0.00
loop4            0.00      0.00     0.00   0.00    0.00     0.00    0.00      0.00     0.00   0.00    0.00     0.00    0.00      0.00     0.00   0.00    0.00     0.00    0.00    0.00    0.00   0.00
loop5            0.00      0.00     0.00   0.00    0.00     0.00    0.00      0.00     0.00   0.00    0.00     0.00    0.00      0.00     0.00   0.00    0.00     0.00    0.00    0.00    0.00   0.00
loop6            0.00      0.00     0.00   0.00    0.00     0.00    0.00      0.00     0.00   0.00    0.00     0.00    0.00      0.00     0.00   0.00    0.00     0.00    0.00    0.00    0.00   0.00
sda              0.00      0.00     0.00   0.00    0.00     0.00   18.00    264.00    43.00  70.49    0.22    14.67    0.00      0.00     0.00   0.00    0.00     0.00    0.00    0.00    0.00   2.40
sdb              0.00      0.00     0.00   0.00    0.00     0.00  657.00  30284.00   194.00  22.80   38.93    46.09    0.00      0.00     0.00   0.00    0.00     0.00    0.00    0.00   25.58  88.80


avg-cpu:  %user   %nice %system %iowait  %steal   %idle
           0.44    0.00    0.52    1.13    0.00   97.91

Device            r/s     rkB/s   rrqm/s  %rrqm r_await rareq-sz     w/s     wkB/s   wrqm/s  %wrqm w_await wareq-sz     d/s     dkB/s   drqm/s  %drqm d_await dareq-sz     f/s f_await  aqu-sz  %util
dm-0             0.00      0.00     0.00   0.00    0.00     0.00  479.00  15896.00     0.00   0.00   20.89    33.19    0.00      0.00     0.00   0.00    0.00     0.00    0.00    0.00   10.00  78.80
dm-1             0.00      0.00     0.00   0.00    0.00     0.00  476.00  15884.00     0.00   0.00   21.82    33.37    0.00      0.00     0.00   0.00    0.00     0.00    0.00    0.00   10.39  76.00
dm-2             0.00      0.00     0.00   0.00    0.00     0.00   59.00    236.00     0.00   0.00    3.19     4.00    0.00      0.00     0.00   0.00    0.00     0.00    0.00    0.00    0.19   5.20
loop0            0.00      0.00     0.00   0.00    0.00     0.00    0.00      0.00     0.00   0.00    0.00     0.00    0.00      0.00     0.00   0.00    0.00     0.00    0.00    0.00    0.00   0.00
loop1            0.00      0.00     0.00   0.00    0.00     0.00    0.00      0.00     0.00   0.00    0.00     0.00    0.00      0.00     0.00   0.00    0.00     0.00    0.00    0.00    0.00   0.00
loop2            0.00      0.00     0.00   0.00    0.00     0.00    0.00      0.00     0.00   0.00    0.00     0.00    0.00      0.00     0.00   0.00    0.00     0.00    0.00    0.00    0.00   0.00
loop3            0.00      0.00     0.00   0.00    0.00     0.00    0.00      0.00     0.00   0.00    0.00     0.00    0.00      0.00     0.00   0.00    0.00     0.00    0.00    0.00    0.00   0.00
loop4            0.00      0.00     0.00   0.00    0.00     0.00    0.00      0.00     0.00   0.00    0.00     0.00    0.00      0.00     0.00   0.00    0.00     0.00    0.00    0.00    0.00   0.00
loop5            0.00      0.00     0.00   0.00    0.00     0.00    0.00      0.00     0.00   0.00    0.00     0.00    0.00      0.00     0.00   0.00    0.00     0.00    0.00    0.00    0.00   0.00
loop6            0.00      0.00     0.00   0.00    0.00     0.00    0.00      0.00     0.00   0.00    0.00     0.00    0.00      0.00     0.00   0.00    0.00     0.00    0.00    0.00    0.00   0.00
sda              0.00      0.00     0.00   0.00    0.00     0.00   32.00    236.00    27.00  45.76    3.47     7.38    0.00      0.00     0.00   0.00    0.00     0.00    0.00    0.00    0.11   5.20
sdb              0.00      0.00     0.00   0.00    0.00     0.00  729.00  27816.00   163.00  18.27   23.11    38.16    0.00      0.00     0.00   0.00    0.00     0.00    0.00    0.00   16.85  79.60


avg-cpu:  %user   %nice %system %iowait  %steal   %idle
           0.45    0.00    0.42    1.35    0.00   97.78

Device            r/s     rkB/s   rrqm/s  %rrqm r_await rareq-sz     w/s     wkB/s   wrqm/s  %wrqm w_await wareq-sz     d/s     dkB/s   drqm/s  %drqm d_await dareq-sz     f/s f_await  aqu-sz  %util
dm-0             0.00      0.00     0.00   0.00    0.00     0.00  289.00  12676.00     0.00   0.00   74.37    43.86    0.00      0.00     0.00   0.00    0.00     0.00    0.00    0.00   21.49  95.20
dm-1             0.00      0.00     0.00   0.00    0.00     0.00  284.00  12656.00     0.00   0.00  101.34    44.56    0.00      0.00     0.00   0.00    0.00     0.00    0.00    0.00   28.78  96.00
dm-2             0.00      0.00     0.00   0.00    0.00     0.00   19.00     96.00     0.00   0.00    0.84     5.05    0.00      0.00     0.00   0.00    0.00     0.00    0.00    0.00    0.02   1.60
loop0            0.00      0.00     0.00   0.00    0.00     0.00    0.00      0.00     0.00   0.00    0.00     0.00    0.00      0.00     0.00   0.00    0.00     0.00    0.00    0.00    0.00   0.00
loop1            0.00      0.00     0.00   0.00    0.00     0.00    0.00      0.00     0.00   0.00    0.00     0.00    0.00      0.00     0.00   0.00    0.00     0.00    0.00    0.00    0.00   0.00
loop2            0.00      0.00     0.00   0.00    0.00     0.00    0.00      0.00     0.00   0.00    0.00     0.00    0.00      0.00     0.00   0.00    0.00     0.00    0.00    0.00    0.00   0.00
loop3            0.00      0.00     0.00   0.00    0.00     0.00    0.00      0.00     0.00   0.00    0.00     0.00    0.00      0.00     0.00   0.00    0.00     0.00    0.00    0.00    0.00   0.00
loop4            0.00      0.00     0.00   0.00    0.00     0.00    0.00      0.00     0.00   0.00    0.00     0.00    0.00      0.00     0.00   0.00    0.00     0.00    0.00    0.00    0.00   0.00
loop5            0.00      0.00     0.00   0.00    0.00     0.00    0.00      0.00     0.00   0.00    0.00     0.00    0.00      0.00     0.00   0.00    0.00     0.00    0.00    0.00    0.00   0.00
loop6            0.00      0.00     0.00   0.00    0.00     0.00    0.00      0.00     0.00   0.00    0.00     0.00    0.00      0.00     0.00   0.00    0.00     0.00    0.00    0.00    0.00   0.00
sda              0.00      0.00     0.00   0.00    0.00     0.00    6.00     96.00    13.00  68.42    1.67    16.00    0.00      0.00     0.00   0.00    0.00     0.00    0.00    0.00    0.01   1.60
sdb              0.00      0.00     0.00   0.00    0.00     0.00  438.00  27412.00   169.00  27.84   97.79    62.58    0.00      0.00     0.00   0.00    0.00     0.00    0.00    0.00   42.83  98.00


avg-cpu:  %user   %nice %system %iowait  %steal   %idle
           0.31    0.00    0.28    1.21    0.00   98.19

Device            r/s     rkB/s   rrqm/s  %rrqm r_await rareq-sz     w/s     wkB/s   wrqm/s  %wrqm w_await wareq-sz     d/s     dkB/s   drqm/s  %drqm d_await dareq-sz     f/s f_await  aqu-sz  %util
dm-0             0.00      0.00     0.00   0.00    0.00     0.00  359.00  12296.00     0.00   0.00   42.67    34.25    0.00      0.00     0.00   0.00    0.00     0.00    0.00    0.00   15.32  81.20
dm-1             0.00      0.00     0.00   0.00    0.00     0.00  349.00  12256.00     0.00   0.00   46.69    35.12    0.00      0.00     0.00   0.00    0.00     0.00    0.00    0.00   16.30  80.40
dm-2             0.00      0.00     0.00   0.00    0.00     0.00  157.00    712.00     0.00   0.00    7.21     4.54    0.00      0.00     0.00   0.00    0.00     0.00    0.00    0.00    1.13   2.80
loop0            0.00      0.00     0.00   0.00    0.00     0.00    0.00      0.00     0.00   0.00    0.00     0.00    0.00      0.00     0.00   0.00    0.00     0.00    0.00    0.00    0.00   0.00
loop1            0.00      0.00     0.00   0.00    0.00     0.00    0.00      0.00     0.00   0.00    0.00     0.00    0.00      0.00     0.00   0.00    0.00     0.00    0.00    0.00    0.00   0.00
loop2            0.00      0.00     0.00   0.00    0.00     0.00    0.00      0.00     0.00   0.00    0.00     0.00    0.00      0.00     0.00   0.00    0.00     0.00    0.00    0.00    0.00   0.00
loop3            0.00      0.00     0.00   0.00    0.00     0.00    0.00      0.00     0.00   0.00    0.00     0.00    0.00      0.00     0.00   0.00    0.00     0.00    0.00    0.00    0.00   0.00
loop4            0.00      0.00     0.00   0.00    0.00     0.00    0.00      0.00     0.00   0.00    0.00     0.00    0.00      0.00     0.00   0.00    0.00     0.00    0.00    0.00    0.00   0.00
loop5            0.00      0.00     0.00   0.00    0.00     0.00    0.00      0.00     0.00   0.00    0.00     0.00    0.00      0.00     0.00   0.00    0.00     0.00    0.00    0.00    0.00   0.00
loop6            0.00      0.00     0.00   0.00    0.00     0.00    0.00      0.00     0.00   0.00    0.00     0.00    0.00      0.00     0.00   0.00    0.00     0.00    0.00    0.00    0.00   0.00
sda              0.00      0.00     0.00   0.00    0.00     0.00  131.00    712.00    26.00  16.56    8.30     5.44    0.00      0.00     0.00   0.00    0.00     0.00    0.00    0.00    1.09   2.80
sdb              0.00      0.00     0.00   0.00    0.00     0.00  561.00  26436.00   176.00  23.88   40.52    47.12    0.00      0.00     0.00   0.00    0.00     0.00    0.00    0.00   22.73  81.60


avg-cpu:  %user   %nice %system %iowait  %steal   %idle
           0.66    0.00    0.58    0.35    0.00   98.42

Device            r/s     rkB/s   rrqm/s  %rrqm r_await rareq-sz     w/s     wkB/s   wrqm/s  %wrqm w_await wareq-sz     d/s     dkB/s   drqm/s  %drqm d_await dareq-sz     f/s f_await  aqu-sz  %util
dm-0             0.00      0.00     0.00   0.00    0.00     0.00  722.00  16632.00     0.00   0.00    1.63    23.04    0.00      0.00     0.00   0.00    0.00     0.00    0.00    0.00    1.18  57.20
dm-1             0.00      0.00     0.00   0.00    0.00     0.00  718.00  16612.00     0.00   0.00    1.70    23.14    0.00      0.00     0.00   0.00    0.00     0.00    0.00    0.00    1.22  57.20
dm-2             0.00      0.00     0.00   0.00    0.00     0.00   20.00     96.00     0.00   0.00    0.00     4.80    0.00      0.00     0.00   0.00    0.00     0.00    0.00    0.00    0.00   0.80
loop0            0.00      0.00     0.00   0.00    0.00     0.00    0.00      0.00     0.00   0.00    0.00     0.00    0.00      0.00     0.00   0.00    0.00     0.00    0.00    0.00    0.00   0.00
loop1            0.00      0.00     0.00   0.00    0.00     0.00    0.00      0.00     0.00   0.00    0.00     0.00    0.00      0.00     0.00   0.00    0.00     0.00    0.00    0.00    0.00   0.00
loop2            0.00      0.00     0.00   0.00    0.00     0.00    0.00      0.00     0.00   0.00    0.00     0.00    0.00      0.00     0.00   0.00    0.00     0.00    0.00    0.00    0.00   0.00
loop3            0.00      0.00     0.00   0.00    0.00     0.00    0.00      0.00     0.00   0.00    0.00     0.00    0.00      0.00     0.00   0.00    0.00     0.00    0.00    0.00    0.00   0.00
loop4            0.00      0.00     0.00   0.00    0.00     0.00    0.00      0.00     0.00   0.00    0.00     0.00    0.00      0.00     0.00   0.00    0.00     0.00    0.00    0.00    0.00   0.00
loop5            0.00      0.00     0.00   0.00    0.00     0.00    0.00      0.00     0.00   0.00    0.00     0.00    0.00      0.00     0.00   0.00    0.00     0.00    0.00    0.00    0.00   0.00
loop6            0.00      0.00     0.00   0.00    0.00     0.00    0.00      0.00     0.00   0.00    0.00     0.00    0.00      0.00     0.00   0.00    0.00     0.00    0.00    0.00    0.00   0.00
sda              0.00      0.00     0.00   0.00    0.00     0.00    6.00     96.00    14.00  70.00    0.17    16.00    0.00      0.00     0.00   0.00    0.00     0.00    0.00    0.00    0.00   0.80
sdb              0.00      0.00     0.00   0.00    0.00     0.00 1244.00  32980.00   190.00  13.25    1.60    26.51    0.00      0.00     0.00   0.00    0.00     0.00    0.00    0.00    1.99  58.80


avg-cpu:  %user   %nice %system %iowait  %steal   %idle
           0.44    0.00    0.39    1.43    0.00   97.74

Device            r/s     rkB/s   rrqm/s  %rrqm r_await rareq-sz     w/s     wkB/s   wrqm/s  %wrqm w_await wareq-sz     d/s     dkB/s   drqm/s  %drqm d_await dareq-sz     f/s f_await  aqu-sz  %util
dm-0             0.00      0.00     0.00   0.00    0.00     0.00  436.00  15124.00     0.00   0.00   23.35    34.69    0.00      0.00     0.00   0.00    0.00     0.00    0.00    0.00   10.18  84.80
dm-1             0.00      0.00     0.00   0.00    0.00     0.00  420.00  15000.00     0.00   0.00   26.25    35.71    0.00      0.00     0.00   0.00    0.00     0.00    0.00    0.00   11.02  84.80
dm-2             0.00      0.00     0.00   0.00    0.00     0.00   39.00    156.00     0.00   0.00    2.77     4.00    0.00      0.00     0.00   0.00    0.00     0.00    0.00    0.00    0.11   4.80
loop0            0.00      0.00     0.00   0.00    0.00     0.00    0.00      0.00     0.00   0.00    0.00     0.00    0.00      0.00     0.00   0.00    0.00     0.00    0.00    0.00    0.00   0.00
loop1            0.00      0.00     0.00   0.00    0.00     0.00    0.00      0.00     0.00   0.00    0.00     0.00    0.00      0.00     0.00   0.00    0.00     0.00    0.00    0.00    0.00   0.00
loop2            0.00      0.00     0.00   0.00    0.00     0.00    0.00      0.00     0.00   0.00    0.00     0.00    0.00      0.00     0.00   0.00    0.00     0.00    0.00    0.00    0.00   0.00
loop3            0.00      0.00     0.00   0.00    0.00     0.00    0.00      0.00     0.00   0.00    0.00     0.00    0.00      0.00     0.00   0.00    0.00     0.00    0.00    0.00    0.00   0.00
loop4            0.00      0.00     0.00   0.00    0.00     0.00    0.00      0.00     0.00   0.00    0.00     0.00    0.00      0.00     0.00   0.00    0.00     0.00    0.00    0.00    0.00   0.00
loop5            0.00      0.00     0.00   0.00    0.00     0.00    0.00      0.00     0.00   0.00    0.00     0.00    0.00      0.00     0.00   0.00    0.00     0.00    0.00    0.00    0.00   0.00
loop6            0.00      0.00     0.00   0.00    0.00     0.00    0.00      0.00     0.00   0.00    0.00     0.00    0.00      0.00     0.00   0.00    0.00     0.00    0.00    0.00    0.00   0.00
sda              0.00      0.00     0.00   0.00    0.00     0.00   12.00    156.00    27.00  69.23    3.00    13.00    0.00      0.00     0.00   0.00    0.00     0.00    0.00    0.00    0.04   4.80
sdb              0.00      0.00     0.00   0.00    0.00     0.00  652.00  27556.00   165.00  20.20   25.27    42.26    0.00      0.00     0.00   0.00    0.00     0.00    0.00    0.00   16.48  86.00


avg-cpu:  %user   %nice %system %iowait  %steal   %idle
           0.50    0.00    0.44    1.51    0.00   97.55

Device            r/s     rkB/s   rrqm/s  %rrqm r_await rareq-sz     w/s     wkB/s   wrqm/s  %wrqm w_await wareq-sz     d/s     dkB/s   drqm/s  %drqm d_await dareq-sz     f/s f_await  aqu-sz  %util
dm-0             0.00      0.00     0.00   0.00    0.00     0.00  342.00  13848.00     0.00   0.00   62.11    40.49    0.00      0.00     0.00   0.00    0.00     0.00    0.00    0.00   21.24  90.40
dm-1             0.00      0.00     0.00   0.00    0.00     0.00  978.00  16452.00     0.00   0.00   39.49    16.82    0.00      0.00     0.00   0.00    0.00     0.00    0.00    0.00   38.62  94.00
dm-2             0.00      0.00     0.00   0.00    0.00     0.00   36.00    160.00     0.00   0.00    2.00     4.44    0.00      0.00     0.00   0.00    0.00     0.00    0.00    0.00    0.07   3.60
loop0            0.00      0.00     0.00   0.00    0.00     0.00    0.00      0.00     0.00   0.00    0.00     0.00    0.00      0.00     0.00   0.00    0.00     0.00    0.00    0.00    0.00   0.00
loop1            0.00      0.00     0.00   0.00    0.00     0.00    0.00      0.00     0.00   0.00    0.00     0.00    0.00      0.00     0.00   0.00    0.00     0.00    0.00    0.00    0.00   0.00
loop2            0.00      0.00     0.00   0.00    0.00     0.00    0.00      0.00     0.00   0.00    0.00     0.00    0.00      0.00     0.00   0.00    0.00     0.00    0.00    0.00    0.00   0.00
loop3            0.00      0.00     0.00   0.00    0.00     0.00    0.00      0.00     0.00   0.00    0.00     0.00    0.00      0.00     0.00   0.00    0.00     0.00    0.00    0.00    0.00   0.00
loop4            0.00      0.00     0.00   0.00    0.00     0.00    0.00      0.00     0.00   0.00    0.00     0.00    0.00      0.00     0.00   0.00    0.00     0.00    0.00    0.00    0.00   0.00
loop5            0.00      0.00     0.00   0.00    0.00     0.00    0.00      0.00     0.00   0.00    0.00     0.00    0.00      0.00     0.00   0.00    0.00     0.00    0.00    0.00    0.00   0.00
loop6            0.00      0.00     0.00   0.00    0.00     0.00    0.00      0.00     0.00   0.00    0.00     0.00    0.00      0.00     0.00   0.00    0.00     0.00    0.00    0.00    0.00   0.00
sda              0.00      0.00     0.00   0.00    0.00     0.00   20.00    160.00    16.00  44.44    4.90     8.00    0.00      0.00     0.00   0.00    0.00     0.00    0.00    0.00    0.10   3.60
sdb              0.00      0.00     0.00   0.00    0.00     0.00  500.00  28792.00   802.00  61.60   70.87    57.58    0.00      0.00     0.00   0.00    0.00     0.00    0.00    0.00   35.44  94.80


avg-cpu:  %user   %nice %system %iowait  %steal   %idle
           0.61    0.00    0.44    2.40    0.00   96.55

Device            r/s     rkB/s   rrqm/s  %rrqm r_await rareq-sz     w/s     wkB/s   wrqm/s  %wrqm w_await wareq-sz     d/s     dkB/s   drqm/s  %drqm d_await dareq-sz     f/s f_await  aqu-sz  %util
dm-0             0.00      0.00     0.00   0.00    0.00     0.00  288.00  13032.00     0.00   0.00  109.88    45.25    0.00      0.00     0.00   0.00    0.00     0.00    0.00    0.00   31.64  88.80
dm-1             0.00      0.00     0.00   0.00    0.00     0.00  797.00  15068.00     0.00   0.00  110.07    18.91    0.00      0.00     0.00   0.00    0.00     0.00    0.00    0.00   87.73  93.60
dm-2             0.00      0.00     0.00   0.00    0.00     0.00    8.00     32.00     0.00   0.00    1.00     4.00    0.00      0.00     0.00   0.00    0.00     0.00    0.00    0.00    0.01   1.20
loop0            0.00      0.00     0.00   0.00    0.00     0.00    0.00      0.00     0.00   0.00    0.00     0.00    0.00      0.00     0.00   0.00    0.00     0.00    0.00    0.00    0.00   0.00
loop1            0.00      0.00     0.00   0.00    0.00     0.00    0.00      0.00     0.00   0.00    0.00     0.00    0.00      0.00     0.00   0.00    0.00     0.00    0.00    0.00    0.00   0.00
loop2            0.00      0.00     0.00   0.00    0.00     0.00    0.00      0.00     0.00   0.00    0.00     0.00    0.00      0.00     0.00   0.00    0.00     0.00    0.00    0.00    0.00   0.00
loop3            0.00      0.00     0.00   0.00    0.00     0.00    0.00      0.00     0.00   0.00    0.00     0.00    0.00      0.00     0.00   0.00    0.00     0.00    0.00    0.00    0.00   0.00
loop4            0.00      0.00     0.00   0.00    0.00     0.00    0.00      0.00     0.00   0.00    0.00     0.00    0.00      0.00     0.00   0.00    0.00     0.00    0.00    0.00    0.00   0.00
loop5            0.00      0.00     0.00   0.00    0.00     0.00    0.00      0.00     0.00   0.00    0.00     0.00    0.00      0.00     0.00   0.00    0.00     0.00    0.00    0.00    0.00   0.00
loop6            0.00      0.00     0.00   0.00    0.00     0.00    0.00      0.00     0.00   0.00    0.00     0.00    0.00      0.00     0.00   0.00    0.00     0.00    0.00    0.00    0.00   0.00
sda              0.00      0.00     0.00   0.00    0.00     0.00    3.00     32.00     5.00  62.50    1.33    10.67    0.00      0.00     0.00   0.00    0.00     0.00    0.00    0.00    0.00   1.20
sdb              0.00      0.00     0.00   0.00    0.00     0.00  446.00  29796.00   665.00  59.86   95.70    66.81    0.00      0.00     0.00   0.00    0.00     0.00    0.00    0.00   42.68  99.20


avg-cpu:  %user   %nice %system %iowait  %steal   %idle
           0.60    0.00    0.38    2.46    0.00   96.57

Device            r/s     rkB/s   rrqm/s  %rrqm r_await rareq-sz     w/s     wkB/s   wrqm/s  %wrqm w_await wareq-sz     d/s     dkB/s   drqm/s  %drqm d_await dareq-sz     f/s f_await  aqu-sz  %util
dm-0             0.00      0.00     0.00   0.00    0.00     0.00  296.00  13664.00     0.00   0.00   85.28    46.16    0.00      0.00     0.00   0.00    0.00     0.00    0.00    0.00   25.24  96.40
dm-1             0.00      0.00     0.00   0.00    0.00     0.00  903.00  13992.00     0.00   0.00  102.46    15.50    0.00      0.00     0.00   0.00    0.00     0.00    0.00    0.00   92.52  98.40
dm-2             0.00      0.00     0.00   0.00    0.00     0.00  139.00    604.00     0.00   0.00    4.23     4.35    0.00      0.00     0.00   0.00    0.00     0.00    0.00    0.00    0.59   4.00
loop0            0.00      0.00     0.00   0.00    0.00     0.00    0.00      0.00     0.00   0.00    0.00     0.00    0.00      0.00     0.00   0.00    0.00     0.00    0.00    0.00    0.00   0.00
loop1            0.00      0.00     0.00   0.00    0.00     0.00    0.00      0.00     0.00   0.00    0.00     0.00    0.00      0.00     0.00   0.00    0.00     0.00    0.00    0.00    0.00   0.00
loop2            0.00      0.00     0.00   0.00    0.00     0.00    0.00      0.00     0.00   0.00    0.00     0.00    0.00      0.00     0.00   0.00    0.00     0.00    0.00    0.00    0.00   0.00
loop3            0.00      0.00     0.00   0.00    0.00     0.00    0.00      0.00     0.00   0.00    0.00     0.00    0.00      0.00     0.00   0.00    0.00     0.00    0.00    0.00    0.00   0.00
loop4            0.00      0.00     0.00   0.00    0.00     0.00    0.00      0.00     0.00   0.00    0.00     0.00    0.00      0.00     0.00   0.00    0.00     0.00    0.00    0.00    0.00   0.00
loop5            0.00      0.00     0.00   0.00    0.00     0.00    0.00      0.00     0.00   0.00    0.00     0.00    0.00      0.00     0.00   0.00    0.00     0.00    0.00    0.00    0.00   0.00
loop6            0.00      0.00     0.00   0.00    0.00     0.00    0.00      0.00     0.00   0.00    0.00     0.00    0.00      0.00     0.00   0.00    0.00     0.00    0.00    0.00    0.00   0.00
sda              0.00      0.00     0.00   0.00    0.00     0.00  119.00    604.00    20.00  14.39    5.63     5.08    0.00      0.00     0.00   0.00    0.00     0.00    0.00    0.00    0.67   4.00
sdb              0.00      0.00     0.00   0.00    0.00     0.00  397.00  26828.00   788.00  66.50   97.68    67.58    0.00      0.00     0.00   0.00    0.00     0.00    0.00    0.00   38.78  98.40


avg-cpu:  %user   %nice %system %iowait  %steal   %idle
           0.36    0.00    0.39    2.62    0.00   96.63

Device            r/s     rkB/s   rrqm/s  %rrqm r_await rareq-sz     w/s     wkB/s   wrqm/s  %wrqm w_await wareq-sz     d/s     dkB/s   drqm/s  %drqm d_await dareq-sz     f/s f_await  aqu-sz  %util
dm-0             0.00      0.00     0.00   0.00    0.00     0.00  265.00  11920.00     0.00   0.00  155.65    44.98    0.00      0.00     0.00   0.00    0.00     0.00    0.00    0.00   41.25  92.80
dm-1             0.00      0.00     0.00   0.00    0.00     0.00  791.00  14444.00     0.00   0.00  138.95    18.26    0.00      0.00     0.00   0.00    0.00     0.00    0.00    0.00  109.91  98.40
dm-2             0.00      0.00     0.00   0.00    0.00     0.00   22.00    120.00     0.00   0.00    1.09     5.45    0.00      0.00     0.00   0.00    0.00     0.00    0.00    0.00    0.02   2.40
loop0            0.00      0.00     0.00   0.00    0.00     0.00    0.00      0.00     0.00   0.00    0.00     0.00    0.00      0.00     0.00   0.00    0.00     0.00    0.00    0.00    0.00   0.00
loop1            0.00      0.00     0.00   0.00    0.00     0.00    0.00      0.00     0.00   0.00    0.00     0.00    0.00      0.00     0.00   0.00    0.00     0.00    0.00    0.00    0.00   0.00
loop2            0.00      0.00     0.00   0.00    0.00     0.00    0.00      0.00     0.00   0.00    0.00     0.00    0.00      0.00     0.00   0.00    0.00     0.00    0.00    0.00    0.00   0.00
loop3            0.00      0.00     0.00   0.00    0.00     0.00    0.00      0.00     0.00   0.00    0.00     0.00    0.00      0.00     0.00   0.00    0.00     0.00    0.00    0.00    0.00   0.00
loop4            0.00      0.00     0.00   0.00    0.00     0.00    0.00      0.00     0.00   0.00    0.00     0.00    0.00      0.00     0.00   0.00    0.00     0.00    0.00    0.00    0.00   0.00
loop5            0.00      0.00     0.00   0.00    0.00     0.00    0.00      0.00     0.00   0.00    0.00     0.00    0.00      0.00     0.00   0.00    0.00     0.00    0.00    0.00    0.00   0.00
loop6            0.00      0.00     0.00   0.00    0.00     0.00    0.00      0.00     0.00   0.00    0.00     0.00    0.00      0.00     0.00   0.00    0.00     0.00    0.00    0.00    0.00   0.00
sda              0.00      0.00     0.00   0.00    0.00     0.00    7.00    120.00    15.00  68.18    2.14    17.14    0.00      0.00     0.00   0.00    0.00     0.00    0.00    0.00    0.01   2.40
sdb              0.00      0.00     0.00   0.00    0.00     0.00  395.00  26816.00   668.00  62.84  132.19    67.89    0.00      0.00     0.00   0.00    0.00     0.00    0.00    0.00   52.22  98.40


avg-cpu:  %user   %nice %system %iowait  %steal   %idle
           0.47    0.00    0.30    2.57    0.00   96.66

Device            r/s     rkB/s   rrqm/s  %rrqm r_await rareq-sz     w/s     wkB/s   wrqm/s  %wrqm w_await wareq-sz     d/s     dkB/s   drqm/s  %drqm d_await dareq-sz     f/s f_await  aqu-sz  %util
dm-0             0.00      0.00     0.00   0.00    0.00     0.00  272.00  12308.00     0.00   0.00  159.90    45.25    0.00      0.00     0.00   0.00    0.00     0.00    0.00    0.00   43.49  96.40
dm-1             0.00      0.00     0.00   0.00    0.00     0.00  985.00  17980.00     0.00   0.00  121.50    18.25    0.00      0.00     0.00   0.00    0.00     0.00    0.00    0.00  119.68  96.80
dm-2             0.00      0.00     0.00   0.00    0.00     0.00   33.00    132.00     0.00   0.00    3.03     4.00    0.00      0.00     0.00   0.00    0.00     0.00    0.00    0.00    0.10   4.00
loop0            0.00      0.00     0.00   0.00    0.00     0.00    0.00      0.00     0.00   0.00    0.00     0.00    0.00      0.00     0.00   0.00    0.00     0.00    0.00    0.00    0.00   0.00
loop1            0.00      0.00     0.00   0.00    0.00     0.00    0.00      0.00     0.00   0.00    0.00     0.00    0.00      0.00     0.00   0.00    0.00     0.00    0.00    0.00    0.00   0.00
loop2            0.00      0.00     0.00   0.00    0.00     0.00    0.00      0.00     0.00   0.00    0.00     0.00    0.00      0.00     0.00   0.00    0.00     0.00    0.00    0.00    0.00   0.00
loop3            0.00      0.00     0.00   0.00    0.00     0.00    0.00      0.00     0.00   0.00    0.00     0.00    0.00      0.00     0.00   0.00    0.00     0.00    0.00    0.00    0.00   0.00
loop4            0.00      0.00     0.00   0.00    0.00     0.00    0.00      0.00     0.00   0.00    0.00     0.00    0.00      0.00     0.00   0.00    0.00     0.00    0.00    0.00    0.00   0.00
loop5            0.00      0.00     0.00   0.00    0.00     0.00    0.00      0.00     0.00   0.00    0.00     0.00    0.00      0.00     0.00   0.00    0.00     0.00    0.00    0.00    0.00   0.00
loop6            0.00      0.00     0.00   0.00    0.00     0.00    0.00      0.00     0.00   0.00    0.00     0.00    0.00      0.00     0.00   0.00    0.00     0.00    0.00    0.00    0.00   0.00
sda              0.00      0.00     0.00   0.00    0.00     0.00   11.00    132.00    22.00  66.67    3.27    12.00    0.00      0.00     0.00   0.00    0.00     0.00    0.00    0.00    0.04   4.00
sdb              0.00      0.00     0.00   0.00    0.00     0.00  425.00  29128.00   815.00  65.73  120.76    68.54    0.00      0.00     0.00   0.00    0.00     0.00    0.00    0.00   51.32  98.80


avg-cpu:  %user   %nice %system %iowait  %steal   %idle
           0.50    0.00    0.39    2.97    0.00   96.13

Device            r/s     rkB/s   rrqm/s  %rrqm r_await rareq-sz     w/s     wkB/s   wrqm/s  %wrqm w_await wareq-sz     d/s     dkB/s   drqm/s  %drqm d_await dareq-sz     f/s f_await  aqu-sz  %util
dm-0             0.00      0.00     0.00   0.00    0.00     0.00  298.00  13312.00     0.00   0.00  129.88    44.67    0.00      0.00     0.00   0.00    0.00     0.00    0.00    0.00   38.70  98.40
dm-1             0.00      0.00     0.00   0.00    0.00     0.00  855.00  11820.00     0.00   0.00  147.80    13.82    0.00      0.00     0.00   0.00    0.00     0.00    0.00    0.00  126.37  88.00
dm-2             0.00      0.00     0.00   0.00    0.00     0.00   29.00    136.00     0.00   0.00    4.41     4.69    0.00      0.00     0.00   0.00    0.00     0.00    0.00    0.00    0.13   4.80
loop0            0.00      0.00     0.00   0.00    0.00     0.00    0.00      0.00     0.00   0.00    0.00     0.00    0.00      0.00     0.00   0.00    0.00     0.00    0.00    0.00    0.00   0.00
loop1            0.00      0.00     0.00   0.00    0.00     0.00    0.00      0.00     0.00   0.00    0.00     0.00    0.00      0.00     0.00   0.00    0.00     0.00    0.00    0.00    0.00   0.00
loop2            0.00      0.00     0.00   0.00    0.00     0.00    0.00      0.00     0.00   0.00    0.00     0.00    0.00      0.00     0.00   0.00    0.00     0.00    0.00    0.00    0.00   0.00
loop3            0.00      0.00     0.00   0.00    0.00     0.00    0.00      0.00     0.00   0.00    0.00     0.00    0.00      0.00     0.00   0.00    0.00     0.00    0.00    0.00    0.00   0.00
loop4            0.00      0.00     0.00   0.00    0.00     0.00    0.00      0.00     0.00   0.00    0.00     0.00    0.00      0.00     0.00   0.00    0.00     0.00    0.00    0.00    0.00   0.00
loop5            0.00      0.00     0.00   0.00    0.00     0.00    0.00      0.00     0.00   0.00    0.00     0.00    0.00      0.00     0.00   0.00    0.00     0.00    0.00    0.00    0.00   0.00
loop6            0.00      0.00     0.00   0.00    0.00     0.00    0.00      0.00     0.00   0.00    0.00     0.00    0.00      0.00     0.00   0.00    0.00     0.00    0.00    0.00    0.00   0.00
sda              0.00      0.00     0.00   0.00    0.00     0.00   10.00    136.00    19.00  65.52    3.40    13.60    0.00      0.00     0.00   0.00    0.00     0.00    0.00    0.00    0.04   4.80
sdb              0.00      0.00     0.00   0.00    0.00     0.00  422.00  28984.00   785.00  65.04  121.98    68.68    0.00      0.00     0.00   0.00    0.00     0.00    0.00    0.00   51.48  99.60


avg-cpu:  %user   %nice %system %iowait  %steal   %idle
           0.60    0.00    0.35    3.09    0.00   95.97

Device            r/s     rkB/s   rrqm/s  %rrqm r_await rareq-sz     w/s     wkB/s   wrqm/s  %wrqm w_await wareq-sz     d/s     dkB/s   drqm/s  %drqm d_await dareq-sz     f/s f_await  aqu-sz  %util
dm-0             0.00      0.00     0.00   0.00    0.00     0.00  269.00  12116.00     0.00   0.00  112.07    45.04    0.00      0.00     0.00   0.00    0.00     0.00    0.00    0.00   30.15  97.20
dm-1             0.00      0.00     0.00   0.00    0.00     0.00 1009.00  18796.00     0.00   0.00  105.45    18.63    0.00      0.00     0.00   0.00    0.00     0.00    0.00    0.00  106.40 104.00
dm-2             0.00      0.00     0.00   0.00    0.00     0.00   47.00    188.00     0.00   0.00    4.43     4.00    0.00      0.00     0.00   0.00    0.00     0.00    0.00    0.00    0.21   4.80
loop0            0.00      0.00     0.00   0.00    0.00     0.00    0.00      0.00     0.00   0.00    0.00     0.00    0.00      0.00     0.00   0.00    0.00     0.00    0.00    0.00    0.00   0.00
loop1            0.00      0.00     0.00   0.00    0.00     0.00    0.00      0.00     0.00   0.00    0.00     0.00    0.00      0.00     0.00   0.00    0.00     0.00    0.00    0.00    0.00   0.00
loop2            0.00      0.00     0.00   0.00    0.00     0.00    0.00      0.00     0.00   0.00    0.00     0.00    0.00      0.00     0.00   0.00    0.00     0.00    0.00    0.00    0.00   0.00
loop3            0.00      0.00     0.00   0.00    0.00     0.00    0.00      0.00     0.00   0.00    0.00     0.00    0.00      0.00     0.00   0.00    0.00     0.00    0.00    0.00    0.00   0.00
loop4            0.00      0.00     0.00   0.00    0.00     0.00    0.00      0.00     0.00   0.00    0.00     0.00    0.00      0.00     0.00   0.00    0.00     0.00    0.00    0.00    0.00   0.00
loop5            0.00      0.00     0.00   0.00    0.00     0.00    0.00      0.00     0.00   0.00    0.00     0.00    0.00      0.00     0.00   0.00    0.00     0.00    0.00    0.00    0.00   0.00
loop6            0.00      0.00     0.00   0.00    0.00     0.00    0.00      0.00     0.00   0.00    0.00     0.00    0.00      0.00     0.00   0.00    0.00     0.00    0.00    0.00    0.00   0.00
sda              0.00      0.00     0.00   0.00    0.00     0.00   26.00    188.00    21.00  44.68    3.15     7.23    0.00      0.00     0.00   0.00    0.00     0.00    0.00    0.00    0.08   4.80
sdb              0.00      0.00     0.00   0.00    0.00     0.00  418.00  27556.00   816.00  66.13   96.24    65.92    0.00      0.00     0.00   0.00    0.00     0.00    0.00    0.00   40.23  98.40


avg-cpu:  %user   %nice %system %iowait  %steal   %idle
           0.44    0.00    0.24    2.71    0.00   96.61

Device            r/s     rkB/s   rrqm/s  %rrqm r_await rareq-sz     w/s     wkB/s   wrqm/s  %wrqm w_await wareq-sz     d/s     dkB/s   drqm/s  %drqm d_await dareq-sz     f/s f_await  aqu-sz  %util
dm-0             0.00      0.00     0.00   0.00    0.00     0.00  296.00  13364.00     0.00   0.00  109.66    45.15    0.00      0.00     0.00   0.00    0.00     0.00    0.00    0.00   32.46  96.40
dm-1             0.00      0.00     0.00   0.00    0.00     0.00  588.00  10572.00     0.00   0.00  124.49    17.98    0.00      0.00     0.00   0.00    0.00     0.00    0.00    0.00   73.20  98.40
dm-2             0.00      0.00     0.00   0.00    0.00     0.00   19.00     92.00     0.00   0.00    7.79     4.84    0.00      0.00     0.00   0.00    0.00     0.00    0.00    0.00    0.15   4.00
loop0            0.00      0.00     0.00   0.00    0.00     0.00    0.00      0.00     0.00   0.00    0.00     0.00    0.00      0.00     0.00   0.00    0.00     0.00    0.00    0.00    0.00   0.00
loop1            0.00      0.00     0.00   0.00    0.00     0.00    0.00      0.00     0.00   0.00    0.00     0.00    0.00      0.00     0.00   0.00    0.00     0.00    0.00    0.00    0.00   0.00
loop2            0.00      0.00     0.00   0.00    0.00     0.00    0.00      0.00     0.00   0.00    0.00     0.00    0.00      0.00     0.00   0.00    0.00     0.00    0.00    0.00    0.00   0.00
loop3            0.00      0.00     0.00   0.00    0.00     0.00    0.00      0.00     0.00   0.00    0.00     0.00    0.00      0.00     0.00   0.00    0.00     0.00    0.00    0.00    0.00   0.00
loop4            0.00      0.00     0.00   0.00    0.00     0.00    0.00      0.00     0.00   0.00    0.00     0.00    0.00      0.00     0.00   0.00    0.00     0.00    0.00    0.00    0.00   0.00
loop5            0.00      0.00     0.00   0.00    0.00     0.00    0.00      0.00     0.00   0.00    0.00     0.00    0.00      0.00     0.00   0.00    0.00     0.00    0.00    0.00    0.00   0.00
loop6            0.00      0.00     0.00   0.00    0.00     0.00    0.00      0.00     0.00   0.00    0.00     0.00    0.00      0.00     0.00   0.00    0.00     0.00    0.00    0.00    0.00   0.00
sda              0.00      0.00     0.00   0.00    0.00     0.00    6.00     92.00    13.00  68.42    5.50    15.33    0.00      0.00     0.00   0.00    0.00     0.00    0.00    0.00    0.03   4.00
sdb              0.00      0.00     0.00   0.00    0.00     0.00  395.00  26460.00   520.00  56.83  112.46    66.99    0.00      0.00     0.00   0.00    0.00     0.00    0.00    0.00   44.42  97.60


avg-cpu:  %user   %nice %system %iowait  %steal   %idle
           0.55    0.00    0.49    2.81    0.00   96.16

Device            r/s     rkB/s   rrqm/s  %rrqm r_await rareq-sz     w/s     wkB/s   wrqm/s  %wrqm w_await wareq-sz     d/s     dkB/s   drqm/s  %drqm d_await dareq-sz     f/s f_await  aqu-sz  %util
dm-0             0.00      0.00     0.00   0.00    0.00     0.00  312.00  13908.00     0.00   0.00  107.97    44.58    0.00      0.00     0.00   0.00    0.00     0.00    0.00    0.00   33.69  88.80
dm-1             0.00      0.00     0.00   0.00    0.00     0.00  987.00  17928.00     0.00   0.00   95.56    18.16    0.00      0.00     0.00   0.00    0.00     0.00    0.00    0.00   94.32 102.00
dm-2             0.00      0.00     0.00   0.00    0.00     0.00   38.00    152.00     0.00   0.00    4.42     4.00    0.00      0.00     0.00   0.00    0.00     0.00    0.00    0.00    0.17   4.40
loop0            0.00      0.00     0.00   0.00    0.00     0.00    0.00      0.00     0.00   0.00    0.00     0.00    0.00      0.00     0.00   0.00    0.00     0.00    0.00    0.00    0.00   0.00
loop1            0.00      0.00     0.00   0.00    0.00     0.00    0.00      0.00     0.00   0.00    0.00     0.00    0.00      0.00     0.00   0.00    0.00     0.00    0.00    0.00    0.00   0.00
loop2            0.00      0.00     0.00   0.00    0.00     0.00    0.00      0.00     0.00   0.00    0.00     0.00    0.00      0.00     0.00   0.00    0.00     0.00    0.00    0.00    0.00   0.00
loop3            0.00      0.00     0.00   0.00    0.00     0.00    0.00      0.00     0.00   0.00    0.00     0.00    0.00      0.00     0.00   0.00    0.00     0.00    0.00    0.00    0.00   0.00
loop4            0.00      0.00     0.00   0.00    0.00     0.00    0.00      0.00     0.00   0.00    0.00     0.00    0.00      0.00     0.00   0.00    0.00     0.00    0.00    0.00    0.00   0.00
loop5            0.00      0.00     0.00   0.00    0.00     0.00    0.00      0.00     0.00   0.00    0.00     0.00    0.00      0.00     0.00   0.00    0.00     0.00    0.00    0.00    0.00   0.00
loop6            0.00      0.00     0.00   0.00    0.00     0.00    0.00      0.00     0.00   0.00    0.00     0.00    0.00      0.00     0.00   0.00    0.00     0.00    0.00    0.00    0.00   0.00
sda              0.00      0.00     0.00   0.00    0.00     0.00   11.00    152.00    27.00  71.05    3.27    13.82    0.00      0.00     0.00   0.00    0.00     0.00    0.00    0.00    0.04   4.40
sdb              0.00      0.00     0.00   0.00    0.00     0.00  431.00  28720.00   826.00  65.71  105.06    66.64    0.00      0.00     0.00   0.00    0.00     0.00    0.00    0.00   45.28  98.00


avg-cpu:  %user   %nice %system %iowait  %steal   %idle
           0.50    0.00    0.39    2.24    0.00   96.87

Device            r/s     rkB/s   rrqm/s  %rrqm r_await rareq-sz     w/s     wkB/s   wrqm/s  %wrqm w_await wareq-sz     d/s     dkB/s   drqm/s  %drqm d_await dareq-sz     f/s f_await  aqu-sz  %util
dm-0             0.00      0.00     0.00   0.00    0.00     0.00  272.00  12248.00     0.00   0.00  155.85    45.03    0.00      0.00     0.00   0.00    0.00     0.00    0.00    0.00   42.39 104.00
dm-1             1.00    256.00     0.00   0.00    0.00   256.00  731.00  16904.00     0.00   0.00   81.60    23.12    0.00      0.00     0.00   0.00    0.00     0.00    0.00    0.00   59.65  94.80
dm-2             0.00      0.00     0.00   0.00    0.00     0.00   99.00    460.00     0.00   0.00    5.58     4.65    0.00      0.00     0.00   0.00    0.00     0.00    0.00    0.00    0.55   3.20
loop0            0.00      0.00     0.00   0.00    0.00     0.00    0.00      0.00     0.00   0.00    0.00     0.00    0.00      0.00     0.00   0.00    0.00     0.00    0.00    0.00    0.00   0.00
loop1            0.00      0.00     0.00   0.00    0.00     0.00    0.00      0.00     0.00   0.00    0.00     0.00    0.00      0.00     0.00   0.00    0.00     0.00    0.00    0.00    0.00   0.00
loop2            0.00      0.00     0.00   0.00    0.00     0.00    0.00      0.00     0.00   0.00    0.00     0.00    0.00      0.00     0.00   0.00    0.00     0.00    0.00    0.00    0.00   0.00
loop3            0.00      0.00     0.00   0.00    0.00     0.00    0.00      0.00     0.00   0.00    0.00     0.00    0.00      0.00     0.00   0.00    0.00     0.00    0.00    0.00    0.00   0.00
loop4            0.00      0.00     0.00   0.00    0.00     0.00    0.00      0.00     0.00   0.00    0.00     0.00    0.00      0.00     0.00   0.00    0.00     0.00    0.00    0.00    0.00   0.00
loop5            0.00      0.00     0.00   0.00    0.00     0.00    0.00      0.00     0.00   0.00    0.00     0.00    0.00      0.00     0.00   0.00    0.00     0.00    0.00    0.00    0.00   0.00
loop6            0.00      0.00     0.00   0.00    0.00     0.00    0.00      0.00     0.00   0.00    0.00     0.00    0.00      0.00     0.00   0.00    0.00     0.00    0.00    0.00    0.00   0.00
sda              0.00      0.00     0.00   0.00    0.00     0.00   81.00    460.00    18.00  18.18    6.30     5.68    0.00      0.00     0.00   0.00    0.00     0.00    0.00    0.00    0.51   3.20
sdb              0.00      0.00     0.00   0.00    0.00     0.00  426.00  28740.00   567.00  57.10  120.03    67.46    0.00      0.00     0.00   0.00    0.00     0.00    0.00    0.00   51.13  99.60


avg-cpu:  %user   %nice %system %iowait  %steal   %idle
           0.31    0.00    0.56    3.05    0.00   96.07

Device            r/s     rkB/s   rrqm/s  %rrqm r_await rareq-sz     w/s     wkB/s   wrqm/s  %wrqm w_await wareq-sz     d/s     dkB/s   drqm/s  %drqm d_await dareq-sz     f/s f_await  aqu-sz  %util
dm-0             0.00      0.00     0.00   0.00    0.00     0.00  273.00  12372.00     0.00   0.00  145.99    45.32    0.00      0.00     0.00   0.00    0.00     0.00    0.00    0.00   39.86  97.60
dm-1             3.00    768.00     0.00   0.00  393.33   256.00  270.00  12300.00     0.00   0.00  113.04    45.56    0.00      0.00     0.00   0.00    0.00     0.00    0.00    0.00   31.70  98.00
dm-2             0.00      0.00     0.00   0.00    0.00     0.00   42.00    168.00     0.00   0.00    2.29     4.00    0.00      0.00     0.00   0.00    0.00     0.00    0.00    0.00    0.10   4.40
loop0            0.00      0.00     0.00   0.00    0.00     0.00    0.00      0.00     0.00   0.00    0.00     0.00    0.00      0.00     0.00   0.00    0.00     0.00    0.00    0.00    0.00   0.00
loop1            0.00      0.00     0.00   0.00    0.00     0.00    0.00      0.00     0.00   0.00    0.00     0.00    0.00      0.00     0.00   0.00    0.00     0.00    0.00    0.00    0.00   0.00
loop2            0.00      0.00     0.00   0.00    0.00     0.00    0.00      0.00     0.00   0.00    0.00     0.00    0.00      0.00     0.00   0.00    0.00     0.00    0.00    0.00    0.00   0.00
loop3            0.00      0.00     0.00   0.00    0.00     0.00    0.00      0.00     0.00   0.00    0.00     0.00    0.00      0.00     0.00   0.00    0.00     0.00    0.00    0.00    0.00   0.00
loop4            0.00      0.00     0.00   0.00    0.00     0.00    0.00      0.00     0.00   0.00    0.00     0.00    0.00      0.00     0.00   0.00    0.00     0.00    0.00    0.00    0.00   0.00
loop5            0.00      0.00     0.00   0.00    0.00     0.00    0.00      0.00     0.00   0.00    0.00     0.00    0.00      0.00     0.00   0.00    0.00     0.00    0.00    0.00    0.00   0.00
loop6            0.00      0.00     0.00   0.00    0.00     0.00    0.00      0.00     0.00   0.00    0.00     0.00    0.00      0.00     0.00   0.00    0.00     0.00    0.00    0.00    0.00   0.00
sda              0.00      0.00     0.00   0.00    0.00     0.00   14.00    168.00    28.00  66.67    2.50    12.00    0.00      0.00     0.00   0.00    0.00     0.00    0.00    0.00    0.04   4.40
sdb              3.00    768.00     0.00   0.00  395.00   256.00  402.00  26656.00   173.00  30.09  124.36    66.31    0.00      0.00     0.00   0.00    0.00     0.00    0.00    0.00   51.18  98.00


avg-cpu:  %user   %nice %system %iowait  %steal   %idle
           0.48    0.00    0.53    3.19    0.00   95.79

Device            r/s     rkB/s   rrqm/s  %rrqm r_await rareq-sz     w/s     wkB/s   wrqm/s  %wrqm w_await wareq-sz     d/s     dkB/s   drqm/s  %drqm d_await dareq-sz     f/s f_await  aqu-sz  %util
dm-0             0.00      0.00     0.00   0.00    0.00     0.00  273.00  12372.00     0.00   0.00  126.64    45.32    0.00      0.00     0.00   0.00    0.00     0.00    0.00    0.00   34.57  94.00
dm-1             3.00    768.00     0.00   0.00  388.00   256.00  327.00  14688.00     0.00   0.00   77.04    44.92    0.00      0.00     0.00   0.00    0.00     0.00    0.00    0.00   26.36  98.80
dm-2             0.00      0.00     0.00   0.00    0.00     0.00   35.00    156.00     0.00   0.00    2.06     4.46    0.00      0.00     0.00   0.00    0.00     0.00    0.00    0.00    0.07   2.40
loop0            0.00      0.00     0.00   0.00    0.00     0.00    0.00      0.00     0.00   0.00    0.00     0.00    0.00      0.00     0.00   0.00    0.00     0.00    0.00    0.00    0.00   0.00
loop1            0.00      0.00     0.00   0.00    0.00     0.00    0.00      0.00     0.00   0.00    0.00     0.00    0.00      0.00     0.00   0.00    0.00     0.00    0.00    0.00    0.00   0.00
loop2            0.00      0.00     0.00   0.00    0.00     0.00    0.00      0.00     0.00   0.00    0.00     0.00    0.00      0.00     0.00   0.00    0.00     0.00    0.00    0.00    0.00   0.00
loop3            0.00      0.00     0.00   0.00    0.00     0.00    0.00      0.00     0.00   0.00    0.00     0.00    0.00      0.00     0.00   0.00    0.00     0.00    0.00    0.00    0.00   0.00
loop4            0.00      0.00     0.00   0.00    0.00     0.00    0.00      0.00     0.00   0.00    0.00     0.00    0.00      0.00     0.00   0.00    0.00     0.00    0.00    0.00    0.00   0.00
loop5            0.00      0.00     0.00   0.00    0.00     0.00    0.00      0.00     0.00   0.00    0.00     0.00    0.00      0.00     0.00   0.00    0.00     0.00    0.00    0.00    0.00   0.00
loop6            0.00      0.00     0.00   0.00    0.00     0.00    0.00      0.00     0.00   0.00    0.00     0.00    0.00      0.00     0.00   0.00    0.00     0.00    0.00    0.00    0.00   0.00
sda              0.00      0.00     0.00   0.00    0.00     0.00   15.00    156.00    20.00  57.14    2.67    10.40    0.00      0.00     0.00   0.00    0.00     0.00    0.00    0.00    0.04   2.40
sdb              3.00    768.00     0.00   0.00  387.00   256.00  443.00  28524.00   176.00  28.43   92.89    64.39    0.00      0.00     0.00   0.00    0.00     0.00    0.00    0.00   42.31  99.20


avg-cpu:  %user   %nice %system %iowait  %steal   %idle
           0.44    0.00    0.38    3.37    0.00   95.81

Device            r/s     rkB/s   rrqm/s  %rrqm r_await rareq-sz     w/s     wkB/s   wrqm/s  %wrqm w_await wareq-sz     d/s     dkB/s   drqm/s  %drqm d_await dareq-sz     f/s f_await  aqu-sz  %util
dm-0             0.00      0.00     0.00   0.00    0.00     0.00  338.00  15392.00     0.00   0.00   87.03    45.54    0.00      0.00     0.00   0.00    0.00     0.00    0.00    0.00   29.42 105.60
dm-1             1.00    256.00     0.00   0.00  660.00   256.00  571.00  14824.00     0.00   0.00  107.66    25.96    0.00      0.00     0.00   0.00    0.00     0.00    0.00    0.00   62.13  94.80
dm-2             0.00      0.00     0.00   0.00    0.00     0.00   31.00    124.00     0.00   0.00    4.26     4.00    0.00      0.00     0.00   0.00    0.00     0.00    0.00    0.00    0.13   4.00
loop0            0.00      0.00     0.00   0.00    0.00     0.00    0.00      0.00     0.00   0.00    0.00     0.00    0.00      0.00     0.00   0.00    0.00     0.00    0.00    0.00    0.00   0.00
loop1            0.00      0.00     0.00   0.00    0.00     0.00    0.00      0.00     0.00   0.00    0.00     0.00    0.00      0.00     0.00   0.00    0.00     0.00    0.00    0.00    0.00   0.00
loop2            0.00      0.00     0.00   0.00    0.00     0.00    0.00      0.00     0.00   0.00    0.00     0.00    0.00      0.00     0.00   0.00    0.00     0.00    0.00    0.00    0.00   0.00
loop3            0.00      0.00     0.00   0.00    0.00     0.00    0.00      0.00     0.00   0.00    0.00     0.00    0.00      0.00     0.00   0.00    0.00     0.00    0.00    0.00    0.00   0.00
loop4            0.00      0.00     0.00   0.00    0.00     0.00    0.00      0.00     0.00   0.00    0.00     0.00    0.00      0.00     0.00   0.00    0.00     0.00    0.00    0.00    0.00   0.00
loop5            0.00      0.00     0.00   0.00    0.00     0.00    0.00      0.00     0.00   0.00    0.00     0.00    0.00      0.00     0.00   0.00    0.00     0.00    0.00    0.00    0.00   0.00
loop6            0.00      0.00     0.00   0.00    0.00     0.00    0.00      0.00     0.00   0.00    0.00     0.00    0.00      0.00     0.00   0.00    0.00     0.00    0.00    0.00    0.00   0.00
sda              0.00      0.00     0.00   0.00    0.00     0.00   11.00    124.00    20.00  64.52    3.00    11.27    0.00      0.00     0.00   0.00    0.00     0.00    0.00    0.00    0.03   4.00
sdb              2.00    512.00     0.00   0.00  329.50   256.00  443.00  29404.00   456.00  50.72  105.10    66.37    0.00      0.00     0.00   0.00    0.00     0.00    0.00    0.00   47.22  98.80


avg-cpu:  %user   %nice %system %iowait  %steal   %idle
           0.47    0.00    0.38    2.87    0.00   96.28

Device            r/s     rkB/s   rrqm/s  %rrqm r_await rareq-sz     w/s     wkB/s   wrqm/s  %wrqm w_await wareq-sz     d/s     dkB/s   drqm/s  %drqm d_await dareq-sz     f/s f_await  aqu-sz  %util
dm-0             0.00      0.00     0.00   0.00    0.00     0.00  340.00  15460.00     0.00   0.00  116.01    45.47    0.00      0.00     0.00   0.00    0.00     0.00    0.00    0.00   39.44  99.20
dm-1             2.00    512.00     0.00   0.00  236.00   256.00  421.00  13984.00     0.00   0.00  102.06    33.22    0.00      0.00     0.00   0.00    0.00     0.00    0.00    0.00   43.44  99.20
dm-2             0.00      0.00     0.00   0.00    0.00     0.00   49.00    216.00     0.00   0.00    3.10     4.41    0.00      0.00     0.00   0.00    0.00     0.00    0.00    0.00    0.15   5.20
loop0            0.00      0.00     0.00   0.00    0.00     0.00    0.00      0.00     0.00   0.00    0.00     0.00    0.00      0.00     0.00   0.00    0.00     0.00    0.00    0.00    0.00   0.00
loop1            0.00      0.00     0.00   0.00    0.00     0.00    0.00      0.00     0.00   0.00    0.00     0.00    0.00      0.00     0.00   0.00    0.00     0.00    0.00    0.00    0.00   0.00
loop2            0.00      0.00     0.00   0.00    0.00     0.00    0.00      0.00     0.00   0.00    0.00     0.00    0.00      0.00     0.00   0.00    0.00     0.00    0.00    0.00    0.00   0.00
loop3            0.00      0.00     0.00   0.00    0.00     0.00    0.00      0.00     0.00   0.00    0.00     0.00    0.00      0.00     0.00   0.00    0.00     0.00    0.00    0.00    0.00   0.00
loop4            0.00      0.00     0.00   0.00    0.00     0.00    0.00      0.00     0.00   0.00    0.00     0.00    0.00      0.00     0.00   0.00    0.00     0.00    0.00    0.00    0.00   0.00
loop5            0.00      0.00     0.00   0.00    0.00     0.00    0.00      0.00     0.00   0.00    0.00     0.00    0.00      0.00     0.00   0.00    0.00     0.00    0.00    0.00    0.00   0.00
loop6            0.00      0.00     0.00   0.00    0.00     0.00    0.00      0.00     0.00   0.00    0.00     0.00    0.00      0.00     0.00   0.00    0.00     0.00    0.00    0.00    0.00   0.00
sda              0.00      0.00     0.00   0.00    0.00     0.00   17.00    216.00    32.00  65.31    2.24    12.71    0.00      0.00     0.00   0.00    0.00     0.00    0.00    0.00    0.04   5.20
sdb              1.00    256.00     0.00   0.00  470.00   256.00  442.00  28724.00   307.00  40.99  103.00    64.99    0.00      0.00     0.00   0.00    0.00     0.00    0.00    0.00   46.00  99.20


avg-cpu:  %user   %nice %system %iowait  %steal   %idle
           0.28    0.00    0.28    3.17    0.00   96.26

Device            r/s     rkB/s   rrqm/s  %rrqm r_await rareq-sz     w/s     wkB/s   wrqm/s  %wrqm w_await wareq-sz     d/s     dkB/s   drqm/s  %drqm d_await dareq-sz     f/s f_await  aqu-sz  %util
dm-0             0.00      0.00     0.00   0.00    0.00     0.00  273.00  12372.00     0.00   0.00  114.23    45.32    0.00      0.00     0.00   0.00    0.00     0.00    0.00    0.00   31.18  93.20
dm-1             3.00    768.00     0.00   0.00  386.67   256.00  285.00  12720.00     0.00   0.00   79.75    44.63    0.00      0.00     0.00   0.00    0.00     0.00    0.00    0.00   23.89  87.20
dm-2             0.00      0.00     0.00   0.00    0.00     0.00  140.00    628.00     0.00   0.00    3.49     4.49    0.00      0.00     0.00   0.00    0.00     0.00    0.00    0.00    0.49   3.60
loop0            0.00      0.00     0.00   0.00    0.00     0.00    0.00      0.00     0.00   0.00    0.00     0.00    0.00      0.00     0.00   0.00    0.00     0.00    0.00    0.00    0.00   0.00
loop1            0.00      0.00     0.00   0.00    0.00     0.00    0.00      0.00     0.00   0.00    0.00     0.00    0.00      0.00     0.00   0.00    0.00     0.00    0.00    0.00    0.00   0.00
loop2            0.00      0.00     0.00   0.00    0.00     0.00    0.00      0.00     0.00   0.00    0.00     0.00    0.00      0.00     0.00   0.00    0.00     0.00    0.00    0.00    0.00   0.00
loop3            0.00      0.00     0.00   0.00    0.00     0.00    0.00      0.00     0.00   0.00    0.00     0.00    0.00      0.00     0.00   0.00    0.00     0.00    0.00    0.00    0.00   0.00
loop4            0.00      0.00     0.00   0.00    0.00     0.00    0.00      0.00     0.00   0.00    0.00     0.00    0.00      0.00     0.00   0.00    0.00     0.00    0.00    0.00    0.00   0.00
loop5            0.00      0.00     0.00   0.00    0.00     0.00    0.00      0.00     0.00   0.00    0.00     0.00    0.00      0.00     0.00   0.00    0.00     0.00    0.00    0.00    0.00   0.00
loop6            0.00      0.00     0.00   0.00    0.00     0.00    0.00      0.00     0.00   0.00    0.00     0.00    0.00      0.00     0.00   0.00    0.00     0.00    0.00    0.00    0.00   0.00
sda              0.00      0.00     0.00   0.00    0.00     0.00  123.00    628.00    17.00  12.14    4.86     5.11    0.00      0.00     0.00   0.00    0.00     0.00    0.00    0.00    0.60   3.60
sdb              3.00    768.00     0.00   0.00  387.33   256.00  426.00  27020.00   161.00  27.43   96.93    63.43    0.00      0.00     0.00   0.00    0.00     0.00    0.00    0.00   42.46  98.40


avg-cpu:  %user   %nice %system %iowait  %steal   %idle
           0.53    0.00    0.34    3.24    0.00   95.88

Device            r/s     rkB/s   rrqm/s  %rrqm r_await rareq-sz     w/s     wkB/s   wrqm/s  %wrqm w_await wareq-sz     d/s     dkB/s   drqm/s  %drqm d_await dareq-sz     f/s f_await  aqu-sz  %util
dm-0             0.00      0.00     0.00   0.00    0.00     0.00  271.00  12304.00     0.00   0.00  105.96    45.40    0.00      0.00     0.00   0.00    0.00     0.00    0.00    0.00   28.72 100.00
dm-1             2.00    512.00     0.00   0.00  412.00   256.00  339.00  15276.00     0.00   0.00   87.36    45.06    0.00      0.00     0.00   0.00    0.00     0.00    0.00    0.00   30.44 104.80
dm-2             0.00      0.00     0.00   0.00    0.00     0.00   47.00    200.00     0.00   0.00    4.34     4.26    0.00      0.00     0.00   0.00    0.00     0.00    0.00    0.00    0.20   5.60
loop0            0.00      0.00     0.00   0.00    0.00     0.00    0.00      0.00     0.00   0.00    0.00     0.00    0.00      0.00     0.00   0.00    0.00     0.00    0.00    0.00    0.00   0.00
loop1            0.00      0.00     0.00   0.00    0.00     0.00    0.00      0.00     0.00   0.00    0.00     0.00    0.00      0.00     0.00   0.00    0.00     0.00    0.00    0.00    0.00   0.00
loop2            0.00      0.00     0.00   0.00    0.00     0.00    0.00      0.00     0.00   0.00    0.00     0.00    0.00      0.00     0.00   0.00    0.00     0.00    0.00    0.00    0.00   0.00
loop3            0.00      0.00     0.00   0.00    0.00     0.00    0.00      0.00     0.00   0.00    0.00     0.00    0.00      0.00     0.00   0.00    0.00     0.00    0.00    0.00    0.00   0.00
loop4            0.00      0.00     0.00   0.00    0.00     0.00    0.00      0.00     0.00   0.00    0.00     0.00    0.00      0.00     0.00   0.00    0.00     0.00    0.00    0.00    0.00   0.00
loop5            0.00      0.00     0.00   0.00    0.00     0.00    0.00      0.00     0.00   0.00    0.00     0.00    0.00      0.00     0.00   0.00    0.00     0.00    0.00    0.00    0.00   0.00
loop6            0.00      0.00     0.00   0.00    0.00     0.00    0.00      0.00     0.00   0.00    0.00     0.00    0.00      0.00     0.00   0.00    0.00     0.00    0.00    0.00    0.00   0.00
sda              0.00      0.00     0.00   0.00    0.00     0.00   15.00    200.00    32.00  68.09    2.93    13.33    0.00      0.00     0.00   0.00    0.00     0.00    0.00    0.00    0.04   5.60
sdb              2.00    512.00     0.00   0.00  414.00   256.00  441.00  28424.00   183.00  29.33   86.95    64.45    0.00      0.00     0.00   0.00    0.00     0.00    0.00    0.00   39.17 100.00


avg-cpu:  %user   %nice %system %iowait  %steal   %idle
           0.47    0.00    0.49    3.57    0.00   95.47

Device            r/s     rkB/s   rrqm/s  %rrqm r_await rareq-sz     w/s     wkB/s   wrqm/s  %wrqm w_await wareq-sz     d/s     dkB/s   drqm/s  %drqm d_await dareq-sz     f/s f_await  aqu-sz  %util
dm-0             0.00      0.00     0.00   0.00    0.00     0.00  404.00  18296.00     0.00   0.00   67.91    45.29    0.00      0.00     0.00   0.00    0.00     0.00    0.00    0.00   27.44  99.20
dm-1             2.00    512.00     0.00   0.00  324.00   256.00  808.00  14932.00     0.00   0.00  114.47    18.48    0.00      0.00     0.00   0.00    0.00     0.00    0.00    0.00   93.14  86.40
dm-2             3.00    108.00     0.00   0.00    0.00    36.00   33.00    148.00     0.00   0.00    1.94     4.48    0.00      0.00     0.00   0.00    0.00     0.00    0.00    0.00    0.06   2.40
loop0            0.00      0.00     0.00   0.00    0.00     0.00    0.00      0.00     0.00   0.00    0.00     0.00    0.00      0.00     0.00   0.00    0.00     0.00    0.00    0.00    0.00   0.00
loop1            0.00      0.00     0.00   0.00    0.00     0.00    0.00      0.00     0.00   0.00    0.00     0.00    0.00      0.00     0.00   0.00    0.00     0.00    0.00    0.00    0.00   0.00
loop2            0.00      0.00     0.00   0.00    0.00     0.00    0.00      0.00     0.00   0.00    0.00     0.00    0.00      0.00     0.00   0.00    0.00     0.00    0.00    0.00    0.00   0.00
loop3            0.00      0.00     0.00   0.00    0.00     0.00    0.00      0.00     0.00   0.00    0.00     0.00    0.00      0.00     0.00   0.00    0.00     0.00    0.00    0.00    0.00   0.00
loop4            0.00      0.00     0.00   0.00    0.00     0.00    0.00      0.00     0.00   0.00    0.00     0.00    0.00      0.00     0.00   0.00    0.00     0.00    0.00    0.00    0.00   0.00
loop5            0.00      0.00     0.00   0.00    0.00     0.00    0.00      0.00     0.00   0.00    0.00     0.00    0.00      0.00     0.00   0.00    0.00     0.00    0.00    0.00    0.00   0.00
loop6            0.00      0.00     0.00   0.00    0.00     0.00    0.00      0.00     0.00   0.00    0.00     0.00    0.00      0.00     0.00   0.00    0.00     0.00    0.00    0.00    0.00   0.00
sda              3.00    108.00     0.00   0.00    0.67    36.00   19.00    148.00    14.00  42.42    4.89     7.79    0.00      0.00     0.00   0.00    0.00     0.00    0.00    0.00    0.10   2.40
sdb              2.00    512.00     0.00   0.00  324.50   256.00  449.00  30072.00   716.00  61.46   94.27    66.98    0.00      0.00     0.00   0.00    0.00     0.00    0.00    0.00   42.98  96.80


avg-cpu:  %user   %nice %system %iowait  %steal   %idle
           0.38    0.00    0.33    2.95    0.00   96.34

Device            r/s     rkB/s   rrqm/s  %rrqm r_await rareq-sz     w/s     wkB/s   wrqm/s  %wrqm w_await wareq-sz     d/s     dkB/s   drqm/s  %drqm d_await dareq-sz     f/s f_await  aqu-sz  %util
dm-0             0.00      0.00     0.00   0.00    0.00     0.00  274.00  12376.00     0.00   0.00   63.85    45.17    0.00      0.00     0.00   0.00    0.00     0.00    0.00    0.00   17.50  95.20
dm-1             2.00    512.00     0.00   0.00  372.00   256.00  341.00  15464.00     0.00   0.00  120.74    45.35    0.00      0.00     0.00   0.00    0.00     0.00    0.00    0.00   41.92  98.00
dm-2             0.00      0.00     0.00   0.00    0.00     0.00   39.00    156.00     0.00   0.00    2.77     4.00    0.00      0.00     0.00   0.00    0.00     0.00    0.00    0.00    0.11   4.00
loop0            0.00      0.00     0.00   0.00    0.00     0.00    0.00      0.00     0.00   0.00    0.00     0.00    0.00      0.00     0.00   0.00    0.00     0.00    0.00    0.00    0.00   0.00
loop1            0.00      0.00     0.00   0.00    0.00     0.00    0.00      0.00     0.00   0.00    0.00     0.00    0.00      0.00     0.00   0.00    0.00     0.00    0.00    0.00    0.00   0.00
loop2            0.00      0.00     0.00   0.00    0.00     0.00    0.00      0.00     0.00   0.00    0.00     0.00    0.00      0.00     0.00   0.00    0.00     0.00    0.00    0.00    0.00   0.00
loop3            0.00      0.00     0.00   0.00    0.00     0.00    0.00      0.00     0.00   0.00    0.00     0.00    0.00      0.00     0.00   0.00    0.00     0.00    0.00    0.00    0.00   0.00
loop4            0.00      0.00     0.00   0.00    0.00     0.00    0.00      0.00     0.00   0.00    0.00     0.00    0.00      0.00     0.00   0.00    0.00     0.00    0.00    0.00    0.00   0.00
loop5            0.00      0.00     0.00   0.00    0.00     0.00    0.00      0.00     0.00   0.00    0.00     0.00    0.00      0.00     0.00   0.00    0.00     0.00    0.00    0.00    0.00   0.00
loop6            0.00      0.00     0.00   0.00    0.00     0.00    0.00      0.00     0.00   0.00    0.00     0.00    0.00      0.00     0.00   0.00    0.00     0.00    0.00    0.00    0.00   0.00
sda              0.00      0.00     0.00   0.00    0.00     0.00   12.00    156.00    27.00  69.23    2.50    13.00    0.00      0.00     0.00   0.00    0.00     0.00    0.00    0.00    0.03   4.00
sdb              2.00    512.00     0.00   0.00  372.00   256.00  401.00  26304.00   189.00  32.03  104.08    65.60    0.00      0.00     0.00   0.00    0.00     0.00    0.00    0.00   42.48  98.80


avg-cpu:  %user   %nice %system %iowait  %steal   %idle
           0.50    0.00    0.36    3.15    0.00   95.99

Device            r/s     rkB/s   rrqm/s  %rrqm r_await rareq-sz     w/s     wkB/s   wrqm/s  %wrqm w_await wareq-sz     d/s     dkB/s   drqm/s  %drqm d_await dareq-sz     f/s f_await  aqu-sz  %util
dm-0             0.00      0.00     0.00   0.00    0.00     0.00  270.00  12240.00     0.00   0.00  167.96    45.33    0.00      0.00     0.00   0.00    0.00     0.00    0.00    0.00   45.35 105.20
dm-1             3.00    768.00     0.00   0.00  369.33   256.00  310.00  13720.00     0.00   0.00   59.51    44.26    0.00      0.00     0.00   0.00    0.00     0.00    0.00    0.00   19.56  99.20
dm-2             0.00      0.00     0.00   0.00    0.00     0.00   19.00     92.00     0.00   0.00    0.63     4.84    0.00      0.00     0.00   0.00    0.00     0.00    0.00    0.00    0.01   1.60
loop0            0.00      0.00     0.00   0.00    0.00     0.00    0.00      0.00     0.00   0.00    0.00     0.00    0.00      0.00     0.00   0.00    0.00     0.00    0.00    0.00    0.00   0.00
loop1            0.00      0.00     0.00   0.00    0.00     0.00    0.00      0.00     0.00   0.00    0.00     0.00    0.00      0.00     0.00   0.00    0.00     0.00    0.00    0.00    0.00   0.00
loop2            0.00      0.00     0.00   0.00    0.00     0.00    0.00      0.00     0.00   0.00    0.00     0.00    0.00      0.00     0.00   0.00    0.00     0.00    0.00    0.00    0.00   0.00
loop3            0.00      0.00     0.00   0.00    0.00     0.00    0.00      0.00     0.00   0.00    0.00     0.00    0.00      0.00     0.00   0.00    0.00     0.00    0.00    0.00    0.00   0.00
loop4            0.00      0.00     0.00   0.00    0.00     0.00    0.00      0.00     0.00   0.00    0.00     0.00    0.00      0.00     0.00   0.00    0.00     0.00    0.00    0.00    0.00   0.00
loop5            0.00      0.00     0.00   0.00    0.00     0.00    0.00      0.00     0.00   0.00    0.00     0.00    0.00      0.00     0.00   0.00    0.00     0.00    0.00    0.00    0.00   0.00
loop6            0.00      0.00     0.00   0.00    0.00     0.00    0.00      0.00     0.00   0.00    0.00     0.00    0.00      0.00     0.00   0.00    0.00     0.00    0.00    0.00    0.00   0.00
sda              0.00      0.00     0.00   0.00    0.00     0.00    6.00     92.00    13.00  68.42    1.50    15.33    0.00      0.00     0.00   0.00    0.00     0.00    0.00    0.00    0.01   1.60
sdb              3.00    768.00     0.00   0.00  371.00   256.00  426.00  27624.00   178.00  29.47  103.87    64.85    0.00      0.00     0.00   0.00    0.00     0.00    0.00    0.00   45.36 100.00


avg-cpu:  %user   %nice %system %iowait  %steal   %idle
           0.45    0.00    0.41    3.37    0.00   95.77

Device            r/s     rkB/s   rrqm/s  %rrqm r_await rareq-sz     w/s     wkB/s   wrqm/s  %wrqm w_await wareq-sz     d/s     dkB/s   drqm/s  %drqm d_await dareq-sz     f/s f_await  aqu-sz  %util
dm-0             0.00      0.00     0.00   0.00    0.00     0.00  342.00  15408.00     0.00   0.00   89.03    45.05    0.00      0.00     0.00   0.00    0.00     0.00    0.00    0.00   30.45  99.20
dm-1             2.00    512.00     0.00   0.00  480.00   256.00  541.00  14044.00     0.00   0.00   59.76    25.96    0.00      0.00     0.00   0.00    0.00     0.00    0.00    0.00   33.29  92.00
dm-2             0.00      0.00     0.00   0.00    0.00     0.00  121.00    512.00     0.00   0.00    5.12     4.23    0.00      0.00     0.00   0.00    0.00     0.00    0.00    0.00    0.62   6.40
loop0            0.00      0.00     0.00   0.00    0.00     0.00    0.00      0.00     0.00   0.00    0.00     0.00    0.00      0.00     0.00   0.00    0.00     0.00    0.00    0.00    0.00   0.00
loop1            0.00      0.00     0.00   0.00    0.00     0.00    0.00      0.00     0.00   0.00    0.00     0.00    0.00      0.00     0.00   0.00    0.00     0.00    0.00    0.00    0.00   0.00
loop2            0.00      0.00     0.00   0.00    0.00     0.00    0.00      0.00     0.00   0.00    0.00     0.00    0.00      0.00     0.00   0.00    0.00     0.00    0.00    0.00    0.00   0.00
loop3            0.00      0.00     0.00   0.00    0.00     0.00    0.00      0.00     0.00   0.00    0.00     0.00    0.00      0.00     0.00   0.00    0.00     0.00    0.00    0.00    0.00   0.00
loop4            0.00      0.00     0.00   0.00    0.00     0.00    0.00      0.00     0.00   0.00    0.00     0.00    0.00      0.00     0.00   0.00    0.00     0.00    0.00    0.00    0.00   0.00
loop5            0.00      0.00     0.00   0.00    0.00     0.00    0.00      0.00     0.00   0.00    0.00     0.00    0.00      0.00     0.00   0.00    0.00     0.00    0.00    0.00    0.00   0.00
loop6            0.00      0.00     0.00   0.00    0.00     0.00    0.00      0.00     0.00   0.00    0.00     0.00    0.00      0.00     0.00   0.00    0.00     0.00    0.00    0.00    0.00   0.00
sda              0.00      0.00     0.00   0.00    0.00     0.00  100.00    512.00    21.00  17.36    5.85     5.12    0.00      0.00     0.00   0.00    0.00     0.00    0.00    0.00    0.58   6.40
sdb              3.00    768.00     0.00   0.00  319.33   256.00  445.00  29144.00   441.00  49.77   89.79    65.49    0.00      0.00     0.00   0.00    0.00     0.00    0.00    0.00   40.91  98.40


avg-cpu:  %user   %nice %system %iowait  %steal   %idle
           0.49    0.00    0.33    2.63    0.00   96.56

Device            r/s     rkB/s   rrqm/s  %rrqm r_await rareq-sz     w/s     wkB/s   wrqm/s  %wrqm w_await wareq-sz     d/s     dkB/s   drqm/s  %drqm d_await dareq-sz     f/s f_await  aqu-sz  %util
dm-0             0.00      0.00     0.00   0.00    0.00     0.00  268.00  12232.00     0.00   0.00  132.75    45.64    0.00      0.00     0.00   0.00    0.00     0.00    0.00    0.00   35.58 100.00
dm-1             1.00    256.00     0.00   0.00    0.00   256.00  528.00  13212.00     0.00   0.00  153.83    25.02    0.00      0.00     0.00   0.00    0.00     0.00    0.00    0.00   81.22  98.40
dm-2             0.00      0.00     0.00   0.00    0.00     0.00   25.00    120.00     0.00   0.00    1.92     4.80    0.00      0.00     0.00   0.00    0.00     0.00    0.00    0.00    0.05   3.20
loop0            0.00      0.00     0.00   0.00    0.00     0.00    0.00      0.00     0.00   0.00    0.00     0.00    0.00      0.00     0.00   0.00    0.00     0.00    0.00    0.00    0.00   0.00
loop1            0.00      0.00     0.00   0.00    0.00     0.00    0.00      0.00     0.00   0.00    0.00     0.00    0.00      0.00     0.00   0.00    0.00     0.00    0.00    0.00    0.00   0.00
loop2            0.00      0.00     0.00   0.00    0.00     0.00    0.00      0.00     0.00   0.00    0.00     0.00    0.00      0.00     0.00   0.00    0.00     0.00    0.00    0.00    0.00   0.00
loop3            0.00      0.00     0.00   0.00    0.00     0.00    0.00      0.00     0.00   0.00    0.00     0.00    0.00      0.00     0.00   0.00    0.00     0.00    0.00    0.00    0.00   0.00
loop4            0.00      0.00     0.00   0.00    0.00     0.00    0.00      0.00     0.00   0.00    0.00     0.00    0.00      0.00     0.00   0.00    0.00     0.00    0.00    0.00    0.00   0.00
loop5            0.00      0.00     0.00   0.00    0.00     0.00    0.00      0.00     0.00   0.00    0.00     0.00    0.00      0.00     0.00   0.00    0.00     0.00    0.00    0.00    0.00   0.00
loop6            0.00      0.00     0.00   0.00    0.00     0.00    0.00      0.00     0.00   0.00    0.00     0.00    0.00      0.00     0.00   0.00    0.00     0.00    0.00    0.00    0.00   0.00
sda              0.00      0.00     0.00   0.00    0.00     0.00    9.00    120.00    16.00  64.00    1.89    13.33    0.00      0.00     0.00   0.00    0.00     0.00    0.00    0.00    0.02   3.20
sdb              0.00      0.00     0.00   0.00    0.00     0.00  425.00  28708.00   413.00  49.28  109.09    67.55    0.00      0.00     0.00   0.00    0.00     0.00    0.00    0.00   46.36  99.60


avg-cpu:  %user   %nice %system %iowait  %steal   %idle
           0.47    0.00    0.34    3.04    0.00   96.14

Device            r/s     rkB/s   rrqm/s  %rrqm r_await rareq-sz     w/s     wkB/s   wrqm/s  %wrqm w_await wareq-sz     d/s     dkB/s   drqm/s  %drqm d_await dareq-sz     f/s f_await  aqu-sz  %util
dm-0             0.00      0.00     0.00   0.00    0.00     0.00  337.00  15328.00     0.00   0.00  134.15    45.48    0.00      0.00     0.00   0.00    0.00     0.00    0.00    0.00   45.21 100.80
dm-1             3.00    768.00     0.00   0.00  454.67   256.00  338.00  15392.00     0.00   0.00   44.57    45.54    0.00      0.00     0.00   0.00    0.00     0.00    0.00    0.00   16.43 101.20
dm-2             0.00      0.00     0.00   0.00    0.00     0.00   47.00    200.00     0.00   0.00    2.38     4.26    0.00      0.00     0.00   0.00    0.00     0.00    0.00    0.00    0.11   5.60
loop0            0.00      0.00     0.00   0.00    0.00     0.00    0.00      0.00     0.00   0.00    0.00     0.00    0.00      0.00     0.00   0.00    0.00     0.00    0.00    0.00    0.00   0.00
loop1            0.00      0.00     0.00   0.00    0.00     0.00    0.00      0.00     0.00   0.00    0.00     0.00    0.00      0.00     0.00   0.00    0.00     0.00    0.00    0.00    0.00   0.00
loop2            0.00      0.00     0.00   0.00    0.00     0.00    0.00      0.00     0.00   0.00    0.00     0.00    0.00      0.00     0.00   0.00    0.00     0.00    0.00    0.00    0.00   0.00
loop3            0.00      0.00     0.00   0.00    0.00     0.00    0.00      0.00     0.00   0.00    0.00     0.00    0.00      0.00     0.00   0.00    0.00     0.00    0.00    0.00    0.00   0.00
loop4            0.00      0.00     0.00   0.00    0.00     0.00    0.00      0.00     0.00   0.00    0.00     0.00    0.00      0.00     0.00   0.00    0.00     0.00    0.00    0.00    0.00   0.00
loop5            0.00      0.00     0.00   0.00    0.00     0.00    0.00      0.00     0.00   0.00    0.00     0.00    0.00      0.00     0.00   0.00    0.00     0.00    0.00    0.00    0.00   0.00
loop6            0.00      0.00     0.00   0.00    0.00     0.00    0.00      0.00     0.00   0.00    0.00     0.00    0.00      0.00     0.00   0.00    0.00     0.00    0.00    0.00    0.00   0.00
sda              0.00      0.00     0.00   0.00    0.00     0.00   23.00    200.00    24.00  51.06    3.04     8.70    0.00      0.00     0.00   0.00    0.00     0.00    0.00    0.00    0.07   5.60
sdb              3.00    768.00     0.00   0.00  455.00   256.00  423.00  27380.00   207.00  32.86  102.78    64.73    0.00      0.00     0.00   0.00    0.00     0.00    0.00    0.00   44.84 100.00


avg-cpu:  %user   %nice %system %iowait  %steal   %idle
           0.36    0.00    0.25    3.20    0.00   96.19

Device            r/s     rkB/s   rrqm/s  %rrqm r_await rareq-sz     w/s     wkB/s   wrqm/s  %wrqm w_await wareq-sz     d/s     dkB/s   drqm/s  %drqm d_await dareq-sz     f/s f_await  aqu-sz  %util
dm-0             0.00      0.00     0.00   0.00    0.00     0.00  311.00  14564.00     0.00   0.00  166.20    46.83    0.00      0.00     0.00   0.00    0.00     0.00    0.00    0.00   51.69  99.20
dm-1             2.00    512.00     0.00   0.00  438.00   256.00  334.00  14956.00     0.00   0.00   48.40    44.78    0.00      0.00     0.00   0.00    0.00     0.00    0.00    0.00   17.04 100.80
dm-2             0.00      0.00     0.00   0.00    0.00     0.00   20.00    100.00     0.00   0.00    2.60     5.00    0.00      0.00     0.00   0.00    0.00     0.00    0.00    0.00    0.05   2.80
loop0            0.00      0.00     0.00   0.00    0.00     0.00    0.00      0.00     0.00   0.00    0.00     0.00    0.00      0.00     0.00   0.00    0.00     0.00    0.00    0.00    0.00   0.00
loop1            0.00      0.00     0.00   0.00    0.00     0.00    0.00      0.00     0.00   0.00    0.00     0.00    0.00      0.00     0.00   0.00    0.00     0.00    0.00    0.00    0.00   0.00
loop2            0.00      0.00     0.00   0.00    0.00     0.00    0.00      0.00     0.00   0.00    0.00     0.00    0.00      0.00     0.00   0.00    0.00     0.00    0.00    0.00    0.00   0.00
loop3            0.00      0.00     0.00   0.00    0.00     0.00    0.00      0.00     0.00   0.00    0.00     0.00    0.00      0.00     0.00   0.00    0.00     0.00    0.00    0.00    0.00   0.00
loop4            0.00      0.00     0.00   0.00    0.00     0.00    0.00      0.00     0.00   0.00    0.00     0.00    0.00      0.00     0.00   0.00    0.00     0.00    0.00    0.00    0.00   0.00
loop5            0.00      0.00     0.00   0.00    0.00     0.00    0.00      0.00     0.00   0.00    0.00     0.00    0.00      0.00     0.00   0.00    0.00     0.00    0.00    0.00    0.00   0.00
loop6            0.00      0.00     0.00   0.00    0.00     0.00    0.00      0.00     0.00   0.00    0.00     0.00    0.00      0.00     0.00   0.00    0.00     0.00    0.00    0.00    0.00   0.00
sda              0.00      0.00     0.00   0.00    0.00     0.00    7.00    100.00    13.00  65.00    2.57    14.29    0.00      0.00     0.00   0.00    0.00     0.00    0.00    0.00    0.02   2.80
sdb              2.00    512.00     0.00   0.00  437.50   256.00  427.00  28044.00   192.00  31.02  104.80    65.68    0.00      0.00     0.00   0.00    0.00     0.00    0.00    0.00   45.63 100.80


avg-cpu:  %user   %nice %system %iowait  %steal   %idle
           0.42    0.00    0.31    3.19    0.00   96.08

Device            r/s     rkB/s   rrqm/s  %rrqm r_await rareq-sz     w/s     wkB/s   wrqm/s  %wrqm w_await wareq-sz     d/s     dkB/s   drqm/s  %drqm d_await dareq-sz     f/s f_await  aqu-sz  %util
dm-0             0.00      0.00     0.00   0.00    0.00     0.00  299.00  13076.00     0.00   0.00  132.72    43.73    0.00      0.00     0.00   0.00    0.00     0.00    0.00    0.00   39.68  98.00
dm-1             2.00    512.00     0.00   0.00  530.00   256.00  395.00  12740.00     0.00   0.00   46.01    32.25    0.00      0.00     0.00   0.00    0.00     0.00    0.00    0.00   19.23  97.20
dm-2             0.00      0.00     0.00   0.00    0.00     0.00   34.00    136.00     0.00   0.00    1.53     4.00    0.00      0.00     0.00   0.00    0.00     0.00    0.00    0.00    0.05   3.20
loop0            0.00      0.00     0.00   0.00    0.00     0.00    0.00      0.00     0.00   0.00    0.00     0.00    0.00      0.00     0.00   0.00    0.00     0.00    0.00    0.00    0.00   0.00
loop1            0.00      0.00     0.00   0.00    0.00     0.00    0.00      0.00     0.00   0.00    0.00     0.00    0.00      0.00     0.00   0.00    0.00     0.00    0.00    0.00    0.00   0.00
loop2            0.00      0.00     0.00   0.00    0.00     0.00    0.00      0.00     0.00   0.00    0.00     0.00    0.00      0.00     0.00   0.00    0.00     0.00    0.00    0.00    0.00   0.00
loop3            0.00      0.00     0.00   0.00    0.00     0.00    0.00      0.00     0.00   0.00    0.00     0.00    0.00      0.00     0.00   0.00    0.00     0.00    0.00    0.00    0.00   0.00
loop4            0.00      0.00     0.00   0.00    0.00     0.00    0.00      0.00     0.00   0.00    0.00     0.00    0.00      0.00     0.00   0.00    0.00     0.00    0.00    0.00    0.00   0.00
loop5            0.00      0.00     0.00   0.00    0.00     0.00    0.00      0.00     0.00   0.00    0.00     0.00    0.00      0.00     0.00   0.00    0.00     0.00    0.00    0.00    0.00   0.00
loop6            0.00      0.00     0.00   0.00    0.00     0.00    0.00      0.00     0.00   0.00    0.00     0.00    0.00      0.00     0.00   0.00    0.00     0.00    0.00    0.00    0.00   0.00
sda              0.00      0.00     0.00   0.00    0.00     0.00   11.00    136.00    23.00  67.65    2.18    12.36    0.00      0.00     0.00   0.00    0.00     0.00    0.00    0.00    0.02   3.20
sdb              3.00    768.00     0.00   0.00  353.00   256.00  449.00  29152.00   299.00  39.97   91.98    64.93    0.00      0.00     0.00   0.00    0.00     0.00    0.00    0.00   42.36  98.00


avg-cpu:  %user   %nice %system %iowait  %steal   %idle
           0.38    0.00    0.28    3.39    0.00   95.96

Device            r/s     rkB/s   rrqm/s  %rrqm r_await rareq-sz     w/s     wkB/s   wrqm/s  %wrqm w_await wareq-sz     d/s     dkB/s   drqm/s  %drqm d_await dareq-sz     f/s f_await  aqu-sz  %util
dm-0             0.00      0.00     0.00   0.00    0.00     0.00  273.00  12312.00     0.00   0.00  170.34    45.10    0.00      0.00     0.00   0.00    0.00     0.00    0.00    0.00   46.50  99.20
dm-1             1.00    256.00     0.00   0.00    0.00   256.00  661.00  13864.00     0.00   0.00  167.12    20.97    0.00      0.00     0.00   0.00    0.00     0.00    0.00    0.00  110.47  90.40
dm-2             1.00      4.00     0.00   0.00    0.00     4.00   20.00     96.00     0.00   0.00    0.40     4.80    0.00      0.00     0.00   0.00    0.00     0.00    0.00    0.00    0.01   1.60
loop0            0.00      0.00     0.00   0.00    0.00     0.00    0.00      0.00     0.00   0.00    0.00     0.00    0.00      0.00     0.00   0.00    0.00     0.00    0.00    0.00    0.00   0.00
loop1            0.00      0.00     0.00   0.00    0.00     0.00    0.00      0.00     0.00   0.00    0.00     0.00    0.00      0.00     0.00   0.00    0.00     0.00    0.00    0.00    0.00   0.00
loop2            0.00      0.00     0.00   0.00    0.00     0.00    0.00      0.00     0.00   0.00    0.00     0.00    0.00      0.00     0.00   0.00    0.00     0.00    0.00    0.00    0.00   0.00
loop3            0.00      0.00     0.00   0.00    0.00     0.00    0.00      0.00     0.00   0.00    0.00     0.00    0.00      0.00     0.00   0.00    0.00     0.00    0.00    0.00    0.00   0.00
loop4            0.00      0.00     0.00   0.00    0.00     0.00    0.00      0.00     0.00   0.00    0.00     0.00    0.00      0.00     0.00   0.00    0.00     0.00    0.00    0.00    0.00   0.00
loop5            0.00      0.00     0.00   0.00    0.00     0.00    0.00      0.00     0.00   0.00    0.00     0.00    0.00      0.00     0.00   0.00    0.00     0.00    0.00    0.00    0.00   0.00
loop6            0.00      0.00     0.00   0.00    0.00     0.00    0.00      0.00     0.00   0.00    0.00     0.00    0.00      0.00     0.00   0.00    0.00     0.00    0.00    0.00    0.00   0.00
sda              1.00      4.00     0.00   0.00    0.00     4.00    6.00     96.00    14.00  70.00    0.50    16.00    0.00      0.00     0.00   0.00    0.00     0.00    0.00    0.00    0.00   1.60
sdb              0.00      0.00     0.00   0.00    0.00     0.00  400.00  27336.00   546.00  57.72  118.06    68.34    0.00      0.00     0.00   0.00    0.00     0.00    0.00    0.00   47.23  99.20


avg-cpu:  %user   %nice %system %iowait  %steal   %idle
           0.45    0.00    0.42    3.26    0.00   95.86

Device            r/s     rkB/s   rrqm/s  %rrqm r_await rareq-sz     w/s     wkB/s   wrqm/s  %wrqm w_await wareq-sz     d/s     dkB/s   drqm/s  %drqm d_await dareq-sz     f/s f_await  aqu-sz  %util
dm-0             0.00      0.00     0.00   0.00    0.00     0.00  273.00  12372.00     0.00   0.00  136.50    45.32    0.00      0.00     0.00   0.00    0.00     0.00    0.00    0.00   37.26  94.80
dm-1             3.00    768.00     0.00   0.00  368.00   256.00  349.00  15736.00     0.00   0.00   72.81    45.09    0.00      0.00     0.00   0.00    0.00     0.00    0.00    0.00   26.52 110.00
dm-2             0.00      0.00     0.00   0.00    0.00     0.00   44.00    176.00     0.00   0.00    3.00     4.00    0.00      0.00     0.00   0.00    0.00     0.00    0.00    0.00    0.13   4.80
loop0            0.00      0.00     0.00   0.00    0.00     0.00    0.00      0.00     0.00   0.00    0.00     0.00    0.00      0.00     0.00   0.00    0.00     0.00    0.00    0.00    0.00   0.00
loop1            0.00      0.00     0.00   0.00    0.00     0.00    0.00      0.00     0.00   0.00    0.00     0.00    0.00      0.00     0.00   0.00    0.00     0.00    0.00    0.00    0.00   0.00
loop2            0.00      0.00     0.00   0.00    0.00     0.00    0.00      0.00     0.00   0.00    0.00     0.00    0.00      0.00     0.00   0.00    0.00     0.00    0.00    0.00    0.00   0.00
loop3            0.00      0.00     0.00   0.00    0.00     0.00    0.00      0.00     0.00   0.00    0.00     0.00    0.00      0.00     0.00   0.00    0.00     0.00    0.00    0.00    0.00   0.00
loop4            0.00      0.00     0.00   0.00    0.00     0.00    0.00      0.00     0.00   0.00    0.00     0.00    0.00      0.00     0.00   0.00    0.00     0.00    0.00    0.00    0.00   0.00
loop5            0.00      0.00     0.00   0.00    0.00     0.00    0.00      0.00     0.00   0.00    0.00     0.00    0.00      0.00     0.00   0.00    0.00     0.00    0.00    0.00    0.00   0.00
loop6            0.00      0.00     0.00   0.00    0.00     0.00    0.00      0.00     0.00   0.00    0.00     0.00    0.00      0.00     0.00   0.00    0.00     0.00    0.00    0.00    0.00   0.00
sda              0.00      0.00     0.00   0.00    0.00     0.00   14.00    176.00    30.00  68.18    2.71    12.57    0.00      0.00     0.00   0.00    0.00     0.00    0.00    0.00    0.04   4.80
sdb              3.00    768.00     0.00   0.00  368.33   256.00  423.00  27260.00   187.00  30.66  112.93    64.44    0.00      0.00     0.00   0.00    0.00     0.00    0.00    0.00   48.87 100.00


avg-cpu:  %user   %nice %system %iowait  %steal   %idle
           0.44    0.00    0.44    3.43    0.00   95.69

Device            r/s     rkB/s   rrqm/s  %rrqm r_await rareq-sz     w/s     wkB/s   wrqm/s  %wrqm w_await wareq-sz     d/s     dkB/s   drqm/s  %drqm d_await dareq-sz     f/s f_await  aqu-sz  %util
dm-0             0.00      0.00     0.00   0.00    0.00     0.00  331.00  14884.00     0.00   0.00  124.77    44.97    0.00      0.00     0.00   0.00    0.00     0.00    0.00    0.00   41.30 102.80
dm-1             3.00    768.00     0.00   0.00  320.00   256.00  327.00  14748.00     0.00   0.00   82.42    45.10    0.00      0.00     0.00   0.00    0.00     0.00    0.00    0.00   27.91  97.60
dm-2             0.00      0.00     0.00   0.00    0.00     0.00  121.00    528.00     0.00   0.00   49.79     4.36    0.00      0.00     0.00   0.00    0.00     0.00    0.00    0.00    6.02  17.60
loop0            0.00      0.00     0.00   0.00    0.00     0.00    0.00      0.00     0.00   0.00    0.00     0.00    0.00      0.00     0.00   0.00    0.00     0.00    0.00    0.00    0.00   0.00
loop1            0.00      0.00     0.00   0.00    0.00     0.00    0.00      0.00     0.00   0.00    0.00     0.00    0.00      0.00     0.00   0.00    0.00     0.00    0.00    0.00    0.00   0.00
loop2            0.00      0.00     0.00   0.00    0.00     0.00    0.00      0.00     0.00   0.00    0.00     0.00    0.00      0.00     0.00   0.00    0.00     0.00    0.00    0.00    0.00   0.00
loop3            0.00      0.00     0.00   0.00    0.00     0.00    0.00      0.00     0.00   0.00    0.00     0.00    0.00      0.00     0.00   0.00    0.00     0.00    0.00    0.00    0.00   0.00
loop4            0.00      0.00     0.00   0.00    0.00     0.00    0.00      0.00     0.00   0.00    0.00     0.00    0.00      0.00     0.00   0.00    0.00     0.00    0.00    0.00    0.00   0.00
loop5            0.00      0.00     0.00   0.00    0.00     0.00    0.00      0.00     0.00   0.00    0.00     0.00    0.00      0.00     0.00   0.00    0.00     0.00    0.00    0.00    0.00   0.00
loop6            0.00      0.00     0.00   0.00    0.00     0.00    0.00      0.00     0.00   0.00    0.00     0.00    0.00      0.00     0.00   0.00    0.00     0.00    0.00    0.00    0.00   0.00
sda              0.00      0.00     0.00   0.00    0.00     0.00  105.00    528.00    16.00  13.22   54.31     5.03    0.00      0.00     0.00   0.00    0.00     0.00    0.00    0.00    5.70  17.60
sdb              3.00    768.00     0.00   0.00  320.33   256.00  440.00  28684.00   207.00  31.99  106.16    65.19    0.00      0.00     0.00   0.00    0.00     0.00    0.00    0.00   47.67  99.60


avg-cpu:  %user   %nice %system %iowait  %steal   %idle
           0.38    0.00    0.47    3.21    0.00   95.94

Device            r/s     rkB/s   rrqm/s  %rrqm r_await rareq-sz     w/s     wkB/s   wrqm/s  %wrqm w_await wareq-sz     d/s     dkB/s   drqm/s  %drqm d_await dareq-sz     f/s f_await  aqu-sz  %util
dm-0             0.00      0.00     0.00   0.00    0.00     0.00  336.00  15324.00     0.00   0.00   71.24    45.61    0.00      0.00     0.00   0.00    0.00     0.00    0.00    0.00   23.94  94.40
dm-1             1.00    256.00     0.00   0.00  692.00   256.00  684.00  14736.00     0.00   0.00   90.29    21.54    0.00      0.00     0.00   0.00    0.00     0.00    0.00    0.00   62.45  91.20
dm-2             0.00      0.00     0.00   0.00    0.00     0.00   41.00    176.00     0.00   0.00    2.93     4.29    0.00      0.00     0.00   0.00    0.00     0.00    0.00    0.00    0.12   4.00
loop0            0.00      0.00     0.00   0.00    0.00     0.00    0.00      0.00     0.00   0.00    0.00     0.00    0.00      0.00     0.00   0.00    0.00     0.00    0.00    0.00    0.00   0.00
loop1            0.00      0.00     0.00   0.00    0.00     0.00    0.00      0.00     0.00   0.00    0.00     0.00    0.00      0.00     0.00   0.00    0.00     0.00    0.00    0.00    0.00   0.00
loop2            0.00      0.00     0.00   0.00    0.00     0.00    0.00      0.00     0.00   0.00    0.00     0.00    0.00      0.00     0.00   0.00    0.00     0.00    0.00    0.00    0.00   0.00
loop3            0.00      0.00     0.00   0.00    0.00     0.00    0.00      0.00     0.00   0.00    0.00     0.00    0.00      0.00     0.00   0.00    0.00     0.00    0.00    0.00    0.00   0.00
loop4            0.00      0.00     0.00   0.00    0.00     0.00    0.00      0.00     0.00   0.00    0.00     0.00    0.00      0.00     0.00   0.00    0.00     0.00    0.00    0.00    0.00   0.00
loop5            0.00      0.00     0.00   0.00    0.00     0.00    0.00      0.00     0.00   0.00    0.00     0.00    0.00      0.00     0.00   0.00    0.00     0.00    0.00    0.00    0.00   0.00
loop6            0.00      0.00     0.00   0.00    0.00     0.00    0.00      0.00     0.00   0.00    0.00     0.00    0.00      0.00     0.00   0.00    0.00     0.00    0.00    0.00    0.00   0.00
sda              0.00      0.00     0.00   0.00    0.00     0.00   13.00    176.00    28.00  68.29    2.31    13.54    0.00      0.00     0.00   0.00    0.00     0.00    0.00    0.00    0.03   4.00
sdb              2.00    512.00     0.00   0.00  345.00   256.00  440.00  28972.00   567.00  56.31   94.92    65.85    0.00      0.00     0.00   0.00    0.00     0.00    0.00    0.00   42.45  99.60


avg-cpu:  %user   %nice %system %iowait  %steal   %idle
           0.66    0.00    0.44    4.35    0.00   94.55

Device            r/s     rkB/s   rrqm/s  %rrqm r_await rareq-sz     w/s     wkB/s   wrqm/s  %wrqm w_await wareq-sz     d/s     dkB/s   drqm/s  %drqm d_await dareq-sz     f/s f_await  aqu-sz  %util
dm-0             0.00      0.00     0.00   0.00    0.00     0.00  658.00  13852.00     0.00   0.00  111.25    21.05    0.00      0.00     0.00   0.00    0.00     0.00    0.00    0.00   73.20  93.60
dm-1             2.00    512.00     0.00   0.00  194.00   256.00  408.00  13032.00     0.00   0.00  188.01    31.94    0.00      0.00     0.00   0.00    0.00     0.00    0.00    0.00   77.10  88.40
dm-2             0.00      0.00     0.00   0.00    0.00     0.00   23.00    108.00     0.00   0.00    1.74     4.70    0.00      0.00     0.00   0.00    0.00     0.00    0.00    0.00    0.04   2.80
loop0            0.00      0.00     0.00   0.00    0.00     0.00    0.00      0.00     0.00   0.00    0.00     0.00    0.00      0.00     0.00   0.00    0.00     0.00    0.00    0.00    0.00   0.00
loop1            0.00      0.00     0.00   0.00    0.00     0.00    0.00      0.00     0.00   0.00    0.00     0.00    0.00      0.00     0.00   0.00    0.00     0.00    0.00    0.00    0.00   0.00
loop2            0.00      0.00     0.00   0.00    0.00     0.00    0.00      0.00     0.00   0.00    0.00     0.00    0.00      0.00     0.00   0.00    0.00     0.00    0.00    0.00    0.00   0.00
loop3            0.00      0.00     0.00   0.00    0.00     0.00    0.00      0.00     0.00   0.00    0.00     0.00    0.00      0.00     0.00   0.00    0.00     0.00    0.00    0.00    0.00   0.00
loop4            0.00      0.00     0.00   0.00    0.00     0.00    0.00      0.00     0.00   0.00    0.00     0.00    0.00      0.00     0.00   0.00    0.00     0.00    0.00    0.00    0.00   0.00
loop5            0.00      0.00     0.00   0.00    0.00     0.00    0.00      0.00     0.00   0.00    0.00     0.00    0.00      0.00     0.00   0.00    0.00     0.00    0.00    0.00    0.00   0.00
loop6            0.00      0.00     0.00   0.00    0.00     0.00    0.00      0.00     0.00   0.00    0.00     0.00    0.00      0.00     0.00   0.00    0.00     0.00    0.00    0.00    0.00   0.00
sda              0.00      0.00     0.00   0.00    0.00     0.00    6.00    108.00    17.00  73.91    2.67    18.00    0.00      0.00     0.00   0.00    0.00     0.00    0.00    0.00    0.02   2.80
sdb              1.00    256.00     0.00   0.00  389.00   256.00  423.00  28408.00   659.00  60.91  103.76    67.16    0.00      0.00     0.00   0.00    0.00     0.00    0.00    0.00   44.28  98.40


avg-cpu:  %user   %nice %system %iowait  %steal   %idle
           0.56    0.00    0.38    4.87    0.00   94.19

Device            r/s     rkB/s   rrqm/s  %rrqm r_await rareq-sz     w/s     wkB/s   wrqm/s  %wrqm w_await wareq-sz     d/s     dkB/s   drqm/s  %drqm d_await dareq-sz     f/s f_await  aqu-sz  %util
dm-0             0.00      0.00     0.00   0.00    0.00     0.00  789.00  14256.00     0.00   0.00   43.96    18.07    0.00      0.00     0.00   0.00    0.00     0.00    0.00    0.00   34.69  99.20
dm-1             3.00    768.00     0.00   0.00  362.67   256.00  335.00  14600.00     0.00   0.00   56.08    43.58    0.00      0.00     0.00   0.00    0.00     0.00    0.00    0.00   19.88  99.60
dm-2             0.00      0.00     0.00   0.00    0.00     0.00   34.00    136.00     0.00   0.00    2.71     4.00    0.00      0.00     0.00   0.00    0.00     0.00    0.00    0.00    0.09   3.60
loop0            0.00      0.00     0.00   0.00    0.00     0.00    0.00      0.00     0.00   0.00    0.00     0.00    0.00      0.00     0.00   0.00    0.00     0.00    0.00    0.00    0.00   0.00
loop1            0.00      0.00     0.00   0.00    0.00     0.00    0.00      0.00     0.00   0.00    0.00     0.00    0.00      0.00     0.00   0.00    0.00     0.00    0.00    0.00    0.00   0.00
loop2            0.00      0.00     0.00   0.00    0.00     0.00    0.00      0.00     0.00   0.00    0.00     0.00    0.00      0.00     0.00   0.00    0.00     0.00    0.00    0.00    0.00   0.00
loop3            0.00      0.00     0.00   0.00    0.00     0.00    0.00      0.00     0.00   0.00    0.00     0.00    0.00      0.00     0.00   0.00    0.00     0.00    0.00    0.00    0.00   0.00
loop4            0.00      0.00     0.00   0.00    0.00     0.00    0.00      0.00     0.00   0.00    0.00     0.00    0.00      0.00     0.00   0.00    0.00     0.00    0.00    0.00    0.00   0.00
loop5            0.00      0.00     0.00   0.00    0.00     0.00    0.00      0.00     0.00   0.00    0.00     0.00    0.00      0.00     0.00   0.00    0.00     0.00    0.00    0.00    0.00   0.00
loop6            0.00      0.00     0.00   0.00    0.00     0.00    0.00      0.00     0.00   0.00    0.00     0.00    0.00      0.00     0.00   0.00    0.00     0.00    0.00    0.00    0.00   0.00
sda              0.00      0.00     0.00   0.00    0.00     0.00   11.00    136.00    23.00  67.65    2.55    12.36    0.00      0.00     0.00   0.00    0.00     0.00    0.00    0.00    0.03   3.60
sdb              3.00    768.00     0.00   0.00  361.67   256.00  423.00  27972.00   685.00  61.82   73.08    66.13    0.00      0.00     0.00   0.00    0.00     0.00    0.00    0.00   32.00  99.60


avg-cpu:  %user   %nice %system %iowait  %steal   %idle
           0.50    0.00    0.38    4.81    0.00   94.31

Device            r/s     rkB/s   rrqm/s  %rrqm r_await rareq-sz     w/s     wkB/s   wrqm/s  %wrqm w_await wareq-sz     d/s     dkB/s   drqm/s  %drqm d_await dareq-sz     f/s f_await  aqu-sz  %util
dm-0             0.00      0.00     0.00   0.00    0.00     0.00  967.00  17848.00     0.00   0.00   33.07    18.46    0.00      0.00     0.00   0.00    0.00     0.00    0.00    0.00   31.98  98.80
dm-1             3.00    768.00     0.00   0.00  376.00   256.00  382.00  12568.00     0.00   0.00   51.91    32.90    0.00      0.00     0.00   0.00    0.00     0.00    0.00    0.00   20.96  88.00
dm-2             0.00      0.00     0.00   0.00    0.00     0.00   23.00    112.00     0.00   0.00    2.61     4.87    0.00      0.00     0.00   0.00    0.00     0.00    0.00    0.00    0.06   3.20
loop0            0.00      0.00     0.00   0.00    0.00     0.00    0.00      0.00     0.00   0.00    0.00     0.00    0.00      0.00     0.00   0.00    0.00     0.00    0.00    0.00    0.00   0.00
loop1            0.00      0.00     0.00   0.00    0.00     0.00    0.00      0.00     0.00   0.00    0.00     0.00    0.00      0.00     0.00   0.00    0.00     0.00    0.00    0.00    0.00   0.00
loop2            0.00      0.00     0.00   0.00    0.00     0.00    0.00      0.00     0.00   0.00    0.00     0.00    0.00      0.00     0.00   0.00    0.00     0.00    0.00    0.00    0.00   0.00
loop3            0.00      0.00     0.00   0.00    0.00     0.00    0.00      0.00     0.00   0.00    0.00     0.00    0.00      0.00     0.00   0.00    0.00     0.00    0.00    0.00    0.00   0.00
loop4            0.00      0.00     0.00   0.00    0.00     0.00    0.00      0.00     0.00   0.00    0.00     0.00    0.00      0.00     0.00   0.00    0.00     0.00    0.00    0.00    0.00   0.00
loop5            0.00      0.00     0.00   0.00    0.00     0.00    0.00      0.00     0.00   0.00    0.00     0.00    0.00      0.00     0.00   0.00    0.00     0.00    0.00    0.00    0.00   0.00
loop6            0.00      0.00     0.00   0.00    0.00     0.00    0.00      0.00     0.00   0.00    0.00     0.00    0.00      0.00     0.00   0.00    0.00     0.00    0.00    0.00    0.00   0.00
sda              0.00      0.00     0.00   0.00    0.00     0.00    9.00    112.00    14.00  60.87    2.44    12.44    0.00      0.00     0.00   0.00    0.00     0.00    0.00    0.00    0.02   3.20
sdb              4.00   1024.00     0.00   0.00  282.00   256.00  463.00  29660.00   880.00  65.52   64.20    64.06    0.00      0.00     0.00   0.00    0.00     0.00    0.00    0.00   30.85  98.40


avg-cpu:  %user   %nice %system %iowait  %steal   %idle
           0.52    0.00    0.49    4.74    0.00   94.26

Device            r/s     rkB/s   rrqm/s  %rrqm r_await rareq-sz     w/s     wkB/s   wrqm/s  %wrqm w_await wareq-sz     d/s     dkB/s   drqm/s  %drqm d_await dareq-sz     f/s f_await  aqu-sz  %util
dm-0             0.00      0.00     0.00   0.00    0.00     0.00  869.00  11936.00     0.00   0.00  130.28    13.74    0.00      0.00     0.00   0.00    0.00     0.00    0.00    0.00  113.21  92.40
dm-1             1.00    256.00     0.00   0.00    0.00   256.00  681.00  13764.00     0.00   0.00  113.22    20.21    0.00      0.00     0.00   0.00    0.00     0.00    0.00    0.00   77.10  98.40
dm-2             0.00      0.00     0.00   0.00    0.00     0.00   47.00    188.00     0.00   0.00    4.26     4.00    0.00      0.00     0.00   0.00    0.00     0.00    0.00    0.00    0.20   6.00
loop0            0.00      0.00     0.00   0.00    0.00     0.00    0.00      0.00     0.00   0.00    0.00     0.00    0.00      0.00     0.00   0.00    0.00     0.00    0.00    0.00    0.00   0.00
loop1            0.00      0.00     0.00   0.00    0.00     0.00    0.00      0.00     0.00   0.00    0.00     0.00    0.00      0.00     0.00   0.00    0.00     0.00    0.00    0.00    0.00   0.00
loop2            0.00      0.00     0.00   0.00    0.00     0.00    0.00      0.00     0.00   0.00    0.00     0.00    0.00      0.00     0.00   0.00    0.00     0.00    0.00    0.00    0.00   0.00
loop3            0.00      0.00     0.00   0.00    0.00     0.00    0.00      0.00     0.00   0.00    0.00     0.00    0.00      0.00     0.00   0.00    0.00     0.00    0.00    0.00    0.00   0.00
loop4            0.00      0.00     0.00   0.00    0.00     0.00    0.00      0.00     0.00   0.00    0.00     0.00    0.00      0.00     0.00   0.00    0.00     0.00    0.00    0.00    0.00   0.00
loop5            0.00      0.00     0.00   0.00    0.00     0.00    0.00      0.00     0.00   0.00    0.00     0.00    0.00      0.00     0.00   0.00    0.00     0.00    0.00    0.00    0.00   0.00
loop6            0.00      0.00     0.00   0.00    0.00     0.00    0.00      0.00     0.00   0.00    0.00     0.00    0.00      0.00     0.00   0.00    0.00     0.00    0.00    0.00    0.00   0.00
sda              0.00      0.00     0.00   0.00    0.00     0.00   24.00    188.00    23.00  48.94    5.83     7.83    0.00      0.00     0.00   0.00    0.00     0.00    0.00    0.00    0.14   6.00
sdb              0.00      0.00     0.00   0.00    0.00     0.00  376.00  27256.00  1195.00  76.07  104.45    72.49    0.00      0.00     0.00   0.00    0.00     0.00    0.00    0.00   39.28  98.40


avg-cpu:  %user   %nice %system %iowait  %steal   %idle
           0.41    0.00    0.24    4.66    0.00   94.69

Device            r/s     rkB/s   rrqm/s  %rrqm r_await rareq-sz     w/s     wkB/s   wrqm/s  %wrqm w_await wareq-sz     d/s     dkB/s   drqm/s  %drqm d_await dareq-sz     f/s f_await  aqu-sz  %util
dm-0             0.00      0.00     0.00   0.00    0.00     0.00  730.00  14200.00     0.00   0.00   60.98    19.45    0.00      0.00     0.00   0.00    0.00     0.00    0.00    0.00   44.51 100.00
dm-1             3.00    768.00     0.00   0.00  382.67   256.00  289.00  12796.00     0.00   0.00   81.70    44.28    0.00      0.00     0.00   0.00    0.00     0.00    0.00    0.00   24.76  92.40
dm-2             0.00      0.00     0.00   0.00    0.00     0.00  135.00    596.00     0.00   0.00    5.54     4.41    0.00      0.00     0.00   0.00    0.00     0.00    0.00    0.00    0.75   3.20
loop0            0.00      0.00     0.00   0.00    0.00     0.00    0.00      0.00     0.00   0.00    0.00     0.00    0.00      0.00     0.00   0.00    0.00     0.00    0.00    0.00    0.00   0.00
loop1            0.00      0.00     0.00   0.00    0.00     0.00    0.00      0.00     0.00   0.00    0.00     0.00    0.00      0.00     0.00   0.00    0.00     0.00    0.00    0.00    0.00   0.00
loop2            0.00      0.00     0.00   0.00    0.00     0.00    0.00      0.00     0.00   0.00    0.00     0.00    0.00      0.00     0.00   0.00    0.00     0.00    0.00    0.00    0.00   0.00
loop3            0.00      0.00     0.00   0.00    0.00     0.00    0.00      0.00     0.00   0.00    0.00     0.00    0.00      0.00     0.00   0.00    0.00     0.00    0.00    0.00    0.00   0.00
loop4            0.00      0.00     0.00   0.00    0.00     0.00    0.00      0.00     0.00   0.00    0.00     0.00    0.00      0.00     0.00   0.00    0.00     0.00    0.00    0.00    0.00   0.00
loop5            0.00      0.00     0.00   0.00    0.00     0.00    0.00      0.00     0.00   0.00    0.00     0.00    0.00      0.00     0.00   0.00    0.00     0.00    0.00    0.00    0.00   0.00
loop6            0.00      0.00     0.00   0.00    0.00     0.00    0.00      0.00     0.00   0.00    0.00     0.00    0.00      0.00     0.00   0.00    0.00     0.00    0.00    0.00    0.00   0.00
sda              0.00      0.00     0.00   0.00    0.00     0.00  121.00    596.00    14.00  10.37    5.72     4.93    0.00      0.00     0.00   0.00    0.00     0.00    0.00    0.00    0.69   3.20
sdb              3.00    768.00     0.00   0.00  381.67   256.00  403.00  26196.00   601.00  59.86   87.33    65.00    0.00      0.00     0.00   0.00    0.00     0.00    0.00    0.00   36.34  98.00


avg-cpu:  %user   %nice %system %iowait  %steal   %idle
           0.56    0.00    0.38    5.06    0.00   94.00

Device            r/s     rkB/s   rrqm/s  %rrqm r_await rareq-sz     w/s     wkB/s   wrqm/s  %wrqm w_await wareq-sz     d/s     dkB/s   drqm/s  %drqm d_await dareq-sz     f/s f_await  aqu-sz  %util
dm-0             0.00      0.00     0.00   0.00    0.00     0.00  727.00  14188.00     0.00   0.00   32.82    19.52    0.00      0.00     0.00   0.00    0.00     0.00    0.00    0.00   23.86  92.40
dm-1             3.00    768.00     0.00   0.00  316.00   256.00  279.00  12216.00     0.00   0.00   81.10    43.78    0.00      0.00     0.00   0.00    0.00     0.00    0.00    0.00   23.58  92.80
dm-2             0.00      0.00     0.00   0.00    0.00     0.00   38.00    164.00     0.00   0.00    2.42     4.32    0.00      0.00     0.00   0.00    0.00     0.00    0.00    0.00    0.09   4.00
loop0            0.00      0.00     0.00   0.00    0.00     0.00    0.00      0.00     0.00   0.00    0.00     0.00    0.00      0.00     0.00   0.00    0.00     0.00    0.00    0.00    0.00   0.00
loop1            0.00      0.00     0.00   0.00    0.00     0.00    0.00      0.00     0.00   0.00    0.00     0.00    0.00      0.00     0.00   0.00    0.00     0.00    0.00    0.00    0.00   0.00
loop2            0.00      0.00     0.00   0.00    0.00     0.00    0.00      0.00     0.00   0.00    0.00     0.00    0.00      0.00     0.00   0.00    0.00     0.00    0.00    0.00    0.00   0.00
loop3            0.00      0.00     0.00   0.00    0.00     0.00    0.00      0.00     0.00   0.00    0.00     0.00    0.00      0.00     0.00   0.00    0.00     0.00    0.00    0.00    0.00   0.00
loop4            0.00      0.00     0.00   0.00    0.00     0.00    0.00      0.00     0.00   0.00    0.00     0.00    0.00      0.00     0.00   0.00    0.00     0.00    0.00    0.00    0.00   0.00
loop5            0.00      0.00     0.00   0.00    0.00     0.00    0.00      0.00     0.00   0.00    0.00     0.00    0.00      0.00     0.00   0.00    0.00     0.00    0.00    0.00    0.00   0.00
loop6            0.00      0.00     0.00   0.00    0.00     0.00    0.00      0.00     0.00   0.00    0.00     0.00    0.00      0.00     0.00   0.00    0.00     0.00    0.00    0.00    0.00   0.00
sda              0.00      0.00     0.00   0.00    0.00     0.00   13.00    164.00    25.00  65.79    2.23    12.62    0.00      0.00     0.00   0.00    0.00     0.00    0.00    0.00    0.03   4.00
sdb              3.00    768.00     0.00   0.00  316.33   256.00  438.00  28132.00   595.00  57.60   74.91    64.23    0.00      0.00     0.00   0.00    0.00     0.00    0.00    0.00   33.76  98.40


avg-cpu:  %user   %nice %system %iowait  %steal   %idle
           0.53    0.00    0.33    4.78    0.00   94.35

Device            r/s     rkB/s   rrqm/s  %rrqm r_await rareq-sz     w/s     wkB/s   wrqm/s  %wrqm w_await wareq-sz     d/s     dkB/s   drqm/s  %drqm d_await dareq-sz     f/s f_await  aqu-sz  %util
dm-0             0.00      0.00     0.00   0.00    0.00     0.00 1119.00  18696.00     0.00   0.00   43.21    16.71    0.00      0.00     0.00   0.00    0.00     0.00    0.00    0.00   48.36 100.80
dm-1             1.00    256.00     0.00   0.00  676.00   256.00  681.00  14364.00     0.00   0.00   48.87    21.09    0.00      0.00     0.00   0.00    0.00     0.00    0.00    0.00   33.96  92.00
dm-2             0.00      0.00     0.00   0.00    0.00     0.00   20.00     96.00     0.00   0.00    4.40     4.80    0.00      0.00     0.00   0.00    0.00     0.00    0.00    0.00    0.09   2.40
loop0            0.00      0.00     0.00   0.00    0.00     0.00    0.00      0.00     0.00   0.00    0.00     0.00    0.00      0.00     0.00   0.00    0.00     0.00    0.00    0.00    0.00   0.00
loop1            0.00      0.00     0.00   0.00    0.00     0.00    0.00      0.00     0.00   0.00    0.00     0.00    0.00      0.00     0.00   0.00    0.00     0.00    0.00    0.00    0.00   0.00
loop2            0.00      0.00     0.00   0.00    0.00     0.00    0.00      0.00     0.00   0.00    0.00     0.00    0.00      0.00     0.00   0.00    0.00     0.00    0.00    0.00    0.00   0.00
loop3            0.00      0.00     0.00   0.00    0.00     0.00    0.00      0.00     0.00   0.00    0.00     0.00    0.00      0.00     0.00   0.00    0.00     0.00    0.00    0.00    0.00   0.00
loop4            0.00      0.00     0.00   0.00    0.00     0.00    0.00      0.00     0.00   0.00    0.00     0.00    0.00      0.00     0.00   0.00    0.00     0.00    0.00    0.00    0.00   0.00
loop5            0.00      0.00     0.00   0.00    0.00     0.00    0.00      0.00     0.00   0.00    0.00     0.00    0.00      0.00     0.00   0.00    0.00     0.00    0.00    0.00    0.00   0.00
loop6            0.00      0.00     0.00   0.00    0.00     0.00    0.00      0.00     0.00   0.00    0.00     0.00    0.00      0.00     0.00   0.00    0.00     0.00    0.00    0.00    0.00   0.00
sda              0.00      0.00     0.00   0.00    0.00     0.00    6.00     96.00    14.00  70.00    2.17    16.00    0.00      0.00     0.00   0.00    0.00     0.00    0.00    0.00    0.01   2.40
sdb              2.00    512.00     0.00   0.00  336.50   256.00  442.00  29788.00  1320.00  74.91   67.79    67.39    0.00      0.00     0.00   0.00    0.00     0.00    0.00    0.00   30.63  98.00


avg-cpu:  %user   %nice %system %iowait  %steal   %idle
           0.42    0.00    0.31    4.73    0.00   94.53

Device            r/s     rkB/s   rrqm/s  %rrqm r_await rareq-sz     w/s     wkB/s   wrqm/s  %wrqm w_await wareq-sz     d/s     dkB/s   drqm/s  %drqm d_await dareq-sz     f/s f_await  aqu-sz  %util
dm-0             0.00      0.00     0.00   0.00    0.00     0.00  660.00  13860.00     0.00   0.00  174.15    21.00    0.00      0.00     0.00   0.00    0.00     0.00    0.00    0.00  114.94 100.00
dm-1             2.00    512.00     0.00   0.00  130.00   256.00  426.00  12984.00     0.00   0.00  172.83    30.48    0.00      0.00     0.00   0.00    0.00     0.00    0.00    0.00   73.88  98.40
dm-2             0.00      0.00     0.00   0.00    0.00     0.00   39.00    156.00     0.00   0.00    2.15     4.00    0.00      0.00     0.00   0.00    0.00     0.00    0.00    0.00    0.08   3.60
loop0            0.00      0.00     0.00   0.00    0.00     0.00    0.00      0.00     0.00   0.00    0.00     0.00    0.00      0.00     0.00   0.00    0.00     0.00    0.00    0.00    0.00   0.00
loop1            0.00      0.00     0.00   0.00    0.00     0.00    0.00      0.00     0.00   0.00    0.00     0.00    0.00      0.00     0.00   0.00    0.00     0.00    0.00    0.00    0.00   0.00
loop2            0.00      0.00     0.00   0.00    0.00     0.00    0.00      0.00     0.00   0.00    0.00     0.00    0.00      0.00     0.00   0.00    0.00     0.00    0.00    0.00    0.00   0.00
loop3            0.00      0.00     0.00   0.00    0.00     0.00    0.00      0.00     0.00   0.00    0.00     0.00    0.00      0.00     0.00   0.00    0.00     0.00    0.00    0.00    0.00   0.00
loop4            0.00      0.00     0.00   0.00    0.00     0.00    0.00      0.00     0.00   0.00    0.00     0.00    0.00      0.00     0.00   0.00    0.00     0.00    0.00    0.00    0.00   0.00
loop5            0.00      0.00     0.00   0.00    0.00     0.00    0.00      0.00     0.00   0.00    0.00     0.00    0.00      0.00     0.00   0.00    0.00     0.00    0.00    0.00    0.00   0.00
loop6            0.00      0.00     0.00   0.00    0.00     0.00    0.00      0.00     0.00   0.00    0.00     0.00    0.00      0.00     0.00   0.00    0.00     0.00    0.00    0.00    0.00   0.00
sda              0.00      0.00     0.00   0.00    0.00     0.00   14.00    156.00    25.00  64.10    1.93    11.14    0.00      0.00     0.00   0.00    0.00     0.00    0.00    0.00    0.03   3.60
sdb              1.00    256.00     0.00   0.00  257.00   256.00  414.00  28076.00   681.00  62.19  105.89    67.82    0.00      0.00     0.00   0.00    0.00     0.00    0.00    0.00   44.10  99.20


avg-cpu:  %user   %nice %system %iowait  %steal   %idle
           0.45    0.00    0.44    4.84    0.00   94.27

Device            r/s     rkB/s   rrqm/s  %rrqm r_await rareq-sz     w/s     wkB/s   wrqm/s  %wrqm w_await wareq-sz     d/s     dkB/s   drqm/s  %drqm d_await dareq-sz     f/s f_await  aqu-sz  %util
dm-0             0.00      0.00     0.00   0.00    0.00     0.00  661.00  13864.00     0.00   0.00   63.52    20.97    0.00      0.00     0.00   0.00    0.00     0.00    0.00    0.00   41.98  89.60
dm-1             4.00   1024.00     0.00   0.00  332.00   256.00  287.00  12788.00     0.00   0.00   80.92    44.56    0.00      0.00     0.00   0.00    0.00     0.00    0.00    0.00   24.55  94.40
dm-2             0.00      0.00     0.00   0.00    0.00     0.00   19.00     92.00     0.00   0.00    3.79     4.84    0.00      0.00     0.00   0.00    0.00     0.00    0.00    0.00    0.07   2.80
loop0            0.00      0.00     0.00   0.00    0.00     0.00    0.00      0.00     0.00   0.00    0.00     0.00    0.00      0.00     0.00   0.00    0.00     0.00    0.00    0.00    0.00   0.00
loop1            0.00      0.00     0.00   0.00    0.00     0.00    0.00      0.00     0.00   0.00    0.00     0.00    0.00      0.00     0.00   0.00    0.00     0.00    0.00    0.00    0.00   0.00
loop2            0.00      0.00     0.00   0.00    0.00     0.00    0.00      0.00     0.00   0.00    0.00     0.00    0.00      0.00     0.00   0.00    0.00     0.00    0.00    0.00    0.00   0.00
loop3            0.00      0.00     0.00   0.00    0.00     0.00    0.00      0.00     0.00   0.00    0.00     0.00    0.00      0.00     0.00   0.00    0.00     0.00    0.00    0.00    0.00   0.00
loop4            0.00      0.00     0.00   0.00    0.00     0.00    0.00      0.00     0.00   0.00    0.00     0.00    0.00      0.00     0.00   0.00    0.00     0.00    0.00    0.00    0.00   0.00
loop5            0.00      0.00     0.00   0.00    0.00     0.00    0.00      0.00     0.00   0.00    0.00     0.00    0.00      0.00     0.00   0.00    0.00     0.00    0.00    0.00    0.00   0.00
loop6            0.00      0.00     0.00   0.00    0.00     0.00    0.00      0.00     0.00   0.00    0.00     0.00    0.00      0.00     0.00   0.00    0.00     0.00    0.00    0.00    0.00   0.00
sda              0.00      0.00     0.00   0.00    0.00     0.00    6.00     92.00    13.00  68.42    3.83    15.33    0.00      0.00     0.00   0.00    0.00     0.00    0.00    0.00    0.02   2.80
sdb              4.00   1024.00     0.00   0.00  332.00   256.00  408.00  26708.00   542.00  57.05  107.53    65.46    0.00      0.00     0.00   0.00    0.00     0.00    0.00    0.00   45.20  96.80


avg-cpu:  %user   %nice %system %iowait  %steal   %idle
           0.47    0.00    0.30    5.23    0.00   94.00

Device            r/s     rkB/s   rrqm/s  %rrqm r_await rareq-sz     w/s     wkB/s   wrqm/s  %wrqm w_await wareq-sz     d/s     dkB/s   drqm/s  %drqm d_await dareq-sz     f/s f_await  aqu-sz  %util
dm-0             1.00    256.00     0.00   0.00    0.00   256.00  744.00  14196.00     0.00   0.00   39.35    19.08    0.00      0.00     0.00   0.00    0.00     0.00    0.00    0.00   29.28  90.40
dm-1             2.00    512.00     0.00   0.00  460.00   256.00  379.00  14896.00     0.00   0.00   51.70    39.30    0.00      0.00     0.00   0.00    0.00     0.00    0.00    0.00   20.52  93.60
dm-2             0.00      0.00     0.00   0.00    0.00     0.00   48.00    192.00     0.00   0.00    3.33     4.00    0.00      0.00     0.00   0.00    0.00     0.00    0.00    0.00    0.16   5.60
loop0            0.00      0.00     0.00   0.00    0.00     0.00    0.00      0.00     0.00   0.00    0.00     0.00    0.00      0.00     0.00   0.00    0.00     0.00    0.00    0.00    0.00   0.00
loop1            0.00      0.00     0.00   0.00    0.00     0.00    0.00      0.00     0.00   0.00    0.00     0.00    0.00      0.00     0.00   0.00    0.00     0.00    0.00    0.00    0.00   0.00
loop2            0.00      0.00     0.00   0.00    0.00     0.00    0.00      0.00     0.00   0.00    0.00     0.00    0.00      0.00     0.00   0.00    0.00     0.00    0.00    0.00    0.00   0.00
loop3            0.00      0.00     0.00   0.00    0.00     0.00    0.00      0.00     0.00   0.00    0.00     0.00    0.00      0.00     0.00   0.00    0.00     0.00    0.00    0.00    0.00   0.00
loop4            0.00      0.00     0.00   0.00    0.00     0.00    0.00      0.00     0.00   0.00    0.00     0.00    0.00      0.00     0.00   0.00    0.00     0.00    0.00    0.00    0.00   0.00
loop5            0.00      0.00     0.00   0.00    0.00     0.00    0.00      0.00     0.00   0.00    0.00     0.00    0.00      0.00     0.00   0.00    0.00     0.00    0.00    0.00    0.00   0.00
loop6            0.00      0.00     0.00   0.00    0.00     0.00    0.00      0.00     0.00   0.00    0.00     0.00    0.00      0.00     0.00   0.00    0.00     0.00    0.00    0.00    0.00   0.00
sda              0.00      0.00     0.00   0.00    0.00     0.00   24.00    192.00    24.00  50.00    4.08     8.00    0.00      0.00     0.00   0.00    0.00     0.00    0.00    0.00    0.10   5.60
sdb              3.00    768.00     0.00   0.00  306.67   256.00  443.00  28772.00   674.00  60.34   72.89    64.95    0.00      0.00     0.00   0.00    0.00     0.00    0.00    0.00   33.21  98.80


avg-cpu:  %user   %nice %system %iowait  %steal   %idle
           0.60    0.00    0.41    5.64    0.00   93.36

Device            r/s     rkB/s   rrqm/s  %rrqm r_await rareq-sz     w/s     wkB/s   wrqm/s  %wrqm w_await wareq-sz     d/s     dkB/s   drqm/s  %drqm d_await dareq-sz     f/s f_await  aqu-sz  %util
dm-0             3.00    768.00     0.00   0.00  352.00   256.00  348.00  15492.00     0.00   0.00   79.20    44.52    0.00      0.00     0.00   0.00    0.00     0.00    0.00    0.00   28.62  94.80
dm-1             1.00    256.00     0.00   0.00    0.00   256.00  725.00  14240.00     0.00   0.00   36.40    19.64    0.00      0.00     0.00   0.00    0.00     0.00    0.00    0.00   26.39  94.80
dm-2             0.00      0.00     0.00   0.00    0.00     0.00   19.00     96.00     0.00   0.00    0.42     5.05    0.00      0.00     0.00   0.00    0.00     0.00    0.00    0.00    0.01   1.20
loop0            0.00      0.00     0.00   0.00    0.00     0.00    0.00      0.00     0.00   0.00    0.00     0.00    0.00      0.00     0.00   0.00    0.00     0.00    0.00    0.00    0.00   0.00
loop1            0.00      0.00     0.00   0.00    0.00     0.00    0.00      0.00     0.00   0.00    0.00     0.00    0.00      0.00     0.00   0.00    0.00     0.00    0.00    0.00    0.00   0.00
loop2            0.00      0.00     0.00   0.00    0.00     0.00    0.00      0.00     0.00   0.00    0.00     0.00    0.00      0.00     0.00   0.00    0.00     0.00    0.00    0.00    0.00   0.00
loop3            0.00      0.00     0.00   0.00    0.00     0.00    0.00      0.00     0.00   0.00    0.00     0.00    0.00      0.00     0.00   0.00    0.00     0.00    0.00    0.00    0.00   0.00
loop4            0.00      0.00     0.00   0.00    0.00     0.00    0.00      0.00     0.00   0.00    0.00     0.00    0.00      0.00     0.00   0.00    0.00     0.00    0.00    0.00    0.00   0.00
loop5            0.00      0.00     0.00   0.00    0.00     0.00    0.00      0.00     0.00   0.00    0.00     0.00    0.00      0.00     0.00   0.00    0.00     0.00    0.00    0.00    0.00   0.00
loop6            0.00      0.00     0.00   0.00    0.00     0.00    0.00      0.00     0.00   0.00    0.00     0.00    0.00      0.00     0.00   0.00    0.00     0.00    0.00    0.00    0.00   0.00
sda              0.00      0.00     0.00   0.00    0.00     0.00    6.00     96.00    13.00  68.42    1.00    16.00    0.00      0.00     0.00   0.00    0.00     0.00    0.00    0.00    0.01   1.20
sdb              3.00    768.00     0.00   0.00  352.00   256.00  448.00  28968.00   614.00  57.82   84.14    64.66    0.00      0.00     0.00   0.00    0.00     0.00    0.00    0.00   38.75  99.60


avg-cpu:  %user   %nice %system %iowait  %steal   %idle
           0.44    0.00    0.38    4.76    0.00   94.42

Device            r/s     rkB/s   rrqm/s  %rrqm r_await rareq-sz     w/s     wkB/s   wrqm/s  %wrqm w_await wareq-sz     d/s     dkB/s   drqm/s  %drqm d_await dareq-sz     f/s f_await  aqu-sz  %util
dm-0             2.00    512.00     0.00   0.00  472.00   256.00  274.00  12376.00     0.00   0.00  118.96    45.17    0.00      0.00     0.00   0.00    0.00     0.00    0.00    0.00   33.54  99.60
dm-1             2.00    512.00     0.00   0.00  428.00   256.00  276.00  12384.00     0.00   0.00   99.65    44.87    0.00      0.00     0.00   0.00    0.00     0.00    0.00    0.00   28.36 103.20
dm-2             0.00      0.00     0.00   0.00    0.00     0.00  157.00    704.00     0.00   0.00    6.88     4.48    0.00      0.00     0.00   0.00    0.00     0.00    0.00    0.00    1.08   4.00
loop0            0.00      0.00     0.00   0.00    0.00     0.00    0.00      0.00     0.00   0.00    0.00     0.00    0.00      0.00     0.00   0.00    0.00     0.00    0.00    0.00    0.00   0.00
loop1            0.00      0.00     0.00   0.00    0.00     0.00    0.00      0.00     0.00   0.00    0.00     0.00    0.00      0.00     0.00   0.00    0.00     0.00    0.00    0.00    0.00   0.00
loop2            0.00      0.00     0.00   0.00    0.00     0.00    0.00      0.00     0.00   0.00    0.00     0.00    0.00      0.00     0.00   0.00    0.00     0.00    0.00    0.00    0.00   0.00
loop3            0.00      0.00     0.00   0.00    0.00     0.00    0.00      0.00     0.00   0.00    0.00     0.00    0.00      0.00     0.00   0.00    0.00     0.00    0.00    0.00    0.00   0.00
loop4            0.00      0.00     0.00   0.00    0.00     0.00    0.00      0.00     0.00   0.00    0.00     0.00    0.00      0.00     0.00   0.00    0.00     0.00    0.00    0.00    0.00   0.00
loop5            0.00      0.00     0.00   0.00    0.00     0.00    0.00      0.00     0.00   0.00    0.00     0.00    0.00      0.00     0.00   0.00    0.00     0.00    0.00    0.00    0.00   0.00
loop6            0.00      0.00     0.00   0.00    0.00     0.00    0.00      0.00     0.00   0.00    0.00     0.00    0.00      0.00     0.00   0.00    0.00     0.00    0.00    0.00    0.00   0.00
sda              0.00      0.00     0.00   0.00    0.00     0.00  127.00    664.00    29.00  18.59    8.45     5.23    0.00      0.00     0.00   0.00    0.00     0.00    0.00    0.00    1.07   4.00
sdb              4.00   1024.00     0.00   0.00  449.75   256.00  402.00  26092.00   168.00  29.47  102.82    64.91    0.00      0.00     0.00   0.00    0.00     0.00    0.00    0.00   43.13  99.20


avg-cpu:  %user   %nice %system %iowait  %steal   %idle
           0.39    0.00    0.30    4.80    0.00   94.51

Device            r/s     rkB/s   rrqm/s  %rrqm r_await rareq-sz     w/s     wkB/s   wrqm/s  %wrqm w_await wareq-sz     d/s     dkB/s   drqm/s  %drqm d_await dareq-sz     f/s f_await  aqu-sz  %util
dm-0             2.00    512.00     0.00   0.00  442.00   256.00  337.00  15328.00     0.00   0.00  130.47    45.48    0.00      0.00     0.00   0.00    0.00     0.00    0.00    0.00   44.85  99.20
dm-1             3.00    768.00     0.00   0.00  373.33   256.00  338.00  15332.00     0.00   0.00   69.47    45.36    0.00      0.00     0.00   0.00    0.00     0.00    0.00    0.00   24.60  98.40
dm-2             0.00      0.00     0.00   0.00    0.00     0.00   27.00    120.00     0.00   0.00    7.41     4.44    0.00      0.00     0.00   0.00    0.00     0.00    0.00    0.00    0.20   5.20
loop0            0.00      0.00     0.00   0.00    0.00     0.00    0.00      0.00     0.00   0.00    0.00     0.00    0.00      0.00     0.00   0.00    0.00     0.00    0.00    0.00    0.00   0.00
loop1            0.00      0.00     0.00   0.00    0.00     0.00    0.00      0.00     0.00   0.00    0.00     0.00    0.00      0.00     0.00   0.00    0.00     0.00    0.00    0.00    0.00   0.00
loop2            0.00      0.00     0.00   0.00    0.00     0.00    0.00      0.00     0.00   0.00    0.00     0.00    0.00      0.00     0.00   0.00    0.00     0.00    0.00    0.00    0.00   0.00
loop3            0.00      0.00     0.00   0.00    0.00     0.00    0.00      0.00     0.00   0.00    0.00     0.00    0.00      0.00     0.00   0.00    0.00     0.00    0.00    0.00    0.00   0.00
loop4            0.00      0.00     0.00   0.00    0.00     0.00    0.00      0.00     0.00   0.00    0.00     0.00    0.00      0.00     0.00   0.00    0.00     0.00    0.00    0.00    0.00   0.00
loop5            0.00      0.00     0.00   0.00    0.00     0.00    0.00      0.00     0.00   0.00    0.00     0.00    0.00      0.00     0.00   0.00    0.00     0.00    0.00    0.00    0.00   0.00
loop6            0.00      0.00     0.00   0.00    0.00     0.00    0.00      0.00     0.00   0.00    0.00     0.00    0.00      0.00     0.00   0.00    0.00     0.00    0.00    0.00    0.00   0.00
sda              0.00      0.00     0.00   0.00    0.00     0.00   10.00    160.00    18.00  64.29    4.00    16.00    0.00      0.00     0.00   0.00    0.00     0.00    0.00    0.00    0.04   5.20
sdb              5.00   1280.00     0.00   0.00  399.80   256.00  435.00  28096.00   204.00  31.92  105.62    64.59    0.00      0.00     0.00   0.00    0.00     0.00    0.00    0.00   47.94  99.20


avg-cpu:  %user   %nice %system %iowait  %steal   %idle
           0.53    0.00    0.39    5.18    0.00   93.89

Device            r/s     rkB/s   rrqm/s  %rrqm r_await rareq-sz     w/s     wkB/s   wrqm/s  %wrqm w_await wareq-sz     d/s     dkB/s   drqm/s  %drqm d_await dareq-sz     f/s f_await  aqu-sz  %util
dm-0             1.00    256.00     0.00   0.00  432.00   256.00  643.00  13792.00     0.00   0.00   65.77    21.45    0.00      0.00     0.00   0.00    0.00     0.00    0.00    0.00   42.72  99.60
dm-1             2.00    512.00     0.00   0.00  596.00   256.00  437.00  13388.00     0.00   0.00   47.10    30.64    0.00      0.00     0.00   0.00    0.00     0.00    0.00    0.00   21.78  95.20
dm-2             0.00      0.00     0.00   0.00    0.00     0.00    9.00     44.00     0.00   0.00    0.89     4.89    0.00      0.00     0.00   0.00    0.00     0.00    0.00    0.00    0.01   0.80
loop0            0.00      0.00     0.00   0.00    0.00     0.00    0.00      0.00     0.00   0.00    0.00     0.00    0.00      0.00     0.00   0.00    0.00     0.00    0.00    0.00    0.00   0.00
loop1            0.00      0.00     0.00   0.00    0.00     0.00    0.00      0.00     0.00   0.00    0.00     0.00    0.00      0.00     0.00   0.00    0.00     0.00    0.00    0.00    0.00   0.00
loop2            0.00      0.00     0.00   0.00    0.00     0.00    0.00      0.00     0.00   0.00    0.00     0.00    0.00      0.00     0.00   0.00    0.00     0.00    0.00    0.00    0.00   0.00
loop3            0.00      0.00     0.00   0.00    0.00     0.00    0.00      0.00     0.00   0.00    0.00     0.00    0.00      0.00     0.00   0.00    0.00     0.00    0.00    0.00    0.00   0.00
loop4            0.00      0.00     0.00   0.00    0.00     0.00    0.00      0.00     0.00   0.00    0.00     0.00    0.00      0.00     0.00   0.00    0.00     0.00    0.00    0.00    0.00   0.00
loop5            0.00      0.00     0.00   0.00    0.00     0.00    0.00      0.00     0.00   0.00    0.00     0.00    0.00      0.00     0.00   0.00    0.00     0.00    0.00    0.00    0.00   0.00
loop6            0.00      0.00     0.00   0.00    0.00     0.00    0.00      0.00     0.00   0.00    0.00     0.00    0.00      0.00     0.00   0.00    0.00     0.00    0.00    0.00    0.00   0.00
sda              0.00      0.00     0.00   0.00    0.00     0.00    3.00     44.00     6.00  66.67    2.00    14.67    0.00      0.00     0.00   0.00    0.00     0.00    0.00    0.00    0.01   0.80
sdb              4.00   1024.00     0.00   0.00  407.25   256.00  450.00  29240.00   659.00  59.42   81.10    64.98    0.00      0.00     0.00   0.00    0.00     0.00    0.00    0.00   38.12  97.60


avg-cpu:  %user   %nice %system %iowait  %steal   %idle
           0.38    0.00    0.33    5.72    0.00   93.57

Device            r/s     rkB/s   rrqm/s  %rrqm r_await rareq-sz     w/s     wkB/s   wrqm/s  %wrqm w_await wareq-sz     d/s     dkB/s   drqm/s  %drqm d_await dareq-sz     f/s f_await  aqu-sz  %util
dm-0             3.00    768.00     0.00   0.00  325.33   256.00  333.00  13512.00     0.00   0.00   74.64    40.58    0.00      0.00     0.00   0.00    0.00     0.00    0.00    0.00   25.83  95.60
dm-1             1.00    256.00     0.00   0.00    0.00   256.00  640.00  13660.00     0.00   0.00   42.64    21.34    0.00      0.00     0.00   0.00    0.00     0.00    0.00    0.00   27.29  94.40
dm-2             0.00      0.00     0.00   0.00    0.00     0.00   31.00    124.00     0.00   0.00    2.71     4.00    0.00      0.00     0.00   0.00    0.00     0.00    0.00    0.00    0.08   2.80
loop0            0.00      0.00     0.00   0.00    0.00     0.00    0.00      0.00     0.00   0.00    0.00     0.00    0.00      0.00     0.00   0.00    0.00     0.00    0.00    0.00    0.00   0.00
loop1            0.00      0.00     0.00   0.00    0.00     0.00    0.00      0.00     0.00   0.00    0.00     0.00    0.00      0.00     0.00   0.00    0.00     0.00    0.00    0.00    0.00   0.00
loop2            0.00      0.00     0.00   0.00    0.00     0.00    0.00      0.00     0.00   0.00    0.00     0.00    0.00      0.00     0.00   0.00    0.00     0.00    0.00    0.00    0.00   0.00
loop3            0.00      0.00     0.00   0.00    0.00     0.00    0.00      0.00     0.00   0.00    0.00     0.00    0.00      0.00     0.00   0.00    0.00     0.00    0.00    0.00    0.00   0.00
loop4            0.00      0.00     0.00   0.00    0.00     0.00    0.00      0.00     0.00   0.00    0.00     0.00    0.00      0.00     0.00   0.00    0.00     0.00    0.00    0.00    0.00   0.00
loop5            0.00      0.00     0.00   0.00    0.00     0.00    0.00      0.00     0.00   0.00    0.00     0.00    0.00      0.00     0.00   0.00    0.00     0.00    0.00    0.00    0.00   0.00
loop6            0.00      0.00     0.00   0.00    0.00     0.00    0.00      0.00     0.00   0.00    0.00     0.00    0.00      0.00     0.00   0.00    0.00     0.00    0.00    0.00    0.00   0.00
sda              0.00      0.00     0.00   0.00    0.00     0.00   11.00    124.00    20.00  64.52    1.55    11.27    0.00      0.00     0.00   0.00    0.00     0.00    0.00    0.00    0.02   2.80
sdb              3.00    768.00     0.00   0.00  325.00   256.00  416.00  27048.00   553.00  57.07   70.48    65.02    0.00      0.00     0.00   0.00    0.00     0.00    0.00    0.00   30.29  97.60


avg-cpu:  %user   %nice %system %iowait  %steal   %idle
           0.34    0.00    0.41    4.75    0.00   94.50

Device            r/s     rkB/s   rrqm/s  %rrqm r_await rareq-sz     w/s     wkB/s   wrqm/s  %wrqm w_await wareq-sz     d/s     dkB/s   drqm/s  %drqm d_await dareq-sz     f/s f_await  aqu-sz  %util
dm-0             2.00    512.00     0.00   0.00  392.00   256.00  231.00  10944.00     0.00   0.00  175.39    47.38    0.00      0.00     0.00   0.00    0.00     0.00    0.00    0.00   41.30  92.40
dm-1             2.00    512.00     0.00   0.00  388.00   256.00  269.00  12176.00     0.00   0.00   99.67    45.26    0.00      0.00     0.00   0.00    0.00     0.00    0.00    0.00   27.59  99.60
dm-2             0.00      0.00     0.00   0.00    0.00     0.00   38.00    168.00     0.00   0.00    4.84     4.42    0.00      0.00     0.00   0.00    0.00     0.00    0.00    0.00    0.18   3.60
loop0            0.00      0.00     0.00   0.00    0.00     0.00    0.00      0.00     0.00   0.00    0.00     0.00    0.00      0.00     0.00   0.00    0.00     0.00    0.00    0.00    0.00   0.00
loop1            0.00      0.00     0.00   0.00    0.00     0.00    0.00      0.00     0.00   0.00    0.00     0.00    0.00      0.00     0.00   0.00    0.00     0.00    0.00    0.00    0.00   0.00
loop2            0.00      0.00     0.00   0.00    0.00     0.00    0.00      0.00     0.00   0.00    0.00     0.00    0.00      0.00     0.00   0.00    0.00     0.00    0.00    0.00    0.00   0.00
loop3            0.00      0.00     0.00   0.00    0.00     0.00    0.00      0.00     0.00   0.00    0.00     0.00    0.00      0.00     0.00   0.00    0.00     0.00    0.00    0.00    0.00   0.00
loop4            0.00      0.00     0.00   0.00    0.00     0.00    0.00      0.00     0.00   0.00    0.00     0.00    0.00      0.00     0.00   0.00    0.00     0.00    0.00    0.00    0.00   0.00
loop5            0.00      0.00     0.00   0.00    0.00     0.00    0.00      0.00     0.00   0.00    0.00     0.00    0.00      0.00     0.00   0.00    0.00     0.00    0.00    0.00    0.00   0.00
loop6            0.00      0.00     0.00   0.00    0.00     0.00    0.00      0.00     0.00   0.00    0.00     0.00    0.00      0.00     0.00   0.00    0.00     0.00    0.00    0.00    0.00   0.00
sda              0.00      0.00     0.00   0.00    0.00     0.00   24.00    168.00    14.00  36.84    8.88     7.00    0.00      0.00     0.00   0.00    0.00     0.00    0.00    0.00    0.21   3.60
sdb              4.00   1024.00     0.00   0.00  389.50   256.00  385.00  24896.00   143.00  27.08  130.89    64.66    0.00      0.00     0.00   0.00    0.00     0.00    0.00    0.00   51.95  98.80


avg-cpu:  %user   %nice %system %iowait  %steal   %idle
           0.36    0.00    0.27    4.86    0.00   94.51

Device            r/s     rkB/s   rrqm/s  %rrqm r_await rareq-sz     w/s     wkB/s   wrqm/s  %wrqm w_await wareq-sz     d/s     dkB/s   drqm/s  %drqm d_await dareq-sz     f/s f_await  aqu-sz  %util
dm-0             2.00    512.00     0.00   0.00  578.00   256.00  273.00  12312.00     0.00   0.00  100.79    45.10    0.00      0.00     0.00   0.00    0.00     0.00    0.00    0.00   28.67 105.20
dm-1             3.00    768.00     0.00   0.00  385.33   256.00  333.00  14952.00     0.00   0.00  108.79    44.90    0.00      0.00     0.00   0.00    0.00     0.00    0.00    0.00   37.38  91.20
dm-2             0.00      0.00     0.00   0.00    0.00     0.00  134.00    568.00     0.00   0.00    5.82     4.24    0.00      0.00     0.00   0.00    0.00     0.00    0.00    0.00    0.78   5.20
loop0            0.00      0.00     0.00   0.00    0.00     0.00    0.00      0.00     0.00   0.00    0.00     0.00    0.00      0.00     0.00   0.00    0.00     0.00    0.00    0.00    0.00   0.00
loop1            0.00      0.00     0.00   0.00    0.00     0.00    0.00      0.00     0.00   0.00    0.00     0.00    0.00      0.00     0.00   0.00    0.00     0.00    0.00    0.00    0.00   0.00
loop2            0.00      0.00     0.00   0.00    0.00     0.00    0.00      0.00     0.00   0.00    0.00     0.00    0.00      0.00     0.00   0.00    0.00     0.00    0.00    0.00    0.00   0.00
loop3            0.00      0.00     0.00   0.00    0.00     0.00    0.00      0.00     0.00   0.00    0.00     0.00    0.00      0.00     0.00   0.00    0.00     0.00    0.00    0.00    0.00   0.00
loop4            0.00      0.00     0.00   0.00    0.00     0.00    0.00      0.00     0.00   0.00    0.00     0.00    0.00      0.00     0.00   0.00    0.00     0.00    0.00    0.00    0.00   0.00
loop5            0.00      0.00     0.00   0.00    0.00     0.00    0.00      0.00     0.00   0.00    0.00     0.00    0.00      0.00     0.00   0.00    0.00     0.00    0.00    0.00    0.00   0.00
loop6            0.00      0.00     0.00   0.00    0.00     0.00    0.00      0.00     0.00   0.00    0.00     0.00    0.00      0.00     0.00   0.00    0.00     0.00    0.00    0.00    0.00   0.00
sda              0.00      0.00     0.00   0.00    0.00     0.00  105.00    568.00    29.00  21.64    7.85     5.41    0.00      0.00     0.00   0.00    0.00     0.00    0.00    0.00    0.82   5.20
sdb              6.00   1536.00     0.00   0.00  385.00   256.00  401.00  26044.00   184.00  31.45  110.01    64.95    0.00      0.00     0.00   0.00    0.00     0.00    0.00    0.00   46.43  99.20


avg-cpu:  %user   %nice %system %iowait  %steal   %idle
           0.89    0.00    0.82    2.84    0.00   95.45

Device            r/s     rkB/s   rrqm/s  %rrqm r_await rareq-sz     w/s     wkB/s   wrqm/s  %wrqm w_await wareq-sz     d/s     dkB/s   drqm/s  %drqm d_await dareq-sz     f/s f_await  aqu-sz  %util
dm-0            35.00   8960.00     0.00   0.00   20.80   256.00 3747.00  31788.00     0.00   0.00    0.32     8.48    0.00      0.00     0.00   0.00    0.00     0.00    0.00    0.00    1.94  78.80
dm-1            32.00   8192.00     0.00   0.00   23.25   256.00 2889.00  25480.00     0.00   0.00    3.12     8.82    0.00      0.00     0.00   0.00    0.00     0.00    0.00    0.00    9.75  74.80
dm-2             0.00      0.00     0.00   0.00    0.00     0.00   27.00    124.00     0.00   0.00    0.00     4.59    0.00      0.00     0.00   0.00    0.00     0.00    0.00    0.00    0.00   1.20
loop0            0.00      0.00     0.00   0.00    0.00     0.00    0.00      0.00     0.00   0.00    0.00     0.00    0.00      0.00     0.00   0.00    0.00     0.00    0.00    0.00    0.00   0.00
loop1            0.00      0.00     0.00   0.00    0.00     0.00    0.00      0.00     0.00   0.00    0.00     0.00    0.00      0.00     0.00   0.00    0.00     0.00    0.00    0.00    0.00   0.00
loop2            0.00      0.00     0.00   0.00    0.00     0.00    0.00      0.00     0.00   0.00    0.00     0.00    0.00      0.00     0.00   0.00    0.00     0.00    0.00    0.00    0.00   0.00
loop3            0.00      0.00     0.00   0.00    0.00     0.00    0.00      0.00     0.00   0.00    0.00     0.00    0.00      0.00     0.00   0.00    0.00     0.00    0.00    0.00    0.00   0.00
loop4            0.00      0.00     0.00   0.00    0.00     0.00    0.00      0.00     0.00   0.00    0.00     0.00    0.00      0.00     0.00   0.00    0.00     0.00    0.00    0.00    0.00   0.00
loop5            0.00      0.00     0.00   0.00    0.00     0.00    0.00      0.00     0.00   0.00    0.00     0.00    0.00      0.00     0.00   0.00    0.00     0.00    0.00    0.00    0.00   0.00
loop6            0.00      0.00     0.00   0.00    0.00     0.00    0.00      0.00     0.00   0.00    0.00     0.00    0.00      0.00     0.00   0.00    0.00     0.00    0.00    0.00    0.00   0.00
sda              0.00      0.00     0.00   0.00    0.00     0.00    9.00    124.00    18.00  66.67    0.11    13.78    0.00      0.00     0.00   0.00    0.00     0.00    0.00    0.00    0.00   1.20
sdb             66.00  16896.00     0.00   0.00   22.12   256.00 1633.00  59984.00  5048.00  75.56    3.87    36.73    0.00      0.00     0.00   0.00    0.00     0.00    0.00    0.00    7.78  79.60


avg-cpu:  %user   %nice %system %iowait  %steal   %idle
           0.60    0.00    0.53    3.08    0.00   95.79

Device            r/s     rkB/s   rrqm/s  %rrqm r_await rareq-sz     w/s     wkB/s   wrqm/s  %wrqm w_await wareq-sz     d/s     dkB/s   drqm/s  %drqm d_await dareq-sz     f/s f_await  aqu-sz  %util
dm-0             4.00   1024.00     0.00   0.00  246.00   256.00  800.00  17060.00     0.00   0.00    0.03    21.32    0.00      0.00     0.00   0.00    0.00     0.00    0.00    0.00    1.01  83.20
dm-1             4.00   1024.00     0.00   0.00  258.00   256.00 1319.00  19136.00     0.00   0.00    0.08    14.51    0.00      0.00     0.00   0.00    0.00     0.00    0.00    0.00    1.14  62.40
dm-2             0.00      0.00     0.00   0.00    0.00     0.00   34.00    136.00     0.00   0.00    0.00     4.00    0.00      0.00     0.00   0.00    0.00     0.00    0.00    0.00    0.00   1.20
loop0            0.00      0.00     0.00   0.00    0.00     0.00    0.00      0.00     0.00   0.00    0.00     0.00    0.00      0.00     0.00   0.00    0.00     0.00    0.00    0.00    0.00   0.00
loop1            0.00      0.00     0.00   0.00    0.00     0.00    0.00      0.00     0.00   0.00    0.00     0.00    0.00      0.00     0.00   0.00    0.00     0.00    0.00    0.00    0.00   0.00
loop2            0.00      0.00     0.00   0.00    0.00     0.00    0.00      0.00     0.00   0.00    0.00     0.00    0.00      0.00     0.00   0.00    0.00     0.00    0.00    0.00    0.00   0.00
loop3            0.00      0.00     0.00   0.00    0.00     0.00    0.00      0.00     0.00   0.00    0.00     0.00    0.00      0.00     0.00   0.00    0.00     0.00    0.00    0.00    0.00   0.00
loop4            0.00      0.00     0.00   0.00    0.00     0.00    0.00      0.00     0.00   0.00    0.00     0.00    0.00      0.00     0.00   0.00    0.00     0.00    0.00    0.00    0.00   0.00
loop5            0.00      0.00     0.00   0.00    0.00     0.00    0.00      0.00     0.00   0.00    0.00     0.00    0.00      0.00     0.00   0.00    0.00     0.00    0.00    0.00    0.00   0.00
loop6            0.00      0.00     0.00   0.00    0.00     0.00    0.00      0.00     0.00   0.00    0.00     0.00    0.00      0.00     0.00   0.00    0.00     0.00    0.00    0.00    0.00   0.00
sda              0.00      0.00     0.00   0.00    0.00     0.00   11.00    136.00    23.00  67.65    0.00    12.36    0.00      0.00     0.00   0.00    0.00     0.00    0.00    0.00    0.00   1.20
sdb              8.00   2048.00     0.00   0.00  251.38   256.00 1417.00  36196.00   702.00  33.13    0.06    25.54    0.00      0.00     0.00   0.00    0.00     0.00    0.00    0.00    2.09  83.20


avg-cpu:  %user   %nice %system %iowait  %steal   %idle
           0.55    0.00    0.56    3.07    0.00   95.81

Device            r/s     rkB/s   rrqm/s  %rrqm r_await rareq-sz     w/s     wkB/s   wrqm/s  %wrqm w_await wareq-sz     d/s     dkB/s   drqm/s  %drqm d_await dareq-sz     f/s f_await  aqu-sz  %util
dm-0             4.00    772.00     0.00   0.00  258.00   193.00 1646.00  19484.00     0.00   0.00    0.02    11.84    0.00      0.00     0.00   0.00    0.00     0.00    0.00    0.00    1.06  51.60
dm-1             4.00   1024.00     0.00   0.00  262.00   256.00  723.00  15732.00     0.00   0.00    0.03    21.76    0.00      0.00     0.00   0.00    0.00     0.00    0.00    0.00    1.07  51.20
dm-2             0.00      0.00     0.00   0.00    0.00     0.00   22.00    104.00     0.00   0.00    0.18     4.73    0.00      0.00     0.00   0.00    0.00     0.00    0.00    0.00    0.00   1.20
loop0            0.00      0.00     0.00   0.00    0.00     0.00    0.00      0.00     0.00   0.00    0.00     0.00    0.00      0.00     0.00   0.00    0.00     0.00    0.00    0.00    0.00   0.00
loop1            0.00      0.00     0.00   0.00    0.00     0.00    0.00      0.00     0.00   0.00    0.00     0.00    0.00      0.00     0.00   0.00    0.00     0.00    0.00    0.00    0.00   0.00
loop2            0.00      0.00     0.00   0.00    0.00     0.00    0.00      0.00     0.00   0.00    0.00     0.00    0.00      0.00     0.00   0.00    0.00     0.00    0.00    0.00    0.00   0.00
loop3            0.00      0.00     0.00   0.00    0.00     0.00    0.00      0.00     0.00   0.00    0.00     0.00    0.00      0.00     0.00   0.00    0.00     0.00    0.00    0.00    0.00   0.00
loop4            0.00      0.00     0.00   0.00    0.00     0.00    0.00      0.00     0.00   0.00    0.00     0.00    0.00      0.00     0.00   0.00    0.00     0.00    0.00    0.00    0.00   0.00
loop5            0.00      0.00     0.00   0.00    0.00     0.00    0.00      0.00     0.00   0.00    0.00     0.00    0.00      0.00     0.00   0.00    0.00     0.00    0.00    0.00    0.00   0.00
loop6            0.00      0.00     0.00   0.00    0.00     0.00    0.00      0.00     0.00   0.00    0.00     0.00    0.00      0.00     0.00   0.00    0.00     0.00    0.00    0.00    0.00   0.00
sda              0.00      0.00     0.00   0.00    0.00     0.00    6.00    104.00    16.00  72.73    0.17    17.33    0.00      0.00     0.00   0.00    0.00     0.00    0.00    0.00    0.00   1.20
sdb              8.00   1796.00     0.00   0.00  260.75   224.50 1304.00  35152.00  1064.00  44.93    0.06    26.96    0.00      0.00     0.00   0.00    0.00     0.00    0.00    0.00    2.16  52.80


avg-cpu:  %user   %nice %system %iowait  %steal   %idle
           0.58    0.00    0.45    3.06    0.00   95.91

Device            r/s     rkB/s   rrqm/s  %rrqm r_await rareq-sz     w/s     wkB/s   wrqm/s  %wrqm w_await wareq-sz     d/s     dkB/s   drqm/s  %drqm d_await dareq-sz     f/s f_await  aqu-sz  %util
dm-0             4.00   1024.00     0.00   0.00  262.00   256.00  642.00  13852.00     0.00   0.00    0.05    21.58    0.00      0.00     0.00   0.00    0.00     0.00    0.00    0.00    1.08  45.60
dm-1             4.00   1024.00     0.00   0.00  255.00   256.00 1167.00  15888.00     0.00   0.00    0.03    13.61    0.00      0.00     0.00   0.00    0.00     0.00    0.00    0.00    1.05  40.40
dm-2             0.00      0.00     0.00   0.00    0.00     0.00   30.00    120.00     0.00   0.00    0.00     4.00    0.00      0.00     0.00   0.00    0.00     0.00    0.00    0.00    0.00   1.20
loop0            0.00      0.00     0.00   0.00    0.00     0.00    0.00      0.00     0.00   0.00    0.00     0.00    0.00      0.00     0.00   0.00    0.00     0.00    0.00    0.00    0.00   0.00
loop1            0.00      0.00     0.00   0.00    0.00     0.00    0.00      0.00     0.00   0.00    0.00     0.00    0.00      0.00     0.00   0.00    0.00     0.00    0.00    0.00    0.00   0.00
loop2            0.00      0.00     0.00   0.00    0.00     0.00    0.00      0.00     0.00   0.00    0.00     0.00    0.00      0.00     0.00   0.00    0.00     0.00    0.00    0.00    0.00   0.00
loop3            0.00      0.00     0.00   0.00    0.00     0.00    0.00      0.00     0.00   0.00    0.00     0.00    0.00      0.00     0.00   0.00    0.00     0.00    0.00    0.00    0.00   0.00
loop4            0.00      0.00     0.00   0.00    0.00     0.00    0.00      0.00     0.00   0.00    0.00     0.00    0.00      0.00     0.00   0.00    0.00     0.00    0.00    0.00    0.00   0.00
loop5            0.00      0.00     0.00   0.00    0.00     0.00    0.00      0.00     0.00   0.00    0.00     0.00    0.00      0.00     0.00   0.00    0.00     0.00    0.00    0.00    0.00   0.00
loop6            0.00      0.00     0.00   0.00    0.00     0.00    0.00      0.00     0.00   0.00    0.00     0.00    0.00      0.00     0.00   0.00    0.00     0.00    0.00    0.00    0.00   0.00
sda              0.00      0.00     0.00   0.00    0.00     0.00   11.00    120.00    19.00  63.33    0.09    10.91    0.00      0.00     0.00   0.00    0.00     0.00    0.00    0.00    0.00   1.20
sdb              8.00   2048.00     0.00   0.00  257.75   256.00 1145.00  29804.00   665.00  36.74    0.06    26.03    0.00      0.00     0.00   0.00    0.00     0.00    0.00    0.00    2.13  47.60


avg-cpu:  %user   %nice %system %iowait  %steal   %idle
           0.50    0.00    0.53    3.14    0.00   95.83

Device            r/s     rkB/s   rrqm/s  %rrqm r_await rareq-sz     w/s     wkB/s   wrqm/s  %wrqm w_await wareq-sz     d/s     dkB/s   drqm/s  %drqm d_await dareq-sz     f/s f_await  aqu-sz  %util
dm-0             3.00    516.00     0.00   0.00  313.33   172.00  681.00  14424.00     0.00   0.00    0.07    21.18    0.00      0.00     0.00   0.00    0.00     0.00    0.00    0.00    0.99  58.00
dm-1             3.00    768.00     0.00   0.00  304.00   256.00  673.00  14396.00     0.00   0.00    0.07    21.39    0.00      0.00     0.00   0.00    0.00     0.00    0.00    0.00    0.96  67.60
dm-2             0.00      0.00     0.00   0.00    0.00     0.00   35.00    160.00     0.00   0.00    0.00     4.57    0.00      0.00     0.00   0.00    0.00     0.00    0.00    0.00    0.00   1.20
loop0            0.00      0.00     0.00   0.00    0.00     0.00    0.00      0.00     0.00   0.00    0.00     0.00    0.00      0.00     0.00   0.00    0.00     0.00    0.00    0.00    0.00   0.00
loop1            0.00      0.00     0.00   0.00    0.00     0.00    0.00      0.00     0.00   0.00    0.00     0.00    0.00      0.00     0.00   0.00    0.00     0.00    0.00    0.00    0.00   0.00
loop2            0.00      0.00     0.00   0.00    0.00     0.00    0.00      0.00     0.00   0.00    0.00     0.00    0.00      0.00     0.00   0.00    0.00     0.00    0.00    0.00    0.00   0.00
loop3            0.00      0.00     0.00   0.00    0.00     0.00    0.00      0.00     0.00   0.00    0.00     0.00    0.00      0.00     0.00   0.00    0.00     0.00    0.00    0.00    0.00   0.00
loop4            0.00      0.00     0.00   0.00    0.00     0.00    0.00      0.00     0.00   0.00    0.00     0.00    0.00      0.00     0.00   0.00    0.00     0.00    0.00    0.00    0.00   0.00
loop5            0.00      0.00     0.00   0.00    0.00     0.00    0.00      0.00     0.00   0.00    0.00     0.00    0.00      0.00     0.00   0.00    0.00     0.00    0.00    0.00    0.00   0.00
loop6            0.00      0.00     0.00   0.00    0.00     0.00    0.00      0.00     0.00   0.00    0.00     0.00    0.00      0.00     0.00   0.00    0.00     0.00    0.00    0.00    0.00   0.00
sda              0.00      0.00     0.00   0.00    0.00     0.00   20.00    160.00    15.00  42.86    1.35     8.00    0.00      0.00     0.00   0.00    0.00     0.00    0.00    0.00    0.03   1.20
sdb              6.00   1536.00     0.00   0.00  309.33   256.00 1194.00  28820.00   160.00  11.82    0.06    24.14    0.00      0.00     0.00   0.00    0.00     0.00    0.00    0.00    1.92  76.80


avg-cpu:  %user   %nice %system %iowait  %steal   %idle
           0.58    0.00    0.58    3.08    0.00   95.76

Device            r/s     rkB/s   rrqm/s  %rrqm r_await rareq-sz     w/s     wkB/s   wrqm/s  %wrqm w_await wareq-sz     d/s     dkB/s   drqm/s  %drqm d_await dareq-sz     f/s f_await  aqu-sz  %util
dm-0             3.00    768.00     0.00   0.00  329.33   256.00 1600.00  20800.00     0.00   0.00    0.03    13.00    0.00      0.00     0.00   0.00    0.00     0.00    0.00    0.00    1.03  65.20
dm-1             3.00    768.00     0.00   0.00  328.00   256.00  820.00  17800.00     0.00   0.00    0.06    21.71    0.00      0.00     0.00   0.00    0.00     0.00    0.00    0.00    1.03  52.80
dm-2             0.00      0.00     0.00   0.00    0.00     0.00  122.00    528.00     0.00   0.00    0.33     4.33    0.00      0.00     0.00   0.00    0.00     0.00    0.00    0.00    0.04   2.00
loop0            0.00      0.00     0.00   0.00    0.00     0.00    0.00      0.00     0.00   0.00    0.00     0.00    0.00      0.00     0.00   0.00    0.00     0.00    0.00    0.00    0.00   0.00
loop1            0.00      0.00     0.00   0.00    0.00     0.00    0.00      0.00     0.00   0.00    0.00     0.00    0.00      0.00     0.00   0.00    0.00     0.00    0.00    0.00    0.00   0.00
loop2            0.00      0.00     0.00   0.00    0.00     0.00    0.00      0.00     0.00   0.00    0.00     0.00    0.00      0.00     0.00   0.00    0.00     0.00    0.00    0.00    0.00   0.00
loop3            0.00      0.00     0.00   0.00    0.00     0.00    0.00      0.00     0.00   0.00    0.00     0.00    0.00      0.00     0.00   0.00    0.00     0.00    0.00    0.00    0.00   0.00
loop4            0.00      0.00     0.00   0.00    0.00     0.00    0.00      0.00     0.00   0.00    0.00     0.00    0.00      0.00     0.00   0.00    0.00     0.00    0.00    0.00    0.00   0.00
loop5            0.00      0.00     0.00   0.00    0.00     0.00    0.00      0.00     0.00   0.00    0.00     0.00    0.00      0.00     0.00   0.00    0.00     0.00    0.00    0.00    0.00   0.00
loop6            0.00      0.00     0.00   0.00    0.00     0.00    0.00      0.00     0.00   0.00    0.00     0.00    0.00      0.00     0.00   0.00    0.00     0.00    0.00    0.00    0.00   0.00
sda              0.00      0.00     0.00   0.00    0.00     0.00   92.00    528.00    30.00  24.59    0.64     5.74    0.00      0.00     0.00   0.00    0.00     0.00    0.00    0.00    0.06   2.00
sdb              6.00   1284.00     0.00   0.00  328.50   214.00 1461.00  38600.00   959.00  39.63    0.06    26.42    0.00      0.00     0.00   0.00    0.00     0.00    0.00    0.00    2.06  68.00


avg-cpu:  %user   %nice %system %iowait  %steal   %idle
           0.50    0.00    0.46    3.08    0.00   95.96

Device            r/s     rkB/s   rrqm/s  %rrqm r_await rareq-sz     w/s     wkB/s   wrqm/s  %wrqm w_await wareq-sz     d/s     dkB/s   drqm/s  %drqm d_await dareq-sz     f/s f_await  aqu-sz  %util
dm-0             3.00    768.00     0.00   0.00  341.33   256.00  714.00  15396.00     0.00   0.00    0.06    21.56    0.00      0.00     0.00   0.00    0.00     0.00    0.00    0.00    1.07  50.80
dm-1             3.00    768.00     0.00   0.00  336.00   256.00 1238.00  17492.00     0.00   0.00    0.12    14.13    0.00      0.00     0.00   0.00    0.00     0.00    0.00    0.00    1.16  61.60
dm-2             0.00      0.00     0.00   0.00    0.00     0.00   20.00    100.00     0.00   0.00    0.40     5.00    0.00      0.00     0.00   0.00    0.00     0.00    0.00    0.00    0.01   1.60
loop0            0.00      0.00     0.00   0.00    0.00     0.00    0.00      0.00     0.00   0.00    0.00     0.00    0.00      0.00     0.00   0.00    0.00     0.00    0.00    0.00    0.00   0.00
loop1            0.00      0.00     0.00   0.00    0.00     0.00    0.00      0.00     0.00   0.00    0.00     0.00    0.00      0.00     0.00   0.00    0.00     0.00    0.00    0.00    0.00   0.00
loop2            0.00      0.00     0.00   0.00    0.00     0.00    0.00      0.00     0.00   0.00    0.00     0.00    0.00      0.00     0.00   0.00    0.00     0.00    0.00    0.00    0.00   0.00
loop3            0.00      0.00     0.00   0.00    0.00     0.00    0.00      0.00     0.00   0.00    0.00     0.00    0.00      0.00     0.00   0.00    0.00     0.00    0.00    0.00    0.00   0.00
loop4            0.00      0.00     0.00   0.00    0.00     0.00    0.00      0.00     0.00   0.00    0.00     0.00    0.00      0.00     0.00   0.00    0.00     0.00    0.00    0.00    0.00   0.00
loop5            0.00      0.00     0.00   0.00    0.00     0.00    0.00      0.00     0.00   0.00    0.00     0.00    0.00      0.00     0.00   0.00    0.00     0.00    0.00    0.00    0.00   0.00
loop6            0.00      0.00     0.00   0.00    0.00     0.00    0.00      0.00     0.00   0.00    0.00     0.00    0.00      0.00     0.00   0.00    0.00     0.00    0.00    0.00    0.00   0.00
sda              0.00      0.00     0.00   0.00    0.00     0.00    7.00    100.00    13.00  65.00    0.43    14.29    0.00      0.00     0.00   0.00    0.00     0.00    0.00    0.00    0.00   1.60
sdb              6.00   1536.00     0.00   0.00  339.17   256.00 1271.00  32888.00   681.00  34.89    0.06    25.88    0.00      0.00     0.00   0.00    0.00     0.00    0.00    0.00    2.11  69.20


avg-cpu:  %user   %nice %system %iowait  %steal   %idle
           0.52    0.00    0.60    3.13    0.00   95.75

Device            r/s     rkB/s   rrqm/s  %rrqm r_await rareq-sz     w/s     wkB/s   wrqm/s  %wrqm w_await wareq-sz     d/s     dkB/s   drqm/s  %drqm d_await dareq-sz     f/s f_await  aqu-sz  %util
dm-0             3.00    516.00     0.00   0.00  253.33   172.00  705.00  14884.00     0.00   0.00    0.06    21.11    0.00      0.00     0.00   0.00    0.00     0.00    0.00    0.00    0.80  58.40
dm-1             4.00   1024.00     0.00   0.00  259.00   256.00  692.00  14828.00     0.00   0.00    0.05    21.43    0.00      0.00     0.00   0.00    0.00     0.00    0.00    0.00    1.07  49.20
dm-2             0.00      0.00     0.00   0.00    0.00     0.00   30.00    120.00     0.00   0.00    0.00     4.00    0.00      0.00     0.00   0.00    0.00     0.00    0.00    0.00    0.00   1.20
loop0            0.00      0.00     0.00   0.00    0.00     0.00    0.00      0.00     0.00   0.00    0.00     0.00    0.00      0.00     0.00   0.00    0.00     0.00    0.00    0.00    0.00   0.00
loop1            0.00      0.00     0.00   0.00    0.00     0.00    0.00      0.00     0.00   0.00    0.00     0.00    0.00      0.00     0.00   0.00    0.00     0.00    0.00    0.00    0.00   0.00
loop2            0.00      0.00     0.00   0.00    0.00     0.00    0.00      0.00     0.00   0.00    0.00     0.00    0.00      0.00     0.00   0.00    0.00     0.00    0.00    0.00    0.00   0.00
loop3            0.00      0.00     0.00   0.00    0.00     0.00    0.00      0.00     0.00   0.00    0.00     0.00    0.00      0.00     0.00   0.00    0.00     0.00    0.00    0.00    0.00   0.00
loop4            0.00      0.00     0.00   0.00    0.00     0.00    0.00      0.00     0.00   0.00    0.00     0.00    0.00      0.00     0.00   0.00    0.00     0.00    0.00    0.00    0.00   0.00
loop5            0.00      0.00     0.00   0.00    0.00     0.00    0.00      0.00     0.00   0.00    0.00     0.00    0.00      0.00     0.00   0.00    0.00     0.00    0.00    0.00    0.00   0.00
loop6            0.00      0.00     0.00   0.00    0.00     0.00    0.00      0.00     0.00   0.00    0.00     0.00    0.00      0.00     0.00   0.00    0.00     0.00    0.00    0.00    0.00   0.00
sda              0.00      0.00     0.00   0.00    0.00     0.00   11.00    120.00    19.00  63.33    0.00    10.91    0.00      0.00     0.00   0.00    0.00     0.00    0.00    0.00    0.00   1.20
sdb              7.00   1792.00     0.00   0.00  256.57   256.00 1226.00  29712.00   171.00  12.24    0.06    24.23    0.00      0.00     0.00   0.00    0.00     0.00    0.00    0.00    1.86  60.00


avg-cpu:  %user   %nice %system %iowait  %steal   %idle
           0.42    0.00    0.38    3.06    0.00   96.14

Device            r/s     rkB/s   rrqm/s  %rrqm r_await rareq-sz     w/s     wkB/s   wrqm/s  %wrqm w_await wareq-sz     d/s     dkB/s   drqm/s  %drqm d_await dareq-sz     f/s f_await  aqu-sz  %util
dm-0             4.00   1024.00     0.00   0.00  264.00   256.00 1136.00  15104.00     0.00   0.00    0.40    13.30    0.00      0.00     0.00   0.00    0.00     0.00    0.00    0.00    1.51  58.80
dm-1             3.00    768.00     0.00   0.00  268.00   256.00 1127.00  15068.00     0.00   0.00    0.03    13.37    0.00      0.00     0.00   0.00    0.00     0.00    0.00    0.00    0.84  42.80
dm-2             0.00      0.00     0.00   0.00    0.00     0.00   20.00     96.00     0.00   0.00    0.00     4.80    0.00      0.00     0.00   0.00    0.00     0.00    0.00    0.00    0.00   0.80
loop0            0.00      0.00     0.00   0.00    0.00     0.00    0.00      0.00     0.00   0.00    0.00     0.00    0.00      0.00     0.00   0.00    0.00     0.00    0.00    0.00    0.00   0.00
loop1            0.00      0.00     0.00   0.00    0.00     0.00    0.00      0.00     0.00   0.00    0.00     0.00    0.00      0.00     0.00   0.00    0.00     0.00    0.00    0.00    0.00   0.00
loop2            0.00      0.00     0.00   0.00    0.00     0.00    0.00      0.00     0.00   0.00    0.00     0.00    0.00      0.00     0.00   0.00    0.00     0.00    0.00    0.00    0.00   0.00
loop3            0.00      0.00     0.00   0.00    0.00     0.00    0.00      0.00     0.00   0.00    0.00     0.00    0.00      0.00     0.00   0.00    0.00     0.00    0.00    0.00    0.00   0.00
loop4            0.00      0.00     0.00   0.00    0.00     0.00    0.00      0.00     0.00   0.00    0.00     0.00    0.00      0.00     0.00   0.00    0.00     0.00    0.00    0.00    0.00   0.00
loop5            0.00      0.00     0.00   0.00    0.00     0.00    0.00      0.00     0.00   0.00    0.00     0.00    0.00      0.00     0.00   0.00    0.00     0.00    0.00    0.00    0.00   0.00
loop6            0.00      0.00     0.00   0.00    0.00     0.00    0.00      0.00     0.00   0.00    0.00     0.00    0.00      0.00     0.00   0.00    0.00     0.00    0.00    0.00    0.00   0.00
sda              0.00      0.00     0.00   0.00    0.00     0.00    6.00     96.00    14.00  70.00    0.17    16.00    0.00      0.00     0.00   0.00    0.00     0.00    0.00    0.00    0.00   0.80
sdb              7.00   1540.00     0.00   0.00  267.00   220.00 1101.00  30172.00  1162.00  51.35    0.06    27.40    0.00      0.00     0.00   0.00    0.00     0.00    0.00    0.00    1.94  61.20


avg-cpu:  %user   %nice %system %iowait  %steal   %idle
           1.08    0.00    0.77    3.14    0.00   95.01

Device            r/s     rkB/s   rrqm/s  %rrqm r_await rareq-sz     w/s     wkB/s   wrqm/s  %wrqm w_await wareq-sz     d/s     dkB/s   drqm/s  %drqm d_await dareq-sz     f/s f_await  aqu-sz  %util
dm-0             4.00   1024.00     0.00   0.00  284.00   256.00  730.00  15820.00     0.00   0.00    0.04    21.67    0.00      0.00     0.00   0.00    0.00     0.00    0.00    0.00    1.16  56.80
dm-1             4.00   1024.00     0.00   0.00  281.00   256.00  734.00  15840.00     0.00   0.00    0.09    21.58    0.00      0.00     0.00   0.00    0.00     0.00    0.00    0.00    1.19  48.00
dm-2             6.00    588.00     0.00   0.00    0.67    98.00   46.00    184.00     0.00   0.00    0.00     4.00    0.00      0.00     0.00   0.00    0.00     0.00    0.00    0.00    0.00   3.20
loop0            0.00      0.00     0.00   0.00    0.00     0.00    0.00      0.00     0.00   0.00    0.00     0.00    0.00      0.00     0.00   0.00    0.00     0.00    0.00    0.00    0.00   0.00
loop1            0.00      0.00     0.00   0.00    0.00     0.00    0.00      0.00     0.00   0.00    0.00     0.00    0.00      0.00     0.00   0.00    0.00     0.00    0.00    0.00    0.00   0.00
loop2            0.00      0.00     0.00   0.00    0.00     0.00    0.00      0.00     0.00   0.00    0.00     0.00    0.00      0.00     0.00   0.00    0.00     0.00    0.00    0.00    0.00   0.00
loop3            0.00      0.00     0.00   0.00    0.00     0.00    0.00      0.00     0.00   0.00    0.00     0.00    0.00      0.00     0.00   0.00    0.00     0.00    0.00    0.00    0.00   0.00
loop4            0.00      0.00     0.00   0.00    0.00     0.00    0.00      0.00     0.00   0.00    0.00     0.00    0.00      0.00     0.00   0.00    0.00     0.00    0.00    0.00    0.00   0.00
loop5            0.00      0.00     0.00   0.00    0.00     0.00    0.00      0.00     0.00   0.00    0.00     0.00    0.00      0.00     0.00   0.00    0.00     0.00    0.00    0.00    0.00   0.00
loop6            0.00      0.00     0.00   0.00    0.00     0.00    0.00      0.00     0.00   0.00    0.00     0.00    0.00      0.00     0.00   0.00    0.00     0.00    0.00    0.00    0.00   0.00
sda              6.00    588.00     0.00   0.00    1.00    98.00   17.00    184.00    29.00  63.04    0.06    10.82    0.00      0.00     0.00   0.00    0.00     0.00    0.00    0.00    0.01   3.20
sdb              8.00   2048.00     0.00   0.00  282.75   256.00 1290.00  31660.00   174.00  11.89    0.05    24.54    0.00      0.00     0.00   0.00    0.00     0.00    0.00    0.00    2.33  59.60


avg-cpu:  %user   %nice %system %iowait  %steal   %idle
           0.53    0.00    0.55    2.66    0.00   96.26

Device            r/s     rkB/s   rrqm/s  %rrqm r_await rareq-sz     w/s     wkB/s   wrqm/s  %wrqm w_await wareq-sz     d/s     dkB/s   drqm/s  %drqm d_await dareq-sz     f/s f_await  aqu-sz  %util
dm-0             3.00    768.00     0.00   0.00  256.00   256.00 1401.00  18984.00     0.00   0.00    0.18    13.55    0.00      0.00     0.00   0.00    0.00     0.00    0.00    0.00    1.02  55.60
dm-1             2.00    512.00     0.00   0.00  392.00   256.00 1611.00  19824.00     0.00   0.00    0.27    12.31    0.00      0.00     0.00   0.00    0.00     0.00    0.00    0.00    1.21  65.60
dm-2             0.00      0.00     0.00   0.00    0.00     0.00  178.00    792.00     0.00   0.00    0.00     4.45    0.00      0.00     0.00   0.00    0.00     0.00    0.00    0.00    0.00   2.80
loop0            0.00      0.00     0.00   0.00    0.00     0.00    0.00      0.00     0.00   0.00    0.00     0.00    0.00      0.00     0.00   0.00    0.00     0.00    0.00    0.00    0.00   0.00
loop1            0.00      0.00     0.00   0.00    0.00     0.00    0.00      0.00     0.00   0.00    0.00     0.00    0.00      0.00     0.00   0.00    0.00     0.00    0.00    0.00    0.00   0.00
loop2            0.00      0.00     0.00   0.00    0.00     0.00    0.00      0.00     0.00   0.00    0.00     0.00    0.00      0.00     0.00   0.00    0.00     0.00    0.00    0.00    0.00   0.00
loop3            0.00      0.00     0.00   0.00    0.00     0.00    0.00      0.00     0.00   0.00    0.00     0.00    0.00      0.00     0.00   0.00    0.00     0.00    0.00    0.00    0.00   0.00
loop4            0.00      0.00     0.00   0.00    0.00     0.00    0.00      0.00     0.00   0.00    0.00     0.00    0.00      0.00     0.00   0.00    0.00     0.00    0.00    0.00    0.00   0.00
loop5            0.00      0.00     0.00   0.00    0.00     0.00    0.00      0.00     0.00   0.00    0.00     0.00    0.00      0.00     0.00   0.00    0.00     0.00    0.00    0.00    0.00   0.00
loop6            0.00      0.00     0.00   0.00    0.00     0.00    0.00      0.00     0.00   0.00    0.00     0.00    0.00      0.00     0.00   0.00    0.00     0.00    0.00    0.00    0.00   0.00
sda              0.00      0.00     0.00   0.00    0.00     0.00  135.00    792.00    43.00  24.16    0.71     5.87    0.00      0.00     0.00   0.00    0.00     0.00    0.00    0.00    0.10   2.80
sdb              6.00   1536.00     0.00   0.00  259.33   256.00 1369.00  38808.00  1643.00  54.55    0.06    28.35    0.00      0.00     0.00   0.00    0.00     0.00    0.00    0.00    1.64  72.40


avg-cpu:  %user   %nice %system %iowait  %steal   %idle
           0.63    0.00    0.61    1.58    0.00   97.18

Device            r/s     rkB/s   rrqm/s  %rrqm r_await rareq-sz     w/s     wkB/s   wrqm/s  %wrqm w_await wareq-sz     d/s     dkB/s   drqm/s  %drqm d_await dareq-sz     f/s f_await  aqu-sz  %util
dm-0             5.00   1280.00     0.00   0.00  240.80   256.00  778.00  16792.00     0.00   0.00    0.05    21.58    0.00      0.00     0.00   0.00    0.00     0.00    0.00    0.00    1.24  67.20
dm-1             0.00      0.00     0.00   0.00    0.00     0.00  778.00  16792.00     0.00   0.00    0.05    21.58    0.00      0.00     0.00   0.00    0.00     0.00    0.00    0.00    0.04  50.80
dm-2             0.00      0.00     0.00   0.00    0.00     0.00   40.00    172.00     0.00   0.00    1.10     4.30    0.00      0.00     0.00   0.00    0.00     0.00    0.00    0.00    0.04   1.20
loop0            0.00      0.00     0.00   0.00    0.00     0.00    0.00      0.00     0.00   0.00    0.00     0.00    0.00      0.00     0.00   0.00    0.00     0.00    0.00    0.00    0.00   0.00
loop1            0.00      0.00     0.00   0.00    0.00     0.00    0.00      0.00     0.00   0.00    0.00     0.00    0.00      0.00     0.00   0.00    0.00     0.00    0.00    0.00    0.00   0.00
loop2            0.00      0.00     0.00   0.00    0.00     0.00    0.00      0.00     0.00   0.00    0.00     0.00    0.00      0.00     0.00   0.00    0.00     0.00    0.00    0.00    0.00   0.00
loop3            0.00      0.00     0.00   0.00    0.00     0.00    0.00      0.00     0.00   0.00    0.00     0.00    0.00      0.00     0.00   0.00    0.00     0.00    0.00    0.00    0.00   0.00
loop4            0.00      0.00     0.00   0.00    0.00     0.00    0.00      0.00     0.00   0.00    0.00     0.00    0.00      0.00     0.00   0.00    0.00     0.00    0.00    0.00    0.00   0.00
loop5            0.00      0.00     0.00   0.00    0.00     0.00    0.00      0.00     0.00   0.00    0.00     0.00    0.00      0.00     0.00   0.00    0.00     0.00    0.00    0.00    0.00   0.00
loop6            0.00      0.00     0.00   0.00    0.00     0.00    0.00      0.00     0.00   0.00    0.00     0.00    0.00      0.00     0.00   0.00    0.00     0.00    0.00    0.00    0.00   0.00
sda              0.00      0.00     0.00   0.00    0.00     0.00   12.00    172.00    28.00  70.00    0.33    14.33    0.00      0.00     0.00   0.00    0.00     0.00    0.00    0.00    0.00   1.20
sdb              5.00   1280.00     0.00   0.00  240.20   256.00 1368.00  33584.00   188.00  12.08    0.06    24.55    0.00      0.00     0.00   0.00    0.00     0.00    0.00    0.00    1.28  68.80


avg-cpu:  %user   %nice %system %iowait  %steal   %idle
           0.61    0.00    0.50    1.52    0.00   97.36

Device            r/s     rkB/s   rrqm/s  %rrqm r_await rareq-sz     w/s     wkB/s   wrqm/s  %wrqm w_await wareq-sz     d/s     dkB/s   drqm/s  %drqm d_await dareq-sz     f/s f_await  aqu-sz  %util
dm-0             3.00    516.00     0.00   0.00  252.00   172.00 1107.00  16792.00     0.00   0.00    0.01    15.17    0.00      0.00     0.00   0.00    0.00     0.00    0.00    0.00    0.76  57.60
dm-1             0.00      0.00     0.00   0.00    0.00     0.00  711.00  15204.00     0.00   0.00    0.04    21.38    0.00      0.00     0.00   0.00    0.00     0.00    0.00    0.00    0.03  46.40
dm-2             0.00      0.00     0.00   0.00    0.00     0.00   58.00    256.00     0.00   0.00    0.07     4.41    0.00      0.00     0.00   0.00    0.00     0.00    0.00    0.00    0.00   2.40
loop0            0.00      0.00     0.00   0.00    0.00     0.00    0.00      0.00     0.00   0.00    0.00     0.00    0.00      0.00     0.00   0.00    0.00     0.00    0.00    0.00    0.00   0.00
loop1            0.00      0.00     0.00   0.00    0.00     0.00    0.00      0.00     0.00   0.00    0.00     0.00    0.00      0.00     0.00   0.00    0.00     0.00    0.00    0.00    0.00   0.00
loop2            0.00      0.00     0.00   0.00    0.00     0.00    0.00      0.00     0.00   0.00    0.00     0.00    0.00      0.00     0.00   0.00    0.00     0.00    0.00    0.00    0.00   0.00
loop3            0.00      0.00     0.00   0.00    0.00     0.00    0.00      0.00     0.00   0.00    0.00     0.00    0.00      0.00     0.00   0.00    0.00     0.00    0.00    0.00    0.00   0.00
loop4            0.00      0.00     0.00   0.00    0.00     0.00    0.00      0.00     0.00   0.00    0.00     0.00    0.00      0.00     0.00   0.00    0.00     0.00    0.00    0.00    0.00   0.00
loop5            0.00      0.00     0.00   0.00    0.00     0.00    0.00      0.00     0.00   0.00    0.00     0.00    0.00      0.00     0.00   0.00    0.00     0.00    0.00    0.00    0.00   0.00
loop6            0.00      0.00     0.00   0.00    0.00     0.00    0.00      0.00     0.00   0.00    0.00     0.00    0.00      0.00     0.00   0.00    0.00     0.00    0.00    0.00    0.00   0.00
sda              0.00      0.00     0.00   0.00    0.00     0.00   18.00    256.00    40.00  68.97    0.17    14.22    0.00      0.00     0.00   0.00    0.00     0.00    0.00    0.00    0.00   2.40
sdb              3.00    516.00     0.00   0.00  250.67   172.00 1265.00  31996.00   553.00  30.42    0.06    25.29    0.00      0.00     0.00   0.00    0.00     0.00    0.00    0.00    0.82  58.00


avg-cpu:  %user   %nice %system %iowait  %steal   %idle
           0.47    0.00    0.61    1.58    0.00   97.33

Device            r/s     rkB/s   rrqm/s  %rrqm r_await rareq-sz     w/s     wkB/s   wrqm/s  %wrqm w_await wareq-sz     d/s     dkB/s   drqm/s  %drqm d_await dareq-sz     f/s f_await  aqu-sz  %util
dm-0             4.00   1024.00     0.00   0.00  274.00   256.00  702.00  15228.00     0.00   0.00    0.04    21.69    0.00      0.00     0.00   0.00    0.00     0.00    0.00    0.00    1.12  56.80
dm-1             0.00      0.00     0.00   0.00    0.00     0.00  705.00  15240.00     0.00   0.00    0.05    21.62    0.00      0.00     0.00   0.00    0.00     0.00    0.00    0.00    0.04  45.20
dm-2             0.00      0.00     0.00   0.00    0.00     0.00   19.00     92.00     0.00   0.00    0.21     4.84    0.00      0.00     0.00   0.00    0.00     0.00    0.00    0.00    0.00   1.20
loop0            0.00      0.00     0.00   0.00    0.00     0.00    0.00      0.00     0.00   0.00    0.00     0.00    0.00      0.00     0.00   0.00    0.00     0.00    0.00    0.00    0.00   0.00
loop1            0.00      0.00     0.00   0.00    0.00     0.00    0.00      0.00     0.00   0.00    0.00     0.00    0.00      0.00     0.00   0.00    0.00     0.00    0.00    0.00    0.00   0.00
loop2            0.00      0.00     0.00   0.00    0.00     0.00    0.00      0.00     0.00   0.00    0.00     0.00    0.00      0.00     0.00   0.00    0.00     0.00    0.00    0.00    0.00   0.00
loop3            0.00      0.00     0.00   0.00    0.00     0.00    0.00      0.00     0.00   0.00    0.00     0.00    0.00      0.00     0.00   0.00    0.00     0.00    0.00    0.00    0.00   0.00
loop4            0.00      0.00     0.00   0.00    0.00     0.00    0.00      0.00     0.00   0.00    0.00     0.00    0.00      0.00     0.00   0.00    0.00     0.00    0.00    0.00    0.00   0.00
loop5            0.00      0.00     0.00   0.00    0.00     0.00    0.00      0.00     0.00   0.00    0.00     0.00    0.00      0.00     0.00   0.00    0.00     0.00    0.00    0.00    0.00   0.00
loop6            0.00      0.00     0.00   0.00    0.00     0.00    0.00      0.00     0.00   0.00    0.00     0.00    0.00      0.00     0.00   0.00    0.00     0.00    0.00    0.00    0.00   0.00
sda              0.00      0.00     0.00   0.00    0.00     0.00    6.00     92.00    13.00  68.42    0.17    15.33    0.00      0.00     0.00   0.00    0.00     0.00    0.00    0.00    0.00   1.20
sdb              4.00   1024.00     0.00   0.00  273.75   256.00 1240.00  30468.00   167.00  11.87    0.06    24.57    0.00      0.00     0.00   0.00    0.00     0.00    0.00    0.00    1.17  58.00


avg-cpu:  %user   %nice %system %iowait  %steal   %idle
           0.50    0.00    0.45    1.47    0.00   97.57

Device            r/s     rkB/s   rrqm/s  %rrqm r_await rareq-sz     w/s     wkB/s   wrqm/s  %wrqm w_await wareq-sz     d/s     dkB/s   drqm/s  %drqm d_await dareq-sz     f/s f_await  aqu-sz  %util
dm-0             4.00   1024.00     0.00   0.00  248.00   256.00 1193.00  16472.00     0.00   0.00    0.02    13.81    0.00      0.00     0.00   0.00    0.00     0.00    0.00    0.00    1.02  61.20
dm-1             0.00      0.00     0.00   0.00    0.00     0.00  673.00  14396.00     0.00   0.00    0.04    21.39    0.00      0.00     0.00   0.00    0.00     0.00    0.00    0.00    0.03  42.00
dm-2             0.00      0.00     0.00   0.00    0.00     0.00   34.00    136.00     0.00   0.00    0.00     4.00    0.00      0.00     0.00   0.00    0.00     0.00    0.00    0.00    0.00   1.20
loop0            0.00      0.00     0.00   0.00    0.00     0.00    0.00      0.00     0.00   0.00    0.00     0.00    0.00      0.00     0.00   0.00    0.00     0.00    0.00    0.00    0.00   0.00
loop1            0.00      0.00     0.00   0.00    0.00     0.00    0.00      0.00     0.00   0.00    0.00     0.00    0.00      0.00     0.00   0.00    0.00     0.00    0.00    0.00    0.00   0.00
loop2            0.00      0.00     0.00   0.00    0.00     0.00    0.00      0.00     0.00   0.00    0.00     0.00    0.00      0.00     0.00   0.00    0.00     0.00    0.00    0.00    0.00   0.00
loop3            0.00      0.00     0.00   0.00    0.00     0.00    0.00      0.00     0.00   0.00    0.00     0.00    0.00      0.00     0.00   0.00    0.00     0.00    0.00    0.00    0.00   0.00
loop4            0.00      0.00     0.00   0.00    0.00     0.00    0.00      0.00     0.00   0.00    0.00     0.00    0.00      0.00     0.00   0.00    0.00     0.00    0.00    0.00    0.00   0.00
loop5            0.00      0.00     0.00   0.00    0.00     0.00    0.00      0.00     0.00   0.00    0.00     0.00    0.00      0.00     0.00   0.00    0.00     0.00    0.00    0.00    0.00   0.00
loop6            0.00      0.00     0.00   0.00    0.00     0.00    0.00      0.00     0.00   0.00    0.00     0.00    0.00      0.00     0.00   0.00    0.00     0.00    0.00    0.00    0.00   0.00
sda              0.00      0.00     0.00   0.00    0.00     0.00   12.00    136.00    22.00  64.71    0.17    11.33    0.00      0.00     0.00   0.00    0.00     0.00    0.00    0.00    0.00   1.20
sdb              4.00   1024.00     0.00   0.00  248.25   256.00 1196.00  30868.00   670.00  35.91    0.06    25.81    0.00      0.00     0.00   0.00    0.00     0.00    0.00    0.00    1.06  62.00


avg-cpu:  %user   %nice %system %iowait  %steal   %idle
           0.53    0.00    0.44    1.55    0.00   97.47

Device            r/s     rkB/s   rrqm/s  %rrqm r_await rareq-sz     w/s     wkB/s   wrqm/s  %wrqm w_await wareq-sz     d/s     dkB/s   drqm/s  %drqm d_await dareq-sz     f/s f_await  aqu-sz  %util
dm-0             4.00   1024.00     0.00   0.00  252.00   256.00  689.00  14816.00     0.00   0.00    0.06    21.50    0.00      0.00     0.00   0.00    0.00     0.00    0.00    0.00    1.05  54.80
dm-1             0.00      0.00     0.00   0.00    0.00     0.00  687.00  14808.00     0.00   0.00    0.06    21.55    0.00      0.00     0.00   0.00    0.00     0.00    0.00    0.00    0.04  43.60
dm-2             0.00      0.00     0.00   0.00    0.00     0.00  155.00    692.00     0.00   0.00    0.00     4.46    0.00      0.00     0.00   0.00    0.00     0.00    0.00    0.00    0.00   2.00
loop0            0.00      0.00     0.00   0.00    0.00     0.00    0.00      0.00     0.00   0.00    0.00     0.00    0.00      0.00     0.00   0.00    0.00     0.00    0.00    0.00    0.00   0.00
loop1            0.00      0.00     0.00   0.00    0.00     0.00    0.00      0.00     0.00   0.00    0.00     0.00    0.00      0.00     0.00   0.00    0.00     0.00    0.00    0.00    0.00   0.00
loop2            0.00      0.00     0.00   0.00    0.00     0.00    0.00      0.00     0.00   0.00    0.00     0.00    0.00      0.00     0.00   0.00    0.00     0.00    0.00    0.00    0.00   0.00
loop3            0.00      0.00     0.00   0.00    0.00     0.00    0.00      0.00     0.00   0.00    0.00     0.00    0.00      0.00     0.00   0.00    0.00     0.00    0.00    0.00    0.00   0.00
loop4            0.00      0.00     0.00   0.00    0.00     0.00    0.00      0.00     0.00   0.00    0.00     0.00    0.00      0.00     0.00   0.00    0.00     0.00    0.00    0.00    0.00   0.00
loop5            0.00      0.00     0.00   0.00    0.00     0.00    0.00      0.00     0.00   0.00    0.00     0.00    0.00      0.00     0.00   0.00    0.00     0.00    0.00    0.00    0.00   0.00
loop6            0.00      0.00     0.00   0.00    0.00     0.00    0.00      0.00     0.00   0.00    0.00     0.00    0.00      0.00     0.00   0.00    0.00     0.00    0.00    0.00    0.00   0.00
sda              0.00      0.00     0.00   0.00    0.00     0.00  137.00    692.00    18.00  11.61    1.08     5.05    0.00      0.00     0.00   0.00    0.00     0.00    0.00    0.00    0.15   2.00
sdb              4.00   1024.00     0.00   0.00  251.50   256.00 1216.00  29624.00   160.00  11.63    0.06    24.36    0.00      0.00     0.00   0.00    0.00     0.00    0.00    0.00    1.08  57.20


avg-cpu:  %user   %nice %system %iowait  %steal   %idle
           0.47    0.00    0.60    1.49    0.00   97.44

Device            r/s     rkB/s   rrqm/s  %rrqm r_await rareq-sz     w/s     wkB/s   wrqm/s  %wrqm w_await wareq-sz     d/s     dkB/s   drqm/s  %drqm d_await dareq-sz     f/s f_await  aqu-sz  %util
dm-0             2.97    760.40     0.00   0.00  272.00   256.00 1387.13  18736.63     0.00   0.00    0.03    13.51    0.00      0.00     0.00   0.00    0.00     0.00    0.00    0.00    0.86  67.33
dm-1             0.00      0.00     0.00   0.00    0.00     0.00  741.58  16095.05     0.00   0.00    0.04    21.70    0.00      0.00     0.00   0.00    0.00     0.00    0.00    0.00    0.03  48.71
dm-2             0.00      0.00     0.00   0.00    0.00     0.00   31.68    126.73     0.00   0.00    0.00     4.00    0.00      0.00     0.00   0.00    0.00     0.00    0.00    0.00    0.00   0.79
loop0            0.00      0.00     0.00   0.00    0.00     0.00    0.00      0.00     0.00   0.00    0.00     0.00    0.00      0.00     0.00   0.00    0.00     0.00    0.00    0.00    0.00   0.00
loop1            0.00      0.00     0.00   0.00    0.00     0.00    0.00      0.00     0.00   0.00    0.00     0.00    0.00      0.00     0.00   0.00    0.00     0.00    0.00    0.00    0.00   0.00
loop2            0.00      0.00     0.00   0.00    0.00     0.00    0.00      0.00     0.00   0.00    0.00     0.00    0.00      0.00     0.00   0.00    0.00     0.00    0.00    0.00    0.00   0.00
loop3            0.00      0.00     0.00   0.00    0.00     0.00    0.00      0.00     0.00   0.00    0.00     0.00    0.00      0.00     0.00   0.00    0.00     0.00    0.00    0.00    0.00   0.00
loop4            0.00      0.00     0.00   0.00    0.00     0.00    0.00      0.00     0.00   0.00    0.00     0.00    0.00      0.00     0.00   0.00    0.00     0.00    0.00    0.00    0.00   0.00
loop5            0.00      0.00     0.00   0.00    0.00     0.00    0.00      0.00     0.00   0.00    0.00     0.00    0.00      0.00     0.00   0.00    0.00     0.00    0.00    0.00    0.00   0.00
loop6            0.00      0.00     0.00   0.00    0.00     0.00    0.00      0.00     0.00   0.00    0.00     0.00    0.00      0.00     0.00   0.00    0.00     0.00    0.00    0.00    0.00   0.00
sda              0.00      0.00     0.00   0.00    0.00     0.00   10.89    126.73    20.79  65.62    0.09    11.64    0.00      0.00     0.00   0.00    0.00     0.00    0.00    0.00    0.00   0.79
sdb              2.97    760.40     0.00   0.00  272.67   256.00 1315.84  34831.68   812.87  38.19    0.06    26.47    0.00      0.00     0.00   0.00    0.00     0.00    0.00    0.00    0.89  68.51


avg-cpu:  %user   %nice %system %iowait  %steal   %idle
           0.60    0.00    0.41    1.58    0.00   97.41

Device            r/s     rkB/s   rrqm/s  %rrqm r_await rareq-sz     w/s     wkB/s   wrqm/s  %wrqm w_await wareq-sz     d/s     dkB/s   drqm/s  %drqm d_await dareq-sz     f/s f_await  aqu-sz  %util
dm-0             4.00   1024.00     0.00   0.00  263.00   256.00  726.00  15328.00     0.00   0.00    0.04    21.11    0.00      0.00     0.00   0.00    0.00     0.00    0.00    0.00    1.08  44.80
dm-1             0.00      0.00     0.00   0.00    0.00     0.00  719.00  15296.00     0.00   0.00    0.05    21.27    0.00      0.00     0.00   0.00    0.00     0.00    0.00    0.00    0.04  43.60
dm-2             0.00      0.00     0.00   0.00    0.00     0.00   24.00    128.00     0.00   0.00    0.00     5.33    0.00      0.00     0.00   0.00    0.00     0.00    0.00    0.00    0.00   1.20
loop0            0.00      0.00     0.00   0.00    0.00     0.00    0.00      0.00     0.00   0.00    0.00     0.00    0.00      0.00     0.00   0.00    0.00     0.00    0.00    0.00    0.00   0.00
loop1            0.00      0.00     0.00   0.00    0.00     0.00    0.00      0.00     0.00   0.00    0.00     0.00    0.00      0.00     0.00   0.00    0.00     0.00    0.00    0.00    0.00   0.00
loop2            0.00      0.00     0.00   0.00    0.00     0.00    0.00      0.00     0.00   0.00    0.00     0.00    0.00      0.00     0.00   0.00    0.00     0.00    0.00    0.00    0.00   0.00
loop3            0.00      0.00     0.00   0.00    0.00     0.00    0.00      0.00     0.00   0.00    0.00     0.00    0.00      0.00     0.00   0.00    0.00     0.00    0.00    0.00    0.00   0.00
loop4            0.00      0.00     0.00   0.00    0.00     0.00    0.00      0.00     0.00   0.00    0.00     0.00    0.00      0.00     0.00   0.00    0.00     0.00    0.00    0.00    0.00   0.00
loop5            0.00      0.00     0.00   0.00    0.00     0.00    0.00      0.00     0.00   0.00    0.00     0.00    0.00      0.00     0.00   0.00    0.00     0.00    0.00    0.00    0.00   0.00
loop6            0.00      0.00     0.00   0.00    0.00     0.00    0.00      0.00     0.00   0.00    0.00     0.00    0.00      0.00     0.00   0.00    0.00     0.00    0.00    0.00    0.00   0.00
sda              0.00      0.00     0.00   0.00    0.00     0.00    7.00    128.00    17.00  70.83    0.29    18.29    0.00      0.00     0.00   0.00    0.00     0.00    0.00    0.00    0.00   1.20
sdb              4.00   1024.00     0.00   0.00  262.75   256.00 1270.00  30612.00   172.00  11.93    0.06    24.10    0.00      0.00     0.00   0.00    0.00     0.00    0.00    0.00    1.12  46.00


avg-cpu:  %user   %nice %system %iowait  %steal   %idle
           0.60    0.00    0.52    1.57    0.00   97.32

Device            r/s     rkB/s   rrqm/s  %rrqm r_await rareq-sz     w/s     wkB/s   wrqm/s  %wrqm w_await wareq-sz     d/s     dkB/s   drqm/s  %drqm d_await dareq-sz     f/s f_await  aqu-sz  %util
dm-0             4.00    772.00     0.00   0.00  251.00   193.00  726.00  15804.00     0.00   0.00    0.08    21.77    0.00      0.00     0.00   0.00    0.00     0.00    0.00    0.00    1.06  58.00
dm-1             0.00      0.00     0.00   0.00    0.00     0.00  722.00  15848.00     0.00   0.00    0.07    21.95    0.00      0.00     0.00   0.00    0.00     0.00    0.00    0.00    0.05  45.20
dm-2             0.00      0.00     0.00   0.00    0.00     0.00   32.00    128.00     0.00   0.00    0.00     4.00    0.00      0.00     0.00   0.00    0.00     0.00    0.00    0.00    0.00   1.60
loop0            0.00      0.00     0.00   0.00    0.00     0.00    0.00      0.00     0.00   0.00    0.00     0.00    0.00      0.00     0.00   0.00    0.00     0.00    0.00    0.00    0.00   0.00
loop1            0.00      0.00     0.00   0.00    0.00     0.00    0.00      0.00     0.00   0.00    0.00     0.00    0.00      0.00     0.00   0.00    0.00     0.00    0.00    0.00    0.00   0.00
loop2            0.00      0.00     0.00   0.00    0.00     0.00    0.00      0.00     0.00   0.00    0.00     0.00    0.00      0.00     0.00   0.00    0.00     0.00    0.00    0.00    0.00   0.00
loop3            0.00      0.00     0.00   0.00    0.00     0.00    0.00      0.00     0.00   0.00    0.00     0.00    0.00      0.00     0.00   0.00    0.00     0.00    0.00    0.00    0.00   0.00
loop4            0.00      0.00     0.00   0.00    0.00     0.00    0.00      0.00     0.00   0.00    0.00     0.00    0.00      0.00     0.00   0.00    0.00     0.00    0.00    0.00    0.00   0.00
loop5            0.00      0.00     0.00   0.00    0.00     0.00    0.00      0.00     0.00   0.00    0.00     0.00    0.00      0.00     0.00   0.00    0.00     0.00    0.00    0.00    0.00   0.00
loop6            0.00      0.00     0.00   0.00    0.00     0.00    0.00      0.00     0.00   0.00    0.00     0.00    0.00      0.00     0.00   0.00    0.00     0.00    0.00    0.00    0.00   0.00
sda              0.00      0.00     0.00   0.00    0.00     0.00   12.00    128.00    20.00  62.50    0.25    10.67    0.00      0.00     0.00   0.00    0.00     0.00    0.00    0.00    0.00   1.60
sdb              4.00   1024.00     0.00   0.00  250.25   256.00 1275.00  31664.00   176.00  12.13    0.06    24.83    0.00      0.00     0.00   0.00    0.00     0.00    0.00    0.00    1.07  59.20


avg-cpu:  %user   %nice %system %iowait  %steal   %idle
           0.61    0.00    0.63    1.44    0.00   97.32

Device            r/s     rkB/s   rrqm/s  %rrqm r_await rareq-sz     w/s     wkB/s   wrqm/s  %wrqm w_await wareq-sz     d/s     dkB/s   drqm/s  %drqm d_await dareq-sz     f/s f_await  aqu-sz  %util
dm-0             4.00   1024.00     0.00   0.00  250.00   256.00 2163.00  21672.00     0.00   0.00    0.07    10.02    0.00      0.00     0.00   0.00    0.00     0.00    0.00    0.00    1.14  70.40
dm-1             0.00      0.00     0.00   0.00    0.00     0.00  737.00  15972.00     0.00   0.00    0.07    21.67    0.00      0.00     0.00   0.00    0.00     0.00    0.00    0.00    0.05  46.00
dm-2             0.00      0.00     0.00   0.00    0.00     0.00   19.00     92.00     0.00   0.00    0.42     4.84    0.00      0.00     0.00   0.00    0.00     0.00    0.00    0.00    0.01   1.60
loop0            0.00      0.00     0.00   0.00    0.00     0.00    0.00      0.00     0.00   0.00    0.00     0.00    0.00      0.00     0.00   0.00    0.00     0.00    0.00    0.00    0.00   0.00
loop1            0.00      0.00     0.00   0.00    0.00     0.00    0.00      0.00     0.00   0.00    0.00     0.00    0.00      0.00     0.00   0.00    0.00     0.00    0.00    0.00    0.00   0.00
loop2            0.00      0.00     0.00   0.00    0.00     0.00    0.00      0.00     0.00   0.00    0.00     0.00    0.00      0.00     0.00   0.00    0.00     0.00    0.00    0.00    0.00   0.00
loop3            0.00      0.00     0.00   0.00    0.00     0.00    0.00      0.00     0.00   0.00    0.00     0.00    0.00      0.00     0.00   0.00    0.00     0.00    0.00    0.00    0.00   0.00
loop4            0.00      0.00     0.00   0.00    0.00     0.00    0.00      0.00     0.00   0.00    0.00     0.00    0.00      0.00     0.00   0.00    0.00     0.00    0.00    0.00    0.00   0.00
loop5            0.00      0.00     0.00   0.00    0.00     0.00    0.00      0.00     0.00   0.00    0.00     0.00    0.00      0.00     0.00   0.00    0.00     0.00    0.00    0.00    0.00   0.00
loop6            0.00      0.00     0.00   0.00    0.00     0.00    0.00      0.00     0.00   0.00    0.00     0.00    0.00      0.00     0.00   0.00    0.00     0.00    0.00    0.00    0.00   0.00
sda              0.00      0.00     0.00   0.00    0.00     0.00    6.00     92.00    13.00  68.42    0.00    15.33    0.00      0.00     0.00   0.00    0.00     0.00    0.00    0.00    0.00   1.60
sdb              4.00    772.00     0.00   0.00  249.25   193.00 1330.00  37644.00  1570.00  54.14    0.06    28.30    0.00      0.00     0.00   0.00    0.00     0.00    0.00    0.00    1.08  70.80


avg-cpu:  %user   %nice %system %iowait  %steal   %idle
           0.50    0.00    0.52    1.57    0.00   97.41

Device            r/s     rkB/s   rrqm/s  %rrqm r_await rareq-sz     w/s     wkB/s   wrqm/s  %wrqm w_await wareq-sz     d/s     dkB/s   drqm/s  %drqm d_await dareq-sz     f/s f_await  aqu-sz  %util
dm-0             3.00    768.00     0.00   0.00  273.33   256.00  698.00  14732.00     0.00   0.00    0.03    21.11    0.00      0.00     0.00   0.00    0.00     0.00    0.00    0.00    0.84  47.20
dm-1             0.00      0.00     0.00   0.00    0.00     0.00  689.00  14576.00     0.00   0.00    0.08    21.16    0.00      0.00     0.00   0.00    0.00     0.00    0.00    0.00    0.06  44.00
dm-2             0.00      0.00     0.00   0.00    0.00     0.00   42.00    168.00     0.00   0.00    0.00     4.00    0.00      0.00     0.00   0.00    0.00     0.00    0.00    0.00    0.00   1.60
loop0            0.00      0.00     0.00   0.00    0.00     0.00    0.00      0.00     0.00   0.00    0.00     0.00    0.00      0.00     0.00   0.00    0.00     0.00    0.00    0.00    0.00   0.00
loop1            0.00      0.00     0.00   0.00    0.00     0.00    0.00      0.00     0.00   0.00    0.00     0.00    0.00      0.00     0.00   0.00    0.00     0.00    0.00    0.00    0.00   0.00
loop2            0.00      0.00     0.00   0.00    0.00     0.00    0.00      0.00     0.00   0.00    0.00     0.00    0.00      0.00     0.00   0.00    0.00     0.00    0.00    0.00    0.00   0.00
loop3            0.00      0.00     0.00   0.00    0.00     0.00    0.00      0.00     0.00   0.00    0.00     0.00    0.00      0.00     0.00   0.00    0.00     0.00    0.00    0.00    0.00   0.00
loop4            0.00      0.00     0.00   0.00    0.00     0.00    0.00      0.00     0.00   0.00    0.00     0.00    0.00      0.00     0.00   0.00    0.00     0.00    0.00    0.00    0.00   0.00
loop5            0.00      0.00     0.00   0.00    0.00     0.00    0.00      0.00     0.00   0.00    0.00     0.00    0.00      0.00     0.00   0.00    0.00     0.00    0.00    0.00    0.00   0.00
loop6            0.00      0.00     0.00   0.00    0.00     0.00    0.00      0.00     0.00   0.00    0.00     0.00    0.00      0.00     0.00   0.00    0.00     0.00    0.00    0.00    0.00   0.00
sda              0.00      0.00     0.00   0.00    0.00     0.00   14.00    168.00    28.00  66.67    0.07    12.00    0.00      0.00     0.00   0.00    0.00     0.00    0.00    0.00    0.00   1.60
sdb              3.00    768.00     0.00   0.00  275.00   256.00 1222.00  29308.00   165.00  11.90    0.06    23.98    0.00      0.00     0.00   0.00    0.00     0.00    0.00    0.00    0.89  51.20


avg-cpu:  %user   %nice %system %iowait  %steal   %idle
           0.61    0.00    0.52    1.54    0.00   97.33

Device            r/s     rkB/s   rrqm/s  %rrqm r_await rareq-sz     w/s     wkB/s   wrqm/s  %wrqm w_await wareq-sz     d/s     dkB/s   drqm/s  %drqm d_await dareq-sz     f/s f_await  aqu-sz  %util
dm-0             5.00   1028.00     0.00   0.00  236.80   205.60 1154.00  18176.00     0.00   0.00    0.03    15.75    0.00      0.00     0.00   0.00    0.00     0.00    0.00    0.00    1.22  64.40
dm-1             0.00      0.00     0.00   0.00    0.00     0.00  778.00  16792.00     0.00   0.00    0.05    21.58    0.00      0.00     0.00   0.00    0.00     0.00    0.00    0.00    0.04  48.40
dm-2             0.00      0.00     0.00   0.00    0.00     0.00  116.00    504.00     0.00   0.00    0.00     4.34    0.00      0.00     0.00   0.00    0.00     0.00    0.00    0.00    0.00   1.20
loop0            0.00      0.00     0.00   0.00    0.00     0.00    0.00      0.00     0.00   0.00    0.00     0.00    0.00      0.00     0.00   0.00    0.00     0.00    0.00    0.00    0.00   0.00
loop1            0.00      0.00     0.00   0.00    0.00     0.00    0.00      0.00     0.00   0.00    0.00     0.00    0.00      0.00     0.00   0.00    0.00     0.00    0.00    0.00    0.00   0.00
loop2            0.00      0.00     0.00   0.00    0.00     0.00    0.00      0.00     0.00   0.00    0.00     0.00    0.00      0.00     0.00   0.00    0.00     0.00    0.00    0.00    0.00   0.00
loop3            0.00      0.00     0.00   0.00    0.00     0.00    0.00      0.00     0.00   0.00    0.00     0.00    0.00      0.00     0.00   0.00    0.00     0.00    0.00    0.00    0.00   0.00
loop4            0.00      0.00     0.00   0.00    0.00     0.00    0.00      0.00     0.00   0.00    0.00     0.00    0.00      0.00     0.00   0.00    0.00     0.00    0.00    0.00    0.00   0.00
loop5            0.00      0.00     0.00   0.00    0.00     0.00    0.00      0.00     0.00   0.00    0.00     0.00    0.00      0.00     0.00   0.00    0.00     0.00    0.00    0.00    0.00   0.00
loop6            0.00      0.00     0.00   0.00    0.00     0.00    0.00      0.00     0.00   0.00    0.00     0.00    0.00      0.00     0.00   0.00    0.00     0.00    0.00    0.00    0.00   0.00
sda              0.00      0.00     0.00   0.00    0.00     0.00  102.00    504.00    14.00  12.07    0.82     4.94    0.00      0.00     0.00   0.00    0.00     0.00    0.00    0.00    0.08   1.20
sdb              5.00   1028.00     0.00   0.00  238.20   205.60 1364.00  34968.00   568.00  29.40    0.06    25.64    0.00      0.00     0.00   0.00    0.00     0.00    0.00    0.00    1.27  66.00


avg-cpu:  %user   %nice %system %iowait  %steal   %idle
           0.53    0.00    0.44    1.55    0.00   97.47

Device            r/s     rkB/s   rrqm/s  %rrqm r_await rareq-sz     w/s     wkB/s   wrqm/s  %wrqm w_await wareq-sz     d/s     dkB/s   drqm/s  %drqm d_await dareq-sz     f/s f_await  aqu-sz  %util
dm-0             4.00   1024.00     0.00   0.00  249.00   256.00  644.00  14040.00     0.00   0.00    0.04    21.80    0.00      0.00     0.00   0.00    0.00     0.00    0.00    0.00    1.02  47.60
dm-1             0.00      0.00     0.00   0.00    0.00     0.00  656.00  14084.00     0.00   0.00    0.07    21.47    0.00      0.00     0.00   0.00    0.00     0.00    0.00    0.00    0.05  43.20
dm-2             0.00      0.00     0.00   0.00    0.00     0.00   33.00    132.00     0.00   0.00    0.00     4.00    0.00      0.00     0.00   0.00    0.00     0.00    0.00    0.00    0.00   1.20
loop0            0.00      0.00     0.00   0.00    0.00     0.00    0.00      0.00     0.00   0.00    0.00     0.00    0.00      0.00     0.00   0.00    0.00     0.00    0.00    0.00    0.00   0.00
loop1            0.00      0.00     0.00   0.00    0.00     0.00    0.00      0.00     0.00   0.00    0.00     0.00    0.00      0.00     0.00   0.00    0.00     0.00    0.00    0.00    0.00   0.00
loop2            0.00      0.00     0.00   0.00    0.00     0.00    0.00      0.00     0.00   0.00    0.00     0.00    0.00      0.00     0.00   0.00    0.00     0.00    0.00    0.00    0.00   0.00
loop3            0.00      0.00     0.00   0.00    0.00     0.00    0.00      0.00     0.00   0.00    0.00     0.00    0.00      0.00     0.00   0.00    0.00     0.00    0.00    0.00    0.00   0.00
loop4            0.00      0.00     0.00   0.00    0.00     0.00    0.00      0.00     0.00   0.00    0.00     0.00    0.00      0.00     0.00   0.00    0.00     0.00    0.00    0.00    0.00   0.00
loop5            0.00      0.00     0.00   0.00    0.00     0.00    0.00      0.00     0.00   0.00    0.00     0.00    0.00      0.00     0.00   0.00    0.00     0.00    0.00    0.00    0.00   0.00
loop6            0.00      0.00     0.00   0.00    0.00     0.00    0.00      0.00     0.00   0.00    0.00     0.00    0.00      0.00     0.00   0.00    0.00     0.00    0.00    0.00    0.00   0.00
sda              0.00      0.00     0.00   0.00    0.00     0.00   11.00    132.00    22.00  66.67    0.09    12.00    0.00      0.00     0.00   0.00    0.00     0.00    0.00    0.00    0.00   1.20
sdb              4.00   1024.00     0.00   0.00  248.75   256.00 1142.00  28124.00   158.00  12.15    0.06    24.63    0.00      0.00     0.00   0.00    0.00     0.00    0.00    0.00    1.06  48.40


avg-cpu:  %user   %nice %system %iowait  %steal   %idle
           0.56    0.00    0.64    1.50    0.00   97.29

Device            r/s     rkB/s   rrqm/s  %rrqm r_await rareq-sz     w/s     wkB/s   wrqm/s  %wrqm w_await wareq-sz     d/s     dkB/s   drqm/s  %drqm d_await dareq-sz     f/s f_await  aqu-sz  %util
dm-0             3.00    768.00     0.00   0.00  246.67   256.00 1346.00  17804.00     0.00   0.00    0.07    13.23    0.00      0.00     0.00   0.00    0.00     0.00    0.00    0.00    0.83  56.80
dm-1             0.00      0.00     0.00   0.00    0.00     0.00  690.00  15060.00     0.00   0.00    0.05    21.83    0.00      0.00     0.00   0.00    0.00     0.00    0.00    0.00    0.04  44.40
dm-2             0.00      0.00     0.00   0.00    0.00     0.00   24.00    128.00     0.00   0.00    0.00     5.33    0.00      0.00     0.00   0.00    0.00     0.00    0.00    0.00    0.00   1.20
loop0            0.00      0.00     0.00   0.00    0.00     0.00    0.00      0.00     0.00   0.00    0.00     0.00    0.00      0.00     0.00   0.00    0.00     0.00    0.00    0.00    0.00   0.00
loop1            0.00      0.00     0.00   0.00    0.00     0.00    0.00      0.00     0.00   0.00    0.00     0.00    0.00      0.00     0.00   0.00    0.00     0.00    0.00    0.00    0.00   0.00
loop2            0.00      0.00     0.00   0.00    0.00     0.00    0.00      0.00     0.00   0.00    0.00     0.00    0.00      0.00     0.00   0.00    0.00     0.00    0.00    0.00    0.00   0.00
loop3            0.00      0.00     0.00   0.00    0.00     0.00    0.00      0.00     0.00   0.00    0.00     0.00    0.00      0.00     0.00   0.00    0.00     0.00    0.00    0.00    0.00   0.00
loop4            0.00      0.00     0.00   0.00    0.00     0.00    0.00      0.00     0.00   0.00    0.00     0.00    0.00      0.00     0.00   0.00    0.00     0.00    0.00    0.00    0.00   0.00
loop5            0.00      0.00     0.00   0.00    0.00     0.00    0.00      0.00     0.00   0.00    0.00     0.00    0.00      0.00     0.00   0.00    0.00     0.00    0.00    0.00    0.00   0.00
loop6            0.00      0.00     0.00   0.00    0.00     0.00    0.00      0.00     0.00   0.00    0.00     0.00    0.00      0.00     0.00   0.00    0.00     0.00    0.00    0.00    0.00   0.00
sda              0.00      0.00     0.00   0.00    0.00     0.00    7.00    128.00    17.00  70.83    0.00    18.29    0.00      0.00     0.00   0.00    0.00     0.00    0.00    0.00    0.00   1.20
sdb              3.00    768.00     0.00   0.00  246.67   256.00 1240.00  32864.00   796.00  39.10    0.06    26.50    0.00      0.00     0.00   0.00    0.00     0.00    0.00    0.00    0.81  58.40


avg-cpu:  %user   %nice %system %iowait  %steal   %idle
           0.67    0.00    0.61    1.57    0.00   97.15

Device            r/s     rkB/s   rrqm/s  %rrqm r_await rareq-sz     w/s     wkB/s   wrqm/s  %wrqm w_await wareq-sz     d/s     dkB/s   drqm/s  %drqm d_await dareq-sz     f/s f_await  aqu-sz  %util
dm-0             4.00    972.00     0.00   0.00  274.00   243.00  768.00  16752.00     0.00   0.00    0.05    21.81    0.00      0.00     0.00   0.00    0.00     0.00    0.00    0.00    1.13  70.00
dm-1             0.00      0.00     0.00   0.00    0.00     0.00  778.00  16796.00     0.00   0.00    0.08    21.59    0.00      0.00     0.00   0.00    0.00     0.00    0.00    0.00    0.06  49.20
dm-2             0.00      0.00     0.00   0.00    0.00     0.00   31.00    124.00     0.00   0.00    0.00     4.00    0.00      0.00     0.00   0.00    0.00     0.00    0.00    0.00    0.00   1.20
loop0            0.00      0.00     0.00   0.00    0.00     0.00    0.00      0.00     0.00   0.00    0.00     0.00    0.00      0.00     0.00   0.00    0.00     0.00    0.00    0.00    0.00   0.00
loop1            0.00      0.00     0.00   0.00    0.00     0.00    0.00      0.00     0.00   0.00    0.00     0.00    0.00      0.00     0.00   0.00    0.00     0.00    0.00    0.00    0.00   0.00
loop2            0.00      0.00     0.00   0.00    0.00     0.00    0.00      0.00     0.00   0.00    0.00     0.00    0.00      0.00     0.00   0.00    0.00     0.00    0.00    0.00    0.00   0.00
loop3            0.00      0.00     0.00   0.00    0.00     0.00    0.00      0.00     0.00   0.00    0.00     0.00    0.00      0.00     0.00   0.00    0.00     0.00    0.00    0.00    0.00   0.00
loop4            0.00      0.00     0.00   0.00    0.00     0.00    0.00      0.00     0.00   0.00    0.00     0.00    0.00      0.00     0.00   0.00    0.00     0.00    0.00    0.00    0.00   0.00
loop5            0.00      0.00     0.00   0.00    0.00     0.00    0.00      0.00     0.00   0.00    0.00     0.00    0.00      0.00     0.00   0.00    0.00     0.00    0.00    0.00    0.00   0.00
loop6            0.00      0.00     0.00   0.00    0.00     0.00    0.00      0.00     0.00   0.00    0.00     0.00    0.00      0.00     0.00   0.00    0.00     0.00    0.00    0.00    0.00   0.00
sda              0.00      0.00     0.00   0.00    0.00     0.00   12.00    124.00    19.00  61.29    0.25    10.33    0.00      0.00     0.00   0.00    0.00     0.00    0.00    0.00    0.00   1.20
sdb              4.00   1024.00     0.00   0.00  274.50   256.00 1358.00  33548.00   188.00  12.16    0.06    24.70    0.00      0.00     0.00   0.00    0.00     0.00    0.00    0.00    1.17  72.40


avg-cpu:  %user   %nice %system %iowait  %steal   %idle
           0.49    0.00    0.41    0.19    0.00   98.92

Device            r/s     rkB/s   rrqm/s  %rrqm r_await rareq-sz     w/s     wkB/s   wrqm/s  %wrqm w_await wareq-sz     d/s     dkB/s   drqm/s  %drqm d_await dareq-sz     f/s f_await  aqu-sz  %util
dm-0             0.00      0.00     0.00   0.00    0.00     0.00 1077.00  15768.00     0.00   0.00    0.17    14.64    0.00      0.00     0.00   0.00    0.00     0.00    0.00    0.00    0.46  50.40
dm-1             0.00      0.00     0.00   0.00    0.00     0.00  653.00  14192.00     0.00   0.00    0.05    21.73    0.00      0.00     0.00   0.00    0.00     0.00    0.00    0.00    0.03  39.60
dm-2             0.00      0.00     0.00   0.00    0.00     0.00   24.00    116.00     0.00   0.00    0.00     4.83    0.00      0.00     0.00   0.00    0.00     0.00    0.00    0.00    0.00   1.20
loop0            0.00      0.00     0.00   0.00    0.00     0.00    0.00      0.00     0.00   0.00    0.00     0.00    0.00      0.00     0.00   0.00    0.00     0.00    0.00    0.00    0.00   0.00
loop1            0.00      0.00     0.00   0.00    0.00     0.00    0.00      0.00     0.00   0.00    0.00     0.00    0.00      0.00     0.00   0.00    0.00     0.00    0.00    0.00    0.00   0.00
loop2            0.00      0.00     0.00   0.00    0.00     0.00    0.00      0.00     0.00   0.00    0.00     0.00    0.00      0.00     0.00   0.00    0.00     0.00    0.00    0.00    0.00   0.00
loop3            0.00      0.00     0.00   0.00    0.00     0.00    0.00      0.00     0.00   0.00    0.00     0.00    0.00      0.00     0.00   0.00    0.00     0.00    0.00    0.00    0.00   0.00
loop4            0.00      0.00     0.00   0.00    0.00     0.00    0.00      0.00     0.00   0.00    0.00     0.00    0.00      0.00     0.00   0.00    0.00     0.00    0.00    0.00    0.00   0.00
loop5            0.00      0.00     0.00   0.00    0.00     0.00    0.00      0.00     0.00   0.00    0.00     0.00    0.00      0.00     0.00   0.00    0.00     0.00    0.00    0.00    0.00   0.00
loop6            0.00      0.00     0.00   0.00    0.00     0.00    0.00      0.00     0.00   0.00    0.00     0.00    0.00      0.00     0.00   0.00    0.00     0.00    0.00    0.00    0.00   0.00
sda              0.00      0.00     0.00   0.00    0.00     0.00    9.00    116.00    15.00  62.50    0.11    12.89    0.00      0.00     0.00   0.00    0.00     0.00    0.00    0.00    0.00   1.20
sdb              1.00    204.00     0.00   0.00  271.00   204.00 1173.00  29960.00   557.00  32.20    0.06    25.54    0.00      0.00     0.00   0.00    0.00     0.00    0.00    0.00    0.34  52.40


avg-cpu:  %user   %nice %system %iowait  %steal   %idle
           0.44    0.00    0.57    0.02    0.00   98.98

Device            r/s     rkB/s   rrqm/s  %rrqm r_await rareq-sz     w/s     wkB/s   wrqm/s  %wrqm w_await wareq-sz     d/s     dkB/s   drqm/s  %drqm d_await dareq-sz     f/s f_await  aqu-sz  %util
dm-0             0.00      0.00     0.00   0.00    0.00     0.00  779.00  16740.00     0.00   0.00    0.07    21.49    0.00      0.00     0.00   0.00    0.00     0.00    0.00    0.00    0.05  52.40
dm-1             0.00      0.00     0.00   0.00    0.00     0.00  779.00  16736.00     0.00   0.00    0.05    21.48    0.00      0.00     0.00   0.00    0.00     0.00    0.00    0.00    0.04  49.60
dm-2             0.00      0.00     0.00   0.00    0.00     0.00   34.00    136.00     0.00   0.00    0.12     4.00    0.00      0.00     0.00   0.00    0.00     0.00    0.00    0.00    0.00   1.20
loop0            0.00      0.00     0.00   0.00    0.00     0.00    0.00      0.00     0.00   0.00    0.00     0.00    0.00      0.00     0.00   0.00    0.00     0.00    0.00    0.00    0.00   0.00
loop1            0.00      0.00     0.00   0.00    0.00     0.00    0.00      0.00     0.00   0.00    0.00     0.00    0.00      0.00     0.00   0.00    0.00     0.00    0.00    0.00    0.00   0.00
loop2            0.00      0.00     0.00   0.00    0.00     0.00    0.00      0.00     0.00   0.00    0.00     0.00    0.00      0.00     0.00   0.00    0.00     0.00    0.00    0.00    0.00   0.00
loop3            0.00      0.00     0.00   0.00    0.00     0.00    0.00      0.00     0.00   0.00    0.00     0.00    0.00      0.00     0.00   0.00    0.00     0.00    0.00    0.00    0.00   0.00
loop4            0.00      0.00     0.00   0.00    0.00     0.00    0.00      0.00     0.00   0.00    0.00     0.00    0.00      0.00     0.00   0.00    0.00     0.00    0.00    0.00    0.00   0.00
loop5            0.00      0.00     0.00   0.00    0.00     0.00    0.00      0.00     0.00   0.00    0.00     0.00    0.00      0.00     0.00   0.00    0.00     0.00    0.00    0.00    0.00   0.00
loop6            0.00      0.00     0.00   0.00    0.00     0.00    0.00      0.00     0.00   0.00    0.00     0.00    0.00      0.00     0.00   0.00    0.00     0.00    0.00    0.00    0.00   0.00
sda              0.00      0.00     0.00   0.00    0.00     0.00   11.00    136.00    23.00  67.65    0.09    12.36    0.00      0.00     0.00   0.00    0.00     0.00    0.00    0.00    0.00   1.20
sdb              0.00      0.00     0.00   0.00    0.00     0.00 1366.00  33476.00   192.00  12.32    0.06    24.51    0.00      0.00     0.00   0.00    0.00     0.00    0.00    0.00    0.08  53.20


avg-cpu:  %user   %nice %system %iowait  %steal   %idle
           0.46    0.00    0.50    0.02    0.00   99.03

Device            r/s     rkB/s   rrqm/s  %rrqm r_await rareq-sz     w/s     wkB/s   wrqm/s  %wrqm w_await wareq-sz     d/s     dkB/s   drqm/s  %drqm d_await dareq-sz     f/s f_await  aqu-sz  %util
dm-0             0.00      0.00     0.00   0.00    0.00     0.00  700.00  14680.00     0.00   0.00    0.06    20.97    0.00      0.00     0.00   0.00    0.00     0.00    0.00    0.00    0.04  45.60
dm-1             0.00      0.00     0.00   0.00    0.00     0.00  700.00  14680.00     0.00   0.00    0.07    20.97    0.00      0.00     0.00   0.00    0.00     0.00    0.00    0.00    0.05  45.60
dm-2             0.00      0.00     0.00   0.00    0.00     0.00  156.00    684.00     0.00   0.00    1.72     4.38    0.00      0.00     0.00   0.00    0.00     0.00    0.00    0.00    0.27   2.00
loop0            0.00      0.00     0.00   0.00    0.00     0.00    0.00      0.00     0.00   0.00    0.00     0.00    0.00      0.00     0.00   0.00    0.00     0.00    0.00    0.00    0.00   0.00
loop1            0.00      0.00     0.00   0.00    0.00     0.00    0.00      0.00     0.00   0.00    0.00     0.00    0.00      0.00     0.00   0.00    0.00     0.00    0.00    0.00    0.00   0.00
loop2            0.00      0.00     0.00   0.00    0.00     0.00    0.00      0.00     0.00   0.00    0.00     0.00    0.00      0.00     0.00   0.00    0.00     0.00    0.00    0.00    0.00   0.00
loop3            0.00      0.00     0.00   0.00    0.00     0.00    0.00      0.00     0.00   0.00    0.00     0.00    0.00      0.00     0.00   0.00    0.00     0.00    0.00    0.00    0.00   0.00
loop4            0.00      0.00     0.00   0.00    0.00     0.00    0.00      0.00     0.00   0.00    0.00     0.00    0.00      0.00     0.00   0.00    0.00     0.00    0.00    0.00    0.00   0.00
loop5            0.00      0.00     0.00   0.00    0.00     0.00    0.00      0.00     0.00   0.00    0.00     0.00    0.00      0.00     0.00   0.00    0.00     0.00    0.00    0.00    0.00   0.00
loop6            0.00      0.00     0.00   0.00    0.00     0.00    0.00      0.00     0.00   0.00    0.00     0.00    0.00      0.00     0.00   0.00    0.00     0.00    0.00    0.00    0.00   0.00
sda              0.00      0.00     0.00   0.00    0.00     0.00  141.00    684.00    15.00   9.62    0.91     4.85    0.00      0.00     0.00   0.00    0.00     0.00    0.00    0.00    0.13   2.00
sdb              0.00      0.00     0.00   0.00    0.00     0.00 1228.00  29360.00   172.00  12.29    0.06    23.91    0.00      0.00     0.00   0.00    0.00     0.00    0.00    0.00    0.07  46.80


avg-cpu:  %user   %nice %system %iowait  %steal   %idle
           0.52    0.00    0.60    0.00    0.00   98.89

Device            r/s     rkB/s   rrqm/s  %rrqm r_await rareq-sz     w/s     wkB/s   wrqm/s  %wrqm w_await wareq-sz     d/s     dkB/s   drqm/s  %drqm d_await dareq-sz     f/s f_await  aqu-sz  %util
dm-0             0.00      0.00     0.00   0.00    0.00     0.00  703.00  15172.00     0.00   0.00    0.06    21.58    0.00      0.00     0.00   0.00    0.00     0.00    0.00    0.00    0.04  46.80
dm-1             0.00      0.00     0.00   0.00    0.00     0.00  707.00  15192.00     0.00   0.00    0.06    21.49    0.00      0.00     0.00   0.00    0.00     0.00    0.00    0.00    0.04  44.00
dm-2             0.00      0.00     0.00   0.00    0.00     0.00   36.00    144.00     0.00   0.00    0.00     4.00    0.00      0.00     0.00   0.00    0.00     0.00    0.00    0.00    0.00   1.20
loop0            0.00      0.00     0.00   0.00    0.00     0.00    0.00      0.00     0.00   0.00    0.00     0.00    0.00      0.00     0.00   0.00    0.00     0.00    0.00    0.00    0.00   0.00
loop1            0.00      0.00     0.00   0.00    0.00     0.00    0.00      0.00     0.00   0.00    0.00     0.00    0.00      0.00     0.00   0.00    0.00     0.00    0.00    0.00    0.00   0.00
loop2            0.00      0.00     0.00   0.00    0.00     0.00    0.00      0.00     0.00   0.00    0.00     0.00    0.00      0.00     0.00   0.00    0.00     0.00    0.00    0.00    0.00   0.00
loop3            0.00      0.00     0.00   0.00    0.00     0.00    0.00      0.00     0.00   0.00    0.00     0.00    0.00      0.00     0.00   0.00    0.00     0.00    0.00    0.00    0.00   0.00
loop4            0.00      0.00     0.00   0.00    0.00     0.00    0.00      0.00     0.00   0.00    0.00     0.00    0.00      0.00     0.00   0.00    0.00     0.00    0.00    0.00    0.00   0.00
loop5            0.00      0.00     0.00   0.00    0.00     0.00    0.00      0.00     0.00   0.00    0.00     0.00    0.00      0.00     0.00   0.00    0.00     0.00    0.00    0.00    0.00   0.00
loop6            0.00      0.00     0.00   0.00    0.00     0.00    0.00      0.00     0.00   0.00    0.00     0.00    0.00      0.00     0.00   0.00    0.00     0.00    0.00    0.00    0.00   0.00
sda              0.00      0.00     0.00   0.00    0.00     0.00   11.00    144.00    25.00  69.44    0.09    13.09    0.00      0.00     0.00   0.00    0.00     0.00    0.00    0.00    0.00   1.20
sdb              0.00      0.00     0.00   0.00    0.00     0.00 1244.00  30364.00   166.00  11.77    0.06    24.41    0.00      0.00     0.00   0.00    0.00     0.00    0.00    0.00    0.07  46.80


avg-cpu:  %user   %nice %system %iowait  %steal   %idle
           0.49    0.00    0.55    0.02    0.00   98.95

Device            r/s     rkB/s   rrqm/s  %rrqm r_await rareq-sz     w/s     wkB/s   wrqm/s  %wrqm w_await wareq-sz     d/s     dkB/s   drqm/s  %drqm d_await dareq-sz     f/s f_await  aqu-sz  %util
dm-0             0.00      0.00     0.00   0.00    0.00     0.00  678.00  14532.00     0.00   0.00    0.05    21.43    0.00      0.00     0.00   0.00    0.00     0.00    0.00    0.00    0.04  45.20
dm-1             0.00      0.00     0.00   0.00    0.00     0.00  679.00  14536.00     0.00   0.00    0.04    21.41    0.00      0.00     0.00   0.00    0.00     0.00    0.00    0.00    0.03  45.60
dm-2             0.00      0.00     0.00   0.00    0.00     0.00   24.00    124.00     0.00   0.00    0.00     5.17    0.00      0.00     0.00   0.00    0.00     0.00    0.00    0.00    0.00   1.20
loop0            0.00      0.00     0.00   0.00    0.00     0.00    0.00      0.00     0.00   0.00    0.00     0.00    0.00      0.00     0.00   0.00    0.00     0.00    0.00    0.00    0.00   0.00
loop1            0.00      0.00     0.00   0.00    0.00     0.00    0.00      0.00     0.00   0.00    0.00     0.00    0.00      0.00     0.00   0.00    0.00     0.00    0.00    0.00    0.00   0.00
loop2            0.00      0.00     0.00   0.00    0.00     0.00    0.00      0.00     0.00   0.00    0.00     0.00    0.00      0.00     0.00   0.00    0.00     0.00    0.00    0.00    0.00   0.00
loop3            0.00      0.00     0.00   0.00    0.00     0.00    0.00      0.00     0.00   0.00    0.00     0.00    0.00      0.00     0.00   0.00    0.00     0.00    0.00    0.00    0.00   0.00
loop4            0.00      0.00     0.00   0.00    0.00     0.00    0.00      0.00     0.00   0.00    0.00     0.00    0.00      0.00     0.00   0.00    0.00     0.00    0.00    0.00    0.00   0.00
loop5            0.00      0.00     0.00   0.00    0.00     0.00    0.00      0.00     0.00   0.00    0.00     0.00    0.00      0.00     0.00   0.00    0.00     0.00    0.00    0.00    0.00   0.00
loop6            0.00      0.00     0.00   0.00    0.00     0.00    0.00      0.00     0.00   0.00    0.00     0.00    0.00      0.00     0.00   0.00    0.00     0.00    0.00    0.00    0.00   0.00
sda              0.00      0.00     0.00   0.00    0.00     0.00    7.00    124.00    17.00  70.83    0.14    17.71    0.00      0.00     0.00   0.00    0.00     0.00    0.00    0.00    0.00   1.20
sdb              0.00      0.00     0.00   0.00    0.00     0.00 1190.00  29068.00   167.00  12.31    0.06    24.43    0.00      0.00     0.00   0.00    0.00     0.00    0.00    0.00    0.07  46.40


avg-cpu:  %user   %nice %system %iowait  %steal   %idle
           0.61    0.00    0.58    0.02    0.00   98.79

Device            r/s     rkB/s   rrqm/s  %rrqm r_await rareq-sz     w/s     wkB/s   wrqm/s  %wrqm w_await wareq-sz     d/s     dkB/s   drqm/s  %drqm d_await dareq-sz     f/s f_await  aqu-sz  %util
dm-0             0.00      0.00     0.00   0.00    0.00     0.00  778.00  16792.00     0.00   0.00    0.08    21.58    0.00      0.00     0.00   0.00    0.00     0.00    0.00    0.00    0.06  48.00
dm-1             0.00      0.00     0.00   0.00    0.00     0.00  778.00  16792.00     0.00   0.00    0.04    21.58    0.00      0.00     0.00   0.00    0.00     0.00    0.00    0.00    0.03  47.60
dm-2             0.00      0.00     0.00   0.00    0.00     0.00   47.00    192.00     0.00   0.00    0.00     4.09    0.00      0.00     0.00   0.00    0.00     0.00    0.00    0.00    0.00   1.60
loop0            0.00      0.00     0.00   0.00    0.00     0.00    0.00      0.00     0.00   0.00    0.00     0.00    0.00      0.00     0.00   0.00    0.00     0.00    0.00    0.00    0.00   0.00
loop1            0.00      0.00     0.00   0.00    0.00     0.00    0.00      0.00     0.00   0.00    0.00     0.00    0.00      0.00     0.00   0.00    0.00     0.00    0.00    0.00    0.00   0.00
loop2            0.00      0.00     0.00   0.00    0.00     0.00    0.00      0.00     0.00   0.00    0.00     0.00    0.00      0.00     0.00   0.00    0.00     0.00    0.00    0.00    0.00   0.00
loop3            0.00      0.00     0.00   0.00    0.00     0.00    0.00      0.00     0.00   0.00    0.00     0.00    0.00      0.00     0.00   0.00    0.00     0.00    0.00    0.00    0.00   0.00
loop4            0.00      0.00     0.00   0.00    0.00     0.00    0.00      0.00     0.00   0.00    0.00     0.00    0.00      0.00     0.00   0.00    0.00     0.00    0.00    0.00    0.00   0.00
loop5            0.00      0.00     0.00   0.00    0.00     0.00    0.00      0.00     0.00   0.00    0.00     0.00    0.00      0.00     0.00   0.00    0.00     0.00    0.00    0.00    0.00   0.00
loop6            0.00      0.00     0.00   0.00    0.00     0.00    0.00      0.00     0.00   0.00    0.00     0.00    0.00      0.00     0.00   0.00    0.00     0.00    0.00    0.00    0.00   0.00
sda              0.00      0.00     0.00   0.00    0.00     0.00   15.00    192.00    32.00  68.09    0.20    12.80    0.00      0.00     0.00   0.00    0.00     0.00    0.00    0.00    0.00   1.60
sdb              0.00      0.00     0.00   0.00    0.00     0.00 1371.00  33584.00   185.00  11.89    0.06    24.50    0.00      0.00     0.00   0.00    0.00     0.00    0.00    0.00    0.08  50.00


avg-cpu:  %user   %nice %system %iowait  %steal   %idle
           0.47    0.00    0.55    0.00    0.00   98.98

Device            r/s     rkB/s   rrqm/s  %rrqm r_await rareq-sz     w/s     wkB/s   wrqm/s  %wrqm w_await wareq-sz     d/s     dkB/s   drqm/s  %drqm d_await dareq-sz     f/s f_await  aqu-sz  %util
dm-0             0.00      0.00     0.00   0.00    0.00     0.00  708.00  15136.00     0.00   0.00    0.03    21.38    0.00      0.00     0.00   0.00    0.00     0.00    0.00    0.00    0.02  44.80
dm-1             0.00      0.00     0.00   0.00    0.00     0.00  698.00  15092.00     0.00   0.00    0.04    21.62    0.00      0.00     0.00   0.00    0.00     0.00    0.00    0.00    0.03  44.40
dm-2             0.00      0.00     0.00   0.00    0.00     0.00   19.00     96.00     0.00   0.00    0.00     5.05    0.00      0.00     0.00   0.00    0.00     0.00    0.00    0.00    0.00   0.80
loop0            0.00      0.00     0.00   0.00    0.00     0.00    0.00      0.00     0.00   0.00    0.00     0.00    0.00      0.00     0.00   0.00    0.00     0.00    0.00    0.00    0.00   0.00
loop1            0.00      0.00     0.00   0.00    0.00     0.00    0.00      0.00     0.00   0.00    0.00     0.00    0.00      0.00     0.00   0.00    0.00     0.00    0.00    0.00    0.00   0.00
loop2            0.00      0.00     0.00   0.00    0.00     0.00    0.00      0.00     0.00   0.00    0.00     0.00    0.00      0.00     0.00   0.00    0.00     0.00    0.00    0.00    0.00   0.00
loop3            0.00      0.00     0.00   0.00    0.00     0.00    0.00      0.00     0.00   0.00    0.00     0.00    0.00      0.00     0.00   0.00    0.00     0.00    0.00    0.00    0.00   0.00
loop4            0.00      0.00     0.00   0.00    0.00     0.00    0.00      0.00     0.00   0.00    0.00     0.00    0.00      0.00     0.00   0.00    0.00     0.00    0.00    0.00    0.00   0.00
loop5            0.00      0.00     0.00   0.00    0.00     0.00    0.00      0.00     0.00   0.00    0.00     0.00    0.00      0.00     0.00   0.00    0.00     0.00    0.00    0.00    0.00   0.00
loop6            0.00      0.00     0.00   0.00    0.00     0.00    0.00      0.00     0.00   0.00    0.00     0.00    0.00      0.00     0.00   0.00    0.00     0.00    0.00    0.00    0.00   0.00
sda              0.00      0.00     0.00   0.00    0.00     0.00    6.00     96.00    13.00  68.42    0.17    16.00    0.00      0.00     0.00   0.00    0.00     0.00    0.00    0.00    0.00   0.80
sdb              0.00      0.00     0.00   0.00    0.00     0.00 1236.00  30228.00   170.00  12.09    0.06    24.46    0.00      0.00     0.00   0.00    0.00     0.00    0.00    0.00    0.07  46.00


avg-cpu:  %user   %nice %system %iowait  %steal   %idle
           0.63    0.00    0.64    0.02    0.00   98.71

Device            r/s     rkB/s   rrqm/s  %rrqm r_await rareq-sz     w/s     wkB/s   wrqm/s  %wrqm w_await wareq-sz     d/s     dkB/s   drqm/s  %drqm d_await dareq-sz     f/s f_await  aqu-sz  %util
dm-0             0.00      0.00     0.00   0.00    0.00     0.00  778.00  16732.00     0.00   0.00    0.06    21.51    0.00      0.00     0.00   0.00    0.00     0.00    0.00    0.00    0.04  50.80
dm-1             0.00      0.00     0.00   0.00    0.00     0.00  758.00  16652.00     0.00   0.00    0.07    21.97    0.00      0.00     0.00   0.00    0.00     0.00    0.00    0.00    0.06  49.20
dm-2             0.00      0.00     0.00   0.00    0.00     0.00   34.00    136.00     0.00   0.00    0.00     4.00    0.00      0.00     0.00   0.00    0.00     0.00    0.00    0.00    0.00   0.80
loop0            0.00      0.00     0.00   0.00    0.00     0.00    0.00      0.00     0.00   0.00    0.00     0.00    0.00      0.00     0.00   0.00    0.00     0.00    0.00    0.00    0.00   0.00
loop1            0.00      0.00     0.00   0.00    0.00     0.00    0.00      0.00     0.00   0.00    0.00     0.00    0.00      0.00     0.00   0.00    0.00     0.00    0.00    0.00    0.00   0.00
loop2            0.00      0.00     0.00   0.00    0.00     0.00    0.00      0.00     0.00   0.00    0.00     0.00    0.00      0.00     0.00   0.00    0.00     0.00    0.00    0.00    0.00   0.00
loop3            0.00      0.00     0.00   0.00    0.00     0.00    0.00      0.00     0.00   0.00    0.00     0.00    0.00      0.00     0.00   0.00    0.00     0.00    0.00    0.00    0.00   0.00
loop4            0.00      0.00     0.00   0.00    0.00     0.00    0.00      0.00     0.00   0.00    0.00     0.00    0.00      0.00     0.00   0.00    0.00     0.00    0.00    0.00    0.00   0.00
loop5            0.00      0.00     0.00   0.00    0.00     0.00    0.00      0.00     0.00   0.00    0.00     0.00    0.00      0.00     0.00   0.00    0.00     0.00    0.00    0.00    0.00   0.00
loop6            0.00      0.00     0.00   0.00    0.00     0.00    0.00      0.00     0.00   0.00    0.00     0.00    0.00      0.00     0.00   0.00    0.00     0.00    0.00    0.00    0.00   0.00
sda              0.00      0.00     0.00   0.00    0.00     0.00   11.00    136.00    23.00  67.65    0.00    12.36    0.00      0.00     0.00   0.00    0.00     0.00    0.00    0.00    0.00   0.80
sdb              0.00      0.00     0.00   0.00    0.00     0.00 1345.00  33384.00   191.00  12.43    0.06    24.82    0.00      0.00     0.00   0.00    0.00     0.00    0.00    0.00    0.08  51.60


avg-cpu:  %user   %nice %system %iowait  %steal   %idle
           0.50    0.00    0.55    0.02    0.00   98.93

Device            r/s     rkB/s   rrqm/s  %rrqm r_await rareq-sz     w/s     wkB/s   wrqm/s  %wrqm w_await wareq-sz     d/s     dkB/s   drqm/s  %drqm d_await dareq-sz     f/s f_await  aqu-sz  %util
dm-0             0.00      0.00     0.00   0.00    0.00     0.00  643.00  13792.00     0.00   0.00    0.03    21.45    0.00      0.00     0.00   0.00    0.00     0.00    0.00    0.00    0.02  42.00
dm-1             0.00      0.00     0.00   0.00    0.00     0.00  641.00  13788.00     0.00   0.00    0.04    21.51    0.00      0.00     0.00   0.00    0.00     0.00    0.00    0.00    0.02  41.20
dm-2             0.00      0.00     0.00   0.00    0.00     0.00  118.00    508.00     0.00   0.00    0.07     4.31    0.00      0.00     0.00   0.00    0.00     0.00    0.00    0.00    0.01   1.60
loop0            0.00      0.00     0.00   0.00    0.00     0.00    0.00      0.00     0.00   0.00    0.00     0.00    0.00      0.00     0.00   0.00    0.00     0.00    0.00    0.00    0.00   0.00
loop1            0.00      0.00     0.00   0.00    0.00     0.00    0.00      0.00     0.00   0.00    0.00     0.00    0.00      0.00     0.00   0.00    0.00     0.00    0.00    0.00    0.00   0.00
loop2            0.00      0.00     0.00   0.00    0.00     0.00    0.00      0.00     0.00   0.00    0.00     0.00    0.00      0.00     0.00   0.00    0.00     0.00    0.00    0.00    0.00   0.00
loop3            0.00      0.00     0.00   0.00    0.00     0.00    0.00      0.00     0.00   0.00    0.00     0.00    0.00      0.00     0.00   0.00    0.00     0.00    0.00    0.00    0.00   0.00
loop4            0.00      0.00     0.00   0.00    0.00     0.00    0.00      0.00     0.00   0.00    0.00     0.00    0.00      0.00     0.00   0.00    0.00     0.00    0.00    0.00    0.00   0.00
loop5            0.00      0.00     0.00   0.00    0.00     0.00    0.00      0.00     0.00   0.00    0.00     0.00    0.00      0.00     0.00   0.00    0.00     0.00    0.00    0.00    0.00   0.00
loop6            0.00      0.00     0.00   0.00    0.00     0.00    0.00      0.00     0.00   0.00    0.00     0.00    0.00      0.00     0.00   0.00    0.00     0.00    0.00    0.00    0.00   0.00
sda              0.00      0.00     0.00   0.00    0.00     0.00  101.00    508.00    17.00  14.41    0.52     5.03    0.00      0.00     0.00   0.00    0.00     0.00    0.00    0.00    0.05   1.60
sdb              0.00      0.00     0.00   0.00    0.00     0.00 1124.00  27580.00   160.00  12.46    0.06    24.54    0.00      0.00     0.00   0.00    0.00     0.00    0.00    0.00    0.07  44.80


avg-cpu:  %user   %nice %system %iowait  %steal   %idle
           0.61    0.00    0.61    0.02    0.00   98.76

Device            r/s     rkB/s   rrqm/s  %rrqm r_await rareq-sz     w/s     wkB/s   wrqm/s  %wrqm w_await wareq-sz     d/s     dkB/s   drqm/s  %drqm d_await dareq-sz     f/s f_await  aqu-sz  %util
dm-0             0.00      0.00     0.00   0.00    0.00     0.00  735.00  15840.00     0.00   0.00    0.04    21.55    0.00      0.00     0.00   0.00    0.00     0.00    0.00    0.00    0.03  47.60
dm-1             0.00      0.00     0.00   0.00    0.00     0.00  735.00  15840.00     0.00   0.00    0.08    21.55    0.00      0.00     0.00   0.00    0.00     0.00    0.00    0.00    0.06  46.80
dm-2             0.00      0.00     0.00   0.00    0.00     0.00   34.00    136.00     0.00   0.00    0.00     4.00    0.00      0.00     0.00   0.00    0.00     0.00    0.00    0.00    0.00   1.20
loop0            0.00      0.00     0.00   0.00    0.00     0.00    0.00      0.00     0.00   0.00    0.00     0.00    0.00      0.00     0.00   0.00    0.00     0.00    0.00    0.00    0.00   0.00
loop1            0.00      0.00     0.00   0.00    0.00     0.00    0.00      0.00     0.00   0.00    0.00     0.00    0.00      0.00     0.00   0.00    0.00     0.00    0.00    0.00    0.00   0.00
loop2            0.00      0.00     0.00   0.00    0.00     0.00    0.00      0.00     0.00   0.00    0.00     0.00    0.00      0.00     0.00   0.00    0.00     0.00    0.00    0.00    0.00   0.00
loop3            0.00      0.00     0.00   0.00    0.00     0.00    0.00      0.00     0.00   0.00    0.00     0.00    0.00      0.00     0.00   0.00    0.00     0.00    0.00    0.00    0.00   0.00
loop4            0.00      0.00     0.00   0.00    0.00     0.00    0.00      0.00     0.00   0.00    0.00     0.00    0.00      0.00     0.00   0.00    0.00     0.00    0.00    0.00    0.00   0.00
loop5            0.00      0.00     0.00   0.00    0.00     0.00    0.00      0.00     0.00   0.00    0.00     0.00    0.00      0.00     0.00   0.00    0.00     0.00    0.00    0.00    0.00   0.00
loop6            0.00      0.00     0.00   0.00    0.00     0.00    0.00      0.00     0.00   0.00    0.00     0.00    0.00      0.00     0.00   0.00    0.00     0.00    0.00    0.00    0.00   0.00
sda              0.00      0.00     0.00   0.00    0.00     0.00   11.00    136.00    23.00  67.65    0.09    12.36    0.00      0.00     0.00   0.00    0.00     0.00    0.00    0.00    0.00   1.20
sdb              0.00      0.00     0.00   0.00    0.00     0.00 1293.00  31680.00   177.00  12.04    0.06    24.50    0.00      0.00     0.00   0.00    0.00     0.00    0.00    0.00    0.07  50.40


avg-cpu:  %user   %nice %system %iowait  %steal   %idle
           0.50    0.00    0.41    0.00    0.00   99.09

Device            r/s     rkB/s   rrqm/s  %rrqm r_await rareq-sz     w/s     wkB/s   wrqm/s  %wrqm w_await wareq-sz     d/s     dkB/s   drqm/s  %drqm d_await dareq-sz     f/s f_await  aqu-sz  %util
dm-0             0.00      0.00     0.00   0.00    0.00     0.00  770.00  16520.00     0.00   0.00    0.05    21.45    0.00      0.00     0.00   0.00    0.00     0.00    0.00    0.00    0.04  51.60
dm-1             0.00      0.00     0.00   0.00    0.00     0.00  744.00  16056.00     0.00   0.00    0.04    21.58    0.00      0.00     0.00   0.00    0.00     0.00    0.00    0.00    0.03  49.60
dm-2             0.00      0.00     0.00   0.00    0.00     0.00   29.00    144.00     0.00   0.00    0.00     4.97    0.00      0.00     0.00   0.00    0.00     0.00    0.00    0.00    0.00   2.00
loop0            0.00      0.00     0.00   0.00    0.00     0.00    0.00      0.00     0.00   0.00    0.00     0.00    0.00      0.00     0.00   0.00    0.00     0.00    0.00    0.00    0.00   0.00
loop1            0.00      0.00     0.00   0.00    0.00     0.00    0.00      0.00     0.00   0.00    0.00     0.00    0.00      0.00     0.00   0.00    0.00     0.00    0.00    0.00    0.00   0.00
loop2            0.00      0.00     0.00   0.00    0.00     0.00    0.00      0.00     0.00   0.00    0.00     0.00    0.00      0.00     0.00   0.00    0.00     0.00    0.00    0.00    0.00   0.00
loop3            0.00      0.00     0.00   0.00    0.00     0.00    0.00      0.00     0.00   0.00    0.00     0.00    0.00      0.00     0.00   0.00    0.00     0.00    0.00    0.00    0.00   0.00
loop4            0.00      0.00     0.00   0.00    0.00     0.00    0.00      0.00     0.00   0.00    0.00     0.00    0.00      0.00     0.00   0.00    0.00     0.00    0.00    0.00    0.00   0.00
loop5            0.00      0.00     0.00   0.00    0.00     0.00    0.00      0.00     0.00   0.00    0.00     0.00    0.00      0.00     0.00   0.00    0.00     0.00    0.00    0.00    0.00   0.00
loop6            0.00      0.00     0.00   0.00    0.00     0.00    0.00      0.00     0.00   0.00    0.00     0.00    0.00      0.00     0.00   0.00    0.00     0.00    0.00    0.00    0.00   0.00
sda              0.00      0.00     0.00   0.00    0.00     0.00   11.00    144.00    18.00  62.07    0.45    13.09    0.00      0.00     0.00   0.00    0.00     0.00    0.00    0.00    0.01   2.00
sdb              0.00      0.00     0.00   0.00    0.00     0.00 1330.00  32568.00   182.00  12.04    0.06    24.49    0.00      0.00     0.00   0.00    0.00     0.00    0.00    0.00    0.07  52.00


avg-cpu:  %user   %nice %system %iowait  %steal   %idle
           0.47    0.00    0.50    0.02    0.00   99.01

Device            r/s     rkB/s   rrqm/s  %rrqm r_await rareq-sz     w/s     wkB/s   wrqm/s  %wrqm w_await wareq-sz     d/s     dkB/s   drqm/s  %drqm d_await dareq-sz     f/s f_await  aqu-sz  %util
dm-0             0.00      0.00     0.00   0.00    0.00     0.00  721.00  15428.00     0.00   0.00    0.07    21.40    0.00      0.00     0.00   0.00    0.00     0.00    0.00    0.00    0.05  44.00
dm-1             0.00      0.00     0.00   0.00    0.00     0.00  735.00  15840.00     0.00   0.00    0.06    21.55    0.00      0.00     0.00   0.00    0.00     0.00    0.00    0.00    0.04  42.00
dm-2             0.00      0.00     0.00   0.00    0.00     0.00   34.00    136.00     0.00   0.00    0.12     4.00    0.00      0.00     0.00   0.00    0.00     0.00    0.00    0.00    0.00   1.60
loop0            0.00      0.00     0.00   0.00    0.00     0.00    0.00      0.00     0.00   0.00    0.00     0.00    0.00      0.00     0.00   0.00    0.00     0.00    0.00    0.00    0.00   0.00
loop1            0.00      0.00     0.00   0.00    0.00     0.00    0.00      0.00     0.00   0.00    0.00     0.00    0.00      0.00     0.00   0.00    0.00     0.00    0.00    0.00    0.00   0.00
loop2            0.00      0.00     0.00   0.00    0.00     0.00    0.00      0.00     0.00   0.00    0.00     0.00    0.00      0.00     0.00   0.00    0.00     0.00    0.00    0.00    0.00   0.00
loop3            0.00      0.00     0.00   0.00    0.00     0.00    0.00      0.00     0.00   0.00    0.00     0.00    0.00      0.00     0.00   0.00    0.00     0.00    0.00    0.00    0.00   0.00
loop4            0.00      0.00     0.00   0.00    0.00     0.00    0.00      0.00     0.00   0.00    0.00     0.00    0.00      0.00     0.00   0.00    0.00     0.00    0.00    0.00    0.00   0.00
loop5            0.00      0.00     0.00   0.00    0.00     0.00    0.00      0.00     0.00   0.00    0.00     0.00    0.00      0.00     0.00   0.00    0.00     0.00    0.00    0.00    0.00   0.00
loop6            0.00      0.00     0.00   0.00    0.00     0.00    0.00      0.00     0.00   0.00    0.00     0.00    0.00      0.00     0.00   0.00    0.00     0.00    0.00    0.00    0.00   0.00
sda              0.00      0.00     0.00   0.00    0.00     0.00   11.00    136.00    23.00  67.65    0.09    12.36    0.00      0.00     0.00   0.00    0.00     0.00    0.00    0.00    0.00   1.60
sdb              0.00      0.00     0.00   0.00    0.00     0.00 1284.00  31276.00   174.00  11.93    0.06    24.36    0.00      0.00     0.00   0.00    0.00     0.00    0.00    0.00    0.07  45.60


avg-cpu:  %user   %nice %system %iowait  %steal   %idle
           0.52    0.00    0.50    0.02    0.00   98.97

Device            r/s     rkB/s   rrqm/s  %rrqm r_await rareq-sz     w/s     wkB/s   wrqm/s  %wrqm w_await wareq-sz     d/s     dkB/s   drqm/s  %drqm d_await dareq-sz     f/s f_await  aqu-sz  %util
dm-0             0.00      0.00     0.00   0.00    0.00     0.00  643.00  13732.00     0.00   0.00    0.04    21.36    0.00      0.00     0.00   0.00    0.00     0.00    0.00    0.00    0.03  43.60
dm-1             0.00      0.00     0.00   0.00    0.00     0.00  639.00  13716.00     0.00   0.00    0.06    21.46    0.00      0.00     0.00   0.00    0.00     0.00    0.00    0.00    0.04  40.00
dm-2            37.00    148.00     0.00   0.00    0.00     4.00   20.00     96.00     0.00   0.00    0.00     4.80    0.00      0.00     0.00   0.00    0.00     0.00    0.00    0.00    0.00   1.20
loop0            0.00      0.00     0.00   0.00    0.00     0.00    0.00      0.00     0.00   0.00    0.00     0.00    0.00      0.00     0.00   0.00    0.00     0.00    0.00    0.00    0.00   0.00
loop1            0.00      0.00     0.00   0.00    0.00     0.00    0.00      0.00     0.00   0.00    0.00     0.00    0.00      0.00     0.00   0.00    0.00     0.00    0.00    0.00    0.00   0.00
loop2            0.00      0.00     0.00   0.00    0.00     0.00    0.00      0.00     0.00   0.00    0.00     0.00    0.00      0.00     0.00   0.00    0.00     0.00    0.00    0.00    0.00   0.00
loop3            0.00      0.00     0.00   0.00    0.00     0.00    0.00      0.00     0.00   0.00    0.00     0.00    0.00      0.00     0.00   0.00    0.00     0.00    0.00    0.00    0.00   0.00
loop4            0.00      0.00     0.00   0.00    0.00     0.00    0.00      0.00     0.00   0.00    0.00     0.00    0.00      0.00     0.00   0.00    0.00     0.00    0.00    0.00    0.00   0.00
loop5            0.00      0.00     0.00   0.00    0.00     0.00    0.00      0.00     0.00   0.00    0.00     0.00    0.00      0.00     0.00   0.00    0.00     0.00    0.00    0.00    0.00   0.00
loop6            0.00      0.00     0.00   0.00    0.00     0.00    0.00      0.00     0.00   0.00    0.00     0.00    0.00      0.00     0.00   0.00    0.00     0.00    0.00    0.00    0.00   0.00
sda              7.00    148.00    30.00  81.08    0.43    21.14    6.00     96.00    14.00  70.00    0.00    16.00    0.00      0.00     0.00   0.00    0.00     0.00    0.00    0.00    0.00   1.20
sdb              0.00      0.00     0.00   0.00    0.00     0.00 1127.00  27448.00   155.00  12.09    0.06    24.35    0.00      0.00     0.00   0.00    0.00     0.00    0.00    0.00    0.06  43.20


avg-cpu:  %user   %nice %system %iowait  %steal   %idle
           0.63    0.00    0.58    0.02    0.00   98.78

Device            r/s     rkB/s   rrqm/s  %rrqm r_await rareq-sz     w/s     wkB/s   wrqm/s  %wrqm w_await wareq-sz     d/s     dkB/s   drqm/s  %drqm d_await dareq-sz     f/s f_await  aqu-sz  %util
dm-0             0.00      0.00     0.00   0.00    0.00     0.00  808.00  17572.00     0.00   0.00    0.06    21.75    0.00      0.00     0.00   0.00    0.00     0.00    0.00    0.00    0.05  51.20
dm-1             0.00      0.00     0.00   0.00    0.00     0.00  820.00  17624.00     0.00   0.00    0.05    21.49    0.00      0.00     0.00   0.00    0.00     0.00    0.00    0.00    0.04  50.00
dm-2             0.00      0.00     0.00   0.00    0.00     0.00   47.00    188.00     0.00   0.00    0.00     4.00    0.00      0.00     0.00   0.00    0.00     0.00    0.00    0.00    0.00   1.60
loop0            0.00      0.00     0.00   0.00    0.00     0.00    0.00      0.00     0.00   0.00    0.00     0.00    0.00      0.00     0.00   0.00    0.00     0.00    0.00    0.00    0.00   0.00
loop1            0.00      0.00     0.00   0.00    0.00     0.00    0.00      0.00     0.00   0.00    0.00     0.00    0.00      0.00     0.00   0.00    0.00     0.00    0.00    0.00    0.00   0.00
loop2            0.00      0.00     0.00   0.00    0.00     0.00    0.00      0.00     0.00   0.00    0.00     0.00    0.00      0.00     0.00   0.00    0.00     0.00    0.00    0.00    0.00   0.00
loop3            0.00      0.00     0.00   0.00    0.00     0.00    0.00      0.00     0.00   0.00    0.00     0.00    0.00      0.00     0.00   0.00    0.00     0.00    0.00    0.00    0.00   0.00
loop4            0.00      0.00     0.00   0.00    0.00     0.00    0.00      0.00     0.00   0.00    0.00     0.00    0.00      0.00     0.00   0.00    0.00     0.00    0.00    0.00    0.00   0.00
loop5            0.00      0.00     0.00   0.00    0.00     0.00    0.00      0.00     0.00   0.00    0.00     0.00    0.00      0.00     0.00   0.00    0.00     0.00    0.00    0.00    0.00   0.00
loop6            0.00      0.00     0.00   0.00    0.00     0.00    0.00      0.00     0.00   0.00    0.00     0.00    0.00      0.00     0.00   0.00    0.00     0.00    0.00    0.00    0.00   0.00
sda              0.00      0.00     0.00   0.00    0.00     0.00   24.00    188.00    23.00  48.94    0.17     7.83    0.00      0.00     0.00   0.00    0.00     0.00    0.00    0.00    0.00   1.60
sdb              0.00      0.00     0.00   0.00    0.00     0.00 1428.00  35196.00   200.00  12.29    0.06    24.65    0.00      0.00     0.00   0.00    0.00     0.00    0.00    0.00    0.08  53.60


avg-cpu:  %user   %nice %system %iowait  %steal   %idle
           0.44    0.00    0.50    0.00    0.00   99.06

Device            r/s     rkB/s   rrqm/s  %rrqm r_await rareq-sz     w/s     wkB/s   wrqm/s  %wrqm w_await wareq-sz     d/s     dkB/s   drqm/s  %drqm d_await dareq-sz     f/s f_await  aqu-sz  %util
dm-0             0.00      0.00     0.00   0.00    0.00     0.00  655.00  14020.00     0.00   0.00    0.09    21.40    0.00      0.00     0.00   0.00    0.00     0.00    0.00    0.00    0.06  39.20
dm-1             0.00      0.00     0.00   0.00    0.00     0.00  647.00  13988.00     0.00   0.00    0.07    21.62    0.00      0.00     0.00   0.00    0.00     0.00    0.00    0.00    0.04  38.40
dm-2             0.00      0.00     0.00   0.00    0.00     0.00  106.00    476.00     0.00   0.00    0.04     4.49    0.00      0.00     0.00   0.00    0.00     0.00    0.00    0.00    0.00   1.60
loop0            0.00      0.00     0.00   0.00    0.00     0.00    0.00      0.00     0.00   0.00    0.00     0.00    0.00      0.00     0.00   0.00    0.00     0.00    0.00    0.00    0.00   0.00
loop1            0.00      0.00     0.00   0.00    0.00     0.00    0.00      0.00     0.00   0.00    0.00     0.00    0.00      0.00     0.00   0.00    0.00     0.00    0.00    0.00    0.00   0.00
loop2            0.00      0.00     0.00   0.00    0.00     0.00    0.00      0.00     0.00   0.00    0.00     0.00    0.00      0.00     0.00   0.00    0.00     0.00    0.00    0.00    0.00   0.00
loop3            0.00      0.00     0.00   0.00    0.00     0.00    0.00      0.00     0.00   0.00    0.00     0.00    0.00      0.00     0.00   0.00    0.00     0.00    0.00    0.00    0.00   0.00
loop4            0.00      0.00     0.00   0.00    0.00     0.00    0.00      0.00     0.00   0.00    0.00     0.00    0.00      0.00     0.00   0.00    0.00     0.00    0.00    0.00    0.00   0.00
loop5            0.00      0.00     0.00   0.00    0.00     0.00    0.00      0.00     0.00   0.00    0.00     0.00    0.00      0.00     0.00   0.00    0.00     0.00    0.00    0.00    0.00   0.00
loop6            0.00      0.00     0.00   0.00    0.00     0.00    0.00      0.00     0.00   0.00    0.00     0.00    0.00      0.00     0.00   0.00    0.00     0.00    0.00    0.00    0.00   0.00
sda              0.00      0.00     0.00   0.00    0.00     0.00   91.00    476.00    15.00  14.15    1.21     5.23    0.00      0.00     0.00   0.00    0.00     0.00    0.00    0.00    0.11   1.60
sdb              0.00      0.00     0.00   0.00    0.00     0.00 1136.00  28008.00   166.00  12.75    0.06    24.65    0.00      0.00     0.00   0.00    0.00     0.00    0.00    0.00    0.06  41.20


avg-cpu:  %user   %nice %system %iowait  %steal   %idle
           0.53    0.00    0.49    0.02    0.00   98.96

Device            r/s     rkB/s   rrqm/s  %rrqm r_await rareq-sz     w/s     wkB/s   wrqm/s  %wrqm w_await wareq-sz     d/s     dkB/s   drqm/s  %drqm d_await dareq-sz     f/s f_await  aqu-sz  %util
dm-0             0.00      0.00     0.00   0.00    0.00     0.00  744.00  16236.00     0.00   0.00    0.07    21.82    0.00      0.00     0.00   0.00    0.00     0.00    0.00    0.00    0.05  47.60
dm-1             0.00      0.00     0.00   0.00    0.00     0.00  754.00  16276.00     0.00   0.00    0.06    21.59    0.00      0.00     0.00   0.00    0.00     0.00    0.00    0.00    0.04  48.00
dm-2             0.00      0.00     0.00   0.00    0.00     0.00   37.00    148.00     0.00   0.00    0.11     4.00    0.00      0.00     0.00   0.00    0.00     0.00    0.00    0.00    0.00   1.60
loop0            0.00      0.00     0.00   0.00    0.00     0.00    0.00      0.00     0.00   0.00    0.00     0.00    0.00      0.00     0.00   0.00    0.00     0.00    0.00    0.00    0.00   0.00
loop1            0.00      0.00     0.00   0.00    0.00     0.00    0.00      0.00     0.00   0.00    0.00     0.00    0.00      0.00     0.00   0.00    0.00     0.00    0.00    0.00    0.00   0.00
loop2            0.00      0.00     0.00   0.00    0.00     0.00    0.00      0.00     0.00   0.00    0.00     0.00    0.00      0.00     0.00   0.00    0.00     0.00    0.00    0.00    0.00   0.00
loop3            0.00      0.00     0.00   0.00    0.00     0.00    0.00      0.00     0.00   0.00    0.00     0.00    0.00      0.00     0.00   0.00    0.00     0.00    0.00    0.00    0.00   0.00
loop4            0.00      0.00     0.00   0.00    0.00     0.00    0.00      0.00     0.00   0.00    0.00     0.00    0.00      0.00     0.00   0.00    0.00     0.00    0.00    0.00    0.00   0.00
loop5            0.00      0.00     0.00   0.00    0.00     0.00    0.00      0.00     0.00   0.00    0.00     0.00    0.00      0.00     0.00   0.00    0.00     0.00    0.00    0.00    0.00   0.00
loop6            0.00      0.00     0.00   0.00    0.00     0.00    0.00      0.00     0.00   0.00    0.00     0.00    0.00      0.00     0.00   0.00    0.00     0.00    0.00    0.00    0.00   0.00
sda              0.00      0.00     0.00   0.00    0.00     0.00   14.00    148.00    23.00  62.16    0.07    10.57    0.00      0.00     0.00   0.00    0.00     0.00    0.00    0.00    0.00   1.60
sdb              0.00      0.00     0.00   0.00    0.00     0.00 1323.00  32512.00   175.00  11.68    0.06    24.57    0.00      0.00     0.00   0.00    0.00     0.00    0.00    0.00    0.07  51.20


avg-cpu:  %user   %nice %system %iowait  %steal   %idle
           0.50    0.00    0.35    0.02    0.00   99.14

Device            r/s     rkB/s   rrqm/s  %rrqm r_await rareq-sz     w/s     wkB/s   wrqm/s  %wrqm w_await wareq-sz     d/s     dkB/s   drqm/s  %drqm d_await dareq-sz     f/s f_await  aqu-sz  %util
dm-0             0.00      0.00     0.00   0.00    0.00     0.00  659.00  14160.00     0.00   0.00    0.06    21.49    0.00      0.00     0.00   0.00    0.00     0.00    0.00    0.00    0.04  40.80
dm-1             0.00      0.00     0.00   0.00    0.00     0.00  662.00  14168.00     0.00   0.00    0.04    21.40    0.00      0.00     0.00   0.00    0.00     0.00    0.00    0.00    0.03  39.20
dm-2             0.00      0.00     0.00   0.00    0.00     0.00   25.00    132.00     0.00   0.00    0.00     5.28    0.00      0.00     0.00   0.00    0.00     0.00    0.00    0.00    0.00   1.60
loop0            0.00      0.00     0.00   0.00    0.00     0.00    0.00      0.00     0.00   0.00    0.00     0.00    0.00      0.00     0.00   0.00    0.00     0.00    0.00    0.00    0.00   0.00
loop1            0.00      0.00     0.00   0.00    0.00     0.00    0.00      0.00     0.00   0.00    0.00     0.00    0.00      0.00     0.00   0.00    0.00     0.00    0.00    0.00    0.00   0.00
loop2            0.00      0.00     0.00   0.00    0.00     0.00    0.00      0.00     0.00   0.00    0.00     0.00    0.00      0.00     0.00   0.00    0.00     0.00    0.00    0.00    0.00   0.00
loop3            0.00      0.00     0.00   0.00    0.00     0.00    0.00      0.00     0.00   0.00    0.00     0.00    0.00      0.00     0.00   0.00    0.00     0.00    0.00    0.00    0.00   0.00
loop4            0.00      0.00     0.00   0.00    0.00     0.00    0.00      0.00     0.00   0.00    0.00     0.00    0.00      0.00     0.00   0.00    0.00     0.00    0.00    0.00    0.00   0.00
loop5            0.00      0.00     0.00   0.00    0.00     0.00    0.00      0.00     0.00   0.00    0.00     0.00    0.00      0.00     0.00   0.00    0.00     0.00    0.00    0.00    0.00   0.00
loop6            0.00      0.00     0.00   0.00    0.00     0.00    0.00      0.00     0.00   0.00    0.00     0.00    0.00      0.00     0.00   0.00    0.00     0.00    0.00    0.00    0.00   0.00
sda              0.00      0.00     0.00   0.00    0.00     0.00    8.00    132.00    17.00  68.00    0.38    16.50    0.00      0.00     0.00   0.00    0.00     0.00    0.00    0.00    0.00   1.60
sdb              0.00      0.00     0.00   0.00    0.00     0.00 1154.00  28328.00   167.00  12.64    0.06    24.55    0.00      0.00     0.00   0.00    0.00     0.00    0.00    0.00    0.06  41.20


avg-cpu:  %user   %nice %system %iowait  %steal   %idle
           0.56    0.00    0.47    0.00    0.00   98.96

Device            r/s     rkB/s   rrqm/s  %rrqm r_await rareq-sz     w/s     wkB/s   wrqm/s  %wrqm w_await wareq-sz     d/s     dkB/s   drqm/s  %drqm d_await dareq-sz     f/s f_await  aqu-sz  %util
dm-0             0.00      0.00     0.00   0.00    0.00     0.00  733.00  15832.00     0.00   0.00    0.03    21.60    0.00      0.00     0.00   0.00    0.00     0.00    0.00    0.00    0.02  48.00
dm-1             0.00      0.00     0.00   0.00    0.00     0.00  729.00  15696.00     0.00   0.00    0.06    21.53    0.00      0.00     0.00   0.00    0.00     0.00    0.00    0.00    0.04  46.40
dm-2             0.00      0.00     0.00   0.00    0.00     0.00   30.00    120.00     0.00   0.00    1.07     4.00    0.00      0.00     0.00   0.00    0.00     0.00    0.00    0.00    0.03   1.20
loop0            0.00      0.00     0.00   0.00    0.00     0.00    0.00      0.00     0.00   0.00    0.00     0.00    0.00      0.00     0.00   0.00    0.00     0.00    0.00    0.00    0.00   0.00
loop1            0.00      0.00     0.00   0.00    0.00     0.00    0.00      0.00     0.00   0.00    0.00     0.00    0.00      0.00     0.00   0.00    0.00     0.00    0.00    0.00    0.00   0.00
loop2            0.00      0.00     0.00   0.00    0.00     0.00    0.00      0.00     0.00   0.00    0.00     0.00    0.00      0.00     0.00   0.00    0.00     0.00    0.00    0.00    0.00   0.00
loop3            0.00      0.00     0.00   0.00    0.00     0.00    0.00      0.00     0.00   0.00    0.00     0.00    0.00      0.00     0.00   0.00    0.00     0.00    0.00    0.00    0.00   0.00
loop4            0.00      0.00     0.00   0.00    0.00     0.00    0.00      0.00     0.00   0.00    0.00     0.00    0.00      0.00     0.00   0.00    0.00     0.00    0.00    0.00    0.00   0.00
loop5            0.00      0.00     0.00   0.00    0.00     0.00    0.00      0.00     0.00   0.00    0.00     0.00    0.00      0.00     0.00   0.00    0.00     0.00    0.00    0.00    0.00   0.00
loop6            0.00      0.00     0.00   0.00    0.00     0.00    0.00      0.00     0.00   0.00    0.00     0.00    0.00      0.00     0.00   0.00    0.00     0.00    0.00    0.00    0.00   0.00
sda              0.00      0.00     0.00   0.00    0.00     0.00   11.00    120.00    19.00  63.33    0.09    10.91    0.00      0.00     0.00   0.00    0.00     0.00    0.00    0.00    0.00   1.20
sdb              0.00      0.00     0.00   0.00    0.00     0.00 1286.00  31528.00   176.00  12.04    0.06    24.52    0.00      0.00     0.00   0.00    0.00     0.00    0.00    0.00    0.07  50.00


avg-cpu:  %user   %nice %system %iowait  %steal   %idle
           0.63    0.00    0.52    0.02    0.00   98.84

Device            r/s     rkB/s   rrqm/s  %rrqm r_await rareq-sz     w/s     wkB/s   wrqm/s  %wrqm w_await wareq-sz     d/s     dkB/s   drqm/s  %drqm d_await dareq-sz     f/s f_await  aqu-sz  %util
dm-0             0.00      0.00     0.00   0.00    0.00     0.00  747.00  16008.00     0.00   0.00    0.05    21.43    0.00      0.00     0.00   0.00    0.00     0.00    0.00    0.00    0.04  46.40
dm-1             0.00      0.00     0.00   0.00    0.00     0.00  733.00  15776.00     0.00   0.00    0.03    21.52    0.00      0.00     0.00   0.00    0.00     0.00    0.00    0.00    0.02  46.40
dm-2             0.00      0.00     0.00   0.00    0.00     0.00   20.00     96.00     0.00   0.00    1.80     4.80    0.00      0.00     0.00   0.00    0.00     0.00    0.00    0.00    0.04   1.20
loop0            0.00      0.00     0.00   0.00    0.00     0.00    0.00      0.00     0.00   0.00    0.00     0.00    0.00      0.00     0.00   0.00    0.00     0.00    0.00    0.00    0.00   0.00
loop1            0.00      0.00     0.00   0.00    0.00     0.00    0.00      0.00     0.00   0.00    0.00     0.00    0.00      0.00     0.00   0.00    0.00     0.00    0.00    0.00    0.00   0.00
loop2            0.00      0.00     0.00   0.00    0.00     0.00    0.00      0.00     0.00   0.00    0.00     0.00    0.00      0.00     0.00   0.00    0.00     0.00    0.00    0.00    0.00   0.00
loop3            0.00      0.00     0.00   0.00    0.00     0.00    0.00      0.00     0.00   0.00    0.00     0.00    0.00      0.00     0.00   0.00    0.00     0.00    0.00    0.00    0.00   0.00
loop4            0.00      0.00     0.00   0.00    0.00     0.00    0.00      0.00     0.00   0.00    0.00     0.00    0.00      0.00     0.00   0.00    0.00     0.00    0.00    0.00    0.00   0.00
loop5            0.00      0.00     0.00   0.00    0.00     0.00    0.00      0.00     0.00   0.00    0.00     0.00    0.00      0.00     0.00   0.00    0.00     0.00    0.00    0.00    0.00   0.00
loop6            0.00      0.00     0.00   0.00    0.00     0.00    0.00      0.00     0.00   0.00    0.00     0.00    0.00      0.00     0.00   0.00    0.00     0.00    0.00    0.00    0.00   0.00
sda              0.00      0.00     0.00   0.00    0.00     0.00    6.00     96.00    14.00  70.00    0.00    16.00    0.00      0.00     0.00   0.00    0.00     0.00    0.00    0.00    0.00   1.20
sdb              0.00      0.00     0.00   0.00    0.00     0.00 1298.00  31720.00   181.00  12.24    0.06    24.44    0.00      0.00     0.00   0.00    0.00     0.00    0.00    0.00    0.07  48.40


avg-cpu:  %user   %nice %system %iowait  %steal   %idle
           0.38    0.00    0.41    0.02    0.00   99.20

Device            r/s     rkB/s   rrqm/s  %rrqm r_await rareq-sz     w/s     wkB/s   wrqm/s  %wrqm w_await wareq-sz     d/s     dkB/s   drqm/s  %drqm d_await dareq-sz     f/s f_await  aqu-sz  %util
dm-0             0.00      0.00     0.00   0.00    0.00     0.00  567.00  11688.00     0.00   0.00    0.06    20.61    0.00      0.00     0.00   0.00    0.00     0.00    0.00    0.00    0.03  35.20
dm-1             0.00      0.00     0.00   0.00    0.00     0.00  577.00  12028.00     0.00   0.00    0.06    20.85    0.00      0.00     0.00   0.00    0.00     0.00    0.00    0.00    0.03  35.20
dm-2             0.00      0.00     0.00   0.00    0.00     0.00  133.00    560.00     0.00   0.00    0.00     4.21    0.00      0.00     0.00   0.00    0.00     0.00    0.00    0.00    0.00   1.60
loop0            0.00      0.00     0.00   0.00    0.00     0.00    0.00      0.00     0.00   0.00    0.00     0.00    0.00      0.00     0.00   0.00    0.00     0.00    0.00    0.00    0.00   0.00
loop1            0.00      0.00     0.00   0.00    0.00     0.00    0.00      0.00     0.00   0.00    0.00     0.00    0.00      0.00     0.00   0.00    0.00     0.00    0.00    0.00    0.00   0.00
loop2            0.00      0.00     0.00   0.00    0.00     0.00    0.00      0.00     0.00   0.00    0.00     0.00    0.00      0.00     0.00   0.00    0.00     0.00    0.00    0.00    0.00   0.00
loop3            0.00      0.00     0.00   0.00    0.00     0.00    0.00      0.00     0.00   0.00    0.00     0.00    0.00      0.00     0.00   0.00    0.00     0.00    0.00    0.00    0.00   0.00
loop4            0.00      0.00     0.00   0.00    0.00     0.00    0.00      0.00     0.00   0.00    0.00     0.00    0.00      0.00     0.00   0.00    0.00     0.00    0.00    0.00    0.00   0.00
loop5            0.00      0.00     0.00   0.00    0.00     0.00    0.00      0.00     0.00   0.00    0.00     0.00    0.00      0.00     0.00   0.00    0.00     0.00    0.00    0.00    0.00   0.00
loop6            0.00      0.00     0.00   0.00    0.00     0.00    0.00      0.00     0.00   0.00    0.00     0.00    0.00      0.00     0.00   0.00    0.00     0.00    0.00    0.00    0.00   0.00
sda              0.00      0.00     0.00   0.00    0.00     0.00   89.00    500.00    30.00  25.21    1.08     5.62    0.00      0.00     0.00   0.00    0.00     0.00    0.00    0.00    0.10   1.60
sdb              0.00      0.00     0.00   0.00    0.00     0.00  996.00  23780.00   149.00  13.01    0.06    23.88    0.00      0.00     0.00   0.00    0.00     0.00    0.00    0.00    0.06  36.80


avg-cpu:  %user   %nice %system %iowait  %steal   %idle
           0.05    0.00    0.00    0.00    0.00   99.95

Device            r/s     rkB/s   rrqm/s  %rrqm r_await rareq-sz     w/s     wkB/s   wrqm/s  %wrqm w_await wareq-sz     d/s     dkB/s   drqm/s  %drqm d_await dareq-sz     f/s f_await  aqu-sz  %util
dm-0             0.00      0.00     0.00   0.00    0.00     0.00    0.00      0.00     0.00   0.00    0.00     0.00    0.00      0.00     0.00   0.00    0.00     0.00    0.00    0.00    0.00   0.00
dm-1             0.00      0.00     0.00   0.00    0.00     0.00    0.00      0.00     0.00   0.00    0.00     0.00    0.00      0.00     0.00   0.00    0.00     0.00    0.00    0.00    0.00   0.00
dm-2             0.00      0.00     0.00   0.00    0.00     0.00   24.00    112.00     0.00   0.00    0.00     4.67    0.00      0.00     0.00   0.00    0.00     0.00    0.00    0.00    0.00   1.20
loop0            0.00      0.00     0.00   0.00    0.00     0.00    0.00      0.00     0.00   0.00    0.00     0.00    0.00      0.00     0.00   0.00    0.00     0.00    0.00    0.00    0.00   0.00
loop1            0.00      0.00     0.00   0.00    0.00     0.00    0.00      0.00     0.00   0.00    0.00     0.00    0.00      0.00     0.00   0.00    0.00     0.00    0.00    0.00    0.00   0.00
loop2            0.00      0.00     0.00   0.00    0.00     0.00    0.00      0.00     0.00   0.00    0.00     0.00    0.00      0.00     0.00   0.00    0.00     0.00    0.00    0.00    0.00   0.00
loop3            0.00      0.00     0.00   0.00    0.00     0.00    0.00      0.00     0.00   0.00    0.00     0.00    0.00      0.00     0.00   0.00    0.00     0.00    0.00    0.00    0.00   0.00
loop4            0.00      0.00     0.00   0.00    0.00     0.00    0.00      0.00     0.00   0.00    0.00     0.00    0.00      0.00     0.00   0.00    0.00     0.00    0.00    0.00    0.00   0.00
loop5            0.00      0.00     0.00   0.00    0.00     0.00    0.00      0.00     0.00   0.00    0.00     0.00    0.00      0.00     0.00   0.00    0.00     0.00    0.00    0.00    0.00   0.00
loop6            0.00      0.00     0.00   0.00    0.00     0.00    0.00      0.00     0.00   0.00    0.00     0.00    0.00      0.00     0.00   0.00    0.00     0.00    0.00    0.00    0.00   0.00
sda              0.00      0.00     0.00   0.00    0.00     0.00   23.00    172.00    15.00  39.47    0.91     7.48    0.00      0.00     0.00   0.00    0.00     0.00    0.00    0.00    0.02   1.20
sdb              0.00      0.00     0.00   0.00    0.00     0.00    0.00      0.00     0.00   0.00    0.00     0.00    0.00      0.00     0.00   0.00    0.00     0.00    0.00    0.00    0.00   0.00


avg-cpu:  %user   %nice %system %iowait  %steal   %idle
           0.02    0.00    0.02    0.00    0.00   99.97

Device            r/s     rkB/s   rrqm/s  %rrqm r_await rareq-sz     w/s     wkB/s   wrqm/s  %wrqm w_await wareq-sz     d/s     dkB/s   drqm/s  %drqm d_await dareq-sz     f/s f_await  aqu-sz  %util
dm-0             0.00      0.00     0.00   0.00    0.00     0.00    0.00      0.00     0.00   0.00    0.00     0.00    0.00      0.00     0.00   0.00    0.00     0.00    0.00    0.00    0.00   0.00
dm-1             0.00      0.00     0.00   0.00    0.00     0.00    0.00      0.00     0.00   0.00    0.00     0.00    0.00      0.00     0.00   0.00    0.00     0.00    0.00    0.00    0.00   0.00
dm-2             0.00      0.00     0.00   0.00    0.00     0.00   34.00    136.00     0.00   0.00    0.00     4.00    0.00      0.00     0.00   0.00    0.00     0.00    0.00    0.00    0.00   0.80
loop0            0.00      0.00     0.00   0.00    0.00     0.00    0.00      0.00     0.00   0.00    0.00     0.00    0.00      0.00     0.00   0.00    0.00     0.00    0.00    0.00    0.00   0.00
loop1            0.00      0.00     0.00   0.00    0.00     0.00    0.00      0.00     0.00   0.00    0.00     0.00    0.00      0.00     0.00   0.00    0.00     0.00    0.00    0.00    0.00   0.00
loop2            0.00      0.00     0.00   0.00    0.00     0.00    0.00      0.00     0.00   0.00    0.00     0.00    0.00      0.00     0.00   0.00    0.00     0.00    0.00    0.00    0.00   0.00
loop3            0.00      0.00     0.00   0.00    0.00     0.00    0.00      0.00     0.00   0.00    0.00     0.00    0.00      0.00     0.00   0.00    0.00     0.00    0.00    0.00    0.00   0.00
loop4            0.00      0.00     0.00   0.00    0.00     0.00    0.00      0.00     0.00   0.00    0.00     0.00    0.00      0.00     0.00   0.00    0.00     0.00    0.00    0.00    0.00   0.00
loop5            0.00      0.00     0.00   0.00    0.00     0.00    0.00      0.00     0.00   0.00    0.00     0.00    0.00      0.00     0.00   0.00    0.00     0.00    0.00    0.00    0.00   0.00
loop6            0.00      0.00     0.00   0.00    0.00     0.00    0.00      0.00     0.00   0.00    0.00     0.00    0.00      0.00     0.00   0.00    0.00     0.00    0.00    0.00    0.00   0.00
sda              0.00      0.00     0.00   0.00    0.00     0.00   11.00    136.00    23.00  67.65    0.09    12.36    0.00      0.00     0.00   0.00    0.00     0.00    0.00    0.00    0.00   0.80
sdb              0.00      0.00     0.00   0.00    0.00     0.00    0.00      0.00     0.00   0.00    0.00     0.00    0.00      0.00     0.00   0.00    0.00     0.00    0.00    0.00    0.00   0.00

