path	type	mode	uid	gid	size	mtime_ns	link_target
/home/lilingfeng/project/juicefs	dir	755	lilingfeng	lilingfeng	4096	1786088626.3391472710	
/home/lilingfeng/project/juicefs/go.sum	dir	644	lilingfeng	lilingfeng	107114	1782895654.7485094530	
/home/lilingfeng/project/juicefs/README.md	dir	644	lilingfeng	lilingfeng	14549	1782895654.7245091050	
/home/lilingfeng/project/juicefs/LICENSE	dir	644	lilingfeng	lilingfeng	11358	1781576081.7347259150	
/home/lilingfeng/project/juicefs/ADOPTERS_CN.md	dir	644	lilingfeng	lilingfeng	117	1781576081.7347259150	
/home/lilingfeng/project/juicefs/.markdownlint-cli2.jsonc	dir	644	lilingfeng	lilingfeng	3547	1782895654.7245091050	
/home/lilingfeng/project/juicefs/package.json	dir	644	lilingfeng	lilingfeng	988	1781576081.9227262310	
/home/lilingfeng/project/juicefs/Makefile	dir	644	lilingfeng	lilingfeng	4500	1782895654.7245091050	
/home/lilingfeng/project/juicefs/check-changed.sh	dir	644	lilingfeng	lilingfeng	420	1781576081.7347259150	
/home/lilingfeng/project/juicefs/rfcs	dir	755	lilingfeng	lilingfeng	4096	1781576081.9427262650	
/home/lilingfeng/project/juicefs/rfcs/1-dir-used-statistics.md	dir	644	lilingfeng	lilingfeng	3891	1781576081.9427262650	
/home/lilingfeng/project/juicefs/main.go	dir	644	lilingfeng	lilingfeng	843	1781576081.9187262260	
/home/lilingfeng/project/juicefs/.pre-commit-config.yaml	dir	644	lilingfeng	lilingfeng	325	1781576081.7347259150	
/home/lilingfeng/project/juicefs/docs	dir	755	lilingfeng	lilingfeng	4096	1781576081.8347260830	
/home/lilingfeng/project/juicefs/docs/README.md	dir	644	lilingfeng	lilingfeng	236	1781576081.7427259270	
/home/lilingfeng/project/juicefs/docs/en	dir	755	lilingfeng	lilingfeng	4096	1782895654.7325092210	
/home/lilingfeng/project/juicefs/docs/en/images	dir	755	lilingfeng	lilingfeng	4096	1782895654.7365092790	
/home/lilingfeng/project/juicefs/docs/en/tutorials	dir	755	lilingfeng	lilingfeng	4096	1782895654.7405093370	
/home/lilingfeng/project/juicefs/docs/en/grafana_template_k8s.json	dir	644	lilingfeng	lilingfeng	66111	1782895654.7325092210	
/home/lilingfeng/project/juicefs/docs/en/faq.md	dir	644	lilingfeng	lilingfeng	14077	1782895654.7325092210	
/home/lilingfeng/project/juicefs/docs/en/introduction	dir	755	lilingfeng	lilingfeng	4096	1782895654.7365092790	
/home/lilingfeng/project/juicefs/docs/en/guide	dir	755	lilingfeng	lilingfeng	4096	1782895654.7325092210	
/home/lilingfeng/project/juicefs/docs/en/grafana_template.json	dir	644	lilingfeng	lilingfeng	66331	1782895654.7325092210	
/home/lilingfeng/project/juicefs/docs/en/getting-started	dir	755	lilingfeng	lilingfeng	4096	1782895654.7325092210	
/home/lilingfeng/project/juicefs/docs/en/benchmark	dir	755	lilingfeng	lilingfeng	4096	1781576081.7427259270	
/home/lilingfeng/project/juicefs/docs/en/security	dir	755	lilingfeng	lilingfeng	4096	1782895654.7405093370	
/home/lilingfeng/project/juicefs/docs/en/release_notes.md	dir	644	lilingfeng	lilingfeng	4830	1781576081.8347260830	
/home/lilingfeng/project/juicefs/docs/en/community	dir	755	lilingfeng	lilingfeng	4096	1782895654.7285091630	
/home/lilingfeng/project/juicefs/docs/en/reference	dir	755	lilingfeng	lilingfeng	4096	1782895654.7365092790	
/home/lilingfeng/project/juicefs/docs/en/deployment	dir	755	lilingfeng	lilingfeng	4096	1782895654.7325092210	
/home/lilingfeng/project/juicefs/docs/en/administration	dir	755	lilingfeng	lilingfeng	4096	1782895654.7285091630	
/home/lilingfeng/project/juicefs/docs/en/development	dir	755	lilingfeng	lilingfeng	4096	1782895654.7325092210	
/home/lilingfeng/project/juicefs/docs/zh_cn	dir	755	lilingfeng	lilingfeng	4096	1782895654.7405093370	
/home/lilingfeng/project/juicefs/docs/zh_cn/images	dir	755	lilingfeng	lilingfeng	4096	1782895654.7445093950	
/home/lilingfeng/project/juicefs/docs/zh_cn/tutorials	dir	755	lilingfeng	lilingfeng	4096	1782895654.7485094530	
/home/lilingfeng/project/juicefs/docs/zh_cn/faq.md	dir	644	lilingfeng	lilingfeng	12171	1782895654.7405093370	
/home/lilingfeng/project/juicefs/docs/zh_cn/introduction	dir	755	lilingfeng	lilingfeng	4096	1782895654.7445093950	
/home/lilingfeng/project/juicefs/docs/zh_cn/guide	dir	755	lilingfeng	lilingfeng	4096	1782895654.7405093370	
/home/lilingfeng/project/juicefs/docs/zh_cn/getting-started	dir	755	lilingfeng	lilingfeng	4096	1782895654.7405093370	
/home/lilingfeng/project/juicefs/docs/zh_cn/benchmark	dir	755	lilingfeng	lilingfeng	4096	1781576081.8387260900	
/home/lilingfeng/project/juicefs/docs/zh_cn/security	dir	755	lilingfeng	lilingfeng	4096	1782895654.7485094530	
/home/lilingfeng/project/juicefs/docs/zh_cn/release_notes.md	dir	644	lilingfeng	lilingfeng	4242	1781576081.9147262180	
/home/lilingfeng/project/juicefs/docs/zh_cn/community	dir	755	lilingfeng	lilingfeng	4096	1782895654.7405093370	
/home/lilingfeng/project/juicefs/docs/zh_cn/reference	dir	755	lilingfeng	lilingfeng	4096	1782895654.7485094530	
/home/lilingfeng/project/juicefs/docs/zh_cn/deployment	dir	755	lilingfeng	lilingfeng	4096	1782895654.7405093370	
/home/lilingfeng/project/juicefs/docs/zh_cn/administration	dir	755	lilingfeng	lilingfeng	4096	1782895654.7405093370	
/home/lilingfeng/project/juicefs/docs/zh_cn/development	dir	755	lilingfeng	lilingfeng	4096	1782895654.7405093370	
/home/lilingfeng/project/juicefs/juicefs.ceph	dir	755	lilingfeng	lilingfeng	113809104	1786088626.7271514200	
/home/lilingfeng/project/juicefs/hack	dir	755	lilingfeng	lilingfeng	4096	1781576081.9187262260	
/home/lilingfeng/project/juicefs/hack/builder	dir	755	lilingfeng	lilingfeng	4096	1782895654.7485094530	
/home/lilingfeng/project/juicefs/hack/builder/Dockerfile	dir	644	lilingfeng	lilingfeng	510	1782895654.7485094530	
/home/lilingfeng/project/juicefs/hack/builder/sdk.Dockerfile	dir	644	lilingfeng	lilingfeng	143	1781576081.9187262260	
/home/lilingfeng/project/juicefs/hack/autocomplete	dir	755	lilingfeng	lilingfeng	4096	1781576081.9187262260	
/home/lilingfeng/project/juicefs/hack/autocomplete/bash_autocomplete	dir	644	lilingfeng	lilingfeng	524	1781576081.9187262260	
/home/lilingfeng/project/juicefs/hack/autocomplete/zsh_autocomplete	dir	644	lilingfeng	lilingfeng	491	1781576081.9187262260	
/home/lilingfeng/project/juicefs/hack/winfsp_headers	dir	755	lilingfeng	lilingfeng	4096	1781576081.9187262260	
/home/lilingfeng/project/juicefs/hack/winfsp_headers/fuse_opt.h	dir	644	lilingfeng	lilingfeng	3848	1781576081.9187262260	
/home/lilingfeng/project/juicefs/hack/winfsp_headers/fuse.h	dir	644	lilingfeng	lilingfeng	9448	1781576081.9187262260	
/home/lilingfeng/project/juicefs/hack/winfsp_headers/fuse_common.h	dir	644	lilingfeng	lilingfeng	5581	1781576081.9187262260	
/home/lilingfeng/project/juicefs/hack/winfsp_headers/winfsp_fuse.h	dir	644	lilingfeng	lilingfeng	10942	1781576081.9187262260	
/home/lilingfeng/project/juicefs/codecov.yml	dir	644	lilingfeng	lilingfeng	77	1781576081.7427259270	
/home/lilingfeng/project/juicefs/package-lock.json	dir	644	lilingfeng	lilingfeng	579700	1782895654.7525095090	
/home/lilingfeng/project/juicefs/juicefs	dir	755	lilingfeng	lilingfeng	112306928	1786084486.6868990370	
/home/lilingfeng/project/juicefs/cmd	dir	755	lilingfeng	lilingfeng	4096	1782895654.7285091630	
/home/lilingfeng/project/juicefs/cmd/sync_test.go	dir	644	lilingfeng	lilingfeng	3931	1782895654.7285091630	
/home/lilingfeng/project/juicefs/cmd/debug.go	dir	644	lilingfeng	lilingfeng	17031	1782895654.7245091050	
/home/lilingfeng/project/juicefs/cmd/info_test.go	dir	644	lilingfeng	lilingfeng	1971	1782895654.7245091050	
/home/lilingfeng/project/juicefs/cmd/bench_test.go	dir	644	lilingfeng	lilingfeng	1125	1781576081.7387259230	
/home/lilingfeng/project/juicefs/cmd/gc.go	dir	644	lilingfeng	lilingfeng	11119	1782895654.7245091050	
/home/lilingfeng/project/juicefs/cmd/load.go	dir	644	lilingfeng	lilingfeng	8829	1782895654.7285091630	
/home/lilingfeng/project/juicefs/cmd/fsck_test.go	dir	644	lilingfeng	lilingfeng	1168	1782895654.7245091050	
/home/lilingfeng/project/juicefs/cmd/sync.go	dir	644	lilingfeng	lilingfeng	15290	1782895654.7285091630	
/home/lilingfeng/project/juicefs/cmd/stats.go	dir	644	lilingfeng	lilingfeng	12339	1782895654.7285091630	
/home/lilingfeng/project/juicefs/cmd/format_test.go	dir	644	lilingfeng	lilingfeng	2447	1781576081.7387259230	
/home/lilingfeng/project/juicefs/cmd/rmr_test.go	dir	644	lilingfeng	lilingfeng	1546	1781576081.7387259230	
/home/lilingfeng/project/juicefs/cmd/compact.go	dir	644	lilingfeng	lilingfeng	3060	1782895654.7245091050	
/home/lilingfeng/project/juicefs/cmd/clone.go	dir	644	lilingfeng	lilingfeng	4483	1782895654.7245091050	
/home/lilingfeng/project/juicefs/cmd/compact_test.go	dir	644	lilingfeng	lilingfeng	2619	1781576081.7387259230	
/home/lilingfeng/project/juicefs/cmd/webdav.go	dir	644	lilingfeng	lilingfeng	2891	1782895654.7285091630	
/home/lilingfeng/project/juicefs/cmd/warmup.go	dir	644	lilingfeng	lilingfeng	8547	1782895654.7285091630	
/home/lilingfeng/project/juicefs/cmd/config.go	dir	644	lilingfeng	lilingfeng	11280	1782895654.7245091050	
/home/lilingfeng/project/juicefs/cmd/main.go	dir	644	lilingfeng	lilingfeng	10170	1782895654.7285091630	
/home/lilingfeng/project/juicefs/cmd/flags_test.go	dir	644	lilingfeng	lilingfeng	951	1781576081.7387259230	
/home/lilingfeng/project/juicefs/cmd/rmr.go	dir	644	lilingfeng	lilingfeng	3222	1782895654.7285091630	
/home/lilingfeng/project/juicefs/cmd/main_test.go	dir	644	lilingfeng	lilingfeng	3129	1781576081.7387259230	
/home/lilingfeng/project/juicefs/cmd/format.go	dir	644	lilingfeng	lilingfeng	16934	1782895654.7245091050	
/home/lilingfeng/project/juicefs/cmd/flags.go	dir	644	lilingfeng	lilingfeng	9956	1782895654.7245091050	
/home/lilingfeng/project/juicefs/cmd/info.go	dir	644	lilingfeng	lilingfeng	8431	1782895654.7245091050	
/home/lilingfeng/project/juicefs/cmd/object_test.go	dir	644	lilingfeng	lilingfeng	5939	1782895654.7285091630	
/home/lilingfeng/project/juicefs/cmd/mount_unix.go	dir	644	lilingfeng	lilingfeng	29115	1782895654.7285091630	
/home/lilingfeng/project/juicefs/cmd/passfd.go	dir	644	lilingfeng	lilingfeng	5030	1782895654.7285091630	
/home/lilingfeng/project/juicefs/cmd/gateway_noop.go	dir	644	lilingfeng	lilingfeng	1077	1781576081.7387259230	
/home/lilingfeng/project/juicefs/cmd/config_test.go	dir	644	lilingfeng	lilingfeng	3120	1782895654.7245091050	
/home/lilingfeng/project/juicefs/cmd/restore.go	dir	644	lilingfeng	lilingfeng	3501	1782895654.7285091630	
/home/lilingfeng/project/juicefs/cmd/status_test.go	dir	644	lilingfeng	lilingfeng	1554	1782895654.7285091630	
/home/lilingfeng/project/juicefs/cmd/quota.go	dir	644	lilingfeng	lilingfeng	5186	1782895654.7285091630	
/home/lilingfeng/project/juicefs/cmd/mdtest.go	dir	644	lilingfeng	lilingfeng	6875	1782895654.7285091630	
/home/lilingfeng/project/juicefs/cmd/fsck.go	dir	644	lilingfeng	lilingfeng	6192	1782895654.7245091050	
/home/lilingfeng/project/juicefs/cmd/debug_unix.go	dir	644	lilingfeng	lilingfeng	2812	1782895654.7245091050	
/home/lilingfeng/project/juicefs/cmd/mount.go	dir	644	lilingfeng	lilingfeng	20271	1782895654.7285091630	
/home/lilingfeng/project/juicefs/cmd/destroy.go	dir	644	lilingfeng	lilingfeng	5633	1782895654.7245091050	
/home/lilingfeng/project/juicefs/cmd/integration_test.go	dir	644	lilingfeng	lilingfeng	2596	1782895654.7245091050	
/home/lilingfeng/project/juicefs/cmd/debug_windows.go	dir	644	lilingfeng	lilingfeng	4733	1782895654.7245091050	
/home/lilingfeng/project/juicefs/cmd/bench.go	dir	644	lilingfeng	lilingfeng	13772	1782895654.7245091050	
/home/lilingfeng/project/juicefs/cmd/gateway.go	dir	644	lilingfeng	lilingfeng	8077	1782895654.7245091050	
/home/lilingfeng/project/juicefs/cmd/restore_test.go	dir	644	lilingfeng	lilingfeng	2499	1781576081.7387259230	
/home/lilingfeng/project/juicefs/cmd/profile.go	dir	644	lilingfeng	lilingfeng	10186	1782895654.7285091630	
/home/lilingfeng/project/juicefs/cmd/mount_windows.go	dir	644	lilingfeng	lilingfeng	3918	1782895654.7285091630	
/home/lilingfeng/project/juicefs/cmd/debug_test.go	dir	644	lilingfeng	lilingfeng	1587	1781576081.7387259230	
/home/lilingfeng/project/juicefs/cmd/gc_test.go	dir	644	lilingfeng	lilingfeng	2900	1781576081.7387259230	
/home/lilingfeng/project/juicefs/cmd/webdav_noop.go	dir	644	lilingfeng	lilingfeng	1064	1781576081.7427259270	
/home/lilingfeng/project/juicefs/cmd/status.go	dir	644	lilingfeng	lilingfeng	2262	1781576081.7387259230	
/home/lilingfeng/project/juicefs/cmd/objbench.go	dir	644	lilingfeng	lilingfeng	33491	1782895654.7285091630	
/home/lilingfeng/project/juicefs/cmd/warmup_test.go	dir	644	lilingfeng	lilingfeng	1884	1781576081.7427259270	
/home/lilingfeng/project/juicefs/cmd/umount.go	dir	644	lilingfeng	lilingfeng	4499	1781576081.7427259270	
/home/lilingfeng/project/juicefs/cmd/version.go	dir	644	lilingfeng	lilingfeng	917	1781576081.7427259270	
/home/lilingfeng/project/juicefs/cmd/object.go	dir	644	lilingfeng	lilingfeng	11027	1782895654.7285091630	
/home/lilingfeng/project/juicefs/cmd/summary.go	dir	644	lilingfeng	lilingfeng	4763	1782895654.7285091630	
/home/lilingfeng/project/juicefs/cmd/mount_test.go	dir	644	lilingfeng	lilingfeng	9611	1782895654.7285091630	
/home/lilingfeng/project/juicefs/cmd/dump.go	dir	644	lilingfeng	lilingfeng	4523	1782895654.7245091050	
/home/lilingfeng/project/juicefs/cmd/dump_test.go	dir	644	lilingfeng	lilingfeng	2224	1782895654.7245091050	
/home/lilingfeng/project/juicefs/CODE_OF_CONDUCT.md	dir	644	lilingfeng	lilingfeng	5483	1781576081.7347259150	
/home/lilingfeng/project/juicefs/CODEOWNERS	dir	644	lilingfeng	lilingfeng	19	1781576081.7347259150	
/home/lilingfeng/project/juicefs/integration	dir	755	lilingfeng	lilingfeng	4096	1782895654.7485094530	
/home/lilingfeng/project/juicefs/integration/Makefile	dir	644	lilingfeng	lilingfeng	293	1782895654.7485094530	
/home/lilingfeng/project/juicefs/integration/s3gateway_test.sh	dir	755	lilingfeng	lilingfeng	73320	1781576081.9187262260	
/home/lilingfeng/project/juicefs/integration/ioctl_test.sh	dir	644	lilingfeng	lilingfeng	5329	1781576081.9187262260	
/home/lilingfeng/project/juicefs/go.mod	dir	644	lilingfeng	lilingfeng	17557	1784600772.3221511770	
/home/lilingfeng/project/juicefs/deploy	dir	755	lilingfeng	lilingfeng	4096	1781576081.7427259270	
/home/lilingfeng/project/juicefs/deploy/juicefs-s3-gateway.yaml	dir	644	lilingfeng	lilingfeng	2420	1781576081.7427259270	
/home/lilingfeng/project/juicefs/CONTRIBUTING.md	dir	644	lilingfeng	lilingfeng	2551	1782895654.7245091050	
/home/lilingfeng/project/juicefs/.goreleaser.yml	dir	644	lilingfeng	lilingfeng	2592	1781576081.7347259150	
/home/lilingfeng/project/juicefs/.github	dir	755	lilingfeng	lilingfeng	4096	1781576081.7347259150	
/home/lilingfeng/project/juicefs/.github/actions	dir	755	lilingfeng	lilingfeng	4096	1781576081.7227258960	
/home/lilingfeng/project/juicefs/.github/actions/upload-total-coverage	dir	755	lilingfeng	lilingfeng	4096	1781576081.7227258960	
/home/lilingfeng/project/juicefs/.github/actions/upload-coverage	dir	755	lilingfeng	lilingfeng	4096	1781576081.7227258960	
/home/lilingfeng/project/juicefs/.github/actions/cancel-outdate-runs	dir	755	lilingfeng	lilingfeng	4096	1781576081.7227258960	
/home/lilingfeng/project/juicefs/.github/actions/mount-coverage-dir	dir	755	lilingfeng	lilingfeng	4096	1781576081.7227258960	
/home/lilingfeng/project/juicefs/.github/actions/build	dir	755	lilingfeng	lilingfeng	4096	1781576081.7227258960	
/home/lilingfeng/project/juicefs/.github/ISSUE_TEMPLATE	dir	755	lilingfeng	lilingfeng	4096	1782895654.7165089890	
/home/lilingfeng/project/juicefs/.github/ISSUE_TEMPLATE/bug-report.md	dir	644	lilingfeng	lilingfeng	879	1781576081.7187258880	
/home/lilingfeng/project/juicefs/.github/ISSUE_TEMPLATE/support.md	dir	644	lilingfeng	lilingfeng	410	1782895654.7165089890	
/home/lilingfeng/project/juicefs/.github/ISSUE_TEMPLATE/enhancement.md	dir	644	lilingfeng	lilingfeng	247	1781576081.7187258880	
/home/lilingfeng/project/juicefs/.github/workflows	dir	755	lilingfeng	lilingfeng	4096	1782895654.7245091050	
/home/lilingfeng/project/juicefs/.github/workflows/dependency-review.yml	dir	644	lilingfeng	lilingfeng	933	1781576081.7347259150	
/home/lilingfeng/project/juicefs/.github/workflows/wintest.yml	dir	644	lilingfeng	lilingfeng	5967	1782895654.7245091050	
/home/lilingfeng/project/juicefs/.github/workflows/pjdfstest.yml	dir	644	lilingfeng	lilingfeng	5637	1782895654.7205090470	
/home/lilingfeng/project/juicefs/.github/workflows/cancel_outdate_runs.yml	dir	644	lilingfeng	lilingfeng	2472	1781576081.7347259150	
/home/lilingfeng/project/juicefs/.github/workflows/chaos.yml	dir	644	lilingfeng	lilingfeng	11249	1782895654.7205090470	
/home/lilingfeng/project/juicefs/.github/workflows/codeql-analysis.yml	dir	644	lilingfeng	lilingfeng	3158	1782895654.7205090470	
/home/lilingfeng/project/juicefs/.github/workflows/rmfiles.yml	dir	644	lilingfeng	lilingfeng	5382	1782895654.7205090470	
/home/lilingfeng/project/juicefs/.github/workflows/unittests.yml	dir	644	lilingfeng	lilingfeng	4513	1782895654.7205090470	
/home/lilingfeng/project/juicefs/.github/workflows/vdbench.yml	dir	644	lilingfeng	lilingfeng	4201	1782895654.7205090470	
/home/lilingfeng/project/juicefs/.github/workflows/bash	dir	755	lilingfeng	lilingfeng	4096	1781576081.7347259150	
/home/lilingfeng/project/juicefs/.github/workflows/resources	dir	755	lilingfeng	lilingfeng	4096	1781576081.7347259150	
/home/lilingfeng/project/juicefs/.github/workflows/ltpfs.yml	dir	644	lilingfeng	lilingfeng	2953	1782895654.7205090470	
/home/lilingfeng/project/juicefs/.github/workflows/command2.yml	dir	644	lilingfeng	lilingfeng	5100	1782895654.7205090470	
/home/lilingfeng/project/juicefs/.github/workflows/fsspec.yml	dir	644	lilingfeng	lilingfeng	3441	1782895654.7205090470	
/home/lilingfeng/project/juicefs/.github/workflows/release.yml	dir	644	lilingfeng	lilingfeng	2312	1781576081.7347259150	
/home/lilingfeng/project/juicefs/.github/workflows/integrationtests.yml	dir	644	lilingfeng	lilingfeng	6113	1782895654.7205090470	
/home/lilingfeng/project/juicefs/.github/workflows/version_compatible_hypo.yml	dir	644	lilingfeng	lilingfeng	5556	1782895654.7245091050	
/home/lilingfeng/project/juicefs/.github/workflows/sync.yml	dir	644	lilingfeng	lilingfeng	5568	1782895654.7205090470	
/home/lilingfeng/project/juicefs/.github/workflows/dump_load_bench.yml	dir	644	lilingfeng	lilingfeng	5883	1782895654.7205090470	
/home/lilingfeng/project/juicefs/.github/workflows/permission-check.yaml	dir	644	lilingfeng	lilingfeng	4300	1781576081.7347259150	
/home/lilingfeng/project/juicefs/.github/workflows/xattr.yml	dir	644	lilingfeng	lilingfeng	4981	1782895654.7245091050	
/home/lilingfeng/project/juicefs/.github/workflows/cache.yml	dir	644	lilingfeng	lilingfeng	1995	1782895654.7205090470	
/home/lilingfeng/project/juicefs/.github/workflows/fsrand.yml	dir	644	lilingfeng	lilingfeng	5621	1782895654.7205090470	
/home/lilingfeng/project/juicefs/.github/workflows/check-doc.yaml	dir	644	lilingfeng	lilingfeng	1156	1781576081.7347259150	
/home/lilingfeng/project/juicefs/.github/workflows/unit-random-tests.yml	dir	644	lilingfeng	lilingfeng	3766	1782895654.7205090470	
/home/lilingfeng/project/juicefs/.github/workflows/dump_load.yml	dir	644	lilingfeng	lilingfeng	5339	1782895654.7205090470	
/home/lilingfeng/project/juicefs/.github/workflows/gateway.yml	dir	644	lilingfeng	lilingfeng	7251	1782895654.7205090470	
/home/lilingfeng/project/juicefs/.github/workflows/mutate-test-sdk.yml	dir	644	lilingfeng	lilingfeng	3416	1782895654.7205090470	
/home/lilingfeng/project/juicefs/.github/workflows/gateway-random.yml	dir	644	lilingfeng	lilingfeng	4698	1782895654.7205090470	
/home/lilingfeng/project/juicefs/.github/workflows/verify.yml	dir	644	lilingfeng	lilingfeng	2661	1782895654.7245091050	
/home/lilingfeng/project/juicefs/.github/workflows/sdktest.yml	dir	644	lilingfeng	lilingfeng	3106	1782895654.7205090470	
/home/lilingfeng/project/juicefs/.github/workflows/compile.yml	dir	644	lilingfeng	lilingfeng	5372	1782895654.7205090470	
/home/lilingfeng/project/juicefs/.github/workflows/coverage-report.yml	dir	644	lilingfeng	lilingfeng	4979	1781576081.7347259150	
/home/lilingfeng/project/juicefs/.github/workflows/command-win.yml	dir	644	lilingfeng	lilingfeng	7703	1782895654.7205090470	
/home/lilingfeng/project/juicefs/.github/workflows/mutate-test.yml	dir	644	lilingfeng	lilingfeng	10706	1782895654.7205090470	
/home/lilingfeng/project/juicefs/.github/workflows/pysdk.yml	dir	644	lilingfeng	lilingfeng	8482	1782895654.7205090470	
/home/lilingfeng/project/juicefs/.github/workflows/dockerfile-sftp	dir	644	lilingfeng	lilingfeng	413	1781576081.7347259150	
/home/lilingfeng/project/juicefs/.github/workflows/ltpsyscalls.yml	dir	644	lilingfeng	lilingfeng	4990	1782895654.7205090470	
/home/lilingfeng/project/juicefs/.github/workflows/command.yml	dir	644	lilingfeng	lilingfeng	7694	1782895654.7205090470	
/home/lilingfeng/project/juicefs/.github/scripts	dir	755	lilingfeng	lilingfeng	4096	1782895654.7205090470	
/home/lilingfeng/project/juicefs/.github/scripts/mutate	dir	755	lilingfeng	lilingfeng	4096	1781576081.7307259080	
/home/lilingfeng/project/juicefs/.github/scripts/command	dir	755	lilingfeng	lilingfeng	4096	1782895654.7205090470	
/home/lilingfeng/project/juicefs/.github/scripts/pysdk	dir	755	lilingfeng	lilingfeng	4096	1782895654.7205090470	
/home/lilingfeng/project/juicefs/.github/scripts/copyFile.js	dir	644	lilingfeng	lilingfeng	517	1781576081.7267259010	
/home/lilingfeng/project/juicefs/.github/scripts/test-mac	dir	755	lilingfeng	lilingfeng	4096	1782895654.7205090470	
/home/lilingfeng/project/juicefs/.github/scripts/flush_meta.py	dir	644	lilingfeng	lilingfeng	239	1781576081.7267259010	
/home/lilingfeng/project/juicefs/.github/scripts/check_juicefs_log.sh	dir	755	lilingfeng	lilingfeng	240	1781576081.7227258960	
/home/lilingfeng/project/juicefs/.github/scripts/upload_coverage_report.sh	dir	755	lilingfeng	lilingfeng	800	1781576081.7307259080	
/home/lilingfeng/project/juicefs/.github/scripts/utils.py	dir	644	lilingfeng	lilingfeng	9635	1782895654.7205090470	
/home/lilingfeng/project/juicefs/.github/scripts/cmptree.py	dir	644	lilingfeng	lilingfeng	6421	1781576081.7227258960	
/home/lilingfeng/project/juicefs/.github/scripts/start_meta_engine.sh	dir	755	lilingfeng	lilingfeng	10770	1782895654.7205090470	
/home/lilingfeng/project/juicefs/.github/scripts/sync	dir	755	lilingfeng	lilingfeng	4096	1782895654.7205090470	
/home/lilingfeng/project/juicefs/.github/scripts/apt_install.sh	dir	755	lilingfeng	lilingfeng	1578	1781576081.7227258960	
/home/lilingfeng/project/juicefs/.github/scripts/wins_fs_test.py	dir	644	lilingfeng	lilingfeng	6623	1781576081.7307259080	
/home/lilingfeng/project/juicefs/.github/scripts/save_benchmark.sh	dir	755	lilingfeng	lilingfeng	2445	1781576081.7307259080	
/home/lilingfeng/project/juicefs/.github/scripts/command-win	dir	755	lilingfeng	lilingfeng	4096	1782895654.7165089890	
/home/lilingfeng/project/juicefs/.github/scripts/common	dir	755	lilingfeng	lilingfeng	4096	1782895654.7205090470	
/home/lilingfeng/project/juicefs/.github/scripts/chaos	dir	755	lilingfeng	lilingfeng	4096	1781576081.7227258960	
/home/lilingfeng/project/juicefs/.github/scripts/random_read_write.py	dir	644	lilingfeng	lilingfeng	2081	1781576081.7307259080	
/home/lilingfeng/project/juicefs/.github/scripts/testVersionCompatible.py	dir	644	lilingfeng	lilingfeng	39877	1781576081.7307259080	
/home/lilingfeng/project/juicefs/.github/scripts/fio.sh	dir	755	lilingfeng	lilingfeng	5767	1781576081.7267259010	
/home/lilingfeng/project/juicefs/.github/scripts/prepare_db.sh	dir	755	lilingfeng	lilingfeng	5049	1782895654.7205090470	
/home/lilingfeng/project/juicefs/.github/scripts/cache.sh	dir	755	lilingfeng	lilingfeng	19368	1782895654.7165089890	
/home/lilingfeng/project/juicefs/.github/scripts/ssh	dir	755	lilingfeng	lilingfeng	4096	1782895654.7205090470	
/home/lilingfeng/project/juicefs/.github/scripts/fsrand.py	dir	644	lilingfeng	lilingfeng	11357	1781576081.7267259010	
/home/lilingfeng/project/juicefs/.github/scripts/setup-hdfs.sh	dir	755	lilingfeng	lilingfeng	2729	1781576081.7307259080	
/home/lilingfeng/project/juicefs/.github/scripts/hypo	dir	755	lilingfeng	lilingfeng	4096	1781576081.7267259010	
/home/lilingfeng/project/juicefs/pkg	dir	755	lilingfeng	lilingfeng	4096	1782895654.7165089890	
/home/lilingfeng/project/juicefs/pkg/version	dir	755	lilingfeng	lilingfeng	4096	1782895654.7685097450	
/home/lilingfeng/project/juicefs/pkg/version/.gitattributes	dir	644	lilingfeng	lilingfeng	24	1781576081.9387262600	
/home/lilingfeng/project/juicefs/pkg/version/version_test.go	dir	644	lilingfeng	lilingfeng	1771	1781576081.9387262600	
/home/lilingfeng/project/juicefs/pkg/version/version.go	dir	644	lilingfeng	lilingfeng	2581	1782895654.7685097450	
/home/lilingfeng/project/juicefs/pkg/compress	dir	755	lilingfeng	lilingfeng	4096	1781576081.9227262310	
/home/lilingfeng/project/juicefs/pkg/compress/compress_test.go	dir	644	lilingfeng	lilingfeng	3474	1781576081.9227262310	
/home/lilingfeng/project/juicefs/pkg/compress/compress.go	dir	644	lilingfeng	lilingfeng	3396	1781576081.9227262310	
/home/lilingfeng/project/juicefs/pkg/vfs	dir	755	lilingfeng	lilingfeng	4096	1786672095.4592260570	
/home/lilingfeng/project/juicefs/pkg/vfs/helpers.go	dir	644	lilingfeng	lilingfeng	2450	1781576081.9387262600	
/home/lilingfeng/project/juicefs/pkg/vfs/vfs_unix.go	dir	644	lilingfeng	lilingfeng	9763	1782895654.7725098030	
/home/lilingfeng/project/juicefs/pkg/vfs/helpers_test.go	dir	644	lilingfeng	lilingfeng	1881	1781576081.9387262600	
/home/lilingfeng/project/juicefs/pkg/vfs/writer.go	dir	644	lilingfeng	lilingfeng	12363	1786672095.4592260570	
/home/lilingfeng/project/juicefs/pkg/vfs/accesslog_test.go	dir	644	lilingfeng	lilingfeng	1828	1782895654.7685097450	
/home/lilingfeng/project/juicefs/pkg/vfs/compact.go	dir	644	lilingfeng	lilingfeng	2916	1782895654.7685097450	
/home/lilingfeng/project/juicefs/pkg/vfs/fill.go	dir	644	lilingfeng	lilingfeng	8595	1782895654.7685097450	
/home/lilingfeng/project/juicefs/pkg/vfs/compact_test.go	dir	644	lilingfeng	lilingfeng	2452	1782895654.7685097450	
/home/lilingfeng/project/juicefs/pkg/vfs/fill_test.go	dir	644	lilingfeng	lilingfeng	1625	1781576081.9387262600	
/home/lilingfeng/project/juicefs/pkg/vfs/vfs_windows.go	dir	644	lilingfeng	lilingfeng	1244	1781576081.9387262600	
/home/lilingfeng/project/juicefs/pkg/vfs/handle.go	dir	644	lilingfeng	lilingfeng	8733	1782895654.7685097450	
/home/lilingfeng/project/juicefs/pkg/vfs/internal.go	dir	644	lilingfeng	lilingfeng	14914	1782895654.7685097450	
/home/lilingfeng/project/juicefs/pkg/vfs/backup.go	dir	644	lilingfeng	lilingfeng	6142	1782895654.7685097450	
/home/lilingfeng/project/juicefs/pkg/vfs/vfs.go	dir	644	lilingfeng	lilingfeng	36699	1784600779.9461633680	
/home/lilingfeng/project/juicefs/pkg/vfs/reader.go	dir	644	lilingfeng	lilingfeng	20470	1782895654.7725098030	
/home/lilingfeng/project/juicefs/pkg/vfs/accesslog.go	dir	644	lilingfeng	lilingfeng	3611	1781576081.9387262600	
/home/lilingfeng/project/juicefs/pkg/vfs/backup_test.go	dir	644	lilingfeng	lilingfeng	2324	1782895654.7685097450	
/home/lilingfeng/project/juicefs/pkg/vfs/vfs_test.go	dir	644	lilingfeng	lilingfeng	36087	1782895654.7725098030	
/home/lilingfeng/project/juicefs/pkg/meta	dir	755	lilingfeng	lilingfeng	4096	1782895654.7645096870	
/home/lilingfeng/project/juicefs/pkg/meta/load_dump_test.go	dir	644	lilingfeng	lilingfeng	17148	1782895654.7565095710	
/home/lilingfeng/project/juicefs/pkg/meta/interface.go	dir	644	lilingfeng	lilingfeng	19698	1782895654.7565095710	
/home/lilingfeng/project/juicefs/pkg/meta/info_test.go	dir	644	lilingfeng	lilingfeng	6447	1781576081.9267262380	
/home/lilingfeng/project/juicefs/pkg/meta/benchmarks_test.go	dir	644	lilingfeng	lilingfeng	16781	1782895654.7565095710	
/home/lilingfeng/project/juicefs/pkg/meta/tkv.go	dir	644	lilingfeng	lilingfeng	102139	1782895654.7645096870	
/home/lilingfeng/project/juicefs/pkg/meta/lua_scripts.go	dir	644	lilingfeng	lilingfeng	2851	1781576081.9267262380	
/home/lilingfeng/project/juicefs/pkg/meta/sql_mysql.go	dir	644	lilingfeng	lilingfeng	1311	1782895654.7605096290	
/home/lilingfeng/project/juicefs/pkg/meta/config.go	dir	644	lilingfeng	lilingfeng	7179	1782895654.7565095710	
/home/lilingfeng/project/juicefs/pkg/meta/tkv_test.go	dir	644	lilingfeng	lilingfeng	6863	1782895654.7645096870	
/home/lilingfeng/project/juicefs/pkg/meta/metadata-sub.sample	dir	644	lilingfeng	lilingfeng	1965	1782895654.7565095710	
/home/lilingfeng/project/juicefs/pkg/meta/info.go	dir	644	lilingfeng	lilingfeng	2583	1781576081.9267262380	
/home/lilingfeng/project/juicefs/pkg/meta/utils_windows.go	dir	644	lilingfeng	lilingfeng	812	1781576081.9307262450	
/home/lilingfeng/project/juicefs/pkg/meta/tkv_bak.go	dir	644	lilingfeng	lilingfeng	19275	1782895654.7645096870	
/home/lilingfeng/project/juicefs/pkg/meta/interface_test.go	dir	644	lilingfeng	lilingfeng	2550	1782895654.7565095710	
/home/lilingfeng/project/juicefs/pkg/meta/redis_lock.go	dir	644	lilingfeng	lilingfeng	5988	1782895654.7605096290	
/home/lilingfeng/project/juicefs/pkg/meta/config_test.go	dir	644	lilingfeng	lilingfeng	1777	1782895654.7565095710	
/home/lilingfeng/project/juicefs/pkg/meta/random_test.go	dir	644	lilingfeng	lilingfeng	55779	1782895654.7605096290	
/home/lilingfeng/project/juicefs/pkg/meta/context.go	dir	644	lilingfeng	lilingfeng	2175	1782895654.7565095710	
/home/lilingfeng/project/juicefs/pkg/meta/redis.go	dir	644	lilingfeng	lilingfeng	132083	1782895654.7605096290	
/home/lilingfeng/project/juicefs/pkg/meta/quota.go	dir	644	lilingfeng	lilingfeng	13271	1782895654.7605096290	
/home/lilingfeng/project/juicefs/pkg/meta/utils_linux.go	dir	644	lilingfeng	lilingfeng	310	1781576081.9307262450	
/home/lilingfeng/project/juicefs/pkg/meta/sql_test.go	dir	644	lilingfeng	lilingfeng	4160	1782895654.7605096290	
/home/lilingfeng/project/juicefs/pkg/meta/sql_bak.go	dir	644	lilingfeng	lilingfeng	21653	1782895654.7605096290	
/home/lilingfeng/project/juicefs/pkg/meta/openfile.go	dir	644	lilingfeng	lilingfeng	4462	1781576081.9267262380	
/home/lilingfeng/project/juicefs/pkg/meta/tkv_fdb_test.go	dir	644	lilingfeng	lilingfeng	1070	1781576081.9307262450	
/home/lilingfeng/project/juicefs/pkg/meta/metadata.sample	dir	644	lilingfeng	lilingfeng	6888	1782895654.7565095710	
/home/lilingfeng/project/juicefs/pkg/meta/backup.go	dir	644	lilingfeng	lilingfeng	10612	1782895654.7525095090	
/home/lilingfeng/project/juicefs/pkg/meta/slice.go	dir	644	lilingfeng	lilingfeng	4369	1781576081.9307262450	
/home/lilingfeng/project/juicefs/pkg/meta/tkv_lock.go	dir	644	lilingfeng	lilingfeng	5728	1782895654.7645096870	
/home/lilingfeng/project/juicefs/pkg/meta/sql_pg.go	dir	644	lilingfeng	lilingfeng	990	1781576081.9307262450	
/home/lilingfeng/project/juicefs/pkg/meta/sql_lock.go	dir	644	lilingfeng	lilingfeng	6716	1782895654.7605096290	
/home/lilingfeng/project/juicefs/pkg/meta/tkv_etcd.go	dir	644	lilingfeng	lilingfeng	7997	1782895654.7645096870	
/home/lilingfeng/project/juicefs/pkg/meta/tkv_mem.go	dir	644	lilingfeng	lilingfeng	5816	1782895654.7645096870	
/home/lilingfeng/project/juicefs/pkg/meta/tkv_prefix.go	dir	644	lilingfeng	lilingfeng	2983	1782895654.7645096870	
/home/lilingfeng/project/juicefs/pkg/meta/utils.go	dir	644	lilingfeng	lilingfeng	15560	1782895654.7645096870	
/home/lilingfeng/project/juicefs/pkg/meta/status.go	dir	644	lilingfeng	lilingfeng	3698	1782895654.7605096290	
/home/lilingfeng/project/juicefs/pkg/meta/pb	dir	755	lilingfeng	lilingfeng	4096	1782895654.7605096290	
/home/lilingfeng/project/juicefs/pkg/meta/tkv_fdb.go	dir	644	lilingfeng	lilingfeng	4418	1782895654.7645096870	
/home/lilingfeng/project/juicefs/pkg/meta/base.go	dir	644	lilingfeng	lilingfeng	87180	1782895654.7565095710	
/home/lilingfeng/project/juicefs/pkg/meta/context_test.go	dir	644	lilingfeng	lilingfeng	948	1782895654.7565095710	
/home/lilingfeng/project/juicefs/pkg/meta/utils_darwin.go	dir	644	lilingfeng	lilingfeng	310	1781576081.9307262450	
/home/lilingfeng/project/juicefs/pkg/meta/sql.go	dir	644	lilingfeng	lilingfeng	130842	1782895654.7605096290	
/home/lilingfeng/project/juicefs/pkg/meta/sql_sqlite.go	dir	644	lilingfeng	lilingfeng	1005	1781576081.9307262450	
/home/lilingfeng/project/juicefs/pkg/meta/base_test.go	dir	644	lilingfeng	lilingfeng	112777	1782895654.7565095710	
/home/lilingfeng/project/juicefs/pkg/meta/utils_test.go	dir	644	lilingfeng	lilingfeng	2492	1782895654.7645096870	
/home/lilingfeng/project/juicefs/pkg/meta/tkv_badger.go	dir	644	lilingfeng	lilingfeng	4908	1782895654.7645096870	
/home/lilingfeng/project/juicefs/pkg/meta/tkv_tikv.go	dir	644	lilingfeng	lilingfeng	8164	1786090569.5974122700	
/home/lilingfeng/project/juicefs/pkg/meta/redis_bak.go	dir	644	lilingfeng	lilingfeng	26260	1782895654.7605096290	
/home/lilingfeng/project/juicefs/pkg/meta/dump.go	dir	644	lilingfeng	lilingfeng	16515	1782895654.7565095710	
/home/lilingfeng/project/juicefs/pkg/fuse	dir	755	lilingfeng	lilingfeng	4096	1782895654.7525095090	
/home/lilingfeng/project/juicefs/pkg/fuse/context.go	dir	644	lilingfeng	lilingfeng	3040	1782895654.7525095090	
/home/lilingfeng/project/juicefs/pkg/fuse/fuse_test.go	dir	644	lilingfeng	lilingfeng	7160	1782895654.7525095090	
/home/lilingfeng/project/juicefs/pkg/fuse/gidcache.go	dir	644	lilingfeng	lilingfeng	2302	1781576081.9267262380	
/home/lilingfeng/project/juicefs/pkg/fuse/fuse_linux.go	dir	644	lilingfeng	lilingfeng	999	1781576081.9267262380	
/home/lilingfeng/project/juicefs/pkg/fuse/device_linux.go	dir	644	lilingfeng	lilingfeng	3280	1781576081.9227262310	
/home/lilingfeng/project/juicefs/pkg/fuse/utils.go	dir	644	lilingfeng	lilingfeng	1427	1781576081.9267262380	
/home/lilingfeng/project/juicefs/pkg/fuse/fuse_darwin.go	dir	644	lilingfeng	lilingfeng	994	1781576081.9267262380	
/home/lilingfeng/project/juicefs/pkg/fuse/fuse.go	dir	644	lilingfeng	lilingfeng	18813	1784528292.4551542680	
/home/lilingfeng/project/juicefs/pkg/fuse/device_darwin.go	dir	644	lilingfeng	lilingfeng	601	1781576081.9227262310	
/home/lilingfeng/project/juicefs/pkg/gateway	dir	755	lilingfeng	lilingfeng	4096	1782895654.7525095090	
/home/lilingfeng/project/juicefs/pkg/gateway/gateway.go	dir	644	lilingfeng	lilingfeng	47525	1782895654.7525095090	
/home/lilingfeng/project/juicefs/pkg/gateway/gateway_test.go	dir	644	lilingfeng	lilingfeng	3702	1782895654.7525095090	
/home/lilingfeng/project/juicefs/pkg/winfsp	dir	755	lilingfeng	lilingfeng	4096	1782895654.7725098030	
/home/lilingfeng/project/juicefs/pkg/winfsp/trace.go	dir	644	lilingfeng	lilingfeng	2886	1782895654.7725098030	
/home/lilingfeng/project/juicefs/pkg/winfsp/winfs.go	dir	644	lilingfeng	lilingfeng	23943	1782895654.7725098030	
/home/lilingfeng/project/juicefs/pkg/sync	dir	755	lilingfeng	lilingfeng	4096	1782895654.7685097450	
/home/lilingfeng/project/juicefs/pkg/sync/sync_test.go	dir	644	lilingfeng	lilingfeng	24905	1782895654.7685097450	
/home/lilingfeng/project/juicefs/pkg/sync/cluster.go	dir	644	lilingfeng	lilingfeng	11184	1782895654.7685097450	
/home/lilingfeng/project/juicefs/pkg/sync/sync.go	dir	644	lilingfeng	lilingfeng	50596	1782895654.7685097450	
/home/lilingfeng/project/juicefs/pkg/sync/config.go	dir	644	lilingfeng	lilingfeng	5936	1782895654.7685097450	
/home/lilingfeng/project/juicefs/pkg/sync/download_test.go	dir	644	lilingfeng	lilingfeng	5251	1782895654.7685097450	
/home/lilingfeng/project/juicefs/pkg/sync/cluster_test.go	dir	644	lilingfeng	lilingfeng	3176	1782895654.7685097450	
/home/lilingfeng/project/juicefs/pkg/sync/download.go	dir	644	lilingfeng	lilingfeng	3528	1782895654.7685097450	
/home/lilingfeng/project/juicefs/pkg/metric	dir	755	lilingfeng	lilingfeng	4096	1781576081.9307262450	
/home/lilingfeng/project/juicefs/pkg/metric/metrics.go	dir	644	lilingfeng	lilingfeng	3790	1781576081.9307262450	
/home/lilingfeng/project/juicefs/pkg/fs	dir	755	lilingfeng	lilingfeng	4096	1782895654.7525095090	
/home/lilingfeng/project/juicefs/pkg/fs/fs.go	dir	644	lilingfeng	lilingfeng	40906	1782895654.7525095090	
/home/lilingfeng/project/juicefs/pkg/fs/fs_test.go	dir	644	lilingfeng	lilingfeng	9135	1782895654.7525095090	
/home/lilingfeng/project/juicefs/pkg/fs/http.go	dir	644	lilingfeng	lilingfeng	10231	1782895654.7525095090	
/home/lilingfeng/project/juicefs/pkg/fs/http_test.go	dir	644	lilingfeng	lilingfeng	2973	1781576081.9227262310	
/home/lilingfeng/project/juicefs/pkg/fs/metrics.go	dir	644	lilingfeng	lilingfeng	620	1781576081.9227262310	
/home/lilingfeng/project/juicefs/pkg/chunk	dir	755	lilingfeng	lilingfeng	4096	1786678938.4584709730	
/home/lilingfeng/project/juicefs/pkg/chunk/chunk.go	dir	644	lilingfeng	lilingfeng	1275	1782895654.7525095090	
/home/lilingfeng/project/juicefs/pkg/chunk/utils_unix.go	dir	644	lilingfeng	lilingfeng	1645	1781576081.9227262310	
/home/lilingfeng/project/juicefs/pkg/chunk/disk_cache_test.go	dir	644	lilingfeng	lilingfeng	11776	1782895654.7525095090	
/home/lilingfeng/project/juicefs/pkg/chunk/disk_cache_state_test.go	dir	644	lilingfeng	lilingfeng	3074	1782895654.7525095090	
/home/lilingfeng/project/juicefs/pkg/chunk/mem_cache.go	dir	644	lilingfeng	lilingfeng	4876	1782895654.7525095090	
/home/lilingfeng/project/juicefs/pkg/chunk/page_test.go	dir	644	lilingfeng	lilingfeng	1860	1781576081.9227262310	
/home/lilingfeng/project/juicefs/pkg/chunk/utils_windows.go	dir	644	lilingfeng	lilingfeng	1436	1781576081.9227262310	
/home/lilingfeng/project/juicefs/pkg/chunk/singleflight.go	dir	644	lilingfeng	lilingfeng	1539	1781576081.9227262310	
/home/lilingfeng/project/juicefs/pkg/chunk/cached_store_test.go	dir	644	lilingfeng	lilingfeng	11583	1782895654.7525095090	
/home/lilingfeng/project/juicefs/pkg/chunk/utils_linux.go	dir	644	lilingfeng	lilingfeng	1069	1781576081.9227262310	
/home/lilingfeng/project/juicefs/pkg/chunk/singleflight_test.go	dir	644	lilingfeng	lilingfeng	2090	1782895654.7525095090	
/home/lilingfeng/project/juicefs/pkg/chunk/prefetch.go	dir	644	lilingfeng	lilingfeng	1292	1782895654.7525095090	
/home/lilingfeng/project/juicefs/pkg/chunk/disk_cache_state.go	dir	644	lilingfeng	lilingfeng	7585	1781576081.9227262310	
/home/lilingfeng/project/juicefs/pkg/chunk/disk_cache.go	dir	644	lilingfeng	lilingfeng	36398	1782895654.7525095090	
/home/lilingfeng/project/juicefs/pkg/chunk/cached_store.go	dir	644	lilingfeng	lilingfeng	31975	1786678938.4584709730	
/home/lilingfeng/project/juicefs/pkg/chunk/utils_darwin.go	dir	644	lilingfeng	lilingfeng	864	1781576081.9227262310	
/home/lilingfeng/project/juicefs/pkg/chunk/prefetch_test.go	dir	644	lilingfeng	lilingfeng	1696	1781576081.9227262310	
/home/lilingfeng/project/juicefs/pkg/chunk/utils_unix_test.go	dir	644	lilingfeng	lilingfeng	1341	1782895654.7525095090	
/home/lilingfeng/project/juicefs/pkg/chunk/page.go	dir	644	lilingfeng	lilingfeng	2762	1781576081.9227262310	
/home/lilingfeng/project/juicefs/pkg/chunk/metrics.go	dir	644	lilingfeng	lilingfeng	3062	1781576081.9227262310	
/home/lilingfeng/project/juicefs/pkg/usage	dir	755	lilingfeng	lilingfeng	4096	1781576081.9347262520	
/home/lilingfeng/project/juicefs/pkg/usage/usage.go	dir	644	lilingfeng	lilingfeng	2502	1781576081.9347262520	
/home/lilingfeng/project/juicefs/pkg/usage/usage_test.go	dir	644	lilingfeng	lilingfeng	2044	1781576081.9347262520	
/home/lilingfeng/project/juicefs/pkg/object	dir	755	lilingfeng	lilingfeng	4096	1786672945.1635828610	
/home/lilingfeng/project/juicefs/pkg/object/ceph.go	dir	644	lilingfeng	lilingfeng	7823	1786672945.1635828610	
/home/lilingfeng/project/juicefs/pkg/object/response_attrs_test.go	dir	644	lilingfeng	lilingfeng	1381	1782895654.7685097450	
/home/lilingfeng/project/juicefs/pkg/object/ibmcos.go	dir	644	lilingfeng	lilingfeng	8901	1782895654.7645096870	
/home/lilingfeng/project/juicefs/pkg/object/sftp.go	dir	644	lilingfeng	lilingfeng	14449	1782895654.7685097450	
/home/lilingfeng/project/juicefs/pkg/object/interface.go	dir	644	lilingfeng	lilingfeng	3786	1782895654.7645096870	
/home/lilingfeng/project/juicefs/pkg/object/object_storage.go	dir	644	lilingfeng	lilingfeng	7045	1782895654.7685097450	
/home/lilingfeng/project/juicefs/pkg/object/checksum.go	dir	644	lilingfeng	lilingfeng	2326	1781576081.9307262450	
/home/lilingfeng/project/juicefs/pkg/object/bunny.go	dir	644	lilingfeng	lilingfeng	4205	1782895654.7645096870	
/home/lilingfeng/project/juicefs/pkg/object/tos.go	dir	644	lilingfeng	lilingfeng	8655	1782895654.7685097450	
/home/lilingfeng/project/juicefs/pkg/object/obs.go	dir	644	lilingfeng	lilingfeng	12186	1782895654.7685097450	
/home/lilingfeng/project/juicefs/pkg/object/oss.go	dir	644	lilingfeng	lilingfeng	12277	1782895654.7685097450	
/home/lilingfeng/project/juicefs/pkg/object/swift.go	dir	644	lilingfeng	lilingfeng	4606	1782895654.7685097450	
/home/lilingfeng/project/juicefs/pkg/object/nfs.go	dir	644	lilingfeng	lilingfeng	11276	1782895654.7685097450	
/home/lilingfeng/project/juicefs/pkg/object/s3.go	dir	644	lilingfeng	lilingfeng	16858	1782895654.7685097450	
/home/lilingfeng/project/juicefs/pkg/object/etcd.go	dir	644	lilingfeng	lilingfeng	4779	1782895654.7645096870	
/home/lilingfeng/project/juicefs/pkg/object/s3_test.go	dir	644	lilingfeng	lilingfeng	1438	1781576081.9347262520	
/home/lilingfeng/project/juicefs/pkg/object/qingstor.go	dir	644	lilingfeng	lilingfeng	9245	1782895654.7685097450	
/home/lilingfeng/project/juicefs/pkg/object/azure.go	dir	644	lilingfeng	lilingfeng	7585	1782895654.7645096870	
/home/lilingfeng/project/juicefs/pkg/object/sql_mysql.go	dir	644	lilingfeng	lilingfeng	876	1781576081.9347262520	
/home/lilingfeng/project/juicefs/pkg/object/webdav.go	dir	644	lilingfeng	lilingfeng	5839	1782895654.7685097450	
/home/lilingfeng/project/juicefs/pkg/object/file_unix_test.go	dir	644	lilingfeng	lilingfeng	1605	1782895654.7645096870	
/home/lilingfeng/project/juicefs/pkg/object/b2.go	dir	644	lilingfeng	lilingfeng	4761	1782895654.7645096870	
/home/lilingfeng/project/juicefs/pkg/object/file_windows.go	dir	644	lilingfeng	lilingfeng	949	1781576081.9347262520	
/home/lilingfeng/project/juicefs/pkg/object/checksum_test.go	dir	644	lilingfeng	lilingfeng	2883	1782895654.7645096870	
/home/lilingfeng/project/juicefs/pkg/object/redis.go	dir	644	lilingfeng	lilingfeng	6475	1782895654.7685097450	
/home/lilingfeng/project/juicefs/pkg/object/hdfs.go	dir	644	lilingfeng	lilingfeng	9674	1782895654.7645096870	
/home/lilingfeng/project/juicefs/pkg/object/file_darwin.go	dir	644	lilingfeng	lilingfeng	1394	1781576081.9307262450	
/home/lilingfeng/project/juicefs/pkg/object/hdfs_kerberos.go	dir	644	lilingfeng	lilingfeng	2334	1781576081.9347262520	
/home/lilingfeng/project/juicefs/pkg/object/encrypt.go	dir	644	lilingfeng	lilingfeng	7207	1782895654.7645096870	
/home/lilingfeng/project/juicefs/pkg/object/eos.go	dir	644	lilingfeng	lilingfeng	2821	1781576081.9307262450	
/home/lilingfeng/project/juicefs/pkg/object/minio.go	dir	644	lilingfeng	lilingfeng	3215	1782895654.7685097450	
/home/lilingfeng/project/juicefs/pkg/object/qiniu.go	dir	644	lilingfeng	lilingfeng	7101	1782895654.7685097450	
/home/lilingfeng/project/juicefs/pkg/object/gluster.go	dir	644	lilingfeng	lilingfeng	7664	1782895654.7645096870	
/home/lilingfeng/project/juicefs/pkg/object/oos.go	dir	644	lilingfeng	lilingfeng	3259	1782895654.7685097450	
/home/lilingfeng/project/juicefs/pkg/object/gs.go	dir	644	lilingfeng	lilingfeng	6163	1782895654.7645096870	
/home/lilingfeng/project/juicefs/pkg/object/ufile.go	dir	644	lilingfeng	lilingfeng	9745	1782895654.7685097450	
/home/lilingfeng/project/juicefs/pkg/object/tikv.go	dir	644	lilingfeng	lilingfeng	3842	1782895654.7685097450	
/home/lilingfeng/project/juicefs/pkg/object/prefix.go	dir	644	lilingfeng	lilingfeng	5379	1782895654.7685097450	
/home/lilingfeng/project/juicefs/pkg/object/sql_pg.go	dir	644	lilingfeng	lilingfeng	876	1781576081.9347262520	
/home/lilingfeng/project/juicefs/pkg/object/filesystem_test.go	dir	644	lilingfeng	lilingfeng	7271	1782895654.7645096870	
/home/lilingfeng/project/juicefs/pkg/object/cos.go	dir	644	lilingfeng	lilingfeng	9812	1782895654.7645096870	
/home/lilingfeng/project/juicefs/pkg/object/response_attrs.go	dir	644	lilingfeng	lilingfeng	1729	1782895654.7685097450	
/home/lilingfeng/project/juicefs/pkg/object/file.go	dir	644	lilingfeng	lilingfeng	7768	1782895654.7645096870	
/home/lilingfeng/project/juicefs/pkg/object/dragonfly.go	dir	644	lilingfeng	lilingfeng	14448	1782895654.7645096870	
/home/lilingfeng/project/juicefs/pkg/object/sharding.go	dir	644	lilingfeng	lilingfeng	6157	1782895654.7685097450	
/home/lilingfeng/project/juicefs/pkg/object/file_linux.go	dir	644	lilingfeng	lilingfeng	1266	1781576081.9307262450	
/home/lilingfeng/project/juicefs/pkg/object/file_unix.go	dir	644	lilingfeng	lilingfeng	1234	1781576081.9307262450	
/home/lilingfeng/project/juicefs/pkg/object/mem.go	dir	644	lilingfeng	lilingfeng	4118	1782895654.7685097450	
/home/lilingfeng/project/juicefs/pkg/object/scw.go	dir	644	lilingfeng	lilingfeng	2759	1781576081.9347262520	
/home/lilingfeng/project/juicefs/pkg/object/ks3.go	dir	644	lilingfeng	lilingfeng	10244	1782895654.7645096870	
/home/lilingfeng/project/juicefs/pkg/object/sql.go	dir	644	lilingfeng	lilingfeng	5318	1782895654.7685097450	
/home/lilingfeng/project/juicefs/pkg/object/wasabi.go	dir	644	lilingfeng	lilingfeng	2485	1782895654.7685097450	
/home/lilingfeng/project/juicefs/pkg/object/sql_sqlite.go	dir	644	lilingfeng	lilingfeng	879	1781576081.9347262520	
/home/lilingfeng/project/juicefs/pkg/object/gluster_test.go	dir	644	lilingfeng	lilingfeng	1042	1781576081.9347262520	
/home/lilingfeng/project/juicefs/pkg/object/restful.go	dir	644	lilingfeng	lilingfeng	6032	1782895654.7685097450	
/home/lilingfeng/project/juicefs/pkg/object/bos.go	dir	644	lilingfeng	lilingfeng	8826	1782895654.7645096870	
/home/lilingfeng/project/juicefs/pkg/object/space.go	dir	644	lilingfeng	lilingfeng	2454	1782895654.7685097450	
/home/lilingfeng/project/juicefs/pkg/object/object_storage_test.go	dir	644	lilingfeng	lilingfeng	31621	1782895654.7685097450	
/home/lilingfeng/project/juicefs/pkg/object/encrypt_test.go	dir	644	lilingfeng	lilingfeng	6809	1782895654.7645096870	
/home/lilingfeng/project/juicefs/pkg/acl	dir	755	lilingfeng	lilingfeng	4096	1781576081.9227262310	
/home/lilingfeng/project/juicefs/pkg/acl/cache_test.go	dir	644	lilingfeng	lilingfeng	1401	1781576081.9227262310	
/home/lilingfeng/project/juicefs/pkg/acl/acl.go	dir	644	lilingfeng	lilingfeng	5644	1781576081.9227262310	
/home/lilingfeng/project/juicefs/pkg/acl/cache.go	dir	644	lilingfeng	lilingfeng	2885	1781576081.9227262310	
/home/lilingfeng/project/juicefs/pkg/utils	dir	755	lilingfeng	lilingfeng	4096	1782895654.7685097450	
/home/lilingfeng/project/juicefs/pkg/utils/buffer_test.go	dir	644	lilingfeng	lilingfeng	1972	1781576081.9387262600	
/home/lilingfeng/project/juicefs/pkg/utils/alloc_test.go	dir	644	lilingfeng	lilingfeng	1346	1781576081.9387262600	
/home/lilingfeng/project/juicefs/pkg/utils/utils_unix.go	dir	644	lilingfeng	lilingfeng	1689	1782895654.7685097450	
/home/lilingfeng/project/juicefs/pkg/utils/general.go	dir	644	lilingfeng	lilingfeng	842	1781576081.9387262600	
/home/lilingfeng/project/juicefs/pkg/utils/memusage_test.go	dir	644	lilingfeng	lilingfeng	829	1781576081.9387262600	
/home/lilingfeng/project/juicefs/pkg/utils/alloc.go	dir	644	lilingfeng	lilingfeng	1989	1781576081.9347262520	
/home/lilingfeng/project/juicefs/pkg/utils/utils_windows.go	dir	644	lilingfeng	lilingfeng	1569	1782895654.7685097450	
/home/lilingfeng/project/juicefs/pkg/utils/humanize.go	dir	644	lilingfeng	lilingfeng	2455	1781576081.9387262600	
/home/lilingfeng/project/juicefs/pkg/utils/utils_linux.go	dir	644	lilingfeng	lilingfeng	2635	1781576081.9387262600	
/home/lilingfeng/project/juicefs/pkg/utils/cond_test.go	dir	644	lilingfeng	lilingfeng	2218	1781576081.9387262600	
/home/lilingfeng/project/juicefs/pkg/utils/rusage.go	dir	644	lilingfeng	lilingfeng	1190	1781576081.9387262600	
/home/lilingfeng/project/juicefs/pkg/utils/memusage_windows.go	dir	644	lilingfeng	lilingfeng	2079	1781576081.9387262600	
/home/lilingfeng/project/juicefs/pkg/utils/errors.go	dir	644	lilingfeng	lilingfeng	789	1782895654.7685097450	
/home/lilingfeng/project/juicefs/pkg/utils/cond.go	dir	644	lilingfeng	lilingfeng	1717	1781576081.9387262600	
/home/lilingfeng/project/juicefs/pkg/utils/memusage.go	dir	644	lilingfeng	lilingfeng	1173	1781576081.9387262600	
/home/lilingfeng/project/juicefs/pkg/utils/logger_syslog.go	dir	644	lilingfeng	lilingfeng	2371	1781576081.9387262600	
/home/lilingfeng/project/juicefs/pkg/utils/rusage_windows.go	dir	644	lilingfeng	lilingfeng	1242	1781576081.9387262600	
/home/lilingfeng/project/juicefs/pkg/utils/clock_unix.go	dir	644	lilingfeng	lilingfeng	809	1781576081.9387262600	
/home/lilingfeng/project/juicefs/pkg/utils/logger.go	dir	644	lilingfeng	lilingfeng	4312	1782895654.7685097450	
/home/lilingfeng/project/juicefs/pkg/utils/utils.go	dir	644	lilingfeng	lilingfeng	5640	1782895654.7685097450	
/home/lilingfeng/project/juicefs/pkg/utils/logger_windows.go	dir	644	lilingfeng	lilingfeng	662	1781576081.9387262600	
/home/lilingfeng/project/juicefs/pkg/utils/progress_test.go	dir	644	lilingfeng	lilingfeng	1494	1781576081.9387262600	
/home/lilingfeng/project/juicefs/pkg/utils/rusage_test.go	dir	644	lilingfeng	lilingfeng	1021	1781576081.9387262600	
/home/lilingfeng/project/juicefs/pkg/utils/clock_test.go	dir	644	lilingfeng	lilingfeng	1133	1781576081.9387262600	
/home/lilingfeng/project/juicefs/pkg/utils/utils_darwin.go	dir	644	lilingfeng	lilingfeng	1169	1781576081.9387262600	
/home/lilingfeng/project/juicefs/pkg/utils/logger_test.go	dir	644	lilingfeng	lilingfeng	2415	1781576081.9387262600	
/home/lilingfeng/project/juicefs/pkg/utils/clock_windows.go	dir	644	lilingfeng	lilingfeng	1908	1781576081.9387262600	
/home/lilingfeng/project/juicefs/pkg/utils/buffer.go	dir	644	lilingfeng	lilingfeng	3559	1782895654.7685097450	
/home/lilingfeng/project/juicefs/pkg/utils/utils_test.go	dir	644	lilingfeng	lilingfeng	3004	1782895654.7685097450	
/home/lilingfeng/project/juicefs/pkg/utils/progress.go	dir	644	lilingfeng	lilingfeng	5552	1782895654.7685097450	
/home/lilingfeng/project/juicefs/.gitignore	dir	644	lilingfeng	lilingfeng	359	1782895654.7245091050	
/home/lilingfeng/project/juicefs/ADOPTERS.md	dir	644	lilingfeng	lilingfeng	124	1781576081.7347259150	
/home/lilingfeng/project/juicefs/.golangci.yml	dir	644	lilingfeng	lilingfeng	34	1782895654.7245091050	
/home/lilingfeng/project/juicefs/.autocorrectrc	dir	644	lilingfeng	lilingfeng	826	1781576081.7187258880	
/home/lilingfeng/project/juicefs/sdk	dir	755	lilingfeng	lilingfeng	4096	1781576081.9507262790	
/home/lilingfeng/project/juicefs/sdk/python	dir	755	lilingfeng	lilingfeng	4096	1782895654.7765098610	
/home/lilingfeng/project/juicefs/sdk/python/Dockerfile.builder.arm	dir	644	lilingfeng	lilingfeng	352	1781576081.9507262790	
/home/lilingfeng/project/juicefs/sdk/python/Makefile	dir	644	lilingfeng	lilingfeng	1751	1782895654.7765098610	
/home/lilingfeng/project/juicefs/sdk/python/juicefs	dir	755	lilingfeng	lilingfeng	4096	1782895654.7765098610	
/home/lilingfeng/project/juicefs/sdk/python/Dockerfile.builder	dir	644	lilingfeng	lilingfeng	600	1781576081.9507262790	
/home/lilingfeng/project/juicefs/sdk/python/examples	dir	755	lilingfeng	lilingfeng	4096	1781576081.9507262790	
/home/lilingfeng/project/juicefs/sdk/python/.gitignore	dir	644	lilingfeng	lilingfeng	32	1782895654.7765098610	
/home/lilingfeng/project/juicefs/sdk/java	dir	755	lilingfeng	lilingfeng	4096	1782895654.7725098030	
/home/lilingfeng/project/juicefs/sdk/java/src	dir	755	lilingfeng	lilingfeng	4096	1781576081.9467262720	
/home/lilingfeng/project/juicefs/sdk/java/libjfs	dir	755	lilingfeng	lilingfeng	4096	1782895654.7725098030	
/home/lilingfeng/project/juicefs/sdk/java/Makefile	dir	644	lilingfeng	lilingfeng	1207	1781576081.9427262650	
/home/lilingfeng/project/juicefs/sdk/java/conf	dir	755	lilingfeng	lilingfeng	4096	1781576081.9427262650	
/home/lilingfeng/project/juicefs/sdk/java/pom.xml	dir	644	lilingfeng	lilingfeng	11489	1782895654.7725098030	
/home/lilingfeng/project/juicefs/sdk/java/.gitignore	dir	644	lilingfeng	lilingfeng	85	1781576081.9427262650	
/home/lilingfeng/project/juicefs/README_CN.md	dir	644	lilingfeng	lilingfeng	13214	1782895654.7245091050	
/home/lilingfeng/tmp/juicefs-c03-input-20260817-082552	dir	755	lilingfeng	lilingfeng	4096	1786926545.4757818080	
/home/lilingfeng/tmp/juicefs-c03-input-20260817-082552/runner.pid	dir	644	lilingfeng	lilingfeng	8	1786932369.8971120830	
/home/lilingfeng/tmp/juicefs-c03-input-20260817-082552/run-c03.sh	dir	644	lilingfeng	lilingfeng	34036	1786932358.5007486710	
/home/lilingfeng/tmp/juicefs-c03-input-20260817-082552/async-catchup-main.patch	dir	644	lilingfeng	lilingfeng	545	1786926385.7908653270	
/home/lilingfeng/tmp/juicefs-c03-input-20260817-082552/writer_flush_c02_test.go	dir	644	lilingfeng	lilingfeng	14281	1786926385.7908653270	
/home/lilingfeng/tmp/juicefs-c03-input-20260817-082552/writer_flush_test.go	dir	644	lilingfeng	lilingfeng	5874	1786926373.8428026840	
/home/lilingfeng/tmp/juicefs-c03-input-20260817-082552/runner-stdout.log	dir	644	lilingfeng	lilingfeng	2202	1786934484.7640167890	
/home/lilingfeng/tmp/juicefs-c03-input-20260817-082552/input.sha256	dir	644	lilingfeng	lilingfeng	435	1786932369.8931119560	
/home/lilingfeng/tmp/juicefs-c03-input-20260817-082552/pre-run-adaptations.md	dir	644	lilingfeng	lilingfeng	715	1786926403.9709569830	
/home/lilingfeng/tmp/juicefs-c03-20260817-082905	dir	700	lilingfeng	lilingfeng	4096	1786927500.9501829810	
/home/lilingfeng/tmp/juicefs-c03-20260817-082905/cache	dir	700	lilingfeng	lilingfeng	4096	1786927502.4978085640	
/home/lilingfeng/tmp/juicefs-c03-20260817-082905/cache/go-mod	dir	700	lilingfeng	lilingfeng	4096	1786927502.4338240440	
/home/lilingfeng/tmp/juicefs-c03-20260817-082905/cache/go-mod/sigs.k8s.io	dir	700	lilingfeng	lilingfeng	4096	1786926916.8782061250	
/home/lilingfeng/tmp/juicefs-c03-20260817-082905/cache/go-mod/modernc.org	dir	700	lilingfeng	lilingfeng	4096	1786926916.8782061250	
/home/lilingfeng/tmp/juicefs-c03-20260817-082905/cache/go-mod/go.opencensus.io@v0.24.0	dir	500	lilingfeng	lilingfeng	4096	1786926827.9573205700	
/home/lilingfeng/tmp/juicefs-c03-20260817-082905/cache/go-mod/gitea.com	dir	700	lilingfeng	lilingfeng	4096	1786926713.8686989480	
/home/lilingfeng/tmp/juicefs-c03-20260817-082905/cache/go-mod/go.uber.org	dir	700	lilingfeng	lilingfeng	4096	1786926875.5376474250	
/home/lilingfeng/tmp/juicefs-c03-20260817-082905/cache/go-mod/cloud.google.com	dir	700	lilingfeng	lilingfeng	4096	1786926715.9887095460	
/home/lilingfeng/tmp/juicefs-c03-20260817-082905/cache/go-mod/cel.dev	dir	700	lilingfeng	lilingfeng	4096	1786926713.9846995710	
/home/lilingfeng/tmp/juicefs-c03-20260817-082905/cache/go-mod/storj.io	dir	700	lilingfeng	lilingfeng	4096	1786926917.4100576570	
/home/lilingfeng/tmp/juicefs-c03-20260817-082905/cache/go-mod/google.golang.org	dir	700	lilingfeng	lilingfeng	4096	1786926919.7494046250	
/home/lilingfeng/tmp/juicefs-c03-20260817-082905/cache/go-mod/git.apache.org	dir	700	lilingfeng	lilingfeng	4096	1786926727.1287677950	
/home/lilingfeng/tmp/juicefs-c03-20260817-082905/cache/go-mod/github.com	dir	700	lilingfeng	lilingfeng	4096	1786926875.7615854380	
/home/lilingfeng/tmp/juicefs-c03-20260817-082905/cache/go-mod/go.mongodb.org	dir	700	lilingfeng	lilingfeng	4096	1786926884.5231760910	
/home/lilingfeng/tmp/juicefs-c03-20260817-082905/cache/go-mod/xorm.io	dir	700	lilingfeng	lilingfeng	4096	1786926919.5494604390	
/home/lilingfeng/tmp/juicefs-c03-20260817-082905/cache/go-mod/go.yaml.in	dir	700	lilingfeng	lilingfeng	4096	1786926875.5616407830	
/home/lilingfeng/tmp/juicefs-c03-20260817-082905/cache/go-mod/gopkg.in	dir	700	lilingfeng	lilingfeng	4096	1786926916.8782061250	
/home/lilingfeng/tmp/juicefs-c03-20260817-082905/cache/go-mod/go.etcd.io	dir	700	lilingfeng	lilingfeng	4096	1786926714.5447025770	
/home/lilingfeng/tmp/juicefs-c03-20260817-082905/cache/go-mod/go.opentelemetry.io	dir	700	lilingfeng	lilingfeng	4096	1786926851.2566835770	
/home/lilingfeng/tmp/juicefs-c03-20260817-082905/cache/go-mod/pgregory.net	dir	700	lilingfeng	lilingfeng	4096	1786926714.3887017400	
/home/lilingfeng/tmp/juicefs-c03-20260817-082905/cache/go-mod/golang.org	dir	700	lilingfeng	lilingfeng	4096	1786926702.6326398110	
/home/lilingfeng/tmp/juicefs-c03-20260817-082905/cache/go-mod/filippo.io	dir	700	lilingfeng	lilingfeng	4096	1786926716.4287116500	
/home/lilingfeng/tmp/juicefs-c03-20260817-084643	dir	700	lilingfeng	lilingfeng	4096	1786932324.2036520230	
/home/lilingfeng/tmp/juicefs-c03-20260817-084643/cache	dir	700	lilingfeng	lilingfeng	4096	1786932328.7197954780	
/home/lilingfeng/tmp/juicefs-c03-20260817-084643/cache/go-mod	dir	700	lilingfeng	lilingfeng	4096	1786932328.7197954780	
/home/lilingfeng/tmp/juicefs-c03-20260817-084643/cache/go-mod/sigs.k8s.io	dir	700	lilingfeng	lilingfeng	4096	1786927838.0442225260	
/home/lilingfeng/tmp/juicefs-c03-20260817-084643/cache/go-mod/modernc.org	dir	700	lilingfeng	lilingfeng	4096	1786927837.7602859040	
/home/lilingfeng/tmp/juicefs-c03-20260817-084643/cache/go-mod/go.opencensus.io@v0.24.0	dir	500	lilingfeng	lilingfeng	4096	1786927822.6436570160	
/home/lilingfeng/tmp/juicefs-c03-20260817-084643/cache/go-mod/gonum.org	dir	700	lilingfeng	lilingfeng	4096	1786929432.1003749320	
/home/lilingfeng/tmp/juicefs-c03-20260817-084643/cache/go-mod/gitea.com	dir	700	lilingfeng	lilingfeng	4096	1786929430.3882961580	
/home/lilingfeng/tmp/juicefs-c03-20260817-084643/cache/go-mod/go.uber.org	dir	700	lilingfeng	lilingfeng	4096	1786929429.7082648680	
/home/lilingfeng/tmp/juicefs-c03-20260817-084643/cache/go-mod/cloud.google.com	dir	700	lilingfeng	lilingfeng	4096	1786927764.2246422830	
/home/lilingfeng/tmp/juicefs-c03-20260817-084643/cache/go-mod/cel.dev	dir	700	lilingfeng	lilingfeng	4096	1786927764.2166440720	
/home/lilingfeng/tmp/juicefs-c03-20260817-084643/cache/go-mod/storj.io	dir	700	lilingfeng	lilingfeng	4096	1786927841.3994735980	
/home/lilingfeng/tmp/juicefs-c03-20260817-084643/cache/go-mod/google.golang.org	dir	700	lilingfeng	lilingfeng	4096	1786927841.6434191470	
/home/lilingfeng/tmp/juicefs-c03-20260817-084643/cache/go-mod/git.apache.org	dir	700	lilingfeng	lilingfeng	4096	1786927772.9107250080	
/home/lilingfeng/tmp/juicefs-c03-20260817-084643/cache/go-mod/github.com	dir	700	lilingfeng	lilingfeng	4096	1786929433.5564419270	
/home/lilingfeng/tmp/juicefs-c03-20260817-084643/cache/go-mod/go.mongodb.org	dir	700	lilingfeng	lilingfeng	4096	1786927831.8536020140	
/home/lilingfeng/tmp/juicefs-c03-20260817-084643/cache/go-mod/xorm.io	dir	700	lilingfeng	lilingfeng	4096	1786927841.3954744910	
/home/lilingfeng/tmp/juicefs-c03-20260817-084643/cache/go-mod/go.yaml.in	dir	700	lilingfeng	lilingfeng	4096	1786927828.8102803040	
/home/lilingfeng/tmp/juicefs-c03-20260817-084643/cache/go-mod/gopkg.in	dir	700	lilingfeng	lilingfeng	4096	1786929433.5484415600	
/home/lilingfeng/tmp/juicefs-c03-20260817-084643/cache/go-mod/go.etcd.io	dir	700	lilingfeng	lilingfeng	4096	1786927762.8649465940	
/home/lilingfeng/tmp/juicefs-c03-20260817-084643/cache/go-mod/go.opentelemetry.io	dir	700	lilingfeng	lilingfeng	4096	1786927826.0788900940	
/home/lilingfeng/tmp/juicefs-c03-20260817-084643/cache/go-mod/pgregory.net	dir	700	lilingfeng	lilingfeng	4096	1786927762.7249779200	
/home/lilingfeng/tmp/juicefs-c03-20260817-084643/cache/go-mod/golang.org	dir	700	lilingfeng	lilingfeng	4096	1786927753.9549329540	
/home/lilingfeng/tmp/juicefs-c03-20260817-084643/cache/go-mod/filippo.io	dir	700	lilingfeng	lilingfeng	4096	1786927765.3763849510	
/home/lilingfeng/tmp/juicefs-c03-20260817-100609	dir	700	lilingfeng	lilingfeng	4096	1786934484.6960155450	
/home/lilingfeng/tmp/juicefs-c03-20260817-100609/src	dir	700	lilingfeng	lilingfeng	4096	1786932380.0454361080	
/home/lilingfeng/tmp/juicefs-c03-20260817-100609/src/upstream-fetch	dir	700	lilingfeng	lilingfeng	4096	1786932377.5813570770	
/home/lilingfeng/tmp/juicefs-c03-20260817-100609/src/upstream-fetch/Makefile	dir	600	lilingfeng	lilingfeng	5749	1786932377.5813570770	
/home/lilingfeng/tmp/juicefs-c03-20260817-100609/src/upstream-fetch/go.mod	dir	600	lilingfeng	lilingfeng	19470	1786932377.5813570770	
/home/lilingfeng/tmp/juicefs-c03-20260817-100609/src/upstream-fetch/CONTRIBUTING.md	dir	600	lilingfeng	lilingfeng	2559	1786932377.5813570770	
/home/lilingfeng/tmp/juicefs-c03-20260817-100609/src/upstream-fetch/.github	dir	700	lilingfeng	lilingfeng	4096	1786932377.5813570770	
/home/lilingfeng/tmp/juicefs-c03-20260817-100609/src/upstream-fetch/.golangci.yml	dir	600	lilingfeng	lilingfeng	610	1786932377.5813570770	
/home/lilingfeng/tmp/juicefs-c03-20260817-100609/src/B-candidate	dir	700	lilingfeng	lilingfeng	4096	1786934403.4505195410	
/home/lilingfeng/tmp/juicefs-c03-20260817-100609/src/B-candidate/go.sum	dir	600	lilingfeng	lilingfeng	112362	1786932379.0134030080	
/home/lilingfeng/tmp/juicefs-c03-20260817-100609/src/B-candidate/README.md	dir	600	lilingfeng	lilingfeng	14614	1786932378.6013897950	
/home/lilingfeng/tmp/juicefs-c03-20260817-100609/src/B-candidate/LICENSE	dir	600	lilingfeng	lilingfeng	11358	1786932378.5973896650	
/home/lilingfeng/tmp/juicefs-c03-20260817-100609/src/B-candidate/ADOPTERS_CN.md	dir	600	lilingfeng	lilingfeng	117	1786932378.5973896650	
/home/lilingfeng/tmp/juicefs-c03-20260817-100609/src/B-candidate/.markdownlint-cli2.jsonc	dir	600	lilingfeng	lilingfeng	3561	1786932378.5973896650	
/home/lilingfeng/tmp/juicefs-c03-20260817-100609/src/B-candidate/package.json	dir	600	lilingfeng	lilingfeng	988	1786932379.0174031380	
/home/lilingfeng/tmp/juicefs-c03-20260817-100609/src/B-candidate/AGENTS.md	dir	600	lilingfeng	lilingfeng	5865	1786932378.5973896650	
/home/lilingfeng/tmp/juicefs-c03-20260817-100609/src/B-candidate/test	dir	700	lilingfeng	lilingfeng	4096	1786932379.0734049330	
/home/lilingfeng/tmp/juicefs-c03-20260817-100609/src/B-candidate/Makefile	dir	600	lilingfeng	lilingfeng	5749	1786932378.5973896650	
/home/lilingfeng/tmp/juicefs-c03-20260817-100609/src/B-candidate/check-changed.sh	dir	600	lilingfeng	lilingfeng	420	1786932378.6013897950	
/home/lilingfeng/tmp/juicefs-c03-20260817-100609/src/B-candidate/rfcs	dir	700	lilingfeng	lilingfeng	4096	1786932379.0534042910	
/home/lilingfeng/tmp/juicefs-c03-20260817-100609/src/B-candidate/main.go	dir	600	lilingfeng	lilingfeng	843	1786932379.0134030080	
/home/lilingfeng/tmp/juicefs-c03-20260817-100609/src/B-candidate/juicefs.lite	dir	700	lilingfeng	lilingfeng	39655088	1786934403.4465194660	
/home/lilingfeng/tmp/juicefs-c03-20260817-100609/src/B-candidate/.pre-commit-config.yaml	dir	600	lilingfeng	lilingfeng	325	1786932378.5973896650	
/home/lilingfeng/tmp/juicefs-c03-20260817-100609/src/B-candidate/docs	dir	700	lilingfeng	lilingfeng	4096	1786932378.8333972350	
/home/lilingfeng/tmp/juicefs-c03-20260817-100609/src/B-candidate/hack	dir	700	lilingfeng	lilingfeng	4096	1786932379.0134030080	
/home/lilingfeng/tmp/juicefs-c03-20260817-100609/src/B-candidate/codecov.yml	dir	600	lilingfeng	lilingfeng	77	1786932378.6053899200	
/home/lilingfeng/tmp/juicefs-c03-20260817-100609/src/B-candidate/package-lock.json	dir	600	lilingfeng	lilingfeng	585450	1786932379.0174031380	
/home/lilingfeng/tmp/juicefs-c03-20260817-100609/src/B-candidate/juicefs	dir	700	lilingfeng	lilingfeng	126796784	1786934397.9824296400	
/home/lilingfeng/tmp/juicefs-c03-20260817-100609/src/B-candidate/cmd	dir	700	lilingfeng	lilingfeng	4096	1786932378.6053899200	
/home/lilingfeng/tmp/juicefs-c03-20260817-100609/src/B-candidate/CODE_OF_CONDUCT.md	dir	600	lilingfeng	lilingfeng	5483	1786932378.5973896650	
/home/lilingfeng/tmp/juicefs-c03-20260817-100609/src/B-candidate/CODEOWNERS	dir	600	lilingfeng	lilingfeng	19	1786932378.5973896650	
/home/lilingfeng/tmp/juicefs-c03-20260817-100609/src/B-candidate/integration	dir	700	lilingfeng	lilingfeng	4096	1786932379.0134030080	
/home/lilingfeng/tmp/juicefs-c03-20260817-100609/src/B-candidate/go.mod	dir	600	lilingfeng	lilingfeng	19470	1786932379.0134030080	
/home/lilingfeng/tmp/juicefs-c03-20260817-100609/src/B-candidate/CLAUDE.md	dir	600	lilingfeng	lilingfeng	11	1786932378.5973896650	
/home/lilingfeng/tmp/juicefs-c03-20260817-100609/src/B-candidate/deploy	dir	700	lilingfeng	lilingfeng	4096	1786932378.6053899200	
/home/lilingfeng/tmp/juicefs-c03-20260817-100609/src/B-candidate/CONTRIBUTING.md	dir	600	lilingfeng	lilingfeng	2559	1786932378.5973896650	
/home/lilingfeng/tmp/juicefs-c03-20260817-100609/src/B-candidate/.goreleaser.yml	dir	600	lilingfeng	lilingfeng	2716	1786932378.5973896650	
/home/lilingfeng/tmp/juicefs-c03-20260817-100609/src/B-candidate/.github	dir	700	lilingfeng	lilingfeng	4096	1786932378.5933895370	
/home/lilingfeng/tmp/juicefs-c03-20260817-100609/src/B-candidate/pkg	dir	700	lilingfeng	lilingfeng	4096	1786932379.0534042910	
/home/lilingfeng/tmp/juicefs-c03-20260817-100609/src/B-candidate/.gitignore	dir	600	lilingfeng	lilingfeng	450	1786932378.5973896650	
/home/lilingfeng/tmp/juicefs-c03-20260817-100609/src/B-candidate/ADOPTERS.md	dir	600	lilingfeng	lilingfeng	124	1786932378.5973896650	
/home/lilingfeng/tmp/juicefs-c03-20260817-100609/src/B-candidate/.golangci.yml	dir	600	lilingfeng	lilingfeng	610	1786932378.5973896650	
/home/lilingfeng/tmp/juicefs-c03-20260817-100609/src/B-candidate/.autocorrectrc	dir	600	lilingfeng	lilingfeng	826	1786932378.5733888950	
/home/lilingfeng/tmp/juicefs-c03-20260817-100609/src/B-candidate/.agents	dir	700	lilingfeng	lilingfeng	4096	1786932378.5733888950	
/home/lilingfeng/tmp/juicefs-c03-20260817-100609/src/B-candidate/sdk	dir	700	lilingfeng	lilingfeng	4096	1786932379.0694048040	
/home/lilingfeng/tmp/juicefs-c03-20260817-100609/src/B-candidate/README_CN.md	dir	600	lilingfeng	lilingfeng	13226	1786932378.6013897950	
/home/lilingfeng/tmp/juicefs-c03-20260817-100609/src/R-replay	dir	700	lilingfeng	lilingfeng	4096	1786932380.7854598450	
/home/lilingfeng/tmp/juicefs-c03-20260817-100609/src/R-replay/go.sum	dir	600	lilingfeng	lilingfeng	112362	1786932380.7174576630	
/home/lilingfeng/tmp/juicefs-c03-20260817-100609/src/R-replay/README.md	dir	600	lilingfeng	lilingfeng	14614	1786932380.2694432930	
/home/lilingfeng/tmp/juicefs-c03-20260817-100609/src/R-replay/LICENSE	dir	600	lilingfeng	lilingfeng	11358	1786932380.2694432930	
/home/lilingfeng/tmp/juicefs-c03-20260817-100609/src/R-replay/ADOPTERS_CN.md	dir	600	lilingfeng	lilingfeng	117	1786932380.2694432930	
/home/lilingfeng/tmp/juicefs-c03-20260817-100609/src/R-replay/.markdownlint-cli2.jsonc	dir	600	lilingfeng	lilingfeng	3561	1786932380.2694432930	
/home/lilingfeng/tmp/juicefs-c03-20260817-100609/src/R-replay/package.json	dir	600	lilingfeng	lilingfeng	988	1786932380.7214577920	
/home/lilingfeng/tmp/juicefs-c03-20260817-100609/src/R-replay/AGENTS.md	dir	600	lilingfeng	lilingfeng	5865	1786932380.2694432930	
/home/lilingfeng/tmp/juicefs-c03-20260817-100609/src/R-replay/test	dir	700	lilingfeng	lilingfeng	4096	1786932380.7894599730	
/home/lilingfeng/tmp/juicefs-c03-20260817-100609/src/R-replay/Makefile	dir	600	lilingfeng	lilingfeng	5749	1786932380.2694432930	
/home/lilingfeng/tmp/juicefs-c03-20260817-100609/src/R-replay/check-changed.sh	dir	600	lilingfeng	lilingfeng	420	1786932380.2694432930	
/home/lilingfeng/tmp/juicefs-c03-20260817-100609/src/R-replay/rfcs	dir	700	lilingfeng	lilingfeng	4096	1786932380.7574589460	
/home/lilingfeng/tmp/juicefs-c03-20260817-100609/src/R-replay/main.go	dir	600	lilingfeng	lilingfeng	843	1786932380.7174576630	
/home/lilingfeng/tmp/juicefs-c03-20260817-100609/src/R-replay/.pre-commit-config.yaml	dir	600	lilingfeng	lilingfeng	325	1786932380.2694432930	
/home/lilingfeng/tmp/juicefs-c03-20260817-100609/src/R-replay/docs	dir	700	lilingfeng	lilingfeng	4096	1786932380.5094509910	
/home/lilingfeng/tmp/juicefs-c03-20260817-100609/src/R-replay/hack	dir	700	lilingfeng	lilingfeng	4096	1786932380.7174576630	
/home/lilingfeng/tmp/juicefs-c03-20260817-100609/src/R-replay/codecov.yml	dir	600	lilingfeng	lilingfeng	77	1786932380.2774435500	
/home/lilingfeng/tmp/juicefs-c03-20260817-100609/src/R-replay/package-lock.json	dir	600	lilingfeng	lilingfeng	585450	1786932380.7214577920	
/home/lilingfeng/tmp/juicefs-c03-20260817-100609/src/R-replay/cmd	dir	700	lilingfeng	lilingfeng	4096	1786932380.2774435500	
/home/lilingfeng/tmp/juicefs-c03-20260817-100609/src/R-replay/CODE_OF_CONDUCT.md	dir	600	lilingfeng	lilingfeng	5483	1786932380.2694432930	
/home/lilingfeng/tmp/juicefs-c03-20260817-100609/src/R-replay/CODEOWNERS	dir	600	lilingfeng	lilingfeng	19	1786932380.2694432930	
/home/lilingfeng/tmp/juicefs-c03-20260817-100609/src/R-replay/integration	dir	700	lilingfeng	lilingfeng	4096	1786932380.7174576630	
/home/lilingfeng/tmp/juicefs-c03-20260817-100609/src/R-replay/go.mod	dir	600	lilingfeng	lilingfeng	19470	1786932380.7174576630	
/home/lilingfeng/tmp/juicefs-c03-20260817-100609/src/R-replay/CLAUDE.md	dir	600	lilingfeng	lilingfeng	11	1786932380.2694432930	
/home/lilingfeng/tmp/juicefs-c03-20260817-100609/src/R-replay/deploy	dir	700	lilingfeng	lilingfeng	4096	1786932380.2774435500	
/home/lilingfeng/tmp/juicefs-c03-20260817-100609/src/R-replay/CONTRIBUTING.md	dir	600	lilingfeng	lilingfeng	2559	1786932380.2694432930	
/home/lilingfeng/tmp/juicefs-c03-20260817-100609/src/R-replay/.goreleaser.yml	dir	600	lilingfeng	lilingfeng	2716	1786932380.2694432930	
/home/lilingfeng/tmp/juicefs-c03-20260817-100609/src/R-replay/.github	dir	700	lilingfeng	lilingfeng	4096	1786932380.2614430380	
/home/lilingfeng/tmp/juicefs-c03-20260817-100609/src/R-replay/pkg	dir	700	lilingfeng	lilingfeng	4096	1786932380.7574589460	
/home/lilingfeng/tmp/juicefs-c03-20260817-100609/src/R-replay/.gitignore	dir	600	lilingfeng	lilingfeng	450	1786932380.2694432930	
/home/lilingfeng/tmp/juicefs-c03-20260817-100609/src/R-replay/ADOPTERS.md	dir	600	lilingfeng	lilingfeng	124	1786932380.2694432930	
/home/lilingfeng/tmp/juicefs-c03-20260817-100609/src/R-replay/.golangci.yml	dir	600	lilingfeng	lilingfeng	610	1786932380.2694432930	
/home/lilingfeng/tmp/juicefs-c03-20260817-100609/src/R-replay/.autocorrectrc	dir	600	lilingfeng	lilingfeng	826	1786932380.2414423960	
/home/lilingfeng/tmp/juicefs-c03-20260817-100609/src/R-replay/.agents	dir	700	lilingfeng	lilingfeng	4096	1786932380.2414423960	
/home/lilingfeng/tmp/juicefs-c03-20260817-100609/src/R-replay/sdk	dir	700	lilingfeng	lilingfeng	4096	1786932380.7854598450	
/home/lilingfeng/tmp/juicefs-c03-20260817-100609/src/R-replay/README_CN.md	dir	600	lilingfeng	lilingfeng	13226	1786932380.2694432930	
/home/lilingfeng/tmp/juicefs-c03-20260817-100609/src/Q-semantic	dir	700	lilingfeng	lilingfeng	4096	1786932379.8214289240	
/home/lilingfeng/tmp/juicefs-c03-20260817-100609/src/Q-semantic/go.sum	dir	600	lilingfeng	lilingfeng	112362	1786932379.7534267430	
/home/lilingfeng/tmp/juicefs-c03-20260817-100609/src/Q-semantic/README.md	dir	600	lilingfeng	lilingfeng	14614	1786932379.2934119890	
/home/lilingfeng/tmp/juicefs-c03-20260817-100609/src/Q-semantic/LICENSE	dir	600	lilingfeng	lilingfeng	11358	1786932379.2934119890	
/home/lilingfeng/tmp/juicefs-c03-20260817-100609/src/Q-semantic/ADOPTERS_CN.md	dir	600	lilingfeng	lilingfeng	117	1786932379.2934119890	
/home/lilingfeng/tmp/juicefs-c03-20260817-100609/src/Q-semantic/.markdownlint-cli2.jsonc	dir	600	lilingfeng	lilingfeng	3561	1786932379.2934119890	
/home/lilingfeng/tmp/juicefs-c03-20260817-100609/src/Q-semantic/package.json	dir	600	lilingfeng	lilingfeng	988	1786932379.7574268710	
/home/lilingfeng/tmp/juicefs-c03-20260817-100609/src/Q-semantic/AGENTS.md	dir	600	lilingfeng	lilingfeng	5865	1786932379.2934119890	
/home/lilingfeng/tmp/juicefs-c03-20260817-100609/src/Q-semantic/test	dir	700	lilingfeng	lilingfeng	4096	1786932379.8214289240	
/home/lilingfeng/tmp/juicefs-c03-20260817-100609/src/Q-semantic/Makefile	dir	600	lilingfeng	lilingfeng	5749	1786932379.2934119890	
/home/lilingfeng/tmp/juicefs-c03-20260817-100609/src/Q-semantic/check-changed.sh	dir	600	lilingfeng	lilingfeng	420	1786932379.2934119890	
/home/lilingfeng/tmp/juicefs-c03-20260817-100609/src/Q-semantic/rfcs	dir	700	lilingfeng	lilingfeng	4096	1786932379.8054284100	
/home/lilingfeng/tmp/juicefs-c03-20260817-100609/src/Q-semantic/main.go	dir	600	lilingfeng	lilingfeng	843	1786932379.7534267430	
/home/lilingfeng/tmp/juicefs-c03-20260817-100609/src/Q-semantic/.pre-commit-config.yaml	dir	600	lilingfeng	lilingfeng	325	1786932379.2934119890	
/home/lilingfeng/tmp/juicefs-c03-20260817-100609/src/Q-semantic/docs	dir	700	lilingfeng	lilingfeng	4096	1786932379.5494202000	
/home/lilingfeng/tmp/juicefs-c03-20260817-100609/src/Q-semantic/hack	dir	700	lilingfeng	lilingfeng	4096	1786932379.7534267430	
/home/lilingfeng/tmp/juicefs-c03-20260817-100609/src/Q-semantic/codecov.yml	dir	600	lilingfeng	lilingfeng	77	1786932379.3014122450	
/home/lilingfeng/tmp/juicefs-c03-20260817-100609/src/Q-semantic/package-lock.json	dir	600	lilingfeng	lilingfeng	585450	1786932379.7574268710	
/home/lilingfeng/tmp/juicefs-c03-20260817-100609/src/Q-semantic/cmd	dir	700	lilingfeng	lilingfeng	4096	1786932379.3014122450	
/home/lilingfeng/tmp/juicefs-c03-20260817-100609/src/Q-semantic/CODE_OF_CONDUCT.md	dir	600	lilingfeng	lilingfeng	5483	1786932379.2934119890	
/home/lilingfeng/tmp/juicefs-c03-20260817-100609/src/Q-semantic/CODEOWNERS	dir	600	lilingfeng	lilingfeng	19	1786932379.2934119890	
/home/lilingfeng/tmp/juicefs-c03-20260817-100609/src/Q-semantic/integration	dir	700	lilingfeng	lilingfeng	4096	1786932379.7534267430	
/home/lilingfeng/tmp/juicefs-c03-20260817-100609/src/Q-semantic/go.mod	dir	600	lilingfeng	lilingfeng	19470	1786932379.7494266140	
/home/lilingfeng/tmp/juicefs-c03-20260817-100609/src/Q-semantic/CLAUDE.md	dir	600	lilingfeng	lilingfeng	11	1786932379.2934119890	
/home/lilingfeng/tmp/juicefs-c03-20260817-100609/src/Q-semantic/deploy	dir	700	lilingfeng	lilingfeng	4096	1786932379.3054123740	
/home/lilingfeng/tmp/juicefs-c03-20260817-100609/src/Q-semantic/CONTRIBUTING.md	dir	600	lilingfeng	lilingfeng	2559	1786932379.2934119890	
/home/lilingfeng/tmp/juicefs-c03-20260817-100609/src/Q-semantic/.goreleaser.yml	dir	600	lilingfeng	lilingfeng	2716	1786932379.2934119890	
/home/lilingfeng/tmp/juicefs-c03-20260817-100609/src/Q-semantic/.github	dir	700	lilingfeng	lilingfeng	4096	1786932379.2894118600	
/home/lilingfeng/tmp/juicefs-c03-20260817-100609/src/Q-semantic/pkg	dir	700	lilingfeng	lilingfeng	4096	1786932379.8014282820	
/home/lilingfeng/tmp/juicefs-c03-20260817-100609/src/Q-semantic/.gitignore	dir	600	lilingfeng	lilingfeng	450	1786932379.2934119890	
/home/lilingfeng/tmp/juicefs-c03-20260817-100609/src/Q-semantic/ADOPTERS.md	dir	600	lilingfeng	lilingfeng	124	1786932379.2934119890	
/home/lilingfeng/tmp/juicefs-c03-20260817-100609/src/Q-semantic/.golangci.yml	dir	600	lilingfeng	lilingfeng	610	1786932379.2934119890	
/home/lilingfeng/tmp/juicefs-c03-20260817-100609/src/Q-semantic/.autocorrectrc	dir	600	lilingfeng	lilingfeng	826	1786932379.2734113470	
/home/lilingfeng/tmp/juicefs-c03-20260817-100609/src/Q-semantic/.agents	dir	700	lilingfeng	lilingfeng	4096	1786932379.2734113470	
/home/lilingfeng/tmp/juicefs-c03-20260817-100609/src/Q-semantic/sdk	dir	700	lilingfeng	lilingfeng	4096	1786932379.8174287950	
/home/lilingfeng/tmp/juicefs-c03-20260817-100609/src/Q-semantic/README_CN.md	dir	600	lilingfeng	lilingfeng	13226	1786932379.2934119890	
/home/lilingfeng/tmp/juicefs-c03-20260817-100609/src/S-oracle	dir	700	lilingfeng	lilingfeng	4096	1786932378.2733792720	
/home/lilingfeng/tmp/juicefs-c03-20260817-100609/src/S-oracle/go.sum	dir	600	lilingfeng	lilingfeng	112362	1786932378.2053770910	
/home/lilingfeng/tmp/juicefs-c03-20260817-100609/src/S-oracle/README.md	dir	600	lilingfeng	lilingfeng	14614	1786932377.7773633620	
/home/lilingfeng/tmp/juicefs-c03-20260817-100609/src/S-oracle/LICENSE	dir	600	lilingfeng	lilingfeng	11358	1786932377.7773633620	
/home/lilingfeng/tmp/juicefs-c03-20260817-100609/src/S-oracle/ADOPTERS_CN.md	dir	600	lilingfeng	lilingfeng	117	1786932377.7773633620	
/home/lilingfeng/tmp/juicefs-c03-20260817-100609/src/S-oracle/.markdownlint-cli2.jsonc	dir	600	lilingfeng	lilingfeng	3561	1786932377.7773633620	
/home/lilingfeng/tmp/juicefs-c03-20260817-100609/src/S-oracle/package.json	dir	600	lilingfeng	lilingfeng	988	1786932378.2093772190	
/home/lilingfeng/tmp/juicefs-c03-20260817-100609/src/S-oracle/AGENTS.md	dir	600	lilingfeng	lilingfeng	5865	1786932377.7773633620	
/home/lilingfeng/tmp/juicefs-c03-20260817-100609/src/S-oracle/test	dir	700	lilingfeng	lilingfeng	4096	1786932378.2733792720	
/home/lilingfeng/tmp/juicefs-c03-20260817-100609/src/S-oracle/Makefile	dir	600	lilingfeng	lilingfeng	5749	1786932377.7773633620	
/home/lilingfeng/tmp/juicefs-c03-20260817-100609/src/S-oracle/check-changed.sh	dir	600	lilingfeng	lilingfeng	420	1786932377.7773633620	
/home/lilingfeng/tmp/juicefs-c03-20260817-100609/src/S-oracle/rfcs	dir	700	lilingfeng	lilingfeng	4096	1786932378.2533786300	
/home/lilingfeng/tmp/juicefs-c03-20260817-100609/src/S-oracle/main.go	dir	600	lilingfeng	lilingfeng	843	1786932378.2053770910	
/home/lilingfeng/tmp/juicefs-c03-20260817-100609/src/S-oracle/.pre-commit-config.yaml	dir	600	lilingfeng	lilingfeng	325	1786932377.7773633620	
/home/lilingfeng/tmp/juicefs-c03-20260817-100609/src/S-oracle/docs	dir	700	lilingfeng	lilingfeng	4096	1786932378.0213711890	
/home/lilingfeng/tmp/juicefs-c03-20260817-100609/src/S-oracle/hack	dir	700	lilingfeng	lilingfeng	4096	1786932378.2053770910	
/home/lilingfeng/tmp/juicefs-c03-20260817-100609/src/S-oracle/codecov.yml	dir	600	lilingfeng	lilingfeng	77	1786932377.7853636190	
/home/lilingfeng/tmp/juicefs-c03-20260817-100609/src/S-oracle/package-lock.json	dir	600	lilingfeng	lilingfeng	585450	1786932378.2093772190	
/home/lilingfeng/tmp/juicefs-c03-20260817-100609/src/S-oracle/cmd	dir	700	lilingfeng	lilingfeng	4096	1786932377.7853636190	
/home/lilingfeng/tmp/juicefs-c03-20260817-100609/src/S-oracle/CODE_OF_CONDUCT.md	dir	600	lilingfeng	lilingfeng	5483	1786932377.7773633620	
/home/lilingfeng/tmp/juicefs-c03-20260817-100609/src/S-oracle/CODEOWNERS	dir	600	lilingfeng	lilingfeng	19	1786932377.7773633620	
/home/lilingfeng/tmp/juicefs-c03-20260817-100609/src/S-oracle/integration	dir	700	lilingfeng	lilingfeng	4096	1786932378.2053770910	
/home/lilingfeng/tmp/juicefs-c03-20260817-100609/src/S-oracle/go.mod	dir	600	lilingfeng	lilingfeng	19470	1786932378.2053770910	
/home/lilingfeng/tmp/juicefs-c03-20260817-100609/src/S-oracle/CLAUDE.md	dir	600	lilingfeng	lilingfeng	11	1786932377.7773633620	
/home/lilingfeng/tmp/juicefs-c03-20260817-100609/src/S-oracle/deploy	dir	700	lilingfeng	lilingfeng	4096	1786932377.7853636190	
/home/lilingfeng/tmp/juicefs-c03-20260817-100609/src/S-oracle/CONTRIBUTING.md	dir	600	lilingfeng	lilingfeng	2559	1786932377.7773633620	
/home/lilingfeng/tmp/juicefs-c03-20260817-100609/src/S-oracle/.goreleaser.yml	dir	600	lilingfeng	lilingfeng	2716	1786932377.7773633620	
/home/lilingfeng/tmp/juicefs-c03-20260817-100609/src/S-oracle/.github	dir	700	lilingfeng	lilingfeng	4096	1786932377.7733632340	
/home/lilingfeng/tmp/juicefs-c03-20260817-100609/src/S-oracle/pkg	dir	700	lilingfeng	lilingfeng	4096	1786932378.2533786300	
/home/lilingfeng/tmp/juicefs-c03-20260817-100609/src/S-oracle/.gitignore	dir	600	lilingfeng	lilingfeng	450	1786932377.7773633620	
/home/lilingfeng/tmp/juicefs-c03-20260817-100609/src/S-oracle/ADOPTERS.md	dir	600	lilingfeng	lilingfeng	124	1786932377.7773633620	
/home/lilingfeng/tmp/juicefs-c03-20260817-100609/src/S-oracle/.golangci.yml	dir	600	lilingfeng	lilingfeng	610	1786932377.7773633620	
/home/lilingfeng/tmp/juicefs-c03-20260817-100609/src/S-oracle/.autocorrectrc	dir	600	lilingfeng	lilingfeng	826	1786932377.7533625930	
/home/lilingfeng/tmp/juicefs-c03-20260817-100609/src/S-oracle/.agents	dir	700	lilingfeng	lilingfeng	4096	1786932377.7533625930	
/home/lilingfeng/tmp/juicefs-c03-20260817-100609/src/S-oracle/sdk	dir	700	lilingfeng	lilingfeng	4096	1786932378.2693791440	
/home/lilingfeng/tmp/juicefs-c03-20260817-100609/src/S-oracle/README_CN.md	dir	600	lilingfeng	lilingfeng	13226	1786932377.7773633620	
/home/lilingfeng/tmp/juicefs-c03-20260817-100609/commands.sh	dir	600	lilingfeng	lilingfeng	313	1786932369.9291131010	
/home/lilingfeng/tmp/juicefs-c03-20260817-100609/summary.tsv	dir	600	lilingfeng	lilingfeng	195	1786934484.6920154700	
/home/lilingfeng/tmp/juicefs-c03-20260817-100609/diffs	dir	700	lilingfeng	lilingfeng	4096	1786934484.6000137880	
/home/lilingfeng/tmp/juicefs-c03-20260817-100609/diffs/R-replay-full.diff	dir	600	lilingfeng	lilingfeng	7008	1786934484.5960137140	
/home/lilingfeng/tmp/juicefs-c03-20260817-100609/diffs/S-oracle-full.diff	dir	600	lilingfeng	lilingfeng	6367	1786934484.5240123950	
/home/lilingfeng/tmp/juicefs-c03-20260817-100609/diffs/Q-semantic-full.diff	dir	600	lilingfeng	lilingfeng	15713	1786934484.5720132730	
/home/lilingfeng/tmp/juicefs-c03-20260817-100609/diffs/S-oracle-diffcheck.log	dir	600	lilingfeng	lilingfeng	0	1786934484.5240123950	
/home/lilingfeng/tmp/juicefs-c03-20260817-100609/diffs/Q-semantic-diffcheck.log	dir	600	lilingfeng	lilingfeng	0	1786934484.5720132730	
/home/lilingfeng/tmp/juicefs-c03-20260817-100609/diffs/R-replay-diffcheck.log	dir	600	lilingfeng	lilingfeng	0	1786934484.6000137880	
/home/lilingfeng/tmp/juicefs-c03-20260817-100609/diffs/B-candidate-full.diff	dir	600	lilingfeng	lilingfeng	7008	1786934484.5440127610	
/home/lilingfeng/tmp/juicefs-c03-20260817-100609/diffs/B-candidate-diffcheck.log	dir	600	lilingfeng	lilingfeng	0	1786934484.5480128360	
/home/lilingfeng/tmp/juicefs-c03-20260817-100609/meta	dir	700	lilingfeng	lilingfeng	4096	1786934484.6960155450	
/home/lilingfeng/tmp/juicefs-c03-20260817-100609/meta/upstream-policy-hashes.txt	dir	600	lilingfeng	lilingfeng	405	1786932377.5973575890	
/home/lilingfeng/tmp/juicefs-c03-20260817-100609/meta/S-oracle-expected-paths.txt	dir	600	lilingfeng	lilingfeng	29	1786934484.5280124690	
/home/lilingfeng/tmp/juicefs-c03-20260817-100609/meta/B-candidate-diff-stat.txt	dir	600	lilingfeng	lilingfeng	155	1786934484.5440127610	
/home/lilingfeng/tmp/juicefs-c03-20260817-100609/meta/redis-containers.txt	dir	600	lilingfeng	lilingfeng	130	1786934303.7647177390	
/home/lilingfeng/tmp/juicefs-c03-20260817-100609/meta/R-replay-diff-stat.txt	dir	600	lilingfeng	lilingfeng	155	1786934484.5960137140	
/home/lilingfeng/tmp/juicefs-c03-20260817-100609/meta/R-replay-changed-paths.txt	dir	600	lilingfeng	lilingfeng	47	1786934484.6080139340	
/home/lilingfeng/tmp/juicefs-c03-20260817-100609/meta/S-oracle-diff-stat.txt	dir	600	lilingfeng	lilingfeng	115	1786934484.5200123230	
/home/lilingfeng/tmp/juicefs-c03-20260817-100609/meta/B-candidate-status-after.txt	dir	600	lilingfeng	lilingfeng	105	1786934484.5360126150	
/home/lilingfeng/tmp/juicefs-c03-20260817-100609/meta/upstream-writer-log.txt	dir	600	lilingfeng	lilingfeng	0	1786932381.0254675430	
/home/lilingfeng/tmp/juicefs-c03-20260817-100609/meta/S-oracle-status-before.txt	dir	600	lilingfeng	lilingfeng	0	1786932378.2893797860	
/home/lilingfeng/tmp/juicefs-c03-20260817-100609/meta/docker-version.txt	dir	600	lilingfeng	lilingfeng	7	1786934270.4600620680	
/home/lilingfeng/tmp/juicefs-c03-20260817-100609/meta/go126-version.txt	dir	600	lilingfeng	lilingfeng	32	1786932418.0506496480	
/home/lilingfeng/tmp/juicefs-c03-20260817-100609/meta/upstream-go-directive.txt	dir	600	lilingfeng	lilingfeng	10	1786932377.6013577170	
/home/lilingfeng/tmp/juicefs-c03-20260817-100609/meta/Q-semantic-status-before.txt	dir	600	lilingfeng	lilingfeng	0	1786932379.8374294380	
/home/lilingfeng/tmp/juicefs-c03-20260817-100609/meta/Q-semantic-changed-paths.txt	dir	600	lilingfeng	lilingfeng	51	1786934484.5800134220	
/home/lilingfeng/tmp/juicefs-c03-20260817-100609/meta/upstream-commit.txt	dir	600	lilingfeng	lilingfeng	41	1786932377.5373556640	
/home/lilingfeng/tmp/juicefs-c03-20260817-100609/meta/final-status.txt	dir	600	lilingfeng	lilingfeng	42	1786934484.6880153960	
/home/lilingfeng/tmp/juicefs-c03-20260817-100609/meta/B-candidate-status-before.txt	dir	600	lilingfeng	lilingfeng	0	1786932379.0854053160	
/home/lilingfeng/tmp/juicefs-c03-20260817-100609/meta/ls-remote-before.txt	dir	600	lilingfeng	lilingfeng	57	1786932372.4291927140	
/home/lilingfeng/tmp/juicefs-c03-20260817-100609/meta/upstream-verify.yml	dir	600	lilingfeng	lilingfeng	2781	1786932377.5893573350	
/home/lilingfeng/tmp/juicefs-c03-20260817-100609/meta/gomod-hash-after-go126.txt	dir	600	lilingfeng	lilingfeng	146	1786934332.5812790950	
/home/lilingfeng/tmp/juicefs-c03-20260817-100609/meta/gomod-hash-before-go125.txt	dir	600	lilingfeng	lilingfeng	146	1786934323.6731040420	
/home/lilingfeng/tmp/juicefs-c03-20260817-100609/meta/upstream-state-gate.tsv	dir	600	lilingfeng	lilingfeng	195	1786933587.9736971190	
/home/lilingfeng/tmp/juicefs-c03-20260817-100609/meta/R-replay-status-before.txt	dir	600	lilingfeng	lilingfeng	0	1786932380.8014603600	
/home/lilingfeng/tmp/juicefs-c03-20260817-100609/meta/R-replay-status-after.txt	dir	600	lilingfeng	lilingfeng	53	1786934484.5880135680	
/home/lilingfeng/tmp/juicefs-c03-20260817-100609/meta/B-candidate-expected-paths.txt	dir	600	lilingfeng	lilingfeng	47	1786934484.5520129070	
/home/lilingfeng/tmp/juicefs-c03-20260817-100609/meta/S-oracle-status-after.txt	dir	600	lilingfeng	lilingfeng	32	1786934484.5120121770	
/home/lilingfeng/tmp/juicefs-c03-20260817-100609/meta/taskbook.snapshot.md	dir	600	lilingfeng	lilingfeng	40875	1786932369.9451136080	
/home/lilingfeng/tmp/juicefs-c03-20260817-100609/meta/upstream-commit-show.txt	dir	600	lilingfeng	lilingfeng	172	1786932377.5413557930	
/home/lilingfeng/tmp/juicefs-c03-20260817-100609/meta/archive-path.txt	dir	600	lilingfeng	lilingfeng	66	1786934484.6960155450	
/home/lilingfeng/tmp/juicefs-c03-20260817-100609/meta/Q-semantic-expected-paths.txt	dir	600	lilingfeng	lilingfeng	51	1786934484.5760133470	
/home/lilingfeng/tmp/juicefs-c03-20260817-100609/meta/Q-semantic-diff-stat.txt	dir	600	lilingfeng	lilingfeng	158	1786934484.5680132020	
/home/lilingfeng/tmp/juicefs-c03-20260817-100609/meta/upstream-distance.txt	dir	600	lilingfeng	lilingfeng	2	1786932377.5733568200	
/home/lilingfeng/tmp/juicefs-c03-20260817-100609/meta/arm-heads-before.tsv	dir	600	lilingfeng	lilingfeng	205	1786932380.8014603600	
/home/lilingfeng/tmp/juicefs-c03-20260817-100609/meta/R-replay-expected-paths.txt	dir	600	lilingfeng	lilingfeng	47	1786934484.6040138600	
/home/lilingfeng/tmp/juicefs-c03-20260817-100609/meta/redis-image.txt	dir	600	lilingfeng	lilingfeng	152	1786934302.9527019400	
/home/lilingfeng/tmp/juicefs-c03-20260817-100609/meta/B-candidate-changed-paths.txt	dir	600	lilingfeng	lilingfeng	47	1786934484.5560129810	
/home/lilingfeng/tmp/juicefs-c03-20260817-100609/meta/upstream-go.mod	dir	600	lilingfeng	lilingfeng	19470	1786932377.5933574600	
/home/lilingfeng/tmp/juicefs-c03-20260817-100609/meta/gomod-hash-before-go126.txt	dir	600	lilingfeng	lilingfeng	146	1786934332.3452744530	
/home/lilingfeng/tmp/juicefs-c03-20260817-100609/meta/CONTRIBUTING.md	dir	600	lilingfeng	lilingfeng	2559	1786932377.5853572050	
/home/lilingfeng/tmp/juicefs-c03-20260817-100609/meta/community-patch.sha256	dir	600	lilingfeng	lilingfeng	151	1786934403.4705199060	
/home/lilingfeng/tmp/juicefs-c03-20260817-100609/meta/S-oracle-changed-paths.txt	dir	600	lilingfeng	lilingfeng	29	1786934484.5320125430	
/home/lilingfeng/tmp/juicefs-c03-20260817-100609/meta/gomod-hash-after-go125.txt	dir	600	lilingfeng	lilingfeng	146	1786934332.3412743740	
/home/lilingfeng/tmp/juicefs-c03-20260817-100609/meta/ls-remote-after.txt	dir	600	lilingfeng	lilingfeng	57	1786932377.5333555360	
/home/lilingfeng/tmp/juicefs-c03-20260817-100609/meta/redis-port-status.txt	dir	600	lilingfeng	lilingfeng	10	1786934270.5000628600	
/home/lilingfeng/tmp/juicefs-c03-20260817-100609/meta/go125-version.txt	dir	600	lilingfeng	lilingfeng	71	1786932417.9586467170	
/home/lilingfeng/tmp/juicefs-c03-20260817-100609/meta/runtime-adaptations.md	dir	600	lilingfeng	lilingfeng	87	1786932856.6234368100	
/home/lilingfeng/tmp/juicefs-c03-20260817-100609/meta/Q-semantic-status-after.txt	dir	600	lilingfeng	lilingfeng	57	1786934484.5640131270	
/home/lilingfeng/tmp/juicefs-c03-20260817-100609/meta/arm-heads-after.tsv	dir	600	lilingfeng	lilingfeng	205	1786934484.5920136400	
/home/lilingfeng/tmp/juicefs-c03-20260817-100609/meta/.golangci.yml	dir	600	lilingfeng	lilingfeng	610	1786932377.5893573350	
/home/lilingfeng/tmp/juicefs-c03-20260817-100609/meta/final-compliance-review.md	dir	600	lilingfeng	lilingfeng	253	1786934484.6920154700	
/home/lilingfeng/tmp/juicefs-c03-20260817-100609/meta/preflight.txt	dir	600	lilingfeng	lilingfeng	410	1786932369.9571139910	
/home/lilingfeng/tmp/juicefs-c03-20260817-100609/candidate-gates.tsv	dir	600	lilingfeng	lilingfeng	738	1786934484.6880153960	
/home/lilingfeng/tmp/juicefs-c03-20260817-100609/assets	dir	700	lilingfeng	lilingfeng	4096	1786932369.9451136080	
/home/lilingfeng/tmp/juicefs-c03-20260817-100609/assets/run-c03.sh	dir	600	lilingfeng	lilingfeng	34036	1786932369.9331132280	
/home/lilingfeng/tmp/juicefs-c03-20260817-100609/assets/async-catchup-main.patch	dir	600	lilingfeng	lilingfeng	545	1786932369.9371133550	
/home/lilingfeng/tmp/juicefs-c03-20260817-100609/assets/writer_flush_c02_test.go	dir	600	lilingfeng	lilingfeng	14281	1786932369.9371133550	
/home/lilingfeng/tmp/juicefs-c03-20260817-100609/assets/writer_flush_test.go	dir	600	lilingfeng	lilingfeng	5874	1786932369.9371133550	
/home/lilingfeng/tmp/juicefs-c03-20260817-100609/assets/pre-run-adaptations.md	dir	600	lilingfeng	lilingfeng	715	1786932369.9451136080	
/home/lilingfeng/tmp/juicefs-c03-20260817-100609/rc	dir	700	lilingfeng	lilingfeng	4096	1786934484.7360162750	
/home/lilingfeng/tmp/juicefs-c03-20260817-100609/rc/go126-S-oracle-U1-repeat-09.rc	dir	600	lilingfeng	lilingfeng	2	1786933490.6514575390	
/home/lilingfeng/tmp/juicefs-c03-20260817-100609/rc/go125-S-oracle-U1-repeat-01.rc	dir	600	lilingfeng	lilingfeng	2	1786933217.8489732920	
/home/lilingfeng/tmp/juicefs-c03-20260817-100609/rc/go125-S-oracle-U1-repeat-02.rc	dir	600	lilingfeng	lilingfeng	2	1786933226.4611928190	
/home/lilingfeng/tmp/juicefs-c03-20260817-100609/rc/B-candidate-diffcheck.rc	dir	600	lilingfeng	lilingfeng	2	1786934484.5480128360	
/home/lilingfeng/tmp/juicefs-c03-20260817-100609/rc/B-apply.rc	dir	600	lilingfeng	lilingfeng	2	1786933588.0016977620	
/home/lilingfeng/tmp/juicefs-c03-20260817-100609/rc/git-diff-check.rc	dir	600	lilingfeng	lilingfeng	2	1786934323.6691039640	
/home/lilingfeng/tmp/juicefs-c03-20260817-100609/rc/go126-S-oracle-U1-repeat-01.rc	dir	600	lilingfeng	lilingfeng	2	1786933417.3977825510	
/home/lilingfeng/tmp/juicefs-c03-20260817-100609/rc/go125-B-candidate-full-vfs.rc	dir	600	lilingfeng	lilingfeng	2	1786934296.7125801560	
/home/lilingfeng/tmp/juicefs-c03-20260817-100609/rc/go125-S-oracle-U1-repeat-04.rc	dir	600	lilingfeng	lilingfeng	2	1786933243.7256317910	
/home/lilingfeng/tmp/juicefs-c03-20260817-100609/rc/community-search-3.rc	dir	600	lilingfeng	lilingfeng	2	1786934471.4797736610	
/home/lilingfeng/tmp/juicefs-c03-20260817-100609/rc/go125-S-oracle-U3-repeat-03.rc	dir	600	lilingfeng	lilingfeng	2	1786933322.6636372740	
/home/lilingfeng/tmp/juicefs-c03-20260817-100609/rc/R-replay-apply-check.rc	dir	600	lilingfeng	lilingfeng	2	1786934403.4745199780	
/home/lilingfeng/tmp/juicefs-c03-20260817-100609/rc/go125-S-oracle-U1-repeat-10.rc	dir	600	lilingfeng	lilingfeng	2	1786933296.2549668730	
/home/lilingfeng/tmp/juicefs-c03-20260817-100609/rc/go125-make-juicefs-lite.rc	dir	600	lilingfeng	lilingfeng	2	1786934381.0661219530	
/home/lilingfeng/tmp/juicefs-c03-20260817-100609/rc/go126-baseline-compile.rc	dir	600	lilingfeng	lilingfeng	2	1786933170.3237693610	
/home/lilingfeng/tmp/juicefs-c03-20260817-100609/rc/go126-B-candidate-U1.rc	dir	600	lilingfeng	lilingfeng	2	1786933833.1311255860	
/home/lilingfeng/tmp/juicefs-c03-20260817-100609/rc/go125-S-oracle-U3-repeat-01.rc	dir	600	lilingfeng	lilingfeng	2	1786933305.2191945200	
/home/lilingfeng/tmp/juicefs-c03-20260817-100609/rc/go125-B-candidate-race20.rc	dir	600	lilingfeng	lilingfeng	2	1786933817.7347901110	
/home/lilingfeng/tmp/juicefs-c03-20260817-100609/rc/go126-S-oracle-U1-repeat-03.rc	dir	600	lilingfeng	lilingfeng	2	1786933436.4222095980	
/home/lilingfeng/tmp/juicefs-c03-20260817-100609/rc/community-search-2.rc	dir	600	lilingfeng	lilingfeng	2	1786934467.9797095760	
/home/lilingfeng/tmp/juicefs-c03-20260817-100609/rc/go126-S-oracle-U1-repeat-05.rc	dir	600	lilingfeng	lilingfeng	2	1786933455.1706385240	
/home/lilingfeng/tmp/juicefs-c03-20260817-100609/rc/go125-S-oracle-U3.rc	dir	600	lilingfeng	lilingfeng	2	1786933209.3007571590	
/home/lilingfeng/tmp/juicefs-c03-20260817-100609/rc/go125-S-oracle-U1-repeat-03.rc	dir	600	lilingfeng	lilingfeng	2	1786933234.9494084820	
/home/lilingfeng/tmp/juicefs-c03-20260817-100609/rc/S-oracle-path-guard.rc	dir	600	lilingfeng	lilingfeng	2	1786934484.5320125430	
/home/lilingfeng/tmp/juicefs-c03-20260817-100609/rc/go125-S-oracle-U1-repeat-06.rc	dir	600	lilingfeng	lilingfeng	2	1786933261.3380788280	
/home/lilingfeng/tmp/juicefs-c03-20260817-100609/rc/S-oracle-diffcheck.rc	dir	600	lilingfeng	lilingfeng	2	1786934484.5240123950	
/home/lilingfeng/tmp/juicefs-c03-20260817-100609/rc/go126-R-replay-U2.rc	dir	600	lilingfeng	lilingfeng	2	1786934445.7553021780	
/home/lilingfeng/tmp/juicefs-c03-20260817-100609/rc/gofmt-check.rc	dir	600	lilingfeng	lilingfeng	2	1786934323.6651038890	
/home/lilingfeng/tmp/juicefs-c03-20260817-100609/rc/go126-B-candidate-full-vfs.rc	dir	600	lilingfeng	lilingfeng	2	1786934323.0450920420	
/home/lilingfeng/tmp/juicefs-c03-20260817-100609/rc/go125-S-oracle-U3-repeat-07.rc	dir	600	lilingfeng	lilingfeng	2	1786933357.5605125900	
/home/lilingfeng/tmp/juicefs-c03-20260817-100609/rc/go125-R-replay-count20.rc	dir	600	lilingfeng	lilingfeng	2	1786934432.6190611780	
/home/lilingfeng/tmp/juicefs-c03-20260817-100609/rc/go125-S-oracle-U3-repeat-04.rc	dir	600	lilingfeng	lilingfeng	2	1786933331.4718606710	
/home/lilingfeng/tmp/juicefs-c03-20260817-100609/rc/R-replay-diff-cmp.rc	dir	600	lilingfeng	lilingfeng	2	1786934403.4905202700	
/home/lilingfeng/tmp/juicefs-c03-20260817-100609/rc/go126-vet.rc	dir	600	lilingfeng	lilingfeng	2	1786934359.3537338330	
/home/lilingfeng/tmp/juicefs-c03-20260817-100609/rc/B-apply-check.rc	dir	600	lilingfeng	lilingfeng	2	1786933587.9976976700	
/home/lilingfeng/tmp/juicefs-c03-20260817-100609/rc/go125-S-oracle-U1.rc	dir	600	lilingfeng	lilingfeng	2	1786933199.7725159250	
/home/lilingfeng/tmp/juicefs-c03-20260817-100609/rc/R-replay-path-guard.rc	dir	600	lilingfeng	lilingfeng	2	1786934484.6080139340	
/home/lilingfeng/tmp/juicefs-c03-20260817-100609/rc/go126-B-candidate-U3.rc	dir	600	lilingfeng	lilingfeng	2	1786933848.2914527330	
/home/lilingfeng/tmp/juicefs-c03-20260817-100609/rc/community-search-1.rc	dir	600	lilingfeng	lilingfeng	2	1786934464.3756435880	
/home/lilingfeng/tmp/juicefs-c03-20260817-100609/rc/go126-S-oracle-U1.rc	dir	600	lilingfeng	lilingfeng	2	1786933399.3853755210	
/home/lilingfeng/tmp/juicefs-c03-20260817-100609/rc/go126-S-oracle-U3-repeat-02.rc	dir	600	lilingfeng	lilingfeng	2	1786933517.1120639330	
/home/lilingfeng/tmp/juicefs-c03-20260817-100609/rc/go126-S-oracle-U3-repeat-08.rc	dir	600	lilingfeng	lilingfeng	2	1786933570.0692861550	
/home/lilingfeng/tmp/juicefs-c03-20260817-100609/rc/go126-B-candidate-U2.rc	dir	600	lilingfeng	lilingfeng	2	1786933840.6872892690	
/home/lilingfeng/tmp/juicefs-c03-20260817-100609/rc/go126-S-oracle-U3-repeat-07.rc	dir	600	lilingfeng	lilingfeng	2	1786933561.0650758360	
/home/lilingfeng/tmp/juicefs-c03-20260817-100609/rc/toolchain-go126.rc	dir	600	lilingfeng	lilingfeng	2	1786932418.0506496480	
/home/lilingfeng/tmp/juicefs-c03-20260817-100609/rc/go126-S-oracle-U1-repeat-07.rc	dir	600	lilingfeng	lilingfeng	2	1786933473.0950490690	
/home/lilingfeng/tmp/juicefs-c03-20260817-100609/rc/go126-S-oracle-U2.rc	dir	600	lilingfeng	lilingfeng	2	1786933390.4411902750	
/home/lilingfeng/tmp/juicefs-c03-20260817-100609/rc/go125-S-oracle-U3-repeat-08.rc	dir	600	lilingfeng	lilingfeng	2	1786933366.3607265290	
/home/lilingfeng/tmp/juicefs-c03-20260817-100609/rc/go125-Q-semantic-count100.rc	dir	600	lilingfeng	lilingfeng	2	1786934138.6334506100	
/home/lilingfeng/tmp/juicefs-c03-20260817-100609/rc/R-replay-apply.rc	dir	600	lilingfeng	lilingfeng	2	1786934403.4785200490	
/home/lilingfeng/tmp/juicefs-c03-20260817-100609/rc/go125-B-candidate-U1.rc	dir	600	lilingfeng	lilingfeng	2	1786933603.8940615640	
/home/lilingfeng/tmp/juicefs-c03-20260817-100609/rc/go125-S-oracle-U3-repeat-09.rc	dir	600	lilingfeng	lilingfeng	2	1786933373.5648002530	
/home/lilingfeng/tmp/juicefs-c03-20260817-100609/rc/go126-make-juicefs-lite.rc	dir	600	lilingfeng	lilingfeng	2	1786934403.4665198300	
/home/lilingfeng/tmp/juicefs-c03-20260817-100609/rc/go126-S-oracle-U1-repeat-06.rc	dir	600	lilingfeng	lilingfeng	2	1786933464.2148461560	
/home/lilingfeng/tmp/juicefs-c03-20260817-100609/rc/go126-S-oracle-U1-repeat-10.rc	dir	600	lilingfeng	lilingfeng	2	1786933499.4996593330	
/home/lilingfeng/tmp/juicefs-c03-20260817-100609/rc/go125-R-replay-U2.rc	dir	600	lilingfeng	lilingfeng	2	1786934417.7267884400	
/home/lilingfeng/tmp/juicefs-c03-20260817-100609/rc/go126-S-oracle-U3-repeat-10.rc	dir	600	lilingfeng	lilingfeng	2	1786933587.9216959270	
/home/lilingfeng/tmp/juicefs-c03-20260817-100609/rc/go125-make-juicefs.rc	dir	600	lilingfeng	lilingfeng	2	1786934375.5500212220	
/home/lilingfeng/tmp/juicefs-c03-20260817-100609/rc/go125-baseline-memory.rc	dir	600	lilingfeng	lilingfeng	2	1786933018.7238692920	
/home/lilingfeng/tmp/juicefs-c03-20260817-100609/rc/go126-S-oracle-U1-repeat-04.rc	dir	600	lilingfeng	lilingfeng	2	1786933445.8064237950	
/home/lilingfeng/tmp/juicefs-c03-20260817-100609/rc/go125-vet.rc	dir	600	lilingfeng	lilingfeng	2	1786934345.5574979470	
/home/lilingfeng/tmp/juicefs-c03-20260817-100609/rc/go125-B-candidate-count100.rc	dir	600	lilingfeng	lilingfeng	2	1786933662.4514036630	
/home/lilingfeng/tmp/juicefs-c03-20260817-100609/rc/go125-S-oracle-U1-repeat-05.rc	dir	600	lilingfeng	lilingfeng	2	1786933252.4098524540	
/home/lilingfeng/tmp/juicefs-c03-20260817-100609/rc/go125-R-replay-U3.rc	dir	600	lilingfeng	lilingfeng	2	1786934421.7428618950	
/home/lilingfeng/tmp/juicefs-c03-20260817-100609/rc/go125-S-oracle-U3-repeat-10.rc	dir	600	lilingfeng	lilingfeng	2	1786933380.7489768730	
/home/lilingfeng/tmp/juicefs-c03-20260817-100609/rc/go126-make-juicefs.rc	dir	600	lilingfeng	lilingfeng	2	1786934398.0584308820	
/home/lilingfeng/tmp/juicefs-c03-20260817-100609/rc/Q-semantic-path-guard.rc	dir	600	lilingfeng	lilingfeng	2	1786934484.5800134220	
/home/lilingfeng/tmp/juicefs-c03-20260817-100609/rc/go126-R-replay-count20.rc	dir	600	lilingfeng	lilingfeng	2	1786934460.2035672070	
/home/lilingfeng/tmp/juicefs-c03-20260817-100609/rc/go126-R-replay-U3.rc	dir	600	lilingfeng	lilingfeng	2	1786934449.3473681680	
/home/lilingfeng/tmp/juicefs-c03-20260817-100609/rc/go125-mod-download.rc	dir	600	lilingfeng	lilingfeng	2	1786932877.9120233180	
/home/lilingfeng/tmp/juicefs-c03-20260817-100609/rc/Q-semantic-diffcheck.rc	dir	600	lilingfeng	lilingfeng	2	1786934484.5760133470	
/home/lilingfeng/tmp/juicefs-c03-20260817-100609/rc/go126-Q-semantic-race20.rc	dir	600	lilingfeng	lilingfeng	2	1786934270.3280594510	
/home/lilingfeng/tmp/juicefs-c03-20260817-100609/rc/go125-S-oracle-U1-repeat-07.rc	dir	600	lilingfeng	lilingfeng	2	1786933270.0583008720	
/home/lilingfeng/tmp/juicefs-c03-20260817-100609/rc/go125-baseline-compile.rc	dir	600	lilingfeng	lilingfeng	2	1786933009.3396153950	
/home/lilingfeng/tmp/juicefs-c03-20260817-100609/rc/community-search-0.rc	dir	600	lilingfeng	lilingfeng	2	1786934460.8035781970	
/home/lilingfeng/tmp/juicefs-c03-20260817-100609/rc/go126-R-replay-U1.rc	dir	600	lilingfeng	lilingfeng	2	1786934441.7072279360	
/home/lilingfeng/tmp/juicefs-c03-20260817-100609/rc/community-search-5.rc	dir	600	lilingfeng	lilingfeng	2	1786934481.4919569150	
/home/lilingfeng/tmp/juicefs-c03-20260817-100609/rc/go126-S-oracle-U3-repeat-03.rc	dir	600	lilingfeng	lilingfeng	2	1786933526.0602696280	
/home/lilingfeng/tmp/juicefs-c03-20260817-100609/rc/go126-baseline-memory.rc	dir	600	lilingfeng	lilingfeng	2	1786933180.8640352340	
/home/lilingfeng/tmp/juicefs-c03-20260817-100609/rc/go125-S-oracle-U3-repeat-06.rc	dir	600	lilingfeng	lilingfeng	2	1786933348.9403018510	
/home/lilingfeng/tmp/juicefs-c03-20260817-100609/rc/go126-S-oracle-U3-repeat-01.rc	dir	600	lilingfeng	lilingfeng	2	1786933508.1758599750	
/home/lilingfeng/tmp/juicefs-c03-20260817-100609/rc/go125-S-oracle-U1-repeat-08.rc	dir	600	lilingfeng	lilingfeng	2	1786933278.8225235220	
/home/lilingfeng/tmp/juicefs-c03-20260817-100609/rc/go126-S-oracle-U3-repeat-09.rc	dir	600	lilingfeng	lilingfeng	2	1786933578.8894884650	
/home/lilingfeng/tmp/juicefs-c03-20260817-100609/rc/go126-B-candidate-race20.rc	dir	600	lilingfeng	lilingfeng	2	1786934054.1598247090	
/home/lilingfeng/tmp/juicefs-c03-20260817-100609/rc/toolchain-go125.rc	dir	600	lilingfeng	lilingfeng	2	1786932417.9586467170	
/home/lilingfeng/tmp/juicefs-c03-20260817-100609/rc/go126-mod-download.rc	dir	600	lilingfeng	lilingfeng	2	1786932878.0280264640	
/home/lilingfeng/tmp/juicefs-c03-20260817-100609/rc/go125-S-oracle-U3-repeat-05.rc	dir	600	lilingfeng	lilingfeng	2	1786933340.1360799680	
/home/lilingfeng/tmp/juicefs-c03-20260817-100609/rc/go126-S-oracle-U3.rc	dir	600	lilingfeng	lilingfeng	2	1786933408.4455814300	
/home/lilingfeng/tmp/juicefs-c03-20260817-100609/rc/go125-S-oracle-U2.rc	dir	600	lilingfeng	lilingfeng	2	1786933190.8042886340	
/home/lilingfeng/tmp/juicefs-c03-20260817-100609/rc/go125-Q-semantic-race20.rc	dir	600	lilingfeng	lilingfeng	2	1786934169.5620626070	
/home/lilingfeng/tmp/juicefs-c03-20260817-100609/rc/go125-B-candidate-U3.rc	dir	600	lilingfeng	lilingfeng	2	1786933619.7344241460	
/home/lilingfeng/tmp/juicefs-c03-20260817-100609/rc/go126-B-candidate-count100.rc	dir	600	lilingfeng	lilingfeng	2	1786933890.7643561240	
/home/lilingfeng/tmp/juicefs-c03-20260817-100609/rc/go125-R-replay-U1.rc	dir	600	lilingfeng	lilingfeng	2	1786934413.3507084160	
/home/lilingfeng/tmp/juicefs-c03-20260817-100609/rc/go126-S-oracle-U3-repeat-05.rc	dir	600	lilingfeng	lilingfeng	2	1786933543.6246756060	
/home/lilingfeng/tmp/juicefs-c03-20260817-100609/rc/go125-S-oracle-U1-repeat-09.rc	dir	600	lilingfeng	lilingfeng	2	1786933287.7587509980	
/home/lilingfeng/tmp/juicefs-c03-20260817-100609/rc/sha256-check.rc	dir	600	lilingfeng	lilingfeng	2	1786934484.7360162750	
/home/lilingfeng/tmp/juicefs-c03-20260817-100609/rc/go126-Q-semantic-count100.rc	dir	600	lilingfeng	lilingfeng	2	1786934243.6395306200	
/home/lilingfeng/tmp/juicefs-c03-20260817-100609/rc/go126-S-oracle-U3-repeat-06.rc	dir	600	lilingfeng	lilingfeng	2	1786933552.3248760250	
/home/lilingfeng/tmp/juicefs-c03-20260817-100609/rc/community-search-4.rc	dir	600	lilingfeng	lilingfeng	2	1786934475.3478444900	
/home/lilingfeng/tmp/juicefs-c03-20260817-100609/rc/go126-S-oracle-U1-repeat-08.rc	dir	600	lilingfeng	lilingfeng	2	1786933481.8072522270	
/home/lilingfeng/tmp/juicefs-c03-20260817-100609/rc/B-candidate-path-guard.rc	dir	600	lilingfeng	lilingfeng	2	1786934484.5560129810	
/home/lilingfeng/tmp/juicefs-c03-20260817-100609/rc/go125-B-candidate-U2.rc	dir	600	lilingfeng	lilingfeng	2	1786933611.9422458360	
/home/lilingfeng/tmp/juicefs-c03-20260817-100609/rc/go125-S-oracle-U3-repeat-02.rc	dir	600	lilingfeng	lilingfeng	2	1786933313.7474110870	
/home/lilingfeng/tmp/juicefs-c03-20260817-100609/rc/go126-S-oracle-U3-repeat-04.rc	dir	600	lilingfeng	lilingfeng	2	1786933534.7524705860	
/home/lilingfeng/tmp/juicefs-c03-20260817-100609/rc/go126-S-oracle-U1-repeat-02.rc	dir	600	lilingfeng	lilingfeng	2	1786933426.7899931320	
/home/lilingfeng/tmp/juicefs-c03-20260817-100609/rc/R-replay-diffcheck.rc	dir	600	lilingfeng	lilingfeng	2	1786934484.6000137880	
/home/lilingfeng/tmp/juicefs-c03-20260817-100609/artifacts	dir	700	lilingfeng	lilingfeng	4096	1786934403.4665198300	
/home/lilingfeng/tmp/juicefs-c03-20260817-100609/artifacts/community-candidate.patch	dir	600	lilingfeng	lilingfeng	7008	1786934403.4665198300	
/home/lilingfeng/tmp/juicefs-c03-20260817-100609/logs	dir	700	lilingfeng	lilingfeng	4096	1786934484.7320162030	
/home/lilingfeng/tmp/juicefs-c03-20260817-100609/logs/go125-S-oracle-U3-repeat-08.log	dir	600	lilingfeng	lilingfeng	544	1786933366.2567239890	
/home/lilingfeng/tmp/juicefs-c03-20260817-100609/logs/go125-B-candidate-full-vfs.log	dir	600	lilingfeng	lilingfeng	189601	1786934296.6645792180	
/home/lilingfeng/tmp/juicefs-c03-20260817-100609/logs/go126-S-oracle-U1-repeat-04.log	dir	600	lilingfeng	lilingfeng	269	1786933445.7184217490	
/home/lilingfeng/tmp/juicefs-c03-20260817-100609/logs/go126-make-juicefs.log	dir	600	lilingfeng	lilingfeng	224	1786934381.1381232730	
/home/lilingfeng/tmp/juicefs-c03-20260817-100609/logs/go126-baseline-memory.log	dir	600	lilingfeng	lilingfeng	705	1786933180.7520323730	
/home/lilingfeng/tmp/juicefs-c03-20260817-100609/logs/go125-B-candidate-U3.log	dir	600	lilingfeng	lilingfeng	604	1786933619.6304217610	
/home/lilingfeng/tmp/juicefs-c03-20260817-100609/logs/go126-S-oracle-U1-repeat-10.log	dir	600	lilingfeng	lilingfeng	269	1786933499.4276576650	
/home/lilingfeng/tmp/juicefs-c03-20260817-100609/logs/go126-S-oracle-U3-repeat-06.log	dir	600	lilingfeng	lilingfeng	265	1786933552.2328739240	
/home/lilingfeng/tmp/juicefs-c03-20260817-100609/logs/community-artifact-secret-scan.log	dir	600	lilingfeng	lilingfeng	0	1786934484.5040120290	
/home/lilingfeng/tmp/juicefs-c03-20260817-100609/logs/clone-Q-semantic.log	dir	600	lilingfeng	lilingfeng	247	1786932379.8254290520	
/home/lilingfeng/tmp/juicefs-c03-20260817-100609/logs/go125-baseline-compile.log	dir	600	lilingfeng	lilingfeng	346	1786933008.6875975870	
/home/lilingfeng/tmp/juicefs-c03-20260817-100609/logs/go125-S-oracle-U1-repeat-10.log	dir	600	lilingfeng	lilingfeng	548	1786933296.1829650440	
/home/lilingfeng/tmp/juicefs-c03-20260817-100609/logs/R-replay-apply.log	dir	600	lilingfeng	lilingfeng	0	1786934403.4745199780	
/home/lilingfeng/tmp/juicefs-c03-20260817-100609/logs/go125-S-oracle-U3.log	dir	600	lilingfeng	lilingfeng	544	1786933209.2207551320	
/home/lilingfeng/tmp/juicefs-c03-20260817-100609/logs/go125-B-candidate-U1.log	dir	600	lilingfeng	lilingfeng	455	1786933603.7700587260	
/home/lilingfeng/tmp/juicefs-c03-20260817-100609/logs/static-test-name-conflict.log	dir	600	lilingfeng	lilingfeng	0	1786932381.0494683110	
/home/lilingfeng/tmp/juicefs-c03-20260817-100609/logs/fetch.log	dir	600	lilingfeng	lilingfeng	141	1786932375.7892997110	
/home/lilingfeng/tmp/juicefs-c03-20260817-100609/logs/go126-S-oracle-U1-repeat-06.log	dir	600	lilingfeng	lilingfeng	269	1786933464.1388443950	
/home/lilingfeng/tmp/juicefs-c03-20260817-100609/logs/go125-S-oracle-U3-repeat-06.log	dir	600	lilingfeng	lilingfeng	544	1786933348.8602998620	
/home/lilingfeng/tmp/juicefs-c03-20260817-100609/logs/go126-S-oracle-U3.log	dir	600	lilingfeng	lilingfeng	265	1786933408.3655796080	
/home/lilingfeng/tmp/juicefs-c03-20260817-100609/logs/go125-S-oracle-U3-repeat-05.log	dir	600	lilingfeng	lilingfeng	544	1786933340.0560779390	
/home/lilingfeng/tmp/juicefs-c03-20260817-100609/logs/xtrace-forbidden-real.log	dir	600	lilingfeng	lilingfeng	0	1786934484.6880153960	
/home/lilingfeng/tmp/juicefs-c03-20260817-100609/logs/go125-Q-semantic-race20.log	dir	600	lilingfeng	lilingfeng	27634	1786934169.5060614910	
/home/lilingfeng/tmp/juicefs-c03-20260817-100609/logs/R-replay-path-guard.log	dir	600	lilingfeng	lilingfeng	0	1786934484.6080139340	
/home/lilingfeng/tmp/juicefs-c03-20260817-100609/logs/go126-R-replay-U3.log	dir	600	lilingfeng	lilingfeng	325	1786934449.2953672140	
/home/lilingfeng/tmp/juicefs-c03-20260817-100609/logs/go126-Q-semantic-count100.log	dir	600	lilingfeng	lilingfeng	136555	1786934243.5835295180	
/home/lilingfeng/tmp/juicefs-c03-20260817-100609/logs/go125-R-replay-U3.log	dir	600	lilingfeng	lilingfeng	604	1786934421.6868608710	
/home/lilingfeng/tmp/juicefs-c03-20260817-100609/logs/go126-S-oracle-U3-repeat-08.log	dir	600	lilingfeng	lilingfeng	265	1786933569.9932843710	
/home/lilingfeng/tmp/juicefs-c03-20260817-100609/logs/go125-S-oracle-U1-repeat-09.log	dir	600	lilingfeng	lilingfeng	548	1786933287.6827490610	
/home/lilingfeng/tmp/juicefs-c03-20260817-100609/logs/go125-B-candidate-U2.log	dir	600	lilingfeng	lilingfeng	467	1786933611.8382434570	
/home/lilingfeng/tmp/juicefs-c03-20260817-100609/logs/go126-S-oracle-U3-repeat-05.log	dir	600	lilingfeng	lilingfeng	265	1786933543.5446737390	
/home/lilingfeng/tmp/juicefs-c03-20260817-100609/logs/clone-upstream.log	dir	600	lilingfeng	lilingfeng	96	1786932370.5011313120	
/home/lilingfeng/tmp/juicefs-c03-20260817-100609/logs/redis-pull.log	dir	600	lilingfeng	lilingfeng	203	1786934302.8567000720	
/home/lilingfeng/tmp/juicefs-c03-20260817-100609/logs/go125-mod-download.log	dir	600	lilingfeng	lilingfeng	0	1786932861.6315781650	
/home/lilingfeng/tmp/juicefs-c03-20260817-100609/logs/go125-Q-semantic-count100.log	dir	600	lilingfeng	lilingfeng	136834	1786934138.4974479000	
/home/lilingfeng/tmp/juicefs-c03-20260817-100609/logs/go125-S-oracle-U3-repeat-03.log	dir	600	lilingfeng	lilingfeng	544	1786933322.5676348420	
/home/lilingfeng/tmp/juicefs-c03-20260817-100609/logs/static-vfs-testmain.log	dir	600	lilingfeng	lilingfeng	0	1786932381.0374679280	
/home/lilingfeng/tmp/juicefs-c03-20260817-100609/logs/Q-semantic-path-guard.log	dir	600	lilingfeng	lilingfeng	0	1786934484.5800134220	
/home/lilingfeng/tmp/juicefs-c03-20260817-100609/logs/go125-S-oracle-U3-repeat-01.log	dir	600	lilingfeng	lilingfeng	544	1786933305.1391924880	
/home/lilingfeng/tmp/juicefs-c03-20260817-100609/logs/go126-R-replay-U1.log	dir	600	lilingfeng	lilingfeng	176	1786934441.6552269850	
/home/lilingfeng/tmp/juicefs-c03-20260817-100609/logs/go126-S-oracle-U3-repeat-02.log	dir	600	lilingfeng	lilingfeng	265	1786933517.0320621100	
/home/lilingfeng/tmp/juicefs-c03-20260817-100609/logs/B-apply.log	dir	600	lilingfeng	lilingfeng	0	1786933587.9976976700	
/home/lilingfeng/tmp/juicefs-c03-20260817-100609/logs/go125-S-oracle-U1-repeat-06.log	dir	600	lilingfeng	lilingfeng	548	1786933261.2620768870	
/home/lilingfeng/tmp/juicefs-c03-20260817-100609/logs/go126-Q-semantic-race20.log	dir	600	lilingfeng	lilingfeng	27355	1786934270.2680582630	
/home/lilingfeng/tmp/juicefs-c03-20260817-100609/logs/go125-vet.log	dir	600	lilingfeng	lilingfeng	279	1786934333.0492834610	
/home/lilingfeng/tmp/juicefs-c03-20260817-100609/logs/go126-S-oracle-U1-repeat-02.log	dir	600	lilingfeng	lilingfeng	269	1786933426.7099913370	
/home/lilingfeng/tmp/juicefs-c03-20260817-100609/logs/go126-B-candidate-full-vfs.log	dir	600	lilingfeng	lilingfeng	191858	1786934323.0010912020	
/home/lilingfeng/tmp/juicefs-c03-20260817-100609/logs/go125-baseline-memory.log	dir	600	lilingfeng	lilingfeng	1127	1786933018.6358668870	
/home/lilingfeng/tmp/juicefs-c03-20260817-100609/logs/go126-S-oracle-U1-repeat-08.log	dir	600	lilingfeng	lilingfeng	269	1786933481.7032497850	
/home/lilingfeng/tmp/juicefs-c03-20260817-100609/logs/go126-baseline-compile.log	dir	600	lilingfeng	lilingfeng	346	1786933169.5317493940	
/home/lilingfeng/tmp/juicefs-c03-20260817-100609/logs/go125-B-candidate-count100.log	dir	600	lilingfeng	lilingfeng	53034	1786933662.3514013720	
/home/lilingfeng/tmp/juicefs-c03-20260817-100609/logs/B-candidate-path-guard.log	dir	600	lilingfeng	lilingfeng	0	1786934484.5560129810	
/home/lilingfeng/tmp/juicefs-c03-20260817-100609/logs/go125-S-oracle-U1-repeat-02.log	dir	600	lilingfeng	lilingfeng	548	1786933226.3571901780	
/home/lilingfeng/tmp/juicefs-c03-20260817-100609/logs/Q-apply-check.log	dir	600	lilingfeng	lilingfeng	0	1786934054.1598247090	
/home/lilingfeng/tmp/juicefs-c03-20260817-100609/logs/go125-R-replay-U1.log	dir	600	lilingfeng	lilingfeng	455	1786934413.2947073910	
/home/lilingfeng/tmp/juicefs-c03-20260817-100609/logs/go125-S-oracle-U3-repeat-04.log	dir	600	lilingfeng	lilingfeng	544	1786933331.3918586480	
/home/lilingfeng/tmp/juicefs-c03-20260817-100609/logs/go125-B-candidate-race20.log	dir	600	lilingfeng	lilingfeng	10873	1786933816.9987743180	
/home/lilingfeng/tmp/juicefs-c03-20260817-100609/logs/go126-S-oracle-U2.log	dir	600	lilingfeng	lilingfeng	188	1786933390.3331880820	
/home/lilingfeng/tmp/juicefs-c03-20260817-100609/logs/B-apply-check.log	dir	600	lilingfeng	lilingfeng	0	1786933587.9936975790	
/home/lilingfeng/tmp/juicefs-c03-20260817-100609/logs/go125-S-oracle-U2.log	dir	600	lilingfeng	lilingfeng	467	1786933190.6802854820	
/home/lilingfeng/tmp/juicefs-c03-20260817-100609/logs/R-replay-apply-check.log	dir	600	lilingfeng	lilingfeng	0	1786934403.4705199060	
/home/lilingfeng/tmp/juicefs-c03-20260817-100609/logs/go126-B-candidate-U1.log	dir	600	lilingfeng	lilingfeng	176	1786933833.0191231240	
/home/lilingfeng/tmp/juicefs-c03-20260817-100609/logs/go126-S-oracle-U1-repeat-07.log	dir	600	lilingfeng	lilingfeng	269	1786933473.0150472510	
/home/lilingfeng/tmp/juicefs-c03-20260817-100609/logs/Q-apply.log	dir	600	lilingfeng	lilingfeng	0	1786934054.1678248730	
/home/lilingfeng/tmp/juicefs-c03-20260817-100609/logs/go126-B-candidate-race20.log	dir	600	lilingfeng	lilingfeng	10873	1786934053.4798106510	
/home/lilingfeng/tmp/juicefs-c03-20260817-100609/logs/gofmt-check.log	dir	600	lilingfeng	lilingfeng	0	1786934323.6571037360	
/home/lilingfeng/tmp/juicefs-c03-20260817-100609/logs/go126-S-oracle-U3-repeat-04.log	dir	600	lilingfeng	lilingfeng	265	1786933534.6684686680	
/home/lilingfeng/tmp/juicefs-c03-20260817-100609/logs/clone-S-oracle.log	dir	600	lilingfeng	lilingfeng	245	1786932378.2773794000	
/home/lilingfeng/tmp/juicefs-c03-20260817-100609/logs/go125-S-oracle-U1-repeat-03.log	dir	600	lilingfeng	lilingfeng	548	1786933234.8654063440	
/home/lilingfeng/tmp/juicefs-c03-20260817-100609/logs/go125-S-oracle-U3-repeat-09.log	dir	600	lilingfeng	lilingfeng	544	1786933373.5367995450	
/home/lilingfeng/tmp/juicefs-c03-20260817-100609/logs/go126-vet.log	dir	600	lilingfeng	lilingfeng	0	1786934345.5574979470	
/home/lilingfeng/tmp/juicefs-c03-20260817-100609/logs/go125-make-juicefs-lite.log	dir	600	lilingfeng	lilingfeng	404	1786934375.5980220980	
/home/lilingfeng/tmp/juicefs-c03-20260817-100609/logs/go126-S-oracle-U1-repeat-01.log	dir	600	lilingfeng	lilingfeng	269	1786933417.3217808510	
/home/lilingfeng/tmp/juicefs-c03-20260817-100609/logs/go126-mod-tidy.log	dir	600	lilingfeng	lilingfeng	0	1786934332.3452744530	
/home/lilingfeng/tmp/juicefs-c03-20260817-100609/logs/go126-S-oracle-U3-repeat-09.log	dir	600	lilingfeng	lilingfeng	265	1786933578.8054865440	
/home/lilingfeng/tmp/juicefs-c03-20260817-100609/logs/go125-S-oracle-U3-repeat-07.log	dir	600	lilingfeng	lilingfeng	544	1786933357.4845107840	
/home/lilingfeng/tmp/juicefs-c03-20260817-100609/logs/go125-S-oracle-U1-repeat-04.log	dir	600	lilingfeng	lilingfeng	548	1786933243.6496298540	
/home/lilingfeng/tmp/juicefs-c03-20260817-100609/logs/go126-S-oracle-U1-repeat-09.log	dir	600	lilingfeng	lilingfeng	269	1786933490.5794558680	
/home/lilingfeng/tmp/juicefs-c03-20260817-100609/logs/go125-make-juicefs.log	dir	600	lilingfeng	lilingfeng	503	1786934360.0097426650	
/home/lilingfeng/tmp/juicefs-c03-20260817-100609/logs/go125-S-oracle-U1.log	dir	600	lilingfeng	lilingfeng	548	1786933199.7045142060	
/home/lilingfeng/tmp/juicefs-c03-20260817-100609/logs/go126-B-candidate-U3.log	dir	600	lilingfeng	lilingfeng	325	1786933848.1954506690	
/home/lilingfeng/tmp/juicefs-c03-20260817-100609/logs/go125-R-replay-U2.log	dir	600	lilingfeng	lilingfeng	467	1786934417.6707874160	
/home/lilingfeng/tmp/juicefs-c03-20260817-100609/logs/go126-S-oracle-U1-repeat-03.log	dir	600	lilingfeng	lilingfeng	269	1786933436.3422077890	
/home/lilingfeng/tmp/juicefs-c03-20260817-100609/logs/go125-R-replay-count20.log	dir	600	lilingfeng	lilingfeng	10873	1786934432.5790604440	
/home/lilingfeng/tmp/juicefs-c03-20260817-100609/logs/shell-xtrace.log	dir	600	lilingfeng	lilingfeng	112687	1786934484.6920154700	
/home/lilingfeng/tmp/juicefs-c03-20260817-100609/logs/go126-B-candidate-count100.log	dir	600	lilingfeng	lilingfeng	52755	1786933890.6603538960	
/home/lilingfeng/tmp/juicefs-c03-20260817-100609/logs/go126-R-replay-count20.log	dir	600	lilingfeng	lilingfeng	10594	1786934460.1635664750	
/home/lilingfeng/tmp/juicefs-c03-20260817-100609/logs/go126-S-oracle-U1.log	dir	600	lilingfeng	lilingfeng	269	1786933399.2973735290	
/home/lilingfeng/tmp/juicefs-c03-20260817-100609/logs/go126-S-oracle-U3-repeat-03.log	dir	600	lilingfeng	lilingfeng	265	1786933525.9882679460	
/home/lilingfeng/tmp/juicefs-c03-20260817-100609/logs/go125-S-oracle-U1-repeat-08.log	dir	600	lilingfeng	lilingfeng	548	1786933278.7545217940	
/home/lilingfeng/tmp/juicefs-c03-20260817-100609/logs/go126-S-oracle-U3-repeat-01.log	dir	600	lilingfeng	lilingfeng	265	1786933508.0998582400	
/home/lilingfeng/tmp/juicefs-c03-20260817-100609/logs/go126-R-replay-U2.log	dir	600	lilingfeng	lilingfeng	188	1786934445.7113013700	
/home/lilingfeng/tmp/juicefs-c03-20260817-100609/logs/go125-S-oracle-U1-repeat-01.log	dir	600	lilingfeng	lilingfeng	548	1786933217.7729713700	
/home/lilingfeng/tmp/juicefs-c03-20260817-100609/logs/go126-S-oracle-U3-repeat-10.log	dir	600	lilingfeng	lilingfeng	265	1786933587.8536943710	
/home/lilingfeng/tmp/juicefs-c03-20260817-100609/logs/redis-ping-go126.log	dir	600	lilingfeng	lilingfeng	5	1786934305.8727587580	
/home/lilingfeng/tmp/juicefs-c03-20260817-100609/logs/go125-S-oracle-U1-repeat-07.log	dir	600	lilingfeng	lilingfeng	548	1786933269.9702986370	
/home/lilingfeng/tmp/juicefs-c03-20260817-100609/logs/git-diff-check.log	dir	600	lilingfeng	lilingfeng	0	1786934323.6651038890	
/home/lilingfeng/tmp/juicefs-c03-20260817-100609/logs/redis-ping-go125.log	dir	600	lilingfeng	lilingfeng	5	1786934279.8042467750	
/home/lilingfeng/tmp/juicefs-c03-20260817-100609/logs/go126-S-oracle-U3-repeat-07.log	dir	600	lilingfeng	lilingfeng	265	1786933560.9770738250	
/home/lilingfeng/tmp/juicefs-c03-20260817-100609/logs/go125-S-oracle-U3-repeat-10.log	dir	600	lilingfeng	lilingfeng	544	1786933380.6729751210	
/home/lilingfeng/tmp/juicefs-c03-20260817-100609/logs/go126-S-oracle-U1-repeat-05.log	dir	600	lilingfeng	lilingfeng	269	1786933455.0906367170	
/home/lilingfeng/tmp/juicefs-c03-20260817-100609/logs/go125-S-oracle-U3-repeat-02.log	dir	600	lilingfeng	lilingfeng	544	1786933313.6674090570	
/home/lilingfeng/tmp/juicefs-c03-20260817-100609/logs/R-replay-diff-cmp.log	dir	600	lilingfeng	lilingfeng	0	1786934403.4865201950	
/home/lilingfeng/tmp/juicefs-c03-20260817-100609/logs/go126-mod-download.log	dir	600	lilingfeng	lilingfeng	0	1786932877.9120233180	
/home/lilingfeng/tmp/juicefs-c03-20260817-100609/logs/go126-B-candidate-U2.log	dir	600	lilingfeng	lilingfeng	188	1786933840.5872871210	
/home/lilingfeng/tmp/juicefs-c03-20260817-100609/logs/S-oracle-path-guard.log	dir	600	lilingfeng	lilingfeng	0	1786934484.5320125430	
/home/lilingfeng/tmp/juicefs-c03-20260817-100609/logs/go126-make-juicefs-lite.log	dir	600	lilingfeng	lilingfeng	404	1786934398.1104317350	
/home/lilingfeng/tmp/juicefs-c03-20260817-100609/logs/go125-S-oracle-U1-repeat-05.log	dir	600	lilingfeng	lilingfeng	548	1786933252.3338505330	
/home/lilingfeng/tmp/juicefs-c03-20260817-100609/logs/sha256-check.log	dir	600	lilingfeng	lilingfeng	9874	1786934484.7360162750	
/home/lilingfeng/tmp/juicefs-c03-20260817-100609/logs/clone-B-candidate.log	dir	600	lilingfeng	lilingfeng	248	1786932379.0774050630	
/home/lilingfeng/tmp/juicefs-c03-20260817-100609/logs/go125-mod-tidy.log	dir	600	lilingfeng	lilingfeng	3244	1786934328.9012067310	
/home/lilingfeng/tmp/juicefs-c03-20260817-100609/logs/clone-R-replay.log	dir	600	lilingfeng	lilingfeng	245	1786932380.7934601010	
/home/lilingfeng/tmp/juicefs-c03-20260817-100609/drafts	dir	700	lilingfeng	lilingfeng	4096	1786934484.5000119570	
/home/lilingfeng/tmp/juicefs-c03-20260817-100609/drafts/pr.md	dir	600	lilingfeng	lilingfeng	824	1786934484.5000119570	
/home/lilingfeng/tmp/juicefs-c03-20260817-100609/drafts/commit-message.md	dir	600	lilingfeng	lilingfeng	519	1786934484.5000119570	
/home/lilingfeng/tmp/juicefs-c03-20260817-100609/drafts/issue.md	dir	600	lilingfeng	lilingfeng	1054	1786934484.4960118830	
/home/lilingfeng/tmp/juicefs-c03-20260817-100609/services	dir	700	lilingfeng	lilingfeng	4096	1786932369.9291131010	
/home/lilingfeng/tmp/juicefs-c03-20260817-100609/SHA256SUMS	dir	600	lilingfeng	lilingfeng	28102	1786934484.7320162030	
/home/lilingfeng/tmp/juicefs-c03-20260817-100609/tools	dir	700	lilingfeng	lilingfeng	4096	1786932369.9291131010	
/home/lilingfeng/tmp/juicefs-c03-20260817-100609/community-search	dir	700	lilingfeng	lilingfeng	4096	1786934478.3758999050	
/home/lilingfeng/tmp/juicefs-c03-20260817-100609/community-search/query-0.json	dir	600	lilingfeng	lilingfeng	101	1786934460.8035781970	
/home/lilingfeng/tmp/juicefs-c03-20260817-100609/community-search/query-2.json	dir	600	lilingfeng	lilingfeng	7019	1786934467.9797095760	
/home/lilingfeng/tmp/juicefs-c03-20260817-100609/community-search/query-1.json	dir	600	lilingfeng	lilingfeng	101	1786934464.3756435880	
/home/lilingfeng/tmp/juicefs-c03-20260817-100609/community-search/query-5.json	dir	600	lilingfeng	lilingfeng	10438	1786934481.4879568440	
/home/lilingfeng/tmp/juicefs-c03-20260817-100609/community-search/query-4.json	dir	600	lilingfeng	lilingfeng	25002	1786934475.3478444900	
/home/lilingfeng/tmp/juicefs-c03-20260817-100609/community-search/query-3.json	dir	600	lilingfeng	lilingfeng	101	1786934471.4757735890	
/home/lilingfeng/tmp/juicefs-c03-20260817-100609/cache	dir	700	lilingfeng	lilingfeng	4096	1786932369.9291131010	
/home/lilingfeng/tmp/juicefs-c03-20260817-100609/cache/go-build-125	dir	700	lilingfeng	lilingfeng	4096	1786933008.7555994440	
/home/lilingfeng/tmp/juicefs-c03-20260817-100609/cache/go-build-125/b2	dir	700	lilingfeng	lilingfeng	12288	1786934410.2026482700	
/home/lilingfeng/tmp/juicefs-c03-20260817-100609/cache/go-build-125/ae	dir	700	lilingfeng	lilingfeng	12288	1786934406.8825842710	
/home/lilingfeng/tmp/juicefs-c03-20260817-100609/cache/go-build-125/25	dir	700	lilingfeng	lilingfeng	12288	1786934364.2778145590	
/home/lilingfeng/tmp/juicefs-c03-20260817-100609/cache/go-build-125/84	dir	700	lilingfeng	lilingfeng	12288	1786934362.8697879670	
/home/lilingfeng/tmp/juicefs-c03-20260817-100609/cache/go-build-125/40	dir	700	lilingfeng	lilingfeng	12288	1786934365.5458380390	
/home/lilingfeng/tmp/juicefs-c03-20260817-100609/cache/go-build-125/5c	dir	700	lilingfeng	lilingfeng	16384	1786934403.9105279200	
/home/lilingfeng/tmp/juicefs-c03-20260817-100609/cache/go-build-125/17	dir	700	lilingfeng	lilingfeng	12288	1786934364.8938260840	
/home/lilingfeng/tmp/juicefs-c03-20260817-100609/cache/go-build-125/1e	dir	700	lilingfeng	lilingfeng	12288	1786934365.3698348130	
/home/lilingfeng/tmp/juicefs-c03-20260817-100609/cache/go-build-125/6f	dir	700	lilingfeng	lilingfeng	16384	1786934363.8778070060	
/home/lilingfeng/tmp/juicefs-c03-20260817-100609/cache/go-build-125/ff	dir	700	lilingfeng	lilingfeng	12288	1786934366.1098483760	
/home/lilingfeng/tmp/juicefs-c03-20260817-100609/cache/go-build-125/1b	dir	700	lilingfeng	lilingfeng	12288	1786934364.4178172010	
/home/lilingfeng/tmp/juicefs-c03-20260817-100609/cache/go-build-125/7d	dir	700	lilingfeng	lilingfeng	12288	1786934365.2778331270	
/home/lilingfeng/tmp/juicefs-c03-20260817-100609/cache/go-build-125/b8	dir	700	lilingfeng	lilingfeng	12288	1786934362.4337797340	
/home/lilingfeng/tmp/juicefs-c03-20260817-100609/cache/go-build-125/4b	dir	700	lilingfeng	lilingfeng	12288	1786934413.4067094410	
/home/lilingfeng/tmp/juicefs-c03-20260817-100609/cache/go-build-125/1d	dir	700	lilingfeng	lilingfeng	12288	1786934410.0826459580	
/home/lilingfeng/tmp/juicefs-c03-20260817-100609/cache/go-build-125/e0	dir	700	lilingfeng	lilingfeng	12288	1786934360.3617474040	
/home/lilingfeng/tmp/juicefs-c03-20260817-100609/cache/go-build-125/c2	dir	700	lilingfeng	lilingfeng	16384	1786934364.8938260840	
/home/lilingfeng/tmp/juicefs-c03-20260817-100609/cache/go-build-125/05	dir	700	lilingfeng	lilingfeng	12288	1786934364.8858259380	
/home/lilingfeng/tmp/juicefs-c03-20260817-100609/cache/go-build-125/fc	dir	700	lilingfeng	lilingfeng	12288	1786934363.3337967330	
/home/lilingfeng/tmp/juicefs-c03-20260817-100609/cache/go-build-125/b3	dir	700	lilingfeng	lilingfeng	12288	1786934361.3537607580	
/home/lilingfeng/tmp/juicefs-c03-20260817-100609/cache/go-build-125/27	dir	700	lilingfeng	lilingfeng	12288	1786934365.9098447100	
/home/lilingfeng/tmp/juicefs-c03-20260817-100609/cache/go-build-125/a9	dir	700	lilingfeng	lilingfeng	12288	1786934375.8140260400	
/home/lilingfeng/tmp/juicefs-c03-20260817-100609/cache/go-build-125/83	dir	700	lilingfeng	lilingfeng	16384	1786934376.6420411580	
/home/lilingfeng/tmp/juicefs-c03-20260817-100609/cache/go-build-125/f4	dir	700	lilingfeng	lilingfeng	12288	1786934364.1738125940	
/home/lilingfeng/tmp/juicefs-c03-20260817-100609/cache/go-build-125/8a	dir	700	lilingfeng	lilingfeng	12288	1786934363.2177945400	
/home/lilingfeng/tmp/juicefs-c03-20260817-100609/cache/go-build-125/a3	dir	700	lilingfeng	lilingfeng	12288	1786934364.7898241780	
/home/lilingfeng/tmp/juicefs-c03-20260817-100609/cache/go-build-125/ad	dir	700	lilingfeng	lilingfeng	12288	1786934364.1778126700	
/home/lilingfeng/tmp/juicefs-c03-20260817-100609/cache/go-build-125/73	dir	700	lilingfeng	lilingfeng	12288	1786934365.9698458100	
/home/lilingfeng/tmp/juicefs-c03-20260817-100609/cache/go-build-125/6a	dir	700	lilingfeng	lilingfeng	12288	1786934364.6018206770	
/home/lilingfeng/tmp/juicefs-c03-20260817-100609/cache/go-build-125/50	dir	700	lilingfeng	lilingfeng	12288	1786934404.3585360770	
/home/lilingfeng/tmp/juicefs-c03-20260817-100609/cache/go-build-125/28	dir	700	lilingfeng	lilingfeng	12288	1786934404.2185335300	
/home/lilingfeng/tmp/juicefs-c03-20260817-100609/cache/go-build-125/2b	dir	700	lilingfeng	lilingfeng	12288	1786934403.5785218700	
/home/lilingfeng/tmp/juicefs-c03-20260817-100609/cache/go-build-125/f8	dir	700	lilingfeng	lilingfeng	12288	1786934403.9105279200	
/home/lilingfeng/tmp/juicefs-c03-20260817-100609/cache/go-build-125/2c	dir	700	lilingfeng	lilingfeng	16384	1786934362.5577820780	
/home/lilingfeng/tmp/juicefs-c03-20260817-100609/cache/go-build-125/README	dir	600	lilingfeng	lilingfeng	218	1786932878.1280291780	
/home/lilingfeng/tmp/juicefs-c03-20260817-100609/cache/go-build-125/ac	dir	700	lilingfeng	lilingfeng	12288	1786934372.0099565370	
/home/lilingfeng/tmp/juicefs-c03-20260817-100609/cache/go-build-125/f3	dir	700	lilingfeng	lilingfeng	12288	1786934365.6378397260	
/home/lilingfeng/tmp/juicefs-c03-20260817-100609/cache/go-build-125/16	dir	700	lilingfeng	lilingfeng	12288	1786934376.2020331260	
/home/lilingfeng/tmp/juicefs-c03-20260817-100609/cache/go-build-125/b5	dir	700	lilingfeng	lilingfeng	12288	1786934403.5785218700	
/home/lilingfeng/tmp/juicefs-c03-20260817-100609/cache/go-build-125/ef	dir	700	lilingfeng	lilingfeng	12288	1786934404.2185335300	
/home/lilingfeng/tmp/juicefs-c03-20260817-100609/cache/go-build-125/86	dir	700	lilingfeng	lilingfeng	12288	1786934361.9937714260	
/home/lilingfeng/tmp/juicefs-c03-20260817-100609/cache/go-build-125/ba	dir	700	lilingfeng	lilingfeng	12288	1786934364.2658143320	
/home/lilingfeng/tmp/juicefs-c03-20260817-100609/cache/go-build-125/c7	dir	700	lilingfeng	lilingfeng	12288	1786934406.4105751720	
/home/lilingfeng/tmp/juicefs-c03-20260817-100609/cache/go-build-125/68	dir	700	lilingfeng	lilingfeng	16384	1786934379.8060989240	
/home/lilingfeng/tmp/juicefs-c03-20260817-100609/cache/go-build-125/12	dir	700	lilingfeng	lilingfeng	12288	1786934362.5697823010	
/home/lilingfeng/tmp/juicefs-c03-20260817-100609/cache/go-build-125/df	dir	700	lilingfeng	lilingfeng	12288	1786934365.6258395060	
/home/lilingfeng/tmp/juicefs-c03-20260817-100609/cache/go-build-125/30	dir	700	lilingfeng	lilingfeng	12288	1786934362.0217719530	
/home/lilingfeng/tmp/juicefs-c03-20260817-100609/cache/go-build-125/fd	dir	700	lilingfeng	lilingfeng	16384	1786934375.4420192510	
/home/lilingfeng/tmp/juicefs-c03-20260817-100609/cache/go-build-125/3d	dir	700	lilingfeng	lilingfeng	12288	1786934404.3145352780	
/home/lilingfeng/tmp/juicefs-c03-20260817-100609/cache/go-build-125/96	dir	700	lilingfeng	lilingfeng	12288	1786934376.2140333430	
/home/lilingfeng/tmp/juicefs-c03-20260817-100609/cache/go-build-125/ec	dir	700	lilingfeng	lilingfeng	12288	1786934413.4067094410	
/home/lilingfeng/tmp/juicefs-c03-20260817-100609/cache/go-build-125/54	dir	700	lilingfeng	lilingfeng	12288	1786934371.2219420900	
/home/lilingfeng/tmp/juicefs-c03-20260817-100609/cache/go-build-125/8b	dir	700	lilingfeng	lilingfeng	12288	1786934362.1337740690	
/home/lilingfeng/tmp/juicefs-c03-20260817-100609/cache/go-build-125/cb	dir	700	lilingfeng	lilingfeng	16384	1786934404.0905311960	
/home/lilingfeng/tmp/juicefs-c03-20260817-100609/cache/go-build-125/80	dir	700	lilingfeng	lilingfeng	12288	1786934364.2058132010	
/home/lilingfeng/tmp/juicefs-c03-20260817-100609/cache/go-build-125/7b	dir	700	lilingfeng	lilingfeng	12288	1786934362.9577896310	
/home/lilingfeng/tmp/juicefs-c03-20260817-100609/cache/go-build-125/e2	dir	700	lilingfeng	lilingfeng	12288	1786934376.2140333430	
/home/lilingfeng/tmp/juicefs-c03-20260817-100609/cache/go-build-125/34	dir	700	lilingfeng	lilingfeng	12288	1786934361.2577594630	
/home/lilingfeng/tmp/juicefs-c03-20260817-100609/cache/go-build-125/ab	dir	700	lilingfeng	lilingfeng	12288	1786934364.7898241780	
/home/lilingfeng/tmp/juicefs-c03-20260817-100609/cache/go-build-125/ce	dir	700	lilingfeng	lilingfeng	12288	1786934365.7458417050	
/home/lilingfeng/tmp/juicefs-c03-20260817-100609/cache/go-build-125/6d	dir	700	lilingfeng	lilingfeng	12288	1786934371.2339423100	
/home/lilingfeng/tmp/juicefs-c03-20260817-100609/cache/go-build-125/a7	dir	700	lilingfeng	lilingfeng	12288	1786934359.9057412640	
/home/lilingfeng/tmp/juicefs-c03-20260817-100609/cache/go-build-125/97	dir	700	lilingfeng	lilingfeng	12288	1786934364.5018187890	
/home/lilingfeng/tmp/juicefs-c03-20260817-100609/cache/go-build-125/bc	dir	700	lilingfeng	lilingfeng	16384	1786934341.4934239740	
/home/lilingfeng/tmp/juicefs-c03-20260817-100609/cache/go-build-125/db	dir	700	lilingfeng	lilingfeng	12288	1786934364.6858222630	
/home/lilingfeng/tmp/juicefs-c03-20260817-100609/cache/go-build-125/1a	dir	700	lilingfeng	lilingfeng	12288	1786934372.0019563870	
/home/lilingfeng/tmp/juicefs-c03-20260817-100609/cache/go-build-125/da	dir	700	lilingfeng	lilingfeng	12288	1786934363.7778051180	
/home/lilingfeng/tmp/juicefs-c03-20260817-100609/cache/go-build-125/d9	dir	700	lilingfeng	lilingfeng	16384	1786934370.9859377640	
/home/lilingfeng/tmp/juicefs-c03-20260817-100609/cache/go-build-125/1c	dir	700	lilingfeng	lilingfeng	12288	1786934409.4386335420	
/home/lilingfeng/tmp/juicefs-c03-20260817-100609/cache/go-build-125/19	dir	700	lilingfeng	lilingfeng	12288	1786934365.5058373050	
/home/lilingfeng/tmp/juicefs-c03-20260817-100609/cache/go-build-125/08	dir	700	lilingfeng	lilingfeng	16384	1786934363.4137982430	
/home/lilingfeng/tmp/juicefs-c03-20260817-100609/cache/go-build-125/ea	dir	700	lilingfeng	lilingfeng	12288	1786934403.5585215060	
/home/lilingfeng/tmp/juicefs-c03-20260817-100609/cache/go-build-125/01	dir	700	lilingfeng	lilingfeng	12288	1786934361.4697623230	
/home/lilingfeng/tmp/juicefs-c03-20260817-100609/cache/go-build-125/77	dir	700	lilingfeng	lilingfeng	12288	1786934361.5977640430	
/home/lilingfeng/tmp/juicefs-c03-20260817-100609/cache/go-build-125/aa	dir	700	lilingfeng	lilingfeng	16384	1786934363.0817919720	
/home/lilingfeng/tmp/juicefs-c03-20260817-100609/cache/go-build-125/bf	dir	700	lilingfeng	lilingfeng	12288	1786934404.3585360770	
/home/lilingfeng/tmp/juicefs-c03-20260817-100609/cache/go-build-125/8f	dir	700	lilingfeng	lilingfeng	12288	1786934378.6860784730	
/home/lilingfeng/tmp/juicefs-c03-20260817-100609/cache/go-build-125/e1	dir	700	lilingfeng	lilingfeng	16384	1786934413.1027038790	
/home/lilingfeng/tmp/juicefs-c03-20260817-100609/cache/go-build-125/3a	dir	700	lilingfeng	lilingfeng	12288	1786934362.7657860020	
/home/lilingfeng/tmp/juicefs-c03-20260817-100609/cache/go-build-125/e3	dir	700	lilingfeng	lilingfeng	12288	1786934363.6738031520	
/home/lilingfeng/tmp/juicefs-c03-20260817-100609/cache/go-build-125/29	dir	700	lilingfeng	lilingfeng	12288	1786934365.3178338590	
/home/lilingfeng/tmp/juicefs-c03-20260817-100609/cache/go-build-125/26	dir	700	lilingfeng	lilingfeng	12288	1786934366.1458490360	
/home/lilingfeng/tmp/juicefs-c03-20260817-100609/cache/go-build-125/d1	dir	700	lilingfeng	lilingfeng	16384	1786934372.0459571970	
/home/lilingfeng/tmp/juicefs-c03-20260817-100609/cache/go-build-125/48	dir	700	lilingfeng	lilingfeng	12288	1786934372.0179566810	
/home/lilingfeng/tmp/juicefs-c03-20260817-100609/cache/go-build-125/3f	dir	700	lilingfeng	lilingfeng	12288	1786934404.1825328730	
/home/lilingfeng/tmp/juicefs-c03-20260817-100609/cache/go-build-125/cd	dir	700	lilingfeng	lilingfeng	12288	1786934406.3905747870	
/home/lilingfeng/tmp/juicefs-c03-20260817-100609/cache/go-build-125/a4	dir	700	lilingfeng	lilingfeng	12288	1786934366.1098483760	
/home/lilingfeng/tmp/juicefs-c03-20260817-100609/cache/go-build-125/49	dir	700	lilingfeng	lilingfeng	12288	1786934361.9377703680	
/home/lilingfeng/tmp/juicefs-c03-20260817-100609/cache/go-build-125/85	dir	700	lilingfeng	lilingfeng	12288	1786934362.8697879670	
/home/lilingfeng/tmp/juicefs-c03-20260817-100609/cache/go-build-125/4a	dir	700	lilingfeng	lilingfeng	12288	1786934365.3098337110	
/home/lilingfeng/tmp/juicefs-c03-20260817-100609/cache/go-build-125/46	dir	700	lilingfeng	lilingfeng	12288	1786934404.2305337480	
/home/lilingfeng/tmp/juicefs-c03-20260817-100609/cache/go-build-125/a1	dir	700	lilingfeng	lilingfeng	12288	1786934364.1938129730	
/home/lilingfeng/tmp/juicefs-c03-20260817-100609/cache/go-build-125/4f	dir	700	lilingfeng	lilingfeng	12288	1786934362.4097792830	
/home/lilingfeng/tmp/juicefs-c03-20260817-100609/cache/go-build-125/e7	dir	700	lilingfeng	lilingfeng	12288	1786934362.0337721800	
/home/lilingfeng/tmp/juicefs-c03-20260817-100609/cache/go-build-125/69	dir	700	lilingfeng	lilingfeng	16384	1786934365.9098447100	
/home/lilingfeng/tmp/juicefs-c03-20260817-100609/cache/go-build-125/0a	dir	700	lilingfeng	lilingfeng	12288	1786934378.9740837330	
/home/lilingfeng/tmp/juicefs-c03-20260817-100609/cache/go-build-125/07	dir	700	lilingfeng	lilingfeng	12288	1786934365.4498362790	
/home/lilingfeng/tmp/juicefs-c03-20260817-100609/cache/go-build-125/58	dir	700	lilingfeng	lilingfeng	12288	1786934362.3017772410	
/home/lilingfeng/tmp/juicefs-c03-20260817-100609/cache/go-build-125/d0	dir	700	lilingfeng	lilingfeng	12288	1786934362.5697823010	
/home/lilingfeng/tmp/juicefs-c03-20260817-100609/cache/go-build-125/14	dir	700	lilingfeng	lilingfeng	12288	1786934364.1778126700	
/home/lilingfeng/tmp/juicefs-c03-20260817-100609/cache/go-build-125/9d	dir	700	lilingfeng	lilingfeng	12288	1786934376.5220389660	
/home/lilingfeng/tmp/juicefs-c03-20260817-100609/cache/go-build-125/0f	dir	700	lilingfeng	lilingfeng	16384	1786934406.4425757900	
/home/lilingfeng/tmp/juicefs-c03-20260817-100609/cache/go-build-125/95	dir	700	lilingfeng	lilingfeng	12288	1786934364.3618161440	
/home/lilingfeng/tmp/juicefs-c03-20260817-100609/cache/go-build-125/22	dir	700	lilingfeng	lilingfeng	12288	1786934378.4020732870	
/home/lilingfeng/tmp/juicefs-c03-20260817-100609/cache/go-build-125/8e	dir	700	lilingfeng	lilingfeng	12288	1786934360.0457431510	
/home/lilingfeng/tmp/juicefs-c03-20260817-100609/cache/go-build-125/0b	dir	700	lilingfeng	lilingfeng	12288	1786934364.5698200720	
/home/lilingfeng/tmp/juicefs-c03-20260817-100609/cache/go-build-125/d6	dir	700	lilingfeng	lilingfeng	12288	1786934362.7697860780	
/home/lilingfeng/tmp/juicefs-c03-20260817-100609/cache/go-build-125/f2	dir	700	lilingfeng	lilingfeng	12288	1786934362.9577896310	
/home/lilingfeng/tmp/juicefs-c03-20260817-100609/cache/go-build-125/7f	dir	700	lilingfeng	lilingfeng	12288	1786934360.5577500400	
/home/lilingfeng/tmp/juicefs-c03-20260817-100609/cache/go-build-125/eb	dir	700	lilingfeng	lilingfeng	12288	1786934381.0381214420	
/home/lilingfeng/tmp/juicefs-c03-20260817-100609/cache/go-build-125/9e	dir	700	lilingfeng	lilingfeng	12288	1786934366.1458490360	
/home/lilingfeng/tmp/juicefs-c03-20260817-100609/cache/go-build-125/66	dir	700	lilingfeng	lilingfeng	12288	1786934378.2780710240	
/home/lilingfeng/tmp/juicefs-c03-20260817-100609/cache/go-build-125/5b	dir	700	lilingfeng	lilingfeng	12288	1786934403.5825219460	
/home/lilingfeng/tmp/juicefs-c03-20260817-100609/cache/go-build-125/1f	dir	700	lilingfeng	lilingfeng	12288	1786934410.1146465740	
/home/lilingfeng/tmp/juicefs-c03-20260817-100609/cache/go-build-125/a5	dir	700	lilingfeng	lilingfeng	12288	1786934364.5578198450	
/home/lilingfeng/tmp/juicefs-c03-20260817-100609/cache/go-build-125/c4	dir	700	lilingfeng	lilingfeng	16384	1786934404.2185335300	
/home/lilingfeng/tmp/juicefs-c03-20260817-100609/cache/go-build-125/76	dir	700	lilingfeng	lilingfeng	12288	1786934378.8780819800	
/home/lilingfeng/tmp/juicefs-c03-20260817-100609/cache/go-build-125/a8	dir	700	lilingfeng	lilingfeng	12288	1786934365.9698458100	
/home/lilingfeng/tmp/juicefs-c03-20260817-100609/cache/go-build-125/a2	dir	700	lilingfeng	lilingfeng	12288	1786934363.6738031520	
/home/lilingfeng/tmp/juicefs-c03-20260817-100609/cache/go-build-125/f0	dir	700	lilingfeng	lilingfeng	12288	1786934363.6578028530	
/home/lilingfeng/tmp/juicefs-c03-20260817-100609/cache/go-build-125/2e	dir	700	lilingfeng	lilingfeng	12288	1786934365.9098447100	
/home/lilingfeng/tmp/juicefs-c03-20260817-100609/cache/go-build-125/5e	dir	700	lilingfeng	lilingfeng	12288	1786934404.3905366600	
/home/lilingfeng/tmp/juicefs-c03-20260817-100609/cache/go-build-125/5a	dir	700	lilingfeng	lilingfeng	12288	1786934363.6658030010	
/home/lilingfeng/tmp/juicefs-c03-20260817-100609/cache/go-build-125/2f	dir	700	lilingfeng	lilingfeng	12288	1786934406.8825842710	
/home/lilingfeng/tmp/juicefs-c03-20260817-100609/cache/go-build-125/e6	dir	700	lilingfeng	lilingfeng	12288	1786934363.3057962070	
/home/lilingfeng/tmp/juicefs-c03-20260817-100609/cache/go-build-125/65	dir	700	lilingfeng	lilingfeng	12288	1786934403.5785218700	
/home/lilingfeng/tmp/juicefs-c03-20260817-100609/cache/go-build-125/ee	dir	700	lilingfeng	lilingfeng	12288	1786934365.6338396550	
/home/lilingfeng/tmp/juicefs-c03-20260817-100609/cache/go-build-125/c3	dir	700	lilingfeng	lilingfeng	12288	1786934360.0417430990	
/home/lilingfeng/tmp/juicefs-c03-20260817-100609/cache/go-build-125/c5	dir	700	lilingfeng	lilingfeng	12288	1786934363.3097962790	
/home/lilingfeng/tmp/juicefs-c03-20260817-100609/cache/go-build-125/trim.txt	dir	600	lilingfeng	lilingfeng	10	1786933008.7555994440	
/home/lilingfeng/tmp/juicefs-c03-20260817-100609/cache/go-build-125/d4	dir	700	lilingfeng	lilingfeng	12288	1786934376.6340410120	
/home/lilingfeng/tmp/juicefs-c03-20260817-100609/cache/go-build-125/4d	dir	700	lilingfeng	lilingfeng	12288	1786934361.4577621610	
/home/lilingfeng/tmp/juicefs-c03-20260817-100609/cache/go-build-125/bd	dir	700	lilingfeng	lilingfeng	12288	1786934362.2977771650	
/home/lilingfeng/tmp/juicefs-c03-20260817-100609/cache/go-build-125/af	dir	700	lilingfeng	lilingfeng	16384	1786934370.9859377640	
/home/lilingfeng/tmp/juicefs-c03-20260817-100609/cache/go-build-125/94	dir	700	lilingfeng	lilingfeng	12288	1786934363.7818051940	
/home/lilingfeng/tmp/juicefs-c03-20260817-100609/cache/go-build-125/9f	dir	700	lilingfeng	lilingfeng	12288	1786934362.0017715770	
/home/lilingfeng/tmp/juicefs-c03-20260817-100609/cache/go-build-125/b7	dir	700	lilingfeng	lilingfeng	12288	1786934363.3577971890	
/home/lilingfeng/tmp/juicefs-c03-20260817-100609/cache/go-build-125/c8	dir	700	lilingfeng	lilingfeng	12288	1786934403.5705217240	
/home/lilingfeng/tmp/juicefs-c03-20260817-100609/cache/go-build-125/8d	dir	700	lilingfeng	lilingfeng	12288	1786934364.3178153140	
/home/lilingfeng/tmp/juicefs-c03-20260817-100609/cache/go-build-125/3e	dir	700	lilingfeng	lilingfeng	12288	1786934361.5977640430	
/home/lilingfeng/tmp/juicefs-c03-20260817-100609/cache/go-build-125/39	dir	700	lilingfeng	lilingfeng	12288	1786934364.7898241780	
/home/lilingfeng/tmp/juicefs-c03-20260817-100609/cache/go-build-125/52	dir	700	lilingfeng	lilingfeng	16384	1786934364.2538141080	
/home/lilingfeng/tmp/juicefs-c03-20260817-100609/cache/go-build-125/10	dir	700	lilingfeng	lilingfeng	16384	1786934378.9700836580	
/home/lilingfeng/tmp/juicefs-c03-20260817-100609/cache/go-build-125/56	dir	700	lilingfeng	lilingfeng	12288	1786934365.3178338590	
/home/lilingfeng/tmp/juicefs-c03-20260817-100609/cache/go-build-125/92	dir	700	lilingfeng	lilingfeng	12288	1786934378.2940713160	
/home/lilingfeng/tmp/juicefs-c03-20260817-100609/cache/go-build-125/18	dir	700	lilingfeng	lilingfeng	12288	1786934407.0425873550	
/home/lilingfeng/tmp/juicefs-c03-20260817-100609/cache/go-build-125/e8	dir	700	lilingfeng	lilingfeng	16384	1786934365.6378397260	
/home/lilingfeng/tmp/juicefs-c03-20260817-100609/cache/go-build-125/a6	dir	700	lilingfeng	lilingfeng	12288	1786934376.2140333430	
/home/lilingfeng/tmp/juicefs-c03-20260817-100609/cache/go-build-125/02	dir	700	lilingfeng	lilingfeng	12288	1786934364.2178134250	
/home/lilingfeng/tmp/juicefs-c03-20260817-100609/cache/go-build-125/24	dir	700	lilingfeng	lilingfeng	12288	1786934362.5657822260	
/home/lilingfeng/tmp/juicefs-c03-20260817-100609/cache/go-build-125/d3	dir	700	lilingfeng	lilingfeng	12288	1786934363.7938054210	
/home/lilingfeng/tmp/juicefs-c03-20260817-100609/cache/go-build-125/32	dir	700	lilingfeng	lilingfeng	12288	1786934365.6338396550	
/home/lilingfeng/tmp/juicefs-c03-20260817-100609/cache/go-build-125/e5	dir	700	lilingfeng	lilingfeng	12288	1786934365.3778349590	
/home/lilingfeng/tmp/juicefs-c03-20260817-100609/cache/go-build-125/c6	dir	700	lilingfeng	lilingfeng	12288	1786934404.3145352780	
/home/lilingfeng/tmp/juicefs-c03-20260817-100609/cache/go-build-125/f9	dir	700	lilingfeng	lilingfeng	16384	1786934404.2985349840	
/home/lilingfeng/tmp/juicefs-c03-20260817-100609/cache/go-build-125/59	dir	700	lilingfeng	lilingfeng	16384	1786934361.7617670460	
/home/lilingfeng/tmp/juicefs-c03-20260817-100609/cache/go-build-125/91	dir	700	lilingfeng	lilingfeng	12288	1786934365.3738348880	
/home/lilingfeng/tmp/juicefs-c03-20260817-100609/cache/go-build-125/be	dir	700	lilingfeng	lilingfeng	16384	1786934362.4697804130	
/home/lilingfeng/tmp/juicefs-c03-20260817-100609/cache/go-build-125/2d	dir	700	lilingfeng	lilingfeng	16384	1786934409.9346431050	
/home/lilingfeng/tmp/juicefs-c03-20260817-100609/cache/go-build-125/b1	dir	700	lilingfeng	lilingfeng	12288	1786934410.1146465740	
/home/lilingfeng/tmp/juicefs-c03-20260817-100609/cache/go-build-125/c9	dir	700	lilingfeng	lilingfeng	12288	1786934340.1813993950	
/home/lilingfeng/tmp/juicefs-c03-20260817-100609/cache/go-build-125/f7	dir	700	lilingfeng	lilingfeng	12288	1786934365.6138392860	
/home/lilingfeng/tmp/juicefs-c03-20260817-100609/cache/go-build-125/dd	dir	700	lilingfeng	lilingfeng	12288	1786934363.5218002820	
/home/lilingfeng/tmp/juicefs-c03-20260817-100609/cache/go-build-125/4c	dir	700	lilingfeng	lilingfeng	12288	1786934407.0345872020	
/home/lilingfeng/tmp/juicefs-c03-20260817-100609/cache/go-build-125/57	dir	700	lilingfeng	lilingfeng	12288	1786934364.5578198450	
/home/lilingfeng/tmp/juicefs-c03-20260817-100609/cache/go-build-125/7a	dir	700	lilingfeng	lilingfeng	12288	1786934363.8818070820	
/home/lilingfeng/tmp/juicefs-c03-20260817-100609/cache/go-build-125/75	dir	700	lilingfeng	lilingfeng	12288	1786934362.6697841900	
/home/lilingfeng/tmp/juicefs-c03-20260817-100609/cache/go-build-125/37	dir	700	lilingfeng	lilingfeng	12288	1786934404.2705344770	
/home/lilingfeng/tmp/juicefs-c03-20260817-100609/cache/go-build-125/5f	dir	700	lilingfeng	lilingfeng	12288	1786934378.8780819800	
/home/lilingfeng/tmp/juicefs-c03-20260817-100609/cache/go-build-125/67	dir	700	lilingfeng	lilingfeng	12288	1786934364.4658181080	
/home/lilingfeng/tmp/juicefs-c03-20260817-100609/cache/go-build-125/98	dir	700	lilingfeng	lilingfeng	12288	1786934362.8857882690	
/home/lilingfeng/tmp/juicefs-c03-20260817-100609/cache/go-build-125/a0	dir	700	lilingfeng	lilingfeng	12288	1786934364.4978187130	
/home/lilingfeng/tmp/juicefs-c03-20260817-100609/cache/go-build-125/fa	dir	700	lilingfeng	lilingfeng	12288	1786934360.6217509070	
/home/lilingfeng/tmp/juicefs-c03-20260817-100609/cache/go-build-125/82	dir	700	lilingfeng	lilingfeng	12288	1786934363.4857996040	
/home/lilingfeng/tmp/juicefs-c03-20260817-100609/cache/go-build-125/6b	dir	700	lilingfeng	lilingfeng	12288	1786934365.5058373050	
/home/lilingfeng/tmp/juicefs-c03-20260817-100609/cache/go-build-125/38	dir	700	lilingfeng	lilingfeng	16384	1786934406.8905844270	
/home/lilingfeng/tmp/juicefs-c03-20260817-100609/cache/go-build-125/60	dir	700	lilingfeng	lilingfeng	12288	1786934365.3178338590	
/home/lilingfeng/tmp/juicefs-c03-20260817-100609/cache/go-build-125/78	dir	700	lilingfeng	lilingfeng	12288	1786934378.2540705850	
/home/lilingfeng/tmp/juicefs-c03-20260817-100609/cache/go-build-125/c1	dir	700	lilingfeng	lilingfeng	12288	1786934363.6858033790	
/home/lilingfeng/tmp/juicefs-c03-20260817-100609/cache/go-build-125/93	dir	700	lilingfeng	lilingfeng	12288	1786934363.0817919720	
/home/lilingfeng/tmp/juicefs-c03-20260817-100609/cache/go-build-125/99	dir	700	lilingfeng	lilingfeng	12288	1786934365.9058446360	
/home/lilingfeng/tmp/juicefs-c03-20260817-100609/cache/go-build-125/3b	dir	700	lilingfeng	lilingfeng	12288	1786934362.0537725590	
/home/lilingfeng/tmp/juicefs-c03-20260817-100609/cache/go-build-125/f1	dir	700	lilingfeng	lilingfeng	12288	1786934379.8260992880	
/home/lilingfeng/tmp/juicefs-c03-20260817-100609/cache/go-build-125/b6	dir	700	lilingfeng	lilingfeng	12288	1786934364.6018206770	
/home/lilingfeng/tmp/juicefs-c03-20260817-100609/cache/go-build-125/8c	dir	700	lilingfeng	lilingfeng	12288	1786934364.9818277010	
/home/lilingfeng/tmp/juicefs-c03-20260817-100609/cache/go-build-125/79	dir	700	lilingfeng	lilingfeng	12288	1786934403.5785218700	
/home/lilingfeng/tmp/juicefs-c03-20260817-100609/cache/go-build-125/55	dir	700	lilingfeng	lilingfeng	16384	1786934364.4698181830	
/home/lilingfeng/tmp/juicefs-c03-20260817-100609/cache/go-build-125/9b	dir	700	lilingfeng	lilingfeng	12288	1786934362.8857882690	
/home/lilingfeng/tmp/juicefs-c03-20260817-100609/cache/go-build-125/ca	dir	700	lilingfeng	lilingfeng	12288	1786934403.5585215060	
/home/lilingfeng/tmp/juicefs-c03-20260817-100609/cache/go-build-125/6e	dir	700	lilingfeng	lilingfeng	12288	1786934363.7818051940	
/home/lilingfeng/tmp/juicefs-c03-20260817-100609/cache/go-build-125/4e	dir	700	lilingfeng	lilingfeng	12288	1786934404.1945330900	
/home/lilingfeng/tmp/juicefs-c03-20260817-100609/cache/go-build-125/6c	dir	700	lilingfeng	lilingfeng	12288	1786934409.4906345460	
/home/lilingfeng/tmp/juicefs-c03-20260817-100609/cache/go-build-125/51	dir	700	lilingfeng	lilingfeng	12288	1786934364.2178134250	
/home/lilingfeng/tmp/juicefs-c03-20260817-100609/cache/go-build-125/53	dir	700	lilingfeng	lilingfeng	12288	1786934365.6378397260	
/home/lilingfeng/tmp/juicefs-c03-20260817-100609/cache/go-build-125/09	dir	700	lilingfeng	lilingfeng	12288	1786934363.7098038330	
/home/lilingfeng/tmp/juicefs-c03-20260817-100609/cache/go-build-125/81	dir	700	lilingfeng	lilingfeng	16384	1786934361.8937695380	
/home/lilingfeng/tmp/juicefs-c03-20260817-100609/cache/go-build-125/5d	dir	700	lilingfeng	lilingfeng	12288	1786934362.0377722560	
/home/lilingfeng/tmp/juicefs-c03-20260817-100609/cache/go-build-125/9c	dir	700	lilingfeng	lilingfeng	12288	1786934404.2705344770	
/home/lilingfeng/tmp/juicefs-c03-20260817-100609/cache/go-build-125/fb	dir	700	lilingfeng	lilingfeng	12288	1786934365.5898388460	
/home/lilingfeng/tmp/juicefs-c03-20260817-100609/cache/go-build-125/7c	dir	700	lilingfeng	lilingfeng	12288	1786934404.3105352060	
/home/lilingfeng/tmp/juicefs-c03-20260817-100609/cache/go-build-125/d5	dir	700	lilingfeng	lilingfeng	12288	1786934376.2140333430	
/home/lilingfeng/tmp/juicefs-c03-20260817-100609/cache/go-build-125/70	dir	700	lilingfeng	lilingfeng	12288	1786934403.5665216530	
/home/lilingfeng/tmp/juicefs-c03-20260817-100609/cache/go-build-125/f5	dir	700	lilingfeng	lilingfeng	12288	1786934378.4020732870	
/home/lilingfeng/tmp/juicefs-c03-20260817-100609/cache/go-build-125/0d	dir	700	lilingfeng	lilingfeng	16384	1786934407.0465874320	
/home/lilingfeng/tmp/juicefs-c03-20260817-100609/cache/go-build-125/72	dir	700	lilingfeng	lilingfeng	12288	1786934403.5745217990	
/home/lilingfeng/tmp/juicefs-c03-20260817-100609/cache/go-build-125/e4	dir	700	lilingfeng	lilingfeng	12288	1786934363.5458007360	
/home/lilingfeng/tmp/juicefs-c03-20260817-100609/cache/go-build-125/d2	dir	700	lilingfeng	lilingfeng	12288	1786934409.4986346990	
/home/lilingfeng/tmp/juicefs-c03-20260817-100609/cache/go-build-125/b0	dir	700	lilingfeng	lilingfeng	12288	1786934378.9660835870	
/home/lilingfeng/tmp/juicefs-c03-20260817-100609/cache/go-build-125/fe	dir	700	lilingfeng	lilingfeng	12288	1786934361.2257590350	
/home/lilingfeng/tmp/juicefs-c03-20260817-100609/cache/go-build-125/41	dir	700	lilingfeng	lilingfeng	12288	1786934404.3225354240	
/home/lilingfeng/tmp/juicefs-c03-20260817-100609/cache/go-build-125/3c	dir	700	lilingfeng	lilingfeng	16384	1786934371.2259421610	
/home/lilingfeng/tmp/juicefs-c03-20260817-100609/cache/go-build-125/45	dir	700	lilingfeng	lilingfeng	12288	1786934406.4305755580	
/home/lilingfeng/tmp/juicefs-c03-20260817-100609/cache/go-build-125/87	dir	700	lilingfeng	lilingfeng	12288	1786934365.5898388460	
/home/lilingfeng/tmp/juicefs-c03-20260817-100609/cache/go-build-125/0e	dir	700	lilingfeng	lilingfeng	12288	1786934372.0459571970	
/home/lilingfeng/tmp/juicefs-c03-20260817-100609/cache/go-build-125/cf	dir	700	lilingfeng	lilingfeng	12288	1786934378.6940786190	
/home/lilingfeng/tmp/juicefs-c03-20260817-100609/cache/go-build-125/b9	dir	700	lilingfeng	lilingfeng	12288	1786934404.3585360770	
/home/lilingfeng/tmp/juicefs-c03-20260817-100609/cache/go-build-125/64	dir	700	lilingfeng	lilingfeng	12288	1786934360.0417430990	
/home/lilingfeng/tmp/juicefs-c03-20260817-100609/cache/go-build-125/ed	dir	700	lilingfeng	lilingfeng	12288	1786934365.9698458100	
/home/lilingfeng/tmp/juicefs-c03-20260817-100609/cache/go-build-125/f6	dir	700	lilingfeng	lilingfeng	16384	1786934364.7898241780	
/home/lilingfeng/tmp/juicefs-c03-20260817-100609/cache/go-build-125/90	dir	700	lilingfeng	lilingfeng	16384	1786934365.4778367950	
/home/lilingfeng/tmp/juicefs-c03-20260817-100609/cache/go-build-125/44	dir	700	lilingfeng	lilingfeng	12288	1786934409.4666340830	
/home/lilingfeng/tmp/juicefs-c03-20260817-100609/cache/go-build-125/06	dir	700	lilingfeng	lilingfeng	12288	1786934360.9617554780	
/home/lilingfeng/tmp/juicefs-c03-20260817-100609/cache/go-build-125/20	dir	700	lilingfeng	lilingfeng	12288	1786934364.5658199960	
/home/lilingfeng/tmp/juicefs-c03-20260817-100609/cache/go-build-125/0c	dir	700	lilingfeng	lilingfeng	12288	1786934364.3538159950	
/home/lilingfeng/tmp/juicefs-c03-20260817-100609/cache/go-build-125/62	dir	700	lilingfeng	lilingfeng	12288	1786934365.5018372350	
/home/lilingfeng/tmp/juicefs-c03-20260817-100609/cache/go-build-125/13	dir	700	lilingfeng	lilingfeng	16384	1786934362.9577896310	
/home/lilingfeng/tmp/juicefs-c03-20260817-100609/cache/go-build-125/7e	dir	700	lilingfeng	lilingfeng	12288	1786934410.0706457250	
/home/lilingfeng/tmp/juicefs-c03-20260817-100609/cache/go-build-125/47	dir	700	lilingfeng	lilingfeng	12288	1786934361.0897572040	
/home/lilingfeng/tmp/juicefs-c03-20260817-100609/cache/go-build-125/63	dir	700	lilingfeng	lilingfeng	12288	1786934360.6377511200	
/home/lilingfeng/tmp/juicefs-c03-20260817-100609/cache/go-build-125/e9	dir	700	lilingfeng	lilingfeng	12288	1786934365.6298395800	
/home/lilingfeng/tmp/juicefs-c03-20260817-100609/cache/go-build-125/cc	dir	700	lilingfeng	lilingfeng	12288	1786934365.9698458100	
/home/lilingfeng/tmp/juicefs-c03-20260817-100609/cache/go-build-125/88	dir	700	lilingfeng	lilingfeng	12288	1786934363.2897959020	
/home/lilingfeng/tmp/juicefs-c03-20260817-100609/cache/go-build-125/b4	dir	700	lilingfeng	lilingfeng	12288	1786934376.5180388960	
/home/lilingfeng/tmp/juicefs-c03-20260817-100609/cache/go-build-125/43	dir	700	lilingfeng	lilingfeng	12288	1786934372.0459571970	
/home/lilingfeng/tmp/juicefs-c03-20260817-100609/cache/go-build-125/35	dir	700	lilingfeng	lilingfeng	12288	1786934362.7617859270	
/home/lilingfeng/tmp/juicefs-c03-20260817-100609/cache/go-build-125/dc	dir	700	lilingfeng	lilingfeng	12288	1786934364.7858241040	
/home/lilingfeng/tmp/juicefs-c03-20260817-100609/cache/go-build-125/15	dir	700	lilingfeng	lilingfeng	12288	1786934364.9818277010	
/home/lilingfeng/tmp/juicefs-c03-20260817-100609/cache/go-build-125/11	dir	700	lilingfeng	lilingfeng	16384	1786934378.6940786190	
/home/lilingfeng/tmp/juicefs-c03-20260817-100609/cache/go-build-125/de	dir	700	lilingfeng	lilingfeng	12288	1786934371.2259421610	
/home/lilingfeng/tmp/juicefs-c03-20260817-100609/cache/go-build-125/61	dir	700	lilingfeng	lilingfeng	12288	1786934362.8817881940	
/home/lilingfeng/tmp/juicefs-c03-20260817-100609/cache/go-build-125/00	dir	700	lilingfeng	lilingfeng	12288	1786934407.0185868950	
/home/lilingfeng/tmp/juicefs-c03-20260817-100609/cache/go-build-125/2a	dir	700	lilingfeng	lilingfeng	12288	1786934363.8618067060	
/home/lilingfeng/tmp/juicefs-c03-20260817-100609/cache/go-build-125/03	dir	700	lilingfeng	lilingfeng	12288	1786934410.1146465740	
/home/lilingfeng/tmp/juicefs-c03-20260817-100609/cache/go-build-125/89	dir	700	lilingfeng	lilingfeng	16384	1786934403.5665216530	
/home/lilingfeng/tmp/juicefs-c03-20260817-100609/cache/go-build-125/36	dir	700	lilingfeng	lilingfeng	12288	1786934364.6138209030	
/home/lilingfeng/tmp/juicefs-c03-20260817-100609/cache/go-build-125/d7	dir	700	lilingfeng	lilingfeng	12288	1786934410.0826459580	
/home/lilingfeng/tmp/juicefs-c03-20260817-100609/cache/go-build-125/23	dir	700	lilingfeng	lilingfeng	16384	1786934363.5418006610	
/home/lilingfeng/tmp/juicefs-c03-20260817-100609/cache/go-build-125/d8	dir	700	lilingfeng	lilingfeng	12288	1786934379.7900986320	
/home/lilingfeng/tmp/juicefs-c03-20260817-100609/cache/go-build-125/c0	dir	700	lilingfeng	lilingfeng	12288	1786934364.2218135010	
/home/lilingfeng/tmp/juicefs-c03-20260817-100609/cache/go-build-125/21	dir	700	lilingfeng	lilingfeng	12288	1786934406.4265754830	
/home/lilingfeng/tmp/juicefs-c03-20260817-100609/cache/go-build-125/42	dir	700	lilingfeng	lilingfeng	12288	1786934364.6818221880	
/home/lilingfeng/tmp/juicefs-c03-20260817-100609/cache/go-build-125/33	dir	700	lilingfeng	lilingfeng	12288	1786934364.4738182590	
/home/lilingfeng/tmp/juicefs-c03-20260817-100609/cache/go-build-125/9a	dir	700	lilingfeng	lilingfeng	12288	1786934403.5745217990	
/home/lilingfeng/tmp/juicefs-c03-20260817-100609/cache/go-build-125/71	dir	700	lilingfeng	lilingfeng	12288	1786934403.5865220180	
/home/lilingfeng/tmp/juicefs-c03-20260817-100609/cache/go-build-125/bb	dir	700	lilingfeng	lilingfeng	12288	1786934407.1505894370	
/home/lilingfeng/tmp/juicefs-c03-20260817-100609/cache/go-build-125/74	dir	700	lilingfeng	lilingfeng	12288	1786934404.2385338940	
/home/lilingfeng/tmp/juicefs-c03-20260817-100609/cache/go-build-125/04	dir	700	lilingfeng	lilingfeng	12288	1786934362.6857844930	
/home/lilingfeng/tmp/juicefs-c03-20260817-100609/cache/go-build-125/31	dir	700	lilingfeng	lilingfeng	12288	1786934406.4305755580	
/home/lilingfeng/tmp/juicefs-c03-20260817-100609/cache/go-build-126	dir	700	lilingfeng	lilingfeng	4096	1786933169.6157515170	
/home/lilingfeng/tmp/juicefs-c03-20260817-100609/cache/go-build-126/b2	dir	700	lilingfeng	lilingfeng	20480	1786934386.3902195600	
/home/lilingfeng/tmp/juicefs-c03-20260817-100609/cache/go-build-126/ae	dir	700	lilingfeng	lilingfeng	16384	1786934433.1710713180	
/home/lilingfeng/tmp/juicefs-c03-20260817-100609/cache/go-build-126/25	dir	700	lilingfeng	lilingfeng	16384	1786934387.3982380390	
/home/lilingfeng/tmp/juicefs-c03-20260817-100609/cache/go-build-126/84	dir	700	lilingfeng	lilingfeng	12288	1786934438.2191639940	
/home/lilingfeng/tmp/juicefs-c03-20260817-100609/cache/go-build-126/40	dir	700	lilingfeng	lilingfeng	20480	1786934393.1143427970	
/home/lilingfeng/tmp/juicefs-c03-20260817-100609/cache/go-build-126/5c	dir	700	lilingfeng	lilingfeng	20480	1786934437.4231494020	
/home/lilingfeng/tmp/juicefs-c03-20260817-100609/cache/go-build-126/17	dir	700	lilingfeng	lilingfeng	16384	1786934400.5384714630	
/home/lilingfeng/tmp/juicefs-c03-20260817-100609/cache/go-build-126/1e	dir	700	lilingfeng	lilingfeng	16384	1786934387.6662429550	
/home/lilingfeng/tmp/juicefs-c03-20260817-100609/cache/go-build-126/6f	dir	700	lilingfeng	lilingfeng	16384	1786934432.6630619890	
/home/lilingfeng/tmp/juicefs-c03-20260817-100609/cache/go-build-126/ff	dir	700	lilingfeng	lilingfeng	20480	1786934388.0622502160	
/home/lilingfeng/tmp/juicefs-c03-20260817-100609/cache/go-build-126/1b	dir	700	lilingfeng	lilingfeng	16384	1786934432.6630619890	
/home/lilingfeng/tmp/juicefs-c03-20260817-100609/cache/go-build-126/7d	dir	700	lilingfeng	lilingfeng	20480	1786934387.3062363560	
/home/lilingfeng/tmp/juicefs-c03-20260817-100609/cache/go-build-126/b8	dir	700	lilingfeng	lilingfeng	16384	1786934381.8661366200	
/home/lilingfeng/tmp/juicefs-c03-20260817-100609/cache/go-build-126/4b	dir	700	lilingfeng	lilingfeng	12288	1786934434.8391019570	
/home/lilingfeng/tmp/juicefs-c03-20260817-100609/cache/go-build-126/1d	dir	700	lilingfeng	lilingfeng	20480	1786934393.1143427970	
/home/lilingfeng/tmp/juicefs-c03-20260817-100609/cache/go-build-126/e0	dir	700	lilingfeng	lilingfeng	16384	1786934387.6182420750	
/home/lilingfeng/tmp/juicefs-c03-20260817-100609/cache/go-build-126/c2	dir	700	lilingfeng	lilingfeng	16384	1786934398.6904412260	
/home/lilingfeng/tmp/juicefs-c03-20260817-100609/cache/go-build-126/05	dir	700	lilingfeng	lilingfeng	16384	1786934402.0224957440	
/home/lilingfeng/tmp/juicefs-c03-20260817-100609/cache/go-build-126/fc	dir	700	lilingfeng	lilingfeng	16384	1786934438.0551609880	
/home/lilingfeng/tmp/juicefs-c03-20260817-100609/cache/go-build-126/b3	dir	700	lilingfeng	lilingfeng	20480	1786934387.1022326180	
/home/lilingfeng/tmp/juicefs-c03-20260817-100609/cache/go-build-126/27	dir	700	lilingfeng	lilingfeng	12288	1786934402.0464961370	
/home/lilingfeng/tmp/juicefs-c03-20260817-100609/cache/go-build-126/a9	dir	700	lilingfeng	lilingfeng	16384	1786934383.8981738770	
/home/lilingfeng/tmp/juicefs-c03-20260817-100609/cache/go-build-126/83	dir	700	lilingfeng	lilingfeng	16384	1786934386.4302202960	
/home/lilingfeng/tmp/juicefs-c03-20260817-100609/cache/go-build-126/f4	dir	700	lilingfeng	lilingfeng	16384	1786934386.6222238160	
/home/lilingfeng/tmp/juicefs-c03-20260817-100609/cache/go-build-126/8a	dir	700	lilingfeng	lilingfeng	16384	1786934386.3542189010	
/home/lilingfeng/tmp/juicefs-c03-20260817-100609/cache/go-build-126/a3	dir	700	lilingfeng	lilingfeng	16384	1786934433.0790696280	
/home/lilingfeng/tmp/juicefs-c03-20260817-100609/cache/go-build-126/ad	dir	700	lilingfeng	lilingfeng	16384	1786934386.4302202960	
/home/lilingfeng/tmp/juicefs-c03-20260817-100609/cache/go-build-126/73	dir	700	lilingfeng	lilingfeng	12288	1786934383.3901645610	
/home/lilingfeng/tmp/juicefs-c03-20260817-100609/cache/go-build-126/6a	dir	700	lilingfeng	lilingfeng	16384	1786934401.1744818700	
/home/lilingfeng/tmp/juicefs-c03-20260817-100609/cache/go-build-126/50	dir	700	lilingfeng	lilingfeng	16384	1786934433.1150702910	
/home/lilingfeng/tmp/juicefs-c03-20260817-100609/cache/go-build-126/28	dir	700	lilingfeng	lilingfeng	16384	1786934387.1902342290	
/home/lilingfeng/tmp/juicefs-c03-20260817-100609/cache/go-build-126/2b	dir	700	lilingfeng	lilingfeng	16384	1786934434.8471021050	
/home/lilingfeng/tmp/juicefs-c03-20260817-100609/cache/go-build-126/f8	dir	700	lilingfeng	lilingfeng	12288	1786934384.5501858330	
/home/lilingfeng/tmp/juicefs-c03-20260817-100609/cache/go-build-126/2c	dir	700	lilingfeng	lilingfeng	16384	1786934384.7221889840	
/home/lilingfeng/tmp/juicefs-c03-20260817-100609/cache/go-build-126/README	dir	600	lilingfeng	lilingfeng	218	1786933018.7718706040	
/home/lilingfeng/tmp/juicefs-c03-20260817-100609/cache/go-build-126/ac	dir	700	lilingfeng	lilingfeng	20480	1786934392.8183373720	
/home/lilingfeng/tmp/juicefs-c03-20260817-100609/cache/go-build-126/f3	dir	700	lilingfeng	lilingfeng	20480	1786934384.5141851730	
/home/lilingfeng/tmp/juicefs-c03-20260817-100609/cache/go-build-126/16	dir	700	lilingfeng	lilingfeng	16384	1786934400.6424731650	
/home/lilingfeng/tmp/juicefs-c03-20260817-100609/cache/go-build-126/b5	dir	700	lilingfeng	lilingfeng	16384	1786934434.4390946090	
/home/lilingfeng/tmp/juicefs-c03-20260817-100609/cache/go-build-126/ef	dir	700	lilingfeng	lilingfeng	16384	1786934387.8662466210	
/home/lilingfeng/tmp/juicefs-c03-20260817-100609/cache/go-build-126/86	dir	700	lilingfeng	lilingfeng	12288	1786934384.9901939010	
/home/lilingfeng/tmp/juicefs-c03-20260817-100609/cache/go-build-126/ba	dir	700	lilingfeng	lilingfeng	12288	1786934386.5782230110	
/home/lilingfeng/tmp/juicefs-c03-20260817-100609/cache/go-build-126/c7	dir	700	lilingfeng	lilingfeng	16384	1786934387.3822377460	
/home/lilingfeng/tmp/juicefs-c03-20260817-100609/cache/go-build-126/68	dir	700	lilingfeng	lilingfeng	16384	1786934433.0110683790	
/home/lilingfeng/tmp/juicefs-c03-20260817-100609/cache/go-build-126/12	dir	700	lilingfeng	lilingfeng	16384	1786934387.9422480160	
/home/lilingfeng/tmp/juicefs-c03-20260817-100609/cache/go-build-126/df	dir	700	lilingfeng	lilingfeng	16384	1786934435.0791063660	
/home/lilingfeng/tmp/juicefs-c03-20260817-100609/cache/go-build-126/30	dir	700	lilingfeng	lilingfeng	20480	1786934381.7981353720	
/home/lilingfeng/tmp/juicefs-c03-20260817-100609/cache/go-build-126/fd	dir	700	lilingfeng	lilingfeng	20480	1786934400.5424715270	
/home/lilingfeng/tmp/juicefs-c03-20260817-100609/cache/go-build-126/3d	dir	700	lilingfeng	lilingfeng	20480	1786934387.7262440550	
/home/lilingfeng/tmp/juicefs-c03-20260817-100609/cache/go-build-126/96	dir	700	lilingfeng	lilingfeng	16384	1786934398.3184351380	
/home/lilingfeng/tmp/juicefs-c03-20260817-100609/cache/go-build-126/ec	dir	700	lilingfeng	lilingfeng	20480	1786934434.4390946090	
/home/lilingfeng/tmp/juicefs-c03-20260817-100609/cache/go-build-126/54	dir	700	lilingfeng	lilingfeng	16384	1786934433.1510709500	
/home/lilingfeng/tmp/juicefs-c03-20260817-100609/cache/go-build-126/8b	dir	700	lilingfeng	lilingfeng	20480	1786934398.6944412910	
/home/lilingfeng/tmp/juicefs-c03-20260817-100609/cache/go-build-126/cb	dir	700	lilingfeng	lilingfeng	16384	1786934398.9664457410	
/home/lilingfeng/tmp/juicefs-c03-20260817-100609/cache/go-build-126/80	dir	700	lilingfeng	lilingfeng	12288	1786934383.8421728520	
/home/lilingfeng/tmp/juicefs-c03-20260817-100609/cache/go-build-126/7b	dir	700	lilingfeng	lilingfeng	20480	1786934386.1982160410	
/home/lilingfeng/tmp/juicefs-c03-20260817-100609/cache/go-build-126/e2	dir	700	lilingfeng	lilingfeng	16384	1786934432.6630619890	
/home/lilingfeng/tmp/juicefs-c03-20260817-100609/cache/go-build-126/34	dir	700	lilingfeng	lilingfeng	12288	1786934384.1501785000	
/home/lilingfeng/tmp/juicefs-c03-20260817-100609/cache/go-build-126/ab	dir	700	lilingfeng	lilingfeng	16384	1786934387.5702411950	
/home/lilingfeng/tmp/juicefs-c03-20260817-100609/cache/go-build-126/ce	dir	700	lilingfeng	lilingfeng	16384	1786934382.7141521650	
/home/lilingfeng/tmp/juicefs-c03-20260817-100609/cache/go-build-126/6d	dir	700	lilingfeng	lilingfeng	16384	1786934393.1183428710	
/home/lilingfeng/tmp/juicefs-c03-20260817-100609/cache/go-build-126/a7	dir	700	lilingfeng	lilingfeng	16384	1786934385.9742119380	
/home/lilingfeng/tmp/juicefs-c03-20260817-100609/cache/go-build-126/97	dir	700	lilingfeng	lilingfeng	12288	1786934387.0822322490	
/home/lilingfeng/tmp/juicefs-c03-20260817-100609/cache/go-build-126/bc	dir	700	lilingfeng	lilingfeng	20480	1786934402.0464961370	
/home/lilingfeng/tmp/juicefs-c03-20260817-100609/cache/go-build-126/db	dir	700	lilingfeng	lilingfeng	12288	1786934403.4185189590	
/home/lilingfeng/tmp/juicefs-c03-20260817-100609/cache/go-build-126/1a	dir	700	lilingfeng	lilingfeng	12288	1786934432.8670657330	
/home/lilingfeng/tmp/juicefs-c03-20260817-100609/cache/go-build-126/da	dir	700	lilingfeng	lilingfeng	16384	1786934384.0621768880	
/home/lilingfeng/tmp/juicefs-c03-20260817-100609/cache/go-build-126/d9	dir	700	lilingfeng	lilingfeng	20480	1786934387.1902342290	
/home/lilingfeng/tmp/juicefs-c03-20260817-100609/cache/go-build-126/1c	dir	700	lilingfeng	lilingfeng	12288	1786934433.1510709500	
/home/lilingfeng/tmp/juicefs-c03-20260817-100609/cache/go-build-126/19	dir	700	lilingfeng	lilingfeng	16384	1786934387.5702411950	
/home/lilingfeng/tmp/juicefs-c03-20260817-100609/cache/go-build-126/08	dir	700	lilingfeng	lilingfeng	16384	1786934387.4102382610	
/home/lilingfeng/tmp/juicefs-c03-20260817-100609/cache/go-build-126/ea	dir	700	lilingfeng	lilingfeng	16384	1786934432.6630619890	
/home/lilingfeng/tmp/juicefs-c03-20260817-100609/cache/go-build-126/01	dir	700	lilingfeng	lilingfeng	16384	1786934384.2181797490	
/home/lilingfeng/tmp/juicefs-c03-20260817-100609/cache/go-build-126/77	dir	700	lilingfeng	lilingfeng	16384	1786934383.6621695520	
/home/lilingfeng/tmp/juicefs-c03-20260817-100609/cache/go-build-126/aa	dir	700	lilingfeng	lilingfeng	16384	1786934433.1110702160	
/home/lilingfeng/tmp/juicefs-c03-20260817-100609/cache/go-build-126/bf	dir	700	lilingfeng	lilingfeng	16384	1786934388.0582501450	
/home/lilingfeng/tmp/juicefs-c03-20260817-100609/cache/go-build-126/8f	dir	700	lilingfeng	lilingfeng	16384	1786934433.1510709500	
/home/lilingfeng/tmp/juicefs-c03-20260817-100609/cache/go-build-126/e1	dir	700	lilingfeng	lilingfeng	16384	1786934383.8941738070	
/home/lilingfeng/tmp/juicefs-c03-20260817-100609/cache/go-build-126/3a	dir	700	lilingfeng	lilingfeng	16384	1786934435.0791063660	
/home/lilingfeng/tmp/juicefs-c03-20260817-100609/cache/go-build-126/e3	dir	700	lilingfeng	lilingfeng	16384	1786934435.0911065860	
/home/lilingfeng/tmp/juicefs-c03-20260817-100609/cache/go-build-126/29	dir	700	lilingfeng	lilingfeng	16384	1786934387.0862323230	
/home/lilingfeng/tmp/juicefs-c03-20260817-100609/cache/go-build-126/26	dir	700	lilingfeng	lilingfeng	12288	1786934388.0662502900	
/home/lilingfeng/tmp/juicefs-c03-20260817-100609/cache/go-build-126/d1	dir	700	lilingfeng	lilingfeng	16384	1786934433.0910698480	
/home/lilingfeng/tmp/juicefs-c03-20260817-100609/cache/go-build-126/48	dir	700	lilingfeng	lilingfeng	12288	1786934394.0143592870	
/home/lilingfeng/tmp/juicefs-c03-20260817-100609/cache/go-build-126/3f	dir	700	lilingfeng	lilingfeng	12288	1786934433.1150702910	
/home/lilingfeng/tmp/juicefs-c03-20260817-100609/cache/go-build-126/cd	dir	700	lilingfeng	lilingfeng	16384	1786934386.4822212500	
/home/lilingfeng/tmp/juicefs-c03-20260817-100609/cache/go-build-126/a4	dir	700	lilingfeng	lilingfeng	12288	1786934384.5261853930	
/home/lilingfeng/tmp/juicefs-c03-20260817-100609/cache/go-build-126/49	dir	700	lilingfeng	lilingfeng	16384	1786934386.3582189750	
/home/lilingfeng/tmp/juicefs-c03-20260817-100609/cache/go-build-126/85	dir	700	lilingfeng	lilingfeng	16384	1786934392.8623381820	
/home/lilingfeng/tmp/juicefs-c03-20260817-100609/cache/go-build-126/4a	dir	700	lilingfeng	lilingfeng	12288	1786934383.4461655910	
/home/lilingfeng/tmp/juicefs-c03-20260817-100609/cache/go-build-126/46	dir	700	lilingfeng	lilingfeng	12288	1786934385.8902103970	
/home/lilingfeng/tmp/juicefs-c03-20260817-100609/cache/go-build-126/a1	dir	700	lilingfeng	lilingfeng	20480	1786934434.4390946090	
/home/lilingfeng/tmp/juicefs-c03-20260817-100609/cache/go-build-126/4f	dir	700	lilingfeng	lilingfeng	16384	1786934394.0543600220	
/home/lilingfeng/tmp/juicefs-c03-20260817-100609/cache/go-build-126/e7	dir	700	lilingfeng	lilingfeng	12288	1786934383.3741642700	
/home/lilingfeng/tmp/juicefs-c03-20260817-100609/cache/go-build-126/69	dir	700	lilingfeng	lilingfeng	16384	1786934387.8702466950	
/home/lilingfeng/tmp/juicefs-c03-20260817-100609/cache/go-build-126/0a	dir	700	lilingfeng	lilingfeng	16384	1786934401.1744818700	
/home/lilingfeng/tmp/juicefs-c03-20260817-100609/cache/go-build-126/07	dir	700	lilingfeng	lilingfeng	16384	1786934433.1510709500	
/home/lilingfeng/tmp/juicefs-c03-20260817-100609/cache/go-build-126/58	dir	700	lilingfeng	lilingfeng	20480	1786934384.4861846630	
/home/lilingfeng/tmp/juicefs-c03-20260817-100609/cache/go-build-126/d0	dir	700	lilingfeng	lilingfeng	12288	1786934386.7422260160	
/home/lilingfeng/tmp/juicefs-c03-20260817-100609/cache/go-build-126/14	dir	700	lilingfeng	lilingfeng	12288	1786934432.8830660270	
/home/lilingfeng/tmp/juicefs-c03-20260817-100609/cache/go-build-126/9d	dir	700	lilingfeng	lilingfeng	16384	1786934401.1744818700	
/home/lilingfeng/tmp/juicefs-c03-20260817-100609/cache/go-build-126/0f	dir	700	lilingfeng	lilingfeng	16384	1786934384.6861883280	
/home/lilingfeng/tmp/juicefs-c03-20260817-100609/cache/go-build-126/95	dir	700	lilingfeng	lilingfeng	16384	1786934434.4230943150	
/home/lilingfeng/tmp/juicefs-c03-20260817-100609/cache/go-build-126/22	dir	700	lilingfeng	lilingfeng	16384	1786934383.0501583280	
/home/lilingfeng/tmp/juicefs-c03-20260817-100609/cache/go-build-126/8e	dir	700	lilingfeng	lilingfeng	16384	1786934387.4862396560	
/home/lilingfeng/tmp/juicefs-c03-20260817-100609/cache/go-build-126/0b	dir	700	lilingfeng	lilingfeng	16384	1786934384.1501785000	
/home/lilingfeng/tmp/juicefs-c03-20260817-100609/cache/go-build-126/d6	dir	700	lilingfeng	lilingfeng	16384	1786934387.5662411210	
/home/lilingfeng/tmp/juicefs-c03-20260817-100609/cache/go-build-126/f2	dir	700	lilingfeng	lilingfeng	16384	1786934384.8701916980	
/home/lilingfeng/tmp/juicefs-c03-20260817-100609/cache/go-build-126/7f	dir	700	lilingfeng	lilingfeng	16384	1786934401.0864804300	
/home/lilingfeng/tmp/juicefs-c03-20260817-100609/cache/go-build-126/eb	dir	700	lilingfeng	lilingfeng	16384	1786934434.9711043830	
/home/lilingfeng/tmp/juicefs-c03-20260817-100609/cache/go-build-126/9e	dir	700	lilingfeng	lilingfeng	20480	1786934387.5622410500	
/home/lilingfeng/tmp/juicefs-c03-20260817-100609/cache/go-build-126/66	dir	700	lilingfeng	lilingfeng	20480	1786934387.1022326180	
/home/lilingfeng/tmp/juicefs-c03-20260817-100609/cache/go-build-126/5b	dir	700	lilingfeng	lilingfeng	16384	1786934386.0542134020	
/home/lilingfeng/tmp/juicefs-c03-20260817-100609/cache/go-build-126/1f	dir	700	lilingfeng	lilingfeng	20480	1786934385.1421966860	
/home/lilingfeng/tmp/juicefs-c03-20260817-100609/cache/go-build-126/a5	dir	700	lilingfeng	lilingfeng	20480	1786934384.4861846630	
/home/lilingfeng/tmp/juicefs-c03-20260817-100609/cache/go-build-126/c4	dir	700	lilingfeng	lilingfeng	20480	1786934384.1501785000	
/home/lilingfeng/tmp/juicefs-c03-20260817-100609/cache/go-build-126/76	dir	700	lilingfeng	lilingfeng	12288	1786934385.4502023320	
/home/lilingfeng/tmp/juicefs-c03-20260817-100609/cache/go-build-126/a8	dir	700	lilingfeng	lilingfeng	16384	1786934399.0744475090	
/home/lilingfeng/tmp/juicefs-c03-20260817-100609/cache/go-build-126/a2	dir	700	lilingfeng	lilingfeng	16384	1786934385.1421966860	
/home/lilingfeng/tmp/juicefs-c03-20260817-100609/cache/go-build-126/f0	dir	700	lilingfeng	lilingfeng	20480	1786934400.9064774850	
/home/lilingfeng/tmp/juicefs-c03-20260817-100609/cache/go-build-126/2e	dir	700	lilingfeng	lilingfeng	16384	1786934387.3902378950	
/home/lilingfeng/tmp/juicefs-c03-20260817-100609/cache/go-build-126/5e	dir	700	lilingfeng	lilingfeng	20480	1786934432.6630619890	
/home/lilingfeng/tmp/juicefs-c03-20260817-100609/cache/go-build-126/5a	dir	700	lilingfeng	lilingfeng	16384	1786934433.1510709500	
/home/lilingfeng/tmp/juicefs-c03-20260817-100609/cache/go-build-126/2f	dir	700	lilingfeng	lilingfeng	20480	1786934386.7422260160	
/home/lilingfeng/tmp/juicefs-c03-20260817-100609/cache/go-build-126/e6	dir	700	lilingfeng	lilingfeng	16384	1786934386.3622190500	
/home/lilingfeng/tmp/juicefs-c03-20260817-100609/cache/go-build-126/65	dir	700	lilingfeng	lilingfeng	20480	1786934384.8021904540	
/home/lilingfeng/tmp/juicefs-c03-20260817-100609/cache/go-build-126/ee	dir	700	lilingfeng	lilingfeng	16384	1786934387.6182420750	
/home/lilingfeng/tmp/juicefs-c03-20260817-100609/cache/go-build-126/c3	dir	700	lilingfeng	lilingfeng	16384	1786934385.1901975650	
/home/lilingfeng/tmp/juicefs-c03-20260817-100609/cache/go-build-126/c5	dir	700	lilingfeng	lilingfeng	20480	1786934385.1941976390	
/home/lilingfeng/tmp/juicefs-c03-20260817-100609/cache/go-build-126/trim.txt	dir	600	lilingfeng	lilingfeng	10	1786933169.6157515170	
/home/lilingfeng/tmp/juicefs-c03-20260817-100609/cache/go-build-126/d4	dir	700	lilingfeng	lilingfeng	12288	1786934385.1461967600	
/home/lilingfeng/tmp/juicefs-c03-20260817-100609/cache/go-build-126/4d	dir	700	lilingfeng	lilingfeng	16384	1786934387.5702411950	
/home/lilingfeng/tmp/juicefs-c03-20260817-100609/cache/go-build-126/bd	dir	700	lilingfeng	lilingfeng	16384	1786934400.9024774200	
/home/lilingfeng/tmp/juicefs-c03-20260817-100609/cache/go-build-126/af	dir	700	lilingfeng	lilingfeng	12288	1786934392.8623381820	
/home/lilingfeng/tmp/juicefs-c03-20260817-100609/cache/go-build-126/94	dir	700	lilingfeng	lilingfeng	12288	1786934383.3901645610	
/home/lilingfeng/tmp/juicefs-c03-20260817-100609/cache/go-build-126/9f	dir	700	lilingfeng	lilingfeng	16384	1786934386.0462132570	
/home/lilingfeng/tmp/juicefs-c03-20260817-100609/cache/go-build-126/b7	dir	700	lilingfeng	lilingfeng	20480	1786934401.0824803650	
/home/lilingfeng/tmp/juicefs-c03-20260817-100609/cache/go-build-126/c8	dir	700	lilingfeng	lilingfeng	16384	1786934432.6630619890	
/home/lilingfeng/tmp/juicefs-c03-20260817-100609/cache/go-build-126/8d	dir	700	lilingfeng	lilingfeng	20480	1786934385.5182035780	
/home/lilingfeng/tmp/juicefs-c03-20260817-100609/cache/go-build-126/3e	dir	700	lilingfeng	lilingfeng	16384	1786934438.0511609160	
/home/lilingfeng/tmp/juicefs-c03-20260817-100609/cache/go-build-126/39	dir	700	lilingfeng	lilingfeng	16384	1786934386.0462132570	
/home/lilingfeng/tmp/juicefs-c03-20260817-100609/cache/go-build-126/52	dir	700	lilingfeng	lilingfeng	20480	1786934386.6862249900	
/home/lilingfeng/tmp/juicefs-c03-20260817-100609/cache/go-build-126/10	dir	700	lilingfeng	lilingfeng	16384	1786934387.7262440550	
/home/lilingfeng/tmp/juicefs-c03-20260817-100609/cache/go-build-126/56	dir	700	lilingfeng	lilingfeng	16384	1786934387.9422480160	
/home/lilingfeng/tmp/juicefs-c03-20260817-100609/cache/go-build-126/92	dir	700	lilingfeng	lilingfeng	20480	1786934387.7262440550	
/home/lilingfeng/tmp/juicefs-c03-20260817-100609/cache/go-build-126/18	dir	700	lilingfeng	lilingfeng	16384	1786934382.0821405790	
/home/lilingfeng/tmp/juicefs-c03-20260817-100609/cache/go-build-126/e8	dir	700	lilingfeng	lilingfeng	20480	1786934386.3742192700	
/home/lilingfeng/tmp/juicefs-c03-20260817-100609/cache/go-build-126/a6	dir	700	lilingfeng	lilingfeng	12288	1786934382.2261432190	
/home/lilingfeng/tmp/juicefs-c03-20260817-100609/cache/go-build-126/02	dir	700	lilingfeng	lilingfeng	16384	1786934387.8702466950	
/home/lilingfeng/tmp/juicefs-c03-20260817-100609/cache/go-build-126/24	dir	700	lilingfeng	lilingfeng	16384	1786934433.1510709500	
/home/lilingfeng/tmp/juicefs-c03-20260817-100609/cache/go-build-126/d3	dir	700	lilingfeng	lilingfeng	20480	1786934438.0391606960	
/home/lilingfeng/tmp/juicefs-c03-20260817-100609/cache/go-build-126/32	dir	700	lilingfeng	lilingfeng	16384	1786934385.0181944160	
/home/lilingfeng/tmp/juicefs-c03-20260817-100609/cache/go-build-126/e5	dir	700	lilingfeng	lilingfeng	12288	1786934387.0342313690	
/home/lilingfeng/tmp/juicefs-c03-20260817-100609/cache/go-build-126/c6	dir	700	lilingfeng	lilingfeng	16384	1786934386.5862231560	
/home/lilingfeng/tmp/juicefs-c03-20260817-100609/cache/go-build-126/f9	dir	700	lilingfeng	lilingfeng	16384	1786934387.0182310750	
/home/lilingfeng/tmp/juicefs-c03-20260817-100609/cache/go-build-126/59	dir	700	lilingfeng	lilingfeng	20480	1786934387.6142420010	
/home/lilingfeng/tmp/juicefs-c03-20260817-100609/cache/go-build-126/91	dir	700	lilingfeng	lilingfeng	16384	1786934432.6590619140	
/home/lilingfeng/tmp/juicefs-c03-20260817-100609/cache/go-build-126/be	dir	700	lilingfeng	lilingfeng	20480	1786934400.6464732300	
/home/lilingfeng/tmp/juicefs-c03-20260817-100609/cache/go-build-126/2d	dir	700	lilingfeng	lilingfeng	16384	1786934402.0064954820	
/home/lilingfeng/tmp/juicefs-c03-20260817-100609/cache/go-build-126/b1	dir	700	lilingfeng	lilingfeng	12288	1786934438.1031618680	
/home/lilingfeng/tmp/juicefs-c03-20260817-100609/cache/go-build-126/c9	dir	700	lilingfeng	lilingfeng	20480	1786934382.2581438040	
/home/lilingfeng/tmp/juicefs-c03-20260817-100609/cache/go-build-126/f7	dir	700	lilingfeng	lilingfeng	20480	1786934435.0951066600	
/home/lilingfeng/tmp/juicefs-c03-20260817-100609/cache/go-build-126/dd	dir	700	lilingfeng	lilingfeng	16384	1786934387.4822395810	
/home/lilingfeng/tmp/juicefs-c03-20260817-100609/cache/go-build-126/4c	dir	700	lilingfeng	lilingfeng	16384	1786934386.3302184610	
/home/lilingfeng/tmp/juicefs-c03-20260817-100609/cache/go-build-126/57	dir	700	lilingfeng	lilingfeng	12288	1786934381.4541290670	
/home/lilingfeng/tmp/juicefs-c03-20260817-100609/cache/go-build-126/7a	dir	700	lilingfeng	lilingfeng	20480	1786934434.9751044570	
/home/lilingfeng/tmp/juicefs-c03-20260817-100609/cache/go-build-126/75	dir	700	lilingfeng	lilingfeng	20480	1786934385.9862121580	
/home/lilingfeng/tmp/juicefs-c03-20260817-100609/cache/go-build-126/37	dir	700	lilingfeng	lilingfeng	12288	1786934400.4984708100	
/home/lilingfeng/tmp/juicefs-c03-20260817-100609/cache/go-build-126/5f	dir	700	lilingfeng	lilingfeng	20480	1786934387.6222421500	
/home/lilingfeng/tmp/juicefs-c03-20260817-100609/cache/go-build-126/67	dir	700	lilingfeng	lilingfeng	12288	1786934438.1031618680	
/home/lilingfeng/tmp/juicefs-c03-20260817-100609/cache/go-build-126/98	dir	700	lilingfeng	lilingfeng	16384	1786934441.4752236830	
/home/lilingfeng/tmp/juicefs-c03-20260817-100609/cache/go-build-126/a0	dir	700	lilingfeng	lilingfeng	12288	1786934387.6662429550	
/home/lilingfeng/tmp/juicefs-c03-20260817-100609/cache/go-build-126/fa	dir	700	lilingfeng	lilingfeng	16384	1786934386.7422260160	
/home/lilingfeng/tmp/juicefs-c03-20260817-100609/cache/go-build-126/82	dir	700	lilingfeng	lilingfeng	12288	1786934385.3342002040	
/home/lilingfeng/tmp/juicefs-c03-20260817-100609/cache/go-build-126/6b	dir	700	lilingfeng	lilingfeng	12288	1786934385.3382002750	
/home/lilingfeng/tmp/juicefs-c03-20260817-100609/cache/go-build-126/38	dir	700	lilingfeng	lilingfeng	12288	1786934434.8351018860	
/home/lilingfeng/tmp/juicefs-c03-20260817-100609/cache/go-build-126/60	dir	700	lilingfeng	lilingfeng	16384	1786934387.4102382610	
/home/lilingfeng/tmp/juicefs-c03-20260817-100609/cache/go-build-126/78	dir	700	lilingfeng	lilingfeng	16384	1786934394.0143592870	
/home/lilingfeng/tmp/juicefs-c03-20260817-100609/cache/go-build-126/c1	dir	700	lilingfeng	lilingfeng	20480	1786934432.6630619890	
/home/lilingfeng/tmp/juicefs-c03-20260817-100609/cache/go-build-126/93	dir	700	lilingfeng	lilingfeng	16384	1786934433.1150702910	
/home/lilingfeng/tmp/juicefs-c03-20260817-100609/cache/go-build-126/99	dir	700	lilingfeng	lilingfeng	16384	1786934387.6222421500	
/home/lilingfeng/tmp/juicefs-c03-20260817-100609/cache/go-build-126/3b	dir	700	lilingfeng	lilingfeng	12288	1786934383.7741716060	
/home/lilingfeng/tmp/juicefs-c03-20260817-100609/cache/go-build-126/f1	dir	700	lilingfeng	lilingfeng	16384	1786934437.3871487420	
/home/lilingfeng/tmp/juicefs-c03-20260817-100609/cache/go-build-126/b6	dir	700	lilingfeng	lilingfeng	20480	1786934432.6710621340	
/home/lilingfeng/tmp/juicefs-c03-20260817-100609/cache/go-build-126/8c	dir	700	lilingfeng	lilingfeng	16384	1786934384.9941939760	
/home/lilingfeng/tmp/juicefs-c03-20260817-100609/cache/go-build-126/79	dir	700	lilingfeng	lilingfeng	16384	1786934437.4511499170	
/home/lilingfeng/tmp/juicefs-c03-20260817-100609/cache/go-build-126/55	dir	700	lilingfeng	lilingfeng	20480	1786934388.0662502900	
/home/lilingfeng/tmp/juicefs-c03-20260817-100609/cache/go-build-126/9b	dir	700	lilingfeng	lilingfeng	20480	1786934399.0704474430	
/home/lilingfeng/tmp/juicefs-c03-20260817-100609/cache/go-build-126/ca	dir	700	lilingfeng	lilingfeng	16384	1786934432.6590619140	
/home/lilingfeng/tmp/juicefs-c03-20260817-100609/cache/go-build-126/6e	dir	700	lilingfeng	lilingfeng	16384	1786934384.2261798930	
/home/lilingfeng/tmp/juicefs-c03-20260817-100609/cache/go-build-126/4e	dir	700	lilingfeng	lilingfeng	12288	1786934432.6630619890	
/home/lilingfeng/tmp/juicefs-c03-20260817-100609/cache/go-build-126/6c	dir	700	lilingfeng	lilingfeng	16384	1786934385.5022032870	
/home/lilingfeng/tmp/juicefs-c03-20260817-100609/cache/go-build-126/51	dir	700	lilingfeng	lilingfeng	12288	1786934385.1941976390	
/home/lilingfeng/tmp/juicefs-c03-20260817-100609/cache/go-build-126/53	dir	700	lilingfeng	lilingfeng	12288	1786934393.9983589960	
/home/lilingfeng/tmp/juicefs-c03-20260817-100609/cache/go-build-126/09	dir	700	lilingfeng	lilingfeng	16384	1786934398.6944412910	
/home/lilingfeng/tmp/juicefs-c03-20260817-100609/cache/go-build-126/81	dir	700	lilingfeng	lilingfeng	20480	1786934432.6710621340	
/home/lilingfeng/tmp/juicefs-c03-20260817-100609/cache/go-build-126/5d	dir	700	lilingfeng	lilingfeng	16384	1786934384.2501803330	
/home/lilingfeng/tmp/juicefs-c03-20260817-100609/cache/go-build-126/9c	dir	700	lilingfeng	lilingfeng	16384	1786934383.7821717540	
/home/lilingfeng/tmp/juicefs-c03-20260817-100609/cache/go-build-126/fb	dir	700	lilingfeng	lilingfeng	16384	1786934385.3902012290	
/home/lilingfeng/tmp/juicefs-c03-20260817-100609/cache/go-build-126/7c	dir	700	lilingfeng	lilingfeng	20480	1786934387.6182420750	
/home/lilingfeng/tmp/juicefs-c03-20260817-100609/cache/go-build-126/d5	dir	700	lilingfeng	lilingfeng	12288	1786934398.6944412910	
/home/lilingfeng/tmp/juicefs-c03-20260817-100609/cache/go-build-126/70	dir	700	lilingfeng	lilingfeng	16384	1786934386.5742229360	
/home/lilingfeng/tmp/juicefs-c03-20260817-100609/cache/go-build-126/f5	dir	700	lilingfeng	lilingfeng	12288	1786934386.3622190500	
/home/lilingfeng/tmp/juicefs-c03-20260817-100609/cache/go-build-126/0d	dir	700	lilingfeng	lilingfeng	20480	1786934434.9631042370	
/home/lilingfeng/tmp/juicefs-c03-20260817-100609/cache/go-build-126/72	dir	700	lilingfeng	lilingfeng	12288	1786934387.1902342290	
/home/lilingfeng/tmp/juicefs-c03-20260817-100609/cache/go-build-126/e4	dir	700	lilingfeng	lilingfeng	20480	1786934381.6941334670	
/home/lilingfeng/tmp/juicefs-c03-20260817-100609/cache/go-build-126/d2	dir	700	lilingfeng	lilingfeng	16384	1786934385.3342002040	
/home/lilingfeng/tmp/juicefs-c03-20260817-100609/cache/go-build-126/b0	dir	700	lilingfeng	lilingfeng	16384	1786934387.6662429550	
/home/lilingfeng/tmp/juicefs-c03-20260817-100609/cache/go-build-126/fe	dir	700	lilingfeng	lilingfeng	16384	1786934394.0183593610	
/home/lilingfeng/tmp/juicefs-c03-20260817-100609/cache/go-build-126/41	dir	700	lilingfeng	lilingfeng	16384	1786934387.1022326180	
/home/lilingfeng/tmp/juicefs-c03-20260817-100609/cache/go-build-126/3c	dir	700	lilingfeng	lilingfeng	20480	1786934433.1790714670	
/home/lilingfeng/tmp/juicefs-c03-20260817-100609/cache/go-build-126/45	dir	700	lilingfeng	lilingfeng	12288	1786934385.3902012290	
/home/lilingfeng/tmp/juicefs-c03-20260817-100609/cache/go-build-126/87	dir	700	lilingfeng	lilingfeng	16384	1786934386.0422131820	
/home/lilingfeng/tmp/juicefs-c03-20260817-100609/cache/go-build-126/0e	dir	700	lilingfeng	lilingfeng	16384	1786934438.1031618680	
/home/lilingfeng/tmp/juicefs-c03-20260817-100609/cache/go-build-126/cf	dir	700	lilingfeng	lilingfeng	12288	1786934433.1110702160	
/home/lilingfeng/tmp/juicefs-c03-20260817-100609/cache/go-build-126/b9	dir	700	lilingfeng	lilingfeng	12288	1786934383.3821644150	
/home/lilingfeng/tmp/juicefs-c03-20260817-100609/cache/go-build-126/64	dir	700	lilingfeng	lilingfeng	12288	1786934433.2030719060	
/home/lilingfeng/tmp/juicefs-c03-20260817-100609/cache/go-build-126/ed	dir	700	lilingfeng	lilingfeng	12288	1786934401.0784802970	
/home/lilingfeng/tmp/juicefs-c03-20260817-100609/cache/go-build-126/f6	dir	700	lilingfeng	lilingfeng	16384	1786934400.9064774850	
/home/lilingfeng/tmp/juicefs-c03-20260817-100609/cache/go-build-126/90	dir	700	lilingfeng	lilingfeng	12288	1786934384.5261853930	
/home/lilingfeng/tmp/juicefs-c03-20260817-100609/cache/go-build-126/44	dir	700	lilingfeng	lilingfeng	20480	1786934387.0222311490	
/home/lilingfeng/tmp/juicefs-c03-20260817-100609/cache/go-build-126/06	dir	700	lilingfeng	lilingfeng	16384	1786934387.1182329110	
/home/lilingfeng/tmp/juicefs-c03-20260817-100609/cache/go-build-126/20	dir	700	lilingfeng	lilingfeng	12288	1786934386.7422260160	
/home/lilingfeng/tmp/juicefs-c03-20260817-100609/cache/go-build-126/0c	dir	700	lilingfeng	lilingfeng	12288	1786934387.1182329110	
/home/lilingfeng/tmp/juicefs-c03-20260817-100609/cache/go-build-126/62	dir	700	lilingfeng	lilingfeng	16384	1786934387.3822377460	
/home/lilingfeng/tmp/juicefs-c03-20260817-100609/cache/go-build-126/13	dir	700	lilingfeng	lilingfeng	16384	1786934433.1510709500	
/home/lilingfeng/tmp/juicefs-c03-20260817-100609/cache/go-build-126/7e	dir	700	lilingfeng	lilingfeng	16384	1786934438.0431607680	
/home/lilingfeng/tmp/juicefs-c03-20260817-100609/cache/go-build-126/47	dir	700	lilingfeng	lilingfeng	20480	1786934433.1710713180	
/home/lilingfeng/tmp/juicefs-c03-20260817-100609/cache/go-build-126/63	dir	700	lilingfeng	lilingfeng	20480	1786934434.4030939470	
/home/lilingfeng/tmp/juicefs-c03-20260817-100609/cache/go-build-126/e9	dir	700	lilingfeng	lilingfeng	12288	1786934386.5782230110	
/home/lilingfeng/tmp/juicefs-c03-20260817-100609/cache/go-build-126/cc	dir	700	lilingfeng	lilingfeng	12288	1786934381.5261303860	
/home/lilingfeng/tmp/juicefs-c03-20260817-100609/cache/go-build-126/88	dir	700	lilingfeng	lilingfeng	16384	1786934385.3342002040	
/home/lilingfeng/tmp/juicefs-c03-20260817-100609/cache/go-build-126/b4	dir	700	lilingfeng	lilingfeng	16384	1786934438.0431607680	
/home/lilingfeng/tmp/juicefs-c03-20260817-100609/cache/go-build-126/43	dir	700	lilingfeng	lilingfeng	12288	1786934432.8830660270	
/home/lilingfeng/tmp/juicefs-c03-20260817-100609/cache/go-build-126/35	dir	700	lilingfeng	lilingfeng	16384	1786934385.0181944160	
/home/lilingfeng/tmp/juicefs-c03-20260817-100609/cache/go-build-126/dc	dir	700	lilingfeng	lilingfeng	12288	1786934434.4390946090	
/home/lilingfeng/tmp/juicefs-c03-20260817-100609/cache/go-build-126/15	dir	700	lilingfeng	lilingfeng	12288	1786934433.2150721260	
/home/lilingfeng/tmp/juicefs-c03-20260817-100609/cache/go-build-126/11	dir	700	lilingfeng	lilingfeng	12288	1786934388.0582501450	
/home/lilingfeng/tmp/juicefs-c03-20260817-100609/cache/go-build-126/de	dir	700	lilingfeng	lilingfeng	16384	1786934438.0591610620	
/home/lilingfeng/tmp/juicefs-c03-20260817-100609/cache/go-build-126/61	dir	700	lilingfeng	lilingfeng	16384	1786934386.3662191210	
/home/lilingfeng/tmp/juicefs-c03-20260817-100609/cache/go-build-126/00	dir	700	lilingfeng	lilingfeng	16384	1786934434.9471039430	
/home/lilingfeng/tmp/juicefs-c03-20260817-100609/cache/go-build-126/2a	dir	700	lilingfeng	lilingfeng	12288	1786934433.1790714670	
/home/lilingfeng/tmp/juicefs-c03-20260817-100609/cache/go-build-126/03	dir	700	lilingfeng	lilingfeng	16384	1786934381.9061373560	
/home/lilingfeng/tmp/juicefs-c03-20260817-100609/cache/go-build-126/89	dir	700	lilingfeng	lilingfeng	20480	1786934432.6630619890	
/home/lilingfeng/tmp/juicefs-c03-20260817-100609/cache/go-build-126/36	dir	700	lilingfeng	lilingfeng	16384	1786934394.0063591410	
/home/lilingfeng/tmp/juicefs-c03-20260817-100609/cache/go-build-126/d7	dir	700	lilingfeng	lilingfeng	16384	1786934432.6470616950	
/home/lilingfeng/tmp/juicefs-c03-20260817-100609/cache/go-build-126/23	dir	700	lilingfeng	lilingfeng	16384	1786934384.0581768130	
/home/lilingfeng/tmp/juicefs-c03-20260817-100609/cache/go-build-126/d8	dir	700	lilingfeng	lilingfeng	16384	1786934400.5224712020	
/home/lilingfeng/tmp/juicefs-c03-20260817-100609/cache/go-build-126/c0	dir	700	lilingfeng	lilingfeng	16384	1786934384.3941829750	
/home/lilingfeng/tmp/juicefs-c03-20260817-100609/cache/go-build-126/21	dir	700	lilingfeng	lilingfeng	12288	1786934438.2191639940	
/home/lilingfeng/tmp/juicefs-c03-20260817-100609/cache/go-build-126/42	dir	700	lilingfeng	lilingfeng	16384	1786934385.1821974190	
/home/lilingfeng/tmp/juicefs-c03-20260817-100609/cache/go-build-126/33	dir	700	lilingfeng	lilingfeng	16384	1786934401.1664817370	
/home/lilingfeng/tmp/juicefs-c03-20260817-100609/cache/go-build-126/9a	dir	700	lilingfeng	lilingfeng	12288	1786934433.1510709500	
/home/lilingfeng/tmp/juicefs-c03-20260817-100609/cache/go-build-126/71	dir	700	lilingfeng	lilingfeng	16384	1786934433.2190722000	
/home/lilingfeng/tmp/juicefs-c03-20260817-100609/cache/go-build-126/bb	dir	700	lilingfeng	lilingfeng	16384	1786934386.5982233760	
/home/lilingfeng/tmp/juicefs-c03-20260817-100609/cache/go-build-126/74	dir	700	lilingfeng	lilingfeng	16384	1786934387.1902342290	
/home/lilingfeng/tmp/juicefs-c03-20260817-100609/cache/go-build-126/04	dir	700	lilingfeng	lilingfeng	20480	1786934356.1976884110	
/home/lilingfeng/tmp/juicefs-c03-20260817-100609/cache/go-build-126/31	dir	700	lilingfeng	lilingfeng	16384	1786934437.4511499170	
/home/lilingfeng/tmp/juicefs-c03-20260817-100609/cache/os-tmp	dir	700	lilingfeng	lilingfeng	4096	1786934452.9954351800	
/home/lilingfeng/tmp/juicefs-c03-20260817-100609/cache/os-tmp/meta	dir	700	lilingfeng	lilingfeng	4096	1786934322.9810908200	
/home/lilingfeng/tmp/juicefs-c03-20260817-100609/cache/go-mod	dir	700	lilingfeng	lilingfeng	4096	1786934329.3252150720	
/home/lilingfeng/tmp/juicefs-c03-20260817-100609/cache/go-mod/sigs.k8s.io	dir	700	lilingfeng	lilingfeng	4096	1786932852.8233339030	
/home/lilingfeng/tmp/juicefs-c03-20260817-100609/cache/go-mod/modernc.org	dir	700	lilingfeng	lilingfeng	4096	1786932852.7673323860	
/home/lilingfeng/tmp/juicefs-c03-20260817-100609/cache/go-mod/go.opencensus.io@v0.24.0	dir	500	lilingfeng	lilingfeng	4096	1786932815.1502960900	
/home/lilingfeng/tmp/juicefs-c03-20260817-100609/cache/go-mod/gonum.org	dir	700	lilingfeng	lilingfeng	4096	1786934329.3252150720	
/home/lilingfeng/tmp/juicefs-c03-20260817-100609/cache/go-mod/gitea.com	dir	700	lilingfeng	lilingfeng	4096	1786934325.8051458720	
/home/lilingfeng/tmp/juicefs-c03-20260817-100609/cache/go-mod/go.uber.org	dir	700	lilingfeng	lilingfeng	4096	1786934324.5491211710	
/home/lilingfeng/tmp/juicefs-c03-20260817-100609/cache/go-mod/cloud.google.com	dir	700	lilingfeng	lilingfeng	4096	1786932674.5902969370	
/home/lilingfeng/tmp/juicefs-c03-20260817-100609/cache/go-mod/cel.dev	dir	700	lilingfeng	lilingfeng	4096	1786932674.3782906590	
/home/lilingfeng/tmp/juicefs-c03-20260817-100609/cache/go-mod/storj.io	dir	700	lilingfeng	lilingfeng	4096	1786932855.6274098370	
/home/lilingfeng/tmp/juicefs-c03-20260817-100609/cache/go-mod/google.golang.org	dir	700	lilingfeng	lilingfeng	4096	1786932856.1194231640	
/home/lilingfeng/tmp/juicefs-c03-20260817-100609/cache/go-mod/git.apache.org	dir	700	lilingfeng	lilingfeng	4096	1786932677.9823974080	
/home/lilingfeng/tmp/juicefs-c03-20260817-100609/cache/go-mod/github.com	dir	700	lilingfeng	lilingfeng	4096	1786934330.4292367760	
/home/lilingfeng/tmp/juicefs-c03-20260817-100609/cache/go-mod/go.mongodb.org	dir	700	lilingfeng	lilingfeng	4096	1786932866.9997282020	
/home/lilingfeng/tmp/juicefs-c03-20260817-100609/cache/go-mod/xorm.io	dir	700	lilingfeng	lilingfeng	4096	1786932853.7593592480	
/home/lilingfeng/tmp/juicefs-c03-20260817-100609/cache/go-mod/go.yaml.in	dir	700	lilingfeng	lilingfeng	4096	1786932862.5556044070	
/home/lilingfeng/tmp/juicefs-c03-20260817-100609/cache/go-mod/gopkg.in	dir	700	lilingfeng	lilingfeng	4096	1786934329.6012205000	
/home/lilingfeng/tmp/juicefs-c03-20260817-100609/cache/go-mod/go.etcd.io	dir	700	lilingfeng	lilingfeng	4096	1786932674.7103004900	
/home/lilingfeng/tmp/juicefs-c03-20260817-100609/cache/go-mod/go.opentelemetry.io	dir	700	lilingfeng	lilingfeng	4096	1786932866.5397157870	
/home/lilingfeng/tmp/juicefs-c03-20260817-100609/cache/go-mod/pgregory.net	dir	700	lilingfeng	lilingfeng	4096	1786932673.6502690970	
/home/lilingfeng/tmp/juicefs-c03-20260817-100609/cache/go-mod/golang.org	dir	700	lilingfeng	lilingfeng	4096	1786932670.9701893100	
/home/lilingfeng/tmp/juicefs-c03-20260817-100609/cache/go-mod/filippo.io	dir	700	lilingfeng	lilingfeng	4096	1786932675.6183273860	
/home/lilingfeng/tmp/juicefs-c03-20260817-100609/cache/go-mod/cache	dir	700	lilingfeng	lilingfeng	4096	1786934332.3332742190	
/home/lilingfeng/tmp/juicefs-c03-20260817-100609/cache/go-tmp	dir	700	lilingfeng	lilingfeng	4096	1786934460.1995671330	
/home/lilingfeng/tmp/juicefs-c03-20260817-100609-artifacts.tar.gz	file	600	1000	1000	128837	1786934484	
/home/lilingfeng/tmp/juicefs-c03-20260817-100609-artifacts.tar.gz.sha256	file	600	1000	1000	132	1786934484	
/home/lilingfeng/tmp/juicefs-c03-r1-input-20260817-111907	dir	755	lilingfeng	lilingfeng	4096	1786937079.6427180150	
/home/lilingfeng/tmp/juicefs-c03-r1-input-20260817-111907/runner.pid	dir	644	lilingfeng	lilingfeng	8	1786937079.6387187930	
/home/lilingfeng/tmp/juicefs-c03-r1-input-20260817-111907/run-c03-r1.sh	dir	644	lilingfeng	lilingfeng	42664	1786936990.6470017110	
/home/lilingfeng/tmp/juicefs-c03-r1-input-20260817-111907/async-catchup-main.patch	dir	600	lilingfeng	lilingfeng	545	1786936747.3119711190	
/home/lilingfeng/tmp/juicefs-c03-r1-input-20260817-111907/forbidden-patterns.txt	dir	644	lilingfeng	lilingfeng	289	1786936814.4408292880	
/home/lilingfeng/tmp/juicefs-c03-r1-input-20260817-111907/anchors.expected	dir	644	lilingfeng	lilingfeng	268	1786936789.1285316150	
/home/lilingfeng/tmp/juicefs-c03-r1-input-20260817-111907/writer_flush_c02_test.go	dir	600	lilingfeng	lilingfeng	14281	1786936747.3119711190	
/home/lilingfeng/tmp/juicefs-c03-r1-input-20260817-111907/runner-static-review.txt	dir	644	lilingfeng	lilingfeng	879	1786937056.9072105840	
/home/lilingfeng/tmp/juicefs-c03-r1-input-20260817-111907/writer_flush_test.go	dir	600	lilingfeng	lilingfeng	5874	1786936747.3119711190	
/home/lilingfeng/tmp/juicefs-c03-r1-input-20260817-111907/runner-stdout.log	dir	644	lilingfeng	lilingfeng	113	1786941907.6353178550	
/home/lilingfeng/tmp/juicefs-c03-r1-input-20260817-111907/input.sha256	dir	644	lilingfeng	lilingfeng	701	1786937056.9112097530	
/home/lilingfeng/tmp/juicefs-c03-r1-input-20260817-111907/pre-run-adaptations.md	dir	644	lilingfeng	lilingfeng	783	1786936776.3483619240	
/home/lilingfeng/tmp/juicefs-c03-r1-20260817-112439	dir	700	lilingfeng	lilingfeng	4096	1786937105.7059850810	
/home/lilingfeng/tmp/juicefs-c03-r1-20260817-112439/src	dir	700	lilingfeng	lilingfeng	4096	1786937108.6654275000	
/home/lilingfeng/tmp/juicefs-c03-r1-20260817-112439/src/upstream-fetch	dir	700	lilingfeng	lilingfeng	4096	1786937105.6339986410	
/home/lilingfeng/tmp/juicefs-c03-r1-20260817-112439/src/upstream-fetch/go.sum	dir	600	lilingfeng	lilingfeng	112362	1786937105.6379978900	
/home/lilingfeng/tmp/juicefs-c03-r1-20260817-112439/src/upstream-fetch/Makefile	dir	600	lilingfeng	lilingfeng	5749	1786937105.6339986410	
/home/lilingfeng/tmp/juicefs-c03-r1-20260817-112439/src/upstream-fetch/go.mod	dir	600	lilingfeng	lilingfeng	19470	1786937105.6339986410	
/home/lilingfeng/tmp/juicefs-c03-r1-20260817-112439/src/upstream-fetch/CONTRIBUTING.md	dir	600	lilingfeng	lilingfeng	2559	1786937105.6339986410	
/home/lilingfeng/tmp/juicefs-c03-r1-20260817-112439/src/upstream-fetch/.github	dir	700	lilingfeng	lilingfeng	4096	1786937105.6339986410	
/home/lilingfeng/tmp/juicefs-c03-r1-20260817-112439/src/upstream-fetch/.golangci.yml	dir	600	lilingfeng	lilingfeng	610	1786937105.6339986410	
/home/lilingfeng/tmp/juicefs-c03-r1-20260817-112439/src/B-candidate	dir	700	lilingfeng	lilingfeng	4096	1786937107.3296791640	
/home/lilingfeng/tmp/juicefs-c03-r1-20260817-112439/src/B-candidate/go.sum	dir	600	lilingfeng	lilingfeng	112362	1786937107.2536934780	
/home/lilingfeng/tmp/juicefs-c03-r1-20260817-112439/src/B-candidate/README.md	dir	600	lilingfeng	lilingfeng	14614	1786937106.8377718440	
/home/lilingfeng/tmp/juicefs-c03-r1-20260817-112439/src/B-candidate/LICENSE	dir	600	lilingfeng	lilingfeng	11358	1786937106.8377718440	
/home/lilingfeng/tmp/juicefs-c03-r1-20260817-112439/src/B-candidate/ADOPTERS_CN.md	dir	600	lilingfeng	lilingfeng	117	1786937106.8377718440	
/home/lilingfeng/tmp/juicefs-c03-r1-20260817-112439/src/B-candidate/.markdownlint-cli2.jsonc	dir	600	lilingfeng	lilingfeng	3561	1786937106.8377718440	
/home/lilingfeng/tmp/juicefs-c03-r1-20260817-112439/src/B-candidate/package.json	dir	600	lilingfeng	lilingfeng	988	1786937107.2616919740	
/home/lilingfeng/tmp/juicefs-c03-r1-20260817-112439/src/B-candidate/AGENTS.md	dir	600	lilingfeng	lilingfeng	5865	1786937106.8377718440	
/home/lilingfeng/tmp/juicefs-c03-r1-20260817-112439/src/B-candidate/test	dir	700	lilingfeng	lilingfeng	4096	1786937107.3296791640	
/home/lilingfeng/tmp/juicefs-c03-r1-20260817-112439/src/B-candidate/Makefile	dir	600	lilingfeng	lilingfeng	5749	1786937106.8377718440	
/home/lilingfeng/tmp/juicefs-c03-r1-20260817-112439/src/B-candidate/check-changed.sh	dir	600	lilingfeng	lilingfeng	420	1786937106.8377718440	
/home/lilingfeng/tmp/juicefs-c03-r1-20260817-112439/src/B-candidate/rfcs	dir	700	lilingfeng	lilingfeng	4096	1786937107.3056836850	
/home/lilingfeng/tmp/juicefs-c03-r1-20260817-112439/src/B-candidate/main.go	dir	600	lilingfeng	lilingfeng	843	1786937107.2576927280	
/home/lilingfeng/tmp/juicefs-c03-r1-20260817-112439/src/B-candidate/.pre-commit-config.yaml	dir	600	lilingfeng	lilingfeng	325	1786937106.8377718440	
/home/lilingfeng/tmp/juicefs-c03-r1-20260817-112439/src/B-candidate/docs	dir	700	lilingfeng	lilingfeng	4096	1786937107.0657288920	
/home/lilingfeng/tmp/juicefs-c03-r1-20260817-112439/src/B-candidate/hack	dir	700	lilingfeng	lilingfeng	4096	1786937107.2576927280	
/home/lilingfeng/tmp/juicefs-c03-r1-20260817-112439/src/B-candidate/codecov.yml	dir	600	lilingfeng	lilingfeng	77	1786937106.8497695830	
/home/lilingfeng/tmp/juicefs-c03-r1-20260817-112439/src/B-candidate/package-lock.json	dir	600	lilingfeng	lilingfeng	585450	1786937107.2616919740	
/home/lilingfeng/tmp/juicefs-c03-r1-20260817-112439/src/B-candidate/cmd	dir	700	lilingfeng	lilingfeng	4096	1786937106.8497695830	
/home/lilingfeng/tmp/juicefs-c03-r1-20260817-112439/src/B-candidate/CODE_OF_CONDUCT.md	dir	600	lilingfeng	lilingfeng	5483	1786937106.8377718440	
/home/lilingfeng/tmp/juicefs-c03-r1-20260817-112439/src/B-candidate/CODEOWNERS	dir	600	lilingfeng	lilingfeng	19	1786937106.8377718440	
/home/lilingfeng/tmp/juicefs-c03-r1-20260817-112439/src/B-candidate/integration	dir	700	lilingfeng	lilingfeng	4096	1786937107.2576927280	
/home/lilingfeng/tmp/juicefs-c03-r1-20260817-112439/src/B-candidate/go.mod	dir	600	lilingfeng	lilingfeng	19470	1786937107.2536934780	
/home/lilingfeng/tmp/juicefs-c03-r1-20260817-112439/src/B-candidate/CLAUDE.md	dir	600	lilingfeng	lilingfeng	11	1786937106.8377718440	
/home/lilingfeng/tmp/juicefs-c03-r1-20260817-112439/src/B-candidate/deploy	dir	700	lilingfeng	lilingfeng	4096	1786937106.8497695830	
/home/lilingfeng/tmp/juicefs-c03-r1-20260817-112439/src/B-candidate/CONTRIBUTING.md	dir	600	lilingfeng	lilingfeng	2559	1786937106.8377718440	
/home/lilingfeng/tmp/juicefs-c03-r1-20260817-112439/src/B-candidate/.goreleaser.yml	dir	600	lilingfeng	lilingfeng	2716	1786937106.8377718440	
/home/lilingfeng/tmp/juicefs-c03-r1-20260817-112439/src/B-candidate/.github	dir	700	lilingfeng	lilingfeng	4096	1786937106.8337725940	
/home/lilingfeng/tmp/juicefs-c03-r1-20260817-112439/src/B-candidate/pkg	dir	700	lilingfeng	lilingfeng	4096	1786937107.3056836850	
/home/lilingfeng/tmp/juicefs-c03-r1-20260817-112439/src/B-candidate/.gitignore	dir	600	lilingfeng	lilingfeng	450	1786937106.8377718440	
/home/lilingfeng/tmp/juicefs-c03-r1-20260817-112439/src/B-candidate/ADOPTERS.md	dir	600	lilingfeng	lilingfeng	124	1786937106.8377718440	
/home/lilingfeng/tmp/juicefs-c03-r1-20260817-112439/src/B-candidate/.golangci.yml	dir	600	lilingfeng	lilingfeng	610	1786937106.8377718440	
/home/lilingfeng/tmp/juicefs-c03-r1-20260817-112439/src/B-candidate/.autocorrectrc	dir	600	lilingfeng	lilingfeng	826	1786937106.8097771180	
/home/lilingfeng/tmp/juicefs-c03-r1-20260817-112439/src/B-candidate/.agents	dir	700	lilingfeng	lilingfeng	4096	1786937106.8097771180	
/home/lilingfeng/tmp/juicefs-c03-r1-20260817-112439/src/B-candidate/sdk	dir	700	lilingfeng	lilingfeng	4096	1786937107.3256799180	
/home/lilingfeng/tmp/juicefs-c03-r1-20260817-112439/src/B-candidate/README_CN.md	dir	600	lilingfeng	lilingfeng	13226	1786937106.8377718440	
/home/lilingfeng/tmp/juicefs-c03-r1-20260817-112439/src/R-replay	dir	700	lilingfeng	lilingfeng	4096	1786937110.5290763810	
/home/lilingfeng/tmp/juicefs-c03-r1-20260817-112439/src/R-replay/go.sum	dir	600	lilingfeng	lilingfeng	112362	1786937110.3891027540	
/home/lilingfeng/tmp/juicefs-c03-r1-20260817-112439/src/R-replay/README.md	dir	600	lilingfeng	lilingfeng	14614	1786937109.4052881060	
/home/lilingfeng/tmp/juicefs-c03-r1-20260817-112439/src/R-replay/LICENSE	dir	600	lilingfeng	lilingfeng	11358	1786937109.4052881060	
/home/lilingfeng/tmp/juicefs-c03-r1-20260817-112439/src/R-replay/ADOPTERS_CN.md	dir	600	lilingfeng	lilingfeng	117	1786937109.4012888600	
/home/lilingfeng/tmp/juicefs-c03-r1-20260817-112439/src/R-replay/.markdownlint-cli2.jsonc	dir	600	lilingfeng	lilingfeng	3561	1786937109.4012888600	
/home/lilingfeng/tmp/juicefs-c03-r1-20260817-112439/src/R-replay/package.json	dir	600	lilingfeng	lilingfeng	988	1786937110.4011004940	
/home/lilingfeng/tmp/juicefs-c03-r1-20260817-112439/src/R-replay/AGENTS.md	dir	600	lilingfeng	lilingfeng	5865	1786937109.4012888600	
/home/lilingfeng/tmp/juicefs-c03-r1-20260817-112439/src/R-replay/test	dir	700	lilingfeng	lilingfeng	4096	1786937110.5330756290	
/home/lilingfeng/tmp/juicefs-c03-r1-20260817-112439/src/R-replay/Makefile	dir	600	lilingfeng	lilingfeng	5749	1786937109.4052881060	
/home/lilingfeng/tmp/juicefs-c03-r1-20260817-112439/src/R-replay/check-changed.sh	dir	600	lilingfeng	lilingfeng	420	1786937109.4052881060	
/home/lilingfeng/tmp/juicefs-c03-r1-20260817-112439/src/R-replay/rfcs	dir	700	lilingfeng	lilingfeng	4096	1786937110.4810854240	
/home/lilingfeng/tmp/juicefs-c03-r1-20260817-112439/src/R-replay/main.go	dir	600	lilingfeng	lilingfeng	843	1786937110.3931020000	
/home/lilingfeng/tmp/juicefs-c03-r1-20260817-112439/src/R-replay/.pre-commit-config.yaml	dir	600	lilingfeng	lilingfeng	325	1786937109.4012888600	
/home/lilingfeng/tmp/juicefs-c03-r1-20260817-112439/src/R-replay/docs	dir	700	lilingfeng	lilingfeng	4096	1786937109.9291893990	
/home/lilingfeng/tmp/juicefs-c03-r1-20260817-112439/src/R-replay/hack	dir	700	lilingfeng	lilingfeng	4096	1786937110.3891027540	
/home/lilingfeng/tmp/juicefs-c03-r1-20260817-112439/src/R-replay/codecov.yml	dir	600	lilingfeng	lilingfeng	77	1786937109.4252843360	
/home/lilingfeng/tmp/juicefs-c03-r1-20260817-112439/src/R-replay/package-lock.json	dir	600	lilingfeng	lilingfeng	585450	1786937110.4011004940	
/home/lilingfeng/tmp/juicefs-c03-r1-20260817-112439/src/R-replay/cmd	dir	700	lilingfeng	lilingfeng	4096	1786937109.4252843360	
/home/lilingfeng/tmp/juicefs-c03-r1-20260817-112439/src/R-replay/CODE_OF_CONDUCT.md	dir	600	lilingfeng	lilingfeng	5483	1786937109.4052881060	
/home/lilingfeng/tmp/juicefs-c03-r1-20260817-112439/src/R-replay/CODEOWNERS	dir	600	lilingfeng	lilingfeng	19	1786937109.4052881060	
/home/lilingfeng/tmp/juicefs-c03-r1-20260817-112439/src/R-replay/integration	dir	700	lilingfeng	lilingfeng	4096	1786937110.3931020000	
/home/lilingfeng/tmp/juicefs-c03-r1-20260817-112439/src/R-replay/go.mod	dir	600	lilingfeng	lilingfeng	19470	1786937110.3851035080	
/home/lilingfeng/tmp/juicefs-c03-r1-20260817-112439/src/R-replay/CLAUDE.md	dir	600	lilingfeng	lilingfeng	11	1786937109.4012888600	
/home/lilingfeng/tmp/juicefs-c03-r1-20260817-112439/src/R-replay/deploy	dir	700	lilingfeng	lilingfeng	4096	1786937109.4252843360	
/home/lilingfeng/tmp/juicefs-c03-r1-20260817-112439/src/R-replay/CONTRIBUTING.md	dir	600	lilingfeng	lilingfeng	2559	1786937109.4052881060	
/home/lilingfeng/tmp/juicefs-c03-r1-20260817-112439/src/R-replay/.goreleaser.yml	dir	600	lilingfeng	lilingfeng	2716	1786937109.4012888600	
/home/lilingfeng/tmp/juicefs-c03-r1-20260817-112439/src/R-replay/.github	dir	700	lilingfeng	lilingfeng	4096	1786937109.3852918740	
/home/lilingfeng/tmp/juicefs-c03-r1-20260817-112439/src/R-replay/pkg	dir	700	lilingfeng	lilingfeng	4096	1786937110.4810854240	
/home/lilingfeng/tmp/juicefs-c03-r1-20260817-112439/src/R-replay/.gitignore	dir	600	lilingfeng	lilingfeng	450	1786937109.4012888600	
/home/lilingfeng/tmp/juicefs-c03-r1-20260817-112439/src/R-replay/ADOPTERS.md	dir	600	lilingfeng	lilingfeng	124	1786937109.4012888600	
/home/lilingfeng/tmp/juicefs-c03-r1-20260817-112439/src/R-replay/.golangci.yml	dir	600	lilingfeng	lilingfeng	610	1786937109.4012888600	
/home/lilingfeng/tmp/juicefs-c03-r1-20260817-112439/src/R-replay/.autocorrectrc	dir	600	lilingfeng	lilingfeng	826	1786937109.3452994090	
/home/lilingfeng/tmp/juicefs-c03-r1-20260817-112439/src/R-replay/.agents	dir	700	lilingfeng	lilingfeng	4096	1786937109.3452994090	
/home/lilingfeng/tmp/juicefs-c03-r1-20260817-112439/src/R-replay/sdk	dir	700	lilingfeng	lilingfeng	4096	1786937110.5170786420	
/home/lilingfeng/tmp/juicefs-c03-r1-20260817-112439/src/R-replay/README_CN.md	dir	600	lilingfeng	lilingfeng	13226	1786937109.4052881060	
/home/lilingfeng/tmp/juicefs-c03-r1-20260817-112439/src/Q-semantic	dir	700	lilingfeng	lilingfeng	4096	1786937108.5454501040	
/home/lilingfeng/tmp/juicefs-c03-r1-20260817-112439/src/Q-semantic/go.sum	dir	600	lilingfeng	lilingfeng	112362	1786937108.4254727080	
/home/lilingfeng/tmp/juicefs-c03-r1-20260817-112439/src/Q-semantic/README.md	dir	600	lilingfeng	lilingfeng	14614	1786937107.6896113500	
/home/lilingfeng/tmp/juicefs-c03-r1-20260817-112439/src/Q-semantic/LICENSE	dir	600	lilingfeng	lilingfeng	11358	1786937107.6896113500	
/home/lilingfeng/tmp/juicefs-c03-r1-20260817-112439/src/Q-semantic/ADOPTERS_CN.md	dir	600	lilingfeng	lilingfeng	117	1786937107.6856121040	
/home/lilingfeng/tmp/juicefs-c03-r1-20260817-112439/src/Q-semantic/.markdownlint-cli2.jsonc	dir	600	lilingfeng	lilingfeng	3561	1786937107.6856121040	
/home/lilingfeng/tmp/juicefs-c03-r1-20260817-112439/src/Q-semantic/package.json	dir	600	lilingfeng	lilingfeng	988	1786937108.4374704480	
/home/lilingfeng/tmp/juicefs-c03-r1-20260817-112439/src/Q-semantic/AGENTS.md	dir	600	lilingfeng	lilingfeng	5865	1786937107.6856121040	
/home/lilingfeng/tmp/juicefs-c03-r1-20260817-112439/src/Q-semantic/test	dir	700	lilingfeng	lilingfeng	4096	1786937108.5454501040	
/home/lilingfeng/tmp/juicefs-c03-r1-20260817-112439/src/Q-semantic/Makefile	dir	600	lilingfeng	lilingfeng	5749	1786937107.6896113500	
/home/lilingfeng/tmp/juicefs-c03-r1-20260817-112439/src/Q-semantic/check-changed.sh	dir	600	lilingfeng	lilingfeng	420	1786937107.6896113500	
/home/lilingfeng/tmp/juicefs-c03-r1-20260817-112439/src/Q-semantic/rfcs	dir	700	lilingfeng	lilingfeng	4096	1786937108.5134561320	
/home/lilingfeng/tmp/juicefs-c03-r1-20260817-112439/src/Q-semantic/main.go	dir	600	lilingfeng	lilingfeng	843	1786937108.4294719520	
/home/lilingfeng/tmp/juicefs-c03-r1-20260817-112439/src/Q-semantic/.pre-commit-config.yaml	dir	600	lilingfeng	lilingfeng	325	1786937107.6856121040	
/home/lilingfeng/tmp/juicefs-c03-r1-20260817-112439/src/Q-semantic/docs	dir	700	lilingfeng	lilingfeng	4096	1786937108.1375269590	
/home/lilingfeng/tmp/juicefs-c03-r1-20260817-112439/src/Q-semantic/hack	dir	700	lilingfeng	lilingfeng	4096	1786937108.4294719520	
/home/lilingfeng/tmp/juicefs-c03-r1-20260817-112439/src/Q-semantic/codecov.yml	dir	600	lilingfeng	lilingfeng	77	1786937107.7096075830	
/home/lilingfeng/tmp/juicefs-c03-r1-20260817-112439/src/Q-semantic/package-lock.json	dir	600	lilingfeng	lilingfeng	585450	1786937108.4374704480	
/home/lilingfeng/tmp/juicefs-c03-r1-20260817-112439/src/Q-semantic/cmd	dir	700	lilingfeng	lilingfeng	4096	1786937107.7096075830	
/home/lilingfeng/tmp/juicefs-c03-r1-20260817-112439/src/Q-semantic/CODE_OF_CONDUCT.md	dir	600	lilingfeng	lilingfeng	5483	1786937107.6856121040	
/home/lilingfeng/tmp/juicefs-c03-r1-20260817-112439/src/Q-semantic/CODEOWNERS	dir	600	lilingfeng	lilingfeng	19	1786937107.6856121040	
/home/lilingfeng/tmp/juicefs-c03-r1-20260817-112439/src/Q-semantic/integration	dir	700	lilingfeng	lilingfeng	4096	1786937108.4294719520	
/home/lilingfeng/tmp/juicefs-c03-r1-20260817-112439/src/Q-semantic/go.mod	dir	600	lilingfeng	lilingfeng	19470	1786937108.4254727080	
/home/lilingfeng/tmp/juicefs-c03-r1-20260817-112439/src/Q-semantic/CLAUDE.md	dir	600	lilingfeng	lilingfeng	11	1786937107.6856121040	
/home/lilingfeng/tmp/juicefs-c03-r1-20260817-112439/src/Q-semantic/deploy	dir	700	lilingfeng	lilingfeng	4096	1786937107.7096075830	
/home/lilingfeng/tmp/juicefs-c03-r1-20260817-112439/src/Q-semantic/CONTRIBUTING.md	dir	600	lilingfeng	lilingfeng	2559	1786937107.6896113500	
/home/lilingfeng/tmp/juicefs-c03-r1-20260817-112439/src/Q-semantic/.goreleaser.yml	dir	600	lilingfeng	lilingfeng	2716	1786937107.6856121040	
/home/lilingfeng/tmp/juicefs-c03-r1-20260817-112439/src/Q-semantic/.github	dir	700	lilingfeng	lilingfeng	4096	1786937107.6776136080	
/home/lilingfeng/tmp/juicefs-c03-r1-20260817-112439/src/Q-semantic/pkg	dir	700	lilingfeng	lilingfeng	4096	1786937108.5134561320	
/home/lilingfeng/tmp/juicefs-c03-r1-20260817-112439/src/Q-semantic/.gitignore	dir	600	lilingfeng	lilingfeng	450	1786937107.6856121040	
/home/lilingfeng/tmp/juicefs-c03-r1-20260817-112439/src/Q-semantic/ADOPTERS.md	dir	600	lilingfeng	lilingfeng	124	1786937107.6856121040	
/home/lilingfeng/tmp/juicefs-c03-r1-20260817-112439/src/Q-semantic/.golangci.yml	dir	600	lilingfeng	lilingfeng	610	1786937107.6856121040	
/home/lilingfeng/tmp/juicefs-c03-r1-20260817-112439/src/Q-semantic/.autocorrectrc	dir	600	lilingfeng	lilingfeng	826	1786937107.6536181320	
/home/lilingfeng/tmp/juicefs-c03-r1-20260817-112439/src/Q-semantic/.agents	dir	700	lilingfeng	lilingfeng	4096	1786937107.6536181320	
/home/lilingfeng/tmp/juicefs-c03-r1-20260817-112439/src/Q-semantic/sdk	dir	700	lilingfeng	lilingfeng	4096	1786937108.5374516080	
/home/lilingfeng/tmp/juicefs-c03-r1-20260817-112439/src/Q-semantic/README_CN.md	dir	600	lilingfeng	lilingfeng	13226	1786937107.6896113500	
/home/lilingfeng/tmp/juicefs-c03-r1-20260817-112439/src/S-oracle	dir	700	lilingfeng	lilingfeng	4096	1786937106.4698411640	
/home/lilingfeng/tmp/juicefs-c03-r1-20260817-112439/src/S-oracle/go.sum	dir	600	lilingfeng	lilingfeng	112362	1786937106.3978547250	
/home/lilingfeng/tmp/juicefs-c03-r1-20260817-112439/src/S-oracle/README.md	dir	600	lilingfeng	lilingfeng	14614	1786937105.9419406240	
/home/lilingfeng/tmp/juicefs-c03-r1-20260817-112439/src/S-oracle/LICENSE	dir	600	lilingfeng	lilingfeng	11358	1786937105.9379413780	
/home/lilingfeng/tmp/juicefs-c03-r1-20260817-112439/src/S-oracle/ADOPTERS_CN.md	dir	600	lilingfeng	lilingfeng	117	1786937105.9379413780	
/home/lilingfeng/tmp/juicefs-c03-r1-20260817-112439/src/S-oracle/.markdownlint-cli2.jsonc	dir	600	lilingfeng	lilingfeng	3561	1786937105.9379413780	
/home/lilingfeng/tmp/juicefs-c03-r1-20260817-112439/src/S-oracle/package.json	dir	600	lilingfeng	lilingfeng	988	1786937106.4058532200	
/home/lilingfeng/tmp/juicefs-c03-r1-20260817-112439/src/S-oracle/AGENTS.md	dir	600	lilingfeng	lilingfeng	5865	1786937105.9379413780	
/home/lilingfeng/tmp/juicefs-c03-r1-20260817-112439/src/S-oracle/test	dir	700	lilingfeng	lilingfeng	4096	1786937106.4698411640	
/home/lilingfeng/tmp/juicefs-c03-r1-20260817-112439/src/S-oracle/Makefile	dir	600	lilingfeng	lilingfeng	5749	1786937105.9379413780	
/home/lilingfeng/tmp/juicefs-c03-r1-20260817-112439/src/S-oracle/check-changed.sh	dir	600	lilingfeng	lilingfeng	420	1786937105.9419406240	
/home/lilingfeng/tmp/juicefs-c03-r1-20260817-112439/src/S-oracle/rfcs	dir	700	lilingfeng	lilingfeng	4096	1786937106.4498449300	
/home/lilingfeng/tmp/juicefs-c03-r1-20260817-112439/src/S-oracle/main.go	dir	600	lilingfeng	lilingfeng	843	1786937106.4018539740	
/home/lilingfeng/tmp/juicefs-c03-r1-20260817-112439/src/S-oracle/.pre-commit-config.yaml	dir	600	lilingfeng	lilingfeng	325	1786937105.9379413780	
/home/lilingfeng/tmp/juicefs-c03-r1-20260817-112439/src/S-oracle/docs	dir	700	lilingfeng	lilingfeng	4096	1786937106.2018916480	
/home/lilingfeng/tmp/juicefs-c03-r1-20260817-112439/src/S-oracle/hack	dir	700	lilingfeng	lilingfeng	4096	1786937106.3978547250	
/home/lilingfeng/tmp/juicefs-c03-r1-20260817-112439/src/S-oracle/codecov.yml	dir	600	lilingfeng	lilingfeng	77	1786937105.9539383640	
/home/lilingfeng/tmp/juicefs-c03-r1-20260817-112439/src/S-oracle/package-lock.json	dir	600	lilingfeng	lilingfeng	585450	1786937106.4058532200	
/home/lilingfeng/tmp/juicefs-c03-r1-20260817-112439/src/S-oracle/cmd	dir	700	lilingfeng	lilingfeng	4096	1786937105.9539383640	
/home/lilingfeng/tmp/juicefs-c03-r1-20260817-112439/src/S-oracle/CODE_OF_CONDUCT.md	dir	600	lilingfeng	lilingfeng	5483	1786937105.9379413780	
/home/lilingfeng/tmp/juicefs-c03-r1-20260817-112439/src/S-oracle/CODEOWNERS	dir	600	lilingfeng	lilingfeng	19	1786937105.9379413780	
/home/lilingfeng/tmp/juicefs-c03-r1-20260817-112439/src/S-oracle/integration	dir	700	lilingfeng	lilingfeng	4096	1786937106.4018539740	
/home/lilingfeng/tmp/juicefs-c03-r1-20260817-112439/src/S-oracle/go.mod	dir	600	lilingfeng	lilingfeng	19470	1786937106.3978547250	
/home/lilingfeng/tmp/juicefs-c03-r1-20260817-112439/src/S-oracle/CLAUDE.md	dir	600	lilingfeng	lilingfeng	11	1786937105.9379413780	
/home/lilingfeng/tmp/juicefs-c03-r1-20260817-112439/src/S-oracle/deploy	dir	700	lilingfeng	lilingfeng	4096	1786937105.9539383640	
/home/lilingfeng/tmp/juicefs-c03-r1-20260817-112439/src/S-oracle/CONTRIBUTING.md	dir	600	lilingfeng	lilingfeng	2559	1786937105.9379413780	
/home/lilingfeng/tmp/juicefs-c03-r1-20260817-112439/src/S-oracle/.goreleaser.yml	dir	600	lilingfeng	lilingfeng	2716	1786937105.9379413780	
/home/lilingfeng/tmp/juicefs-c03-r1-20260817-112439/src/S-oracle/.github	dir	700	lilingfeng	lilingfeng	4096	1786937105.9339421290	
/home/lilingfeng/tmp/juicefs-c03-r1-20260817-112439/src/S-oracle/pkg	dir	700	lilingfeng	lilingfeng	4096	1786937106.4498449300	
/home/lilingfeng/tmp/juicefs-c03-r1-20260817-112439/src/S-oracle/.gitignore	dir	600	lilingfeng	lilingfeng	450	1786937105.9379413780	
/home/lilingfeng/tmp/juicefs-c03-r1-20260817-112439/src/S-oracle/ADOPTERS.md	dir	600	lilingfeng	lilingfeng	124	1786937105.9379413780	
/home/lilingfeng/tmp/juicefs-c03-r1-20260817-112439/src/S-oracle/.golangci.yml	dir	600	lilingfeng	lilingfeng	610	1786937105.9379413780	
/home/lilingfeng/tmp/juicefs-c03-r1-20260817-112439/src/S-oracle/.autocorrectrc	dir	600	lilingfeng	lilingfeng	826	1786937105.9099466530	
/home/lilingfeng/tmp/juicefs-c03-r1-20260817-112439/src/S-oracle/.agents	dir	700	lilingfeng	lilingfeng	4096	1786937105.9099466530	
/home/lilingfeng/tmp/juicefs-c03-r1-20260817-112439/src/S-oracle/sdk	dir	700	lilingfeng	lilingfeng	4096	1786937106.4658419150	
/home/lilingfeng/tmp/juicefs-c03-r1-20260817-112439/src/S-oracle/README_CN.md	dir	600	lilingfeng	lilingfeng	13226	1786937105.9419406240	
/home/lilingfeng/tmp/juicefs-c03-r1-20260817-112439/commands.sh	dir	600	lilingfeng	lilingfeng	77	1786937079.6947079260	
/home/lilingfeng/tmp/juicefs-c03-r1-20260817-112439/diffs	dir	700	lilingfeng	lilingfeng	4096	1786937079.6867094780	
/home/lilingfeng/tmp/juicefs-c03-r1-20260817-112439/meta	dir	700	lilingfeng	lilingfeng	4096	1786941907.6353178550	
/home/lilingfeng/tmp/juicefs-c03-r1-20260817-112439/meta/upstream-policy-hashes.txt	dir	600	lilingfeng	lilingfeng	405	1786937105.6579941200	
/home/lilingfeng/tmp/juicefs-c03-r1-20260817-112439/meta/upstream-ci-matrix.tsv	dir	600	lilingfeng	lilingfeng	95	1786937105.6939873410	
/home/lilingfeng/tmp/juicefs-c03-r1-20260817-112439/meta/upstream-writer-log.txt	dir	600	lilingfeng	lilingfeng	0	1786937110.6650507630	
/home/lilingfeng/tmp/juicefs-c03-r1-20260817-112439/meta/S-oracle-status-before.txt	dir	600	lilingfeng	lilingfeng	0	1786937106.4818389040	
/home/lilingfeng/tmp/juicefs-c03-r1-20260817-112439/meta/go126-version.txt	dir	600	lilingfeng	lilingfeng	32	1786937302.4335496360	
/home/lilingfeng/tmp/juicefs-c03-r1-20260817-112439/meta/upstream-ancestry.tsv	dir	600	lilingfeng	lilingfeng	80	1786937105.6220009040	
/home/lilingfeng/tmp/juicefs-c03-r1-20260817-112439/meta/upstream-go-directive.txt	dir	600	lilingfeng	lilingfeng	10	1786937105.6579941200	
/home/lilingfeng/tmp/juicefs-c03-r1-20260817-112439/meta/Q-semantic-status-before.txt	dir	600	lilingfeng	lilingfeng	0	1786937108.5574478440	
/home/lilingfeng/tmp/juicefs-c03-r1-20260817-112439/meta/upstream-commit.txt	dir	600	lilingfeng	lilingfeng	41	1786937105.6140024110	
/home/lilingfeng/tmp/juicefs-c03-r1-20260817-112439/meta/go126-env.txt	dir	600	lilingfeng	lilingfeng	277	1786937302.5255328930	
/home/lilingfeng/tmp/juicefs-c03-r1-20260817-112439/meta/final-status.txt	dir	600	lilingfeng	lilingfeng	17	1786941907.6353178550	
/home/lilingfeng/tmp/juicefs-c03-r1-20260817-112439/meta/upstream-policy	dir	700	lilingfeng	lilingfeng	4096	1786937105.6499956300	
/home/lilingfeng/tmp/juicefs-c03-r1-20260817-112439/meta/upstream-policy/go.mod	dir	600	lilingfeng	lilingfeng	19470	1786937105.6499956300	
/home/lilingfeng/tmp/juicefs-c03-r1-20260817-112439/meta/upstream-policy/CONTRIBUTING.md	dir	600	lilingfeng	lilingfeng	2559	1786937105.6459963810	
/home/lilingfeng/tmp/juicefs-c03-r1-20260817-112439/meta/upstream-policy/verify.yml	dir	600	lilingfeng	lilingfeng	2781	1786937105.6459963810	
/home/lilingfeng/tmp/juicefs-c03-r1-20260817-112439/meta/upstream-policy/.golangci.yml	dir	600	lilingfeng	lilingfeng	610	1786937105.6499956300	
/home/lilingfeng/tmp/juicefs-c03-r1-20260817-112439/meta/B-candidate-status-before.txt	dir	600	lilingfeng	lilingfeng	0	1786937107.3376776550	
/home/lilingfeng/tmp/juicefs-c03-r1-20260817-112439/meta/ls-remote-before.txt	dir	600	lilingfeng	lilingfeng	57	1786937088.6050439150	
/home/lilingfeng/tmp/juicefs-c03-r1-20260817-112439/meta/upstream-state-gate.tsv	dir	600	lilingfeng	lilingfeng	53	1786941895.1113043010	
/home/lilingfeng/tmp/juicefs-c03-r1-20260817-112439/meta/R-replay-status-before.txt	dir	600	lilingfeng	lilingfeng	0	1786937110.5490726150	
/home/lilingfeng/tmp/juicefs-c03-r1-20260817-112439/meta/taskbook.snapshot.md	dir	600	lilingfeng	lilingfeng	39757	1786937079.7307009440	
/home/lilingfeng/tmp/juicefs-c03-r1-20260817-112439/meta/go125-env.txt	dir	600	lilingfeng	lilingfeng	263	1786937302.4975379880	
/home/lilingfeng/tmp/juicefs-c03-r1-20260817-112439/meta/upstream-commit-show.txt	dir	600	lilingfeng	lilingfeng	172	1786937105.6180016550	
/home/lilingfeng/tmp/juicefs-c03-r1-20260817-112439/meta/anchors.actual	dir	600	lilingfeng	lilingfeng	84	1786941907.6353178550	
/home/lilingfeng/tmp/juicefs-c03-r1-20260817-112439/meta/upstream-distance.txt	dir	600	lilingfeng	lilingfeng	2	1786937105.6260001500	
/home/lilingfeng/tmp/juicefs-c03-r1-20260817-112439/meta/arm-heads-before.tsv	dir	600	lilingfeng	lilingfeng	205	1786937110.5490726150	
/home/lilingfeng/tmp/juicefs-c03-r1-20260817-112439/meta/ls-remote-after.txt	dir	600	lilingfeng	lilingfeng	57	1786937105.6100031650	
/home/lilingfeng/tmp/juicefs-c03-r1-20260817-112439/meta/upstream-writer-blob.txt	dir	600	lilingfeng	lilingfeng	41	1786937110.6610515170	
/home/lilingfeng/tmp/juicefs-c03-r1-20260817-112439/meta/go125-version.txt	dir	600	lilingfeng	lilingfeng	71	1786937302.4015554590	
/home/lilingfeng/tmp/juicefs-c03-r1-20260817-112439/meta/runtime-adaptations.md	dir	600	lilingfeng	lilingfeng	95	1786941380.5559820400	
/home/lilingfeng/tmp/juicefs-c03-r1-20260817-112439/meta/input-check.log	dir	600	lilingfeng	lilingfeng	205	1786937079.9226636950	
/home/lilingfeng/tmp/juicefs-c03-r1-20260817-112439/builds	dir	700	lilingfeng	lilingfeng	4096	1786937079.6827102560	
/home/lilingfeng/tmp/juicefs-c03-r1-20260817-112439/candidate-gates.tsv	dir	600	lilingfeng	lilingfeng	691	1786937105.7059850810	
/home/lilingfeng/tmp/juicefs-c03-r1-20260817-112439/assets	dir	700	lilingfeng	lilingfeng	4096	1786937079.7227024960	
/home/lilingfeng/tmp/juicefs-c03-r1-20260817-112439/assets/run-c03-r1.sh	dir	600	lilingfeng	lilingfeng	42664	1786937079.6987071520	
/home/lilingfeng/tmp/juicefs-c03-r1-20260817-112439/assets/async-catchup-main.patch	dir	600	lilingfeng	lilingfeng	545	1786937079.7107048220	
/home/lilingfeng/tmp/juicefs-c03-r1-20260817-112439/assets/forbidden-patterns.txt	dir	600	lilingfeng	lilingfeng	289	1786937079.7227024960	
/home/lilingfeng/tmp/juicefs-c03-r1-20260817-112439/assets/anchors.expected	dir	600	lilingfeng	lilingfeng	268	1786937079.7187032700	
/home/lilingfeng/tmp/juicefs-c03-r1-20260817-112439/assets/writer_flush_c02_test.go	dir	600	lilingfeng	lilingfeng	14281	1786937079.7067056000	
/home/lilingfeng/tmp/juicefs-c03-r1-20260817-112439/assets/writer_flush_test.go	dir	600	lilingfeng	lilingfeng	5874	1786937079.7027063740	
/home/lilingfeng/tmp/juicefs-c03-r1-20260817-112439/assets/pre-run-adaptations.md	dir	600	lilingfeng	lilingfeng	783	1786937079.7147040480	
/home/lilingfeng/tmp/juicefs-c03-r1-20260817-112439/rc	dir	700	lilingfeng	lilingfeng	4096	1786941907.6353178550	
/home/lilingfeng/tmp/juicefs-c03-r1-20260817-112439/rc/go126-baseline-compile.rc	dir	600	lilingfeng	lilingfeng	2	1786941887.7936350520	
/home/lilingfeng/tmp/juicefs-c03-r1-20260817-112439/rc/go125-S-oracle-U1.rc	dir	600	lilingfeng	lilingfeng	2	1786941907.6353178550	
/home/lilingfeng/tmp/juicefs-c03-r1-20260817-112439/rc/toolchain-go126.rc	dir	600	lilingfeng	lilingfeng	2	1786937302.4335496360	
/home/lilingfeng/tmp/juicefs-c03-r1-20260817-112439/rc/go125-baseline-memory.rc	dir	600	lilingfeng	lilingfeng	2	1786941791.8042460450	
/home/lilingfeng/tmp/juicefs-c03-r1-20260817-112439/rc/go125-mod-download.rc	dir	600	lilingfeng	lilingfeng	2	1786941712.6295274340	
/home/lilingfeng/tmp/juicefs-c03-r1-20260817-112439/rc/go125-baseline-compile.rc	dir	600	lilingfeng	lilingfeng	2	1786941785.6142155180	
/home/lilingfeng/tmp/juicefs-c03-r1-20260817-112439/rc/go126-baseline-memory.rc	dir	600	lilingfeng	lilingfeng	2	1786941894.7954049190	
/home/lilingfeng/tmp/juicefs-c03-r1-20260817-112439/rc/toolchain-go125.rc	dir	600	lilingfeng	lilingfeng	2	1786937302.4015554590	
/home/lilingfeng/tmp/juicefs-c03-r1-20260817-112439/rc/input-check.rc	dir	600	lilingfeng	lilingfeng	2	1786937079.9226636950	
/home/lilingfeng/tmp/juicefs-c03-r1-20260817-112439/rc/go126-mod-download.rc	dir	600	lilingfeng	lilingfeng	2	1786941712.7095018210	
/home/lilingfeng/tmp/juicefs-c03-r1-20260817-112439/rc/go125-S-oracle-U2.rc	dir	600	lilingfeng	lilingfeng	2	1786941902.3889851450	
/home/lilingfeng/tmp/juicefs-c03-r1-20260817-112439/artifacts	dir	700	lilingfeng	lilingfeng	4096	1786937079.6827102560	
/home/lilingfeng/tmp/juicefs-c03-r1-20260817-112439/logs	dir	700	lilingfeng	lilingfeng	4096	1786941902.3889851450	
/home/lilingfeng/tmp/juicefs-c03-r1-20260817-112439/logs/go126-baseline-memory.log	dir	600	lilingfeng	lilingfeng	848	1786941894.7434214760	
/home/lilingfeng/tmp/juicefs-c03-r1-20260817-112439/logs/clone-Q-semantic.log	dir	600	lilingfeng	lilingfeng	250	1786937108.5534485980	
/home/lilingfeng/tmp/juicefs-c03-r1-20260817-112439/logs/go125-baseline-compile.log	dir	600	lilingfeng	lilingfeng	346	1786941785.2823211140	
/home/lilingfeng/tmp/juicefs-c03-r1-20260817-112439/logs/static-test-name-conflict.log	dir	600	lilingfeng	lilingfeng	0	1786937110.6810477500	
/home/lilingfeng/tmp/juicefs-c03-r1-20260817-112439/logs/fetch.log	dir	600	lilingfeng	lilingfeng	141	1786937104.0302984620	
/home/lilingfeng/tmp/juicefs-c03-r1-20260817-112439/logs/clone-upstream.log	dir	600	lilingfeng	lilingfeng	99	1786937081.0424472550	
/home/lilingfeng/tmp/juicefs-c03-r1-20260817-112439/logs/go125-mod-download.log	dir	600	lilingfeng	lilingfeng	0	1786941385.5606748360	
/home/lilingfeng/tmp/juicefs-c03-r1-20260817-112439/logs/static-vfs-testmain.log	dir	600	lilingfeng	lilingfeng	0	1786937110.6690500110	
/home/lilingfeng/tmp/juicefs-c03-r1-20260817-112439/logs/go125-baseline-memory.log	dir	600	lilingfeng	lilingfeng	984	1786941791.7602600420	
/home/lilingfeng/tmp/juicefs-c03-r1-20260817-112439/logs/go126-baseline-compile.log	dir	600	lilingfeng	lilingfeng	346	1786941887.3897636950	
/home/lilingfeng/tmp/juicefs-c03-r1-20260817-112439/logs/go125-S-oracle-U2.log	dir	600	lilingfeng	lilingfeng	467	1786941902.3290042620	
/home/lilingfeng/tmp/juicefs-c03-r1-20260817-112439/logs/clone-S-oracle.log	dir	600	lilingfeng	lilingfeng	248	1786937106.4778396550	
/home/lilingfeng/tmp/juicefs-c03-r1-20260817-112439/logs/go125-S-oracle-U1.log	dir	600	lilingfeng	lilingfeng	548	1786941907.5993292750	
/home/lilingfeng/tmp/juicefs-c03-r1-20260817-112439/logs/shell-xtrace.log	dir	600	lilingfeng	lilingfeng	43546	1786941907.6353178550	
/home/lilingfeng/tmp/juicefs-c03-r1-20260817-112439/logs/go126-mod-download.log	dir	600	lilingfeng	lilingfeng	0	1786941712.6295274340	
/home/lilingfeng/tmp/juicefs-c03-r1-20260817-112439/logs/clone-B-candidate.log	dir	600	lilingfeng	lilingfeng	251	1786937107.3336784100	
/home/lilingfeng/tmp/juicefs-c03-r1-20260817-112439/logs/clone-R-replay.log	dir	600	lilingfeng	lilingfeng	248	1786937110.5410741210	
/home/lilingfeng/tmp/juicefs-c03-r1-20260817-112439/drafts	dir	700	lilingfeng	lilingfeng	4096	1786937079.6867094780	
/home/lilingfeng/tmp/juicefs-c03-r1-20260817-112439/services	dir	700	lilingfeng	lilingfeng	4096	1786937079.6907087040	
/home/lilingfeng/tmp/juicefs-c03-r1-20260817-112439/deferred-checks.tsv	dir	600	lilingfeng	lilingfeng	134	1786937079.9146652470	
/home/lilingfeng/tmp/juicefs-c03-r1-20260817-112439/tools	dir	700	lilingfeng	lilingfeng	4096	1786937079.6907087040	
/home/lilingfeng/tmp/juicefs-c03-r1-20260817-112439/community-search	dir	700	lilingfeng	lilingfeng	4096	1786937079.6867094780	
/home/lilingfeng/tmp/juicefs-c03-r1-20260817-112439/cache	dir	700	lilingfeng	lilingfeng	4096	1786937079.6867094780	
/home/lilingfeng/tmp/juicefs-c03-r1-20260817-112439/cache/go-build-125	dir	700	lilingfeng	lilingfeng	4096	1786941785.3183096660	
/home/lilingfeng/tmp/juicefs-c03-r1-20260817-112439/cache/go-build-125/b2	dir	700	lilingfeng	lilingfeng	4096	1786941778.1285977790	
/home/lilingfeng/tmp/juicefs-c03-r1-20260817-112439/cache/go-build-125/ae	dir	700	lilingfeng	lilingfeng	4096	1786941779.8840390800	
/home/lilingfeng/tmp/juicefs-c03-r1-20260817-112439/cache/go-build-125/25	dir	700	lilingfeng	lilingfeng	4096	1786941753.6044458200	
/home/lilingfeng/tmp/juicefs-c03-r1-20260817-112439/cache/go-build-125/84	dir	700	lilingfeng	lilingfeng	4096	1786941754.7400734520	
/home/lilingfeng/tmp/juicefs-c03-r1-20260817-112439/cache/go-build-125/40	dir	700	lilingfeng	lilingfeng	4096	1786941778.1245990510	
/home/lilingfeng/tmp/juicefs-c03-r1-20260817-112439/cache/go-build-125/5c	dir	700	lilingfeng	lilingfeng	4096	1786941752.5487919630	
/home/lilingfeng/tmp/juicefs-c03-r1-20260817-112439/cache/go-build-125/17	dir	700	lilingfeng	lilingfeng	4096	1786941752.8526923150	
/home/lilingfeng/tmp/juicefs-c03-r1-20260817-112439/cache/go-build-125/1e	dir	700	lilingfeng	lilingfeng	4096	1786941754.7600668960	
/home/lilingfeng/tmp/juicefs-c03-r1-20260817-112439/cache/go-build-125/6f	dir	700	lilingfeng	lilingfeng	4096	1786941748.8419726380	
/home/lilingfeng/tmp/juicefs-c03-r1-20260817-112439/cache/go-build-125/ff	dir	700	lilingfeng	lilingfeng	4096	1786941779.9520174450	
/home/lilingfeng/tmp/juicefs-c03-r1-20260817-112439/cache/go-build-125/1b	dir	700	lilingfeng	lilingfeng	4096	1786941753.1166057790	
/home/lilingfeng/tmp/juicefs-c03-r1-20260817-112439/cache/go-build-125/7d	dir	700	lilingfeng	lilingfeng	4096	1786941778.3485277830	
/home/lilingfeng/tmp/juicefs-c03-r1-20260817-112439/cache/go-build-125/b8	dir	700	lilingfeng	lilingfeng	4096	1786941896.2909285630	
/home/lilingfeng/tmp/juicefs-c03-r1-20260817-112439/cache/go-build-125/4b	dir	700	lilingfeng	lilingfeng	4096	1786941752.3048719430	
/home/lilingfeng/tmp/juicefs-c03-r1-20260817-112439/cache/go-build-125/1d	dir	700	lilingfeng	lilingfeng	4096	1786941753.8443671500	
/home/lilingfeng/tmp/juicefs-c03-r1-20260817-112439/cache/go-build-125/e0	dir	700	lilingfeng	lilingfeng	4096	1786941749.7736775860	
/home/lilingfeng/tmp/juicefs-c03-r1-20260817-112439/cache/go-build-125/c2	dir	700	lilingfeng	lilingfeng	4096	1786941753.4764877760	
/home/lilingfeng/tmp/juicefs-c03-r1-20260817-112439/cache/go-build-125/05	dir	700	lilingfeng	lilingfeng	4096	1786941750.2895142340	
/home/lilingfeng/tmp/juicefs-c03-r1-20260817-112439/cache/go-build-125/fc	dir	700	lilingfeng	lilingfeng	4096	1786941754.0642950380	
/home/lilingfeng/tmp/juicefs-c03-r1-20260817-112439/cache/go-build-125/b3	dir	700	lilingfeng	lilingfeng	4096	1786941781.8514129310	
/home/lilingfeng/tmp/juicefs-c03-r1-20260817-112439/cache/go-build-125/27	dir	700	lilingfeng	lilingfeng	4096	1786941782.2592831200	
/home/lilingfeng/tmp/juicefs-c03-r1-20260817-112439/cache/go-build-125/a9	dir	700	lilingfeng	lilingfeng	4096	1786941752.8486936260	
/home/lilingfeng/tmp/juicefs-c03-r1-20260817-112439/cache/go-build-125/83	dir	700	lilingfeng	lilingfeng	4096	1786941752.4688181860	
/home/lilingfeng/tmp/juicefs-c03-r1-20260817-112439/cache/go-build-125/f4	dir	700	lilingfeng	lilingfeng	4096	1786941778.1245990510	
/home/lilingfeng/tmp/juicefs-c03-r1-20260817-112439/cache/go-build-125/8a	dir	700	lilingfeng	lilingfeng	4096	1786941753.3245376010	
/home/lilingfeng/tmp/juicefs-c03-r1-20260817-112439/cache/go-build-125/a3	dir	700	lilingfeng	lilingfeng	4096	1786941753.2885494000	
/home/lilingfeng/tmp/juicefs-c03-r1-20260817-112439/cache/go-build-125/ad	dir	700	lilingfeng	lilingfeng	4096	1786941759.1306338050	
/home/lilingfeng/tmp/juicefs-c03-r1-20260817-112439/cache/go-build-125/73	dir	700	lilingfeng	lilingfeng	4096	1786941772.7783000200	
/home/lilingfeng/tmp/juicefs-c03-r1-20260817-112439/cache/go-build-125/6a	dir	700	lilingfeng	lilingfeng	4096	1786941772.7783000200	
/home/lilingfeng/tmp/juicefs-c03-r1-20260817-112439/cache/go-build-125/50	dir	700	lilingfeng	lilingfeng	4096	1786941752.6087722970	
/home/lilingfeng/tmp/juicefs-c03-r1-20260817-112439/cache/go-build-125/28	dir	700	lilingfeng	lilingfeng	4096	1786941745.7469527820	
/home/lilingfeng/tmp/juicefs-c03-r1-20260817-112439/cache/go-build-125/2b	dir	700	lilingfeng	lilingfeng	4096	1786941754.8720301850	
/home/lilingfeng/tmp/juicefs-c03-r1-20260817-112439/cache/go-build-125/f8	dir	700	lilingfeng	lilingfeng	4096	1786941753.1925808680	
/home/lilingfeng/tmp/juicefs-c03-r1-20260817-112439/cache/go-build-125/2c	dir	700	lilingfeng	lilingfeng	4096	1786941751.7530507500	
/home/lilingfeng/tmp/juicefs-c03-r1-20260817-112439/cache/go-build-125/README	dir	600	lilingfeng	lilingfeng	218	1786941712.7734813350	
/home/lilingfeng/tmp/juicefs-c03-r1-20260817-112439/cache/go-build-125/ac	dir	700	lilingfeng	lilingfeng	4096	1786941772.7783000200	
/home/lilingfeng/tmp/juicefs-c03-r1-20260817-112439/cache/go-build-125/f3	dir	700	lilingfeng	lilingfeng	4096	1786941754.6561009860	
/home/lilingfeng/tmp/juicefs-c03-r1-20260817-112439/cache/go-build-125/16	dir	700	lilingfeng	lilingfeng	4096	1786941751.8370241560	
/home/lilingfeng/tmp/juicefs-c03-r1-20260817-112439/cache/go-build-125/b5	dir	700	lilingfeng	lilingfeng	4096	1786941753.0366320020	
/home/lilingfeng/tmp/juicefs-c03-r1-20260817-112439/cache/go-build-125/ef	dir	700	lilingfeng	lilingfeng	4096	1786941753.3765205550	
/home/lilingfeng/tmp/juicefs-c03-r1-20260817-112439/cache/go-build-125/86	dir	700	lilingfeng	lilingfeng	4096	1786941750.6214091230	
/home/lilingfeng/tmp/juicefs-c03-r1-20260817-112439/cache/go-build-125/ba	dir	700	lilingfeng	lilingfeng	4096	1786941759.1106403610	
/home/lilingfeng/tmp/juicefs-c03-r1-20260817-112439/cache/go-build-125/c7	dir	700	lilingfeng	lilingfeng	4096	1786941754.5361403210	
/home/lilingfeng/tmp/juicefs-c03-r1-20260817-112439/cache/go-build-125/68	dir	700	lilingfeng	lilingfeng	4096	1786941754.8400406730	
/home/lilingfeng/tmp/juicefs-c03-r1-20260817-112439/cache/go-build-125/12	dir	700	lilingfeng	lilingfeng	4096	1786941772.8342822130	
/home/lilingfeng/tmp/juicefs-c03-r1-20260817-112439/cache/go-build-125/df	dir	700	lilingfeng	lilingfeng	4096	1786941782.2952716670	
/home/lilingfeng/tmp/juicefs-c03-r1-20260817-112439/cache/go-build-125/30	dir	700	lilingfeng	lilingfeng	4096	1786941754.0283068370	
/home/lilingfeng/tmp/juicefs-c03-r1-20260817-112439/cache/go-build-125/fd	dir	700	lilingfeng	lilingfeng	4096	1786941753.4365008880	
/home/lilingfeng/tmp/juicefs-c03-r1-20260817-112439/cache/go-build-125/3d	dir	700	lilingfeng	lilingfeng	4096	1786941778.3005430550	
/home/lilingfeng/tmp/juicefs-c03-r1-20260817-112439/cache/go-build-125/96	dir	700	lilingfeng	lilingfeng	4096	1786941753.0606241360	
/home/lilingfeng/tmp/juicefs-c03-r1-20260817-112439/cache/go-build-125/ec	dir	700	lilingfeng	lilingfeng	4096	1786941752.4008404750	
/home/lilingfeng/tmp/juicefs-c03-r1-20260817-112439/cache/go-build-125/54	dir	700	lilingfeng	lilingfeng	4096	1786941753.1605913570	
/home/lilingfeng/tmp/juicefs-c03-r1-20260817-112439/cache/go-build-125/8b	dir	700	lilingfeng	lilingfeng	4096	1786941753.3645244890	
/home/lilingfeng/tmp/juicefs-c03-r1-20260817-112439/cache/go-build-125/cb	dir	700	lilingfeng	lilingfeng	4096	1786941779.5041599840	
/home/lilingfeng/tmp/juicefs-c03-r1-20260817-112439/cache/go-build-125/80	dir	700	lilingfeng	lilingfeng	4096	1786941752.1649178340	
/home/lilingfeng/tmp/juicefs-c03-r1-20260817-112439/cache/go-build-125/7b	dir	700	lilingfeng	lilingfeng	12288	1786941779.8840390800	
/home/lilingfeng/tmp/juicefs-c03-r1-20260817-112439/cache/go-build-125/e2	dir	700	lilingfeng	lilingfeng	4096	1786941772.8942631360	
/home/lilingfeng/tmp/juicefs-c03-r1-20260817-112439/cache/go-build-125/34	dir	700	lilingfeng	lilingfeng	4096	1786941749.3218206860	
/home/lilingfeng/tmp/juicefs-c03-r1-20260817-112439/cache/go-build-125/ab	dir	700	lilingfeng	lilingfeng	4096	1786941752.9526595380	
/home/lilingfeng/tmp/juicefs-c03-r1-20260817-112439/cache/go-build-125/ce	dir	700	lilingfeng	lilingfeng	4096	1786941896.2989260140	
/home/lilingfeng/tmp/juicefs-c03-r1-20260817-112439/cache/go-build-125/6d	dir	700	lilingfeng	lilingfeng	4096	1786941753.7124104190	
/home/lilingfeng/tmp/juicefs-c03-r1-20260817-112439/cache/go-build-125/a7	dir	700	lilingfeng	lilingfeng	4096	1786941755.1719318480	
/home/lilingfeng/tmp/juicefs-c03-r1-20260817-112439/cache/go-build-125/97	dir	700	lilingfeng	lilingfeng	4096	1786941753.5964484420	
/home/lilingfeng/tmp/juicefs-c03-r1-20260817-112439/cache/go-build-125/bc	dir	700	lilingfeng	lilingfeng	4096	1786941779.7760734430	
/home/lilingfeng/tmp/juicefs-c03-r1-20260817-112439/cache/go-build-125/db	dir	700	lilingfeng	lilingfeng	4096	1786941759.0466613410	
/home/lilingfeng/tmp/juicefs-c03-r1-20260817-112439/cache/go-build-125/1a	dir	700	lilingfeng	lilingfeng	4096	1786941754.9360092050	
/home/lilingfeng/tmp/juicefs-c03-r1-20260817-112439/cache/go-build-125/da	dir	700	lilingfeng	lilingfeng	4096	1786941753.3805192440	
/home/lilingfeng/tmp/juicefs-c03-r1-20260817-112439/cache/go-build-125/d9	dir	700	lilingfeng	lilingfeng	4096	1786941901.9651202300	
/home/lilingfeng/tmp/juicefs-c03-r1-20260817-112439/cache/go-build-125/1c	dir	700	lilingfeng	lilingfeng	4096	1786941896.2829311110	
/home/lilingfeng/tmp/juicefs-c03-r1-20260817-112439/cache/go-build-125/19	dir	700	lilingfeng	lilingfeng	4096	1786941755.0319777370	
/home/lilingfeng/tmp/juicefs-c03-r1-20260817-112439/cache/go-build-125/08	dir	700	lilingfeng	lilingfeng	4096	1786941779.5001612560	
/home/lilingfeng/tmp/juicefs-c03-r1-20260817-112439/cache/go-build-125/ea	dir	700	lilingfeng	lilingfeng	4096	1786941752.6287657400	
/home/lilingfeng/tmp/juicefs-c03-r1-20260817-112439/cache/go-build-125/01	dir	700	lilingfeng	lilingfeng	4096	1786941752.5567893410	
/home/lilingfeng/tmp/juicefs-c03-r1-20260817-112439/cache/go-build-125/77	dir	700	lilingfeng	lilingfeng	4096	1786941753.6124431980	
/home/lilingfeng/tmp/juicefs-c03-r1-20260817-112439/cache/go-build-125/aa	dir	700	lilingfeng	lilingfeng	4096	1786941772.8622733120	
/home/lilingfeng/tmp/juicefs-c03-r1-20260817-112439/cache/go-build-125/bf	dir	700	lilingfeng	lilingfeng	12288	1786941772.7783000200	
/home/lilingfeng/tmp/juicefs-c03-r1-20260817-112439/cache/go-build-125/8f	dir	700	lilingfeng	lilingfeng	4096	1786941753.6724235290	
/home/lilingfeng/tmp/juicefs-c03-r1-20260817-112439/cache/go-build-125/e1	dir	700	lilingfeng	lilingfeng	4096	1786941755.1039541370	
/home/lilingfeng/tmp/juicefs-c03-r1-20260817-112439/cache/go-build-125/3a	dir	700	lilingfeng	lilingfeng	4096	1786941752.9806503590	
/home/lilingfeng/tmp/juicefs-c03-r1-20260817-112439/cache/go-build-125/e3	dir	700	lilingfeng	lilingfeng	4096	1786941759.1106403610	
/home/lilingfeng/tmp/juicefs-c03-r1-20260817-112439/cache/go-build-125/29	dir	700	lilingfeng	lilingfeng	4096	1786941772.7783000200	
/home/lilingfeng/tmp/juicefs-c03-r1-20260817-112439/cache/go-build-125/26	dir	700	lilingfeng	lilingfeng	4096	1786941779.9520174450	
/home/lilingfeng/tmp/juicefs-c03-r1-20260817-112439/cache/go-build-125/d1	dir	700	lilingfeng	lilingfeng	4096	1786941779.8040645330	
/home/lilingfeng/tmp/juicefs-c03-r1-20260817-112439/cache/go-build-125/48	dir	700	lilingfeng	lilingfeng	4096	1786941779.7800721700	
/home/lilingfeng/tmp/juicefs-c03-r1-20260817-112439/cache/go-build-125/3f	dir	700	lilingfeng	lilingfeng	4096	1786941752.4648194970	
/home/lilingfeng/tmp/juicefs-c03-r1-20260817-112439/cache/go-build-125/cd	dir	700	lilingfeng	lilingfeng	4096	1786941752.7327316500	
/home/lilingfeng/tmp/juicefs-c03-r1-20260817-112439/cache/go-build-125/a4	dir	700	lilingfeng	lilingfeng	4096	1786941752.2808798100	
/home/lilingfeng/tmp/juicefs-c03-r1-20260817-112439/cache/go-build-125/49	dir	700	lilingfeng	lilingfeng	4096	1786941772.7783000200	
/home/lilingfeng/tmp/juicefs-c03-r1-20260817-112439/cache/go-build-125/85	dir	700	lilingfeng	lilingfeng	12288	1786941753.8563632160	
/home/lilingfeng/tmp/juicefs-c03-r1-20260817-112439/cache/go-build-125/4a	dir	700	lilingfeng	lilingfeng	4096	1786941779.7800721700	
/home/lilingfeng/tmp/juicefs-c03-r1-20260817-112439/cache/go-build-125/46	dir	700	lilingfeng	lilingfeng	4096	1786941782.3312602120	
/home/lilingfeng/tmp/juicefs-c03-r1-20260817-112439/cache/go-build-125/a1	dir	700	lilingfeng	lilingfeng	4096	1786941752.7567237830	
/home/lilingfeng/tmp/juicefs-c03-r1-20260817-112439/cache/go-build-125/4f	dir	700	lilingfeng	lilingfeng	12288	1786941754.2242425920	
/home/lilingfeng/tmp/juicefs-c03-r1-20260817-112439/cache/go-build-125/e7	dir	700	lilingfeng	lilingfeng	4096	1786941779.5001612560	
/home/lilingfeng/tmp/juicefs-c03-r1-20260817-112439/cache/go-build-125/69	dir	700	lilingfeng	lilingfeng	4096	1786941779.4721701640	
/home/lilingfeng/tmp/juicefs-c03-r1-20260817-112439/cache/go-build-125/0a	dir	700	lilingfeng	lilingfeng	4096	1786941754.9280118280	
/home/lilingfeng/tmp/juicefs-c03-r1-20260817-112439/cache/go-build-125/07	dir	700	lilingfeng	lilingfeng	4096	1786941750.3414977700	
/home/lilingfeng/tmp/juicefs-c03-r1-20260817-112439/cache/go-build-125/58	dir	700	lilingfeng	lilingfeng	4096	1786941754.6001193430	
/home/lilingfeng/tmp/juicefs-c03-r1-20260817-112439/cache/go-build-125/d0	dir	700	lilingfeng	lilingfeng	4096	1786941753.2845507110	
/home/lilingfeng/tmp/juicefs-c03-r1-20260817-112439/cache/go-build-125/14	dir	700	lilingfeng	lilingfeng	4096	1786941754.2162452130	
/home/lilingfeng/tmp/juicefs-c03-r1-20260817-112439/cache/go-build-125/9d	dir	700	lilingfeng	lilingfeng	4096	1786941754.5401390100	
/home/lilingfeng/tmp/juicefs-c03-r1-20260817-112439/cache/go-build-125/0f	dir	700	lilingfeng	lilingfeng	4096	1786941779.5001612560	
/home/lilingfeng/tmp/juicefs-c03-r1-20260817-112439/cache/go-build-125/95	dir	700	lilingfeng	lilingfeng	4096	1786941779.5001612560	
/home/lilingfeng/tmp/juicefs-c03-r1-20260817-112439/cache/go-build-125/22	dir	700	lilingfeng	lilingfeng	4096	1786941781.8754052960	
/home/lilingfeng/tmp/juicefs-c03-r1-20260817-112439/cache/go-build-125/8e	dir	700	lilingfeng	lilingfeng	4096	1786941902.4649609310	
/home/lilingfeng/tmp/juicefs-c03-r1-20260817-112439/cache/go-build-125/0b	dir	700	lilingfeng	lilingfeng	4096	1786941754.2802242350	
/home/lilingfeng/tmp/juicefs-c03-r1-20260817-112439/cache/go-build-125/d6	dir	700	lilingfeng	lilingfeng	4096	1786941753.6884182860	
/home/lilingfeng/tmp/juicefs-c03-r1-20260817-112439/cache/go-build-125/f2	dir	700	lilingfeng	lilingfeng	4096	1786941753.5124759770	
/home/lilingfeng/tmp/juicefs-c03-r1-20260817-112439/cache/go-build-125/7f	dir	700	lilingfeng	lilingfeng	4096	1786941778.1245990510	
/home/lilingfeng/tmp/juicefs-c03-r1-20260817-112439/cache/go-build-125/eb	dir	700	lilingfeng	lilingfeng	4096	1786941750.9053192150	
/home/lilingfeng/tmp/juicefs-c03-r1-20260817-112439/cache/go-build-125/9e	dir	700	lilingfeng	lilingfeng	4096	1786941752.8886805160	
/home/lilingfeng/tmp/juicefs-c03-r1-20260817-112439/cache/go-build-125/66	dir	700	lilingfeng	lilingfeng	4096	1786941754.3042163680	
/home/lilingfeng/tmp/juicefs-c03-r1-20260817-112439/cache/go-build-125/5b	dir	700	lilingfeng	lilingfeng	4096	1786941753.6564287740	
/home/lilingfeng/tmp/juicefs-c03-r1-20260817-112439/cache/go-build-125/1f	dir	700	lilingfeng	lilingfeng	4096	1786941754.0363042140	
/home/lilingfeng/tmp/juicefs-c03-r1-20260817-112439/cache/go-build-125/a5	dir	700	lilingfeng	lilingfeng	4096	1786941754.5241442550	
/home/lilingfeng/tmp/juicefs-c03-r1-20260817-112439/cache/go-build-125/c4	dir	700	lilingfeng	lilingfeng	4096	1786941778.1245990510	
/home/lilingfeng/tmp/juicefs-c03-r1-20260817-112439/cache/go-build-125/76	dir	700	lilingfeng	lilingfeng	4096	1786941772.7783000200	
/home/lilingfeng/tmp/juicefs-c03-r1-20260817-112439/cache/go-build-125/a8	dir	700	lilingfeng	lilingfeng	4096	1786941753.0846162690	
/home/lilingfeng/tmp/juicefs-c03-r1-20260817-112439/cache/go-build-125/a2	dir	700	lilingfeng	lilingfeng	4096	1786941753.5404667980	
/home/lilingfeng/tmp/juicefs-c03-r1-20260817-112439/cache/go-build-125/f0	dir	700	lilingfeng	lilingfeng	4096	1786941754.5361403210	
/home/lilingfeng/tmp/juicefs-c03-r1-20260817-112439/cache/go-build-125/2e	dir	700	lilingfeng	lilingfeng	4096	1786941754.1362714370	
/home/lilingfeng/tmp/juicefs-c03-r1-20260817-112439/cache/go-build-125/5e	dir	700	lilingfeng	lilingfeng	4096	1786941782.3032691200	
/home/lilingfeng/tmp/juicefs-c03-r1-20260817-112439/cache/go-build-125/5a	dir	700	lilingfeng	lilingfeng	4096	1786941759.0506600300	
/home/lilingfeng/tmp/juicefs-c03-r1-20260817-112439/cache/go-build-125/2f	dir	700	lilingfeng	lilingfeng	4096	1786941778.1285977790	
/home/lilingfeng/tmp/juicefs-c03-r1-20260817-112439/cache/go-build-125/e6	dir	700	lilingfeng	lilingfeng	4096	1786941778.1285977790	
/home/lilingfeng/tmp/juicefs-c03-r1-20260817-112439/cache/go-build-125/65	dir	700	lilingfeng	lilingfeng	4096	1786941752.4928103180	
/home/lilingfeng/tmp/juicefs-c03-r1-20260817-112439/cache/go-build-125/ee	dir	700	lilingfeng	lilingfeng	4096	1786941754.3721940780	
/home/lilingfeng/tmp/juicefs-c03-r1-20260817-112439/cache/go-build-125/c3	dir	700	lilingfeng	lilingfeng	4096	1786941753.9563304390	
/home/lilingfeng/tmp/juicefs-c03-r1-20260817-112439/cache/go-build-125/c5	dir	700	lilingfeng	lilingfeng	4096	1786941750.2295332310	
/home/lilingfeng/tmp/juicefs-c03-r1-20260817-112439/cache/go-build-125/trim.txt	dir	600	lilingfeng	lilingfeng	10	1786941785.3183096660	
/home/lilingfeng/tmp/juicefs-c03-r1-20260817-112439/cache/go-build-125/d4	dir	700	lilingfeng	lilingfeng	4096	1786941753.3925153100	
/home/lilingfeng/tmp/juicefs-c03-r1-20260817-112439/cache/go-build-125/4d	dir	700	lilingfeng	lilingfeng	4096	1786941751.2092229780	
/home/lilingfeng/tmp/juicefs-c03-r1-20260817-112439/cache/go-build-125/bd	dir	700	lilingfeng	lilingfeng	4096	1786941753.5724563080	
/home/lilingfeng/tmp/juicefs-c03-r1-20260817-112439/cache/go-build-125/af	dir	700	lilingfeng	lilingfeng	4096	1786941752.6687526280	
/home/lilingfeng/tmp/juicefs-c03-r1-20260817-112439/cache/go-build-125/94	dir	700	lilingfeng	lilingfeng	4096	1786941752.4168352320	
/home/lilingfeng/tmp/juicefs-c03-r1-20260817-112439/cache/go-build-125/9f	dir	700	lilingfeng	lilingfeng	4096	1786941754.8400406730	
/home/lilingfeng/tmp/juicefs-c03-r1-20260817-112439/cache/go-build-125/b7	dir	700	lilingfeng	lilingfeng	4096	1786941759.0466613410	
/home/lilingfeng/tmp/juicefs-c03-r1-20260817-112439/cache/go-build-125/c8	dir	700	lilingfeng	lilingfeng	4096	1786941753.3925153100	
/home/lilingfeng/tmp/juicefs-c03-r1-20260817-112439/cache/go-build-125/8d	dir	700	lilingfeng	lilingfeng	4096	1786941753.4045113780	
/home/lilingfeng/tmp/juicefs-c03-r1-20260817-112439/cache/go-build-125/3e	dir	700	lilingfeng	lilingfeng	4096	1786941753.2965467780	
/home/lilingfeng/tmp/juicefs-c03-r1-20260817-112439/cache/go-build-125/39	dir	700	lilingfeng	lilingfeng	4096	1786941781.8953989310	
/home/lilingfeng/tmp/juicefs-c03-r1-20260817-112439/cache/go-build-125/52	dir	700	lilingfeng	lilingfeng	4096	1786941754.1682609480	
/home/lilingfeng/tmp/juicefs-c03-r1-20260817-112439/cache/go-build-125/10	dir	700	lilingfeng	lilingfeng	12288	1786941772.7783000200	
/home/lilingfeng/tmp/juicefs-c03-r1-20260817-112439/cache/go-build-125/56	dir	700	lilingfeng	lilingfeng	4096	1786941782.4032373040	
/home/lilingfeng/tmp/juicefs-c03-r1-20260817-112439/cache/go-build-125/92	dir	700	lilingfeng	lilingfeng	4096	1786941753.5684576190	
/home/lilingfeng/tmp/juicefs-c03-r1-20260817-112439/cache/go-build-125/18	dir	700	lilingfeng	lilingfeng	4096	1786941753.8083789510	
/home/lilingfeng/tmp/juicefs-c03-r1-20260817-112439/cache/go-build-125/e8	dir	700	lilingfeng	lilingfeng	4096	1786941896.2989260140	
/home/lilingfeng/tmp/juicefs-c03-r1-20260817-112439/cache/go-build-125/a6	dir	700	lilingfeng	lilingfeng	4096	1786941754.8120498510	
/home/lilingfeng/tmp/juicefs-c03-r1-20260817-112439/cache/go-build-125/02	dir	700	lilingfeng	lilingfeng	4096	1786941753.1805848010	
/home/lilingfeng/tmp/juicefs-c03-r1-20260817-112439/cache/go-build-125/24	dir	700	lilingfeng	lilingfeng	4096	1786941779.4961625290	
/home/lilingfeng/tmp/juicefs-c03-r1-20260817-112439/cache/go-build-125/d3	dir	700	lilingfeng	lilingfeng	4096	1786941772.7783000200	
/home/lilingfeng/tmp/juicefs-c03-r1-20260817-112439/cache/go-build-125/32	dir	700	lilingfeng	lilingfeng	12288	1786941896.3389132710	
/home/lilingfeng/tmp/juicefs-c03-r1-20260817-112439/cache/go-build-125/e5	dir	700	lilingfeng	lilingfeng	4096	1786941753.0766188920	
/home/lilingfeng/tmp/juicefs-c03-r1-20260817-112439/cache/go-build-125/c6	dir	700	lilingfeng	lilingfeng	4096	1786941753.5404667980	
/home/lilingfeng/tmp/juicefs-c03-r1-20260817-112439/cache/go-build-125/f9	dir	700	lilingfeng	lilingfeng	4096	1786941779.8880378080	
/home/lilingfeng/tmp/juicefs-c03-r1-20260817-112439/cache/go-build-125/59	dir	700	lilingfeng	lilingfeng	4096	1786941754.2682281690	
/home/lilingfeng/tmp/juicefs-c03-r1-20260817-112439/cache/go-build-125/91	dir	700	lilingfeng	lilingfeng	4096	1786941754.0682937270	
/home/lilingfeng/tmp/juicefs-c03-r1-20260817-112439/cache/go-build-125/be	dir	700	lilingfeng	lilingfeng	4096	1786941753.8643605950	
/home/lilingfeng/tmp/juicefs-c03-r1-20260817-112439/cache/go-build-125/2d	dir	700	lilingfeng	lilingfeng	4096	1786941753.8403684610	
/home/lilingfeng/tmp/juicefs-c03-r1-20260817-112439/cache/go-build-125/b1	dir	700	lilingfeng	lilingfeng	4096	1786941778.1285977790	
/home/lilingfeng/tmp/juicefs-c03-r1-20260817-112439/cache/go-build-125/c9	dir	700	lilingfeng	lilingfeng	4096	1786941772.8622733120	
/home/lilingfeng/tmp/juicefs-c03-r1-20260817-112439/cache/go-build-125/f7	dir	700	lilingfeng	lilingfeng	4096	1786941782.2592831200	
/home/lilingfeng/tmp/juicefs-c03-r1-20260817-112439/cache/go-build-125/dd	dir	700	lilingfeng	lilingfeng	4096	1786941778.3165379630	
/home/lilingfeng/tmp/juicefs-c03-r1-20260817-112439/cache/go-build-125/4c	dir	700	lilingfeng	lilingfeng	4096	1786941752.1409257020	
/home/lilingfeng/tmp/juicefs-c03-r1-20260817-112439/cache/go-build-125/57	dir	700	lilingfeng	lilingfeng	4096	1786941754.7600668960	
/home/lilingfeng/tmp/juicefs-c03-r1-20260817-112439/cache/go-build-125/7a	dir	700	lilingfeng	lilingfeng	4096	1786941752.2648850550	
/home/lilingfeng/tmp/juicefs-c03-r1-20260817-112439/cache/go-build-125/75	dir	700	lilingfeng	lilingfeng	4096	1786941778.1285977790	
/home/lilingfeng/tmp/juicefs-c03-r1-20260817-112439/cache/go-build-125/37	dir	700	lilingfeng	lilingfeng	4096	1786941752.1849112780	
/home/lilingfeng/tmp/juicefs-c03-r1-20260817-112439/cache/go-build-125/5f	dir	700	lilingfeng	lilingfeng	4096	1786941754.3801914560	
/home/lilingfeng/tmp/juicefs-c03-r1-20260817-112439/cache/go-build-125/67	dir	700	lilingfeng	lilingfeng	4096	1786941778.1285977790	
/home/lilingfeng/tmp/juicefs-c03-r1-20260817-112439/cache/go-build-125/98	dir	700	lilingfeng	lilingfeng	4096	1786941753.7723907520	
/home/lilingfeng/tmp/juicefs-c03-r1-20260817-112439/cache/go-build-125/a0	dir	700	lilingfeng	lilingfeng	4096	1786941752.9286674040	
/home/lilingfeng/tmp/juicefs-c03-r1-20260817-112439/cache/go-build-125/fa	dir	700	lilingfeng	lilingfeng	4096	1786941772.8782682220	
/home/lilingfeng/tmp/juicefs-c03-r1-20260817-112439/cache/go-build-125/82	dir	700	lilingfeng	lilingfeng	4096	1786941753.1725874240	
/home/lilingfeng/tmp/juicefs-c03-r1-20260817-112439/cache/go-build-125/6b	dir	700	lilingfeng	lilingfeng	4096	1786941782.3072678470	
/home/lilingfeng/tmp/juicefs-c03-r1-20260817-112439/cache/go-build-125/38	dir	700	lilingfeng	lilingfeng	4096	1786941753.4604930210	
/home/lilingfeng/tmp/juicefs-c03-r1-20260817-112439/cache/go-build-125/60	dir	700	lilingfeng	lilingfeng	4096	1786941778.1285977790	
/home/lilingfeng/tmp/juicefs-c03-r1-20260817-112439/cache/go-build-125/78	dir	700	lilingfeng	lilingfeng	4096	1786941754.7600668960	
/home/lilingfeng/tmp/juicefs-c03-r1-20260817-112439/cache/go-build-125/c1	dir	700	lilingfeng	lilingfeng	4096	1786941785.2023465610	
/home/lilingfeng/tmp/juicefs-c03-r1-20260817-112439/cache/go-build-125/93	dir	700	lilingfeng	lilingfeng	4096	1786941779.4841663460	
/home/lilingfeng/tmp/juicefs-c03-r1-20260817-112439/cache/go-build-125/99	dir	700	lilingfeng	lilingfeng	4096	1786941778.3165379630	
/home/lilingfeng/tmp/juicefs-c03-r1-20260817-112439/cache/go-build-125/3b	dir	700	lilingfeng	lilingfeng	4096	1786941753.4564943320	
/home/lilingfeng/tmp/juicefs-c03-r1-20260817-112439/cache/go-build-125/f1	dir	700	lilingfeng	lilingfeng	4096	1786941752.1609191450	
/home/lilingfeng/tmp/juicefs-c03-r1-20260817-112439/cache/go-build-125/b6	dir	700	lilingfeng	lilingfeng	4096	1786941753.7284051740	
/home/lilingfeng/tmp/juicefs-c03-r1-20260817-112439/cache/go-build-125/8c	dir	700	lilingfeng	lilingfeng	4096	1786941754.2682281690	
/home/lilingfeng/tmp/juicefs-c03-r1-20260817-112439/cache/go-build-125/79	dir	700	lilingfeng	lilingfeng	4096	1786941779.8880378080	
/home/lilingfeng/tmp/juicefs-c03-r1-20260817-112439/cache/go-build-125/55	dir	700	lilingfeng	lilingfeng	4096	1786941779.8040645330	
/home/lilingfeng/tmp/juicefs-c03-r1-20260817-112439/cache/go-build-125/9b	dir	700	lilingfeng	lilingfeng	4096	1786941779.5041599840	
/home/lilingfeng/tmp/juicefs-c03-r1-20260817-112439/cache/go-build-125/ca	dir	700	lilingfeng	lilingfeng	4096	1786941759.1106403610	
/home/lilingfeng/tmp/juicefs-c03-r1-20260817-112439/cache/go-build-125/6e	dir	700	lilingfeng	lilingfeng	4096	1786941750.5654268540	
/home/lilingfeng/tmp/juicefs-c03-r1-20260817-112439/cache/go-build-125/4e	dir	700	lilingfeng	lilingfeng	4096	1786941902.4649609310	
/home/lilingfeng/tmp/juicefs-c03-r1-20260817-112439/cache/go-build-125/6c	dir	700	lilingfeng	lilingfeng	12288	1786941753.3525284230	
/home/lilingfeng/tmp/juicefs-c03-r1-20260817-112439/cache/go-build-125/51	dir	700	lilingfeng	lilingfeng	4096	1786941751.1532407060	
/home/lilingfeng/tmp/juicefs-c03-r1-20260817-112439/cache/go-build-125/53	dir	700	lilingfeng	lilingfeng	4096	1786941748.7340068340	
/home/lilingfeng/tmp/juicefs-c03-r1-20260817-112439/cache/go-build-125/09	dir	700	lilingfeng	lilingfeng	4096	1786941778.1285977790	
/home/lilingfeng/tmp/juicefs-c03-r1-20260817-112439/cache/go-build-125/81	dir	700	lilingfeng	lilingfeng	4096	1786941752.4448260530	
/home/lilingfeng/tmp/juicefs-c03-r1-20260817-112439/cache/go-build-125/5d	dir	700	lilingfeng	lilingfeng	4096	1786941753.9563304390	
/home/lilingfeng/tmp/juicefs-c03-r1-20260817-112439/cache/go-build-125/9c	dir	700	lilingfeng	lilingfeng	4096	1786941752.7607224720	
/home/lilingfeng/tmp/juicefs-c03-r1-20260817-112439/cache/go-build-125/fb	dir	700	lilingfeng	lilingfeng	4096	1786941754.0642950380	
/home/lilingfeng/tmp/juicefs-c03-r1-20260817-112439/cache/go-build-125/7c	dir	700	lilingfeng	lilingfeng	4096	1786941753.3245376010	
/home/lilingfeng/tmp/juicefs-c03-r1-20260817-112439/cache/go-build-125/d5	dir	700	lilingfeng	lilingfeng	4096	1786941778.1285977790	
/home/lilingfeng/tmp/juicefs-c03-r1-20260817-112439/cache/go-build-125/70	dir	700	lilingfeng	lilingfeng	4096	1786941752.6767500070	
/home/lilingfeng/tmp/juicefs-c03-r1-20260817-112439/cache/go-build-125/f5	dir	700	lilingfeng	lilingfeng	4096	1786941754.6121154100	
/home/lilingfeng/tmp/juicefs-c03-r1-20260817-112439/cache/go-build-125/0d	dir	700	lilingfeng	lilingfeng	12288	1786941754.2442360360	
/home/lilingfeng/tmp/juicefs-c03-r1-20260817-112439/cache/go-build-125/72	dir	700	lilingfeng	lilingfeng	12288	1786941753.1445966020	
/home/lilingfeng/tmp/juicefs-c03-r1-20260817-112439/cache/go-build-125/e4	dir	700	lilingfeng	lilingfeng	4096	1786941753.0006438030	
/home/lilingfeng/tmp/juicefs-c03-r1-20260817-112439/cache/go-build-125/d2	dir	700	lilingfeng	lilingfeng	4096	1786941753.5444654870	
/home/lilingfeng/tmp/juicefs-c03-r1-20260817-112439/cache/go-build-125/b0	dir	700	lilingfeng	lilingfeng	4096	1786941753.8923514170	
/home/lilingfeng/tmp/juicefs-c03-r1-20260817-112439/cache/go-build-125/fe	dir	700	lilingfeng	lilingfeng	4096	1786941782.3072678470	
/home/lilingfeng/tmp/juicefs-c03-r1-20260817-112439/cache/go-build-125/41	dir	700	lilingfeng	lilingfeng	4096	1786941750.5054458490	
/home/lilingfeng/tmp/juicefs-c03-r1-20260817-112439/cache/go-build-125/3c	dir	700	lilingfeng	lilingfeng	4096	1786941754.5401390100	
/home/lilingfeng/tmp/juicefs-c03-r1-20260817-112439/cache/go-build-125/45	dir	700	lilingfeng	lilingfeng	4096	1786941782.3312602120	
/home/lilingfeng/tmp/juicefs-c03-r1-20260817-112439/cache/go-build-125/87	dir	700	lilingfeng	lilingfeng	4096	1786941753.3965139990	
/home/lilingfeng/tmp/juicefs-c03-r1-20260817-112439/cache/go-build-125/0e	dir	700	lilingfeng	lilingfeng	4096	1786941778.3125392360	
/home/lilingfeng/tmp/juicefs-c03-r1-20260817-112439/cache/go-build-125/cf	dir	700	lilingfeng	lilingfeng	4096	1786941778.1285977790	
/home/lilingfeng/tmp/juicefs-c03-r1-20260817-112439/cache/go-build-125/b9	dir	700	lilingfeng	lilingfeng	4096	1786941779.8840390800	
/home/lilingfeng/tmp/juicefs-c03-r1-20260817-112439/cache/go-build-125/64	dir	700	lilingfeng	lilingfeng	4096	1786941751.9090013630	
/home/lilingfeng/tmp/juicefs-c03-r1-20260817-112439/cache/go-build-125/ed	dir	700	lilingfeng	lilingfeng	4096	1786941752.4608208080	
/home/lilingfeng/tmp/juicefs-c03-r1-20260817-112439/cache/go-build-125/f6	dir	700	lilingfeng	lilingfeng	4096	1786941753.8923514170	
/home/lilingfeng/tmp/juicefs-c03-r1-20260817-112439/cache/go-build-125/90	dir	700	lilingfeng	lilingfeng	4096	1786941895.7431030640	
/home/lilingfeng/tmp/juicefs-c03-r1-20260817-112439/cache/go-build-125/44	dir	700	lilingfeng	lilingfeng	4096	1786941753.8923514170	
/home/lilingfeng/tmp/juicefs-c03-r1-20260817-112439/cache/go-build-125/06	dir	700	lilingfeng	lilingfeng	4096	1786941753.4844851530	
/home/lilingfeng/tmp/juicefs-c03-r1-20260817-112439/cache/go-build-125/20	dir	700	lilingfeng	lilingfeng	4096	1786941754.9280118280	
/home/lilingfeng/tmp/juicefs-c03-r1-20260817-112439/cache/go-build-125/0c	dir	700	lilingfeng	lilingfeng	4096	1786941753.6844195970	
/home/lilingfeng/tmp/juicefs-c03-r1-20260817-112439/cache/go-build-125/62	dir	700	lilingfeng	lilingfeng	4096	1786941753.0846162690	
/home/lilingfeng/tmp/juicefs-c03-r1-20260817-112439/cache/go-build-125/13	dir	700	lilingfeng	lilingfeng	4096	1786941781.8953989310	
/home/lilingfeng/tmp/juicefs-c03-r1-20260817-112439/cache/go-build-125/7e	dir	700	lilingfeng	lilingfeng	4096	1786941754.4361731000	
/home/lilingfeng/tmp/juicefs-c03-r1-20260817-112439/cache/go-build-125/47	dir	700	lilingfeng	lilingfeng	4096	1786941753.6124431980	
/home/lilingfeng/tmp/juicefs-c03-r1-20260817-112439/cache/go-build-125/63	dir	700	lilingfeng	lilingfeng	4096	1786941752.0329611010	
/home/lilingfeng/tmp/juicefs-c03-r1-20260817-112439/cache/go-build-125/e9	dir	700	lilingfeng	lilingfeng	4096	1786941750.8053508730	
/home/lilingfeng/tmp/juicefs-c03-r1-20260817-112439/cache/go-build-125/cc	dir	700	lilingfeng	lilingfeng	4096	1786941754.9320105160	
/home/lilingfeng/tmp/juicefs-c03-r1-20260817-112439/cache/go-build-125/88	dir	700	lilingfeng	lilingfeng	4096	1786941754.5401390100	
/home/lilingfeng/tmp/juicefs-c03-r1-20260817-112439/cache/go-build-125/b4	dir	700	lilingfeng	lilingfeng	4096	1786941781.8914002060	
/home/lilingfeng/tmp/juicefs-c03-r1-20260817-112439/cache/go-build-125/43	dir	700	lilingfeng	lilingfeng	4096	1786941782.3312602120	
/home/lilingfeng/tmp/juicefs-c03-r1-20260817-112439/cache/go-build-125/35	dir	700	lilingfeng	lilingfeng	4096	1786941753.5404667980	
/home/lilingfeng/tmp/juicefs-c03-r1-20260817-112439/cache/go-build-125/dc	dir	700	lilingfeng	lilingfeng	4096	1786941778.1285977790	
/home/lilingfeng/tmp/juicefs-c03-r1-20260817-112439/cache/go-build-125/15	dir	700	lilingfeng	lilingfeng	4096	1786941778.1285977790	
/home/lilingfeng/tmp/juicefs-c03-r1-20260817-112439/cache/go-build-125/11	dir	700	lilingfeng	lilingfeng	4096	1786941751.7130634150	
/home/lilingfeng/tmp/juicefs-c03-r1-20260817-112439/cache/go-build-125/de	dir	700	lilingfeng	lilingfeng	4096	1786941895.7431030640	
/home/lilingfeng/tmp/juicefs-c03-r1-20260817-112439/cache/go-build-125/61	dir	700	lilingfeng	lilingfeng	4096	1786941778.2885468730	
/home/lilingfeng/tmp/juicefs-c03-r1-20260817-112439/cache/go-build-125/00	dir	700	lilingfeng	lilingfeng	4096	1786941896.3389132710	
/home/lilingfeng/tmp/juicefs-c03-r1-20260817-112439/cache/go-build-125/2a	dir	700	lilingfeng	lilingfeng	4096	1786941751.7730444190	
/home/lilingfeng/tmp/juicefs-c03-r1-20260817-112439/cache/go-build-125/03	dir	700	lilingfeng	lilingfeng	4096	1786941753.5964484420	
/home/lilingfeng/tmp/juicefs-c03-r1-20260817-112439/cache/go-build-125/89	dir	700	lilingfeng	lilingfeng	4096	1786941778.1245990510	
/home/lilingfeng/tmp/juicefs-c03-r1-20260817-112439/cache/go-build-125/36	dir	700	lilingfeng	lilingfeng	4096	1786941752.7567237830	
/home/lilingfeng/tmp/juicefs-c03-r1-20260817-112439/cache/go-build-125/d7	dir	700	lilingfeng	lilingfeng	4096	1786941753.4604930210	
/home/lilingfeng/tmp/juicefs-c03-r1-20260817-112439/cache/go-build-125/23	dir	700	lilingfeng	lilingfeng	4096	1786941772.8502771280	
/home/lilingfeng/tmp/juicefs-c03-r1-20260817-112439/cache/go-build-125/d8	dir	700	lilingfeng	lilingfeng	4096	1786941753.3125415320	
/home/lilingfeng/tmp/juicefs-c03-r1-20260817-112439/cache/go-build-125/c0	dir	700	lilingfeng	lilingfeng	4096	1786941896.3389132710	
/home/lilingfeng/tmp/juicefs-c03-r1-20260817-112439/cache/go-build-125/21	dir	700	lilingfeng	lilingfeng	12288	1786941778.1285977790	
/home/lilingfeng/tmp/juicefs-c03-r1-20260817-112439/cache/go-build-125/42	dir	700	lilingfeng	lilingfeng	4096	1786941772.8862656800	
/home/lilingfeng/tmp/juicefs-c03-r1-20260817-112439/cache/go-build-125/33	dir	700	lilingfeng	lilingfeng	4096	1786941753.4604930210	
/home/lilingfeng/tmp/juicefs-c03-r1-20260817-112439/cache/go-build-125/9a	dir	700	lilingfeng	lilingfeng	4096	1786941755.2639016910	
/home/lilingfeng/tmp/juicefs-c03-r1-20260817-112439/cache/go-build-125/71	dir	700	lilingfeng	lilingfeng	4096	1786941752.1289296330	
/home/lilingfeng/tmp/juicefs-c03-r1-20260817-112439/cache/go-build-125/bb	dir	700	lilingfeng	lilingfeng	4096	1786941752.5647867180	
/home/lilingfeng/tmp/juicefs-c03-r1-20260817-112439/cache/go-build-125/74	dir	700	lilingfeng	lilingfeng	4096	1786941759.0466613410	
/home/lilingfeng/tmp/juicefs-c03-r1-20260817-112439/cache/go-build-125/04	dir	700	lilingfeng	lilingfeng	4096	1786941896.4348826860	
/home/lilingfeng/tmp/juicefs-c03-r1-20260817-112439/cache/go-build-125/31	dir	700	lilingfeng	lilingfeng	4096	1786941753.6284379530	
/home/lilingfeng/tmp/juicefs-c03-r1-20260817-112439/cache/go-build-126	dir	700	lilingfeng	lilingfeng	4096	1786941887.4337496850	
/home/lilingfeng/tmp/juicefs-c03-r1-20260817-112439/cache/go-build-126/b2	dir	700	lilingfeng	lilingfeng	12288	1786941878.6245581090	
/home/lilingfeng/tmp/juicefs-c03-r1-20260817-112439/cache/go-build-126/ae	dir	700	lilingfeng	lilingfeng	4096	1786941848.8739982280	
/home/lilingfeng/tmp/juicefs-c03-r1-20260817-112439/cache/go-build-126/25	dir	700	lilingfeng	lilingfeng	4096	1786941849.4018300780	
/home/lilingfeng/tmp/juicefs-c03-r1-20260817-112439/cache/go-build-126/84	dir	700	lilingfeng	lilingfeng	12288	1786941856.3236250640	
/home/lilingfeng/tmp/juicefs-c03-r1-20260817-112439/cache/go-build-126/40	dir	700	lilingfeng	lilingfeng	4096	1786941878.6205593890	
/home/lilingfeng/tmp/juicefs-c03-r1-20260817-112439/cache/go-build-126/5c	dir	700	lilingfeng	lilingfeng	4096	1786941849.7857077880	
/home/lilingfeng/tmp/juicefs-c03-r1-20260817-112439/cache/go-build-126/17	dir	700	lilingfeng	lilingfeng	4096	1786941848.9339791190	
/home/lilingfeng/tmp/juicefs-c03-r1-20260817-112439/cache/go-build-126/1e	dir	700	lilingfeng	lilingfeng	4096	1786941850.9173472900	
/home/lilingfeng/tmp/juicefs-c03-r1-20260817-112439/cache/go-build-126/6f	dir	700	lilingfeng	lilingfeng	4096	1786941848.7140491800	
/home/lilingfeng/tmp/juicefs-c03-r1-20260817-112439/cache/go-build-126/ff	dir	700	lilingfeng	lilingfeng	4096	1786941880.8198563710	
/home/lilingfeng/tmp/juicefs-c03-r1-20260817-112439/cache/go-build-126/1b	dir	700	lilingfeng	lilingfeng	4096	1786941850.5774555680	
/home/lilingfeng/tmp/juicefs-c03-r1-20260817-112439/cache/go-build-126/7d	dir	700	lilingfeng	lilingfeng	4096	1786941846.7826642880	
/home/lilingfeng/tmp/juicefs-c03-r1-20260817-112439/cache/go-build-126/b8	dir	700	lilingfeng	lilingfeng	4096	1786941847.0905662370	
/home/lilingfeng/tmp/juicefs-c03-r1-20260817-112439/cache/go-build-126/4b	dir	700	lilingfeng	lilingfeng	4096	1786941851.6011294610	
/home/lilingfeng/tmp/juicefs-c03-r1-20260817-112439/cache/go-build-126/1d	dir	700	lilingfeng	lilingfeng	4096	1786941847.0425815160	
/home/lilingfeng/tmp/juicefs-c03-r1-20260817-112439/cache/go-build-126/e0	dir	700	lilingfeng	lilingfeng	12288	1786941848.7540364430	
/home/lilingfeng/tmp/juicefs-c03-r1-20260817-112439/cache/go-build-126/c2	dir	700	lilingfeng	lilingfeng	4096	1786941850.0056377290	
/home/lilingfeng/tmp/juicefs-c03-r1-20260817-112439/cache/go-build-126/05	dir	700	lilingfeng	lilingfeng	4096	1786941850.8413714930	
/home/lilingfeng/tmp/juicefs-c03-r1-20260817-112439/cache/go-build-126/fc	dir	700	lilingfeng	lilingfeng	12288	1786941883.8948769000	
/home/lilingfeng/tmp/juicefs-c03-r1-20260817-112439/cache/go-build-126/b3	dir	700	lilingfeng	lilingfeng	4096	1786941850.8453702170	
/home/lilingfeng/tmp/juicefs-c03-r1-20260817-112439/cache/go-build-126/27	dir	700	lilingfeng	lilingfeng	12288	1786941848.4061472670	
/home/lilingfeng/tmp/juicefs-c03-r1-20260817-112439/cache/go-build-126/a9	dir	700	lilingfeng	lilingfeng	4096	1786941847.3144949270	
/home/lilingfeng/tmp/juicefs-c03-r1-20260817-112439/cache/go-build-126/83	dir	700	lilingfeng	lilingfeng	4096	1786941849.5697765750	
/home/lilingfeng/tmp/juicefs-c03-r1-20260817-112439/cache/go-build-126/f4	dir	700	lilingfeng	lilingfeng	4096	1786941850.6734249920	
/home/lilingfeng/tmp/juicefs-c03-r1-20260817-112439/cache/go-build-126/8a	dir	700	lilingfeng	lilingfeng	4096	1786941848.9339791190	
/home/lilingfeng/tmp/juicefs-c03-r1-20260817-112439/cache/go-build-126/a3	dir	700	lilingfeng	lilingfeng	4096	1786941848.5700950400	
/home/lilingfeng/tmp/juicefs-c03-r1-20260817-112439/cache/go-build-126/ad	dir	700	lilingfeng	lilingfeng	12288	1786941848.2701905810	
/home/lilingfeng/tmp/juicefs-c03-r1-20260817-112439/cache/go-build-126/73	dir	700	lilingfeng	lilingfeng	4096	1786941847.4504516350	
/home/lilingfeng/tmp/juicefs-c03-r1-20260817-112439/cache/go-build-126/6a	dir	700	lilingfeng	lilingfeng	12288	1786941883.7309291230	
/home/lilingfeng/tmp/juicefs-c03-r1-20260817-112439/cache/go-build-126/50	dir	700	lilingfeng	lilingfeng	4096	1786941848.3661600080	
/home/lilingfeng/tmp/juicefs-c03-r1-20260817-112439/cache/go-build-126/28	dir	700	lilingfeng	lilingfeng	4096	1786941849.1379141560	
/home/lilingfeng/tmp/juicefs-c03-r1-20260817-112439/cache/go-build-126/2b	dir	700	lilingfeng	lilingfeng	12288	1786941850.7374046110	
/home/lilingfeng/tmp/juicefs-c03-r1-20260817-112439/cache/go-build-126/f8	dir	700	lilingfeng	lilingfeng	12288	1786941849.1339154300	
/home/lilingfeng/tmp/juicefs-c03-r1-20260817-112439/cache/go-build-126/2c	dir	700	lilingfeng	lilingfeng	4096	1786941847.8223332070	
/home/lilingfeng/tmp/juicefs-c03-r1-20260817-112439/cache/go-build-126/README	dir	600	lilingfeng	lilingfeng	218	1786941791.8282384120	
/home/lilingfeng/tmp/juicefs-c03-r1-20260817-112439/cache/go-build-126/ac	dir	700	lilingfeng	lilingfeng	4096	1786941850.9053511090	
/home/lilingfeng/tmp/juicefs-c03-r1-20260817-112439/cache/go-build-126/f3	dir	700	lilingfeng	lilingfeng	4096	1786941856.2436505290	
/home/lilingfeng/tmp/juicefs-c03-r1-20260817-112439/cache/go-build-126/16	dir	700	lilingfeng	lilingfeng	4096	1786941851.6531129050	
/home/lilingfeng/tmp/juicefs-c03-r1-20260817-112439/cache/go-build-126/b5	dir	700	lilingfeng	lilingfeng	12288	1786941848.5620975890	
/home/lilingfeng/tmp/juicefs-c03-r1-20260817-112439/cache/go-build-126/ef	dir	700	lilingfeng	lilingfeng	4096	1786941846.8626388180	
/home/lilingfeng/tmp/juicefs-c03-r1-20260817-112439/cache/go-build-126/86	dir	700	lilingfeng	lilingfeng	4096	1786941856.2996327020	
/home/lilingfeng/tmp/juicefs-c03-r1-20260817-112439/cache/go-build-126/ba	dir	700	lilingfeng	lilingfeng	4096	1786941850.1815816800	
/home/lilingfeng/tmp/juicefs-c03-r1-20260817-112439/cache/go-build-126/c7	dir	700	lilingfeng	lilingfeng	4096	1786941856.3036314300	
/home/lilingfeng/tmp/juicefs-c03-r1-20260817-112439/cache/go-build-126/68	dir	700	lilingfeng	lilingfeng	4096	1786941880.5799327930	
/home/lilingfeng/tmp/juicefs-c03-r1-20260817-112439/cache/go-build-126/12	dir	700	lilingfeng	lilingfeng	4096	1786941851.2372453830	
/home/lilingfeng/tmp/juicefs-c03-r1-20260817-112439/cache/go-build-126/df	dir	700	lilingfeng	lilingfeng	4096	1786941848.4021485420	
/home/lilingfeng/tmp/juicefs-c03-r1-20260817-112439/cache/go-build-126/30	dir	700	lilingfeng	lilingfeng	4096	1786941849.4178249820	
/home/lilingfeng/tmp/juicefs-c03-r1-20260817-112439/cache/go-build-126/fd	dir	700	lilingfeng	lilingfeng	4096	1786941848.8699995020	
/home/lilingfeng/tmp/juicefs-c03-r1-20260817-112439/cache/go-build-126/3d	dir	700	lilingfeng	lilingfeng	4096	1786941849.3898339020	
/home/lilingfeng/tmp/juicefs-c03-r1-20260817-112439/cache/go-build-126/96	dir	700	lilingfeng	lilingfeng	4096	1786941883.7429253020	
/home/lilingfeng/tmp/juicefs-c03-r1-20260817-112439/cache/go-build-126/ec	dir	700	lilingfeng	lilingfeng	4096	1786941846.2708272760	
/home/lilingfeng/tmp/juicefs-c03-r1-20260817-112439/cache/go-build-126/54	dir	700	lilingfeng	lilingfeng	12288	1786941847.4624478130	
/home/lilingfeng/tmp/juicefs-c03-r1-20260817-112439/cache/go-build-126/8b	dir	700	lilingfeng	lilingfeng	12288	1786941850.2735523810	
/home/lilingfeng/tmp/juicefs-c03-r1-20260817-112439/cache/go-build-126/cb	dir	700	lilingfeng	lilingfeng	4096	1786941887.2777993580	
/home/lilingfeng/tmp/juicefs-c03-r1-20260817-112439/cache/go-build-126/80	dir	700	lilingfeng	lilingfeng	4096	1786941849.5337880420	
/home/lilingfeng/tmp/juicefs-c03-r1-20260817-112439/cache/go-build-126/7b	dir	700	lilingfeng	lilingfeng	4096	1786941849.4018300780	
/home/lilingfeng/tmp/juicefs-c03-r1-20260817-112439/cache/go-build-126/e2	dir	700	lilingfeng	lilingfeng	4096	1786941850.0136351790	
/home/lilingfeng/tmp/juicefs-c03-r1-20260817-112439/cache/go-build-126/34	dir	700	lilingfeng	lilingfeng	4096	1786941849.0259498220	
/home/lilingfeng/tmp/juicefs-c03-r1-20260817-112439/cache/go-build-126/ab	dir	700	lilingfeng	lilingfeng	4096	1786941847.0985636900	
/home/lilingfeng/tmp/juicefs-c03-r1-20260817-112439/cache/go-build-126/ce	dir	700	lilingfeng	lilingfeng	4096	1786941851.5291523900	
/home/lilingfeng/tmp/juicefs-c03-r1-20260817-112439/cache/go-build-126/6d	dir	700	lilingfeng	lilingfeng	4096	1786941878.6205593890	
/home/lilingfeng/tmp/juicefs-c03-r1-20260817-112439/cache/go-build-126/a7	dir	700	lilingfeng	lilingfeng	4096	1786941851.0213141700	
/home/lilingfeng/tmp/juicefs-c03-r1-20260817-112439/cache/go-build-126/97	dir	700	lilingfeng	lilingfeng	4096	1786941848.3141765650	
/home/lilingfeng/tmp/juicefs-c03-r1-20260817-112439/cache/go-build-126/bc	dir	700	lilingfeng	lilingfeng	12288	1786941849.4778058750	
/home/lilingfeng/tmp/juicefs-c03-r1-20260817-112439/cache/go-build-126/db	dir	700	lilingfeng	lilingfeng	4096	1786941847.1145585960	
/home/lilingfeng/tmp/juicefs-c03-r1-20260817-112439/cache/go-build-126/1a	dir	700	lilingfeng	lilingfeng	4096	1786941878.6205593890	
/home/lilingfeng/tmp/juicefs-c03-r1-20260817-112439/cache/go-build-126/da	dir	700	lilingfeng	lilingfeng	4096	1786941848.4061472670	
/home/lilingfeng/tmp/juicefs-c03-r1-20260817-112439/cache/go-build-126/d9	dir	700	lilingfeng	lilingfeng	4096	1786941849.1659052370	
/home/lilingfeng/tmp/juicefs-c03-r1-20260817-112439/cache/go-build-126/1c	dir	700	lilingfeng	lilingfeng	4096	1786941849.7897065170	
/home/lilingfeng/tmp/juicefs-c03-r1-20260817-112439/cache/go-build-126/19	dir	700	lilingfeng	lilingfeng	4096	1786941848.7140491800	
/home/lilingfeng/tmp/juicefs-c03-r1-20260817-112439/cache/go-build-126/08	dir	700	lilingfeng	lilingfeng	4096	1786941880.1720627540	
/home/lilingfeng/tmp/juicefs-c03-r1-20260817-112439/cache/go-build-126/ea	dir	700	lilingfeng	lilingfeng	4096	1786941849.5377867680	
/home/lilingfeng/tmp/juicefs-c03-r1-20260817-112439/cache/go-build-126/01	dir	700	lilingfeng	lilingfeng	4096	1786941849.8496874100	
/home/lilingfeng/tmp/juicefs-c03-r1-20260817-112439/cache/go-build-126/77	dir	700	lilingfeng	lilingfeng	12288	1786941880.8198563710	
/home/lilingfeng/tmp/juicefs-c03-r1-20260817-112439/cache/go-build-126/aa	dir	700	lilingfeng	lilingfeng	12288	1786941850.5414670350	
/home/lilingfeng/tmp/juicefs-c03-r1-20260817-112439/cache/go-build-126/bf	dir	700	lilingfeng	lilingfeng	4096	1786941878.8164966700	
/home/lilingfeng/tmp/juicefs-c03-r1-20260817-112439/cache/go-build-126/8f	dir	700	lilingfeng	lilingfeng	4096	1786941850.0736160730	
/home/lilingfeng/tmp/juicefs-c03-r1-20260817-112439/cache/go-build-126/e1	dir	700	lilingfeng	lilingfeng	12288	1786941848.5620975890	
/home/lilingfeng/tmp/juicefs-c03-r1-20260817-112439/cache/go-build-126/3a	dir	700	lilingfeng	lilingfeng	4096	1786941849.4778058750	
/home/lilingfeng/tmp/juicefs-c03-r1-20260817-112439/cache/go-build-126/e3	dir	700	lilingfeng	lilingfeng	12288	1786941880.1360742740	
/home/lilingfeng/tmp/juicefs-c03-r1-20260817-112439/cache/go-build-126/29	dir	700	lilingfeng	lilingfeng	4096	1786941850.3455294520	
/home/lilingfeng/tmp/juicefs-c03-r1-20260817-112439/cache/go-build-126/26	dir	700	lilingfeng	lilingfeng	4096	1786941847.7223650430	
/home/lilingfeng/tmp/juicefs-c03-r1-20260817-112439/cache/go-build-126/d1	dir	700	lilingfeng	lilingfeng	4096	1786941880.6838996760	
/home/lilingfeng/tmp/juicefs-c03-r1-20260817-112439/cache/go-build-126/48	dir	700	lilingfeng	lilingfeng	4096	1786941848.3301714730	
/home/lilingfeng/tmp/juicefs-c03-r1-20260817-112439/cache/go-build-126/3f	dir	700	lilingfeng	lilingfeng	4096	1786941847.7103688640	
/home/lilingfeng/tmp/juicefs-c03-r1-20260817-112439/cache/go-build-126/cd	dir	700	lilingfeng	lilingfeng	12288	1786941878.6245581090	
/home/lilingfeng/tmp/juicefs-c03-r1-20260817-112439/cache/go-build-126/a4	dir	700	lilingfeng	lilingfeng	4096	1786941883.7189329450	
/home/lilingfeng/tmp/juicefs-c03-r1-20260817-112439/cache/go-build-126/49	dir	700	lilingfeng	lilingfeng	12288	1786941849.6257587440	
/home/lilingfeng/tmp/juicefs-c03-r1-20260817-112439/cache/go-build-126/85	dir	700	lilingfeng	lilingfeng	4096	1786941848.4741256140	
/home/lilingfeng/tmp/juicefs-c03-r1-20260817-112439/cache/go-build-126/4a	dir	700	lilingfeng	lilingfeng	4096	1786941847.7303624990	
/home/lilingfeng/tmp/juicefs-c03-r1-20260817-112439/cache/go-build-126/46	dir	700	lilingfeng	lilingfeng	4096	1786941878.6205593890	
/home/lilingfeng/tmp/juicefs-c03-r1-20260817-112439/cache/go-build-126/a1	dir	700	lilingfeng	lilingfeng	4096	1786941849.5337880420	
/home/lilingfeng/tmp/juicefs-c03-r1-20260817-112439/cache/go-build-126/4f	dir	700	lilingfeng	lilingfeng	4096	1786941849.8017026930	
/home/lilingfeng/tmp/juicefs-c03-r1-20260817-112439/cache/go-build-126/e7	dir	700	lilingfeng	lilingfeng	4096	1786941880.1680640360	
/home/lilingfeng/tmp/juicefs-c03-r1-20260817-112439/cache/go-build-126/69	dir	700	lilingfeng	lilingfeng	12288	1786941883.7429253020	
/home/lilingfeng/tmp/juicefs-c03-r1-20260817-112439/cache/go-build-126/0a	dir	700	lilingfeng	lilingfeng	4096	1786941851.6011294610	
/home/lilingfeng/tmp/juicefs-c03-r1-20260817-112439/cache/go-build-126/07	dir	700	lilingfeng	lilingfeng	4096	1786941849.3458479110	
/home/lilingfeng/tmp/juicefs-c03-r1-20260817-112439/cache/go-build-126/58	dir	700	lilingfeng	lilingfeng	4096	1786941848.3341701990	
/home/lilingfeng/tmp/juicefs-c03-r1-20260817-112439/cache/go-build-126/d0	dir	700	lilingfeng	lilingfeng	4096	1786941849.4538135200	
/home/lilingfeng/tmp/juicefs-c03-r1-20260817-112439/cache/go-build-126/14	dir	700	lilingfeng	lilingfeng	4096	1786941850.3215370930	
/home/lilingfeng/tmp/juicefs-c03-r1-20260817-112439/cache/go-build-126/9d	dir	700	lilingfeng	lilingfeng	12288	1786941880.6838996760	
/home/lilingfeng/tmp/juicefs-c03-r1-20260817-112439/cache/go-build-126/0f	dir	700	lilingfeng	lilingfeng	4096	1786941847.9502924590	
/home/lilingfeng/tmp/juicefs-c03-r1-20260817-112439/cache/go-build-126/95	dir	700	lilingfeng	lilingfeng	4096	1786941850.3375319980	
/home/lilingfeng/tmp/juicefs-c03-r1-20260817-112439/cache/go-build-126/22	dir	700	lilingfeng	lilingfeng	4096	1786941849.3898339020	
/home/lilingfeng/tmp/juicefs-c03-r1-20260817-112439/cache/go-build-126/8e	dir	700	lilingfeng	lilingfeng	12288	1786941850.8533676720	
/home/lilingfeng/tmp/juicefs-c03-r1-20260817-112439/cache/go-build-126/0b	dir	700	lilingfeng	lilingfeng	12288	1786941848.4741256140	
/home/lilingfeng/tmp/juicefs-c03-r1-20260817-112439/cache/go-build-126/d6	dir	700	lilingfeng	lilingfeng	4096	1786941850.3455294520	
/home/lilingfeng/tmp/juicefs-c03-r1-20260817-112439/cache/go-build-126/f2	dir	700	lilingfeng	lilingfeng	4096	1786941846.4667648790	
/home/lilingfeng/tmp/juicefs-c03-r1-20260817-112439/cache/go-build-126/7f	dir	700	lilingfeng	lilingfeng	4096	1786941878.6205593890	
/home/lilingfeng/tmp/juicefs-c03-r1-20260817-112439/cache/go-build-126/eb	dir	700	lilingfeng	lilingfeng	4096	1786941856.2876365240	
/home/lilingfeng/tmp/juicefs-c03-r1-20260817-112439/cache/go-build-126/9e	dir	700	lilingfeng	lilingfeng	4096	1786941849.2058925000	
/home/lilingfeng/tmp/juicefs-c03-r1-20260817-112439/cache/go-build-126/66	dir	700	lilingfeng	lilingfeng	4096	1786941847.8223332070	
/home/lilingfeng/tmp/juicefs-c03-r1-20260817-112439/cache/go-build-126/5b	dir	700	lilingfeng	lilingfeng	4096	1786941847.2225242150	
/home/lilingfeng/tmp/juicefs-c03-r1-20260817-112439/cache/go-build-126/1f	dir	700	lilingfeng	lilingfeng	12288	1786941849.7857077880	
/home/lilingfeng/tmp/juicefs-c03-r1-20260817-112439/cache/go-build-126/a5	dir	700	lilingfeng	lilingfeng	4096	1786941847.2105280360	
/home/lilingfeng/tmp/juicefs-c03-r1-20260817-112439/cache/go-build-126/c4	dir	700	lilingfeng	lilingfeng	12288	1786941850.5414670350	
/home/lilingfeng/tmp/juicefs-c03-r1-20260817-112439/cache/go-build-126/76	dir	700	lilingfeng	lilingfeng	4096	1786941850.5294708560	
/home/lilingfeng/tmp/juicefs-c03-r1-20260817-112439/cache/go-build-126/a8	dir	700	lilingfeng	lilingfeng	4096	1786941850.7533995160	
/home/lilingfeng/tmp/juicefs-c03-r1-20260817-112439/cache/go-build-126/a2	dir	700	lilingfeng	lilingfeng	4096	1786941878.8484864300	
/home/lilingfeng/tmp/juicefs-c03-r1-20260817-112439/cache/go-build-126/f0	dir	700	lilingfeng	lilingfeng	4096	1786941848.7140491800	
/home/lilingfeng/tmp/juicefs-c03-r1-20260817-112439/cache/go-build-126/2e	dir	700	lilingfeng	lilingfeng	4096	1786941878.6245581090	
/home/lilingfeng/tmp/juicefs-c03-r1-20260817-112439/cache/go-build-126/5e	dir	700	lilingfeng	lilingfeng	4096	1786941878.6245581090	
/home/lilingfeng/tmp/juicefs-c03-r1-20260817-112439/cache/go-build-126/5a	dir	700	lilingfeng	lilingfeng	4096	1786941880.6918971290	
/home/lilingfeng/tmp/juicefs-c03-r1-20260817-112439/cache/go-build-126/2f	dir	700	lilingfeng	lilingfeng	4096	1786941878.6245581090	
/home/lilingfeng/tmp/juicefs-c03-r1-20260817-112439/cache/go-build-126/e6	dir	700	lilingfeng	lilingfeng	4096	1786941878.6245581090	
/home/lilingfeng/tmp/juicefs-c03-r1-20260817-112439/cache/go-build-126/65	dir	700	lilingfeng	lilingfeng	4096	1786941883.8948769000	
/home/lilingfeng/tmp/juicefs-c03-r1-20260817-112439/cache/go-build-126/ee	dir	700	lilingfeng	lilingfeng	12288	1786941850.7813905990	
/home/lilingfeng/tmp/juicefs-c03-r1-20260817-112439/cache/go-build-126/c3	dir	700	lilingfeng	lilingfeng	4096	1786941878.8964710710	
/home/lilingfeng/tmp/juicefs-c03-r1-20260817-112439/cache/go-build-126/c5	dir	700	lilingfeng	lilingfeng	4096	1786941847.2625114800	
/home/lilingfeng/tmp/juicefs-c03-r1-20260817-112439/cache/go-build-126/trim.txt	dir	600	lilingfeng	lilingfeng	10	1786941887.4337496850	
/home/lilingfeng/tmp/juicefs-c03-r1-20260817-112439/cache/go-build-126/d4	dir	700	lilingfeng	lilingfeng	4096	1786941847.9942784520	
/home/lilingfeng/tmp/juicefs-c03-r1-20260817-112439/cache/go-build-126/4d	dir	700	lilingfeng	lilingfeng	12288	1786941849.8176975970	
/home/lilingfeng/tmp/juicefs-c03-r1-20260817-112439/cache/go-build-126/bd	dir	700	lilingfeng	lilingfeng	4096	1786941850.8493689460	
/home/lilingfeng/tmp/juicefs-c03-r1-20260817-112439/cache/go-build-126/af	dir	700	lilingfeng	lilingfeng	4096	1786941848.8779969530	
/home/lilingfeng/tmp/juicefs-c03-r1-20260817-112439/cache/go-build-126/94	dir	700	lilingfeng	lilingfeng	4096	1786941848.8180160590	
/home/lilingfeng/tmp/juicefs-c03-r1-20260817-112439/cache/go-build-126/9f	dir	700	lilingfeng	lilingfeng	4096	1786941850.2735523810	
/home/lilingfeng/tmp/juicefs-c03-r1-20260817-112439/cache/go-build-126/b7	dir	700	lilingfeng	lilingfeng	4096	1786941878.6205593890	
/home/lilingfeng/tmp/juicefs-c03-r1-20260817-112439/cache/go-build-126/c8	dir	700	lilingfeng	lilingfeng	4096	1786941851.2372453830	
/home/lilingfeng/tmp/juicefs-c03-r1-20260817-112439/cache/go-build-126/8d	dir	700	lilingfeng	lilingfeng	4096	1786941848.3061791150	
/home/lilingfeng/tmp/juicefs-c03-r1-20260817-112439/cache/go-build-126/3e	dir	700	lilingfeng	lilingfeng	12288	1786941849.2218874040	
/home/lilingfeng/tmp/juicefs-c03-r1-20260817-112439/cache/go-build-126/39	dir	700	lilingfeng	lilingfeng	4096	1786941883.7229316690	
/home/lilingfeng/tmp/juicefs-c03-r1-20260817-112439/cache/go-build-126/52	dir	700	lilingfeng	lilingfeng	4096	1786941850.0096364550	
/home/lilingfeng/tmp/juicefs-c03-r1-20260817-112439/cache/go-build-126/10	dir	700	lilingfeng	lilingfeng	12288	1786941856.3036314300	
/home/lilingfeng/tmp/juicefs-c03-r1-20260817-112439/cache/go-build-126/56	dir	700	lilingfeng	lilingfeng	12288	1786941847.9302988260	
/home/lilingfeng/tmp/juicefs-c03-r1-20260817-112439/cache/go-build-126/92	dir	700	lilingfeng	lilingfeng	4096	1786941848.1782198780	
/home/lilingfeng/tmp/juicefs-c03-r1-20260817-112439/cache/go-build-126/18	dir	700	lilingfeng	lilingfeng	4096	1786941848.2701905810	
/home/lilingfeng/tmp/juicefs-c03-r1-20260817-112439/cache/go-build-126/e8	dir	700	lilingfeng	lilingfeng	4096	1786941851.6531129050	
/home/lilingfeng/tmp/juicefs-c03-r1-20260817-112439/cache/go-build-126/a6	dir	700	lilingfeng	lilingfeng	4096	1786941848.9939600120	
/home/lilingfeng/tmp/juicefs-c03-r1-20260817-112439/cache/go-build-126/02	dir	700	lilingfeng	lilingfeng	4096	1786941883.7749151130	
/home/lilingfeng/tmp/juicefs-c03-r1-20260817-112439/cache/go-build-126/24	dir	700	lilingfeng	lilingfeng	4096	1786941850.9173472900	
/home/lilingfeng/tmp/juicefs-c03-r1-20260817-112439/cache/go-build-126/d3	dir	700	lilingfeng	lilingfeng	12288	1786941883.1711074370	
/home/lilingfeng/tmp/juicefs-c03-r1-20260817-112439/cache/go-build-126/32	dir	700	lilingfeng	lilingfeng	4096	1786941849.2418810340	
/home/lilingfeng/tmp/juicefs-c03-r1-20260817-112439/cache/go-build-126/e5	dir	700	lilingfeng	lilingfeng	4096	1786941850.0136351790	
/home/lilingfeng/tmp/juicefs-c03-r1-20260817-112439/cache/go-build-126/c6	dir	700	lilingfeng	lilingfeng	4096	1786941848.8899931320	
/home/lilingfeng/tmp/juicefs-c03-r1-20260817-112439/cache/go-build-126/f9	dir	700	lilingfeng	lilingfeng	4096	1786941848.2701905810	
/home/lilingfeng/tmp/juicefs-c03-r1-20260817-112439/cache/go-build-126/59	dir	700	lilingfeng	lilingfeng	4096	1786941848.2981816610	
/home/lilingfeng/tmp/juicefs-c03-r1-20260817-112439/cache/go-build-126/91	dir	700	lilingfeng	lilingfeng	4096	1786941850.7653956940	
/home/lilingfeng/tmp/juicefs-c03-r1-20260817-112439/cache/go-build-126/be	dir	700	lilingfeng	lilingfeng	4096	1786941849.3338517350	
/home/lilingfeng/tmp/juicefs-c03-r1-20260817-112439/cache/go-build-126/2d	dir	700	lilingfeng	lilingfeng	4096	1786941848.9659689280	
/home/lilingfeng/tmp/juicefs-c03-r1-20260817-112439/cache/go-build-126/b1	dir	700	lilingfeng	lilingfeng	4096	1786941850.0096364550	
/home/lilingfeng/tmp/juicefs-c03-r1-20260817-112439/cache/go-build-126/c9	dir	700	lilingfeng	lilingfeng	12288	1786941883.7269303980	
/home/lilingfeng/tmp/juicefs-c03-r1-20260817-112439/cache/go-build-126/f7	dir	700	lilingfeng	lilingfeng	4096	1786941883.7429253020	
/home/lilingfeng/tmp/juicefs-c03-r1-20260817-112439/cache/go-build-126/dd	dir	700	lilingfeng	lilingfeng	12288	1786941878.8484864300	
/home/lilingfeng/tmp/juicefs-c03-r1-20260817-112439/cache/go-build-126/4c	dir	700	lilingfeng	lilingfeng	4096	1786941851.5251536640	
/home/lilingfeng/tmp/juicefs-c03-r1-20260817-112439/cache/go-build-126/57	dir	700	lilingfeng	lilingfeng	4096	1786941880.1680640360	
/home/lilingfeng/tmp/juicefs-c03-r1-20260817-112439/cache/go-build-126/7a	dir	700	lilingfeng	lilingfeng	12288	1786941851.5291523900	
/home/lilingfeng/tmp/juicefs-c03-r1-20260817-112439/cache/go-build-126/75	dir	700	lilingfeng	lilingfeng	4096	1786941878.6205593890	
/home/lilingfeng/tmp/juicefs-c03-r1-20260817-112439/cache/go-build-126/37	dir	700	lilingfeng	lilingfeng	4096	1786941849.1619065110	
/home/lilingfeng/tmp/juicefs-c03-r1-20260817-112439/cache/go-build-126/5f	dir	700	lilingfeng	lilingfeng	4096	1786941880.6838996760	
/home/lilingfeng/tmp/juicefs-c03-r1-20260817-112439/cache/go-build-126/67	dir	700	lilingfeng	lilingfeng	12288	1786941878.6245581090	
/home/lilingfeng/tmp/juicefs-c03-r1-20260817-112439/cache/go-build-126/98	dir	700	lilingfeng	lilingfeng	12288	1786941849.5977676600	
/home/lilingfeng/tmp/juicefs-c03-r1-20260817-112439/cache/go-build-126/a0	dir	700	lilingfeng	lilingfeng	4096	1786941850.8693625760	
/home/lilingfeng/tmp/juicefs-c03-r1-20260817-112439/cache/go-build-126/fa	dir	700	lilingfeng	lilingfeng	4096	1786941849.1659052370	
/home/lilingfeng/tmp/juicefs-c03-r1-20260817-112439/cache/go-build-126/82	dir	700	lilingfeng	lilingfeng	4096	1786941848.9339791190	
/home/lilingfeng/tmp/juicefs-c03-r1-20260817-112439/cache/go-build-126/6b	dir	700	lilingfeng	lilingfeng	4096	1786941878.6245581090	
/home/lilingfeng/tmp/juicefs-c03-r1-20260817-112439/cache/go-build-126/38	dir	700	lilingfeng	lilingfeng	4096	1786941848.5061154240	
/home/lilingfeng/tmp/juicefs-c03-r1-20260817-112439/cache/go-build-126/60	dir	700	lilingfeng	lilingfeng	4096	1786941850.9293434690	
/home/lilingfeng/tmp/juicefs-c03-r1-20260817-112439/cache/go-build-126/78	dir	700	lilingfeng	lilingfeng	12288	1786941880.1720627540	
/home/lilingfeng/tmp/juicefs-c03-r1-20260817-112439/cache/go-build-126/c1	dir	700	lilingfeng	lilingfeng	4096	1786941846.8866311770	
/home/lilingfeng/tmp/juicefs-c03-r1-20260817-112439/cache/go-build-126/93	dir	700	lilingfeng	lilingfeng	4096	1786941849.1059243450	
/home/lilingfeng/tmp/juicefs-c03-r1-20260817-112439/cache/go-build-126/99	dir	700	lilingfeng	lilingfeng	4096	1786941850.0056377290	
/home/lilingfeng/tmp/juicefs-c03-r1-20260817-112439/cache/go-build-126/3b	dir	700	lilingfeng	lilingfeng	4096	1786941848.4981179690	
/home/lilingfeng/tmp/juicefs-c03-r1-20260817-112439/cache/go-build-126/f1	dir	700	lilingfeng	lilingfeng	4096	1786941849.7217281720	
/home/lilingfeng/tmp/juicefs-c03-r1-20260817-112439/cache/go-build-126/b6	dir	700	lilingfeng	lilingfeng	4096	1786941847.3864720060	
/home/lilingfeng/tmp/juicefs-c03-r1-20260817-112439/cache/go-build-126/8c	dir	700	lilingfeng	lilingfeng	12288	1786941849.7617154340	
/home/lilingfeng/tmp/juicefs-c03-r1-20260817-112439/cache/go-build-126/79	dir	700	lilingfeng	lilingfeng	4096	1786941849.9176657530	
/home/lilingfeng/tmp/juicefs-c03-r1-20260817-112439/cache/go-build-126/55	dir	700	lilingfeng	lilingfeng	4096	1786941847.0145904290	
/home/lilingfeng/tmp/juicefs-c03-r1-20260817-112439/cache/go-build-126/9b	dir	700	lilingfeng	lilingfeng	4096	1786941880.1720627540	
/home/lilingfeng/tmp/juicefs-c03-r1-20260817-112439/cache/go-build-126/ca	dir	700	lilingfeng	lilingfeng	4096	1786941880.8158576450	
/home/lilingfeng/tmp/juicefs-c03-r1-20260817-112439/cache/go-build-126/6e	dir	700	lilingfeng	lilingfeng	4096	1786941851.2292479280	
/home/lilingfeng/tmp/juicefs-c03-r1-20260817-112439/cache/go-build-126/4e	dir	700	lilingfeng	lilingfeng	4096	1786941847.7063701390	
/home/lilingfeng/tmp/juicefs-c03-r1-20260817-112439/cache/go-build-126/6c	dir	700	lilingfeng	lilingfeng	4096	1786941848.0382644470	
/home/lilingfeng/tmp/juicefs-c03-r1-20260817-112439/cache/go-build-126/51	dir	700	lilingfeng	lilingfeng	4096	1786941883.1950997950	
/home/lilingfeng/tmp/juicefs-c03-r1-20260817-112439/cache/go-build-126/53	dir	700	lilingfeng	lilingfeng	4096	1786941849.2058925000	
/home/lilingfeng/tmp/juicefs-c03-r1-20260817-112439/cache/go-build-126/09	dir	700	lilingfeng	lilingfeng	4096	1786941849.1139217980	
/home/lilingfeng/tmp/juicefs-c03-r1-20260817-112439/cache/go-build-126/81	dir	700	lilingfeng	lilingfeng	4096	1786941850.7374046110	
/home/lilingfeng/tmp/juicefs-c03-r1-20260817-112439/cache/go-build-126/5d	dir	700	lilingfeng	lilingfeng	12288	1786941847.6104006990	
/home/lilingfeng/tmp/juicefs-c03-r1-20260817-112439/cache/go-build-126/9c	dir	700	lilingfeng	lilingfeng	4096	1786941849.2058925000	
/home/lilingfeng/tmp/juicefs-c03-r1-20260817-112439/cache/go-build-126/fb	dir	700	lilingfeng	lilingfeng	12288	1786941848.4381370790	
/home/lilingfeng/tmp/juicefs-c03-r1-20260817-112439/cache/go-build-126/7c	dir	700	lilingfeng	lilingfeng	4096	1786941850.4654912380	
/home/lilingfeng/tmp/juicefs-c03-r1-20260817-112439/cache/go-build-126/d5	dir	700	lilingfeng	lilingfeng	12288	1786941856.2396518010	
/home/lilingfeng/tmp/juicefs-c03-r1-20260817-112439/cache/go-build-126/70	dir	700	lilingfeng	lilingfeng	4096	1786941845.1391876440	
/home/lilingfeng/tmp/juicefs-c03-r1-20260817-112439/cache/go-build-126/f5	dir	700	lilingfeng	lilingfeng	12288	1786941851.5691396500	
/home/lilingfeng/tmp/juicefs-c03-r1-20260817-112439/cache/go-build-126/0d	dir	700	lilingfeng	lilingfeng	12288	1786941848.8300122410	
/home/lilingfeng/tmp/juicefs-c03-r1-20260817-112439/cache/go-build-126/72	dir	700	lilingfeng	lilingfeng	4096	1786941880.8198563710	
/home/lilingfeng/tmp/juicefs-c03-r1-20260817-112439/cache/go-build-126/e4	dir	700	lilingfeng	lilingfeng	4096	1786941848.0382644470	
/home/lilingfeng/tmp/juicefs-c03-r1-20260817-112439/cache/go-build-126/d2	dir	700	lilingfeng	lilingfeng	12288	1786941851.2132530240	
/home/lilingfeng/tmp/juicefs-c03-r1-20260817-112439/cache/go-build-126/b0	dir	700	lilingfeng	lilingfeng	4096	1786941883.1431163550	
/home/lilingfeng/tmp/juicefs-c03-r1-20260817-112439/cache/go-build-126/fe	dir	700	lilingfeng	lilingfeng	4096	1786941883.7309291230	
/home/lilingfeng/tmp/juicefs-c03-r1-20260817-112439/cache/go-build-126/41	dir	700	lilingfeng	lilingfeng	4096	1786941880.1680640360	
/home/lilingfeng/tmp/juicefs-c03-r1-20260817-112439/cache/go-build-126/3c	dir	700	lilingfeng	lilingfeng	4096	1786941850.6734249920	
/home/lilingfeng/tmp/juicefs-c03-r1-20260817-112439/cache/go-build-126/45	dir	700	lilingfeng	lilingfeng	4096	1786941849.0979268930	
/home/lilingfeng/tmp/juicefs-c03-r1-20260817-112439/cache/go-build-126/87	dir	700	lilingfeng	lilingfeng	4096	1786941880.6958958550	
/home/lilingfeng/tmp/juicefs-c03-r1-20260817-112439/cache/go-build-126/0e	dir	700	lilingfeng	lilingfeng	12288	1786941878.8444877120	
/home/lilingfeng/tmp/juicefs-c03-r1-20260817-112439/cache/go-build-126/cf	dir	700	lilingfeng	lilingfeng	12288	1786941849.2058925000	
/home/lilingfeng/tmp/juicefs-c03-r1-20260817-112439/cache/go-build-126/b9	dir	700	lilingfeng	lilingfeng	4096	1786941883.7789138390	
/home/lilingfeng/tmp/juicefs-c03-r1-20260817-112439/cache/go-build-126/64	dir	700	lilingfeng	lilingfeng	4096	1786941856.2876365240	
/home/lilingfeng/tmp/juicefs-c03-r1-20260817-112439/cache/go-build-126/ed	dir	700	lilingfeng	lilingfeng	4096	1786941878.6245581090	
/home/lilingfeng/tmp/juicefs-c03-r1-20260817-112439/cache/go-build-126/f6	dir	700	lilingfeng	lilingfeng	12288	1786941849.3098593800	
/home/lilingfeng/tmp/juicefs-c03-r1-20260817-112439/cache/go-build-126/90	dir	700	lilingfeng	lilingfeng	4096	1786941849.3738389980	
/home/lilingfeng/tmp/juicefs-c03-r1-20260817-112439/cache/go-build-126/44	dir	700	lilingfeng	lilingfeng	4096	1786941883.7749151130	
/home/lilingfeng/tmp/juicefs-c03-r1-20260817-112439/cache/go-build-126/06	dir	700	lilingfeng	lilingfeng	4096	1786941848.8899931320	
/home/lilingfeng/tmp/juicefs-c03-r1-20260817-112439/cache/go-build-126/20	dir	700	lilingfeng	lilingfeng	12288	1786941878.8964710710	
/home/lilingfeng/tmp/juicefs-c03-r1-20260817-112439/cache/go-build-126/0c	dir	700	lilingfeng	lilingfeng	4096	1786941846.6866948470	
/home/lilingfeng/tmp/juicefs-c03-r1-20260817-112439/cache/go-build-126/62	dir	700	lilingfeng	lilingfeng	4096	1786941849.2178886750	
/home/lilingfeng/tmp/juicefs-c03-r1-20260817-112439/cache/go-build-126/13	dir	700	lilingfeng	lilingfeng	4096	1786941883.1950997950	
/home/lilingfeng/tmp/juicefs-c03-r1-20260817-112439/cache/go-build-126/7e	dir	700	lilingfeng	lilingfeng	4096	1786941849.7617154340	
/home/lilingfeng/tmp/juicefs-c03-r1-20260817-112439/cache/go-build-126/47	dir	700	lilingfeng	lilingfeng	4096	1786941849.1619065110	
/home/lilingfeng/tmp/juicefs-c03-r1-20260817-112439/cache/go-build-126/63	dir	700	lilingfeng	lilingfeng	4096	1786941878.8324915500	
/home/lilingfeng/tmp/juicefs-c03-r1-20260817-112439/cache/go-build-126/e9	dir	700	lilingfeng	lilingfeng	4096	1786941851.5291523900	
/home/lilingfeng/tmp/juicefs-c03-r1-20260817-112439/cache/go-build-126/cc	dir	700	lilingfeng	lilingfeng	4096	1786941848.4181434450	
/home/lilingfeng/tmp/juicefs-c03-r1-20260817-112439/cache/go-build-126/88	dir	700	lilingfeng	lilingfeng	4096	1786941851.3252173600	
/home/lilingfeng/tmp/juicefs-c03-r1-20260817-112439/cache/go-build-126/b4	dir	700	lilingfeng	lilingfeng	4096	1786941849.0579396310	
/home/lilingfeng/tmp/juicefs-c03-r1-20260817-112439/cache/go-build-126/43	dir	700	lilingfeng	lilingfeng	4096	1786941848.4581307090	
/home/lilingfeng/tmp/juicefs-c03-r1-20260817-112439/cache/go-build-126/35	dir	700	lilingfeng	lilingfeng	4096	1786941849.1139217980	
/home/lilingfeng/tmp/juicefs-c03-r1-20260817-112439/cache/go-build-126/dc	dir	700	lilingfeng	lilingfeng	4096	1786941878.6245581090	
/home/lilingfeng/tmp/juicefs-c03-r1-20260817-112439/cache/go-build-126/15	dir	700	lilingfeng	lilingfeng	4096	1786941883.8948769000	
/home/lilingfeng/tmp/juicefs-c03-r1-20260817-112439/cache/go-build-126/11	dir	700	lilingfeng	lilingfeng	4096	1786941878.6245581090	
/home/lilingfeng/tmp/juicefs-c03-r1-20260817-112439/cache/go-build-126/de	dir	700	lilingfeng	lilingfeng	4096	1786941849.3578440930	
/home/lilingfeng/tmp/juicefs-c03-r1-20260817-112439/cache/go-build-126/61	dir	700	lilingfeng	lilingfeng	4096	1786941847.3864720060	
/home/lilingfeng/tmp/juicefs-c03-r1-20260817-112439/cache/go-build-126/00	dir	700	lilingfeng	lilingfeng	4096	1786941880.5719353390	
/home/lilingfeng/tmp/juicefs-c03-r1-20260817-112439/cache/go-build-126/2a	dir	700	lilingfeng	lilingfeng	4096	1786941880.5679366140	
/home/lilingfeng/tmp/juicefs-c03-r1-20260817-112439/cache/go-build-126/03	dir	700	lilingfeng	lilingfeng	4096	1786941851.2132530240	
/home/lilingfeng/tmp/juicefs-c03-r1-20260817-112439/cache/go-build-126/89	dir	700	lilingfeng	lilingfeng	4096	1786941848.7380415400	
/home/lilingfeng/tmp/juicefs-c03-r1-20260817-112439/cache/go-build-126/36	dir	700	lilingfeng	lilingfeng	4096	1786941849.1219192490	
/home/lilingfeng/tmp/juicefs-c03-r1-20260817-112439/cache/go-build-126/d7	dir	700	lilingfeng	lilingfeng	4096	1786941848.9419765710	
/home/lilingfeng/tmp/juicefs-c03-r1-20260817-112439/cache/go-build-126/23	dir	700	lilingfeng	lilingfeng	4096	1786941847.6463892400	
/home/lilingfeng/tmp/juicefs-c03-r1-20260817-112439/cache/go-build-126/d8	dir	700	lilingfeng	lilingfeng	4096	1786941848.3661600080	
/home/lilingfeng/tmp/juicefs-c03-r1-20260817-112439/cache/go-build-126/c0	dir	700	lilingfeng	lilingfeng	4096	1786941849.0499421770	
/home/lilingfeng/tmp/juicefs-c03-r1-20260817-112439/cache/go-build-126/21	dir	700	lilingfeng	lilingfeng	12288	1786941880.1720627540	
/home/lilingfeng/tmp/juicefs-c03-r1-20260817-112439/cache/go-build-126/42	dir	700	lilingfeng	lilingfeng	4096	1786941848.7500377170	
/home/lilingfeng/tmp/juicefs-c03-r1-20260817-112439/cache/go-build-126/33	dir	700	lilingfeng	lilingfeng	12288	1786941880.6838996760	
/home/lilingfeng/tmp/juicefs-c03-r1-20260817-112439/cache/go-build-126/9a	dir	700	lilingfeng	lilingfeng	4096	1786941848.0982453460	
/home/lilingfeng/tmp/juicefs-c03-r1-20260817-112439/cache/go-build-126/71	dir	700	lilingfeng	lilingfeng	4096	1786941880.1520691540	
/home/lilingfeng/tmp/juicefs-c03-r1-20260817-112439/cache/go-build-126/bb	dir	700	lilingfeng	lilingfeng	12288	1786941851.2292479280	
/home/lilingfeng/tmp/juicefs-c03-r1-20260817-112439/cache/go-build-126/74	dir	700	lilingfeng	lilingfeng	4096	1786941848.7420402650	
/home/lilingfeng/tmp/juicefs-c03-r1-20260817-112439/cache/go-build-126/04	dir	700	lilingfeng	lilingfeng	4096	1786941849.6577485560	
/home/lilingfeng/tmp/juicefs-c03-r1-20260817-112439/cache/go-build-126/31	dir	700	lilingfeng	lilingfeng	12288	1786941850.9293434690	
/home/lilingfeng/tmp/juicefs-c03-r1-20260817-112439/cache/os-tmp	dir	700	lilingfeng	lilingfeng	4096	1786941906.4356985120	
/home/lilingfeng/tmp/juicefs-c03-r1-20260817-112439/cache/go-mod	dir	700	lilingfeng	lilingfeng	4096	1786941372.1388172680	
/home/lilingfeng/tmp/juicefs-c03-r1-20260817-112439/cache/go-mod/sigs.k8s.io	dir	700	lilingfeng	lilingfeng	4096	1786941371.1506807240	
/home/lilingfeng/tmp/juicefs-c03-r1-20260817-112439/cache/go-mod/modernc.org	dir	700	lilingfeng	lilingfeng	4096	1786941371.1546812780	
/home/lilingfeng/tmp/juicefs-c03-r1-20260817-112439/cache/go-mod/go.opencensus.io@v0.24.0	dir	500	lilingfeng	lilingfeng	4096	1786941282.1783434050	
/home/lilingfeng/tmp/juicefs-c03-r1-20260817-112439/cache/go-mod/gitea.com	dir	700	lilingfeng	lilingfeng	4096	1786939409.4692145140	
/home/lilingfeng/tmp/juicefs-c03-r1-20260817-112439/cache/go-mod/go.uber.org	dir	700	lilingfeng	lilingfeng	4096	1786941312.2185148760	
/home/lilingfeng/tmp/juicefs-c03-r1-20260817-112439/cache/go-mod/cloud.google.com	dir	700	lilingfeng	lilingfeng	4096	1786939426.4702532490	
/home/lilingfeng/tmp/juicefs-c03-r1-20260817-112439/cache/go-mod/cel.dev	dir	700	lilingfeng	lilingfeng	4096	1786939409.4812152470	
/home/lilingfeng/tmp/juicefs-c03-r1-20260817-112439/cache/go-mod/storj.io	dir	700	lilingfeng	lilingfeng	4096	1786941371.2826989690	
/home/lilingfeng/tmp/juicefs-c03-r1-20260817-112439/cache/go-mod/google.golang.org	dir	700	lilingfeng	lilingfeng	4096	1786941681.7512991610	
/home/lilingfeng/tmp/juicefs-c03-r1-20260817-112439/cache/go-mod/git.apache.org	dir	700	lilingfeng	lilingfeng	4096	1786939478.5292200960	
/home/lilingfeng/tmp/juicefs-c03-r1-20260817-112439/cache/go-mod/github.com	dir	700	lilingfeng	lilingfeng	4096	1786941566.2122612850	
/home/lilingfeng/tmp/juicefs-c03-r1-20260817-112439/cache/go-mod/go.mongodb.org	dir	700	lilingfeng	lilingfeng	4096	1786941334.2015776470	
/home/lilingfeng/tmp/juicefs-c03-r1-20260817-112439/cache/go-mod/xorm.io	dir	700	lilingfeng	lilingfeng	4096	1786941372.1388172680	
/home/lilingfeng/tmp/juicefs-c03-r1-20260817-112439/cache/go-mod/go.yaml.in	dir	700	lilingfeng	lilingfeng	4096	1786941313.1106404810	
/home/lilingfeng/tmp/juicefs-c03-r1-20260817-112439/cache/go-mod/gopkg.in	dir	700	lilingfeng	lilingfeng	4096	1786941371.1546812780	
/home/lilingfeng/tmp/juicefs-c03-r1-20260817-112439/cache/go-mod/go.etcd.io	dir	700	lilingfeng	lilingfeng	4096	1786939404.5569139890	
/home/lilingfeng/tmp/juicefs-c03-r1-20260817-112439/cache/go-mod/go.opentelemetry.io	dir	700	lilingfeng	lilingfeng	4096	1786941303.1252532750	
/home/lilingfeng/tmp/juicefs-c03-r1-20260817-112439/cache/go-mod/pgregory.net	dir	700	lilingfeng	lilingfeng	4096	1786939407.4250894530	
/home/lilingfeng/tmp/juicefs-c03-r1-20260817-112439/cache/go-mod/golang.org	dir	700	lilingfeng	lilingfeng	4096	1786939358.4861037700	
/home/lilingfeng/tmp/juicefs-c03-r1-20260817-112439/cache/go-mod/filippo.io	dir	700	lilingfeng	lilingfeng	4096	1786939453.4078869730	
/home/lilingfeng/tmp/juicefs-c03-r1-20260817-112439/cache/go-mod/cache	dir	700	lilingfeng	lilingfeng	4096	1786937110.7690311730	
/home/lilingfeng/tmp/juicefs-c03-r1-20260817-112439/cache/go-tmp	dir	700	lilingfeng	lilingfeng	4096	1786941907.6273203910	
/home/lilingfeng/tmp/juicefs-c03-r1-20260817-131615	dir	700	lilingfeng	lilingfeng	4096	1786945779.3132655720	
/home/lilingfeng/tmp/juicefs-c03-r1-20260817-131615/src	dir	700	lilingfeng	lilingfeng	4096	1786943805.3643514660	
/home/lilingfeng/tmp/juicefs-c03-r1-20260817-131615/src/upstream-fetch	dir	700	lilingfeng	lilingfeng	4096	1786943804.1205840030	
/home/lilingfeng/tmp/juicefs-c03-r1-20260817-131615/src/upstream-fetch/go.sum	dir	600	lilingfeng	lilingfeng	112362	1786943804.1205840030	
/home/lilingfeng/tmp/juicefs-c03-r1-20260817-131615/src/upstream-fetch/Makefile	dir	600	lilingfeng	lilingfeng	5749	1786943804.1205840030	
/home/lilingfeng/tmp/juicefs-c03-r1-20260817-131615/src/upstream-fetch/go.mod	dir	600	lilingfeng	lilingfeng	19470	1786943804.1205840030	
/home/lilingfeng/tmp/juicefs-c03-r1-20260817-131615/src/upstream-fetch/CONTRIBUTING.md	dir	600	lilingfeng	lilingfeng	2559	1786943804.1205840030	
/home/lilingfeng/tmp/juicefs-c03-r1-20260817-131615/src/upstream-fetch/.github	dir	700	lilingfeng	lilingfeng	4096	1786943804.1205840030	
/home/lilingfeng/tmp/juicefs-c03-r1-20260817-131615/src/upstream-fetch/.golangci.yml	dir	600	lilingfeng	lilingfeng	610	1786943804.1205840030	
/home/lilingfeng/tmp/juicefs-c03-r1-20260817-131615/src/B-candidate	dir	700	lilingfeng	lilingfeng	4096	1786945702.7983536260	
/home/lilingfeng/tmp/juicefs-c03-r1-20260817-131615/src/B-candidate/go.sum	dir	600	lilingfeng	lilingfeng	112362	1786943804.8364501630	
/home/lilingfeng/tmp/juicefs-c03-r1-20260817-131615/src/B-candidate/README.md	dir	600	lilingfeng	lilingfeng	14614	1786943804.6404868020	
/home/lilingfeng/tmp/juicefs-c03-r1-20260817-131615/src/B-candidate/LICENSE	dir	600	lilingfeng	lilingfeng	11358	1786943804.6404868020	
/home/lilingfeng/tmp/juicefs-c03-r1-20260817-131615/src/B-candidate/ADOPTERS_CN.md	dir	600	lilingfeng	lilingfeng	117	1786943804.6404868020	
/home/lilingfeng/tmp/juicefs-c03-r1-20260817-131615/src/B-candidate/.markdownlint-cli2.jsonc	dir	600	lilingfeng	lilingfeng	3561	1786943804.6404868020	
/home/lilingfeng/tmp/juicefs-c03-r1-20260817-131615/src/B-candidate/package.json	dir	600	lilingfeng	lilingfeng	988	1786943804.8404494160	
/home/lilingfeng/tmp/juicefs-c03-r1-20260817-131615/src/B-candidate/AGENTS.md	dir	600	lilingfeng	lilingfeng	5865	1786943804.6404868020	
/home/lilingfeng/tmp/juicefs-c03-r1-20260817-131615/src/B-candidate/test	dir	700	lilingfeng	lilingfeng	4096	1786943804.8684441820	
/home/lilingfeng/tmp/juicefs-c03-r1-20260817-131615/src/B-candidate/Makefile	dir	600	lilingfeng	lilingfeng	5749	1786943804.6404868020	
/home/lilingfeng/tmp/juicefs-c03-r1-20260817-131615/src/B-candidate/check-changed.sh	dir	600	lilingfeng	lilingfeng	420	1786943804.6404868020	
/home/lilingfeng/tmp/juicefs-c03-r1-20260817-131615/src/B-candidate/rfcs	dir	700	lilingfeng	lilingfeng	4096	1786943804.8564464240	
/home/lilingfeng/tmp/juicefs-c03-r1-20260817-131615/src/B-candidate/main.go	dir	600	lilingfeng	lilingfeng	843	1786943804.8404494160	
/home/lilingfeng/tmp/juicefs-c03-r1-20260817-131615/src/B-candidate/juicefs.lite	dir	700	lilingfeng	lilingfeng	39659184	1786945702.7943530510	
/home/lilingfeng/tmp/juicefs-c03-r1-20260817-131615/src/B-candidate/.pre-commit-config.yaml	dir	600	lilingfeng	lilingfeng	325	1786943804.6404868020	
/home/lilingfeng/tmp/juicefs-c03-r1-20260817-131615/src/B-candidate/docs	dir	700	lilingfeng	lilingfeng	4096	1786943804.7524658650	
/home/lilingfeng/tmp/juicefs-c03-r1-20260817-131615/src/B-candidate/hack	dir	700	lilingfeng	lilingfeng	4096	1786943804.8404494160	
/home/lilingfeng/tmp/juicefs-c03-r1-20260817-131615/src/B-candidate/codecov.yml	dir	600	lilingfeng	lilingfeng	77	1786943804.6444860530	
/home/lilingfeng/tmp/juicefs-c03-r1-20260817-131615/src/B-candidate/package-lock.json	dir	600	lilingfeng	lilingfeng	585450	1786943804.8404494160	
/home/lilingfeng/tmp/juicefs-c03-r1-20260817-131615/src/B-candidate/juicefs	dir	700	lilingfeng	lilingfeng	126817264	1786945697.0135315270	
/home/lilingfeng/tmp/juicefs-c03-r1-20260817-131615/src/B-candidate/cmd	dir	700	lilingfeng	lilingfeng	4096	1786943804.6444860530	
/home/lilingfeng/tmp/juicefs-c03-r1-20260817-131615/src/B-candidate/CODE_OF_CONDUCT.md	dir	600	lilingfeng	lilingfeng	5483	1786943804.6404868020	
/home/lilingfeng/tmp/juicefs-c03-r1-20260817-131615/src/B-candidate/CODEOWNERS	dir	600	lilingfeng	lilingfeng	19	1786943804.6404868020	
/home/lilingfeng/tmp/juicefs-c03-r1-20260817-131615/src/B-candidate/integration	dir	700	lilingfeng	lilingfeng	4096	1786943804.8404494160	
/home/lilingfeng/tmp/juicefs-c03-r1-20260817-131615/src/B-candidate/go.mod	dir	600	lilingfeng	lilingfeng	19470	1786943804.8364501630	
/home/lilingfeng/tmp/juicefs-c03-r1-20260817-131615/src/B-candidate/CLAUDE.md	dir	600	lilingfeng	lilingfeng	11	1786943804.6404868020	
/home/lilingfeng/tmp/juicefs-c03-r1-20260817-131615/src/B-candidate/deploy	dir	700	lilingfeng	lilingfeng	4096	1786943804.6444860530	
/home/lilingfeng/tmp/juicefs-c03-r1-20260817-131615/src/B-candidate/CONTRIBUTING.md	dir	600	lilingfeng	lilingfeng	2559	1786943804.6404868020	
/home/lilingfeng/tmp/juicefs-c03-r1-20260817-131615/src/B-candidate/.goreleaser.yml	dir	600	lilingfeng	lilingfeng	2716	1786943804.6404868020	
/home/lilingfeng/tmp/juicefs-c03-r1-20260817-131615/src/B-candidate/.github	dir	700	lilingfeng	lilingfeng	4096	1786943804.6364875480	
/home/lilingfeng/tmp/juicefs-c03-r1-20260817-131615/src/B-candidate/pkg	dir	700	lilingfeng	lilingfeng	4096	1786943804.8564464240	
/home/lilingfeng/tmp/juicefs-c03-r1-20260817-131615/src/B-candidate/.gitignore	dir	600	lilingfeng	lilingfeng	450	1786943804.6404868020	
/home/lilingfeng/tmp/juicefs-c03-r1-20260817-131615/src/B-candidate/ADOPTERS.md	dir	600	lilingfeng	lilingfeng	124	1786943804.6404868020	
/home/lilingfeng/tmp/juicefs-c03-r1-20260817-131615/src/B-candidate/.golangci.yml	dir	600	lilingfeng	lilingfeng	610	1786943804.6404868020	
/home/lilingfeng/tmp/juicefs-c03-r1-20260817-131615/src/B-candidate/.autocorrectrc	dir	600	lilingfeng	lilingfeng	826	1786943804.6284890440	
/home/lilingfeng/tmp/juicefs-c03-r1-20260817-131615/src/B-candidate/.agents	dir	700	lilingfeng	lilingfeng	4096	1786943804.6284890440	
/home/lilingfeng/tmp/juicefs-c03-r1-20260817-131615/src/B-candidate/sdk	dir	700	lilingfeng	lilingfeng	4096	1786943804.8644449290	
/home/lilingfeng/tmp/juicefs-c03-r1-20260817-131615/src/B-candidate/README_CN.md	dir	600	lilingfeng	lilingfeng	13226	1786943804.6404868020	
/home/lilingfeng/tmp/juicefs-c03-r1-20260817-131615/src/R-replay	dir	700	lilingfeng	lilingfeng	4096	1786943805.6682946420	
/home/lilingfeng/tmp/juicefs-c03-r1-20260817-131615/src/R-replay/go.sum	dir	600	lilingfeng	lilingfeng	112362	1786943805.6402998760	
/home/lilingfeng/tmp/juicefs-c03-r1-20260817-131615/src/R-replay/README.md	dir	600	lilingfeng	lilingfeng	14614	1786943805.4443365120	
/home/lilingfeng/tmp/juicefs-c03-r1-20260817-131615/src/R-replay/LICENSE	dir	600	lilingfeng	lilingfeng	11358	1786943805.4443365120	
/home/lilingfeng/tmp/juicefs-c03-r1-20260817-131615/src/R-replay/ADOPTERS_CN.md	dir	600	lilingfeng	lilingfeng	117	1786943805.4443365120	
/home/lilingfeng/tmp/juicefs-c03-r1-20260817-131615/src/R-replay/.markdownlint-cli2.jsonc	dir	600	lilingfeng	lilingfeng	3561	1786943805.4443365120	
/home/lilingfeng/tmp/juicefs-c03-r1-20260817-131615/src/R-replay/package.json	dir	600	lilingfeng	lilingfeng	988	1786943805.6442991270	
/home/lilingfeng/tmp/juicefs-c03-r1-20260817-131615/src/R-replay/AGENTS.md	dir	600	lilingfeng	lilingfeng	5865	1786943805.4443365120	
/home/lilingfeng/tmp/juicefs-c03-r1-20260817-131615/src/R-replay/test	dir	700	lilingfeng	lilingfeng	4096	1786943805.6722938930	
/home/lilingfeng/tmp/juicefs-c03-r1-20260817-131615/src/R-replay/Makefile	dir	600	lilingfeng	lilingfeng	5749	1786943805.4443365120	
/home/lilingfeng/tmp/juicefs-c03-r1-20260817-131615/src/R-replay/check-changed.sh	dir	600	lilingfeng	lilingfeng	420	1786943805.4483357660	
/home/lilingfeng/tmp/juicefs-c03-r1-20260817-131615/src/R-replay/rfcs	dir	700	lilingfeng	lilingfeng	4096	1786943805.6602961350	
/home/lilingfeng/tmp/juicefs-c03-r1-20260817-131615/src/R-replay/main.go	dir	600	lilingfeng	lilingfeng	843	1786943805.6442991270	
/home/lilingfeng/tmp/juicefs-c03-r1-20260817-131615/src/R-replay/.pre-commit-config.yaml	dir	600	lilingfeng	lilingfeng	325	1786943805.4443365120	
/home/lilingfeng/tmp/juicefs-c03-r1-20260817-131615/src/R-replay/docs	dir	700	lilingfeng	lilingfeng	4096	1786943805.5563155760	
/home/lilingfeng/tmp/juicefs-c03-r1-20260817-131615/src/R-replay/hack	dir	700	lilingfeng	lilingfeng	4096	1786943805.6442991270	
/home/lilingfeng/tmp/juicefs-c03-r1-20260817-131615/src/R-replay/codecov.yml	dir	600	lilingfeng	lilingfeng	77	1786943805.4523350170	
/home/lilingfeng/tmp/juicefs-c03-r1-20260817-131615/src/R-replay/package-lock.json	dir	600	lilingfeng	lilingfeng	585450	1786943805.6442991270	
/home/lilingfeng/tmp/juicefs-c03-r1-20260817-131615/src/R-replay/cmd	dir	700	lilingfeng	lilingfeng	4096	1786943805.4523350170	
/home/lilingfeng/tmp/juicefs-c03-r1-20260817-131615/src/R-replay/CODE_OF_CONDUCT.md	dir	600	lilingfeng	lilingfeng	5483	1786943805.4443365120	
/home/lilingfeng/tmp/juicefs-c03-r1-20260817-131615/src/R-replay/CODEOWNERS	dir	600	lilingfeng	lilingfeng	19	1786943805.4443365120	
/home/lilingfeng/tmp/juicefs-c03-r1-20260817-131615/src/R-replay/integration	dir	700	lilingfeng	lilingfeng	4096	1786943805.6442991270	
/home/lilingfeng/tmp/juicefs-c03-r1-20260817-131615/src/R-replay/go.mod	dir	600	lilingfeng	lilingfeng	19470	1786943805.6402998760	
/home/lilingfeng/tmp/juicefs-c03-r1-20260817-131615/src/R-replay/CLAUDE.md	dir	600	lilingfeng	lilingfeng	11	1786943805.4443365120	
/home/lilingfeng/tmp/juicefs-c03-r1-20260817-131615/src/R-replay/deploy	dir	700	lilingfeng	lilingfeng	4096	1786943805.4523350170	
/home/lilingfeng/tmp/juicefs-c03-r1-20260817-131615/src/R-replay/CONTRIBUTING.md	dir	600	lilingfeng	lilingfeng	2559	1786943805.4443365120	
/home/lilingfeng/tmp/juicefs-c03-r1-20260817-131615/src/R-replay/.goreleaser.yml	dir	600	lilingfeng	lilingfeng	2716	1786943805.4443365120	
/home/lilingfeng/tmp/juicefs-c03-r1-20260817-131615/src/R-replay/.github	dir	700	lilingfeng	lilingfeng	4096	1786943805.4443365120	
/home/lilingfeng/tmp/juicefs-c03-r1-20260817-131615/src/R-replay/pkg	dir	700	lilingfeng	lilingfeng	4096	1786943805.6602961350	
/home/lilingfeng/tmp/juicefs-c03-r1-20260817-131615/src/R-replay/.gitignore	dir	600	lilingfeng	lilingfeng	450	1786943805.4443365120	
/home/lilingfeng/tmp/juicefs-c03-r1-20260817-131615/src/R-replay/ADOPTERS.md	dir	600	lilingfeng	lilingfeng	124	1786943805.4443365120	
/home/lilingfeng/tmp/juicefs-c03-r1-20260817-131615/src/R-replay/.golangci.yml	dir	600	lilingfeng	lilingfeng	610	1786943805.4443365120	
/home/lilingfeng/tmp/juicefs-c03-r1-20260817-131615/src/R-replay/.autocorrectrc	dir	600	lilingfeng	lilingfeng	826	1786943805.4363380080	
/home/lilingfeng/tmp/juicefs-c03-r1-20260817-131615/src/R-replay/.agents	dir	700	lilingfeng	lilingfeng	4096	1786943805.4363380080	
/home/lilingfeng/tmp/juicefs-c03-r1-20260817-131615/src/R-replay/sdk	dir	700	lilingfeng	lilingfeng	4096	1786943805.6682946420	
/home/lilingfeng/tmp/juicefs-c03-r1-20260817-131615/src/R-replay/README_CN.md	dir	600	lilingfeng	lilingfeng	13226	1786943805.4483357660	
/home/lilingfeng/tmp/juicefs-c03-r1-20260817-131615/src/Q-semantic	dir	700	lilingfeng	lilingfeng	4096	1786943805.2683694110	
/home/lilingfeng/tmp/juicefs-c03-r1-20260817-131615/src/Q-semantic/go.sum	dir	600	lilingfeng	lilingfeng	112362	1786943805.2403746450	
/home/lilingfeng/tmp/juicefs-c03-r1-20260817-131615/src/Q-semantic/README.md	dir	600	lilingfeng	lilingfeng	14614	1786943805.0444112840	
/home/lilingfeng/tmp/juicefs-c03-r1-20260817-131615/src/Q-semantic/LICENSE	dir	600	lilingfeng	lilingfeng	11358	1786943805.0444112840	
/home/lilingfeng/tmp/juicefs-c03-r1-20260817-131615/src/Q-semantic/ADOPTERS_CN.md	dir	600	lilingfeng	lilingfeng	117	1786943805.0444112840	
/home/lilingfeng/tmp/juicefs-c03-r1-20260817-131615/src/Q-semantic/.markdownlint-cli2.jsonc	dir	600	lilingfeng	lilingfeng	3561	1786943805.0444112840	
/home/lilingfeng/tmp/juicefs-c03-r1-20260817-131615/src/Q-semantic/package.json	dir	600	lilingfeng	lilingfeng	988	1786943805.2443738980	
/home/lilingfeng/tmp/juicefs-c03-r1-20260817-131615/src/Q-semantic/AGENTS.md	dir	600	lilingfeng	lilingfeng	5865	1786943805.0444112840	
/home/lilingfeng/tmp/juicefs-c03-r1-20260817-131615/src/Q-semantic/test	dir	700	lilingfeng	lilingfeng	4096	1786943805.2683694110	
/home/lilingfeng/tmp/juicefs-c03-r1-20260817-131615/src/Q-semantic/Makefile	dir	600	lilingfeng	lilingfeng	5749	1786943805.0444112840	
/home/lilingfeng/tmp/juicefs-c03-r1-20260817-131615/src/Q-semantic/check-changed.sh	dir	600	lilingfeng	lilingfeng	420	1786943805.0444112840	
/home/lilingfeng/tmp/juicefs-c03-r1-20260817-131615/src/Q-semantic/rfcs	dir	700	lilingfeng	lilingfeng	4096	1786943805.2603709060	
/home/lilingfeng/tmp/juicefs-c03-r1-20260817-131615/src/Q-semantic/main.go	dir	600	lilingfeng	lilingfeng	843	1786943805.2403746450	
/home/lilingfeng/tmp/juicefs-c03-r1-20260817-131615/src/Q-semantic/.pre-commit-config.yaml	dir	600	lilingfeng	lilingfeng	325	1786943805.0444112840	
/home/lilingfeng/tmp/juicefs-c03-r1-20260817-131615/src/Q-semantic/docs	dir	700	lilingfeng	lilingfeng	4096	1786943805.1523910940	
/home/lilingfeng/tmp/juicefs-c03-r1-20260817-131615/src/Q-semantic/hack	dir	700	lilingfeng	lilingfeng	4096	1786943805.2403746450	
/home/lilingfeng/tmp/juicefs-c03-r1-20260817-131615/src/Q-semantic/codecov.yml	dir	600	lilingfeng	lilingfeng	77	1786943805.0484105350	
/home/lilingfeng/tmp/juicefs-c03-r1-20260817-131615/src/Q-semantic/package-lock.json	dir	600	lilingfeng	lilingfeng	585450	1786943805.2443738980	
/home/lilingfeng/tmp/juicefs-c03-r1-20260817-131615/src/Q-semantic/cmd	dir	700	lilingfeng	lilingfeng	4096	1786943805.0484105350	
/home/lilingfeng/tmp/juicefs-c03-r1-20260817-131615/src/Q-semantic/CODE_OF_CONDUCT.md	dir	600	lilingfeng	lilingfeng	5483	1786943805.0444112840	
/home/lilingfeng/tmp/juicefs-c03-r1-20260817-131615/src/Q-semantic/CODEOWNERS	dir	600	lilingfeng	lilingfeng	19	1786943805.0444112840	
/home/lilingfeng/tmp/juicefs-c03-r1-20260817-131615/src/Q-semantic/integration	dir	700	lilingfeng	lilingfeng	4096	1786943805.2403746450	
/home/lilingfeng/tmp/juicefs-c03-r1-20260817-131615/src/Q-semantic/go.mod	dir	600	lilingfeng	lilingfeng	19470	1786943805.2403746450	
/home/lilingfeng/tmp/juicefs-c03-r1-20260817-131615/src/Q-semantic/CLAUDE.md	dir	600	lilingfeng	lilingfeng	11	1786943805.0444112840	
/home/lilingfeng/tmp/juicefs-c03-r1-20260817-131615/src/Q-semantic/deploy	dir	700	lilingfeng	lilingfeng	4096	1786943805.0484105350	
/home/lilingfeng/tmp/juicefs-c03-r1-20260817-131615/src/Q-semantic/CONTRIBUTING.md	dir	600	lilingfeng	lilingfeng	2559	1786943805.0444112840	
/home/lilingfeng/tmp/juicefs-c03-r1-20260817-131615/src/Q-semantic/.goreleaser.yml	dir	600	lilingfeng	lilingfeng	2716	1786943805.0444112840	
/home/lilingfeng/tmp/juicefs-c03-r1-20260817-131615/src/Q-semantic/.github	dir	700	lilingfeng	lilingfeng	4096	1786943805.0404120300	
/home/lilingfeng/tmp/juicefs-c03-r1-20260817-131615/src/Q-semantic/pkg	dir	700	lilingfeng	lilingfeng	4096	1786943805.2603709060	
/home/lilingfeng/tmp/juicefs-c03-r1-20260817-131615/src/Q-semantic/.gitignore	dir	600	lilingfeng	lilingfeng	450	1786943805.0444112840	
/home/lilingfeng/tmp/juicefs-c03-r1-20260817-131615/src/Q-semantic/ADOPTERS.md	dir	600	lilingfeng	lilingfeng	124	1786943805.0444112840	
/home/lilingfeng/tmp/juicefs-c03-r1-20260817-131615/src/Q-semantic/.golangci.yml	dir	600	lilingfeng	lilingfeng	610	1786943805.0444112840	
/home/lilingfeng/tmp/juicefs-c03-r1-20260817-131615/src/Q-semantic/.autocorrectrc	dir	600	lilingfeng	lilingfeng	826	1786943805.0324135260	
/home/lilingfeng/tmp/juicefs-c03-r1-20260817-131615/src/Q-semantic/.agents	dir	700	lilingfeng	lilingfeng	4096	1786943805.0324135260	
/home/lilingfeng/tmp/juicefs-c03-r1-20260817-131615/src/Q-semantic/sdk	dir	700	lilingfeng	lilingfeng	4096	1786943805.2683694110	
/home/lilingfeng/tmp/juicefs-c03-r1-20260817-131615/src/Q-semantic/README_CN.md	dir	600	lilingfeng	lilingfeng	13226	1786943805.0444112840	
/home/lilingfeng/tmp/juicefs-c03-r1-20260817-131615/src/S-oracle	dir	700	lilingfeng	lilingfeng	4096	1786943804.4565211960	
/home/lilingfeng/tmp/juicefs-c03-r1-20260817-131615/src/S-oracle/go.sum	dir	600	lilingfeng	lilingfeng	112362	1786943804.4285264300	
/home/lilingfeng/tmp/juicefs-c03-r1-20260817-131615/src/S-oracle/README.md	dir	600	lilingfeng	lilingfeng	14614	1786943804.2325630660	
/home/lilingfeng/tmp/juicefs-c03-r1-20260817-131615/src/S-oracle/LICENSE	dir	600	lilingfeng	lilingfeng	11358	1786943804.2325630660	
/home/lilingfeng/tmp/juicefs-c03-r1-20260817-131615/src/S-oracle/ADOPTERS_CN.md	dir	600	lilingfeng	lilingfeng	117	1786943804.2325630660	
/home/lilingfeng/tmp/juicefs-c03-r1-20260817-131615/src/S-oracle/.markdownlint-cli2.jsonc	dir	600	lilingfeng	lilingfeng	3561	1786943804.2325630660	
/home/lilingfeng/tmp/juicefs-c03-r1-20260817-131615/src/S-oracle/package.json	dir	600	lilingfeng	lilingfeng	988	1786943804.4325256810	
/home/lilingfeng/tmp/juicefs-c03-r1-20260817-131615/src/S-oracle/AGENTS.md	dir	600	lilingfeng	lilingfeng	5865	1786943804.2325630660	
/home/lilingfeng/tmp/juicefs-c03-r1-20260817-131615/src/S-oracle/test	dir	700	lilingfeng	lilingfeng	4096	1786943804.4565211960	
/home/lilingfeng/tmp/juicefs-c03-r1-20260817-131615/src/S-oracle/Makefile	dir	600	lilingfeng	lilingfeng	5749	1786943804.2325630660	
/home/lilingfeng/tmp/juicefs-c03-r1-20260817-131615/src/S-oracle/check-changed.sh	dir	600	lilingfeng	lilingfeng	420	1786943804.2325630660	
/home/lilingfeng/tmp/juicefs-c03-r1-20260817-131615/src/S-oracle/rfcs	dir	700	lilingfeng	lilingfeng	4096	1786943804.4485226910	
/home/lilingfeng/tmp/juicefs-c03-r1-20260817-131615/src/S-oracle/main.go	dir	600	lilingfeng	lilingfeng	843	1786943804.4325256810	
/home/lilingfeng/tmp/juicefs-c03-r1-20260817-131615/src/S-oracle/.pre-commit-config.yaml	dir	600	lilingfeng	lilingfeng	325	1786943804.2325630660	
/home/lilingfeng/tmp/juicefs-c03-r1-20260817-131615/src/S-oracle/docs	dir	700	lilingfeng	lilingfeng	4096	1786943804.3405428790	
/home/lilingfeng/tmp/juicefs-c03-r1-20260817-131615/src/S-oracle/hack	dir	700	lilingfeng	lilingfeng	4096	1786943804.4285264300	
/home/lilingfeng/tmp/juicefs-c03-r1-20260817-131615/src/S-oracle/codecov.yml	dir	600	lilingfeng	lilingfeng	77	1786943804.2365623200	
/home/lilingfeng/tmp/juicefs-c03-r1-20260817-131615/src/S-oracle/package-lock.json	dir	600	lilingfeng	lilingfeng	585450	1786943804.4325256810	
/home/lilingfeng/tmp/juicefs-c03-r1-20260817-131615/src/S-oracle/cmd	dir	700	lilingfeng	lilingfeng	4096	1786943804.2365623200	
/home/lilingfeng/tmp/juicefs-c03-r1-20260817-131615/src/S-oracle/CODE_OF_CONDUCT.md	dir	600	lilingfeng	lilingfeng	5483	1786943804.2325630660	
/home/lilingfeng/tmp/juicefs-c03-r1-20260817-131615/src/S-oracle/CODEOWNERS	dir	600	lilingfeng	lilingfeng	19	1786943804.2325630660	
/home/lilingfeng/tmp/juicefs-c03-r1-20260817-131615/src/S-oracle/integration	dir	700	lilingfeng	lilingfeng	4096	1786943804.4285264300	
/home/lilingfeng/tmp/juicefs-c03-r1-20260817-131615/src/S-oracle/go.mod	dir	600	lilingfeng	lilingfeng	19470	1786943804.4285264300	
/home/lilingfeng/tmp/juicefs-c03-r1-20260817-131615/src/S-oracle/CLAUDE.md	dir	600	lilingfeng	lilingfeng	11	1786943804.2325630660	
/home/lilingfeng/tmp/juicefs-c03-r1-20260817-131615/src/S-oracle/deploy	dir	700	lilingfeng	lilingfeng	4096	1786943804.2365623200	
/home/lilingfeng/tmp/juicefs-c03-r1-20260817-131615/src/S-oracle/CONTRIBUTING.md	dir	600	lilingfeng	lilingfeng	2559	1786943804.2325630660	
/home/lilingfeng/tmp/juicefs-c03-r1-20260817-131615/src/S-oracle/.goreleaser.yml	dir	600	lilingfeng	lilingfeng	2716	1786943804.2325630660	
/home/lilingfeng/tmp/juicefs-c03-r1-20260817-131615/src/S-oracle/.github	dir	700	lilingfeng	lilingfeng	4096	1786943804.2325630660	
/home/lilingfeng/tmp/juicefs-c03-r1-20260817-131615/src/S-oracle/pkg	dir	700	lilingfeng	lilingfeng	4096	1786943804.4485226910	
/home/lilingfeng/tmp/juicefs-c03-r1-20260817-131615/src/S-oracle/.gitignore	dir	600	lilingfeng	lilingfeng	450	1786943804.2325630660	
/home/lilingfeng/tmp/juicefs-c03-r1-20260817-131615/src/S-oracle/ADOPTERS.md	dir	600	lilingfeng	lilingfeng	124	1786943804.2325630660	
/home/lilingfeng/tmp/juicefs-c03-r1-20260817-131615/src/S-oracle/.golangci.yml	dir	600	lilingfeng	lilingfeng	610	1786943804.2325630660	
/home/lilingfeng/tmp/juicefs-c03-r1-20260817-131615/src/S-oracle/.autocorrectrc	dir	600	lilingfeng	lilingfeng	826	1786943804.2205653110	
/home/lilingfeng/tmp/juicefs-c03-r1-20260817-131615/src/S-oracle/.agents	dir	700	lilingfeng	lilingfeng	4096	1786943804.2205653110	
/home/lilingfeng/tmp/juicefs-c03-r1-20260817-131615/src/S-oracle/sdk	dir	700	lilingfeng	lilingfeng	4096	1786943804.4565211960	
/home/lilingfeng/tmp/juicefs-c03-r1-20260817-131615/src/S-oracle/README_CN.md	dir	600	lilingfeng	lilingfeng	13226	1786943804.2325630660	
/home/lilingfeng/tmp/juicefs-c03-r1-20260817-131615/commands.sh	dir	600	lilingfeng	lilingfeng	77	1786943775.3139359900	
/home/lilingfeng/tmp/juicefs-c03-r1-20260817-131615/summary.tsv	dir	600	lilingfeng	lilingfeng	195	1786945779.3092650020	
/home/lilingfeng/tmp/juicefs-c03-r1-20260817-131615/diffs	dir	700	lilingfeng	lilingfeng	4096	1786945779.2572575620	
/home/lilingfeng/tmp/juicefs-c03-r1-20260817-131615/diffs/R-replay-full.diff	dir	600	lilingfeng	lilingfeng	7008	1786945779.2532569870	
/home/lilingfeng/tmp/juicefs-c03-r1-20260817-131615/diffs/S-oracle-full.diff	dir	600	lilingfeng	lilingfeng	6367	1786945779.1452415310	
/home/lilingfeng/tmp/juicefs-c03-r1-20260817-131615/diffs/Q-semantic-full.diff	dir	600	lilingfeng	lilingfeng	15713	1786945779.2172518360	
/home/lilingfeng/tmp/juicefs-c03-r1-20260817-131615/diffs/S-oracle-diffcheck.log	dir	600	lilingfeng	lilingfeng	0	1786945779.1492421060	
/home/lilingfeng/tmp/juicefs-c03-r1-20260817-131615/diffs/Q-semantic-diffcheck.log	dir	600	lilingfeng	lilingfeng	0	1786945779.2172518360	
/home/lilingfeng/tmp/juicefs-c03-r1-20260817-131615/diffs/R-replay-diffcheck.log	dir	600	lilingfeng	lilingfeng	0	1786945779.2572575620	
/home/lilingfeng/tmp/juicefs-c03-r1-20260817-131615/diffs/B-candidate-full.diff	dir	600	lilingfeng	lilingfeng	7008	1786945779.1732455380	
/home/lilingfeng/tmp/juicefs-c03-r1-20260817-131615/diffs/B-candidate-diffcheck.log	dir	600	lilingfeng	lilingfeng	0	1786945779.1732455380	
/home/lilingfeng/tmp/juicefs-c03-r1-20260817-131615/meta	dir	700	lilingfeng	lilingfeng	4096	1786945783.3218392190	
/home/lilingfeng/tmp/juicefs-c03-r1-20260817-131615/meta/upstream-policy-hashes.txt	dir	600	lilingfeng	lilingfeng	405	1786943804.1325817600	
/home/lilingfeng/tmp/juicefs-c03-r1-20260817-131615/meta/S-oracle-expected-paths.txt	dir	600	lilingfeng	lilingfeng	29	1786945779.1532426760	
/home/lilingfeng/tmp/juicefs-c03-r1-20260817-131615/meta/B-candidate-diff-stat.txt	dir	600	lilingfeng	lilingfeng	155	1786945779.1732455380	
/home/lilingfeng/tmp/juicefs-c03-r1-20260817-131615/meta/redis-containers.txt	dir	600	lilingfeng	lilingfeng	130	1786945447.4677952370	
/home/lilingfeng/tmp/juicefs-c03-r1-20260817-131615/meta/R-replay-diff-stat.txt	dir	600	lilingfeng	lilingfeng	155	1786945779.2532569870	
/home/lilingfeng/tmp/juicefs-c03-r1-20260817-131615/meta/upstream-ci-matrix.tsv	dir	600	lilingfeng	lilingfeng	95	1786943804.1445795150	
/home/lilingfeng/tmp/juicefs-c03-r1-20260817-131615/meta/go126-S-oracle-U1-repeat10.tsv	dir	600	lilingfeng	lilingfeng	597	1786944760.9118751280	
/home/lilingfeng/tmp/juicefs-c03-r1-20260817-131615/meta/R-replay-changed-paths.txt	dir	600	lilingfeng	lilingfeng	47	1786945779.2652587060	
/home/lilingfeng/tmp/juicefs-c03-r1-20260817-131615/meta/go125-S-oracle-U1-repeat10.tsv	dir	600	lilingfeng	lilingfeng	597	1786944658.6321412170	
/home/lilingfeng/tmp/juicefs-c03-r1-20260817-131615/meta/go125-juicefs.sha256	dir	600	lilingfeng	lilingfeng	76	1786945676.0709139250	
/home/lilingfeng/tmp/juicefs-c03-r1-20260817-131615/meta/go126-juicefs-lite.sha256	dir	600	lilingfeng	lilingfeng	81	1786945702.9223715300	
/home/lilingfeng/tmp/juicefs-c03-r1-20260817-131615/meta/S-oracle-diff-stat.txt	dir	600	lilingfeng	lilingfeng	115	1786945779.1452415310	
/home/lilingfeng/tmp/juicefs-c03-r1-20260817-131615/meta/B-candidate-status-after.txt	dir	600	lilingfeng	lilingfeng	105	1786945779.1652443950	
/home/lilingfeng/tmp/juicefs-c03-r1-20260817-131615/meta/upstream-writer-log.txt	dir	600	lilingfeng	lilingfeng	0	1786943805.7682759480	
/home/lilingfeng/tmp/juicefs-c03-r1-20260817-131615/meta/S-oracle-status-before.txt	dir	600	lilingfeng	lilingfeng	0	1786943804.4645197000	
/home/lilingfeng/tmp/juicefs-c03-r1-20260817-131615/meta/docker-version.txt	dir	600	lilingfeng	lilingfeng	7	1786945414.9787700120	
/home/lilingfeng/tmp/juicefs-c03-r1-20260817-131615/meta/go126-version.txt	dir	600	lilingfeng	lilingfeng	32	1786943836.3985730330	
/home/lilingfeng/tmp/juicefs-c03-r1-20260817-131615/meta/upstream-ancestry.tsv	dir	600	lilingfeng	lilingfeng	80	1786943804.1165847500	
/home/lilingfeng/tmp/juicefs-c03-r1-20260817-131615/meta/upstream-go-directive.txt	dir	600	lilingfeng	lilingfeng	10	1786943804.1325817600	
/home/lilingfeng/tmp/juicefs-c03-r1-20260817-131615/meta/Q-semantic-status-before.txt	dir	600	lilingfeng	lilingfeng	0	1786943805.2763679150	
/home/lilingfeng/tmp/juicefs-c03-r1-20260817-131615/meta/lint-after-status.txt	dir	600	lilingfeng	lilingfeng	105	1786945671.7102654840	
/home/lilingfeng/tmp/juicefs-c03-r1-20260817-131615/meta/Q-semantic-changed-paths.txt	dir	600	lilingfeng	lilingfeng	51	1786945779.2252529800	
/home/lilingfeng/tmp/juicefs-c03-r1-20260817-131615/meta/golangci-yml.sha256	dir	600	lilingfeng	lilingfeng	148	1786945630.1039120940	
/home/lilingfeng/tmp/juicefs-c03-r1-20260817-131615/meta/upstream-commit.txt	dir	600	lilingfeng	lilingfeng	41	1786943804.1125854990	
/home/lilingfeng/tmp/juicefs-c03-r1-20260817-131615/meta/go126-env.txt	dir	600	lilingfeng	lilingfeng	277	1786943836.4625608910	
/home/lilingfeng/tmp/juicefs-c03-r1-20260817-131615/meta/final-status.txt	dir	600	lilingfeng	lilingfeng	33	1786945783.3218392190	
/home/lilingfeng/tmp/juicefs-c03-r1-20260817-131615/meta/go126-juicefs.sha256	dir	600	lilingfeng	lilingfeng	76	1786945697.3975851600	
/home/lilingfeng/tmp/juicefs-c03-r1-20260817-131615/meta/upstream-policy	dir	700	lilingfeng	lilingfeng	4096	1786943804.1285825070	
/home/lilingfeng/tmp/juicefs-c03-r1-20260817-131615/meta/upstream-policy/go.mod	dir	600	lilingfeng	lilingfeng	19470	1786943804.1285825070	
/home/lilingfeng/tmp/juicefs-c03-r1-20260817-131615/meta/upstream-policy/CONTRIBUTING.md	dir	600	lilingfeng	lilingfeng	2559	1786943804.1245832560	
/home/lilingfeng/tmp/juicefs-c03-r1-20260817-131615/meta/upstream-policy/verify.yml	dir	600	lilingfeng	lilingfeng	2781	1786943804.1285825070	
/home/lilingfeng/tmp/juicefs-c03-r1-20260817-131615/meta/upstream-policy/.golangci.yml	dir	600	lilingfeng	lilingfeng	610	1786943804.1285825070	
/home/lilingfeng/tmp/juicefs-c03-r1-20260817-131615/meta/B-candidate-status-before.txt	dir	600	lilingfeng	lilingfeng	0	1786943804.8724434350	
/home/lilingfeng/tmp/juicefs-c03-r1-20260817-131615/meta/go126-S-oracle-U3-repeat10.tsv	dir	600	lilingfeng	lilingfeng	597	1786944805.0914427930	
/home/lilingfeng/tmp/juicefs-c03-r1-20260817-131615/meta/ls-remote-before.txt	dir	600	lilingfeng	lilingfeng	57	1786943777.2375878280	
/home/lilingfeng/tmp/juicefs-c03-r1-20260817-131615/meta/lint-before-head.txt	dir	600	lilingfeng	lilingfeng	41	1786945630.1039120940	
/home/lilingfeng/tmp/juicefs-c03-r1-20260817-131615/meta/gomod-hash-after-go126.txt	dir	600	lilingfeng	lilingfeng	146	1786945481.3930216380	
/home/lilingfeng/tmp/juicefs-c03-r1-20260817-131615/meta/gomod-hash-before-go125.txt	dir	600	lilingfeng	lilingfeng	146	1786945466.0706619940	
/home/lilingfeng/tmp/juicefs-c03-r1-20260817-131615/meta/upstream-state-gate.tsv	dir	600	lilingfeng	lilingfeng	195	1786944805.1034448750	
/home/lilingfeng/tmp/juicefs-c03-r1-20260817-131615/meta/R-replay-status-before.txt	dir	600	lilingfeng	lilingfeng	0	1786943805.6762931460	
/home/lilingfeng/tmp/juicefs-c03-r1-20260817-131615/meta/R-replay-status-after.txt	dir	600	lilingfeng	lilingfeng	53	1786945779.2452558440	
/home/lilingfeng/tmp/juicefs-c03-r1-20260817-131615/meta/B-candidate-expected-paths.txt	dir	600	lilingfeng	lilingfeng	47	1786945779.1812466840	
/home/lilingfeng/tmp/juicefs-c03-r1-20260817-131615/meta/S-oracle-status-after.txt	dir	600	lilingfeng	lilingfeng	32	1786945779.1332398140	
/home/lilingfeng/tmp/juicefs-c03-r1-20260817-131615/meta/taskbook.snapshot.md	dir	600	lilingfeng	lilingfeng	39757	1786943775.3219345420	
/home/lilingfeng/tmp/juicefs-c03-r1-20260817-131615/meta/lint-binary.sha256	dir	600	lilingfeng	lilingfeng	142	1786945630.0959108620	
/home/lilingfeng/tmp/juicefs-c03-r1-20260817-131615/meta/go125-env.txt	dir	600	lilingfeng	lilingfeng	263	1786943836.4465639260	
/home/lilingfeng/tmp/juicefs-c03-r1-20260817-131615/meta/upstream-commit-show.txt	dir	600	lilingfeng	lilingfeng	172	1786943804.1165847500	
/home/lilingfeng/tmp/juicefs-c03-r1-20260817-131615/meta/go125-S-oracle-U3-repeat10.tsv	dir	600	lilingfeng	lilingfeng	597	1786944703.3647987170	
/home/lilingfeng/tmp/juicefs-c03-r1-20260817-131615/meta/archive-path.txt	dir	600	lilingfeng	lilingfeng	69	1786945779.3132655720	
/home/lilingfeng/tmp/juicefs-c03-r1-20260817-131615/meta/lint-before-status.txt	dir	600	lilingfeng	lilingfeng	105	1786945630.1159139440	
/home/lilingfeng/tmp/juicefs-c03-r1-20260817-131615/meta/anchors.actual	dir	600	lilingfeng	lilingfeng	268	1786945779.3092650020	
/home/lilingfeng/tmp/juicefs-c03-r1-20260817-131615/meta/Q-semantic-expected-paths.txt	dir	600	lilingfeng	lilingfeng	51	1786945779.2212524100	
/home/lilingfeng/tmp/juicefs-c03-r1-20260817-131615/meta/Q-semantic-diff-stat.txt	dir	600	lilingfeng	lilingfeng	158	1786945779.2132512620	
/home/lilingfeng/tmp/juicefs-c03-r1-20260817-131615/meta/upstream-distance.txt	dir	600	lilingfeng	lilingfeng	2	1786943804.1205840030	
/home/lilingfeng/tmp/juicefs-c03-r1-20260817-131615/meta/arm-heads-before.tsv	dir	600	lilingfeng	lilingfeng	205	1786943805.6762931460	
/home/lilingfeng/tmp/juicefs-c03-r1-20260817-131615/meta/R-replay-expected-paths.txt	dir	600	lilingfeng	lilingfeng	47	1786945779.2612581310	
/home/lilingfeng/tmp/juicefs-c03-r1-20260817-131615/meta/redis-image.txt	dir	600	lilingfeng	lilingfeng	152	1786945426.2925460020	
/home/lilingfeng/tmp/juicefs-c03-r1-20260817-131615/meta/B-candidate-changed-paths.txt	dir	600	lilingfeng	lilingfeng	47	1786945779.1852472590	
/home/lilingfeng/tmp/juicefs-c03-r1-20260817-131615/meta/prearchive-status.txt	dir	600	lilingfeng	lilingfeng	13	1786945779.3092650020	
/home/lilingfeng/tmp/juicefs-c03-r1-20260817-131615/meta/lint-version-selection.txt	dir	600	lilingfeng	lilingfeng	79	1786945493.3868264670	
/home/lilingfeng/tmp/juicefs-c03-r1-20260817-131615/meta/gomod-hash-before-go126.txt	dir	600	lilingfeng	lilingfeng	146	1786945481.1289809570	
/home/lilingfeng/tmp/juicefs-c03-r1-20260817-131615/meta/community-patch.sha256	dir	600	lilingfeng	lilingfeng	154	1786945702.9623773030	
/home/lilingfeng/tmp/juicefs-c03-r1-20260817-131615/meta/S-oracle-changed-paths.txt	dir	600	lilingfeng	lilingfeng	29	1786945779.1572432510	
/home/lilingfeng/tmp/juicefs-c03-r1-20260817-131615/meta/gomod-hash-after-go125.txt	dir	600	lilingfeng	lilingfeng	146	1786945474.6799882120	
/home/lilingfeng/tmp/juicefs-c03-r1-20260817-131615/meta/ls-remote-after.txt	dir	600	lilingfeng	lilingfeng	57	1786943804.1085862450	
/home/lilingfeng/tmp/juicefs-c03-r1-20260817-131615/meta/redis-port-status.txt	dir	600	lilingfeng	lilingfeng	10	1786945415.0187763610	
/home/lilingfeng/tmp/juicefs-c03-r1-20260817-131615/meta/upstream-writer-blob.txt	dir	600	lilingfeng	lilingfeng	41	1786943805.7682759480	
/home/lilingfeng/tmp/juicefs-c03-r1-20260817-131615/meta/go125-version.txt	dir	600	lilingfeng	lilingfeng	71	1786943836.3785768270	
/home/lilingfeng/tmp/juicefs-c03-r1-20260817-131615/meta/runtime-adaptations.md	dir	600	lilingfeng	lilingfeng	60	1786943775.3259338180	
/home/lilingfeng/tmp/juicefs-c03-r1-20260817-131615/meta/input-check.log	dir	600	lilingfeng	lilingfeng	205	1786943775.3859229580	
/home/lilingfeng/tmp/juicefs-c03-r1-20260817-131615/meta/go125-juicefs-lite.sha256	dir	600	lilingfeng	lilingfeng	81	1786945681.3916967920	
/home/lilingfeng/tmp/juicefs-c03-r1-20260817-131615/meta/Q-semantic-status-after.txt	dir	600	lilingfeng	lilingfeng	57	1786945779.2052501180	
/home/lilingfeng/tmp/juicefs-c03-r1-20260817-131615/meta/test-asset-hashes.tsv	dir	600	lilingfeng	lilingfeng	384	1786945779.2692592760	
/home/lilingfeng/tmp/juicefs-c03-r1-20260817-131615/meta/arm-heads-after.tsv	dir	600	lilingfeng	lilingfeng	205	1786945779.2492564140	
/home/lilingfeng/tmp/juicefs-c03-r1-20260817-131615/meta/final-compliance-review.md	dir	600	lilingfeng	lilingfeng	178	1786945783.3218392190	
/home/lilingfeng/tmp/juicefs-c03-r1-20260817-131615/builds	dir	700	lilingfeng	lilingfeng	4096	1786945681.4197008880	
/home/lilingfeng/tmp/juicefs-c03-r1-20260817-131615/builds/go125	dir	700	lilingfeng	lilingfeng	4096	1786945681.3916967920	
/home/lilingfeng/tmp/juicefs-c03-r1-20260817-131615/builds/go125/juicefs.lite	dir	700	lilingfeng	lilingfeng	39417832	1786945681.4157003030	
/home/lilingfeng/tmp/juicefs-c03-r1-20260817-131615/builds/go125/juicefs	dir	700	lilingfeng	lilingfeng	126195016	1786945676.1389240360	
/home/lilingfeng/tmp/juicefs-c03-r1-20260817-131615/builds/go126	dir	700	lilingfeng	lilingfeng	4096	1786945702.9223715300	
/home/lilingfeng/tmp/juicefs-c03-r1-20260817-131615/builds/go126/juicefs.lite	dir	700	lilingfeng	lilingfeng	39659184	1786945702.9463749950	
/home/lilingfeng/tmp/juicefs-c03-r1-20260817-131615/builds/go126/juicefs	dir	700	lilingfeng	lilingfeng	126817264	1786945697.4575935370	
/home/lilingfeng/tmp/juicefs-c03-r1-20260817-131615/candidate-gates.tsv	dir	600	lilingfeng	lilingfeng	1159	1786945779.3052644270	
/home/lilingfeng/tmp/juicefs-c03-r1-20260817-131615/assets	dir	700	lilingfeng	lilingfeng	4096	1786943775.3219345420	
/home/lilingfeng/tmp/juicefs-c03-r1-20260817-131615/assets/run-c03-r1.sh	dir	600	lilingfeng	lilingfeng	42664	1786943775.3139359900	
/home/lilingfeng/tmp/juicefs-c03-r1-20260817-131615/assets/async-catchup-main.patch	dir	600	lilingfeng	lilingfeng	545	1786943775.3179352660	
/home/lilingfeng/tmp/juicefs-c03-r1-20260817-131615/assets/forbidden-patterns.txt	dir	600	lilingfeng	lilingfeng	289	1786943775.3219345420	
/home/lilingfeng/tmp/juicefs-c03-r1-20260817-131615/assets/anchors.expected	dir	600	lilingfeng	lilingfeng	268	1786943775.3219345420	
/home/lilingfeng/tmp/juicefs-c03-r1-20260817-131615/assets/writer_flush_c02_test.go	dir	600	lilingfeng	lilingfeng	14281	1786943775.3179352660	
/home/lilingfeng/tmp/juicefs-c03-r1-20260817-131615/assets/writer_flush_test.go	dir	600	lilingfeng	lilingfeng	5874	1786943775.3179352660	
/home/lilingfeng/tmp/juicefs-c03-r1-20260817-131615/assets/pre-run-adaptations.md	dir	600	lilingfeng	lilingfeng	783	1786943775.3219345420	
/home/lilingfeng/tmp/juicefs-c03-r1-20260817-131615/rc	dir	700	lilingfeng	lilingfeng	12288	1786945780.8934916560	
/home/lilingfeng/tmp/juicefs-c03-r1-20260817-131615/rc/go126-S-oracle-U1-repeat-09.rc	dir	600	lilingfeng	lilingfeng	2	1786944756.6270561560	
/home/lilingfeng/tmp/juicefs-c03-r1-20260817-131615/rc/go125-S-oracle-U1-repeat-01.rc	dir	600	lilingfeng	lilingfeng	2	1786944618.9444181250	
/home/lilingfeng/tmp/juicefs-c03-r1-20260817-131615/rc/go125-S-oracle-U1-repeat-02.rc	dir	600	lilingfeng	lilingfeng	2	1786944623.2172487220	
/home/lilingfeng/tmp/juicefs-c03-r1-20260817-131615/rc/B-candidate-diffcheck.rc	dir	600	lilingfeng	lilingfeng	2	1786945779.1772461110	
/home/lilingfeng/tmp/juicefs-c03-r1-20260817-131615/rc/B-apply.rc	dir	600	lilingfeng	lilingfeng	2	1786944805.1154469560	
/home/lilingfeng/tmp/juicefs-c03-r1-20260817-131615/rc/git-diff-check.rc	dir	600	lilingfeng	lilingfeng	2	1786945466.0626607590	
/home/lilingfeng/tmp/juicefs-c03-r1-20260817-131615/rc/go126-S-oracle-U1-repeat-01.rc	dir	600	lilingfeng	lilingfeng	2	1786944721.2642594700	
/home/lilingfeng/tmp/juicefs-c03-r1-20260817-131615/rc/go125-B-candidate-full-vfs.rc	dir	600	lilingfeng	lilingfeng	2	1786945445.9555647380	
/home/lilingfeng/tmp/juicefs-c03-r1-20260817-131615/rc/go125-S-oracle-U1-repeat-04.rc	dir	600	lilingfeng	lilingfeng	2	1786944631.8749265670	
/home/lilingfeng/tmp/juicefs-c03-r1-20260817-131615/rc/go125-Q-semantic-TestC02ConcurrentIndependentFullBlocks.rc	dir	600	lilingfeng	lilingfeng	2	1786945185.8537255660	
/home/lilingfeng/tmp/juicefs-c03-r1-20260817-131615/rc/go125-S-oracle-U3-repeat-03.rc	dir	600	lilingfeng	lilingfeng	2	1786944672.3267996780	
/home/lilingfeng/tmp/juicefs-c03-r1-20260817-131615/rc/R-replay-apply-check.rc	dir	600	lilingfeng	lilingfeng	2	1786945702.9703784580	
/home/lilingfeng/tmp/juicefs-c03-r1-20260817-131615/rc/go125-S-oracle-U1-repeat-10.rc	dir	600	lilingfeng	lilingfeng	2	1786944658.6281404340	
/home/lilingfeng/tmp/juicefs-c03-r1-20260817-131615/rc/go125-make-juicefs-lite.rc	dir	600	lilingfeng	lilingfeng	2	1786945681.2836809980	
/home/lilingfeng/tmp/juicefs-c03-r1-20260817-131615/rc/go126-baseline-compile.rc	dir	600	lilingfeng	lilingfeng	2	1786944591.0750074160	
/home/lilingfeng/tmp/juicefs-c03-r1-20260817-131615/rc/go126-Q-semantic-TestC02TransientEIORecoversOnFreeze.rc	dir	600	lilingfeng	lilingfeng	2	1786945309.6502955290	
/home/lilingfeng/tmp/juicefs-c03-r1-20260817-131615/rc/go126-B-candidate-U1.rc	dir	600	lilingfeng	lilingfeng	2	1786944966.0803200690	
/home/lilingfeng/tmp/juicefs-c03-r1-20260817-131615/rc/go125-S-oracle-U3-repeat-01.rc	dir	600	lilingfeng	lilingfeng	2	1786944663.1130128810	
/home/lilingfeng/tmp/juicefs-c03-r1-20260817-131615/rc/go125-B-candidate-race20.rc	dir	600	lilingfeng	lilingfeng	2	1786944956.3385729850	
/home/lilingfeng/tmp/juicefs-c03-r1-20260817-131615/rc/go126-S-oracle-U1-repeat-03.rc	dir	600	lilingfeng	lilingfeng	2	1786944730.4660340880	
/home/lilingfeng/tmp/juicefs-c03-r1-20260817-131615/rc/go126-Q-semantic-TestC02DelayedNewSliceDoesNotBlockWriteAt.rc	dir	600	lilingfeng	lilingfeng	2	1786945302.7731502330	
/home/lilingfeng/tmp/juicefs-c03-r1-20260817-131615/rc/go126-Q-semantic-TestC02FullBlockDispatchAfterDelayedID.rc	dir	600	lilingfeng	lilingfeng	2	1786945289.9430137700	
/home/lilingfeng/tmp/juicefs-c03-r1-20260817-131615/rc/go126-S-oracle-U1-repeat-05.rc	dir	600	lilingfeng	lilingfeng	2	1786944739.4517719340	
/home/lilingfeng/tmp/juicefs-c03-r1-20260817-131615/rc/go125-S-oracle-U3.rc	dir	600	lilingfeng	lilingfeng	2	1786944614.5315554070	
/home/lilingfeng/tmp/juicefs-c03-r1-20260817-131615/rc/go125-S-oracle-U1-repeat-03.rc	dir	600	lilingfeng	lilingfeng	2	1786944627.5460883000	
/home/lilingfeng/tmp/juicefs-c03-r1-20260817-131615/rc/S-oracle-path-guard.rc	dir	600	lilingfeng	lilingfeng	2	1786945779.1572432510	
/home/lilingfeng/tmp/juicefs-c03-r1-20260817-131615/rc/go125-S-oracle-U1-repeat-06.rc	dir	600	lilingfeng	lilingfeng	2	1786944640.4686053050	
/home/lilingfeng/tmp/juicefs-c03-r1-20260817-131615/rc/S-oracle-diffcheck.rc	dir	600	lilingfeng	lilingfeng	2	1786945779.1492421060	
/home/lilingfeng/tmp/juicefs-c03-r1-20260817-131615/rc/go126-R-replay-U2.rc	dir	600	lilingfeng	lilingfeng	2	1786945741.1358396450	
/home/lilingfeng/tmp/juicefs-c03-r1-20260817-131615/rc/go125-Q-semantic-TestC02FullBlockDispatchAfterDelayedID.rc	dir	600	lilingfeng	lilingfeng	2	1786945155.0805782150	
/home/lilingfeng/tmp/juicefs-c03-r1-20260817-131615/rc/gofmt-check.rc	dir	600	lilingfeng	lilingfeng	2	1786945466.0426576700	
/home/lilingfeng/tmp/juicefs-c03-r1-20260817-131615/rc/go126-B-candidate-full-vfs.rc	dir	600	lilingfeng	lilingfeng	2	1786945465.2905415150	
/home/lilingfeng/tmp/juicefs-c03-r1-20260817-131615/rc/go125-S-oracle-U3-repeat-07.rc	dir	600	lilingfeng	lilingfeng	2	1786944690.2022531730	
/home/lilingfeng/tmp/juicefs-c03-r1-20260817-131615/rc/redis-stop-go125.rc	dir	600	lilingfeng	lilingfeng	2	1786945446.6316677910	
/home/lilingfeng/tmp/juicefs-c03-r1-20260817-131615/rc/go125-R-replay-count20.rc	dir	600	lilingfeng	lilingfeng	2	1786945730.2222731120	
/home/lilingfeng/tmp/juicefs-c03-r1-20260817-131615/rc/go125-S-oracle-U3-repeat-04.rc	dir	600	lilingfeng	lilingfeng	2	1786944676.6156306130	
/home/lilingfeng/tmp/juicefs-c03-r1-20260817-131615/rc/R-replay-diff-cmp.rc	dir	600	lilingfeng	lilingfeng	2	1786945703.3944396730	
/home/lilingfeng/tmp/juicefs-c03-r1-20260817-131615/rc/go126-vet.rc	dir	600	lilingfeng	lilingfeng	2	1786945488.5541065070	
/home/lilingfeng/tmp/juicefs-c03-r1-20260817-131615/rc/B-apply-check.rc	dir	600	lilingfeng	lilingfeng	2	1786944805.1154469560	
/home/lilingfeng/tmp/juicefs-c03-r1-20260817-131615/rc/go125-Q-semantic-TestC02FlushToFailureIsObservable.rc	dir	600	lilingfeng	lilingfeng	2	1786945161.6816848960	
/home/lilingfeng/tmp/juicefs-c03-r1-20260817-131615/rc/go125-S-oracle-U1.rc	dir	600	lilingfeng	lilingfeng	2	1786944609.8026359240	
/home/lilingfeng/tmp/juicefs-c03-r1-20260817-131615/rc/R-replay-path-guard.rc	dir	600	lilingfeng	lilingfeng	2	1786945779.2692592760	
/home/lilingfeng/tmp/juicefs-c03-r1-20260817-131615/rc/go126-B-candidate-U3.rc	dir	600	lilingfeng	lilingfeng	2	1786944974.1497606330	
/home/lilingfeng/tmp/juicefs-c03-r1-20260817-131615/rc/go126-S-oracle-U1.rc	dir	600	lilingfeng	lilingfeng	2	1786944712.1745021210	
/home/lilingfeng/tmp/juicefs-c03-r1-20260817-131615/rc/go126-S-oracle-U3-repeat-02.rc	dir	600	lilingfeng	lilingfeng	2	1786944769.5815202780	
/home/lilingfeng/tmp/juicefs-c03-r1-20260817-131615/rc/go126-S-oracle-U3-repeat-08.rc	dir	600	lilingfeng	lilingfeng	2	1786944796.2538558570	
/home/lilingfeng/tmp/juicefs-c03-r1-20260817-131615/rc/go126-B-candidate-U2.rc	dir	600	lilingfeng	lilingfeng	2	1786944970.2970716410	
/home/lilingfeng/tmp/juicefs-c03-r1-20260817-131615/rc/go126-S-oracle-U3-repeat-07.rc	dir	600	lilingfeng	lilingfeng	2	1786944791.7730358160	
/home/lilingfeng/tmp/juicefs-c03-r1-20260817-131615/rc/toolchain-go126.rc	dir	600	lilingfeng	lilingfeng	2	1786943836.3985730330	
/home/lilingfeng/tmp/juicefs-c03-r1-20260817-131615/rc/go126-S-oracle-U1-repeat-07.rc	dir	600	lilingfeng	lilingfeng	2	1786944747.9294132360	
/home/lilingfeng/tmp/juicefs-c03-r1-20260817-131615/rc/lint-version-query.rc	dir	600	lilingfeng	lilingfeng	2	1786945493.3788252360	
/home/lilingfeng/tmp/juicefs-c03-r1-20260817-131615/rc/go126-S-oracle-U2.rc	dir	600	lilingfeng	lilingfeng	2	1786944707.6576299310	
/home/lilingfeng/tmp/juicefs-c03-r1-20260817-131615/rc/go125-S-oracle-U3-repeat-08.rc	dir	600	lilingfeng	lilingfeng	2	1786944694.6311073700	
/home/lilingfeng/tmp/juicefs-c03-r1-20260817-131615/rc/go125-Q-semantic-count100.rc	dir	600	lilingfeng	lilingfeng	2	1786945256.5974682760	
/home/lilingfeng/tmp/juicefs-c03-r1-20260817-131615/rc/R-replay-apply.rc	dir	600	lilingfeng	lilingfeng	2	1786945702.9703784580	
/home/lilingfeng/tmp/juicefs-c03-r1-20260817-131615/rc/go125-B-candidate-U1.rc	dir	600	lilingfeng	lilingfeng	2	1786944813.7089510430	
/home/lilingfeng/tmp/juicefs-c03-r1-20260817-131615/rc/go125-S-oracle-U3-repeat-09.rc	dir	600	lilingfeng	lilingfeng	2	1786944698.9999534900	
/home/lilingfeng/tmp/juicefs-c03-r1-20260817-131615/rc/go126-make-juicefs-lite.rc	dir	600	lilingfeng	lilingfeng	2	1786945702.8143559360	
/home/lilingfeng/tmp/juicefs-c03-r1-20260817-131615/rc/go126-S-oracle-U1-repeat-06.rc	dir	600	lilingfeng	lilingfeng	2	1786944743.6605867990	
/home/lilingfeng/tmp/juicefs-c03-r1-20260817-131615/rc/go126-S-oracle-U1-repeat-10.rc	dir	600	lilingfeng	lilingfeng	2	1786944760.9078743630	
/home/lilingfeng/tmp/juicefs-c03-r1-20260817-131615/rc/go125-Q-semantic-TestC02MultiBlockDispatchUsesLatestLength.rc	dir	600	lilingfeng	lilingfeng	2	1786945158.4371394920	
/home/lilingfeng/tmp/juicefs-c03-r1-20260817-131615/rc/go125-R-replay-U2.rc	dir	600	lilingfeng	lilingfeng	2	1786945716.1482548330	
/home/lilingfeng/tmp/juicefs-c03-r1-20260817-131615/rc/go126-S-oracle-U3-repeat-10.rc	dir	600	lilingfeng	lilingfeng	2	1786944805.0874420980	
/home/lilingfeng/tmp/juicefs-c03-r1-20260817-131615/rc/go126-Q-semantic-TestC02PartialThenFullAfterIDDispatchesOnce.rc	dir	600	lilingfeng	lilingfeng	2	1786945299.5966209940	
/home/lilingfeng/tmp/juicefs-c03-r1-20260817-131615/rc/go126-mod-tidy.rc	dir	600	lilingfeng	lilingfeng	2	1786945481.3930216380	
/home/lilingfeng/tmp/juicefs-c03-r1-20260817-131615/rc/go125-make-juicefs.rc	dir	600	lilingfeng	lilingfeng	2	1786945675.7588675230	
/home/lilingfeng/tmp/juicefs-c03-r1-20260817-131615/rc/go125-baseline-memory.rc	dir	600	lilingfeng	lilingfeng	2	1786944502.0018478720	
/home/lilingfeng/tmp/juicefs-c03-r1-20260817-131615/rc/go126-S-oracle-U1-repeat-04.rc	dir	600	lilingfeng	lilingfeng	2	1786944734.9669034900	
/home/lilingfeng/tmp/juicefs-c03-r1-20260817-131615/rc/go125-vet.rc	dir	600	lilingfeng	lilingfeng	2	1786945481.1249803400	
/home/lilingfeng/tmp/juicefs-c03-r1-20260817-131615/rc/go125-B-candidate-count100.rc	dir	600	lilingfeng	lilingfeng	2	1786944858.5690281540	
/home/lilingfeng/tmp/juicefs-c03-r1-20260817-131615/rc/go126-Q-semantic-TestC02NonEIONewSliceDoesNotRetryBeforeFlush.rc	dir	600	lilingfeng	lilingfeng	2	1786945306.4497625400	
/home/lilingfeng/tmp/juicefs-c03-r1-20260817-131615/rc/go125-S-oracle-U1-repeat-05.rc	dir	600	lilingfeng	lilingfeng	2	1786944636.2037646850	
/home/lilingfeng/tmp/juicefs-c03-r1-20260817-131615/rc/go125-R-replay-U3.rc	dir	600	lilingfeng	lilingfeng	2	1786945719.6367526840	
/home/lilingfeng/tmp/juicefs-c03-r1-20260817-131615/rc/go125-Q-semantic-TestC02TransientEIORecoversOnFreeze.rc	dir	600	lilingfeng	lilingfeng	2	1786945175.5280001790	
/home/lilingfeng/tmp/juicefs-c03-r1-20260817-131615/rc/go125-S-oracle-U3-repeat-10.rc	dir	600	lilingfeng	lilingfeng	2	1786944703.3607979420	
/home/lilingfeng/tmp/juicefs-c03-r1-20260817-131615/rc/go126-make-juicefs.rc	dir	600	lilingfeng	lilingfeng	2	1786945697.0815410240	
/home/lilingfeng/tmp/juicefs-c03-r1-20260817-131615/rc/Q-semantic-path-guard.rc	dir	600	lilingfeng	lilingfeng	2	1786945779.2292535550	
/home/lilingfeng/tmp/juicefs-c03-r1-20260817-131615/rc/go126-R-replay-count20.rc	dir	600	lilingfeng	lilingfeng	2	1786945755.0258067890	
/home/lilingfeng/tmp/juicefs-c03-r1-20260817-131615/rc/go126-R-replay-U3.rc	dir	600	lilingfeng	lilingfeng	2	1786945744.6003304400	
/home/lilingfeng/tmp/juicefs-c03-r1-20260817-131615/rc/go125-mod-download.rc	dir	600	lilingfeng	lilingfeng	2	1786944430.3919331350	
/home/lilingfeng/tmp/juicefs-c03-r1-20260817-131615/rc/Q-semantic-diffcheck.rc	dir	600	lilingfeng	lilingfeng	2	1786945779.2212524100	
/home/lilingfeng/tmp/juicefs-c03-r1-20260817-131615/rc/go126-Q-semantic-race20.rc	dir	600	lilingfeng	lilingfeng	2	1786945414.7547344410	
/home/lilingfeng/tmp/juicefs-c03-r1-20260817-131615/rc/lint-install.rc	dir	600	lilingfeng	lilingfeng	2	1786945629.8158677070	
/home/lilingfeng/tmp/juicefs-c03-r1-20260817-131615/rc/lint-run.rc	dir	600	lilingfeng	lilingfeng	2	1786945671.7062648910	
/home/lilingfeng/tmp/juicefs-c03-r1-20260817-131615/rc/go125-S-oracle-U1-repeat-07.rc	dir	600	lilingfeng	lilingfeng	2	1786944644.8174599250	
/home/lilingfeng/tmp/juicefs-c03-r1-20260817-131615/rc/go125-baseline-compile.rc	dir	600	lilingfeng	lilingfeng	2	1786944495.1565136270	
/home/lilingfeng/tmp/juicefs-c03-r1-20260817-131615/rc/go126-Q-semantic-TestC02PermanentENOSPCAbortsFrozenSlice.rc	dir	600	lilingfeng	lilingfeng	2	1786945312.8548288750	
/home/lilingfeng/tmp/juicefs-c03-r1-20260817-131615/rc/anchor-cmp.rc	dir	600	lilingfeng	lilingfeng	2	1786945779.2972632830	
/home/lilingfeng/tmp/juicefs-c03-r1-20260817-131615/rc/go126-R-replay-U1.rc	dir	600	lilingfeng	lilingfeng	2	1786945737.3432933300	
/home/lilingfeng/tmp/juicefs-c03-r1-20260817-131615/rc/go126-S-oracle-U3-repeat-03.rc	dir	600	lilingfeng	lilingfeng	2	1786944774.0579076010	
/home/lilingfeng/tmp/juicefs-c03-r1-20260817-131615/rc/go126-baseline-memory.rc	dir	600	lilingfeng	lilingfeng	2	1786944598.6004645050	
/home/lilingfeng/tmp/juicefs-c03-r1-20260817-131615/rc/go126-Q-semantic-TestC02MultiBlockDispatchUsesLatestLength.rc	dir	600	lilingfeng	lilingfeng	2	1786945293.1755508890	
/home/lilingfeng/tmp/juicefs-c03-r1-20260817-131615/rc/go125-Q-semantic-TestC02PermanentENOSPCAbortsFrozenSlice.rc	dir	600	lilingfeng	lilingfeng	2	1786945178.9365707210	
/home/lilingfeng/tmp/juicefs-c03-r1-20260817-131615/rc/go125-S-oracle-U3-repeat-06.rc	dir	600	lilingfeng	lilingfeng	2	1786944685.9294329880	
/home/lilingfeng/tmp/juicefs-c03-r1-20260817-131615/rc/go126-S-oracle-U3-repeat-01.rc	dir	600	lilingfeng	lilingfeng	2	1786944765.2326990150	
/home/lilingfeng/tmp/juicefs-c03-r1-20260817-131615/rc/go126-Q-semantic-TestC02ConcurrentIndependentFullBlocks.rc	dir	600	lilingfeng	lilingfeng	2	1786945319.4079196660	
/home/lilingfeng/tmp/juicefs-c03-r1-20260817-131615/rc/go125-Q-semantic-TestC02FrozenSliceSkipsCatchupFlush.rc	dir	600	lilingfeng	lilingfeng	2	1786945182.3611431750	
/home/lilingfeng/tmp/juicefs-c03-r1-20260817-131615/rc/go125-S-oracle-U1-repeat-08.rc	dir	600	lilingfeng	lilingfeng	2	1786944649.4143471120	
/home/lilingfeng/tmp/juicefs-c03-r1-20260817-131615/rc/go126-S-oracle-U3-repeat-09.rc	dir	600	lilingfeng	lilingfeng	2	1786944800.6706513870	
/home/lilingfeng/tmp/juicefs-c03-r1-20260817-131615/rc/go126-B-candidate-race20.rc	dir	600	lilingfeng	lilingfeng	2	1786945146.7111832720	
/home/lilingfeng/tmp/juicefs-c03-r1-20260817-131615/rc/toolchain-go125.rc	dir	600	lilingfeng	lilingfeng	2	1786943836.3785768270	
/home/lilingfeng/tmp/juicefs-c03-r1-20260817-131615/rc/redis-stop-go126.rc	dir	600	lilingfeng	lilingfeng	2	1786945465.9946502560	
/home/lilingfeng/tmp/juicefs-c03-r1-20260817-131615/rc/input-check.rc	dir	600	lilingfeng	lilingfeng	2	1786943775.3859229580	
/home/lilingfeng/tmp/juicefs-c03-r1-20260817-131615/rc/go126-mod-download.rc	dir	600	lilingfeng	lilingfeng	2	1786944430.4479448250	
/home/lilingfeng/tmp/juicefs-c03-r1-20260817-131615/rc/go125-S-oracle-U3-repeat-05.rc	dir	600	lilingfeng	lilingfeng	2	1786944681.4805737330	
/home/lilingfeng/tmp/juicefs-c03-r1-20260817-131615/rc/go126-S-oracle-U3.rc	dir	600	lilingfeng	lilingfeng	2	1786944716.6393640760	
/home/lilingfeng/tmp/juicefs-c03-r1-20260817-131615/rc/go125-S-oracle-U2.rc	dir	600	lilingfeng	lilingfeng	2	1786944604.9737022060	
/home/lilingfeng/tmp/juicefs-c03-r1-20260817-131615/rc/go125-Q-semantic-race20.rc	dir	600	lilingfeng	lilingfeng	2	1786945283.4299310530	
/home/lilingfeng/tmp/juicefs-c03-r1-20260817-131615/rc/go125-B-candidate-U3.rc	dir	600	lilingfeng	lilingfeng	2	1786944820.2461552420	
/home/lilingfeng/tmp/juicefs-c03-r1-20260817-131615/rc/go126-B-candidate-count100.rc	dir	600	lilingfeng	lilingfeng	2	1786945013.1767676570	
/home/lilingfeng/tmp/juicefs-c03-r1-20260817-131615/rc/go125-R-replay-U1.rc	dir	600	lilingfeng	lilingfeng	2	1786945712.3357206800	
/home/lilingfeng/tmp/juicefs-c03-r1-20260817-131615/rc/go126-S-oracle-U3-repeat-05.rc	dir	600	lilingfeng	lilingfeng	2	1786944782.8515258180	
/home/lilingfeng/tmp/juicefs-c03-r1-20260817-131615/rc/go125-Q-semantic-TestC02DelayedNewSliceDoesNotBlockWriteAt.rc	dir	600	lilingfeng	lilingfeng	2	1786945168.3227970480	
/home/lilingfeng/tmp/juicefs-c03-r1-20260817-131615/rc/go125-mod-tidy.rc	dir	600	lilingfeng	lilingfeng	2	1786945474.6799882120	
/home/lilingfeng/tmp/juicefs-c03-r1-20260817-131615/rc/go125-Q-semantic-TestC02PartialThenFullAfterIDDispatchesOnce.rc	dir	600	lilingfeng	lilingfeng	2	1786945165.0342484570	
/home/lilingfeng/tmp/juicefs-c03-r1-20260817-131615/rc/go125-S-oracle-U1-repeat-09.rc	dir	600	lilingfeng	lilingfeng	2	1786944653.9872338470	
/home/lilingfeng/tmp/juicefs-c03-r1-20260817-131615/rc/sha256-check.rc	dir	600	lilingfeng	lilingfeng	2	1786945780.8934916560	
/home/lilingfeng/tmp/juicefs-c03-r1-20260817-131615/rc/go125-Q-semantic-TestC02NonEIONewSliceDoesNotRetryBeforeFlush.rc	dir	600	lilingfeng	lilingfeng	2	1786945172.1874415960	
/home/lilingfeng/tmp/juicefs-c03-r1-20260817-131615/rc/go126-Q-semantic-count100.rc	dir	600	lilingfeng	lilingfeng	2	1786945389.9829984770	
/home/lilingfeng/tmp/juicefs-c03-r1-20260817-131615/rc/go126-S-oracle-U3-repeat-06.rc	dir	600	lilingfeng	lilingfeng	2	1786944787.3123634330	
/home/lilingfeng/tmp/juicefs-c03-r1-20260817-131615/rc/go126-Q-semantic-TestC02FrozenSliceSkipsCatchupFlush.rc	dir	600	lilingfeng	lilingfeng	2	1786945316.0753648810	
/home/lilingfeng/tmp/juicefs-c03-r1-20260817-131615/rc/go126-S-oracle-U1-repeat-08.rc	dir	600	lilingfeng	lilingfeng	2	1786944752.2702328100	
/home/lilingfeng/tmp/juicefs-c03-r1-20260817-131615/rc/B-candidate-path-guard.rc	dir	600	lilingfeng	lilingfeng	2	1786945779.1892478290	
/home/lilingfeng/tmp/juicefs-c03-r1-20260817-131615/rc/go125-B-candidate-U2.rc	dir	600	lilingfeng	lilingfeng	2	1786944817.1175789380	
/home/lilingfeng/tmp/juicefs-c03-r1-20260817-131615/rc/go125-S-oracle-U3-repeat-02.rc	dir	600	lilingfeng	lilingfeng	2	1786944667.9979609630	
/home/lilingfeng/tmp/juicefs-c03-r1-20260817-131615/rc/go126-S-oracle-U3-repeat-04.rc	dir	600	lilingfeng	lilingfeng	2	1786944778.4307516200	
/home/lilingfeng/tmp/juicefs-c03-r1-20260817-131615/rc/go126-S-oracle-U1-repeat-02.rc	dir	600	lilingfeng	lilingfeng	2	1786944725.8291415480	
/home/lilingfeng/tmp/juicefs-c03-r1-20260817-131615/rc/go126-Q-semantic-TestC02FlushToFailureIsObservable.rc	dir	600	lilingfeng	lilingfeng	2	1786945296.3640822390	
/home/lilingfeng/tmp/juicefs-c03-r1-20260817-131615/rc/R-replay-diffcheck.rc	dir	600	lilingfeng	lilingfeng	2	1786945779.2572575620	
/home/lilingfeng/tmp/juicefs-c03-r1-20260817-131615/artifacts	dir	700	lilingfeng	lilingfeng	4096	1786945702.9583767270	
/home/lilingfeng/tmp/juicefs-c03-r1-20260817-131615/artifacts/community-candidate.patch	dir	600	lilingfeng	lilingfeng	7008	1786945702.9583767270	
/home/lilingfeng/tmp/juicefs-c03-r1-20260817-131615/logs	dir	700	lilingfeng	lilingfeng	12288	1786945783.0778042780	
/home/lilingfeng/tmp/juicefs-c03-r1-20260817-131615/logs/go125-S-oracle-U3-repeat-08.log	dir	600	lilingfeng	lilingfeng	544	1786944694.5991011700	
/home/lilingfeng/tmp/juicefs-c03-r1-20260817-131615/logs/go125-B-candidate-full-vfs.log	dir	600	lilingfeng	lilingfeng	186102	1786945445.9155586380	
/home/lilingfeng/tmp/juicefs-c03-r1-20260817-131615/logs/go126-S-oracle-U1-repeat-04.log	dir	600	lilingfeng	lilingfeng	269	1786944734.9308965170	
/home/lilingfeng/tmp/juicefs-c03-r1-20260817-131615/logs/go126-make-juicefs.log	dir	600	lilingfeng	lilingfeng	224	1786945681.4757090800	
/home/lilingfeng/tmp/juicefs-c03-r1-20260817-131615/logs/go126-baseline-memory.log	dir	600	lilingfeng	lilingfeng	848	1786944598.5524551750	
/home/lilingfeng/tmp/juicefs-c03-r1-20260817-131615/logs/forbidden-raw.log	dir	600	lilingfeng	lilingfeng	0	1786945779.3012638580	
/home/lilingfeng/tmp/juicefs-c03-r1-20260817-131615/logs/go125-B-candidate-U3.log	dir	600	lilingfeng	lilingfeng	604	1786944820.1981463990	
/home/lilingfeng/tmp/juicefs-c03-r1-20260817-131615/logs/go126-S-oracle-U1-repeat-10.log	dir	600	lilingfeng	lilingfeng	269	1786944760.8758682470	
/home/lilingfeng/tmp/juicefs-c03-r1-20260817-131615/logs/go126-S-oracle-U3-repeat-06.log	dir	600	lilingfeng	lilingfeng	265	1786944787.2803573080	
/home/lilingfeng/tmp/juicefs-c03-r1-20260817-131615/logs/community-artifact-secret-scan.log	dir	600	lilingfeng	lilingfeng	0	1786945779.1132369550	
/home/lilingfeng/tmp/juicefs-c03-r1-20260817-131615/logs/go126-Q-semantic-TestC02MultiBlockDispatchUsesLatestLength.log	dir	600	lilingfeng	lilingfeng	166	1786945293.1315435770	
/home/lilingfeng/tmp/juicefs-c03-r1-20260817-131615/logs/lint-status-diff.log	dir	600	lilingfeng	lilingfeng	0	1786945671.7142660810	
/home/lilingfeng/tmp/juicefs-c03-r1-20260817-131615/logs/go125-juicefs-version.log	dir	600	lilingfeng	lilingfeng	46	1786945675.7988734700	
/home/lilingfeng/tmp/juicefs-c03-r1-20260817-131615/logs/clone-Q-semantic.log	dir	600	lilingfeng	lilingfeng	250	1786943805.2723686640	
/home/lilingfeng/tmp/juicefs-c03-r1-20260817-131615/logs/go126-Q-semantic-TestC02PartialThenFullAfterIDDispatchesOnce.log	dir	600	lilingfeng	lilingfeng	170	1786945299.5526136590	
/home/lilingfeng/tmp/juicefs-c03-r1-20260817-131615/logs/go125-baseline-compile.log	dir	600	lilingfeng	lilingfeng	346	1786944494.8684574940	
/home/lilingfeng/tmp/juicefs-c03-r1-20260817-131615/logs/go125-S-oracle-U1-repeat-10.log	dir	600	lilingfeng	lilingfeng	548	1786944658.5961341830	
/home/lilingfeng/tmp/juicefs-c03-r1-20260817-131615/logs/R-replay-apply.log	dir	600	lilingfeng	lilingfeng	0	1786945702.9703784580	
/home/lilingfeng/tmp/juicefs-c03-r1-20260817-131615/logs/go125-S-oracle-U3.log	dir	600	lilingfeng	lilingfeng	544	1786944614.4995491510	
/home/lilingfeng/tmp/juicefs-c03-r1-20260817-131615/logs/redis-logs-go125.log	dir	600	lilingfeng	lilingfeng	1044	1786945429.4010263570	
/home/lilingfeng/tmp/juicefs-c03-r1-20260817-131615/logs/go125-B-candidate-U1.log	dir	600	lilingfeng	lilingfeng	455	1786944813.6569414640	
/home/lilingfeng/tmp/juicefs-c03-r1-20260817-131615/logs/static-test-name-conflict.log	dir	600	lilingfeng	lilingfeng	0	1786943805.7722752010	
/home/lilingfeng/tmp/juicefs-c03-r1-20260817-131615/logs/fetch.log	dir	600	lilingfeng	lilingfeng	141	1786943802.5688756400	
/home/lilingfeng/tmp/juicefs-c03-r1-20260817-131615/logs/go126-S-oracle-U1-repeat-06.log	dir	600	lilingfeng	lilingfeng	269	1786944743.6285806020	
/home/lilingfeng/tmp/juicefs-c03-r1-20260817-131615/logs/anchor-cmp.log	dir	600	lilingfeng	lilingfeng	133	1786945779.2972632830	
/home/lilingfeng/tmp/juicefs-c03-r1-20260817-131615/logs/go126-Q-semantic-TestC02FrozenSliceSkipsCatchupFlush.log	dir	600	lilingfeng	lilingfeng	154	1786945316.0313575570	
/home/lilingfeng/tmp/juicefs-c03-r1-20260817-131615/logs/go125-S-oracle-U3-repeat-06.log	dir	600	lilingfeng	lilingfeng	544	1786944685.8974268440	
/home/lilingfeng/tmp/juicefs-c03-r1-20260817-131615/logs/go126-S-oracle-U3.log	dir	600	lilingfeng	lilingfeng	265	1786944716.6073578790	
/home/lilingfeng/tmp/juicefs-c03-r1-20260817-131615/logs/go125-S-oracle-U3-repeat-05.log	dir	600	lilingfeng	lilingfeng	544	1786944681.4445667540	
/home/lilingfeng/tmp/juicefs-c03-r1-20260817-131615/logs/redis-gone-go125.log	dir	600	lilingfeng	lilingfeng	0	1786945446.6316677910	
/home/lilingfeng/tmp/juicefs-c03-r1-20260817-131615/logs/go125-Q-semantic-race20.log	dir	600	lilingfeng	lilingfeng	27634	1786945283.3779223990	
/home/lilingfeng/tmp/juicefs-c03-r1-20260817-131615/logs/R-replay-path-guard.log	dir	600	lilingfeng	lilingfeng	0	1786945779.2652587060	
/home/lilingfeng/tmp/juicefs-c03-r1-20260817-131615/logs/go126-R-replay-U3.log	dir	600	lilingfeng	lilingfeng	325	1786945744.5563242480	
/home/lilingfeng/tmp/juicefs-c03-r1-20260817-131615/logs/go126-Q-semantic-count100.log	dir	600	lilingfeng	lilingfeng	136555	1786945389.9389926540	
/home/lilingfeng/tmp/juicefs-c03-r1-20260817-131615/logs/go125-R-replay-U3.log	dir	600	lilingfeng	lilingfeng	604	1786945719.5927463360	
/home/lilingfeng/tmp/juicefs-c03-r1-20260817-131615/logs/go125-Q-semantic-TestC02FullBlockDispatchAfterDelayedID.log	dir	600	lilingfeng	lilingfeng	439	1786945155.0285695470	
/home/lilingfeng/tmp/juicefs-c03-r1-20260817-131615/logs/redis-stop-go126.log	dir	600	lilingfeng	lilingfeng	65	1786945465.9946502560	
/home/lilingfeng/tmp/juicefs-c03-r1-20260817-131615/logs/go126-S-oracle-U3-repeat-08.log	dir	600	lilingfeng	lilingfeng	265	1786944796.2218500020	
/home/lilingfeng/tmp/juicefs-c03-r1-20260817-131615/logs/go125-S-oracle-U1-repeat-09.log	dir	600	lilingfeng	lilingfeng	548	1786944653.9552275930	
/home/lilingfeng/tmp/juicefs-c03-r1-20260817-131615/logs/go125-B-candidate-U2.log	dir	600	lilingfeng	lilingfeng	467	1786944817.0775715680	
/home/lilingfeng/tmp/juicefs-c03-r1-20260817-131615/logs/lint-install.log	dir	600	lilingfeng	lilingfeng	10489	1786945609.1246772840	
/home/lilingfeng/tmp/juicefs-c03-r1-20260817-131615/logs/go126-S-oracle-U3-repeat-05.log	dir	600	lilingfeng	lilingfeng	265	1786944782.8155200280	
/home/lilingfeng/tmp/juicefs-c03-r1-20260817-131615/logs/clone-upstream.log	dir	600	lilingfeng	lilingfeng	99	1786943775.6258795300	
/home/lilingfeng/tmp/juicefs-c03-r1-20260817-131615/logs/redis-pull.log	dir	600	lilingfeng	lilingfeng	203	1786945426.2045324000	
/home/lilingfeng/tmp/juicefs-c03-r1-20260817-131615/logs/go125-mod-download.log	dir	600	lilingfeng	lilingfeng	0	1786943836.4665601320	
/home/lilingfeng/tmp/juicefs-c03-r1-20260817-131615/logs/go125-Q-semantic-count100.log	dir	600	lilingfeng	lilingfeng	136834	1786945256.5574616190	
/home/lilingfeng/tmp/juicefs-c03-r1-20260817-131615/logs/go126-juicefs-version.log	dir	600	lilingfeng	lilingfeng	46	1786945697.1135454920	
/home/lilingfeng/tmp/juicefs-c03-r1-20260817-131615/logs/go125-S-oracle-U3-repeat-03.log	dir	600	lilingfeng	lilingfeng	544	1786944672.2947934770	
/home/lilingfeng/tmp/juicefs-c03-r1-20260817-131615/logs/static-vfs-testmain.log	dir	600	lilingfeng	lilingfeng	0	1786943805.7682759480	
/home/lilingfeng/tmp/juicefs-c03-r1-20260817-131615/logs/Q-semantic-path-guard.log	dir	600	lilingfeng	lilingfeng	0	1786945779.2252529800	
/home/lilingfeng/tmp/juicefs-c03-r1-20260817-131615/logs/go125-S-oracle-U3-repeat-01.log	dir	600	lilingfeng	lilingfeng	544	1786944663.0810066690	
/home/lilingfeng/tmp/juicefs-c03-r1-20260817-131615/logs/go126-R-replay-U1.log	dir	600	lilingfeng	lilingfeng	176	1786945737.2912858360	
/home/lilingfeng/tmp/juicefs-c03-r1-20260817-131615/logs/archive-listing.log	dir	600	lilingfeng	lilingfeng	14189	1786945783.3138380720	
/home/lilingfeng/tmp/juicefs-c03-r1-20260817-131615/logs/go126-S-oracle-U3-repeat-02.log	dir	600	lilingfeng	lilingfeng	265	1786944769.5495142340	
/home/lilingfeng/tmp/juicefs-c03-r1-20260817-131615/logs/B-apply.log	dir	600	lilingfeng	lilingfeng	0	1786944805.1154469560	
/home/lilingfeng/tmp/juicefs-c03-r1-20260817-131615/logs/redis-stop-go125.log	dir	600	lilingfeng	lilingfeng	65	1786945446.6316677910	
/home/lilingfeng/tmp/juicefs-c03-r1-20260817-131615/logs/go125-S-oracle-U1-repeat-06.log	dir	600	lilingfeng	lilingfeng	548	1786944640.4365989950	
/home/lilingfeng/tmp/juicefs-c03-r1-20260817-131615/logs/go126-Q-semantic-race20.log	dir	600	lilingfeng	lilingfeng	27355	1786945414.6987255490	
/home/lilingfeng/tmp/juicefs-c03-r1-20260817-131615/logs/go126-Q-semantic-TestC02DelayedNewSliceDoesNotBlockWriteAt.log	dir	600	lilingfeng	lilingfeng	166	1786945302.7331435700	
/home/lilingfeng/tmp/juicefs-c03-r1-20260817-131615/logs/go126-Q-semantic-TestC02NonEIONewSliceDoesNotRetryBeforeFlush.log	dir	600	lilingfeng	lilingfeng	172	1786945306.4057552110	
/home/lilingfeng/tmp/juicefs-c03-r1-20260817-131615/logs/redis-logs-go126.log	dir	600	lilingfeng	lilingfeng	1044	1786945449.6241239150	
/home/lilingfeng/tmp/juicefs-c03-r1-20260817-131615/logs/go125-Q-semantic-TestC02DelayedNewSliceDoesNotBlockWriteAt.log	dir	600	lilingfeng	lilingfeng	445	1786945168.2787897080	
/home/lilingfeng/tmp/juicefs-c03-r1-20260817-131615/logs/go125-vet.log	dir	600	lilingfeng	lilingfeng	279	1786945475.1200558820	
/home/lilingfeng/tmp/juicefs-c03-r1-20260817-131615/logs/go126-S-oracle-U1-repeat-02.log	dir	600	lilingfeng	lilingfeng	269	1786944725.7931346180	
/home/lilingfeng/tmp/juicefs-c03-r1-20260817-131615/logs/go126-B-candidate-full-vfs.log	dir	600	lilingfeng	lilingfeng	174959	1786945465.2505353340	
/home/lilingfeng/tmp/juicefs-c03-r1-20260817-131615/logs/go125-baseline-memory.log	dir	600	lilingfeng	lilingfeng	1127	1786944501.9578392890	
/home/lilingfeng/tmp/juicefs-c03-r1-20260817-131615/logs/go126-S-oracle-U1-repeat-08.log	dir	600	lilingfeng	lilingfeng	269	1786944752.2342260280	
/home/lilingfeng/tmp/juicefs-c03-r1-20260817-131615/logs/go126-baseline-compile.log	dir	600	lilingfeng	lilingfeng	346	1786944590.7149378240	
/home/lilingfeng/tmp/juicefs-c03-r1-20260817-131615/logs/go125-Q-semantic-TestC02TransientEIORecoversOnFreeze.log	dir	600	lilingfeng	lilingfeng	433	1786945175.4799921450	
/home/lilingfeng/tmp/juicefs-c03-r1-20260817-131615/logs/go125-B-candidate-count100.log	dir	600	lilingfeng	lilingfeng	53034	1786944858.5290208950	
/home/lilingfeng/tmp/juicefs-c03-r1-20260817-131615/logs/B-candidate-path-guard.log	dir	600	lilingfeng	lilingfeng	0	1786945779.1852472590	
/home/lilingfeng/tmp/juicefs-c03-r1-20260817-131615/logs/go125-juicefs-lite-version.log	dir	600	lilingfeng	lilingfeng	46	1786945681.2956827520	
/home/lilingfeng/tmp/juicefs-c03-r1-20260817-131615/logs/redis-inspect-go125.json	dir	600	lilingfeng	lilingfeng	8376	1786945429.3610201740	
/home/lilingfeng/tmp/juicefs-c03-r1-20260817-131615/logs/go125-S-oracle-U1-repeat-02.log	dir	600	lilingfeng	lilingfeng	548	1786944623.1852425150	
/home/lilingfeng/tmp/juicefs-c03-r1-20260817-131615/logs/Q-apply-check.log	dir	600	lilingfeng	lilingfeng	0	1786945146.7231852730	
/home/lilingfeng/tmp/juicefs-c03-r1-20260817-131615/logs/go125-R-replay-U1.log	dir	600	lilingfeng	lilingfeng	455	1786945712.2837133930	
/home/lilingfeng/tmp/juicefs-c03-r1-20260817-131615/logs/go125-Q-semantic-TestC02NonEIONewSliceDoesNotRetryBeforeFlush.log	dir	600	lilingfeng	lilingfeng	451	1786945172.1434342560	
/home/lilingfeng/tmp/juicefs-c03-r1-20260817-131615/logs/go125-S-oracle-U3-repeat-04.log	dir	600	lilingfeng	lilingfeng	544	1786944676.5876251840	
/home/lilingfeng/tmp/juicefs-c03-r1-20260817-131615/logs/go126-Q-semantic-TestC02PermanentENOSPCAbortsFrozenSlice.log	dir	600	lilingfeng	lilingfeng	293	1786945312.8108215480	
/home/lilingfeng/tmp/juicefs-c03-r1-20260817-131615/logs/go125-B-candidate-race20.log	dir	600	lilingfeng	lilingfeng	10873	1786944956.0425198540	
/home/lilingfeng/tmp/juicefs-c03-r1-20260817-131615/logs/go126-S-oracle-U2.log	dir	600	lilingfeng	lilingfeng	188	1786944707.6136214130	
/home/lilingfeng/tmp/juicefs-c03-r1-20260817-131615/logs/B-apply-check.log	dir	600	lilingfeng	lilingfeng	0	1786944805.1114462610	
/home/lilingfeng/tmp/juicefs-c03-r1-20260817-131615/logs/go125-S-oracle-U2.log	dir	600	lilingfeng	lilingfeng	467	1786944604.9136906010	
/home/lilingfeng/tmp/juicefs-c03-r1-20260817-131615/logs/R-replay-apply-check.log	dir	600	lilingfeng	lilingfeng	0	1786945702.9623773030	
/home/lilingfeng/tmp/juicefs-c03-r1-20260817-131615/logs/go126-B-candidate-U1.log	dir	600	lilingfeng	lilingfeng	176	1786944966.0203093730	
/home/lilingfeng/tmp/juicefs-c03-r1-20260817-131615/logs/go126-S-oracle-U1-repeat-07.log	dir	600	lilingfeng	lilingfeng	269	1786944747.8974070390	
/home/lilingfeng/tmp/juicefs-c03-r1-20260817-131615/logs/Q-apply.log	dir	600	lilingfeng	lilingfeng	0	1786945146.7391879410	
/home/lilingfeng/tmp/juicefs-c03-r1-20260817-131615/logs/go125-Q-semantic-TestC02FlushToFailureIsObservable.log	dir	600	lilingfeng	lilingfeng	589	1786945161.6336768280	
/home/lilingfeng/tmp/juicefs-c03-r1-20260817-131615/logs/go126-B-candidate-race20.log	dir	600	lilingfeng	lilingfeng	10873	1786945146.3831285720	
/home/lilingfeng/tmp/juicefs-c03-r1-20260817-131615/logs/gofmt-check.log	dir	600	lilingfeng	lilingfeng	0	1786945466.0386570540	
/home/lilingfeng/tmp/juicefs-c03-r1-20260817-131615/logs/go126-S-oracle-U3-repeat-04.log	dir	600	lilingfeng	lilingfeng	265	1786944778.3987454420	
/home/lilingfeng/tmp/juicefs-c03-r1-20260817-131615/logs/clone-S-oracle.log	dir	600	lilingfeng	lilingfeng	248	1786943804.4605204470	
/home/lilingfeng/tmp/juicefs-c03-r1-20260817-131615/logs/go125-Q-semantic-TestC02FrozenSliceSkipsCatchupFlush.log	dir	600	lilingfeng	lilingfeng	433	1786945182.3091344990	
/home/lilingfeng/tmp/juicefs-c03-r1-20260817-131615/logs/go125-S-oracle-U1-repeat-03.log	dir	600	lilingfeng	lilingfeng	548	1786944627.5100813170	
/home/lilingfeng/tmp/juicefs-c03-r1-20260817-131615/logs/go125-S-oracle-U3-repeat-09.log	dir	600	lilingfeng	lilingfeng	544	1786944698.9679472910	
/home/lilingfeng/tmp/juicefs-c03-r1-20260817-131615/logs/go126-vet.log	dir	600	lilingfeng	lilingfeng	0	1786945481.3970222550	
/home/lilingfeng/tmp/juicefs-c03-r1-20260817-131615/logs/go125-make-juicefs-lite.log	dir	600	lilingfeng	lilingfeng	404	1786945676.1789299870	
/home/lilingfeng/tmp/juicefs-c03-r1-20260817-131615/logs/go125-Q-semantic-TestC02MultiBlockDispatchUsesLatestLength.log	dir	600	lilingfeng	lilingfeng	445	1786945158.3891314170	
/home/lilingfeng/tmp/juicefs-c03-r1-20260817-131615/logs/go126-S-oracle-U1-repeat-01.log	dir	600	lilingfeng	lilingfeng	269	1786944721.2322532720	
/home/lilingfeng/tmp/juicefs-c03-r1-20260817-131615/logs/go126-mod-tidy.log	dir	600	lilingfeng	lilingfeng	0	1786945481.1289809570	
/home/lilingfeng/tmp/juicefs-c03-r1-20260817-131615/logs/go126-S-oracle-U3-repeat-09.log	dir	600	lilingfeng	lilingfeng	265	1786944800.6426463440	
/home/lilingfeng/tmp/juicefs-c03-r1-20260817-131615/logs/go125-S-oracle-U3-repeat-07.log	dir	600	lilingfeng	lilingfeng	544	1786944690.1702470280	
/home/lilingfeng/tmp/juicefs-c03-r1-20260817-131615/logs/go125-Q-semantic-TestC02ConcurrentIndependentFullBlocks.log	dir	600	lilingfeng	lilingfeng	439	1786945185.8057175580	
/home/lilingfeng/tmp/juicefs-c03-r1-20260817-131615/logs/go125-S-oracle-U1-repeat-04.log	dir	600	lilingfeng	lilingfeng	548	1786944631.8469211450	
/home/lilingfeng/tmp/juicefs-c03-r1-20260817-131615/logs/redis-gone-go126.log	dir	600	lilingfeng	lilingfeng	0	1786945465.9946502560	
/home/lilingfeng/tmp/juicefs-c03-r1-20260817-131615/logs/go126-S-oracle-U1-repeat-09.log	dir	600	lilingfeng	lilingfeng	269	1786944756.5950500380	
/home/lilingfeng/tmp/juicefs-c03-r1-20260817-131615/logs/go125-make-juicefs.log	dir	600	lilingfeng	lilingfeng	503	1786945672.2503457970	
/home/lilingfeng/tmp/juicefs-c03-r1-20260817-131615/logs/go125-S-oracle-U1.log	dir	600	lilingfeng	lilingfeng	548	1786944609.7666289630	
/home/lilingfeng/tmp/juicefs-c03-r1-20260817-131615/logs/go126-B-candidate-U3.log	dir	600	lilingfeng	lilingfeng	325	1786944974.0977512760	
/home/lilingfeng/tmp/juicefs-c03-r1-20260817-131615/logs/go125-R-replay-U2.log	dir	600	lilingfeng	lilingfeng	467	1786945716.1042486690	
/home/lilingfeng/tmp/juicefs-c03-r1-20260817-131615/logs/go126-S-oracle-U1-repeat-03.log	dir	600	lilingfeng	lilingfeng	269	1786944730.4300271560	
/home/lilingfeng/tmp/juicefs-c03-r1-20260817-131615/logs/go125-R-replay-count20.log	dir	600	lilingfeng	lilingfeng	10873	1786945730.1862679760	
/home/lilingfeng/tmp/juicefs-c03-r1-20260817-131615/logs/go126-Q-semantic-TestC02FlushToFailureIsObservable.log	dir	600	lilingfeng	lilingfeng	310	1786945296.3200749040	
/home/lilingfeng/tmp/juicefs-c03-r1-20260817-131615/logs/shell-xtrace.log	dir	600	lilingfeng	lilingfeng	259830	1786945779.3092650020	
/home/lilingfeng/tmp/juicefs-c03-r1-20260817-131615/logs/go126-B-candidate-count100.log	dir	600	lilingfeng	lilingfeng	52755	1786945013.1367604540	
/home/lilingfeng/tmp/juicefs-c03-r1-20260817-131615/logs/go126-R-replay-count20.log	dir	600	lilingfeng	lilingfeng	10594	1786945754.9818005140	
/home/lilingfeng/tmp/juicefs-c03-r1-20260817-131615/logs/go126-S-oracle-U1.log	dir	600	lilingfeng	lilingfeng	269	1786944712.1424959420	
/home/lilingfeng/tmp/juicefs-c03-r1-20260817-131615/logs/go126-Q-semantic-TestC02FullBlockDispatchAfterDelayedID.log	dir	600	lilingfeng	lilingfeng	160	1786945289.8950057910	
/home/lilingfeng/tmp/juicefs-c03-r1-20260817-131615/logs/go126-S-oracle-U3-repeat-03.log	dir	600	lilingfeng	lilingfeng	265	1786944774.0259014240	
/home/lilingfeng/tmp/juicefs-c03-r1-20260817-131615/logs/go125-S-oracle-U1-repeat-08.log	dir	600	lilingfeng	lilingfeng	548	1786944649.3783401660	
/home/lilingfeng/tmp/juicefs-c03-r1-20260817-131615/logs/go126-S-oracle-U3-repeat-01.log	dir	600	lilingfeng	lilingfeng	265	1786944765.1926914600	
/home/lilingfeng/tmp/juicefs-c03-r1-20260817-131615/logs/lint-version-query.log	dir	600	lilingfeng	lilingfeng	292	1786945493.3788252360	
/home/lilingfeng/tmp/juicefs-c03-r1-20260817-131615/logs/go126-Q-semantic-TestC02TransientEIORecoversOnFreeze.log	dir	600	lilingfeng	lilingfeng	154	1786945309.6102888720	
/home/lilingfeng/tmp/juicefs-c03-r1-20260817-131615/logs/go125-Q-semantic-TestC02PermanentENOSPCAbortsFrozenSlice.log	dir	600	lilingfeng	lilingfeng	572	1786945178.8885626850	
/home/lilingfeng/tmp/juicefs-c03-r1-20260817-131615/logs/go126-R-replay-U2.log	dir	600	lilingfeng	lilingfeng	188	1786945741.0958338820	
/home/lilingfeng/tmp/juicefs-c03-r1-20260817-131615/logs/go125-S-oracle-U1-repeat-01.log	dir	600	lilingfeng	lilingfeng	548	1786944618.9124118690	
/home/lilingfeng/tmp/juicefs-c03-r1-20260817-131615/logs/redis-inspect-go126.json	dir	600	lilingfeng	lilingfeng	8376	1786945449.5841178180	
/home/lilingfeng/tmp/juicefs-c03-r1-20260817-131615/logs/go126-S-oracle-U3-repeat-10.log	dir	600	lilingfeng	lilingfeng	265	1786944805.0554365480	
/home/lilingfeng/tmp/juicefs-c03-r1-20260817-131615/logs/lint-run.log	dir	600	lilingfeng	lilingfeng	10	1786945671.6102506140	
/home/lilingfeng/tmp/juicefs-c03-r1-20260817-131615/logs/redis-ping-go126.log	dir	600	lilingfeng	lilingfeng	5	1786945449.5481123290	
/home/lilingfeng/tmp/juicefs-c03-r1-20260817-131615/logs/go125-S-oracle-U1-repeat-07.log	dir	600	lilingfeng	lilingfeng	548	1786944644.7854537480	
/home/lilingfeng/tmp/juicefs-c03-r1-20260817-131615/logs/git-diff-check.log	dir	600	lilingfeng	lilingfeng	0	1786945466.0426576700	
/home/lilingfeng/tmp/juicefs-c03-r1-20260817-131615/logs/go126-Q-semantic-TestC02ConcurrentIndependentFullBlocks.log	dir	600	lilingfeng	lilingfeng	160	1786945319.3639123380	
/home/lilingfeng/tmp/juicefs-c03-r1-20260817-131615/logs/redis-ping-go125.log	dir	600	lilingfeng	lilingfeng	5	1786945429.3250146120	
/home/lilingfeng/tmp/juicefs-c03-r1-20260817-131615/logs/go126-juicefs-lite-version.log	dir	600	lilingfeng	lilingfeng	46	1786945702.8223570910	
/home/lilingfeng/tmp/juicefs-c03-r1-20260817-131615/logs/go126-S-oracle-U3-repeat-07.log	dir	600	lilingfeng	lilingfeng	265	1786944791.7370292270	
/home/lilingfeng/tmp/juicefs-c03-r1-20260817-131615/logs/go125-S-oracle-U3-repeat-10.log	dir	600	lilingfeng	lilingfeng	544	1786944703.3287917450	
/home/lilingfeng/tmp/juicefs-c03-r1-20260817-131615/logs/go126-S-oracle-U1-repeat-05.log	dir	600	lilingfeng	lilingfeng	269	1786944739.4237665110	
/home/lilingfeng/tmp/juicefs-c03-r1-20260817-131615/logs/go125-S-oracle-U3-repeat-02.log	dir	600	lilingfeng	lilingfeng	544	1786944667.9699555260	
/home/lilingfeng/tmp/juicefs-c03-r1-20260817-131615/logs/R-replay-diff-cmp.log	dir	600	lilingfeng	lilingfeng	0	1786945703.3904390930	
/home/lilingfeng/tmp/juicefs-c03-r1-20260817-131615/logs/go126-mod-download.log	dir	600	lilingfeng	lilingfeng	0	1786944430.3919331350	
/home/lilingfeng/tmp/juicefs-c03-r1-20260817-131615/logs/go125-Q-semantic-TestC02PartialThenFullAfterIDDispatchesOnce.log	dir	600	lilingfeng	lilingfeng	449	1786945164.9862403850	
/home/lilingfeng/tmp/juicefs-c03-r1-20260817-131615/logs/go126-B-candidate-U2.log	dir	600	lilingfeng	lilingfeng	188	1786944970.2490630840	
/home/lilingfeng/tmp/juicefs-c03-r1-20260817-131615/logs/S-oracle-path-guard.log	dir	600	lilingfeng	lilingfeng	0	1786945779.1572432510	
/home/lilingfeng/tmp/juicefs-c03-r1-20260817-131615/logs/go126-make-juicefs-lite.log	dir	600	lilingfeng	lilingfeng	404	1786945697.5015996850	
/home/lilingfeng/tmp/juicefs-c03-r1-20260817-131615/logs/go125-S-oracle-U1-repeat-05.log	dir	600	lilingfeng	lilingfeng	548	1786944636.1717584180	
/home/lilingfeng/tmp/juicefs-c03-r1-20260817-131615/logs/forbidden-real.log	dir	600	lilingfeng	lilingfeng	0	1786945779.3012638580	
/home/lilingfeng/tmp/juicefs-c03-r1-20260817-131615/logs/sha256-check.log	dir	600	lilingfeng	lilingfeng	15805	1786945780.8934916560	
/home/lilingfeng/tmp/juicefs-c03-r1-20260817-131615/logs/lint-version.log	dir	600	lilingfeng	lilingfeng	153	1786945629.9478880520	
/home/lilingfeng/tmp/juicefs-c03-r1-20260817-131615/logs/clone-B-candidate.log	dir	600	lilingfeng	lilingfeng	251	1786943804.8684441820	
/home/lilingfeng/tmp/juicefs-c03-r1-20260817-131615/logs/go125-mod-tidy.log	dir	600	lilingfeng	lilingfeng	3244	1786945470.4153324230	
/home/lilingfeng/tmp/juicefs-c03-r1-20260817-131615/logs/clone-R-replay.log	dir	600	lilingfeng	lilingfeng	248	1786943805.6722938930	
/home/lilingfeng/tmp/juicefs-c03-r1-20260817-131615/drafts	dir	700	lilingfeng	lilingfeng	4096	1786945779.1132369550	
/home/lilingfeng/tmp/juicefs-c03-r1-20260817-131615/drafts/pr.md	dir	600	lilingfeng	lilingfeng	824	1786945779.1092363800	
/home/lilingfeng/tmp/juicefs-c03-r1-20260817-131615/drafts/commit-message.md	dir	600	lilingfeng	lilingfeng	519	1786945779.1132369550	
/home/lilingfeng/tmp/juicefs-c03-r1-20260817-131615/drafts/issue.md	dir	600	lilingfeng	lilingfeng	1286	1786945779.1092363800	
/home/lilingfeng/tmp/juicefs-c03-r1-20260817-131615/services	dir	700	lilingfeng	lilingfeng	4096	1786943775.3139359900	
/home/lilingfeng/tmp/juicefs-c03-r1-20260817-131615/deferred-checks.tsv	dir	600	lilingfeng	lilingfeng	134	1786943775.3819236840	
/home/lilingfeng/tmp/juicefs-c03-r1-20260817-131615/SHA256SUMS	dir	600	lilingfeng	lilingfeng	42031	1786945780.1413840510	
/home/lilingfeng/tmp/juicefs-c03-r1-20260817-131615/tools	dir	700	lilingfeng	lilingfeng	4096	1786945629.6998498150	
/home/lilingfeng/tmp/juicefs-c03-r1-20260817-131615/tools/bin	dir	700	lilingfeng	lilingfeng	4096	1786945629.6998498150	
/home/lilingfeng/tmp/juicefs-c03-r1-20260817-131615/tools/bin/golangci-lint	dir	700	lilingfeng	lilingfeng	67314264	1786945629.6998498150	
/home/lilingfeng/tmp/juicefs-c03-r1-20260817-131615/community-search	dir	700	lilingfeng	lilingfeng	4096	1786945779.0012209250	
/home/lilingfeng/tmp/juicefs-c03-r1-20260817-131615/community-search/query-5.headers.txt	dir	600	lilingfeng	lilingfeng	1161	1786945773.9004917160	
/home/lilingfeng/tmp/juicefs-c03-r1-20260817-131615/community-search/query-1.started-at.txt	dir	600	lilingfeng	lilingfeng	26	1786945758.7663407050	
/home/lilingfeng/tmp/juicefs-c03-r1-20260817-131615/community-search/query-1.body.json	dir	600	lilingfeng	lilingfeng	101	1786945759.2864152900	
/home/lilingfeng/tmp/juicefs-c03-r1-20260817-131615/community-search/query-2.validation.txt	dir	600	lilingfeng	lilingfeng	0	1786945762.8949327970	
/home/lilingfeng/tmp/juicefs-c03-r1-20260817-131615/community-search/query-1.curl.rc	dir	600	lilingfeng	lilingfeng	2	1786945759.2864152900	
/home/lilingfeng/tmp/juicefs-c03-r1-20260817-131615/community-search/query-1.request.txt	dir	600	lilingfeng	lilingfeng	47	1786945758.7623401280	
/home/lilingfeng/tmp/juicefs-c03-r1-20260817-131615/community-search/query-2.body.json	dir	600	lilingfeng	lilingfeng	7019	1786945762.8909322240	
/home/lilingfeng/tmp/juicefs-c03-r1-20260817-131615/community-search/local-history-grep.txt	dir	600	lilingfeng	lilingfeng	0	1786945776.9329250140	
/home/lilingfeng/tmp/juicefs-c03-r1-20260817-131615/community-search/query-3.curl.rc	dir	600	lilingfeng	lilingfeng	2	1786945766.4834465880	
/home/lilingfeng/tmp/juicefs-c03-r1-20260817-131615/community-search/query-5.request.txt	dir	600	lilingfeng	lilingfeng	54	1786945773.2283970090	
/home/lilingfeng/tmp/juicefs-c03-r1-20260817-131615/community-search/query-2.headers.txt	dir	600	lilingfeng	lilingfeng	1177	1786945762.8869316480	
/home/lilingfeng/tmp/juicefs-c03-r1-20260817-131615/community-search/query-3.http-status.txt	dir	600	lilingfeng	lilingfeng	3	1786945766.4794460260	
/home/lilingfeng/tmp/juicefs-c03-r1-20260817-131615/community-search/query-2.http-status.txt	dir	600	lilingfeng	lilingfeng	3	1786945762.8909322240	
/home/lilingfeng/tmp/juicefs-c03-r1-20260817-131615/community-search/query-5.body.json	dir	600	lilingfeng	lilingfeng	10438	1786945773.9044922810	
/home/lilingfeng/tmp/juicefs-c03-r1-20260817-131615/community-search/query-4.headers.txt	dir	600	lilingfeng	lilingfeng	1161	1786945770.1319606980	
/home/lilingfeng/tmp/juicefs-c03-r1-20260817-131615/community-search/local-history-S.txt	dir	600	lilingfeng	lilingfeng	30	1786945778.9932197820	
/home/lilingfeng/tmp/juicefs-c03-r1-20260817-131615/community-search/query-4.curl.rc	dir	600	lilingfeng	lilingfeng	2	1786945770.2039708440	
/home/lilingfeng/tmp/juicefs-c03-r1-20260817-131615/community-search/query-0.http-status.txt	dir	600	lilingfeng	lilingfeng	3	1786945755.7339077640	
/home/lilingfeng/tmp/juicefs-c03-r1-20260817-131615/community-search/query-3.validation.txt	dir	600	lilingfeng	lilingfeng	0	1786945766.4874471530	
/home/lilingfeng/tmp/juicefs-c03-r1-20260817-131615/community-search/query-1.http-status.txt	dir	600	lilingfeng	lilingfeng	3	1786945759.2864152900	
/home/lilingfeng/tmp/juicefs-c03-r1-20260817-131615/community-search/query-0.started-at.txt	dir	600	lilingfeng	lilingfeng	26	1786945755.0418090710	
/home/lilingfeng/tmp/juicefs-c03-r1-20260817-131615/community-search/query-2.curl.rc	dir	600	lilingfeng	lilingfeng	2	1786945762.8909322240	
/home/lilingfeng/tmp/juicefs-c03-r1-20260817-131615/community-search/query-5.started-at.txt	dir	600	lilingfeng	lilingfeng	26	1786945773.2283970090	
/home/lilingfeng/tmp/juicefs-c03-r1-20260817-131615/community-search/query-0.curl.rc	dir	600	lilingfeng	lilingfeng	2	1786945755.7339077640	
/home/lilingfeng/tmp/juicefs-c03-r1-20260817-131615/community-search/query-0.validation.txt	dir	600	lilingfeng	lilingfeng	0	1786945755.7379083370	
/home/lilingfeng/tmp/juicefs-c03-r1-20260817-131615/community-search/query-1.validation.txt	dir	600	lilingfeng	lilingfeng	0	1786945759.2904158640	
/home/lilingfeng/tmp/juicefs-c03-r1-20260817-131615/community-search/query-3.started-at.txt	dir	600	lilingfeng	lilingfeng	26	1786945765.9193665400	
/home/lilingfeng/tmp/juicefs-c03-r1-20260817-131615/community-search/query-3.request.txt	dir	600	lilingfeng	lilingfeng	50	1786945765.9113653910	
/home/lilingfeng/tmp/juicefs-c03-r1-20260817-131615/community-search/query-4.validation.txt	dir	600	lilingfeng	lilingfeng	0	1786945770.2079714060	
/home/lilingfeng/tmp/juicefs-c03-r1-20260817-131615/community-search/query-0.body.json	dir	600	lilingfeng	lilingfeng	101	1786945755.7299071960	
/home/lilingfeng/tmp/juicefs-c03-r1-20260817-131615/community-search/query-4.started-at.txt	dir	600	lilingfeng	lilingfeng	26	1786945769.5078727560	
/home/lilingfeng/tmp/juicefs-c03-r1-20260817-131615/community-search/candidates.tsv	dir	600	lilingfeng	lilingfeng	913	1786945779.0972346620	
/home/lilingfeng/tmp/juicefs-c03-r1-20260817-131615/community-search/query-2.request.txt	dir	600	lilingfeng	lilingfeng	56	1786945762.3108490360	
/home/lilingfeng/tmp/juicefs-c03-r1-20260817-131615/community-search/query-3.body.json	dir	600	lilingfeng	lilingfeng	101	1786945766.4794460260	
/home/lilingfeng/tmp/juicefs-c03-r1-20260817-131615/community-search/query-4.body.json	dir	600	lilingfeng	lilingfeng	25002	1786945770.2039708440	
/home/lilingfeng/tmp/juicefs-c03-r1-20260817-131615/community-search/query-2.started-at.txt	dir	600	lilingfeng	lilingfeng	26	1786945762.3148496090	
/home/lilingfeng/tmp/juicefs-c03-r1-20260817-131615/community-search/query-4.request.txt	dir	600	lilingfeng	lilingfeng	57	1786945769.5038721940	
/home/lilingfeng/tmp/juicefs-c03-r1-20260817-131615/community-search/query-5.http-status.txt	dir	600	lilingfeng	lilingfeng	3	1786945773.9084928450	
/home/lilingfeng/tmp/juicefs-c03-r1-20260817-131615/community-search/query-0.request.txt	dir	600	lilingfeng	lilingfeng	50	1786945755.0298073610	
/home/lilingfeng/tmp/juicefs-c03-r1-20260817-131615/community-search/query-0.headers.txt	dir	600	lilingfeng	lilingfeng	1181	1786945755.7299071960	
/home/lilingfeng/tmp/juicefs-c03-r1-20260817-131615/community-search/query-4.http-status.txt	dir	600	lilingfeng	lilingfeng	3	1786945770.2039708440	
/home/lilingfeng/tmp/juicefs-c03-r1-20260817-131615/community-search/query-5.validation.txt	dir	600	lilingfeng	lilingfeng	0	1786945773.9124934080	
/home/lilingfeng/tmp/juicefs-c03-r1-20260817-131615/community-search/query-1.headers.txt	dir	600	lilingfeng	lilingfeng	1182	1786945759.2864152900	
/home/lilingfeng/tmp/juicefs-c03-r1-20260817-131615/community-search/query-5.curl.rc	dir	600	lilingfeng	lilingfeng	2	1786945773.9084928450	
/home/lilingfeng/tmp/juicefs-c03-r1-20260817-131615/community-search/query-3.headers.txt	dir	600	lilingfeng	lilingfeng	1178	1786945766.4794460260	
/home/lilingfeng/tmp/juicefs-c03-r1-20260817-131615/cache	dir	700	lilingfeng	lilingfeng	4096	1786943775.3139359900	
/home/lilingfeng/tmp/juicefs-c03-r1-20260817-131615/cache/go-build-125	dir	700	lilingfeng	lilingfeng	4096	1786944494.9004637310	
/home/lilingfeng/tmp/juicefs-c03-r1-20260817-131615/cache/go-build-125/b2	dir	700	lilingfeng	lilingfeng	12288	1786945704.2065568960	
/home/lilingfeng/tmp/juicefs-c03-r1-20260817-131615/cache/go-build-125/ae	dir	700	lilingfeng	lilingfeng	16384	1786945633.4884336050	
/home/lilingfeng/tmp/juicefs-c03-r1-20260817-131615/cache/go-build-125/25	dir	700	lilingfeng	lilingfeng	20480	1786945636.0728318240	
/home/lilingfeng/tmp/juicefs-c03-r1-20260817-131615/cache/go-build-125/84	dir	700	lilingfeng	lilingfeng	20480	1786945709.2072787440	
/home/lilingfeng/tmp/juicefs-c03-r1-20260817-131615/cache/go-build-125/40	dir	700	lilingfeng	lilingfeng	16384	1786945633.8884952470	
/home/lilingfeng/tmp/juicefs-c03-r1-20260817-131615/cache/go-build-125/5c	dir	700	lilingfeng	lilingfeng	12288	1786945706.3468658460	
/home/lilingfeng/tmp/juicefs-c03-r1-20260817-131615/cache/go-build-125/17	dir	700	lilingfeng	lilingfeng	16384	1786945632.2002351040	
/home/lilingfeng/tmp/juicefs-c03-r1-20260817-131615/cache/go-build-125/1e	dir	700	lilingfeng	lilingfeng	20480	1786945678.5232773130	
/home/lilingfeng/tmp/juicefs-c03-r1-20260817-131615/cache/go-build-125/6f	dir	700	lilingfeng	lilingfeng	16384	1786945709.2072787440	
/home/lilingfeng/tmp/juicefs-c03-r1-20260817-131615/cache/go-build-125/ff	dir	700	lilingfeng	lilingfeng	16384	1786945679.1793732630	
/home/lilingfeng/tmp/juicefs-c03-r1-20260817-131615/cache/go-build-125/1b	dir	700	lilingfeng	lilingfeng	16384	1786945635.4287325770	
/home/lilingfeng/tmp/juicefs-c03-r1-20260817-131615/cache/go-build-125/7d	dir	700	lilingfeng	lilingfeng	16384	1786945672.3023535310	
/home/lilingfeng/tmp/juicefs-c03-r1-20260817-131615/cache/go-build-125/b8	dir	700	lilingfeng	lilingfeng	20480	1786945632.8963423670	
/home/lilingfeng/tmp/juicefs-c03-r1-20260817-131615/cache/go-build-125/4b	dir	700	lilingfeng	lilingfeng	20480	1786945633.4524280560	
/home/lilingfeng/tmp/juicefs-c03-r1-20260817-131615/cache/go-build-125/1d	dir	700	lilingfeng	lilingfeng	16384	1786945635.5407498360	
/home/lilingfeng/tmp/juicefs-c03-r1-20260817-131615/cache/go-build-125/e0	dir	700	lilingfeng	lilingfeng	16384	1786945635.6807714120	
/home/lilingfeng/tmp/juicefs-c03-r1-20260817-131615/cache/go-build-125/c2	dir	700	lilingfeng	lilingfeng	16384	1786945636.8409501780	
/home/lilingfeng/tmp/juicefs-c03-r1-20260817-131615/cache/go-build-125/05	dir	700	lilingfeng	lilingfeng	16384	1786945642.2297782570	
/home/lilingfeng/tmp/juicefs-c03-r1-20260817-131615/cache/go-build-125/fc	dir	700	lilingfeng	lilingfeng	20480	1786945706.4588820160	
/home/lilingfeng/tmp/juicefs-c03-r1-20260817-131615/cache/go-build-125/b3	dir	700	lilingfeng	lilingfeng	20480	1786945632.6363022990	
/home/lilingfeng/tmp/juicefs-c03-r1-20260817-131615/cache/go-build-125/27	dir	700	lilingfeng	lilingfeng	12288	1786945630.9960495580	
/home/lilingfeng/tmp/juicefs-c03-r1-20260817-131615/cache/go-build-125/a9	dir	700	lilingfeng	lilingfeng	16384	1786945636.4568910010	
/home/lilingfeng/tmp/juicefs-c03-r1-20260817-131615/cache/go-build-125/83	dir	700	lilingfeng	lilingfeng	16384	1786945635.5287479870	
/home/lilingfeng/tmp/juicefs-c03-r1-20260817-131615/cache/go-build-125/f4	dir	700	lilingfeng	lilingfeng	12288	1786945678.4832714620	
/home/lilingfeng/tmp/juicefs-c03-r1-20260817-131615/cache/go-build-125/8a	dir	700	lilingfeng	lilingfeng	16384	1786945635.5647535330	
/home/lilingfeng/tmp/juicefs-c03-r1-20260817-131615/cache/go-build-125/a3	dir	700	lilingfeng	lilingfeng	16384	1786945636.6569218220	
/home/lilingfeng/tmp/juicefs-c03-r1-20260817-131615/cache/go-build-125/ad	dir	700	lilingfeng	lilingfeng	16384	1786945642.9098827010	
/home/lilingfeng/tmp/juicefs-c03-r1-20260817-131615/cache/go-build-125/73	dir	700	lilingfeng	lilingfeng	12288	1786945642.9098827010	
/home/lilingfeng/tmp/juicefs-c03-r1-20260817-131615/cache/go-build-125/6a	dir	700	lilingfeng	lilingfeng	12288	1786945635.2287017560	
/home/lilingfeng/tmp/juicefs-c03-r1-20260817-131615/cache/go-build-125/50	dir	700	lilingfeng	lilingfeng	12288	1786945636.4888959330	
/home/lilingfeng/tmp/juicefs-c03-r1-20260817-131615/cache/go-build-125/28	dir	700	lilingfeng	lilingfeng	20480	1786945634.3125605950	
/home/lilingfeng/tmp/juicefs-c03-r1-20260817-131615/cache/go-build-125/2b	dir	700	lilingfeng	lilingfeng	12288	1786945676.9990519410	
/home/lilingfeng/tmp/juicefs-c03-r1-20260817-131615/cache/go-build-125/f8	dir	700	lilingfeng	lilingfeng	12288	1786945632.7843251060	
/home/lilingfeng/tmp/juicefs-c03-r1-20260817-131615/cache/go-build-125/2c	dir	700	lilingfeng	lilingfeng	20480	1786945672.3023535310	
/home/lilingfeng/tmp/juicefs-c03-r1-20260817-131615/cache/go-build-125/README	dir	600	lilingfeng	lilingfeng	218	1786944430.5239606930	
/home/lilingfeng/tmp/juicefs-c03-r1-20260817-131615/cache/go-build-125/ac	dir	700	lilingfeng	lilingfeng	16384	1786945635.3967276450	
/home/lilingfeng/tmp/juicefs-c03-r1-20260817-131615/cache/go-build-125/f3	dir	700	lilingfeng	lilingfeng	16384	1786945709.3232954930	
/home/lilingfeng/tmp/juicefs-c03-r1-20260817-131615/cache/go-build-125/16	dir	700	lilingfeng	lilingfeng	16384	1786945636.0768324410	
/home/lilingfeng/tmp/juicefs-c03-r1-20260817-131615/cache/go-build-125/b5	dir	700	lilingfeng	lilingfeng	12288	1786945636.4608916180	
/home/lilingfeng/tmp/juicefs-c03-r1-20260817-131615/cache/go-build-125/ef	dir	700	lilingfeng	lilingfeng	20480	1786945636.0568293590	
/home/lilingfeng/tmp/juicefs-c03-r1-20260817-131615/cache/go-build-125/86	dir	700	lilingfeng	lilingfeng	12288	1786945632.5242850380	
/home/lilingfeng/tmp/juicefs-c03-r1-20260817-131615/cache/go-build-125/ba	dir	700	lilingfeng	lilingfeng	12288	1786945712.3837274070	
/home/lilingfeng/tmp/juicefs-c03-r1-20260817-131615/cache/go-build-125/c7	dir	700	lilingfeng	lilingfeng	20480	1786945706.3508664260	
/home/lilingfeng/tmp/juicefs-c03-r1-20260817-131615/cache/go-build-125/68	dir	700	lilingfeng	lilingfeng	20480	1786945709.2032781680	
/home/lilingfeng/tmp/juicefs-c03-r1-20260817-131615/cache/go-build-125/12	dir	700	lilingfeng	lilingfeng	20480	1786945633.3364101770	
/home/lilingfeng/tmp/juicefs-c03-r1-20260817-131615/cache/go-build-125/df	dir	700	lilingfeng	lilingfeng	16384	1786945704.2145580510	
/home/lilingfeng/tmp/juicefs-c03-r1-20260817-131615/cache/go-build-125/30	dir	700	lilingfeng	lilingfeng	16384	1786945679.1833738460	
/home/lilingfeng/tmp/juicefs-c03-r1-20260817-131615/cache/go-build-125/fd	dir	700	lilingfeng	lilingfeng	12288	1786945703.4504477550	
/home/lilingfeng/tmp/juicefs-c03-r1-20260817-131615/cache/go-build-125/3d	dir	700	lilingfeng	lilingfeng	20480	1786945636.6409193570	
/home/lilingfeng/tmp/juicefs-c03-r1-20260817-131615/cache/go-build-125/96	dir	700	lilingfeng	lilingfeng	16384	1786945676.3629573500	
/home/lilingfeng/tmp/juicefs-c03-r1-20260817-131615/cache/go-build-125/ec	dir	700	lilingfeng	lilingfeng	20480	1786945636.0088219610	
/home/lilingfeng/tmp/juicefs-c03-r1-20260817-131615/cache/go-build-125/54	dir	700	lilingfeng	lilingfeng	12288	1786945704.2625649830	
/home/lilingfeng/tmp/juicefs-c03-r1-20260817-131615/cache/go-build-125/8b	dir	700	lilingfeng	lilingfeng	16384	1786945642.9098827010	
/home/lilingfeng/tmp/juicefs-c03-r1-20260817-131615/cache/go-build-125/cb	dir	700	lilingfeng	lilingfeng	16384	1786945633.3644144930	
/home/lilingfeng/tmp/juicefs-c03-r1-20260817-131615/cache/go-build-125/80	dir	700	lilingfeng	lilingfeng	20480	1786945634.9006512080	
/home/lilingfeng/tmp/juicefs-c03-r1-20260817-131615/cache/go-build-125/7b	dir	700	lilingfeng	lilingfeng	20480	1786945680.0074943660	
/home/lilingfeng/tmp/juicefs-c03-r1-20260817-131615/cache/go-build-125/e2	dir	700	lilingfeng	lilingfeng	12288	1786945706.3548670010	
/home/lilingfeng/tmp/juicefs-c03-r1-20260817-131615/cache/go-build-125/34	dir	700	lilingfeng	lilingfeng	16384	1786945634.0925266860	
/home/lilingfeng/tmp/juicefs-c03-r1-20260817-131615/cache/go-build-125/ab	dir	700	lilingfeng	lilingfeng	12288	1786945636.0728318240	
/home/lilingfeng/tmp/juicefs-c03-r1-20260817-131615/cache/go-build-125/ce	dir	700	lilingfeng	lilingfeng	16384	1786945642.2697844030	
/home/lilingfeng/tmp/juicefs-c03-r1-20260817-131615/cache/go-build-125/6d	dir	700	lilingfeng	lilingfeng	16384	1786945706.4668831710	
/home/lilingfeng/tmp/juicefs-c03-r1-20260817-131615/cache/go-build-125/a7	dir	700	lilingfeng	lilingfeng	20480	1786945636.4888959330	
/home/lilingfeng/tmp/juicefs-c03-r1-20260817-131615/cache/go-build-125/97	dir	700	lilingfeng	lilingfeng	12288	1786945679.0873598060	
/home/lilingfeng/tmp/juicefs-c03-r1-20260817-131615/cache/go-build-125/bc	dir	700	lilingfeng	lilingfeng	16384	1786945676.7110091080	
/home/lilingfeng/tmp/juicefs-c03-r1-20260817-131615/cache/go-build-125/db	dir	700	lilingfeng	lilingfeng	16384	1786945704.1785528560	
/home/lilingfeng/tmp/juicefs-c03-r1-20260817-131615/cache/go-build-125/1a	dir	700	lilingfeng	lilingfeng	16384	1786945642.9098827010	
/home/lilingfeng/tmp/juicefs-c03-r1-20260817-131615/cache/go-build-125/da	dir	700	lilingfeng	lilingfeng	20480	1786945705.9348063660	
/home/lilingfeng/tmp/juicefs-c03-r1-20260817-131615/cache/go-build-125/d9	dir	700	lilingfeng	lilingfeng	16384	1786945680.0074943660	
/home/lilingfeng/tmp/juicefs-c03-r1-20260817-131615/cache/go-build-125/1c	dir	700	lilingfeng	lilingfeng	20480	1786945633.3404107940	
/home/lilingfeng/tmp/juicefs-c03-r1-20260817-131615/cache/go-build-125/19	dir	700	lilingfeng	lilingfeng	16384	1786945634.0525205210	
/home/lilingfeng/tmp/juicefs-c03-r1-20260817-131615/cache/go-build-125/08	dir	700	lilingfeng	lilingfeng	20480	1786945635.8808022350	
/home/lilingfeng/tmp/juicefs-c03-r1-20260817-131615/cache/go-build-125/ea	dir	700	lilingfeng	lilingfeng	12288	1786945636.3808792890	
/home/lilingfeng/tmp/juicefs-c03-r1-20260817-131615/cache/go-build-125/01	dir	700	lilingfeng	lilingfeng	16384	1786945633.9285014120	
/home/lilingfeng/tmp/juicefs-c03-r1-20260817-131615/cache/go-build-125/77	dir	700	lilingfeng	lilingfeng	12288	1786945641.1896185230	
/home/lilingfeng/tmp/juicefs-c03-r1-20260817-131615/cache/go-build-125/aa	dir	700	lilingfeng	lilingfeng	20480	1786945634.9686616870	
/home/lilingfeng/tmp/juicefs-c03-r1-20260817-131615/cache/go-build-125/bf	dir	700	lilingfeng	lilingfeng	12288	1786945705.9508086760	
/home/lilingfeng/tmp/juicefs-c03-r1-20260817-131615/cache/go-build-125/8f	dir	700	lilingfeng	lilingfeng	12288	1786945631.9802012030	
/home/lilingfeng/tmp/juicefs-c03-r1-20260817-131615/cache/go-build-125/e1	dir	700	lilingfeng	lilingfeng	12288	1786945712.3837274070	
/home/lilingfeng/tmp/juicefs-c03-r1-20260817-131615/cache/go-build-125/3a	dir	700	lilingfeng	lilingfeng	16384	1786945623.7269286580	
/home/lilingfeng/tmp/juicefs-c03-r1-20260817-131615/cache/go-build-125/e3	dir	700	lilingfeng	lilingfeng	16384	1786945635.2847103850	
/home/lilingfeng/tmp/juicefs-c03-r1-20260817-131615/cache/go-build-125/29	dir	700	lilingfeng	lilingfeng	16384	1786945636.0168231950	
/home/lilingfeng/tmp/juicefs-c03-r1-20260817-131615/cache/go-build-125/26	dir	700	lilingfeng	lilingfeng	16384	1786945679.0913603910	
/home/lilingfeng/tmp/juicefs-c03-r1-20260817-131615/cache/go-build-125/d1	dir	700	lilingfeng	lilingfeng	16384	1786945703.4544483350	
/home/lilingfeng/tmp/juicefs-c03-r1-20260817-131615/cache/go-build-125/48	dir	700	lilingfeng	lilingfeng	12288	1786945642.2377794860	
/home/lilingfeng/tmp/juicefs-c03-r1-20260817-131615/cache/go-build-125/3f	dir	700	lilingfeng	lilingfeng	16384	1786945636.4608916180	
/home/lilingfeng/tmp/juicefs-c03-r1-20260817-131615/cache/go-build-125/cd	dir	700	lilingfeng	lilingfeng	20480	1786945678.9073334780	
/home/lilingfeng/tmp/juicefs-c03-r1-20260817-131615/cache/go-build-125/a4	dir	700	lilingfeng	lilingfeng	20480	1786945635.8928040840	
/home/lilingfeng/tmp/juicefs-c03-r1-20260817-131615/cache/go-build-125/49	dir	700	lilingfeng	lilingfeng	20480	1786945636.6449199750	
/home/lilingfeng/tmp/juicefs-c03-r1-20260817-131615/cache/go-build-125/85	dir	700	lilingfeng	lilingfeng	16384	1786945703.7824956880	
/home/lilingfeng/tmp/juicefs-c03-r1-20260817-131615/cache/go-build-125/4a	dir	700	lilingfeng	lilingfeng	12288	1786945635.1766937430	
/home/lilingfeng/tmp/juicefs-c03-r1-20260817-131615/cache/go-build-125/46	dir	700	lilingfeng	lilingfeng	16384	1786945632.1882332530	
/home/lilingfeng/tmp/juicefs-c03-r1-20260817-131615/cache/go-build-125/a1	dir	700	lilingfeng	lilingfeng	16384	1786945678.5232773130	
/home/lilingfeng/tmp/juicefs-c03-r1-20260817-131615/cache/go-build-125/4f	dir	700	lilingfeng	lilingfeng	20480	1786945635.6087603140	
/home/lilingfeng/tmp/juicefs-c03-r1-20260817-131615/cache/go-build-125/e7	dir	700	lilingfeng	lilingfeng	12288	1786945636.8089452470	
/home/lilingfeng/tmp/juicefs-c03-r1-20260817-131615/cache/go-build-125/69	dir	700	lilingfeng	lilingfeng	12288	1786945705.9188040590	
/home/lilingfeng/tmp/juicefs-c03-r1-20260817-131615/cache/go-build-125/0a	dir	700	lilingfeng	lilingfeng	16384	1786945703.4624494900	
/home/lilingfeng/tmp/juicefs-c03-r1-20260817-131615/cache/go-build-125/07	dir	700	lilingfeng	lilingfeng	12288	1786945706.5708981850	
/home/lilingfeng/tmp/juicefs-c03-r1-20260817-131615/cache/go-build-125/58	dir	700	lilingfeng	lilingfeng	12288	1786945678.6272925240	
/home/lilingfeng/tmp/juicefs-c03-r1-20260817-131615/cache/go-build-125/d0	dir	700	lilingfeng	lilingfeng	12288	1786945633.8564903160	
/home/lilingfeng/tmp/juicefs-c03-r1-20260817-131615/cache/go-build-125/14	dir	700	lilingfeng	lilingfeng	16384	1786945703.4544483350	
/home/lilingfeng/tmp/juicefs-c03-r1-20260817-131615/cache/go-build-125/9d	dir	700	lilingfeng	lilingfeng	16384	1786945632.2682455870	
/home/lilingfeng/tmp/juicefs-c03-r1-20260817-131615/cache/go-build-125/0f	dir	700	lilingfeng	lilingfeng	16384	1786945634.0325174400	
/home/lilingfeng/tmp/juicefs-c03-r1-20260817-131615/cache/go-build-125/95	dir	700	lilingfeng	lilingfeng	20480	1786945635.2647073030	
/home/lilingfeng/tmp/juicefs-c03-r1-20260817-131615/cache/go-build-125/22	dir	700	lilingfeng	lilingfeng	16384	1786945678.6272925240	
/home/lilingfeng/tmp/juicefs-c03-r1-20260817-131615/cache/go-build-125/8e	dir	700	lilingfeng	lilingfeng	16384	1786945636.0168231950	
/home/lilingfeng/tmp/juicefs-c03-r1-20260817-131615/cache/go-build-125/0b	dir	700	lilingfeng	lilingfeng	16384	1786945680.0074943660	
/home/lilingfeng/tmp/juicefs-c03-r1-20260817-131615/cache/go-build-125/d6	dir	700	lilingfeng	lilingfeng	16384	1786945641.4336560010	
/home/lilingfeng/tmp/juicefs-c03-r1-20260817-131615/cache/go-build-125/f2	dir	700	lilingfeng	lilingfeng	20480	1786945677.0990668120	
/home/lilingfeng/tmp/juicefs-c03-r1-20260817-131615/cache/go-build-125/7f	dir	700	lilingfeng	lilingfeng	16384	1786945636.0768324410	
/home/lilingfeng/tmp/juicefs-c03-r1-20260817-131615/cache/go-build-125/eb	dir	700	lilingfeng	lilingfeng	20480	1786945632.5802936680	
/home/lilingfeng/tmp/juicefs-c03-r1-20260817-131615/cache/go-build-125/9e	dir	700	lilingfeng	lilingfeng	16384	1786945636.1528441530	
/home/lilingfeng/tmp/juicefs-c03-r1-20260817-131615/cache/go-build-125/66	dir	700	lilingfeng	lilingfeng	20480	1786945678.9033328920	
/home/lilingfeng/tmp/juicefs-c03-r1-20260817-131615/cache/go-build-125/5b	dir	700	lilingfeng	lilingfeng	12288	1786945704.1025418820	
/home/lilingfeng/tmp/juicefs-c03-r1-20260817-131615/cache/go-build-125/1f	dir	700	lilingfeng	lilingfeng	12288	1786945676.7190102980	
/home/lilingfeng/tmp/juicefs-c03-r1-20260817-131615/cache/go-build-125/a5	dir	700	lilingfeng	lilingfeng	12288	1786945676.7150097010	
/home/lilingfeng/tmp/juicefs-c03-r1-20260817-131615/cache/go-build-125/c4	dir	700	lilingfeng	lilingfeng	12288	1786945636.3848799060	
/home/lilingfeng/tmp/juicefs-c03-r1-20260817-131615/cache/go-build-125/76	dir	700	lilingfeng	lilingfeng	20480	1786945635.5607529180	
/home/lilingfeng/tmp/juicefs-c03-r1-20260817-131615/cache/go-build-125/a8	dir	700	lilingfeng	lilingfeng	12288	1786945636.6969279880	
/home/lilingfeng/tmp/juicefs-c03-r1-20260817-131615/cache/go-build-125/a2	dir	700	lilingfeng	lilingfeng	16384	1786945634.0325174400	
/home/lilingfeng/tmp/juicefs-c03-r1-20260817-131615/cache/go-build-125/f0	dir	700	lilingfeng	lilingfeng	16384	1786945635.3767245630	
/home/lilingfeng/tmp/juicefs-c03-r1-20260817-131615/cache/go-build-125/2e	dir	700	lilingfeng	lilingfeng	16384	1786945636.1848490850	
/home/lilingfeng/tmp/juicefs-c03-r1-20260817-131615/cache/go-build-125/5e	dir	700	lilingfeng	lilingfeng	20480	1786945636.0768324410	
/home/lilingfeng/tmp/juicefs-c03-r1-20260817-131615/cache/go-build-125/5a	dir	700	lilingfeng	lilingfeng	16384	1786945636.5249014810	
/home/lilingfeng/tmp/juicefs-c03-r1-20260817-131615/cache/go-build-125/2f	dir	700	lilingfeng	lilingfeng	16384	1786945704.1225447690	
/home/lilingfeng/tmp/juicefs-c03-r1-20260817-131615/cache/go-build-125/e6	dir	700	lilingfeng	lilingfeng	12288	1786945635.5567523010	
/home/lilingfeng/tmp/juicefs-c03-r1-20260817-131615/cache/go-build-125/65	dir	700	lilingfeng	lilingfeng	12288	1786945677.1030674080	
/home/lilingfeng/tmp/juicefs-c03-r1-20260817-131615/cache/go-build-125/ee	dir	700	lilingfeng	lilingfeng	16384	1786945636.3848799060	
/home/lilingfeng/tmp/juicefs-c03-r1-20260817-131615/cache/go-build-125/c3	dir	700	lilingfeng	lilingfeng	12288	1786945622.9268052610	
/home/lilingfeng/tmp/juicefs-c03-r1-20260817-131615/cache/go-build-125/c5	dir	700	lilingfeng	lilingfeng	16384	1786945635.2367029900	
/home/lilingfeng/tmp/juicefs-c03-r1-20260817-131615/cache/go-build-125/trim.txt	dir	600	lilingfeng	lilingfeng	10	1786944494.9004637310	
/home/lilingfeng/tmp/juicefs-c03-r1-20260817-131615/cache/go-build-125/d4	dir	700	lilingfeng	lilingfeng	20480	1786945634.0525205210	
/home/lilingfeng/tmp/juicefs-c03-r1-20260817-131615/cache/go-build-125/4d	dir	700	lilingfeng	lilingfeng	12288	1786945704.0785384180	
/home/lilingfeng/tmp/juicefs-c03-r1-20260817-131615/cache/go-build-125/bd	dir	700	lilingfeng	lilingfeng	16384	1786945634.0885260710	
/home/lilingfeng/tmp/juicefs-c03-r1-20260817-131615/cache/go-build-125/af	dir	700	lilingfeng	lilingfeng	16384	1786945641.1896185230	
/home/lilingfeng/tmp/juicefs-c03-r1-20260817-131615/cache/go-build-125/94	dir	700	lilingfeng	lilingfeng	12288	1786945633.2403953830	
/home/lilingfeng/tmp/juicefs-c03-r1-20260817-131615/cache/go-build-125/9f	dir	700	lilingfeng	lilingfeng	12288	1786945636.1808484680	
/home/lilingfeng/tmp/juicefs-c03-r1-20260817-131615/cache/go-build-125/b7	dir	700	lilingfeng	lilingfeng	20480	1786945643.2379330790	
/home/lilingfeng/tmp/juicefs-c03-r1-20260817-131615/cache/go-build-125/c8	dir	700	lilingfeng	lilingfeng	12288	1786945679.1753726770	
/home/lilingfeng/tmp/juicefs-c03-r1-20260817-131615/cache/go-build-125/8d	dir	700	lilingfeng	lilingfeng	20480	1786945705.9508086760	
/home/lilingfeng/tmp/juicefs-c03-r1-20260817-131615/cache/go-build-125/3e	dir	700	lilingfeng	lilingfeng	16384	1786945672.3023535310	
/home/lilingfeng/tmp/juicefs-c03-r1-20260817-131615/cache/go-build-125/39	dir	700	lilingfeng	lilingfeng	16384	1786945676.9910507500	
/home/lilingfeng/tmp/juicefs-c03-r1-20260817-131615/cache/go-build-125/52	dir	700	lilingfeng	lilingfeng	20480	1786945677.0950662180	
/home/lilingfeng/tmp/juicefs-c03-r1-20260817-131615/cache/go-build-125/10	dir	700	lilingfeng	lilingfeng	20480	1786945643.2419336930	
/home/lilingfeng/tmp/juicefs-c03-r1-20260817-131615/cache/go-build-125/56	dir	700	lilingfeng	lilingfeng	12288	1786945632.5842942850	
/home/lilingfeng/tmp/juicefs-c03-r1-20260817-131615/cache/go-build-125/92	dir	700	lilingfeng	lilingfeng	16384	1786945636.3848799060	
/home/lilingfeng/tmp/juicefs-c03-r1-20260817-131615/cache/go-build-125/18	dir	700	lilingfeng	lilingfeng	16384	1786945633.8564903160	
/home/lilingfeng/tmp/juicefs-c03-r1-20260817-131615/cache/go-build-125/e8	dir	700	lilingfeng	lilingfeng	16384	1786945636.6449199750	
/home/lilingfeng/tmp/juicefs-c03-r1-20260817-131615/cache/go-build-125/a6	dir	700	lilingfeng	lilingfeng	20480	1786945703.4504477550	
/home/lilingfeng/tmp/juicefs-c03-r1-20260817-131615/cache/go-build-125/02	dir	700	lilingfeng	lilingfeng	20480	1786945704.2065568960	
/home/lilingfeng/tmp/juicefs-c03-r1-20260817-131615/cache/go-build-125/24	dir	700	lilingfeng	lilingfeng	12288	1786945676.7190102980	
/home/lilingfeng/tmp/juicefs-c03-r1-20260817-131615/cache/go-build-125/d3	dir	700	lilingfeng	lilingfeng	16384	1786945635.4167307280	
/home/lilingfeng/tmp/juicefs-c03-r1-20260817-131615/cache/go-build-125/32	dir	700	lilingfeng	lilingfeng	16384	1786945631.2800933250	
/home/lilingfeng/tmp/juicefs-c03-r1-20260817-131615/cache/go-build-125/e5	dir	700	lilingfeng	lilingfeng	16384	1786945704.2625649830	
/home/lilingfeng/tmp/juicefs-c03-r1-20260817-131615/cache/go-build-125/c6	dir	700	lilingfeng	lilingfeng	16384	1786945641.4336560010	
/home/lilingfeng/tmp/juicefs-c03-r1-20260817-131615/cache/go-build-125/f9	dir	700	lilingfeng	lilingfeng	12288	1786945705.9508086760	
/home/lilingfeng/tmp/juicefs-c03-r1-20260817-131615/cache/go-build-125/59	dir	700	lilingfeng	lilingfeng	16384	1786945636.4288866850	
/home/lilingfeng/tmp/juicefs-c03-r1-20260817-131615/cache/go-build-125/91	dir	700	lilingfeng	lilingfeng	16384	1786945635.2967122350	
/home/lilingfeng/tmp/juicefs-c03-r1-20260817-131615/cache/go-build-125/be	dir	700	lilingfeng	lilingfeng	20480	1786945632.9043435980	
/home/lilingfeng/tmp/juicefs-c03-r1-20260817-131615/cache/go-build-125/2d	dir	700	lilingfeng	lilingfeng	12288	1786945708.7512129110	
/home/lilingfeng/tmp/juicefs-c03-r1-20260817-131615/cache/go-build-125/b1	dir	700	lilingfeng	lilingfeng	16384	1786945636.4248860700	
/home/lilingfeng/tmp/juicefs-c03-r1-20260817-131615/cache/go-build-125/c9	dir	700	lilingfeng	lilingfeng	20480	1786945635.6127609310	
/home/lilingfeng/tmp/juicefs-c03-r1-20260817-131615/cache/go-build-125/f7	dir	700	lilingfeng	lilingfeng	12288	1786945642.2377794860	
/home/lilingfeng/tmp/juicefs-c03-r1-20260817-131615/cache/go-build-125/dd	dir	700	lilingfeng	lilingfeng	16384	1786945679.9794902710	
/home/lilingfeng/tmp/juicefs-c03-r1-20260817-131615/cache/go-build-125/4c	dir	700	lilingfeng	lilingfeng	12288	1786945633.3684151080	
/home/lilingfeng/tmp/juicefs-c03-r1-20260817-131615/cache/go-build-125/57	dir	700	lilingfeng	lilingfeng	16384	1786945632.9563516120	
/home/lilingfeng/tmp/juicefs-c03-r1-20260817-131615/cache/go-build-125/7a	dir	700	lilingfeng	lilingfeng	16384	1786945634.0285168230	
/home/lilingfeng/tmp/juicefs-c03-r1-20260817-131615/cache/go-build-125/75	dir	700	lilingfeng	lilingfeng	12288	1786945634.3445655270	
/home/lilingfeng/tmp/juicefs-c03-r1-20260817-131615/cache/go-build-125/37	dir	700	lilingfeng	lilingfeng	16384	1786945703.4584489100	
/home/lilingfeng/tmp/juicefs-c03-r1-20260817-131615/cache/go-build-125/5f	dir	700	lilingfeng	lilingfeng	12288	1786945679.1793732630	
/home/lilingfeng/tmp/juicefs-c03-r1-20260817-131615/cache/go-build-125/67	dir	700	lilingfeng	lilingfeng	16384	1786945712.1076887320	
/home/lilingfeng/tmp/juicefs-c03-r1-20260817-131615/cache/go-build-125/98	dir	700	lilingfeng	lilingfeng	16384	1786945703.4544483350	
/home/lilingfeng/tmp/juicefs-c03-r1-20260817-131615/cache/go-build-125/a0	dir	700	lilingfeng	lilingfeng	16384	1786945704.3145724900	
/home/lilingfeng/tmp/juicefs-c03-r1-20260817-131615/cache/go-build-125/fa	dir	700	lilingfeng	lilingfeng	12288	1786945704.2065568960	
/home/lilingfeng/tmp/juicefs-c03-r1-20260817-131615/cache/go-build-125/82	dir	700	lilingfeng	lilingfeng	20480	1786945634.0605217540	
/home/lilingfeng/tmp/juicefs-c03-r1-20260817-131615/cache/go-build-125/6b	dir	700	lilingfeng	lilingfeng	16384	1786945634.1925421020	
/home/lilingfeng/tmp/juicefs-c03-r1-20260817-131615/cache/go-build-125/38	dir	700	lilingfeng	lilingfeng	20480	1786945635.5207467530	
/home/lilingfeng/tmp/juicefs-c03-r1-20260817-131615/cache/go-build-125/60	dir	700	lilingfeng	lilingfeng	16384	1786945704.1025418820	
/home/lilingfeng/tmp/juicefs-c03-r1-20260817-131615/cache/go-build-125/78	dir	700	lilingfeng	lilingfeng	16384	1786945635.3967276450	
/home/lilingfeng/tmp/juicefs-c03-r1-20260817-131615/cache/go-build-125/c1	dir	700	lilingfeng	lilingfeng	12288	1786945634.1765396350	
/home/lilingfeng/tmp/juicefs-c03-r1-20260817-131615/cache/go-build-125/93	dir	700	lilingfeng	lilingfeng	16384	1786945704.1745522760	
/home/lilingfeng/tmp/juicefs-c03-r1-20260817-131615/cache/go-build-125/99	dir	700	lilingfeng	lilingfeng	16384	1786945704.1785528560	
/home/lilingfeng/tmp/juicefs-c03-r1-20260817-131615/cache/go-build-125/3b	dir	700	lilingfeng	lilingfeng	12288	1786945703.9745234030	
/home/lilingfeng/tmp/juicefs-c03-r1-20260817-131615/cache/go-build-125/f1	dir	700	lilingfeng	lilingfeng	16384	1786945642.9098827010	
/home/lilingfeng/tmp/juicefs-c03-r1-20260817-131615/cache/go-build-125/b6	dir	700	lilingfeng	lilingfeng	12288	1786945642.9098827010	
/home/lilingfeng/tmp/juicefs-c03-r1-20260817-131615/cache/go-build-125/8c	dir	700	lilingfeng	lilingfeng	16384	1786945708.7072065590	
/home/lilingfeng/tmp/juicefs-c03-r1-20260817-131615/cache/go-build-125/79	dir	700	lilingfeng	lilingfeng	16384	1786945709.2392833650	
/home/lilingfeng/tmp/juicefs-c03-r1-20260817-131615/cache/go-build-125/55	dir	700	lilingfeng	lilingfeng	20480	1786945642.2377794860	
/home/lilingfeng/tmp/juicefs-c03-r1-20260817-131615/cache/go-build-125/9b	dir	700	lilingfeng	lilingfeng	16384	1786945636.5809101100	
/home/lilingfeng/tmp/juicefs-c03-r1-20260817-131615/cache/go-build-125/ca	dir	700	lilingfeng	lilingfeng	16384	1786945676.3669579470	
/home/lilingfeng/tmp/juicefs-c03-r1-20260817-131615/cache/go-build-125/6e	dir	700	lilingfeng	lilingfeng	20480	1786945705.9508086760	
/home/lilingfeng/tmp/juicefs-c03-r1-20260817-131615/cache/go-build-125/4e	dir	700	lilingfeng	lilingfeng	20480	1786945703.4624494900	
/home/lilingfeng/tmp/juicefs-c03-r1-20260817-131615/cache/go-build-125/6c	dir	700	lilingfeng	lilingfeng	16384	1786945679.0873598060	
/home/lilingfeng/tmp/juicefs-c03-r1-20260817-131615/cache/go-build-125/51	dir	700	lilingfeng	lilingfeng	20480	1786945643.2459343050	
/home/lilingfeng/tmp/juicefs-c03-r1-20260817-131615/cache/go-build-125/53	dir	700	lilingfeng	lilingfeng	12288	1786945703.4584489100	
/home/lilingfeng/tmp/juicefs-c03-r1-20260817-131615/cache/go-build-125/09	dir	700	lilingfeng	lilingfeng	12288	1786945633.4524280560	
/home/lilingfeng/tmp/juicefs-c03-r1-20260817-131615/cache/go-build-125/81	dir	700	lilingfeng	lilingfeng	20480	1786945704.2105574760	
/home/lilingfeng/tmp/juicefs-c03-r1-20260817-131615/cache/go-build-125/5d	dir	700	lilingfeng	lilingfeng	12288	1786945635.3447196330	
/home/lilingfeng/tmp/juicefs-c03-r1-20260817-131615/cache/go-build-125/9c	dir	700	lilingfeng	lilingfeng	20480	1786945633.3164070950	
/home/lilingfeng/tmp/juicefs-c03-r1-20260817-131615/cache/go-build-125/fb	dir	700	lilingfeng	lilingfeng	16384	1786945706.4708837500	
/home/lilingfeng/tmp/juicefs-c03-r1-20260817-131615/cache/go-build-125/7c	dir	700	lilingfeng	lilingfeng	12288	1786945679.9874914430	
/home/lilingfeng/tmp/juicefs-c03-r1-20260817-131615/cache/go-build-125/d5	dir	700	lilingfeng	lilingfeng	12288	1786945676.7190102980	
/home/lilingfeng/tmp/juicefs-c03-r1-20260817-131615/cache/go-build-125/70	dir	700	lilingfeng	lilingfeng	16384	1786945681.2476757320	
/home/lilingfeng/tmp/juicefs-c03-r1-20260817-131615/cache/go-build-125/f5	dir	700	lilingfeng	lilingfeng	16384	1786945636.2088527820	
/home/lilingfeng/tmp/juicefs-c03-r1-20260817-131615/cache/go-build-125/0d	dir	700	lilingfeng	lilingfeng	20480	1786945635.5447504520	
/home/lilingfeng/tmp/juicefs-c03-r1-20260817-131615/cache/go-build-125/72	dir	700	lilingfeng	lilingfeng	16384	1786945631.4481192180	
/home/lilingfeng/tmp/juicefs-c03-r1-20260817-131615/cache/go-build-125/e4	dir	700	lilingfeng	lilingfeng	16384	1786945633.4564286710	
/home/lilingfeng/tmp/juicefs-c03-r1-20260817-131615/cache/go-build-125/d2	dir	700	lilingfeng	lilingfeng	16384	1786945635.5527516840	
/home/lilingfeng/tmp/juicefs-c03-r1-20260817-131615/cache/go-build-125/b0	dir	700	lilingfeng	lilingfeng	20480	1786945632.9603522290	
/home/lilingfeng/tmp/juicefs-c03-r1-20260817-131615/cache/go-build-125/fe	dir	700	lilingfeng	lilingfeng	20480	1786945708.7512129110	
/home/lilingfeng/tmp/juicefs-c03-r1-20260817-131615/cache/go-build-125/41	dir	700	lilingfeng	lilingfeng	16384	1786945633.8684921650	
/home/lilingfeng/tmp/juicefs-c03-r1-20260817-131615/cache/go-build-125/3c	dir	700	lilingfeng	lilingfeng	12288	1786945635.3807251790	
/home/lilingfeng/tmp/juicefs-c03-r1-20260817-131615/cache/go-build-125/45	dir	700	lilingfeng	lilingfeng	12288	1786945633.1123756550	
/home/lilingfeng/tmp/juicefs-c03-r1-20260817-131615/cache/go-build-125/87	dir	700	lilingfeng	lilingfeng	12288	1786945636.5249014810	
/home/lilingfeng/tmp/juicefs-c03-r1-20260817-131615/cache/go-build-125/0e	dir	700	lilingfeng	lilingfeng	16384	1786945635.4247319600	
/home/lilingfeng/tmp/juicefs-c03-r1-20260817-131615/cache/go-build-125/cf	dir	700	lilingfeng	lilingfeng	16384	1786945703.4584489100	
/home/lilingfeng/tmp/juicefs-c03-r1-20260817-131615/cache/go-build-125/b9	dir	700	lilingfeng	lilingfeng	16384	1786945634.5445963490	
/home/lilingfeng/tmp/juicefs-c03-r1-20260817-131615/cache/go-build-125/64	dir	700	lilingfeng	lilingfeng	12288	1786945641.4256547720	
/home/lilingfeng/tmp/juicefs-c03-r1-20260817-131615/cache/go-build-125/ed	dir	700	lilingfeng	lilingfeng	16384	1786945633.0123602430	
/home/lilingfeng/tmp/juicefs-c03-r1-20260817-131615/cache/go-build-125/f6	dir	700	lilingfeng	lilingfeng	20480	1786945678.9073334780	
/home/lilingfeng/tmp/juicefs-c03-r1-20260817-131615/cache/go-build-125/90	dir	700	lilingfeng	lilingfeng	12288	1786945636.0768324410	
/home/lilingfeng/tmp/juicefs-c03-r1-20260817-131615/cache/go-build-125/44	dir	700	lilingfeng	lilingfeng	16384	1786945708.7312100250	
/home/lilingfeng/tmp/juicefs-c03-r1-20260817-131615/cache/go-build-125/06	dir	700	lilingfeng	lilingfeng	12288	1786945624.3510249080	
/home/lilingfeng/tmp/juicefs-c03-r1-20260817-131615/cache/go-build-125/20	dir	700	lilingfeng	lilingfeng	16384	1786945706.4748843260	
/home/lilingfeng/tmp/juicefs-c03-r1-20260817-131615/cache/go-build-125/0c	dir	700	lilingfeng	lilingfeng	16384	1786945636.4248860700	
/home/lilingfeng/tmp/juicefs-c03-r1-20260817-131615/cache/go-build-125/62	dir	700	lilingfeng	lilingfeng	12288	1786945632.4122677810	
/home/lilingfeng/tmp/juicefs-c03-r1-20260817-131615/cache/go-build-125/13	dir	700	lilingfeng	lilingfeng	16384	1786945676.9950513440	
/home/lilingfeng/tmp/juicefs-c03-r1-20260817-131615/cache/go-build-125/7e	dir	700	lilingfeng	lilingfeng	16384	1786945635.4927424380	
/home/lilingfeng/tmp/juicefs-c03-r1-20260817-131615/cache/go-build-125/47	dir	700	lilingfeng	lilingfeng	20480	1786945634.1925421020	
/home/lilingfeng/tmp/juicefs-c03-r1-20260817-131615/cache/go-build-125/63	dir	700	lilingfeng	lilingfeng	12288	1786945632.1322246260	
/home/lilingfeng/tmp/juicefs-c03-r1-20260817-131615/cache/go-build-125/e9	dir	700	lilingfeng	lilingfeng	12288	1786945703.4504477550	
/home/lilingfeng/tmp/juicefs-c03-r1-20260817-131615/cache/go-build-125/cc	dir	700	lilingfeng	lilingfeng	16384	1786945636.6369187400	
/home/lilingfeng/tmp/juicefs-c03-r1-20260817-131615/cache/go-build-125/88	dir	700	lilingfeng	lilingfeng	12288	1786945633.0443651750	
/home/lilingfeng/tmp/juicefs-c03-r1-20260817-131615/cache/go-build-125/b4	dir	700	lilingfeng	lilingfeng	16384	1786945634.4765858700	
/home/lilingfeng/tmp/juicefs-c03-r1-20260817-131615/cache/go-build-125/43	dir	700	lilingfeng	lilingfeng	12288	1786945634.9046518230	
/home/lilingfeng/tmp/juicefs-c03-r1-20260817-131615/cache/go-build-125/35	dir	700	lilingfeng	lilingfeng	16384	1786945703.4584489100	
/home/lilingfeng/tmp/juicefs-c03-r1-20260817-131615/cache/go-build-125/dc	dir	700	lilingfeng	lilingfeng	20480	1786945634.1725390160	
/home/lilingfeng/tmp/juicefs-c03-r1-20260817-131615/cache/go-build-125/15	dir	700	lilingfeng	lilingfeng	16384	1786945635.4287325770	
/home/lilingfeng/tmp/juicefs-c03-r1-20260817-131615/cache/go-build-125/11	dir	700	lilingfeng	lilingfeng	16384	1786945636.5809101100	
/home/lilingfeng/tmp/juicefs-c03-r1-20260817-131615/cache/go-build-125/de	dir	700	lilingfeng	lilingfeng	20480	1786945703.7864962630	
/home/lilingfeng/tmp/juicefs-c03-r1-20260817-131615/cache/go-build-125/61	dir	700	lilingfeng	lilingfeng	20480	1786945709.2392833650	
/home/lilingfeng/tmp/juicefs-c03-r1-20260817-131615/cache/go-build-125/00	dir	700	lilingfeng	lilingfeng	16384	1786945631.6841555860	
/home/lilingfeng/tmp/juicefs-c03-r1-20260817-131615/cache/go-build-125/2a	dir	700	lilingfeng	lilingfeng	16384	1786945703.4584489100	
/home/lilingfeng/tmp/juicefs-c03-r1-20260817-131615/cache/go-build-125/03	dir	700	lilingfeng	lilingfeng	12288	1786945632.7483195600	
/home/lilingfeng/tmp/juicefs-c03-r1-20260817-131615/cache/go-build-125/89	dir	700	lilingfeng	lilingfeng	16384	1786945633.0883719560	
/home/lilingfeng/tmp/juicefs-c03-r1-20260817-131615/cache/go-build-125/36	dir	700	lilingfeng	lilingfeng	20480	1786945635.4327331940	
/home/lilingfeng/tmp/juicefs-c03-r1-20260817-131615/cache/go-build-125/d7	dir	700	lilingfeng	lilingfeng	16384	1786945636.4568910010	
/home/lilingfeng/tmp/juicefs-c03-r1-20260817-131615/cache/go-build-125/23	dir	700	lilingfeng	lilingfeng	16384	1786945678.9073334780	
/home/lilingfeng/tmp/juicefs-c03-r1-20260817-131615/cache/go-build-125/d8	dir	700	lilingfeng	lilingfeng	16384	1786945709.1992775890	
/home/lilingfeng/tmp/juicefs-c03-r1-20260817-131615/cache/go-build-125/c0	dir	700	lilingfeng	lilingfeng	20480	1786945704.0785384180	
/home/lilingfeng/tmp/juicefs-c03-r1-20260817-131615/cache/go-build-125/21	dir	700	lilingfeng	lilingfeng	16384	1786945704.2585644040	
/home/lilingfeng/tmp/juicefs-c03-r1-20260817-131615/cache/go-build-125/42	dir	700	lilingfeng	lilingfeng	16384	1786945636.1688466180	
/home/lilingfeng/tmp/juicefs-c03-r1-20260817-131615/cache/go-build-125/33	dir	700	lilingfeng	lilingfeng	20480	1786945635.2367029900	
/home/lilingfeng/tmp/juicefs-c03-r1-20260817-131615/cache/go-build-125/9a	dir	700	lilingfeng	lilingfeng	12288	1786945634.4765858700	
/home/lilingfeng/tmp/juicefs-c03-r1-20260817-131615/cache/go-build-125/71	dir	700	lilingfeng	lilingfeng	12288	1786945676.7190102980	
/home/lilingfeng/tmp/juicefs-c03-r1-20260817-131615/cache/go-build-125/bb	dir	700	lilingfeng	lilingfeng	20480	1786945709.2392833650	
/home/lilingfeng/tmp/juicefs-c03-r1-20260817-131615/cache/go-build-125/74	dir	700	lilingfeng	lilingfeng	16384	1786945706.3428652710	
/home/lilingfeng/tmp/juicefs-c03-r1-20260817-131615/cache/go-build-125/04	dir	700	lilingfeng	lilingfeng	16384	1786945632.2562437370	
/home/lilingfeng/tmp/juicefs-c03-r1-20260817-131615/cache/go-build-125/31	dir	700	lilingfeng	lilingfeng	20480	1786945636.3328718910	
/home/lilingfeng/tmp/juicefs-c03-r1-20260817-131615/cache/go-build-126	dir	700	lilingfeng	lilingfeng	4096	1786944590.7549455580	
/home/lilingfeng/tmp/juicefs-c03-r1-20260817-131615/cache/go-build-126/b2	dir	700	lilingfeng	lilingfeng	16384	1786945730.4703084850	
/home/lilingfeng/tmp/juicefs-c03-r1-20260817-131615/cache/go-build-126/ae	dir	700	lilingfeng	lilingfeng	16384	1786945699.8219237140	
/home/lilingfeng/tmp/juicefs-c03-r1-20260817-131615/cache/go-build-126/25	dir	700	lilingfeng	lilingfeng	12288	1786945730.7703512760	
/home/lilingfeng/tmp/juicefs-c03-r1-20260817-131615/cache/go-build-126/84	dir	700	lilingfeng	lilingfeng	16384	1786945687.6361405710	
/home/lilingfeng/tmp/juicefs-c03-r1-20260817-131615/cache/go-build-126/40	dir	700	lilingfeng	lilingfeng	16384	1786945734.0228151220	
/home/lilingfeng/tmp/juicefs-c03-r1-20260817-131615/cache/go-build-126/5c	dir	700	lilingfeng	lilingfeng	20480	1786945685.6803252010	
/home/lilingfeng/tmp/juicefs-c03-r1-20260817-131615/cache/go-build-126/17	dir	700	lilingfeng	lilingfeng	16384	1786945683.5920185700	
/home/lilingfeng/tmp/juicefs-c03-r1-20260817-131615/cache/go-build-126/1e	dir	700	lilingfeng	lilingfeng	16384	1786945734.1388317230	
/home/lilingfeng/tmp/juicefs-c03-r1-20260817-131615/cache/go-build-126/6f	dir	700	lilingfeng	lilingfeng	20480	1786945685.3322730590	
/home/lilingfeng/tmp/juicefs-c03-r1-20260817-131615/cache/go-build-126/ff	dir	700	lilingfeng	lilingfeng	20480	1786945686.4162470180	
/home/lilingfeng/tmp/juicefs-c03-r1-20260817-131615/cache/go-build-126/1b	dir	700	lilingfeng	lilingfeng	12288	1786945686.3642641970	
/home/lilingfeng/tmp/juicefs-c03-r1-20260817-131615/cache/go-build-126/7d	dir	700	lilingfeng	lilingfeng	16384	1786945687.9641905540	
/home/lilingfeng/tmp/juicefs-c03-r1-20260817-131615/cache/go-build-126/b8	dir	700	lilingfeng	lilingfeng	12288	1786945732.1065418350	
/home/lilingfeng/tmp/juicefs-c03-r1-20260817-131615/cache/go-build-126/4b	dir	700	lilingfeng	lilingfeng	16384	1786945734.0628208270	
/home/lilingfeng/tmp/juicefs-c03-r1-20260817-131615/cache/go-build-126/1d	dir	700	lilingfeng	lilingfeng	16384	1786945730.2422759630	
/home/lilingfeng/tmp/juicefs-c03-r1-20260817-131615/cache/go-build-126/e0	dir	700	lilingfeng	lilingfeng	20480	1786945686.2243104500	
/home/lilingfeng/tmp/juicefs-c03-r1-20260817-131615/cache/go-build-126/c2	dir	700	lilingfeng	lilingfeng	16384	1786945684.2081086640	
/home/lilingfeng/tmp/juicefs-c03-r1-20260817-131615/cache/go-build-126/05	dir	700	lilingfeng	lilingfeng	16384	1786945730.7783524170	
/home/lilingfeng/tmp/juicefs-c03-r1-20260817-131615/cache/go-build-126/fc	dir	700	lilingfeng	lilingfeng	20480	1786945730.2582782480	
/home/lilingfeng/tmp/juicefs-c03-r1-20260817-131615/cache/go-build-126/b3	dir	700	lilingfeng	lilingfeng	16384	1786945684.3121238750	
/home/lilingfeng/tmp/juicefs-c03-r1-20260817-131615/cache/go-build-126/27	dir	700	lilingfeng	lilingfeng	16384	1786945732.1105424030	
/home/lilingfeng/tmp/juicefs-c03-r1-20260817-131615/cache/go-build-126/a9	dir	700	lilingfeng	lilingfeng	16384	1786945684.0480852630	
/home/lilingfeng/tmp/juicefs-c03-r1-20260817-131615/cache/go-build-126/83	dir	700	lilingfeng	lilingfeng	12288	1786945730.4863107680	
/home/lilingfeng/tmp/juicefs-c03-r1-20260817-131615/cache/go-build-126/f4	dir	700	lilingfeng	lilingfeng	16384	1786945700.2179790220	
/home/lilingfeng/tmp/juicefs-c03-r1-20260817-131615/cache/go-build-126/8a	dir	700	lilingfeng	lilingfeng	12288	1786945687.7961649550	
/home/lilingfeng/tmp/juicefs-c03-r1-20260817-131615/cache/go-build-126/a3	dir	700	lilingfeng	lilingfeng	16384	1786945682.9079185230	
/home/lilingfeng/tmp/juicefs-c03-r1-20260817-131615/cache/go-build-126/ad	dir	700	lilingfeng	lilingfeng	20480	1786945730.7223444270	
/home/lilingfeng/tmp/juicefs-c03-r1-20260817-131615/cache/go-build-126/73	dir	700	lilingfeng	lilingfeng	16384	1786945686.7601333660	
/home/lilingfeng/tmp/juicefs-c03-r1-20260817-131615/cache/go-build-126/6a	dir	700	lilingfeng	lilingfeng	16384	1786945697.9856672840	
/home/lilingfeng/tmp/juicefs-c03-r1-20260817-131615/cache/go-build-126/50	dir	700	lilingfeng	lilingfeng	12288	1786945687.7601594670	
/home/lilingfeng/tmp/juicefs-c03-r1-20260817-131615/cache/go-build-126/28	dir	700	lilingfeng	lilingfeng	16384	1786945730.2502771040	
/home/lilingfeng/tmp/juicefs-c03-r1-20260817-131615/cache/go-build-126/2b	dir	700	lilingfeng	lilingfeng	12288	1786945683.7280384600	
/home/lilingfeng/tmp/juicefs-c03-r1-20260817-131615/cache/go-build-126/f8	dir	700	lilingfeng	lilingfeng	20480	1786945734.0628208270	
/home/lilingfeng/tmp/juicefs-c03-r1-20260817-131615/cache/go-build-126/2c	dir	700	lilingfeng	lilingfeng	12288	1786945686.0483685970	
/home/lilingfeng/tmp/juicefs-c03-r1-20260817-131615/cache/go-build-126/README	dir	600	lilingfeng	lilingfeng	218	1786944502.0218517730	
/home/lilingfeng/tmp/juicefs-c03-r1-20260817-131615/cache/go-build-126/ac	dir	700	lilingfeng	lilingfeng	16384	1786945687.1920729130	
/home/lilingfeng/tmp/juicefs-c03-r1-20260817-131615/cache/go-build-126/f3	dir	700	lilingfeng	lilingfeng	20480	1786945684.9162122170	
/home/lilingfeng/tmp/juicefs-c03-r1-20260817-131615/cache/go-build-126/16	dir	700	lilingfeng	lilingfeng	20480	1786945731.7744944800	
/home/lilingfeng/tmp/juicefs-c03-r1-20260817-131615/cache/go-build-126/b5	dir	700	lilingfeng	lilingfeng	16384	1786945688.1202143270	
/home/lilingfeng/tmp/juicefs-c03-r1-20260817-131615/cache/go-build-126/ef	dir	700	lilingfeng	lilingfeng	20480	1786945687.3200924180	
/home/lilingfeng/tmp/juicefs-c03-r1-20260817-131615/cache/go-build-126/86	dir	700	lilingfeng	lilingfeng	20480	1786945730.2462765350	
/home/lilingfeng/tmp/juicefs-c03-r1-20260817-131615/cache/go-build-126/ba	dir	700	lilingfeng	lilingfeng	12288	1786945684.9922233330	
/home/lilingfeng/tmp/juicefs-c03-r1-20260817-131615/cache/go-build-126/c7	dir	700	lilingfeng	lilingfeng	16384	1786945730.8023558400	
/home/lilingfeng/tmp/juicefs-c03-r1-20260817-131615/cache/go-build-126/68	dir	700	lilingfeng	lilingfeng	12288	1786945730.7103427180	
/home/lilingfeng/tmp/juicefs-c03-r1-20260817-131615/cache/go-build-126/12	dir	700	lilingfeng	lilingfeng	16384	1786945698.2737075040	
/home/lilingfeng/tmp/juicefs-c03-r1-20260817-131615/cache/go-build-126/df	dir	700	lilingfeng	lilingfeng	20480	1786945686.4442377670	
/home/lilingfeng/tmp/juicefs-c03-r1-20260817-131615/cache/go-build-126/30	dir	700	lilingfeng	lilingfeng	16384	1786945687.0880570650	
/home/lilingfeng/tmp/juicefs-c03-r1-20260817-131615/cache/go-build-126/fd	dir	700	lilingfeng	lilingfeng	20480	1786945730.2462765350	
/home/lilingfeng/tmp/juicefs-c03-r1-20260817-131615/cache/go-build-126/3d	dir	700	lilingfeng	lilingfeng	12288	1786945687.4601137500	
/home/lilingfeng/tmp/juicefs-c03-r1-20260817-131615/cache/go-build-126/96	dir	700	lilingfeng	lilingfeng	12288	1786945697.6656225890	
/home/lilingfeng/tmp/juicefs-c03-r1-20260817-131615/cache/go-build-126/ec	dir	700	lilingfeng	lilingfeng	12288	1786945730.2502771040	
/home/lilingfeng/tmp/juicefs-c03-r1-20260817-131615/cache/go-build-126/54	dir	700	lilingfeng	lilingfeng	16384	1786945683.0079331470	
/home/lilingfeng/tmp/juicefs-c03-r1-20260817-131615/cache/go-build-126/8b	dir	700	lilingfeng	lilingfeng	20480	1786945682.8959167660	
/home/lilingfeng/tmp/juicefs-c03-r1-20260817-131615/cache/go-build-126/cb	dir	700	lilingfeng	lilingfeng	16384	1786945683.3999904860	
/home/lilingfeng/tmp/juicefs-c03-r1-20260817-131615/cache/go-build-126/80	dir	700	lilingfeng	lilingfeng	16384	1786945686.4642311600	
/home/lilingfeng/tmp/juicefs-c03-r1-20260817-131615/cache/go-build-126/7b	dir	700	lilingfeng	lilingfeng	20480	1786945733.6307592070	
/home/lilingfeng/tmp/juicefs-c03-r1-20260817-131615/cache/go-build-126/e2	dir	700	lilingfeng	lilingfeng	20480	1786945686.2323078070	
/home/lilingfeng/tmp/juicefs-c03-r1-20260817-131615/cache/go-build-126/34	dir	700	lilingfeng	lilingfeng	20480	1786945684.2361127600	
/home/lilingfeng/tmp/juicefs-c03-r1-20260817-131615/cache/go-build-126/ab	dir	700	lilingfeng	lilingfeng	16384	1786945730.7503484230	
/home/lilingfeng/tmp/juicefs-c03-r1-20260817-131615/cache/go-build-126/ce	dir	700	lilingfeng	lilingfeng	20480	1786945699.8459270650	
/home/lilingfeng/tmp/juicefs-c03-r1-20260817-131615/cache/go-build-126/6d	dir	700	lilingfeng	lilingfeng	16384	1786945692.6609061630	
/home/lilingfeng/tmp/juicefs-c03-r1-20260817-131615/cache/go-build-126/a7	dir	700	lilingfeng	lilingfeng	16384	1786945731.7504910570	
/home/lilingfeng/tmp/juicefs-c03-r1-20260817-131615/cache/go-build-126/97	dir	700	lilingfeng	lilingfeng	12288	1786945686.6561677270	
/home/lilingfeng/tmp/juicefs-c03-r1-20260817-131615/cache/go-build-126/bc	dir	700	lilingfeng	lilingfeng	16384	1786945699.9659438280	
/home/lilingfeng/tmp/juicefs-c03-r1-20260817-131615/cache/go-build-126/db	dir	700	lilingfeng	lilingfeng	12288	1786945686.0483685970	
/home/lilingfeng/tmp/juicefs-c03-r1-20260817-131615/cache/go-build-126/1a	dir	700	lilingfeng	lilingfeng	12288	1786945688.1202143270	
/home/lilingfeng/tmp/juicefs-c03-r1-20260817-131615/cache/go-build-126/da	dir	700	lilingfeng	lilingfeng	12288	1786945730.6863392950	
/home/lilingfeng/tmp/juicefs-c03-r1-20260817-131615/cache/go-build-126/d9	dir	700	lilingfeng	lilingfeng	12288	1786945732.1785521030	
/home/lilingfeng/tmp/juicefs-c03-r1-20260817-131615/cache/go-build-126/1c	dir	700	lilingfeng	lilingfeng	16384	1786945698.3657203540	
/home/lilingfeng/tmp/juicefs-c03-r1-20260817-131615/cache/go-build-126/19	dir	700	lilingfeng	lilingfeng	12288	1786945684.9162122170	
/home/lilingfeng/tmp/juicefs-c03-r1-20260817-131615/cache/go-build-126/08	dir	700	lilingfeng	lilingfeng	20480	1786945685.2962677940	
/home/lilingfeng/tmp/juicefs-c03-r1-20260817-131615/cache/go-build-126/ea	dir	700	lilingfeng	lilingfeng	16384	1786945699.9699443840	
/home/lilingfeng/tmp/juicefs-c03-r1-20260817-131615/cache/go-build-126/01	dir	700	lilingfeng	lilingfeng	12288	1786945730.8143575500	
/home/lilingfeng/tmp/juicefs-c03-r1-20260817-131615/cache/go-build-126/77	dir	700	lilingfeng	lilingfeng	16384	1786945684.2321121750	
/home/lilingfeng/tmp/juicefs-c03-r1-20260817-131615/cache/go-build-126/aa	dir	700	lilingfeng	lilingfeng	12288	1786945733.6467614890	
/home/lilingfeng/tmp/juicefs-c03-r1-20260817-131615/cache/go-build-126/bf	dir	700	lilingfeng	lilingfeng	12288	1786945697.6656225890	
/home/lilingfeng/tmp/juicefs-c03-r1-20260817-131615/cache/go-build-126/8f	dir	700	lilingfeng	lilingfeng	12288	1786945684.6721765230	
/home/lilingfeng/tmp/juicefs-c03-r1-20260817-131615/cache/go-build-126/e1	dir	700	lilingfeng	lilingfeng	16384	1786945730.2422759630	
/home/lilingfeng/tmp/juicefs-c03-r1-20260817-131615/cache/go-build-126/3a	dir	700	lilingfeng	lilingfeng	16384	1786945684.8562034400	
/home/lilingfeng/tmp/juicefs-c03-r1-20260817-131615/cache/go-build-126/e3	dir	700	lilingfeng	lilingfeng	16384	1786945730.6143290220	
/home/lilingfeng/tmp/juicefs-c03-r1-20260817-131615/cache/go-build-126/29	dir	700	lilingfeng	lilingfeng	16384	1786945687.2080753520	
/home/lilingfeng/tmp/juicefs-c03-r1-20260817-131615/cache/go-build-126/26	dir	700	lilingfeng	lilingfeng	16384	1786945688.1282155460	
/home/lilingfeng/tmp/juicefs-c03-r1-20260817-131615/cache/go-build-126/d1	dir	700	lilingfeng	lilingfeng	12288	1786945692.6609061630	
/home/lilingfeng/tmp/juicefs-c03-r1-20260817-131615/cache/go-build-126/48	dir	700	lilingfeng	lilingfeng	12288	1786945693.4210219750	
/home/lilingfeng/tmp/juicefs-c03-r1-20260817-131615/cache/go-build-126/3f	dir	700	lilingfeng	lilingfeng	12288	1786945688.1282155460	
/home/lilingfeng/tmp/juicefs-c03-r1-20260817-131615/cache/go-build-126/cd	dir	700	lilingfeng	lilingfeng	20480	1786945687.7121521540	
/home/lilingfeng/tmp/juicefs-c03-r1-20260817-131615/cache/go-build-126/a4	dir	700	lilingfeng	lilingfeng	16384	1786945684.4481437670	
/home/lilingfeng/tmp/juicefs-c03-r1-20260817-131615/cache/go-build-126/49	dir	700	lilingfeng	lilingfeng	16384	1786945686.7081505470	
/home/lilingfeng/tmp/juicefs-c03-r1-20260817-131615/cache/go-build-126/85	dir	700	lilingfeng	lilingfeng	16384	1786945730.8023558400	
/home/lilingfeng/tmp/juicefs-c03-r1-20260817-131615/cache/go-build-126/4a	dir	700	lilingfeng	lilingfeng	16384	1786945731.7744944800	
/home/lilingfeng/tmp/juicefs-c03-r1-20260817-131615/cache/go-build-126/46	dir	700	lilingfeng	lilingfeng	16384	1786945687.1920729130	
/home/lilingfeng/tmp/juicefs-c03-r1-20260817-131615/cache/go-build-126/a1	dir	700	lilingfeng	lilingfeng	20480	1786945697.9896678440	
/home/lilingfeng/tmp/juicefs-c03-r1-20260817-131615/cache/go-build-126/4f	dir	700	lilingfeng	lilingfeng	16384	1786945686.4442377670	
/home/lilingfeng/tmp/juicefs-c03-r1-20260817-131615/cache/go-build-126/e7	dir	700	lilingfeng	lilingfeng	12288	1786945730.7783524170	
/home/lilingfeng/tmp/juicefs-c03-r1-20260817-131615/cache/go-build-126/69	dir	700	lilingfeng	lilingfeng	20480	1786945700.4940191150	
/home/lilingfeng/tmp/juicefs-c03-r1-20260817-131615/cache/go-build-126/0a	dir	700	lilingfeng	lilingfeng	20480	1786945700.4940191150	
/home/lilingfeng/tmp/juicefs-c03-r1-20260817-131615/cache/go-build-126/07	dir	700	lilingfeng	lilingfeng	16384	1786945686.0403712390	
/home/lilingfeng/tmp/juicefs-c03-r1-20260817-131615/cache/go-build-126/58	dir	700	lilingfeng	lilingfeng	16384	1786945687.4801168000	
/home/lilingfeng/tmp/juicefs-c03-r1-20260817-131615/cache/go-build-126/d0	dir	700	lilingfeng	lilingfeng	12288	1786945687.1160613320	
/home/lilingfeng/tmp/juicefs-c03-r1-20260817-131615/cache/go-build-126/14	dir	700	lilingfeng	lilingfeng	16384	1786945730.2502771040	
/home/lilingfeng/tmp/juicefs-c03-r1-20260817-131615/cache/go-build-126/9d	dir	700	lilingfeng	lilingfeng	12288	1786945730.7183438590	
/home/lilingfeng/tmp/juicefs-c03-r1-20260817-131615/cache/go-build-126/0f	dir	700	lilingfeng	lilingfeng	20480	1786945686.7121492260	
/home/lilingfeng/tmp/juicefs-c03-r1-20260817-131615/cache/go-build-126/95	dir	700	lilingfeng	lilingfeng	20480	1786945687.4761161890	
/home/lilingfeng/tmp/juicefs-c03-r1-20260817-131615/cache/go-build-126/22	dir	700	lilingfeng	lilingfeng	20480	1786945732.1025412620	
/home/lilingfeng/tmp/juicefs-c03-r1-20260817-131615/cache/go-build-126/8e	dir	700	lilingfeng	lilingfeng	16384	1786945687.2080753520	
/home/lilingfeng/tmp/juicefs-c03-r1-20260817-131615/cache/go-build-126/0b	dir	700	lilingfeng	lilingfeng	16384	1786945700.4860179490	
/home/lilingfeng/tmp/juicefs-c03-r1-20260817-131615/cache/go-build-126/d6	dir	700	lilingfeng	lilingfeng	16384	1786945685.2402596030	
/home/lilingfeng/tmp/juicefs-c03-r1-20260817-131615/cache/go-build-126/f2	dir	700	lilingfeng	lilingfeng	12288	1786945687.7561588570	
/home/lilingfeng/tmp/juicefs-c03-r1-20260817-131615/cache/go-build-126/7f	dir	700	lilingfeng	lilingfeng	12288	1786945730.7503484230	
/home/lilingfeng/tmp/juicefs-c03-r1-20260817-131615/cache/go-build-126/eb	dir	700	lilingfeng	lilingfeng	16384	1786945731.7624927660	
/home/lilingfeng/tmp/juicefs-c03-r1-20260817-131615/cache/go-build-126/9e	dir	700	lilingfeng	lilingfeng	16384	1786945684.4241402560	
/home/lilingfeng/tmp/juicefs-c03-r1-20260817-131615/cache/go-build-126/66	dir	700	lilingfeng	lilingfeng	20480	1786945730.4863107680	
/home/lilingfeng/tmp/juicefs-c03-r1-20260817-131615/cache/go-build-126/5b	dir	700	lilingfeng	lilingfeng	20480	1786945685.9923730980	
/home/lilingfeng/tmp/juicefs-c03-r1-20260817-131615/cache/go-build-126/1f	dir	700	lilingfeng	lilingfeng	16384	1786945685.9283632730	
/home/lilingfeng/tmp/juicefs-c03-r1-20260817-131615/cache/go-build-126/a5	dir	700	lilingfeng	lilingfeng	16384	1786945683.8400548400	
/home/lilingfeng/tmp/juicefs-c03-r1-20260817-131615/cache/go-build-126/c4	dir	700	lilingfeng	lilingfeng	16384	1786945684.6881788640	
/home/lilingfeng/tmp/juicefs-c03-r1-20260817-131615/cache/go-build-126/76	dir	700	lilingfeng	lilingfeng	20480	1786945685.2402596030	
/home/lilingfeng/tmp/juicefs-c03-r1-20260817-131615/cache/go-build-126/a8	dir	700	lilingfeng	lilingfeng	16384	1786945687.9961954310	
/home/lilingfeng/tmp/juicefs-c03-r1-20260817-131615/cache/go-build-126/a2	dir	700	lilingfeng	lilingfeng	12288	1786945687.6841478870	
/home/lilingfeng/tmp/juicefs-c03-r1-20260817-131615/cache/go-build-126/f0	dir	700	lilingfeng	lilingfeng	12288	1786945730.6863392950	
/home/lilingfeng/tmp/juicefs-c03-r1-20260817-131615/cache/go-build-126/2e	dir	700	lilingfeng	lilingfeng	16384	1786945687.4801168000	
/home/lilingfeng/tmp/juicefs-c03-r1-20260817-131615/cache/go-build-126/5e	dir	700	lilingfeng	lilingfeng	20480	1786945684.3001221200	
/home/lilingfeng/tmp/juicefs-c03-r1-20260817-131615/cache/go-build-126/5a	dir	700	lilingfeng	lilingfeng	12288	1786945734.0588202540	
/home/lilingfeng/tmp/juicefs-c03-r1-20260817-131615/cache/go-build-126/2f	dir	700	lilingfeng	lilingfeng	16384	1786945730.2742805300	
/home/lilingfeng/tmp/juicefs-c03-r1-20260817-131615/cache/go-build-126/e6	dir	700	lilingfeng	lilingfeng	16384	1786945687.7601594670	
/home/lilingfeng/tmp/juicefs-c03-r1-20260817-131615/cache/go-build-126/65	dir	700	lilingfeng	lilingfeng	20480	1786945686.7081505470	
/home/lilingfeng/tmp/juicefs-c03-r1-20260817-131615/cache/go-build-126/ee	dir	700	lilingfeng	lilingfeng	20480	1786945730.7503484230	
/home/lilingfeng/tmp/juicefs-c03-r1-20260817-131615/cache/go-build-126/c3	dir	700	lilingfeng	lilingfeng	16384	1786945687.2600832750	
/home/lilingfeng/tmp/juicefs-c03-r1-20260817-131615/cache/go-build-126/c5	dir	700	lilingfeng	lilingfeng	16384	1786945692.6569055530	
/home/lilingfeng/tmp/juicefs-c03-r1-20260817-131615/cache/go-build-126/trim.txt	dir	600	lilingfeng	lilingfeng	10	1786944590.7549455580	
/home/lilingfeng/tmp/juicefs-c03-r1-20260817-131615/cache/go-build-126/d4	dir	700	lilingfeng	lilingfeng	16384	1786945685.2762648680	
/home/lilingfeng/tmp/juicefs-c03-r1-20260817-131615/cache/go-build-126/4d	dir	700	lilingfeng	lilingfeng	16384	1786945730.2502771040	
/home/lilingfeng/tmp/juicefs-c03-r1-20260817-131615/cache/go-build-126/bd	dir	700	lilingfeng	lilingfeng	16384	1786945730.4863107680	
/home/lilingfeng/tmp/juicefs-c03-r1-20260817-131615/cache/go-build-126/af	dir	700	lilingfeng	lilingfeng	12288	1786945732.0505338480	
/home/lilingfeng/tmp/juicefs-c03-r1-20260817-131615/cache/go-build-126/94	dir	700	lilingfeng	lilingfeng	12288	1786945732.1745515310	
/home/lilingfeng/tmp/juicefs-c03-r1-20260817-131615/cache/go-build-126/9f	dir	700	lilingfeng	lilingfeng	20480	1786945734.1388317230	
/home/lilingfeng/tmp/juicefs-c03-r1-20260817-131615/cache/go-build-126/b7	dir	700	lilingfeng	lilingfeng	12288	1786945687.6721460590	
/home/lilingfeng/tmp/juicefs-c03-r1-20260817-131615/cache/go-build-126/c8	dir	700	lilingfeng	lilingfeng	16384	1786945686.4682298380	
/home/lilingfeng/tmp/juicefs-c03-r1-20260817-131615/cache/go-build-126/8d	dir	700	lilingfeng	lilingfeng	12288	1786945682.8639120860	
/home/lilingfeng/tmp/juicefs-c03-r1-20260817-131615/cache/go-build-126/3e	dir	700	lilingfeng	lilingfeng	20480	1786945686.4522351230	
/home/lilingfeng/tmp/juicefs-c03-r1-20260817-131615/cache/go-build-126/39	dir	700	lilingfeng	lilingfeng	20480	1786945686.0563659540	
/home/lilingfeng/tmp/juicefs-c03-r1-20260817-131615/cache/go-build-126/52	dir	700	lilingfeng	lilingfeng	16384	1786945686.4442377670	
/home/lilingfeng/tmp/juicefs-c03-r1-20260817-131615/cache/go-build-126/10	dir	700	lilingfeng	lilingfeng	12288	1786945684.9082110460	
/home/lilingfeng/tmp/juicefs-c03-r1-20260817-131615/cache/go-build-126/56	dir	700	lilingfeng	lilingfeng	16384	1786945687.6721460590	
/home/lilingfeng/tmp/juicefs-c03-r1-20260817-131615/cache/go-build-126/92	dir	700	lilingfeng	lilingfeng	16384	1786945687.6681454480	
/home/lilingfeng/tmp/juicefs-c03-r1-20260817-131615/cache/go-build-126/18	dir	700	lilingfeng	lilingfeng	16384	1786945700.2299806780	
/home/lilingfeng/tmp/juicefs-c03-r1-20260817-131615/cache/go-build-126/e8	dir	700	lilingfeng	lilingfeng	16384	1786945684.5921648260	
/home/lilingfeng/tmp/juicefs-c03-r1-20260817-131615/cache/go-build-126/a6	dir	700	lilingfeng	lilingfeng	12288	1786945686.6081835850	
/home/lilingfeng/tmp/juicefs-c03-r1-20260817-131615/cache/go-build-126/02	dir	700	lilingfeng	lilingfeng	20480	1786945687.4561131400	
/home/lilingfeng/tmp/juicefs-c03-r1-20260817-131615/cache/go-build-126/24	dir	700	lilingfeng	lilingfeng	16384	1786945684.8161975910	
/home/lilingfeng/tmp/juicefs-c03-r1-20260817-131615/cache/go-build-126/d3	dir	700	lilingfeng	lilingfeng	20480	1786945701.3421425670	
/home/lilingfeng/tmp/juicefs-c03-r1-20260817-131615/cache/go-build-126/32	dir	700	lilingfeng	lilingfeng	16384	1786945683.8400548400	
/home/lilingfeng/tmp/juicefs-c03-r1-20260817-131615/cache/go-build-126/e5	dir	700	lilingfeng	lilingfeng	16384	1786945699.8619293020	
/home/lilingfeng/tmp/juicefs-c03-r1-20260817-131615/cache/go-build-126/c6	dir	700	lilingfeng	lilingfeng	16384	1786945696.9535231440	
/home/lilingfeng/tmp/juicefs-c03-r1-20260817-131615/cache/go-build-126/f9	dir	700	lilingfeng	lilingfeng	20480	1786945687.2080753520	
/home/lilingfeng/tmp/juicefs-c03-r1-20260817-131615/cache/go-build-126/59	dir	700	lilingfeng	lilingfeng	12288	1786945699.8659298580	
/home/lilingfeng/tmp/juicefs-c03-r1-20260817-131615/cache/go-build-126/91	dir	700	lilingfeng	lilingfeng	16384	1786945687.6721460590	
/home/lilingfeng/tmp/juicefs-c03-r1-20260817-131615/cache/go-build-126/be	dir	700	lilingfeng	lilingfeng	20480	1786945730.7223444270	
/home/lilingfeng/tmp/juicefs-c03-r1-20260817-131615/cache/go-build-126/2d	dir	700	lilingfeng	lilingfeng	16384	1786945685.7443350260	
/home/lilingfeng/tmp/juicefs-c03-r1-20260817-131615/cache/go-build-126/b1	dir	700	lilingfeng	lilingfeng	16384	1786945685.0642338640	
/home/lilingfeng/tmp/juicefs-c03-r1-20260817-131615/cache/go-build-126/c9	dir	700	lilingfeng	lilingfeng	16384	1786945693.4530268510	
/home/lilingfeng/tmp/juicefs-c03-r1-20260817-131615/cache/go-build-126/f7	dir	700	lilingfeng	lilingfeng	16384	1786945697.9896678440	
/home/lilingfeng/tmp/juicefs-c03-r1-20260817-131615/cache/go-build-126/dd	dir	700	lilingfeng	lilingfeng	20480	1786945685.3322730590	
/home/lilingfeng/tmp/juicefs-c03-r1-20260817-131615/cache/go-build-126/4c	dir	700	lilingfeng	lilingfeng	12288	1786945687.2080753520	
/home/lilingfeng/tmp/juicefs-c03-r1-20260817-131615/cache/go-build-126/57	dir	700	lilingfeng	lilingfeng	20480	1786945687.5001198460	
/home/lilingfeng/tmp/juicefs-c03-r1-20260817-131615/cache/go-build-126/7a	dir	700	lilingfeng	lilingfeng	20480	1786945734.0268156900	
/home/lilingfeng/tmp/juicefs-c03-r1-20260817-131615/cache/go-build-126/75	dir	700	lilingfeng	lilingfeng	12288	1786945730.7543489910	
/home/lilingfeng/tmp/juicefs-c03-r1-20260817-131615/cache/go-build-126/37	dir	700	lilingfeng	lilingfeng	16384	1786945730.2702799570	
/home/lilingfeng/tmp/juicefs-c03-r1-20260817-131615/cache/go-build-126/5f	dir	700	lilingfeng	lilingfeng	16384	1786945737.1032587510	
/home/lilingfeng/tmp/juicefs-c03-r1-20260817-131615/cache/go-build-126/67	dir	700	lilingfeng	lilingfeng	16384	1786945683.1999612320	
/home/lilingfeng/tmp/juicefs-c03-r1-20260817-131615/cache/go-build-126/98	dir	700	lilingfeng	lilingfeng	16384	1786945730.2502771040	
/home/lilingfeng/tmp/juicefs-c03-r1-20260817-131615/cache/go-build-126/a0	dir	700	lilingfeng	lilingfeng	12288	1786945688.1202143270	
/home/lilingfeng/tmp/juicefs-c03-r1-20260817-131615/cache/go-build-126/fa	dir	700	lilingfeng	lilingfeng	16384	1786945486.6418238270	
/home/lilingfeng/tmp/juicefs-c03-r1-20260817-131615/cache/go-build-126/82	dir	700	lilingfeng	lilingfeng	20480	1786945685.3922818360	
/home/lilingfeng/tmp/juicefs-c03-r1-20260817-131615/cache/go-build-126/6b	dir	700	lilingfeng	lilingfeng	20480	1786945687.8681759250	
/home/lilingfeng/tmp/juicefs-c03-r1-20260817-131615/cache/go-build-126/38	dir	700	lilingfeng	lilingfeng	16384	1786945730.8143575500	
/home/lilingfeng/tmp/juicefs-c03-r1-20260817-131615/cache/go-build-126/60	dir	700	lilingfeng	lilingfeng	16384	1786945683.4199934090	
/home/lilingfeng/tmp/juicefs-c03-r1-20260817-131615/cache/go-build-126/78	dir	700	lilingfeng	lilingfeng	16384	1786945733.6147569250	
/home/lilingfeng/tmp/juicefs-c03-r1-20260817-131615/cache/go-build-126/c1	dir	700	lilingfeng	lilingfeng	12288	1786945687.2080753520	
/home/lilingfeng/tmp/juicefs-c03-r1-20260817-131615/cache/go-build-126/93	dir	700	lilingfeng	lilingfeng	16384	1786945684.5921648260	
/home/lilingfeng/tmp/juicefs-c03-r1-20260817-131615/cache/go-build-126/99	dir	700	lilingfeng	lilingfeng	12288	1786945687.8681759250	
/home/lilingfeng/tmp/juicefs-c03-r1-20260817-131615/cache/go-build-126/3b	dir	700	lilingfeng	lilingfeng	12288	1786945684.1400987170	
/home/lilingfeng/tmp/juicefs-c03-r1-20260817-131615/cache/go-build-126/f1	dir	700	lilingfeng	lilingfeng	12288	1786945687.8681759250	
/home/lilingfeng/tmp/juicefs-c03-r1-20260817-131615/cache/go-build-126/b6	dir	700	lilingfeng	lilingfeng	12288	1786945732.1025412620	
/home/lilingfeng/tmp/juicefs-c03-r1-20260817-131615/cache/go-build-126/8c	dir	700	lilingfeng	lilingfeng	12288	1786945730.2702799570	
/home/lilingfeng/tmp/juicefs-c03-r1-20260817-131615/cache/go-build-126/79	dir	700	lilingfeng	lilingfeng	16384	1786945683.8480560110	
/home/lilingfeng/tmp/juicefs-c03-r1-20260817-131615/cache/go-build-126/55	dir	700	lilingfeng	lilingfeng	12288	1786945687.4601137500	
/home/lilingfeng/tmp/juicefs-c03-r1-20260817-131615/cache/go-build-126/9b	dir	700	lilingfeng	lilingfeng	20480	1786945685.0562326930	
/home/lilingfeng/tmp/juicefs-c03-r1-20260817-131615/cache/go-build-126/ca	dir	700	lilingfeng	lilingfeng	16384	1786945734.0188145490	
/home/lilingfeng/tmp/juicefs-c03-r1-20260817-131615/cache/go-build-126/6e	dir	700	lilingfeng	lilingfeng	16384	1786945701.3181390730	
/home/lilingfeng/tmp/juicefs-c03-r1-20260817-131615/cache/go-build-126/4e	dir	700	lilingfeng	lilingfeng	16384	1786945730.2742805300	
/home/lilingfeng/tmp/juicefs-c03-r1-20260817-131615/cache/go-build-126/6c	dir	700	lilingfeng	lilingfeng	20480	1786945730.7543489910	
/home/lilingfeng/tmp/juicefs-c03-r1-20260817-131615/cache/go-build-126/51	dir	700	lilingfeng	lilingfeng	12288	1786945730.7703512760	
/home/lilingfeng/tmp/juicefs-c03-r1-20260817-131615/cache/go-build-126/53	dir	700	lilingfeng	lilingfeng	20480	1786945732.0465332750	
/home/lilingfeng/tmp/juicefs-c03-r1-20260817-131615/cache/go-build-126/09	dir	700	lilingfeng	lilingfeng	16384	1786945687.6201381330	
/home/lilingfeng/tmp/juicefs-c03-r1-20260817-131615/cache/go-build-126/81	dir	700	lilingfeng	lilingfeng	12288	1786945687.2160765690	
/home/lilingfeng/tmp/juicefs-c03-r1-20260817-131615/cache/go-build-126/5d	dir	700	lilingfeng	lilingfeng	12288	1786945731.7744944800	
/home/lilingfeng/tmp/juicefs-c03-r1-20260817-131615/cache/go-build-126/9c	dir	700	lilingfeng	lilingfeng	16384	1786945687.4601137500	
/home/lilingfeng/tmp/juicefs-c03-r1-20260817-131615/cache/go-build-126/fb	dir	700	lilingfeng	lilingfeng	20480	1786945734.0188145490	
/home/lilingfeng/tmp/juicefs-c03-r1-20260817-131615/cache/go-build-126/7c	dir	700	lilingfeng	lilingfeng	16384	1786945686.2363064850	
/home/lilingfeng/tmp/juicefs-c03-r1-20260817-131615/cache/go-build-126/d5	dir	700	lilingfeng	lilingfeng	12288	1786945697.9896678440	
/home/lilingfeng/tmp/juicefs-c03-r1-20260817-131615/cache/go-build-126/70	dir	700	lilingfeng	lilingfeng	12288	1786945684.5601601460	
/home/lilingfeng/tmp/juicefs-c03-r1-20260817-131615/cache/go-build-126/f5	dir	700	lilingfeng	lilingfeng	20480	1786945683.5560133040	
/home/lilingfeng/tmp/juicefs-c03-r1-20260817-131615/cache/go-build-126/0d	dir	700	lilingfeng	lilingfeng	16384	1786945732.1785521030	
/home/lilingfeng/tmp/juicefs-c03-r1-20260817-131615/cache/go-build-126/72	dir	700	lilingfeng	lilingfeng	16384	1786945684.4521443510	
/home/lilingfeng/tmp/juicefs-c03-r1-20260817-131615/cache/go-build-126/e4	dir	700	lilingfeng	lilingfeng	16384	1786945693.4010189280	
/home/lilingfeng/tmp/juicefs-c03-r1-20260817-131615/cache/go-build-126/d2	dir	700	lilingfeng	lilingfeng	16384	1786945730.7503484230	
/home/lilingfeng/tmp/juicefs-c03-r1-20260817-131615/cache/go-build-126/b0	dir	700	lilingfeng	lilingfeng	16384	1786945685.3122701340	
/home/lilingfeng/tmp/juicefs-c03-r1-20260817-131615/cache/go-build-126/fe	dir	700	lilingfeng	lilingfeng	16384	1786945697.9896678440	
/home/lilingfeng/tmp/juicefs-c03-r1-20260817-131615/cache/go-build-126/41	dir	700	lilingfeng	lilingfeng	12288	1786945698.3697209130	
/home/lilingfeng/tmp/juicefs-c03-r1-20260817-131615/cache/go-build-126/3c	dir	700	lilingfeng	lilingfeng	16384	1786945687.7001503260	
/home/lilingfeng/tmp/juicefs-c03-r1-20260817-131615/cache/go-build-126/45	dir	700	lilingfeng	lilingfeng	12288	1786945692.3968659320	
/home/lilingfeng/tmp/juicefs-c03-r1-20260817-131615/cache/go-build-126/87	dir	700	lilingfeng	lilingfeng	20480	1786945685.1162414690	
/home/lilingfeng/tmp/juicefs-c03-r1-20260817-131615/cache/go-build-126/0e	dir	700	lilingfeng	lilingfeng	20480	1786945683.8240525000	
/home/lilingfeng/tmp/juicefs-c03-r1-20260817-131615/cache/go-build-126/cf	dir	700	lilingfeng	lilingfeng	16384	1786945683.5320097910	
/home/lilingfeng/tmp/juicefs-c03-r1-20260817-131615/cache/go-build-126/b9	dir	700	lilingfeng	lilingfeng	12288	1786945686.6081835850	
/home/lilingfeng/tmp/juicefs-c03-r1-20260817-131615/cache/go-build-126/64	dir	700	lilingfeng	lilingfeng	16384	1786945686.7081505470	
/home/lilingfeng/tmp/juicefs-c03-r1-20260817-131615/cache/go-build-126/ed	dir	700	lilingfeng	lilingfeng	16384	1786945733.6467614890	
/home/lilingfeng/tmp/juicefs-c03-r1-20260817-131615/cache/go-build-126/f6	dir	700	lilingfeng	lilingfeng	20480	1786945687.1120607240	
/home/lilingfeng/tmp/juicefs-c03-r1-20260817-131615/cache/go-build-126/90	dir	700	lilingfeng	lilingfeng	12288	1786945684.4481437670	
/home/lilingfeng/tmp/juicefs-c03-r1-20260817-131615/cache/go-build-126/44	dir	700	lilingfeng	lilingfeng	12288	1786945686.3642641970	
/home/lilingfeng/tmp/juicefs-c03-r1-20260817-131615/cache/go-build-126/06	dir	700	lilingfeng	lilingfeng	16384	1786945687.6321399640	
/home/lilingfeng/tmp/juicefs-c03-r1-20260817-131615/cache/go-build-126/20	dir	700	lilingfeng	lilingfeng	12288	1786945686.7601333660	
/home/lilingfeng/tmp/juicefs-c03-r1-20260817-131615/cache/go-build-126/0c	dir	700	lilingfeng	lilingfeng	16384	1786945687.8681759250	
/home/lilingfeng/tmp/juicefs-c03-r1-20260817-131615/cache/go-build-126/62	dir	700	lilingfeng	lilingfeng	12288	1786945730.7543489910	
/home/lilingfeng/tmp/juicefs-c03-r1-20260817-131615/cache/go-build-126/13	dir	700	lilingfeng	lilingfeng	12288	1786945687.9601899470	
/home/lilingfeng/tmp/juicefs-c03-r1-20260817-131615/cache/go-build-126/7e	dir	700	lilingfeng	lilingfeng	20480	1786945687.8641753170	
/home/lilingfeng/tmp/juicefs-c03-r1-20260817-131615/cache/go-build-126/47	dir	700	lilingfeng	lilingfeng	16384	1786945684.5601601460	
/home/lilingfeng/tmp/juicefs-c03-r1-20260817-131615/cache/go-build-126/63	dir	700	lilingfeng	lilingfeng	12288	1786945698.3617197950	
/home/lilingfeng/tmp/juicefs-c03-r1-20260817-131615/cache/go-build-126/e9	dir	700	lilingfeng	lilingfeng	16384	1786945730.2502771040	
/home/lilingfeng/tmp/juicefs-c03-r1-20260817-131615/cache/go-build-126/cc	dir	700	lilingfeng	lilingfeng	12288	1786945687.9201838490	
/home/lilingfeng/tmp/juicefs-c03-r1-20260817-131615/cache/go-build-126/88	dir	700	lilingfeng	lilingfeng	16384	1786945686.5322086930	
/home/lilingfeng/tmp/juicefs-c03-r1-20260817-131615/cache/go-build-126/b4	dir	700	lilingfeng	lilingfeng	20480	1786945687.6241387430	
/home/lilingfeng/tmp/juicefs-c03-r1-20260817-131615/cache/go-build-126/43	dir	700	lilingfeng	lilingfeng	12288	1786945687.4601137500	
/home/lilingfeng/tmp/juicefs-c03-r1-20260817-131615/cache/go-build-126/35	dir	700	lilingfeng	lilingfeng	16384	1786945730.2582782480	
/home/lilingfeng/tmp/juicefs-c03-r1-20260817-131615/cache/go-build-126/dc	dir	700	lilingfeng	lilingfeng	12288	1786945683.2039618170	
/home/lilingfeng/tmp/juicefs-c03-r1-20260817-131615/cache/go-build-126/15	dir	700	lilingfeng	lilingfeng	20480	1786945687.8001655630	
/home/lilingfeng/tmp/juicefs-c03-r1-20260817-131615/cache/go-build-126/11	dir	700	lilingfeng	lilingfeng	12288	1786945730.7223444270	
/home/lilingfeng/tmp/juicefs-c03-r1-20260817-131615/cache/go-build-126/de	dir	700	lilingfeng	lilingfeng	12288	1786945686.2323078070	
/home/lilingfeng/tmp/juicefs-c03-r1-20260817-131615/cache/go-build-126/61	dir	700	lilingfeng	lilingfeng	16384	1786945686.4762271940	
/home/lilingfeng/tmp/juicefs-c03-r1-20260817-131615/cache/go-build-126/00	dir	700	lilingfeng	lilingfeng	12288	1786945683.9200665420	
/home/lilingfeng/tmp/juicefs-c03-r1-20260817-131615/cache/go-build-126/2a	dir	700	lilingfeng	lilingfeng	12288	1786945687.6361405710	
/home/lilingfeng/tmp/juicefs-c03-r1-20260817-131615/cache/go-build-126/03	dir	700	lilingfeng	lilingfeng	16384	1786945687.7961649550	
/home/lilingfeng/tmp/juicefs-c03-r1-20260817-131615/cache/go-build-126/89	dir	700	lilingfeng	lilingfeng	20480	1786945700.2259801420	
/home/lilingfeng/tmp/juicefs-c03-r1-20260817-131615/cache/go-build-126/36	dir	700	lilingfeng	lilingfeng	12288	1786945687.4681149710	
/home/lilingfeng/tmp/juicefs-c03-r1-20260817-131615/cache/go-build-126/d7	dir	700	lilingfeng	lilingfeng	16384	1786945683.3199787830	
/home/lilingfeng/tmp/juicefs-c03-r1-20260817-131615/cache/go-build-126/23	dir	700	lilingfeng	lilingfeng	12288	1786945700.2219795810	
/home/lilingfeng/tmp/juicefs-c03-r1-20260817-131615/cache/go-build-126/d8	dir	700	lilingfeng	lilingfeng	12288	1786945730.2702799570	
/home/lilingfeng/tmp/juicefs-c03-r1-20260817-131615/cache/go-build-126/c0	dir	700	lilingfeng	lilingfeng	16384	1786945687.1960735210	
/home/lilingfeng/tmp/juicefs-c03-r1-20260817-131615/cache/go-build-126/21	dir	700	lilingfeng	lilingfeng	16384	1786945702.7703495840	
/home/lilingfeng/tmp/juicefs-c03-r1-20260817-131615/cache/go-build-126/42	dir	700	lilingfeng	lilingfeng	16384	1786945681.9757822110	
/home/lilingfeng/tmp/juicefs-c03-r1-20260817-131615/cache/go-build-126/33	dir	700	lilingfeng	lilingfeng	16384	1786945686.4642311600	
/home/lilingfeng/tmp/juicefs-c03-r1-20260817-131615/cache/go-build-126/9a	dir	700	lilingfeng	lilingfeng	12288	1786945684.8642046110	
/home/lilingfeng/tmp/juicefs-c03-r1-20260817-131615/cache/go-build-126/71	dir	700	lilingfeng	lilingfeng	12288	1786945732.1025412620	
/home/lilingfeng/tmp/juicefs-c03-r1-20260817-131615/cache/go-build-126/bb	dir	700	lilingfeng	lilingfeng	20480	1786945730.7543489910	
/home/lilingfeng/tmp/juicefs-c03-r1-20260817-131615/cache/go-build-126/74	dir	700	lilingfeng	lilingfeng	20480	1786945734.0188145490	
/home/lilingfeng/tmp/juicefs-c03-r1-20260817-131615/cache/go-build-126/04	dir	700	lilingfeng	lilingfeng	16384	1786945734.0268156900	
/home/lilingfeng/tmp/juicefs-c03-r1-20260817-131615/cache/go-build-126/31	dir	700	lilingfeng	lilingfeng	16384	1786945686.4682298380	
/home/lilingfeng/tmp/juicefs-c03-r1-20260817-131615/cache/os-tmp	dir	700	lilingfeng	lilingfeng	4096	1786945747.8327853460	
/home/lilingfeng/tmp/juicefs-c03-r1-20260817-131615/cache/os-tmp/meta	dir	700	lilingfeng	lilingfeng	4096	1786945465.2345328620	
/home/lilingfeng/tmp/juicefs-c03-r1-20260817-131615/cache/go-mod	dir	700	lilingfeng	lilingfeng	4096	1786945607.8364799540	
/home/lilingfeng/tmp/juicefs-c03-r1-20260817-131615/cache/go-mod/sigs.k8s.io	dir	700	lilingfeng	lilingfeng	4096	1786944253.7270116790	
/home/lilingfeng/tmp/juicefs-c03-r1-20260817-131615/cache/go-mod/modernc.org	dir	700	lilingfeng	lilingfeng	4096	1786944251.5905668700	
/home/lilingfeng/tmp/juicefs-c03-r1-20260817-131615/cache/go-mod/go.opencensus.io@v0.24.0	dir	500	lilingfeng	lilingfeng	4096	1786944218.6077485700	
/home/lilingfeng/tmp/juicefs-c03-r1-20260817-131615/cache/go-mod/gonum.org	dir	700	lilingfeng	lilingfeng	4096	1786945472.0075772680	
/home/lilingfeng/tmp/juicefs-c03-r1-20260817-131615/cache/go-mod/gitlab.com	dir	700	lilingfeng	lilingfeng	4096	1786945560.7612039140	
/home/lilingfeng/tmp/juicefs-c03-r1-20260817-131615/cache/go-mod/honnef.co	dir	700	lilingfeng	lilingfeng	4096	1786945583.0966568110	
/home/lilingfeng/tmp/juicefs-c03-r1-20260817-131615/cache/go-mod/gitea.com	dir	700	lilingfeng	lilingfeng	4096	1786945468.2910049040	
/home/lilingfeng/tmp/juicefs-c03-r1-20260817-131615/cache/go-mod/codeberg.org	dir	700	lilingfeng	lilingfeng	4096	1786945607.8364799540	
/home/lilingfeng/tmp/juicefs-c03-r1-20260817-131615/cache/go-mod/go.uber.org	dir	700	lilingfeng	lilingfeng	4096	1786945600.7993900620	
/home/lilingfeng/tmp/juicefs-c03-r1-20260817-131615/cache/go-mod/cloud.google.com	dir	700	lilingfeng	lilingfeng	4096	1786943958.5956980510	
/home/lilingfeng/tmp/juicefs-c03-r1-20260817-131615/cache/go-mod/dev.gaijin.team	dir	700	lilingfeng	lilingfeng	4096	1786945562.7615129120	
/home/lilingfeng/tmp/juicefs-c03-r1-20260817-131615/cache/go-mod/cel.dev	dir	700	lilingfeng	lilingfeng	4096	1786943954.6964272270	
/home/lilingfeng/tmp/juicefs-c03-r1-20260817-131615/cache/go-mod/storj.io	dir	700	lilingfeng	lilingfeng	4096	1786944287.5901019050	
/home/lilingfeng/tmp/juicefs-c03-r1-20260817-131615/cache/go-mod/google.golang.org	dir	700	lilingfeng	lilingfeng	4096	1786945609.1206766710	
/home/lilingfeng/tmp/juicefs-c03-r1-20260817-131615/cache/go-mod/git.apache.org	dir	700	lilingfeng	lilingfeng	4096	1786944033.8896026930	
/home/lilingfeng/tmp/juicefs-c03-r1-20260817-131615/cache/go-mod/mvdan.cc	dir	700	lilingfeng	lilingfeng	4096	1786945584.9369408220	
/home/lilingfeng/tmp/juicefs-c03-r1-20260817-131615/cache/go-mod/github.com	dir	700	lilingfeng	lilingfeng	12288	1786945601.8075469130	
/home/lilingfeng/tmp/juicefs-c03-r1-20260817-131615/cache/go-mod/go.mongodb.org	dir	700	lilingfeng	lilingfeng	4096	1786944336.0802226460	
/home/lilingfeng/tmp/juicefs-c03-r1-20260817-131615/cache/go-mod/4d63.com	dir	700	lilingfeng	lilingfeng	4096	1786945562.7895172410	
/home/lilingfeng/tmp/juicefs-c03-r1-20260817-131615/cache/go-mod/xorm.io	dir	700	lilingfeng	lilingfeng	4096	1786944269.6103204070	
/home/lilingfeng/tmp/juicefs-c03-r1-20260817-131615/cache/go-mod/go.augendre.info	dir	700	lilingfeng	lilingfeng	4096	1786945562.0293998230	
/home/lilingfeng/tmp/juicefs-c03-r1-20260817-131615/cache/go-mod/go.yaml.in	dir	700	lilingfeng	lilingfeng	4096	1786944222.7046026310	
/home/lilingfeng/tmp/juicefs-c03-r1-20260817-131615/cache/go-mod/gopkg.in	dir	700	lilingfeng	lilingfeng	4096	1786945471.1114394660	
/home/lilingfeng/tmp/juicefs-c03-r1-20260817-131615/cache/go-mod/go.etcd.io	dir	700	lilingfeng	lilingfeng	4096	1786944090.6640096170	
/home/lilingfeng/tmp/juicefs-c03-r1-20260817-131615/cache/go-mod/go.opentelemetry.io	dir	700	lilingfeng	lilingfeng	4096	1786944327.7144748470	
/home/lilingfeng/tmp/juicefs-c03-r1-20260817-131615/cache/go-mod/pgregory.net	dir	700	lilingfeng	lilingfeng	4096	1786943940.6790298650	
/home/lilingfeng/tmp/juicefs-c03-r1-20260817-131615/cache/go-mod/golang.org	dir	700	lilingfeng	lilingfeng	4096	1786943929.5931037790	
/home/lilingfeng/tmp/juicefs-c03-r1-20260817-131615/cache/go-mod/filippo.io	dir	700	lilingfeng	lilingfeng	4096	1786943978.5719570560	
/home/lilingfeng/tmp/juicefs-c03-r1-20260817-131615/cache/go-mod/go-simpler.org	dir	700	lilingfeng	lilingfeng	4096	1786945583.7687605360	
/home/lilingfeng/tmp/juicefs-c03-r1-20260817-131615/cache/go-mod/cache	dir	700	lilingfeng	lilingfeng	4096	1786945474.6679863670	
/home/lilingfeng/tmp/juicefs-c03-r1-20260817-131615/cache/go-tmp	dir	700	lilingfeng	lilingfeng	4096	1786945755.0178056510	
/home/lilingfeng/tmp/juicefs-c03-r1-input-20260817-131459	dir	755	lilingfeng	lilingfeng	4096	1786943775.3019381610	
/home/lilingfeng/tmp/juicefs-c03-r1-input-20260817-131459/runner.pid	dir	644	lilingfeng	lilingfeng	8	1786943775.3019381610	
/home/lilingfeng/tmp/juicefs-c03-r1-input-20260817-131459/run-c03-r1.sh	dir	644	lilingfeng	lilingfeng	42655	1786943759.3368762280	
/home/lilingfeng/tmp/juicefs-c03-r1-input-20260817-131459/async-catchup-main.patch	dir	600	lilingfeng	lilingfeng	545	1786943699.8323976370	
/home/lilingfeng/tmp/juicefs-c03-r1-input-20260817-131459/forbidden-patterns.txt	dir	644	lilingfeng	lilingfeng	289	1786943699.8363968280	
/home/lilingfeng/tmp/juicefs-c03-r1-input-20260817-131459/anchors.expected	dir	644	lilingfeng	lilingfeng	268	1786943699.8323976370	
/home/lilingfeng/tmp/juicefs-c03-r1-input-20260817-131459/writer_flush_c02_test.go	dir	600	lilingfeng	lilingfeng	14281	1786943699.8323976370	
/home/lilingfeng/tmp/juicefs-c03-r1-input-20260817-131459/runner-static-review.txt	dir	644	lilingfeng	lilingfeng	879	1786943759.3448746180	
/home/lilingfeng/tmp/juicefs-c03-r1-input-20260817-131459/writer_flush_test.go	dir	600	lilingfeng	lilingfeng	5874	1786943699.8283984430	
/home/lilingfeng/tmp/juicefs-c03-r1-input-20260817-131459/runner-stdout.log	dir	644	lilingfeng	lilingfeng	3557	1786945783.3298403650	
/home/lilingfeng/tmp/juicefs-c03-r1-input-20260817-131459/input.sha256	dir	644	lilingfeng	lilingfeng	701	1786943759.3488738150	
/home/lilingfeng/tmp/juicefs-c03-r1-input-20260817-131459/pre-run-adaptations.md	dir	644	lilingfeng	lilingfeng	1143	1786943759.3448746180	
/home/lilingfeng/tmp/juicefs-c03-r1-20260817-140452	dir	700	lilingfeng	lilingfeng	4096	1786948783.8797316070	
/home/lilingfeng/tmp/juicefs-c03-r1-20260817-140452/src	dir	700	lilingfeng	lilingfeng	4096	1786946722.7862143450	
/home/lilingfeng/tmp/juicefs-c03-r1-20260817-140452/src/upstream-fetch	dir	700	lilingfeng	lilingfeng	4096	1786946721.5739932620	
/home/lilingfeng/tmp/juicefs-c03-r1-20260817-140452/src/upstream-fetch/go.sum	dir	600	lilingfeng	lilingfeng	112362	1786946721.5739932620	
/home/lilingfeng/tmp/juicefs-c03-r1-20260817-140452/src/upstream-fetch/Makefile	dir	600	lilingfeng	lilingfeng	5749	1786946721.5739932620	
/home/lilingfeng/tmp/juicefs-c03-r1-20260817-140452/src/upstream-fetch/go.mod	dir	600	lilingfeng	lilingfeng	19470	1786946721.5739932620	
/home/lilingfeng/tmp/juicefs-c03-r1-20260817-140452/src/upstream-fetch/CONTRIBUTING.md	dir	600	lilingfeng	lilingfeng	2559	1786946721.5739932620	
/home/lilingfeng/tmp/juicefs-c03-r1-20260817-140452/src/upstream-fetch/.github	dir	700	lilingfeng	lilingfeng	4096	1786946721.5739932620	
/home/lilingfeng/tmp/juicefs-c03-r1-20260817-140452/src/upstream-fetch/.golangci.yml	dir	600	lilingfeng	lilingfeng	610	1786946721.5739932620	
/home/lilingfeng/tmp/juicefs-c03-r1-20260817-140452/src/B-candidate	dir	700	lilingfeng	lilingfeng	4096	1786948702.7698382890	
/home/lilingfeng/tmp/juicefs-c03-r1-20260817-140452/src/B-candidate/go.sum	dir	600	lilingfeng	lilingfeng	112362	1786946722.2621187600	
/home/lilingfeng/tmp/juicefs-c03-r1-20260817-140452/src/B-candidate/README.md	dir	600	lilingfeng	lilingfeng	14614	1786946722.0580815500	
/home/lilingfeng/tmp/juicefs-c03-r1-20260817-140452/src/B-candidate/LICENSE	dir	600	lilingfeng	lilingfeng	11358	1786946722.0580815500	
/home/lilingfeng/tmp/juicefs-c03-r1-20260817-140452/src/B-candidate/ADOPTERS_CN.md	dir	600	lilingfeng	lilingfeng	117	1786946722.0580815500	
/home/lilingfeng/tmp/juicefs-c03-r1-20260817-140452/src/B-candidate/.markdownlint-cli2.jsonc	dir	600	lilingfeng	lilingfeng	3561	1786946722.0580815500	
/home/lilingfeng/tmp/juicefs-c03-r1-20260817-140452/src/B-candidate/package.json	dir	600	lilingfeng	lilingfeng	988	1786946722.2661194890	
/home/lilingfeng/tmp/juicefs-c03-r1-20260817-140452/src/B-candidate/AGENTS.md	dir	600	lilingfeng	lilingfeng	5865	1786946722.0580815500	
/home/lilingfeng/tmp/juicefs-c03-r1-20260817-140452/src/B-candidate/test	dir	700	lilingfeng	lilingfeng	4096	1786946722.2901238690	
/home/lilingfeng/tmp/juicefs-c03-r1-20260817-140452/src/B-candidate/Makefile	dir	600	lilingfeng	lilingfeng	5749	1786946722.0580815500	
/home/lilingfeng/tmp/juicefs-c03-r1-20260817-140452/src/B-candidate/check-changed.sh	dir	600	lilingfeng	lilingfeng	420	1786946722.0580815500	
/home/lilingfeng/tmp/juicefs-c03-r1-20260817-140452/src/B-candidate/rfcs	dir	700	lilingfeng	lilingfeng	4096	1786946722.2821224100	
/home/lilingfeng/tmp/juicefs-c03-r1-20260817-140452/src/B-candidate/main.go	dir	600	lilingfeng	lilingfeng	843	1786946722.2621187600	
/home/lilingfeng/tmp/juicefs-c03-r1-20260817-140452/src/B-candidate/juicefs.lite	dir	700	lilingfeng	lilingfeng	39659184	1786948702.7658377960	
/home/lilingfeng/tmp/juicefs-c03-r1-20260817-140452/src/B-candidate/.pre-commit-config.yaml	dir	600	lilingfeng	lilingfeng	325	1786946722.0580815500	
/home/lilingfeng/tmp/juicefs-c03-r1-20260817-140452/src/B-candidate/docs	dir	700	lilingfeng	lilingfeng	4096	1786946722.1661012500	
/home/lilingfeng/tmp/juicefs-c03-r1-20260817-140452/src/B-candidate/hack	dir	700	lilingfeng	lilingfeng	4096	1786946722.2621187600	
/home/lilingfeng/tmp/juicefs-c03-r1-20260817-140452/src/B-candidate/codecov.yml	dir	600	lilingfeng	lilingfeng	77	1786946722.0620822790	
/home/lilingfeng/tmp/juicefs-c03-r1-20260817-140452/src/B-candidate/package-lock.json	dir	600	lilingfeng	lilingfeng	585450	1786946722.2661194890	
/home/lilingfeng/tmp/juicefs-c03-r1-20260817-140452/src/B-candidate/juicefs	dir	700	lilingfeng	lilingfeng	126817264	1786948696.7490989900	
/home/lilingfeng/tmp/juicefs-c03-r1-20260817-140452/src/B-candidate/cmd	dir	700	lilingfeng	lilingfeng	4096	1786946722.0620822790	
/home/lilingfeng/tmp/juicefs-c03-r1-20260817-140452/src/B-candidate/CODE_OF_CONDUCT.md	dir	600	lilingfeng	lilingfeng	5483	1786946722.0580815500	
/home/lilingfeng/tmp/juicefs-c03-r1-20260817-140452/src/B-candidate/CODEOWNERS	dir	600	lilingfeng	lilingfeng	19	1786946722.0580815500	
/home/lilingfeng/tmp/juicefs-c03-r1-20260817-140452/src/B-candidate/integration	dir	700	lilingfeng	lilingfeng	4096	1786946722.2621187600	
/home/lilingfeng/tmp/juicefs-c03-r1-20260817-140452/src/B-candidate/go.mod	dir	600	lilingfeng	lilingfeng	19470	1786946722.2621187600	
/home/lilingfeng/tmp/juicefs-c03-r1-20260817-140452/src/B-candidate/CLAUDE.md	dir	600	lilingfeng	lilingfeng	11	1786946722.0580815500	
/home/lilingfeng/tmp/juicefs-c03-r1-20260817-140452/src/B-candidate/deploy	dir	700	lilingfeng	lilingfeng	4096	1786946722.0620822790	
/home/lilingfeng/tmp/juicefs-c03-r1-20260817-140452/src/B-candidate/CONTRIBUTING.md	dir	600	lilingfeng	lilingfeng	2559	1786946722.0580815500	
/home/lilingfeng/tmp/juicefs-c03-r1-20260817-140452/src/B-candidate/.goreleaser.yml	dir	600	lilingfeng	lilingfeng	2716	1786946722.0580815500	
/home/lilingfeng/tmp/juicefs-c03-r1-20260817-140452/src/B-candidate/.github	dir	700	lilingfeng	lilingfeng	4096	1786946722.0540808200	
/home/lilingfeng/tmp/juicefs-c03-r1-20260817-140452/src/B-candidate/pkg	dir	700	lilingfeng	lilingfeng	4096	1786946722.2821224100	
/home/lilingfeng/tmp/juicefs-c03-r1-20260817-140452/src/B-candidate/.gitignore	dir	600	lilingfeng	lilingfeng	450	1786946722.0580815500	
/home/lilingfeng/tmp/juicefs-c03-r1-20260817-140452/src/B-candidate/ADOPTERS.md	dir	600	lilingfeng	lilingfeng	124	1786946722.0580815500	
/home/lilingfeng/tmp/juicefs-c03-r1-20260817-140452/src/B-candidate/.golangci.yml	dir	600	lilingfeng	lilingfeng	610	1786946722.0580815500	
/home/lilingfeng/tmp/juicefs-c03-r1-20260817-140452/src/B-candidate/.autocorrectrc	dir	600	lilingfeng	lilingfeng	826	1786946722.0460793610	
/home/lilingfeng/tmp/juicefs-c03-r1-20260817-140452/src/B-candidate/.agents	dir	700	lilingfeng	lilingfeng	4096	1786946722.0460793610	
/home/lilingfeng/tmp/juicefs-c03-r1-20260817-140452/src/B-candidate/sdk	dir	700	lilingfeng	lilingfeng	4096	1786946722.2901238690	
/home/lilingfeng/tmp/juicefs-c03-r1-20260817-140452/src/B-candidate/README_CN.md	dir	600	lilingfeng	lilingfeng	13226	1786946722.0580815500	
/home/lilingfeng/tmp/juicefs-c03-r1-20260817-140452/src/R-replay	dir	700	lilingfeng	lilingfeng	4096	1786946723.1062727150	
/home/lilingfeng/tmp/juicefs-c03-r1-20260817-140452/src/R-replay/go.sum	dir	600	lilingfeng	lilingfeng	112362	1786946723.0742668790	
/home/lilingfeng/tmp/juicefs-c03-r1-20260817-140452/src/R-replay/README.md	dir	600	lilingfeng	lilingfeng	14614	1786946722.8782311280	
/home/lilingfeng/tmp/juicefs-c03-r1-20260817-140452/src/R-replay/LICENSE	dir	600	lilingfeng	lilingfeng	11358	1786946722.8782311280	
/home/lilingfeng/tmp/juicefs-c03-r1-20260817-140452/src/R-replay/ADOPTERS_CN.md	dir	600	lilingfeng	lilingfeng	117	1786946722.8782311280	
/home/lilingfeng/tmp/juicefs-c03-r1-20260817-140452/src/R-replay/.markdownlint-cli2.jsonc	dir	600	lilingfeng	lilingfeng	3561	1786946722.8782311280	
/home/lilingfeng/tmp/juicefs-c03-r1-20260817-140452/src/R-replay/package.json	dir	600	lilingfeng	lilingfeng	988	1786946723.0742668790	
/home/lilingfeng/tmp/juicefs-c03-r1-20260817-140452/src/R-replay/AGENTS.md	dir	600	lilingfeng	lilingfeng	5865	1786946722.8782311280	
/home/lilingfeng/tmp/juicefs-c03-r1-20260817-140452/src/R-replay/test	dir	700	lilingfeng	lilingfeng	4096	1786946723.1062727150	
/home/lilingfeng/tmp/juicefs-c03-r1-20260817-140452/src/R-replay/Makefile	dir	600	lilingfeng	lilingfeng	5749	1786946722.8782311280	
/home/lilingfeng/tmp/juicefs-c03-r1-20260817-140452/src/R-replay/check-changed.sh	dir	600	lilingfeng	lilingfeng	420	1786946722.8782311280	
/home/lilingfeng/tmp/juicefs-c03-r1-20260817-140452/src/R-replay/rfcs	dir	700	lilingfeng	lilingfeng	4096	1786946723.0982712570	
/home/lilingfeng/tmp/juicefs-c03-r1-20260817-140452/src/R-replay/main.go	dir	600	lilingfeng	lilingfeng	843	1786946723.0742668790	
/home/lilingfeng/tmp/juicefs-c03-r1-20260817-140452/src/R-replay/.pre-commit-config.yaml	dir	600	lilingfeng	lilingfeng	325	1786946722.8782311280	
/home/lilingfeng/tmp/juicefs-c03-r1-20260817-140452/src/R-replay/docs	dir	700	lilingfeng	lilingfeng	4096	1786946722.9862508250	
/home/lilingfeng/tmp/juicefs-c03-r1-20260817-140452/src/R-replay/hack	dir	700	lilingfeng	lilingfeng	4096	1786946723.0742668790	
/home/lilingfeng/tmp/juicefs-c03-r1-20260817-140452/src/R-replay/codecov.yml	dir	600	lilingfeng	lilingfeng	77	1786946722.8822318570	
/home/lilingfeng/tmp/juicefs-c03-r1-20260817-140452/src/R-replay/package-lock.json	dir	600	lilingfeng	lilingfeng	585450	1786946723.0742668790	
/home/lilingfeng/tmp/juicefs-c03-r1-20260817-140452/src/R-replay/cmd	dir	700	lilingfeng	lilingfeng	4096	1786946722.8822318570	
/home/lilingfeng/tmp/juicefs-c03-r1-20260817-140452/src/R-replay/CODE_OF_CONDUCT.md	dir	600	lilingfeng	lilingfeng	5483	1786946722.8782311280	
/home/lilingfeng/tmp/juicefs-c03-r1-20260817-140452/src/R-replay/CODEOWNERS	dir	600	lilingfeng	lilingfeng	19	1786946722.8782311280	
/home/lilingfeng/tmp/juicefs-c03-r1-20260817-140452/src/R-replay/integration	dir	700	lilingfeng	lilingfeng	4096	1786946723.0742668790	
/home/lilingfeng/tmp/juicefs-c03-r1-20260817-140452/src/R-replay/go.mod	dir	600	lilingfeng	lilingfeng	19470	1786946723.0742668790	
/home/lilingfeng/tmp/juicefs-c03-r1-20260817-140452/src/R-replay/CLAUDE.md	dir	600	lilingfeng	lilingfeng	11	1786946722.8782311280	
/home/lilingfeng/tmp/juicefs-c03-r1-20260817-140452/src/R-replay/deploy	dir	700	lilingfeng	lilingfeng	4096	1786946722.8822318570	
/home/lilingfeng/tmp/juicefs-c03-r1-20260817-140452/src/R-replay/CONTRIBUTING.md	dir	600	lilingfeng	lilingfeng	2559	1786946722.8782311280	
/home/lilingfeng/tmp/juicefs-c03-r1-20260817-140452/src/R-replay/.goreleaser.yml	dir	600	lilingfeng	lilingfeng	2716	1786946722.8782311280	
/home/lilingfeng/tmp/juicefs-c03-r1-20260817-140452/src/R-replay/.github	dir	700	lilingfeng	lilingfeng	4096	1786946722.8742303980	
/home/lilingfeng/tmp/juicefs-c03-r1-20260817-140452/src/R-replay/pkg	dir	700	lilingfeng	lilingfeng	4096	1786946723.0982712570	
/home/lilingfeng/tmp/juicefs-c03-r1-20260817-140452/src/R-replay/.gitignore	dir	600	lilingfeng	lilingfeng	450	1786946722.8782311280	
/home/lilingfeng/tmp/juicefs-c03-r1-20260817-140452/src/R-replay/ADOPTERS.md	dir	600	lilingfeng	lilingfeng	124	1786946722.8782311280	
/home/lilingfeng/tmp/juicefs-c03-r1-20260817-140452/src/R-replay/.golangci.yml	dir	600	lilingfeng	lilingfeng	610	1786946722.8782311280	
/home/lilingfeng/tmp/juicefs-c03-r1-20260817-140452/src/R-replay/.autocorrectrc	dir	600	lilingfeng	lilingfeng	826	1786946722.8662289360	
/home/lilingfeng/tmp/juicefs-c03-r1-20260817-140452/src/R-replay/.agents	dir	700	lilingfeng	lilingfeng	4096	1786946722.8662289360	
/home/lilingfeng/tmp/juicefs-c03-r1-20260817-140452/src/R-replay/sdk	dir	700	lilingfeng	lilingfeng	4096	1786946723.1062727150	
/home/lilingfeng/tmp/juicefs-c03-r1-20260817-140452/src/R-replay/README_CN.md	dir	600	lilingfeng	lilingfeng	13226	1786946722.8782311280	
/home/lilingfeng/tmp/juicefs-c03-r1-20260817-140452/src/Q-semantic	dir	700	lilingfeng	lilingfeng	4096	1786946722.6941975630	
/home/lilingfeng/tmp/juicefs-c03-r1-20260817-140452/src/Q-semantic/go.sum	dir	600	lilingfeng	lilingfeng	112362	1786946722.6701931860	
/home/lilingfeng/tmp/juicefs-c03-r1-20260817-140452/src/Q-semantic/README.md	dir	600	lilingfeng	lilingfeng	14614	1786946722.4701567030	
/home/lilingfeng/tmp/juicefs-c03-r1-20260817-140452/src/Q-semantic/LICENSE	dir	600	lilingfeng	lilingfeng	11358	1786946722.4701567030	
/home/lilingfeng/tmp/juicefs-c03-r1-20260817-140452/src/Q-semantic/ADOPTERS_CN.md	dir	600	lilingfeng	lilingfeng	117	1786946722.4701567030	
/home/lilingfeng/tmp/juicefs-c03-r1-20260817-140452/src/Q-semantic/.markdownlint-cli2.jsonc	dir	600	lilingfeng	lilingfeng	3561	1786946722.4701567030	
/home/lilingfeng/tmp/juicefs-c03-r1-20260817-140452/src/Q-semantic/package.json	dir	600	lilingfeng	lilingfeng	988	1786946722.6701931860	
/home/lilingfeng/tmp/juicefs-c03-r1-20260817-140452/src/Q-semantic/AGENTS.md	dir	600	lilingfeng	lilingfeng	5865	1786946722.4701567030	
/home/lilingfeng/tmp/juicefs-c03-r1-20260817-140452/src/Q-semantic/test	dir	700	lilingfeng	lilingfeng	4096	1786946722.6941975630	
/home/lilingfeng/tmp/juicefs-c03-r1-20260817-140452/src/Q-semantic/Makefile	dir	600	lilingfeng	lilingfeng	5749	1786946722.4701567030	
/home/lilingfeng/tmp/juicefs-c03-r1-20260817-140452/src/Q-semantic/check-changed.sh	dir	600	lilingfeng	lilingfeng	420	1786946722.4701567030	
/home/lilingfeng/tmp/juicefs-c03-r1-20260817-140452/src/Q-semantic/rfcs	dir	700	lilingfeng	lilingfeng	4096	1786946722.6861961040	
/home/lilingfeng/tmp/juicefs-c03-r1-20260817-140452/src/Q-semantic/main.go	dir	600	lilingfeng	lilingfeng	843	1786946722.6701931860	
/home/lilingfeng/tmp/juicefs-c03-r1-20260817-140452/src/Q-semantic/.pre-commit-config.yaml	dir	600	lilingfeng	lilingfeng	325	1786946722.4701567030	
/home/lilingfeng/tmp/juicefs-c03-r1-20260817-140452/src/Q-semantic/docs	dir	700	lilingfeng	lilingfeng	4096	1786946722.5781764030	
/home/lilingfeng/tmp/juicefs-c03-r1-20260817-140452/src/Q-semantic/hack	dir	700	lilingfeng	lilingfeng	4096	1786946722.6701931860	
/home/lilingfeng/tmp/juicefs-c03-r1-20260817-140452/src/Q-semantic/codecov.yml	dir	600	lilingfeng	lilingfeng	77	1786946722.4741574320	
/home/lilingfeng/tmp/juicefs-c03-r1-20260817-140452/src/Q-semantic/package-lock.json	dir	600	lilingfeng	lilingfeng	585450	1786946722.6701931860	
/home/lilingfeng/tmp/juicefs-c03-r1-20260817-140452/src/Q-semantic/cmd	dir	700	lilingfeng	lilingfeng	4096	1786946722.4741574320	
/home/lilingfeng/tmp/juicefs-c03-r1-20260817-140452/src/Q-semantic/CODE_OF_CONDUCT.md	dir	600	lilingfeng	lilingfeng	5483	1786946722.4701567030	
/home/lilingfeng/tmp/juicefs-c03-r1-20260817-140452/src/Q-semantic/CODEOWNERS	dir	600	lilingfeng	lilingfeng	19	1786946722.4701567030	
/home/lilingfeng/tmp/juicefs-c03-r1-20260817-140452/src/Q-semantic/integration	dir	700	lilingfeng	lilingfeng	4096	1786946722.6701931860	
/home/lilingfeng/tmp/juicefs-c03-r1-20260817-140452/src/Q-semantic/go.mod	dir	600	lilingfeng	lilingfeng	19470	1786946722.6661924560	
/home/lilingfeng/tmp/juicefs-c03-r1-20260817-140452/src/Q-semantic/CLAUDE.md	dir	600	lilingfeng	lilingfeng	11	1786946722.4701567030	
/home/lilingfeng/tmp/juicefs-c03-r1-20260817-140452/src/Q-semantic/deploy	dir	700	lilingfeng	lilingfeng	4096	1786946722.4741574320	
/home/lilingfeng/tmp/juicefs-c03-r1-20260817-140452/src/Q-semantic/CONTRIBUTING.md	dir	600	lilingfeng	lilingfeng	2559	1786946722.4701567030	
/home/lilingfeng/tmp/juicefs-c03-r1-20260817-140452/src/Q-semantic/.goreleaser.yml	dir	600	lilingfeng	lilingfeng	2716	1786946722.4701567030	
/home/lilingfeng/tmp/juicefs-c03-r1-20260817-140452/src/Q-semantic/.github	dir	700	lilingfeng	lilingfeng	4096	1786946722.4661559730	
/home/lilingfeng/tmp/juicefs-c03-r1-20260817-140452/src/Q-semantic/pkg	dir	700	lilingfeng	lilingfeng	4096	1786946722.6861961040	
/home/lilingfeng/tmp/juicefs-c03-r1-20260817-140452/src/Q-semantic/.gitignore	dir	600	lilingfeng	lilingfeng	450	1786946722.4701567030	
/home/lilingfeng/tmp/juicefs-c03-r1-20260817-140452/src/Q-semantic/ADOPTERS.md	dir	600	lilingfeng	lilingfeng	124	1786946722.4701567030	
/home/lilingfeng/tmp/juicefs-c03-r1-20260817-140452/src/Q-semantic/.golangci.yml	dir	600	lilingfeng	lilingfeng	610	1786946722.4701567030	
/home/lilingfeng/tmp/juicefs-c03-r1-20260817-140452/src/Q-semantic/.autocorrectrc	dir	600	lilingfeng	lilingfeng	826	1786946722.4581545140	
/home/lilingfeng/tmp/juicefs-c03-r1-20260817-140452/src/Q-semantic/.agents	dir	700	lilingfeng	lilingfeng	4096	1786946722.4581545140	
/home/lilingfeng/tmp/juicefs-c03-r1-20260817-140452/src/Q-semantic/sdk	dir	700	lilingfeng	lilingfeng	4096	1786946722.6941975630	
/home/lilingfeng/tmp/juicefs-c03-r1-20260817-140452/src/Q-semantic/README_CN.md	dir	600	lilingfeng	lilingfeng	13226	1786946722.4701567030	
/home/lilingfeng/tmp/juicefs-c03-r1-20260817-140452/src/S-oracle	dir	700	lilingfeng	lilingfeng	4096	1786946721.8900509030	
/home/lilingfeng/tmp/juicefs-c03-r1-20260817-140452/src/S-oracle/go.sum	dir	600	lilingfeng	lilingfeng	112362	1786946721.8660465260	
/home/lilingfeng/tmp/juicefs-c03-r1-20260817-140452/src/S-oracle/README.md	dir	600	lilingfeng	lilingfeng	14614	1786946721.6780122330	
/home/lilingfeng/tmp/juicefs-c03-r1-20260817-140452/src/S-oracle/LICENSE	dir	600	lilingfeng	lilingfeng	11358	1786946721.6780122330	
/home/lilingfeng/tmp/juicefs-c03-r1-20260817-140452/src/S-oracle/ADOPTERS_CN.md	dir	600	lilingfeng	lilingfeng	117	1786946721.6780122330	
/home/lilingfeng/tmp/juicefs-c03-r1-20260817-140452/src/S-oracle/.markdownlint-cli2.jsonc	dir	600	lilingfeng	lilingfeng	3561	1786946721.6780122330	
/home/lilingfeng/tmp/juicefs-c03-r1-20260817-140452/src/S-oracle/package.json	dir	600	lilingfeng	lilingfeng	988	1786946721.8660465260	
/home/lilingfeng/tmp/juicefs-c03-r1-20260817-140452/src/S-oracle/AGENTS.md	dir	600	lilingfeng	lilingfeng	5865	1786946721.6780122330	
/home/lilingfeng/tmp/juicefs-c03-r1-20260817-140452/src/S-oracle/test	dir	700	lilingfeng	lilingfeng	4096	1786946721.8900509030	
/home/lilingfeng/tmp/juicefs-c03-r1-20260817-140452/src/S-oracle/Makefile	dir	600	lilingfeng	lilingfeng	5749	1786946721.6780122330	
/home/lilingfeng/tmp/juicefs-c03-r1-20260817-140452/src/S-oracle/check-changed.sh	dir	600	lilingfeng	lilingfeng	420	1786946721.6780122330	
/home/lilingfeng/tmp/juicefs-c03-r1-20260817-140452/src/S-oracle/rfcs	dir	700	lilingfeng	lilingfeng	4096	1786946721.8820494440	
/home/lilingfeng/tmp/juicefs-c03-r1-20260817-140452/src/S-oracle/main.go	dir	600	lilingfeng	lilingfeng	843	1786946721.8660465260	
/home/lilingfeng/tmp/juicefs-c03-r1-20260817-140452/src/S-oracle/.pre-commit-config.yaml	dir	600	lilingfeng	lilingfeng	325	1786946721.6780122330	
/home/lilingfeng/tmp/juicefs-c03-r1-20260817-140452/src/S-oracle/docs	dir	700	lilingfeng	lilingfeng	4096	1786946721.7820312030	
/home/lilingfeng/tmp/juicefs-c03-r1-20260817-140452/src/S-oracle/hack	dir	700	lilingfeng	lilingfeng	4096	1786946721.8660465260	
/home/lilingfeng/tmp/juicefs-c03-r1-20260817-140452/src/S-oracle/codecov.yml	dir	600	lilingfeng	lilingfeng	77	1786946721.6820129630	
/home/lilingfeng/tmp/juicefs-c03-r1-20260817-140452/src/S-oracle/package-lock.json	dir	600	lilingfeng	lilingfeng	585450	1786946721.8660465260	
/home/lilingfeng/tmp/juicefs-c03-r1-20260817-140452/src/S-oracle/cmd	dir	700	lilingfeng	lilingfeng	4096	1786946721.6820129630	
/home/lilingfeng/tmp/juicefs-c03-r1-20260817-140452/src/S-oracle/CODE_OF_CONDUCT.md	dir	600	lilingfeng	lilingfeng	5483	1786946721.6780122330	
/home/lilingfeng/tmp/juicefs-c03-r1-20260817-140452/src/S-oracle/CODEOWNERS	dir	600	lilingfeng	lilingfeng	19	1786946721.6780122330	
/home/lilingfeng/tmp/juicefs-c03-r1-20260817-140452/src/S-oracle/integration	dir	700	lilingfeng	lilingfeng	4096	1786946721.8660465260	
/home/lilingfeng/tmp/juicefs-c03-r1-20260817-140452/src/S-oracle/go.mod	dir	600	lilingfeng	lilingfeng	19470	1786946721.8660465260	
/home/lilingfeng/tmp/juicefs-c03-r1-20260817-140452/src/S-oracle/CLAUDE.md	dir	600	lilingfeng	lilingfeng	11	1786946721.6780122330	
/home/lilingfeng/tmp/juicefs-c03-r1-20260817-140452/src/S-oracle/deploy	dir	700	lilingfeng	lilingfeng	4096	1786946721.6820129630	
/home/lilingfeng/tmp/juicefs-c03-r1-20260817-140452/src/S-oracle/CONTRIBUTING.md	dir	600	lilingfeng	lilingfeng	2559	1786946721.6780122330	
/home/lilingfeng/tmp/juicefs-c03-r1-20260817-140452/src/S-oracle/.goreleaser.yml	dir	600	lilingfeng	lilingfeng	2716	1786946721.6780122330	
/home/lilingfeng/tmp/juicefs-c03-r1-20260817-140452/src/S-oracle/.github	dir	700	lilingfeng	lilingfeng	4096	1786946721.6740115040	
/home/lilingfeng/tmp/juicefs-c03-r1-20260817-140452/src/S-oracle/pkg	dir	700	lilingfeng	lilingfeng	4096	1786946721.8820494440	
/home/lilingfeng/tmp/juicefs-c03-r1-20260817-140452/src/S-oracle/.gitignore	dir	600	lilingfeng	lilingfeng	450	1786946721.6780122330	
/home/lilingfeng/tmp/juicefs-c03-r1-20260817-140452/src/S-oracle/ADOPTERS.md	dir	600	lilingfeng	lilingfeng	124	1786946721.6780122330	
/home/lilingfeng/tmp/juicefs-c03-r1-20260817-140452/src/S-oracle/.golangci.yml	dir	600	lilingfeng	lilingfeng	610	1786946721.6780122330	
/home/lilingfeng/tmp/juicefs-c03-r1-20260817-140452/src/S-oracle/.autocorrectrc	dir	600	lilingfeng	lilingfeng	826	1786946721.6700107740	
/home/lilingfeng/tmp/juicefs-c03-r1-20260817-140452/src/S-oracle/.agents	dir	700	lilingfeng	lilingfeng	4096	1786946721.6700107740	
/home/lilingfeng/tmp/juicefs-c03-r1-20260817-140452/src/S-oracle/sdk	dir	700	lilingfeng	lilingfeng	4096	1786946721.8900509030	
/home/lilingfeng/tmp/juicefs-c03-r1-20260817-140452/src/S-oracle/README_CN.md	dir	600	lilingfeng	lilingfeng	13226	1786946721.6780122330	
/home/lilingfeng/tmp/juicefs-c03-r1-20260817-140452/commands.sh	dir	600	lilingfeng	lilingfeng	77	1786946692.1486166470	
/home/lilingfeng/tmp/juicefs-c03-r1-20260817-140452/summary.tsv	dir	600	lilingfeng	lilingfeng	195	1786948783.8677301870	
/home/lilingfeng/tmp/juicefs-c03-r1-20260817-140452/diffs	dir	700	lilingfeng	lilingfeng	4096	1786948783.7957216610	
/home/lilingfeng/tmp/juicefs-c03-r1-20260817-140452/diffs/R-replay-full.diff	dir	600	lilingfeng	lilingfeng	7008	1786948783.7917211880	
/home/lilingfeng/tmp/juicefs-c03-r1-20260817-140452/diffs/S-oracle-full.diff	dir	600	lilingfeng	lilingfeng	6367	1786948783.6717069810	
/home/lilingfeng/tmp/juicefs-c03-r1-20260817-140452/diffs/Q-semantic-full.diff	dir	600	lilingfeng	lilingfeng	15713	1786948783.7357145580	
/home/lilingfeng/tmp/juicefs-c03-r1-20260817-140452/diffs/S-oracle-diffcheck.log	dir	600	lilingfeng	lilingfeng	0	1786948783.6717069810	
/home/lilingfeng/tmp/juicefs-c03-r1-20260817-140452/diffs/Q-semantic-diffcheck.log	dir	600	lilingfeng	lilingfeng	0	1786948783.7357145580	
/home/lilingfeng/tmp/juicefs-c03-r1-20260817-140452/diffs/R-replay-diffcheck.log	dir	600	lilingfeng	lilingfeng	0	1786948783.7957216610	
/home/lilingfeng/tmp/juicefs-c03-r1-20260817-140452/diffs/B-candidate-full.diff	dir	600	lilingfeng	lilingfeng	7008	1786948783.6997102940	
/home/lilingfeng/tmp/juicefs-c03-r1-20260817-140452/diffs/B-candidate-diffcheck.log	dir	600	lilingfeng	lilingfeng	0	1786948783.6997102940	
/home/lilingfeng/tmp/juicefs-c03-r1-20260817-140452/meta	dir	700	lilingfeng	lilingfeng	4096	1786948788.7119921880	
/home/lilingfeng/tmp/juicefs-c03-r1-20260817-140452/meta/upstream-policy-hashes.txt	dir	600	lilingfeng	lilingfeng	405	1786946721.5819947210	
/home/lilingfeng/tmp/juicefs-c03-r1-20260817-140452/meta/S-oracle-expected-paths.txt	dir	600	lilingfeng	lilingfeng	29	1786948783.6797079280	
/home/lilingfeng/tmp/juicefs-c03-r1-20260817-140452/meta/B-candidate-diff-stat.txt	dir	600	lilingfeng	lilingfeng	155	1786948783.6957098220	
/home/lilingfeng/tmp/juicefs-c03-r1-20260817-140452/meta/redis-containers.txt	dir	600	lilingfeng	lilingfeng	130	1786948455.6236037960	
/home/lilingfeng/tmp/juicefs-c03-r1-20260817-140452/meta/R-replay-diff-stat.txt	dir	600	lilingfeng	lilingfeng	155	1786948783.7877207130	
/home/lilingfeng/tmp/juicefs-c03-r1-20260817-140452/meta/upstream-ci-matrix.tsv	dir	600	lilingfeng	lilingfeng	95	1786946721.5939969100	
/home/lilingfeng/tmp/juicefs-c03-r1-20260817-140452/meta/go126-S-oracle-U1-repeat10.tsv	dir	600	lilingfeng	lilingfeng	597	1786947724.8552627320	
/home/lilingfeng/tmp/juicefs-c03-r1-20260817-140452/meta/R-replay-changed-paths.txt	dir	600	lilingfeng	lilingfeng	47	1786948783.8077230810	
/home/lilingfeng/tmp/juicefs-c03-r1-20260817-140452/meta/go125-S-oracle-U1-repeat10.tsv	dir	600	lilingfeng	lilingfeng	597	1786947614.7711589270	
/home/lilingfeng/tmp/juicefs-c03-r1-20260817-140452/meta/go125-juicefs.sha256	dir	600	lilingfeng	lilingfeng	76	1786948675.3144683840	
/home/lilingfeng/tmp/juicefs-c03-r1-20260817-140452/meta/go126-juicefs-lite.sha256	dir	600	lilingfeng	lilingfeng	81	1786948702.9138559800	
/home/lilingfeng/tmp/juicefs-c03-r1-20260817-140452/meta/S-oracle-diff-stat.txt	dir	600	lilingfeng	lilingfeng	115	1786948783.6717069810	
/home/lilingfeng/tmp/juicefs-c03-r1-20260817-140452/meta/B-candidate-status-after.txt	dir	600	lilingfeng	lilingfeng	105	1786948783.6917093490	
/home/lilingfeng/tmp/juicefs-c03-r1-20260817-140452/meta/upstream-writer-log.txt	dir	600	lilingfeng	lilingfeng	0	1786946723.1622829320	
/home/lilingfeng/tmp/juicefs-c03-r1-20260817-140452/meta/S-oracle-status-before.txt	dir	600	lilingfeng	lilingfeng	0	1786946721.8940516330	
/home/lilingfeng/tmp/juicefs-c03-r1-20260817-140452/meta/docker-version.txt	dir	600	lilingfeng	lilingfeng	7	1786948426.0317111950	
/home/lilingfeng/tmp/juicefs-c03-r1-20260817-140452/meta/go126-version.txt	dir	600	lilingfeng	lilingfeng	32	1786946788.8691447970	
/home/lilingfeng/tmp/juicefs-c03-r1-20260817-140452/meta/upstream-ancestry.tsv	dir	600	lilingfeng	lilingfeng	80	1786946721.5699925330	
/home/lilingfeng/tmp/juicefs-c03-r1-20260817-140452/meta/upstream-go-directive.txt	dir	600	lilingfeng	lilingfeng	10	1786946721.5859954510	
/home/lilingfeng/tmp/juicefs-c03-r1-20260817-140452/meta/Q-semantic-status-before.txt	dir	600	lilingfeng	lilingfeng	0	1786946722.6981982930	
/home/lilingfeng/tmp/juicefs-c03-r1-20260817-140452/meta/lint-after-status.txt	dir	600	lilingfeng	lilingfeng	105	1786948670.2498499950	
/home/lilingfeng/tmp/juicefs-c03-r1-20260817-140452/meta/Q-semantic-changed-paths.txt	dir	600	lilingfeng	lilingfeng	51	1786948783.7477159790	
/home/lilingfeng/tmp/juicefs-c03-r1-20260817-140452/meta/golangci-yml.sha256	dir	600	lilingfeng	lilingfeng	148	1786948627.8126512160	
/home/lilingfeng/tmp/juicefs-c03-r1-20260817-140452/meta/upstream-commit.txt	dir	600	lilingfeng	lilingfeng	41	1786946721.5619910740	
/home/lilingfeng/tmp/juicefs-c03-r1-20260817-140452/meta/go126-env.txt	dir	600	lilingfeng	lilingfeng	277	1786946788.9411560680	
/home/lilingfeng/tmp/juicefs-c03-r1-20260817-140452/meta/final-status.txt	dir	600	lilingfeng	lilingfeng	42	1786948788.7119921880	
/home/lilingfeng/tmp/juicefs-c03-r1-20260817-140452/meta/go126-juicefs.sha256	dir	600	lilingfeng	lilingfeng	76	1786948697.1371466120	
/home/lilingfeng/tmp/juicefs-c03-r1-20260817-140452/meta/upstream-policy	dir	700	lilingfeng	lilingfeng	4096	1786946721.5819947210	
/home/lilingfeng/tmp/juicefs-c03-r1-20260817-140452/meta/upstream-policy/go.mod	dir	600	lilingfeng	lilingfeng	19470	1786946721.5819947210	
/home/lilingfeng/tmp/juicefs-c03-r1-20260817-140452/meta/upstream-policy/CONTRIBUTING.md	dir	600	lilingfeng	lilingfeng	2559	1786946721.5779939920	
/home/lilingfeng/tmp/juicefs-c03-r1-20260817-140452/meta/upstream-policy/verify.yml	dir	600	lilingfeng	lilingfeng	2781	1786946721.5779939920	
/home/lilingfeng/tmp/juicefs-c03-r1-20260817-140452/meta/upstream-policy/.golangci.yml	dir	600	lilingfeng	lilingfeng	610	1786946721.5819947210	
/home/lilingfeng/tmp/juicefs-c03-r1-20260817-140452/meta/B-candidate-status-before.txt	dir	600	lilingfeng	lilingfeng	0	1786946722.2981253280	
/home/lilingfeng/tmp/juicefs-c03-r1-20260817-140452/meta/go126-S-oracle-U3-repeat10.tsv	dir	600	lilingfeng	lilingfeng	597	1786947770.0065876920	
/home/lilingfeng/tmp/juicefs-c03-r1-20260817-140452/meta/ls-remote-before.txt	dir	600	lilingfeng	lilingfeng	57	1786946693.9289414780	
/home/lilingfeng/tmp/juicefs-c03-r1-20260817-140452/meta/lint-before-head.txt	dir	600	lilingfeng	lilingfeng	41	1786948627.8166517030	
/home/lilingfeng/tmp/juicefs-c03-r1-20260817-140452/meta/gomod-hash-after-go126.txt	dir	600	lilingfeng	lilingfeng	146	1786948499.1888923440	
/home/lilingfeng/tmp/juicefs-c03-r1-20260817-140452/meta/gomod-hash-before-go125.txt	dir	600	lilingfeng	lilingfeng	146	1786948475.9462408400	
/home/lilingfeng/tmp/juicefs-c03-r1-20260817-140452/meta/upstream-state-gate.tsv	dir	600	lilingfeng	lilingfeng	195	1786947770.0145882780	
/home/lilingfeng/tmp/juicefs-c03-r1-20260817-140452/meta/R-replay-status-before.txt	dir	600	lilingfeng	lilingfeng	0	1786946723.1142741770	
/home/lilingfeng/tmp/juicefs-c03-r1-20260817-140452/meta/R-replay-status-after.txt	dir	600	lilingfeng	lilingfeng	53	1786948783.7837202410	
/home/lilingfeng/tmp/juicefs-c03-r1-20260817-140452/meta/B-candidate-expected-paths.txt	dir	600	lilingfeng	lilingfeng	47	1786948783.7037107690	
/home/lilingfeng/tmp/juicefs-c03-r1-20260817-140452/meta/S-oracle-status-after.txt	dir	600	lilingfeng	lilingfeng	32	1786948783.6597055600	
/home/lilingfeng/tmp/juicefs-c03-r1-20260817-140452/meta/taskbook.snapshot.md	dir	600	lilingfeng	lilingfeng	39757	1786946692.1606188350	
/home/lilingfeng/tmp/juicefs-c03-r1-20260817-140452/meta/lint-binary.sha256	dir	600	lilingfeng	lilingfeng	142	1786948627.8086507290	
/home/lilingfeng/tmp/juicefs-c03-r1-20260817-140452/meta/go125-env.txt	dir	600	lilingfeng	lilingfeng	263	1786946788.9211529370	
/home/lilingfeng/tmp/juicefs-c03-r1-20260817-140452/meta/upstream-commit-show.txt	dir	600	lilingfeng	lilingfeng	172	1786946721.5619910740	
/home/lilingfeng/tmp/juicefs-c03-r1-20260817-140452/meta/go125-S-oracle-U3-repeat10.tsv	dir	600	lilingfeng	lilingfeng	597	1786947666.2669466040	
/home/lilingfeng/tmp/juicefs-c03-r1-20260817-140452/meta/archive-path.txt	dir	600	lilingfeng	lilingfeng	69	1786948783.8797316070	
/home/lilingfeng/tmp/juicefs-c03-r1-20260817-140452/meta/lint-before-status.txt	dir	600	lilingfeng	lilingfeng	105	1786948627.8246526770	
/home/lilingfeng/tmp/juicefs-c03-r1-20260817-140452/meta/anchors.actual	dir	600	lilingfeng	lilingfeng	268	1786948783.8677301870	
/home/lilingfeng/tmp/juicefs-c03-r1-20260817-140452/meta/Q-semantic-expected-paths.txt	dir	600	lilingfeng	lilingfeng	51	1786948783.7437155040	
/home/lilingfeng/tmp/juicefs-c03-r1-20260817-140452/meta/Q-semantic-diff-stat.txt	dir	600	lilingfeng	lilingfeng	158	1786948783.7317140830	
/home/lilingfeng/tmp/juicefs-c03-r1-20260817-140452/meta/upstream-distance.txt	dir	600	lilingfeng	lilingfeng	2	1786946721.5699925330	
/home/lilingfeng/tmp/juicefs-c03-r1-20260817-140452/meta/arm-heads-before.tsv	dir	600	lilingfeng	lilingfeng	205	1786946723.1142741770	
/home/lilingfeng/tmp/juicefs-c03-r1-20260817-140452/meta/R-replay-expected-paths.txt	dir	600	lilingfeng	lilingfeng	47	1786948783.8037226090	
/home/lilingfeng/tmp/juicefs-c03-r1-20260817-140452/meta/redis-image.txt	dir	600	lilingfeng	lilingfeng	152	1786948432.8286088010	
/home/lilingfeng/tmp/juicefs-c03-r1-20260817-140452/meta/B-candidate-changed-paths.txt	dir	600	lilingfeng	lilingfeng	47	1786948783.7117117150	
/home/lilingfeng/tmp/juicefs-c03-r1-20260817-140452/meta/prearchive-status.txt	dir	600	lilingfeng	lilingfeng	23	1786948783.8717306600	
/home/lilingfeng/tmp/juicefs-c03-r1-20260817-140452/meta/lint-version-selection.txt	dir	600	lilingfeng	lilingfeng	79	1786948513.8746919870	
/home/lilingfeng/tmp/juicefs-c03-r1-20260817-140452/meta/gomod-hash-before-go126.txt	dir	600	lilingfeng	lilingfeng	146	1786948498.8808524120	
/home/lilingfeng/tmp/juicefs-c03-r1-20260817-140452/meta/community-patch.sha256	dir	600	lilingfeng	lilingfeng	154	1786948702.9578613830	
/home/lilingfeng/tmp/juicefs-c03-r1-20260817-140452/meta/S-oracle-changed-paths.txt	dir	600	lilingfeng	lilingfeng	29	1786948783.6837084010	
/home/lilingfeng/tmp/juicefs-c03-r1-20260817-140452/meta/gomod-hash-after-go125.txt	dir	600	lilingfeng	lilingfeng	146	1786948485.8435132330	
/home/lilingfeng/tmp/juicefs-c03-r1-20260817-140452/meta/ls-remote-after.txt	dir	600	lilingfeng	lilingfeng	57	1786946721.5619910740	
/home/lilingfeng/tmp/juicefs-c03-r1-20260817-140452/meta/redis-port-status.txt	dir	600	lilingfeng	lilingfeng	10	1786948426.0677159640	
/home/lilingfeng/tmp/juicefs-c03-r1-20260817-140452/meta/upstream-writer-blob.txt	dir	600	lilingfeng	lilingfeng	41	1786946723.1622829320	
/home/lilingfeng/tmp/juicefs-c03-r1-20260817-140452/meta/go125-version.txt	dir	600	lilingfeng	lilingfeng	71	1786946788.8531422950	
/home/lilingfeng/tmp/juicefs-c03-r1-20260817-140452/meta/runtime-adaptations.md	dir	600	lilingfeng	lilingfeng	60	1786946692.1646195670	
/home/lilingfeng/tmp/juicefs-c03-r1-20260817-140452/meta/input-check.log	dir	600	lilingfeng	lilingfeng	205	1786946692.2246305160	
/home/lilingfeng/tmp/juicefs-c03-r1-20260817-140452/meta/go125-juicefs-lite.sha256	dir	600	lilingfeng	lilingfeng	81	1786948680.8671498310	
/home/lilingfeng/tmp/juicefs-c03-r1-20260817-140452/meta/Q-semantic-status-after.txt	dir	600	lilingfeng	lilingfeng	57	1786948783.7237131380	
/home/lilingfeng/tmp/juicefs-c03-r1-20260817-140452/meta/test-asset-hashes.tsv	dir	600	lilingfeng	lilingfeng	384	1786948783.8117235570	
/home/lilingfeng/tmp/juicefs-c03-r1-20260817-140452/meta/arm-heads-after.tsv	dir	600	lilingfeng	lilingfeng	205	1786948783.7837202410	
/home/lilingfeng/tmp/juicefs-c03-r1-20260817-140452/meta/final-compliance-review.md	dir	600	lilingfeng	lilingfeng	178	1786948788.7159926760	
/home/lilingfeng/tmp/juicefs-c03-r1-20260817-140452/builds	dir	700	lilingfeng	lilingfeng	4096	1786948680.8991537590	
/home/lilingfeng/tmp/juicefs-c03-r1-20260817-140452/builds/go125	dir	700	lilingfeng	lilingfeng	4096	1786948680.8711503220	
/home/lilingfeng/tmp/juicefs-c03-r1-20260817-140452/builds/go125/juicefs.lite	dir	700	lilingfeng	lilingfeng	39417832	1786948680.8951532690	
/home/lilingfeng/tmp/juicefs-c03-r1-20260817-140452/builds/go125/juicefs	dir	700	lilingfeng	lilingfeng	126195016	1786948675.3824767300	
/home/lilingfeng/tmp/juicefs-c03-r1-20260817-140452/builds/go126	dir	700	lilingfeng	lilingfeng	4096	1786948702.9178564690	
/home/lilingfeng/tmp/juicefs-c03-r1-20260817-140452/builds/go126/juicefs.lite	dir	700	lilingfeng	lilingfeng	39659184	1786948702.9418594180	
/home/lilingfeng/tmp/juicefs-c03-r1-20260817-140452/builds/go126/juicefs	dir	700	lilingfeng	lilingfeng	126817264	1786948697.2011544670	
/home/lilingfeng/tmp/juicefs-c03-r1-20260817-140452/candidate-gates.tsv	dir	600	lilingfeng	lilingfeng	1161	1786948783.8717306600	
/home/lilingfeng/tmp/juicefs-c03-r1-20260817-140452/assets	dir	700	lilingfeng	lilingfeng	4096	1786946692.1606188350	
/home/lilingfeng/tmp/juicefs-c03-r1-20260817-140452/assets/run-c03-r1.sh	dir	600	lilingfeng	lilingfeng	42664	1786946692.1526173760	
/home/lilingfeng/tmp/juicefs-c03-r1-20260817-140452/assets/async-catchup-main.patch	dir	600	lilingfeng	lilingfeng	545	1786946692.1566181060	
/home/lilingfeng/tmp/juicefs-c03-r1-20260817-140452/assets/forbidden-patterns.txt	dir	600	lilingfeng	lilingfeng	289	1786946692.1606188350	
/home/lilingfeng/tmp/juicefs-c03-r1-20260817-140452/assets/anchors.expected	dir	600	lilingfeng	lilingfeng	268	1786946692.1606188350	
/home/lilingfeng/tmp/juicefs-c03-r1-20260817-140452/assets/writer_flush_c02_test.go	dir	600	lilingfeng	lilingfeng	14281	1786946692.1526173760	
/home/lilingfeng/tmp/juicefs-c03-r1-20260817-140452/assets/writer_flush_test.go	dir	600	lilingfeng	lilingfeng	5874	1786946692.1526173760	
/home/lilingfeng/tmp/juicefs-c03-r1-20260817-140452/assets/pre-run-adaptations.md	dir	600	lilingfeng	lilingfeng	783	1786946692.1566181060	
/home/lilingfeng/tmp/juicefs-c03-r1-20260817-140452/rc	dir	700	lilingfeng	lilingfeng	12288	1786948785.9119721920	
/home/lilingfeng/tmp/juicefs-c03-r1-20260817-140452/rc/go126-S-oracle-U1-repeat-09.rc	dir	600	lilingfeng	lilingfeng	2	1786947720.4389371820	
/home/lilingfeng/tmp/juicefs-c03-r1-20260817-140452/rc/go125-S-oracle-U1-repeat-01.rc	dir	600	lilingfeng	lilingfeng	2	1786947564.3274490640	
/home/lilingfeng/tmp/juicefs-c03-r1-20260817-140452/rc/go125-S-oracle-U1-repeat-02.rc	dir	600	lilingfeng	lilingfeng	2	1786947569.0998028430	
/home/lilingfeng/tmp/juicefs-c03-r1-20260817-140452/rc/B-candidate-diffcheck.rc	dir	600	lilingfeng	lilingfeng	2	1786948783.7037107690	
/home/lilingfeng/tmp/juicefs-c03-r1-20260817-140452/rc/B-apply.rc	dir	600	lilingfeng	lilingfeng	2	1786947770.0265891600	
/home/lilingfeng/tmp/juicefs-c03-r1-20260817-140452/rc/git-diff-check.rc	dir	600	lilingfeng	lilingfeng	2	1786948475.9382398150	
/home/lilingfeng/tmp/juicefs-c03-r1-20260817-140452/rc/go126-S-oracle-U1-repeat-01.rc	dir	600	lilingfeng	lilingfeng	2	1786947683.9282465500	
/home/lilingfeng/tmp/juicefs-c03-r1-20260817-140452/rc/go125-B-candidate-full-vfs.rc	dir	600	lilingfeng	lilingfeng	2	1786948454.0794049460	
/home/lilingfeng/tmp/juicefs-c03-r1-20260817-140452/rc/go125-S-oracle-U1-repeat-04.rc	dir	600	lilingfeng	lilingfeng	2	1786947579.8965996260	
/home/lilingfeng/tmp/juicefs-c03-r1-20260817-140452/rc/go125-Q-semantic-TestC02ConcurrentIndependentFullBlocks.rc	dir	600	lilingfeng	lilingfeng	2	1786948185.5401483070	
/home/lilingfeng/tmp/juicefs-c03-r1-20260817-140452/rc/go125-S-oracle-U3-repeat-03.rc	dir	600	lilingfeng	lilingfeng	2	1786947632.1364343170	
/home/lilingfeng/tmp/juicefs-c03-r1-20260817-140452/rc/R-replay-apply-check.rc	dir	600	lilingfeng	lilingfeng	2	1786948702.9658623660	
/home/lilingfeng/tmp/juicefs-c03-r1-20260817-140452/rc/go125-S-oracle-U1-repeat-10.rc	dir	600	lilingfeng	lilingfeng	2	1786947614.7671586340	
/home/lilingfeng/tmp/juicefs-c03-r1-20260817-140452/rc/go125-make-juicefs-lite.rc	dir	600	lilingfeng	lilingfeng	2	1786948680.7551360840	
/home/lilingfeng/tmp/juicefs-c03-r1-20260817-140452/rc/go126-baseline-compile.rc	dir	600	lilingfeng	lilingfeng	2	1786947535.6133398760	
/home/lilingfeng/tmp/juicefs-c03-r1-20260817-140452/rc/go126-Q-semantic-TestC02TransientEIORecoversOnFreeze.rc	dir	600	lilingfeng	lilingfeng	2	1786948316.0251422720	
/home/lilingfeng/tmp/juicefs-c03-r1-20260817-140452/rc/go126-B-candidate-U1.rc	dir	600	lilingfeng	lilingfeng	2	1786947957.0556151390	
/home/lilingfeng/tmp/juicefs-c03-r1-20260817-140452/rc/go125-S-oracle-U3-repeat-01.rc	dir	600	lilingfeng	lilingfeng	2	1786947620.0435471220	
/home/lilingfeng/tmp/juicefs-c03-r1-20260817-140452/rc/go125-B-candidate-race20.rc	dir	600	lilingfeng	lilingfeng	2	1786947946.9341729170	
/home/lilingfeng/tmp/juicefs-c03-r1-20260817-140452/rc/go126-S-oracle-U1-repeat-03.rc	dir	600	lilingfeng	lilingfeng	2	1786947692.6488893900	
/home/lilingfeng/tmp/juicefs-c03-r1-20260817-140452/rc/go126-Q-semantic-TestC02DelayedNewSliceDoesNotBlockWriteAt.rc	dir	600	lilingfeng	lilingfeng	2	1786948308.5681549990	
/home/lilingfeng/tmp/juicefs-c03-r1-20260817-140452/rc/go126-Q-semantic-TestC02FullBlockDispatchAfterDelayedID.rc	dir	600	lilingfeng	lilingfeng	2	1786948294.2142388090	
/home/lilingfeng/tmp/juicefs-c03-r1-20260817-140452/rc/go126-S-oracle-U1-repeat-05.rc	dir	600	lilingfeng	lilingfeng	2	1786947701.5375450780	
/home/lilingfeng/tmp/juicefs-c03-r1-20260817-140452/rc/go125-S-oracle-U3.rc	dir	600	lilingfeng	lilingfeng	2	1786947558.9550505960	
/home/lilingfeng/tmp/juicefs-c03-r1-20260817-140452/rc/go125-S-oracle-U1-repeat-03.rc	dir	600	lilingfeng	lilingfeng	2	1786947574.5722061170	
/home/lilingfeng/tmp/juicefs-c03-r1-20260817-140452/rc/S-oracle-path-guard.rc	dir	600	lilingfeng	lilingfeng	2	1786948783.6837084010	
/home/lilingfeng/tmp/juicefs-c03-r1-20260817-140452/rc/go125-S-oracle-U1-repeat-06.rc	dir	600	lilingfeng	lilingfeng	2	1786947591.7254616990	
/home/lilingfeng/tmp/juicefs-c03-r1-20260817-140452/rc/S-oracle-diffcheck.rc	dir	600	lilingfeng	lilingfeng	2	1786948783.6757074530	
/home/lilingfeng/tmp/juicefs-c03-r1-20260817-140452/rc/go126-R-replay-U2.rc	dir	600	lilingfeng	lilingfeng	2	1786948744.4589543120	
/home/lilingfeng/tmp/juicefs-c03-r1-20260817-140452/rc/go125-Q-semantic-TestC02FullBlockDispatchAfterDelayedID.rc	dir	600	lilingfeng	lilingfeng	2	1786948151.9754355840	
/home/lilingfeng/tmp/juicefs-c03-r1-20260817-140452/rc/gofmt-check.rc	dir	600	lilingfeng	lilingfeng	2	1786948475.9302387870	
/home/lilingfeng/tmp/juicefs-c03-r1-20260817-140452/rc/go126-B-candidate-full-vfs.rc	dir	600	lilingfeng	lilingfeng	2	1786948475.1421377990	
/home/lilingfeng/tmp/juicefs-c03-r1-20260817-140452/rc/go125-S-oracle-U3-repeat-07.rc	dir	600	lilingfeng	lilingfeng	2	1786947652.8619611030	
/home/lilingfeng/tmp/juicefs-c03-r1-20260817-140452/rc/redis-stop-go125.rc	dir	600	lilingfeng	lilingfeng	2	1786948454.7914966440	
/home/lilingfeng/tmp/juicefs-c03-r1-20260817-140452/rc/go125-R-replay-count20.rc	dir	600	lilingfeng	lilingfeng	2	1786948731.3213430800	
/home/lilingfeng/tmp/juicefs-c03-r1-20260817-140452/rc/go125-S-oracle-U3-repeat-04.rc	dir	600	lilingfeng	lilingfeng	2	1786947637.6168382590	
/home/lilingfeng/tmp/juicefs-c03-r1-20260817-140452/rc/R-replay-diff-cmp.rc	dir	600	lilingfeng	lilingfeng	2	1786948703.1858893930	
/home/lilingfeng/tmp/juicefs-c03-r1-20260817-140452/rc/go126-vet.rc	dir	600	lilingfeng	lilingfeng	2	1786948513.0465866300	
/home/lilingfeng/tmp/juicefs-c03-r1-20260817-140452/rc/B-apply-check.rc	dir	600	lilingfeng	lilingfeng	2	1786947770.0265891600	
/home/lilingfeng/tmp/juicefs-c03-r1-20260817-140452/rc/go125-Q-semantic-TestC02FlushToFailureIsObservable.rc	dir	600	lilingfeng	lilingfeng	2	1786948159.6965375250	
/home/lilingfeng/tmp/juicefs-c03-r1-20260817-140452/rc/go125-S-oracle-U1.rc	dir	600	lilingfeng	lilingfeng	2	1786947553.6026533950	
/home/lilingfeng/tmp/juicefs-c03-r1-20260817-140452/rc/R-replay-path-guard.rc	dir	600	lilingfeng	lilingfeng	2	1786948783.8077230810	
/home/lilingfeng/tmp/juicefs-c03-r1-20260817-140452/rc/go126-B-candidate-U3.rc	dir	600	lilingfeng	lilingfeng	2	1786947965.1407661830	
/home/lilingfeng/tmp/juicefs-c03-r1-20260817-140452/rc/go126-S-oracle-U1.rc	dir	600	lilingfeng	lilingfeng	2	1786947675.0355909600	
/home/lilingfeng/tmp/juicefs-c03-r1-20260817-140452/rc/go126-S-oracle-U3-repeat-02.rc	dir	600	lilingfeng	lilingfeng	2	1786947734.6119807770	
/home/lilingfeng/tmp/juicefs-c03-r1-20260817-140452/rc/go126-S-oracle-U3-repeat-08.rc	dir	600	lilingfeng	lilingfeng	2	1786947761.4459568890	
/home/lilingfeng/tmp/juicefs-c03-r1-20260817-140452/rc/go126-B-candidate-U2.rc	dir	600	lilingfeng	lilingfeng	2	1786947961.4362384590	
/home/lilingfeng/tmp/juicefs-c03-r1-20260817-140452/rc/go126-S-oracle-U3-repeat-07.rc	dir	600	lilingfeng	lilingfeng	2	1786947757.1536405480	
/home/lilingfeng/tmp/juicefs-c03-r1-20260817-140452/rc/toolchain-go126.rc	dir	600	lilingfeng	lilingfeng	2	1786946788.8691447970	
/home/lilingfeng/tmp/juicefs-c03-r1-20260817-140452/rc/go126-S-oracle-U1-repeat-07.rc	dir	600	lilingfeng	lilingfeng	2	1786947710.7942267050	
/home/lilingfeng/tmp/juicefs-c03-r1-20260817-140452/rc/lint-version-query.rc	dir	600	lilingfeng	lilingfeng	2	1786948513.8706914760	
/home/lilingfeng/tmp/juicefs-c03-r1-20260817-140452/rc/go126-S-oracle-U2.rc	dir	600	lilingfeng	lilingfeng	2	1786947670.5512611450	
/home/lilingfeng/tmp/juicefs-c03-r1-20260817-140452/rc/go125-S-oracle-U3-repeat-08.rc	dir	600	lilingfeng	lilingfeng	2	1786947657.4142943860	
/home/lilingfeng/tmp/juicefs-c03-r1-20260817-140452/rc/go125-Q-semantic-count100.rc	dir	600	lilingfeng	lilingfeng	2	1786948256.1092226530	
/home/lilingfeng/tmp/juicefs-c03-r1-20260817-140452/rc/R-replay-apply.rc	dir	600	lilingfeng	lilingfeng	2	1786948702.9658623660	
/home/lilingfeng/tmp/juicefs-c03-r1-20260817-140452/rc/go125-B-candidate-U1.rc	dir	600	lilingfeng	lilingfeng	2	1786947779.1472602480	
/home/lilingfeng/tmp/juicefs-c03-r1-20260817-140452/rc/go125-S-oracle-U3-repeat-09.rc	dir	600	lilingfeng	lilingfeng	2	1786947661.8946246480	
/home/lilingfeng/tmp/juicefs-c03-r1-20260817-140452/rc/go126-make-juicefs-lite.rc	dir	600	lilingfeng	lilingfeng	2	1786948702.7898407440	
/home/lilingfeng/tmp/juicefs-c03-r1-20260817-140452/rc/go126-S-oracle-U1-repeat-06.rc	dir	600	lilingfeng	lilingfeng	2	1786947706.2298911780	
/home/lilingfeng/tmp/juicefs-c03-r1-20260817-140452/rc/go126-S-oracle-U1-repeat-10.rc	dir	600	lilingfeng	lilingfeng	2	1786947724.8512624390	
/home/lilingfeng/tmp/juicefs-c03-r1-20260817-140452/rc/go125-Q-semantic-TestC02MultiBlockDispatchUsesLatestLength.rc	dir	600	lilingfeng	lilingfeng	2	1786948155.8919948750	
/home/lilingfeng/tmp/juicefs-c03-r1-20260817-140452/rc/go125-R-replay-U2.rc	dir	600	lilingfeng	lilingfeng	2	1786948716.7955597960	
/home/lilingfeng/tmp/juicefs-c03-r1-20260817-140452/rc/go126-S-oracle-U3-repeat-10.rc	dir	600	lilingfeng	lilingfeng	2	1786947770.0025873950	
/home/lilingfeng/tmp/juicefs-c03-r1-20260817-140452/rc/go126-Q-semantic-TestC02PartialThenFullAfterIDDispatchesOnce.rc	dir	600	lilingfeng	lilingfeng	2	1786948305.0836912060	
/home/lilingfeng/tmp/juicefs-c03-r1-20260817-140452/rc/go126-mod-tidy.rc	dir	600	lilingfeng	lilingfeng	2	1786948499.1848918260	
/home/lilingfeng/tmp/juicefs-c03-r1-20260817-140452/rc/go125-make-juicefs.rc	dir	600	lilingfeng	lilingfeng	2	1786948674.9944291420	
/home/lilingfeng/tmp/juicefs-c03-r1-20260817-140452/rc/go125-baseline-memory.rc	dir	600	lilingfeng	lilingfeng	2	1786947449.9348490570	
/home/lilingfeng/tmp/juicefs-c03-r1-20260817-140452/rc/go126-S-oracle-U1-repeat-04.rc	dir	600	lilingfeng	lilingfeng	2	1786947696.9732081270	
/home/lilingfeng/tmp/juicefs-c03-r1-20260817-140452/rc/go125-vet.rc	dir	600	lilingfeng	lilingfeng	2	1786948498.8768518930	
/home/lilingfeng/tmp/juicefs-c03-r1-20260817-140452/rc/go125-B-candidate-count100.rc	dir	600	lilingfeng	lilingfeng	2	1786947825.1544248880	
/home/lilingfeng/tmp/juicefs-c03-r1-20260817-140452/rc/go126-Q-semantic-TestC02NonEIONewSliceDoesNotRetryBeforeFlush.rc	dir	600	lilingfeng	lilingfeng	2	1786948312.6326930100	
/home/lilingfeng/tmp/juicefs-c03-r1-20260817-140452/rc/go125-S-oracle-U1-repeat-05.rc	dir	600	lilingfeng	lilingfeng	2	1786947585.2009920880	
/home/lilingfeng/tmp/juicefs-c03-r1-20260817-140452/rc/go125-R-replay-U3.rc	dir	600	lilingfeng	lilingfeng	2	1786948720.4720112150	
/home/lilingfeng/tmp/juicefs-c03-r1-20260817-140452/rc/go125-Q-semantic-TestC02TransientEIORecoversOnFreeze.rc	dir	600	lilingfeng	lilingfeng	2	1786948175.4587308740	
/home/lilingfeng/tmp/juicefs-c03-r1-20260817-140452/rc/go125-S-oracle-U3-repeat-10.rc	dir	600	lilingfeng	lilingfeng	2	1786947666.2629463110	
/home/lilingfeng/tmp/juicefs-c03-r1-20260817-140452/rc/go126-make-juicefs.rc	dir	600	lilingfeng	lilingfeng	2	1786948696.8131068460	
/home/lilingfeng/tmp/juicefs-c03-r1-20260817-140452/rc/Q-semantic-path-guard.rc	dir	600	lilingfeng	lilingfeng	2	1786948783.7517164520	
/home/lilingfeng/tmp/juicefs-c03-r1-20260817-140452/rc/go126-R-replay-count20.rc	dir	600	lilingfeng	lilingfeng	2	1786948759.2727716060	
/home/lilingfeng/tmp/juicefs-c03-r1-20260817-140452/rc/go126-R-replay-U3.rc	dir	600	lilingfeng	lilingfeng	2	1786948748.3754350040	
/home/lilingfeng/tmp/juicefs-c03-r1-20260817-140452/rc/go125-mod-download.rc	dir	600	lilingfeng	lilingfeng	2	1786947380.3413308070	
/home/lilingfeng/tmp/juicefs-c03-r1-20260817-140452/rc/Q-semantic-diffcheck.rc	dir	600	lilingfeng	lilingfeng	2	1786948783.7397150310	
/home/lilingfeng/tmp/juicefs-c03-r1-20260817-140452/rc/go126-Q-semantic-race20.rc	dir	600	lilingfeng	lilingfeng	2	1786948425.8196831010	
/home/lilingfeng/tmp/juicefs-c03-r1-20260817-140452/rc/lint-install.rc	dir	600	lilingfeng	lilingfeng	2	1786948627.5006132090	
/home/lilingfeng/tmp/juicefs-c03-r1-20260817-140452/rc/lint-run.rc	dir	600	lilingfeng	lilingfeng	2	1786948670.2418490170	
/home/lilingfeng/tmp/juicefs-c03-r1-20260817-140452/rc/go125-S-oracle-U1-repeat-07.rc	dir	600	lilingfeng	lilingfeng	2	1786947596.8178355180	
/home/lilingfeng/tmp/juicefs-c03-r1-20260817-140452/rc/go125-baseline-compile.rc	dir	600	lilingfeng	lilingfeng	2	1786947443.3263250620	
/home/lilingfeng/tmp/juicefs-c03-r1-20260817-140452/rc/go126-Q-semantic-TestC02PermanentENOSPCAbortsFrozenSlice.rc	dir	600	lilingfeng	lilingfeng	2	1786948319.4535965420	
/home/lilingfeng/tmp/juicefs-c03-r1-20260817-140452/rc/anchor-cmp.rc	dir	600	lilingfeng	lilingfeng	2	1786948783.8677301870	
/home/lilingfeng/tmp/juicefs-c03-r1-20260817-140452/rc/go126-R-replay-U1.rc	dir	600	lilingfeng	lilingfeng	2	1786948740.2144332130	
/home/lilingfeng/tmp/juicefs-c03-r1-20260817-140452/rc/go126-S-oracle-U3-repeat-03.rc	dir	600	lilingfeng	lilingfeng	2	1786947739.6723534370	
/home/lilingfeng/tmp/juicefs-c03-r1-20260817-140452/rc/go126-baseline-memory.rc	dir	600	lilingfeng	lilingfeng	2	1786947541.3617696290	
/home/lilingfeng/tmp/juicefs-c03-r1-20260817-140452/rc/go126-Q-semantic-TestC02MultiBlockDispatchUsesLatestLength.rc	dir	600	lilingfeng	lilingfeng	2	1786948297.8147160500	
/home/lilingfeng/tmp/juicefs-c03-r1-20260817-140452/rc/go125-Q-semantic-TestC02PermanentENOSPCAbortsFrozenSlice.rc	dir	600	lilingfeng	lilingfeng	2	1786948178.7511985560	
/home/lilingfeng/tmp/juicefs-c03-r1-20260817-140452/rc/go125-S-oracle-U3-repeat-06.rc	dir	600	lilingfeng	lilingfeng	2	1786947648.1976192480	
/home/lilingfeng/tmp/juicefs-c03-r1-20260817-140452/rc/go126-S-oracle-U3-repeat-01.rc	dir	600	lilingfeng	lilingfeng	2	1786947729.3115912050	
/home/lilingfeng/tmp/juicefs-c03-r1-20260817-140452/rc/go126-Q-semantic-TestC02ConcurrentIndependentFullBlocks.rc	dir	600	lilingfeng	lilingfeng	2	1786948326.5705397270	
/home/lilingfeng/tmp/juicefs-c03-r1-20260817-140452/rc/go125-Q-semantic-TestC02FrozenSliceSkipsCatchupFlush.rc	dir	600	lilingfeng	lilingfeng	2	1786948182.0916658770	
/home/lilingfeng/tmp/juicefs-c03-r1-20260817-140452/rc/go125-S-oracle-U1-repeat-08.rc	dir	600	lilingfeng	lilingfeng	2	1786947601.7662010710	
/home/lilingfeng/tmp/juicefs-c03-r1-20260817-140452/rc/go126-S-oracle-U3-repeat-09.rc	dir	600	lilingfeng	lilingfeng	2	1786947765.7142714610	
/home/lilingfeng/tmp/juicefs-c03-r1-20260817-140452/rc/go126-B-candidate-race20.rc	dir	600	lilingfeng	lilingfeng	2	1786948140.8378410830	
/home/lilingfeng/tmp/juicefs-c03-r1-20260817-140452/rc/toolchain-go125.rc	dir	600	lilingfeng	lilingfeng	2	1786946788.8531422950	
/home/lilingfeng/tmp/juicefs-c03-r1-20260817-140452/rc/redis-stop-go126.rc	dir	600	lilingfeng	lilingfeng	2	1786948475.8822326390	
/home/lilingfeng/tmp/juicefs-c03-r1-20260817-140452/rc/input-check.rc	dir	600	lilingfeng	lilingfeng	2	1786946692.2246305160	
/home/lilingfeng/tmp/juicefs-c03-r1-20260817-140452/rc/go126-mod-download.rc	dir	600	lilingfeng	lilingfeng	2	1786947380.4053358980	
/home/lilingfeng/tmp/juicefs-c03-r1-20260817-140452/rc/go125-S-oracle-U3-repeat-05.rc	dir	600	lilingfeng	lilingfeng	2	1786947643.2492540640	
/home/lilingfeng/tmp/juicefs-c03-r1-20260817-140452/rc/go126-S-oracle-U3.rc	dir	600	lilingfeng	lilingfeng	2	1786947679.5079206750	
/home/lilingfeng/tmp/juicefs-c03-r1-20260817-140452/rc/go125-S-oracle-U2.rc	dir	600	lilingfeng	lilingfeng	2	1786947548.4462848900	
/home/lilingfeng/tmp/juicefs-c03-r1-20260817-140452/rc/go125-Q-semantic-race20.rc	dir	600	lilingfeng	lilingfeng	2	1786948285.6290993640	
/home/lilingfeng/tmp/juicefs-c03-r1-20260817-140452/rc/go125-B-candidate-U3.rc	dir	600	lilingfeng	lilingfeng	2	1786947786.4677987300	
/home/lilingfeng/tmp/juicefs-c03-r1-20260817-140452/rc/go126-B-candidate-count100.rc	dir	600	lilingfeng	lilingfeng	2	1786948003.6902830070	
/home/lilingfeng/tmp/juicefs-c03-r1-20260817-140452/rc/go125-R-replay-U1.rc	dir	600	lilingfeng	lilingfeng	2	1786948712.8070703160	
/home/lilingfeng/tmp/juicefs-c03-r1-20260817-140452/rc/go126-S-oracle-U3-repeat-05.rc	dir	600	lilingfeng	lilingfeng	2	1786947748.6570153670	
/home/lilingfeng/tmp/juicefs-c03-r1-20260817-140452/rc/go125-Q-semantic-TestC02DelayedNewSliceDoesNotBlockWriteAt.rc	dir	600	lilingfeng	lilingfeng	2	1786948168.2377493330	
/home/lilingfeng/tmp/juicefs-c03-r1-20260817-140452/rc/go125-mod-tidy.rc	dir	600	lilingfeng	lilingfeng	2	1786948485.8395127160	
/home/lilingfeng/tmp/juicefs-c03-r1-20260817-140452/rc/go125-Q-semantic-TestC02PartialThenFullAfterIDDispatchesOnce.rc	dir	600	lilingfeng	lilingfeng	2	1786948164.0491563810	
/home/lilingfeng/tmp/juicefs-c03-r1-20260817-140452/rc/go125-S-oracle-U1-repeat-09.rc	dir	600	lilingfeng	lilingfeng	2	1786947608.7547173530	
/home/lilingfeng/tmp/juicefs-c03-r1-20260817-140452/rc/sha256-check.rc	dir	600	lilingfeng	lilingfeng	2	1786948785.9119721920	
/home/lilingfeng/tmp/juicefs-c03-r1-20260817-140452/rc/go125-Q-semantic-TestC02NonEIONewSliceDoesNotRetryBeforeFlush.rc	dir	600	lilingfeng	lilingfeng	2	1786948172.1502882130	
/home/lilingfeng/tmp/juicefs-c03-r1-20260817-140452/rc/go126-Q-semantic-count100.rc	dir	600	lilingfeng	lilingfeng	2	1786948397.2679069260	
/home/lilingfeng/tmp/juicefs-c03-r1-20260817-140452/rc/go126-S-oracle-U3-repeat-06.rc	dir	600	lilingfeng	lilingfeng	2	1786947752.8893263570	
/home/lilingfeng/tmp/juicefs-c03-r1-20260817-140452/rc/go126-Q-semantic-TestC02FrozenSliceSkipsCatchupFlush.rc	dir	600	lilingfeng	lilingfeng	2	1786948323.0100677970	
/home/lilingfeng/tmp/juicefs-c03-r1-20260817-140452/rc/go126-S-oracle-U1-repeat-08.rc	dir	600	lilingfeng	lilingfeng	2	1786947715.6425836140	
/home/lilingfeng/tmp/juicefs-c03-r1-20260817-140452/rc/B-candidate-path-guard.rc	dir	600	lilingfeng	lilingfeng	2	1786948783.7117117150	
/home/lilingfeng/tmp/juicefs-c03-r1-20260817-140452/rc/go125-B-candidate-U2.rc	dir	600	lilingfeng	lilingfeng	2	1786947782.9715421650	
/home/lilingfeng/tmp/juicefs-c03-r1-20260817-140452/rc/go125-S-oracle-U3-repeat-02.rc	dir	600	lilingfeng	lilingfeng	2	1786947625.8079720400	
/home/lilingfeng/tmp/juicefs-c03-r1-20260817-140452/rc/go126-S-oracle-U3-repeat-04.rc	dir	600	lilingfeng	lilingfeng	2	1786947744.2046878990	
/home/lilingfeng/tmp/juicefs-c03-r1-20260817-140452/rc/go126-S-oracle-U1-repeat-02.rc	dir	600	lilingfeng	lilingfeng	2	1786947688.4205777190	
/home/lilingfeng/tmp/juicefs-c03-r1-20260817-140452/rc/go126-Q-semantic-TestC02FlushToFailureIsObservable.rc	dir	600	lilingfeng	lilingfeng	2	1786948301.4312006960	
/home/lilingfeng/tmp/juicefs-c03-r1-20260817-140452/rc/R-replay-diffcheck.rc	dir	600	lilingfeng	lilingfeng	2	1786948783.7997221360	
/home/lilingfeng/tmp/juicefs-c03-r1-20260817-140452/artifacts	dir	700	lilingfeng	lilingfeng	4096	1786948702.9538608940	
/home/lilingfeng/tmp/juicefs-c03-r1-20260817-140452/artifacts/community-candidate.patch	dir	600	lilingfeng	lilingfeng	7008	1786948702.9578613830	
/home/lilingfeng/tmp/juicefs-c03-r1-20260817-140452/logs	dir	700	lilingfeng	lilingfeng	12288	1786948788.4479598500	
/home/lilingfeng/tmp/juicefs-c03-r1-20260817-140452/logs/go125-S-oracle-U3-repeat-08.log	dir	600	lilingfeng	lilingfeng	544	1786947657.3782917330	
/home/lilingfeng/tmp/juicefs-c03-r1-20260817-140452/logs/go125-B-candidate-full-vfs.log	dir	600	lilingfeng	lilingfeng	201361	1786948454.0313987650	
/home/lilingfeng/tmp/juicefs-c03-r1-20260817-140452/logs/go126-S-oracle-U1-repeat-04.log	dir	600	lilingfeng	lilingfeng	269	1786947696.9372054700	
/home/lilingfeng/tmp/juicefs-c03-r1-20260817-140452/logs/go126-make-juicefs.log	dir	600	lilingfeng	lilingfeng	224	1786948680.9671621050	
/home/lilingfeng/tmp/juicefs-c03-r1-20260817-140452/logs/go126-baseline-memory.log	dir	600	lilingfeng	lilingfeng	848	1786947541.3177663460	
/home/lilingfeng/tmp/juicefs-c03-r1-20260817-140452/logs/forbidden-raw.log	dir	600	lilingfeng	lilingfeng	0	1786948783.8557287660	
/home/lilingfeng/tmp/juicefs-c03-r1-20260817-140452/logs/go125-B-candidate-U3.log	dir	600	lilingfeng	lilingfeng	604	1786947786.4197952370	
/home/lilingfeng/tmp/juicefs-c03-r1-20260817-140452/logs/go126-S-oracle-U1-repeat-10.log	dir	600	lilingfeng	lilingfeng	269	1786947724.8152597830	
/home/lilingfeng/tmp/juicefs-c03-r1-20260817-140452/logs/go126-S-oracle-U3-repeat-06.log	dir	600	lilingfeng	lilingfeng	265	1786947752.8573240060	
/home/lilingfeng/tmp/juicefs-c03-r1-20260817-140452/logs/community-artifact-secret-scan.log	dir	600	lilingfeng	lilingfeng	0	1786948783.6437036640	
/home/lilingfeng/tmp/juicefs-c03-r1-20260817-140452/logs/go126-Q-semantic-TestC02MultiBlockDispatchUsesLatestLength.log	dir	600	lilingfeng	lilingfeng	166	1786948297.7667096870	
/home/lilingfeng/tmp/juicefs-c03-r1-20260817-140452/logs/lint-status-diff.log	dir	600	lilingfeng	lilingfeng	0	1786948670.2498499950	
/home/lilingfeng/tmp/juicefs-c03-r1-20260817-140452/logs/go125-juicefs-version.log	dir	600	lilingfeng	lilingfeng	46	1786948675.0344340240	
/home/lilingfeng/tmp/juicefs-c03-r1-20260817-140452/logs/clone-Q-semantic.log	dir	600	lilingfeng	lilingfeng	250	1786946722.6981982930	
/home/lilingfeng/tmp/juicefs-c03-r1-20260817-140452/logs/go126-Q-semantic-TestC02PartialThenFullAfterIDDispatchesOnce.log	dir	600	lilingfeng	lilingfeng	170	1786948305.0356847580	
/home/lilingfeng/tmp/juicefs-c03-r1-20260817-140452/logs/go125-baseline-compile.log	dir	600	lilingfeng	lilingfeng	346	1786947443.0463028590	
/home/lilingfeng/tmp/juicefs-c03-r1-20260817-140452/logs/go125-S-oracle-U1-repeat-10.log	dir	600	lilingfeng	lilingfeng	548	1786947614.7271556990	
/home/lilingfeng/tmp/juicefs-c03-r1-20260817-140452/logs/R-replay-apply.log	dir	600	lilingfeng	lilingfeng	0	1786948702.9658623660	
/home/lilingfeng/tmp/juicefs-c03-r1-20260817-140452/logs/go125-S-oracle-U3.log	dir	600	lilingfeng	lilingfeng	544	1786947558.9150476280	
/home/lilingfeng/tmp/juicefs-c03-r1-20260817-140452/logs/redis-logs-go125.log	dir	600	lilingfeng	lilingfeng	1044	1786948435.9210172400	
/home/lilingfeng/tmp/juicefs-c03-r1-20260817-140452/logs/go125-B-candidate-U1.log	dir	600	lilingfeng	lilingfeng	455	1786947779.0912561190	
/home/lilingfeng/tmp/juicefs-c03-r1-20260817-140452/logs/static-test-name-conflict.log	dir	600	lilingfeng	lilingfeng	0	1786946723.1662836620	
/home/lilingfeng/tmp/juicefs-c03-r1-20260817-140452/logs/fetch.log	dir	600	lilingfeng	lilingfeng	141	1786946720.0577167260	
/home/lilingfeng/tmp/juicefs-c03-r1-20260817-140452/logs/go126-S-oracle-U1-repeat-06.log	dir	600	lilingfeng	lilingfeng	269	1786947706.1978888250	
/home/lilingfeng/tmp/juicefs-c03-r1-20260817-140452/logs/anchor-cmp.log	dir	600	lilingfeng	lilingfeng	0	1786948783.8677301870	
/home/lilingfeng/tmp/juicefs-c03-r1-20260817-140452/logs/go126-Q-semantic-TestC02FrozenSliceSkipsCatchupFlush.log	dir	600	lilingfeng	lilingfeng	154	1786948322.9620614340	
/home/lilingfeng/tmp/juicefs-c03-r1-20260817-140452/logs/go125-S-oracle-U3-repeat-06.log	dir	600	lilingfeng	lilingfeng	544	1786947648.1656168880	
/home/lilingfeng/tmp/juicefs-c03-r1-20260817-140452/logs/go126-S-oracle-U3.log	dir	600	lilingfeng	lilingfeng	265	1786947679.4759183160	
/home/lilingfeng/tmp/juicefs-c03-r1-20260817-140452/logs/go125-S-oracle-U3-repeat-05.log	dir	600	lilingfeng	lilingfeng	544	1786947643.2092511110	
/home/lilingfeng/tmp/juicefs-c03-r1-20260817-140452/logs/redis-gone-go125.log	dir	600	lilingfeng	lilingfeng	0	1786948454.7914966440	
/home/lilingfeng/tmp/juicefs-c03-r1-20260817-140452/logs/go125-Q-semantic-race20.log	dir	600	lilingfeng	lilingfeng	27634	1786948285.5650908600	
/home/lilingfeng/tmp/juicefs-c03-r1-20260817-140452/logs/R-replay-path-guard.log	dir	600	lilingfeng	lilingfeng	0	1786948783.8077230810	
/home/lilingfeng/tmp/juicefs-c03-r1-20260817-140452/logs/go126-R-replay-U3.log	dir	600	lilingfeng	lilingfeng	325	1786948748.3274291140	
/home/lilingfeng/tmp/juicefs-c03-r1-20260817-140452/logs/go126-Q-semantic-count100.log	dir	600	lilingfeng	lilingfeng	136555	1786948397.2279016290	
/home/lilingfeng/tmp/juicefs-c03-r1-20260817-140452/logs/go125-R-replay-U3.log	dir	600	lilingfeng	lilingfeng	604	1786948720.4200048300	
/home/lilingfeng/tmp/juicefs-c03-r1-20260817-140452/logs/go125-Q-semantic-TestC02FullBlockDispatchAfterDelayedID.log	dir	600	lilingfeng	lilingfeng	439	1786948151.9154270060	
/home/lilingfeng/tmp/juicefs-c03-r1-20260817-140452/logs/redis-stop-go126.log	dir	600	lilingfeng	lilingfeng	65	1786948475.8782321240	
/home/lilingfeng/tmp/juicefs-c03-r1-20260817-140452/logs/go126-S-oracle-U3-repeat-08.log	dir	600	lilingfeng	lilingfeng	265	1786947761.4179548240	
/home/lilingfeng/tmp/juicefs-c03-r1-20260817-140452/logs/go125-S-oracle-U1-repeat-09.log	dir	600	lilingfeng	lilingfeng	548	1786947608.6787117380	
/home/lilingfeng/tmp/juicefs-c03-r1-20260817-140452/logs/go125-B-candidate-U2.log	dir	600	lilingfeng	lilingfeng	467	1786947782.9275389230	
/home/lilingfeng/tmp/juicefs-c03-r1-20260817-140452/logs/lint-install.log	dir	600	lilingfeng	lilingfeng	10489	1786948601.3014029850	
/home/lilingfeng/tmp/juicefs-c03-r1-20260817-140452/logs/go126-S-oracle-U3-repeat-05.log	dir	600	lilingfeng	lilingfeng	265	1786947748.6290133100	
/home/lilingfeng/tmp/juicefs-c03-r1-20260817-140452/logs/clone-upstream.log	dir	600	lilingfeng	lilingfeng	99	1786946692.4206662840	
/home/lilingfeng/tmp/juicefs-c03-r1-20260817-140452/logs/redis-pull.log	dir	600	lilingfeng	lilingfeng	203	1786948432.7325961250	
/home/lilingfeng/tmp/juicefs-c03-r1-20260817-140452/logs/go125-mod-download.log	dir	600	lilingfeng	lilingfeng	0	1786946788.9451566970	
/home/lilingfeng/tmp/juicefs-c03-r1-20260817-140452/logs/go125-Q-semantic-count100.log	dir	600	lilingfeng	lilingfeng	136834	1786948256.0692173840	
/home/lilingfeng/tmp/juicefs-c03-r1-20260817-140452/logs/go126-juicefs-version.log	dir	600	lilingfeng	lilingfeng	46	1786948696.8451107720	
/home/lilingfeng/tmp/juicefs-c03-r1-20260817-140452/logs/go125-S-oracle-U3-repeat-03.log	dir	600	lilingfeng	lilingfeng	544	1786947632.0924311020	
/home/lilingfeng/tmp/juicefs-c03-r1-20260817-140452/logs/static-vfs-testmain.log	dir	600	lilingfeng	lilingfeng	0	1786946723.1662836620	
/home/lilingfeng/tmp/juicefs-c03-r1-20260817-140452/logs/Q-semantic-path-guard.log	dir	600	lilingfeng	lilingfeng	0	1786948783.7517164520	
/home/lilingfeng/tmp/juicefs-c03-r1-20260817-140452/logs/go125-S-oracle-U3-repeat-01.log	dir	600	lilingfeng	lilingfeng	544	1786947620.0035441670	
/home/lilingfeng/tmp/juicefs-c03-r1-20260817-140452/logs/go126-R-replay-U1.log	dir	600	lilingfeng	lilingfeng	176	1786948740.1584263370	
/home/lilingfeng/tmp/juicefs-c03-r1-20260817-140452/logs/archive-listing.log	dir	600	lilingfeng	lilingfeng	14189	1786948788.7039912060	
/home/lilingfeng/tmp/juicefs-c03-r1-20260817-140452/logs/go126-S-oracle-U3-repeat-02.log	dir	600	lilingfeng	lilingfeng	265	1786947734.5759781300	
/home/lilingfeng/tmp/juicefs-c03-r1-20260817-140452/logs/B-apply.log	dir	600	lilingfeng	lilingfeng	0	1786947770.0265891600	
/home/lilingfeng/tmp/juicefs-c03-r1-20260817-140452/logs/redis-stop-go125.log	dir	600	lilingfeng	lilingfeng	65	1786948454.7874961290	
/home/lilingfeng/tmp/juicefs-c03-r1-20260817-140452/logs/go125-S-oracle-U1-repeat-06.log	dir	600	lilingfeng	lilingfeng	548	1786947591.6814585320	
/home/lilingfeng/tmp/juicefs-c03-r1-20260817-140452/logs/go126-Q-semantic-race20.log	dir	600	lilingfeng	lilingfeng	27355	1786948425.7516740910	
/home/lilingfeng/tmp/juicefs-c03-r1-20260817-140452/logs/go126-Q-semantic-TestC02DelayedNewSliceDoesNotBlockWriteAt.log	dir	600	lilingfeng	lilingfeng	166	1786948308.5161481170	
/home/lilingfeng/tmp/juicefs-c03-r1-20260817-140452/logs/go126-Q-semantic-TestC02NonEIONewSliceDoesNotRetryBeforeFlush.log	dir	600	lilingfeng	lilingfeng	172	1786948312.5886871860	
/home/lilingfeng/tmp/juicefs-c03-r1-20260817-140452/logs/redis-logs-go126.log	dir	600	lilingfeng	lilingfeng	1044	1786948457.7958835810	
/home/lilingfeng/tmp/juicefs-c03-r1-20260817-140452/logs/go125-Q-semantic-TestC02DelayedNewSliceDoesNotBlockWriteAt.log	dir	600	lilingfeng	lilingfeng	445	1786948168.1817414040	
/home/lilingfeng/tmp/juicefs-c03-r1-20260817-140452/logs/go125-vet.log	dir	600	lilingfeng	lilingfeng	279	1786948486.2915710650	
/home/lilingfeng/tmp/juicefs-c03-r1-20260817-140452/logs/go126-S-oracle-U1-repeat-02.log	dir	600	lilingfeng	lilingfeng	269	1786947688.3845750630	
/home/lilingfeng/tmp/juicefs-c03-r1-20260817-140452/logs/go126-B-candidate-full-vfs.log	dir	600	lilingfeng	lilingfeng	188386	1786948475.0981321620	
/home/lilingfeng/tmp/juicefs-c03-r1-20260817-140452/logs/go125-baseline-memory.log	dir	600	lilingfeng	lilingfeng	1127	1786947449.8948458850	
/home/lilingfeng/tmp/juicefs-c03-r1-20260817-140452/logs/go126-S-oracle-U1-repeat-08.log	dir	600	lilingfeng	lilingfeng	269	1786947715.5985803700	
/home/lilingfeng/tmp/juicefs-c03-r1-20260817-140452/logs/go126-baseline-compile.log	dir	600	lilingfeng	lilingfeng	346	1786947535.2773145570	
/home/lilingfeng/tmp/juicefs-c03-r1-20260817-140452/logs/go125-Q-semantic-TestC02TransientEIORecoversOnFreeze.log	dir	600	lilingfeng	lilingfeng	433	1786948175.4107244760	
/home/lilingfeng/tmp/juicefs-c03-r1-20260817-140452/logs/go125-B-candidate-count100.log	dir	600	lilingfeng	lilingfeng	53034	1786947825.1144219500	
/home/lilingfeng/tmp/juicefs-c03-r1-20260817-140452/logs/B-candidate-path-guard.log	dir	600	lilingfeng	lilingfeng	0	1786948783.7117117150	
/home/lilingfeng/tmp/juicefs-c03-r1-20260817-140452/logs/go125-juicefs-lite-version.log	dir	600	lilingfeng	lilingfeng	46	1786948680.7631370670	
/home/lilingfeng/tmp/juicefs-c03-r1-20260817-140452/logs/redis-inspect-go125.json	dir	600	lilingfeng	lilingfeng	8376	1786948435.8850124810	
/home/lilingfeng/tmp/juicefs-c03-r1-20260817-140452/logs/go125-S-oracle-U1-repeat-02.log	dir	600	lilingfeng	lilingfeng	548	1786947569.0638001890	
/home/lilingfeng/tmp/juicefs-c03-r1-20260817-140452/logs/Q-apply-check.log	dir	600	lilingfeng	lilingfeng	0	1786948140.8498428040	
/home/lilingfeng/tmp/juicefs-c03-r1-20260817-140452/logs/go125-R-replay-U1.log	dir	600	lilingfeng	lilingfeng	455	1786948712.7510634450	
/home/lilingfeng/tmp/juicefs-c03-r1-20260817-140452/logs/go125-Q-semantic-TestC02NonEIONewSliceDoesNotRetryBeforeFlush.log	dir	600	lilingfeng	lilingfeng	451	1786948172.1102828620	
/home/lilingfeng/tmp/juicefs-c03-r1-20260817-140452/logs/go125-S-oracle-U3-repeat-04.log	dir	600	lilingfeng	lilingfeng	544	1786947637.5768353050	
/home/lilingfeng/tmp/juicefs-c03-r1-20260817-140452/logs/go126-Q-semantic-TestC02PermanentENOSPCAbortsFrozenSlice.log	dir	600	lilingfeng	lilingfeng	293	1786948319.4015896490	
/home/lilingfeng/tmp/juicefs-c03-r1-20260817-140452/logs/go125-B-candidate-race20.log	dir	600	lilingfeng	lilingfeng	10873	1786947946.6421312750	
/home/lilingfeng/tmp/juicefs-c03-r1-20260817-140452/logs/go126-S-oracle-U2.log	dir	600	lilingfeng	lilingfeng	188	1786947670.4992573280	
/home/lilingfeng/tmp/juicefs-c03-r1-20260817-140452/logs/B-apply-check.log	dir	600	lilingfeng	lilingfeng	0	1786947770.0225888680	
/home/lilingfeng/tmp/juicefs-c03-r1-20260817-140452/logs/go125-S-oracle-U2.log	dir	600	lilingfeng	lilingfeng	467	1786947548.3942812070	
/home/lilingfeng/tmp/juicefs-c03-r1-20260817-140452/logs/R-replay-apply-check.log	dir	600	lilingfeng	lilingfeng	0	1786948702.9618618770	
/home/lilingfeng/tmp/juicefs-c03-r1-20260817-140452/logs/go126-B-candidate-U1.log	dir	600	lilingfeng	lilingfeng	176	1786947956.9916060310	
/home/lilingfeng/tmp/juicefs-c03-r1-20260817-140452/logs/go126-S-oracle-U1-repeat-07.log	dir	600	lilingfeng	lilingfeng	269	1786947710.7582240600	
/home/lilingfeng/tmp/juicefs-c03-r1-20260817-140452/logs/Q-apply.log	dir	600	lilingfeng	lilingfeng	0	1786948140.8658451020	
/home/lilingfeng/tmp/juicefs-c03-r1-20260817-140452/logs/go125-Q-semantic-TestC02FlushToFailureIsObservable.log	dir	600	lilingfeng	lilingfeng	589	1786948159.6205266840	
/home/lilingfeng/tmp/juicefs-c03-r1-20260817-140452/logs/go126-B-candidate-race20.log	dir	600	lilingfeng	lilingfeng	10873	1786948140.5297969050	
/home/lilingfeng/tmp/juicefs-c03-r1-20260817-140452/logs/gofmt-check.log	dir	600	lilingfeng	lilingfeng	0	1786948475.9262382770	
/home/lilingfeng/tmp/juicefs-c03-r1-20260817-140452/logs/go126-S-oracle-U3-repeat-04.log	dir	600	lilingfeng	lilingfeng	265	1786947744.1686852420	
/home/lilingfeng/tmp/juicefs-c03-r1-20260817-140452/logs/clone-S-oracle.log	dir	600	lilingfeng	lilingfeng	248	1786946721.8940516330	
/home/lilingfeng/tmp/juicefs-c03-r1-20260817-140452/logs/go125-Q-semantic-TestC02FrozenSliceSkipsCatchupFlush.log	dir	600	lilingfeng	lilingfeng	433	1786948182.0476597200	
/home/lilingfeng/tmp/juicefs-c03-r1-20260817-140452/logs/go125-S-oracle-U1-repeat-03.log	dir	600	lilingfeng	lilingfeng	548	1786947574.5282028740	
/home/lilingfeng/tmp/juicefs-c03-r1-20260817-140452/logs/go125-S-oracle-U3-repeat-09.log	dir	600	lilingfeng	lilingfeng	544	1786947661.8626222880	
/home/lilingfeng/tmp/juicefs-c03-r1-20260817-140452/logs/go126-vet.log	dir	600	lilingfeng	lilingfeng	0	1786948499.1928928630	
/home/lilingfeng/tmp/juicefs-c03-r1-20260817-140452/logs/go125-make-juicefs-lite.log	dir	600	lilingfeng	lilingfeng	404	1786948675.4264821310	
/home/lilingfeng/tmp/juicefs-c03-r1-20260817-140452/logs/go125-Q-semantic-TestC02MultiBlockDispatchUsesLatestLength.log	dir	600	lilingfeng	lilingfeng	445	1786948155.8399874570	
/home/lilingfeng/tmp/juicefs-c03-r1-20260817-140452/logs/go126-S-oracle-U1-repeat-01.log	dir	600	lilingfeng	lilingfeng	269	1786947683.8962441920	
/home/lilingfeng/tmp/juicefs-c03-r1-20260817-140452/logs/go126-mod-tidy.log	dir	600	lilingfeng	lilingfeng	0	1786948498.8808524120	
/home/lilingfeng/tmp/juicefs-c03-r1-20260817-140452/logs/go126-S-oracle-U3-repeat-09.log	dir	600	lilingfeng	lilingfeng	265	1786947765.6822691050	
/home/lilingfeng/tmp/juicefs-c03-r1-20260817-140452/logs/go125-S-oracle-U3-repeat-07.log	dir	600	lilingfeng	lilingfeng	544	1786947652.8299587590	
/home/lilingfeng/tmp/juicefs-c03-r1-20260817-140452/logs/go125-Q-semantic-TestC02ConcurrentIndependentFullBlocks.log	dir	600	lilingfeng	lilingfeng	439	1786948185.4841404730	
/home/lilingfeng/tmp/juicefs-c03-r1-20260817-140452/logs/go125-S-oracle-U1-repeat-04.log	dir	600	lilingfeng	lilingfeng	548	1786947579.8525963660	
/home/lilingfeng/tmp/juicefs-c03-r1-20260817-140452/logs/redis-gone-go126.log	dir	600	lilingfeng	lilingfeng	0	1786948475.8822326390	
/home/lilingfeng/tmp/juicefs-c03-r1-20260817-140452/logs/go126-S-oracle-U1-repeat-09.log	dir	600	lilingfeng	lilingfeng	269	1786947720.4109351180	
/home/lilingfeng/tmp/juicefs-c03-r1-20260817-140452/logs/go125-make-juicefs.log	dir	600	lilingfeng	lilingfeng	503	1786948670.8259203120	
/home/lilingfeng/tmp/juicefs-c03-r1-20260817-140452/logs/go125-S-oracle-U1.log	dir	600	lilingfeng	lilingfeng	548	1786947553.5626504270	
/home/lilingfeng/tmp/juicefs-c03-r1-20260817-140452/logs/go126-B-candidate-U3.log	dir	600	lilingfeng	lilingfeng	325	1786947965.0927593440	
/home/lilingfeng/tmp/juicefs-c03-r1-20260817-140452/logs/go125-R-replay-U2.log	dir	600	lilingfeng	lilingfeng	467	1786948716.7475539040	
/home/lilingfeng/tmp/juicefs-c03-r1-20260817-140452/logs/go126-S-oracle-U1-repeat-03.log	dir	600	lilingfeng	lilingfeng	269	1786947692.6168870320	
/home/lilingfeng/tmp/juicefs-c03-r1-20260817-140452/logs/go125-R-replay-count20.log	dir	600	lilingfeng	lilingfeng	10873	1786948731.2813381740	
/home/lilingfeng/tmp/juicefs-c03-r1-20260817-140452/logs/go126-Q-semantic-TestC02FlushToFailureIsObservable.log	dir	600	lilingfeng	lilingfeng	310	1786948301.3791937140	
/home/lilingfeng/tmp/juicefs-c03-r1-20260817-140452/logs/shell-xtrace.log	dir	600	lilingfeng	lilingfeng	258764	1786948783.8677301870	
/home/lilingfeng/tmp/juicefs-c03-r1-20260817-140452/logs/go126-B-candidate-count100.log	dir	600	lilingfeng	lilingfeng	52755	1786948003.6462767240	
/home/lilingfeng/tmp/juicefs-c03-r1-20260817-140452/logs/go126-R-replay-count20.log	dir	600	lilingfeng	lilingfeng	10594	1786948759.2207652280	
/home/lilingfeng/tmp/juicefs-c03-r1-20260817-140452/logs/go126-S-oracle-U1.log	dir	600	lilingfeng	lilingfeng	269	1786947674.9995883080	
/home/lilingfeng/tmp/juicefs-c03-r1-20260817-140452/logs/go126-Q-semantic-TestC02FullBlockDispatchAfterDelayedID.log	dir	600	lilingfeng	lilingfeng	160	1786948294.1582313830	
/home/lilingfeng/tmp/juicefs-c03-r1-20260817-140452/logs/go126-S-oracle-U3-repeat-03.log	dir	600	lilingfeng	lilingfeng	265	1786947739.6363507820	
/home/lilingfeng/tmp/juicefs-c03-r1-20260817-140452/logs/go125-S-oracle-U1-repeat-08.log	dir	600	lilingfeng	lilingfeng	548	1786947601.6741942720	
/home/lilingfeng/tmp/juicefs-c03-r1-20260817-140452/logs/go126-S-oracle-U3-repeat-01.log	dir	600	lilingfeng	lilingfeng	265	1786947729.2675879690	
/home/lilingfeng/tmp/juicefs-c03-r1-20260817-140452/logs/lint-version-query.log	dir	600	lilingfeng	lilingfeng	292	1786948513.8666909690	
/home/lilingfeng/tmp/juicefs-c03-r1-20260817-140452/logs/go126-Q-semantic-TestC02TransientEIORecoversOnFreeze.log	dir	600	lilingfeng	lilingfeng	154	1786948315.9731353810	
/home/lilingfeng/tmp/juicefs-c03-r1-20260817-140452/logs/go125-Q-semantic-TestC02PermanentENOSPCAbortsFrozenSlice.log	dir	600	lilingfeng	lilingfeng	572	1786948178.7071923990	
/home/lilingfeng/tmp/juicefs-c03-r1-20260817-140452/logs/go126-R-replay-U2.log	dir	600	lilingfeng	lilingfeng	188	1786948744.4069479250	
/home/lilingfeng/tmp/juicefs-c03-r1-20260817-140452/logs/go125-S-oracle-U1-repeat-01.log	dir	600	lilingfeng	lilingfeng	548	1786947564.2954466900	
/home/lilingfeng/tmp/juicefs-c03-r1-20260817-140452/logs/redis-inspect-go126.json	dir	600	lilingfeng	lilingfeng	8376	1786948457.7638794060	
/home/lilingfeng/tmp/juicefs-c03-r1-20260817-140452/logs/go126-S-oracle-U3-repeat-10.log	dir	600	lilingfeng	lilingfeng	265	1786947769.9665847500	
/home/lilingfeng/tmp/juicefs-c03-r1-20260817-140452/logs/lint-run.log	dir	600	lilingfeng	lilingfeng	10	1786948670.1418368120	
/home/lilingfeng/tmp/juicefs-c03-r1-20260817-140452/logs/redis-ping-go126.log	dir	600	lilingfeng	lilingfeng	5	1786948457.7238742550	
/home/lilingfeng/tmp/juicefs-c03-r1-20260817-140452/logs/go125-S-oracle-U1-repeat-07.log	dir	600	lilingfeng	lilingfeng	548	1786947596.7818328570	
/home/lilingfeng/tmp/juicefs-c03-r1-20260817-140452/logs/git-diff-check.log	dir	600	lilingfeng	lilingfeng	0	1786948475.9302387870	
/home/lilingfeng/tmp/juicefs-c03-r1-20260817-140452/logs/go126-Q-semantic-TestC02ConcurrentIndependentFullBlocks.log	dir	600	lilingfeng	lilingfeng	160	1786948326.5185328320	
/home/lilingfeng/tmp/juicefs-c03-r1-20260817-140452/logs/redis-ping-go125.log	dir	600	lilingfeng	lilingfeng	5	1786948435.8450071940	
/home/lilingfeng/tmp/juicefs-c03-r1-20260817-140452/logs/go126-juicefs-lite-version.log	dir	600	lilingfeng	lilingfeng	46	1786948702.7978417270	
/home/lilingfeng/tmp/juicefs-c03-r1-20260817-140452/logs/go126-S-oracle-U3-repeat-07.log	dir	600	lilingfeng	lilingfeng	265	1786947757.1256384870	
/home/lilingfeng/tmp/juicefs-c03-r1-20260817-140452/logs/go125-S-oracle-U3-repeat-10.log	dir	600	lilingfeng	lilingfeng	544	1786947666.2309439610	
/home/lilingfeng/tmp/juicefs-c03-r1-20260817-140452/logs/go126-S-oracle-U1-repeat-05.log	dir	600	lilingfeng	lilingfeng	269	1786947701.5015424210	
/home/lilingfeng/tmp/juicefs-c03-r1-20260817-140452/logs/go125-S-oracle-U3-repeat-02.log	dir	600	lilingfeng	lilingfeng	544	1786947625.7599685340	
/home/lilingfeng/tmp/juicefs-c03-r1-20260817-140452/logs/R-replay-diff-cmp.log	dir	600	lilingfeng	lilingfeng	0	1786948703.1858893930	
/home/lilingfeng/tmp/juicefs-c03-r1-20260817-140452/logs/go126-mod-download.log	dir	600	lilingfeng	lilingfeng	0	1786947380.3413308070	
/home/lilingfeng/tmp/juicefs-c03-r1-20260817-140452/logs/go125-Q-semantic-TestC02PartialThenFullAfterIDDispatchesOnce.log	dir	600	lilingfeng	lilingfeng	449	1786948163.9851473190	
/home/lilingfeng/tmp/juicefs-c03-r1-20260817-140452/logs/go126-B-candidate-U2.log	dir	600	lilingfeng	lilingfeng	188	1786947961.3882316290	
/home/lilingfeng/tmp/juicefs-c03-r1-20260817-140452/logs/S-oracle-path-guard.log	dir	600	lilingfeng	lilingfeng	0	1786948783.6837084010	
/home/lilingfeng/tmp/juicefs-c03-r1-20260817-140452/logs/go126-make-juicefs-lite.log	dir	600	lilingfeng	lilingfeng	404	1786948697.2451598680	
/home/lilingfeng/tmp/juicefs-c03-r1-20260817-140452/logs/go125-S-oracle-U1-repeat-05.log	dir	600	lilingfeng	lilingfeng	548	1786947585.1609892090	
/home/lilingfeng/tmp/juicefs-c03-r1-20260817-140452/logs/forbidden-real.log	dir	600	lilingfeng	lilingfeng	0	1786948783.8637297110	
/home/lilingfeng/tmp/juicefs-c03-r1-20260817-140452/logs/sha256-check.log	dir	600	lilingfeng	lilingfeng	15805	1786948785.9119721920	
/home/lilingfeng/tmp/juicefs-c03-r1-20260817-140452/logs/lint-version.log	dir	600	lilingfeng	lilingfeng	153	1786948627.6326292900	
/home/lilingfeng/tmp/juicefs-c03-r1-20260817-140452/logs/clone-B-candidate.log	dir	600	lilingfeng	lilingfeng	251	1786946722.2941245990	
/home/lilingfeng/tmp/juicefs-c03-r1-20260817-140452/logs/go125-mod-tidy.log	dir	600	lilingfeng	lilingfeng	3244	1786948480.9788857280	
/home/lilingfeng/tmp/juicefs-c03-r1-20260817-140452/logs/clone-R-replay.log	dir	600	lilingfeng	lilingfeng	248	1786946723.1102734470	
/home/lilingfeng/tmp/juicefs-c03-r1-20260817-140452/drafts	dir	700	lilingfeng	lilingfeng	4096	1786948783.6437036640	
/home/lilingfeng/tmp/juicefs-c03-r1-20260817-140452/drafts/pr.md	dir	600	lilingfeng	lilingfeng	824	1786948783.6437036640	
/home/lilingfeng/tmp/juicefs-c03-r1-20260817-140452/drafts/commit-message.md	dir	600	lilingfeng	lilingfeng	519	1786948783.6437036640	
/home/lilingfeng/tmp/juicefs-c03-r1-20260817-140452/drafts/issue.md	dir	600	lilingfeng	lilingfeng	1286	1786948783.6397031920	
/home/lilingfeng/tmp/juicefs-c03-r1-20260817-140452/services	dir	700	lilingfeng	lilingfeng	4096	1786946692.1486166470	
/home/lilingfeng/tmp/juicefs-c03-r1-20260817-140452/deferred-checks.tsv	dir	600	lilingfeng	lilingfeng	134	1786946692.2206297860	
/home/lilingfeng/tmp/juicefs-c03-r1-20260817-140452/SHA256SUMS	dir	600	lilingfeng	lilingfeng	42031	1786948784.9598594770	
/home/lilingfeng/tmp/juicefs-c03-r1-20260817-140452/tools	dir	700	lilingfeng	lilingfeng	4096	1786948627.3805985920	
/home/lilingfeng/tmp/juicefs-c03-r1-20260817-140452/tools/bin	dir	700	lilingfeng	lilingfeng	4096	1786948627.3805985920	
/home/lilingfeng/tmp/juicefs-c03-r1-20260817-140452/tools/bin/golangci-lint	dir	700	lilingfeng	lilingfeng	67314248	1786948627.3805985920	
/home/lilingfeng/tmp/juicefs-c03-r1-20260817-140452/community-search	dir	700	lilingfeng	lilingfeng	4096	1786948783.5236894560	
/home/lilingfeng/tmp/juicefs-c03-r1-20260817-140452/community-search/query-5.headers.txt	dir	600	lilingfeng	lilingfeng	1161	1786948778.2750660630	
/home/lilingfeng/tmp/juicefs-c03-r1-20260817-140452/community-search/query-1.started-at.txt	dir	600	lilingfeng	lilingfeng	26	1786948763.0412338210	
/home/lilingfeng/tmp/juicefs-c03-r1-20260817-140452/community-search/query-1.body.json	dir	600	lilingfeng	lilingfeng	101	1786948763.5812989610	
/home/lilingfeng/tmp/juicefs-c03-r1-20260817-140452/community-search/query-2.validation.txt	dir	600	lilingfeng	lilingfeng	0	1786948767.3097455390	
/home/lilingfeng/tmp/juicefs-c03-r1-20260817-140452/community-search/query-1.curl.rc	dir	600	lilingfeng	lilingfeng	2	1786948763.5852994370	
/home/lilingfeng/tmp/juicefs-c03-r1-20260817-140452/community-search/query-1.request.txt	dir	600	lilingfeng	lilingfeng	47	1786948763.0332328400	
/home/lilingfeng/tmp/juicefs-c03-r1-20260817-140452/community-search/query-2.body.json	dir	600	lilingfeng	lilingfeng	7019	1786948767.3057450620	
/home/lilingfeng/tmp/juicefs-c03-r1-20260817-140452/community-search/local-history-grep.txt	dir	600	lilingfeng	lilingfeng	0	1786948781.3794356120	
/home/lilingfeng/tmp/juicefs-c03-r1-20260817-140452/community-search/query-3.curl.rc	dir	600	lilingfeng	lilingfeng	2	1786948770.8661722410	
/home/lilingfeng/tmp/juicefs-c03-r1-20260817-140452/community-search/query-5.request.txt	dir	600	lilingfeng	lilingfeng	54	1786948777.6509908350	
/home/lilingfeng/tmp/juicefs-c03-r1-20260817-140452/community-search/query-2.headers.txt	dir	600	lilingfeng	lilingfeng	1183	1786948767.3017445810	
/home/lilingfeng/tmp/juicefs-c03-r1-20260817-140452/community-search/query-3.http-status.txt	dir	600	lilingfeng	lilingfeng	3	1786948770.8661722410	
/home/lilingfeng/tmp/juicefs-c03-r1-20260817-140452/community-search/query-2.http-status.txt	dir	600	lilingfeng	lilingfeng	3	1786948767.3057450620	
/home/lilingfeng/tmp/juicefs-c03-r1-20260817-140452/community-search/query-5.body.json	dir	600	lilingfeng	lilingfeng	10438	1786948778.3510752250	
/home/lilingfeng/tmp/juicefs-c03-r1-20260817-140452/community-search/query-4.headers.txt	dir	600	lilingfeng	lilingfeng	1157	1786948774.5386156660	
/home/lilingfeng/tmp/juicefs-c03-r1-20260817-140452/community-search/local-history-S.txt	dir	600	lilingfeng	lilingfeng	30	1786948783.5156885110	
/home/lilingfeng/tmp/juicefs-c03-r1-20260817-140452/community-search/query-4.curl.rc	dir	600	lilingfeng	lilingfeng	2	1786948774.6226257930	
/home/lilingfeng/tmp/juicefs-c03-r1-20260817-140452/community-search/query-0.http-status.txt	dir	600	lilingfeng	lilingfeng	3	1786948760.0008609080	
/home/lilingfeng/tmp/juicefs-c03-r1-20260817-140452/community-search/query-3.validation.txt	dir	600	lilingfeng	lilingfeng	0	1786948770.8701727310	
/home/lilingfeng/tmp/juicefs-c03-r1-20260817-140452/community-search/query-1.http-status.txt	dir	600	lilingfeng	lilingfeng	3	1786948763.5852994370	
/home/lilingfeng/tmp/juicefs-c03-r1-20260817-140452/community-search/query-0.started-at.txt	dir	600	lilingfeng	lilingfeng	26	1786948759.2847730780	
/home/lilingfeng/tmp/juicefs-c03-r1-20260817-140452/community-search/query-2.curl.rc	dir	600	lilingfeng	lilingfeng	2	1786948767.3097455390	
/home/lilingfeng/tmp/juicefs-c03-r1-20260817-140452/community-search/query-5.started-at.txt	dir	600	lilingfeng	lilingfeng	26	1786948777.6509908350	
/home/lilingfeng/tmp/juicefs-c03-r1-20260817-140452/community-search/query-0.curl.rc	dir	600	lilingfeng	lilingfeng	2	1786948760.0048613990	
/home/lilingfeng/tmp/juicefs-c03-r1-20260817-140452/community-search/query-0.validation.txt	dir	600	lilingfeng	lilingfeng	0	1786948760.0088618890	
/home/lilingfeng/tmp/juicefs-c03-r1-20260817-140452/community-search/query-1.validation.txt	dir	600	lilingfeng	lilingfeng	0	1786948763.5892999170	
/home/lilingfeng/tmp/juicefs-c03-r1-20260817-140452/community-search/query-3.started-at.txt	dir	600	lilingfeng	lilingfeng	26	1786948770.3341077860	
/home/lilingfeng/tmp/juicefs-c03-r1-20260817-140452/community-search/query-3.request.txt	dir	600	lilingfeng	lilingfeng	50	1786948770.3301073040	
/home/lilingfeng/tmp/juicefs-c03-r1-20260817-140452/community-search/query-4.validation.txt	dir	600	lilingfeng	lilingfeng	0	1786948774.6266262740	
/home/lilingfeng/tmp/juicefs-c03-r1-20260817-140452/community-search/query-0.body.json	dir	600	lilingfeng	lilingfeng	101	1786948759.9968604180	
/home/lilingfeng/tmp/juicefs-c03-r1-20260817-140452/community-search/query-4.started-at.txt	dir	600	lilingfeng	lilingfeng	26	1786948773.8905375470	
/home/lilingfeng/tmp/juicefs-c03-r1-20260817-140452/community-search/candidates.tsv	dir	600	lilingfeng	lilingfeng	913	1786948783.6317022430	
/home/lilingfeng/tmp/juicefs-c03-r1-20260817-140452/community-search/query-2.request.txt	dir	600	lilingfeng	lilingfeng	56	1786948766.6136621660	
/home/lilingfeng/tmp/juicefs-c03-r1-20260817-140452/community-search/query-3.body.json	dir	600	lilingfeng	lilingfeng	101	1786948770.8621717470	
/home/lilingfeng/tmp/juicefs-c03-r1-20260817-140452/community-search/query-4.body.json	dir	600	lilingfeng	lilingfeng	25002	1786948774.6226257930	
/home/lilingfeng/tmp/juicefs-c03-r1-20260817-140452/community-search/query-2.started-at.txt	dir	600	lilingfeng	lilingfeng	26	1786948766.6136621660	
/home/lilingfeng/tmp/juicefs-c03-r1-20260817-140452/community-search/query-4.request.txt	dir	600	lilingfeng	lilingfeng	57	1786948773.8865370630	
/home/lilingfeng/tmp/juicefs-c03-r1-20260817-140452/community-search/query-5.http-status.txt	dir	600	lilingfeng	lilingfeng	3	1786948778.3510752250	
/home/lilingfeng/tmp/juicefs-c03-r1-20260817-140452/community-search/query-0.request.txt	dir	600	lilingfeng	lilingfeng	50	1786948759.2807725870	
/home/lilingfeng/tmp/juicefs-c03-r1-20260817-140452/community-search/query-0.headers.txt	dir	600	lilingfeng	lilingfeng	1182	1786948759.9968604180	
/home/lilingfeng/tmp/juicefs-c03-r1-20260817-140452/community-search/query-4.http-status.txt	dir	600	lilingfeng	lilingfeng	3	1786948774.6226257930	
/home/lilingfeng/tmp/juicefs-c03-r1-20260817-140452/community-search/query-5.validation.txt	dir	600	lilingfeng	lilingfeng	0	1786948778.3550757070	
/home/lilingfeng/tmp/juicefs-c03-r1-20260817-140452/community-search/query-1.headers.txt	dir	600	lilingfeng	lilingfeng	1180	1786948763.5812989610	
/home/lilingfeng/tmp/juicefs-c03-r1-20260817-140452/community-search/query-5.curl.rc	dir	600	lilingfeng	lilingfeng	2	1786948778.3550757070	
/home/lilingfeng/tmp/juicefs-c03-r1-20260817-140452/community-search/query-3.headers.txt	dir	600	lilingfeng	lilingfeng	1181	1786948770.8621717470	
/home/lilingfeng/tmp/juicefs-c03-r1-20260817-140452/cache	dir	700	lilingfeng	lilingfeng	4096	1786946692.1486166470	
/home/lilingfeng/tmp/juicefs-c03-r1-20260817-140452/cache/go-build-125	dir	700	lilingfeng	lilingfeng	4096	1786947443.0703047620	
/home/lilingfeng/tmp/juicefs-c03-r1-20260817-140452/cache/go-build-125/b2	dir	700	lilingfeng	lilingfeng	12288	1786948703.2578982380	
/home/lilingfeng/tmp/juicefs-c03-r1-20260817-140452/cache/go-build-125/ae	dir	700	lilingfeng	lilingfeng	16384	1786948630.6449961830	
/home/lilingfeng/tmp/juicefs-c03-r1-20260817-140452/cache/go-build-125/25	dir	700	lilingfeng	lilingfeng	20480	1786948632.0891720840	
/home/lilingfeng/tmp/juicefs-c03-r1-20260817-140452/cache/go-build-125/84	dir	700	lilingfeng	lilingfeng	16384	1786948631.5171024030	
/home/lilingfeng/tmp/juicefs-c03-r1-20260817-140452/cache/go-build-125/40	dir	700	lilingfeng	lilingfeng	20480	1786948678.5508655680	
/home/lilingfeng/tmp/juicefs-c03-r1-20260817-140452/cache/go-build-125/5c	dir	700	lilingfeng	lilingfeng	16384	1786948628.9927949550	
/home/lilingfeng/tmp/juicefs-c03-r1-20260817-140452/cache/go-build-125/17	dir	700	lilingfeng	lilingfeng	16384	1786948631.4650960690	
/home/lilingfeng/tmp/juicefs-c03-r1-20260817-140452/cache/go-build-125/1e	dir	700	lilingfeng	lilingfeng	20480	1786948633.6293596850	
/home/lilingfeng/tmp/juicefs-c03-r1-20260817-140452/cache/go-build-125/6f	dir	700	lilingfeng	lilingfeng	20480	1786948706.3862825130	
/home/lilingfeng/tmp/juicefs-c03-r1-20260817-140452/cache/go-build-125/ff	dir	700	lilingfeng	lilingfeng	20480	1786948633.4013319090	
/home/lilingfeng/tmp/juicefs-c03-r1-20260817-140452/cache/go-build-125/1b	dir	700	lilingfeng	lilingfeng	16384	1786948704.0459950440	
/home/lilingfeng/tmp/juicefs-c03-r1-20260817-140452/cache/go-build-125/7d	dir	700	lilingfeng	lilingfeng	16384	1786948632.7372510240	
/home/lilingfeng/tmp/juicefs-c03-r1-20260817-140452/cache/go-build-125/b8	dir	700	lilingfeng	lilingfeng	16384	1786948630.5449840000	
/home/lilingfeng/tmp/juicefs-c03-r1-20260817-140452/cache/go-build-125/4b	dir	700	lilingfeng	lilingfeng	12288	1786948676.2865876840	
/home/lilingfeng/tmp/juicefs-c03-r1-20260817-140452/cache/go-build-125/1d	dir	700	lilingfeng	lilingfeng	20480	1786948675.9745493900	
/home/lilingfeng/tmp/juicefs-c03-r1-20260817-140452/cache/go-build-125/e0	dir	700	lilingfeng	lilingfeng	16384	1786948631.6171145860	
/home/lilingfeng/tmp/juicefs-c03-r1-20260817-140452/cache/go-build-125/c2	dir	700	lilingfeng	lilingfeng	16384	1786948633.4933431150	
/home/lilingfeng/tmp/juicefs-c03-r1-20260817-140452/cache/go-build-125/05	dir	700	lilingfeng	lilingfeng	12288	1786948706.2742687540	
/home/lilingfeng/tmp/juicefs-c03-r1-20260817-140452/cache/go-build-125/fc	dir	700	lilingfeng	lilingfeng	20480	1786948633.6333601720	
/home/lilingfeng/tmp/juicefs-c03-r1-20260817-140452/cache/go-build-125/b3	dir	700	lilingfeng	lilingfeng	12288	1786948704.0059901300	
/home/lilingfeng/tmp/juicefs-c03-r1-20260817-140452/cache/go-build-125/27	dir	700	lilingfeng	lilingfeng	16384	1786948678.4508532920	
/home/lilingfeng/tmp/juicefs-c03-r1-20260817-140452/cache/go-build-125/a9	dir	700	lilingfeng	lilingfeng	12288	1786948630.8410200590	
/home/lilingfeng/tmp/juicefs-c03-r1-20260817-140452/cache/go-build-125/83	dir	700	lilingfeng	lilingfeng	16384	1786948631.9331530750	
/home/lilingfeng/tmp/juicefs-c03-r1-20260817-140452/cache/go-build-125/f4	dir	700	lilingfeng	lilingfeng	20480	1786948634.7654980650	
/home/lilingfeng/tmp/juicefs-c03-r1-20260817-140452/cache/go-build-125/8a	dir	700	lilingfeng	lilingfeng	16384	1786948679.4509760340	
/home/lilingfeng/tmp/juicefs-c03-r1-20260817-140452/cache/go-build-125/a3	dir	700	lilingfeng	lilingfeng	20480	1786948630.5889893610	
/home/lilingfeng/tmp/juicefs-c03-r1-20260817-140452/cache/go-build-125/ad	dir	700	lilingfeng	lilingfeng	16384	1786948640.8982509680	
/home/lilingfeng/tmp/juicefs-c03-r1-20260817-140452/cache/go-build-125/73	dir	700	lilingfeng	lilingfeng	12288	1786948631.5091014290	
/home/lilingfeng/tmp/juicefs-c03-r1-20260817-140452/cache/go-build-125/6a	dir	700	lilingfeng	lilingfeng	16384	1786948705.8222132260	
/home/lilingfeng/tmp/juicefs-c03-r1-20260817-140452/cache/go-build-125/50	dir	700	lilingfeng	lilingfeng	20480	1786948634.8015024480	
/home/lilingfeng/tmp/juicefs-c03-r1-20260817-140452/cache/go-build-125/28	dir	700	lilingfeng	lilingfeng	12288	1786948631.7451301760	
/home/lilingfeng/tmp/juicefs-c03-r1-20260817-140452/cache/go-build-125/2b	dir	700	lilingfeng	lilingfeng	12288	1786948676.2825871950	
/home/lilingfeng/tmp/juicefs-c03-r1-20260817-140452/cache/go-build-125/f8	dir	700	lilingfeng	lilingfeng	12288	1786948642.4544420690	
/home/lilingfeng/tmp/juicefs-c03-r1-20260817-140452/cache/go-build-125/2c	dir	700	lilingfeng	lilingfeng	20480	1786948703.5779375520	
/home/lilingfeng/tmp/juicefs-c03-r1-20260817-140452/cache/go-build-125/README	dir	600	lilingfeng	lilingfeng	218	1786947380.4573400300	
/home/lilingfeng/tmp/juicefs-c03-r1-20260817-140452/cache/go-build-125/ac	dir	700	lilingfeng	lilingfeng	16384	1786948703.2498972550	
/home/lilingfeng/tmp/juicefs-c03-r1-20260817-140452/cache/go-build-125/f3	dir	700	lilingfeng	lilingfeng	16384	1786948677.9587929040	
/home/lilingfeng/tmp/juicefs-c03-r1-20260817-140452/cache/go-build-125/16	dir	700	lilingfeng	lilingfeng	20480	1786948680.7191316660	
/home/lilingfeng/tmp/juicefs-c03-r1-20260817-140452/cache/go-build-125/b5	dir	700	lilingfeng	lilingfeng	16384	1786948629.7088821660	
/home/lilingfeng/tmp/juicefs-c03-r1-20260817-140452/cache/go-build-125/ef	dir	700	lilingfeng	lilingfeng	16384	1786948634.7494961170	
/home/lilingfeng/tmp/juicefs-c03-r1-20260817-140452/cache/go-build-125/86	dir	700	lilingfeng	lilingfeng	16384	1786948633.1172973110	
/home/lilingfeng/tmp/juicefs-c03-r1-20260817-140452/cache/go-build-125/ba	dir	700	lilingfeng	lilingfeng	16384	1786948670.8779266620	
/home/lilingfeng/tmp/juicefs-c03-r1-20260817-140452/cache/go-build-125/c7	dir	700	lilingfeng	lilingfeng	16384	1786948641.7103506940	
/home/lilingfeng/tmp/juicefs-c03-r1-20260817-140452/cache/go-build-125/68	dir	700	lilingfeng	lilingfeng	12288	1786948703.2658992210	
/home/lilingfeng/tmp/juicefs-c03-r1-20260817-140452/cache/go-build-125/12	dir	700	lilingfeng	lilingfeng	12288	1786948630.9930385740	
/home/lilingfeng/tmp/juicefs-c03-r1-20260817-140452/cache/go-build-125/df	dir	700	lilingfeng	lilingfeng	16384	1786948634.6854883210	
/home/lilingfeng/tmp/juicefs-c03-r1-20260817-140452/cache/go-build-125/30	dir	700	lilingfeng	lilingfeng	16384	1786948703.9219798130	
/home/lilingfeng/tmp/juicefs-c03-r1-20260817-140452/cache/go-build-125/fd	dir	700	lilingfeng	lilingfeng	16384	1786948631.9331530750	
/home/lilingfeng/tmp/juicefs-c03-r1-20260817-140452/cache/go-build-125/3d	dir	700	lilingfeng	lilingfeng	16384	1786948678.2628302190	
/home/lilingfeng/tmp/juicefs-c03-r1-20260817-140452/cache/go-build-125/96	dir	700	lilingfeng	lilingfeng	20480	1786948703.2618987320	
/home/lilingfeng/tmp/juicefs-c03-r1-20260817-140452/cache/go-build-125/ec	dir	700	lilingfeng	lilingfeng	16384	1786948630.8890259050	
/home/lilingfeng/tmp/juicefs-c03-r1-20260817-140452/cache/go-build-125/54	dir	700	lilingfeng	lilingfeng	12288	1786948709.4506585580	
/home/lilingfeng/tmp/juicefs-c03-r1-20260817-140452/cache/go-build-125/8b	dir	700	lilingfeng	lilingfeng	16384	1786948642.4544420690	
/home/lilingfeng/tmp/juicefs-c03-r1-20260817-140452/cache/go-build-125/cb	dir	700	lilingfeng	lilingfeng	16384	1786948634.9895253690	
/home/lilingfeng/tmp/juicefs-c03-r1-20260817-140452/cache/go-build-125/80	dir	700	lilingfeng	lilingfeng	12288	1786948709.4506585580	
/home/lilingfeng/tmp/juicefs-c03-r1-20260817-140452/cache/go-build-125/7b	dir	700	lilingfeng	lilingfeng	20480	1786948708.8305824870	
/home/lilingfeng/tmp/juicefs-c03-r1-20260817-140452/cache/go-build-125/e2	dir	700	lilingfeng	lilingfeng	16384	1786948676.2865876840	
/home/lilingfeng/tmp/juicefs-c03-r1-20260817-140452/cache/go-build-125/34	dir	700	lilingfeng	lilingfeng	12288	1786948703.2658992210	
/home/lilingfeng/tmp/juicefs-c03-r1-20260817-140452/cache/go-build-125/ab	dir	700	lilingfeng	lilingfeng	12288	1786948635.0335307740	
/home/lilingfeng/tmp/juicefs-c03-r1-20260817-140452/cache/go-build-125/ce	dir	700	lilingfeng	lilingfeng	16384	1786948633.7053689410	
/home/lilingfeng/tmp/juicefs-c03-r1-20260817-140452/cache/go-build-125/6d	dir	700	lilingfeng	lilingfeng	12288	1786948640.9062519510	
/home/lilingfeng/tmp/juicefs-c03-r1-20260817-140452/cache/go-build-125/a7	dir	700	lilingfeng	lilingfeng	20480	1786948634.4854639570	
/home/lilingfeng/tmp/juicefs-c03-r1-20260817-140452/cache/go-build-125/97	dir	700	lilingfeng	lilingfeng	16384	1786948703.9099783360	
/home/lilingfeng/tmp/juicefs-c03-r1-20260817-140452/cache/go-build-125/bc	dir	700	lilingfeng	lilingfeng	16384	1786948676.3785989780	
/home/lilingfeng/tmp/juicefs-c03-r1-20260817-140452/cache/go-build-125/db	dir	700	lilingfeng	lilingfeng	16384	1786948678.4548537850	
/home/lilingfeng/tmp/juicefs-c03-r1-20260817-140452/cache/go-build-125/1a	dir	700	lilingfeng	lilingfeng	12288	1786948705.8582176500	
/home/lilingfeng/tmp/juicefs-c03-r1-20260817-140452/cache/go-build-125/da	dir	700	lilingfeng	lilingfeng	16384	1786948642.7984843170	
/home/lilingfeng/tmp/juicefs-c03-r1-20260817-140452/cache/go-build-125/d9	dir	700	lilingfeng	lilingfeng	20480	1786948703.2658992210	
/home/lilingfeng/tmp/juicefs-c03-r1-20260817-140452/cache/go-build-125/1c	dir	700	lilingfeng	lilingfeng	20480	1786948677.9587929040	
/home/lilingfeng/tmp/juicefs-c03-r1-20260817-140452/cache/go-build-125/19	dir	700	lilingfeng	lilingfeng	20480	1786948675.9865508650	
/home/lilingfeng/tmp/juicefs-c03-r1-20260817-140452/cache/go-build-125/08	dir	700	lilingfeng	lilingfeng	20480	1786948631.2930751180	
/home/lilingfeng/tmp/juicefs-c03-r1-20260817-140452/cache/go-build-125/ea	dir	700	lilingfeng	lilingfeng	20480	1786948633.5013440910	
/home/lilingfeng/tmp/juicefs-c03-r1-20260817-140452/cache/go-build-125/01	dir	700	lilingfeng	lilingfeng	16384	1786948679.4269730870	
/home/lilingfeng/tmp/juicefs-c03-r1-20260817-140452/cache/go-build-125/77	dir	700	lilingfeng	lilingfeng	12288	1786948632.1371779320	
/home/lilingfeng/tmp/juicefs-c03-r1-20260817-140452/cache/go-build-125/aa	dir	700	lilingfeng	lilingfeng	16384	1786948712.8790791490	
/home/lilingfeng/tmp/juicefs-c03-r1-20260817-140452/cache/go-build-125/bf	dir	700	lilingfeng	lilingfeng	16384	1786948679.4109711230	
/home/lilingfeng/tmp/juicefs-c03-r1-20260817-140452/cache/go-build-125/8f	dir	700	lilingfeng	lilingfeng	16384	1786948631.8891477170	
/home/lilingfeng/tmp/juicefs-c03-r1-20260817-140452/cache/go-build-125/e1	dir	700	lilingfeng	lilingfeng	12288	1786948678.5468650750	
/home/lilingfeng/tmp/juicefs-c03-r1-20260817-140452/cache/go-build-125/3a	dir	700	lilingfeng	lilingfeng	12288	1786948634.8895131680	
/home/lilingfeng/tmp/juicefs-c03-r1-20260817-140452/cache/go-build-125/e3	dir	700	lilingfeng	lilingfeng	16384	1786948631.2090648850	
/home/lilingfeng/tmp/juicefs-c03-r1-20260817-140452/cache/go-build-125/29	dir	700	lilingfeng	lilingfeng	16384	1786948678.2628302190	
/home/lilingfeng/tmp/juicefs-c03-r1-20260817-140452/cache/go-build-125/26	dir	700	lilingfeng	lilingfeng	16384	1786948635.2615587760	
/home/lilingfeng/tmp/juicefs-c03-r1-20260817-140452/cache/go-build-125/d1	dir	700	lilingfeng	lilingfeng	20480	1786948703.7779621220	
/home/lilingfeng/tmp/juicefs-c03-r1-20260817-140452/cache/go-build-125/48	dir	700	lilingfeng	lilingfeng	12288	1786948641.7223521660	
/home/lilingfeng/tmp/juicefs-c03-r1-20260817-140452/cache/go-build-125/3f	dir	700	lilingfeng	lilingfeng	16384	1786948634.3054420310	
/home/lilingfeng/tmp/juicefs-c03-r1-20260817-140452/cache/go-build-125/cd	dir	700	lilingfeng	lilingfeng	16384	1786948632.5452276360	
/home/lilingfeng/tmp/juicefs-c03-r1-20260817-140452/cache/go-build-125/a4	dir	700	lilingfeng	lilingfeng	12288	1786948634.3254444660	
/home/lilingfeng/tmp/juicefs-c03-r1-20260817-140452/cache/go-build-125/49	dir	700	lilingfeng	lilingfeng	16384	1786948635.2255543540	
/home/lilingfeng/tmp/juicefs-c03-r1-20260817-140452/cache/go-build-125/85	dir	700	lilingfeng	lilingfeng	12288	1786948703.5979400070	
/home/lilingfeng/tmp/juicefs-c03-r1-20260817-140452/cache/go-build-125/4a	dir	700	lilingfeng	lilingfeng	12288	1786948703.2538977490	
/home/lilingfeng/tmp/juicefs-c03-r1-20260817-140452/cache/go-build-125/46	dir	700	lilingfeng	lilingfeng	16384	1786948631.6051131210	
/home/lilingfeng/tmp/juicefs-c03-r1-20260817-140452/cache/go-build-125/a1	dir	700	lilingfeng	lilingfeng	20480	1786948633.7053689410	
/home/lilingfeng/tmp/juicefs-c03-r1-20260817-140452/cache/go-build-125/4f	dir	700	lilingfeng	lilingfeng	16384	1786948642.4544420690	
/home/lilingfeng/tmp/juicefs-c03-r1-20260817-140452/cache/go-build-125/e7	dir	700	lilingfeng	lilingfeng	12288	1786948706.3902830060	
/home/lilingfeng/tmp/juicefs-c03-r1-20260817-140452/cache/go-build-125/69	dir	700	lilingfeng	lilingfeng	20480	1786948706.5022967660	
/home/lilingfeng/tmp/juicefs-c03-r1-20260817-140452/cache/go-build-125/0a	dir	700	lilingfeng	lilingfeng	16384	1786948709.2626354930	
/home/lilingfeng/tmp/juicefs-c03-r1-20260817-140452/cache/go-build-125/07	dir	700	lilingfeng	lilingfeng	16384	1786948634.8895131680	
/home/lilingfeng/tmp/juicefs-c03-r1-20260817-140452/cache/go-build-125/58	dir	700	lilingfeng	lilingfeng	16384	1786948704.0459950440	
/home/lilingfeng/tmp/juicefs-c03-r1-20260817-140452/cache/go-build-125/d0	dir	700	lilingfeng	lilingfeng	16384	1786948633.1172973110	
/home/lilingfeng/tmp/juicefs-c03-r1-20260817-140452/cache/go-build-125/14	dir	700	lilingfeng	lilingfeng	16384	1786948640.5782116650	
/home/lilingfeng/tmp/juicefs-c03-r1-20260817-140452/cache/go-build-125/9d	dir	700	lilingfeng	lilingfeng	16384	1786948631.7811345600	
/home/lilingfeng/tmp/juicefs-c03-r1-20260817-140452/cache/go-build-125/0f	dir	700	lilingfeng	lilingfeng	12288	1786948709.5866752450	
/home/lilingfeng/tmp/juicefs-c03-r1-20260817-140452/cache/go-build-125/95	dir	700	lilingfeng	lilingfeng	20480	1786948633.6533626100	
/home/lilingfeng/tmp/juicefs-c03-r1-20260817-140452/cache/go-build-125/22	dir	700	lilingfeng	lilingfeng	16384	1786948630.6529971570	
/home/lilingfeng/tmp/juicefs-c03-r1-20260817-140452/cache/go-build-125/8e	dir	700	lilingfeng	lilingfeng	16384	1786948706.2422648220	
/home/lilingfeng/tmp/juicefs-c03-r1-20260817-140452/cache/go-build-125/0b	dir	700	lilingfeng	lilingfeng	12288	1786948630.7610103140	
/home/lilingfeng/tmp/juicefs-c03-r1-20260817-140452/cache/go-build-125/d6	dir	700	lilingfeng	lilingfeng	16384	1786948709.4426575770	
/home/lilingfeng/tmp/juicefs-c03-r1-20260817-140452/cache/go-build-125/f2	dir	700	lilingfeng	lilingfeng	16384	1786948633.3773289850	
/home/lilingfeng/tmp/juicefs-c03-r1-20260817-140452/cache/go-build-125/7f	dir	700	lilingfeng	lilingfeng	12288	1786948703.9059778470	
/home/lilingfeng/tmp/juicefs-c03-r1-20260817-140452/cache/go-build-125/eb	dir	700	lilingfeng	lilingfeng	16384	1786948633.1613026740	
/home/lilingfeng/tmp/juicefs-c03-r1-20260817-140452/cache/go-build-125/9e	dir	700	lilingfeng	lilingfeng	12288	1786948641.7223521660	
/home/lilingfeng/tmp/juicefs-c03-r1-20260817-140452/cache/go-build-125/66	dir	700	lilingfeng	lilingfeng	16384	1786948709.4906634640	
/home/lilingfeng/tmp/juicefs-c03-r1-20260817-140452/cache/go-build-125/5b	dir	700	lilingfeng	lilingfeng	16384	1786948634.8015024480	
/home/lilingfeng/tmp/juicefs-c03-r1-20260817-140452/cache/go-build-125/1f	dir	700	lilingfeng	lilingfeng	12288	1786948628.6567540260	
/home/lilingfeng/tmp/juicefs-c03-r1-20260817-140452/cache/go-build-125/a5	dir	700	lilingfeng	lilingfeng	12288	1786948632.5012222750	
/home/lilingfeng/tmp/juicefs-c03-r1-20260817-140452/cache/go-build-125/c4	dir	700	lilingfeng	lilingfeng	16384	1786948703.9579842330	
/home/lilingfeng/tmp/juicefs-c03-r1-20260817-140452/cache/go-build-125/76	dir	700	lilingfeng	lilingfeng	16384	1786948677.8187757230	
/home/lilingfeng/tmp/juicefs-c03-r1-20260817-140452/cache/go-build-125/a8	dir	700	lilingfeng	lilingfeng	16384	1786948635.1015391250	
/home/lilingfeng/tmp/juicefs-c03-r1-20260817-140452/cache/go-build-125/a2	dir	700	lilingfeng	lilingfeng	12288	1786948635.1015391250	
/home/lilingfeng/tmp/juicefs-c03-r1-20260817-140452/cache/go-build-125/f0	dir	700	lilingfeng	lilingfeng	16384	1786948679.4269730870	
/home/lilingfeng/tmp/juicefs-c03-r1-20260817-140452/cache/go-build-125/2e	dir	700	lilingfeng	lilingfeng	16384	1786948704.0459950440	
/home/lilingfeng/tmp/juicefs-c03-r1-20260817-140452/cache/go-build-125/5e	dir	700	lilingfeng	lilingfeng	12288	1786948633.6773655300	
/home/lilingfeng/tmp/juicefs-c03-r1-20260817-140452/cache/go-build-125/5a	dir	700	lilingfeng	lilingfeng	16384	1786948705.8582176500	
/home/lilingfeng/tmp/juicefs-c03-r1-20260817-140452/cache/go-build-125/2f	dir	700	lilingfeng	lilingfeng	20480	1786948630.1169318670	
/home/lilingfeng/tmp/juicefs-c03-r1-20260817-140452/cache/go-build-125/e6	dir	700	lilingfeng	lilingfeng	12288	1786948703.8779744050	
/home/lilingfeng/tmp/juicefs-c03-r1-20260817-140452/cache/go-build-125/65	dir	700	lilingfeng	lilingfeng	20480	1786948703.2498972550	
/home/lilingfeng/tmp/juicefs-c03-r1-20260817-140452/cache/go-build-125/ee	dir	700	lilingfeng	lilingfeng	12288	1786948634.7734990410	
/home/lilingfeng/tmp/juicefs-c03-r1-20260817-140452/cache/go-build-125/c3	dir	700	lilingfeng	lilingfeng	16384	1786948634.2934405670	
/home/lilingfeng/tmp/juicefs-c03-r1-20260817-140452/cache/go-build-125/c5	dir	700	lilingfeng	lilingfeng	12288	1786948631.9331530750	
/home/lilingfeng/tmp/juicefs-c03-r1-20260817-140452/cache/go-build-125/trim.txt	dir	600	lilingfeng	lilingfeng	10	1786947443.0703047620	
/home/lilingfeng/tmp/juicefs-c03-r1-20260817-140452/cache/go-build-125/d4	dir	700	lilingfeng	lilingfeng	16384	1786948635.2615587760	
/home/lilingfeng/tmp/juicefs-c03-r1-20260817-140452/cache/go-build-125/4d	dir	700	lilingfeng	lilingfeng	20480	1786948630.1569367390	
/home/lilingfeng/tmp/juicefs-c03-r1-20260817-140452/cache/go-build-125/bd	dir	700	lilingfeng	lilingfeng	16384	1786948703.9139788300	
/home/lilingfeng/tmp/juicefs-c03-r1-20260817-140452/cache/go-build-125/af	dir	700	lilingfeng	lilingfeng	16384	1786948675.9865508650	
/home/lilingfeng/tmp/juicefs-c03-r1-20260817-140452/cache/go-build-125/94	dir	700	lilingfeng	lilingfeng	20480	1786948630.5209810780	
/home/lilingfeng/tmp/juicefs-c03-r1-20260817-140452/cache/go-build-125/9f	dir	700	lilingfeng	lilingfeng	12288	1786948630.7330069030	
/home/lilingfeng/tmp/juicefs-c03-r1-20260817-140452/cache/go-build-125/b7	dir	700	lilingfeng	lilingfeng	20480	1786948633.6293596850	
/home/lilingfeng/tmp/juicefs-c03-r1-20260817-140452/cache/go-build-125/c8	dir	700	lilingfeng	lilingfeng	20480	1786948629.3888431880	
/home/lilingfeng/tmp/juicefs-c03-r1-20260817-140452/cache/go-build-125/8d	dir	700	lilingfeng	lilingfeng	12288	1786948704.0059901300	
/home/lilingfeng/tmp/juicefs-c03-r1-20260817-140452/cache/go-build-125/3e	dir	700	lilingfeng	lilingfeng	20480	1786948630.3369586640	
/home/lilingfeng/tmp/juicefs-c03-r1-20260817-140452/cache/go-build-125/39	dir	700	lilingfeng	lilingfeng	16384	1786948709.4866629750	
/home/lilingfeng/tmp/juicefs-c03-r1-20260817-140452/cache/go-build-125/52	dir	700	lilingfeng	lilingfeng	16384	1786948708.8545854330	
/home/lilingfeng/tmp/juicefs-c03-r1-20260817-140452/cache/go-build-125/10	dir	700	lilingfeng	lilingfeng	16384	1786948703.9339812850	
/home/lilingfeng/tmp/juicefs-c03-r1-20260817-140452/cache/go-build-125/56	dir	700	lilingfeng	lilingfeng	16384	1786948635.2295548430	
/home/lilingfeng/tmp/juicefs-c03-r1-20260817-140452/cache/go-build-125/92	dir	700	lilingfeng	lilingfeng	16384	1786948631.5651082490	
/home/lilingfeng/tmp/juicefs-c03-r1-20260817-140452/cache/go-build-125/18	dir	700	lilingfeng	lilingfeng	16384	1786948629.4608519590	
/home/lilingfeng/tmp/juicefs-c03-r1-20260817-140452/cache/go-build-125/e8	dir	700	lilingfeng	lilingfeng	16384	1786948642.8064853010	
/home/lilingfeng/tmp/juicefs-c03-r1-20260817-140452/cache/go-build-125/a6	dir	700	lilingfeng	lilingfeng	16384	1786948631.7371292020	
/home/lilingfeng/tmp/juicefs-c03-r1-20260817-140452/cache/go-build-125/02	dir	700	lilingfeng	lilingfeng	20480	1786948706.3942834960	
/home/lilingfeng/tmp/juicefs-c03-r1-20260817-140452/cache/go-build-125/24	dir	700	lilingfeng	lilingfeng	16384	1786948633.2213099820	
/home/lilingfeng/tmp/juicefs-c03-r1-20260817-140452/cache/go-build-125/d3	dir	700	lilingfeng	lilingfeng	20480	1786948633.3013197270	
/home/lilingfeng/tmp/juicefs-c03-r1-20260817-140452/cache/go-build-125/32	dir	700	lilingfeng	lilingfeng	20480	1786948703.5979400070	
/home/lilingfeng/tmp/juicefs-c03-r1-20260817-140452/cache/go-build-125/e5	dir	700	lilingfeng	lilingfeng	16384	1786948634.8455078100	
/home/lilingfeng/tmp/juicefs-c03-r1-20260817-140452/cache/go-build-125/c6	dir	700	lilingfeng	lilingfeng	16384	1786948633.6973679690	
/home/lilingfeng/tmp/juicefs-c03-r1-20260817-140452/cache/go-build-125/f9	dir	700	lilingfeng	lilingfeng	12288	1786948628.8647793630	
/home/lilingfeng/tmp/juicefs-c03-r1-20260817-140452/cache/go-build-125/59	dir	700	lilingfeng	lilingfeng	16384	1786948632.1411784190	
/home/lilingfeng/tmp/juicefs-c03-r1-20260817-140452/cache/go-build-125/91	dir	700	lilingfeng	lilingfeng	16384	1786948677.8427786660	
/home/lilingfeng/tmp/juicefs-c03-r1-20260817-140452/cache/go-build-125/be	dir	700	lilingfeng	lilingfeng	16384	1786948631.9331530750	
/home/lilingfeng/tmp/juicefs-c03-r1-20260817-140452/cache/go-build-125/2d	dir	700	lilingfeng	lilingfeng	16384	1786948704.0019896410	
/home/lilingfeng/tmp/juicefs-c03-r1-20260817-140452/cache/go-build-125/b1	dir	700	lilingfeng	lilingfeng	12288	1786948630.0529240710	
/home/lilingfeng/tmp/juicefs-c03-r1-20260817-140452/cache/go-build-125/c9	dir	700	lilingfeng	lilingfeng	12288	1786948703.2578982380	
/home/lilingfeng/tmp/juicefs-c03-r1-20260817-140452/cache/go-build-125/f7	dir	700	lilingfeng	lilingfeng	16384	1786948629.4488504960	
/home/lilingfeng/tmp/juicefs-c03-r1-20260817-140452/cache/go-build-125/dd	dir	700	lilingfeng	lilingfeng	20480	1786948634.4334576200	
/home/lilingfeng/tmp/juicefs-c03-r1-20260817-140452/cache/go-build-125/4c	dir	700	lilingfeng	lilingfeng	12288	1786948631.5291038640	
/home/lilingfeng/tmp/juicefs-c03-r1-20260817-140452/cache/go-build-125/57	dir	700	lilingfeng	lilingfeng	12288	1786948641.7543560990	
/home/lilingfeng/tmp/juicefs-c03-r1-20260817-140452/cache/go-build-125/7a	dir	700	lilingfeng	lilingfeng	20480	1786948631.9211516150	
/home/lilingfeng/tmp/juicefs-c03-r1-20260817-140452/cache/go-build-125/75	dir	700	lilingfeng	lilingfeng	16384	1786948675.9865508650	
/home/lilingfeng/tmp/juicefs-c03-r1-20260817-140452/cache/go-build-125/37	dir	700	lilingfeng	lilingfeng	12288	1786948678.2668307090	
/home/lilingfeng/tmp/juicefs-c03-r1-20260817-140452/cache/go-build-125/5f	dir	700	lilingfeng	lilingfeng	12288	1786948630.2489479440	
/home/lilingfeng/tmp/juicefs-c03-r1-20260817-140452/cache/go-build-125/67	dir	700	lilingfeng	lilingfeng	20480	1786948703.9539837440	
/home/lilingfeng/tmp/juicefs-c03-r1-20260817-140452/cache/go-build-125/98	dir	700	lilingfeng	lilingfeng	16384	1786948632.1571803670	
/home/lilingfeng/tmp/juicefs-c03-r1-20260817-140452/cache/go-build-125/a0	dir	700	lilingfeng	lilingfeng	16384	1786948635.1015391250	
/home/lilingfeng/tmp/juicefs-c03-r1-20260817-140452/cache/go-build-125/fa	dir	700	lilingfeng	lilingfeng	16384	1786948634.4334576200	
/home/lilingfeng/tmp/juicefs-c03-r1-20260817-140452/cache/go-build-125/82	dir	700	lilingfeng	lilingfeng	20480	1786948631.9771584380	
/home/lilingfeng/tmp/juicefs-c03-r1-20260817-140452/cache/go-build-125/6b	dir	700	lilingfeng	lilingfeng	16384	1786948631.1770609870	
/home/lilingfeng/tmp/juicefs-c03-r1-20260817-140452/cache/go-build-125/38	dir	700	lilingfeng	lilingfeng	20480	1786948633.6773655300	
/home/lilingfeng/tmp/juicefs-c03-r1-20260817-140452/cache/go-build-125/60	dir	700	lilingfeng	lilingfeng	12288	1786948630.5929898480	
/home/lilingfeng/tmp/juicefs-c03-r1-20260817-140452/cache/go-build-125/78	dir	700	lilingfeng	lilingfeng	20480	1786948679.4509760340	
/home/lilingfeng/tmp/juicefs-c03-r1-20260817-140452/cache/go-build-125/c1	dir	700	lilingfeng	lilingfeng	20480	1786948635.1015391250	
/home/lilingfeng/tmp/juicefs-c03-r1-20260817-140452/cache/go-build-125/93	dir	700	lilingfeng	lilingfeng	16384	1786948631.4290916820	
/home/lilingfeng/tmp/juicefs-c03-r1-20260817-140452/cache/go-build-125/99	dir	700	lilingfeng	lilingfeng	16384	1786948634.8895131680	
/home/lilingfeng/tmp/juicefs-c03-r1-20260817-140452/cache/go-build-125/3b	dir	700	lilingfeng	lilingfeng	12288	1786948633.9213952550	
/home/lilingfeng/tmp/juicefs-c03-r1-20260817-140452/cache/go-build-125/f1	dir	700	lilingfeng	lilingfeng	12288	1786948712.5590398880	
/home/lilingfeng/tmp/juicefs-c03-r1-20260817-140452/cache/go-build-125/b6	dir	700	lilingfeng	lilingfeng	12288	1786948642.4544420690	
/home/lilingfeng/tmp/juicefs-c03-r1-20260817-140452/cache/go-build-125/8c	dir	700	lilingfeng	lilingfeng	12288	1786948631.7811345600	
/home/lilingfeng/tmp/juicefs-c03-r1-20260817-140452/cache/go-build-125/79	dir	700	lilingfeng	lilingfeng	16384	1786948634.7654980650	
/home/lilingfeng/tmp/juicefs-c03-r1-20260817-140452/cache/go-build-125/55	dir	700	lilingfeng	lilingfeng	20480	1786948633.6533626100	
/home/lilingfeng/tmp/juicefs-c03-r1-20260817-140452/cache/go-build-125/9b	dir	700	lilingfeng	lilingfeng	20480	1786948633.6893669950	
/home/lilingfeng/tmp/juicefs-c03-r1-20260817-140452/cache/go-build-125/ca	dir	700	lilingfeng	lilingfeng	12288	1786948703.2618987320	
/home/lilingfeng/tmp/juicefs-c03-r1-20260817-140452/cache/go-build-125/6e	dir	700	lilingfeng	lilingfeng	20480	1786948703.8819748990	
/home/lilingfeng/tmp/juicefs-c03-r1-20260817-140452/cache/go-build-125/4e	dir	700	lilingfeng	lilingfeng	20480	1786948633.5253470130	
/home/lilingfeng/tmp/juicefs-c03-r1-20260817-140452/cache/go-build-125/6c	dir	700	lilingfeng	lilingfeng	16384	1786948628.7047598720	
/home/lilingfeng/tmp/juicefs-c03-r1-20260817-140452/cache/go-build-125/51	dir	700	lilingfeng	lilingfeng	12288	1786948641.7543560990	
/home/lilingfeng/tmp/juicefs-c03-r1-20260817-140452/cache/go-build-125/53	dir	700	lilingfeng	lilingfeng	16384	1786948709.4866629750	
/home/lilingfeng/tmp/juicefs-c03-r1-20260817-140452/cache/go-build-125/09	dir	700	lilingfeng	lilingfeng	16384	1786948633.1853055960	
/home/lilingfeng/tmp/juicefs-c03-r1-20260817-140452/cache/go-build-125/81	dir	700	lilingfeng	lilingfeng	12288	1786948640.8942504740	
/home/lilingfeng/tmp/juicefs-c03-r1-20260817-140452/cache/go-build-125/5d	dir	700	lilingfeng	lilingfeng	20480	1786948703.2658992210	
/home/lilingfeng/tmp/juicefs-c03-r1-20260817-140452/cache/go-build-125/9c	dir	700	lilingfeng	lilingfeng	16384	1786948633.5973557850	
/home/lilingfeng/tmp/juicefs-c03-r1-20260817-140452/cache/go-build-125/fb	dir	700	lilingfeng	lilingfeng	16384	1786948633.5613514000	
/home/lilingfeng/tmp/juicefs-c03-r1-20260817-140452/cache/go-build-125/7c	dir	700	lilingfeng	lilingfeng	16384	1786948633.2893182630	
/home/lilingfeng/tmp/juicefs-c03-r1-20260817-140452/cache/go-build-125/d5	dir	700	lilingfeng	lilingfeng	16384	1786948703.9539837440	
/home/lilingfeng/tmp/juicefs-c03-r1-20260817-140452/cache/go-build-125/70	dir	700	lilingfeng	lilingfeng	20480	1786948670.9099305690	
/home/lilingfeng/tmp/juicefs-c03-r1-20260817-140452/cache/go-build-125/f5	dir	700	lilingfeng	lilingfeng	20480	1786948634.8895131680	
/home/lilingfeng/tmp/juicefs-c03-r1-20260817-140452/cache/go-build-125/0d	dir	700	lilingfeng	lilingfeng	20480	1786948634.8415073230	
/home/lilingfeng/tmp/juicefs-c03-r1-20260817-140452/cache/go-build-125/72	dir	700	lilingfeng	lilingfeng	16384	1786948704.0859999590	
/home/lilingfeng/tmp/juicefs-c03-r1-20260817-140452/cache/go-build-125/e4	dir	700	lilingfeng	lilingfeng	12288	1786948634.5654737010	
/home/lilingfeng/tmp/juicefs-c03-r1-20260817-140452/cache/go-build-125/d2	dir	700	lilingfeng	lilingfeng	16384	1786948631.4130897340	
/home/lilingfeng/tmp/juicefs-c03-r1-20260817-140452/cache/go-build-125/b0	dir	700	lilingfeng	lilingfeng	16384	1786948642.4544420690	
/home/lilingfeng/tmp/juicefs-c03-r1-20260817-140452/cache/go-build-125/fe	dir	700	lilingfeng	lilingfeng	12288	1786948633.6973679690	
/home/lilingfeng/tmp/juicefs-c03-r1-20260817-140452/cache/go-build-125/41	dir	700	lilingfeng	lilingfeng	16384	1786948631.5731092230	
/home/lilingfeng/tmp/juicefs-c03-r1-20260817-140452/cache/go-build-125/3c	dir	700	lilingfeng	lilingfeng	20480	1786948703.2618987320	
/home/lilingfeng/tmp/juicefs-c03-r1-20260817-140452/cache/go-build-125/45	dir	700	lilingfeng	lilingfeng	12288	1786948677.8627811240	
/home/lilingfeng/tmp/juicefs-c03-r1-20260817-140452/cache/go-build-125/87	dir	700	lilingfeng	lilingfeng	12288	1786948634.3214439790	
/home/lilingfeng/tmp/juicefs-c03-r1-20260817-140452/cache/go-build-125/0e	dir	700	lilingfeng	lilingfeng	16384	1786948635.1015391250	
/home/lilingfeng/tmp/juicefs-c03-r1-20260817-140452/cache/go-build-125/cf	dir	700	lilingfeng	lilingfeng	12288	1786948633.4973436010	
/home/lilingfeng/tmp/juicefs-c03-r1-20260817-140452/cache/go-build-125/b9	dir	700	lilingfeng	lilingfeng	20480	1786948633.6933674820	
/home/lilingfeng/tmp/juicefs-c03-r1-20260817-140452/cache/go-build-125/64	dir	700	lilingfeng	lilingfeng	12288	1786948634.2814391060	
/home/lilingfeng/tmp/juicefs-c03-r1-20260817-140452/cache/go-build-125/ed	dir	700	lilingfeng	lilingfeng	16384	1786948705.8582176500	
/home/lilingfeng/tmp/juicefs-c03-r1-20260817-140452/cache/go-build-125/f6	dir	700	lilingfeng	lilingfeng	20480	1786948634.4334576200	
/home/lilingfeng/tmp/juicefs-c03-r1-20260817-140452/cache/go-build-125/90	dir	700	lilingfeng	lilingfeng	12288	1786948704.0059901300	
/home/lilingfeng/tmp/juicefs-c03-r1-20260817-140452/cache/go-build-125/44	dir	700	lilingfeng	lilingfeng	16384	1786948703.2538977490	
/home/lilingfeng/tmp/juicefs-c03-r1-20260817-140452/cache/go-build-125/06	dir	700	lilingfeng	lilingfeng	16384	1786948635.0375312650	
/home/lilingfeng/tmp/juicefs-c03-r1-20260817-140452/cache/go-build-125/20	dir	700	lilingfeng	lilingfeng	20480	1786948633.9213952550	
/home/lilingfeng/tmp/juicefs-c03-r1-20260817-140452/cache/go-build-125/0c	dir	700	lilingfeng	lilingfeng	16384	1786948630.3889649980	
/home/lilingfeng/tmp/juicefs-c03-r1-20260817-140452/cache/go-build-125/62	dir	700	lilingfeng	lilingfeng	12288	1786948622.1439571290	
/home/lilingfeng/tmp/juicefs-c03-r1-20260817-140452/cache/go-build-125/13	dir	700	lilingfeng	lilingfeng	12288	1786948631.8091379730	
/home/lilingfeng/tmp/juicefs-c03-r1-20260817-140452/cache/go-build-125/7e	dir	700	lilingfeng	lilingfeng	20480	1786948634.4854639570	
/home/lilingfeng/tmp/juicefs-c03-r1-20260817-140452/cache/go-build-125/47	dir	700	lilingfeng	lilingfeng	12288	1786948629.7048816790	
/home/lilingfeng/tmp/juicefs-c03-r1-20260817-140452/cache/go-build-125/63	dir	700	lilingfeng	lilingfeng	16384	1786948633.1172973110	
/home/lilingfeng/tmp/juicefs-c03-r1-20260817-140452/cache/go-build-125/e9	dir	700	lilingfeng	lilingfeng	16384	1786948678.5548660590	
/home/lilingfeng/tmp/juicefs-c03-r1-20260817-140452/cache/go-build-125/cc	dir	700	lilingfeng	lilingfeng	16384	1786948634.6854883210	
/home/lilingfeng/tmp/juicefs-c03-r1-20260817-140452/cache/go-build-125/88	dir	700	lilingfeng	lilingfeng	16384	1786948641.7223521660	
/home/lilingfeng/tmp/juicefs-c03-r1-20260817-140452/cache/go-build-125/b4	dir	700	lilingfeng	lilingfeng	16384	1786948709.4346565930	
/home/lilingfeng/tmp/juicefs-c03-r1-20260817-140452/cache/go-build-125/43	dir	700	lilingfeng	lilingfeng	12288	1786948634.7294936800	
/home/lilingfeng/tmp/juicefs-c03-r1-20260817-140452/cache/go-build-125/35	dir	700	lilingfeng	lilingfeng	16384	1786948631.0570463690	
/home/lilingfeng/tmp/juicefs-c03-r1-20260817-140452/cache/go-build-125/dc	dir	700	lilingfeng	lilingfeng	12288	1786948633.7813782020	
/home/lilingfeng/tmp/juicefs-c03-r1-20260817-140452/cache/go-build-125/15	dir	700	lilingfeng	lilingfeng	20480	1786948633.6533626100	
/home/lilingfeng/tmp/juicefs-c03-r1-20260817-140452/cache/go-build-125/11	dir	700	lilingfeng	lilingfeng	16384	1786948706.3942834960	
/home/lilingfeng/tmp/juicefs-c03-r1-20260817-140452/cache/go-build-125/de	dir	700	lilingfeng	lilingfeng	16384	1786948631.9331530750	
/home/lilingfeng/tmp/juicefs-c03-r1-20260817-140452/cache/go-build-125/61	dir	700	lilingfeng	lilingfeng	20480	1786948631.7971365120	
/home/lilingfeng/tmp/juicefs-c03-r1-20260817-140452/cache/go-build-125/00	dir	700	lilingfeng	lilingfeng	12288	1786948621.5598855470	
/home/lilingfeng/tmp/juicefs-c03-r1-20260817-140452/cache/go-build-125/2a	dir	700	lilingfeng	lilingfeng	16384	1786948703.9859876750	
/home/lilingfeng/tmp/juicefs-c03-r1-20260817-140452/cache/go-build-125/03	dir	700	lilingfeng	lilingfeng	16384	1786948631.9171511280	
/home/lilingfeng/tmp/juicefs-c03-r1-20260817-140452/cache/go-build-125/89	dir	700	lilingfeng	lilingfeng	16384	1786948676.3705979940	
/home/lilingfeng/tmp/juicefs-c03-r1-20260817-140452/cache/go-build-125/36	dir	700	lilingfeng	lilingfeng	16384	1786948706.2382643330	
/home/lilingfeng/tmp/juicefs-c03-r1-20260817-140452/cache/go-build-125/d7	dir	700	lilingfeng	lilingfeng	20480	1786948635.0375312650	
/home/lilingfeng/tmp/juicefs-c03-r1-20260817-140452/cache/go-build-125/23	dir	700	lilingfeng	lilingfeng	16384	1786948708.8025790540	
/home/lilingfeng/tmp/juicefs-c03-r1-20260817-140452/cache/go-build-125/d8	dir	700	lilingfeng	lilingfeng	16384	1786948712.8790791490	
/home/lilingfeng/tmp/juicefs-c03-r1-20260817-140452/cache/go-build-125/c0	dir	700	lilingfeng	lilingfeng	16384	1786948632.7132481000	
/home/lilingfeng/tmp/juicefs-c03-r1-20260817-140452/cache/go-build-125/21	dir	700	lilingfeng	lilingfeng	16384	1786948642.4544420690	
/home/lilingfeng/tmp/juicefs-c03-r1-20260817-140452/cache/go-build-125/42	dir	700	lilingfeng	lilingfeng	12288	1786948634.3214439790	
/home/lilingfeng/tmp/juicefs-c03-r1-20260817-140452/cache/go-build-125/33	dir	700	lilingfeng	lilingfeng	16384	1786948634.3654493370	
/home/lilingfeng/tmp/juicefs-c03-r1-20260817-140452/cache/go-build-125/9a	dir	700	lilingfeng	lilingfeng	20480	1786948705.8582176500	
/home/lilingfeng/tmp/juicefs-c03-r1-20260817-140452/cache/go-build-125/71	dir	700	lilingfeng	lilingfeng	12288	1786948640.6182165770	
/home/lilingfeng/tmp/juicefs-c03-r1-20260817-140452/cache/go-build-125/bb	dir	700	lilingfeng	lilingfeng	16384	1786948631.9211516150	
/home/lilingfeng/tmp/juicefs-c03-r1-20260817-140452/cache/go-build-125/74	dir	700	lilingfeng	lilingfeng	16384	1786948670.9099305690	
/home/lilingfeng/tmp/juicefs-c03-r1-20260817-140452/cache/go-build-125/04	dir	700	lilingfeng	lilingfeng	20480	1786948630.1129313800	
/home/lilingfeng/tmp/juicefs-c03-r1-20260817-140452/cache/go-build-125/31	dir	700	lilingfeng	lilingfeng	16384	1786948633.7053689410	
/home/lilingfeng/tmp/juicefs-c03-r1-20260817-140452/cache/go-build-126	dir	700	lilingfeng	lilingfeng	4096	1786947535.3093169670	
/home/lilingfeng/tmp/juicefs-c03-r1-20260817-140452/cache/go-build-126/b2	dir	700	lilingfeng	lilingfeng	20480	1786948684.1475524260	
/home/lilingfeng/tmp/juicefs-c03-r1-20260817-140452/cache/go-build-126/ae	dir	700	lilingfeng	lilingfeng	16384	1786948691.9045044330	
/home/lilingfeng/tmp/juicefs-c03-r1-20260817-140452/cache/go-build-126/25	dir	700	lilingfeng	lilingfeng	12288	1786948736.6779995710	
/home/lilingfeng/tmp/juicefs-c03-r1-20260817-140452/cache/go-build-126/84	dir	700	lilingfeng	lilingfeng	12288	1786948697.7732246740	
/home/lilingfeng/tmp/juicefs-c03-r1-20260817-140452/cache/go-build-126/40	dir	700	lilingfeng	lilingfeng	20480	1786948687.2479329330	
/home/lilingfeng/tmp/juicefs-c03-r1-20260817-140452/cache/go-build-126/5c	dir	700	lilingfeng	lilingfeng	20480	1786948733.5976220500	
/home/lilingfeng/tmp/juicefs-c03-r1-20260817-140452/cache/go-build-126/17	dir	700	lilingfeng	lilingfeng	20480	1786948700.2975346000	
/home/lilingfeng/tmp/juicefs-c03-r1-20260817-140452/cache/go-build-126/1e	dir	700	lilingfeng	lilingfeng	16384	1786948736.6779995710	
/home/lilingfeng/tmp/juicefs-c03-r1-20260817-140452/cache/go-build-126/6f	dir	700	lilingfeng	lilingfeng	16384	1786948685.2676898980	
/home/lilingfeng/tmp/juicefs-c03-r1-20260817-140452/cache/go-build-126/ff	dir	700	lilingfeng	lilingfeng	12288	1786948686.1437974230	
/home/lilingfeng/tmp/juicefs-c03-r1-20260817-140452/cache/go-build-126/1b	dir	700	lilingfeng	lilingfeng	12288	1786948692.9766360100	
/home/lilingfeng/tmp/juicefs-c03-r1-20260817-140452/cache/go-build-126/7d	dir	700	lilingfeng	lilingfeng	20480	1786948731.9094151490	
/home/lilingfeng/tmp/juicefs-c03-r1-20260817-140452/cache/go-build-126/b8	dir	700	lilingfeng	lilingfeng	16384	1786948681.4432205290	
/home/lilingfeng/tmp/juicefs-c03-r1-20260817-140452/cache/go-build-126/4b	dir	700	lilingfeng	lilingfeng	12288	1786948686.8238808910	
/home/lilingfeng/tmp/juicefs-c03-r1-20260817-140452/cache/go-build-126/1d	dir	700	lilingfeng	lilingfeng	20480	1786948685.2836918620	
/home/lilingfeng/tmp/juicefs-c03-r1-20260817-140452/cache/go-build-126/e0	dir	700	lilingfeng	lilingfeng	16384	1786948733.5976220500	
/home/lilingfeng/tmp/juicefs-c03-r1-20260817-140452/cache/go-build-126/c2	dir	700	lilingfeng	lilingfeng	20480	1786948686.2518106800	
/home/lilingfeng/tmp/juicefs-c03-r1-20260817-140452/cache/go-build-126/05	dir	700	lilingfeng	lilingfeng	20480	1786948687.2239299860	
/home/lilingfeng/tmp/juicefs-c03-r1-20260817-140452/cache/go-build-126/fc	dir	700	lilingfeng	lilingfeng	16384	1786948733.7336387190	
/home/lilingfeng/tmp/juicefs-c03-r1-20260817-140452/cache/go-build-126/b3	dir	700	lilingfeng	lilingfeng	16384	1786948686.9718990560	
/home/lilingfeng/tmp/juicefs-c03-r1-20260817-140452/cache/go-build-126/27	dir	700	lilingfeng	lilingfeng	16384	1786948733.1335651760	
/home/lilingfeng/tmp/juicefs-c03-r1-20260817-140452/cache/go-build-126/a9	dir	700	lilingfeng	lilingfeng	12288	1786948686.2558111700	
/home/lilingfeng/tmp/juicefs-c03-r1-20260817-140452/cache/go-build-126/83	dir	700	lilingfeng	lilingfeng	12288	1786948682.7393796030	
/home/lilingfeng/tmp/juicefs-c03-r1-20260817-140452/cache/go-build-126/f4	dir	700	lilingfeng	lilingfeng	20480	1786948686.1758013500	
/home/lilingfeng/tmp/juicefs-c03-r1-20260817-140452/cache/go-build-126/8a	dir	700	lilingfeng	lilingfeng	12288	1786948733.7256377410	
/home/lilingfeng/tmp/juicefs-c03-r1-20260817-140452/cache/go-build-126/a3	dir	700	lilingfeng	lilingfeng	16384	1786948692.9846369930	
/home/lilingfeng/tmp/juicefs-c03-r1-20260817-140452/cache/go-build-126/ad	dir	700	lilingfeng	lilingfeng	16384	1786948683.7275008740	
/home/lilingfeng/tmp/juicefs-c03-r1-20260817-140452/cache/go-build-126/73	dir	700	lilingfeng	lilingfeng	12288	1786948684.7116216530	
/home/lilingfeng/tmp/juicefs-c03-r1-20260817-140452/cache/go-build-126/6a	dir	700	lilingfeng	lilingfeng	20480	1786948686.7398705810	
/home/lilingfeng/tmp/juicefs-c03-r1-20260817-140452/cache/go-build-126/50	dir	700	lilingfeng	lilingfeng	16384	1786948731.8854122090	
/home/lilingfeng/tmp/juicefs-c03-r1-20260817-140452/cache/go-build-126/28	dir	700	lilingfeng	lilingfeng	12288	1786948687.0799123120	
/home/lilingfeng/tmp/juicefs-c03-r1-20260817-140452/cache/go-build-126/2b	dir	700	lilingfeng	lilingfeng	16384	1786948683.5874836900	
/home/lilingfeng/tmp/juicefs-c03-r1-20260817-140452/cache/go-build-126/f8	dir	700	lilingfeng	lilingfeng	16384	1786948736.1259319130	
/home/lilingfeng/tmp/juicefs-c03-r1-20260817-140452/cache/go-build-126/2c	dir	700	lilingfeng	lilingfeng	12288	1786948731.3573474890	
/home/lilingfeng/tmp/juicefs-c03-r1-20260817-140452/cache/go-build-126/README	dir	600	lilingfeng	lilingfeng	218	1786947449.9588509590	
/home/lilingfeng/tmp/juicefs-c03-r1-20260817-140452/cache/go-build-126/ac	dir	700	lilingfeng	lilingfeng	12288	1786948687.4439569890	
/home/lilingfeng/tmp/juicefs-c03-r1-20260817-140452/cache/go-build-126/f3	dir	700	lilingfeng	lilingfeng	16384	1786948692.9846369930	
/home/lilingfeng/tmp/juicefs-c03-r1-20260817-140452/cache/go-build-126/16	dir	700	lilingfeng	lilingfeng	12288	1786948686.9758995460	
/home/lilingfeng/tmp/juicefs-c03-r1-20260817-140452/cache/go-build-126/b5	dir	700	lilingfeng	lilingfeng	16384	1786948733.7256377410	
/home/lilingfeng/tmp/juicefs-c03-r1-20260817-140452/cache/go-build-126/ef	dir	700	lilingfeng	lilingfeng	16384	1786948686.9758995460	
/home/lilingfeng/tmp/juicefs-c03-r1-20260817-140452/cache/go-build-126/86	dir	700	lilingfeng	lilingfeng	12288	1786948683.2474419550	
/home/lilingfeng/tmp/juicefs-c03-r1-20260817-140452/cache/go-build-126/ba	dir	700	lilingfeng	lilingfeng	16384	1786948687.1399196770	
/home/lilingfeng/tmp/juicefs-c03-r1-20260817-140452/cache/go-build-126/c7	dir	700	lilingfeng	lilingfeng	16384	1786948736.0979284810	
/home/lilingfeng/tmp/juicefs-c03-r1-20260817-140452/cache/go-build-126/68	dir	700	lilingfeng	lilingfeng	20480	1786948731.3613479800	
/home/lilingfeng/tmp/juicefs-c03-r1-20260817-140452/cache/go-build-126/12	dir	700	lilingfeng	lilingfeng	16384	1786948684.1475524260	
/home/lilingfeng/tmp/juicefs-c03-r1-20260817-140452/cache/go-build-126/df	dir	700	lilingfeng	lilingfeng	20480	1786948683.8955214950	
/home/lilingfeng/tmp/juicefs-c03-r1-20260817-140452/cache/go-build-126/30	dir	700	lilingfeng	lilingfeng	16384	1786948686.1397969330	
/home/lilingfeng/tmp/juicefs-c03-r1-20260817-140452/cache/go-build-126/fd	dir	700	lilingfeng	lilingfeng	20480	1786948685.9797772940	
/home/lilingfeng/tmp/juicefs-c03-r1-20260817-140452/cache/go-build-126/3d	dir	700	lilingfeng	lilingfeng	16384	1786948731.8574087770	
/home/lilingfeng/tmp/juicefs-c03-r1-20260817-140452/cache/go-build-126/96	dir	700	lilingfeng	lilingfeng	12288	1786948731.8854122090	
/home/lilingfeng/tmp/juicefs-c03-r1-20260817-140452/cache/go-build-126/ec	dir	700	lilingfeng	lilingfeng	16384	1786948685.0716658390	
/home/lilingfeng/tmp/juicefs-c03-r1-20260817-140452/cache/go-build-126/54	dir	700	lilingfeng	lilingfeng	16384	1786948731.8254048550	
/home/lilingfeng/tmp/juicefs-c03-r1-20260817-140452/cache/go-build-126/8b	dir	700	lilingfeng	lilingfeng	16384	1786948687.1879255680	
/home/lilingfeng/tmp/juicefs-c03-r1-20260817-140452/cache/go-build-126/cb	dir	700	lilingfeng	lilingfeng	16384	1786948731.8574087770	
/home/lilingfeng/tmp/juicefs-c03-r1-20260817-140452/cache/go-build-126/80	dir	700	lilingfeng	lilingfeng	20480	1786948700.1055110120	
/home/lilingfeng/tmp/juicefs-c03-r1-20260817-140452/cache/go-build-126/7b	dir	700	lilingfeng	lilingfeng	20480	1786948685.4877169020	
/home/lilingfeng/tmp/juicefs-c03-r1-20260817-140452/cache/go-build-126/e2	dir	700	lilingfeng	lilingfeng	12288	1786948686.1597993870	
/home/lilingfeng/tmp/juicefs-c03-r1-20260817-140452/cache/go-build-126/34	dir	700	lilingfeng	lilingfeng	16384	1786948733.1335651760	
/home/lilingfeng/tmp/juicefs-c03-r1-20260817-140452/cache/go-build-126/ab	dir	700	lilingfeng	lilingfeng	16384	1786948736.7260054540	
/home/lilingfeng/tmp/juicefs-c03-r1-20260817-140452/cache/go-build-126/ce	dir	700	lilingfeng	lilingfeng	16384	1786948687.3399442250	
/home/lilingfeng/tmp/juicefs-c03-r1-20260817-140452/cache/go-build-126/6d	dir	700	lilingfeng	lilingfeng	16384	1786948736.7260054540	
/home/lilingfeng/tmp/juicefs-c03-r1-20260817-140452/cache/go-build-126/a7	dir	700	lilingfeng	lilingfeng	16384	1786948687.2959388240	
/home/lilingfeng/tmp/juicefs-c03-r1-20260817-140452/cache/go-build-126/97	dir	700	lilingfeng	lilingfeng	20480	1786948733.1135627250	
/home/lilingfeng/tmp/juicefs-c03-r1-20260817-140452/cache/go-build-126/bc	dir	700	lilingfeng	lilingfeng	16384	1786948683.5234758340	
/home/lilingfeng/tmp/juicefs-c03-r1-20260817-140452/cache/go-build-126/db	dir	700	lilingfeng	lilingfeng	12288	1786948683.5394777980	
/home/lilingfeng/tmp/juicefs-c03-r1-20260817-140452/cache/go-build-126/1a	dir	700	lilingfeng	lilingfeng	12288	1786948736.7740113390	
/home/lilingfeng/tmp/juicefs-c03-r1-20260817-140452/cache/go-build-126/da	dir	700	lilingfeng	lilingfeng	20480	1786948684.1195489880	
/home/lilingfeng/tmp/juicefs-c03-r1-20260817-140452/cache/go-build-126/d9	dir	700	lilingfeng	lilingfeng	16384	1786948731.3573474890	
/home/lilingfeng/tmp/juicefs-c03-r1-20260817-140452/cache/go-build-126/1c	dir	700	lilingfeng	lilingfeng	16384	1786948687.2559339140	
/home/lilingfeng/tmp/juicefs-c03-r1-20260817-140452/cache/go-build-126/19	dir	700	lilingfeng	lilingfeng	16384	1786948686.0557866230	
/home/lilingfeng/tmp/juicefs-c03-r1-20260817-140452/cache/go-build-126/08	dir	700	lilingfeng	lilingfeng	20480	1786948731.8694102450	
/home/lilingfeng/tmp/juicefs-c03-r1-20260817-140452/cache/go-build-126/ea	dir	700	lilingfeng	lilingfeng	16384	1786948731.9214166180	
/home/lilingfeng/tmp/juicefs-c03-r1-20260817-140452/cache/go-build-126/01	dir	700	lilingfeng	lilingfeng	16384	1786948685.0276604380	
/home/lilingfeng/tmp/juicefs-c03-r1-20260817-140452/cache/go-build-126/77	dir	700	lilingfeng	lilingfeng	16384	1786948684.3315750100	
/home/lilingfeng/tmp/juicefs-c03-r1-20260817-140452/cache/go-build-126/aa	dir	700	lilingfeng	lilingfeng	16384	1786948684.2195612640	
/home/lilingfeng/tmp/juicefs-c03-r1-20260817-140452/cache/go-build-126/bf	dir	700	lilingfeng	lilingfeng	20480	1786948684.9996570020	
/home/lilingfeng/tmp/juicefs-c03-r1-20260817-140452/cache/go-build-126/8f	dir	700	lilingfeng	lilingfeng	16384	1786948698.0812624780	
/home/lilingfeng/tmp/juicefs-c03-r1-20260817-140452/cache/go-build-126/e1	dir	700	lilingfeng	lilingfeng	20480	1786948686.0917910420	
/home/lilingfeng/tmp/juicefs-c03-r1-20260817-140452/cache/go-build-126/3a	dir	700	lilingfeng	lilingfeng	12288	1786948684.0315381890	
/home/lilingfeng/tmp/juicefs-c03-r1-20260817-140452/cache/go-build-126/e3	dir	700	lilingfeng	lilingfeng	16384	1786948687.2479329330	
/home/lilingfeng/tmp/juicefs-c03-r1-20260817-140452/cache/go-build-126/29	dir	700	lilingfeng	lilingfeng	16384	1786948687.6679844850	
/home/lilingfeng/tmp/juicefs-c03-r1-20260817-140452/cache/go-build-126/26	dir	700	lilingfeng	lilingfeng	12288	1786948687.6839864500	
/home/lilingfeng/tmp/juicefs-c03-r1-20260817-140452/cache/go-build-126/d1	dir	700	lilingfeng	lilingfeng	16384	1786948731.8534082850	
/home/lilingfeng/tmp/juicefs-c03-r1-20260817-140452/cache/go-build-126/48	dir	700	lilingfeng	lilingfeng	16384	1786948731.3573474890	
/home/lilingfeng/tmp/juicefs-c03-r1-20260817-140452/cache/go-build-126/3f	dir	700	lilingfeng	lilingfeng	16384	1786948699.7814712090	
/home/lilingfeng/tmp/juicefs-c03-r1-20260817-140452/cache/go-build-126/cd	dir	700	lilingfeng	lilingfeng	16384	1786948685.9197699290	
/home/lilingfeng/tmp/juicefs-c03-r1-20260817-140452/cache/go-build-126/a4	dir	700	lilingfeng	lilingfeng	12288	1786948733.6176245000	
/home/lilingfeng/tmp/juicefs-c03-r1-20260817-140452/cache/go-build-126/49	dir	700	lilingfeng	lilingfeng	16384	1786948692.1325324180	
/home/lilingfeng/tmp/juicefs-c03-r1-20260817-140452/cache/go-build-126/85	dir	700	lilingfeng	lilingfeng	16384	1786948700.4015473760	
/home/lilingfeng/tmp/juicefs-c03-r1-20260817-140452/cache/go-build-126/4a	dir	700	lilingfeng	lilingfeng	12288	1786948685.2436869510	
/home/lilingfeng/tmp/juicefs-c03-r1-20260817-140452/cache/go-build-126/46	dir	700	lilingfeng	lilingfeng	16384	1786948700.2975346000	
/home/lilingfeng/tmp/juicefs-c03-r1-20260817-140452/cache/go-build-126/a1	dir	700	lilingfeng	lilingfeng	16384	1786948686.6598607580	
/home/lilingfeng/tmp/juicefs-c03-r1-20260817-140452/cache/go-build-126/4f	dir	700	lilingfeng	lilingfeng	12288	1786948736.7700108480	
/home/lilingfeng/tmp/juicefs-c03-r1-20260817-140452/cache/go-build-126/e7	dir	700	lilingfeng	lilingfeng	16384	1786948684.3155730460	
/home/lilingfeng/tmp/juicefs-c03-r1-20260817-140452/cache/go-build-126/69	dir	700	lilingfeng	lilingfeng	20480	1786948731.3533470020	
/home/lilingfeng/tmp/juicefs-c03-r1-20260817-140452/cache/go-build-126/0a	dir	700	lilingfeng	lilingfeng	12288	1786948700.4015473760	
/home/lilingfeng/tmp/juicefs-c03-r1-20260817-140452/cache/go-build-126/07	dir	700	lilingfeng	lilingfeng	20480	1786948685.9997797480	
/home/lilingfeng/tmp/juicefs-c03-r1-20260817-140452/cache/go-build-126/58	dir	700	lilingfeng	lilingfeng	20480	1786948731.8814117170	
/home/lilingfeng/tmp/juicefs-c03-r1-20260817-140452/cache/go-build-126/d0	dir	700	lilingfeng	lilingfeng	16384	1786948683.9435273860	
/home/lilingfeng/tmp/juicefs-c03-r1-20260817-140452/cache/go-build-126/14	dir	700	lilingfeng	lilingfeng	20480	1786948731.5893759270	
/home/lilingfeng/tmp/juicefs-c03-r1-20260817-140452/cache/go-build-126/9d	dir	700	lilingfeng	lilingfeng	16384	1786948731.7934009300	
/home/lilingfeng/tmp/juicefs-c03-r1-20260817-140452/cache/go-build-126/0f	dir	700	lilingfeng	lilingfeng	16384	1786948684.3795809020	
/home/lilingfeng/tmp/juicefs-c03-r1-20260817-140452/cache/go-build-126/95	dir	700	lilingfeng	lilingfeng	16384	1786948731.8854122090	
/home/lilingfeng/tmp/juicefs-c03-r1-20260817-140452/cache/go-build-126/22	dir	700	lilingfeng	lilingfeng	16384	1786948731.5733739640	
/home/lilingfeng/tmp/juicefs-c03-r1-20260817-140452/cache/go-build-126/8e	dir	700	lilingfeng	lilingfeng	16384	1786948687.4839619000	
/home/lilingfeng/tmp/juicefs-c03-r1-20260817-140452/cache/go-build-126/0b	dir	700	lilingfeng	lilingfeng	20480	1786948731.3573474890	
/home/lilingfeng/tmp/juicefs-c03-r1-20260817-140452/cache/go-build-126/d6	dir	700	lilingfeng	lilingfeng	16384	1786948731.8534082850	
/home/lilingfeng/tmp/juicefs-c03-r1-20260817-140452/cache/go-build-126/f2	dir	700	lilingfeng	lilingfeng	20480	1786948685.9557743480	
/home/lilingfeng/tmp/juicefs-c03-r1-20260817-140452/cache/go-build-126/7f	dir	700	lilingfeng	lilingfeng	16384	1786948687.3439447160	
/home/lilingfeng/tmp/juicefs-c03-r1-20260817-140452/cache/go-build-126/eb	dir	700	lilingfeng	lilingfeng	16384	1786948687.3399442250	
/home/lilingfeng/tmp/juicefs-c03-r1-20260817-140452/cache/go-build-126/9e	dir	700	lilingfeng	lilingfeng	16384	1786948683.2074370440	
/home/lilingfeng/tmp/juicefs-c03-r1-20260817-140452/cache/go-build-126/66	dir	700	lilingfeng	lilingfeng	16384	1786948685.4637139550	
/home/lilingfeng/tmp/juicefs-c03-r1-20260817-140452/cache/go-build-126/5b	dir	700	lilingfeng	lilingfeng	12288	1786948697.7812256550	
/home/lilingfeng/tmp/juicefs-c03-r1-20260817-140452/cache/go-build-126/1f	dir	700	lilingfeng	lilingfeng	20480	1786948684.9796545470	
/home/lilingfeng/tmp/juicefs-c03-r1-20260817-140452/cache/go-build-126/a5	dir	700	lilingfeng	lilingfeng	12288	1786948736.8780240860	
/home/lilingfeng/tmp/juicefs-c03-r1-20260817-140452/cache/go-build-126/c4	dir	700	lilingfeng	lilingfeng	16384	1786948687.3399442250	
/home/lilingfeng/tmp/juicefs-c03-r1-20260817-140452/cache/go-build-126/76	dir	700	lilingfeng	lilingfeng	12288	1786948731.9094151490	
/home/lilingfeng/tmp/juicefs-c03-r1-20260817-140452/cache/go-build-126/a8	dir	700	lilingfeng	lilingfeng	12288	1786948687.5519702460	
/home/lilingfeng/tmp/juicefs-c03-r1-20260817-140452/cache/go-build-126/a2	dir	700	lilingfeng	lilingfeng	12288	1786948685.1276727140	
/home/lilingfeng/tmp/juicefs-c03-r1-20260817-140452/cache/go-build-126/f0	dir	700	lilingfeng	lilingfeng	20480	1786948686.5238440680	
/home/lilingfeng/tmp/juicefs-c03-r1-20260817-140452/cache/go-build-126/2e	dir	700	lilingfeng	lilingfeng	20480	1786948687.2199294950	
/home/lilingfeng/tmp/juicefs-c03-r1-20260817-140452/cache/go-build-126/5e	dir	700	lilingfeng	lilingfeng	20480	1786948684.1115480080	
/home/lilingfeng/tmp/juicefs-c03-r1-20260817-140452/cache/go-build-126/5a	dir	700	lilingfeng	lilingfeng	12288	1786948700.2935341110	
/home/lilingfeng/tmp/juicefs-c03-r1-20260817-140452/cache/go-build-126/2f	dir	700	lilingfeng	lilingfeng	12288	1786948681.9952882860	
/home/lilingfeng/tmp/juicefs-c03-r1-20260817-140452/cache/go-build-126/e6	dir	700	lilingfeng	lilingfeng	16384	1786948733.1335651760	
/home/lilingfeng/tmp/juicefs-c03-r1-20260817-140452/cache/go-build-126/65	dir	700	lilingfeng	lilingfeng	12288	1786948731.3533470020	
/home/lilingfeng/tmp/juicefs-c03-r1-20260817-140452/cache/go-build-126/ee	dir	700	lilingfeng	lilingfeng	20480	1786948687.2599344040	
/home/lilingfeng/tmp/juicefs-c03-r1-20260817-140452/cache/go-build-126/c3	dir	700	lilingfeng	lilingfeng	12288	1786948686.2958160810	
/home/lilingfeng/tmp/juicefs-c03-r1-20260817-140452/cache/go-build-126/c5	dir	700	lilingfeng	lilingfeng	16384	1786948731.3533470020	
/home/lilingfeng/tmp/juicefs-c03-r1-20260817-140452/cache/go-build-126/trim.txt	dir	600	lilingfeng	lilingfeng	10	1786947535.3093169670	
/home/lilingfeng/tmp/juicefs-c03-r1-20260817-140452/cache/go-build-126/d4	dir	700	lilingfeng	lilingfeng	16384	1786948685.2036820400	
/home/lilingfeng/tmp/juicefs-c03-r1-20260817-140452/cache/go-build-126/4d	dir	700	lilingfeng	lilingfeng	20480	1786948684.8676408000	
/home/lilingfeng/tmp/juicefs-c03-r1-20260817-140452/cache/go-build-126/bd	dir	700	lilingfeng	lilingfeng	20480	1786948685.2996938260	
/home/lilingfeng/tmp/juicefs-c03-r1-20260817-140452/cache/go-build-126/af	dir	700	lilingfeng	lilingfeng	12288	1786948691.9045044330	
/home/lilingfeng/tmp/juicefs-c03-r1-20260817-140452/cache/go-build-126/94	dir	700	lilingfeng	lilingfeng	16384	1786948733.6096235190	
/home/lilingfeng/tmp/juicefs-c03-r1-20260817-140452/cache/go-build-126/9f	dir	700	lilingfeng	lilingfeng	12288	1786948685.3196962800	
/home/lilingfeng/tmp/juicefs-c03-r1-20260817-140452/cache/go-build-126/b7	dir	700	lilingfeng	lilingfeng	16384	1786948692.1285319270	
/home/lilingfeng/tmp/juicefs-c03-r1-20260817-140452/cache/go-build-126/c8	dir	700	lilingfeng	lilingfeng	12288	1786948686.8558848160	
/home/lilingfeng/tmp/juicefs-c03-r1-20260817-140452/cache/go-build-126/8d	dir	700	lilingfeng	lilingfeng	20480	1786948686.8558848160	
/home/lilingfeng/tmp/juicefs-c03-r1-20260817-140452/cache/go-build-126/3e	dir	700	lilingfeng	lilingfeng	16384	1786948733.1335651760	
/home/lilingfeng/tmp/juicefs-c03-r1-20260817-140452/cache/go-build-126/39	dir	700	lilingfeng	lilingfeng	16384	1786948687.2599344040	
/home/lilingfeng/tmp/juicefs-c03-r1-20260817-140452/cache/go-build-126/52	dir	700	lilingfeng	lilingfeng	16384	1786948733.7336387190	
/home/lilingfeng/tmp/juicefs-c03-r1-20260817-140452/cache/go-build-126/10	dir	700	lilingfeng	lilingfeng	16384	1786948731.7213921040	
/home/lilingfeng/tmp/juicefs-c03-r1-20260817-140452/cache/go-build-126/56	dir	700	lilingfeng	lilingfeng	16384	1786948683.9875327880	
/home/lilingfeng/tmp/juicefs-c03-r1-20260817-140452/cache/go-build-126/92	dir	700	lilingfeng	lilingfeng	12288	1786948681.3272062910	
/home/lilingfeng/tmp/juicefs-c03-r1-20260817-140452/cache/go-build-126/18	dir	700	lilingfeng	lilingfeng	16384	1786948731.3413455290	
/home/lilingfeng/tmp/juicefs-c03-r1-20260817-140452/cache/go-build-126/e8	dir	700	lilingfeng	lilingfeng	20480	1786948700.3975468870	
/home/lilingfeng/tmp/juicefs-c03-r1-20260817-140452/cache/go-build-126/a6	dir	700	lilingfeng	lilingfeng	16384	1786948701.2896564700	
/home/lilingfeng/tmp/juicefs-c03-r1-20260817-140452/cache/go-build-126/02	dir	700	lilingfeng	lilingfeng	20480	1786948685.5117198470	
/home/lilingfeng/tmp/juicefs-c03-r1-20260817-140452/cache/go-build-126/24	dir	700	lilingfeng	lilingfeng	12288	1786948699.7814712090	
/home/lilingfeng/tmp/juicefs-c03-r1-20260817-140452/cache/go-build-126/d3	dir	700	lilingfeng	lilingfeng	20480	1786948687.2599344040	
/home/lilingfeng/tmp/juicefs-c03-r1-20260817-140452/cache/go-build-126/32	dir	700	lilingfeng	lilingfeng	16384	1786948681.6592470390	
/home/lilingfeng/tmp/juicefs-c03-r1-20260817-140452/cache/go-build-126/e5	dir	700	lilingfeng	lilingfeng	20480	1786948687.5479697560	
/home/lilingfeng/tmp/juicefs-c03-r1-20260817-140452/cache/go-build-126/c6	dir	700	lilingfeng	lilingfeng	16384	1786948686.1517984060	
/home/lilingfeng/tmp/juicefs-c03-r1-20260817-140452/cache/go-build-126/f9	dir	700	lilingfeng	lilingfeng	20480	1786948698.1612722970	
/home/lilingfeng/tmp/juicefs-c03-r1-20260817-140452/cache/go-build-126/59	dir	700	lilingfeng	lilingfeng	16384	1786948701.3136594180	
/home/lilingfeng/tmp/juicefs-c03-r1-20260817-140452/cache/go-build-126/91	dir	700	lilingfeng	lilingfeng	16384	1786948699.7774707200	
/home/lilingfeng/tmp/juicefs-c03-r1-20260817-140452/cache/go-build-126/be	dir	700	lilingfeng	lilingfeng	16384	1786948731.8054024000	
/home/lilingfeng/tmp/juicefs-c03-r1-20260817-140452/cache/go-build-126/2d	dir	700	lilingfeng	lilingfeng	20480	1786948736.8780240860	
/home/lilingfeng/tmp/juicefs-c03-r1-20260817-140452/cache/go-build-126/b1	dir	700	lilingfeng	lilingfeng	12288	1786948696.6770901520	
/home/lilingfeng/tmp/juicefs-c03-r1-20260817-140452/cache/go-build-126/c9	dir	700	lilingfeng	lilingfeng	16384	1786948731.3613479800	
/home/lilingfeng/tmp/juicefs-c03-r1-20260817-140452/cache/go-build-126/f7	dir	700	lilingfeng	lilingfeng	16384	1786948684.6676162520	
/home/lilingfeng/tmp/juicefs-c03-r1-20260817-140452/cache/go-build-126/dd	dir	700	lilingfeng	lilingfeng	20480	1786948736.7140039840	
/home/lilingfeng/tmp/juicefs-c03-r1-20260817-140452/cache/go-build-126/4c	dir	700	lilingfeng	lilingfeng	12288	1786948687.6719849760	
/home/lilingfeng/tmp/juicefs-c03-r1-20260817-140452/cache/go-build-126/57	dir	700	lilingfeng	lilingfeng	12288	1786948684.3755804110	
/home/lilingfeng/tmp/juicefs-c03-r1-20260817-140452/cache/go-build-126/7a	dir	700	lilingfeng	lilingfeng	16384	1786948687.0879132920	
/home/lilingfeng/tmp/juicefs-c03-r1-20260817-140452/cache/go-build-126/75	dir	700	lilingfeng	lilingfeng	16384	1786948693.0206414110	
/home/lilingfeng/tmp/juicefs-c03-r1-20260817-140452/cache/go-build-126/37	dir	700	lilingfeng	lilingfeng	16384	1786948700.1055110120	
/home/lilingfeng/tmp/juicefs-c03-r1-20260817-140452/cache/go-build-126/5f	dir	700	lilingfeng	lilingfeng	16384	1786948686.9038907080	
/home/lilingfeng/tmp/juicefs-c03-r1-20260817-140452/cache/go-build-126/67	dir	700	lilingfeng	lilingfeng	16384	1786948684.3755804110	
/home/lilingfeng/tmp/juicefs-c03-r1-20260817-140452/cache/go-build-126/98	dir	700	lilingfeng	lilingfeng	16384	1786948685.2996938260	
/home/lilingfeng/tmp/juicefs-c03-r1-20260817-140452/cache/go-build-126/a0	dir	700	lilingfeng	lilingfeng	16384	1786948731.3613479800	
/home/lilingfeng/tmp/juicefs-c03-r1-20260817-140452/cache/go-build-126/fa	dir	700	lilingfeng	lilingfeng	12288	1786948683.7034979270	
/home/lilingfeng/tmp/juicefs-c03-r1-20260817-140452/cache/go-build-126/82	dir	700	lilingfeng	lilingfeng	20480	1786948733.5056107730	
/home/lilingfeng/tmp/juicefs-c03-r1-20260817-140452/cache/go-build-126/6b	dir	700	lilingfeng	lilingfeng	20480	1786948684.3155730460	
/home/lilingfeng/tmp/juicefs-c03-r1-20260817-140452/cache/go-build-126/38	dir	700	lilingfeng	lilingfeng	16384	1786948686.1437974230	
/home/lilingfeng/tmp/juicefs-c03-r1-20260817-140452/cache/go-build-126/60	dir	700	lilingfeng	lilingfeng	20480	1786948683.5834832000	
/home/lilingfeng/tmp/juicefs-c03-r1-20260817-140452/cache/go-build-126/78	dir	700	lilingfeng	lilingfeng	16384	1786948733.6136240100	
/home/lilingfeng/tmp/juicefs-c03-r1-20260817-140452/cache/go-build-126/c1	dir	700	lilingfeng	lilingfeng	12288	1786948684.9796545470	
/home/lilingfeng/tmp/juicefs-c03-r1-20260817-140452/cache/go-build-126/93	dir	700	lilingfeng	lilingfeng	16384	1786948686.5278445580	
/home/lilingfeng/tmp/juicefs-c03-r1-20260817-140452/cache/go-build-126/99	dir	700	lilingfeng	lilingfeng	16384	1786948731.8694102450	
/home/lilingfeng/tmp/juicefs-c03-r1-20260817-140452/cache/go-build-126/3b	dir	700	lilingfeng	lilingfeng	16384	1786948698.0852629690	
/home/lilingfeng/tmp/juicefs-c03-r1-20260817-140452/cache/go-build-126/f1	dir	700	lilingfeng	lilingfeng	12288	1786948686.6878641960	
/home/lilingfeng/tmp/juicefs-c03-r1-20260817-140452/cache/go-build-126/b6	dir	700	lilingfeng	lilingfeng	20480	1786948733.0975607650	
/home/lilingfeng/tmp/juicefs-c03-r1-20260817-140452/cache/go-build-126/8c	dir	700	lilingfeng	lilingfeng	12288	1786948684.4915946470	
/home/lilingfeng/tmp/juicefs-c03-r1-20260817-140452/cache/go-build-126/79	dir	700	lilingfeng	lilingfeng	12288	1786948736.7740113390	
/home/lilingfeng/tmp/juicefs-c03-r1-20260817-140452/cache/go-build-126/55	dir	700	lilingfeng	lilingfeng	16384	1786948691.8164936310	
/home/lilingfeng/tmp/juicefs-c03-r1-20260817-140452/cache/go-build-126/9b	dir	700	lilingfeng	lilingfeng	16384	1786948686.5238440680	
/home/lilingfeng/tmp/juicefs-c03-r1-20260817-140452/cache/go-build-126/ca	dir	700	lilingfeng	lilingfeng	16384	1786948731.3533470020	
/home/lilingfeng/tmp/juicefs-c03-r1-20260817-140452/cache/go-build-126/6e	dir	700	lilingfeng	lilingfeng	12288	1786948731.8534082850	
/home/lilingfeng/tmp/juicefs-c03-r1-20260817-140452/cache/go-build-126/4e	dir	700	lilingfeng	lilingfeng	20480	1786948686.8558848160	
/home/lilingfeng/tmp/juicefs-c03-r1-20260817-140452/cache/go-build-126/6c	dir	700	lilingfeng	lilingfeng	20480	1786948684.2275622440	
/home/lilingfeng/tmp/juicefs-c03-r1-20260817-140452/cache/go-build-126/51	dir	700	lilingfeng	lilingfeng	12288	1786948684.0075352420	
/home/lilingfeng/tmp/juicefs-c03-r1-20260817-140452/cache/go-build-126/53	dir	700	lilingfeng	lilingfeng	16384	1786948687.5479697560	
/home/lilingfeng/tmp/juicefs-c03-r1-20260817-140452/cache/go-build-126/09	dir	700	lilingfeng	lilingfeng	20480	1786948733.5096112630	
/home/lilingfeng/tmp/juicefs-c03-r1-20260817-140452/cache/go-build-126/81	dir	700	lilingfeng	lilingfeng	16384	1786948686.9278936540	
/home/lilingfeng/tmp/juicefs-c03-r1-20260817-140452/cache/go-build-126/5d	dir	700	lilingfeng	lilingfeng	20480	1786948686.5358455410	
/home/lilingfeng/tmp/juicefs-c03-r1-20260817-140452/cache/go-build-126/9c	dir	700	lilingfeng	lilingfeng	20480	1786948683.6034856540	
/home/lilingfeng/tmp/juicefs-c03-r1-20260817-140452/cache/go-build-126/fb	dir	700	lilingfeng	lilingfeng	20480	1786948685.9797772940	
/home/lilingfeng/tmp/juicefs-c03-r1-20260817-140452/cache/go-build-126/7c	dir	700	lilingfeng	lilingfeng	12288	1786948685.4597134650	
/home/lilingfeng/tmp/juicefs-c03-r1-20260817-140452/cache/go-build-126/d5	dir	700	lilingfeng	lilingfeng	16384	1786948731.8814117170	
/home/lilingfeng/tmp/juicefs-c03-r1-20260817-140452/cache/go-build-126/70	dir	700	lilingfeng	lilingfeng	20480	1786948736.1259319130	
/home/lilingfeng/tmp/juicefs-c03-r1-20260817-140452/cache/go-build-126/f5	dir	700	lilingfeng	lilingfeng	16384	1786948683.2074370440	
/home/lilingfeng/tmp/juicefs-c03-r1-20260817-140452/cache/go-build-126/0d	dir	700	lilingfeng	lilingfeng	16384	1786948685.9997797480	
/home/lilingfeng/tmp/juicefs-c03-r1-20260817-140452/cache/go-build-126/72	dir	700	lilingfeng	lilingfeng	16384	1786948682.0032892670	
/home/lilingfeng/tmp/juicefs-c03-r1-20260817-140452/cache/go-build-126/e4	dir	700	lilingfeng	lilingfeng	16384	1786948683.5794827090	
/home/lilingfeng/tmp/juicefs-c03-r1-20260817-140452/cache/go-build-126/d2	dir	700	lilingfeng	lilingfeng	16384	1786948684.8556393270	
/home/lilingfeng/tmp/juicefs-c03-r1-20260817-140452/cache/go-build-126/b0	dir	700	lilingfeng	lilingfeng	12288	1786948683.8275131460	
/home/lilingfeng/tmp/juicefs-c03-r1-20260817-140452/cache/go-build-126/fe	dir	700	lilingfeng	lilingfeng	12288	1786948684.0715430980	
/home/lilingfeng/tmp/juicefs-c03-r1-20260817-140452/cache/go-build-126/41	dir	700	lilingfeng	lilingfeng	20480	1786948686.9318941450	
/home/lilingfeng/tmp/juicefs-c03-r1-20260817-140452/cache/go-build-126/3c	dir	700	lilingfeng	lilingfeng	12288	1786948731.3533470020	
/home/lilingfeng/tmp/juicefs-c03-r1-20260817-140452/cache/go-build-126/45	dir	700	lilingfeng	lilingfeng	12288	1786948736.0659245590	
/home/lilingfeng/tmp/juicefs-c03-r1-20260817-140452/cache/go-build-126/87	dir	700	lilingfeng	lilingfeng	20480	1786948681.4032156200	
/home/lilingfeng/tmp/juicefs-c03-r1-20260817-140452/cache/go-build-126/0e	dir	700	lilingfeng	lilingfeng	12288	1786948687.6719849760	
/home/lilingfeng/tmp/juicefs-c03-r1-20260817-140452/cache/go-build-126/cf	dir	700	lilingfeng	lilingfeng	12288	1786948731.8254048550	
/home/lilingfeng/tmp/juicefs-c03-r1-20260817-140452/cache/go-build-126/b9	dir	700	lilingfeng	lilingfeng	20480	1786948683.0274149530	
/home/lilingfeng/tmp/juicefs-c03-r1-20260817-140452/cache/go-build-126/64	dir	700	lilingfeng	lilingfeng	12288	1786948686.9718990560	
/home/lilingfeng/tmp/juicefs-c03-r1-20260817-140452/cache/go-build-126/ed	dir	700	lilingfeng	lilingfeng	20480	1786948686.1397969330	
/home/lilingfeng/tmp/juicefs-c03-r1-20260817-140452/cache/go-build-126/f6	dir	700	lilingfeng	lilingfeng	20480	1786948686.5318450480	
/home/lilingfeng/tmp/juicefs-c03-r1-20260817-140452/cache/go-build-126/90	dir	700	lilingfeng	lilingfeng	16384	1786948685.6437360520	
/home/lilingfeng/tmp/juicefs-c03-r1-20260817-140452/cache/go-build-126/44	dir	700	lilingfeng	lilingfeng	16384	1786948731.3493465100	
/home/lilingfeng/tmp/juicefs-c03-r1-20260817-140452/cache/go-build-126/06	dir	700	lilingfeng	lilingfeng	16384	1786948700.3935463930	
/home/lilingfeng/tmp/juicefs-c03-r1-20260817-140452/cache/go-build-126/20	dir	700	lilingfeng	lilingfeng	16384	1786948731.8374063230	
/home/lilingfeng/tmp/juicefs-c03-r1-20260817-140452/cache/go-build-126/0c	dir	700	lilingfeng	lilingfeng	12288	1786948733.5176122460	
/home/lilingfeng/tmp/juicefs-c03-r1-20260817-140452/cache/go-build-126/62	dir	700	lilingfeng	lilingfeng	20480	1786948691.9045044330	
/home/lilingfeng/tmp/juicefs-c03-r1-20260817-140452/cache/go-build-126/13	dir	700	lilingfeng	lilingfeng	16384	1786948701.2736545040	
/home/lilingfeng/tmp/juicefs-c03-r1-20260817-140452/cache/go-build-126/7e	dir	700	lilingfeng	lilingfeng	12288	1786948683.2474419550	
/home/lilingfeng/tmp/juicefs-c03-r1-20260817-140452/cache/go-build-126/47	dir	700	lilingfeng	lilingfeng	12288	1786948685.0036574910	
/home/lilingfeng/tmp/juicefs-c03-r1-20260817-140452/cache/go-build-126/63	dir	700	lilingfeng	lilingfeng	12288	1786948686.1357964420	
/home/lilingfeng/tmp/juicefs-c03-r1-20260817-140452/cache/go-build-126/e9	dir	700	lilingfeng	lilingfeng	12288	1786948700.3895459040	
/home/lilingfeng/tmp/juicefs-c03-r1-20260817-140452/cache/go-build-126/cc	dir	700	lilingfeng	lilingfeng	16384	1786948685.1076702580	
/home/lilingfeng/tmp/juicefs-c03-r1-20260817-140452/cache/go-build-126/88	dir	700	lilingfeng	lilingfeng	20480	1786948685.9797772940	
/home/lilingfeng/tmp/juicefs-c03-r1-20260817-140452/cache/go-build-126/b4	dir	700	lilingfeng	lilingfeng	12288	1786948685.9157694360	
/home/lilingfeng/tmp/juicefs-c03-r1-20260817-140452/cache/go-build-126/43	dir	700	lilingfeng	lilingfeng	12288	1786948731.8374063230	
/home/lilingfeng/tmp/juicefs-c03-r1-20260817-140452/cache/go-build-126/35	dir	700	lilingfeng	lilingfeng	16384	1786948697.7812256550	
/home/lilingfeng/tmp/juicefs-c03-r1-20260817-140452/cache/go-build-126/dc	dir	700	lilingfeng	lilingfeng	16384	1786948686.0557866230	
/home/lilingfeng/tmp/juicefs-c03-r1-20260817-140452/cache/go-build-126/15	dir	700	lilingfeng	lilingfeng	12288	1786948685.9197699290	
/home/lilingfeng/tmp/juicefs-c03-r1-20260817-140452/cache/go-build-126/11	dir	700	lilingfeng	lilingfeng	20480	1786948687.4839619000	
/home/lilingfeng/tmp/juicefs-c03-r1-20260817-140452/cache/go-build-126/de	dir	700	lilingfeng	lilingfeng	16384	1786948731.8574087770	
/home/lilingfeng/tmp/juicefs-c03-r1-20260817-140452/cache/go-build-126/61	dir	700	lilingfeng	lilingfeng	16384	1786948682.3393305080	
/home/lilingfeng/tmp/juicefs-c03-r1-20260817-140452/cache/go-build-126/00	dir	700	lilingfeng	lilingfeng	20480	1786948684.2235617540	
/home/lilingfeng/tmp/juicefs-c03-r1-20260817-140452/cache/go-build-126/2a	dir	700	lilingfeng	lilingfeng	12288	1786948731.3573474890	
/home/lilingfeng/tmp/juicefs-c03-r1-20260817-140452/cache/go-build-126/03	dir	700	lilingfeng	lilingfeng	12288	1786948687.0799123120	
/home/lilingfeng/tmp/juicefs-c03-r1-20260817-140452/cache/go-build-126/89	dir	700	lilingfeng	lilingfeng	20480	1786948736.7220049640	
/home/lilingfeng/tmp/juicefs-c03-r1-20260817-140452/cache/go-build-126/36	dir	700	lilingfeng	lilingfeng	16384	1786948697.7812256550	
/home/lilingfeng/tmp/juicefs-c03-r1-20260817-140452/cache/go-build-126/d7	dir	700	lilingfeng	lilingfeng	16384	1786948685.1716781130	
/home/lilingfeng/tmp/juicefs-c03-r1-20260817-140452/cache/go-build-126/23	dir	700	lilingfeng	lilingfeng	16384	1786948739.9624022710	
/home/lilingfeng/tmp/juicefs-c03-r1-20260817-140452/cache/go-build-126/d8	dir	700	lilingfeng	lilingfeng	16384	1786948731.3413455290	
/home/lilingfeng/tmp/juicefs-c03-r1-20260817-140452/cache/go-build-126/c0	dir	700	lilingfeng	lilingfeng	16384	1786948686.7398705810	
/home/lilingfeng/tmp/juicefs-c03-r1-20260817-140452/cache/go-build-126/21	dir	700	lilingfeng	lilingfeng	16384	1786948702.7418348470	
/home/lilingfeng/tmp/juicefs-c03-r1-20260817-140452/cache/go-build-126/42	dir	700	lilingfeng	lilingfeng	20480	1786948686.0117812210	
/home/lilingfeng/tmp/juicefs-c03-r1-20260817-140452/cache/go-build-126/33	dir	700	lilingfeng	lilingfeng	12288	1786948685.9717763120	
/home/lilingfeng/tmp/juicefs-c03-r1-20260817-140452/cache/go-build-126/9a	dir	700	lilingfeng	lilingfeng	16384	1786948691.8644995220	
/home/lilingfeng/tmp/juicefs-c03-r1-20260817-140452/cache/go-build-126/71	dir	700	lilingfeng	lilingfeng	16384	1786948687.1439201670	
/home/lilingfeng/tmp/juicefs-c03-r1-20260817-140452/cache/go-build-126/bb	dir	700	lilingfeng	lilingfeng	20480	1786948687.2079280220	
/home/lilingfeng/tmp/juicefs-c03-r1-20260817-140452/cache/go-build-126/74	dir	700	lilingfeng	lilingfeng	16384	1786948687.5519702460	
/home/lilingfeng/tmp/juicefs-c03-r1-20260817-140452/cache/go-build-126/04	dir	700	lilingfeng	lilingfeng	20480	1786948685.9117689460	
/home/lilingfeng/tmp/juicefs-c03-r1-20260817-140452/cache/go-build-126/31	dir	700	lilingfeng	lilingfeng	16384	1786948686.1077930050	
/home/lilingfeng/tmp/juicefs-c03-r1-20260817-140452/cache/os-tmp	dir	700	lilingfeng	lilingfeng	4096	1786948752.0438849620	
/home/lilingfeng/tmp/juicefs-c03-r1-20260817-140452/cache/os-tmp/meta	dir	700	lilingfeng	lilingfeng	4096	1786948475.0021198580	
/home/lilingfeng/tmp/juicefs-c03-r1-20260817-140452/cache/go-mod	dir	700	lilingfeng	lilingfeng	4096	1786948600.1452611720	
/home/lilingfeng/tmp/juicefs-c03-r1-20260817-140452/cache/go-mod/sigs.k8s.io	dir	700	lilingfeng	lilingfeng	4096	1786947358.2155744790	
/home/lilingfeng/tmp/juicefs-c03-r1-20260817-140452/cache/go-mod/modernc.org	dir	700	lilingfeng	lilingfeng	4096	1786947358.2155744790	
/home/lilingfeng/tmp/juicefs-c03-r1-20260817-140452/cache/go-mod/go.opencensus.io@v0.24.0	dir	500	lilingfeng	lilingfeng	4096	1786947287.1619510270	
/home/lilingfeng/tmp/juicefs-c03-r1-20260817-140452/cache/go-mod/gonum.org	dir	700	lilingfeng	lilingfeng	4096	1786948481.9990164470	
/home/lilingfeng/tmp/juicefs-c03-r1-20260817-140452/cache/go-mod/gitlab.com	dir	700	lilingfeng	lilingfeng	4096	1786948556.3278547180	
/home/lilingfeng/tmp/juicefs-c03-r1-20260817-140452/cache/go-mod/honnef.co	dir	700	lilingfeng	lilingfeng	4096	1786948577.7305112360	
/home/lilingfeng/tmp/juicefs-c03-r1-20260817-140452/cache/go-mod/gitea.com	dir	700	lilingfeng	lilingfeng	4096	1786948478.1025171440	
/home/lilingfeng/tmp/juicefs-c03-r1-20260817-140452/cache/go-mod/codeberg.org	dir	700	lilingfeng	lilingfeng	4096	1786948600.1452611720	
/home/lilingfeng/tmp/juicefs-c03-r1-20260817-140452/cache/go-mod/go.uber.org	dir	700	lilingfeng	lilingfeng	4096	1786948593.4684425280	
/home/lilingfeng/tmp/juicefs-c03-r1-20260817-140452/cache/go-mod/cloud.google.com	dir	700	lilingfeng	lilingfeng	4096	1786946925.9884395310	
/home/lilingfeng/tmp/juicefs-c03-r1-20260817-140452/cache/go-mod/dev.gaijin.team	dir	700	lilingfeng	lilingfeng	4096	1786948558.1960925730	
/home/lilingfeng/tmp/juicefs-c03-r1-20260817-140452/cache/go-mod/cel.dev	dir	700	lilingfeng	lilingfeng	4096	1786946913.0582456990	
/home/lilingfeng/tmp/juicefs-c03-r1-20260817-140452/cache/go-mod/storj.io	dir	700	lilingfeng	lilingfeng	4096	1786947364.1440451250	
/home/lilingfeng/tmp/juicefs-c03-r1-20260817-140452/cache/go-mod/google.golang.org	dir	700	lilingfeng	lilingfeng	4096	1786948601.3334069110	
/home/lilingfeng/tmp/juicefs-c03-r1-20260817-140452/cache/go-mod/git.apache.org	dir	700	lilingfeng	lilingfeng	4096	1786946960.0942196400	
/home/lilingfeng/tmp/juicefs-c03-r1-20260817-140452/cache/go-mod/mvdan.cc	dir	700	lilingfeng	lilingfeng	4096	1786948579.1706877330	
/home/lilingfeng/tmp/juicefs-c03-r1-20260817-140452/cache/go-mod/github.com	dir	700	lilingfeng	lilingfeng	12288	1786948594.4325605530	
/home/lilingfeng/tmp/juicefs-c03-r1-20260817-140452/cache/go-mod/go.mongodb.org	dir	700	lilingfeng	lilingfeng	4096	1786947319.1644664070	
/home/lilingfeng/tmp/juicefs-c03-r1-20260817-140452/cache/go-mod/4d63.com	dir	700	lilingfeng	lilingfeng	4096	1786948558.3281093810	
/home/lilingfeng/tmp/juicefs-c03-r1-20260817-140452/cache/go-mod/xorm.io	dir	700	lilingfeng	lilingfeng	4096	1786947370.0205115420	
/home/lilingfeng/tmp/juicefs-c03-r1-20260817-140452/cache/go-mod/go.augendre.info	dir	700	lilingfeng	lilingfeng	4096	1786948558.1760900270	
/home/lilingfeng/tmp/juicefs-c03-r1-20260817-140452/cache/go-mod/go.yaml.in	dir	700	lilingfeng	lilingfeng	4096	1786947312.1319074400	
/home/lilingfeng/tmp/juicefs-c03-r1-20260817-140452/cache/go-mod/gopkg.in	dir	700	lilingfeng	lilingfeng	4096	1786948482.7511140810	
/home/lilingfeng/tmp/juicefs-c03-r1-20260817-140452/cache/go-mod/go.etcd.io	dir	700	lilingfeng	lilingfeng	4096	1786946941.1390042190	
/home/lilingfeng/tmp/juicefs-c03-r1-20260817-140452/cache/go-mod/go.opentelemetry.io	dir	700	lilingfeng	lilingfeng	4096	1786947304.1152747620	
/home/lilingfeng/tmp/juicefs-c03-r1-20260817-140452/cache/go-mod/pgregory.net	dir	700	lilingfeng	lilingfeng	4096	1786946891.0865110780	
/home/lilingfeng/tmp/juicefs-c03-r1-20260817-140452/cache/go-mod/golang.org	dir	700	lilingfeng	lilingfeng	4096	1786946879.0084601260	
/home/lilingfeng/tmp/juicefs-c03-r1-20260817-140452/cache/go-mod/filippo.io	dir	700	lilingfeng	lilingfeng	4096	1786946941.1310028620	
/home/lilingfeng/tmp/juicefs-c03-r1-20260817-140452/cache/go-mod/go-simpler.org	dir	700	lilingfeng	lilingfeng	4096	1786948577.1584412080	
/home/lilingfeng/tmp/juicefs-c03-r1-20260817-140452/cache/go-mod/cache	dir	700	lilingfeng	lilingfeng	4096	1786948485.8315116840	
/home/lilingfeng/tmp/juicefs-c03-r1-20260817-140452/cache/go-tmp	dir	700	lilingfeng	lilingfeng	4096	1786948759.2647706250	
/home/lilingfeng/tmp/juicefs-c03-r1-input-20260817-140321	dir	755	lilingfeng	lilingfeng	4096	1786946692.1366144560	
/home/lilingfeng/tmp/juicefs-c03-r1-input-20260817-140321/runner.pid	dir	644	lilingfeng	lilingfeng	8	1786946692.1366144560	
/home/lilingfeng/tmp/juicefs-c03-r1-input-20260817-140321/run-c03-r1.sh	dir	644	lilingfeng	lilingfeng	43095	1786946671.2087835880	
/home/lilingfeng/tmp/juicefs-c03-r1-input-20260817-140321/async-catchup-main.patch	dir	600	lilingfeng	lilingfeng	545	1786946601.0199565750	
/home/lilingfeng/tmp/juicefs-c03-r1-input-20260817-140321/forbidden-patterns.txt	dir	644	lilingfeng	lilingfeng	289	1786946601.0199565750	
/home/lilingfeng/tmp/juicefs-c03-r1-input-20260817-140321/anchors.expected	dir	644	lilingfeng	lilingfeng	268	1786946601.0199565750	
/home/lilingfeng/tmp/juicefs-c03-r1-input-20260817-140321/writer_flush_c02_test.go	dir	600	lilingfeng	lilingfeng	14281	1786946601.0199565750	
/home/lilingfeng/tmp/juicefs-c03-r1-input-20260817-140321/runner-static-review.txt	dir	644	lilingfeng	lilingfeng	879	1786946601.0239573170	
/home/lilingfeng/tmp/juicefs-c03-r1-input-20260817-140321/writer_flush_test.go	dir	600	lilingfeng	lilingfeng	5874	1786946601.0159558330	
/home/lilingfeng/tmp/juicefs-c03-r1-input-20260817-140321/runner-stdout.log	dir	644	lilingfeng	lilingfeng	3577	1786948788.7199931660	
/home/lilingfeng/tmp/juicefs-c03-r1-input-20260817-140321/input.sha256	dir	644	lilingfeng	lilingfeng	701	1786946692.1326137270	
/home/lilingfeng/tmp/juicefs-c03-r1-input-20260817-140321/pre-run-adaptations.md	dir	644	lilingfeng	lilingfeng	1895	1786946601.1679840110	
/home/lilingfeng/tmp/juicefs-c03-r1-20260817-112439-partial-artifacts.tar.gz	file	600	1000	1000	48992	1786941907	
/home/lilingfeng/tmp/juicefs-c03-r1-20260817-131615-artifacts.tar.gz	file	600	1000	1000	30828294	1786945782	
/home/lilingfeng/tmp/juicefs-c03-r1-20260817-131615-artifacts.tar.gz.sha256	file	600	1000	1000	135	1786945783	
/home/lilingfeng/tmp/juicefs-c03-r1-20260817-131615-artifacts.tar.gz.integrity.tsv	file	600	1000	1000	55	1786945783	
/home/lilingfeng/tmp/juicefs-c03-r1-20260817-131615-artifacts.tar.gz.final-status.txt	file	600	1000	1000	13	1786945783	
/home/lilingfeng/tmp/juicefs-c03-r1-20260817-140452-artifacts.tar.gz	file	600	1000	1000	30827320	1786948788	
/home/lilingfeng/tmp/juicefs-c03-r1-20260817-140452-artifacts.tar.gz.sha256	file	600	1000	1000	135	1786948788	
/home/lilingfeng/tmp/juicefs-c03-r1-20260817-140452-artifacts.tar.gz.integrity.tsv	file	600	1000	1000	55	1786948788	
/home/lilingfeng/tmp/juicefs-c03-r1-20260817-140452-artifacts.tar.gz.final-status.txt	file	600	1000	1000	22	1786948788	
/home/lilingfeng/demo/production/prod-deploy/debug/juicefs-03-8-flush-race-community/tasks/C02-main-flush-dispatch-semantics-fault-injection.md	file	644	1000	1000	48009	1786900525	
/home/lilingfeng/demo/production/prod-deploy/debug/juicefs-03-8-flush-race-community/tasks/C03-upstream-main-community-ci-readiness.md	file	644	1000	1000	40875	1786925935	
/home/lilingfeng/demo/production/prod-deploy/debug/juicefs-03-8-flush-race-community/tasks/C03-R1-upstream-main-community-ci-clean-rerun.md	file	644	1000	1000	39757	1786936261	
/home/lilingfeng/demo/production/prod-deploy/debug/juicefs-03-8-flush-race-community/report/C02-execution-20260817-015425.md	file	644	1000	1000	7986	1786935341	
/home/lilingfeng/demo/production/prod-deploy/debug/juicefs-03-8-flush-race-community/report/C03-execution-20260817-100609.md	file	644	1000	1000	10366	1786960157	
/home/lilingfeng/demo/production/prod-deploy/debug/juicefs-03-8-flush-race-community/report/C03-R1-execution-20260817-140452.md	file	644	1000	1000	15226	1786960157	
