[2026-07-07 19:11:38] ==============================================
[2026-07-07 19:11:38] Exp 2A: Concurrency scan START
[2026-07-07 19:11:38] Pool=juicefs-data BS=256K Duration=300s Concurrency=16,32,64,128 Rounds=3
[2026-07-07 19:11:38] ==============================================
[2026-07-07 19:11:38] ==========================================
[2026-07-07 19:11:38] 2A: concurrency=16
[2026-07-07 19:11:38] ==========================================
[2026-07-07 19:11:38] ---- t16 round 1 ----
[2026-07-07 19:11:38] Cleaning pool juicefs-data (before: B objects)...
[2026-07-07 19:11:38] Pool cleanup done (after: B objects).
[2026-07-07 19:11:38] Compacting all OSDs...
[2026-07-07 19:11:49] Compaction triggered.
[2026-07-07 19:11:49]   osd.0: queue_len=0 running=0
[2026-07-07 19:11:50]   osd.1: queue_len=0 running=0
[2026-07-07 19:11:50]   osd.2: queue_len=0 running=0
[2026-07-07 19:11:51]   osd.3: queue_len=0 running=0
[2026-07-07 19:11:51]   osd.4: queue_len=0 running=0
[2026-07-07 19:11:52]   osd.5: queue_len=0 running=0
[2026-07-07 19:11:52] Health: HEALTH_OK
[2026-07-07 19:11:53] START bench: rados bench -p juicefs-data 300 write -b 256K -t 16 --no-cleanup
[2026-07-07 19:11:53] Output -> /home/turboai/production/results/backend-rados-fulldiag-20260708/exp1-concurrency/256k-t16-r1.txt
[2026-07-07 19:16:54] END bench: t16 r1
[2026-07-07 19:16:54] Cleaning pool juicefs-data (before: GiB objects)...
Removed 71274 objects
[2026-07-07 19:17:17] Pool cleanup done (after: GiB objects).
[2026-07-07 19:17:17] Compacting all OSDs...
[2026-07-07 19:17:28] Compaction triggered.
[2026-07-07 19:17:28] Round 1 done.
[2026-07-07 19:17:28] ---- t16 round 2 ----
[2026-07-07 19:17:28] Cleaning pool juicefs-data (before: B objects)...
[2026-07-07 19:17:29] Pool cleanup done (after: B objects).
[2026-07-07 19:17:29] Compacting all OSDs...
[2026-07-07 19:17:40] Compaction triggered.
[2026-07-07 19:17:40]   osd.0: queue_len=0 running=0
[2026-07-07 19:17:41]   osd.1: queue_len=0 running=0
[2026-07-07 19:17:41]   osd.2: queue_len=0 running=0
[2026-07-07 19:17:42]   osd.3: queue_len=0 running=0
[2026-07-07 19:17:42]   osd.4: queue_len=0 running=0
[2026-07-07 19:17:43]   osd.5: queue_len=0 running=0
[2026-07-07 19:17:43] Health: HEALTH_OK
[2026-07-07 19:17:43] START bench: rados bench -p juicefs-data 300 write -b 256K -t 16 --no-cleanup
[2026-07-07 19:17:43] Output -> /home/turboai/production/results/backend-rados-fulldiag-20260708/exp1-concurrency/256k-t16-r2.txt
[2026-07-07 19:22:44] END bench: t16 r2
[2026-07-07 19:22:44] Cleaning pool juicefs-data (before: GiB objects)...
Removed 70388 objects
[2026-07-07 19:23:03] Pool cleanup done (after: GiB objects).
[2026-07-07 19:23:03] Compacting all OSDs...
[2026-07-07 19:23:15] Compaction triggered.
[2026-07-07 19:23:15] Round 2 done.
[2026-07-07 19:23:15] ---- t16 round 3 ----
[2026-07-07 19:23:15] Cleaning pool juicefs-data (before: B objects)...
[2026-07-07 19:23:15] Pool cleanup done (after: B objects).
[2026-07-07 19:23:15] Compacting all OSDs...
[2026-07-07 19:23:26] Compaction triggered.
[2026-07-07 19:23:27]   osd.0: queue_len=0 running=0
[2026-07-07 19:23:27]   osd.1: queue_len=0 running=0
[2026-07-07 19:23:28]   osd.2: queue_len=0 running=0
[2026-07-07 19:23:28]   osd.3: queue_len=0 running=0
[2026-07-07 19:23:29]   osd.4: queue_len=0 running=0
[2026-07-07 19:23:29]   osd.5: queue_len=0 running=0
[2026-07-07 19:23:30] Health: HEALTH_OK
[2026-07-07 19:23:30] START bench: rados bench -p juicefs-data 300 write -b 256K -t 16 --no-cleanup
[2026-07-07 19:23:30] Output -> /home/turboai/production/results/backend-rados-fulldiag-20260708/exp1-concurrency/256k-t16-r3.txt
[2026-07-07 19:28:31] END bench: t16 r3
[2026-07-07 19:28:31] Cleaning pool juicefs-data (before: GiB objects)...
Removed 67603 objects
[2026-07-07 19:28:53] Pool cleanup done (after: GiB objects).
[2026-07-07 19:28:53] Compacting all OSDs...
[2026-07-07 19:29:05] Compaction triggered.
[2026-07-07 19:29:05] Round 3 done.
[2026-07-07 19:29:05] ==========================================
[2026-07-07 19:29:05] 2A: concurrency=32
[2026-07-07 19:29:05] ==========================================
[2026-07-07 19:29:05] ---- t32 round 1 ----
[2026-07-07 19:29:05] Cleaning pool juicefs-data (before: B objects)...
[2026-07-07 19:29:05] Pool cleanup done (after: B objects).
[2026-07-07 19:29:05] Compacting all OSDs...
[2026-07-07 19:29:16] Compaction triggered.
[2026-07-07 19:29:17]   osd.0: queue_len=0 running=0
[2026-07-07 19:29:17]   osd.1: queue_len=0 running=0
[2026-07-07 19:29:18]   osd.2: queue_len=0 running=0
[2026-07-07 19:29:18]   osd.3: queue_len=0 running=0
[2026-07-07 19:29:19]   osd.4: queue_len=0 running=0
[2026-07-07 19:29:19]   osd.5: queue_len=0 running=0
[2026-07-07 19:29:20] Health: HEALTH_OK
[2026-07-07 19:29:20] START bench: rados bench -p juicefs-data 300 write -b 256K -t 32 --no-cleanup
[2026-07-07 19:29:20] Output -> /home/turboai/production/results/backend-rados-fulldiag-20260708/exp1-concurrency/256k-t32-r1.txt
[2026-07-07 19:34:21] END bench: t32 r1
[2026-07-07 19:34:22] Cleaning pool juicefs-data (before: GiB objects)...
Removed 67376 objects
[2026-07-07 19:34:40] Pool cleanup done (after: GiB objects).
[2026-07-07 19:34:40] Compacting all OSDs...
[2026-07-07 19:34:52] Compaction triggered.
[2026-07-07 19:34:52] Round 1 done.
[2026-07-07 19:34:52] ---- t32 round 2 ----
[2026-07-07 19:34:52] Cleaning pool juicefs-data (before: B objects)...
[2026-07-07 19:34:52] Pool cleanup done (after: B objects).
[2026-07-07 19:34:52] Compacting all OSDs...
[2026-07-07 19:35:03] Compaction triggered.
[2026-07-07 19:35:04]   osd.0: queue_len=0 running=0
[2026-07-07 19:35:04]   osd.1: queue_len=0 running=0
[2026-07-07 19:35:04]   osd.2: queue_len=0 running=0
[2026-07-07 19:35:05]   osd.3: queue_len=0 running=0
[2026-07-07 19:35:05]   osd.4: queue_len=0 running=0
[2026-07-07 19:35:06]   osd.5: queue_len=0 running=0
[2026-07-07 19:35:06] Health: HEALTH_OK
[2026-07-07 19:35:07] START bench: rados bench -p juicefs-data 300 write -b 256K -t 32 --no-cleanup
[2026-07-07 19:35:07] Output -> /home/turboai/production/results/backend-rados-fulldiag-20260708/exp1-concurrency/256k-t32-r2.txt
[2026-07-07 19:40:07] END bench: t32 r2
[2026-07-07 19:40:07] Cleaning pool juicefs-data (before: GiB objects)...
Removed 66634 objects
[2026-07-07 19:40:26] Pool cleanup done (after: GiB objects).
[2026-07-07 19:40:26] Compacting all OSDs...
[2026-07-07 19:40:37] Compaction triggered.
[2026-07-07 19:40:37] Round 2 done.
[2026-07-07 19:40:37] ---- t32 round 3 ----
[2026-07-07 19:40:37] Cleaning pool juicefs-data (before: B objects)...
[2026-07-07 19:40:37] Pool cleanup done (after: B objects).
[2026-07-07 19:40:37] Compacting all OSDs...
[2026-07-07 19:40:48] Compaction triggered.
[2026-07-07 19:40:49]   osd.0: queue_len=0 running=0
[2026-07-07 19:40:50]   osd.1: queue_len=0 running=0
[2026-07-07 19:40:50]   osd.2: queue_len=0 running=0
[2026-07-07 19:40:50]   osd.3: queue_len=0 running=0
[2026-07-07 19:40:51]   osd.4: queue_len=0 running=0
[2026-07-07 19:40:51]   osd.5: queue_len=0 running=0
[2026-07-07 19:40:52] Health: HEALTH_OK
[2026-07-07 19:40:53] START bench: rados bench -p juicefs-data 300 write -b 256K -t 32 --no-cleanup
[2026-07-07 19:40:53] Output -> /home/turboai/production/results/backend-rados-fulldiag-20260708/exp1-concurrency/256k-t32-r3.txt
[2026-07-07 19:45:53] END bench: t32 r3
[2026-07-07 19:45:53] Cleaning pool juicefs-data (before: GiB objects)...
Removed 66469 objects
[2026-07-07 19:46:12] Pool cleanup done (after: GiB objects).
[2026-07-07 19:46:12] Compacting all OSDs...
[2026-07-07 19:46:23] Compaction triggered.
[2026-07-07 19:46:23] Round 3 done.
[2026-07-07 19:46:23] ==========================================
[2026-07-07 19:46:23] 2A: concurrency=64
[2026-07-07 19:46:23] ==========================================
[2026-07-07 19:46:23] ---- t64 round 1 ----
[2026-07-07 19:46:23] Cleaning pool juicefs-data (before: B objects)...
[2026-07-07 19:46:23] Pool cleanup done (after: B objects).
[2026-07-07 19:46:23] Compacting all OSDs...
[2026-07-07 19:46:34] Compaction triggered.
[2026-07-07 19:46:35]   osd.0: queue_len=0 running=0
[2026-07-07 19:46:35]   osd.1: queue_len=0 running=0
[2026-07-07 19:46:36]   osd.2: queue_len=0 running=0
[2026-07-07 19:46:37]   osd.3: queue_len=0 running=0
[2026-07-07 19:46:37]   osd.4: queue_len=0 running=0
[2026-07-07 19:46:37]   osd.5: queue_len=0 running=0
[2026-07-07 19:46:38] Health: HEALTH_OK
[2026-07-07 19:46:38] START bench: rados bench -p juicefs-data 300 write -b 256K -t 64 --no-cleanup
[2026-07-07 19:46:38] Output -> /home/turboai/production/results/backend-rados-fulldiag-20260708/exp1-concurrency/256k-t64-r1.txt
[2026-07-07 19:51:39] END bench: t64 r1
[2026-07-07 19:51:40] Cleaning pool juicefs-data (before: GiB objects)...
Removed 68132 objects
[2026-07-07 19:51:57] Pool cleanup done (after: GiB objects).
[2026-07-07 19:51:57] Compacting all OSDs...
[2026-07-07 19:52:08] Compaction triggered.
[2026-07-07 19:52:08] Round 1 done.
[2026-07-07 19:52:08] ---- t64 round 2 ----
[2026-07-07 19:52:08] Cleaning pool juicefs-data (before: B objects)...
[2026-07-07 19:52:09] Pool cleanup done (after: B objects).
[2026-07-07 19:52:09] Compacting all OSDs...
[2026-07-07 19:52:20] Compaction triggered.
[2026-07-07 19:52:20]   osd.0: queue_len=0 running=0
[2026-07-07 19:52:21]   osd.1: queue_len=0 running=0
[2026-07-07 19:52:21]   osd.2: queue_len=0 running=0
[2026-07-07 19:52:22]   osd.3: queue_len=0 running=0
[2026-07-07 19:52:22]   osd.4: queue_len=0 running=0
[2026-07-07 19:52:23]   osd.5: queue_len=0 running=0
[2026-07-07 19:52:23] Health: HEALTH_OK
[2026-07-07 19:52:23] START bench: rados bench -p juicefs-data 300 write -b 256K -t 64 --no-cleanup
[2026-07-07 19:52:23] Output -> /home/turboai/production/results/backend-rados-fulldiag-20260708/exp1-concurrency/256k-t64-r2.txt
[2026-07-07 19:57:25] END bench: t64 r2
[2026-07-07 19:57:25] Cleaning pool juicefs-data (before: GiB objects)...
Removed 74445 objects
[2026-07-07 19:57:47] Pool cleanup done (after: MiB objects).
[2026-07-07 19:57:47] Compacting all OSDs...
[2026-07-07 19:57:58] Compaction triggered.
[2026-07-07 19:57:58] Round 2 done.
[2026-07-07 19:57:58] ---- t64 round 3 ----
[2026-07-07 19:57:58] Cleaning pool juicefs-data (before: B objects)...
[2026-07-07 19:57:59] Pool cleanup done (after: B objects).
[2026-07-07 19:57:59] Compacting all OSDs...
[2026-07-07 19:58:10] Compaction triggered.
[2026-07-07 19:58:10]   osd.0: queue_len=0 running=0
[2026-07-07 19:58:11]   osd.1: queue_len=0 running=0
[2026-07-07 19:58:11]   osd.2: queue_len=0 running=0
[2026-07-07 19:58:12]   osd.3: queue_len=0 running=0
[2026-07-07 19:58:12]   osd.4: queue_len=0 running=0
[2026-07-07 19:58:13]   osd.5: queue_len=0 running=0
[2026-07-07 19:58:13] Health: HEALTH_OK
[2026-07-07 19:58:14] START bench: rados bench -p juicefs-data 300 write -b 256K -t 64 --no-cleanup
[2026-07-07 19:58:14] Output -> /home/turboai/production/results/backend-rados-fulldiag-20260708/exp1-concurrency/256k-t64-r3.txt
[2026-07-07 20:03:15] END bench: t64 r3
[2026-07-07 20:03:15] Cleaning pool juicefs-data (before: GiB objects)...
Removed 71407 objects
[2026-07-07 20:03:34] Pool cleanup done (after: GiB objects).
[2026-07-07 20:03:34] Compacting all OSDs...
[2026-07-07 20:03:45] Compaction triggered.
[2026-07-07 20:03:45] Round 3 done.
[2026-07-07 20:03:45] ==========================================
[2026-07-07 20:03:45] 2A: concurrency=128
[2026-07-07 20:03:45] ==========================================
[2026-07-07 20:03:45] ---- t128 round 1 ----
[2026-07-07 20:03:45] Cleaning pool juicefs-data (before: B objects)...
[2026-07-07 20:03:45] Pool cleanup done (after: B objects).
[2026-07-07 20:03:45] Compacting all OSDs...
[2026-07-07 20:03:56] Compaction triggered.
[2026-07-07 20:03:57]   osd.0: queue_len=0 running=0
[2026-07-07 20:03:57]   osd.1: queue_len=0 running=0
[2026-07-07 20:03:58]   osd.2: queue_len=0 running=0
[2026-07-07 20:03:58]   osd.3: queue_len=0 running=0
[2026-07-07 20:03:59]   osd.4: queue_len=0 running=0
[2026-07-07 20:03:59]   osd.5: queue_len=0 running=0
[2026-07-07 20:04:00] Health: HEALTH_OK
[2026-07-07 20:04:00] START bench: rados bench -p juicefs-data 300 write -b 256K -t 128 --no-cleanup
[2026-07-07 20:04:00] Output -> /home/turboai/production/results/backend-rados-fulldiag-20260708/exp1-concurrency/256k-t128-r1.txt
[2026-07-07 20:09:01] END bench: t128 r1
[2026-07-07 20:09:01] Cleaning pool juicefs-data (before: GiB objects)...
Removed 70215 objects
[2026-07-07 20:09:21] Pool cleanup done (after: GiB objects).
[2026-07-07 20:09:21] Compacting all OSDs...
[2026-07-07 20:09:32] Compaction triggered.
[2026-07-07 20:09:32] Round 1 done.
[2026-07-07 20:09:32] ---- t128 round 2 ----
[2026-07-07 20:09:32] Cleaning pool juicefs-data (before: B objects)...
[2026-07-07 20:09:32] Pool cleanup done (after: B objects).
[2026-07-07 20:09:32] Compacting all OSDs...
[2026-07-07 20:09:43] Compaction triggered.
[2026-07-07 20:09:44]   osd.0: queue_len=0 running=0
[2026-07-07 20:09:44]   osd.1: queue_len=0 running=0
[2026-07-07 20:09:45]   osd.2: queue_len=0 running=0
[2026-07-07 20:09:45]   osd.3: queue_len=0 running=0
[2026-07-07 20:09:46]   osd.4: queue_len=0 running=0
[2026-07-07 20:09:46]   osd.5: queue_len=0 running=0
[2026-07-07 20:09:47] Health: HEALTH_OK
[2026-07-07 20:09:47] START bench: rados bench -p juicefs-data 300 write -b 256K -t 128 --no-cleanup
[2026-07-07 20:09:47] Output -> /home/turboai/production/results/backend-rados-fulldiag-20260708/exp1-concurrency/256k-t128-r2.txt
[2026-07-07 20:14:48] END bench: t128 r2
[2026-07-07 20:14:49] Cleaning pool juicefs-data (before: GiB objects)...
Removed 69281 objects
[2026-07-07 20:15:08] Pool cleanup done (after: GiB objects).
[2026-07-07 20:15:08] Compacting all OSDs...
[2026-07-07 20:15:20] Compaction triggered.
[2026-07-07 20:15:20] Round 2 done.
[2026-07-07 20:15:20] ---- t128 round 3 ----
[2026-07-07 20:15:20] Cleaning pool juicefs-data (before: B objects)...
[2026-07-07 20:15:20] Pool cleanup done (after: B objects).
[2026-07-07 20:15:20] Compacting all OSDs...
[2026-07-07 20:15:32] Compaction triggered.
[2026-07-07 20:15:32]   osd.0: queue_len=0 running=0
[2026-07-07 20:15:33]   osd.1: queue_len=0 running=0
[2026-07-07 20:15:33]   osd.2: queue_len=0 running=0
[2026-07-07 20:15:33]   osd.3: queue_len=0 running=0
[2026-07-07 20:15:34]   osd.4: queue_len=0 running=0
[2026-07-07 20:15:34]   osd.5: queue_len=0 running=0
[2026-07-07 20:15:35] Health: HEALTH_OK
[2026-07-07 20:15:35] START bench: rados bench -p juicefs-data 300 write -b 256K -t 128 --no-cleanup
[2026-07-07 20:15:35] Output -> /home/turboai/production/results/backend-rados-fulldiag-20260708/exp1-concurrency/256k-t128-r3.txt
[2026-07-07 20:20:36] END bench: t128 r3
[2026-07-07 20:20:36] Cleaning pool juicefs-data (before: GiB objects)...
Removed 70031 objects
[2026-07-07 20:20:57] Pool cleanup done (after: GiB objects).
[2026-07-07 20:20:57] Compacting all OSDs...
[2026-07-07 20:21:08] Compaction triggered.
[2026-07-07 20:21:08] Round 3 done.
[2026-07-07 20:21:08] ==============================================
[2026-07-07 20:21:08] Exp 2A: ALL CONCURRENCY SCANS COMPLETE
[2026-07-07 20:21:08] ==============================================
[2026-07-07 20:23:17] ==============================================
[2026-07-07 20:23:17] Exp 2B: Full read suite START (t64, 256K, 300s)
[2026-07-07 20:23:17] write data reused from 2A t64 r1/r2/r3
[2026-07-07 20:23:17] ==============================================
[2026-07-07 20:23:17] ==== SEQUENTIAL READ ====
[2026-07-07 20:23:17] ---- seq read round 1 ----
[2026-07-07 20:23:17] Cleaning pool juicefs-data...
[2026-07-07 20:23:18] Pool cleanup done.
[2026-07-07 20:23:18] Compacting all OSDs...
[2026-07-07 20:23:30] Health: HEALTH_OK
[2026-07-07 20:24:05] ==============================================
[2026-07-07 20:24:05] Exp 2B: Full read suite START (t64, 256K, 300s)
[2026-07-07 20:24:05] write data reused from 2A t64 r1/r2/r3
[2026-07-07 20:24:05] ==============================================
[2026-07-07 20:24:05] ==== SEQUENTIAL READ ====
[2026-07-07 20:24:05] ---- seq read round 1 ----
[2026-07-07 20:24:05] Cleaning pool juicefs-data...
[2026-07-07 20:24:05] Pool cleanup done.
[2026-07-07 20:24:05] Compacting all OSDs...
[2026-07-07 20:24:17] Health: HEALTH_OK
[2026-07-07 20:24:17] Prefilling pool (120s write, 256K, t16, --no-cleanup)...
hints = 1
Maintaining 16 concurrent writes of 262144 bytes to objects of size 262144 for up to 120 seconds or 0 objects
Object prefix: benchmark_data_tikv-node_3952154
  sec Cur ops   started  finished  avg MB/s  cur MB/s last lat(s)  avg lat(s)
    0       0         0         0         0         0           -           0
    1      16       453       437   109.227    109.25   0.0130161   0.0356609
    2      16       902       886   110.728    112.25    0.045939   0.0358033
    3      16      1349      1333   111.062    111.75   0.0703913   0.0357302
    4      16      1796      1780   111.229    111.75   0.0426623   0.0357708
    5      16      2243      2227    111.33    111.75   0.0286494   0.0357614
    6      16      2692      2676    111.48    112.25   0.0510834   0.0357738
    7      16      3139      3123   111.516    111.75   0.0255447   0.0357645
    8      16      3587      3571   111.574       112   0.0481168   0.0357528
    9      16      4032      4016   111.535    111.25   0.0432556    0.035761
   10      16      4483      4467   111.655    112.75   0.0624632   0.0357353
   11      16      4930      4914   111.662    111.75   0.0567363   0.0357503
   12      16      5379      5363   111.709    112.25   0.0163899   0.0357331
   13      16      5825      5809   111.691     111.5   0.0316967   0.0357518
   14      16      6275      6259   111.748     112.5   0.0404272   0.0357418
   15      16      6647      6631   110.497        93   0.0149745   0.0361204
   16      16      6844      6828   106.668     49.25  0.00974586   0.0373814
   17      16      7061      7045   103.584     54.25   0.0516502   0.0384841
   18      16      7283      7267   100.912      55.5   0.0123579   0.0395195
   19      16      7494      7478    98.377     52.75   0.0444477   0.0404634
2026-07-07T20:24:37.360139+0800 min lat: 0.00884571 max lat: 0.167544 avg lat: 0.0415044
  sec Cur ops   started  finished  avg MB/s  cur MB/s last lat(s)  avg lat(s)
   20      16      7725      7709   96.3451     57.75   0.0618992   0.0415044
   21      16      7933      7917   94.2328        52   0.0250083   0.0423022
   22      16      8163      8147   92.5626      57.5   0.0742149   0.0431965
   23      16      8368      8352   90.7661     51.25   0.0221671   0.0440062
   24      16      8588      8572   89.2755        55   0.0187985   0.0447656
   25      16      8809      8793    87.914     55.25   0.0218014   0.0454504
   26      16      9024      9008   86.5997     53.75   0.0210386   0.0461252
   27      16      9236      9220   85.3549        53   0.0126973   0.0468313
   28      16      9446      9430   84.1812      52.5     0.02314   0.0474191
   29      16      9660      9644   83.1229      53.5   0.0737956   0.0480157
   30      16      9888      9872   82.2518        57   0.0183904   0.0485519
   31      16     10099     10083   81.2999     52.75   0.0118196   0.0491648
   32      16     10310     10294   80.4075     52.75   0.0446448   0.0496508
   33      16     10528     10512   79.6221      54.5   0.0316839   0.0501498
   34      16     10750     10734   78.9124      55.5   0.0278159   0.0506325
   35      16     10950     10934    78.086        50   0.0175349   0.0511235
   36      16     11172     11156   77.4583      55.5    0.012378   0.0516193
   37      16     11389     11373   76.8308     54.25   0.0172723   0.0520328
   38      16     11589     11573   76.1245        50   0.0261703   0.0524246
   39      16     11796     11780   75.4993     51.75   0.0590347   0.0528817
2026-07-07T20:24:57.363623+0800 min lat: 0.00800305 max lat: 0.186027 avg lat: 0.0532464
  sec Cur ops   started  finished  avg MB/s  cur MB/s last lat(s)  avg lat(s)
   40      16     12017     12001    74.993     55.25   0.0202662   0.0532464
   41      16     12240     12224   74.5233     55.75   0.0156253   0.0536032
   42      16     12456     12440   74.0344        54   0.0209899   0.0539727
   43      16     12675     12659   73.5858     54.75     0.02345   0.0543022
   44      16     12891     12875   73.1404        54   0.0157975   0.0545959
   45      16     13125     13109   72.8148      58.5   0.0918524   0.0549266
   46      16     13341     13325   72.4056        54   0.0235471   0.0551974
   47      16     13555     13539   72.0032      53.5   0.0288402   0.0555058
   48      16     13776     13760    71.654     55.25   0.0173791   0.0557774
   49      16     13997     13981    71.319     55.25   0.0203944   0.0560419
   50      16     14208     14192   70.9474     52.75   0.0119884   0.0563509
   51      16     14427     14411   70.6297     54.75   0.0151492    0.056615
   52      16     14645     14629   70.3193      54.5   0.0915157   0.0568702
   53      16     14860     14844   70.0065     53.75   0.0965662   0.0571244
   54      16     15064     15048   69.6543        51   0.0167958   0.0573884
   55      16     15278     15262   69.3605      53.5   0.0247081   0.0575955
   56      16     15500     15484   69.1129      55.5    0.014566   0.0578262
   57      16     15712     15696   68.8301        53   0.0198536   0.0580352
   58      16     15921     15905    68.544     52.25   0.0261238   0.0582977
   59      16     16139     16123   68.3058      54.5   0.0391806   0.0584961
2026-07-07T20:25:17.367082+0800 min lat: 0.00784933 max lat: 0.206817 avg lat: 0.0586956
  sec Cur ops   started  finished  avg MB/s  cur MB/s last lat(s)  avg lat(s)
   60      16     16354     16338    68.063     53.75   0.0142895   0.0586956
   61      16     16568     16552   67.8241      53.5   0.0986305   0.0589686
   62      16     16779     16763   67.5808     52.75   0.0885112   0.0591793
   63      16     16991     16975   67.3493        53   0.0538566   0.0593379
   64      16     17215     17199   67.1718        56   0.0231671      0.0595
   65      16     17433     17417   66.9767      54.5   0.0174022   0.0596654
   66      16     17636     17620   66.7307     50.75   0.0128381   0.0599006
   67      16     17855     17839   66.5518     54.75   0.0248264   0.0600784
   68      16     18073     18057   66.3744      54.5   0.0796078   0.0602568
   69      16     18275     18259   66.1442      50.5   0.0198335   0.0604052
   70      16     18491     18475   65.9706        54   0.0181483   0.0605998
   71      16     18696     18680   65.7631     51.25   0.0896772   0.0607672
   72      16     18924     18908   65.6413        57   0.0310886   0.0609106
   73      16     19106     19090   65.3652      45.5   0.0823973   0.0611809
   74      16     19304     19288   65.1508      49.5   0.0214238   0.0613487
   75      16     19499     19483    64.932     48.75   0.0570521   0.0615252
   76      16     19745     19729   64.8867      61.5   0.0682555   0.0616253
   77      16     19950     19934   64.7095     51.25    0.070075   0.0617611
   78      16     20167     20151   64.5752     54.25   0.0202638   0.0618851
   79      16     20382     20366   64.4381     53.75   0.0373497   0.0620203
2026-07-07T20:25:37.370547+0800 min lat: 0.00714062 max lat: 0.219416 avg lat: 0.062152
  sec Cur ops   started  finished  avg MB/s  cur MB/s last lat(s)  avg lat(s)
   80      16     20600     20584   64.3137      54.5   0.0341142    0.062152
   81      16     20793     20777   64.1153     48.25   0.0840832   0.0623316
   82      16     21014     20998   64.0071     55.25   0.0157762   0.0624761
   83      16     21224     21208   63.8683      52.5   0.0191287   0.0625785
   84      16     21442     21426   63.7567      54.5   0.0897382   0.0626907
   85      16     21656     21640    63.636      53.5   0.0121238   0.0627979
   86      16     21881     21865   63.5499     56.25   0.0707515   0.0629296
   87      16     22098     22082   63.4429     54.25   0.0170104   0.0630193
   88      16     22307     22291   63.3156     52.25   0.0197296   0.0631217
   89      16     22513     22497   63.1828      51.5      0.0122   0.0632808
   90      16     22730     22714   63.0834     54.25   0.0673104   0.0633958
   91      16     22947     22931   62.9863     54.25   0.0420687   0.0634736
   92      16     23149     23133   62.8505      50.5    0.111294   0.0635834
   93      16     23371     23355   62.7713      55.5    0.022381    0.063657
   94      16     23602     23586   62.7178     57.75   0.0175332   0.0637628
   95      16     23818     23802   62.6259        54    0.013354   0.0638482
   96      16     24025     24009   62.5126     51.75   0.0191689   0.0639586
   97      16     24239     24223   62.4196      53.5   0.0194484   0.0640661
   98      16     24443     24427    62.303        51   0.0661291   0.0641429
   99      16     24669     24653   62.2442      56.5   0.0257668   0.0642284
2026-07-07T20:25:57.373913+0800 min lat: 0.00714062 max lat: 0.222551 avg lat: 0.0643559
  sec Cur ops   started  finished  avg MB/s  cur MB/s last lat(s)  avg lat(s)
  100      16     24861     24845   62.1017        48   0.0345906   0.0643559
  101      16     25073     25057   62.0115        53   0.0360401   0.0644548
  102      16     25301     25285   61.9623        57   0.0731725   0.0645468
  103      16     25518     25502   61.8873     54.25   0.0155017   0.0646036
  104      16     25739     25723   61.8234     55.25   0.0857791   0.0646891
  105      16     25952     25936   61.7417     53.25  0.00748842   0.0647737
  106      16     26161     26145    61.652     52.25   0.0457695   0.0648333
  107      16     26391     26375   61.6132      57.5   0.0351079   0.0648992
  108      16     26599     26583    61.524        52   0.0219421   0.0649689
  109      16     26815     26799    61.455        54    0.043851   0.0650478
  110      16     27042     27026   61.4121     56.75   0.0809484   0.0651226
  111      16     27238     27222   61.3002        49   0.0189949   0.0652376
  112      16     27448     27432   61.2216      52.5   0.0158624   0.0653215
  113      16     27663     27647   61.1554     53.75   0.0200657   0.0653797
  114      16     27876     27860   61.0859     53.25   0.0420064   0.0654271
  115      16     28095     28079   61.0308     54.75   0.0597686    0.065494
  116      16     28303     28287   60.9528        52   0.0138859   0.0655827
  117      16     28520     28504   60.8955     54.25   0.0370332   0.0656458
  118      16     28750     28734   60.8666      57.5   0.0867733   0.0657064
  119      16     28935     28919   60.7437     46.25   0.0153865   0.0658078
2026-07-07T20:26:17.377257+0800 min lat: 0.00714062 max lat: 0.222551 avg lat: 0.0658756
  sec Cur ops   started  finished  avg MB/s  cur MB/s last lat(s)  avg lat(s)
  120      10     29146     29136   60.6895     54.25   0.0840536   0.0658756
Total time run:         120.025
Total writes made:      29146
Write size:             262144
Object size:            262144
Bandwidth (MB/sec):     60.708
Stddev Bandwidth:       19.1296
Max bandwidth (MB/sec): 112.75
Min bandwidth (MB/sec): 45.5
Average IOPS:           242
Stddev IOPS:            76.5183
Max IOPS:               451
Min IOPS:               182
Average Latency(s):     0.0658823
Stddev Latency(s):      0.0326086
Max latency(s):         0.222551
Min latency(s):         0.00714062
[2026-07-07 20:26:18] Prefill done. Objects in pool: GiB
[2026-07-07 20:26:18] START: rados bench -p juicefs-data 300 seq -b 256K -t 64
[2026-07-07 20:26:18] Output -> /home/turboai/production/results/backend-rados-fulldiag-20260708/exp1-fullset/seq-read-256k-t64-r1.txt
[2026-07-07 20:46:30] ==============================================
[2026-07-07 20:46:30] Exp 2B: Full read suite START (t64, 256K, 300s)
[2026-07-07 20:46:30] write data reused from 2A t64 r1/r2/r3
[2026-07-07 20:46:30] ==============================================
[2026-07-07 20:46:30] ==== SEQUENTIAL READ ====
[2026-07-07 20:46:30] ---- seq read round 1 ----
[2026-07-07 20:46:30] Cleaning pool juicefs-data...
Removed 29146 objects
[2026-07-07 20:46:34] Pool cleanup done.
[2026-07-07 20:46:34] Compacting all OSDs...
[2026-07-07 20:46:46] Health: HEALTH_OK
[2026-07-07 20:46:46] Prefilling pool (120s write, 256K, t16, --no-cleanup)...
hints = 1
Maintaining 16 concurrent writes of 262144 bytes to objects of size 262144 for up to 120 seconds or 0 objects
Object prefix: benchmark_data_tikv-node_4069618
  sec Cur ops   started  finished  avg MB/s  cur MB/s last lat(s)  avg lat(s)
    0       0         0         0         0         0           -           0
    1      16       457       441   110.239    110.25   0.0599025   0.0355733
    2      16       902       886   110.736    111.25   0.0160876   0.0357442
    3      16      1349      1333   111.068    111.75   0.0572157   0.0357801
    4      16      1796      1780   111.235    111.75   0.0191592   0.0357625
    5      16      2243      2227   111.334    111.75   0.0137255   0.0357475
    6      16      2690      2674     111.4    111.75   0.0805063   0.0357546
    7      16      3138      3122   111.483       112   0.0587116   0.0357662
    8      16      3584      3568   111.482     111.5   0.0252401   0.0357491
    9      16      4032      4016   111.538       112   0.0246158   0.0357712
   10      16      4478      4462   111.532     111.5   0.0676565    0.035771
   11      16      4759      4743   107.778     70.25   0.0503396   0.0369309
   12      16      4968      4952    103.15     52.25   0.0162017   0.0385233
   13      16      5197      5181   99.6185     57.25   0.0967451   0.0400925
   14      16      5409      5393   96.2882        53   0.0819354   0.0413397
   15      16      5624      5608   93.4515     53.75   0.0439856   0.0426498
   16      16      5835      5819    90.907     52.75   0.0200544   0.0438763
   17      16      6049      6033   88.7059      53.5   0.0385491    0.044951
   18      16      6268      6252    86.819     54.75    0.040459   0.0459397
   19      16      6460      6444   84.7756        48   0.0219645   0.0470764
2026-07-07T20:47:06.588376+0800 min lat: 0.00751927 max lat: 0.220271 avg lat: 0.047968
  sec Cur ops   started  finished  avg MB/s  cur MB/s last lat(s)  avg lat(s)
   20      16      6676      6660   83.2364        54   0.0179305    0.047968
   21      16      6898      6882    81.915      55.5   0.0163468    0.048784
   22      16      7114      7098   80.6457        54   0.0233942   0.0495236
   23      16      7309      7293   79.2586     48.75   0.0799377    0.050308
   24      16      7537      7521   78.3308        57   0.0550546   0.0510434
   25      16      7758      7742   77.4072     55.25   0.0758097   0.0516522
   26      16      7952      7936   76.2952      48.5   0.0515751   0.0522723
   27      16      8163      8147   75.4228     52.75   0.0334095   0.0528934
   28      16      8392      8376   74.7734     57.25   0.0241672   0.0534446
   29      16      8604      8588   74.0222        53   0.0193079    0.053973
   30      16      8821      8805   73.3628     54.25   0.0784638   0.0544974
   31      16      9035      9019   72.7218      53.5   0.0812742   0.0549834
   32      16      9241      9225   72.0583      51.5   0.0228135   0.0553851
   33      16      9457      9441   71.5108        54   0.0542865   0.0558406
   34      16      9660      9644   70.8998     50.75   0.0130369   0.0563857
   35      16      9852      9836   70.2452        48   0.0177512   0.0568085
   36      16     10054     10038   69.6966      50.5   0.0516176   0.0572831
   37      16     10266     10250   69.2452        53   0.0271597   0.0576945
   38      16     10452     10436   68.6465      46.5    0.018128   0.0581445
   39      16     10669     10653   68.2771     54.25   0.0222884   0.0585373
2026-07-07T20:47:26.591737+0800 min lat: 0.00747303 max lat: 0.220271 avg lat: 0.058825
  sec Cur ops   started  finished  avg MB/s  cur MB/s last lat(s)  avg lat(s)
   40      16     10882     10866   67.9012     53.25   0.0216613    0.058825
   41      16     11088     11072   67.5009      51.5    0.129013   0.0591641
   42      16     11297     11281   67.1376     52.25   0.0211196   0.0594657
   43      16     11516     11500   66.8492     54.75   0.0542736   0.0597445
   44      16     11745     11729   66.6308     57.25   0.0148615   0.0600045
   45      16     11953     11937   66.3054        52   0.0226239   0.0602798
   46      16     12165     12149    66.016        53   0.0159625   0.0605422
   47      16     12386     12370   65.7867     55.25   0.0151992   0.0607637
   48      16     12607     12591    65.567     55.25    0.088175    0.060992
   49      16     12801     12785   65.2185      48.5   0.0288162   0.0612636
   50      16     13023     13007    65.024      55.5   0.0660788   0.0614994
   51      16     13242     13226   64.8223     54.75    0.019217   0.0616795
   52      16     13460     13444   64.6236      54.5   0.0163819   0.0618483
   53      16     13653     13637   64.3145     48.25   0.0178491   0.0621367
   54      16     13866     13850   64.1094     53.25   0.0325679   0.0623527
   55      16     14079     14063   63.9118     53.25    0.043858   0.0625296
   56      16     14304     14288   63.7748     56.25   0.0146472   0.0626836
   57      16     14500     14484   63.5154        49   0.0223931   0.0629205
   58      16     14712     14696    63.334        53   0.0218276   0.0631038
   59      16     14930     14914   63.1841      54.5   0.0191938    0.063273
2026-07-07T20:47:46.595422+0800 min lat: 0.00747303 max lat: 0.265305 avg lat: 0.063464
  sec Cur ops   started  finished  avg MB/s  cur MB/s last lat(s)  avg lat(s)
   60      16     15131     15115   62.9683     50.25   0.0216048    0.063464
   61      16     15349     15333   62.8293      54.5   0.0174896    0.063636
   62      16     15558     15542   62.6585     52.25   0.0291179   0.0637804
   63      16     15784     15768   62.5606      56.5   0.0158408   0.0638934
   64      16     15979     15963   62.3447     48.75   0.0596058   0.0640672
   65      16     16195     16179   62.2162        54    0.017285   0.0642293
   66      16     16409     16393   62.0839      53.5   0.0353553   0.0643641
   67      16     16637     16621   62.0079        57   0.0225508   0.0644751
   68      16     16830     16814   61.8054     48.25   0.0852001   0.0646513
   69      16     17046     17030   61.6922        54   0.0111072    0.064811
   70      16     17261     17245   61.5786     53.75   0.0204787   0.0649087
   71      16     17480     17464   61.4823     54.75   0.0276023   0.0649957
   72      16     17684     17668   61.3366        51   0.0675959   0.0651287
   73      16     17910     17894   61.2703      56.5   0.0188327    0.065265
   74      16     18122     18106   61.1584        53   0.0368975   0.0653534
   75      16     18314     18298   60.9828        48   0.0200952   0.0655129
   76      16     18528     18512   60.8842      53.5   0.0170887   0.0656492
   77      16     18738     18722   60.7752      52.5   0.0212432    0.065787
   78      16     18939     18923   60.6402     50.25   0.0259412   0.0658954
   79      16     19139     19123   60.5054        50   0.0515997    0.066061
2026-07-07T20:48:06.598884+0800 min lat: 0.00747303 max lat: 0.265305 avg lat: 0.06618
  sec Cur ops   started  finished  avg MB/s  cur MB/s last lat(s)  avg lat(s)
   80      16     19356     19340   60.4271     54.25   0.0747376     0.06618
   81      16     19576     19560     60.36        55   0.0257279   0.0662435
   82      16     19793     19777   60.2854     54.25   0.0140661   0.0663168
   83      16     19998     19982   60.1764     51.25   0.0696759   0.0664537
   84      16     20197     20181   60.0522     49.75   0.0229255   0.0665453
   85      16     20419     20403   59.9985      55.5   0.0240336   0.0666061
   86      16     20647     20631   59.9636        57   0.0905725   0.0666893
   87      16     20845     20829   59.8432      49.5   0.0342906   0.0667917
   88      16     21060     21044   59.7738     53.75    0.019328   0.0668786
   89      16     21277     21261   59.7117     54.25   0.0270904   0.0669541
   90      16     21472     21456   59.5898     48.75   0.0153798   0.0670422
   91      16     21686     21670   59.5228      53.5    0.018848   0.0671414
   92      16     21903     21887   59.4654     54.25   0.0157756   0.0672219
   93      16     22123     22107   59.4172        55   0.0239825   0.0672729
   94      16     22333     22317   59.3435      52.5   0.0172609   0.0673891
   95      16     22544     22528    59.274     52.75   0.0140117   0.0674675
   96      16     22757     22741   59.2112     53.25   0.0370109   0.0675293
   97      16     22975     22959   59.1625      54.5    0.025221   0.0675658
   98      16     23181     23165   59.0843      51.5   0.0275216    0.067679
   99      16     23388     23372   59.0101     51.75   0.0149875   0.0677621
2026-07-07T20:48:26.602248+0800 min lat: 0.00747303 max lat: 0.265305 avg lat: 0.0678103
  sec Cur ops   started  finished  avg MB/s  cur MB/s last lat(s)  avg lat(s)
  100      16     23593     23577   58.9324     51.25   0.0883457   0.0678103
  101      16     23806     23790    58.876     53.25    0.015095   0.0678624
  102      16     24017     24001   58.8159     52.75   0.0242111   0.0679794
  103      15     24223     24208   58.7472     51.75   0.0726777   0.0680417
  104      16     24441     24425   58.7039     54.25   0.0525678   0.0680829
  105      16     24658     24642   58.6614     54.25   0.0130693   0.0681752
  106      16     24854     24838   58.5702        49    0.021009   0.0682445
  107      16     25069     25053    58.525     53.75   0.0227931   0.0683295
  108      16     25299     25283   58.5154      57.5   0.0173921   0.0683332
  109      16     25502     25486   58.4441     50.75   0.0518794   0.0684005
  110      16     25717     25701   58.4014     53.75   0.0186351   0.0684603
  111      16     25924     25908   58.3414     51.75   0.0449869   0.0685095
  112      16     26159     26143   58.3449     58.75   0.0392284   0.0685482
  113      16     26347     26331   58.2445        47   0.0308288   0.0686526
  114      16     26564     26548   58.2087     54.25   0.0133764   0.0687041
  115      16     26769     26753   58.1481     51.25   0.0280405   0.0687349
  116      16     27001     26985   58.1468        58   0.0978854   0.0687798
  117      16     27178     27162   58.0279     44.25   0.0177475   0.0688743
  118      16     27390     27374   57.9852        53   0.0192912   0.0689427
  119      16     27606     27590   57.9517        54    0.103811   0.0690163
2026-07-07T20:48:46.606830+0800 min lat: 0.00747303 max lat: 0.265305 avg lat: 0.0690709
  sec Cur ops   started  finished  avg MB/s  cur MB/s last lat(s)  avg lat(s)
  120      16     27799     27783   57.8708     48.25    0.014504   0.0690709
Total time run:         120.047
Total writes made:      27799
Write size:             262144
Object size:            262144
Bandwidth (MB/sec):     57.892
Stddev Bandwidth:       16.5363
Max bandwidth (MB/sec): 112
Min bandwidth (MB/sec): 44.25
Average IOPS:           231
Stddev IOPS:            66.1452
Max IOPS:               448
Min IOPS:               177
Average Latency(s):     0.0690893
Stddev Latency(s):      0.0323227
Max latency(s):         0.265305
Min latency(s):         0.00747303
[2026-07-07 20:48:47] Prefill done. Objects in pool: GiB
[2026-07-07 20:48:48] START: rados bench -p juicefs-data 300 seq -t 64 (reads 256K objects from prefill)
[2026-07-07 20:48:48] Output -> /home/turboai/production/results/backend-rados-fulldiag-20260708/exp1-fullset/seq-read-256k-t64-r1.txt
[2026-07-07 20:49:55] END: seq read r1
[2026-07-07 20:49:55] ---- seq read round 2 ----
[2026-07-07 20:49:55] Compacting all OSDs...
[2026-07-07 20:50:07] Health: HEALTH_OK
[2026-07-07 20:50:07] START: rados bench -p juicefs-data 300 seq -t 64 (reads 256K objects from prefill)
[2026-07-07 20:50:07] Output -> /home/turboai/production/results/backend-rados-fulldiag-20260708/exp1-fullset/seq-read-256k-t64-r2.txt
[2026-07-07 20:51:10] END: seq read r2
[2026-07-07 20:51:10] ---- seq read round 3 ----
[2026-07-07 20:51:10] Compacting all OSDs...
[2026-07-07 20:51:22] Health: HEALTH_OK
[2026-07-07 20:51:23] START: rados bench -p juicefs-data 300 seq -t 64 (reads 256K objects from prefill)
[2026-07-07 20:51:23] Output -> /home/turboai/production/results/backend-rados-fulldiag-20260708/exp1-fullset/seq-read-256k-t64-r3.txt
[2026-07-07 20:52:26] END: seq read r3
[2026-07-07 20:52:26] Cleaning pool juicefs-data...
Removed 27799 objects
[2026-07-07 20:52:31] Pool cleanup done.
[2026-07-07 20:52:31] ==== RANDOM READ ====
[2026-07-07 20:52:31] ---- rand read round 1 ----
[2026-07-07 20:52:31] Cleaning pool juicefs-data...
[2026-07-07 20:52:31] Pool cleanup done.
[2026-07-07 20:52:31] Compacting all OSDs...
[2026-07-07 20:52:43] Health: HEALTH_OK
[2026-07-07 20:52:43] Prefilling pool (120s write, 256K, t16, --no-cleanup)...
hints = 1
Maintaining 16 concurrent writes of 262144 bytes to objects of size 262144 for up to 120 seconds or 0 objects
Object prefix: benchmark_data_tikv-node_4101124
  sec Cur ops   started  finished  avg MB/s  cur MB/s last lat(s)  avg lat(s)
    0       0         0         0         0         0           -           0
    1      16       457       441   110.236    110.25   0.0409869   0.0356956
    2      16       900       884   110.483    110.75   0.0230845   0.0357499
    3      16      1351      1335   111.233    112.75   0.0225417   0.0357205
    4      16      1799      1783   111.421       112   0.0748371   0.0357052
    5      16      2247      2231   111.534       112   0.0258083   0.0357102
    6      16      2694      2678   111.568    111.75   0.0378598   0.0357473
    7      16      3138      3122   111.485       111   0.0344532   0.0357639
    8      16      3510      3494   109.172        93   0.0210706     0.03648
    9      16      3701      3685   102.346     47.75   0.0936515   0.0387867
   10      16      3913      3897   97.4113        53   0.0880014   0.0407922
   11      16      4145      4129   93.8277        58   0.0179924   0.0425537
   12      16      4336      4320   89.9875     47.75   0.0162927   0.0440612
   13      16      4551      4535   87.1992     53.75   0.0176025    0.045671
   14      16      4764      4748   84.7737     53.25   0.0883153   0.0470747
   15      16      4976      4960   82.6547        53   0.0653403   0.0481576
   16      16      5192      5176   80.8634        54   0.0766937   0.0492619
   17      16      5418      5402   79.4299      56.5   0.0506499   0.0502239
   18      16      5640      5624      78.1      55.5   0.0265884   0.0510906
   19      16      5854      5838   76.8048      53.5   0.0257396   0.0518861
2026-07-07T20:53:03.411124+0800 min lat: 0.0086983 max lat: 0.149628 avg lat: 0.0527632
  sec Cur ops   started  finished  avg MB/s  cur MB/s last lat(s)  avg lat(s)
   20      16      6064      6048   75.5892      52.5   0.0228409   0.0527632
   21      16      6282      6266   74.5845      54.5   0.0210941   0.0535666
   22      16      6497      6481   73.6371     53.75   0.0162092   0.0542266
   23      16      6709      6693   72.7394        53   0.0140878   0.0548529
   24      16      6915      6899    71.854      51.5   0.0124704   0.0555995
   25      16      7114      7098   70.9696     49.75   0.0740222   0.0561945
   26      16      7336      7320   70.3742      55.5   0.0182423   0.0567174
   27      16      7546      7530   69.7119      52.5   0.0194812   0.0571655
   28      16      7759      7743   69.1238     53.25   0.0430995   0.0577414
   29      16      7973      7957   68.5847      53.5   0.0167769   0.0581993
   30      16      8189      8173   68.0982        54   0.0369956   0.0585822
   31      16      8403      8387    67.627      53.5   0.0165338   0.0590782
   32      16      8614      8598   67.1618     52.75   0.0943689   0.0595299
   33      16      8823      8807   66.7097     52.25   0.0512857   0.0598225
   34      16      9042      9026   66.3577     54.75   0.0165329   0.0601677
   35      16      9242      9226   65.8901        50   0.0233487   0.0605973
   36      16      9452      9436   65.5179      52.5   0.0176659   0.0609576
   37      16      9660      9644   65.1522        52   0.0163269   0.0612613
   38      16      9882      9866    64.898      55.5   0.0245186    0.061538
   39      16     10088     10072   64.5543      51.5   0.0203772   0.0619011
2026-07-07T20:53:23.414331+0800 min lat: 0.00740305 max lat: 0.15031 avg lat: 0.0622068
  sec Cur ops   started  finished  avg MB/s  cur MB/s last lat(s)  avg lat(s)
   40      16     10297     10281   64.2465     52.25   0.0319133   0.0622068
   41      16     10517     10501   64.0205        55   0.0997014   0.0624621
   42      16     10713     10697   63.6625        49     0.11272    0.062681
   43      16     10935     10919   63.4725      55.5   0.0344837   0.0630063
   44      16     11144     11128   63.2173     52.25   0.0918835   0.0632301
   45      16     11361     11345   63.0178     54.25   0.0298925   0.0633978
   46      16     11558     11542   62.7184     49.25     0.04809   0.0636776
   47      16     11779     11763   62.5593     55.25   0.0197705   0.0639045
   48      16     11995     11979   62.3808        54   0.0171484    0.064097
   49      16     12211     12195   62.2096        54   0.0114609   0.0642673
   50      16     12409     12393   61.9553      49.5   0.0186469   0.0644912
   51      16     12626     12610   61.8041     54.25   0.0725306   0.0646982
   52      16     12836     12820    61.625      52.5   0.0224895   0.0648521
   53      16     13055     13039   61.4951     54.75    0.018026   0.0650014
   54      16     13254     13238   61.2774     49.75   0.0191306   0.0651883
   55      16     13468     13452   61.1359      53.5   0.0191505   0.0653622
   56      16     13691     13675   61.0395     55.75     0.01997   0.0654882
   57      16     13905     13889   60.9071      53.5   0.0166447   0.0655796
   58      16     14101     14085   60.7016        49   0.0194572   0.0657915
   59      16     14317     14301   60.5879        54   0.0512191   0.0659532
2026-07-07T20:53:43.417763+0800 min lat: 0.00720761 max lat: 0.193177 avg lat: 0.066059
  sec Cur ops   started  finished  avg MB/s  cur MB/s last lat(s)  avg lat(s)
   60      16     14545     14529   60.5279        57   0.0807194    0.066059
   61      16     14752     14736   60.3839     51.75   0.0274259   0.0661957
   62      16     14962     14946   60.2566      52.5    0.016187   0.0663587
   63      16     15174     15158   60.1413        53   0.0359068    0.066473
   64      16     15390     15374   60.0452        54   0.0126825   0.0665808
   65      16     15602     15586   59.9366        53   0.0169964   0.0667178
   66      16     15808     15792   59.8087      51.5   0.0192811   0.0668304
   67      16     16018     16002   59.6995      52.5   0.0459035   0.0669376
   68      16     16236     16220   59.6229      54.5   0.0948288   0.0670187
   69      16     16441     16425   59.5014     51.25   0.0266172   0.0671854
   70      16     16651     16635   59.4012      52.5   0.0207871   0.0673061
   71      16     16862     16846   59.3075     52.75   0.0393607   0.0673892
   72      16     17085     17069   59.2579     55.75   0.0120998   0.0674769
   73      16     17285     17269    59.131        50   0.0173341   0.0676261
   74      16     17485     17469   59.0075        50   0.0838193   0.0677254
   75      16     17704     17688   58.9506     54.75   0.0228181   0.0677741
   76      16     17920     17904   58.8853        54    0.129022   0.0678941
   77      16     18131     18115   58.8055     52.75   0.0175163   0.0679939
   78      16     18340     18324   58.7213     52.25   0.0201757   0.0680663
   79      16     18553     18537   58.6519     53.25   0.0229063   0.0681211
2026-07-07T20:54:03.421182+0800 min lat: 0.00720761 max lat: 0.235049 avg lat: 0.0682412
  sec Cur ops   started  finished  avg MB/s  cur MB/s last lat(s)  avg lat(s)
   80      16     18769     18753   58.5937        54   0.0181978   0.0682412
   81      16     18978     18962   58.5152     52.25   0.0145564   0.0683312
   82      16     19176     19160   58.4052      49.5   0.0511248   0.0684282
   83      16     19404     19388   58.3881        57   0.0879015   0.0684964
   84      16     19607     19591   58.2971     50.75   0.0853875   0.0686064
   85      16     19802     19786   58.1846     48.75   0.0174972   0.0686743
   86      16     20024     20008   58.1533      55.5   0.0294355   0.0687407
   87      16     20250     20234   58.1342      56.5   0.0228746   0.0687823
   88      16     20439     20423   58.0104     47.25    0.042803   0.0688936
   89      16     20647     20631   57.9428        52    0.025327   0.0689716
   90      16     20870     20854   57.9183     55.75   0.0978664   0.0690542
   91      16     21082     21066   57.8641        53   0.0125071   0.0690984
   92      16     21284     21268    57.784      50.5   0.0261646   0.0691867
   93      16     21504     21488    57.754        55   0.0709071   0.0692524
   94      16     21703     21687   57.6687     49.75   0.0436616   0.0692996
   95      16     21904     21888   57.5906     50.25    0.106452   0.0693544
   96      16     22119     22103   57.5505     53.75   0.0186359    0.069458
   97      16     22332     22316   57.5061     53.25   0.0234719   0.0695175
   98      16     22545     22529   57.4625     53.25   0.0292637   0.0695688
   99      16     22751     22735   57.4022      51.5   0.0138088   0.0696564
2026-07-07T20:54:23.424608+0800 min lat: 0.00719409 max lat: 0.235049 avg lat: 0.0697108
  sec Cur ops   started  finished  avg MB/s  cur MB/s last lat(s)  avg lat(s)
  100      16     22950     22934   57.3256     49.75   0.0299288   0.0697108
  101      16     23165     23149   57.2901     53.75   0.0267785   0.0697541
  102      16     23386     23370     57.27     55.25   0.0447944   0.0698024
  103      16     23583     23567   57.1921     49.25   0.0372858   0.0698811
  104      16     23789     23773   57.1372      51.5   0.0218401    0.069947
  105      16     24002     23986   57.1001     53.25   0.0183786   0.0699955
  106      16     24219     24203   57.0731     54.25   0.0851238   0.0700316
  107      16     24433     24417   57.0397      53.5   0.0958239   0.0701114
  108      16     24643     24627   56.9976      52.5   0.0813927   0.0701685
  109      16     24849     24833   56.9471      51.5   0.0153738   0.0701905
  110      16     25045     25029   56.8747        49   0.0154197   0.0702472
  111      16     25262     25246    56.851     54.25   0.0363893   0.0703221
  112      16     25482     25466   56.8344        55   0.0172298   0.0703657
  113      16     25683     25667    56.776     50.25   0.0445444   0.0703968
  114      16     25907     25891   56.7692        56   0.0795376   0.0704514
  115      16     26105     26089   56.7059      49.5   0.0860847   0.0704834
  116      16     26317     26301   56.6739        53   0.0936951   0.0705725
  117      15     26517     26502   56.6189     50.25   0.0892586   0.0705962
  118      16     26738     26722   56.6051        55   0.0932906   0.0706535
  119      16     26943     26927     56.56     51.25   0.0886751   0.0706883
2026-07-07T20:54:43.427999+0800 min lat: 0.00719409 max lat: 0.235049 avg lat: 0.0707202
  sec Cur ops   started  finished  avg MB/s  cur MB/s last lat(s)  avg lat(s)
  120      16     27151     27135    56.522        52   0.0386841   0.0707202
Total time run:         120.037
Total writes made:      27151
Write size:             262144
Object size:            262144
Bandwidth (MB/sec):     56.5471
Stddev Bandwidth:       14.3831
Max bandwidth (MB/sec): 112.75
Min bandwidth (MB/sec): 47.25
Average IOPS:           226
Stddev IOPS:            57.5325
Max IOPS:               451
Min IOPS:               189
Average Latency(s):     0.0707328
Stddev Latency(s):      0.0317482
Max latency(s):         0.235049
Min latency(s):         0.00719409
[2026-07-07 20:54:44] Prefill done. Objects in pool: GiB
[2026-07-07 20:54:44] START: rados bench -p juicefs-data 300 rand -t 64 (reads 256K objects from prefill)
[2026-07-07 20:54:44] Output -> /home/turboai/production/results/backend-rados-fulldiag-20260708/exp1-fullset/rand-read-256k-t64-r1.txt
[2026-07-07 20:59:45] END: rand read r1
[2026-07-07 20:59:45] ---- rand read round 2 ----
[2026-07-07 20:59:45] Compacting all OSDs...
[2026-07-07 20:59:57] Health: HEALTH_OK
[2026-07-07 20:59:58] START: rados bench -p juicefs-data 300 rand -t 64 (reads 256K objects from prefill)
[2026-07-07 20:59:58] Output -> /home/turboai/production/results/backend-rados-fulldiag-20260708/exp1-fullset/rand-read-256k-t64-r2.txt
[2026-07-07 21:04:59] END: rand read r2
[2026-07-07 21:04:59] ---- rand read round 3 ----
[2026-07-07 21:04:59] Compacting all OSDs...
[2026-07-07 21:05:11] Health: HEALTH_OK
[2026-07-07 21:05:11] START: rados bench -p juicefs-data 300 rand -t 64 (reads 256K objects from prefill)
[2026-07-07 21:05:11] Output -> /home/turboai/production/results/backend-rados-fulldiag-20260708/exp1-fullset/rand-read-256k-t64-r3.txt
[2026-07-07 21:10:12] END: rand read r3
[2026-07-07 21:10:12] Cleaning pool juicefs-data...
Removed 27151 objects
[2026-07-07 21:10:18] Pool cleanup done.
[2026-07-07 21:10:18] Compacting all OSDs...
[2026-07-07 21:10:30] Health: HEALTH_OK
[2026-07-07 21:10:30] ==============================================
[2026-07-07 21:10:30] Exp 2B: ALL READ TESTS COMPLETE
[2026-07-07 21:10:30] ==============================================
[2026-07-07 21:13:33] ==== SEQ READ REDO (prefill=600s) ====
[2026-07-07 21:13:33] Cleaning pool...
[2026-07-07 21:13:33] Cleanup done.
[2026-07-07 21:13:33] Compacting all OSDs...
[2026-07-07 21:13:45] Health: HEALTH_OK
[2026-07-07 21:13:45] Prefilling 600s write -b 256K -t 16 --no-cleanup...
hints = 1
Maintaining 16 concurrent writes of 262144 bytes to objects of size 262144 for up to 600 seconds or 0 objects
Object prefix: benchmark_data_tikv-node_17385
  sec Cur ops   started  finished  avg MB/s  cur MB/s last lat(s)  avg lat(s)
    0       0         0         0         0         0           -           0
    1      16       456       440   109.986       110    0.033491   0.0352505
    2      16       904       888   110.985       112   0.0187235   0.0356268
    3      16      1350      1334    111.15     111.5   0.0522092   0.0357227
    4      16      1797      1781   111.295    111.75   0.0314566   0.0357616
    5      16      2243      2227   111.332     111.5   0.0498081   0.0357782
    6      16      2691      2675    111.44       112   0.0335552   0.0357601
    7      16      3136      3120   111.411    111.25   0.0156491   0.0357323
    8      16      3586      3570   111.545     112.5   0.0362079   0.0357603
    9      16      4035      4019   111.621    112.25    0.025861   0.0357498
   10      16      4482      4466   111.632    111.75   0.0674972   0.0357558
   11      16      4759      4743   107.778     69.25   0.0196566    0.036968
   12      16      4975      4959   103.296        54   0.0160532   0.0386687
   13      16      5189      5173   99.4651      53.5   0.0535894   0.0401683
   14      16      5402      5386   96.1633     53.25   0.0297384   0.0414636
   15      16      5597      5581   93.0018     48.75   0.0504518   0.0428193
   16      16      5806      5790   90.4541     52.25   0.0177315   0.0440557
   17      16      6020      6004   88.2798      53.5   0.0788952   0.0451539
   18      16      6238      6222   86.4027      54.5    0.020121   0.0461653
   19      16      6462      6446   84.8019        56    0.014533   0.0470631
2026-07-07T21:14:05.966823+0800 min lat: 0.00800607 max lat: 0.215816 avg lat: 0.0479763
  sec Cur ops   started  finished  avg MB/s  cur MB/s last lat(s)  avg lat(s)
   20      16      6678      6662   83.2613        54   0.0160049   0.0479763
   21      16      6893      6877   81.8555     53.75   0.0178729   0.0487732
   22      16      7114      7098   80.6458     55.25   0.0797843   0.0495713
   23      16      7314      7298    79.313        50   0.0202367   0.0503612
   24      16      7520      7504   78.1538      51.5   0.0241893   0.0511359
   25      16      7725      7709   77.0772     51.25   0.0913009   0.0518663
   26      16      7908      7892   75.8719     45.75    0.106111   0.0524798
   27      16      8120      8104   75.0245        53   0.0156343   0.0531943
   28      16      8333      8317   74.2465     53.25   0.0362672   0.0537703
   29      16      8549      8533   73.5481        54   0.0168362   0.0542748
   30      16      8759      8743   72.8462      52.5   0.0142107   0.0548799
   31      16      8957      8941   72.0928      49.5    0.017745   0.0553411
   32      16      9179      9163    71.574      55.5   0.0170704   0.0558007
   33      16      9402      9386    71.094     55.75   0.0171705    0.056228
   34      16      9590      9574   70.3852        47   0.0341834   0.0567339
   35      16      9806      9790   69.9168        54   0.0363949   0.0571509
   36      16     10019     10003   69.4535     53.25    0.017305    0.057491
   37      16     10218     10202   68.9208     49.75   0.0189549   0.0578687
   38      16     10454     10438   68.6595        59   0.0940787   0.0581443
   39      16     10664     10648    68.245      52.5   0.0207283   0.0585001
2026-07-07T21:14:25.970218+0800 min lat: 0.00736133 max lat: 0.215816 avg lat: 0.0588414
  sec Cur ops   started  finished  avg MB/s  cur MB/s last lat(s)  avg lat(s)
   40      16     10881     10865   67.8949     54.25   0.0347207   0.0588414
   41      16     11096     11080   67.5496     53.75   0.0699066   0.0591151
   42      16     11303     11287   67.1732     51.75   0.0967843   0.0595321
   43      16     11502     11486   66.7678     49.75   0.0246594   0.0597881
   44      16     11715     11699   66.4603     53.25   0.0390543   0.0600739
   45      16     11933     11917   66.1944      54.5   0.0124668   0.0603495
   46      16     12139     12123   65.8747      51.5   0.0953915   0.0606741
   47      16     12354     12338   65.6166     53.75    0.100537   0.0609526
   48      16     12569     12553   65.3692     53.75   0.0188728   0.0611466
   49      16     12770     12754   65.0605     50.25   0.0138187    0.061428
   50      16     12978     12962   64.7991        52   0.0113601   0.0616644
   51      16     13191     13175   64.5725     53.25   0.0262783   0.0618871
   52      16     13401     13385   64.3401      52.5   0.0722436   0.0620733
   53      16     13614     13598   64.1307     53.25   0.0865722    0.062322
   54      16     13825     13809   63.9197     52.75   0.0783365   0.0625526
   55      16     14029     14013   63.6847        51   0.0670484     0.06274
   56      16     14249     14233   63.5294        55   0.0146182   0.0629034
   57      16     14448     14432   63.2875     49.75   0.0399109   0.0631323
   58      16     14662     14646   63.1186      53.5    0.014272   0.0633418
   59      16     14862     14846   62.8961        50   0.0196337   0.0635008
2026-07-07T21:14:45.973761+0800 min lat: 0.00736133 max lat: 0.215816 avg lat: 0.0636394
  sec Cur ops   started  finished  avg MB/s  cur MB/s last lat(s)  avg lat(s)
   60      16     15088     15072   62.7893      56.5   0.0235522   0.0636394
   61      16     15283     15267    62.559     48.75   0.0436115   0.0638564
   62      16     15494     15478   62.4006     52.75    0.051689    0.064016
   63      16     15704     15688   62.2433      52.5   0.0224234   0.0641421
   64      16     15930     15914   62.1534      56.5     0.01451     0.06428
   65      16     16131     16115   61.9702     50.25   0.0157465   0.0644948
   66      16     16340     16324   61.8228     52.25   0.0142397   0.0646473
   67      16     16549     16533   61.6798     52.25   0.0883496   0.0647684
   68      16     16753     16737   61.5226        51   0.0194766   0.0649494
   69      16     16964     16948   61.3954     52.75   0.0420672   0.0650536
   70      16     17185     17169   61.3074     55.25    0.011661   0.0651919
   71      16     17407     17391   61.2255      55.5   0.0106729   0.0652964
   72      16     17614     17598   61.0937     51.75   0.0137661   0.0654562
   73      16     17816     17800   60.9485      50.5   0.0601886   0.0655723
   74      16     18026     18010   60.8342      52.5   0.0746574   0.0656893
   75      16     18253     18237   60.7796     56.75    0.038658   0.0657806
   76      16     18460     18444   60.6607     51.75   0.0168043   0.0659162
   77      16     18661     18645   60.5254     50.25    0.118116   0.0660389
   78      16     18880     18864   60.4512     54.75    0.012325   0.0661286
   79      16     19097     19081   60.3726     54.25   0.0183797   0.0662022
2026-07-07T21:15:05.977217+0800 min lat: 0.00736133 max lat: 0.215816 avg lat: 0.0663542
  sec Cur ops   started  finished  avg MB/s  cur MB/s last lat(s)  avg lat(s)
   80      16     19303     19287   60.2616      51.5   0.0208876   0.0663542
   81      16     19505     19489   60.1409      50.5   0.0253025   0.0664647
   82      16     19718     19702   60.0567     53.25   0.0438626   0.0665468
   83      16     19925     19909   59.9565     51.75    0.140121   0.0666463
   84      16     20150     20134   59.9123     56.25   0.0155498   0.0667476
   85      16     20350     20334   59.7955        50   0.0888447   0.0668277
   86      16     20575     20559   59.7542     56.25   0.0316713   0.0669078
   87      16     20781     20765   59.6592      51.5   0.0122214   0.0670198
   88      16     20983     20967    59.555      50.5   0.0256354   0.0671119
   89      16     21185     21169   59.4532      50.5   0.0142375   0.0671888
   90      16     21427     21411   59.4647      60.5     0.01543   0.0672446
   91      16     21627     21611   59.3607        50   0.0263106   0.0673506
   92      16     21836     21820   59.2833     52.25   0.0202577   0.0674135
   93      16     22057     22041   59.2398     55.25   0.0444684   0.0674802
   94      16     22281     22265   59.2053        56   0.0892914   0.0675357
   95      16     22480     22464   59.1057     49.75   0.0218633    0.067647
   96      16     22686     22670   59.0263      51.5   0.0442881   0.0677275
   97      16     22897     22881   58.9615     52.75   0.0533398   0.0677768
   98      16     23134     23118   58.9644     59.25   0.0137093   0.0678238
   99      16     23312     23296   58.8182      44.5   0.0508371   0.0679087
2026-07-07T21:15:25.980717+0800 min lat: 0.00736133 max lat: 0.217223 avg lat: 0.0679982
  sec Cur ops   started  finished  avg MB/s  cur MB/s last lat(s)  avg lat(s)
  100      16     23538     23522   58.7949      56.5   0.0477745   0.0679982
  101      16     23752     23736   58.7424      53.5   0.0180368   0.0680412
  102      16     23956     23940   58.6664        51   0.0229255   0.0681422
  103      16     24167     24151   58.6088     52.75   0.0362492   0.0682007
  104      16     24383     24367   58.5644        54   0.0234118   0.0682646
  105      16     24600     24584   58.5233     54.25   0.0435119   0.0682995
  106      16     24800     24784   58.4428        50   0.0509634    0.068393
  107      16     25021     25005   58.4128     55.25   0.0873089    0.068467
  108      16     25230     25214   58.3557     52.25   0.0105486   0.0685212
  109      16     25444     25428   58.3111      53.5   0.0183131   0.0685497
  110      16     25639     25623   58.2241     48.75   0.0727812   0.0686563
  111      16     25862     25846   58.2017     55.75   0.0125212    0.068715
  112      16     26080     26064   58.1686      54.5   0.0881441   0.0687589
  113      16     26277     26261   58.0896     49.25   0.0723345   0.0687926
  114      16     26489     26473   58.0448        53   0.0940188   0.0688979
  115      16     26700     26684   57.9987     52.75   0.0208996   0.0689417
  116      16     26913     26897   57.9577     53.25    0.016284   0.0689741
  117      16     27119     27103   57.9025      51.5   0.0175255   0.0690532
  118      16     27334     27318   57.8672     53.75   0.0100776    0.069112
  119      16     27527     27511   57.7863     48.25   0.0813112   0.0691553
2026-07-07T21:15:45.984158+0800 min lat: 0.00736133 max lat: 0.217223 avg lat: 0.0691993
  sec Cur ops   started  finished  avg MB/s  cur MB/s last lat(s)  avg lat(s)
  120      16     27763     27747   57.7963        59   0.0236273   0.0691993
  121      16     27963     27947   57.7318        50   0.0233223   0.0692648
  122      16     28164     28148   57.6704     50.25   0.0959462   0.0693215
  123      16     28381     28365   57.6425     54.25   0.0607927   0.0693588
  124      16     28598     28582   57.6151     54.25   0.0183866   0.0693903
  125      16     28797     28781   57.5521     49.75   0.0516295   0.0694573
  126      16     29008     28992   57.5139     52.75   0.0467512   0.0695083
  127      16     29218     29202   57.4743      52.5   0.0604328   0.0695402
  128      16     29449     29433   57.4764     57.75   0.0314675   0.0695819
  129      16     29641     29625   57.4029        48   0.0147157   0.0696489
  130      16     29856     29840   57.3747     53.75  0.00919465   0.0697076
  131      16     30071     30055    57.347     53.75   0.0187388   0.0697296
  132      16     30280     30264   57.3083     52.25    0.140959   0.0697771
  133      16     30475     30459   57.2439     48.75   0.0836663   0.0698369
  134      16     30689     30673   57.2159      53.5   0.0530115   0.0698718
  135      16     30911     30895   57.2032      55.5    0.028503   0.0698961
  136      16     31119     31103   57.1648        52   0.0117875   0.0699535
  137      16     31315     31299   57.1052        49   0.0896885    0.070012
  138      16     31532     31516   57.0844     54.25   0.0238123   0.0700437
  139      16     31735     31719   57.0388     50.75   0.0374828   0.0700714
2026-07-07T21:16:05.987428+0800 min lat: 0.00736133 max lat: 0.217223 avg lat: 0.0701472
  sec Cur ops   started  finished  avg MB/s  cur MB/s last lat(s)  avg lat(s)
  140      16     31938     31922   56.9938     50.75   0.0123126   0.0701472
  141      16     32146     32130   56.9583        52   0.0124509   0.0701851
  142      16     32370     32354   56.9515        56   0.0204362   0.0702094
  143      16     32592     32576   56.9413      55.5    0.081742   0.0702422
  144      16     32798     32782   56.9035      51.5   0.0948256   0.0702844
  145      16     32996     32980   56.8524      49.5  0.00988138   0.0703381
  146      16     33216     33200   56.8396        55   0.0279391   0.0703552
  147      16     33417     33401   56.7948     50.25   0.0508909   0.0704037
  148      16     33630     33614   56.7708     53.25   0.0133108   0.0704495
  149      16     33832     33816   56.7286      50.5    0.085696    0.070476
  150      16     34057     34041   56.7254     56.25   0.0752813   0.0705073
  151      16     34253     34237   56.6742        49   0.0175267   0.0705382
  152      16     34462     34446    56.645     52.25    0.027733   0.0705953
  153      16     34670     34654   56.6146        52   0.0248153   0.0706264
  154      16     34891     34875   56.6057     55.25   0.0794035   0.0706534
  155      16     35102     35086   56.5807     52.75   0.0183323   0.0706727
  156      16     35319     35303   56.5654     54.25   0.0178816    0.070703
  157      16     35517     35501   56.5204      49.5   0.0418051   0.0707334
  158      16     35729     35713   56.4981        53   0.0373774     0.07078
  159      16     35924     35908   56.4493     48.75   0.0203769    0.070805
2026-07-07T21:16:25.991448+0800 min lat: 0.00736133 max lat: 0.236059 avg lat: 0.0708442
  sec Cur ops   started  finished  avg MB/s  cur MB/s last lat(s)  avg lat(s)
  160      16     36148     36132   56.4464        56    0.025201   0.0708442
  161      16     36362     36346    56.428      53.5   0.0379498   0.0708683
  162      16     36561     36545   56.3868     49.75   0.0933305   0.0709288
  163      16     36760     36744    56.346     49.75   0.0459089   0.0709502
  164      16     36980     36964   56.3377        55   0.0116198   0.0709699
  165      16     37196     37180   56.3235        54   0.0146384   0.0709836
  166      16     37406     37390   56.3004      52.5   0.0131292   0.0710349
  167      16     37614     37598   56.2746        52    0.017015   0.0710633
  168      16     37824     37808   56.2521      52.5   0.0591403   0.0710833
  169      16     38037     38021   56.2343     53.25   0.0634931   0.0710974
  170      16     38239     38223   56.2005      50.5   0.0110086   0.0711406
  171      16     38459     38443   56.1934        55   0.0165318   0.0711629
  172      16     38669     38653   56.1719      52.5   0.0241455   0.0711853
  173      16     38869     38853   56.1362        50    0.131979   0.0712082
  174      16     39090     39074    56.131     55.25   0.0956448   0.0712545
  175      16     39296     39280   56.1045      51.5   0.0181707   0.0712838
  176      16     39496     39480   56.0698        50   0.0361729   0.0713101
  177      16     39704     39688   56.0467        52    0.045004   0.0713408
  178      16     39912     39896   56.0239        52   0.0426561   0.0713647
  179      16     40117     40101   55.9972     51.25   0.0143587    0.071384
2026-07-07T21:16:45.994898+0800 min lat: 0.00736133 max lat: 0.236059 avg lat: 0.0714029
  sec Cur ops   started  finished  avg MB/s  cur MB/s last lat(s)  avg lat(s)
  180      16     40340     40324   55.9958     55.75   0.0177186   0.0714029
  181      16     40539     40523   55.9613     49.75   0.0135494   0.0714468
  182      16     40764     40748   55.9628     56.25   0.0463241   0.0714543
  183      16     40965     40949   55.9316     50.25   0.0172231   0.0714955
  184      16     41177     41161   55.9156        53   0.0297077   0.0715144
  185      16     41393     41377   55.9052        54   0.0130338   0.0715362
  186      16     41598     41582   55.8801     51.25   0.0605027   0.0715524
  187      16     41795     41779   55.8446     49.25    0.047898   0.0715913
  188      16     42011     41995   55.8348        54   0.0594905   0.0716093
  189      16     42207     42191   55.7986        49   0.0162287   0.0716409
  190      16     42411     42395   55.7733        51   0.0144626   0.0716914
  191      16     42627     42611   55.7639        54   0.0259957    0.071711
  192      16     42840     42824   55.7508     53.25   0.0888694     0.07174
  193      16     43041     43025   55.7222     50.25   0.0842768   0.0717557
  194      16     43266     43250   55.7249     56.25   0.0185669   0.0717702
  195      16     43483     43467   55.7173     54.25   0.0976336   0.0717856
  196      16     43674     43658   55.6766     47.75   0.0694784   0.0718215
  197      16     43892     43876   55.6706      54.5    0.117216   0.0718351
  198      16     44086     44070   55.6343      48.5   0.0745661   0.0718636
  199      16     44299     44283   55.6223     53.25   0.0576856   0.0718803
2026-07-07T21:17:05.998095+0800 min lat: 0.00736133 max lat: 0.236059 avg lat: 0.0719224
  sec Cur ops   started  finished  avg MB/s  cur MB/s last lat(s)  avg lat(s)
  200      16     44505     44489   55.6016      51.5   0.0115894   0.0719224
  201      16     44724     44708   55.5974     54.75   0.0122806   0.0719308
  202      16     44926     44910   55.5721      50.5    0.043737   0.0719447
  203      16     45139     45123   55.5606     53.25   0.0391734   0.0719603
  204      16     45345     45329   55.5407      51.5   0.0845969   0.0719884
  205      16     45570     45554   55.5441     56.25   0.0383345   0.0720048
  206      16     45733     45717   55.4722     40.75   0.0390434   0.0720721
  207      16     45936     45920   55.4494     50.75   0.0168771    0.072113
  208      16     46125     46109   55.4099     47.25   0.0235652   0.0721669
  209      16     46343     46327   55.4055      54.5   0.0953665   0.0721885
  210      16     46543     46527   55.3798        50   0.0471331    0.072195
  211      16     46740     46724   55.3507     49.25    0.053258   0.0722351
  212      16     46952     46936   55.3396        53   0.0585449   0.0722497
  213      16     47166     47150   55.3309      53.5   0.0443516   0.0722727
  214      16     47374     47358   55.3153        52   0.0224796   0.0722966
  215      16     47575     47559   55.2917     50.25   0.0673956   0.0723156
  216      16     47800     47784   55.2961     56.25   0.0840844   0.0723297
  217      16     47975     47959   55.2428     43.75   0.0203207   0.0723728
  218      16     48199     48183   55.2463        56   0.0798888   0.0723929
  219      16     48403     48387   55.2268        51   0.0962962   0.0723993
2026-07-07T21:17:26.001203+0800 min lat: 0.00736025 max lat: 0.236059 avg lat: 0.0724131
  sec Cur ops   started  finished  avg MB/s  cur MB/s last lat(s)  avg lat(s)
  220      16     48629     48613   55.2326      56.5   0.0953639   0.0724131
  221      16     48832     48816   55.2123     50.75   0.0499591   0.0724258
  222      16     49037     49021   55.1944     51.25   0.0791417   0.0724634
  223      16     49237     49221    55.171        50   0.0375998   0.0724702
  224      16     49451     49435   55.1635      53.5   0.0858829   0.0724923
  225      16     49655     49639    55.145        51    0.102382   0.0725285
  226      16     49852     49836   55.1189     49.25   0.0513026   0.0725433
  227      16     50073     50057   55.1194     55.25   0.0205333   0.0725535
  228      16     50282     50266   55.1068     52.25   0.0888392   0.0725794
  229      16     50485     50469   55.0877     50.75   0.0818946   0.0725745
  230      16     50697     50681   55.0786        53   0.0591031   0.0726032
  231      16     50915     50899   55.0761      54.5   0.0186595   0.0726143
  232      16     51108     51092   55.0466     48.25   0.0186382   0.0726406
  233      16     51316     51300   55.0335        52   0.0191364   0.0726533
  234      16     51542     51526   55.0397      56.5   0.0694444   0.0726653
  235      16     51749     51733   55.0257     51.75    0.012609   0.0726739
  236      16     51956     51940   55.0118     51.75   0.0167072   0.0726881
  237      16     52158     52142   54.9927      50.5   0.0316083   0.0727108
  238      16     52373     52357   54.9875     53.75   0.0587183   0.0727166
  239      16     52572     52556   54.9655     49.75   0.0367842   0.0727304
2026-07-07T21:17:46.004488+0800 min lat: 0.00736025 max lat: 0.236059 avg lat: 0.0727526
  sec Cur ops   started  finished  avg MB/s  cur MB/s last lat(s)  avg lat(s)
  240      16     52787     52771   54.9604     53.75   0.0177372   0.0727526
  241      16     52993     52977    54.946      51.5   0.0762771   0.0727735
  242      16     53218     53202   54.9514     56.25    0.103793   0.0727808
  243      16     53433     53417   54.9464     53.75   0.0782523   0.0727866
  244      16     53627     53611   54.9199      48.5   0.0220258   0.0728136
  245      16     53829     53813   54.9018      50.5    0.042388   0.0728324
  246      16     54042     54026   54.8951     53.25   0.0335456   0.0728381
  247      16     54252     54236   54.8854      52.5    0.121718   0.0728445
  248      16     54466     54450   54.8798      53.5   0.0530671   0.0728551
  249      16     54655     54639   54.8491     47.25   0.0199559   0.0728848
  250      16     54879     54863   54.8536        56    0.026818   0.0729053
  251      16     55086     55070   54.8412     51.75   0.0452873   0.0729155
  252      16     55302     55286   54.8379        54   0.0726117   0.0729317
  253      16     55506     55490   54.8227        51   0.0794153   0.0729377
  254      16     55726     55710   54.8233        55   0.0212146   0.0729468
  255      16     55942     55926   54.8201        54   0.0128807   0.0729573
  256      16     56148     56132   54.8071      51.5   0.0256021   0.0729714
  257      16     56356     56340   54.7961        52   0.0333101   0.0729833
  258      16     56570     56554   54.7911      53.5   0.0305678   0.0729854
  259      16     56776     56760   54.7783      51.5   0.0145346   0.0730106
2026-07-07T21:18:06.007721+0800 min lat: 0.00736025 max lat: 0.236059 avg lat: 0.0730163
  sec Cur ops   started  finished  avg MB/s  cur MB/s last lat(s)  avg lat(s)
  260      16     56981     56965   54.7647     51.25   0.0158376   0.0730163
  261      16     57207     57191   54.7713      56.5   0.0130505   0.0730219
  262      16     57423     57407   54.7684        54   0.0901951   0.0730266
  263      16     57623     57607   54.7502        50   0.0165398   0.0730453
  264      16     57840     57824   54.7483     54.25   0.0916912    0.073052
  265      16     58048     58032   54.7379        52   0.0106549   0.0730581
  266      16     58270     58254   54.7407      55.5   0.0391955   0.0730586
  267      16     58471     58455   54.7239     50.25   0.0498425    0.073075
  268      16     58693     58677   54.7267      55.5   0.0945558   0.0730842
  269      16     58888     58872   54.7045     48.75   0.0115765   0.0730885
  270      16     59105     59089   54.7027     54.25   0.0281914   0.0731119
  271      16     59320     59304   54.6992     53.75    0.013535   0.0731148
  272      16     59532     59516   54.6929        53   0.0253324   0.0731222
  273      16     59743     59727   54.6858     52.75   0.0426702   0.0731267
  274      16     59958     59942   54.6823     53.75   0.0540661   0.0731334
  275      16     60164     60148   54.6707      51.5   0.0689491   0.0731604
  276      16     60365     60349   54.6547     50.25   0.0209952   0.0731668
  277      16     60585     60569   54.6559        55  0.00861456   0.0731744
  278      16     60787     60771   54.6409      50.5   0.0149332   0.0731886
  279      16     60983     60967   54.6207        49   0.0515919   0.0731884
2026-07-07T21:18:26.011095+0800 min lat: 0.00736025 max lat: 0.236059 avg lat: 0.0732033
  sec Cur ops   started  finished  avg MB/s  cur MB/s last lat(s)  avg lat(s)
  280      16     61207     61191   54.6255        56   0.0424859   0.0732033
  281      16     61436     61420   54.6348     57.25   0.0839186   0.0732069
  282      16     61640     61624   54.6219        51   0.0157187   0.0732223
  283      16     61851     61835   54.6153     52.75    0.017443    0.073226
  284      16     62062     62046   54.6087     52.75   0.0836253    0.073238
  285      16     62273     62257   54.6021     52.75   0.0479343   0.0732359
  286      16     62487     62471   54.5982      53.5   0.0285085   0.0732522
  287      16     62692     62676   54.5866     51.25   0.0192861   0.0732676
  288      16     62907     62891   54.5836     53.75   0.0123407   0.0732723
  289      16     63105     63089    54.566      49.5    0.128624   0.0732898
  290      16     63311     63295   54.5554      51.5   0.0192721   0.0732983
  291      16     63525     63509   54.5517      53.5   0.0819834   0.0733064
  292      16     63738     63722   54.5472     53.25   0.0612807   0.0733067
  293      16     63945     63929   54.5377     51.75    0.014558   0.0733316
  294      16     64168     64152   54.5418     55.75     0.10279   0.0733329
  295      16     64371     64355   54.5289     50.75   0.0183876   0.0733373
  296      16     64594     64578    54.533     55.75   0.0470384   0.0733362
  297      16     64789     64773   54.5135     48.75   0.0587097   0.0733543
  298      16     65000     64984   54.5075     52.75   0.0234425   0.0733652
  299      16     65192     65176   54.4857        48    0.056292   0.0733689
2026-07-07T21:18:46.014482+0800 min lat: 0.00736025 max lat: 0.236059 avg lat: 0.073379
  sec Cur ops   started  finished  avg MB/s  cur MB/s last lat(s)  avg lat(s)
  300      16     65436     65420   54.5074        61   0.0873121    0.073379
  301      16     65620     65604   54.4791        46   0.0202061   0.0734016
  302      16     65838     65822   54.4792      54.5   0.0262284    0.073412
  303      16     66051     66035   54.4751     53.25   0.0303294   0.0734134
  304      16     66257     66241   54.4653      51.5    0.012077    0.073426
  305      16     66462     66446   54.4547     51.25   0.0365231   0.0734354
  306      16     66675     66659   54.4507     53.25   0.0140862    0.073443
  307      16     66898     66882   54.4549     55.75   0.0163759   0.0734474
  308      16     67098     67082   54.4404        50   0.0234047   0.0734558
  309      16     67284     67268   54.4147      46.5   0.0851491   0.0734698
  310      16     67509     67493   54.4206     56.25   0.0472737   0.0734791
  311      16     67739     67723   54.4305      57.5   0.0112525   0.0734821
  312      16     67931     67915   54.4098        48    0.035955   0.0735028
  313      16     68133     68117   54.3973      50.5   0.0191757   0.0735084
  314      16     68359     68343    54.404      56.5   0.0272626   0.0735081
  315      16     68562     68546   54.3923     50.75   0.0381892   0.0735201
  316      16     68764     68748     54.38      50.5   0.0199641   0.0735453
  317      15     68970     68955   54.3717     51.75   0.0740354   0.0735589
  318      16     69188     69172   54.3713     54.25   0.0450677   0.0735535
  319      16     69359     69343   54.3348     42.75   0.0508931   0.0735763
2026-07-07T21:19:06.017910+0800 min lat: 0.00729846 max lat: 0.236059 avg lat: 0.073601
  sec Cur ops   started  finished  avg MB/s  cur MB/s last lat(s)  avg lat(s)
  320      16     69578     69562   54.3361     54.75   0.0124306    0.073601
  321      16     69780     69764   54.3241      50.5   0.0738371   0.0736114
  322      16     70005     69989     54.33     56.25   0.0253877   0.0736141
  323      16     70186     70170   54.3019     45.25   0.0437428   0.0736389
  324      16     70384     70368   54.2871      49.5   0.0431718   0.0736635
  325      16     70599     70583   54.2854     53.75   0.0938839    0.073666
  326      16     70794     70778   54.2684     48.75   0.0413102    0.073696
  327      15     71002     70987   54.2622     52.25   0.0847488   0.0737042
  328      16     71198     71182   54.2454     48.75   0.0452959   0.0737172
  329      16     71403     71387   54.2362     51.25   0.0897702   0.0737218
  330      16     71603     71587   54.2234        50   0.0155092   0.0737578
  331      16     71807     71791   54.2136        51   0.0181408   0.0737741
  332      16     72004     71988   54.1986     49.25   0.0352382   0.0737826
  333      16     72221     72205   54.1988     54.25   0.0739158   0.0737814
  334      16     72403     72387   54.1727      45.5   0.0174937   0.0738254
  335      16     72616     72600   54.1699     53.25   0.0250129   0.0738322
  336      16     72831     72815   54.1686     53.75   0.0188552   0.0738345
  337      16     72991     72975   54.1266        40    0.172157   0.0738522
  338      16     73189     73173   54.1129      49.5   0.0594476   0.0738951
  339      16     73390     73374   54.1014     50.25   0.0121159   0.0739031
2026-07-07T21:19:26.021253+0800 min lat: 0.00729846 max lat: 0.332706 avg lat: 0.0739067
  sec Cur ops   started  finished  avg MB/s  cur MB/s last lat(s)  avg lat(s)
  340      16     73618     73602   54.1099        57   0.0352164   0.0739067
  341      16     73779     73763   54.0693     40.25   0.0501936   0.0739602
  342      16     73993     73977   54.0676      53.5   0.0429533   0.0739651
  343      16     74196     74180   54.0579     50.75   0.0122428   0.0739781
  344      16     74411     74395    54.057     53.75   0.0135401   0.0739821
  345      16     74565     74549   54.0118      38.5   0.0248133   0.0740426
  346      16     74779     74763   54.0103      53.5   0.0273565   0.0740427
  347      16     74989     74973    54.006      52.5   0.0125424   0.0740586
  348      16     75135     75119   53.9556      36.5   0.0933917   0.0740595
  349      16     75325     75309   53.9371      47.5   0.0117982   0.0741243
  350      16     75556     75540    53.948     57.75   0.0287468   0.0741322
  351      16     75762     75746    53.941      51.5   0.0980317   0.0741404
  352      16     75906     75890     53.89        36     0.09277   0.0742103
  353      16     76116     76100   53.8861      52.5   0.0869987   0.0742221
  354      16     76327     76311   53.8828     52.75   0.0327161   0.0742213
  355      16     76534     76518   53.8768     51.75    0.014201   0.0742296
  356      16     76670     76654   53.8209        34   0.0127435   0.0743109
  357      16     76882     76866   53.8186        53   0.0210997   0.0743148
  358      16     77097     77081   53.8184     53.75   0.0125577   0.0743164
  359      16     77245     77229   53.7715        37   0.0480321    0.074373
2026-07-07T21:19:46.024526+0800 min lat: 0.00729846 max lat: 0.385566 avg lat: 0.0744091
  sec Cur ops   started  finished  avg MB/s  cur MB/s last lat(s)  avg lat(s)
  360      16     77432     77416    53.752     46.75   0.0926974   0.0744091
  361      16     77638     77622   53.7457      51.5   0.0116332   0.0744109
  362      16     77855     77839   53.7471     54.25    0.029194   0.0744049
  363      16     77973     77957   53.6803      29.5   0.0190518   0.0744889
  364      16     78189     78173   53.6811        54   0.0842657   0.0745008
  365      16     78406     78390   53.6827     54.25   0.0213851   0.0744984
  366      16     78599     78583   53.6678     48.25   0.0337518   0.0744934
  367      16     78751     78735   53.6251        38  0.00861252   0.0745863
  368      16     78962     78946   53.6227     52.75   0.0223026   0.0745858
  369      16     79160     79144   53.6115      49.5   0.0136506   0.0745847
  370      16     79290     79274   53.5544      32.5     0.35726   0.0746449
  371      16     79504     79488   53.5543      53.5   0.0124831   0.0746779
  372      16     79715     79699   53.5521     52.75    0.018846   0.0746795
  373      16     79935     79919   53.5559        55   0.0161757    0.074678
  374      16     80044     80028   53.4856     27.25   0.0380694    0.074775
  375      16     80248     80232   53.4789        51   0.0667526   0.0747758
  376      16     80481     80465   53.4916     58.25   0.0604488   0.0747728
  377      16     80637     80621   53.4531        39    0.119201   0.0747796
  378      16     80795     80779   53.4162      39.5   0.0368123   0.0748687
  379      16     80982     80966   53.3986     46.75   0.0205257   0.0748696
2026-07-07T21:20:06.027869+0800 min lat: 0.00729846 max lat: 0.385566 avg lat: 0.0748726
  sec Cur ops   started  finished  avg MB/s  cur MB/s last lat(s)  avg lat(s)
  380      16     81214     81198   53.4107        58   0.0741029   0.0748726
  381      16     81351     81335   53.3604     34.25   0.0482334   0.0749469
  382      16     81562     81546   53.3588     52.75   0.0272305   0.0749534
  383      16     81779     81763   53.3611     54.25   0.0932525   0.0749562
  384      16     81988     81972   53.3581     52.25    0.103907   0.0749541
  385      16     82120     82104   53.3053        33   0.0294589   0.0750335
  386      16     82313     82297   53.2921     48.25   0.0837926   0.0750384
  387      16     82539     82523   53.3004      56.5    0.104911   0.0750414
  388      16     82686     82670   53.2577     36.75    0.161137   0.0750952
  389      16     82847     82831   53.2243     40.25   0.0506793   0.0751201
  390      16     83081     83065   53.2378      58.5   0.0930263   0.0751271
  391      16     83294     83278   53.2378     53.25   0.0526312   0.0751226
  392      16     83413     83397   53.1779     29.75   0.0394519   0.0752004
  393      16     83623     83607   53.1761      52.5    0.034734   0.0752058
  394      16     83834     83818    53.175     52.75   0.0367212   0.0752074
  395      16     84042     84026    53.172        52   0.0265377   0.0752076
  396      16     84169     84153   53.1179     31.75    0.020949   0.0752907
  397      16     84369     84353     53.11        50   0.0509958   0.0752941
  398      16     84599     84583    53.121      57.5    0.013653   0.0752931
  399      16     84729     84713   53.0693      32.5    0.231548   0.0753235
2026-07-07T21:20:26.031287+0800 min lat: 0.00729846 max lat: 0.406131 avg lat: 0.075391
  sec Cur ops   started  finished  avg MB/s  cur MB/s last lat(s)  avg lat(s)
  400      16     84905     84889   53.0466        44   0.0127809    0.075391
  401      16     85113     85097    53.044        52   0.0209784   0.0753893
  402      16     85329     85313   53.0464        54   0.0505096   0.0753878
  403      16     85465     85449   52.9991        34   0.0340145   0.0754582
  404      16     85675     85659   52.9978      52.5   0.0593185    0.075459
  405      16     85882     85866   52.9947     51.75   0.0350847   0.0754612
  406      16     86083     86067   52.9879     50.25    0.190096   0.0754739
  407      16     86228     86212   52.9468     36.25   0.0259143   0.0755289
  408      16     86452     86436   52.9543        56   0.0122008   0.0755305
  409      16     86643     86627   52.9415     47.75   0.0324733   0.0755268
  410      16     86785     86769    52.899      35.5    0.111212   0.0755749
  411      16     86995     86979    52.898      52.5   0.0142121   0.0756017
  412      16     87206     87190   52.8976     52.75   0.0335773   0.0755971
  413      16     87433     87417   52.9069     56.75   0.0668631   0.0755904
  414      16     87561     87545   52.8564        32     0.09357   0.0756708
  415      16     87767     87751   52.8531      51.5  0.00948372   0.0756738
  416      16     87970     87954    52.848     50.75   0.0770625   0.0756734
  417      16     88140     88124   52.8232      42.5   0.0169288   0.0756679
  418      16     88290     88274   52.7865      37.5   0.0178591   0.0757576
  419      16     88493     88477   52.7816     50.75   0.0138366   0.0757577
2026-07-07T21:20:46.034677+0800 min lat: 0.00729846 max lat: 0.406131 avg lat: 0.0757555
  sec Cur ops   started  finished  avg MB/s  cur MB/s last lat(s)  avg lat(s)
  420      16     88726     88710   52.7946     58.25   0.0145835   0.0757555
  421      16     88848     88832   52.7417      30.5   0.0252437   0.0758241
  422      16     89056     89040   52.7399        52   0.0201103   0.0758299
  423      16     89264     89248   52.7381        52   0.0502755   0.0758266
  424      16     89491     89475   52.7475     56.75   0.0197374   0.0758207
  425      16     89617     89601   52.6975      31.5   0.0999329    0.075899
  426      16     89828     89812   52.6976     52.75   0.0957314   0.0758995
  427      16     90027     90011   52.6907     49.75   0.0465941   0.0758948
  428      16     90203     90187   52.6704        44   0.0120234   0.0759371
  429      16     90382     90366   52.6519     44.75   0.0180146   0.0759511
  430      16     90600     90584   52.6562      54.5  0.00945338   0.0759544
  431      16     90816     90800   52.6593        54   0.0484851    0.075947
  432      16     90979     90963   52.6317     40.75     0.01337   0.0759927
  433      16     91156     91140   52.6123     44.25   0.0486905   0.0760132
  434      16     91367     91351   52.6126     52.75   0.0123789   0.0760203
  435      16     91581     91565   52.6146      53.5   0.0852021   0.0760105
  436      16     91717     91701   52.5719        34   0.0723821   0.0760778
  437      16     91921     91905   52.5683        51   0.0164516   0.0760832
  438      16     92136     92120    52.571     53.75   0.0172927   0.0760802
  439      16     92267     92251   52.5258     32.75   0.0111831   0.0760949
2026-07-07T21:21:06.038092+0800 min lat: 0.00729846 max lat: 0.406131 avg lat: 0.0761607
  sec Cur ops   started  finished  avg MB/s  cur MB/s last lat(s)  avg lat(s)
  440      16     92459     92443   52.5155        48    0.013981   0.0761607
  441      16     92672     92656   52.5172     53.25   0.0124094   0.0761577
  442      16     92883     92867   52.5177     52.75    0.030196   0.0761555
  443      16     92996     92980   52.4629     28.25   0.0193814   0.0762266
  444      16     93205     93189   52.4624     52.25   0.0591922   0.0762272
  445      16     93429     93413   52.4703        56   0.0452672   0.0762253
  446      16     93606     93590   52.4519     44.25   0.0889679   0.0762219
  447      16     93756     93740   52.4184      37.5   0.0134396   0.0762989
  448      16     93969     93953   52.4203     53.25   0.0214378    0.076298
  449      16     94161     94145   52.4104        48   0.0173659   0.0762976
  450      16     94313     94297   52.3784        38    0.358827   0.0763609
  451      16     94502     94486    52.367     47.25   0.0896766   0.0763741
  452      16     94716     94700   52.3695      53.5   0.0253098   0.0763692
  453      16     94927     94911   52.3703     52.75    0.074802   0.0763675
  454      16     95043     95027   52.3188        29   0.0188981   0.0764416
  455      16     95252     95236   52.3186     52.25   0.0854295   0.0764435
  456      16     95470     95454   52.3234      54.5   0.0658419   0.0764404
  457      16     95639     95623   52.3013     42.25   0.0278176   0.0764452
  458      16     95788     95772   52.2684     37.25   0.0281188   0.0765172
  459      16     95977     95961   52.2575     47.25   0.0929996   0.0765158
2026-07-07T21:21:26.041406+0800 min lat: 0.00729846 max lat: 0.406131 avg lat: 0.076516
  sec Cur ops   started  finished  avg MB/s  cur MB/s last lat(s)  avg lat(s)
  460      16     96211     96195    52.271      58.5   0.0849432    0.076516
  461      16     96332     96316   52.2233     30.25   0.0303445   0.0765841
  462      16     96532     96516   52.2184        50   0.0675211     0.07659
  463      16     96751     96735   52.2239     54.75   0.0898186   0.0765851
  464      16     96960     96944   52.2239     52.25   0.0519419   0.0765824
  465      16     97080     97064   52.1761        30   0.0185846   0.0766496
  466      16     97292     97276   52.1778        53   0.0146246   0.0766488
  467      16     97499     97483   52.1769     51.75   0.0217307   0.0766528
  468      16     97647     97631   52.1445        37    0.316623   0.0766925
  469      16     97804     97788    52.117     39.25    0.018882   0.0767246
  470      16     98025     98009   52.1236     55.25   0.0851596   0.0767245
  471      16     98248     98232   52.1313     55.75   0.0863386   0.0767231
  472      16     98360     98344   52.0802        28    0.120523   0.0767904
  473      16     98563     98547   52.0773     50.75   0.0109359   0.0767968
  474      16     98771     98755   52.0772        52   0.0600041   0.0767919
  475      16     98960     98944    52.067     47.25   0.0847397   0.0767901
  476      16     99114     99098   52.0385      38.5   0.0203736   0.0768591
  477      16     99316     99300   52.0352      50.5   0.0178827   0.0768585
  478      16     99534     99518   52.0404      54.5    0.102695   0.0768573
  479      16     99661     99645    51.998     31.75    0.171474   0.0768907
2026-07-07T21:21:46.044702+0800 min lat: 0.00729846 max lat: 0.406131 avg lat: 0.07693
  sec Cur ops   started  finished  avg MB/s  cur MB/s last lat(s)  avg lat(s)
  480      16     99856     99840   51.9912     48.75   0.0100814     0.07693
  481      16    100065    100049   51.9917     52.25   0.0263249   0.0769274
  482      16    100269    100253   51.9897        51   0.0275796   0.0769205
  483      16    100387    100371   51.9431      29.5   0.0641068   0.0769938
  484      16    100593    100577   51.9421      51.5   0.0114453   0.0769956
  485      16    100807    100791   51.9453      53.5   0.0655865   0.0769903
  486      16    101001    100985   51.9382      48.5    0.187476   0.0769987
  487      16    101127    101111   51.8963      31.5   0.0128073   0.0770606
  488      16    101341    101325   51.8995      53.5   0.0133731   0.0770569
  489      16    101534    101518    51.892     48.25   0.0234525     0.07705
  490      16    101680    101664   51.8606      36.5    0.361789   0.0771135
  491      16    101890    101874   51.8619      52.5   0.0757616   0.0771223
  492      16    102098    102082   51.8622        52   0.0139207   0.0771184
  493      16    102309    102293    51.864     52.75   0.0225839   0.0771096
  494      16    102423    102407   51.8167      28.5   0.0136744    0.077183
  495      16    102643    102627   51.8231        55   0.0130134   0.0771794
  496      16    102854    102838   51.8249     52.75   0.0318573   0.0771725
  497      16    102988    102972    51.788      33.5   0.0910878   0.0771906
  498      16    103174    103158   51.7774      46.5   0.0924127   0.0772491
  499      16    103357    103341   51.7653     45.75   0.0981827   0.0772481
2026-07-07T21:22:06.047976+0800 min lat: 0.00729846 max lat: 0.407591 avg lat: 0.0772445
  sec Cur ops   started  finished  avg MB/s  cur MB/s last lat(s)  avg lat(s)
  500      16    103593    103577   51.7798        59   0.0794074   0.0772445
  501      16    103692    103676   51.7258     24.75   0.0122343   0.0773156
  502      16    103913    103897   51.7328     55.25   0.0935591   0.0773155
  503      16    104120    104104   51.7328     51.75   0.0437915   0.0773092
  504      16    104309    104293   51.7239     47.25    0.102326   0.0773111
  505      16    104442    104426   51.6873     33.25   0.0204444   0.0773809
  506      16    104641    104625   51.6835     49.75   0.0185423   0.0773783
  507      16    104859    104843    51.689      54.5   0.0841313   0.0773713
  508      16    104987    104971   51.6502        32    0.224839   0.0774062
  509      16    105156    105140   51.6318     42.25    0.016925   0.0774407
  510      16    105395    105379   51.6477     59.75   0.0211903   0.0774407
  511      16    105598    105582   51.6459     50.75   0.0929435   0.0774386
  512      16    105714    105698   51.6016        29   0.0153795   0.0775046
  513      16    105922    105906   51.6024        52    0.011704   0.0775053
  514      16    106139    106123   51.6075     54.25   0.0158137   0.0775011
  515      16    106305    106289   51.5879      41.5    0.195272   0.0775016
  516      16    106473    106457   51.5693        42   0.0852891   0.0775609
  517      16    106672    106656   51.5658     49.75   0.0196858   0.0775557
  518      16    106888    106872   51.5704        54   0.0446476   0.0775474
  519      16    107016    107000   51.5327        32    0.012714   0.0776067
2026-07-07T21:22:26.051260+0800 min lat: 0.00729846 max lat: 0.573792 avg lat: 0.0776116
  sec Cur ops   started  finished  avg MB/s  cur MB/s last lat(s)  avg lat(s)
  520      16    107220    107204   51.5317        51   0.0129434   0.0776116
  521      16    107436    107420   51.5364        54   0.0269706   0.0776063
  522      16    107622    107606   51.5267      46.5   0.0271733   0.0776206
  523      16    107778    107762   51.5028        39   0.0667632   0.0776524
  524      16    107981    107965   51.5013     50.75    0.022075   0.0776509
  525      16    108207    108191   51.5108      56.5   0.0141427   0.0776455
  526      16    108355    108339   51.4832        37    0.083404   0.0776796
  527      16    108553    108537   51.4795      49.5    0.019177   0.0776936
  528      16    108764    108748   51.4818     52.75   0.0263959   0.0776915
  529      16    108950    108934   51.4724      46.5   0.0241478    0.077684
  530      16    109111    109095   51.4512     40.25    0.023229   0.0777354
  531      16    109314    109298   51.4499     50.75   0.0260867   0.0777349
  532      16    109523    109507   51.4514     52.25     0.02992   0.0777309
  533      16    109676    109660   51.4266     38.25    0.320905   0.0777288
  534      16    109878    109862   51.4248      50.5   0.0874251   0.0777766
  535      16    110091    110075   51.4282     53.25   0.0776611   0.0777738
  536      16    110296    110280   51.4279     51.25   0.0919679   0.0777662
  537      16    110411    110395   51.3856     28.75    0.013707   0.0778342
  538      16    110632    110616   51.3928     55.25   0.0278096    0.077824
  539      16    110820    110804   51.3846        47   0.0150168   0.0778207
2026-07-07T21:22:46.054713+0800 min lat: 0.00729846 max lat: 0.573792 avg lat: 0.077813
  sec Cur ops   started  finished  avg MB/s  cur MB/s last lat(s)  avg lat(s)
  540      16    111054    111038   51.3978      58.5   0.0290683    0.077813
  541      16    111180    111164    51.361      31.5   0.0719089    0.077872
  542      16    111395    111379   51.3654     53.75   0.0176254   0.0778669
  543      16    111609    111593   51.3693      53.5  0.00872646   0.0778614
  544      16    111764    111748   51.3461     38.75     0.14899   0.0778617
  545      16    111942    111926   51.3335      44.5   0.0869467   0.0779126
  546      16    112144    112128    51.332      50.5   0.0519083   0.0779081
  547      16    112359    112343   51.3364     53.75   0.0245938   0.0779024
  548      16    112496    112480   51.3052     34.25   0.0246239    0.077956
  549      16    112670    112654    51.291      43.5   0.0141608   0.0779586
  550      16    112908    112892   51.3059      59.5   0.0126843   0.0779553
  551      16    113117    113101   51.3076     52.25   0.0202996   0.0779471
  552      16    113237    113221    51.269        30   0.0924915   0.0780052
  553      16    113438    113422   51.2671     50.25   0.0135535   0.0780098
  554      16    113649    113633   51.2698     52.75   0.0225697   0.0780058
  555      16    113847    113831   51.2666      49.5    0.200852   0.0780153
  556      16    113976    113960   51.2324     32.25   0.0207793   0.0780596
  557      16    114191    114175   51.2369     53.75    0.031729   0.0780552
  558      16    114413    114397   51.2445      55.5   0.0112358   0.0780479
  559      16    114533    114517   51.2065        30    0.285578   0.0780712
2026-07-07T21:23:06.057984+0800 min lat: 0.00726027 max lat: 0.573792 avg lat: 0.0781073
  sec Cur ops   started  finished  avg MB/s  cur MB/s last lat(s)  avg lat(s)
  560      16    114732    114716   51.2039     49.75   0.0147957   0.0781073
  561      16    114944    114928    51.207        53   0.0174896   0.0781014
  562      16    115160    115144    51.212        54   0.0328369   0.0780923
  563      16    115272    115256   51.1708        28   0.0806865   0.0781556
  564      16    115481    115465   51.1727     52.25   0.0196978   0.0781547
  565      16    115703    115687   51.1803      55.5   0.0115988   0.0781481
  566      16    115858    115842   51.1583     38.75   0.0301411    0.078141
  567      16    116026    116010   51.1422        42   0.0217998    0.078206
  568      16    116239    116223   51.1459     53.25   0.0150016   0.0782013
  569      16    116415    116399   51.1333        44    0.073959    0.078196
  570      16    116566    116550   51.1098     37.75   0.0922464    0.078258
  571      16    116770    116754   51.1096        51   0.0143501   0.0782554
  572      16    116972    116956   51.1085      50.5   0.0352478   0.0782515
  573      16    117169    117153   51.1053     49.25   0.0130792   0.0782463
  574      16    117297    117281    51.072        32   0.0345688   0.0783107
  575      16    117513    117497   51.0771        54   0.0185279   0.0783052
  576      16    117724    117708   51.0799     52.75   0.0661888   0.0782967
  577      16    117864    117848   51.0521        35    0.126283    0.078324
  578      16    118038    118022    51.039      43.5   0.0189085   0.0783604
  579      16    118217    118201   51.0281     44.75   0.0181165   0.0783563
2026-07-07T21:23:26.061182+0800 min lat: 0.00726027 max lat: 0.573792 avg lat: 0.0783532
  sec Cur ops   started  finished  avg MB/s  cur MB/s last lat(s)  avg lat(s)
  580      16    118460    118444   51.0449     60.75   0.0898378   0.0783532
  581      16    118570    118554   51.0043      27.5   0.0184272   0.0784143
  582      16    118779    118763   51.0064     52.25   0.0201393   0.0784111
  583      16    118987    118971   51.0081        52   0.0174822   0.0784071
  584      16    119164    119148   50.9965     44.25   0.0116576   0.0784032
  585      16    119315    119299   50.9739     37.75   0.0925778   0.0784655
  586      16    119513    119497   50.9714      49.5    0.095003   0.0784634
  587      16    119736    119720   50.9795     55.75   0.0143994   0.0784567
  588      16    119852    119836   50.9421        29    0.396759   0.0784999
  589      16    120012    119996   50.9235        40   0.0595272   0.0785196
  590      16    120251    120235   50.9385     59.75   0.0424408   0.0785153
  591      16    120474    120458   50.9466     55.75   0.0113841   0.0785067
  592      16    120583    120567   50.9065     27.25   0.0096918   0.0785688
  593      16    120794    120778   50.9096     52.75   0.0350502   0.0785646
  594      16    120990    120974   50.9064        49   0.0183761   0.0785596
  595      16    121164    121148    50.894      43.5    0.261937     0.07858
  596      16    121317    121301   50.8727     38.25   0.0114395   0.0786182
  597      16    121525    121509   50.8746        52   0.0224607   0.0786122
  598      16    121748    121732   50.8827     55.75   0.0250493   0.0786033
  599      16    121857    121841   50.8433     27.25   0.0317717   0.0786582
Total time run:         600.037
Total writes made:      122043
Write size:             262144
Object size:            262144
Bandwidth (MB/sec):     50.8481
Stddev Bandwidth:       10.5324
Max bandwidth (MB/sec): 112.5
Min bandwidth (MB/sec): 24.75
Average IOPS:           203
Stddev IOPS:            42.1297
Max IOPS:               450
Min IOPS:               99
Average Latency(s):     0.0786613
Stddev Latency(s):      0.0436043
Max latency(s):         0.573792
Min latency(s):         0.00726027
[2026-07-07 21:23:46] Prefill done. Objects: GiB
[2026-07-07 21:23:46] ---- seq read redo round 1 ----
[2026-07-07 21:23:46] Compacting all OSDs...
[2026-07-07 21:23:57] Health: HEALTH_OK
[2026-07-07 21:23:58] START: rados bench -p juicefs-data 300 seq -t 64
[2026-07-07 21:28:43] END: seq read redo r1
[2026-07-07 21:28:43] ---- seq read redo round 2 ----
[2026-07-07 21:28:43] Compacting all OSDs...
[2026-07-07 21:28:55] Health: HEALTH_OK
[2026-07-07 21:28:55] START: rados bench -p juicefs-data 300 seq -t 64
[2026-07-07 21:33:28] END: seq read redo r2
[2026-07-07 21:33:28] ---- seq read redo round 3 ----
[2026-07-07 21:33:28] Compacting all OSDs...
[2026-07-07 21:33:40] Health: HEALTH_OK
[2026-07-07 21:33:40] START: rados bench -p juicefs-data 300 seq -t 64
[2026-07-07 21:38:14] END: seq read redo r3
[2026-07-07 21:38:14] Cleaning pool...
Removed 122043 objects
[2026-07-07 21:38:38] Cleanup done.
[2026-07-07 21:38:38] Compacting all OSDs...
[2026-07-07 21:38:50] Health: HEALTH_OK
[2026-07-07 21:38:50] ==== SEQ READ REDO COMPLETE ====
[2026-07-07 21:40:38] ==============================================
[2026-07-07 21:40:38] Exp 2: Block size matrix START (t64, 120s)
[2026-07-07 21:40:38] Sizes: 4K
[2026-07-07 21:40:38] ==============================================
[2026-07-07 21:40:38] ========== BLOCK SIZE: 4K ==========
[2026-07-07 21:40:38] ---- write 4K round 1 ----
[2026-07-07 21:40:50] Health: HEALTH_OK
[2026-07-07 21:40:50] START: rados bench -p juicefs-data 120 write -b 4K -t 64 --no-cleanup
[2026-07-07 21:42:52] END: write 4K r1
Removed 181971 objects
[2026-07-07 21:44:03] ---- write 4K round 2 ----
[2026-07-07 21:44:15] Health: HEALTH_OK
[2026-07-07 21:44:15] START: rados bench -p juicefs-data 120 write -b 4K -t 64 --no-cleanup
[2026-07-07 21:46:16] END: write 4K r2
Removed 172316 objects
[2026-07-07 21:47:37] ---- write 4K round 3 ----
[2026-07-07 21:47:49] Health: HEALTH_OK
[2026-07-07 21:47:49] START: rados bench -p juicefs-data 120 write -b 4K -t 64 --no-cleanup
[2026-07-07 21:49:50] END: write 4K r3
Removed 158343 objects
[2026-07-07 21:51:07] ---- prefill for rand read (4K, 120s) ----
[2026-07-07 21:51:19] Health: HEALTH_OK
hints = 1
Maintaining 16 concurrent writes of 4096 bytes to objects of size 4096 for up to 120 seconds or 0 objects
Object prefix: benchmark_data_tikv-node_213710
  sec Cur ops   started  finished  avg MB/s  cur MB/s last lat(s)  avg lat(s)
    0       0         0         0         0         0           -           0
    1      15      5549      5534   21.6131   21.6172  0.00247719  0.00288477
    2      16      9719      9703   18.9479   16.2852   0.0161584  0.00329213
    3      16     10964     10948   14.2528   4.86328   0.0178237  0.00436163
    4      16     12239     12223   11.9344   4.98047   0.0158482  0.00522785
    5      16     13464     13448   10.5044   4.78516  0.00338299  0.00594317
    6      16     14471     14455   9.40917   3.93359  0.00824917  0.00649394
    7      16     15733     15717   8.76916   4.92969  0.00450602  0.00711679
    8      16     17014     16998   8.29844   5.00391  0.00686708  0.00752597
    9      16     18213     18197   7.89673   4.68359   0.0161951  0.00789519
   10      16     19415     19399   7.57654   4.69531    0.012677  0.00823917
   11      16     20653     20637   7.32732   4.83594  0.00612635  0.00851529
   12      16     21960     21944   7.14208   5.10547  0.00860978  0.00874664
   13      16     23122     23106   6.94179   4.53906   0.0091972  0.00899112
   14      16     24289     24273   6.77151   4.55859   0.0120508   0.0092225
   15      16     25549     25533   6.64815   4.92188  0.00643619   0.0093938
   16      16     26656     26640   6.50286   4.32422   0.0137549  0.00953078
   17      16     27982     27966   6.42498   5.17969  0.00333409  0.00972214
   18      16     29219     29203   6.33642   4.83203   0.0117699  0.00985421
   19      15     30464     30449   6.25906   4.86719   0.0169089  0.00997906
2026-07-07T21:51:39.069331+0800 min lat: 0.0016401 max lat: 0.161533 avg lat: 0.0101087
  sec Cur ops   started  finished  avg MB/s  cur MB/s last lat(s)  avg lat(s)
   20      16     31644     31628   6.17633   4.60547   0.0066997   0.0101087
   21      16     32857     32841    6.1078   4.73828   0.0172709    0.010227
   22      16     34082     34066   6.04765   4.78516   0.0170141   0.0103241
   23      16     35367     35351   6.00291   5.01953  0.00982462    0.010403
   24      16     36495     36479   5.93635   4.40625   0.0127904   0.0105174
   25      16     37613     37597   5.87355   4.36719   0.0128145   0.0106287
   26      16     38618     38602   5.79861   3.92578   0.0082033   0.0107222
   27      16     39646     39630   5.73255   4.01562  0.00313269   0.0108925
   28      16     40625     40609   5.66439   3.82422    0.017707   0.0110305
   29      16     41843     41827    5.6331   4.75781  0.00774573   0.0110875
   30      16     43107     43091   5.60989    4.9375   0.0134592   0.0111371
   31      16     43699     43683   5.50351    2.3125   0.0126216   0.0113483
   32      16     44735     44719   5.45797   4.04688  0.00342706   0.0114468
   33      16     45864     45848   5.42621   4.41016   0.0111536   0.0115126
   34      16     47052     47036   5.40308   4.64062   0.0205226   0.0115618
   35      16     48312     48296   5.38932   4.92188  0.00350361   0.0115928
   36      16     49383     49367    5.3558   4.18359   0.0106424   0.0116218
   37      16     50736     50720   5.35387   5.28516   0.0103511    0.011663
   38      16     51945     51929   5.33725   4.72266    0.018175   0.0117058
   39      16     52975     52959   5.30354   4.02344   0.0164819   0.0117812
2026-07-07T21:51:59.072461+0800 min lat: 0.0016401 max lat: 0.161533 avg lat: 0.011803
  sec Cur ops   started  finished  avg MB/s  cur MB/s last lat(s)  avg lat(s)
   40      16     54214     54198   5.29193   4.83984    0.011388    0.011803
   41      16     55438     55422   5.27945   4.78125   0.0049562   0.0118339
   42      16     56421     56405   5.24516   3.83984   0.0117198   0.0119114
   43      16     57673     57657    5.2369   4.89062   0.0085828   0.0119307
   44      16     58873     58857    5.2244    4.6875  0.00395694   0.0119582
   45      16     60084     60068   5.21341   4.73047   0.0155741   0.0119808
   46      16     61090     61074   5.18548   3.92969  0.00278507   0.0120486
   47      16     62300     62284    5.1757   4.72656   0.0171848   0.0120685
   48      16     63563     63547   5.17064   4.93359   0.0167258   0.0120832
   49      16     64738     64722   5.15877   4.58984   0.0261629   0.0121044
   50      16     65707     65691   5.13128   3.78516  0.00964598   0.0121769
   51      16     66980     66964   5.12815   4.97266   0.0078936   0.0121832
   52      16     68192     68176   5.12057   4.73438   0.0149716   0.0122011
   53      16     69134     69118   5.09337   3.67969    0.010679   0.0122668
   54      16     70328     70312   5.08541   4.66406  0.00482399   0.0122849
   55      16     71576     71560   5.08157     4.875  0.00865869   0.0122942
   56      16     72671     72655    5.0672   4.27734  0.00282843   0.0123307
   57      16     73641     73625   5.04476   3.78906   0.0106933   0.0123839
   58      16     74882     74866   5.04135   4.84766   0.0164696   0.0123923
   59      16     76149     76133   5.03977   4.94922   0.0103781   0.0123952
2026-07-07T21:52:19.075742+0800 min lat: 0.0016401 max lat: 0.161533 avg lat: 0.0124175
  sec Cur ops   started  finished  avg MB/s  cur MB/s last lat(s)  avg lat(s)
   60      16     77261     77245   5.02816   4.34375   0.0290911   0.0124175
   61      16     78146     78130   5.00239   3.45703   0.0175129   0.0124881
   62      16     79405     79389   5.00101   4.91797   0.0159911   0.0124929
   63      16     80668     80652   4.99993   4.93359  0.00806656   0.0124965
   64      16     81343     81327     4.963   2.63672   0.0112492   0.0125007
   65      16     82600     82584   4.96217   4.91016  0.00920458   0.0125914
   66      16     83767     83751   4.95605   4.55859  0.00360044   0.0126074
   67      16     85038     85022   4.95617   4.96484  0.00280202   0.0126069
   68      16     86168     86152   4.94818   4.41406   0.0164465   0.0126255
   69      16     87429     87413   4.94785   4.92578  0.00794515   0.0126279
   70      16     88700     88684   4.94808   4.96484  0.00764375   0.0126272
   71      16     89916     89900   4.94528      4.75    0.010869   0.0126313
   72      16     91077     91061   4.93957   4.53516    0.015489   0.0126492
   73      16     92293     92277   4.93696      4.75   0.0134801   0.0126554
   74      16     93501     93485     4.934   4.71875   0.0171446   0.0126623
   75      16     94390     94374   4.91451   3.47266  0.00608808     0.01271
   76      16     95468     95452   4.90524   4.21094  0.00887541   0.0127371
   77      16     96750     96734   4.90656   5.00781  0.00735564   0.0127341
   78      16     97932     97916   4.90284   4.61719  0.00528346   0.0127413
   79      16     98663     98647   4.87692   2.85547  0.00818168   0.0128104
2026-07-07T21:52:39.079226+0800 min lat: 0.0016401 max lat: 0.516722 avg lat: 0.0128131
  sec Cur ops   started  finished  avg MB/s  cur MB/s last lat(s)  avg lat(s)
   80      16     99898     99882   4.87625   4.82422   0.0102305   0.0128131
   81      16    101144    101128   4.87612   4.86719  0.00295275   0.0128137
   82      16    102275    102259   4.87053   4.41797   0.0441175   0.0128141
   83      16    103101    103085   4.85072   3.22656    0.008464     0.01288
   84      16    104296    104280   4.84853   4.66797  0.00318256    0.012887
   85      16    105598    105582   4.85131   5.08594  0.00904082   0.0128799
   86      16    106325    106309   4.82792   2.83984  0.00681063   0.0129421
   87      16    107604    107588   4.82984   4.99609  0.00928631   0.0129365
   88      16    108848    108832   4.83017   4.85938   0.0177094   0.0129355
   89      15    109963    109948   4.82487   4.35938   0.0146135   0.0129496
   90      16    110836    110820    4.8091   3.40625  0.00627661   0.0129919
   91      16    112086    112070   4.80991   4.88281  0.00792951   0.0129904
   92      16    113362    113346   4.81179   4.98438  0.00759899   0.0129856
   93      16    114297    114281   4.79932   3.65234  0.00321319   0.0130185
   94      16    115225    115209   4.78682     3.625    0.017304   0.0130534
   95      16    116475    116459   4.78782   4.88281   0.0104878   0.0130502
   96      16    117555    117539   4.78189   4.21875   0.0147623    0.013047
   97      16    118507    118491   4.77092   3.71875  0.00828512   0.0130961
   98      16    119724    119708   4.77074   4.75391    0.011274   0.0130968
   99      16    120988    120972   4.77241    4.9375   0.0093081   0.0130913
2026-07-07T21:52:59.082581+0800 min lat: 0.0016401 max lat: 0.516722 avg lat: 0.0131207
  sec Cur ops   started  finished  avg MB/s  cur MB/s last lat(s)  avg lat(s)
  100      16    121948    121932   4.76218      3.75  0.00335904   0.0131207
  101      16    123020    123004   4.75648    4.1875     0.01815   0.0131347
  102      16    124222    124206   4.75588   4.69531  0.00906458   0.0131382
  103      16    125455    125439   4.75646   4.81641   0.0140083   0.0131369
  104      16    126164    126148   4.73735   2.76953  0.00909444   0.0131741
  105      16    127401    127385   4.73824   4.83203   0.0161324   0.0131869
  106      15    128519    128504   4.73477   4.37109  0.00356569    0.013197
  107      16    129493    129477   4.72604   3.80078    0.036297   0.0132158
  108      16    130625    130609   4.72321   4.42188   0.0127061    0.013229
  109      16    131188    131172   4.70005   2.19922   0.0754742   0.0132898
  110      16    131434    131418   4.66606  0.960938   0.0383212   0.0133881
  111      16    131540    131524   4.62775  0.414062   0.0825956   0.0134886
  112      16    131652    131636   4.59034    0.4375   0.0517586   0.0136018
  113      16    131860    131844    4.5569    0.8125   0.0445205   0.0137112
  114      16    132368    132352   4.53433   1.98438   0.0305464   0.0137768
  115      16    133351    133335   4.52829   3.83984   0.0341383   0.0137945
  116      16    134436    134420   4.52578   4.23828  0.00321233   0.0138064
  117      16    135752    135736   4.53103   5.14062   0.0110679   0.0137902
  118      16    136499    136483   4.51736   2.91797   0.0099872   0.0138305
  119      16    137582    137566   4.51494   4.23047   0.0115604   0.0138382
Total time run:         120.017
Total writes made:      138666
Write size:             4096
Object size:            4096
Bandwidth (MB/sec):     4.51324
Stddev Bandwidth:       2.14875
Max bandwidth (MB/sec): 21.6172
Min bandwidth (MB/sec): 0.414062
Average IOPS:           1155
Stddev IOPS:            550.08
Max IOPS:               5534
Min IOPS:               106
Average Latency(s):     0.0138448
Stddev Latency(s):      0.0158249
Max latency(s):         0.516722
Min latency(s):         0.0016401
[2026-07-07 21:53:19] Prefill done. Objects: GiB
[2026-07-07 21:53:19] ---- rand read 4K round 1 ----
[2026-07-07 21:53:30] Health: HEALTH_OK
[2026-07-07 21:53:31] START: rados bench -p juicefs-data 120 rand -t 64
[2026-07-07 21:55:31] END: rand read 4K r1
[2026-07-07 21:55:31] ---- rand read 4K round 2 ----
[2026-07-07 21:55:43] Health: HEALTH_OK
[2026-07-07 21:55:43] START: rados bench -p juicefs-data 120 rand -t 64
[2026-07-07 21:57:43] END: rand read 4K r2
[2026-07-07 21:57:43] ---- rand read 4K round 3 ----
[2026-07-07 21:57:55] Health: HEALTH_OK
[2026-07-07 21:57:56] START: rados bench -p juicefs-data 120 rand -t 64
[2026-07-07 21:59:56] END: rand read 4K r3
Removed 138666 objects
[2026-07-07 22:00:41] Health: HEALTH_OK
[2026-07-07 22:00:41] Block size 4K done.
[2026-07-07 22:00:41] ========== BLOCK SIZE: 64K ==========
[2026-07-07 22:00:41] ---- write 64K round 1 ----
[2026-07-07 22:00:53] Health: HEALTH_OK
[2026-07-07 22:00:54] START: rados bench -p juicefs-data 120 write -b 64K -t 64 --no-cleanup
[2026-07-07 22:02:55] END: write 64K r1
Removed 52703 objects
[2026-07-07 22:03:27] ---- write 64K round 2 ----
[2026-07-07 22:03:39] Health: HEALTH_OK
[2026-07-07 22:03:39] START: rados bench -p juicefs-data 120 write -b 64K -t 64 --no-cleanup
[2026-07-07 22:05:40] END: write 64K r2
Removed 52652 objects
[2026-07-07 22:06:13] ---- write 64K round 3 ----
[2026-07-07 22:06:25] Health: HEALTH_OK
[2026-07-07 22:06:25] START: rados bench -p juicefs-data 120 write -b 64K -t 64 --no-cleanup
[2026-07-07 22:08:26] END: write 64K r3
Removed 43325 objects
[2026-07-07 22:08:52] ---- prefill for rand read (64K, 120s) ----
[2026-07-07 22:09:04] Health: HEALTH_OK
hints = 1
Maintaining 16 concurrent writes of 65536 bytes to objects of size 65536 for up to 120 seconds or 0 objects
Object prefix: benchmark_data_tikv-node_307923
  sec Cur ops   started  finished  avg MB/s  cur MB/s last lat(s)  avg lat(s)
    0       0         0         0         0         0           -           0
    1      16      1805      1789   111.792   111.812  0.00542008   0.0088961
    2      16      3097      3081   96.2637     80.75   0.0572594   0.0100944
    3      16      3298      3282   68.3631   12.5625   0.0621065   0.0144682
    4      16      3691      3675   57.4127   24.5625   0.0542802   0.0173861
    5      16      4105      4089   51.1042    25.875    0.018233   0.0195328
    6      16      4384      4368   45.4924   17.4375   0.0954297   0.0215967
    7      16      4704      4688   41.8503        20   0.0185327   0.0238378
    8      16      5099      5083   39.7046   24.6875   0.0175344   0.0251502
    9      16      5507      5491   38.1258      25.5   0.0596955   0.0261919
   10      16      5691      5675    35.463      11.5   0.0185153     0.02817
   11      16      6076      6060   34.4262   24.0625   0.0178057   0.0290167
   12      16      6448      6432   33.4944     23.25    0.016583   0.0298274
   13      16      6736      6720   32.3022        18   0.0879558    0.030499
   14      16      7015      6999   31.2399   17.4375   0.0266333   0.0319522
   15      16      7399      7383    30.757        24   0.0538279   0.0323973
   16      16      7831      7815   30.5219        27    0.024627   0.0327352
   17      16      7983      7967   29.2852       9.5    0.066196   0.0340793
   18      16      8368      8352   28.9948   24.0625   0.0648117   0.0344328
   19      16      8761      8745   28.7613   24.5625    0.059143   0.0347463
2026-07-07T22:09:24.947102+0800 min lat: 0.00373442 max lat: 0.343482 avg lat: 0.0350212
  sec Cur ops   started  finished  avg MB/s  cur MB/s last lat(s)  avg lat(s)
   20      16      9076      9060   28.3075   19.6875    0.153471   0.0350212
   21      16      9328      9312   27.7093     15.75    0.027953   0.0359831
   22      16      9718      9702   27.5576    24.375   0.0266042   0.0362405
   23      16     10118     10102   27.4462        25    0.059365   0.0363761
   24      16     10310     10294   26.8025        12   0.0178128   0.0372194
   25      16     10695     10679   26.6928   24.0625   0.0196002   0.0374482
   26      16     11078     11062   26.5867   23.9375   0.0251689   0.0375926
   27      16     11418     11402   26.3889     21.25     0.16064   0.0376968
   28      16     11666     11650   25.9999      15.5    0.018936   0.0384136
   29      16     12056     12040   25.9437    24.375   0.0188227   0.0384989
   30      16     12463     12447   25.9267   25.4375   0.0254543   0.0385523
   31      16     12639     12623   25.4451        11    0.096426   0.0389836
   32      16     13025     13009   25.4038    24.125   0.0266268    0.039304
   33      15     13420     13405   25.3838     24.75     0.06017   0.0393474
   34      16     13768     13752    25.275   21.6875   0.0265804   0.0393224
   35      16     14017     14001   24.9974   15.5625   0.0624183   0.0399942
   36      16     14395     14379   24.9592    23.625   0.0354021        0.04
   37      16     14812     14796   24.9889   26.0625   0.0511615   0.0399934
   38      16     15009     14993   24.6553   12.3125   0.0135567   0.0405497
   39      16     15385     15369   24.6256      23.5   0.0642224   0.0405901
2026-07-07T22:09:44.950460+0800 min lat: 0.00373442 max lat: 0.356704 avg lat: 0.0405823
  sec Cur ops   started  finished  avg MB/s  cur MB/s last lat(s)  avg lat(s)
   40      16     15769     15753   24.6098        24   0.0515525   0.0405823
   41      16     16086     16070   24.4927   19.8125   0.0177128   0.0406093
   42      16     16314     16298   24.2487     14.25   0.0275588   0.0411905
   43      16     16705     16689    24.253   24.4375   0.0174372   0.0411954
   44      16     17109     17093   24.2756     25.25   0.0514177   0.0411662
   45      16     17290     17274   23.9875   11.3125   0.0992963   0.0415083
   46      16     17671     17655   23.9836   23.8125    0.055885   0.0416708
   47      16     18064     18048   23.9959   24.5625   0.0169608    0.041664
   48      16     18432     18416   23.9751        23   0.0269202   0.0415923
   49      16     18675     18659   23.7957   15.1875   0.0546775   0.0420163
   50      16     19060     19044    23.801   24.0625   0.0181801    0.042002
   51      16     19476     19460    23.844        26   0.0185781    0.041916
   52      16     19670     19654   23.6186    12.125    0.347606   0.0422329
   53      16     20054     20038   23.6257        24   0.0191502   0.0423042
   54      16     20439     20423   23.6337   24.0625   0.0246952   0.0422921
   55      16     20832     20816   23.6505   24.5625   0.0260053   0.0422156
   56      16     21040     21024   23.4603        13   0.0547683   0.0425924
   57      16     21424     21408   23.4697        24   0.0169392   0.0425642
   58      16     21847     21831   23.5207   26.4375   0.0255441   0.0425033
   59      16     22078     22062   23.3668   14.4375    0.265232   0.0426279
2026-07-07T22:10:04.953788+0800 min lat: 0.00373442 max lat: 0.44342 avg lat: 0.0428057
  sec Cur ops   started  finished  avg MB/s  cur MB/s last lat(s)  avg lat(s)
   60      16     22442     22426   23.3564     22.75   0.0269294   0.0428057
   61      16     22830     22814    23.371     24.25   0.0183885   0.0427636
   62      16     23238     23222   23.4052      25.5   0.0177619   0.0426877
   63      16     23431     23415   23.2252   12.0625   0.0271302   0.0430358
   64      16     23808     23792   23.2304   23.5625   0.0276019   0.0430343
   65      16     24208     24192   23.2576        25   0.0249668   0.0429591
   66      16     24480     24464   23.1627        17    0.423326    0.043137
   67      16     24784     24768   23.1005        19     0.01764   0.0432424
   68      16     25168     25152   23.1137        24   0.0159406   0.0432098
   69      16     25613     25597   23.1817   27.8125   0.0256742   0.0431281
   70      16     25750     25734   22.9729    8.5625   0.0136386   0.0434684
   71      16     26135     26119   22.9882   24.0625   0.0178053   0.0434403
   72      16     26529     26513   23.0108    24.625    0.017248   0.0434373
   73      16     26830     26814   22.9533   18.8125    0.143879   0.0435264
   74      16     27082     27066   22.8559     15.75   0.0276826   0.0437454
   75      16     27457     27441   22.8636   23.4375   0.0625331   0.0437282
   76      16     27881     27865   22.9114      26.5   0.0173517   0.0436316
   77      16     28017     28001   22.7242       8.5    0.146598   0.0437906
   78      16     28406     28390   22.7445   24.3125   0.0272915    0.043942
   79      16     28792     28776   22.7619    24.125   0.0259389   0.0439181
2026-07-07T22:10:24.957194+0800 min lat: 0.00373442 max lat: 0.533901 avg lat: 0.0438829
  sec Cur ops   started  finished  avg MB/s  cur MB/s last lat(s)  avg lat(s)
   80      16     29128     29112   22.7399        21   0.0770995   0.0438829
   81      16     29339     29323   22.6219   13.1875   0.0617402   0.0441927
   82      16     29710     29694   22.6287   23.1875   0.0645369   0.0441723
   83      16     30117     30101   22.6625   25.4375   0.0575842   0.0441174
   84      16     30308     30292   22.5348   11.9375    0.295426   0.0443019
   85      16     30662     30646     22.53    22.125   0.0186545   0.0443738
   86      16     31045     31029   22.5463   23.9375   0.0172488   0.0443448
   87      16     31437     31421   22.5687      24.5   0.0906544   0.0442814
   88      15     31576     31561   22.4117      8.75    0.018881   0.0446097
   89      16     31930     31914   22.4077   22.0625    0.020583   0.0446125
   90      16     32333     32317   22.4385   25.1875   0.0612258   0.0445473
   91      16     32581     32565   22.3623      15.5    0.291221   0.0446677
   92      16     32886     32870   22.3264   19.0625   0.0278853    0.044766
   93      16     33270     33254   22.3443        24   0.0269141   0.0447286
   94      16     33686     33670   22.3831        26    0.059361    0.044669
   95      16     33838     33822   22.2475       9.5    0.018328   0.0449349
   96      16     34238     34222   22.2762        25   0.0173146   0.0448835
   97      16     34631     34615   22.2997   24.5625   0.0169757   0.0448316
   98      16     34873     34857   22.2264    15.125     0.29664   0.0448832
   99      16     35177     35161   22.1938        19   0.0190269   0.0450397
2026-07-07T22:10:44.960617+0800 min lat: 0.00373442 max lat: 0.533901 avg lat: 0.0450095
  sec Cur ops   started  finished  avg MB/s  cur MB/s last lat(s)  avg lat(s)
  100      16     35561     35545   22.2118        24   0.0185909   0.0450095
  101      16     35959     35943   22.2381    24.875   0.0260484   0.0449529
  102      16     36091     36075    22.101      8.25   0.0313427   0.0452353
  103      16     36461     36445   22.1109    23.125   0.0286842   0.0452171
  104      16     36880     36864   22.1501   26.1875   0.0248449   0.0451402
  105      16     37152     37136    22.101        17   0.0941931   0.0451631
  106      16     37426     37410    22.054    17.125   0.0646069   0.0453366
  107      16     37810     37794   22.0722        24   0.0545815   0.0452983
  108      16     38217     38201   22.1033   25.4375   0.0166058   0.0452348
  109      16     38377     38361   21.9922        10  0.00988577   0.0454606
  110      16     38761     38745   22.0104        24   0.0187756   0.0454118
  111      16     39154     39138   22.0334   24.5625   0.0523159   0.0453616
  112      16     39452     39436   22.0029    18.625   0.0980012    0.045429
  113      15     39727     39712   21.9608     17.25   0.0263663   0.0455256
  114      16     40127     40111   21.9869   24.9375   0.0180581   0.0454651
  115      16     40535     40519   22.0174      25.5   0.0179553   0.0454113
  116      16     40706     40690   21.9198   10.6875   0.0260973    0.045602
  117      16     41101     41085   21.9434   24.6875   0.0174115   0.0455577
  118      16     41501     41485   21.9692        25   0.0618121   0.0455075
  119      16     41805     41789   21.9443        19    0.120131   0.0455157
Total time run:         120.015
Total writes made:      42047
Write size:             65536
Object size:            65536
Bandwidth (MB/sec):     21.8968
Stddev Bandwidth:       11.3048
Max bandwidth (MB/sec): 111.812
Min bandwidth (MB/sec): 8.25
Average IOPS:           350
Stddev IOPS:            180.877
Max IOPS:               1789
Min IOPS:               132
Average Latency(s):     0.0456635
Stddev Latency(s):      0.0487764
Max latency(s):         0.533901
Min latency(s):         0.00356195
[2026-07-07 22:11:05] Prefill done. Objects: GiB
[2026-07-07 22:11:05] ---- rand read 64K round 1 ----
[2026-07-07 22:11:16] Health: HEALTH_OK
[2026-07-07 22:11:17] START: rados bench -p juicefs-data 120 rand -t 64
[2026-07-07 22:13:18] END: rand read 64K r1
[2026-07-07 22:13:18] ---- rand read 64K round 2 ----
[2026-07-07 22:13:30] Health: HEALTH_OK
[2026-07-07 22:13:30] START: rados bench -p juicefs-data 120 rand -t 64
[2026-07-07 22:15:31] END: rand read 64K r2
[2026-07-07 22:15:31] ---- rand read 64K round 3 ----
[2026-07-07 22:15:43] Health: HEALTH_OK
[2026-07-07 22:15:43] START: rados bench -p juicefs-data 120 rand -t 64
[2026-07-07 22:17:44] END: rand read 64K r3
Removed 42047 objects
[2026-07-07 22:18:03] Health: HEALTH_OK
[2026-07-07 22:18:03] Block size 64K done.
[2026-07-07 22:18:03] ========== BLOCK SIZE: 256K ==========
[2026-07-07 22:18:03] ---- write 256K round 1 ----
[2026-07-07 22:18:15] Health: HEALTH_OK
[2026-07-07 22:18:15] START: rados bench -p juicefs-data 120 write -b 256K -t 64 --no-cleanup
[2026-07-07 22:20:16] END: write 256K r1
Removed 26994 objects
[2026-07-07 22:20:36] ---- write 256K round 2 ----
[2026-07-07 22:20:48] Health: HEALTH_OK
[2026-07-07 22:20:48] START: rados bench -p juicefs-data 120 write -b 256K -t 64 --no-cleanup
[2026-07-07 22:22:49] END: write 256K r2
Removed 25605 objects
[2026-07-07 22:23:09] ---- write 256K round 3 ----
[2026-07-07 22:23:21] Health: HEALTH_OK
[2026-07-07 22:23:22] START: rados bench -p juicefs-data 120 write -b 256K -t 64 --no-cleanup
[2026-07-07 22:25:23] END: write 256K r3
Removed 22649 objects
[2026-07-07 22:25:42] ---- prefill for rand read (256K, 120s) ----
[2026-07-07 22:25:54] Health: HEALTH_OK
hints = 1
Maintaining 16 concurrent writes of 262144 bytes to objects of size 262144 for up to 120 seconds or 0 objects
Object prefix: benchmark_data_tikv-node_396987
  sec Cur ops   started  finished  avg MB/s  cur MB/s last lat(s)  avg lat(s)
    0       0         0         0         0         0           -           0
    1      16       457       441   110.231    110.25   0.0247017   0.0352402
    2      16       905       889   111.106       112   0.0250876   0.0355811
    3      16      1352      1336   111.317    111.75   0.0242492   0.0357109
    4      16      1799      1783    111.42    111.75   0.0614142   0.0357212
    5      16      2056      2040   101.984     64.25   0.0276103   0.0385626
    6      16      2257      2241   93.3605     50.25    0.103992   0.0427444
    7      16      2456      2440   87.1296     49.75   0.0515705   0.0455262
    8      16      2605      2589    80.894     37.25   0.0145448   0.0473366
    9      16      2780      2764   76.7665     43.75   0.0209544   0.0517732
   10      16      2983      2967    74.163     50.75   0.0363035    0.053613
   11      16      3198      3182   72.3063     53.75   0.0198423   0.0550587
   12      16      3312      3296   68.6554      28.5   0.0935706   0.0579931
   13      16      3506      3490   67.1044      48.5   0.0191728   0.0592141
   14      16      3716      3700   66.0606      52.5   0.0122034   0.0603006
   15      16      3882      3866   64.4227      41.5    0.207181   0.0614653
   16      16      4032      4016   62.7396      37.5   0.0187556   0.0636198
   17      16      4219      4203   61.7986     46.75     0.05589   0.0643994
   18      16      4435      4419    61.365        54   0.0514373    0.065118
   19      16      4532      4516   59.4115     24.25   0.0672738   0.0672896
2026-07-07T22:26:14.359399+0800 min lat: 0.00709421 max lat: 0.65176 avg lat: 0.0676378
  sec Cur ops   started  finished  avg MB/s  cur MB/s last lat(s)  avg lat(s)
   20      16      4743      4727    59.078     52.75   0.0126356   0.0676378
   21      16      4934      4918   58.5381     47.75   0.0242912   0.0680665
   22      16      5110      5094   57.8769        44   0.0184119   0.0683429
   23      16      5247      5231   56.8493     34.25   0.0444988   0.0701767
   24      16      5450      5434   56.5948     50.75   0.0133251    0.070592
   25      16      5651      5635   56.3406     50.25   0.0238458   0.0708347
   26      16      5765      5749   55.2697      28.5    0.087984   0.0723592
   27      16      5946      5930   54.8984     45.25   0.0550867   0.0726756
   28      16      6155      6139   54.8035     52.25   0.0938876   0.0729777
   29      16      6332      6316   54.4393     44.25   0.0879371   0.0730858
   30      16      6460      6444   53.6911        32   0.0906396    0.074478
   31      16      6656      6640   53.5395        49    0.014271   0.0746726
   32      16      6849      6833    53.374     48.25   0.0596336   0.0747507
   33      16      6957      6941   52.5746        27    0.433687   0.0755832
   34      16      7155      7139   52.4839      49.5   0.0154572   0.0761156
   35      16      7349      7333   52.3698      48.5   0.0204758   0.0762036
   36      16      7545      7529    52.276        49    0.020308   0.0762036
   37      16      7653      7637   51.5927        27   0.0464776   0.0773545
   38      16      7850      7834   51.5308     49.25   0.0134042   0.0775179
   39      16      8054      8038    51.517        51    0.032798   0.0775532
2026-07-07T22:26:34.362872+0800 min lat: 0.00709421 max lat: 0.65176 avg lat: 0.0779443
  sec Cur ops   started  finished  avg MB/s  cur MB/s last lat(s)  avg lat(s)
   40      16      8163      8147   50.9103     27.25    0.274144   0.0779443
   41      16      8351      8335   50.8147        47   0.0173078   0.0786687
   42      16      8541      8525   50.7356      47.5   0.0213442   0.0787906
   43      16      8747      8731   50.7532      51.5   0.0191108   0.0787163
   44      16      8842      8826   50.1394     23.75   0.0217873   0.0797132
   45      16      9028      9012   50.0583      46.5   0.0120942   0.0798127
   46      16      9224      9208   50.0351        49    0.051028      0.0798
   47      16      9374      9358   49.7683      37.5    0.324905    0.080165
   48      16      9526      9510    49.523        38   0.0454379   0.0807022
   49      16      9717      9701   49.4866     47.75   0.0133983    0.080746
   50      16      9924      9908   49.5317     51.75   0.0209035   0.0806388
   51      16     10012      9996   48.9918        22   0.0128408   0.0815545
   52      16     10198     10182   48.9438      46.5   0.0193149   0.0815983
   53      16     10408     10392   49.0107      52.5   0.0228117   0.0815657
   54      16     10571     10555   48.8576     40.75    0.113362    0.081588
   55      16     10692     10676   48.5192     30.25    0.102954   0.0824139
   56      16     10887     10871   48.5232     48.75   0.0188653   0.0823896
   57      16     11094     11078   48.5797     51.75   0.0750594   0.0822862
   58      16     11187     11171   48.1429     23.25  0.00942254   0.0826728
   59      16     11360     11344   48.0598     43.25    0.082025   0.0831114
2026-07-07T22:26:54.366160+0800 min lat: 0.00709421 max lat: 0.65176 avg lat: 0.0830356
  sec Cur ops   started  finished  avg MB/s  cur MB/s last lat(s)  avg lat(s)
   60      16     11566     11550    48.117      51.5   0.0591606   0.0830356
   61      16     11768     11752   48.1559      50.5    0.108813   0.0829717
   62      16     11860     11844   47.7501        23   0.0277795    0.083714
   63      16     12043     12027   47.7182     45.75   0.0206627   0.0837071
   64      16     12252     12236   47.7889     52.25   0.0128651   0.0836586
   65      16     12366     12350   47.4921      28.5    0.210005   0.0837416
   66      16     12539     12523   47.4277     43.25   0.0193813   0.0842816
   67      16     12732     12716   47.4399     48.25   0.0199106   0.0842289
   68      16     12937     12921   47.4958     51.25   0.0788351   0.0841139
   69      16     13026     13010   47.1299     22.25   0.0417426   0.0848445
   70      16     13223     13207     47.16     49.25   0.0121168   0.0847873
   71      16     13414     13398   47.1682     47.75   0.0164174   0.0847084
   72      16     13547     13531   46.9748     33.25    0.162931    0.084731
   73      16     13716     13700     46.91     42.25    0.101918   0.0852583
   74      16     13907     13891   46.9212     47.75   0.0186125   0.0851734
   75      16     14124     14108   47.0188     54.25   0.0190217   0.0850293
   76      16     14203     14187     46.66     19.75   0.0190596   0.0856532
   77      16     14397     14381   46.6838      48.5   0.0931366   0.0856034
   78      16     14598     14582   46.7294     50.25   0.0225544   0.0855215
   79      16     14743     14727   46.5967     36.25    0.433177   0.0858281
2026-07-07T22:27:14.369505+0800 min lat: 0.00709421 max lat: 0.65176 avg lat: 0.08608
  sec Cur ops   started  finished  avg MB/s  cur MB/s last lat(s)  avg lat(s)
   80      16     14882     14866   46.4485     34.75   0.0195162     0.08608
   81      16     15077     15061   46.4768     48.75   0.0201079   0.0860118
   82      16     15292     15276   46.5654     53.75   0.0173534   0.0858805
   83      16     15371     15355   46.2423     19.75    0.105625   0.0864566
   84      16     15561     15545   46.2571      47.5   0.0198119   0.0863872
   85      16     15772     15756   46.3334     52.75   0.0871637   0.0863144
   86      16     15911     15895   46.1987     34.75    0.127528   0.0862587
   87      16     16044     16028   46.0498     33.25   0.0182905   0.0867625
   88      16     16253     16237   46.1201     52.25    0.101048   0.0867226
   89      16     16443     16427   46.1356      47.5   0.0426689   0.0866265
   90      16     16533     16517   45.8729      22.5    0.322544   0.0871918
   91      16     16717     16701   45.8742        46   0.0129534   0.0871713
   92      16     16916     16900   45.9163     49.75    0.094409   0.0871028
   93      16     17074     17058   45.8472      39.5   0.0192566       0.087
   94      16     17184     17168    45.652      27.5   0.0184842   0.0875267
   95      16     17387     17371   45.7055     50.75   0.0135682   0.0874865
   96      16     17585     17569    45.745      49.5    0.028987   0.0873737
   97      16     17686     17670   45.5336     25.25      0.2462   0.0877136
   98      16     17855     17839   45.5001     42.25   0.0189286   0.0878338
   99      16     18054     18038   45.5429     49.75   0.0258358   0.0877916
2026-07-07T22:27:34.372886+0800 min lat: 0.00709421 max lat: 0.65176 avg lat: 0.0876834
  sec Cur ops   started  finished  avg MB/s  cur MB/s last lat(s)  avg lat(s)
  100      16     18246     18230   45.5674        48   0.0180088   0.0876834
  101      16     18326     18310   45.3142        20    0.037223   0.0882101
  102      16     18531     18515   45.3723     51.25   0.0195586   0.0881352
  103      16     18723     18707   45.3977        48   0.0168796   0.0880435
  104      16     18852     18836   45.2712     32.25      0.3944   0.0883342
  105      16     18993     18977   45.1758     35.25   0.0138808   0.0884948
  106      16     19184     19168      45.2     47.75   0.0476365   0.0884476
  107      16     19396     19380   45.2728        53   0.0335055   0.0883127
  108      16     19470     19454   45.0249      18.5   0.0191284    0.088795
  109      16     19666     19650   45.0613        49   0.0225452   0.0887416
  110      16     19863     19847   45.0993     49.25   0.0341934   0.0886401
  111      16     20003     19987   45.0082        35    0.148961   0.0886496
  112      16     20141     20125   44.9143      34.5   0.0191938   0.0890003
  113      16     20337     20321   44.9504        49    0.018226   0.0889238
  114      16     20553     20537   45.0297        54    0.017124    0.088794
  115      16     20627     20611    44.799      18.5   0.0465949   0.0892361
  116      16     20832     20816   44.8546     51.25    0.084818    0.089168
  117      16     21028     21012   44.8899        49   0.0249688   0.0890579
  118      16     21188     21172   44.8484        40    0.341363   0.0891743
  119      16     21293     21277   44.6921     26.25   0.0223035   0.0894717
2026-07-07T22:27:54.376282+0800 min lat: 0.00709421 max lat: 0.65176 avg lat: 0.0894585
  sec Cur ops   started  finished  avg MB/s  cur MB/s last lat(s)  avg lat(s)
  120      16     21463     21447   44.6738      42.5   0.0201062   0.0894585
Total time run:         120.022
Total writes made:      21463
Write size:             262144
Object size:            262144
Bandwidth (MB/sec):     44.7064
Stddev Bandwidth:       16.2022
Max bandwidth (MB/sec): 112
Min bandwidth (MB/sec): 18.5
Average IOPS:           178
Stddev IOPS:            64.809
Max IOPS:               448
Min IOPS:               74
Average Latency(s):     0.0894681
Stddev Latency(s):      0.071098
Max latency(s):         0.65176
Min latency(s):         0.00709421
[2026-07-07 22:27:55] Prefill done. Objects: GiB
[2026-07-07 22:27:55] ---- rand read 256K round 1 ----
[2026-07-07 22:28:07] Health: HEALTH_OK
[2026-07-07 22:28:07] START: rados bench -p juicefs-data 120 rand -t 64
[2026-07-07 22:30:08] END: rand read 256K r1
[2026-07-07 22:30:08] ---- rand read 256K round 2 ----
[2026-07-07 22:30:20] Health: HEALTH_OK
[2026-07-07 22:30:21] START: rados bench -p juicefs-data 120 rand -t 64
[2026-07-07 22:32:22] END: rand read 256K r2
[2026-07-07 22:32:22] ---- rand read 256K round 3 ----
[2026-07-07 22:32:33] Health: HEALTH_OK
[2026-07-07 22:32:34] START: rados bench -p juicefs-data 120 rand -t 64
[2026-07-07 22:34:35] END: rand read 256K r3
Removed 21463 objects
[2026-07-07 22:34:51] Health: HEALTH_OK
[2026-07-07 22:34:51] Block size 256K done.
[2026-07-07 22:34:51] ========== BLOCK SIZE: 1M ==========
[2026-07-07 22:34:51] ---- write 1M round 1 ----
[2026-07-07 22:35:03] Health: HEALTH_OK
[2026-07-07 22:35:03] START: rados bench -p juicefs-data 120 write -b 1M -t 64 --no-cleanup
[2026-07-07 22:37:04] END: write 1M r1
Removed 7003 objects
[2026-07-07 22:37:17] ---- write 1M round 2 ----
[2026-07-07 22:37:29] Health: HEALTH_OK
[2026-07-07 22:37:30] START: rados bench -p juicefs-data 120 write -b 1M -t 64 --no-cleanup
[2026-07-07 22:39:31] END: write 1M r2
Removed 6812 objects
[2026-07-07 22:39:45] ---- write 1M round 3 ----
[2026-07-07 22:39:57] Health: HEALTH_OK
[2026-07-07 22:39:57] START: rados bench -p juicefs-data 120 write -b 1M -t 64 --no-cleanup
[2026-07-07 22:41:58] END: write 1M r3
Removed 6114 objects
[2026-07-07 22:42:11] ---- prefill for rand read (1M, 120s) ----
[2026-07-07 22:42:23] Health: HEALTH_OK
hints = 1
Maintaining 16 concurrent writes of 1048576 bytes to objects of size 1048576 for up to 120 seconds or 0 objects
Object prefix: benchmark_data_tikv-node_484298
  sec Cur ops   started  finished  avg MB/s  cur MB/s last lat(s)  avg lat(s)
    0       0         0         0         0         0           -           0
    1      16       118       102   101.982       102    0.246797    0.141408
    2      16       227       211   105.479       109    0.276113    0.141391
    3      16       333       317   105.649       106   0.0949054    0.145427
    4      15       440       425   106.232       108     0.19947    0.147656
    5      16       544       528   105.582       103   0.0565196     0.14681
    6      16       606       590   98.3166        62    0.131567    0.155239
    7      16       662       646   92.2702        56    0.117321      0.1696
    8      16       704       688   85.9853        42    0.179047    0.176337
    9      16       745       729   80.9864        41    0.111159     0.19591
   10      16       788       772    77.187        43    0.135367    0.201774
   11      16       848       832   75.6238        60   0.0906987    0.208725
   12      16       871       855   71.2381        23   0.0928059    0.210669
   13      16       925       909   69.9114        54    0.409908    0.228708
   14      16       968       952   67.9885        43   0.0781769    0.231432
   15      16      1012       996   66.3887        44    0.311771    0.234054
   16      16      1046      1030   64.3642        34    0.111969    0.246303
   17      16      1087      1071   62.9894        41    0.277488    0.249568
   18      16      1146      1130   62.7672        59    0.117829    0.252212
   19      16      1182      1166   61.3582        36    0.811639    0.260152
2026-07-07T22:42:43.910865+0800 min lat: 0.0332215 max lat: 1.08958 avg lat: 0.263717
  sec Cur ops   started  finished  avg MB/s  cur MB/s last lat(s)  avg lat(s)
   20      16      1220      1204     60.19        38   0.0672328    0.263717
   21      16      1276      1260   59.9899        56    0.327055    0.266494
   22      16      1319      1303   59.2174        43    0.130094    0.266975
   23      16      1351      1335   58.0338        32    0.564176    0.275431
   24      16      1393      1377   57.3654        42     0.15802    0.276775
   25      16      1450      1434   57.3505        57   0.0454481    0.278154
   26      16      1474      1458   56.0676        24       0.408    0.278217
   27      16      1513      1497   55.4352        39   0.0523943    0.285106
   28      16      1574      1558   55.6336        61    0.115283    0.286246
   29      16      1629      1613   55.6115        55    0.311394    0.287344
   30      16      1652      1636   54.5244        23   0.0901781    0.292605
   31      16      1690      1674   53.9911        38   0.0739685    0.293832
   32      16      1751      1735   54.2099        61   0.0780972    0.294072
   33      16      1778      1762   53.3852        27    0.703269     0.29517
   34      16      1824      1808   53.1678        46   0.0579499    0.299635
   35      16      1866      1850   52.8485        42    0.259713    0.300129
   36      16      1926      1910   53.0469        60    0.060186    0.300282
   37      16      1948      1932   52.2076        22    0.133766    0.304677
   38      16      2005      1989   52.3335        57   0.0398909    0.305318
   39      16      2045      2029   52.0171        40   0.0650975    0.305116
2026-07-07T22:43:03.914102+0800 min lat: 0.0293388 max lat: 1.08958 avg lat: 0.304784
  sec Cur ops   started  finished  avg MB/s  cur MB/s last lat(s)  avg lat(s)
   40      16      2087      2071   51.7665        42    0.189128    0.304784
   41      16      2126      2110    51.455        39   0.0780736    0.309371
   42      16      2184      2168   51.6106        58   0.0646751    0.309505
   43      16      2227      2211   51.4101        43     0.25067    0.309267
   44      16      2260      2244   50.9916        33   0.0292957    0.313382
   45      16      2302      2286   50.7916        42     0.10114    0.313202
   46      16      2360      2344   50.9482        58    0.148294    0.313617
   47      16      2398      2382   50.6725        38    0.455289    0.313939
   48      16      2435      2419   50.3875        37   0.0805691    0.316631
   49      16      2489      2473   50.4611        54     0.39203    0.317001
   50      16      2533      2517   50.3318        44    0.184877    0.316288
   51      16      2552      2536   49.7174        19    0.357875    0.317814
   52      16      2610      2594   49.8765        58    0.117995    0.319422
   53      16      2669      2653   50.0485        59   0.0885897    0.319213
   54      16      2706      2690   49.8067        37    0.567408    0.320283
   55      16      2745      2729   49.6101        39   0.0857013    0.321888
   56      16      2783      2767   49.4026        38    0.186176    0.321796
   57      16      2842      2826   49.5708        59    0.101129    0.321508
   58      16      2875      2859    49.285        33    0.817682    0.324472
   59      16      2924      2908   49.2801        49   0.0976059    0.324285
2026-07-07T22:43:23.917437+0800 min lat: 0.0292957 max lat: 1.08958 avg lat: 0.323686
  sec Cur ops   started  finished  avg MB/s  cur MB/s last lat(s)  avg lat(s)
   60      16      2972      2956   49.2586        48    0.181219    0.323686
   61      16      3012      2996   49.1066        40   0.0801462    0.323189
   62      16      3051      3035   48.9435        39    0.103729    0.325827
   63      16      3107      3091   49.0553        56   0.0908046    0.325675
   64      16      3147      3131   48.9137        40    0.182905    0.325411
   65      16      3184      3168   48.7304        37   0.0600114    0.327837
   66      16      3226      3210   48.6283        42     0.08107    0.327457
   67      16      3283      3267   48.7531        57    0.221177    0.327522
   68      16      3322      3306   48.6095        39   0.0791238    0.326912
   69      16      3360      3344   48.4557        38   0.0916459     0.32984
   70      16      3406      3390   48.4205        46   0.0633017    0.329216
   71      16      3464      3448   48.5553        58   0.0706912     0.32873
   72      16      3483      3467   48.1447        19    0.675073    0.330656
   73      16      3543      3527    48.307        60   0.0845915    0.330552
   74      16      3586      3570   48.2352        43     0.23224    0.330278
   75      16      3626      3610   48.1253        40   0.0931161    0.329868
   76      16      3669      3653   48.0578        43     0.14942    0.331916
   77      16      3727      3711   48.1868        58   0.0580768    0.331798
   78      16      3770      3754   48.1202        43    0.337393     0.33119
   79      16      3788      3772   47.7389        18   0.0557945    0.330985
2026-07-07T22:43:43.920853+0800 min lat: 0.0292957 max lat: 1.08958 avg lat: 0.332938
  sec Cur ops   started  finished  avg MB/s  cur MB/s last lat(s)  avg lat(s)
   80      16      3856      3840    47.992        68   0.0759148    0.332938
   81      16      3899      3883   47.9303        43   0.0856786    0.332588
   82      16      3939      3923   47.8334        40    0.193079    0.332264
   83      16      3978      3962   47.7269        39    0.207049    0.334305
   84      16      4035      4019   47.8372        57   0.0708539    0.333936
   85      16      4092      4076    47.945        57    0.336618    0.333639
   86      16      4113      4097   47.6316        21   0.0546536    0.335413
   87      16      4155      4139   47.5668        42     0.22209    0.335105
   88      16      4215      4199    47.708        60    0.076449    0.334714
   89      16      4255      4239   47.6213        40   0.0841244    0.334276
   90      16      4298      4282   47.5699        43   0.0824795    0.336012
   91      16      4339      4323   47.4976        41    0.350319     0.33566
   92      16      4400      4384   47.6442        61    0.155203    0.335142
   93      16      4416      4400    47.304        16    0.589958    0.335989
   94      16      4477      4461   47.4496        61   0.0810771    0.336562
   95      16      4534      4518     47.55        57   0.0692506    0.336229
   96      16      4570      4554   47.4297        36    0.549439    0.336579
   97      16      4608      4592   47.3324        38   0.0442015    0.337499
   98      16      4664      4648   47.4207        56    0.294644     0.33728
   99      16      4720      4704   47.5073        56    0.287985     0.33677
2026-07-07T22:44:03.924070+0800 min lat: 0.0292957 max lat: 1.08958 avg lat: 0.338265
  sec Cur ops   started  finished  avg MB/s  cur MB/s last lat(s)  avg lat(s)
  100      16      4741      4725   47.2422        21   0.0895458    0.338265
  101      16      4781      4765   47.1704        40   0.0789457    0.338017
  102      16      4837      4821   47.2569        56    0.122945    0.337658
  103      16      4880      4864   47.2155        43   0.0934981     0.33719
  104      16      4919      4903   47.1364        39   0.0851321    0.338676
  105      16      4975      4959   47.2208        56   0.0365848    0.338461
  106      16      5032      5016   47.3129        57   0.0427243    0.337981
  107      16      5053      5037    47.067        21    0.065225    0.339294
  108      16      5112      5096   47.1774        59   0.0441179    0.338961
  109      16      5166      5150   47.2399        54    0.306027    0.338658
  110      16      5190      5174   47.0286        24    0.074267    0.338301
  111      16      5243      5227   47.0823        53   0.0581121    0.339457
  112      16      5285      5269   47.0368        42    0.116526    0.339186
  113      16      5345      5329   47.1515        60    0.153766    0.338674
  114      16      5380      5364   47.0448        35   0.0697556    0.339817
  115      16      5421      5405   46.9922        41   0.0709869    0.339586
  116      16      5483      5467   47.1215        62    0.138569     0.33916
  117      16      5519      5503   47.0264        36    0.364367    0.338968
  118      16      5562      5546   46.9922        43     0.25825     0.33983
  119      16      5617      5601   47.0594        55    0.319589    0.339932
2026-07-07T22:44:23.927481+0800 min lat: 0.0258454 max lat: 1.08958 avg lat: 0.339188
  sec Cur ops   started  finished  avg MB/s  cur MB/s last lat(s)  avg lat(s)
  120      16      5669      5653   47.1005        52   0.0852071    0.339188
Total time run:         120.469
Total writes made:      5669
Write size:             1048576
Object size:            1048576
Bandwidth (MB/sec):     47.0579
Stddev Bandwidth:       17.0411
Max bandwidth (MB/sec): 109
Min bandwidth (MB/sec): 16
Average IOPS:           47
Stddev IOPS:            17.0411
Max IOPS:               109
Min IOPS:               16
Average Latency(s):     0.339976
Stddev Latency(s):      0.201397
Max latency(s):         1.08958
Min latency(s):         0.0258454
[2026-07-07 22:44:25] Prefill done. Objects: GiB
[2026-07-07 22:44:25] ---- rand read 1M round 1 ----
[2026-07-07 22:44:36] Health: HEALTH_OK
[2026-07-07 22:44:37] START: rados bench -p juicefs-data 120 rand -t 64
[2026-07-07 22:46:38] END: rand read 1M r1
[2026-07-07 22:46:38] ---- rand read 1M round 2 ----
[2026-07-07 22:46:49] Health: HEALTH_OK
[2026-07-07 22:46:50] START: rados bench -p juicefs-data 120 rand -t 64
[2026-07-07 22:48:51] END: rand read 1M r2
[2026-07-07 22:48:51] ---- rand read 1M round 3 ----
[2026-07-07 22:49:03] Health: HEALTH_OK
[2026-07-07 22:49:03] START: rados bench -p juicefs-data 120 rand -t 64
[2026-07-07 22:51:05] END: rand read 1M r3
Removed 5669 objects
[2026-07-07 22:51:18] Health: HEALTH_OK
[2026-07-07 22:51:18] Block size 1M done.
[2026-07-07 22:51:18] ========== BLOCK SIZE: 4M ==========
[2026-07-07 22:51:18] ---- write 4M round 1 ----
[2026-07-07 22:51:30] Health: HEALTH_OK
[2026-07-07 22:51:30] START: rados bench -p juicefs-data 120 write -b 4M -t 64 --no-cleanup
[2026-07-07 22:53:33] END: write 4M r1
Removed 1785 objects
[2026-07-07 22:53:44] ---- write 4M round 2 ----
[2026-07-07 22:53:56] Health: HEALTH_OK
[2026-07-07 22:53:56] START: rados bench -p juicefs-data 120 write -b 4M -t 64 --no-cleanup
[2026-07-07 22:55:58] END: write 4M r2
Removed 1749 objects
[2026-07-07 22:56:10] ---- write 4M round 3 ----
[2026-07-07 22:56:21] Health: HEALTH_OK
[2026-07-07 22:56:22] START: rados bench -p juicefs-data 120 write -b 4M -t 64 --no-cleanup
[2026-07-07 22:58:24] END: write 4M r3
Removed 1717 objects
[2026-07-07 22:58:36] ---- prefill for rand read (4M, 120s) ----
[2026-07-07 22:58:48] Health: HEALTH_OK
hints = 1
Maintaining 16 concurrent writes of 4194304 bytes to objects of size 4194304 for up to 120 seconds or 0 objects
Object prefix: benchmark_data_tikv-node_570990
  sec Cur ops   started  finished  avg MB/s  cur MB/s last lat(s)  avg lat(s)
    0       0         0         0         0         0           -           0
    1      16        39        23   91.9797        92    0.647701    0.475241
    2      16        63        47   93.9804        96    0.513982    0.518306
    3      16        90        74   98.6469       108     1.49883    0.553105
    4      16       114        98   97.9809        96     1.43282    0.560501
    5      16       141       125   99.9811       108    0.466487    0.571583
    6      16       169       153    101.98       112    0.320664     0.57136
    7      16       194       178   101.694       100    0.401577     0.58855
    8      16       218       202    100.98        96    0.259803    0.591034
    9      16       227       211   93.7598        36     1.92439    0.599389
   10      16       239       223   89.1833        48    0.748256    0.643606
   11      16       254       238   86.5293        60     1.49049    0.712582
   12      16       268       252   83.9841        56       1.016     0.73248
   13      16       280       264   81.2153        48      1.1043    0.753099
   14      16       290       274   78.2708        40      1.3536     0.77066
   15      16       303       287   76.5187        52     1.37694    0.796459
   16      16       319       303   75.7356        64     1.19661    0.812856
   17      16       333       317   74.5742        56     1.09676    0.829726
   18      16       345       329   73.0973        48     1.14781    0.844663
   19      16       357       341   71.7759        48     1.11803      0.8599
2026-07-07T22:59:08.537873+0800 min lat: 0.17419 max lat: 2.99214 avg lat: 0.867157
  sec Cur ops   started  finished  avg MB/s  cur MB/s last lat(s)  avg lat(s)
   20      16       372       356   71.1866        60     1.14856    0.867157
   21      16       384       368   70.0821        48     1.22844    0.880996
   22      16       397       381   69.2598        52     1.51674    0.896364
   23      16       412       396   68.8566        60     0.99957    0.904538
   24      16       427       411   68.4871        60      1.1743    0.915408
   25      16       437       421   67.3473        40      1.3696    0.924892
   26      16       452       436   67.0643        60     1.05896    0.933011
   27      16       465       449    66.506        52     1.03916    0.937873
   28      16       479       463   66.1304        56     1.15965    0.949041
   29      16       491       475   65.5049        48     1.46411    0.955682
   30      16       505       489   65.1877        56     1.06457    0.959096
   31      16       520       504     65.02        60     1.15962    0.966512
   32      16       534       518   64.7379        56     1.32732    0.974671
   33      16       544       528    63.988        40     1.22708    0.978056
   34      16       558       542   63.7527        56     1.08143    0.982244
   35      16       578       562   64.2165        80     0.64885     0.98675
   36      16       585       569   63.2103        28    0.950914     0.99084
   37      16       600       584   63.1233        60     1.05808    0.997263
   38      16       610       594   62.5146        40     1.29532    0.999593
   39      16       625       609   62.4498        60     1.35688      1.0062
2026-07-07T22:59:28.541601+0800 min lat: 0.17419 max lat: 2.99214 avg lat: 1.00929
  sec Cur ops   started  finished  avg MB/s  cur MB/s last lat(s)  avg lat(s)
   40      16       640       624   62.3883        60    0.943893     1.00929
   41      16       655       639   62.3297        60     1.40342     1.01373
   42      16       665       649   61.7979        40     1.17365      1.0157
   43      16       680       664   61.7559        60      1.2105     1.02028
   44      16       692       676    61.443        48     1.15822     1.02242
   45      16       708       692   61.4996        64    0.642664       1.024
   46      16       721       705   61.2928        52     1.63147     1.02807
   47      16       736       720    61.265        60     1.06417     1.03257
   48      16       749       733   61.0718        52      1.0355       1.034
   49      16       761       745   60.8049        48     1.31962     1.03875
   50      16       777       761   60.8686        64      1.2805     1.04137
   51      16       790       774   60.6945        52     1.05437     1.04239
   52      16       801       785   60.3733        44      1.1048     1.04358
   53      16       816       800    60.366        60     0.79929     1.04661
   54      16       831       815   60.3591        60     1.54143     1.05084
   55      16       844       828   60.2069        52     1.16196     1.05307
   56      16       856       840   59.9888        48     1.34389     1.05479
   57      16       871       855   59.9887        60      1.0971     1.05798
   58      16       886       870   59.9887        60    0.979893     1.05912
   59      16       897       881   59.7176        44     1.00042     1.06019
2026-07-07T22:59:48.545385+0800 min lat: 0.17419 max lat: 2.99214 avg lat: 1.06304
  sec Cur ops   started  finished  avg MB/s  cur MB/s last lat(s)  avg lat(s)
   60      16       911       895   59.6555        56      1.1772     1.06304
   61      16       925       909   59.5953        56     1.77016     1.06483
   62      16       940       924   59.6017        60     1.07612     1.06574
   63      16       950       934   59.2904        40     1.36072     1.06725
   64      16       965       949   59.3013        60     1.10553     1.06978
   65      16       981       965   59.3734        64     1.15105     1.07118
   66      16       990       974   59.0192        36     1.17525     1.07186
   67      16      1006       990   59.0934        64     1.32073     1.07506
   68      16      1017      1001   58.8713        44     1.02965     1.07547
   69      16      1032      1016   58.8875        60     1.13826     1.07702
   70      16      1047      1031   58.9032        60     1.26983     1.08062
   71      16      1057      1041   58.6368        40     1.36988     1.08099
   72      16      1072      1056   58.6556        60     1.17695     1.08221
   73      16      1082      1066   58.3999        40     1.32903     1.08322
   74      16      1099      1083   58.5295        68    0.783289     1.08426
   75      16      1112      1096   58.4423        52     1.32171     1.08601
   76      16      1132      1116   58.7258        80    0.734586     1.08513
   77      16      1137      1121   58.2228        20     1.11796     1.08462
   78      16      1153      1137   58.2967        64     1.45302     1.08779
   79      16      1167      1151   58.2675        56     1.08686      1.0893
2026-07-07T23:00:08.549226+0800 min lat: 0.17419 max lat: 2.99214 avg lat: 1.0909
  sec Cur ops   started  finished  avg MB/s  cur MB/s last lat(s)  avg lat(s)
   80      16      1182      1166    58.289        60     1.19964      1.0909
   81      16      1192      1176   58.0631        40     1.50698      1.0922
   82      16      1209      1193   58.1841        68    0.884189     1.09304
   83      16      1222      1206   58.1095        52     1.49861     1.09397
   84      16      1234      1218    57.989        48    0.950698     1.09524
   85      16      1244      1228   57.7773        40     1.01327     1.09551
   86      16      1262      1246   57.9425        72    0.816505     1.09659
   87      16      1274      1258   57.8281        48     1.21581     1.09802
   88      16      1289      1273   57.8527        60     1.41289     1.10013
   89      16      1304      1288   57.8767        60     1.02344     1.09985
   90      16      1315      1299   57.7224        44     1.08558     1.09945
   91      16      1329      1313   57.7033        56     0.82124     1.10015
   92      16      1343      1327   57.6847        56     1.43248       1.102
   93      16      1355      1339   57.5805        48     1.04838      1.1025
   94      16      1371      1355   57.6486        64    0.845596     1.10374
   95      16      1383      1367    57.547        48     1.13112     1.10532
   96      16      1395      1379   57.4474        48     1.21687     1.10685
   97      16      1402      1386   57.1438        28     1.32403     1.10759
   98      16      1418      1402   57.2136        64     1.32577     1.11044
   99      16      1423      1407   56.8377        20      1.0937     1.11031
2026-07-07T23:00:28.553104+0800 min lat: 0.17419 max lat: 2.99214 avg lat: 1.11853
  sec Cur ops   started  finished  avg MB/s  cur MB/s last lat(s)  avg lat(s)
  100      16      1434      1418   56.7092        44     2.14966     1.11853
  101      16      1448      1432   56.7021        56     1.12394     1.12259
  102      16      1454      1438   56.3814        24     1.07745      1.1226
  103      16      1464      1448   56.2223        40     2.03246     1.12728
  104      16      1477      1461   56.1816        52     1.04661     1.13314
  105      16      1497      1481   56.4083        80    0.658546     1.13174
  106      16      1500      1484   55.9894        12     1.15767     1.13212
  107      16      1511      1495   55.8772        44       1.165     1.13733
  108      16      1523      1507   55.8042        48     1.15656     1.14041
  109      16      1533      1517   55.6592        40    0.953556     1.14072
  110      16      1537      1521   55.2986        16     1.77077     1.14261
  111      16      1558      1542    55.557        84    0.799389      1.1494
  112      16      1566      1550   55.3467        32    0.949134     1.14859
  113      16      1569      1553   54.9631        12     1.20663     1.14875
  114      16      1584      1568   55.0072        60      1.8417     1.15639
  115      16      1596      1580   54.9462        48     1.13564      1.1572
  116      16      1609      1593   54.9207        52      1.2697     1.15887
  117      16      1614      1598   54.6222        20     1.96439     1.16103
  118      16      1627      1611   54.5999        52    0.979695     1.16581
  119      16      1642      1626   54.6452        60     1.08274     1.16582
2026-07-07T23:00:48.556740+0800 min lat: 0.17419 max lat: 2.99214 avg lat: 1.16567
  sec Cur ops   started  finished  avg MB/s  cur MB/s last lat(s)  avg lat(s)
  120      16      1646      1630   54.3231        16     1.06041     1.16567
Total time run:         120.609
Total writes made:      1646
Write size:             4194304
Object size:            4194304
Bandwidth (MB/sec):     54.5895
Stddev Bandwidth:       18.4041
Max bandwidth (MB/sec): 112
Min bandwidth (MB/sec): 12
Average IOPS:           13
Stddev IOPS:            4.60103
Max IOPS:               28
Min IOPS:               3
Average Latency(s):     1.17079
Stddev Latency(s):      0.39859
Max latency(s):         2.99214
Min latency(s):         0.17419
[2026-07-07 23:00:49] Prefill done. Objects: GiB
[2026-07-07 23:00:49] ---- rand read 4M round 1 ----
[2026-07-07 23:01:01] Health: HEALTH_OK
[2026-07-07 23:01:01] START: rados bench -p juicefs-data 120 rand -t 64
[2026-07-07 23:03:03] END: rand read 4M r1
[2026-07-07 23:03:03] ---- rand read 4M round 2 ----
[2026-07-07 23:03:14] Health: HEALTH_OK
[2026-07-07 23:03:15] START: rados bench -p juicefs-data 120 rand -t 64
[2026-07-07 23:05:16] END: rand read 4M r2
[2026-07-07 23:05:16] ---- rand read 4M round 3 ----
[2026-07-07 23:05:28] Health: HEALTH_OK
[2026-07-07 23:05:28] START: rados bench -p juicefs-data 120 rand -t 64
[2026-07-07 23:07:29] END: rand read 4M r3
Removed 1646 objects
[2026-07-07 23:07:42] Health: HEALTH_OK
[2026-07-07 23:07:42] Block size 4M done.
[2026-07-07 23:07:42] ==============================================
[2026-07-07 23:07:42] Exp 2: BLOCK SIZE MATRIX COMPLETE
[2026-07-07 23:07:42] ==============================================
[2026-07-07 23:12:01] ==============================================
[2026-07-07 23:12:01] Exp 3: EC vs Replica — START
[2026-07-07 23:12:01] Pool: rep3-test (replica size=3) vs juicefs-data (EC 4+2)
[2026-07-07 23:12:01] ==============================================
[2026-07-07 23:12:01] Creating replica pool rep3-test (size=3)...
pool 'rep3-test' created
set pool 47 size to 3
set pool 47 min_size to 2
enabled application 'bench' on pool 'rep3-test'
[2026-07-07 23:12:11] Health: HEALTH_OK
[2026-07-07 23:12:11] Pool rep3-test created.
[2026-07-07 23:12:11] ========== REPLICA 256K ==========
[2026-07-07 23:12:11] ---- rep write 256K round 1 ----
[2026-07-07 23:12:23] Health: HEALTH_OK
[2026-07-07 23:12:24] START: rados bench -p rep3-test 120 write -b 256K -t 64 --no-cleanup
[2026-07-07 23:14:25] END: rep write 256K r1
Removed 14485 objects
[2026-07-07 23:14:38] ---- rep write 256K round 2 ----
[2026-07-07 23:14:50] Health: HEALTH_OK
[2026-07-07 23:14:50] START: rados bench -p rep3-test 120 write -b 256K -t 64 --no-cleanup
[2026-07-07 23:16:51] END: rep write 256K r2
Removed 13987 objects
[2026-07-07 23:17:04] ---- rep write 256K round 3 ----
[2026-07-07 23:17:16] Health: HEALTH_OK
[2026-07-07 23:17:17] START: rados bench -p rep3-test 120 write -b 256K -t 64 --no-cleanup
[2026-07-07 23:19:18] END: rep write 256K r3
Removed 13579 objects
[2026-07-07 23:19:31] ---- rep prefill for rand read (256K, 120s) ----
[2026-07-07 23:19:43] Health: HEALTH_OK
hints = 1
Maintaining 16 concurrent writes of 262144 bytes to objects of size 262144 for up to 120 seconds or 0 objects
Object prefix: benchmark_data_tikv-node_681789
  sec Cur ops   started  finished  avg MB/s  cur MB/s last lat(s)  avg lat(s)
    0       0         0         0         0         0           -           0
    1      16       386       370    92.484      92.5   0.0488774   0.0424699
    2      16       746       730   91.2355        90   0.0680284   0.0432452
    3      16      1116      1100   91.6527      92.5   0.0715551   0.0432869
    4      16      1275      1259   78.6761     39.75   0.0869219   0.0497657
    5      16      1382      1366   68.2899     26.75     0.16348   0.0573544
    6      16      1484      1468   61.1572      25.5   0.0594497   0.0638532
    7      16      1590      1574   56.2055      26.5     0.11956   0.0702205
    8      16      1709      1693   52.8981     29.75    0.154709   0.0752169
    9      16      1814      1798   49.9369     26.25    0.203467   0.0796395
   10      16      1919      1903   47.5675     26.25    0.149042   0.0838127
   11      16      2026      2010   45.6747     26.75   0.0253673   0.0874188
   12      16      2131      2115   44.0554     26.25    0.046416   0.0902029
   13      16      2227      2211   42.5123        24   0.0796834   0.0931103
   14      16      2331      2315   41.3325        26   0.0883537   0.0957613
   15      16      2443      2427   40.4434        28    0.135371   0.0979435
   16      16      2564      2548   39.8059     30.25    0.172454    0.100371
   17      16      2668      2652   38.9935        26   0.0201832    0.102519
   18      16      2773      2757   38.2853     26.25    0.111813    0.104339
   19      16      2879      2863   37.6648      26.5    0.145455    0.105704
2026-07-07T23:20:03.359163+0800 min lat: 0.00979691 max lat: 0.318077 avg lat: 0.107392
  sec Cur ops   started  finished  avg MB/s  cur MB/s last lat(s)  avg lat(s)
   20      16      2983      2967   37.0815        26   0.0795442    0.107392
   21      16      3084      3068   36.5178     25.25     0.19273     0.10909
   22      16      3193      3177   36.0963     27.25    0.102864    0.110296
   23      16      3299      3283   35.6789      26.5   0.0419826    0.111424
   24      16      3402      3386    35.265     25.75   0.0984952    0.112753
   25      16      3514      3498   34.9742        28    0.144624    0.113914
   26      16      3631      3615   34.7538     29.25    0.133193    0.114839
   27      16      3735      3719   34.4295        26   0.0671113    0.115609
   28      16      3840      3824   34.1372     26.25    0.137241    0.116753
   29      16      3949      3933   33.8994     27.25   0.0150686    0.117588
   30      16      4057      4041   33.6692        27    0.119059    0.118327
   31      16      4163      4147   33.4379      26.5   0.0151553    0.119277
   32      16      4266      4250   33.1975     25.75    0.184397    0.120217
   33      16      4371      4355   32.9868     26.25    0.176063    0.120736
   34      16      4491      4475   32.8988        30    0.184556    0.121523
   35      16      4580      4564   32.5945     22.25    0.159596    0.122334
   36      16      4698      4682   32.5084      29.5    0.176794    0.122935
   37      16      4808      4792   32.3729      27.5    0.046874    0.123393
   38      16      4913      4897   32.2116     26.25   0.0716654    0.123809
   39      16      5018      5002   32.0587     26.25    0.053864    0.124388
2026-07-07T23:20:23.362711+0800 min lat: 0.00935662 max lat: 0.318077 avg lat: 0.124766
  sec Cur ops   started  finished  avg MB/s  cur MB/s last lat(s)  avg lat(s)
   40      16      5129      5113   31.9508     27.75    0.152386    0.124766
   41      16      5237      5221   31.8299        27    0.119278    0.125194
   42      16      5343      5327    31.703      26.5    0.132993    0.125802
   43      16      5449      5433   31.5818      26.5   0.0924465    0.126217
   44      16      5559      5543    31.489      27.5    0.130683    0.126612
   45      16      5667      5651   31.3891        27    0.101059     0.12702
   46      16      5776      5760    31.299     27.25    0.147552    0.127527
   47      16      5887      5871   31.2234     27.75    0.128974    0.127808
   48      16      5997      5981   31.1457      27.5    0.102766     0.12814
   49      16      6100      6084   31.0355     25.75   0.0156528    0.128612
   50      16      6213      6197   30.9797     28.25   0.0450033    0.128957
   51      16      6322      6306   30.9065     27.25   0.0217647    0.129375
   52      16      6411      6395     30.74     22.25   0.0620591    0.129786
   53      16      6519      6503   30.6693        27    0.123053    0.130128
   54      16      6639      6623   30.6568        30     0.17128     0.13037
   55      16      6739      6723   30.5539        25    0.144541    0.130601
   56      16      6843      6827   30.4725        26    0.072642    0.131045
   57      16      6957      6941   30.4378      28.5   0.0166992    0.131338
   58      16      7063      7047   30.3698      26.5   0.0864675    0.131529
   59      16      7169      7153   30.3042      26.5     0.22085    0.131868
2026-07-07T23:20:43.366023+0800 min lat: 0.00935662 max lat: 0.318077 avg lat: 0.1322
  sec Cur ops   started  finished  avg MB/s  cur MB/s last lat(s)  avg lat(s)
   60      15      7261      7246   30.1866     23.25    0.175409      0.1322
   61      16      7385      7369   30.1957     30.75    0.016278    0.132417
   62      16      7490      7474    30.132     26.25   0.0628111    0.132612
   63      16      7591      7575   30.0544     25.25    0.130614    0.132863
   64      16      7697      7681   29.9988      26.5   0.0822271    0.133113
   65      16      7819      7803   30.0065      30.5    0.014415    0.133214
   66      16      7912      7896    29.904     23.25   0.0234132    0.133446
   67      16      8019      8003   29.8569     26.75   0.0141574     0.13382
   68      16      8127      8111   29.8148        27    0.171501    0.133986
   69      16      8247      8231   29.8174        30    0.147826    0.134129
   70      16      8336      8320   29.7092     22.25   0.0442801    0.134442
   71      16      8437      8421   29.6464     25.25   0.0679386    0.134689
   72      16      8548      8532     29.62     27.75    0.135411    0.134771
   73      16      8653      8637   29.5737     26.25   0.0990421     0.13501
   74      16      8762      8746   29.5422     27.25   0.0377998    0.135296
   75      16      8875      8859   29.5249     28.25   0.0172999    0.135409
   76      16      8980      8964   29.4818     26.25   0.0718103    0.135521
   77      16      9086      9070    29.443      26.5    0.047363    0.135774
   78      16      9186      9170    29.386        25    0.162995    0.135948
   79      16      9299      9283   29.3715     28.25   0.0770173    0.135985
2026-07-07T23:21:03.369717+0800 min lat: 0.00935662 max lat: 0.318077 avg lat: 0.136248
  sec Cur ops   started  finished  avg MB/s  cur MB/s last lat(s)  avg lat(s)
   80      16      9397      9381   29.3106      24.5    0.198976    0.136248
   81      16      9508      9492   29.2912     27.75   0.0169006    0.136447
   82      16      9611      9595    29.248     25.75    0.175851    0.136579
   83      16      9718      9702   29.2178     26.75   0.0290678    0.136633
   84      16      9826      9810   29.1914        27    0.128243    0.136811
   85      16      9931      9915   29.1567     26.25   0.0630443    0.136986
   86      16     10047     10031   29.1548        29    0.153243    0.137101
   87      16     10143     10127   29.0956        24    0.223589    0.137284
   88      16     10246     10230   29.0575     25.75   0.0822199    0.137528
   89      16     10351     10335   29.0259     26.25    0.142236    0.137641
   90      16     10445     10429   28.9644      23.5   0.0867305    0.137659
   91      16     10553     10537   28.9428        27    0.167714    0.138068
   92      16     10660     10644   28.9189     26.75    0.081329    0.138227
   93      16     10772     10756    28.909        28    0.178947    0.138306
   94      16     10864     10848   28.8461        23   0.0793848    0.138553
   95      16     10969     10953   28.8187     26.25   0.0148307    0.138751
   96      16     11080     11064   28.8075     27.75   0.0214514    0.138819
   97      16     11170     11154   28.7425      22.5    0.207715    0.138954
   98      16     11261     11245   28.6813     22.75   0.0674831     0.13927
   99      16     11367     11351   28.6592      26.5   0.0634505    0.139382
2026-07-07T23:21:23.373140+0800 min lat: 0.00935662 max lat: 0.318077 avg lat: 0.139417
  sec Cur ops   started  finished  avg MB/s  cur MB/s last lat(s)  avg lat(s)
  100      16     11492     11476   28.6851     31.25   0.0132171    0.139417
  101      16     11565     11549   28.5817     18.25    0.182868    0.139792
  102      16     11669     11653   28.5563        26    0.174301    0.139989
  103      16     11781     11765   28.5509        28    0.165624     0.14005
  104      16     11871     11855   28.4927      22.5     0.19409    0.140228
  105      16     11963     11947   28.4403        23    0.172278    0.140532
  106      16     12066     12050   28.4149     25.75    0.153106    0.140623
  107      16     12188     12172   28.4343      30.5    0.192069    0.140624
  108      16     12261     12245     28.34     18.25     0.14858    0.140974
  109      16     12365     12349   28.3185        26   0.0477554    0.141061
  110      16     12487     12471   28.3383      30.5    0.171355     0.14113
  111      16     12575     12559   28.2812        22    0.365416    0.141406
  112      16     12646     12630   28.1871     17.75   0.0166973     0.14177
  113      16     12746     12730   28.1589        25   0.0539635    0.141877
  114      16     12853     12837   28.1465     26.75    0.059933    0.141928
  115      16     12938     12922   28.0865     21.25    0.147302    0.142312
  116      16     13036     13020   28.0555      24.5    0.160771    0.142434
  117      16     13139     13123   28.0358     25.75    0.111111    0.142496
  118      16     13250     13234   28.0333     27.75   0.0417449     0.14249
  119      16     13321     13305   27.9469     17.75   0.0473762    0.142938
2026-07-07T23:21:43.376641+0800 min lat: 0.00935662 max lat: 0.504472 avg lat: 0.143038
  sec Cur ops   started  finished  avg MB/s  cur MB/s last lat(s)  avg lat(s)
  120      16     13428     13412   27.9368     26.75   0.0847911    0.143038
Total time run:         120.05
Total writes made:      13428
Write size:             262144
Object size:            262144
Bandwidth (MB/sec):     27.9634
Stddev Bandwidth:       10.6172
Max bandwidth (MB/sec): 92.5
Min bandwidth (MB/sec): 17.75
Average IOPS:           111
Stddev IOPS:            42.4687
Max IOPS:               370
Min IOPS:               71
Average Latency(s):     0.143029
Stddev Latency(s):      0.0576155
Max latency(s):         0.504472
Min latency(s):         0.00935662
[2026-07-07 23:21:44] Prefill done. Objects: GiB
[2026-07-07 23:21:44] ---- rep rand read 256K round 1 ----
[2026-07-07 23:21:56] Health: HEALTH_OK
[2026-07-07 23:21:56] START: rados bench -p rep3-test 120 rand -t 64
[2026-07-07 23:23:57] END: rep rand read 256K r1
[2026-07-07 23:23:57] ---- rep rand read 256K round 2 ----
[2026-07-07 23:24:09] Health: HEALTH_OK
[2026-07-07 23:24:09] START: rados bench -p rep3-test 120 rand -t 64
[2026-07-07 23:26:10] END: rep rand read 256K r2
[2026-07-07 23:26:10] ---- rep rand read 256K round 3 ----
[2026-07-07 23:26:22] Health: HEALTH_OK
[2026-07-07 23:26:23] START: rados bench -p rep3-test 120 rand -t 64
[2026-07-07 23:28:24] END: rep rand read 256K r3
Removed 13428 objects
[2026-07-07 23:28:37] Health: HEALTH_OK
[2026-07-07 23:28:37] Replica 256K done.
[2026-07-07 23:28:37] ========== REPLICA 4M ==========
[2026-07-07 23:28:37] ---- rep write 4M round 1 ----
[2026-07-07 23:28:49] Health: HEALTH_OK
[2026-07-07 23:28:50] START: rados bench -p rep3-test 120 write -b 4M -t 64 --no-cleanup
[2026-07-07 23:30:53] END: rep write 4M r1
Removed 886 objects
[2026-07-07 23:31:04] ---- rep write 4M round 2 ----
[2026-07-07 23:31:16] Health: HEALTH_OK
[2026-07-07 23:31:16] START: rados bench -p rep3-test 120 write -b 4M -t 64 --no-cleanup
[2026-07-07 23:33:21] END: rep write 4M r2
Removed 889 objects
[2026-07-07 23:33:33] ---- rep write 4M round 3 ----
[2026-07-07 23:33:44] Health: HEALTH_OK
[2026-07-07 23:33:45] START: rados bench -p rep3-test 120 write -b 4M -t 64 --no-cleanup
[2026-07-07 23:35:49] END: rep write 4M r3
Removed 844 objects
[2026-07-07 23:36:01] ---- rep prefill for rand read (4M, 120s) ----
[2026-07-07 23:36:13] Health: HEALTH_OK
hints = 1
Maintaining 16 concurrent writes of 4194304 bytes to objects of size 4194304 for up to 120 seconds or 0 objects
Object prefix: benchmark_data_tikv-node_769093
  sec Cur ops   started  finished  avg MB/s  cur MB/s last lat(s)  avg lat(s)
    0       0         0         0         0         0           -           0
    1      16        33        17   67.9871        68    0.951772    0.550691
    2      16        55        39   77.9853        88    0.948991    0.675993
    3      16        78        62   82.6506        92    0.244705    0.650948
    4      16        97        81   80.9846        76    0.539426    0.666535
    5      16       103        87   69.5871        24     1.03582    0.688708
    6      16       109        93   61.9884        24     2.20486    0.780341
    7      16       113        97   55.4185        16     3.01901    0.858934
    8      16       120       104   51.9906        28     3.16526     1.00376
    9      16       127       111   49.3244        28     2.91271     1.10465
   10      16       131       115   45.9917        16     3.13099     1.14019
   11      16       140       124   45.0829        36     4.13185     1.26507
   12      16       145       129   42.9923        20     2.61584     1.32656
   13      16       150       134   41.2233        20     2.45648     1.35836
   14      16       154       138   39.4214        16     3.07825      1.3767
   15      16       161       145   38.6596        28     4.17805     1.44889
   16      16       167       151   37.7433        24     4.14604     1.48038
   17      16       173       157   36.9346        24    0.928526     1.48635
   18      16       177       161   35.7714        16     1.25841     1.51603
   19      16       185       169   35.5726        32     5.69846     1.63567
2026-07-07T23:36:33.327419+0800 min lat: 0.198563 max lat: 6.93064 avg lat: 1.65836
  sec Cur ops   started  finished  avg MB/s  cur MB/s last lat(s)  avg lat(s)
   20      16       193       177   35.3936        32      4.4289     1.65836
   21      16       197       181   34.4699        16     3.70458     1.69085
   22      16       205       189   34.3574        32    0.960504     1.74952
   23      16       211       195    33.907        24       1.383     1.75566
   24      16       217       201    33.494        24     1.62476      1.7699
   25      16       221       205   32.7941        16     1.92156     1.78178
   26      16       226       210   32.3018        20    0.814559     1.77059
   27      16       233       217   32.1424        28    0.580227     1.82892
   28      16       240       224   31.9943        28     3.38527     1.86427
   29      16       245       229   31.5805        20     1.08422     1.88105
   30      16       250       234   31.1945        20     3.58882     1.90156
   31      16       255       239   30.8332        20     1.01761     1.90494
   32      16       261       245   30.6196        24     1.75007     1.95328
   33      16       266       250   30.2977        20     3.67112     1.96712
   34      16       272       256   30.1124        24     1.39589     1.96172
   35      16       277       261   29.8233        20     1.11236      2.0089
   36      16       285       269   29.8836        32     1.56064     2.04161
   37      16       290       274   29.6164        20     1.54059     2.04625
   38      16       296       280   29.4685        24     1.30846     2.04656
   39      16       302       286   29.3282        24      1.6781     2.08962
2026-07-07T23:36:53.330835+0800 min lat: 0.198563 max lat: 8.50397 avg lat: 2.08845
  sec Cur ops   started  finished  avg MB/s  cur MB/s last lat(s)  avg lat(s)
   40      16       308       292   29.1949        24     1.25206     2.08845
   41      16       317       301   29.3607        36     1.90724     2.09717
   42      16       321       305   29.0425        16     1.55785     2.09841
   43      16       324       308   28.6461        12      1.6042     2.12357
   44      16       332       316   28.7222        32     1.00254     2.11958
   45      16       342       326   28.9727        40     3.75674      2.1596
   46      16       346       330   28.6906        16     2.34621     2.15736
   47      16       351       335   28.5056        20     2.58101     2.15838
   48      16       357       341   28.4116        24     2.16028      2.1806
   49      16       362       346   28.2399        20     4.78542     2.18537
   50      16       368       352    28.155        24     1.79152     2.19411
   51      16       378       362   28.3871        40     4.09824     2.21011
   52      16       383       367   28.2258        20     3.03051     2.20611
   53      16       388       372   28.0705        20     1.50998      2.2085
   54      16       392       376   27.8469        16     0.97759     2.20763
   55      16       399       383   27.8496        28     3.76267     2.21745
   56      16       406       390   27.8522        28     1.18617     2.23548
   57      16       411       395   27.7144        20     1.49877     2.23914
   58      16       419       403   27.7882        32     1.26676     2.25034
   59      16       425       409   27.7239        24     4.12966     2.25282
2026-07-07T23:37:13.334414+0800 min lat: 0.198563 max lat: 8.50397 avg lat: 2.25463
  sec Cur ops   started  finished  avg MB/s  cur MB/s last lat(s)  avg lat(s)
   60      16       431       415   27.6618        24     4.39351     2.25463
   61      16       436       420   27.5361        20     4.13057      2.2578
   62      16       440       424     27.35        16    0.731681     2.25575
   63      16       446       430   27.2968        24     4.21732     2.26518
   64      16       450       434   27.1202        16    0.657162     2.27176
   65      16       460       444   27.3183        40      3.7398     2.29748
   66      16       468       452   27.3891        32      1.3177      2.2938
   67      16       470       454   27.0997         8      4.0477     2.29512
   68      16       476       460   27.0541        24     5.01526     2.29234
   69      16       482       466   27.0098        24     4.37487     2.31479
   70      16       487       471   26.9095        20      3.6221     2.31511
   71      16       491       475   26.7559        16     3.06562     2.31547
   72      16       501       485   26.9397        40    0.900983     2.32328
   73      16       506       490   26.8446        20      3.5067     2.31893
   74      16       510       494    26.698        16     2.60441     2.33053
   75      16       515       499   26.6087        20    0.641184     2.33143
   76      16       524       508   26.7322        36     4.05731     2.33709
   77      16       529       513   26.6447        20      2.3509     2.33186
   78      16       535       519   26.6107        24     4.28001     2.34953
   79      16       540       524    26.527        20      2.0346     2.34624
2026-07-07T23:37:33.337779+0800 min lat: 0.198563 max lat: 8.50397 avg lat: 2.34554
  sec Cur ops   started  finished  avg MB/s  cur MB/s last lat(s)  avg lat(s)
   80      16       543       527   26.3454        12     2.08858     2.34554
   81      16       543       527   26.0201         0           -     2.34554
   82      16       548       532   25.9467        10     2.59886     2.35311
   83      16       556       540   26.0196        32     3.59589     2.39809
   84      16       556       540   25.7098         0           -     2.39809
   85      16       560       544   25.5955         8     7.88812      2.4233
   86      16       566       550   25.5769        24     1.01195     2.43248
   87      16       567       551   25.3289         4    0.466465     2.42891
   88      16       569       553    25.132         8     6.32068     2.43571
   89      16       574       558   25.0743        20     9.33736     2.45372
   90      16       582       566   25.1512        32    0.776006     2.48782
   91      16       584       568   24.9627         8     1.21694     2.48776
   92      16       587       571   24.8218        12     2.12308     2.50686
   93      16       591       575   24.7269        16     3.78528     2.51641
   94      16       598       582   24.7617        28     2.69395     2.52301
   95      16       598       582    24.501         0           -     2.52301
   96      16       604       588   24.4957        12     4.14214     2.54577
   97      16       610       594   24.4906        24     3.30449      2.5689
   98      16       612       596   24.3223         8     3.92383     2.56998
   99      16       613       597    24.117         4     5.61935     2.57509
2026-07-07T23:37:53.341231+0800 min lat: 0.198563 max lat: 10.9347 avg lat: 2.59634
  sec Cur ops   started  finished  avg MB/s  cur MB/s last lat(s)  avg lat(s)
  100      16       621       605   24.1958        32     4.36293     2.59634
  101      16       626       610   24.1542        20     4.01618     2.60136
  102      16       626       610   23.9174         0           -     2.60136
  103      16       631       615   23.8793        10     2.64575     2.60536
  104      16       636       620    23.842        20     4.66518     2.60885
  105      16       638       622   23.6911         8     4.89172     2.61436
  106      16       644       628    23.694        24     1.85713      2.6481
  107      16       652       636   23.7716        32     3.69442     2.65092
  108      16       657       641   23.7366        20     4.51278     2.64433
  109      16       658       642   23.5555         4     5.47102     2.64873
  110      16       663       647   23.5232        20     4.28438     2.64681
  111      16       666       650   23.4193        12     2.65527     2.65486
  112      16       669       653   23.3174        12     1.79205     2.64876
  113      16       673       657   23.2526        16     2.78108      2.6763
  114      16       682       666   23.3644        36    0.796455      2.6974
  115      16       686       670   23.3003        16       4.685     2.69372
  116      16       687       671   23.1339         4    0.885382     2.69102
  117      16       694       678   23.1755        28     3.31158     2.69421
  118      16       700       684   23.1824        24    0.773889     2.70154
  119      16       702       686   23.0548         8     1.27818     2.69642
2026-07-07T23:38:13.344724+0800 min lat: 0.198563 max lat: 10.9347 avg lat: 2.69466
  sec Cur ops   started  finished  avg MB/s  cur MB/s last lat(s)  avg lat(s)
  120      16       703       687    22.896         4     1.48359     2.69466
  121       6       703       697   23.0373        40     3.07355     2.72816
Total time run:         121.391
Total writes made:      703
Write size:             4194304
Object size:            4194304
Bandwidth (MB/sec):     23.1648
Stddev Bandwidth:       14.3291
Max bandwidth (MB/sec): 92
Min bandwidth (MB/sec): 0
Average IOPS:           5
Stddev IOPS:            3.59024
Max IOPS:               23
Min IOPS:               0
Average Latency(s):     2.74833
Stddev Latency(s):      2.02012
Max latency(s):         13.2831
Min latency(s):         0.198563
[2026-07-07 23:38:15] Prefill done. Objects: GiB
[2026-07-07 23:38:15] ---- rep rand read 4M round 1 ----
[2026-07-07 23:38:27] Health: HEALTH_OK
[2026-07-07 23:38:27] START: rados bench -p rep3-test 120 rand -t 64
[2026-07-07 23:40:29] END: rep rand read 4M r1
[2026-07-07 23:40:29] ---- rep rand read 4M round 2 ----
[2026-07-07 23:40:40] Health: HEALTH_OK
[2026-07-07 23:40:41] START: rados bench -p rep3-test 120 rand -t 64
[2026-07-07 23:42:42] END: rep rand read 4M r2
[2026-07-07 23:42:42] ---- rep rand read 4M round 3 ----
[2026-07-07 23:42:54] Health: HEALTH_OK
[2026-07-07 23:42:54] START: rados bench -p rep3-test 120 rand -t 64
[2026-07-07 23:44:55] END: rep rand read 4M r3
Removed 703 objects
[2026-07-07 23:45:08] Health: HEALTH_OK
[2026-07-07 23:45:08] Replica 4M done.
[2026-07-07 23:45:08] Deleting replica pool rep3-test...
pool 'rep3-test' removed
[2026-07-07 23:45:17] Health: HEALTH_OK
[2026-07-07 23:45:17] Pool rep3-test deleted.
[2026-07-07 23:45:29] Health: HEALTH_OK
[2026-07-07 23:45:29] ==============================================
[2026-07-07 23:45:29] Exp 3: EC vs Replica — COMPLETE
[2026-07-07 23:45:29] ==============================================
