bash: warning: setlocale: LC_ALL: cannot change locale (zh_CN.utf8)
[2026-07-07 21:40:38] ==============================================
[2026-07-07 21:40:38] Exp 2: Block size matrix START (t64, 120s)
[2026-07-07 21:40:38] Sizes: 4K
[2026-07-07 21:40:38] ==============================================
[2026-07-07 21:40:38] ========== BLOCK SIZE: 4K ==========
[2026-07-07 21:40:38] ---- write 4K round 1 ----
[2026-07-07 21:40:50] Health: HEALTH_OK
[2026-07-07 21:40:50] START: rados bench -p juicefs-data 120 write -b 4K -t 64 --no-cleanup
hints = 1
Maintaining 64 concurrent writes of 4096 bytes to objects of size 4096 for up to 120 seconds or 0 objects
Object prefix: benchmark_data_tikv-node_158238
  sec Cur ops   started  finished  avg MB/s  cur MB/s last lat(s)  avg lat(s)
    0       0         0         0         0         0           -           0
    1      64      8843      8779   34.2888    34.293  0.00407422   0.0072603
    2      64     15839     15775   30.8065   27.3281   0.0439299  0.00801775
    3      64     17396     17332   22.5647   6.08203   0.0436561   0.0109869
    4      63     21943     21880   21.3644   17.7656  0.00849128    0.011682
    5      64     29679     29615   23.1336   30.2148   0.0384268   0.0107858
    6      64     31151     31087   20.2362      5.75   0.0448218   0.0123014
    7      64     32687     32623   18.2023         6   0.0448009   0.0137189
    8      64     34068     34004   16.6012   5.39453   0.0433719    0.015011
    9      64     35507     35443   15.3811   5.62109   0.0425927   0.0162048
   10      64     37012     36948   14.4308   5.87891   0.0369326   0.0172811
   11      64     38426     38362    13.621   5.52344   0.0441315   0.0182133
   12      64     39886     39822   12.9611   5.70312   0.0518207   0.0192467
   13      64     41310     41246   12.3919    5.5625   0.0443613   0.0201297
   14      64     42782     42718   11.9175      5.75   0.0388257   0.0209326
   15      64     44238     44174   11.5021    5.6875    0.067425    0.021683
   16      64     45602     45538   11.1162   5.32812   0.0398748   0.0224168
   17      64     47074     47010   10.8005      5.75   0.0396555    0.023137
   18      63     48522     48459   10.5148   5.66016   0.0371225   0.0237501
   19      64     49895     49831   10.2434   5.35938   0.0471432   0.0243605
2026-07-07T21:41:11.116401+0800 min lat: 0.00261964 max lat: 0.168651 avg lat: 0.024946
  sec Cur ops   started  finished  avg MB/s  cur MB/s last lat(s)  avg lat(s)
   20      64     51367     51303   10.0187      5.75   0.0433592    0.024946
   21      64     52775     52711   9.80351       5.5   0.0454554   0.0254663
   22      64     54277     54213   9.62455   5.86719   0.0393495   0.0259469
   23      64     55701     55637    9.4479    5.5625    0.043377    0.026434
   24      64     57050     56986   9.27378   5.26953  0.00726045   0.0269015
   25      64     58600     58536   9.14499   6.05469   0.0371572   0.0273159
   26      64     60008     59944   9.00477       5.5   0.0329012   0.0277324
   27      64     61446     61382   8.87927   5.61719   0.0429623   0.0281325
   28      64     62788     62724   8.74934   5.24219   0.0377081   0.0285326
   29      64     64265     64201   8.64657   5.76953   0.0447467   0.0289078
   30      64     65609     65545   8.53332      5.25   0.0452475   0.0292851
   31      64     67017     66953   8.43546       5.5   0.0479929   0.0296262
   32      64     68423     68359   8.34346   5.49219   0.0450079   0.0299277
   33      64     69831     69767   8.25727       5.5   0.0462182   0.0302559
   34      64     71103     71039   8.16053   4.96875  0.00777566   0.0306001
   35      64     72590     72526   8.09331   5.80859   0.0424886    0.030855
   36      64     73998     73934   8.02125       5.5   0.0401821   0.0311078
   37      64     75347     75283   7.94686   5.26953   0.0547329   0.0314268
   38      64     76755     76691   7.88243       5.5   0.0438471   0.0316988
   39      64     78163     78099   7.82133       5.5   0.0400542   0.0319353
2026-07-07T21:41:31.119154+0800 min lat: 0.00261964 max lat: 0.168651 avg lat: 0.0321785
  sec Cur ops   started  finished  avg MB/s  cur MB/s last lat(s)  avg lat(s)
   40      64     79571     79507   7.76328       5.5   0.0459374   0.0321785
   41      64     80979     80915   7.70806       5.5   0.0433693   0.0324231
   42      64     82332     82268   7.65036   5.28516   0.0513431   0.0326501
   43      64     83804     83740   7.60615      5.75   0.0445964   0.0328513
   44      64     85068     85004   7.54548    4.9375  0.00861727   0.0331182
   45      64     86558     86494   7.50713   5.82031   0.0744569   0.0332903
   46      64     87966     87902   7.46348       5.5   0.0423635   0.0334685
   47      64     89438     89374   7.42701      5.75   0.0411513   0.0336556
   48      64     90718     90654   7.37643         5   0.0428377   0.0338666
   49      64     92126     92062   7.33812       5.5   0.0496214   0.0340473
   50      63     93594     93531   7.30611   5.73828    0.041971   0.0342132
   51      64     94942     94878   7.26601   5.26172   0.0373585   0.0343765
   52      64     96353     96289   7.23226   5.51172   0.0344107   0.0345556
   53      64     97708     97644   7.19565   5.29297   0.0451626   0.0347219
   54      64     99053     98989   7.15968   5.25391  0.00828177   0.0348871
   55      64    100562    100498   7.13666   5.89453   0.0550297   0.0350213
   56      64    101906    101842   7.10296      5.25   0.0515146   0.0351716
   57      64    103347    103283   7.07708   5.62891   0.0465879   0.0353096
   58      64    104819    104755   7.05419      5.75   0.0373429   0.0354254
   59      64    106194    106130   7.02565   5.37109   0.0554015   0.0355716
2026-07-07T21:41:51.121900+0800 min lat: 0.00261964 max lat: 0.173168 avg lat: 0.0356934
  sec Cur ops   started  finished  avg MB/s  cur MB/s last lat(s)  avg lat(s)
   60      64    107602    107538    7.0002       5.5   0.0511883   0.0356934
   61      64    109074    109010   6.97969      5.75    0.043085   0.0358001
   62      64    110498    110434   6.95682    5.5625   0.0737574   0.0359256
   63      63    111842    111779   6.92978   5.25391   0.0421155   0.0360497
   64      64    113173    113109   6.90267   5.19531   0.0113275   0.0361979
   65      64    114663    114599     6.886   5.82031   0.0427031    0.036291
   66      64    116071    116007   6.86499       5.5   0.0461487   0.0364076
   67      64    117415    117351   6.84088      5.25   0.0415686   0.0365205
   68      64    118823    118759   6.82115       5.5   0.0524154   0.0366468
   69      64    120231    120167     6.802       5.5   0.0436693    0.036747
   70      64    121511    121447   6.77625         5    0.047789    0.036863
   71      64    122919    122855   6.75827       5.5   0.0440622   0.0369672
   72      64    124281    124217   6.73829   5.32031   0.0436184   0.0370782
   73      64    125745    125681   6.72431   5.71875   0.0424768   0.0371601
   74      64    127004    126940    6.6999   4.91797   0.0103688   0.0373061
   75      64    128520    128456   6.68951   5.92188   0.0420839     0.03736
   76      64    129928    129864   6.67385       5.5   0.0451645   0.0374398
   77      64    131402    131338   6.66194   5.75781   0.0300491    0.037521
   78      64    132746    132682   6.64383      5.25   0.0411452   0.0376147
   79      64    134154    134090   6.62934       5.5   0.0444762   0.0376936
2026-07-07T21:42:11.124512+0800 min lat: 0.00261964 max lat: 0.201552 avg lat: 0.0377663
  sec Cur ops   started  finished  avg MB/s  cur MB/s last lat(s)  avg lat(s)
   80      64    135626    135562   6.61834      5.75   0.0432489   0.0377663
   81      64    136970    136906   6.60143      5.25   0.0560818     0.03785
   82      64    138384    138320   6.58828   5.52344   0.0443174   0.0379378
   83      64    139731    139667   6.57229   5.26172   0.0430757    0.038028
   84      64    141032    140968   6.55454   5.08203  0.00739234   0.0381151
   85      63    142524    142461   6.54603   5.83203   0.0470213   0.0381733
   86      64    143959    143895   6.53504   5.60156   0.0510478   0.0382405
   87      64    145431    145367     6.526      5.75   0.0425386   0.0382999
   88      64    146839    146775   6.51433       5.5    0.064487   0.0383672
   89      64    148247    148183   6.50293       5.5   0.0428581   0.0384259
   90      64    149655    149591   6.49177       5.5   0.0419081   0.0384976
   91      64    151063    150999   6.48087       5.5   0.0414433   0.0385506
   92      64    152483    152419   6.47071   5.54688   0.0441258   0.0386224
   93      64    153891    153827   6.46026       5.5   0.0427718   0.0386881
   94      64    155173    155109    6.4448   5.00781   0.0100084   0.0387628
   95      64    156724    156660   6.44073   6.05859   0.0426442   0.0387966
   96      64    158196    158132   6.43352      5.75   0.0509625   0.0388499
   97      64    159638    159574   6.42526   5.63281   0.0362686    0.038898
   98      64    161076    161012   6.41701   5.61719   0.0436827   0.0389507
   99      64    162507    162443   6.40865   5.58984   0.0440054    0.038997
2026-07-07T21:42:31.127308+0800 min lat: 0.00261964 max lat: 0.201552 avg lat: 0.0390595
  sec Cur ops   started  finished  avg MB/s  cur MB/s last lat(s)  avg lat(s)
  100      64    163892    163828   6.39865   5.41016   0.0473938   0.0390595
  101      64    165300    165236   6.38975       5.5    0.043378   0.0391081
  102      64    166711    166647   6.38114   5.51172   0.0436618   0.0391647
  103      64    168119    168055   6.37258       5.5   0.0452056   0.0392133
  104      64    169444    169380   6.36106   5.17578   0.0111662    0.039282
  105      64    170965    170901   6.35705   5.94141   0.0421386     0.03931
  106      64    172421    172357   6.35073    5.6875    0.050933   0.0393558
  107      64    173829    173765   6.34277       5.5   0.0474822   0.0394036
  108      64    175251    175187   6.33547   5.55469   0.0428196   0.0394451
  109      64    176659    176595    6.3278       5.5   0.0446222   0.0395007
  110      64    177363    177299   6.29527      2.75    0.154728   0.0396856
  111      64    177811    177747   6.25432      1.75    0.162563   0.0399649
  112      64    178195    178131   6.21186       1.5     0.15519   0.0402163
  113      64    178643    178579   6.17238      1.75    0.137399   0.0404452
  114      64    179091    179027   6.13358      1.75    0.257559   0.0407462
  115      64    179539    179475   6.09546      1.75    0.124044   0.0409872
  116      64    180051    179987   6.06015         2    0.119209   0.0412397
  117      64    180435    180371   6.02118       1.5    0.132813   0.0414727
  118      64    180883    180819   5.98498      1.75    0.131381   0.0417268
  119      64    181395    181331   5.95149         2    0.141945   0.0419693
2026-07-07T21:42:51.130082+0800 min lat: 0.00261964 max lat: 0.258494 avg lat: 0.0421913
  sec Cur ops   started  finished  avg MB/s  cur MB/s last lat(s)  avg lat(s)
  120      64    181971    181907   5.92064      2.25    0.178411   0.0421913
Total time run:         120.035
Total writes made:      181971
Write size:             4096
Object size:            4096
Bandwidth (MB/sec):     5.9218
Stddev Bandwidth:       4.29675
Max bandwidth (MB/sec): 34.293
Min bandwidth (MB/sec): 1.5
Average IOPS:           1515
Stddev IOPS:            1099.97
Max IOPS:               8779
Min IOPS:               384
Average Latency(s):     0.0422141
Stddev Latency(s):      0.0248958
Max latency(s):         0.258494
Min latency(s):         0.00261964
[2026-07-07 21:42:52] END: write 4K r1
[2026-07-07 21:44:03] ---- write 4K round 2 ----
[2026-07-07 21:44:15] Health: HEALTH_OK
[2026-07-07 21:44:15] START: rados bench -p juicefs-data 120 write -b 4K -t 64 --no-cleanup
hints = 1
Maintaining 64 concurrent writes of 4096 bytes to objects of size 4096 for up to 120 seconds or 0 objects
Object prefix: benchmark_data_tikv-node_176430
  sec Cur ops   started  finished  avg MB/s  cur MB/s last lat(s)  avg lat(s)
    0       0         0         0         0         0           -           0
    1      64      8773      8709   34.0166   34.0195  0.00938779  0.00731123
    2      64     11302     11238   21.9473   9.87891   0.0448236   0.0112087
    3      64     12774     12710   16.5477      5.75   0.0502841   0.0148902
    4      63     14182     14119   13.7865   5.50391   0.0341665   0.0180007
    5      64     15654     15590   12.1783   5.74609   0.0436324   0.0203681
    6      64     17062     16998    11.065       5.5   0.0391431   0.0225201
    7      64     18382     18318   10.2208   5.15625  0.00622063    0.024348
    8      64     19926     19862   9.69699   6.03125   0.0425579   0.0257075
    9      64     21398     21334   9.25834      5.75   0.0436452   0.0269548
   10      64     22752     22688   8.86135   5.28906   0.0414945    0.028106
   11      64     24194     24130   8.56777   5.63281   0.0443727   0.0291277
   12      64     25602     25538   8.31205       5.5   0.0524748   0.0300262
   13      64     27074     27010   8.11491      5.75   0.0432948   0.0307934
   14      64     28418     28354   7.91024      5.25   0.0432168   0.0315263
   15      64     29826     29762   7.74953       5.5   0.0291203   0.0321744
   16      64     31234     31170   7.60891       5.5   0.0423201   0.0327884
   17      64     32580     32516   7.47058   5.25781  0.00868221   0.0333974
   18      64     34054     33990    7.3754   5.75781   0.0450498   0.0338858
   19      64     35462     35398   7.27666       5.5   0.0413793    0.034325
2026-07-07T21:44:35.811654+0800 min lat: 0.00301176 max lat: 0.174659 avg lat: 0.0347113
  sec Cur ops   started  finished  avg MB/s  cur MB/s last lat(s)  avg lat(s)
   20      64     36884     36820   7.19053   5.55469   0.0446316   0.0347113
   21      64     38327     38263   7.11651   5.63672    0.061366   0.0350595
   22      64     39654     39590   7.02861   5.18359   0.0334764   0.0355217
   23      64     40998     40934   6.95125      5.25   0.0480884   0.0359234
   24      64     42342     42278   6.88032      5.25   0.0506665   0.0362911
   25      64     43686     43622   6.81509      5.25    0.051699   0.0366503
   26      64     45095     45031   6.76464   5.50391   0.0424707   0.0369059
   27      64     46247     46183   6.68075       4.5   0.0627386    0.037352
   28      64     47335     47271   6.59391      4.25   0.0618944   0.0378761
   29      64     48359     48295   6.50445         4   0.0527185   0.0383706
   30      64     49800     49736   6.47524   5.62891   0.0425366   0.0385866
   31      64     51228     51164   6.44629   5.57812   0.0431065   0.0387422
   32      64     52744     52680   6.42987   5.92188   0.0400734   0.0388516
   33      64     54108     54044   6.39647   5.32812   0.0480974   0.0390556
   34      64     55533     55469   6.37203   5.56641   0.0433112   0.0392099
   35      64     56993     56929    6.3529   5.70312   0.0450757   0.0393233
   36      64     58477     58413   6.33744   5.79688   0.0598877   0.0394423
   37      64     59711     59647   6.29643   4.82031   0.0116163   0.0396701
   38      64     61235     61171   6.28738   5.95312   0.0411614   0.0397296
   39      64     62634     62570   6.26627   5.46484   0.0258676   0.0398614
2026-07-07T21:44:55.814064+0800 min lat: 0.00301176 max lat: 0.175395 avg lat: 0.040005
  sec Cur ops   started  finished  avg MB/s  cur MB/s last lat(s)  avg lat(s)
   40      64     64001     63937   6.24309   5.33984   0.0448069    0.040005
   41      64     65473     65409   6.23104      5.75   0.0342011   0.0401071
   42      64     66881     66817   6.21362       5.5   0.0500521   0.0402099
   43      64     68353     68289   6.20282      5.75   0.0443627   0.0402716
   44      64     69701     69637   6.18151   5.26562   0.0456481   0.0404005
   45      64     71105     71041     6.166   5.48438   0.0442853   0.0405035
   46      64     72577     72513   6.15693      5.75   0.0448945   0.0405915
   47      64     73920     73856   6.13754   5.24609   0.0136999   0.0407062
   48      64     75400     75336   6.13011   5.78125    0.042981   0.0407689
   49      64     76824     76760   6.11851    5.5625   0.0356779   0.0408258
   50      63     78278     78215    6.1098   5.68359   0.0443082   0.0408889
   51      64     79789     79725   6.10564   5.89844   0.0517874   0.0409325
   52      64     81137     81073   6.08948   5.26562   0.0448242   0.0410473
   53      64     82545     82481   6.07834       5.5   0.0429395     0.04112
   54      64     84002     83938   6.07116   5.69141   0.0376895   0.0411615
   55      64     85380     85316   6.05863   5.38281    0.031799   0.0412422
   56      64     86811     86747   6.05024   5.58984   0.0391028   0.0412999
   57      64     88136     88072   6.03489   5.17578  0.00541201   0.0413913
   58      64     89674     89610    6.0344   6.00781   0.0463935   0.0413977
   59      64     91018     90954    6.0211      5.25   0.0452225   0.0414867
2026-07-07T21:45:15.816753+0800 min lat: 0.00301176 max lat: 0.175395 avg lat: 0.0415494
  sec Cur ops   started  finished  avg MB/s  cur MB/s last lat(s)  avg lat(s)
   60      64     92449     92385   6.01389   5.58984   0.0429487   0.0415494
   61      64     93923     93859   6.00968   5.75781   0.0444532   0.0415832
   62      64     95331     95267   6.00145       5.5   0.0464566    0.041644
   63      64     96686     96622   5.99019   5.29297   0.0341721   0.0417096
   64      64     98147     98083   5.98575   5.70703   0.0516362   0.0417539
   65      64     99630     99566   5.98278   5.79297   0.0467755   0.0417684
   66      64    100981    100917   5.97208   5.27734   0.0449827   0.0418336
   67      64    102263    102199   5.95767   5.00781  0.00875468    0.041934
   68      64    103826    103762   5.95983   6.10547   0.0455229   0.0419378
   69      64    105298    105234   5.95678      5.75   0.0461913   0.0419581
   70      64    106505    106441   5.93903   4.71484   0.0523985   0.0420698
   71      64    107977    107913   5.93636      5.75   0.0421234   0.0421094
   72      64    109388    109324   5.93046   5.51172   0.0373915    0.042133
   73      64    110668    110604    5.9177         5   0.0244312   0.0422188
   74      64    112076    112012   5.91204       5.5   0.0437459   0.0422713
   75      64    113484    113420   5.90654       5.5   0.0514655   0.0423105
   76      64    114956    114892   5.90447      5.75    0.045975   0.0423298
   77      63    116120    116057   5.88689   4.55078    0.045565   0.0424442
   78      64    117516    117452   5.88127   5.44922   0.0450497   0.0424963
   79      64    118924    118860   5.87643       5.5   0.0422153   0.0425228
2026-07-07T21:45:35.819358+0800 min lat: 0.00301176 max lat: 0.213009 avg lat: 0.0425438
  sec Cur ops   started  finished  avg MB/s  cur MB/s last lat(s)  avg lat(s)
   80      64    120400    120336   5.87504   5.76562   0.0445931   0.0425438
   81      64    121552    121488   5.85805       4.5   0.0455504   0.0426712
   82      64    122960    122896   5.85368       5.5   0.0415893   0.0427004
   83      64    124176    124112   5.84038      4.75    0.188676   0.0428006
   84      64    125413    125349   5.82837   4.83203    0.249486   0.0428481
   85      64    126757    126693   5.82155      5.25   0.0481628   0.0429282
   86      64    128165    128101    5.8178       5.5   0.0432652   0.0429481
   87      64    129597    129533   5.81522   5.59375   0.0228236   0.0429722
   88      64    130709    130645   5.79849   4.34375   0.0534381   0.0430987
   89      64    132151    132087   5.79662   5.63281   0.0439122    0.043113
   90      64    133604    133540   5.79527   5.67578   0.0464658   0.0431239
   91      64    134948    134884   5.78927      5.25    0.119251   0.0431654
   92      64    136036    135972   5.77253      4.25    0.044002   0.0432861
   93      64    137508    137444   5.77228      5.75   0.0455317   0.0433019
   94      64    138980    138916   5.77204      5.75    0.046911   0.0433079
   95      64    139940    139876   5.75075      3.75   0.0475503   0.0434482
   96      64    141284    141220   5.74552      5.25   0.0520255   0.0434952
   97      64    142756    142692   5.74556      5.75   0.0424142    0.043508
   98      64    144164    144100   5.74305       5.5   0.0458806   0.0435177
   99      64    145188    145124   5.72544         4   0.0502126   0.0436602
2026-07-07T21:45:55.821954+0800 min lat: 0.00301129 max lat: 0.259503 avg lat: 0.0436625
  sec Cur ops   started  finished  avg MB/s  cur MB/s last lat(s)  avg lat(s)
  100      64    146620    146556   5.72412   5.59375   0.0497639   0.0436625
  101      64    148092    148028   5.72436      5.75   0.0410933   0.0436609
  102      64    149244    149180   5.71235       4.5    0.168086   0.0437377
  103      64    150524    150460   5.70543         5    0.042144   0.0438028
  104      64    151996    151932   5.70585      5.75   0.0402405   0.0438065
  105      64    153468    153404   5.70626      5.75   0.0446271    0.043805
  106      64    154375    154311   5.68585   3.54297   0.0463936     0.04395
  107      64    155729    155665   5.68213   5.28906   0.0379654   0.0439802
  108      64    157201    157137   5.68275      5.75   0.0419305   0.0439898
  109      64    158417    158353   5.67419      4.75    0.105447     0.04401
  110      64    159477    159413   5.66024   4.14062    0.047101    0.044152
  111      64    160885    160821   5.65879       5.5   0.0422993   0.0441691
  112      64    162329    162265   5.65863   5.64062   0.0373574   0.0441681
  113      64    163253    163189   5.64048   3.60938   0.0471284   0.0443089
  114      64    164633    164569   5.63829   5.39062   0.0457666   0.0443322
  115      64    166069    166005   5.63803   5.60938   0.0426802   0.0443319
  116      64    167541    167477   5.63899      5.75   0.0435625   0.0443229
  117      64    168409    168345   5.61977   3.39062   0.0437638   0.0444731
  118      64    169881    169817   5.62087      5.75   0.0416109   0.0444716
  119      64    171310    171246   5.62053   5.58203   0.0431801   0.0444701
2026-07-07T21:46:15.824640+0800 min lat: 0.00301129 max lat: 0.278449 avg lat: 0.0445288
  sec Cur ops   started  finished  avg MB/s  cur MB/s last lat(s)  avg lat(s)
  120      64    172316    172252   5.60644   3.92969    0.201389   0.0445288
Total time run:         120.057
Total writes made:      172316
Write size:             4096
Object size:            4096
Bandwidth (MB/sec):     5.6066
Stddev Bandwidth:       2.70605
Max bandwidth (MB/sec): 34.0195
Min bandwidth (MB/sec): 3.39062
Average IOPS:           1435
Stddev IOPS:            692.75
Max IOPS:               8709
Min IOPS:               868
Average Latency(s):     0.0445854
Stddev Latency(s):      0.0222089
Max latency(s):         0.278449
Min latency(s):         0.00301129
[2026-07-07 21:46:16] END: write 4K r2
[2026-07-07 21:47:37] ---- write 4K round 3 ----
[2026-07-07 21:47:49] Health: HEALTH_OK
[2026-07-07 21:47:49] START: rados bench -p juicefs-data 120 write -b 4K -t 64 --no-cleanup
hints = 1
Maintaining 64 concurrent writes of 4096 bytes to objects of size 4096 for up to 120 seconds or 0 objects
Object prefix: benchmark_data_tikv-node_195176
  sec Cur ops   started  finished  avg MB/s  cur MB/s last lat(s)  avg lat(s)
    0       0         0         0         0         0           -           0
    1      64      7844      7780   30.3858   30.3906   0.0510475  0.00813571
    2      64      9188      9124   17.8175      5.25   0.0460694   0.0137985
    3      64     10537     10473   13.6346   5.26953  0.00649646   0.0181587
    4      64     12027     11963   11.6809   5.82031   0.0445605   0.0212924
    5      64     13447     13383   10.4539   5.54688   0.0461278   0.0237799
    6      64     14673     14609   9.50963   4.78906   0.0453571   0.0260802
    7      64     16133     16069   8.96575   5.70312    0.043163   0.0277831
    8      64     17576     17512   8.54953   5.63672   0.0454541   0.0291586
    9      64     18833     18769   8.14507   4.91016   0.0321951   0.0306268
   10      64     20241     20177   7.88048       5.5    0.042647   0.0316699
   11      64     21672     21608   7.67217   5.58984   0.0498183   0.0325176
   12      64     23150     23086   7.51387   5.77344   0.0437583   0.0331798
   13      64     24352     24288   7.29703   4.69531   0.0462429   0.0342171
   14      64     25745     25681   7.16446   5.44141   0.0432508   0.0348578
   15      64     27172     27108   7.05839   5.57422   0.0425898   0.0353813
   16      64     28604     28540   6.96681   5.59375   0.0430788    0.035864
   17      64     29756     29692   6.82166       4.5   0.0417855   0.0365939
   18      64     31228     31164   6.76209      5.75   0.0444708   0.0369357
   19      64     32700     32636   6.70878      5.75   0.0431159   0.0372296
2026-07-07T21:48:09.799908+0800 min lat: 0.00278523 max lat: 0.211181 avg lat: 0.0378133
  sec Cur ops   started  finished  avg MB/s  cur MB/s last lat(s)  avg lat(s)
   20      64     33852     33788   6.59831       4.5     0.03842   0.0378133
   21      63     35253     35190   6.54485   5.47656   0.0427915   0.0381866
   22      64     36668     36604   6.49839   5.52344   0.0525616   0.0384517
   23      64     37914     37850   6.42743   4.86719  0.00886567   0.0388629
   24      64     39125     39061   6.35669   4.73047   0.0628397   0.0392646
   25      64     40533     40469   6.32239       5.5   0.0435598   0.0394868
   26      64     41792     41728   6.26835   4.91797   0.0451217   0.0398317
   27      64     43072     43008   6.22135         5    0.125231   0.0401788
   28      64     44480     44416   6.19556       5.5   0.0420965   0.0403414
   29      64     45888     45824   6.17155       5.5   0.0419076   0.0404888
   30      64     47104     47040   6.12414      4.75   0.0559883   0.0407822
   31      64     48322     48258   6.08004   4.75781   0.0543413   0.0410618
   32      64     49730     49666   6.06189       5.5   0.0529293   0.0412151
   33      64     51083     51019   6.03833   5.28516  0.00796007   0.0413631
   34      64     52374     52310   6.00904   5.04297   0.0436611   0.0415624
   35      63     53566     53503   5.97048   4.66016   0.0447985   0.0418403
   36      64     54985     54921   5.95848   5.53906   0.0418306   0.0419334
   37      64     56353     56289   5.94184   5.34375    0.040126   0.0420385
   38      64     57460     57396   5.89925   4.32422   0.0442195    0.042338
   39      64     58785     58721   5.88068   5.17578   0.0458176   0.0424964
2026-07-07T21:48:29.802740+0800 min lat: 0.00278523 max lat: 0.211181 avg lat: 0.0425589
  sec Cur ops   started  finished  avg MB/s  cur MB/s last lat(s)  avg lat(s)
   40      64     60193     60129   5.87115       5.5   0.0418703   0.0425589
   41      64     61409     61345   5.84379      4.75   0.0455736   0.0427393
   42      64     62425     62361   5.79914   3.96875   0.0535986   0.0431017
   43      64     63829     63765    5.7918   5.48438   0.0224615   0.0431479
   44      64     65260     65196    5.7872   5.58984   0.0443515    0.043188
   45      64     66284     66220   5.74747         4    0.110099   0.0434182
   46      64     67496     67432   5.72543   4.73438   0.0456591   0.0436459
   47      64     68904     68840   5.72062       5.5   0.0522304   0.0436729
   48      64     70120     70056   5.70038      4.75   0.0271476   0.0438383
   49      64     71208     71144   5.67077      4.25   0.0487663   0.0440593
   50      64     72616     72552   5.66734       5.5   0.0519133   0.0441064
   51      64     74035     73971   5.66489   5.54297   0.0437925   0.0441048
   52      64     75240     75176   5.64645   4.70703   0.0342576    0.044257
   53      64     76264     76200   5.61538         4   0.0549988   0.0444933
   54      64     77672     77608   5.61323       5.5   0.0424543   0.0445209
   55      64     79080     79016   5.61115       5.5   0.0413304   0.0445111
   56      64     79907     79843   5.56863   3.23047    0.180844    0.044772
   57      64     81299     81235   5.56632    5.4375   0.0421591   0.0448931
   58      64     82771     82707   5.56947      5.75   0.0426557   0.0448626
   59      64     83933     83869     5.552   4.53906    0.031805   0.0450051
2026-07-07T21:48:49.805439+0800 min lat: 0.00278523 max lat: 0.279054 avg lat: 0.045223
  sec Cur ops   started  finished  avg MB/s  cur MB/s last lat(s)  avg lat(s)
   60      64     84957     84893   5.52612         4   0.0486253    0.045223
   61      64     86301     86237   5.52158      5.25   0.0439522   0.0452506
   62      64     87763     87699   5.52462   5.71094    0.042478   0.0452311
   63      63     88661     88598   5.49266   3.51172    0.181248   0.0453854
   64      64     89875     89811   5.48086   4.73828   0.0437759   0.0455873
   65      64     91347     91283   5.48499      5.75   0.0432439   0.0455757
   66      64     92649     92585   5.47894   5.08594   0.0429669   0.0455663
   67      64     93416     93352   5.44187   2.99609   0.0459499   0.0459029
   68      64     94824     94760   5.44272       5.5   0.0417657   0.0459227
   69      64     96232     96168   5.44353       5.5   0.0430844   0.0459022
   70      64     97320     97256   5.42648      4.25   0.0988494   0.0460638
   71      64     98339     98275    5.4061   3.98047    0.057108    0.046221
   72      64     99747     99683    5.4074       5.5   0.0514215   0.0462143
   73      64    101189    101125   5.41047   5.63281    0.014036   0.0461938
   74      64    101901    101837   5.37494   2.78125    0.104156   0.0464876
   75      64    103245    103181   5.37326      5.25   0.0460312   0.0464948
   76      64    104716    104652   5.37816   5.74609   0.0427847   0.0464706
   77      64    106011    105947     5.374   5.05859   0.0883533    0.046443
   78      64    106843    106779   5.34676      3.25   0.0457544   0.0467352
   79      64    108251    108187   5.34869       5.5   0.0506079   0.0467183
2026-07-07T21:49:09.808218+0800 min lat: 0.00278523 max lat: 0.287746 avg lat: 0.0466849
  sec Cur ops   started  finished  avg MB/s  cur MB/s last lat(s)  avg lat(s)
   80      64    109708    109644   5.35297   5.69141   0.0431954   0.0466849
   81      64    110491    110427   5.32464   3.05859    0.215832   0.0468809
   82      64    111820    111756   5.32301   5.19141   0.0450934   0.0469593
   83      64    113118    113054   5.31995   5.07031   0.0115733   0.0469731
   84      64    114583    114519   5.32474   5.72266   0.0439131   0.0469157
   85      64    115287    115223   5.29444      2.75   0.0444103   0.0471928
   86      64    116664    116600   5.29542   5.37891   0.0500222   0.0471923
   87      64    118136    118072   5.30063      5.75    0.041839   0.0471487
   88      64    119032    118968   5.28016       3.5    0.213489   0.0472692
   89      64    120312    120248   5.27701         5   0.0422933   0.0473598
   90      64    121775    121711   5.28186   5.71484   0.0448989   0.0473209
   91      64    123247    123183     5.287      5.75    0.042206   0.0472803
   92      64    123871    123807   5.25602    2.4375   0.0457903   0.0475529
   93      64    125266    125202   5.25809   5.44922   0.0288552   0.0475368
   94      64    126703    126639   5.26186   5.61328   0.0424002   0.0475008
   95      64    127791    127727    5.2512      4.25     0.19717   0.0475518
   96      64    128885    128821   5.24101   4.27344   0.0452039   0.0476873
   97      64    130357    130293   5.24625      5.75   0.0417145   0.0476459
   98      64    131777    131713   5.24931   5.54688   0.0586905     0.04762
   99      63    132419    132356   5.22166   2.51172   0.0545063   0.0478499
2026-07-07T21:49:29.810965+0800 min lat: 0.00278523 max lat: 0.427033 avg lat: 0.0478623
  sec Cur ops   started  finished  avg MB/s  cur MB/s last lat(s)  avg lat(s)
  100      64    133761    133697   5.22182   5.23828   0.0373225   0.0478623
  101      64    135169    135105   5.22456       5.5   0.0422907   0.0478338
  102      64    136321    136257   5.21745       4.5      0.1484   0.0478575
  103      64    137345    137281   5.20563         4   0.0448878    0.048021
  104      64    138753    138689   5.20846       5.5    0.043607   0.0479946
  105      64    140161    140097   5.21122       5.5   0.0519459   0.0479608
  106      63    140890    140827   5.18896   2.85156     0.04256   0.0481584
  107      64    142298    142234   5.19182   5.49609   0.0417789   0.0481406
  108      64    143770    143706   5.19698      5.75   0.0412559    0.048094
  109      64    145050    144986   5.19517         5   0.0387554   0.0480538
  110      64    145946    145882   5.17975       3.5   0.0471399   0.0482549
  111      64    147290    147226   5.18038      5.25   0.0508269   0.0482475
  112      64    148762    148698   5.18546      5.75   0.0433736   0.0482082
  113      64    149530    149466   5.16611         3    0.214319   0.0483441
  114      64    150874    150810   5.16684      5.25    0.051835   0.0483796
  115      64    152282    152218   5.16973       5.5   0.0460973   0.0483439
  116      64    153738    153674   5.17419    5.6875   0.0465295   0.0483036
  117      64    154506    154442    5.1556         3   0.0547995   0.0484745
  118      64    155850    155786    5.1564      5.25   0.0432377   0.0484687
  119      64    157322    157258   5.16138      5.75   0.0416986   0.0484282
2026-07-07T21:49:49.813682+0800 min lat: 0.00278523 max lat: 0.427033 avg lat: 0.0485054
  sec Cur ops   started  finished  avg MB/s  cur MB/s last lat(s)  avg lat(s)
  120      64    158343    158279    5.1516   3.98828     0.20968   0.0485054
Total time run:         120.173
Total writes made:      158343
Write size:             4096
Object size:            4096
Bandwidth (MB/sec):     5.14698
Stddev Bandwidth:       2.47801
Max bandwidth (MB/sec): 30.3906
Min bandwidth (MB/sec): 2.4375
Average IOPS:           1317
Stddev IOPS:            634.371
Max IOPS:               7780
Min IOPS:               624
Average Latency(s):     0.0485697
Stddev Latency(s):      0.0313301
Max latency(s):         0.427033
Min latency(s):         0.00278523
[2026-07-07 21:49:50] END: write 4K r3
[2026-07-07 21:51:07] ---- prefill for rand read (4K, 120s) ----
[2026-07-07 21:51:19] Health: HEALTH_OK
[2026-07-07 21:53:19] Prefill done. Objects: GiB
[2026-07-07 21:53:19] ---- rand read 4K round 1 ----
[2026-07-07 21:53:30] Health: HEALTH_OK
[2026-07-07 21:53:31] START: rados bench -p juicefs-data 120 rand -t 64
hints = 1
  sec Cur ops   started  finished  avg MB/s  cur MB/s last lat(s)  avg lat(s)
    0       0         0         0         0         0           -           0
    1      64       114        50  0.195271  0.195312    0.976046    0.559676
    2      64       176       112  0.218712  0.242188     1.35303    0.718896
    3      64      7311      7247    9.4346   27.8711    0.362176   0.0238792
    4      64     11680     11616   11.3419   17.0664    0.488834   0.0195809
    5      64     13315     13251   10.3507   6.38672    0.170706   0.0229913
    6      64     23890     23826   15.5094   41.3086    0.206975   0.0155447
    7      64     32893     32829   18.3171    35.168      0.1543   0.0131955
    8      64     43150     43086   21.0351   40.0664    0.292712   0.0114929
    9      64     55095     55031   23.8816   46.6602    0.101347   0.0102142
   10      64     70827     70763   27.6379   61.4531   0.0040454  0.00903673
   11      63     84637     84574   30.0292   53.9492  0.00325921  0.00831671
   12      64     99947     99883   32.5095   59.8008    0.029612  0.00756949
   13      64    105473    105409   31.6689   21.5859   0.0925839  0.00778911
   14      63    114779    114716   32.0034   36.3555   0.0023214  0.00780355
   15      63    126390    126327    32.893   45.3555  0.00411966   0.0075925
   16      64    139332    139268   33.9961   50.5508  0.00253286   0.0073459
   17      64    149121    149057   34.2454   38.2383  0.00233666  0.00729252
   18      64    162087    162023   35.1563   50.6484  0.00344923  0.00710346
   19      64    166262    166198   34.1642   16.3086  0.00138467  0.00718862
2026-07-07T21:53:51.337079+0800 min lat: 0.000958069 max lat: 2.17555 avg lat: 0.00727203
  sec Cur ops   started  finished  avg MB/s  cur MB/s last lat(s)  avg lat(s)
   20      64    175923    175859   34.3426   37.7383   0.0033443  0.00727203
   21      63    187585    187522   34.8763   45.5586  0.00324759  0.00716069
   22      64    198329    198265   35.1983   41.9648    0.456546  0.00699558
   23      64    202920    202856   34.4476   17.9336  0.00391837  0.00724989
   24      63    210934    210871   34.3167   31.3086  0.00222842  0.00727772
   25      64    227429    227365   35.5208   64.4297   0.0031311  0.00703072
   26      63    247562    247499   37.1792   78.6484  0.00332505  0.00671692
   27      63    267832    267769   38.7343   79.1797  0.00351946  0.00644696
   28      64    286295    286231   39.9262   72.1172  0.00289602  0.00625435
   29      63    303249    303186    40.833   66.2305  0.00263587  0.00611541
   30      63    320813    320750   41.7586   68.6094  0.00385039  0.00597971
   31      63    341109    341046   42.9686   79.2812  0.00249135   0.0058111
   32      64    361257    361193   44.0848   78.6992  0.00371088  0.00566383
   33      64    381520    381456   45.1471   79.1523  0.00386647  0.00553044
   34      63    398181    398118   45.7333   65.0859  0.00257647  0.00545951
   35      64    416802    416738   46.5045   72.7344  0.00285258  0.00536888
   36      64    437111    437047    47.416    79.332  0.00200823  0.00526551
   37      64    457028    456964    48.237   77.8008  0.00384713  0.00517577
   38      63    477483    477420   49.0701   79.9062   0.0029567   0.0050878
   39      64    495575    495511   49.6236    70.668  0.00325723  0.00503102
2026-07-07T21:54:11.339768+0800 min lat: 0.000865456 max lat: 2.17555 avg lat: 0.00497473
  sec Cur ops   started  finished  avg MB/s  cur MB/s last lat(s)  avg lat(s)
   40      64    514022    513958   50.1843   72.0586  0.00237765  0.00497473
   41      64    534470    534406   50.9081    79.875  0.00410858  0.00490392
   42      64    554804    554740   51.5869   79.4297  0.00322279  0.00483929
   43      64    575207    575143   52.2404   79.6992  0.00304184  0.00477869
   44      64    594642    594578   52.7783    75.918  0.00308634  0.00472994
   45      64    613477    613413   53.2403   73.5742  0.00237746  0.00468886
   46      64    632017    631953   53.6571   72.4219  0.00341195  0.00465241
   47      64    652469    652405   54.2151   79.8906  0.00184922  0.00460447
   48      64    672773    672709   54.7377   79.3125   0.0032487  0.00456044
   49      63    693134    693071   55.2436   79.5391  0.00317904  0.00451861
   50      64    712858    712794   55.6794    77.043  0.00378618  0.00448319
   51      63    731814    731751   56.0395   74.0508  0.00312782  0.00445434
   52      63    752126    752063   56.4874   79.3438  0.00235292  0.00441894
   53      63    772441    772378   56.9187   79.3555  0.00240513   0.0043854
   54      64    792861    792797   57.3415   79.7617  0.00302908  0.00435303
   55      64    812023    811959   57.6597   74.8516  0.00330232  0.00432896
   56      63    830791    830728   57.9391   73.3164  0.00422588  0.00430797
   57      64    851134    851070   58.3165   79.4609  0.00240407  0.00428015
   58      64    871647    871583   58.6923   80.1289  0.00248101  0.00425269
   59      63    892081    892018   59.0503   79.8242  0.00338423  0.00422687
2026-07-07T21:54:31.342521+0800 min lat: 0.000806002 max lat: 2.17555 avg lat: 0.00420206
  sec Cur ops   started  finished  avg MB/s  cur MB/s last lat(s)  avg lat(s)
   60      63    912441    912378   59.3914   79.5312  0.00122248  0.00420206
   61      64    932187    932123   59.6819   77.1289  0.00311048  0.00418206
   62      64    952001    951937   59.9675   77.3984   0.0039187   0.0041621
   63      64    972368    972304   60.2784   79.5586  0.00342577  0.00414063
   64      63    992720    992657   60.5786   79.5039   0.0024744  0.00412009
   65      63   1013004   1012941   60.8654   79.2344  0.00361084  0.00410064
   66      64   1033418   1033354   61.1512   79.7383  0.00192983  0.00408142
   67      64   1053676   1053612   61.4195   79.1328  0.00238441  0.00406355
   68      64   1073985   1073921   61.6828    79.332  0.00345957  0.00404619
   69      63   1094281   1094218   61.9378   79.2852  0.00396552  0.00402952
   70      63   1114583   1114520   62.1857   79.3047  0.00239684  0.00401344
   71      64   1134855   1134791    62.425   79.1836  0.00291866  0.00399801
   72      63   1155287   1155224   62.6663   79.8164  0.00356959  0.00398261
   73      64   1175647   1175583   62.8971   79.5273  0.00255488  0.00396795
   74      64   1195950   1195886   63.1188   79.3086  0.00271614  0.00395402
   75      64   1216340   1216276    63.339   79.6484  0.00344832  0.00394025
   76      63   1236656   1236593   63.5497   79.3633  0.00356848  0.00392717
   77      64   1257061   1256997   63.7593   79.7031   0.0020953  0.00391424
   78      64   1277410   1277346   63.9608   79.4883  0.00349599  0.00390185
   79      64   1297669   1297605   64.1528   79.1367  0.00242922  0.00389019
2026-07-07T21:54:51.345237+0800 min lat: 0.000806002 max lat: 2.17555 avg lat: 0.00387846
  sec Cur ops   started  finished  avg MB/s  cur MB/s last lat(s)  avg lat(s)
   80      64   1318059   1317995   64.3464   79.6484  0.00340414  0.00387846
   81      63   1338444   1338381   64.5349   79.6328  0.00299346  0.00386713
   82      63   1358762   1358699   64.7157   79.3672  0.00368284  0.00385631
   83      64   1379132   1379068   64.8944   79.5664   0.0041221  0.00384567
   84      63   1399481   1399418   65.0681   79.4922  0.00350918  0.00383541
   85      64   1419754   1419690   65.2341   79.1875  0.00216474  0.00382564
   86      64   1440100   1440036   65.3996   79.4766   0.0031887  0.00381595
   87      64   1460473   1460409   65.5625    79.582  0.00247456  0.00380645
   88      64   1480861   1480797   65.7223   79.6406  0.00339798  0.00379719
   89      63   1501188   1501125    65.876   79.4062  0.00301842  0.00378833
   90      64   1521509   1521445   66.0258    79.375  0.00289479  0.00377972
   91      64   1541881   1541817   66.1746   79.5781  0.00243904   0.0037712
   92      64   1562227   1562163   66.3191   79.4766  0.00345759  0.00376297
   93      63   1582721   1582658   66.4667   80.0586  0.00365003  0.00375462
   94      63   1603103   1603040   66.6065   79.6172   0.0031729  0.00374671
   95      64   1623405   1623341     66.74   79.3008  0.00314481  0.00373921
   96      64   1643828   1643764   66.8758   79.7773  0.00263058  0.00373161
   97      64   1664154   1664090   67.0048   79.3984  0.00272788  0.00372444
   98      64   1684606   1684542   67.1362   79.8906  0.00250164  0.00371713
   99      64   1704944   1704880   67.2604   79.4453  0.00274478  0.00371024
2026-07-07T21:55:11.347835+0800 min lat: 0.000806002 max lat: 2.17555 avg lat: 0.00370345
  sec Cur ops   started  finished  avg MB/s  cur MB/s last lat(s)  avg lat(s)
  100      63   1725322   1725259   67.3838   79.6055  0.00347461  0.00370345
  101      64   1745636   1745572   67.5021   79.3477  0.00255775  0.00369695
  102      64   1766024   1765960    67.621   79.6406  0.00333607  0.00369045
  103      63   1786408   1786345   67.7374   79.6289  0.00246734  0.00368408
  104      64   1806859   1806795   67.8541   79.8828  0.00270826  0.00367773
  105      64   1827238   1827174   67.9659   79.6055  0.00321172  0.00367167
  106      64   1847558   1847494   68.0735    79.375   0.0022575  0.00366586
  107      63   1867822   1867759    68.177   79.1602  0.00381211   0.0036603
  108      64   1888251   1888187   68.2845   79.7969  0.00229782  0.00365453
  109      64   1908604   1908540   68.3873   79.5039   0.0041942  0.00364903
  110      64   1928983   1928919   68.4892   79.6055  0.00369909  0.00364361
  111      63   1949435   1949372   68.5918   79.8945  0.00254738  0.00363813
  112      64   1969764   1969700   68.6883   79.4062  0.00555121  0.00363299
  113      64   1990193   1990129   68.7865   79.8008  0.00235966  0.00362784
  114      64   2010515   2010451   68.8794   79.3828  0.00377173  0.00362294
  115      63   2030892   2030829   68.9725   79.6016  0.00294209  0.00361804
  116      63   2051155   2051092   69.0602   79.1523  0.00252448  0.00361344
  117      63   2071491   2071428   69.1488   79.4375  0.00242087   0.0036088
  118      64   2091864   2091800   69.2371   79.5781  0.00280778   0.0036042
  119      64   2112315   2112251   69.3265   79.8867  0.00343853  0.00359953
Total time run:       120.003
Total reads made:     2132441
Read size:            4096
Object size:          4096
Bandwidth (MB/sec):   69.4139
Average IOPS:         17769
Stddev IOPS:          4996.53
Max IOPS:             20513
Min IOPS:             50
Average Latency(s):   0.00359501
Max latency(s):       2.17555
Min latency(s):       0.000806002
[2026-07-07 21:55:31] END: rand read 4K r1
[2026-07-07 21:55:31] ---- rand read 4K round 2 ----
[2026-07-07 21:55:43] Health: HEALTH_OK
[2026-07-07 21:55:43] START: rados bench -p juicefs-data 120 rand -t 64
hints = 1
  sec Cur ops   started  finished  avg MB/s  cur MB/s last lat(s)  avg lat(s)
    0       0         0         0         0         0           -           0
    1      64     20275     20211    78.933   78.9492  0.00339047  0.00315371
    2      63     40537     40474   79.0383   79.1523  0.00283197  0.00315295
    3      63     60915     60852   79.2221   79.6016  0.00253898  0.00314683
    4      64     81393     81329   79.4104   79.9883  0.00229555  0.00313988
    5      64    101720    101656   79.4064   79.4023  0.00450679  0.00314013
    6      64    122131    122067   79.4585   79.7305   0.0026872  0.00313834
    7      64    142419    142355   79.4275     79.25  0.00382858  0.00313966
    8      63    162754    162691   79.4276   79.4375  0.00369879  0.00313996
    9      63    183164    183101   79.4597   79.7266  0.00358613  0.00313881
   10      64    203407    203343   79.4195   79.0703   0.0022949  0.00314036
   11      63    223760    223697   79.4267   79.5078   0.0034506  0.00314013
   12      64    243988    243924   79.3914   79.0117  0.00437677  0.00314151
   13      64    264300    264236   79.3868   79.3438  0.00273178  0.00314186
   14      64    284687    284623   79.4038   79.6367  0.00337776  0.00314121
   15      64    305096    305032   79.4243   79.7227  0.00245511   0.0031404
   16      64    325378    325314   79.4112   79.2266  0.00267518  0.00314102
   17      64    345713    345649   79.4118   79.4336  0.00249447  0.00314093
   18      64    366022    365958   79.4067    79.332  0.00354601  0.00314117
   19      63    386305    386242   79.3971   79.2344  0.00238591  0.00314157
2026-07-07T21:56:03.795826+0800 min lat: 0.000956956 max lat: 0.00881967 avg lat: 0.00314143
  sec Cur ops   started  finished  avg MB/s  cur MB/s last lat(s)  avg lat(s)
   20      64    406658    406594    79.402      79.5  0.00279259  0.00314143
   21      63    427039    426976   79.4115   79.6172  0.00386382  0.00314108
   22      64    447361    447297   79.4094   79.3789    0.003432  0.00314115
   23      63    467762    467699   79.4213   79.6953  0.00235869  0.00314069
   24      63    488106    488043   79.4227   79.4688  0.00342626  0.00314059
   25      64    508351    508287   79.4084   79.0781  0.00319936  0.00314119
   26      64    528760    528696   79.4201   79.7227  0.00324633  0.00314074
   27      64    549057    548993   79.4146   79.2852  0.00274251  0.00314094
   28      64    569451    569387   79.4231   79.6641   0.0037683  0.00314065
   29      64    589788    589724   79.4232   79.4414  0.00431198  0.00314061
   30      64    610064    610000   79.4155   79.2031  0.00221271  0.00314093
   31      64    630313    630249   79.4049   79.0977   0.0038094  0.00314136
   32      63    650619    650556    79.402   79.3242  0.00327353  0.00314147
   33      63    670941    670878   79.4011   79.3828  0.00237502  0.00314153
   34      63    691257    691194   79.3995   79.3594   0.0025877  0.00314156
   35      63    711625    711562   79.4038   79.5625  0.00337391  0.00314138
   36      63    731972    731909   79.4056   79.4805  0.00322344   0.0031413
   37      64    752255    752191   79.4006   79.2266  0.00331447  0.00314144
   38      64    772612    772548   79.4035   79.5195   0.0025894  0.00314137
   39      63    792924    792861   79.4018   79.3477  0.00274208  0.00314142
2026-07-07T21:56:23.798774+0800 min lat: 0.000905859 max lat: 0.00995547 avg lat: 0.00314113
  sec Cur ops   started  finished  avg MB/s  cur MB/s last lat(s)  avg lat(s)
   40      63    813334    813271   79.4097   79.7266  0.00295852  0.00314113
   41      63    833720    833657   79.4149   79.6328  0.00327633  0.00314089
   42      64    853948    853884   79.4051   79.0117  0.00262523  0.00314132
   43      63    874336    874273   79.4104   79.6445  0.00258622  0.00314114
   44      63    894596    894533   79.4041   79.1406  0.00301194  0.00314138
   45      64    915005    914941   79.4108   79.7188  0.00240789  0.00314113
   46      63    935380    935317   79.4146   79.5938  0.00344801  0.00314096
   47      63    955698    955635   79.4134   79.3672  0.00275996  0.00314099
   48      63    976125    976062   79.4211    79.793  0.00258131  0.00314072
   49      64    996572    996508     79.43   79.8672   0.0033244  0.00314038
   50      64   1016886   1016822   79.4282   79.3516  0.00219883  0.00314045
   51      63   1037167   1037104    79.424   79.2266  0.00256656  0.00314059
   52      64   1057580   1057516   79.4298   79.7344  0.00304867  0.00314039
   53      63   1077986   1077923    79.435   79.7148  0.00293463  0.00314018
   54      63   1098322   1098259   79.4348   79.4375   0.0027808  0.00314019
   55      64   1118658   1118594   79.4346   79.4336  0.00339252  0.00314022
   56      63   1139057   1138994    79.439   79.6875  0.00345926  0.00314006
   57      64   1159397   1159333    79.439   79.4492  0.00397297  0.00314005
   58      64   1179662   1179598   79.4341   79.1602  0.00410658  0.00314027
   59      63   1199982   1199919   79.4329   79.3789  0.00361035  0.00314031
2026-07-07T21:56:43.801272+0800 min lat: 0.000905859 max lat: 0.00995547 avg lat: 0.00314026
  sec Cur ops   started  finished  avg MB/s  cur MB/s last lat(s)  avg lat(s)
   60      64   1220343   1220279   79.4344   79.5312  0.00365163  0.00314026
   61      63   1240635   1240572   79.4314   79.2695  0.00295301  0.00314039
   62      64   1261025   1260961   79.4347   79.6445  0.00290729  0.00314025
   63      63   1281294   1281231   79.4304   79.1797  0.00176967  0.00314043
   64      64   1301672   1301608   79.4329   79.5977  0.00309637  0.00314035
   65      63   1322004   1321941   79.4327   79.4258   0.0035515  0.00314036
   66      64   1342428   1342364   79.4378   79.7773  0.00458966  0.00314015
   67      63   1362761   1362698   79.4375   79.4297   0.0021892  0.00314017
   68      64   1383098   1383034   79.4373   79.4375  0.00261039  0.00314017
   69      64   1403466   1403402    79.439   79.5625  0.00213251  0.00314011
   70      64   1423879   1423815   79.4431   79.7383  0.00209344  0.00313996
   71      64   1444291   1444227   79.4471   79.7344  0.00287915   0.0031398
   72      64   1464689   1464625   79.4502   79.6797  0.00233874  0.00313968
   73      63   1485009   1484946   79.4491   79.3789  0.00297979  0.00313972
   74      63   1505461   1505398   79.4549   79.8906  0.00339479  0.00313948
   75      64   1525859   1525795   79.4578   79.6758  0.00348711  0.00313938
   76      64   1546122   1546058   79.4536   79.1523  0.00226486  0.00313953
   77      63   1566511   1566448    79.456   79.6484  0.00304031  0.00313945
   78      64   1586913   1586849    79.459   79.6914  0.00394744  0.00313933
   79      64   1607287   1607223   79.4604   79.5859  0.00248164  0.00313928
2026-07-07T21:57:03.803768+0800 min lat: 0.000905859 max lat: 0.00995547 avg lat: 0.0031392
  sec Cur ops   started  finished  avg MB/s  cur MB/s last lat(s)  avg lat(s)
   80      64   1627677   1627613   79.4627   79.6484  0.00265699   0.0031392
   81      63   1647934   1647871   79.4584   79.1328   0.0021421  0.00313937
   82      63   1668266   1668203   79.4579   79.4219  0.00325642  0.00313939
   83      63   1688660   1688597   79.4602   79.6641  0.00238125   0.0031393
   84      63   1709049   1708986   79.4623   79.6445  0.00159184  0.00313921
   85      64   1729328   1729264   79.4593   79.2109  0.00271424  0.00313933
   86      64   1749682   1749618   79.4598   79.5078  0.00236369  0.00313932
   87      63   1769402   1769339   79.4317   77.0352   0.0027291  0.00314044
   88      63   1789415   1789352   79.4174   78.1758  0.00442534  0.00314101
   89      64   1809751   1809687   79.4175   79.4336  0.00277334    0.003141
   90      63   1830148   1830085   79.4203   79.6797   0.0036521  0.00314089
   91      63   1850455   1850392   79.4191   79.3242  0.00386832  0.00314094
   92      64   1870868   1870804   79.4224   79.7344  0.00234699   0.0031408
   93      64   1891297   1891233   79.4264   79.8008  0.00362925  0.00314065
   94      63   1911772   1911709   79.4322   79.9844  0.00292419  0.00314042
   95      64   1932227   1932163    79.437   79.8984  0.00246634  0.00314023
   96      64   1952527   1952463   79.4354   79.2969  0.00409104  0.00314029
   97      64   1972832   1972768   79.4341   79.3164  0.00341551  0.00314036
   98      63   1993209   1993146   79.4357   79.6016  0.00273441  0.00314028
   99      64   2013518   2013454   79.4345   79.3281  0.00210292  0.00314031
2026-07-07T21:57:23.806243+0800 min lat: 0.000905859 max lat: 0.00995547 avg lat: 0.00314041
  sec Cur ops   started  finished  avg MB/s  cur MB/s last lat(s)  avg lat(s)
  100      63   2033788   2033725   79.4319   79.1836  0.00280247  0.00314041
  101      64   2054174   2054110   79.4337   79.6289   0.0033901  0.00314033
  102      64   2074555   2074491   79.4354   79.6133   0.0035135  0.00314025
  103      63   2094805   2094742   79.4321   79.1055   0.0026118  0.00314039
  104      63   2115178   2115115   79.4334    79.582  0.00303519  0.00314034
  105      64   2135431   2135367   79.4302   79.1094  0.00288378  0.00314046
  106      64   2155827   2155763   79.4324   79.6719  0.00401706  0.00314037
  107      64   2176152   2176088   79.4319   79.3945  0.00255139  0.00314039
  108      64   2196514   2196450   79.4328   79.5391  0.00310321  0.00314036
  109      64   2216931   2216867   79.4357   79.7539  0.00211471  0.00314026
  110      64   2237280   2237216   79.4361   79.4883  0.00247469  0.00314024
  111      64   2257644   2257580    79.437   79.5469  0.00359232   0.0031402
  112      64   2278059   2277995   79.4396   79.7461  0.00285749   0.0031401
  113      63   2298410   2298347   79.4401      79.5  0.00324704  0.00314008
  114      64   2318740   2318676   79.4397   79.4102  0.00287013   0.0031401
  115      64   2339141   2339077   79.4419   79.6914  0.00369292  0.00314002
  116      63   2359555   2359492   79.4444   79.7461  0.00267141  0.00313991
  117      63   2379906   2379843   79.4448   79.4961  0.00382334   0.0031399
  118      64   2400299   2400235   79.4465   79.6562  0.00308287  0.00313983
  119      64   2420738   2420674   79.4497   79.8398  0.00382763  0.00313971
Total time run:       120.003
Total reads made:     2440786
Read size:            4096
Object size:          4096
Bandwidth (MB/sec):   79.4507
Average IOPS:         20339
Stddev IOPS:          87.5099
Max IOPS:             20477
Min IOPS:             19721
Average Latency(s):   0.00313968
Max latency(s):       0.00995547
Min latency(s):       0.000905859
[2026-07-07 21:57:43] END: rand read 4K r2
[2026-07-07 21:57:43] ---- rand read 4K round 3 ----
[2026-07-07 21:57:55] Health: HEALTH_OK
[2026-07-07 21:57:56] START: rados bench -p juicefs-data 120 rand -t 64
hints = 1
  sec Cur ops   started  finished  avg MB/s  cur MB/s last lat(s)  avg lat(s)
    0       0         0         0         0         0           -           0
    1      64     20434     20370   79.5505   79.5703  0.00229411  0.00312875
    2      63     40773     40710   79.4955   79.4531   0.0035944  0.00313446
    3      64     60968     60904   79.2867   78.8828  0.00361338  0.00314405
    4      63     81343     81280   79.3603   79.5938  0.00268254  0.00314154
    5      63    101815    101752   79.4801   79.9688  0.00276122  0.00313756
    6      64    122186    122122   79.4927   79.5703  0.00346323  0.00313729
    7      64    142545    142481   79.4958   79.5273  0.00178408  0.00313718
    8      64    163040    162976   79.5644   80.0586  0.00263877  0.00313447
    9      64    183336    183272   79.5315   79.2812  0.00242898  0.00313599
   10      63    203779    203716    79.563   79.8594  0.00392706  0.00313485
   11      63    224081    224018   79.5385   79.3047  0.00394443  0.00313598
   12      64    244349    244285   79.5068    79.168  0.00397256  0.00313724
   13      63    264728    264665    79.514   79.6094  0.00232915  0.00313705
   14      64    285117    285053   79.5225   79.6406  0.00277797  0.00313677
   15      64    305440    305376   79.5127   79.3867    0.002368  0.00313719
   16      64    325688    325624    79.486   79.0938  0.00178112  0.00313832
   17      64    345952    345888    79.466   79.1562  0.00274168   0.0031392
   18      64    366187    366123   79.4419    79.043  0.00249748  0.00314012
   19      64    386544    386480   79.4455   79.5195  0.00354423  0.00313998
2026-07-07T21:58:16.097536+0800 min lat: 0.000948212 max lat: 0.0186761 avg lat: 0.0031397
  sec Cur ops   started  finished  avg MB/s  cur MB/s last lat(s)  avg lat(s)
   20      63    406920    406857   79.4526   79.5977  0.00361344   0.0031397
   21      64    427286    427222   79.4566   79.5508  0.00376436  0.00313956
   22      64    447611    447547   79.4532   79.3945  0.00255457   0.0031397
   23      64    467949    467885   79.4524   79.4453  0.00348914  0.00313973
   24      63    488323    488260   79.4576   79.5898   0.0036608  0.00313955
   25      63    508664    508601    79.457    79.457   0.0034934  0.00313953
   26      64    528955    528891   79.4489   79.2578   0.0022804  0.00313987
   27      64    549323    549259   79.4528   79.5625  0.00275138  0.00313975
   28      64    569584    569520   79.4414   79.1445  0.00305188  0.00314022
   29      63    589918    589855   79.4407   79.4336  0.00420992  0.00314023
   30      64    610251    610187   79.4397   79.4219  0.00363596  0.00314026
   31      64    630535    630471   79.4328   79.2344   0.0038458  0.00314054
   32      64    650930    650866   79.4399    79.668  0.00399021  0.00314027
   33      63    671344    671281   79.4488   79.7461  0.00343649  0.00313991
   34      64    691632    691568   79.4426   79.2461  0.00344658  0.00314015
   35      63    712080    712017   79.4548   79.8789  0.00304843  0.00313964
   36      64    732508    732444    79.464    79.793  0.00183354  0.00313927
   37      64    752853    752789   79.4639   79.4727  0.00237439  0.00313928
   38      64    773229    773165   79.4671   79.5938  0.00288278  0.00313918
   39      63    793542    793479   79.4639   79.3516  0.00240354  0.00313933
2026-07-07T21:58:36.100189+0800 min lat: 0.000948212 max lat: 0.0186761 avg lat: 0.00313954
  sec Cur ops   started  finished  avg MB/s  cur MB/s last lat(s)  avg lat(s)
   40      63    813833    813770   79.4586   79.2617    0.003045  0.00313954
   41      63    834221    834158   79.4627   79.6406  0.00404008  0.00313937
   42      64    854535    854471   79.4598   79.3477  0.00349282   0.0031395
   43      64    874886    874822   79.4603   79.4961  0.00277961  0.00313948
   44      63    895184    895121   79.4562    79.293  0.00351516  0.00313967
   45      63    915494    915431   79.4533   79.3359  0.00194704  0.00313978
   46      64    935901    935837   79.4586   79.7109  0.00313583  0.00313957
   47      64    956259    956195   79.4598   79.5234  0.00397083  0.00313954
   48      64    976697    976633   79.4673   79.8359  0.00262543  0.00313925
   49      64    997076    997012   79.4699   79.6055   0.0037469  0.00313912
   50      63   1017477   1017414   79.4742   79.6953   0.0022582  0.00313893
   51      64   1037921   1037857   79.4815   79.8555  0.00261008  0.00313865
   52      64   1058307   1058243   79.4842   79.6328  0.00420472  0.00313855
   53      64   1078616   1078552   79.4811    79.332  0.00248915  0.00313867
   54      63   1098953   1098890   79.4802   79.4453  0.00218137  0.00313872
   55      64   1119243   1119179   79.4759   79.2539  0.00255648  0.00313891
   56      63   1139613   1139550   79.4775   79.5742  0.00178137  0.00313883
   57      63   1159987   1159924   79.4793   79.5859  0.00351384  0.00313875
   58      63   1180288   1180225    79.476   79.3008  0.00215996  0.00313884
   59      63   1200663   1200600   79.4778   79.5898  0.00287963  0.00313876
2026-07-07T21:58:56.102920+0800 min lat: 0.000948212 max lat: 0.0186761 avg lat: 0.00313859
  sec Cur ops   started  finished  avg MB/s  cur MB/s last lat(s)  avg lat(s)
   60      64   1221076   1221012   79.4819   79.7344  0.00286983  0.00313859
   61      63   1241429   1241366   79.4821   79.5078  0.00331598  0.00313858
   62      63   1261758   1261695   79.4808   79.4102  0.00249217  0.00313864
   63      63   1282117   1282054   79.4813   79.5273  0.00286983   0.0031386
   64      63   1302529   1302466   79.4851   79.7344  0.00268298  0.00313845
   65      63   1322915   1322852   79.4872   79.6328  0.00400623  0.00313837
   66      64   1343305   1343241   79.4895   79.6445  0.00362416  0.00313829
   67      63   1363708   1363645   79.4925   79.7031  0.00398762  0.00313818
   68      64   1384073   1384009   79.4932   79.5469   0.0037636  0.00313817
   69      63   1404363   1404300   79.4883   79.2617  0.00426812  0.00313831
   70      64   1424675   1424611    79.486   79.3398  0.00345367  0.00313839
   71      63   1445078   1445015    79.489   79.7031  0.00351863   0.0031383
   72      63   1465433   1465370   79.4892   79.5117  0.00432844  0.00313831
   73      63   1485828   1485765   79.4915    79.668  0.00417292   0.0031382
   74      63   1506130   1506067   79.4888   79.3047   0.0027071  0.00313832
   75      63   1526553   1526490   79.4924   79.7773  0.00389415   0.0031382
   76      64   1546844   1546780   79.4892   79.2578  0.00363422  0.00313833
   77      64   1567172   1567108    79.488   79.4062  0.00376338  0.00313837
   78      64   1587527   1587463   79.4881   79.5117  0.00323788  0.00313837
   79      63   1607935   1607872   79.4909   79.7227  0.00348684  0.00313827
2026-07-07T21:59:16.106914+0800 min lat: 0.000948212 max lat: 0.0186761 avg lat: 0.00313828
  sec Cur ops   started  finished  avg MB/s  cur MB/s last lat(s)  avg lat(s)
   80      63   1628282   1628219   79.4906   79.4805  0.00308074  0.00313828
   81      63   1648685   1648622   79.4931   79.6992  0.00356477  0.00313817
   82      64   1669061   1668997   79.4942   79.5898  0.00318374  0.00313814
   83      64   1689389   1689325    79.493   79.4062  0.00162064  0.00313818
   84      64   1709636   1709572   79.4881   79.0898  0.00335165  0.00313836
   85      63   1729992   1729929   79.4884   79.5195  0.00183525  0.00313833
   86      63   1750404   1750341   79.4911   79.7344  0.00191659  0.00313822
   87      64   1770739   1770675   79.4903   79.4297  0.00384668  0.00313823
   88      64   1791149   1791085   79.4929   79.7266  0.00225754  0.00313814
   89      64   1811508   1811444   79.4932   79.5273  0.00218985  0.00313812
   90      63   1831875   1831812   79.4938   79.5625  0.00390801  0.00313808
   91      64   1852240   1852176   79.4943   79.5469  0.00231223  0.00313805
   92      64   1872660   1872596   79.4972   79.7656    0.002228  0.00313794
   93      64   1892970   1892906   79.4954   79.3359  0.00289605  0.00313802
   94      63   1913307   1913244   79.4947   79.4453  0.00225294  0.00313804
   95      64   1933767   1933703   79.4991    79.918  0.00264786  0.00313787
   96      63   1954086   1954023   79.4977    79.375  0.00215125  0.00313793
   97      63   1974447   1974384    79.498   79.5352  0.00301796  0.00313793
   98      64   1994711   1994647   79.4944   79.1523  0.00320562  0.00313807
   99      63   2015001   2014938   79.4919   79.2617  0.00322133  0.00313818
2026-07-07T21:59:36.109192+0800 min lat: 0.000948212 max lat: 0.0186761 avg lat: 0.00313823
  sec Cur ops   started  finished  avg MB/s  cur MB/s last lat(s)  avg lat(s)
  100      64   2035325   2035261   79.4908   79.3867  0.00347586  0.00313823
  101      64   2055657   2055593   79.4899   79.4219  0.00361329  0.00313825
  102      64   2076003   2075939   79.4897   79.4766  0.00316629  0.00313826
  103      63   2096485   2096422   79.4946   80.0117  0.00344902  0.00313808
  104      64   2116928   2116864   79.4979   79.8516  0.00320651  0.00313795
  105      63   2137311   2137248    79.499    79.625  0.00339898  0.00313791
  106      64   2157635   2157571   79.4979   79.3867  0.00237879  0.00313796
  107      63   2178070   2178007   79.5009   79.8281  0.00357136  0.00313785
  108      63   2198512   2198449    79.504   79.8516   0.0036327  0.00313772
  109      63   2218819   2218756   79.5022   79.3242  0.00388681  0.00313779
  110      63   2239227   2239164   79.5041   79.7188  0.00205084  0.00313772
  111      64   2259592   2259528   79.5044   79.5469  0.00432403   0.0031377
  112      64   2279956   2279892   79.5047   79.5469  0.00292341  0.00313769
  113      64   2300348   2300284   79.5059   79.6562  0.00242167  0.00313763
  114      64   2320634   2320570   79.5035   79.2422  0.00362508  0.00313773
  115      64   2340922   2340858   79.5012     79.25  0.00352244  0.00313782
  116      64   2361259   2361195   79.5007   79.4414  0.00304885  0.00313784
  117      64   2381638   2381574   79.5015   79.6055  0.00292715  0.00313782
  118      64   2401987   2401923   79.5013   79.4883  0.00306619  0.00313783
  119      64   2422382   2422318   79.5026    79.668  0.00280796  0.00313777
Total time run:       120.003
Total reads made:     2442372
Read size:            4096
Object size:          4096
Bandwidth (MB/sec):   79.5022
Average IOPS:         20352
Stddev IOPS:          55.3133
Max IOPS:             20495
Min IOPS:             20194
Average Latency(s):   0.00313778
Max latency(s):       0.0186761
Min latency(s):       0.000948212
[2026-07-07 21:59:56] END: rand read 4K r3
[2026-07-07 22:00:41] Health: HEALTH_OK
[2026-07-07 22:00:41] Block size 4K done.
[2026-07-07 22:00:41] ========== BLOCK SIZE: 64K ==========
[2026-07-07 22:00:41] ---- write 64K round 1 ----
[2026-07-07 22:00:53] Health: HEALTH_OK
[2026-07-07 22:00:54] START: rados bench -p juicefs-data 120 write -b 64K -t 64 --no-cleanup
hints = 1
Maintaining 64 concurrent writes of 65536 bytes to objects of size 65536 for up to 120 seconds or 0 objects
Object prefix: benchmark_data_tikv-node_264383
  sec Cur ops   started  finished  avg MB/s  cur MB/s last lat(s)  avg lat(s)
    0       0         0         0         0         0           -           0
    1      64      1843      1779   111.175   111.188    0.111124   0.0344342
    2      64      3266      3202   100.049   88.9375    0.199835   0.0377646
    3      64      3676      3612     75.24    25.625    0.154856   0.0505092
    4      64      4124      4060    63.429        28    0.143537   0.0610148
    5      64      4546      4482   56.0173    26.375    0.165318   0.0700437
    6      64      4956      4892   50.9515    25.625    0.153627   0.0775492
    7      64      5378      5314   47.4402    26.375    0.199835   0.0836973
    8      64      5826      5762   45.0097        28    0.105215   0.0885895
    9      64      6172      6108    42.411    21.625    0.155782   0.0929528
   10      64      6620      6556   40.9696        28     0.14522   0.0972237
   11      64      7042      6978   39.6424    26.375    0.205805    0.100672
   12      64      7428      7364   38.3491    24.125    0.151578    0.102843
   13      64      7876      7812   37.5528        28    0.163489    0.106132
   14      64      8324      8260   36.8701        28    0.126457    0.107932
   15      64      8772      8708   36.2785        28    0.151442    0.109669
   16      64      9163      9099   35.5382   24.4375    0.152639    0.111782
   17      64      9604      9540   35.0688   27.5625    0.155979    0.113638
   18      64     10052      9988   34.6758        28    0.137466     0.11503
   19      64     10465     10401   34.2092   25.8125    0.158197    0.116306
2026-07-07T22:01:14.100135+0800 min lat: 0.00553942 max lat: 0.256822 avg lat: 0.117774
  sec Cur ops   started  finished  avg MB/s  cur MB/s last lat(s)  avg lat(s)
   20      64     10874     10810   33.7767   25.5625    0.153384    0.117774
   21      64     11258     11194   33.3109        24    0.259468    0.119164
   22      64     11747     11683   33.1858   30.5625    0.104253    0.120221
   23      64     12149     12085   32.8352    25.125    0.154051    0.121237
   24      64     12579     12515   32.5867    26.875    0.161607    0.122563
   25      64     12981     12917    32.288    25.125    0.147492    0.123392
   26      64     13411     13347   32.0797    26.875    0.147469     0.12414
   27      64     13813     13749    31.822    25.125     0.15932    0.125309
   28      64     14243     14179   31.6452    26.875    0.153387     0.12624
   29      64     14666     14602   31.4655   26.4375    0.152633    0.126863
   30      64     15075     15011   31.2686   25.5625    0.111045    0.127468
   31      64     15459     15395   31.0341        24      0.2677    0.128456
   32      64     15851     15787   30.8297      24.5    0.227818    0.129119
   33      64     16299     16235   30.7439        28    0.139661    0.129886
   34      64     16683     16619   30.5454        24    0.168508    0.130663
   35      64     17087     17023    30.394     25.25    0.143937    0.131218
   36      64     17535     17471   30.3274        28    0.149268    0.131581
   37      64     17963     17899   30.2306     26.75    0.167404    0.132063
   38      64     18367     18303   30.0994     25.25    0.162996    0.132611
   39      64     18795     18731   30.0134     26.75    0.146041    0.133074
2026-07-07T22:01:34.103038+0800 min lat: 0.00553942 max lat: 0.296946 avg lat: 0.133382
  sec Cur ops   started  finished  avg MB/s  cur MB/s last lat(s)  avg lat(s)
   40      64     19243     19179    29.963        28    0.151264    0.133382
   41      64     19627     19563   29.8174        24    0.236682    0.133956
   42      64     20044     19980   29.7279   26.0625    0.161034    0.134344
   43      64     20461     20397   29.6426   26.0625    0.172169    0.134657
   44      64     20909     20845   29.6052        28    0.150814    0.134936
   45      64     21293     21229   29.4805        24    0.164935    0.135385
   46      64     21708     21644   29.4034   25.9375    0.152225    0.135753
   47      64     22156     22092   29.3735        28     0.14498    0.136043
   48      64     22573     22509   29.3038   26.0625   0.0899994    0.136214
   49      64     22967     22903   29.2082    24.625    0.114022    0.136578
   50      64     23383     23319    29.144        26    0.127728    0.136927
   51      64     23799     23735   29.0823        26    0.216227    0.137218
   52      64     24224     24160   29.0338   26.5625    0.153733    0.137472
   53      64     24672     24608   29.0142        28    0.143536    0.137695
   54      64     25093     25029   28.9641   26.3125   0.0930017    0.137848
   55      64     25541     25477   28.9465        28    0.153999    0.138066
   56      64     25925     25861   28.8581        24    0.157675    0.138353
   57      64     26373     26309    28.843        28     0.15491    0.138532
   58      64     26821     26757   28.8284        28    0.144804    0.138678
   59      64     27205     27141   28.7465        24    0.167247    0.138916
2026-07-07T22:01:54.107012+0800 min lat: 0.00553942 max lat: 0.296946 avg lat: 0.139238
  sec Cur ops   started  finished  avg MB/s  cur MB/s last lat(s)  avg lat(s)
   60      64     27612     27548   28.6912   25.4375    0.150998    0.139238
   61      64     28037     27973   28.6563   26.5625     0.15821    0.139535
   62      64     28485     28421   28.6456        28    0.188279    0.139566
   63      64     28875     28811   28.5778    24.375    0.160251    0.139681
   64      64     29323     29259   28.5687        28    0.144096    0.139887
   65      64     29771     29707   28.5599        28    0.144553    0.140008
   66      64     30219     30155   28.5513        28    0.135393    0.140045
   67      64     30611     30547   28.4908      24.5    0.152581    0.140235
   68      64     31059     30995   28.4835        28    0.112162    0.140351
   69      64     31448     31384    28.423   24.3125    0.151864    0.140447
   70      64     31832     31768   28.3598        24    0.170882    0.140838
   71      64     32227     32163    28.308   24.6875  0.00588725    0.141255
   72      64     32675     32611   28.3037        28    0.152299    0.141155
   73      64     33125     33061   28.3012    28.125    0.122589    0.141274
   74      64     33509     33445    28.243        24    0.153786    0.141409
   75      64     33957     33893   28.2397        28    0.138619    0.141565
   76      64     34405     34341   28.2365        28    0.143699    0.141641
   77      64     34789     34725   28.1815        24    0.162899    0.141779
   78      64     35182     35118    28.135   24.5625    0.151463    0.141932
   79      64     35630     35566   28.1333        28    0.183333    0.142084
2026-07-07T22:02:14.109868+0800 min lat: 0.00460824 max lat: 0.299229 avg lat: 0.1421
  sec Cur ops   started  finished  avg MB/s  cur MB/s last lat(s)  avg lat(s)
   80      64     36078     36014   28.1316        28    0.142473      0.1421
   81      64     36406     36342   28.0373      20.5    0.163811    0.142229
   82      64     36854     36790   28.0368        28     0.14684    0.142452
   83      64     37302     37238   28.0363        28    0.143853    0.142506
   84      64     37742     37678   28.0299      27.5    0.157711    0.142658
   85      64     38126     38062   27.9824        24    0.144536    0.142796
   86      64     38574     38510   27.9826        28    0.146431    0.142846
   87      63     38972     38909   27.9475   24.9375    0.140443    0.142941
   88      64     39406     39342   27.9374   27.0625    0.157838    0.143042
   89      64     39828     39764   27.9198    26.375    0.179707    0.143156
   90      64     40260     40196   27.9096        27    0.153329     0.14319
   91      64     40644     40580   27.8666        24    0.253267    0.143292
   92      64     41076     41012   27.8571        27    0.145828     0.14346
   93      64     41506     41442   27.8465    26.875    0.204166    0.143541
   94      64     41954     41890   27.8481        28    0.147947    0.143588
   95      64     42365     42301   27.8254   25.6875    0.160917    0.143709
   96      64     42749     42685   27.7855        24    0.151392    0.143825
   97      64     43197     43133   27.7876        28    0.153835    0.143859
   98      64     43603     43539    27.763    25.375     0.16774    0.143955
   99      64     43987     43923   27.7249        24    0.167726    0.144141
2026-07-07T22:02:34.112696+0800 min lat: 0.00426472 max lat: 0.337131 avg lat: 0.14418
  sec Cur ops   started  finished  avg MB/s  cur MB/s last lat(s)  avg lat(s)
  100      64     44413     44349   27.7139    26.625    0.130184     0.14418
  101      64     44816     44752   27.6888   25.1875   0.0138524    0.144392
  102      64     45250     45186   27.6833    27.125    0.179195    0.144348
  103      64     45681     45617    27.676   26.9375     0.14487    0.144435
  104      64     46129     46065   27.6791        28    0.160619    0.144474
  105      64     46530     46466   27.6541   25.0625    0.150634    0.144532
  106      64     46914     46850   27.6196        24    0.166931     0.14469
  107      64     47298     47234   27.5858        24    0.144118     0.14476
  108      64     47729     47665   27.5797   26.9375    0.148953    0.144982
  109      64     48140     48076   27.5623   25.6875    0.153105    0.145036
  110      64     48524     48460   27.5299        24    0.162079    0.145151
  111      64     48945     48881   27.5189   26.3125    0.225304    0.145295
  112      64     49395     49331   27.5243    28.125    0.154582    0.145219
  113      64     49779     49715   27.4931        24    0.166633    0.145368
  114      64     50186     50122    27.475   25.4375    0.156459    0.145452
  115      64     50622     50558    27.473     27.25    0.174751    0.145465
  116      64     51045     50981   27.4641   26.4375    0.101994    0.145502
  117      64     51454     51390   27.4478   25.5625    0.107653    0.145576
  118      64     51902     51838   27.4524        28    0.144238    0.145595
  119      64     52319     52255   27.4407   26.0625    0.149692    0.145616
2026-07-07T22:02:54.115525+0800 min lat: 0.00426472 max lat: 0.337131 avg lat: 0.145737
  sec Cur ops   started  finished  avg MB/s  cur MB/s last lat(s)  avg lat(s)
  120      64     52703     52639    27.412        24    0.163811    0.145737
Total time run:         120.109
Total writes made:      52703
Write size:             65536
Object size:            65536
Bandwidth (MB/sec):     27.4246
Stddev Bandwidth:       9.75034
Max bandwidth (MB/sec): 111.188
Min bandwidth (MB/sec): 20.5
Average IOPS:           438
Stddev IOPS:            156.005
Max IOPS:               1779
Min IOPS:               328
Average Latency(s):     0.145755
Stddev Latency(s):      0.0416089
Max latency(s):         0.337131
Min latency(s):         0.00426472
[2026-07-07 22:02:55] END: write 64K r1
[2026-07-07 22:03:27] ---- write 64K round 2 ----
[2026-07-07 22:03:39] Health: HEALTH_OK
[2026-07-07 22:03:39] START: rados bench -p juicefs-data 120 write -b 64K -t 64 --no-cleanup
hints = 1
Maintaining 64 concurrent writes of 65536 bytes to objects of size 65536 for up to 120 seconds or 0 objects
Object prefix: benchmark_data_tikv-node_279053
  sec Cur ops   started  finished  avg MB/s  cur MB/s last lat(s)  avg lat(s)
    0       0         0         0         0         0           -           0
    1      64      1851      1787   111.681   111.688   0.0931981    0.034361
    2      64      3494      3430   107.177   102.688   0.0806415   0.0364246
    3      64      3878      3814   79.4494        24    0.231169    0.050274
    4      64      4269      4205   65.6951   24.4375    0.100828   0.0588347
    5      64      4717      4653   58.1551        28    0.145431   0.0677769
    6      64      5159      5095   53.0662    27.625    0.149905   0.0743965
    7      64      5607      5543    49.485        28    0.145774   0.0806828
    8      64      5997      5933   46.3456    24.375    0.155183   0.0851186
    9      64      6445      6381   44.3067        28    0.148073   0.0896613
   10      64      6893      6829   42.6756        28    0.182984   0.0934511
   11      64      7277      7213   40.9775        24     0.15893   0.0969015
   12      64      7725      7661   39.8957        28    0.154594    0.100035
   13      64      8066      8002   38.4659   21.3125     0.14275    0.102068
   14      64      8573      8509   37.9814   31.6875    0.185102    0.104999
   15      64      9021      8957   37.3157        28   0.0968411    0.106927
   16      64      9433      9369   36.5926     25.75    0.145551    0.109066
   17      64      9853      9789    35.984     26.25    0.204273    0.110643
   18      64     10264     10200   35.4118   25.6875    0.158811    0.112355
   19      64     10685     10621   34.9327   26.3125    0.101732    0.113923
2026-07-07T22:03:59.773931+0800 min lat: 0.00529762 max lat: 0.277876 avg lat: 0.115385
  sec Cur ops   started  finished  avg MB/s  cur MB/s last lat(s)  avg lat(s)
   20      64     11133     11069   34.5858        28      0.1099    0.115385
   21      64     11517     11453   34.0815        24    0.163588    0.116556
   22      64     11901     11837   33.6231        24    0.124854    0.118105
   23      64     12349     12285   33.3785        28    0.190477    0.119415
   24      64     12797     12733   33.1542        28    0.155317    0.120194
   25      64     13205     13141   32.8479      25.5    0.164975    0.121388
   26      64     13592     13528   32.5146   24.1875    0.143926    0.122524
   27      64     14016     13952   32.2916      26.5    0.154664    0.123328
   28      64     14405     14341   32.0065   24.3125    0.174256    0.124205
   29      64     14848     14784   31.8574   27.6875    0.118929    0.125333
   30      64     15301     15237   31.7391   28.3125    0.130195    0.125968
   31      64     15693     15629   31.5055      24.5    0.157131    0.126638
   32      64     16013     15949   31.1458        20    0.161125    0.127886
   33      64     16453     16389   31.0352      27.5    0.187848    0.128756
   34      64     16845     16781   30.8429      24.5     0.15317    0.129144
   35      64     17293     17229   30.7616        28    0.144941    0.129649
   36      64     17671     17607   30.5632    23.625    0.165856    0.130359
   37      64     18119     18055   30.4938        28     0.11113    0.131035
   38      64     18503     18439   30.3228        24    0.120084    0.131438
   39      64     18951     18887   30.2632        28    0.145183    0.131967
2026-07-07T22:04:19.777059+0800 min lat: 0.00529762 max lat: 0.293737 avg lat: 0.132513
  sec Cur ops   started  finished  avg MB/s  cur MB/s last lat(s)  avg lat(s)
   40      64     19343     19279    30.119      24.5    0.150139    0.132513
   41      64     19783     19719    30.055      27.5    0.146253    0.132912
   42      64     20175     20111   29.9226      24.5    0.148823    0.133261
   43      64     20615     20551   29.8662      27.5    0.167581    0.133683
   44      64     21007     20943   29.7442      24.5    0.153084    0.134232
   45      64     21447     21383   29.6942      27.5    0.152498    0.134552
   46      64     21850     21786   29.5962   25.1875    0.165351    0.134901
   47      64     22234     22170   29.4771        24    0.160329    0.135334
   48      64     22673     22609   29.4345   27.4375    0.152922    0.135616
   49      64     23114     23050   29.3962   27.5625    0.152079    0.135873
   50      64     23514     23450   29.3082        25    0.154505    0.136128
   51      64     23946     23882   29.2629        27    0.166255    0.136635
   52      64     24346     24282   29.1808        25    0.151174    0.136775
   53      64     24794     24730   29.1585        28    0.150496    0.137114
   54      64     25183     25119   29.0687   24.3125    0.170218    0.137401
   55      64     25573     25509   28.9833    24.375    0.162831    0.137819
   56      64     26015     25951    28.959    27.625    0.153388    0.137973
   57      64     26405     26341   28.8785    24.375    0.163782    0.138207
   58      64     26847     26783   28.8568    27.625     0.16044     0.13848
   59      64     27237     27173   28.7808    24.375    0.156383    0.138654
2026-07-07T22:04:39.779766+0800 min lat: 0.00454065 max lat: 0.293737 avg lat: 0.138863
  sec Cur ops   started  finished  avg MB/s  cur MB/s last lat(s)  avg lat(s)
   60      64     27685     27621   28.7677        28    0.155664    0.138863
   61      64     28069     28005   28.6895        24    0.157943    0.139088
   62      64     28511     28447   28.6723    27.625     0.12095    0.139374
   63      64     28910     28846   28.6129   24.9375    0.215097    0.139526
   64      64     29370     29306    28.615     28.75    0.143078    0.139626
   65      64     29759     29695   28.5488   24.3125    0.162954    0.139975
   66      64     30207     30143   28.5404        28    0.146025    0.140088
   67      64     30599     30535   28.4801      24.5    0.151692    0.140228
   68      64     31039     30975   28.4656      27.5    0.176895    0.140466
   69      64     31423     31359   28.4008        24    0.119838    0.140631
   70      64     31807     31743   28.3379        24    0.188579    0.141122
   71      64     32255     32191   28.3331        28    0.137209    0.141136
   72      64     32639     32575   28.2729        24     0.15375    0.141309
   73      64     33023     32959   28.2143        24    0.147671    0.141461
   74      64     33468     33404   28.2088   27.8125    0.182722    0.141605
   75      64     33906     33842   28.1976    27.375    0.155374    0.141685
   76      64     34301     34237   28.1514   24.6875    0.168925    0.141937
   77      64     34723     34659   28.1283    26.375   0.0935404     0.14201
   78      64     35171     35107   28.1266        28    0.101826    0.142108
   79      64     35555     35491   28.0743        24    0.196784    0.142323
2026-07-07T22:04:59.782590+0800 min lat: 0.00454065 max lat: 0.293737 avg lat: 0.142403
  sec Cur ops   started  finished  avg MB/s  cur MB/s last lat(s)  avg lat(s)
   80      64     35976     35912   28.0522   26.3125    0.172837    0.142403
   81      64     36418     36354   28.0469    27.625    0.144765    0.142485
   82      64     36835     36771   28.0226   26.0625    0.147531    0.142598
   83      64     37219     37155   27.9742        24    0.155869     0.14272
   84      64     37640     37576   27.9543   26.3125    0.164311    0.142911
   85      64     38051     37987   27.9276   25.6875    0.190988    0.143035
   86      64     38502     38438   27.9306   28.1875    0.187644    0.143116
   87      64     38886     38822   27.8854        24   0.0898587    0.143294
   88      64     39334     39270   27.8866        28     0.15178    0.143373
   89      64     39719     39655   27.8436   24.0625   0.0909167    0.143451
   90      64     40167     40103   27.8453        28    0.175985    0.143567
   91      64     40551     40487    27.803        24    0.200713    0.143714
   92      64     40999     40935   27.8051        28    0.153766    0.143729
   93      64     41391     41327   27.7695      24.5    0.219173    0.143803
   94      64     41837     41773   27.7706    27.875    0.121059    0.143931
   95      64     42248     42184   27.7486   25.6875    0.127085    0.144022
   96      64     42631     42567   27.7089   23.9375     0.15548    0.144167
   97      64     43079     43015   27.7119        28    0.165993    0.144215
   98      64     43466     43402   27.6759   24.1875    0.162104    0.144317
   99      64     43902     43838   27.6715     27.25     0.17723    0.144407
2026-07-07T22:05:19.785547+0800 min lat: 0.00454065 max lat: 0.308763 avg lat: 0.144559
  sec Cur ops   started  finished  avg MB/s  cur MB/s last lat(s)  avg lat(s)
  100      64     44330     44266   27.6623     26.75    0.168561    0.144559
  101      64     44714     44650    27.626        24    0.168674    0.144667
  102      64     45162     45098   27.6296        28    0.145817    0.144707
  103      64     45554     45490   27.5992      24.5    0.152139    0.144754
  104      64     46030     45966   27.6198     29.75    0.132763    0.144792
  105      64     46414     46350   27.5853        24    0.162722    0.144884
  106      64     46804     46740    27.555    24.375    0.180466    0.145008
  107      64     47246     47182   27.5556    27.625    0.156787    0.145058
  108      64     47630     47566   27.5226        24    0.167602    0.145308
  109      64     48020     47956   27.4937    24.375    0.100572    0.145342
  110      64     48468     48404   27.4983        28    0.105554    0.145368
  111      64     48875     48811   27.4797   25.4375    0.153385    0.145423
  112      64     49323     49259   27.4843        28     0.14171    0.145466
  113      64     49707     49643   27.4535        24    0.208348    0.145509
  114      64     50172     50108   27.4676   29.0625     0.14575    0.145585
  115      64     50568     50504   27.4439     24.75    0.136601    0.145606
  116      64     50998     50934    27.439    26.875     0.15994    0.145674
  117      64     51417     51353   27.4282   26.1875    0.204784    0.145725
  118      64     51865     51801    27.433        28    0.151087    0.145759
  119      64     52258     52194   27.4089   24.5625  0.00929649    0.145915
2026-07-07T22:05:39.788352+0800 min lat: 0.00454065 max lat: 0.325133 avg lat: 0.14591
  sec Cur ops   started  finished  avg MB/s  cur MB/s last lat(s)  avg lat(s)
  120      64     52652     52588   27.3857    24.625    0.152583     0.14591
Total time run:         120.12
Total writes made:      52652
Write size:             65536
Object size:            65536
Bandwidth (MB/sec):     27.3956
Stddev Bandwidth:       10.621
Max bandwidth (MB/sec): 111.688
Min bandwidth (MB/sec): 20
Average IOPS:           438
Stddev IOPS:            169.936
Max IOPS:               1787
Min IOPS:               320
Average Latency(s):     0.145917
Stddev Latency(s):      0.0446848
Max latency(s):         0.325133
Min latency(s):         0.00454065
[2026-07-07 22:05:40] END: write 64K r2
[2026-07-07 22:06:13] ---- write 64K round 3 ----
[2026-07-07 22:06:25] Health: HEALTH_OK
[2026-07-07 22:06:25] START: rados bench -p juicefs-data 120 write -b 64K -t 64 --no-cleanup
hints = 1
Maintaining 64 concurrent writes of 65536 bytes to objects of size 65536 for up to 120 seconds or 0 objects
Object prefix: benchmark_data_tikv-node_293740
  sec Cur ops   started  finished  avg MB/s  cur MB/s last lat(s)  avg lat(s)
    0       0         0         0         0         0           -           0
    1      64      1851      1787    111.68   111.688  0.00661143   0.0342425
    2      64      3425      3361   105.021    98.375   0.0981297   0.0359919
    3      64      3840      3776   78.6578   25.9375    0.145912   0.0496868
    4      64      4257      4193   65.5077   26.0625    0.143334   0.0592242
    5      64      4705      4641   58.0051        28    0.184933   0.0683161
    6      64      5153      5089   53.0038        28     0.12868   0.0750306
    7      64      5550      5486   48.9759   24.8125    0.144533   0.0805616
    8      64      5998      5934   46.3533        28    0.142269   0.0854668
    9      64      6387      6323   43.9039   24.3125    0.141824   0.0897711
   10      64      6835      6771    42.313        28    0.153698   0.0941645
   11      64      7223      7159   40.6707     24.25    0.112245   0.0971313
   12      64      7671      7607   39.6145        28    0.114379    0.100146
   13      64      8116      8052   38.7064   27.8125     0.12673    0.103145
   14      64      8514      8450   37.7182    24.875    0.188759    0.105565
   15      64      8947      8883   37.0075   27.0625    0.161499    0.107668
   16      64      9359      9295   36.3037     25.75    0.158283    0.109618
   17      64      9743      9679   35.5797        24    0.155389     0.11173
   18      64     10191     10127   35.1583        28     0.18899    0.113636
   19      64     10593     10529   34.6301    25.125    0.120533    0.114625
2026-07-07T22:06:45.517994+0800 min lat: 0.00552096 max lat: 0.269983 avg lat: 0.116404
  sec Cur ops   started  finished  avg MB/s  cur MB/s last lat(s)  avg lat(s)
   20      64     11025     10961   34.2484        27    0.200621    0.116404
   21      64     11463     11399   33.9209    27.375    0.102235    0.117812
   22      64     11864     11800   33.5181   25.0625    0.153954    0.118913
   23      64     12248     12184   33.1041        24    0.154855    0.120159
   24      64     12689     12625   32.8731   27.5625    0.155198    0.121425
   25      64     13080     13016   32.5355   24.4375    0.147064    0.122279
   26      64     13528     13464   32.3609        28    0.148986    0.123191
   27      64     13916     13852   32.0603     24.25    0.167383    0.124206
   28      64     14364     14300   31.9152        28    0.111054    0.125187
   29      64     14749     14685   31.6443   24.0625    0.118513    0.125864
   30      64     15197     15133   31.5226        28     0.17099    0.126725
   31      64     15593     15529   31.3041     24.75    0.159204    0.127386
   32      64     15968     15904   31.0581   23.4375    0.152899     0.12865
   33      64     16361     16297   30.8612   24.5625    0.150976     0.12931
   34      64     16800     16736   30.7604   27.4375    0.166256    0.129754
   35      64     17184     17120   30.5671        24    0.163747    0.130537
   36      64     17585     17521   30.4141   25.0625    0.146804    0.131046
   37      64     18055     17991   30.3859    29.375     0.14443    0.131457
   38      64     18427     18363    30.198     23.25    0.192359    0.132127
   39      64     18747     18683   29.9365        20    0.199389    0.133163
2026-07-07T22:07:05.520881+0800 min lat: 0.00552096 max lat: 0.309852 avg lat: 0.13429
  sec Cur ops   started  finished  avg MB/s  cur MB/s last lat(s)  avg lat(s)
   40      64     19079     19015   29.7068     20.75    0.199698     0.13429
   41      64     19175     19111   29.1285         6    0.658928    0.135912
   42      64     19399     19335   28.7682        14    0.161599    0.138626
   43      64     19836     19772   28.7343   27.3125    0.102531    0.139074
   44      64     20103     20039   28.4605   16.6875    0.206025    0.139376
   45      64     20199     20135   27.9613         6    0.786468    0.141562
   46      64     20615     20551   27.9186        26    0.125485    0.143154
   47      64     20999     20935   27.8351        24    0.156424    0.143318
   48      64     21159     21095   27.4635        10    0.798298    0.144977
   49      64     21383     21319   27.1887        14    0.152338    0.146798
   50      64     21799     21735   27.1649        26     0.18008    0.147046
   51      64     22119     22055   27.0243        20    0.152793    0.147093
   52      64     22204     22140   26.6068    5.3125    0.826962    0.149008
   53      64     22588     22524   26.5575        24    0.160706    0.150272
   54      64     23015     22951   26.5599   26.6875    0.145866    0.150274
   55      64     23207     23143   26.2951        12    0.580613    0.151243
   56      64     23463     23399   26.1112        16    0.155201    0.153113
   57      64     23847     23783   26.0741        24    0.154541    0.153233
   58      64     24188     24124    25.992   21.3125    0.153609    0.153203
   59      64     24295     24231   25.6648    6.6875    0.787434    0.155297
2026-07-07T22:07:25.523702+0800 min lat: 0.00552096 max lat: 0.827643 avg lat: 0.155944
  sec Cur ops   started  finished  avg MB/s  cur MB/s last lat(s)  avg lat(s)
   60      64     24682     24618   25.6401   24.1875    0.155526    0.155944
   61      64     25072     25008   25.6193    24.375   0.0852767    0.155915
   62      64     25322     25258   25.4581    15.625    0.630277    0.157009
   63      64     25514     25450   25.2444        12    0.120649    0.158335
   64      64     25904     25840   25.2308    24.375    0.166986    0.158425
   65      64     26288     26224   25.2118        24    0.149122    0.158405
   66      64     26359     26295    24.897    4.4375    0.774675    0.159154
   67      64     26736     26672    24.877   23.5625    0.154579    0.160701
   68      64     27120     27056   24.8641        24    0.161358    0.160713
   69      64     27383     27319   24.7419   16.4375    0.389418    0.160682
   70      64     27568     27504   24.5536   11.5625    0.104977    0.162868
   71      64     27952     27888   24.5458        24    0.170443    0.162766
   72      64     28343     28279   24.5442   24.4375    0.152485    0.162666
   73      64     28471     28407   24.3176         8    0.614081    0.162969
   74      64     28791     28727   24.2592        20    0.166017    0.164617
   75      64     29232     29168   24.3032   27.5625    0.157052    0.164552
   76      64     29552     29488   24.2466        20    0.373456    0.164815
   77      64     29680     29616   24.0355         8    0.181008    0.166293
   78      64     30052     29988   24.0254     23.25    0.215232    0.166176
   79      64     30469     30405   24.0512   26.0625    0.205148     0.16609
2026-07-07T22:07:45.526651+0800 min lat: 0.00552096 max lat: 0.861162 avg lat: 0.166347
  sec Cur ops   started  finished  avg MB/s  cur MB/s last lat(s)  avg lat(s)
   80      64     30628     30564   23.8747    9.9375    0.543069    0.166347
   81      64     30935     30871   23.8168   19.1875     0.16964    0.167751
   82      64     31319     31255    23.819        24    0.158619    0.167718
   83      64     31639     31575    23.773        20    0.271457    0.167736
   84      64     31724     31660   23.5532    5.3125    0.527814    0.169694
   85      64     32108     32044   23.5584        24    0.170448    0.169561
   86      64     32535     32471   23.5948   26.6875    0.152997    0.169404
   87      64     32727     32663   23.4615        12    0.229892    0.169405
   88      64     33004     32940   23.3916   17.3125    0.162476    0.170835
   89      63     33400     33337   23.4075   24.8125    0.158454    0.170701
   90      64     33815     33751   23.4349    25.875    0.143898    0.170447
   91      64     33879     33815   23.2213         4    0.718697    0.171334
   92      64     34294     34230   23.2508   25.9375    0.141507     0.17197
   93      64     34678     34614   23.2588        24     0.15131    0.171769
   94      64     34934     34870   23.1816        16    0.491892    0.171996
   95      64     35190     35126    23.106        16    0.154266    0.172996
   96      64     35574     35510   23.1152        24    0.152567    0.172848
   97      64     36022     35958   23.1655        28     0.14365    0.172561
   98      64     36086     36022     22.97         4    0.705426    0.173344
   99      64     36470     36406   22.9804        24    0.210467    0.173895
2026-07-07T22:08:05.529343+0800 min lat: 0.00552096 max lat: 1.17378 avg lat: 0.173608
  sec Cur ops   started  finished  avg MB/s  cur MB/s last lat(s)  avg lat(s)
  100      64     36918     36854   23.0305        28    0.157424    0.173608
  101      64     37110     37046   22.9213        12    0.464428    0.173817
  102      64     37424     37360   22.8889    19.625    0.108797    0.174717
  103      64     37816     37752   22.9045      24.5     0.15332    0.174538
  104      64     38223     38159   22.9288   25.4375    0.153765    0.174278
  105      64     38328     38264    22.773    6.5625    0.602402     0.17488
  106      64     38712     38648   22.7845        24    0.169597    0.175376
  107      64     39119     39055   22.8093   25.4375    0.146149    0.175166
  108      64     39416     39352   22.7699   18.5625    0.152095    0.174969
  109      64     39672     39608   22.7078        16    0.165054    0.176041
  110      64     40079     40015   22.7326   25.4375    0.153155    0.175831
  111      64     40509     40445   22.7699    26.875    0.172234    0.175572
  112      64     40637     40573    22.638         8     0.53358    0.176018
  113      64     41021     40957     22.65        24    0.160602    0.176434
  114      64     41427     41363   22.6739    25.375    0.154565    0.176262
  115      64     41747     41683   22.6506        20    0.379743    0.176263
  116      64     41981     41917   22.5814    14.625    0.165836    0.177013
  117      64     42365     42301   22.5935        24    0.162273    0.176888
  118      64     42813     42749   22.6393        28    0.145312    0.176632
  119      64     42941     42877   22.5162         8    0.500707     0.17696
2026-07-07T22:08:25.532322+0800 min lat: 0.00552096 max lat: 1.17378 avg lat: 0.177337
  sec Cur ops   started  finished  avg MB/s  cur MB/s last lat(s)  avg lat(s)
  120      42     43325     43283     22.54    25.375    0.161703    0.177337
Total time run:         120.06
Total writes made:      43325
Write size:             65536
Object size:            65536
Bandwidth (MB/sec):     22.5538
Stddev Bandwidth:       12.83
Max bandwidth (MB/sec): 111.688
Min bandwidth (MB/sec): 4
Average IOPS:           360
Stddev IOPS:            205.28
Max IOPS:               1787
Min IOPS:               64
Average Latency(s):     0.177322
Stddev Latency(s):      0.131537
Max latency(s):         1.17378
Min latency(s):         0.00552096
[2026-07-07 22:08:26] END: write 64K r3
[2026-07-07 22:08:52] ---- prefill for rand read (64K, 120s) ----
[2026-07-07 22:09:04] Health: HEALTH_OK
[2026-07-07 22:11:05] Prefill done. Objects: GiB
[2026-07-07 22:11:05] ---- rand read 64K round 1 ----
[2026-07-07 22:11:16] Health: HEALTH_OK
[2026-07-07 22:11:17] START: rados bench -p juicefs-data 120 rand -t 64
hints = 1
  sec Cur ops   started  finished  avg MB/s  cur MB/s last lat(s)  avg lat(s)
    0       0         0         0         0         0           -           0
    1      64       912       848   52.9848        53   0.0284207   0.0730982
    2      64      1601      1537   48.0206   43.0625   0.0110974   0.0818928
    3      64      2837      2773   57.7602     77.25  0.00598897   0.0683808
    4      64      3351      3287   51.3503    32.125    0.413361   0.0682441
    5      63      3494      3431   42.8804         9   0.0464754   0.0915913
    6      63      4314      4251   44.2742     51.25   0.0288524   0.0898926
    7      64      5421      5357   47.8231    69.125   0.0683368   0.0833329
    8      64      6680      6616   51.6797   78.6875   0.0268735   0.0771253
    9      64      7660      7596   52.7422     61.25   0.0248407   0.0755841
   10      64      8507      8443   52.7609   52.9375    0.278769   0.0720246
   11      64      8837      8773   49.8391    20.625   0.0163858   0.0800462
   12      64      9932      9868   51.3881   68.4375   0.0459147   0.0776674
   13      64     11161     11097   53.3429   76.8125   0.0194552   0.0748184
   14      64     12172     12108   54.0454   63.1875   0.0272641   0.0734628
   15      64     13409     13345   55.5959   77.3125   0.0617438   0.0717982
   16      64     14016     13952    54.492   37.9375   0.0185597   0.0730044
   17      64     14983     14919   54.8412   60.4375   0.0024715   0.0708422
   18      64     15242     15178   52.6937   16.1875    0.277628   0.0741502
   19      64     16661     16597   54.5875   88.6875   0.0955434    0.073112
2026-07-07T22:11:37.156930+0800 min lat: 0.00229149 max lat: 1.58859 avg lat: 0.0694806
  sec Cur ops   started  finished  avg MB/s  cur MB/s last lat(s)  avg lat(s)
   20      64     18449     18385   57.4447    111.75  0.00828224   0.0694806
   21      64     20016     19952   59.3724   97.9375   0.0142432   0.0672547
   22      64     21575     21511    61.102   97.4375    0.107774   0.0653231
   23      64     23359     23295   63.2927     111.5   0.0211683    0.063077
   24      64     25104     25040   65.1991   109.062   0.0850206    0.061238
   25      64     26907     26843    67.098   112.688   0.0083641   0.0594981
   26      64     28492     28428   68.3269   99.0625    0.135552    0.058323
   27      64     30010     29946   69.3097    94.875   0.0144843   0.0576095
   28      64     31804     31740   70.8382   112.125   0.0964109    0.056367
   29      64     33593     33529   72.2507   111.812   0.0147577   0.0552543
   30      63     35394     35331   73.5958   112.625  0.00901257   0.0542638
   31      64     37187     37123   74.8341       112   0.0154132    0.053371
   32      64     38893     38829   75.8271   106.625   0.0810157   0.0526768
   33      64     40677     40613   76.9076     111.5  0.00863007   0.0519237
   34      64     42465     42401   77.9319    111.75    0.107884   0.0512441
   35      64     44259     44195   78.9084   112.125  0.00893623   0.0506171
   36      64     46061     45997   79.8446   112.625   0.0129233   0.0500217
   37      64     47735     47671    80.514   104.625   0.0232138   0.0496265
   38      64     49511     49447   81.3159       111    0.125594   0.0491085
   39      64     51298     51234   82.0943   111.688   0.0106512   0.0486569
2026-07-07T22:11:57.159606+0800 min lat: 0.00213513 max lat: 1.58859 avg lat: 0.0482215
  sec Cur ops   started  finished  avg MB/s  cur MB/s last lat(s)  avg lat(s)
   40      64     53087     53023   82.8368   111.812  0.00632678   0.0482215
   41      64     54888     54824   83.5614   112.562   0.0124015   0.0478044
   42      64     56575     56511   84.0819   105.438   0.0217198   0.0475209
   43      64     58329     58265   84.6755   109.625   0.0129277   0.0471793
   44      63     60103     60040    85.272   110.938   0.0949261   0.0468483
   45      63     61897     61834   85.8684   112.125   0.0860172   0.0465242
   46      64     63686     63622   86.4307    111.75   0.0115033   0.0462185
   47      64     65488     65424   86.9876   112.625  0.00762706   0.0459225
   48      64     67248     67184   87.4667       110  0.00786971   0.0456815
   49      64     69023     68959   87.9455   110.938  0.00994655   0.0454253
   50      64     70812     70748   88.4226   111.812   0.0121512   0.0451841
   51      64     72597     72533    88.876   111.562   0.0847773   0.0449552
   52      64     74393     74329   89.3252    112.25  0.00547411   0.0447286
   53      64     76169     76105   89.7339       111   0.0111145   0.0445314
   54      64     77948     77884   90.1309   111.188   0.0964803   0.0443288
   55      64     79724     79660   90.5101       111    0.097125   0.0441409
   56      64     81512     81448   90.8891    111.75  0.00880004   0.0439564
   57      64     83302     83238    91.257   111.875  0.00720205    0.043784
   58      64     85102     85038    91.623     112.5   0.0972953   0.0436057
   59      64     86880     86816   91.9533   111.125   0.0147952   0.0434539
2026-07-07T22:12:17.162344+0800 min lat: 0.00213513 max lat: 1.58859 avg lat: 0.0432956
  sec Cur ops   started  finished  avg MB/s  cur MB/s last lat(s)  avg lat(s)
   60      64     88663     88599   92.2778   111.438  0.00953321   0.0432956
   61      64     90443     90379   92.5886    111.25  0.00822385    0.043149
   62      64     92233     92169   92.8994   111.875  0.00782145    0.043008
   63      64     94024     93960   93.2014   111.938  0.00965846   0.0428698
   64      64     95827     95763   93.5056   112.688   0.0793415   0.0427372
   65      64     97603     97539   93.7746       111   0.0139592   0.0426096
   66      64     99378     99314   94.0344   110.938   0.0116594   0.0424917
   67      63    101161    101098    94.295     111.5    0.108647    0.042372
   68      64    102954    102890   94.5552       112   0.0100999   0.0422578
   69      64    104751    104687   94.8123   112.312   0.0106263     0.04214
   70      64    106555    106491   95.0683    112.75  0.00336135   0.0420376
   71      64    108324    108260   95.2864   110.562    0.102784   0.0419358
   72      64    110096    110032   95.5009    110.75  0.00708561   0.0418427
   73      64    111888    111824   95.7267       112   0.0178576   0.0417421
   74      64    113681    113617   95.9473   112.062  0.00752944   0.0416469
   75      64    115479    115415   96.1662   112.375  0.00609125   0.0415539
   76      64    117276    117212   96.3785   112.312   0.0190075   0.0414595
   77      63    119046    118983   96.5641   110.688   0.0212361   0.0413818
   78      64    120828    120764    96.753   111.312   0.0948803   0.0413011
   79      64    122620    122556   96.9459       112  0.00490264   0.0412196
2026-07-07T22:12:37.164717+0800 min lat: 0.00213513 max lat: 1.58859 avg lat: 0.041141
  sec Cur ops   started  finished  avg MB/s  cur MB/s last lat(s)  avg lat(s)
   80      64    124413    124349   97.1347   112.062   0.0852538    0.041141
   81      64    126213    126149   97.3242     112.5   0.0254319   0.0410599
   82      64    127998    127934   97.4976   111.562   0.0108701   0.0409878
   83      63    129773    129710   97.6601       111   0.0158691   0.0409173
   84      64    131558    131494   97.8247     111.5   0.0386092   0.0408518
   85      64    133350    133286   97.9914       112   0.0178409   0.0407796
   86      64    135148    135084   98.1585   112.375   0.0215591    0.040714
   87      64    136949    136885   98.3239   112.562   0.0134682   0.0406433
   88      64    138720    138656   98.4642   110.688  0.00968079   0.0405864
   89      64    140493    140429   98.6028   110.812   0.0158969   0.0405285
   90      64    142280    142216   98.7481   111.688   0.0159542   0.0404686
   91      64    144075    144011   98.8956   112.188   0.0828673   0.0404103
   92      64    145876    145812    99.044   112.562   0.0161227   0.0403493
   93      63    147668    147605   99.1838   112.062   0.0256241   0.0402929
   94      64    149445    149381   99.3094       111   0.0945081   0.0402427
   95      64    151224    151160   99.4343   111.188  0.00943697   0.0401887
   96      64    153017    152953   99.5657   112.062   0.0114702   0.0401378
   97      64    154810    154746   99.6944   112.062   0.0118411   0.0400874
   98      63    156610    156547   99.8255   112.562  0.00438528   0.0400342
   99      64    158392    158328   99.9414   111.312   0.0075078   0.0399878
2026-07-07T22:12:57.167150+0800 min lat: 0.00213513 max lat: 1.58859 avg lat: 0.0399451
  sec Cur ops   started  finished  avg MB/s  cur MB/s last lat(s)  avg lat(s)
  100      64    160167    160103   100.051   110.938   0.0920611   0.0399451
  101      64    161954    161890   100.166   111.688   0.0884433   0.0398991
  102      64    163747    163683   100.283   112.062   0.0965505   0.0398508
  103      64    165545    165481     100.4   112.375   0.0227938   0.0398054
  104      64    167347    167283   100.517   112.625   0.0927556   0.0397593
  105      64    169118    169054   100.614   110.688   0.0158839   0.0397192
  106      64    170893    170829   100.711   110.938    0.013713   0.0396837
  107      63    172684    172621   100.817       112   0.0882304   0.0396423
  108      64    174479    174415   100.921   112.125  0.00608793   0.0396019
  109      64    176281    176217   101.029   112.625  0.00946332   0.0395585
  110      64    178065    178001   101.124     111.5  0.00909645   0.0395217
  111      64    179844    179780   101.214   111.188    0.011592   0.0394858
  112      64    181624    181560   101.304    111.25  0.00960702     0.03945
  113      64    183420    183356     101.4    112.25  0.00911835   0.0394156
  114      64    185215    185151   101.495   112.188   0.0188843   0.0393776
  115      64    187015    186951    101.59     112.5   0.0122862   0.0393392
  116      64    188792    188728   101.672   111.062   0.0936137   0.0393081
  117      64    189685    189621    101.28   55.8125  0.00287792   0.0394505
  118      64    191432    191368   101.347   109.188    0.120829   0.0394355
  119      64    193230    193166   101.439   112.375   0.0194847   0.0394004
2026-07-07T22:13:17.169827+0800 min lat: 0.00213513 max lat: 1.58859 avg lat: 0.0393677
  sec Cur ops   started  finished  avg MB/s  cur MB/s last lat(s)  avg lat(s)
  120      34    194998    194964    101.53   112.375   0.0713183   0.0393677
Total time run:       120.035
Total reads made:     194998
Read size:            65536
Object size:          65536
Bandwidth (MB/sec):   101.532
Average IOPS:         1624
Stddev IOPS:          368.633
Max IOPS:             1804
Min IOPS:             144
Average Latency(s):   0.03937
Max latency(s):       1.58859
Min latency(s):       0.00213513
[2026-07-07 22:13:18] END: rand read 64K r1
[2026-07-07 22:13:18] ---- rand read 64K round 2 ----
[2026-07-07 22:13:30] Health: HEALTH_OK
[2026-07-07 22:13:30] START: rados bench -p juicefs-data 120 rand -t 64
hints = 1
  sec Cur ops   started  finished  avg MB/s  cur MB/s last lat(s)  avg lat(s)
    0       0         0         0         0         0           -           0
    1      64      1831      1767   110.412   110.438   0.0155902   0.0345349
    2      64      3628      3564   111.353   112.312   0.0114551   0.0350265
    3      64      5423      5359   111.626   112.188   0.0980597   0.0354497
    4      64      7224      7160   111.856   112.562   0.0151422   0.0354939
    5      64      9000      8936   111.683       111   0.0921816   0.0355415
    6      64     10788     10724   111.692    111.75   0.0943853   0.0355522
    7      63     12563     12500   111.591       111   0.0572047   0.0356724
    8      64     14362     14298   111.686   112.375   0.0142071   0.0355546
    9      64     16158     16094   111.747    112.25   0.0105981   0.0356398
   10      64     17951     17887   111.776   112.062   0.0129636   0.0356547
   11      64     19726     19662   111.699   110.938   0.0109629   0.0356757
   12      64     21501     21437   111.635   110.938   0.0164033    0.035682
   13      64     23300     23236   111.695   112.438   0.0962389   0.0356878
   14      64     25094     25030   111.725   112.125  0.00620051    0.035707
   15      63     26893     26830   111.775     112.5   0.0118312   0.0356946
   16      64     28679     28615   111.761   111.562   0.0917163   0.0356908
   17      64     30458     30394   111.726   111.188   0.0960124   0.0357124
   18      64     32238     32174   111.699    111.25   0.0933738   0.0357187
   19      64     34036     33972   111.733   112.375   0.0111417   0.0357255
2026-07-07T22:13:50.480315+0800 min lat: 0.00340957 max lat: 0.152325 avg lat: 0.0357226
  sec Cur ops   started  finished  avg MB/s  cur MB/s last lat(s)  avg lat(s)
   20      64     35828     35764   111.746       112   0.0678109   0.0357226
   21      64     37632     37568   111.793    112.75   0.0119813   0.0356996
   22      64     39407     39343   111.753   110.938   0.0125078    0.035706
   23      64     41181     41117   111.714   110.875   0.0958651   0.0357202
   24      64     42970     42906   111.718   111.812   0.0778138   0.0357374
   25      64     44767     44703   111.741   112.312    0.018091   0.0357075
   26      64     46566     46502   111.767   112.438   0.0158244   0.0357241
   27      64     48357     48293   111.773   111.938  0.00920182   0.0357285
   28      64     50133     50069   111.745       111  0.00646564   0.0357281
   29      64     51908     51844   111.716   110.938    0.025277   0.0357303
   30      64     53705     53641   111.736   112.312    0.119331   0.0357224
   31      64     55500     55436    111.75   112.188    0.104797    0.035725
   32      64     57300     57236   111.772     112.5   0.0573307   0.0357332
   33      64     59084     59020   111.764     111.5   0.0465761   0.0357328
   34      64     60865     60801    111.75   111.312   0.0917048   0.0357361
   35      63     62640     62577   111.728       111   0.0779377   0.0357489
   36      64     64443     64379   111.753   112.625    0.012634   0.0357471
   37      64     66235     66171   111.759       112   0.0133927   0.0357381
   38      64     68036     67972    111.78   112.562  0.00935336   0.0357305
   39      64     69809     69745   111.755   110.812    0.011438   0.0357449
2026-07-07T22:14:10.483137+0800 min lat: 0.00328593 max lat: 0.173734 avg lat: 0.0357519
  sec Cur ops   started  finished  avg MB/s  cur MB/s last lat(s)  avg lat(s)
   40      64     71578     71514   111.724   110.562   0.0127343   0.0357519
   41      64     73376     73312    111.74   112.375   0.0155751   0.0357513
   42      64     75173     75109   111.753   112.312  0.00976313   0.0357463
   43      64     76971     76907   111.767   112.375   0.0106624   0.0357416
   44      63     78759     78696   111.768   111.812  0.00723589   0.0357379
   45      64     80539     80475   111.755   111.188   0.0593184   0.0357507
   46      64     82315     82251   111.738       111  0.00739199   0.0357451
   47      64     84111     84047   111.748    112.25  0.00818844   0.0357503
   48      64     85905     85841   111.756   112.125   0.0733505   0.0357506
   49      64     87707     87643   111.773   112.625  0.00614126   0.0357399
   50      64     89490     89426   111.766   111.438  0.00840771   0.0357465
   51      64     91266     91202   111.751       111   0.0274361   0.0357491
   52      64     93046     92982   111.741    111.25   0.0158845   0.0357569
   53      64     94847     94783   111.756   112.562    0.013038   0.0357531
   54      63     96641     96578   111.764   112.188   0.0989791   0.0357481
   55      64     98434     98370   111.768       112    0.134313   0.0357418
   56      64    100208    100144   111.752   110.875  0.00783513   0.0357523
   57      64    101988    101924   111.743    111.25   0.0108911   0.0357574
   58      64    103781    103717   111.748   112.062   0.0872355   0.0357542
   59      64    105579    105515   111.758   112.375   0.0305699   0.0357448
2026-07-07T22:14:30.485829+0800 min lat: 0.00328593 max lat: 0.173734 avg lat: 0.0357479
  sec Cur ops   started  finished  avg MB/s  cur MB/s last lat(s)  avg lat(s)
   60      64    107376    107312   111.768   112.312   0.0775544   0.0357479
   61      64    109165    109101   111.768   111.812   0.0135701   0.0357475
   62      64    110943    110879   111.757   111.125  0.00617425   0.0357481
   63      64    112716    112652   111.742   110.812    0.006861    0.035759
   64      64    114519    114455   111.757   112.688   0.0298139   0.0357454
   65      64    116311    116247    111.76       112   0.0138435   0.0357426
   66      64    118112    118048   111.772   112.562  0.00900462   0.0357498
   67      64    119889    119825   111.761   111.062   0.0748693   0.0357545
   68      64    121668    121604   111.752   111.188  0.00945093   0.0357512
   69      64    123452    123388   111.749     111.5  0.00762181   0.0357548
   70      64    125254    125190   111.761   112.625   0.0108189   0.0357533
   71      63    127045    126982   111.764       112  0.00705509   0.0357528
   72      64    128845    128781   111.773   112.438   0.0383577   0.0357524
   73      64    130616    130552   111.758   110.688   0.0414972    0.035756
   74      64    132394    132330   111.749   111.125   0.0941466   0.0357555
   75      64    134187    134123   111.753   112.062   0.0456265   0.0357573
   76      64    135981    135917   111.758   112.125  0.00786573   0.0357499
   77      64    137782    137718   111.768   112.562   0.0419461   0.0357496
   78      64    139571    139507   111.769   111.812   0.0111698   0.0357545
   79      64    141345    141281   111.757   110.875  0.00761185    0.035753
2026-07-07T22:14:50.488611+0800 min lat: 0.00328593 max lat: 0.173734 avg lat: 0.0357584
  sec Cur ops   started  finished  avg MB/s  cur MB/s last lat(s)  avg lat(s)
   80      64    143126    143062   111.751   111.312   0.0862083   0.0357584
   81      64    144924    144860   111.759   112.375   0.0651309   0.0357586
   82      64    146715    146651   111.761   111.938  0.00815191   0.0357505
   83      64    148518    148454   111.772   112.688   0.0316894   0.0357508
   84      64    150290    150226   111.759    110.75  0.00652014   0.0357579
   85      64    152073    152009   111.755   111.438   0.0979607   0.0357577
   86      64    153857    153793   111.752     111.5   0.0795099   0.0357603
   87      64    155659    155595   111.762   112.625   0.0758974   0.0357569
   88      64    157453    157389   111.766   112.125   0.0322066   0.0357539
   89      64    159246    159182   111.769   112.062  0.00998484   0.0357559
   90      64    161021    160957    111.76   110.938   0.0081344   0.0357562
   91      64    162800    162736   111.753   111.188   0.0986687   0.0357592
   92      64    164593    164529   111.757   112.062   0.0316097   0.0357593
   93      64    166386    166322    111.76   112.062  0.00885491   0.0357587
   94      64    168187    168123   111.768   112.562  0.00629328   0.0357568
   95      64    169968    169904   111.763   111.312   0.0919856   0.0357569
   96      64    171747    171683   111.757   111.188   0.0652864   0.0357609
   97      64    173527    173463   111.751    111.25  0.00850653   0.0357557
   98      64    175329    175265    111.76   112.625  0.00839328   0.0357565
   99      64    177122    177058   111.763   112.062   0.0131959   0.0357575
2026-07-07T22:15:10.491536+0800 min lat: 0.00318287 max lat: 0.173734 avg lat: 0.0357579
  sec Cur ops   started  finished  avg MB/s  cur MB/s last lat(s)  avg lat(s)
  100      64    178919    178855   111.768   112.312   0.0595017   0.0357579
  101      64    180694    180630    111.76   110.938   0.0108043   0.0357547
  102      64    182476    182412   111.756   111.375  0.00751208   0.0357558
  103      64    184263    184199   111.755   111.688   0.0865297    0.035761
  104      64    186061    185997   111.761   112.375   0.0908414   0.0357569
  105      64    187857    187793   111.766    112.25    0.068345    0.035759
  106      64    189652    189588   111.769   112.188   0.0221672   0.0357562
  107      64    191423    191359   111.759   110.688    0.064304   0.0357611
  108      64    193201    193137   111.753   111.125  0.00847096   0.0357604
  109      64    194999    194935   111.759   112.375  0.00758943   0.0357614
  110      64    196791    196727   111.761       112   0.0158782   0.0357565
  111      63    198592    198529   111.768   112.625   0.0188334   0.0357506
  112      64    200373    200309   111.764    111.25  0.00922689   0.0357569
  113      63    202149    202086   111.757   111.062   0.0515763    0.035763
  114      64    203933    203869   111.754   111.438   0.0242721   0.0357567
  115      64    205728    205664   111.758   112.188    0.089178   0.0357588
  116      64    207526    207462   111.763   112.375   0.0270349   0.0357592
  117      63    209324    209261   111.769   112.438    0.086326   0.0357566
  118      64    211102    211038   111.763   111.062  0.00583457   0.0357544
  119      64    212880    212816   111.757   111.125  0.00781898   0.0357577
2026-07-07T22:15:30.494346+0800 min lat: 0.00318287 max lat: 0.173734 avg lat: 0.0357593
  sec Cur ops   started  finished  avg MB/s  cur MB/s last lat(s)  avg lat(s)
  120      32    214638    214606   111.758   111.875    0.119632   0.0357593
Total time run:       120.035
Total reads made:     214638
Read size:            65536
Object size:          65536
Bandwidth (MB/sec):   111.758
Average IOPS:         1788
Stddev IOPS:          10.1544
Max IOPS:             1804
Min IOPS:             1767
Average Latency(s):   0.0357653
Max latency(s):       0.173734
Min latency(s):       0.00318287
[2026-07-07 22:15:31] END: rand read 64K r2
[2026-07-07 22:15:31] ---- rand read 64K round 3 ----
[2026-07-07 22:15:43] Health: HEALTH_OK
[2026-07-07 22:15:43] START: rados bench -p juicefs-data 120 rand -t 64
hints = 1
  sec Cur ops   started  finished  avg MB/s  cur MB/s last lat(s)  avg lat(s)
    0       0         0         0         0         0           -           0
    1      64      1835      1771   110.667   110.688   0.0999353   0.0346363
    2      64      3608      3544   110.733   110.812  0.00957654   0.0353039
    3      64      5391      5327   110.963   111.438   0.0158733   0.0355768
    4      64      7190      7126   111.329   112.438   0.0112891   0.0355581
    5      64      8986      8922    111.51    112.25  0.00781655   0.0355814
    6      63     10783     10720   111.651   112.375   0.0855449   0.0355957
    7      64     12553     12489   111.494   110.562   0.0049565   0.0356321
    8      64     14335     14271   111.477   111.375  0.00693185   0.0356701
    9      63     16127     16064   111.541   112.062   0.0939742   0.0356954
   10      64     17920     17856   111.584       112   0.0301654   0.0357005
   11      64     19723     19659   111.683   112.688  0.00597829   0.0356831
   12      64     21516     21452   111.713   112.062   0.0998914   0.0356664
   13      64     23282     23218   111.609   110.375  0.00950798   0.0357052
   14      64     25071     25007   111.623   111.812    0.111358   0.0357111
   15      64     26859     26795    111.63    111.75   0.0138023   0.0357269
   16      64     28655     28591   111.668    112.25  0.00536983   0.0357078
   17      64     30454     30390   111.712   112.438   0.0849968   0.0357138
   18      64     32236     32172   111.693   111.375  0.00990566   0.0357145
   19      64     34013     33949   111.659   111.062  0.00689113   0.0357344
2026-07-07T22:16:03.919181+0800 min lat: 0.00345688 max lat: 0.13225 avg lat: 0.0357392
  sec Cur ops   started  finished  avg MB/s  cur MB/s last lat(s)  avg lat(s)
   20      64     35798     35734   111.653   111.562    0.104534   0.0357392
   21      64     37595     37531   111.684   112.312  0.00997904   0.0357345
   22      64     39392     39328   111.712   112.312   0.0138404   0.0357212
   23      64     41185     41121   111.726   112.062   0.0991025   0.0357252
   24      64     42952     42888   111.672   110.438   0.0352469   0.0357339
   25      64     44743     44679   111.682   111.938   0.0155552   0.0357388
   26      64     46533     46469   111.689   111.875   0.0921772   0.0357425
   27      64     48325     48261     111.7       112   0.0121106   0.0357395
   28      64     50128     50064   111.734   112.688  0.00979331    0.035726
   29      64     51911     51847   111.724   111.438   0.0131168   0.0357369
   30      64     53687     53623   111.699       111  0.00900269   0.0357411
   31      64     55472     55408   111.694   111.562   0.0101533   0.0357518
   32      64     57264     57200   111.703       112  0.00764425   0.0357439
   33      64     59062     58998   111.723   112.375  0.00842389   0.0357383
   34      64     60860     60796   111.742   112.375   0.0254921   0.0357401
   35      64     62638     62574   111.724   111.125   0.0127601   0.0357388
   36      64     64419     64355   111.712   111.312  0.00685908   0.0357487
   37      64     66202     66138   111.704   111.438   0.0246992   0.0357482
   38      64     68000     67936   111.721   112.375   0.0970565   0.0357462
   39      64     69797     69733   111.736   112.312  0.00881706   0.0357413
2026-07-07T22:16:23.922047+0800 min lat: 0.00345688 max lat: 0.13225 avg lat: 0.0357393
  sec Cur ops   started  finished  avg MB/s  cur MB/s last lat(s)  avg lat(s)
   40      64     71586     71522   111.737   111.812   0.0132617   0.0357393
   41      64     73360     73296   111.716   110.875   0.0121349   0.0357526
   42      63     75145     75082   111.713   111.625   0.0881942    0.035754
   43      64     76934     76870   111.714    111.75   0.0124265   0.0357545
   44      64     78730     78666   111.726    112.25   0.0108441   0.0357476
   45      64     80529     80465   111.741   112.438   0.0921949   0.0357478
   46      64     82317     82253   111.741    111.75  0.00859712   0.0357438
   47      64     84088     84024   111.718   110.688  0.00750819   0.0357548
   48      64     85877     85813    111.72   111.812   0.0804772   0.0357559
   49      64     87670     87606   111.727   112.062   0.0931905   0.0357533
   50      64     89466     89402   111.737    112.25   0.0915523   0.0357509
   51      64     91263     91199   111.748   112.312    0.108761   0.0357437
   52      64     93045     92981    111.74   111.375    0.110303   0.0357485
   53      63     94823     94760    111.73   111.188  0.00984025   0.0357531
   54      64     96608     96544   111.725     111.5   0.0117677   0.0357549
   55      64     98404     98340   111.734    112.25   0.0862465   0.0357545
   56      64    100202    100138   111.746   112.375   0.0959371   0.0357499
   57      64    101995    101931   111.751   112.062  0.00749693   0.0357464
   58      64    103761    103697   111.727   110.375  0.00993194   0.0357559
   59      64    105544    105480   111.722   111.438   0.0351937   0.0357616
2026-07-07T22:16:43.924772+0800 min lat: 0.00345688 max lat: 0.13225 avg lat: 0.0357583
  sec Cur ops   started  finished  avg MB/s  cur MB/s last lat(s)  avg lat(s)
   60      64    107342    107278   111.732   112.375   0.0147037   0.0357583
   61      64    109134    109070   111.736       112   0.0110287   0.0357549
   62      64    110933    110869   111.747   112.438   0.0945932   0.0357532
   63      64    112717    112653   111.743     111.5   0.0955778   0.0357538
   64      64    114491    114427   111.729   110.875  0.00723822   0.0357562
   65      64    116274    116210   111.725   111.438  0.00785657    0.035757
   66      63    118071    118008   111.734   112.375   0.0129398   0.0357562
   67      64    119870    119806   111.744   112.375    0.106425   0.0357538
   68      63    121663    121600   111.749   112.125    0.021724   0.0357534
   69      64    123438    123374   111.736   110.875   0.0985169   0.0357568
   70      64    125227    125163   111.737   111.812  0.00959625   0.0357565
   71      64    127011    126947   111.733     111.5  0.00755445   0.0357587
   72      64    128804    128740   111.738   112.062   0.0271968   0.0357549
   73      63    130600    130537   111.745   112.312    0.100221   0.0357565
   74      64    132394    132330    111.75   112.062   0.0740483   0.0357564
   75      64    134169    134105   111.739   110.938   0.0219239   0.0357602
   76      64    135949    135885   111.732    111.25    0.024586   0.0357618
   77      64    137745    137681   111.739    112.25  0.00895067   0.0357586
   78      64    139539    139475   111.743   112.125   0.0164759   0.0357581
   79      64    141337    141273   111.751   112.375   0.0137201   0.0357554
2026-07-07T22:17:03.927400+0800 min lat: 0.00345688 max lat: 0.13225 avg lat: 0.0357547
  sec Cur ops   started  finished  avg MB/s  cur MB/s last lat(s)  avg lat(s)
   80      64    143120    143056   111.747   111.438  0.00951031   0.0357547
   81      64    144900    144836   111.741    111.25    0.102071   0.0357589
   82      64    146679    146615   111.734   111.188    0.103431   0.0357606
   83      64    148482    148418   111.745   112.688   0.0936291   0.0357585
   84      64    150273    150209   111.747   111.938    0.010832   0.0357561
   85      64    152067    152003   111.752   112.125   0.0982703   0.0357577
   86      64    153843    153779   111.743       111   0.0098013   0.0357591
   87      64    155631    155567   111.743    111.75  0.00868892   0.0357608
   88      64    157415    157351    111.74     111.5    0.109103   0.0357595
   89      64    159209    159145   111.744   112.125   0.0927507   0.0357604
   90      64    161004    160940   111.749   112.188   0.0132228   0.0357565
   91      64    162802    162738   111.755   112.375     0.10191   0.0357568
   92      64    164574    164510   111.744    110.75  0.00957874   0.0357594
   93      64    166355    166291    111.74   111.312   0.0889584   0.0357628
   94      64    168151    168087   111.745    112.25   0.0208778   0.0357599
   95      64    169943    169879   111.747       112   0.0185891   0.0357595
   96      64    171740    171676   111.753   112.312   0.0116388   0.0357592
   97      64    173520    173456   111.748    111.25   0.0116857   0.0357588
   98      64    175305    175241   111.746   111.562   0.0838053   0.0357625
   99      64    177084    177020    111.74   111.188   0.0120883    0.035762
2026-07-07T22:17:23.929991+0800 min lat: 0.00321374 max lat: 0.132327 avg lat: 0.0357619
  sec Cur ops   started  finished  avg MB/s  cur MB/s last lat(s)  avg lat(s)
  100      64    178885    178821   111.748   112.562     0.10221   0.0357619
  101      64    180676    180612    111.75   111.938  0.00979351   0.0357608
  102      64    182472    182408   111.754    112.25   0.0189404    0.035758
  103      64    184248    184184   111.747       111   0.0866401    0.035762
  104      64    186036    185972   111.747    111.75   0.0847865   0.0357618
  105      64    187820    187756   111.744     111.5   0.0905149    0.035763
  106      64    189612    189548   111.747       112   0.0919901   0.0357625
  107      64    191410    191346   111.752   112.375   0.0825142   0.0357604
  108      64    193203    193139   111.755   112.062   0.0949979   0.0357595
  109      64    194979    194915   111.748       111   0.0931303   0.0357629
  110      64    196754    196690   111.741   110.938  0.00887849   0.0357641
  111      64    198556    198492   111.748   112.625   0.0211605   0.0357608
  112      64    200345    200281   111.749   111.812    0.094005   0.0357623
  113      64    202142    202078   111.754   112.312   0.0947141    0.035761
  114      64    203925    203861   111.751   111.438   0.0142924   0.0357612
  115      64    205711    205647    111.75   111.625   0.0930353   0.0357622
  116      64    207489    207425   111.744   111.125  0.00996677   0.0357625
  117      64    209291    209227   111.751   112.625   0.0100703   0.0357594
  118      64    211081    211017   111.752   111.875    0.012048   0.0357614
  119      64    212877    212813   111.756    112.25   0.0108103   0.0357592
2026-07-07T22:17:43.932556+0800 min lat: 0.00321374 max lat: 0.133547 avg lat: 0.0357652
  sec Cur ops   started  finished  avg MB/s  cur MB/s last lat(s)  avg lat(s)
  120      32    214622    214590   111.751   111.062    0.068856   0.0357652
Total time run:       120.034
Total reads made:     214622
Read size:            65536
Object size:          65536
Bandwidth (MB/sec):   111.751
Average IOPS:         1788
Stddev IOPS:          9.25298
Max IOPS:             1803
Min IOPS:             1766
Average Latency(s):   0.035768
Max latency(s):       0.133547
Min latency(s):       0.00321374
[2026-07-07 22:17:44] END: rand read 64K r3
[2026-07-07 22:18:03] Health: HEALTH_OK
[2026-07-07 22:18:03] Block size 64K done.
[2026-07-07 22:18:03] ========== BLOCK SIZE: 256K ==========
[2026-07-07 22:18:03] ---- write 256K round 1 ----
[2026-07-07 22:18:15] Health: HEALTH_OK
[2026-07-07 22:18:15] START: rados bench -p juicefs-data 120 write -b 256K -t 64 --no-cleanup
hints = 1
Maintaining 64 concurrent writes of 262144 bytes to objects of size 262144 for up to 120 seconds or 0 objects
Object prefix: benchmark_data_tikv-node_356256
  sec Cur ops   started  finished  avg MB/s  cur MB/s last lat(s)  avg lat(s)
    0       0         0         0         0         0           -           0
    1      64       506       442   110.483     110.5   0.0384542     0.11571
    2      64       956       892   111.486     112.5   0.0160859    0.130424
    3      64      1403      1339   111.571    111.75    0.442756    0.134431
    4      64      1849      1785   111.551     111.5   0.0300889    0.136496
    5      64      2292      2228   111.387    110.75   0.0357972    0.137448
    6      64      2741      2677   111.529    112.25   0.0189792    0.138481
    7      64      3190      3126    111.63    112.25   0.0441266    0.139322
    8      64      3453      3389   105.894     65.75    0.183124    0.146323
    9      64      3666      3602   100.044     53.25    0.289988    0.156432
   10      64      3909      3845   96.1138     60.75    0.282846    0.164981
   11      64      4126      4062   92.3074     54.25    0.261326    0.170913
   12      64      4356      4292   89.4059      57.5    0.309733    0.177635
   13      64      4565      4501   86.5471     52.25    0.137285    0.182407
   14      64      4779      4715   84.1862      53.5    0.269391    0.187497
   15      64      5018      4954   82.5567     59.75     0.31807    0.192586
   16      64      5229      5165   80.6932     52.75    0.290314    0.196567
   17      64      5440      5376    79.049     52.75    0.295501    0.200324
   18      64      5666      5602   77.7958      56.5    0.287702     0.20386
   19      64      5877      5813   76.4772     52.75    0.292198    0.207007
2026-07-07T22:18:35.881877+0800 min lat: 0.0112058 max lat: 0.676939 avg lat: 0.210625
  sec Cur ops   started  finished  avg MB/s  cur MB/s last lat(s)  avg lat(s)
   20      64      6115      6051   75.6279      59.5    0.291272    0.210625
   21      64      6339      6275   74.6927        56    0.145491    0.212821
   22      64      6534      6470   73.5131     48.75    0.307105    0.215625
   23      64      6765      6701   72.8274     57.75    0.116701    0.218352
   24      64      6959      6895   71.8134      48.5    0.237743    0.221128
   25      64      7205      7141   71.4005      61.5    0.261523    0.223524
   26      64      7412      7348   70.6444     51.75    0.320073    0.226155
   27      64      7618      7554    69.935      51.5   0.0188364    0.228429
   28      64      7817      7753   69.2138     49.75    0.377493    0.230449
   29      64      8026      7962   68.6285     52.25    0.151692    0.232095
   30      64      8223      8159   67.9823     49.25    0.385854    0.234458
   31      64      8453      8389    67.644      57.5    0.312128    0.236209
   32      64      8673      8609   67.2486        55   0.0428789     0.23744
   33      64      8871      8807   66.7105      49.5    0.324303    0.239603
   34      64      9061      8997   66.1453      47.5    0.344301    0.241212
   35      64      9268      9204   65.7337     51.75    0.204098    0.242492
   36      64      9479      9415   65.3729     52.75    0.273378    0.243422
   37      64      9673      9609   64.9167      48.5    0.335142    0.244966
   38      64      9908      9844   64.7542     58.75    0.294993    0.246377
   39      64     10120     10056   64.4526        53    0.252229    0.247296
2026-07-07T22:18:55.884871+0800 min lat: 0.0112058 max lat: 0.676939 avg lat: 0.248501
  sec Cur ops   started  finished  avg MB/s  cur MB/s last lat(s)  avg lat(s)
   40      64     10320     10256   64.0911        50    0.311943    0.248501
   41      64     10539     10475   63.8631     54.75   0.0819827    0.249435
   42      64     10738     10674   63.5269     49.75    0.325309    0.250715
   43      64     10963     10899   63.3576     56.25       0.313    0.251577
   44      64     11155     11091   63.0085        48     0.30879    0.252889
   45      64     11376     11312   62.8359     55.25    0.305779       0.254
   46      64     11589     11525   62.6274     53.25    0.277584    0.254636
   47      64     11797     11733   62.4012        52    0.277719    0.255674
   48      64     12006     11942   62.1896     52.25    0.310992    0.256746
   49      64     12213     12149   61.9765     51.75    0.294602    0.257503
   50      64     12411     12347   61.7268      49.5    0.294534    0.258078
   51      64     12612     12548   61.5016     50.25    0.120433    0.258959
   52      64     12815     12751   61.2948     50.75    0.449686    0.260014
   53      64     13034     12970   61.1712     54.75    0.281618    0.260765
   54      64     13272     13208   61.1401      59.5    0.337364    0.261418
   55      64     13462     13398   60.8919      47.5    0.275916    0.262034
   56      64     13673     13609   60.7464     52.75    0.084935      0.2624
   57      64     13921     13857   60.7683        62   0.0987578    0.263045
   58      64     14077     14013   60.3929        39    0.219216    0.263653
   59      64     14337     14273   60.4708        65     0.22599    0.264521
2026-07-07T22:19:15.887212+0800 min lat: 0.010437 max lat: 0.676939 avg lat: 0.265037
  sec Cur ops   started  finished  avg MB/s  cur MB/s last lat(s)  avg lat(s)
   60      64     14519     14455   60.2213      45.5    0.273779    0.265037
   61      64     14748     14684   60.1724     57.25    0.277319    0.265586
   62      64     14895     14831   59.7946     36.75    0.498445    0.266348
   63      64     15113     15049   59.7104      54.5    0.318237    0.267045
   64      64     15359     15295   59.7383      61.5    0.277931    0.267509
   65      64     15548     15484   59.5461     47.25    0.347719    0.268323
   66      64     15747     15683   59.3976     49.75    0.316551    0.268891
   67      64     15947     15883   59.2572        50    0.291056    0.269246
   68      64     16174     16110   59.2202     56.75    0.323773    0.269613
   69      64     16388     16324   59.1372      53.5    0.275287    0.270331
   70      64     16590     16526   59.0137      50.5    0.299031    0.270778
   71      64     16780     16716   58.8514      47.5    0.305183    0.270811
   72      64     16970     16906   58.6937      47.5    0.545387    0.271567
   73      64     17172     17108   58.5814      50.5    0.248823    0.272329
   74      64     17377     17313   58.4822     51.25    0.273181    0.272899
   75      64     17619     17555    58.509      60.5    0.302725     0.27314
   76      64     17818     17754   58.3937     49.75    0.298501    0.273481
   77      64     18019     17955   58.2879     50.25    0.287794    0.273936
   78      64     18256     18192   58.3001     59.25    0.242561     0.27399
   79      64     18461     18397   58.2108     51.25    0.170338    0.274267
2026-07-07T22:19:35.889740+0800 min lat: 0.0100368 max lat: 0.676939 avg lat: 0.274751
  sec Cur ops   started  finished  avg MB/s  cur MB/s last lat(s)  avg lat(s)
   80      64     18678     18614   58.1612     54.25    0.064731    0.274751
   81      64     18846     18782   57.9616        42    0.120174    0.275128
   82      64     19066     19002   57.9253        55    0.258413    0.275462
   83      64     19275     19211   57.8569     52.25    0.279191    0.275974
   84      64     19473     19409   57.7573      49.5    0.312254    0.276444
   85      64     19708     19644   57.7689     58.75    0.291229    0.276639
   86      64     19917     19853   57.7046     52.25    0.219978    0.276813
   87      64     20111     20047   57.5988      48.5    0.364295    0.277439
   88      64     20332     20268    57.572     55.25   0.0951406    0.277762
   89      64     20530     20466   57.4812      49.5    0.258443    0.277955
   90      64     20730     20666    57.398        50    0.201819     0.27815
   91      64     20955     20891   57.3854     56.25    0.129913    0.278437
   92      64     21167     21103   57.3376        53    0.148509    0.278612
   93      64     21374     21310   57.2775     51.75    0.253768    0.278956
   94      64     21582     21518   57.2213        52    0.115987    0.279194
   95      64     21797     21733   57.1847     53.75   0.0359788    0.279527
   96      64     22001     21937   57.1202        51    0.145293    0.279685
   97      64     22211     22147   57.0725      52.5   0.0898264    0.280027
   98      64     22422     22358   57.0283     52.75    0.305535    0.280341
   99      64     22626     22562   56.9673        51    0.370864    0.280429
2026-07-07T22:19:55.892371+0800 min lat: 0.0100368 max lat: 0.676939 avg lat: 0.280447
  sec Cur ops   started  finished  avg MB/s  cur MB/s last lat(s)  avg lat(s)
  100      64     22827     22763   56.9001     50.25    0.095717    0.280447
  101      64     23045     22981   56.8762      54.5    0.411411    0.280915
  102      64     23249     23185   56.8186        51    0.346848    0.281288
  103      64     23471     23407   56.8057      55.5   0.0791437    0.281389
  104      64     23672     23608   56.7426     50.25     0.36084    0.281681
  105      64     23882     23818   56.7021      52.5    0.351244     0.28186
  106      64     24091     24027     56.66     52.25   0.0807412    0.282079
  107      64     24251     24187   56.5043        40    0.312663    0.282125
  108      64     24493     24429   56.5412      60.5    0.246867    0.282353
  109      64     24694     24630   56.4834     50.25    0.318509    0.282738
  110      64     24910     24846   56.4608        54     0.11137    0.282807
  111      64     25149     25085   56.4903     59.75    0.364627    0.283067
  112      64     25327     25263   56.3832      44.5    0.327498    0.283475
  113      64     25514     25450   56.2979     46.75    0.316491    0.283747
  114      64     25771     25707   56.3676     64.25   0.0186465    0.283713
  115      64     25921     25857   56.2035      37.5    0.307764    0.283836
  116      64     26125     26061   56.1585        51    0.110979    0.284199
  117      64     26356     26292   56.1721     57.75    0.312647    0.284432
  118      64     26583     26519   56.1769     56.75     0.29043    0.284522
  119      64     26799     26735   56.1586        54   0.0819822    0.284535
2026-07-07T22:20:15.895123+0800 min lat: 0.0100368 max lat: 0.676939 avg lat: 0.284876
  sec Cur ops   started  finished  avg MB/s  cur MB/s last lat(s)  avg lat(s)
  120      64     26994     26930   56.0968     48.75    0.207914    0.284876
Total time run:         120.188
Total writes made:      26994
Write size:             262144
Object size:            262144
Bandwidth (MB/sec):     56.1497
Stddev Bandwidth:       14.7546
Max bandwidth (MB/sec): 112.5
Min bandwidth (MB/sec): 36.75
Average IOPS:           224
Stddev IOPS:            59.0184
Max IOPS:               450
Min IOPS:               147
Average Latency(s):     0.284945
Stddev Latency(s):      0.103982
Max latency(s):         0.676939
Min latency(s):         0.0100368
[2026-07-07 22:20:16] END: write 256K r1
[2026-07-07 22:20:36] ---- write 256K round 2 ----
[2026-07-07 22:20:48] Health: HEALTH_OK
[2026-07-07 22:20:48] START: rados bench -p juicefs-data 120 write -b 256K -t 64 --no-cleanup
hints = 1
Maintaining 64 concurrent writes of 262144 bytes to objects of size 262144 for up to 120 seconds or 0 objects
Object prefix: benchmark_data_tikv-node_369839
  sec Cur ops   started  finished  avg MB/s  cur MB/s last lat(s)  avg lat(s)
    0       0         0         0         0         0           -           0
    1      64       506       442   110.485     110.5    0.382359    0.121885
    2      64       954       890   111.236       112   0.0463416    0.130839
    3      64      1400      1336    111.32     111.5    0.464779    0.134862
    4      64      1846      1782   111.362     111.5   0.0574916    0.137089
    5      64      2291      2227   111.337    111.25   0.0312542    0.138162
    6      64      2538      2474   103.071     61.75    0.155394    0.147011
    7      64      2782      2718   97.0596        61    0.292593    0.161671
    8      64      2981      2917   91.1448     49.75    0.220184    0.169295
    9      64      3191      3127   86.8505      52.5    0.292552    0.179205
   10      64      3412      3348   83.6901     55.25    0.342728    0.186534
   11      64      3607      3543   80.5131     48.75    0.169137    0.193051
   12      64      3871      3807   79.3029        66   0.0127987    0.201598
   13      64      4034      3970    76.337     40.75     0.31236    0.206189
   14      64      4275      4211   75.1874     60.25    0.276822    0.211342
   15      64      4470      4406   73.4244     48.75    0.193945    0.214803
   16      64      4672      4608   71.9912      50.5    0.201073    0.218711
   17      64      4894      4830   71.0206      55.5     0.28402    0.222626
   18      64      5096      5032   69.8802      50.5     0.29478     0.22532
   19      64      5341      5277   69.4255     61.25    0.314959    0.229552
2026-07-07T22:21:08.500845+0800 min lat: 0.0119078 max lat: 0.664435 avg lat: 0.231779
  sec Cur ops   started  finished  avg MB/s  cur MB/s last lat(s)  avg lat(s)
   20      64      5510      5446   68.0665     42.25    0.308997    0.231779
   21      64      5726      5662   67.3962        54    0.297376    0.234957
   22      64      5940      5876   66.7643      53.5    0.367608    0.237367
   23      64      6144      6080   66.0787        51    0.310783    0.240744
   24      64      6379      6315    65.773     58.75   0.0789897    0.242369
   25      64      6586      6522   65.2118     51.75     0.15474    0.243714
   26      64      6794      6730   64.7033        52    0.214725    0.245934
   27      64      6994      6930   64.1585        50    0.347339    0.247944
   28      64      7194      7130   63.6525        50    0.184675    0.248705
   29      64      7407      7343   63.2935     53.25     0.29509    0.250269
   30      64      7614      7550   62.9085     51.75    0.322741    0.252307
   31      64      7858      7794   62.8466        61    0.282831    0.254139
   32      64      8063      7999    62.484     51.25    0.147714    0.254794
   33      64      8277      8213   62.2116      53.5   0.0785326    0.256055
   34      64      8488      8424   61.9331     52.75   0.0226824    0.257272
   35      64      8718      8654   61.8062      57.5   0.0141899    0.258576
   36      64      8915      8851   61.4572     49.25    0.290875    0.259774
   37      64      9114      9050   61.1407     49.75    0.304363    0.260682
   38      64      9329      9265    60.946     53.75    0.111931    0.261099
   39      64      9539      9475   60.7292      52.5    0.222045    0.261985
2026-07-07T22:21:28.503539+0800 min lat: 0.010829 max lat: 0.664435 avg lat: 0.262857
  sec Cur ops   started  finished  avg MB/s  cur MB/s last lat(s)  avg lat(s)
   40      64      9772      9708   60.6671     58.25     0.12681    0.262857
   41      64      9976      9912   60.4312        51    0.399412    0.263971
   42      64     10182     10118   60.2184      51.5    0.405162    0.264736
   43      64     10406     10342   60.1202        56    0.277704    0.265138
   44      64     10652     10588   60.1514      61.5    0.348527    0.265958
   45      64     10812     10748   59.7034        40    0.259246    0.266783
   46      64     11033     10969   59.6064     55.25    0.285128    0.267414
   47      64     11267     11203   59.5827      58.5    0.328204    0.267998
   48      64     11446     11382   59.2735     44.75    0.202992    0.268379
   49      64     11651     11587   59.1097     51.25    0.286804    0.269638
   50      64     11891     11827   59.1273        60    0.289615     0.27014
   51      64     12091     12027   58.9482        50    0.277057     0.27053
   52      64     12292     12228   58.7808     50.25    0.306744    0.271042
   53      64     12525     12461   58.7707     58.25     0.28924    0.271534
   54      64     12771     12707   58.8211      61.5    0.022756    0.271754
   55      64     12939     12875   58.5152        42    0.200592     0.27252
   56      64     13184     13120   58.5639     61.25    0.337971    0.273105
   57      64     13388     13324   58.4311        51    0.265285    0.273396
   58      64     13593     13529   58.3072     51.25    0.145287    0.273655
   59      64     13793     13729   58.1662        50    0.262715    0.274454
2026-07-07T22:21:48.506058+0800 min lat: 0.0104038 max lat: 0.664435 avg lat: 0.274825
  sec Cur ops   started  finished  avg MB/s  cur MB/s last lat(s)  avg lat(s)
   60      64     13996     13932   58.0425     50.75    0.299692    0.274825
   61      64     14231     14167    58.054     58.75    0.291617     0.27508
   62      64     14448     14384   57.9925     54.25    0.360891     0.27537
   63      64     14646     14582   57.8576      49.5    0.201836    0.275844
   64      64     14848     14784   57.7425      50.5    0.259837    0.276234
   65      64     15054     14990   57.6463      51.5    0.277577    0.276447
   66      64     15267     15203   57.5796     53.25    0.302871    0.277056
   67      64     15472     15408    57.485     51.25    0.290299    0.277494
   68      64     15691     15627   57.4447     54.75    0.283222     0.27745
   69      64     15896     15832   57.3548     51.25    0.164499    0.278051
   70      64     16090     16026   57.2282      48.5    0.138092    0.278522
   71      64     16306     16242   57.1826        54    0.196181    0.278631
   72      64     16516     16452   57.1175      52.5    0.107958    0.278834
   73      64     16715     16651   57.0164     49.75    0.290887    0.280114
   74      64     16920     16856   56.9384     51.25    0.278175    0.280415
   75      64     17140     17076   56.9125        55    0.224639    0.280297
   76      64     17290     17226    56.657      37.5    0.318081    0.281294
   77      64     17492     17428   56.5769      50.5    0.335735    0.281959
   78      64     17710     17646   56.5502      54.5    0.294177    0.282306
   79      64     17902     17838   56.4419        48    0.392417    0.282512
2026-07-07T22:22:08.508944+0800 min lat: 0.0104038 max lat: 0.664435 avg lat: 0.283563
  sec Cur ops   started  finished  avg MB/s  cur MB/s last lat(s)  avg lat(s)
   80      64     18076     18012     56.28      43.5    0.324362    0.283563
   81      64     18286     18222   56.2333      52.5    0.283325    0.283959
   82      64     18516     18452   56.2486      57.5    0.296188    0.284079
   83      64     18666     18602   56.0227      37.5    0.279339    0.285029
   84      64     18865     18801   55.9479     49.75    0.304837    0.285345
   85      64     19075     19011   55.9073      52.5    0.296202    0.285364
   86      64     19324     19260   55.9809     62.25    0.340135    0.285572
   87      64     19456     19392   55.7167        33    0.180384    0.286647
   88      64     19658     19594   55.6574      50.5   0.0212424    0.286838
   89      64     19864     19800   55.6106      51.5    0.076471    0.286919
   90      64     20004     19940   55.3815        35    0.630498     0.28717
   91      64     20206     20142   55.3278      50.5    0.314338    0.288336
   92      64     20440     20376   55.3622      58.5    0.335367    0.288677
   93      64     20652     20588   55.3367        53    0.352309    0.288749
   94      64     20806     20742   55.1576      38.5   0.0820303    0.289735
   95      64     21003     20939   55.0953     49.25    0.435158     0.29006
   96      64     21212     21148   55.0656     52.25    0.187285    0.290065
   97      64     21360     21296   54.8793        37    0.175701    0.290042
   98      64     21553     21489   54.8116     48.25    0.415403    0.291511
   99      64     21756     21692   54.7705     50.75    0.190538    0.291591
2026-07-07T22:22:28.511561+0800 min lat: 0.0104038 max lat: 0.810732 avg lat: 0.291551
  sec Cur ops   started  finished  avg MB/s  cur MB/s last lat(s)  avg lat(s)
  100      64     21968     21904   54.7528        53    0.289101    0.291551
  101      64     22088     22024   54.5076        30   0.0849333    0.292794
  102      64     22291     22227   54.4707     50.75     0.17026    0.293073
  103      64     22495     22431   54.4369        51    0.222677    0.293352
  104      64     22682     22618    54.363     46.75    0.504513    0.293592
  105      64     22823     22759   54.1809     35.25    0.198925     0.29456
  106      64     23025     22961   54.1461      50.5    0.343338    0.294901
  107      64     23241     23177   54.1446        54    0.182846    0.294843
  108      64     23393     23329   53.9951        38   0.0206101    0.296085
  109      64     23584     23520   53.9378     47.75    0.332986    0.296311
  110      64     23794     23730   53.9247      52.5    0.221875    0.296384
  111      64     23995     23931   53.8915     50.25    0.265328    0.296403
  112      64     24128     24064   53.7072     33.25    0.315837    0.297724
  113      64     24332     24268   53.6832        51    0.351421    0.297853
  114      64     24532     24468   53.6508        50    0.273193    0.297849
  115      64     24654     24590   53.4494      30.5      0.1389    0.297755
  116      64     24856     24792    53.424      50.5    0.276791    0.299182
  117      64     25060     24996   53.4032        51   0.0770632    0.299141
  118      64     25269     25205   53.3933     52.25     0.18968    0.299078
  119      64     25400     25336   53.2198     32.75    0.304497     0.30046
2026-07-07T22:22:48.514206+0800 min lat: 0.0104038 max lat: 0.890773 avg lat: 0.30052
  sec Cur ops   started  finished  avg MB/s  cur MB/s last lat(s)  avg lat(s)
  120      64     25605     25541   53.2034     51.25   0.0213679     0.30052
Total time run:         120.243
Total writes made:      25605
Write size:             262144
Object size:            262144
Bandwidth (MB/sec):     53.236
Stddev Bandwidth:       13.9991
Max bandwidth (MB/sec): 112
Min bandwidth (MB/sec): 30
Average IOPS:           212
Stddev IOPS:            55.9965
Max IOPS:               448
Min IOPS:               120
Average Latency(s):     0.300518
Stddev Latency(s):      0.118546
Max latency(s):         0.890773
Min latency(s):         0.0104038
[2026-07-07 22:22:49] END: write 256K r2
[2026-07-07 22:23:09] ---- write 256K round 3 ----
[2026-07-07 22:23:21] Health: HEALTH_OK
[2026-07-07 22:23:22] START: rados bench -p juicefs-data 120 write -b 256K -t 64 --no-cleanup
hints = 1
Maintaining 64 concurrent writes of 262144 bytes to objects of size 262144 for up to 120 seconds or 0 objects
Object prefix: benchmark_data_tikv-node_383455
  sec Cur ops   started  finished  avg MB/s  cur MB/s last lat(s)  avg lat(s)
    0       0         0         0         0         0           -           0
    1      64       506       442   110.485     110.5   0.0229769    0.117263
    2      64       954       890   111.235       112   0.0304147     0.13129
    3      64      1402      1338   111.486       112    0.410307    0.135234
    4      64      1849      1785   111.549    111.75    0.449407    0.136571
    5      64      2299      2235   111.737     112.5   0.0154024    0.137657
    6      64      2424      2360   98.3216     31.25   0.0546846     0.15815
    7      64      2627      2563   91.5249     50.75    0.293535    0.171142
    8      64      2831      2767   86.4588        51    0.237134     0.17923
    9      64      2990      2926   81.2682     39.75    0.364185    0.185402
   10      64      3193      3129   78.2156     50.75    0.341685    0.202562
   11      64      3372      3308   75.1726     44.75    0.349807    0.207077
   12      64      3599      3535   73.6369     56.75    0.289882    0.213967
   13      64      3718      3654   70.2605     29.75     0.43873    0.224093
   14      64      3918      3854   68.8128        50    0.347227    0.228967
   15      64      4134      4070   67.8247        54    0.289674    0.233306
   16      64      4311      4247   66.3509     44.25    0.468148    0.235583
   17      64      4462      4398   64.6681     37.75    0.207485     0.24373
   18      64      4669      4605     63.95     51.75    0.307318     0.24793
   19      64      4876      4812   63.3075     51.75   0.0770692    0.249138
2026-07-07T22:23:42.277185+0800 min lat: 0.0109847 max lat: 1.09076 avg lat: 0.256668
  sec Cur ops   started  finished  avg MB/s  cur MB/s last lat(s)  avg lat(s)
   20      64      5031      4967   62.0793     38.75   0.0647291    0.256668
   21      64      5240      5176   61.6108     52.25    0.329121    0.259504
   22      64      5432      5368   60.9919        48    0.290697    0.261454
   23      64      5622      5558    60.405      47.5    0.310029    0.262511
   24      64      5751      5687   59.2316     32.25    0.316224    0.269188
   25      64      5949      5885   58.8421      49.5    0.358338    0.270813
   26      64      6157      6093   58.5786        52    0.208226    0.271296
   27      64      6293      6229   57.6681        34    0.680509    0.274861
   28      64      6489      6425   57.3582        49    0.400666    0.278237
   29      64      6686      6622   57.0784     49.25     0.29963    0.279163
   30      64      6890      6826   56.8756        51    0.292434    0.279452
   31      64      7034      6970    56.202        36    0.076451    0.283896
   32      64      7192      7128   55.6799      39.5    0.352654    0.285034
   33      64      7439      7375   55.8636     61.75   0.0763255    0.285706
   34      64      7571      7507   55.1911        33   0.0949614    0.285814
   35      64      7717      7653   54.6569      36.5    0.165506    0.290581
   36      64      7925      7861   54.5829        52    0.165931    0.291575
   37      64      8136      8072   54.5332     52.75    0.282486    0.291854
   38      64      8266      8202   53.9532      32.5    0.126003    0.295455
   39      64      8466      8402   53.8517        50    0.343351      0.2963
2026-07-07T22:24:02.279974+0800 min lat: 0.00903855 max lat: 1.09076 avg lat: 0.296427
  sec Cur ops   started  finished  avg MB/s  cur MB/s last lat(s)  avg lat(s)
   40      64      8671      8607   53.7864     51.25    0.293024    0.296427
   41      64      8847      8783   53.5476        44    0.391268    0.295787
   42      64      8981      8917   53.0702      33.5    0.179188    0.300242
   43      64      9182      9118   53.0044     50.25    0.406089    0.300952
   44      64      9386      9322   52.9587        51    0.248148    0.301038
   45      64      9524      9460   52.5484      34.5   0.0199137    0.304367
   46      64      9683      9619     52.27     39.75    0.264515    0.304371
   47      64      9886      9822   52.2376     50.75    0.373634    0.304837
   48      64     10099     10035   52.2585     53.25    0.243611    0.304494
   49      64     10211     10147   51.7633        28     0.29982    0.308333
   50      64     10429     10365   51.8179      54.5    0.284292    0.308429
   51      64     10650     10586    51.885     55.25   0.0188725    0.308093
   52      64     10732     10668   51.2814      20.5    0.152946     0.30793
   53      64     10939     10875   51.2901     51.75   0.0936185    0.311395
   54      64     11136     11072   51.2522     49.25    0.411084    0.311837
   55      64     11330     11266   51.2021      48.5     0.28328    0.311517
   56      64     11413     11349   50.6583     20.75    0.258143    0.314488
   57      64     11621     11557   50.6817        52    0.162129    0.314433
   58      64     11828     11764      50.7     51.75    0.146864     0.31444
   59      64     11959     11895   50.3956     32.75    0.373121    0.314513
2026-07-07T22:24:22.282777+0800 min lat: 0.00846154 max lat: 1.09076 avg lat: 0.317425
  sec Cur ops   started  finished  avg MB/s  cur MB/s last lat(s)  avg lat(s)
   60      64     12145     12081   50.3306      46.5    0.322951    0.317425
   61      64     12309     12245   50.1775        41    0.376072    0.317061
   62      64     12558     12494   50.3721     62.25    0.291711    0.317177
   63      64     12651     12587   49.9415     23.25   0.0467076    0.319748
   64      64     12852     12788   49.9462     50.25   0.0129147    0.319844
   65      64     13053     12989   49.9508     50.25    0.326294     0.31965
   66      64     13197     13133   49.7393        36    0.102191    0.319288
   67      64     13340     13276   49.5304     35.75    0.235768    0.321894
   68      64     13544     13480    49.552        51    0.118058    0.321884
   69      64     13747     13683   49.5692     50.75    0.253063     0.32183
   70      64     13885     13821   49.3539      34.5   0.0190433    0.323941
   71      64     14089     14025    49.377        51    0.356476    0.323935
   72      64     14291     14227   49.3925      50.5     0.31315    0.323709
   73      64     14436     14372   49.2123     36.25    0.336471    0.323459
   74      64     14581     14517   49.0371     36.25   0.0848523    0.325655
   75      64     14780     14716   49.0465     49.75    0.319313    0.325559
   76      64     14980     14916    49.059        50    0.442375    0.325279
   77      64     15062     14998    48.688      20.5    0.799498    0.325344
   78      64     15277     15213   48.7528     53.75    0.236351    0.327194
   79      64     15495     15431   48.8255      54.5    0.111483    0.327001
2026-07-07T22:24:42.285668+0800 min lat: 0.00846154 max lat: 1.09076 avg lat: 0.326973
  sec Cur ops   started  finished  avg MB/s  cur MB/s last lat(s)  avg lat(s)
   80      64     15672     15608   48.7682     44.25    0.406428    0.326973
   81      64     15826     15762   48.6414      38.5   0.0183442    0.328842
   82      64     15991     15927   48.5512     41.25    0.329259     0.32874
   83      64     16220     16156   48.6559     57.25    0.346467    0.328468
   84      64     16308     16244   48.3385        22    0.687866    0.328613
   85      64     16512     16448   48.3697        51    0.430607    0.330073
   86      64     16725     16661   48.4264     53.25    0.207335    0.329764
   87      64     16923     16859   48.4386      49.5    0.351436    0.329362
   88      64     17060     16996   48.2773     34.25    0.272441    0.330994
   89      64     17266     17202   48.3135      51.5    0.361575    0.330849
   90      64     17479     17415   48.3682     53.25    0.256721    0.330419
   91      64     17554     17490   48.0427     18.75     0.49736    0.330373
   92      64     17769     17705   48.1046     53.75   0.0157894    0.331937
   93      64     17973     17909   48.1357        51    0.224686    0.331775
   94      64     18178     18114   48.1688     51.25    0.317565    0.331434
   95      64     18300     18236   47.9828      30.5     0.22062    0.333011
   96      64     18502     18438   48.0089      50.5    0.372893    0.332894
   97      64     18708     18644   48.0448      51.5    0.128337    0.332498
   98      64     18848     18784   47.9117        35    0.260743    0.332234
   99      64     18989     18925   47.7837     35.25   0.0888962    0.333876
2026-07-07T22:25:02.288494+0800 min lat: 0.00846154 max lat: 1.09076 avg lat: 0.333599
  sec Cur ops   started  finished  avg MB/s  cur MB/s last lat(s)  avg lat(s)
  100      64     19205     19141   47.8458        54   0.0918718    0.333599
  101      64     19436     19372   47.9438     57.75    0.418366    0.333279
  102      64     19523     19459    47.687     21.75    0.457198    0.334844
  103      64     19721     19657   47.7045      49.5    0.163646    0.334676
  104      64     19937     19873    47.765        54    0.173189    0.334445
  105      64     20076     20012    47.641     34.75    0.353006    0.334198
  106      64     20229     20165   47.5523     38.25    0.210823    0.335794
  107      64     20439     20375   47.5985      52.5     0.16771    0.335495
  108      64     20647     20583   47.6392        52    0.423249    0.335287
  109      64     20771     20707   47.4865        31    0.892844    0.336549
  110      64     20975     20911   47.5184        51    0.289334    0.336495
  111      64     21180     21116   47.5519     51.25    0.330193    0.336304
  112      64     21323     21259   47.4465     35.75     0.35301    0.336102
  113      64     21467     21403   47.3452        36    0.371302    0.337555
  114      64     21674     21610   47.3837     51.75   0.0653508    0.337415
  115      64     21883     21819    47.426     52.25    0.171414    0.337114
  116      64     21963     21899   47.1895        20   0.0944135    0.336921
  117      64     22164     22100   47.2156     50.25    0.156507    0.338525
  118      64     22374     22310   47.2603      52.5   0.0858385    0.338161
  119      64     22573     22509   47.2812     49.75     0.37385    0.337911
2026-07-07T22:25:22.291316+0800 min lat: 0.00846154 max lat: 1.09076 avg lat: 0.339406
  sec Cur ops   started  finished  avg MB/s  cur MB/s last lat(s)  avg lat(s)
  120      64     22649     22585   47.0455        19    0.271157    0.339406
Total time run:         120.075
Total writes made:      22649
Write size:             262144
Object size:            262144
Bandwidth (MB/sec):     47.1561
Stddev Bandwidth:       16.9833
Max bandwidth (MB/sec): 112.5
Min bandwidth (MB/sec): 18.75
Average IOPS:           188
Stddev IOPS:            67.9331
Max IOPS:               450
Min IOPS:               75
Average Latency(s):     0.339278
Stddev Latency(s):      0.187035
Max latency(s):         1.09076
Min latency(s):         0.00846154
[2026-07-07 22:25:23] END: write 256K r3
[2026-07-07 22:25:42] ---- prefill for rand read (256K, 120s) ----
[2026-07-07 22:25:54] Health: HEALTH_OK
[2026-07-07 22:27:55] Prefill done. Objects: GiB
[2026-07-07 22:27:55] ---- rand read 256K round 1 ----
[2026-07-07 22:28:07] Health: HEALTH_OK
[2026-07-07 22:28:07] START: rados bench -p juicefs-data 120 rand -t 64
hints = 1
  sec Cur ops   started  finished  avg MB/s  cur MB/s last lat(s)  avg lat(s)
    0       0         0         0         0         0           -           0
    1      64       188       124   30.9912        31    0.844399    0.173698
    2      64       437       373   46.6148     62.25    0.173489    0.327372
    3      64       723       659   54.9058      71.5    0.581341     0.27397
    4      63       937       874   54.6141     53.75     0.56911    0.267414
    5      64      1170      1106   55.2896        58    0.612896    0.258898
    6      64      1472      1408    58.656      75.5   0.0540943    0.268766
    7      64      1806      1742    62.203      83.5    0.115369    0.254114
    8      64      2048      1984   61.9891      60.5    0.119306    0.240979
    9      64      2162      2098   58.2676      28.5    0.970184    0.270492
   10      64      2500      2436   60.8898      84.5    0.421764    0.259132
   11      64      2870      2806   63.7622      92.5   0.0828075    0.248783
   12      64      3206      3142   65.4478        84    0.384559    0.241132
   13      64      3655      3591   69.0467    112.25    0.309439    0.230156
   14      64      4021      3957   70.6496      91.5    0.201251    0.225205
   15      64      4085      4021   67.0064        16  0.00592257    0.230838
   16      64      4450      4386   68.5209     91.25    0.282383    0.231931
   17      64      4784      4720   69.4013      83.5   0.0541176    0.229019
   18      63      5126      5063   70.3087     85.75   0.0933136     0.22565
   19      64      5421      5357   70.4761      73.5    0.142157    0.225935
2026-07-07T22:28:27.776886+0800 min lat: 0.00552894 max lat: 1.53144 avg lat: 0.218704
  sec Cur ops   started  finished  avg MB/s  cur MB/s last lat(s)  avg lat(s)
   20      64      5865      5801   72.5016       111   0.0220196    0.218704
   21      63      6312      6249   74.3816       112   0.0208982    0.213119
   22      64      6760      6696   76.0795    111.75    0.482798    0.208256
   23      64      7212      7148   77.6839       113    0.409414    0.204321
   24      64      7661      7597   79.1234    112.25    0.473803    0.200378
   25      64      8105      8041   80.3978       111    0.128218     0.19809
   26      64      8550      8486   81.5838    111.25    0.419058     0.19463
   27      64      8998      8934   82.7097       112   0.0181075    0.192075
   28      64      9446      9382   83.7552       112    0.440765    0.189723
   29      63      9897      9834   84.7628       113   0.0307483    0.187392
   30      64     10343     10279   85.6453    111.25    0.016484    0.185788
   31      64     10789     10725   86.4789     111.5   0.0548444    0.183881
   32      64     11237     11173    87.276       112   0.0371715    0.182095
   33      64     11683     11619   88.0095     111.5   0.0136209    0.180801
   34      64     12134     12070   88.7366    112.75   0.0221586    0.179205
   35      64     12577     12513   89.3651    110.75    0.125724    0.178513
   36      64     13024     12960   89.9864    111.75   0.0221939     0.17702
   37      64     13471     13407   90.5742    111.75    0.169864    0.175796
   38      64     13917     13853   91.1244     111.5   0.0280526    0.174613
   39      63     14363     14300   91.6529    111.75    0.365475    0.173764
2026-07-07T22:28:47.779871+0800 min lat: 0.00552894 max lat: 1.53144 avg lat: 0.172516
  sec Cur ops   started  finished  avg MB/s  cur MB/s last lat(s)  avg lat(s)
   40      64     14815     14751   92.1799    112.75   0.0187247    0.172516
   41      64     15132     15068   91.8642     79.25    0.225351    0.173758
   42      64     15578     15514   92.3313     111.5    0.195346    0.172654
   43      64     16025     15961   92.7826    111.75    0.428237     0.17171
   44      64     16472     16408   93.2133    111.75   0.0576356    0.170791
   45      64     16920     16856   93.6303       112    0.420979    0.170114
   46      64     17370     17306   94.0401     112.5   0.0180912    0.169511
   47      64     17818     17754   94.4219       112    0.384485    0.168788
   48      64     18262     18198   94.7669       111   0.0397119    0.167997
   49      64     18709     18645   95.1132    111.75    0.499529    0.167475
   50      64     19154     19090   95.4357    111.25    0.065187    0.166932
   51      64     19603     19539   95.7651    112.25    0.388817    0.166456
   52      64     20056     19992    96.101    113.25   0.0244591    0.165904
   53      64     20499     20435   96.3771    110.75     0.49662    0.165273
   54      64     20947     20883   96.6661       112   0.0471007    0.164801
   55      64     21393     21329   96.9355     111.5   0.0110503    0.164436
   56      64     21840     21776   97.1997    111.75   0.0113424    0.163962
   57      64     22291     22227   97.4722    112.75    0.043832    0.163544
   58      64     22741     22677    97.731     112.5    0.393447    0.163157
   59      64     23185     23121   97.9557       111   0.0286422     0.16274
2026-07-07T22:29:07.782889+0800 min lat: 0.00485313 max lat: 1.53144 avg lat: 0.162381
  sec Cur ops   started  finished  avg MB/s  cur MB/s last lat(s)  avg lat(s)
   60      64     23632     23568   98.1852    111.75    0.047532    0.162381
   61      64     24080     24016   98.4115       112    0.500735    0.161986
   62      64     24527     24463   98.6264    111.75   0.0443383    0.161648
   63      64     24976     24912   98.8424    112.25   0.0164338    0.161279
   64      64     25425     25361   99.0516    112.25   0.0224958    0.160962
   65      64     25867     25803   99.2275     110.5   0.0146744    0.160702
   66      64     26314     26250    99.417    111.75    0.392426    0.160454
   67      64     26762     26698   99.6045       112    0.026895    0.160153
   68      64     27211     27147   99.7902    112.25    0.435584    0.159803
   69      64     27662     27598   99.9778    112.75    0.454218    0.159499
   70      64     28106     28042   100.135       111   0.0202918     0.15923
   71      64     28552     28488   100.295     111.5    0.014489    0.159024
   72      64     29000     28936   100.457       112   0.0232351    0.158783
   73      64     29448     29384   100.615       112   0.0235818    0.158532
   74      64     29898     29834   100.776     112.5   0.0238023     0.15829
   75      64     30349     30285   100.935    112.75    0.100673    0.158007
   76      64     30795     30731   101.074     111.5   0.0124319    0.157849
   77      64     31242     31178   101.212    111.75    0.509772    0.157627
   78      64     31688     31624   101.344     111.5    0.404714    0.157447
   79      64     32137     32073   101.482    112.25   0.0209555    0.157225
2026-07-07T22:29:27.785707+0800 min lat: 0.00485313 max lat: 1.53144 avg lat: 0.156988
  sec Cur ops   started  finished  avg MB/s  cur MB/s last lat(s)  avg lat(s)
   80      64     32587     32523   101.619     112.5   0.0455047    0.156988
   81      64     33035     32971   101.747       112    0.495631    0.156766
   82      64     33480     33416   101.863    111.25   0.0352714    0.156684
   83      64     33925     33861   101.976    111.25    0.503845    0.156495
   84      64     34373     34309   102.095       112   0.0190864    0.156299
   85      64     34823     34759   102.217     112.5    0.454315    0.156131
   86      64     35273     35209   102.337     112.5   0.0188828    0.155921
   87      64     35717     35653   102.436       111   0.0356647    0.155795
   88      64     36162     36098   102.536    111.25    0.491765    0.155629
   89      64     36608     36544   102.637     111.5   0.0650305    0.155431
   90      64     37057     36993   102.743    112.25   0.0148099    0.155377
   91      64     37506     37442   102.847    112.25   0.0219514    0.155177
   92      64     37957     37893   102.955    112.75   0.0170232    0.155044
   93      64     38400     38336   103.039    110.75   0.0187086    0.154876
   94      64     38843     38779    103.12    110.75   0.0172594    0.154776
   95      64     39294     39230   103.222    112.75    0.495003    0.154621
   96      64     39743     39679   103.315    112.25    0.486813    0.154463
   97      64     40192     40128   103.407    112.25   0.0231632    0.154363
   98      64     40640     40576   103.495       112    0.469022    0.154219
   99      64     41084     41020    103.57       111    0.406635     0.15415
2026-07-07T22:29:47.788714+0800 min lat: 0.00485313 max lat: 1.53144 avg lat: 0.153999
  sec Cur ops   started  finished  avg MB/s  cur MB/s last lat(s)  avg lat(s)
  100      64     41529     41465   103.647    111.25    0.490987    0.153999
  101      64     41979     41915   103.735     112.5    0.451766    0.153894
  102      64     42429     42365    103.82     112.5   0.0135734    0.153779
  103      63     42878     42815   103.904     112.5    0.015369     0.15363
  104      64     43325     43261   103.977     111.5    0.393733    0.153546
  105      64     43769     43705   104.044       111   0.0225182    0.153427
  106      64     44216     44152   104.117    111.75    0.399542    0.153341
  107      64     44666     44602   104.195     112.5   0.0132264    0.153203
  108      64     45115     45051   104.269    112.25   0.0384107    0.153134
  109      64     45566     45502   104.347    112.75    0.426426    0.152998
  110      64     46008     45944   104.403     110.5   0.0162223    0.152941
  111      64     46454     46390   104.466     111.5   0.0202181    0.152817
  112      64     46903     46839   104.536    112.25   0.0163526    0.152727
  113      64     47351     47287   104.602       112   0.0326004     0.15264
  114      64     47801     47737   104.671     112.5    0.463925    0.152543
  115      64     48249     48185   104.734       112   0.0216056    0.152452
  116      64     48692     48628   104.786    110.75    0.024204    0.152362
  117      64     49139     49075   104.845    111.75    0.485677    0.152282
  118      64     49586     49522   104.904    111.75     0.16357    0.152313
  119      64     50037     49973    104.97    112.75   0.0463008    0.152245
2026-07-07T22:30:07.791920+0800 min lat: 0.00485313 max lat: 1.53144 avg lat: 0.152153
  sec Cur ops   started  finished  avg MB/s  cur MB/s last lat(s)  avg lat(s)
  120      56     50474     50418   105.022    111.25    0.112379    0.152153
Total time run:       120.136
Total reads made:     50474
Read size:            262144
Object size:          262144
Bandwidth (MB/sec):   105.035
Average IOPS:         420
Stddev IOPS:          72.4332
Max IOPS:             453
Min IOPS:             64
Average Latency(s):   0.152186
Max latency(s):       1.53144
Min latency(s):       0.00485313
[2026-07-07 22:30:08] END: rand read 256K r1
[2026-07-07 22:30:08] ---- rand read 256K round 2 ----
[2026-07-07 22:30:20] Health: HEALTH_OK
[2026-07-07 22:30:21] START: rados bench -p juicefs-data 120 rand -t 64
hints = 1
  sec Cur ops   started  finished  avg MB/s  cur MB/s last lat(s)  avg lat(s)
    0       0         0         0         0         0           -           0
    1      64       505       441   110.224    110.25    0.292172     0.12443
    2      64       953       889   111.103       112   0.0175119    0.131225
    3      64      1403      1339   111.562     112.5   0.0145456    0.133825
    4      64      1854      1790   111.856    112.75   0.0640383    0.136113
    5      64      2292      2228   111.382     109.5   0.0246844     0.13829
    6      64      2742      2678   111.567     112.5    0.393365    0.139283
    7      64      3192      3128   111.698     112.5   0.0239825    0.139474
    8      64      3640      3576   111.733       112    0.482912    0.139079
    9      64      4089      4025   111.788    112.25    0.411834    0.140412
   10      64      4534      4470   111.733    111.25   0.0363634     0.14061
   11      64      4977      4913   111.642    110.75    0.492587    0.140338
   12      64      5424      5360    111.65    111.75   0.0152433    0.141007
   13      64      5876      5812   111.752       113    0.494303    0.140882
   14      64      6325      6261   111.786    112.25   0.0407422    0.141003
   15      64      6772      6708   111.783    111.75   0.0282984    0.141033
   16      64      7218      7154   111.764     111.5   0.0508397    0.141296
   17      64      7662      7598   111.718       111   0.0181788    0.141463
   18      63      8112      8049   111.774    112.75   0.0420207    0.141534
   19      64      8560      8496   111.772    111.75    0.382567    0.141774
2026-07-07T22:30:41.085586+0800 min lat: 0.0065095 max lat: 0.559312 avg lat: 0.141762
  sec Cur ops   started  finished  avg MB/s  cur MB/s last lat(s)  avg lat(s)
   20      64      9010      8946   111.808     112.5     0.44972    0.141762
   21      64      9458      9394   111.816       112   0.0147845    0.141875
   22      64      9900      9836   111.755     110.5   0.0235139    0.141901
   23      64     10347     10283   111.754    111.75    0.549581    0.142077
   24      64     10798     10734   111.795    112.75    0.176613    0.142319
   25      64     11248     11184   111.823     112.5    0.404694    0.142012
   26      64     11695     11631   111.819    111.75    0.010723    0.142076
   27      64     12142     12078   111.816    111.75   0.0312186    0.141907
   28      64     12585     12521   111.777    110.75   0.0167596    0.142034
   29      64     13033     12969   111.784       112   0.0140613    0.142057
   30      64     13482     13418   111.799    112.25   0.0350956    0.142119
   31      64     13930     13866   111.805       112   0.0389559    0.142189
   32      64     14380     14316   111.826     112.5     0.47826    0.142111
   33      64     14823     14759   111.793    110.75   0.0407796    0.142149
   34      64     15267     15203    111.77       111    0.391435    0.142317
   35      64     15719     15655   111.804       113   0.0189588    0.142355
   36      64     16167     16103   111.809       112    0.437995    0.142266
   37      64     16617     16553   111.828     112.5   0.0192954    0.142336
   38      64     17062     16998   111.812    111.25   0.0379386    0.142222
   39      64     17507     17443   111.797    111.25   0.0216189    0.142418
2026-07-07T22:31:01.088567+0800 min lat: 0.0065095 max lat: 0.595842 avg lat: 0.142254
  sec Cur ops   started  finished  avg MB/s  cur MB/s last lat(s)  avg lat(s)
   40      64     17955     17891   111.802       112    0.527099    0.142254
   41      64     18406     18342   111.824    112.75   0.0265248    0.142325
   42      64     18853     18789   111.822    111.75    0.405219    0.142334
   43      64     19304     19240   111.843    112.75    0.426147    0.142361
   44      64     19748     19684   111.824       111   0.0640173    0.142349
   45      64     20192     20128   111.805       111    0.401324    0.142479
   46      64     20642     20578    111.82     112.5   0.0223507    0.142334
   47      64     21091     21027   111.829    112.25   0.0402864    0.142476
   48      64     21541     21477   111.842     112.5   0.0201811     0.14233
   49      64     21988     21924    111.84    111.75    0.419504    0.142489
   50      64     22430     22366   111.813     110.5   0.0333639    0.142407
   51      64     22877     22813   111.811    111.75    0.484228    0.142528
   52      64     23326     23262   111.819    112.25   0.0336265    0.142526
   53      64     23775     23711   111.827    112.25     0.44235    0.142476
   54      64     24225     24161   111.839     112.5    0.480077    0.142547
   55      64     24670     24606   111.828    111.25    0.446374    0.142499
   56      64     25113     25049   111.809    110.75   0.0280034    0.142573
   57      64     25562     25498   111.816    112.25   0.0183891     0.14256
   58      64     26013     25949   111.832    112.75   0.0373607     0.14256
   59      64     26463     26399   111.843     112.5   0.0291758    0.142563
2026-07-07T22:31:21.091725+0800 min lat: 0.0065095 max lat: 0.622405 avg lat: 0.142546
  sec Cur ops   started  finished  avg MB/s  cur MB/s last lat(s)  avg lat(s)
   60      64     26910     26846   111.841    111.75   0.0143626    0.142546
   61      64     27354     27290   111.827       111   0.0524073    0.142477
   62      64     27799     27735   111.817    111.25    0.390676    0.142634
   63      64     28249     28185   111.828     112.5   0.0446662    0.142508
   64      64     28699     28635   111.838     112.5   0.0159086    0.142604
   65      64     29148     29084   111.844    112.25    0.413052    0.142608
   66      64     29597     29533    111.85    112.25   0.0126993    0.142545
   67      64     30040     29976   111.834    110.75   0.0211495    0.142587
   68      64     30486     30422   111.829     111.5   0.0206944    0.142662
   69      64     30936     30872   111.838     112.5   0.0246014    0.142539
   70      63     31385     31322   111.847     112.5   0.0449787    0.142576
   71      64     31833     31769   111.846    111.75    0.015324    0.142591
   72      64     32280     32216   111.844    111.75    0.476186    0.142603
   73      64     32724     32660   111.832       111    0.384525    0.142666
   74      64     33173     33109   111.838    112.25      0.4281    0.142635
   75      64     33623     33559   111.846     112.5    0.027181    0.142625
   76      64     34069     34005   111.841     111.5   0.0145309    0.142645
   77      64     34519     34455    111.85     112.5     0.51808     0.14258
   78      64     34962     34898   111.835    110.75    0.473086    0.142612
   79      64     35408     35344   111.831     111.5   0.0135148    0.142669
2026-07-07T22:31:41.094718+0800 min lat: 0.0065095 max lat: 0.622405 avg lat: 0.142636
  sec Cur ops   started  finished  avg MB/s  cur MB/s last lat(s)  avg lat(s)
   80      64     35860     35796   111.845       113    0.452921    0.142636
   81      64     36309     36245    111.85    112.25   0.0316802    0.142677
   82      64     36758     36694   111.855    112.25   0.0569324    0.142649
   83      64     37206     37142   111.856       112   0.0151082     0.14265
   84      64     37647     37583   111.837    110.25    0.503504    0.142658
   85      64     38095     38031   111.839       112    0.467877    0.142677
   86      64     38546     38482   111.849    112.75    0.441739    0.142669
   87      64     38994     38930   111.851       112    0.382883    0.142707
   88      64     39444     39380   111.858     112.5    0.486455    0.142657
   89      64     39887     39823   111.845    110.75    0.421157    0.142711
   90      64     40332     40268   111.838    111.25   0.0172493    0.142721
   91      64     40782     40718   111.845     112.5   0.0239734    0.142681
   92      64     41230     41166   111.847       112     0.50126    0.142668
   93      64     41679     41615   111.851    112.25   0.0187218    0.142618
   94      64     42129     42065   111.858     112.5   0.0378164    0.142645
   95      64     42572     42508   111.846    110.75    0.474236    0.142706
   96      64     43018     42954   111.842     111.5    0.415175    0.142728
   97      64     43469     43405   111.851    112.75    0.013395    0.142718
   98      64     43918     43854   111.855    112.25     0.02174    0.142686
   99      63     44367     44304   111.862     112.5   0.0195187    0.142729
2026-07-07T22:32:01.097786+0800 min lat: 0.00622421 max lat: 0.622405 avg lat: 0.142726
  sec Cur ops   started  finished  avg MB/s  cur MB/s last lat(s)  avg lat(s)
  100      64     44817     44753   111.865    112.25     0.37661    0.142726
  101      64     45261     45197   111.857       111    0.433311    0.142715
  102      64     45706     45642    111.85    111.25    0.045905    0.142715
  103      64     46156     46092   111.857     112.5   0.0151587     0.14272
  104      64     46603     46539   111.855    111.75   0.0168679    0.142731
  105      64     47052     46988   111.859    112.25   0.0124324      0.1427
  106      64     47496     47432   111.851       111     0.44592    0.142733
  107      64     47941     47877   111.845    111.25   0.0151678    0.142733
  108      64     48390     48326   111.849    112.25   0.0198025    0.142728
  109      64     48842     48778   111.859       113    0.391473    0.142754
  110      64     49288     49224   111.856     111.5   0.0243167    0.142725
  111      64     49734     49670   111.852     111.5   0.0204475    0.142731
  112      64     50178     50114   111.844       111   0.0182107    0.142722
  113      64     50624     50560   111.841     111.5    0.508953    0.142737
  114      64     51074     51010   111.847     112.5   0.0168812    0.142729
  115      64     51522     51458   111.848       112    0.461198    0.142737
  116      64     51970     51906   111.849       112   0.0118072    0.142741
  117      64     52418     52354    111.85       112   0.0410967    0.142725
  118      64     52860     52796   111.839     110.5    0.015311    0.142783
  119      64     53308     53244    111.84       112    0.407174    0.142773
2026-07-07T22:32:21.100915+0800 min lat: 0.00622421 max lat: 0.622405 avg lat: 0.142752
  sec Cur ops   started  finished  avg MB/s  cur MB/s last lat(s)  avg lat(s)
  120      54     53748     53694   111.845     112.5   0.0399191    0.142752
Total time run:       120.137
Total reads made:     53748
Read size:            262144
Object size:          262144
Bandwidth (MB/sec):   111.848
Average IOPS:         447
Stddev IOPS:          2.86928
Max IOPS:             452
Min IOPS:             438
Average Latency(s):   0.142913
Max latency(s):       0.622405
Min latency(s):       0.00622421
[2026-07-07 22:32:22] END: rand read 256K r2
[2026-07-07 22:32:22] ---- rand read 256K round 3 ----
[2026-07-07 22:32:33] Health: HEALTH_OK
[2026-07-07 22:32:34] START: rados bench -p juicefs-data 120 rand -t 64
hints = 1
  sec Cur ops   started  finished  avg MB/s  cur MB/s last lat(s)  avg lat(s)
    0       0         0         0         0         0           -           0
    1      64       504       440   109.975       110   0.0578945     0.12491
    2      64       945       881   110.105    110.25   0.0175315     0.13038
    3      64      1394      1330   110.816    112.25   0.0270381    0.134086
    4      64      1843      1779    111.17    112.25    0.406911    0.137313
    5      64      2290      2226   111.283    111.75     0.47527    0.138159
    6      64      2740      2676   111.483     112.5   0.0146627      0.1389
    7      64      3183      3119   111.376    110.75   0.0384552    0.139319
    8      64      3631      3567   111.452       112    0.422873    0.140072
    9      64      4079      4015    111.51       112   0.0406965    0.140598
   10      64      4527      4463   111.558       112     0.01479    0.140408
   11      64      4976      4912    111.62    112.25    0.467625    0.140489
   12      64      5424      5360    111.65       112    0.456907    0.140793
   13      64      5868      5804   111.599       111    0.415288    0.141086
   14      64      6316      6252   111.626       112    0.455028    0.141152
   15      64      6766      6702   111.684     112.5   0.0237898    0.141247
   16      64      7215      7151   111.718    112.25    0.025324    0.141267
   17      64      7661      7597   111.704     111.5   0.0375117    0.141462
   18      64      8113      8049   111.775       113    0.446805    0.141575
   19      64      8553      8489   111.681       110    0.493425     0.14167
2026-07-07T22:32:54.339112+0800 min lat: 0.00719638 max lat: 0.563621 avg lat: 0.14169
  sec Cur ops   started  finished  avg MB/s  cur MB/s last lat(s)  avg lat(s)
   20      64      9004      8940   111.734    112.75    0.109345     0.14169
   21      64      9451      9387   111.734    111.75    0.474734    0.141805
   22      64      9905      9841   111.813     113.5   0.0723421     0.14191
   23      63     10349     10286   111.788    111.25    0.493189    0.141809
   24      64     10793     10729   111.744    110.75   0.0223883    0.142019
   25      64     11241     11177   111.754       112     0.43183    0.142059
   26      64     11690     11626   111.772    112.25    0.491315    0.142041
   27      64     12138     12074    111.78       112   0.0135041     0.14202
   28      64     12588     12524   111.805     112.5    0.435141    0.142132
   29      64     13036     12972   111.811       112   0.0128525    0.142169
   30      64     13477     13413   111.758    110.25   0.0252308    0.142044
   31      64     13930     13866   111.806    113.25    0.456718    0.142186
   32      64     14375     14311   111.788    111.25   0.0320986    0.142106
   33      64     14827     14763   111.824       113    0.027054    0.142173
   34      64     15276     15212   111.836    112.25   0.0155276     0.14221
   35      63     15722     15659   111.833    111.75   0.0285667    0.142296
   36      64     16166     16102   111.803    110.75   0.0194283    0.142295
   37      64     16615     16551   111.814    112.25    0.405002    0.142405
   38      64     17063     16999   111.819       112   0.0223842    0.142349
   39      64     17512     17448   111.829    112.25   0.0153867    0.142361
2026-07-07T22:33:14.342236+0800 min lat: 0.00719638 max lat: 0.577651 avg lat: 0.142216
  sec Cur ops   started  finished  avg MB/s  cur MB/s last lat(s)  avg lat(s)
   40      64     17960     17896   111.833       112   0.0248022    0.142216
   41      64     18402     18338     111.8     110.5   0.0558551    0.142453
   42      64     18848     18784   111.793     111.5   0.0407583    0.142375
   43      64     19298     19234   111.809     112.5   0.0122587    0.142414
   44      64     19748     19684   111.824     112.5   0.0141544    0.142434
   45      64     20197     20133   111.833    112.25    0.405041    0.142428
   46      64     20646     20582   111.842    112.25   0.0226014    0.142473
   47      64     21086     21022   111.802       110   0.0150516    0.142513
   48      64     21536     21472   111.817     112.5   0.0281287    0.142516
   49      64     21985     21921   111.825    112.25   0.0227012    0.142413
   50      64     22436     22372   111.843    112.75  0.00981374     0.14251
   51      64     22883     22819   111.841    111.75    0.525242    0.142414
   52      64     23328     23264   111.829    111.25    0.020817    0.142336
   53      64     23776     23712   111.832       112    0.513205    0.142461
   54      64     24225     24161    111.84    112.25   0.0255027     0.14268
   55      64     24672     24608   111.838    111.75   0.0131619    0.142496
   56      64     25121     25057   111.845    112.25    0.018134    0.142437
   57      64     25570     25506   111.852    112.25   0.0157157    0.142461
   58      64     26014     25950   111.837       111   0.0213069    0.142541
   59      64     26460     26396   111.831     111.5   0.0167722    0.142535
2026-07-07T22:33:34.345255+0800 min lat: 0.0068292 max lat: 0.591764 avg lat: 0.142582
  sec Cur ops   started  finished  avg MB/s  cur MB/s last lat(s)  avg lat(s)
   60      64     26910     26846   111.841     112.5   0.0107236    0.142582
   61      64     27361     27297   111.856    112.75    0.497826    0.142513
   62      64     27807     27743    111.85     111.5   0.0329976    0.142525
   63      64     28256     28192   111.856    112.25     0.01751    0.142481
   64      64     28699     28635   111.838    110.75   0.0148294    0.142549
   65      64     29149     29085   111.848     112.5   0.0317628    0.142539
   66      64     29595     29531   111.843     111.5    0.408434    0.142605
   67      64     30045     29981   111.852     112.5   0.0716344    0.142597
   68      64     30494     30430   111.858    112.25    0.411334    0.142603
   69      64     30938     30874   111.845       111   0.0132338    0.142558
   70      64     31385     31321   111.844    111.75    0.474768    0.142604
   71      64     31835     31771   111.853     112.5    0.390728    0.142622
   72      64     32285     32221   111.861     112.5   0.0173278    0.142537
   73      64     32734     32670   111.866    112.25    0.428732    0.142594
   74      64     33181     33117   111.865    111.75   0.0791985    0.142629
   75      64     33624     33560    111.85    110.75    0.391928    0.142654
   76      64     34072     34008   111.851       112    0.378465    0.142666
   77      64     34520     34456   111.853       112   0.0176871    0.142629
   78      64     34971     34907   111.864    112.75   0.0209497    0.142581
   79      64     35418     35354   111.863    111.75    0.022069    0.142649
2026-07-07T22:33:54.348462+0800 min lat: 0.00661222 max lat: 0.591764 avg lat: 0.142594
  sec Cur ops   started  finished  avg MB/s  cur MB/s last lat(s)  avg lat(s)
   80      64     35866     35802   111.864       112   0.0130497    0.142594
   81      64     36309     36245    111.85    110.75    0.396875    0.142691
   82      64     36760     36696   111.861    112.75    0.419135    0.142649
   83      64     37208     37144   111.862       112   0.0135665     0.14262
   84      64     37654     37590   111.858     111.5    0.391491    0.142674
   85      64     38102     38038   111.859       112   0.0161377    0.142703
   86      64     38549     38485   111.858    111.75   0.0337458    0.142645
   87      64     38992     38928   111.845    110.75   0.0685111    0.142679
   88      64     39444     39380   111.858       113    0.390076    0.142702
   89      64     39892     39828   111.859       112    0.115682    0.142685
   90      63     40339     40276   111.861       112    0.374379    0.142707
   91      64     40787     40723   111.859    111.75     0.02482    0.142666
   92      64     41230     41166   111.847    110.75   0.0230554    0.142716
   93      64     41681     41617   111.856    112.75   0.0936097    0.142719
   94      64     42128     42064   111.855    111.75    0.398806    0.142711
   95      64     42579     42515   111.864    112.75    0.466111    0.142676
   96      64     43028     42964   111.868    112.25    0.445061    0.142677
   97      64     43476     43412   111.869       112    0.426287    0.142707
   98      64     43914     43850   111.845     109.5    0.363466    0.142765
   99      63     44363     44300   111.852     112.5   0.0162407    0.142713
2026-07-07T22:34:14.351559+0800 min lat: 0.00661222 max lat: 0.591764 avg lat: 0.142694
  sec Cur ops   started  finished  avg MB/s  cur MB/s last lat(s)  avg lat(s)
  100      64     44814     44750   111.858     112.5   0.0433999    0.142694
  101      64     45264     45200   111.864     112.5    0.469419     0.14273
  102      64     45712     45648   111.865       112   0.0138237    0.142764
  103      64     46155     46091   111.854    110.75   0.0465747    0.142726
  104      64     46601     46537   111.851     111.5   0.0260011    0.142656
  105      64     47050     46986   111.854    112.25   0.0230579    0.142726
  106      64     47500     47436    111.86     112.5   0.0112477    0.142712
  107      64     47948     47884   111.861       112   0.0777909    0.142732
  108      64     48394     48330   111.858     111.5   0.0207151    0.142727
  109      64     48835     48771   111.843    110.25   0.0168297    0.142737
  110      64     49285     49221   111.849     112.5   0.0527044    0.142754
  111      64     49731     49667   111.845     111.5   0.0165198    0.142741
  112      64     50180     50116   111.849    112.25    0.472825    0.142756
  113      64     50626     50562   111.846     111.5   0.0267276     0.14275
  114      64     51074     51010   111.847       112   0.0185348    0.142754
  115      64     51519     51455   111.841    111.25   0.0254618    0.142778
  116      64     51967     51903   111.843       112   0.0186682    0.142754
  117      64     52417     52353   111.848     112.5    0.451308    0.142763
  118      64     52866     52802   111.851    112.25   0.0375782    0.142772
  119      64     53315     53251   111.855    112.25   0.0306052    0.142741
2026-07-07T22:34:34.354721+0800 min lat: 0.00658689 max lat: 0.591764 avg lat: 0.142741
  sec Cur ops   started  finished  avg MB/s  cur MB/s last lat(s)  avg lat(s)
  120      57     53750     53693   111.843     110.5    0.512328    0.142741
Total time run:       120.142
Total reads made:     53750
Read size:            262144
Object size:          262144
Bandwidth (MB/sec):   111.846
Average IOPS:         447
Stddev IOPS:          3.03425
Max IOPS:             454
Min IOPS:             438
Average Latency(s):   0.142916
Max latency(s):       0.591764
Min latency(s):       0.00658689
[2026-07-07 22:34:35] END: rand read 256K r3
[2026-07-07 22:34:51] Health: HEALTH_OK
[2026-07-07 22:34:51] Block size 256K done.
[2026-07-07 22:34:51] ========== BLOCK SIZE: 1M ==========
[2026-07-07 22:34:51] ---- write 1M round 1 ----
[2026-07-07 22:35:03] Health: HEALTH_OK
[2026-07-07 22:35:03] START: rados bench -p juicefs-data 120 write -b 1M -t 64 --no-cleanup
hints = 1
Maintaining 64 concurrent writes of 1048576 bytes to objects of size 1048576 for up to 120 seconds or 0 objects
Object prefix: benchmark_data_tikv-node_445173
  sec Cur ops   started  finished  avg MB/s  cur MB/s last lat(s)  avg lat(s)
    0       0         0         0         0         0           -           0
    1      64       167       103   102.985       103    0.495392    0.425535
    2      64       276       212   105.986       109    0.873765     0.48364
    3      64       385       321   106.985       109    0.906315    0.519895
    4      64       493       429   107.235       108    0.422678    0.510458
    5      64       598       534   106.785       105    0.108052    0.500705
    6      64       707       643   107.151       109     2.07255    0.519648
    7      64       814       750   107.128       107     1.68769    0.529499
    8      64       920       856   106.985       106   0.0784937    0.541299
    9      64      1026       962   106.874       106    0.144313    0.545544
   10      64      1134      1070   106.985       108    0.243488    0.552355
   11      64      1239      1175   106.803       105     1.71576    0.558216
   12      64      1255      1191   99.2356        16     2.04539    0.569136
   13      64      1300      1236    95.063        45     2.44348    0.621554
   14      64      1368      1304   93.1292        68     0.94416    0.657601
   15      64      1432      1368   91.1866        64    0.958495    0.682377
   16      64      1469      1405   87.7995        37     1.54536    0.696656
   17      64      1525      1461   85.9284        56     1.00577    0.718322
   18      64      1578      1514   84.0986        53     1.26917     0.73134
   19      64      1624      1560    82.093        46     1.32737    0.745156
2026-07-07T22:35:23.677757+0800 min lat: 0.0377065 max lat: 2.82268 avg lat: 0.763358
  sec Cur ops   started  finished  avg MB/s  cur MB/s last lat(s)  avg lat(s)
   20      64      1677      1613    80.638        53     1.02316    0.763358
   21      64      1741      1677   79.8451        64    0.935112    0.778932
   22      64      1809      1745   79.3063        68    0.725321    0.792095
   23      64      1846      1782   77.4667        37    0.953369      0.8011
   24      64      1900      1836   76.4885        54     1.15938    0.814761
   25      64      1963      1899   75.9486        63     1.23044    0.825827
   26      64      1998      1934   74.3735        35     1.19203    0.833134
   27      64      2051      1987   73.5815        53      1.0739    0.846985
   28      64      2122      2058   73.4889        71    0.860347    0.858248
   29      64      2169      2105   72.5753        47     1.03654    0.864145
   30      64      2218      2154   71.7892        49    0.956796    0.871345
   31      64      2258      2194   70.7636        40     1.40067      0.8784
   32      64      2326      2262   70.6769        68    0.737266     0.88972
   33      64      2375      2311   70.0198        49    0.817202    0.897553
   34      64      2425      2361   69.4308        50     1.15995    0.901919
   35      64      2478      2414   68.9611        53    0.956594    0.908023
   36      64      2542      2478    68.823        64    0.873389    0.912847
   37      64      2581      2517   68.0168        39     1.06011    0.919995
   38      64      2638      2574   67.7267        57     1.04638    0.928703
   39      64      2687      2623   67.2463        49     0.93833    0.934013
2026-07-07T22:35:43.680759+0800 min lat: 0.0377065 max lat: 3.62614 avg lat: 0.93635
  sec Cur ops   started  finished  avg MB/s  cur MB/s last lat(s)  avg lat(s)
   40      64      2746      2682     67.04        59      0.5915     0.93635
   41      64      2790      2726   66.4778        44     1.42306    0.941179
   42      64      2860      2796   66.5614        70    0.707587    0.950754
   43      64      2904      2840   66.0366        44     1.12161    0.952866
   44      64      2960      2896   65.8083        56     1.08862    0.958146
   45      64      3021      2957   65.7012        61    0.633305    0.965652
   46      64      3075      3011   65.4466        54    0.667063    0.968307
   47      64      3132      3068   65.2667        57    0.655978    0.970378
   48      64      3171      3107   64.7194        39     1.03083    0.975697
   49      64      3227      3163   64.5413        56     1.84397    0.981282
   50      64      3282      3218   64.3503        55     1.28618    0.984479
   51      64      3335      3271   64.1276        53     1.00757    0.987032
   52      64      3389      3325   63.9326        54      1.1452    0.990597
   53      64      3439      3375   63.6696        50    0.565037    0.991405
   54      64      3493      3429   63.4904        54     1.44144    0.994309
   55      64      3551      3487   63.3904        58     1.19485    0.998197
   56      64      3598      3534   63.0976        47     1.17766     1.00044
   57      64      3656      3592    63.008        58    0.845668     1.00485
   58      64      3708      3644   62.8181        52     1.12199     1.00764
   59      64      3753      3689    62.516        45     1.21141     1.01037
2026-07-07T22:36:03.683799+0800 min lat: 0.0377065 max lat: 3.62614 avg lat: 1.01548
  sec Cur ops   started  finished  avg MB/s  cur MB/s last lat(s)  avg lat(s)
   60      64      3814      3750   62.4906        61     1.33791     1.01548
   61      64      3868      3804   62.3513        54      1.0411     1.01636
   62      64      3918      3854   62.1519        50     1.01406     1.01813
   63      64      3973      3909   62.0383        55      1.0015     1.02261
   64      64      4021      3957   61.8188        48    0.941661      1.0244
   65      64      4080      4016   61.7753        59     1.13218      1.0254
   66      64      4135      4071   61.6725        55     1.50905      1.0288
   67      64      4190      4126   61.5728        55    0.986504     1.03232
   68      64      4241      4177   61.4172        51     1.03128     1.03349
   69      64      4290      4226   61.2372        49      1.3037     1.03482
   70      64      4351      4287   61.2336        61    0.747651     1.03631
   71      64      4406      4342   61.1457        55     1.02151     1.03818
   72      64      4463      4399    61.088        57    0.917038     1.03876
   73      64      4522      4458   61.0593        59     0.88191     1.04128
   74      64      4574      4510   60.9368        52      1.1617     1.04283
   75      64      4628      4564   60.8441        54    0.878323     1.04536
   76      64      4679      4615   60.7145        51     1.07192     1.04578
   77      64      4724      4660   60.5103        45     1.15383     1.04716
   78      64      4791      4727   60.5934        67    0.801195     1.04974
   79      64      4842      4778   60.4719        51    0.976671     1.05006
2026-07-07T22:36:23.686819+0800 min lat: 0.0377065 max lat: 3.62614 avg lat: 1.05266
  sec Cur ops   started  finished  avg MB/s  cur MB/s last lat(s)  avg lat(s)
   80      64      4895      4831   60.3784        53    0.988473     1.05266
   81      64      4944      4880   60.2378        49     1.74268       1.054
   82      64      5000      4936    60.186        56     1.40759     1.05691
   83      64      5038      4974   59.9187        38     1.41473     1.05872
   84      64      5092      5028   59.8481        54     1.20251     1.06075
   85      64      5144      5080   59.7557        52    0.987478     1.06346
   86      64      5201      5137   59.7236        57     0.97114     1.06507
   87      64      5248      5184   59.5773        47     1.90082     1.06567
   88      64      5314      5250   59.6501        66    0.872678     1.06717
   89      64      5355      5291   59.4405        41     1.02019     1.06826
   90      64      5407      5343   59.3578        52    0.941349     1.06944
   91      64      5457      5393   59.2549        50     1.02156     1.06957
   92      64      5513      5449   59.2194        56    0.996654     1.07197
   93      64      5569      5505   59.1847        56     1.11323     1.07291
   94      64      5616      5552    59.055        47    0.978351     1.07352
   95      64      5673      5609   59.0333        57    0.916893     1.07584
   96      64      5729      5665   59.0016        56     1.01141      1.0773
   97      64      5786      5722   58.9808        57     1.22865     1.07803
   98      64      5825      5761   58.7769        39     1.35123     1.07916
   99      64      5892      5828   58.8599        67    0.835828       1.081
2026-07-07T22:36:43.689763+0800 min lat: 0.0377065 max lat: 3.62614 avg lat: 1.08246
  sec Cur ops   started  finished  avg MB/s  cur MB/s last lat(s)  avg lat(s)
  100      64      5948      5884   58.8312        56     1.60429     1.08246
  101      64      5991      5927   58.6744        43    0.832291     1.08287
  102      64      6058      5994   58.7559        67    0.768579     1.08235
  103      64      6104      6040    58.632        46     1.06864     1.08383
  104      64      6166      6102   58.6643        62    0.936089     1.08514
  105      64      6220      6156   58.6198        54     1.65399     1.08471
  106      64      6274      6210   58.5761        54     1.01752      1.0863
  107      64      6323      6259   58.4865        49      1.0019      1.0873
  108      64      6378      6314   58.4542        55    0.924083     1.08787
  109      64      6429      6365   58.3857        51     1.04841     1.08861
  110      64      6488      6424   58.3913        59     1.32661     1.09044
  111      64      6543      6479   58.3606        55    0.976024     1.09047
  112      64      6591      6527   58.2681        48     1.01214     1.09148
  113      64      6665      6601   58.4072        74     1.15587     1.09273
  114      64      6700      6636   58.2018        35     1.05933      1.0935
  115      64      6753      6689   58.1565        53     1.06797      1.0955
  116      64      6785      6721    57.931        32      1.3721     1.09604
  117      64      6856      6792   58.0426        71    0.705584      1.0964
  118      64      6906      6842   57.9744        50     1.78508     1.09732
  119      64      6957      6893   57.9157        51    0.946546     1.09736
2026-07-07T22:37:03.692766+0800 min lat: 0.0377065 max lat: 3.63068 avg lat: 1.09821
  sec Cur ops   started  finished  avg MB/s  cur MB/s last lat(s)  avg lat(s)
  120      64      7003      6939   57.8163        46     1.06051     1.09821
Total time run:         120.449
Total writes made:      7003
Write size:             1048576
Object size:            1048576
Bandwidth (MB/sec):     58.141
Stddev Bandwidth:       17.895
Max bandwidth (MB/sec): 109
Min bandwidth (MB/sec): 16
Average IOPS:           58
Stddev IOPS:            17.895
Max IOPS:               109
Min IOPS:               16
Average Latency(s):     1.09917
Stddev Latency(s):      0.473176
Max latency(s):         3.96249
Min latency(s):         0.0377065
[2026-07-07 22:37:04] END: write 1M r1
[2026-07-07 22:37:17] ---- write 1M round 2 ----
[2026-07-07 22:37:29] Health: HEALTH_OK
[2026-07-07 22:37:30] START: rados bench -p juicefs-data 120 write -b 1M -t 64 --no-cleanup
hints = 1
Maintaining 64 concurrent writes of 1048576 bytes to objects of size 1048576 for up to 120 seconds or 0 objects
Object prefix: benchmark_data_tikv-node_458142
  sec Cur ops   started  finished  avg MB/s  cur MB/s last lat(s)  avg lat(s)
    0       0         0         0         0         0           -           0
    1      64       167       103   102.992       103     0.14454    0.406004
    2      64       277       213    106.49       110    0.991427    0.490973
    3      64       383       319   106.322       106    0.331866    0.505597
    4      64       491       427   106.739       108    0.572457    0.519502
    5      64       600       536   107.189       109    0.479308    0.527016
    6      64       705       641   106.822       105   0.0674376    0.514926
    7      64       810       746    106.56       105   0.0826272    0.519041
    8      64       917       853   106.614       107   0.0666298    0.532715
    9      64      1014       950   105.544        97      2.1518    0.544308
   10      64      1051       987    98.689        37     1.17273     0.60096
   11      64      1098      1034   93.9892        47     1.12771    0.647407
   12      64      1150      1086   90.4894        52      1.3125    0.675341
   13      64      1203      1139   87.6048        53    0.806422     0.69901
   14      64      1244      1180   84.2753        41    0.989872    0.719168
   15      64      1301      1237   82.4564        57    0.863671    0.738546
   16      64      1369      1305   81.5523        68    0.894665    0.760612
   17      64      1406      1342   78.9312        37     1.02445    0.772774
   18      64      1462      1398   77.6567        56     2.18065      0.7934
   19      64      1513      1449   76.2535        51     1.09339    0.806808
2026-07-07T22:37:50.629055+0800 min lat: 0.0337652 max lat: 3.02552 avg lat: 0.8222
  sec Cur ops   started  finished  avg MB/s  cur MB/s last lat(s)  avg lat(s)
   20      64      1568      1504   75.1904        55     1.11266      0.8222
   21      64      1623      1559   74.2285        55     1.50677    0.833527
   22      64      1675      1611   73.2177        52     1.26351    0.847059
   23      64      1722      1658   72.0774        47    0.993641     0.85633
   24      64      1776      1712   71.3239        54     1.10169    0.869178
   25      64      1842      1778   71.1106        66    0.913103    0.883467
   26      64      1891      1827   70.2599        49    0.921973    0.891211
   27      64      1949      1885   69.8055        58     1.00854    0.898785
   28      64      1998      1934   69.0622        49     1.37414    0.905879
   29      64      2055      1991    68.646        57     1.06616    0.917623
   30      64      2095      2031   67.6909        40    0.813484    0.920907
   31      64      2150      2086   67.2813        55     0.98598    0.927857
   32      64      2226      2162   67.5534        76    0.788195    0.935363
   33      64      2264      2200   66.6576        38     1.05343    0.940375
   34      64      2313      2249   66.1381        49     1.00683    0.948365
   35      64      2367      2303   65.7912        54     1.08816    0.955086
   36      64      2426      2362   65.6023        59     1.02698    0.963156
   37      64      2479      2415   65.2615        53    0.911813    0.966049
   38      64      2533      2469   64.9649        54     1.16058     0.97017
   39      64      2586      2522   64.6579        53    0.804607    0.974834
2026-07-07T22:38:10.631951+0800 min lat: 0.0337652 max lat: 3.02552 avg lat: 0.980718
  sec Cur ops   started  finished  avg MB/s  cur MB/s last lat(s)  avg lat(s)
   40      64      2648      2584   64.5912        62     1.15661    0.980718
   41      64      2698      2634   64.2351        50    0.956719    0.983121
   42      64      2738      2674   63.6579        40    0.961558    0.984896
   43      64      2794      2730   63.4796        56     1.30131    0.991001
   44      64      2844      2780   63.1731        50    0.966765    0.994996
   45      64      2902      2838   63.0579        58    0.950315    0.999128
   46      64      2945      2881   62.6218        43     1.21163      1.0019
   47      64      3004      2940   62.5445        59    0.950239     1.00732
   48      64      3078      3014   62.7829        74    0.894501     1.00977
   49      64      3112      3048   62.1954        34     1.01713      1.0115
   50      64      3170      3106   62.1114        58     1.27185     1.01791
   51      64      3216      3152   61.7954        46     1.41572     1.02168
   52      64      3278      3214   61.7991        62    0.825282     1.02286
   53      64      3335      3271   61.7084        57     1.62242     1.02668
   54      64      3391      3327   61.6025        56    0.966627     1.03163
   55      64      3448      3384   61.5187        57    0.948509     1.03176
   56      64      3494      3430   61.2415        46     1.02211      1.0341
   57      64      3543      3479   61.0266        49     1.02809     1.03498
   58      64      3601      3537   60.9743        58    0.946345     1.03847
   59      64      3656      3592   60.8729        55     1.07344     1.04057
2026-07-07T22:38:30.634810+0800 min lat: 0.0337652 max lat: 3.24824 avg lat: 1.04194
  sec Cur ops   started  finished  avg MB/s  cur MB/s last lat(s)  avg lat(s)
   60      64      3726      3662   61.0249        70    0.771321     1.04194
   61      64      3763      3699   60.6309        37    0.977914     1.04429
   62      64      3814      3750   60.4754        51    0.973474     1.04656
   63      64      3857      3793    60.198        43     1.09937     1.04906
   64      64      3921      3857   60.2572        64     1.25547     1.05276
   65      64      3975      3911   60.1609        54     1.01223     1.05449
   66      64      4029      3965   60.0674        54    0.897937     1.05529
   67      64      4059      3995   59.6186        30     1.19753     1.05677
   68      64      4119      4055   59.6241        60      1.1083     1.06145
   69      64      4170      4106    59.499        51    0.951147     1.06478
   70      64      4223      4159    59.406        53     1.49741     1.06722
   71      64      4267      4203   59.1889        44    0.976847     1.07009
   72      64      4329      4265   59.2278        62     0.80438     1.07338
   73      64      4380      4316    59.115        51     1.21363     1.07399
   74      64      4432      4368   59.0188        52     1.08525     1.07551
   75      64      4489      4425   58.9918        57    0.949915     1.07749
   76      64      4541      4477   58.8997        52      1.0735     1.07762
   77      64      4587      4523   58.7321        46    0.927694     1.07787
   78      64      4626      4562    58.479        39     1.37563     1.08139
   79      64      4684      4620   58.4728        58     1.19087     1.08484
2026-07-07T22:38:50.637723+0800 min lat: 0.0337652 max lat: 3.67037 avg lat: 1.08579
  sec Cur ops   started  finished  avg MB/s  cur MB/s last lat(s)  avg lat(s)
   80      64      4733      4669   58.3543        49    0.928512     1.08579
   81      64      4779      4715   58.2017        46     1.27695     1.08778
   82      64      4837      4773   58.1991        58     1.00715     1.09259
   83      64      4887      4823   58.1003        50     1.00373     1.09459
   84      64      4942      4878   58.0632        55    0.965846     1.09552
   85      64      4979      4915   57.8154        37     1.33941     1.09911
   86      64      5021      4957   57.6314        42      1.9404     1.10215
   87      64      5075      5011   57.5896        54     1.10515     1.10401
   88      64      5131      5067   57.5714        56      1.0119     1.10512
   89      64      5161      5097   57.2616        30     1.25921     1.10748
   90      64      5211      5147   57.1808        50     1.02862     1.11078
   91      64      5266      5202   57.1568        55     1.40074     1.11219
   92      64      5303      5239   56.9377        37      0.7922     1.11287
   93      64      5374      5310   57.0888        71    0.791649     1.11548
   94      64      5416      5352   56.9282        42     1.52288     1.11631
   95      64      5480      5416   57.0025        64    0.959289     1.11777
   96      64      5535      5471   56.9816        55    0.974561     1.11697
   97      64      5590      5526   56.9611        55     1.03888     1.11734
   98      64      5644      5580   56.9308        54     1.31992     1.11794
   99      64      5697      5633    56.891        53    0.913555     1.11882
2026-07-07T22:39:10.640525+0800 min lat: 0.0337652 max lat: 3.67037 avg lat: 1.11878
  sec Cur ops   started  finished  avg MB/s  cur MB/s last lat(s)  avg lat(s)
  100      64      5764      5700    56.992        67     1.34512     1.11878
  101      64      5798      5734   56.7643        34     1.05269     1.11903
  102      64      5867      5803   56.8842        69    0.774995     1.12017
  103      64      5914      5850   56.7881        47    0.943872     1.12068
  104      64      5959      5895   56.6747        45     1.05515       1.122
  105      64      6013      5949   56.6492        54    0.973424     1.12285
  106      64      6057      5993   56.5298        44    0.954284     1.12317
  107      64      6126      6062   56.6462        69    0.947276      1.1241
  108      64      6171      6107   56.5383        45     1.53956     1.12493
  109      64      6234      6170   56.5975        63     1.12998     1.12539
  110      64      6281      6217   56.5102        47     1.39157     1.12575
  111      64      6322      6258   56.3704        41     1.05109     1.12637
  112      64      6377      6313   56.3581        55    0.800323     1.12756
  113      64      6438      6374   56.3991        61    0.909601     1.12776
  114      64      6494      6430   56.3955        56     1.23442     1.12846
  115      64      6550      6486    56.392        56      1.1202     1.12989
  116      64      6601      6537   56.3455        51     1.01376     1.12939
  117      64      6635      6571   56.1545        34     1.14583     1.13045
  118      64      6711      6647   56.3226        76    0.866481     1.13181
  119      64      6750      6686    56.177        39     1.14201     1.13183
2026-07-07T22:39:30.643403+0800 min lat: 0.0337652 max lat: 3.67037 avg lat: 1.13241
  sec Cur ops   started  finished  avg MB/s  cur MB/s last lat(s)  avg lat(s)
  120      64      6812      6748   56.2254        62      1.3758     1.13241
Total time run:         120.722
Total writes made:      6812
Write size:             1048576
Object size:            1048576
Bandwidth (MB/sec):     56.4272
Stddev Bandwidth:       16.9015
Max bandwidth (MB/sec): 110
Min bandwidth (MB/sec): 30
Average IOPS:           56
Stddev IOPS:            16.9015
Max IOPS:               110
Min IOPS:               30
Average Latency(s):     1.13301
Stddev Latency(s):      0.4491
Max latency(s):         3.67037
Min latency(s):         0.0337652
[2026-07-07 22:39:31] END: write 1M r2
[2026-07-07 22:39:45] ---- write 1M round 3 ----
[2026-07-07 22:39:57] Health: HEALTH_OK
[2026-07-07 22:39:57] START: rados bench -p juicefs-data 120 write -b 1M -t 64 --no-cleanup
hints = 1
Maintaining 64 concurrent writes of 1048576 bytes to objects of size 1048576 for up to 120 seconds or 0 objects
Object prefix: benchmark_data_tikv-node_471089
  sec Cur ops   started  finished  avg MB/s  cur MB/s last lat(s)  avg lat(s)
    0       0         0         0         0         0           -           0
    1      64       167       103   102.982       103    0.612049     0.36725
    2      64       275       211   105.484       108    0.046097    0.451809
    3      64       383       319   106.318       108    0.152633    0.498184
    4      64       493       429   107.235       110    0.103122     0.51983
    5      64       601       537   107.386       108    0.151041    0.541271
    6      64       710       646   107.653       109    0.174675    0.551571
    7      64       819       755   107.844       109     1.28398    0.550282
    8      64       869       805   100.612        50     1.70815    0.554153
    9      64       905       841   93.4323        36       1.578    0.599701
   10      64       973       909   90.8881        68    0.826631      0.6636
   11      64      1016       952   86.5339        43     0.90463    0.683236
   12      64      1067      1003   83.5724        51     1.74307     0.72657
   13      64      1120      1056   81.2204        53     1.29166    0.753703
   14      64      1159      1095   78.2042        39    0.773644    0.765648
   15      64      1204      1140   75.9902        45     1.37355    0.789841
   16      64      1257      1193    74.553        53     1.11542     0.81958
   17      64      1328      1264   74.3434        71    0.862353    0.840346
   18      64      1361      1297   72.0464        33     1.49268    0.848973
   19      64      1416      1352   71.1489        55     1.08932       0.871
2026-07-07T22:40:17.494893+0800 min lat: 0.0375193 max lat: 2.79014 avg lat: 0.888085
  sec Cur ops   started  finished  avg MB/s  cur MB/s last lat(s)  avg lat(s)
   20      64      1475      1411   70.5411        59     1.37521    0.888085
   21      64      1508      1444   68.7531        33      1.9356    0.893474
   22      64      1558      1494   67.9004        50     1.66843    0.911273
   23      64      1612      1548   67.2956        54     1.05263    0.926946
   24      64      1667      1603    66.783        55     1.17081    0.937805
   25      64      1701      1637   65.4716        34     1.29068    0.945114
   26      64      1757      1693    65.107        56     1.04984     0.96528
   27      64      1797      1733   64.1769        40     1.44124    0.969904
   28      64      1843      1779   63.5275        46     1.07548    0.979173
   29      64      1890      1826   62.9573        47     1.44531    0.993072
   30      64      1941      1877   62.5585        51     1.28551     1.00237
   31      64      1997      1933   62.3467        56    0.898427     1.00511
   32      64      2033      1969   61.5232        36      1.4208     1.01383
   33      64      2074      2010   60.9011        41     1.05955      1.0242
   34      64      2130      2066   60.7568        56     1.31533     1.03197
   35      64      2181      2117   60.4779        51    0.939188     1.03271
   36      64      2220      2156   59.8811        39     1.53364     1.04238
   37      64      2267      2203   59.5328        47     1.04341     1.04914
   38      64      2319      2255   59.3344        52      2.5565     1.05646
   39      64      2358      2294   58.8128        39     1.41762     1.05936
2026-07-07T22:40:37.497578+0800 min lat: 0.0375193 max lat: 3.23897 avg lat: 1.07271
  sec Cur ops   started  finished  avg MB/s  cur MB/s last lat(s)  avg lat(s)
   40      64      2424      2360   58.9923        66    0.916974     1.07271
   41      64      2464      2400   58.5289        40     0.79415     1.07432
   42      64      2520      2456   58.4685        56     1.13328     1.07967
   43      64      2539      2475   57.5506        19     2.04188     1.08496
   44      64      2587      2523   57.3333        48     1.86072      1.0948
   45      64      2659      2595    57.659        72    0.831339     1.09825
   46      64      2691      2627   57.1011        32     1.01736     1.09933
   47      64      2737      2673   56.8648        46     1.47876      1.1065
   48      64      2799      2735   56.9717        62    0.983857     1.10945
   49      64      2838      2774   56.6048        39    0.999848     1.10991
   50      64      2880      2816   56.3126        42     1.64573     1.11801
   51      64      2937      2873   56.3259        57     1.31588     1.12493
   52      64      2985      2921   56.1657        48     1.22702     1.12579
   53      64      3017      2953   55.7097        32     1.49793     1.12553
   54      64      3070      3006   55.6594        53     1.49709      1.1351
   55      64      3124      3060   55.6291        54     1.37986       1.138
   56      64      3169      3105   55.4392        45     1.16451     1.13893
   57      64      3211      3147   55.2033        42     1.48539     1.14398
   58      64      3262      3198   55.1308        51     1.03976     1.14968
   59      64      3308      3244   54.9759        46     1.32708     1.15091
2026-07-07T22:40:57.500210+0800 min lat: 0.0375193 max lat: 3.23897 avg lat: 1.15374
  sec Cur ops   started  finished  avg MB/s  cur MB/s last lat(s)  avg lat(s)
   60      64      3344      3280   54.6595        36     1.42384     1.15374
   61      64      3390      3326   54.5174        46     1.22293     1.15861
   62      64      3441      3377   54.4606        51     1.13033     1.16176
   63      64      3499      3435   54.5167        58     1.29835     1.16259
   64      64      3525      3461    54.071        26     1.39084      1.1652
   65      64      3581      3517   54.1006        56    0.889751     1.17021
   66      64      3625      3561   53.9474        44      1.1431     1.17086
   67      64      3661      3597   53.6795        36     1.24573     1.17188
   68      64      3717      3653   53.7135        56     1.40375     1.17813
   69      64      3770      3706    53.703        53     1.03222     1.17806
   70      64      3827      3763     53.75        57     1.32668     1.17988
   71      64      3857      3793   53.4155        30     2.51394     1.18368
   72      64      3898      3834    53.243        41     1.88989     1.18842
   73      64      3964      3900   53.4176        66     1.25235     1.18955
   74      64      3998      3934   53.1552        34      1.4712     1.18979
   75      64      4031      3967   52.8864        33     1.50736     1.19402
   76      64      4099      4035   53.0851        68     1.41314     1.19701
   77      64      4145      4081    52.993        46    0.664664     1.19568
   78      64      4181      4117   52.7751        36     1.40608     1.19953
   79      64      4239      4175   52.8412        58     1.29913     1.20385
2026-07-07T22:41:17.502901+0800 min lat: 0.0375193 max lat: 3.87094 avg lat: 1.20293
  sec Cur ops   started  finished  avg MB/s  cur MB/s last lat(s)  avg lat(s)
   80      64      4279      4215   52.6806        40     1.00961     1.20293
   81      64      4315      4251   52.4746        36      1.4072     1.20483
   82      64      4373      4309   52.5419        58     1.80704     1.21129
   83      64      4420      4356    52.475        47    0.970086     1.21172
   84      64      4473      4409   52.4812        53     1.36685     1.21107
   85      64      4489      4425    52.052        16     1.14372     1.21234
   86      64      4542      4478    52.063        53     1.13732     1.21696
   87      64      4611      4547   52.2575        69     1.04062     1.21658
   88      64      4641      4577   52.0046        30     1.49204     1.21821
   89      64      4690      4626   51.9707        49     2.12282      1.2222
   90      64      4730      4666   51.8376        40     1.36556     1.22348
   91      64      4795      4731   51.9822        65     1.82361     1.22299
   92      64      4825      4761   51.7432        30      1.6089     1.22528
   93      64      4883      4819   51.8104        58      1.1331     1.22813
   94      64      4932      4868   51.7804        49      0.9728     1.22841
   95      64      4964      4900   51.5721        32     1.26599      1.2288
   96      64      5020      4956   51.6182        56     1.82678     1.23345
   97      64      5078      5014   51.6839        58     1.10649     1.23258
   98      64      5116      5052   51.5442        38     1.11153     1.23245
   99      64      5156      5092   51.4275        40     1.04335     1.23524
2026-07-07T22:41:37.505642+0800 min lat: 0.0375193 max lat: 3.87094 avg lat: 1.23774
  sec Cur ops   started  finished  avg MB/s  cur MB/s last lat(s)  avg lat(s)
  100      64      5204      5140   51.3932        48    0.976689     1.23774
  101      64      5255      5191   51.3892        51     1.08019     1.23752
  102      64      5289      5225   51.2187        34     1.42545      1.2392
  103      64      5338      5274   51.1971        49     1.55249     1.24319
  104      64      5391      5327   51.2143        53     1.03056     1.24399
  105      64      5432      5368    51.117        41    0.803746     1.24389
  106      64      5475      5411   51.0403        43     1.77906     1.24754
  107      64      5532      5468    51.096        57       1.011      1.2482
  108      64      5584      5520   51.1043        52     1.03758     1.24703
  109      64      5599      5535    50.773        15     1.31635     1.24671
  110      64      5649      5585    50.766        50     1.81012     1.25078
  111      64      5704      5640    50.804        55     1.37015     1.25177
  112      64      5758      5694   50.8325        54    0.932808       1.251
  113      64      5792      5728   50.6835        34     1.52579     1.25379
  114      64      5847      5783   50.7213        55     1.02757     1.25593
  115      64      5902      5838   50.7585        55     1.44379     1.25451
  116      64      5935      5871   50.6053        33     1.65825     1.25596
  117      64      5981      5917   50.5659        46     1.04053     1.25867
  118      64      6020      5956   50.4678        39     1.19992     1.25954
  119      64      6071      6007   50.4722        51      1.3533      1.2593
2026-07-07T22:41:57.508376+0800 min lat: 0.0375193 max lat: 3.96221 avg lat: 1.2617
  sec Cur ops   started  finished  avg MB/s  cur MB/s last lat(s)  avg lat(s)
  120      64      6114      6050   50.4099        43     1.68078      1.2617
Total time run:         120.71
Total writes made:      6114
Write size:             1048576
Object size:            1048576
Bandwidth (MB/sec):     50.6505
Stddev Bandwidth:       18.0441
Max bandwidth (MB/sec): 110
Min bandwidth (MB/sec): 15
Average IOPS:           50
Stddev IOPS:            18.0441
Max IOPS:               110
Min IOPS:               15
Average Latency(s):     1.26187
Stddev Latency(s):      0.492655
Max latency(s):         3.96221
Min latency(s):         0.0375193
[2026-07-07 22:41:58] END: write 1M r3
[2026-07-07 22:42:11] ---- prefill for rand read (1M, 120s) ----
[2026-07-07 22:42:23] Health: HEALTH_OK
[2026-07-07 22:44:25] Prefill done. Objects: GiB
[2026-07-07 22:44:25] ---- rand read 1M round 1 ----
[2026-07-07 22:44:36] Health: HEALTH_OK
[2026-07-07 22:44:37] START: rados bench -p juicefs-data 120 rand -t 64
hints = 1
  sec Cur ops   started  finished  avg MB/s  cur MB/s last lat(s)  avg lat(s)
    0       0         0         0         0         0           -           0
    1      64       165       101   100.978       101    0.703114    0.419726
    2      64       276       212   105.981       111    0.235717    0.484236
    3      64       389       325   108.315       113    0.846333    0.522373
    4      64       504       440   109.981       115    0.315865    0.514312
    5      64       611       547   109.382       107    0.315131     0.52596
    6      64       724       660   109.982       113    0.830129    0.550769
    7      64       830       766   109.411       106    0.450657    0.557383
    8      64       941       877   109.608       111    0.650714    0.554746
    9      64      1054       990   109.983       113    0.031612    0.559383
   10      64      1164      1100   109.983       110      1.0371    0.558239
   11      64      1273      1209   109.893       109    0.798174    0.561667
   12      64      1382      1318   109.817       109     0.24884    0.561778
   13      64      1492      1428    109.83       110    0.674948    0.567442
   14      64      1602      1538   109.841       110    0.788982    0.567117
   15      64      1714      1650   109.984       112     1.03661    0.567086
   16      64      1827      1763   110.171       113     1.15374    0.563056
   17      64      1936      1872   110.101       109     1.04449    0.564696
   18      64      2044      1980   109.984       108     1.15753    0.565564
   19      64      2153      2089   109.931       109   0.0427024    0.562585
2026-07-07T22:44:57.316591+0800 min lat: 0.026832 max lat: 1.70005 avg lat: 0.56169
  sec Cur ops   started  finished  avg MB/s  cur MB/s last lat(s)  avg lat(s)
   20      64      2264      2200   109.984       111     1.63673     0.56169
   21      64      2373      2309   109.936       109   0.0578548    0.561223
   22      64      2482      2418   109.893       109    0.204342    0.563978
   23      64      2591      2527   109.853       109   0.0466441    0.560948
   24      64      2701      2637   109.859       110    0.060513     0.56087
   25      64      2813      2749   109.944       112   0.0969911    0.560652
   26      64      2923      2859   109.945       110     1.89495    0.563011
   27      64      3034      2970   109.984       111     1.73591    0.565759
   28      64      3143      3079   109.948       109     1.63326    0.566321
   29      64      3255      3191   110.018       112    0.089087    0.564437
   30      64      3364      3300   109.984       109   0.0992234    0.563062
   31      64      3475      3411   110.016       111   0.0622897    0.566859
   32      64      3582      3518   109.921       107     1.59297    0.567518
   33      64      3690      3626   109.863       108     1.81505    0.568064
   34      64      3801      3737   109.896       111     1.77408    0.568377
   35      64      3909      3845   109.841       108   0.0443132     0.56839
   36      64      4019      3955   109.845       110   0.0548949    0.569413
   37      64      4129      4065   109.849       110   0.0569778    0.567849
   38      64      4242      4178   109.931       113      2.1569    0.567972
   39      64      4350      4286   109.882       108     1.53441    0.571474
2026-07-07T22:45:17.319376+0800 min lat: 0.025612 max lat: 2.20268 avg lat: 0.569663
  sec Cur ops   started  finished  avg MB/s  cur MB/s last lat(s)  avg lat(s)
   40      64      4460      4396   109.884       110    0.067456    0.569663
   41      64      4569      4505   109.862       109   0.0605546    0.568311
   42      64      4678      4614   109.842       109    0.114767    0.570564
   43      64      4790      4726   109.892       112    0.034462    0.571666
   44      64      4899      4835   109.871       109   0.0502347    0.570609
   45      64      5011      4947   109.918       112     2.10108    0.569708
   46      64      5121      5057   109.919       110     2.01472     0.57172
   47      64      5231      5167   109.921       110    0.202504    0.570948
   48      64      5343      5279   109.964       112   0.0492812    0.571097
   49      64      5453      5389   109.964       110    0.180393    0.571316
   50      64      5565      5501   110.005       112     1.73143    0.572753
   51      64      5673      5609   109.965       108   0.0755678    0.572901
   52      64      5783      5719   109.966       110   0.0858846     0.57243
   53      64      5892      5828   109.947       109     1.89542      0.5721
   54      64      6002      5938   109.948       110   0.0848816    0.572548
   55      63      6112      6049   109.967       111   0.0480262    0.572867
   56      64      6223      6159   109.967       110     1.56138    0.574646
   57      64      6333      6269   109.967       110     1.74916    0.573537
   58      64      6441      6377   109.933       108   0.0588382    0.573052
   59      64      6551      6487   109.934       110    0.041866    0.572689
2026-07-07T22:45:37.321875+0800 min lat: 0.0243585 max lat: 2.20268 avg lat: 0.575035
  sec Cur ops   started  finished  avg MB/s  cur MB/s last lat(s)  avg lat(s)
   60      64      6662      6598   109.952       111     1.58178    0.575035
   61      64      6771      6707   109.936       109     1.54908    0.574881
   62      64      6882      6818   109.953       111   0.0758434    0.573762
   63      64      6991      6927   109.937       109   0.0798288    0.573574
   64      64      7103      7039   109.969       112   0.0287485    0.574276
   65      64      7216      7152   110.016       113     1.81778    0.574413
   66      64      7327      7263    110.03       111    0.111492    0.574707
   67      64      7435      7371       110       108     1.64583    0.575336
   68      64      7545      7481       110       110     1.63923    0.574739
   69      64      7655      7591   109.999       110     1.58695    0.575745
   70      64      7762      7698   109.956       107   0.0399621    0.575228
   71      64      7874      7810   109.985       112   0.0955962    0.575276
   72      64      7986      7922   110.013       112   0.0388965     0.57452
   73      64      8095      8031   109.999       109    0.130036    0.574882
   74      64      8206      8142   110.012       111     1.87645    0.575113
   75      64      8316      8252   110.012       110   0.0424285    0.574881
   76      64      8428      8364   110.038       112   0.0431034     0.57565
   77      64      8538      8474   110.037       110   0.0778041    0.575907
   78      64      8648      8584   110.036       110     1.90144    0.574668
   79      64      8758      8694   110.036       110   0.0548291    0.574748
2026-07-07T22:45:57.324379+0800 min lat: 0.0243585 max lat: 2.20268 avg lat: 0.574556
  sec Cur ops   started  finished  avg MB/s  cur MB/s last lat(s)  avg lat(s)
   80      64      8868      8804   110.035       110     2.03807    0.574556
   81      64      8979      8915   110.047       111    0.102864    0.575626
   82      64      9091      9027   110.071       112    0.200725    0.574627
   83      64      9202      9138   110.082       111     2.21816    0.575017
   84      64      9310      9246   110.057       108    0.267296    0.575785
   85      64      9421      9357   110.067       111   0.0466773    0.575888
   86      64      9531      9467   110.066       110      1.9483    0.575841
   87      64      9640      9576   110.054       109   0.0415414    0.576357
   88      64      9750      9686   110.053       110    0.166194    0.576653
   89      64      9862      9798   110.075       112   0.0337443    0.575848
   90      64      9968      9904   110.029       106     1.87261    0.576117
   91      64     10079     10015    110.04       111    0.090389    0.575764
   92      64     10190     10126    110.05       111   0.0449207    0.576384
   93      64     10299     10235   110.039       109   0.0754081    0.576104
   94      64     10412     10348    110.07       113     0.03082    0.576077
   95      64     10521     10457   110.059       109     1.92156    0.575888
   96      64     10631     10567   110.058       110   0.0483547     0.57603
   97      64     10738     10674   110.026       107      1.6546    0.576702
   98      64     10851     10787   110.057       113   0.0460088    0.575552
   99      64     10961     10897   110.056       110   0.0439152    0.575757
2026-07-07T22:46:17.327204+0800 min lat: 0.0243585 max lat: 2.27711 avg lat: 0.576585
  sec Cur ops   started  finished  avg MB/s  cur MB/s last lat(s)  avg lat(s)
  100      64     11069     11005   110.035       108   0.0615553    0.576585
  101      64     11181     11117   110.054       112    0.195269    0.576332
  102      64     11291     11227   110.054       110    0.157964    0.575665
  103      64     11400     11336   110.043       109   0.0584539    0.575734
  104      64     11510     11446   110.043       110     2.11502    0.576027
  105      64     11621     11557   110.052       111   0.0328611    0.576106
  106      64     11731     11667   110.051       110   0.0697879    0.576571
  107      64     11839     11775   110.032       108   0.0986751    0.576047
  108      64     11950     11886   110.041       111     2.02319     0.57685
  109      64     12061     11997   110.049       111   0.0723727     0.57725
  110      64     12173     12109   110.067       112    0.116637    0.576573
  111      64     12284     12220   110.075       111    0.100009    0.576416
  112      64     12396     12332   110.092       112    0.186663    0.576739
  113      64     12504     12440   110.074       108   0.0844953     0.57703
  114      64     12612     12548   110.055       108   0.0500608    0.577055
  115      64     12719     12655   110.029       107   0.0633279      0.5773
  116      64     12830     12766   110.037       111     1.92737    0.576668
  117      64     12939     12875   110.028       109   0.0367341    0.577305
  118      64     13052     12988   110.053       113    0.158934    0.576532
  119      64     13161     13097   110.044       109   0.0800915    0.576714
2026-07-07T22:46:37.329728+0800 min lat: 0.0232806 max lat: 2.34527 avg lat: 0.577392
  sec Cur ops   started  finished  avg MB/s  cur MB/s last lat(s)  avg lat(s)
  120      61     13268     13207   110.044       110   0.0658084    0.577392
Total time run:       120.541
Total reads made:     13268
Read size:            1048576
Object size:          1048576
Bandwidth (MB/sec):   110.07
Average IOPS:         110
Stddev IOPS:          1.87552
Max IOPS:             115
Min IOPS:             101
Average Latency(s):   0.579858
Max latency(s):       2.34527
Min latency(s):       0.0232806
[2026-07-07 22:46:38] END: rand read 1M r1
[2026-07-07 22:46:38] ---- rand read 1M round 2 ----
[2026-07-07 22:46:49] Health: HEALTH_OK
[2026-07-07 22:46:50] START: rados bench -p juicefs-data 120 rand -t 64
hints = 1
  sec Cur ops   started  finished  avg MB/s  cur MB/s last lat(s)  avg lat(s)
    0       0         0         0         0         0           -           0
    1      64       167       103   102.973       103   0.0737952    0.392525
    2      64       280       216   107.978       113     1.21738    0.464677
    3      64       390       326   108.647       110     1.00229    0.490921
    4      64       498       434   108.481       108    0.555188    0.502853
    5      64       609       545   108.982       111   0.0693902    0.508429
    6      64       720       656   109.315       111   0.0463424    0.527656
    7      64       830       766   109.411       110   0.0862002    0.525921
    8      64       939       875   109.358       109    0.116901    0.538158
    9      64      1051       987   109.649       112   0.0594942    0.526896
   10      64      1160      1096   109.583       109     1.88105     0.53911
   11      64      1269      1205   109.528       109   0.0537779    0.540054
   12      64      1380      1316   109.649       111   0.0372986    0.541144
   13      64      1491      1427   109.752       111   0.0433534    0.543361
   14      64      1601      1537   109.769       110   0.0841623    0.545752
   15      64      1712      1648    109.85       111   0.0752666     0.54584
   16      64      1819      1755   109.671       107   0.0556305    0.549035
   17      64      1932      1868   109.865       113    0.109586    0.550644
   18      64      2043      1979   109.927       111   0.0959455    0.554561
   19      64      2153      2089    109.93       110    0.131991    0.556524
2026-07-07T22:47:10.539124+0800 min lat: 0.0218563 max lat: 2.21274 avg lat: 0.558199
  sec Cur ops   started  finished  avg MB/s  cur MB/s last lat(s)  avg lat(s)
   20      64      2259      2195   109.733       106   0.0311315    0.558199
   21      64      2369      2305   109.745       110      1.9116    0.558784
   22      64      2483      2419   109.938       114   0.0806486    0.557613
   23      64      2593      2529   109.939       110     2.20661    0.557389
   24      63      2702      2639   109.941       110     1.96454    0.561659
   25      64      2815      2751   110.023       112   0.0566912    0.559661
   26      64      2923      2859   109.944       108   0.0553395    0.562363
   27      64      3034      2970   109.983       111   0.0875199    0.563196
   28      64      3145      3081   110.019       111   0.0501294    0.565406
   29      64      3254      3190   109.983       109    0.031189    0.564578
   30      64      3363      3299    109.95       109   0.0434751    0.566126
   31      64      3472      3408   109.919       109     1.98208    0.563425
   32      64      3583      3519   109.952       111   0.0721774    0.562409
   33      64      3694      3630   109.983       111   0.0594945    0.567587
   34      64      3804      3740   109.983       110   0.0363719    0.569116
   35      64      3914      3850   109.983       110   0.0581058    0.567977
   36      64      4024      3960   109.983       110    0.035267    0.568209
   37      64      4134      4070   109.983       110    0.103019    0.566787
   38      64      4244      4180   109.984       110     1.98147    0.569322
   39      64      4353      4289   109.958       109    0.046852    0.570582
2026-07-07T22:47:30.542213+0800 min lat: 0.0218563 max lat: 2.39118 avg lat: 0.568645
  sec Cur ops   started  finished  avg MB/s  cur MB/s last lat(s)  avg lat(s)
   40      63      4464      4401   110.008       112    0.124184    0.568645
   41      64      4573      4509   109.959       108     1.94542    0.570198
   42      64      4683      4619   109.959       110   0.0619618    0.570479
   43      64      4792      4728   109.936       109   0.0468421    0.569201
   44      64      4902      4838   109.937       110     2.20623    0.569791
   45      64      5012      4948   109.939       110     1.89902    0.571216
   46      64      5124      5060   109.983       112     1.94645    0.570661
   47      64      5235      5171   110.004       111     1.87155    0.571518
   48      64      5344      5280   109.983       109     1.66452    0.572516
   49      64      5454      5390   109.983       110     1.76746    0.571432
   50      64      5564      5500   109.983       110   0.0602089    0.571246
   51      64      5676      5612   110.023       112   0.0826035    0.572049
   52      64      5785      5721   110.003       109   0.0572278    0.571729
   53      64      5895      5831   110.002       110   0.0467207    0.570643
   54      64      6004      5940   109.983       109   0.0900253     0.57161
   55      64      6114      6050   109.983       110    0.249608    0.572372
   56      64      6226      6162   110.019       112   0.0463463    0.571514
   57      64      6337      6273   110.036       111     2.00268    0.572151
   58      64      6450      6386   110.087       113     2.09072    0.571475
   59      64      6561      6497   110.102       111   0.0795606    0.571444
2026-07-07T22:47:50.544965+0800 min lat: 0.0218563 max lat: 2.39118 avg lat: 0.573645
  sec Cur ops   started  finished  avg MB/s  cur MB/s last lat(s)  avg lat(s)
   60      64      6667      6603   110.034       106   0.0682594    0.573645
   61      64      6777      6713   110.033       110    0.061825    0.572669
   62      64      6888      6824   110.048       111   0.0690076    0.572278
   63      64      7001      6937   110.095       113     2.12535    0.573092
   64      64      7112      7048   110.109       111     1.93186    0.573427
   65      64      7220      7156   110.076       108   0.0465253    0.573304
   66      64      7329      7265   110.059       109   0.0315708    0.573995
   67      64      7438      7374   110.043       109   0.0656875    0.574314
   68      64      7549      7485   110.057       111   0.0527932    0.573945
   69      64      7661      7597   110.085       112   0.0468965    0.573283
   70      64      7768      7704   110.041       107   0.0338956    0.573849
   71      64      7875      7811   109.998       107   0.0508967    0.573559
   72      64      7986      7922   110.011       111   0.0457648    0.573348
   73      64      8099      8035   110.052       113      2.1208    0.573866
   74      64      8207      8143   110.024       108   0.0305475    0.575096
   75      64      8318      8254   110.037       111   0.0577168    0.574552
   76      64      8431      8367   110.075       113   0.0724052    0.573955
   77      64      8538      8474   110.035       107   0.0494072    0.575088
   78      64      8645      8581   109.996       107     1.57131    0.576158
   79      64      8755      8691   109.996       110   0.0835168    0.575693
2026-07-07T22:48:10.548081+0800 min lat: 0.0218563 max lat: 2.39118 avg lat: 0.575846
  sec Cur ops   started  finished  avg MB/s  cur MB/s last lat(s)  avg lat(s)
   80      64      8865      8801   109.996       110     1.68886    0.575846
   81      64      8976      8912   110.008       111     0.13549    0.575175
   82      64      9085      9021   109.996       109     1.98734    0.575286
   83      64      9195      9131   109.996       110     1.68561    0.576329
   84      64      9306      9242   110.007       111    0.065671     0.57533
   85      64      9417      9353   110.019       111     1.95099    0.575577
   86      64      9526      9462   110.007       109   0.0482665     0.57643
   87      64      9635      9571   109.995       109    0.117966    0.576354
   88      64      9744      9680   109.984       109     1.70839    0.576323
   89      64      9854      9790   109.984       110   0.0645795    0.575984
   90      64      9965      9901   109.995       111      2.2001    0.575369
   91      64     10078     10014   110.028       113   0.0410374     0.57601
   92      64     10191     10127    110.06       113   0.0634338    0.576439
   93      64     10297     10233   110.016       106   0.0440225     0.57672
   94      63     10406     10343   110.015       110     1.83313    0.575891
   95      64     10518     10454   110.026       111   0.0566896    0.576338
   96      64     10631     10567   110.056       113     0.09147    0.576278
   97      64     10740     10676   110.045       109     1.92951    0.576152
   98      64     10847     10783   110.014       107   0.0841433    0.576297
   99      64     10955     10891   109.994       108   0.0425383     0.57694
2026-07-07T22:48:30.551063+0800 min lat: 0.0218563 max lat: 2.39118 avg lat: 0.576548
  sec Cur ops   started  finished  avg MB/s  cur MB/s last lat(s)  avg lat(s)
  100      64     11065     11001   109.993       110     1.86384    0.576548
  101      64     11172     11108   109.964       107   0.0449145      0.5768
  102      63     11282     11219   109.974       111   0.0496639    0.577525
  103      64     11393     11329   109.974       110   0.0432832    0.576735
  104      64     11505     11441   109.993       112    0.112494    0.576268
  105      64     11613     11549   109.974       108    0.134703    0.576598
  106      64     11724     11660   109.983       111   0.0602094     0.57667
  107      63     11834     11771   109.993       111   0.0973118    0.577212
  108      64     11942     11878   109.965       107     1.69446    0.577475
  109      64     12054     11990   109.983       112     1.90719    0.576876
  110      64     12163     12099   109.974       109   0.0653843    0.577323
  111      64     12274     12210   109.983       111   0.0694788    0.577049
  112      64     12386     12322   110.001       112   0.0418903    0.577226
  113      64     12497     12433    110.01       111     1.87773     0.57692
  114      64     12608     12544   110.018       111     2.10302    0.576814
  115      64     12718     12654   110.018       110     2.11201    0.576723
  116      64     12825     12761   109.992       107    0.132401    0.576924
  117      64     12936     12872   110.001       111   0.0326869    0.577444
  118      64     13047     12983   110.009       111   0.0719289    0.577632
  119      64     13157     13093   110.009       110   0.0422962    0.577176
2026-07-07T22:48:50.554016+0800 min lat: 0.0218563 max lat: 2.39118 avg lat: 0.578211
  sec Cur ops   started  finished  avg MB/s  cur MB/s last lat(s)  avg lat(s)
  120      61     13263     13202       110       109   0.0443158    0.578211
Total time run:       120.548
Total reads made:     13263
Read size:            1048576
Object size:          1048576
Bandwidth (MB/sec):   110.022
Average IOPS:         110
Stddev IOPS:          1.81952
Max IOPS:             114
Min IOPS:             103
Average Latency(s):   0.580105
Max latency(s):       2.39118
Min latency(s):       0.0218563
[2026-07-07 22:48:51] END: rand read 1M r2
[2026-07-07 22:48:51] ---- rand read 1M round 3 ----
[2026-07-07 22:49:03] Health: HEALTH_OK
[2026-07-07 22:49:03] START: rados bench -p juicefs-data 120 rand -t 64
hints = 1
  sec Cur ops   started  finished  avg MB/s  cur MB/s last lat(s)  avg lat(s)
    0       0         0         0         0         0           -           0
    1      64       169       105   104.978       105    0.574028    0.389012
    2      64       282       218    108.98       113   0.0730281    0.453668
    3      64       395       331   110.314       113   0.0556226    0.458713
    4      64       506       442   110.481       111    0.146446    0.465663
    5      64       615       551   110.182       109    0.327215    0.498533
    6      64       724       660   109.982       109     1.75049     0.50832
    7      64       838       774   110.554       114   0.0492853    0.508616
    8      64       948       884   110.482       110   0.0685226     0.51519
    9      64      1060       996   110.649       112    0.055371    0.522207
   10      64      1171      1107   110.683       111    0.131591    0.524841
   11      64      1278      1214   110.347       107   0.0722826    0.534621
   12      64      1388      1324   110.316       110   0.0463006    0.537398
   13      64      1500      1436   110.445       112    0.110206    0.539832
   14      64      1611      1547   110.483       111     1.94533    0.541726
   15      64      1724      1660    110.65       113    0.089335    0.545354
   16      64      1831      1767   110.421       107     1.67352    0.551074
   17      64      1941      1877   110.396       110   0.0472935    0.550877
   18      64      2051      1987   110.373       110    0.087339    0.553791
   19      64      2162      2098   110.405       111     1.72706    0.556411
2026-07-07T22:49:24.084882+0800 min lat: 0.0267418 max lat: 2.21713 avg lat: 0.559066
  sec Cur ops   started  finished  avg MB/s  cur MB/s last lat(s)  avg lat(s)
   20      64      2269      2205   110.234       107     1.49992    0.559066
   21      64      2381      2317   110.317       112     1.83452    0.556212
   22      64      2490      2426   110.257       109   0.0911413    0.558172
   23      64      2601      2537   110.289       111     1.93578    0.556236
   24      64      2714      2650   110.401       113     2.18404    0.556368
   25      64      2822      2758   110.304       108    0.036962    0.560396
   26      64      2929      2865   110.177       107     1.80849    0.562979
   27      64      3040      2976   110.207       111   0.0786437    0.563925
   28      64      3148      3084   110.127       108     1.70397    0.563823
   29      64      3261      3197   110.226       113     1.96256    0.562046
   30      64      3371      3307   110.218       110     2.17454    0.561797
   31      64      3483      3419   110.275       112   0.0356563    0.563605
   32      64      3593      3529   110.266       110    0.069484    0.563355
   33      64      3703      3639   110.257       110   0.0464586    0.563461
   34      64      3814      3750   110.279       111   0.0598813    0.566114
   35      64      3922      3858   110.213       108    0.111719    0.567063
   36      64      4033      3969   110.235       111     1.68922    0.567214
   37      64      4144      4080   110.255       111     1.92875    0.567296
   38      64      4253      4189   110.222       109   0.0605724    0.567164
   39      64      4361      4297   110.164       108     1.99862    0.566893
2026-07-07T22:49:44.087500+0800 min lat: 0.024766 max lat: 2.21713 avg lat: 0.568687
  sec Cur ops   started  finished  avg MB/s  cur MB/s last lat(s)  avg lat(s)
   40      64      4471      4407    110.16       110   0.0552789    0.568687
   41      64      4580      4516   110.131       109    0.149661    0.568418
   42      64      4692      4628   110.175       112   0.0623064    0.567329
   43      64      4802      4738   110.171       110    0.111485    0.569145
   44      64      4911      4847   110.144       109   0.0407364    0.569928
   45      64      5020      4956   110.118       109   0.0503231    0.567932
   46      64      5131      5067   110.137       111    0.200487    0.568703
   47      64      5241      5177   110.134       110    0.054021    0.571625
   48      64      5350      5286    110.11       109   0.0677698    0.572112
   49      64      5461      5397   110.128       111    0.075548    0.570979
   50      64      5569      5505   110.085       108      1.9928    0.570883
   51      64      5678      5614   110.063       109   0.0334403    0.572784
   52      64      5785      5721   110.004       107    0.194424    0.573904
   53      63      5896      5833   110.041       112     1.77057    0.571624
   54      64      6009      5945   110.077       112    0.104851    0.571228
   55      64      6118      6054   110.057       109   0.0418869    0.572433
   56      64      6225      6161   110.002       107   0.0278054    0.572514
   57      64      6335      6271   110.002       110   0.0356344    0.572177
   58      64      6445      6381   110.001       110   0.0371172    0.573283
   59      64      6557      6493   110.035       112   0.0307963    0.573116
2026-07-07T22:50:04.090618+0800 min lat: 0.023346 max lat: 2.412 avg lat: 0.572469
  sec Cur ops   started  finished  avg MB/s  cur MB/s last lat(s)  avg lat(s)
   60      64      6666      6602   110.018       109    0.066815    0.572469
   61      64      6776      6712   110.017       110     2.21932    0.571895
   62      64      6885      6821       110       109   0.0437772    0.572842
   63      64      6997      6933   110.032       112     1.83677    0.573903
   64      64      7107      7043   110.031       110    0.042168    0.573708
   65      64      7216      7152   110.015       109    0.160935    0.574106
   66      64      7326      7262   110.014       110   0.0511811    0.574549
   67      64      7435      7371   109.999       109    0.109657     0.57459
   68      64      7544      7480   109.984       109    0.294779    0.575154
   69      63      7654      7591   109.998       111      1.9386    0.574743
   70      64      7766      7702   110.012       111    0.204105      0.5749
   71      64      7877      7813   110.026       111   0.0708001    0.575001
   72      64      7984      7920   109.984       107   0.0383002    0.575497
   73      64      8092      8028   109.956       108    0.078324    0.575181
   74      64      8203      8139    109.97       111   0.0628416    0.575374
   75      64      8313      8249   109.971       110   0.0417915    0.574564
   76      64      8421      8357   109.944       108   0.0465374    0.575297
   77      64      8529      8465   109.919       108   0.0486713    0.576453
   78      64      8638      8574   109.907       109    0.118312    0.575688
   79      64      8748      8684   109.908       110    0.038428    0.575551
2026-07-07T22:50:24.093717+0800 min lat: 0.023346 max lat: 2.412 avg lat: 0.57689
  sec Cur ops   started  finished  avg MB/s  cur MB/s last lat(s)  avg lat(s)
   80      64      8859      8795   109.921       111   0.0541137     0.57689
   81      64      8970      8906   109.934       111     1.66432    0.576449
   82      64      9079      9015   109.923       109    0.034796    0.576175
   83      64      9190      9126   109.936       111   0.0499518      0.5756
   84      64      9299      9235   109.924       109     0.11984    0.575727
   85      64      9410      9346   109.937       111     2.14567    0.575501
   86      64      9521      9457   109.949       111    0.033947    0.575395
   87      64      9632      9568   109.961       111   0.0334177    0.575509
   88      64      9741      9677    109.95       109     1.97189    0.576293
   89      64      9854      9790   109.984       113   0.0313683    0.575756
   90      64      9962      9898   109.962       108    0.118132    0.576479
   91      64     10071     10007   109.951       109     1.75057     0.57687
   92      64     10178     10114   109.919       107     1.61052    0.577433
   93      64     10290     10226   109.941       112   0.0483529    0.576178
   94      64     10399     10335   109.931       109     1.97965    0.576551
   95      64     10508     10444   109.921       109     1.77206    0.576926
   96      64     10618     10554   109.921       110     1.81223     0.57708
   97      64     10729     10665   109.932       111   0.0586292    0.576598
   98      64     10840     10776   109.943       111   0.0832848    0.576403
   99      64     10950     10886   109.944       110   0.0530333    0.576875
2026-07-07T22:50:44.096472+0800 min lat: 0.023346 max lat: 2.412 avg lat: 0.576479
  sec Cur ops   started  finished  avg MB/s  cur MB/s last lat(s)  avg lat(s)
  100      64     11059     10995   109.934       109    0.183587    0.576479
  101      64     11167     11103   109.915       108    0.112926    0.576062
  102      64     11280     11216   109.945       113     2.25268    0.576367
  103      64     11389     11325   109.935       109     1.93579    0.576918
  104      64     11501     11437   109.955       112   0.0338896    0.576978
  105      64     11612     11548   109.965       111     1.86911    0.577053
  106      64     11722     11658   109.965       110    0.047299    0.577138
  107      64     11831     11767   109.956       109     1.88138    0.576884
  108      64     11942     11878   109.966       111   0.0520708    0.577298
  109      64     12054     11990   109.984       112     1.85995    0.577094
  110      63     12165     12102   110.002       112    0.123216    0.577187
  111      64     12276     12212   110.002       110   0.0383351    0.576761
  112      64     12386     12322   110.002       110     2.27223    0.576816
  113      64     12497     12433   110.011       111     2.29859    0.576569
  114      64     12608     12544   110.019       111   0.0701018     0.57646
  115      64     12718     12654   110.019       110    0.152725    0.577412
  116      64     12828     12764   110.019       110     1.82194    0.577364
  117      64     12937     12873    110.01       109   0.0764118    0.577115
  118      64     13047     12983    110.01       110   0.0549983    0.577162
  119      64     13154     13090   109.984       107   0.0588792     0.57844
2026-07-07T22:51:04.099278+0800 min lat: 0.023346 max lat: 2.412 avg lat: 0.577562
  sec Cur ops   started  finished  avg MB/s  cur MB/s last lat(s)  avg lat(s)
  120      61     13259     13198   109.967       108   0.0794997    0.577562
Total time run:       120.534
Total reads made:     13259
Read size:            1048576
Object size:          1048576
Bandwidth (MB/sec):   110.002
Average IOPS:         110
Stddev IOPS:          1.67524
Max IOPS:             114
Min IOPS:             105
Average Latency(s):   0.580215
Max latency(s):       2.412
Min latency(s):       0.023346
[2026-07-07 22:51:05] END: rand read 1M r3
[2026-07-07 22:51:18] Health: HEALTH_OK
[2026-07-07 22:51:18] Block size 1M done.
[2026-07-07 22:51:18] ========== BLOCK SIZE: 4M ==========
[2026-07-07 22:51:18] ---- write 4M round 1 ----
[2026-07-07 22:51:30] Health: HEALTH_OK
[2026-07-07 22:51:30] START: rados bench -p juicefs-data 120 write -b 4M -t 64 --no-cleanup
hints = 1
Maintaining 64 concurrent writes of 4194304 bytes to objects of size 4194304 for up to 120 seconds or 0 objects
Object prefix: benchmark_data_tikv-node_532247
  sec Cur ops   started  finished  avg MB/s  cur MB/s last lat(s)  avg lat(s)
    0       0         0         0         0         0           -           0
    1      45        45         0         0         0           -           0
    2      63        74        11   21.9963        22     1.99816     1.82051
    3      63        98        35   46.6591        96      2.4525     2.19639
    4      63       123        60   59.9903       100     2.46019     2.30615
    5      63       149        86   68.7891       104     2.41837     2.35666
    6      63       175       112    74.655       104     1.90503     2.29247
    7      63       202       139   79.4162       108     3.97427     2.31939
    8      63       227       164   81.9873       100     1.83092     2.34043
    9      63       254       191   84.8758       108     2.19826     2.39183
   10      63       278       215   85.9868        96     3.80894     2.40235
   11      63       304       241   87.6234       104      1.8979     2.38707
   12      63       329       266   88.6537       100     1.94065     2.40333
   13      63       346       283   87.0644        68     1.98319      2.4135
   14      63       353       290   82.8454        28     2.59875     2.43736
   15      63       361       298   79.4556        32     3.47481     2.48436
   16      63       378       315    78.739        68     3.92854     2.57885
   17      63       397       334   78.5773        76     4.57004     2.72562
   18      63       405       342   75.9893        32     5.17266     2.79547
   19      63       419       356   74.9367        56     4.55805     2.90163
2026-07-07T22:51:51.000172+0800 min lat: 1.6002 max lat: 8.33259 avg lat: 2.96886
  sec Cur ops   started  finished  avg MB/s  cur MB/s last lat(s)  avg lat(s)
   20      63       433       370   73.9895        56     4.43516     2.96886
   21      63       445       382   72.7515        48     4.78705     3.02742
   22      63       456       393   71.4443        44      4.9165     3.07661
   23      63       472       409   71.1201        64     4.45256     3.14433
   24      63       490       427   71.1564        72     4.28609     3.20301
   25      63       503       440     70.39        52     4.29434     3.24319
   26      63       512       449   69.0671        36     4.47651     3.26806
   27      63       528       465    68.879        64      4.7876     3.31097
   28      63       542       479   68.4188        56      4.5366      3.3519
   29      63       551       488   67.3006        36     4.91269     3.37716
   30      63       571       508   67.7235        80       4.591     3.43168
   31      63       586       523   67.4741        60     4.50838     3.46934
   32      63       595       532   66.4903        36     4.63729     3.49016
   33      63       612       549   66.5358        68     4.67201     3.52588
   34      63       625       562   66.1081        52     4.77468     3.54766
   35      63       636       573   65.4763        44     4.63588     3.57087
   36      63       649       586   65.1017        52     5.01441     3.59643
   37      63       662       599   64.7474        52     4.62925      3.6236
   38      63       680       617   64.9379        72     4.82708     3.65652
   39      63       690       627   64.2983        40     4.88986     3.67972
2026-07-07T22:52:11.003205+0800 min lat: 1.6002 max lat: 8.33259 avg lat: 3.70244
  sec Cur ops   started  finished  avg MB/s  cur MB/s last lat(s)  avg lat(s)
   40      63       703       640   63.9906        52     4.66894     3.70244
   41      63       717       654   63.7955        56     4.57847     3.72144
   42      63       732       669   63.7049        60     4.49847     3.74317
   43      63       736       673   62.5954        16     5.20194      3.7509
   44      63       761       698   63.4452       100     4.64999     3.78528
   45      63       772       709    63.013        44     4.87352     3.80019
   46      63       786       723   62.8603        56     4.39059     3.81782
   47      63       796       733   62.3739        40     4.89909     3.83148
   48      63       816       753   62.7408        80     4.71599     3.85001
   49      63       824       761   62.1134        32     5.01273     3.86151
   50      63       843       780   62.3909        76     4.42629     3.88398
   51      63       856       793    62.187        52     4.49222     3.89433
   52      63       866       803   61.7602        40     4.68525     3.90487
   53      63       881       818   61.7268        60     4.49609     3.91986
   54      63       896       833   61.6947        60     4.38085     3.93434
   55      63       908       845   61.4456        48     4.62487      3.9448
   56      63       924       861    61.491        64      4.1112     3.96068
   57      63       936       873   61.2542        48      4.9078     3.96905
   58      63       947       884   60.9566        44     4.37206     3.97825
   59      63       963       900    61.008        64     4.74025     3.98838
2026-07-07T22:52:31.006122+0800 min lat: 1.6002 max lat: 8.33259 avg lat: 3.99431
  sec Cur ops   started  finished  avg MB/s  cur MB/s last lat(s)  avg lat(s)
   60      63       973       910   60.6578        40     4.62777     3.99431
   61      63       990       927    60.778        68     4.78479     4.01188
   62      63      1006       943   60.8298        64     4.44763     4.02564
   63      63      1017       954   60.5625        44     4.79007     4.03374
   64      63      1024       961   60.0537        28     4.90688     4.04102
   65      63      1040       977   60.1143        64     4.53327      4.0534
   66      63      1058       995   60.2942        72     4.57369     4.06658
   67      63      1071      1008   60.1703        52     4.89141     4.07604
   68      63      1080      1017   59.8147        36     4.87851     4.08405
   69      63      1101      1038   60.1651        84     4.41272     4.09562
   70      63      1107      1044   59.6484        24     4.45445     4.09792
   71      63      1121      1058   59.5969        56     4.98997     4.10856
   72      63      1134      1071   59.4913        52     4.89203     4.11713
   73      63      1153      1090   59.7173        76     4.52349      4.1237
   74      63      1166      1103   59.6128        52     4.78332     4.13468
   75      63      1180      1117   59.5646        56      4.5286      4.1394
   76      63      1190      1127    59.307        40     4.80423      4.1435
   77      63      1206      1143   59.3679        64     4.49556      4.1503
   78      63      1216      1153   59.1195        40     4.84333     4.15637
   79      63      1235      1172    59.333        76     4.77865     4.16559
2026-07-07T22:52:51.009092+0800 min lat: 1.6002 max lat: 9.47037 avg lat: 4.17187
  sec Cur ops   started  finished  avg MB/s  cur MB/s last lat(s)  avg lat(s)
   80      63      1246      1183   59.1413        44     4.47943     4.17187
   81      63      1264      1201   59.2999        72     4.22276     4.17826
   82      63      1273      1210   59.0157        36     4.81611     4.18317
   83      63      1288      1225   59.0274        60     4.37039     4.19043
   84      63      1297      1234   58.7532        36      4.7896      4.1948
   85      63      1314      1251   58.8619        68     4.42749     4.20533
   86      63      1325      1262    58.689        44     4.77098     4.21036
   87      63      1338      1275    58.612        52     4.24391     4.21644
   88      63      1351      1288   58.5368        52     4.80905     4.22243
   89      63      1364      1301   58.4633        52     4.66222     4.22705
   90      63      1379      1316   58.4802        60     4.53301     4.23242
   91      63      1393      1330   58.4529        56     4.87696     4.23817
   92      63      1405      1342   58.3392        48      4.5514     4.24312
   93      63      1420      1357    58.357        60     4.67142      4.2475
   94      63      1436      1373    58.417        64      4.3242      4.2514
   95      63      1449      1386   58.3493        52     4.68192     4.25475
   96      63      1463      1400   58.3248        56     4.63724     4.25851
   97      63      1480      1417   58.4245        68     4.08179     4.26131
   98      63      1494      1431   58.3997        56     4.53267     4.26349
   99      63      1501      1438   58.0926        28      4.5548      4.2669
2026-07-07T22:53:11.011837+0800 min lat: 1.6002 max lat: 9.47037 avg lat: 4.27344
  sec Cur ops   started  finished  avg MB/s  cur MB/s last lat(s)  avg lat(s)
  100      63      1515      1452   58.0716        56     4.93977     4.27344
  101      63      1526      1463   57.9322        44     4.80846     4.27803
  102      63      1546      1483   58.1484        80     4.74767     4.28668
  103      63      1560      1497   58.1275        56      4.6406     4.29389
  104      63      1568      1505   57.8762        32     4.52105      4.2961
  105      63      1583      1520   57.8964        60     4.33764     4.29792
  106      63      1596      1533   57.8407        52     4.75089     4.30053
  107      63      1611      1548   57.8608        60     4.60684     4.30604
  108      63      1622      1559   57.7324        44     4.80288     4.30782
  109      63      1633      1570   57.6063        44     4.92451     4.31236
  110      63      1652      1589   57.7735        76     4.55821     4.31916
  111      63      1662      1599   57.6133        40      4.3839     4.32251
  112      63      1679      1616   57.7059        68     4.72295     4.32692
  113      63      1686      1623    57.443        28     4.90056     4.32824
  114      63      1709      1646    57.746        92     4.47386     4.33171
  115      63      1719      1656   57.5917        40     4.37847     4.33418
  116      63      1728      1665   57.4055        36     4.71256     4.33727
  117      63      1743      1680   57.4276        60     5.03152     4.34233
  118      63      1755      1692   57.3477        48     4.35318     4.34611
  119      63      1770      1707   57.3699        60     4.84561     4.34928
2026-07-07T22:53:31.014653+0800 min lat: 1.59182 max lat: 9.47037 avg lat: 4.32779
  sec Cur ops   started  finished  avg MB/s  cur MB/s last lat(s)  avg lat(s)
  120      25      1785      1760   58.6582       212     1.59182     4.32779
  121      11      1785      1774   58.6361        56     2.31775      4.3123
Total time run:         121.08
Total writes made:      1785
Write size:             4194304
Object size:            4194304
Bandwidth (MB/sec):     58.9695
Stddev Bandwidth:       24.9302
Max bandwidth (MB/sec): 212
Min bandwidth (MB/sec): 0
Average IOPS:           14
Stddev IOPS:            6.23882
Max IOPS:               53
Min IOPS:               0
Average Latency(s):     4.29494
Stddev Latency(s):      1.03153
Max latency(s):         9.47037
Min latency(s):         1.06665
[2026-07-07 22:53:33] END: write 4M r1
[2026-07-07 22:53:44] ---- write 4M round 2 ----
[2026-07-07 22:53:56] Health: HEALTH_OK
[2026-07-07 22:53:56] START: rados bench -p juicefs-data 120 write -b 4M -t 64 --no-cleanup
hints = 1
Maintaining 64 concurrent writes of 4194304 bytes to objects of size 4194304 for up to 120 seconds or 0 objects
Object prefix: benchmark_data_tikv-node_545181
  sec Cur ops   started  finished  avg MB/s  cur MB/s last lat(s)  avg lat(s)
    0       0         0         0         0         0           -           0
    1      45        45         0         0         0           -           0
    2      63        72         9   17.9978        18     1.95645     1.81429
    3      63        96        33   43.9942        96     2.44892     2.22749
    4      63       123        60   59.9919       108     2.38293     2.33784
    5      63       150        87   69.5904       108     2.43814     2.38135
    6      63       172       109   72.6564        88      2.2685     2.39743
    7      63       199       136   77.7032       108     2.01299     2.36445
    8      63       228       165   82.4881       116     1.82814      2.3723
    9      63       252       189   83.9881        96     1.82849     2.36827
   10      63       278       215    85.988       104     1.97793     2.40436
   11      63       286       223   81.0795        32     2.28031     2.40702
   12      63       295       232   77.3224        36      2.9033     2.44392
   13      63       314       251     77.22        76     5.53697     2.56687
   14      63       322       259   73.9897        32     4.11971     2.62336
   15      63       341       278   74.1229        76     6.68905     2.78909
   16      63       348       285   71.2399        28     7.18508     2.86101
   17      63       362       299    70.343        56     4.76791     2.97644
   18      63       377       314    69.768        60     4.86179      3.0752
   19      63       389       326   68.6219        48     4.63062     3.13775
2026-07-07T22:54:17.274057+0800 min lat: 1.6937 max lat: 8.09606 avg lat: 3.21673
  sec Cur ops   started  finished  avg MB/s  cur MB/s last lat(s)  avg lat(s)
   20      63       405       342   68.3903        64     4.81751     3.21673
   21      63       420       357   67.9902        60     4.67664     3.28205
   22      63       431       368   66.8994        44     4.58835     3.32309
   23      63       444       381   66.2513        52     4.56103     3.36389
   24      63       458       395   65.8238        56     4.50473     3.40324
   25      63       467       404   64.6307        36     4.58288     3.43107
   26      63       487       424   65.2213        80     3.98282     3.47791
   27      63       498       435   64.4351        44     4.55801     3.50614
   28      63       510       447   63.8479        48     4.44081     3.54289
   29      63       526       463   63.8529        64     4.60565     3.60085
   30      63       539       476   63.4575        52     4.46843     3.63335
   31      63       551       488   62.9586        48     4.58028     3.66485
   32      63       567       504   62.9909        64     4.57131     3.71033
   33      63       575       512   62.0516        32      4.5466     3.72593
   34      63       592       529   62.2263        68     4.62275     3.76232
   35      63       608       545   62.2767        64     4.50069     3.79247
   36      63       615       552   61.3244        28     4.96238     3.80469
   37      63       632       569   61.5046        68     4.61392     3.83366
   38      63       647       584   61.4648        60     4.33848     3.85495
   39      63       659       596   61.1193        48     4.87741      3.8698
2026-07-07T22:54:37.277040+0800 min lat: 1.6937 max lat: 9.48067 avg lat: 3.88914
  sec Cur ops   started  finished  avg MB/s  cur MB/s last lat(s)  avg lat(s)
   40      63       674       611   61.0911        60     4.36589     3.88914
   41      63       682       619   60.3814        32     4.66029     3.90059
   42      63       700       637   60.6578        72      4.5886     3.92215
   43      63       715       652   60.6423        60     4.75557     3.94386
   44      63       726       663   60.2639        44     4.61358     3.95699
   45      63       742       679   60.3467        64     4.38012     3.97816
   46      63       754       691   60.0782        48     4.82711     3.99094
   47      63       768       705   59.9912        56     4.41632     4.00921
   48      63       781       718   59.8246        52     4.41695     4.01725
   49      63       795       732   59.7464        56     4.66688      4.0283
   50      63       805       742   59.3513        40      4.9557     4.03946
   51      63       824       761   59.6775        76     4.12756       4.048
   52      63       838       775   59.6066        56     4.80287     4.06181
   53      63       845       782   59.0102        28     5.17091     4.07231
   54      63       860       797   59.0283        60     4.49621     4.09001
   55      63       878       815    59.264        72      4.8728     4.10428
   56      63       889       826   58.9913        44     4.79477      4.1167
   57      63       904       841   59.0088        60     4.30398     4.12897
   58      63       914       851    58.681        40     4.58362     4.13514
   59      63       929       866   58.7032        60     4.69014     4.14435
2026-07-07T22:54:57.280091+0800 min lat: 1.6937 max lat: 9.48067 avg lat: 4.15846
  sec Cur ops   started  finished  avg MB/s  cur MB/s last lat(s)  avg lat(s)
   60      63       947       884   58.9246        72     4.60558     4.15846
   61      63       958       895   58.6798        44     4.48674     4.16479
   62      63       962       899   57.9914        16     5.16368     4.16806
   63      63       983       920   58.4041        84     4.63443     4.18179
   64      63       993       930   58.1164        40     4.89046     4.19053
   65      63      1009       946   58.2068        64     4.83264     4.20038
   66      63      1025       962   58.2944        64     4.65875     4.21174
   67      63      1033       970   57.9019        32     4.62684     4.21384
   68      63      1048       985   57.9326        60     4.65067      4.2243
   69      63      1066      1003   58.1363        72     4.43927     4.23227
   70      63      1076      1013   57.8772        40     4.01592     4.23626
   71      63      1090      1027   57.8506        56     4.63566      4.2436
   72      63      1105      1042   57.8803        60       4.452     4.24653
   73      63      1112      1049   57.4709        28     4.86056     4.24954
   74      63      1127      1064    57.505        60     5.04049     4.25622
   75      63      1145      1082   57.6981        72     4.51904     4.26771
   76      63      1154      1091   57.4125        36     4.71627     4.27132
   77      63      1170      1107    57.498        64     4.63307     4.28245
   78      63      1186      1123   57.5812        64     4.87444     4.28824
   79      63      1194      1131   57.2573        32     4.56662     4.29176
2026-07-07T22:55:17.283070+0800 min lat: 1.6937 max lat: 9.48067 avg lat: 4.29619
  sec Cur ops   started  finished  avg MB/s  cur MB/s last lat(s)  avg lat(s)
   80      63      1208      1145   57.2415        56     4.88869     4.29619
   81      63      1227      1164   57.4729        76     4.50995     4.30414
   82      63      1236      1173    57.211        36     4.78839     4.30745
   83      63      1251      1188   57.2445        60     4.56819     4.31389
   84      63      1270      1207   57.4677        76      4.5901     4.31894
   85      63      1281      1218   57.3092        44     4.28753     4.31985
   86      63      1292      1229   57.1544        44     4.78101     4.32243
   87      63      1305      1242    57.095        52     4.92496     4.32674
   88      63      1315      1252   56.9007        40     4.87028     4.33151
   89      63      1332      1269   57.0253        68     4.94475     4.33751
   90      63      1345      1282   56.9694        52     5.15817      4.3434
   91      63      1361      1298   57.0465        64     4.29785     4.34925
   92      63      1374      1311   56.9916        52     4.61717     4.35318
   93      63      1386      1323   56.8948        48      4.8792     4.35469
   94      63      1399      1336   56.8427        52      4.5668     4.35984
   95      63      1411      1348   56.7495        48     4.52487     4.36167
   96      63      1427      1364   56.8249        64     4.47527     4.36668
   97      63      1437      1374   56.6514        40     4.93806     4.36867
   98      63      1458      1395   56.9304        84      4.2906       4.373
   99      63      1466      1403   56.6785        32       4.835     4.37551
2026-07-07T22:55:37.285951+0800 min lat: 1.6937 max lat: 9.48067 avg lat: 4.37927
  sec Cur ops   started  finished  avg MB/s  cur MB/s last lat(s)  avg lat(s)
  100      63      1483      1420   56.7916        68     4.68335     4.37927
  101      63      1495      1432   56.7045        48     4.68765     4.38262
  102      63      1504      1441   56.5015        36     4.68697     4.38532
  103      63      1523      1460   56.6906        76     4.51202     4.39284
  104      63      1532      1469   56.4917        36     4.87885     4.39569
  105      63      1546      1483   56.4869        56     5.02376     4.40185
  106      63      1558      1495   56.4068        48      4.8966      4.4062
  107      63      1576      1513   56.5524        72     4.51418     4.41089
  108      63      1587      1524   56.4361        44      5.1001     4.41518
  109      63      1600      1537   56.3953        52     4.53323     4.41749
  110      63      1617      1554   56.5008        68     4.35986     4.42124
  111      63      1630      1567   56.4602        52     4.43188     4.42397
  112      63      1640      1577   56.3131        40     4.84923     4.42443
  113      63      1656      1593   56.3811        64     4.83971     4.42617
  114      63      1669      1606   56.3426        52      4.3855      4.4265
  115      63      1686      1623   56.4439        68     4.32756     4.42967
  116      63      1696      1633    56.302        40     4.89979      4.4308
  117      63      1709      1646   56.2652        52     4.65484     4.43351
  118      63      1723      1660   56.2629        56     4.66216     4.43629
  119      63      1736      1673    56.227        52     4.52952     4.43948
2026-07-07T22:55:57.288905+0800 min lat: 1.6937 max lat: 9.48067 avg lat: 4.44174
  sec Cur ops   started  finished  avg MB/s  cur MB/s last lat(s)  avg lat(s)
  120      63      1748      1685   56.1584        48     4.95834     4.44174
Total time run:         120.864
Total writes made:      1749
Write size:             4194304
Object size:            4194304
Bandwidth (MB/sec):     57.8831
Stddev Bandwidth:       19.6447
Max bandwidth (MB/sec): 116
Min bandwidth (MB/sec): 0
Average IOPS:           14
Stddev IOPS:            4.91952
Max IOPS:               29
Min IOPS:               0
Average Latency(s):     4.38053
Stddev Latency(s):      0.993649
Max latency(s):         9.48067
Min latency(s):         0.935732
[2026-07-07 22:55:58] END: write 4M r2
[2026-07-07 22:56:10] ---- write 4M round 3 ----
[2026-07-07 22:56:21] Health: HEALTH_OK
[2026-07-07 22:56:22] START: rados bench -p juicefs-data 120 write -b 4M -t 64 --no-cleanup
hints = 1
Maintaining 64 concurrent writes of 4194304 bytes to objects of size 4194304 for up to 120 seconds or 0 objects
Object prefix: benchmark_data_tikv-node_558100
  sec Cur ops   started  finished  avg MB/s  cur MB/s last lat(s)  avg lat(s)
    0       0         0         0         0         0           -           0
    1      48        48         0         0         0           -           0
    2      63        73        10   19.9967        20     1.99806     1.81182
    3      63        99        36   47.9922       104     2.36966     2.19227
    4      63       125        62   61.9902       104     2.40484     2.30013
    5      63       149        86   68.7893        96     2.55819     2.34851
    6      63       176       113   75.3217       108     2.44929     2.38265
    7      63       202       139   79.4165       104     2.46508     2.39843
    8      63       208       145   72.4891        24     3.26309     2.42445
    9      63       218       155   68.8785        40     3.75134     2.50238
   10      63       227       164   65.5902        36     4.25149     2.59496
   11      63       244       181   65.8083        68      4.6658     2.77555
   12      63       259       196   65.3235        60     5.09566     2.95109
   13      63       269       206    63.375        40     5.38257     3.06889
   14      63       285       222   63.4189        64      4.3813     3.20086
   15      63       297       234   62.3904        48     4.53687     3.27106
   16      63       312       249   62.2405        60     4.43047     3.35978
   17      63       329       266   62.5787        68     4.42702     3.46288
   18      63       345       282   62.6571        64     4.65942     3.52317
   19      63       354       291   61.2538        36     4.40313      3.5542
2026-07-07T22:56:42.632459+0800 min lat: 1.57733 max lat: 5.75774 avg lat: 3.61837
  sec Cur ops   started  finished  avg MB/s  cur MB/s last lat(s)  avg lat(s)
   20      63       371       308   61.5907        68     4.55879     3.61837
   21      63       380       317   60.3718        36     4.22854     3.64736
   22      63       394       331   60.1727        56     4.50078     3.68248
   23      63       405       342   59.4693        44     4.58461     3.71406
   24      63       425       362   60.3242        80     4.36112     3.77472
   25      63       435       372    59.511        40     5.00547     3.80606
   26      63       451       388   59.6833        64     4.33664     3.84308
   27      63       459       396   58.6579        32     4.91404     3.86175
   28      63       467       404   57.7056        32     5.11601     3.88523
   29      63       483       420   57.9223        64     4.77745     3.92371
   30      63       500       437   58.2579        68     4.90749     3.96198
   31      63       510       447   57.6687        40     4.73412     3.97936
   32      63       525       462   57.7413        60     4.93497     4.01657
   33      63       546       483   58.5367        84     4.31294     4.04057
   34      63       555       492   57.8737        36     4.56725     4.04825
   35      63       572       509   58.1627        68     4.53316     4.07195
   36      63       582       519    57.658        40     4.28848     4.07971
   37      63       603       540   58.3696        84     4.22803     4.08664
   38      63       609       546   57.4651        24     5.13871      4.0967
   39      63       624       561   57.5298        60     4.50091     4.11525
2026-07-07T22:57:02.635446+0800 min lat: 1.57733 max lat: 5.75774 avg lat: 4.12673
  sec Cur ops   started  finished  avg MB/s  cur MB/s last lat(s)  avg lat(s)
   40      63       637       574   57.3914        52     4.32125     4.12673
   41      63       652       589   57.4547        60     4.20809     4.13828
   42      63       661       598   56.9437        36     5.31404     4.15297
   43      63       682       619   57.5727        84     4.26945     4.17152
   44      63       689       626   56.9005        28      4.8028     4.17685
   45      63       704       641   56.9691        60      4.5248     4.19065
   46      63       717       654   56.8609        52     4.50351     4.20561
   47      63       735       672   57.1828        72     4.35614     4.21917
   48      63       745       682   56.8247        40     5.13606     4.22905
   49      63       761       698   56.9709        64      4.4694     4.23734
   50      63       771       708   56.6314        40     4.72446     4.24607
   51      63       791       728   57.0893        80     4.10408     4.24847
   52      63       796       733    56.376        20     5.16886     4.25264
   53      63       814       751   56.6706        72     4.53312     4.26591
   54      63       829       766   56.7321        60     4.46977     4.27528
   55      63       840       777   56.5005        44     4.72438     4.27985
   56      63       854       791   56.4914        56     5.27764     4.29555
   57      63       871       808   56.6931        68     4.77459     4.30496
   58      63       879       816   56.2673        32       4.569     4.30767
   59      63       891       828    56.127        48     4.93524      4.3153
2026-07-07T22:57:22.638597+0800 min lat: 1.57733 max lat: 5.75774 avg lat: 4.32909
  sec Cur ops   started  finished  avg MB/s  cur MB/s last lat(s)  avg lat(s)
   60      63       909       846   56.3914        72     4.63207     4.32909
   61      63       922       859   56.3192        52     4.68262     4.33248
   62      63       935       872   56.2494        52     4.85723     4.33892
   63      63       950       887   56.3088        60     4.71556       4.346
   64      63       964       901   56.3039        56      4.4169     4.34886
   65      63       975       912   56.1145        44     4.55515     4.35088
   66      63       990       927   56.1733        60     4.57233     4.35986
   67      63      1003       940   56.1109        52     4.45418     4.36514
   68      63      1012       949    55.815        36     4.83463     4.36955
   69      63      1029       966   55.9915        68     4.84145     4.37537
   70      63      1040       977   55.8201        44     4.91478     4.38469
   71      63      1057       994   55.9915        68     4.69364     4.38762
   72      63      1070      1007    55.936        52     4.65683     4.39323
   73      63      1083      1020    55.882        52     4.85128     4.39726
   74      63      1097      1034   55.8834        56     4.04485     4.40316
   75      63      1110      1047   55.8316        52     4.95135     4.40547
   76      63      1126      1063   55.9389        64     4.53941     4.41081
   77      63      1135      1072   55.6799        36     4.51635     4.41338
   78      63      1147      1084   55.5813        48     4.85366     4.41852
   79      63      1164      1101   55.7384        68     4.85853     4.42436
2026-07-07T22:57:42.641548+0800 min lat: 1.57733 max lat: 5.75774 avg lat: 4.42883
  sec Cur ops   started  finished  avg MB/s  cur MB/s last lat(s)  avg lat(s)
   80      63      1179      1116   55.7915        60     4.64217     4.42883
   81      63      1190      1127   55.6459        44     4.88216     4.43292
   82      63      1208      1145   55.8452        72     4.46532      4.4368
   83      63      1213      1150   55.4133        20     4.78994     4.43761
   84      63      1230      1167    55.563        68     4.67084     4.44704
   85      63      1243      1180    55.521        52     4.94392     4.45281
   86      63      1258      1195    55.573        60     4.27616      4.4562
   87      63      1269      1206   55.4399        44     5.09797     4.46022
   88      63      1284      1221   55.4916        60      4.4401      4.4629
   89      63      1296      1233   55.4073        48     4.45632     4.46457
   90      63      1313      1250   55.5471        68     4.48754     4.46894
   91      63      1327      1264    55.552        56     4.74096     4.47264
   92      63      1335      1272    55.296        32     4.64546     4.47349
   93      63      1356      1293   55.6045        84     4.22701     4.47679
   94      63      1362      1299   55.2682        24     4.46507     4.47704
   95      63      1380      1317   55.4443        72     4.63529     4.48003
   96      63      1388      1325      55.2        32     4.91666     4.48248
   97      63      1401      1338   55.1669        52     4.63394     4.48618
   98      63      1418      1355   55.2978        68     4.94666     4.49286
   99      63      1429      1366   55.1836        44     4.70708     4.49704
2026-07-07T22:58:02.644556+0800 min lat: 1.57733 max lat: 5.75774 avg lat: 4.501
  sec Cur ops   started  finished  avg MB/s  cur MB/s last lat(s)  avg lat(s)
  100      63      1446      1383   55.3116        68     4.36593       4.501
  101      63      1455      1392   55.1204        36     4.76619     4.50203
  102      63      1469      1406   55.1289        56     4.60776     4.50631
  103      63      1485      1422   55.2149        64     4.58062     4.51015
  104      63      1498      1435   55.1839        52      4.6888     4.51131
  105      63      1508      1445   55.0393        40     4.95673     4.51478
  106      63      1524      1461   55.1237        64     4.29839     4.51756
  107      63      1541      1478    55.244        68     4.44661     4.51763
  108      63      1549      1486   55.0287        32     4.91238     4.51925
  109      63      1562      1499   55.0008        52     4.69119     4.52158
  110      63      1582      1519    55.228        80     4.59247     4.52365
  111      63      1591      1528   55.0547        36     4.57787     4.52434
  112      63      1602      1539   54.9559        44     5.01938     4.52612
  113      63      1618      1555   55.0359        64     4.59818     4.52786
  114      63      1629      1566    54.939        44     4.22718     4.52746
  115      63      1645      1582   55.0177        64     4.59421     4.52889
  116      63      1663      1600    55.164        72     3.95014     4.53285
  117      63      1672      1609   55.0002        36     4.81821     4.53532
  118      63      1684      1621   54.9408        48     9.24701     4.54165
  119      63      1701      1638   55.0504        68     4.39141     4.54373
2026-07-07T22:58:22.647713+0800 min lat: 1.57733 max lat: 9.2708 avg lat: 4.54293
  sec Cur ops   started  finished  avg MB/s  cur MB/s last lat(s)  avg lat(s)
  120      63      1716      1653   55.0916        60     3.76363     4.54293
  121      17      1717      1700   56.1898       188     1.07899     4.49714
Total time run:         121.405
Total writes made:      1717
Write size:             4194304
Object size:            4194304
Bandwidth (MB/sec):     56.571
Stddev Bandwidth:       22.4053
Max bandwidth (MB/sec): 188
Min bandwidth (MB/sec): 0
Average IOPS:           14
Stddev IOPS:            5.60133
Max IOPS:               47
Min IOPS:               0
Average Latency(s):     4.47109
Stddev Latency(s):      0.859394
Max latency(s):         9.2708
Min latency(s):         1.07899
[2026-07-07 22:58:24] END: write 4M r3
[2026-07-07 22:58:36] ---- prefill for rand read (4M, 120s) ----
[2026-07-07 22:58:48] Health: HEALTH_OK
[2026-07-07 23:00:49] Prefill done. Objects: GiB
[2026-07-07 23:00:49] ---- rand read 4M round 1 ----
[2026-07-07 23:01:01] Health: HEALTH_OK
[2026-07-07 23:01:01] START: rados bench -p juicefs-data 120 rand -t 64
hints = 1
  sec Cur ops   started  finished  avg MB/s  cur MB/s last lat(s)  avg lat(s)
    0       0         0         0         0         0           -           0
    1      46        46         0         0         0           -           0
    2      63        73        10   19.9959        20     1.95678     1.78402
    3      63       102        39     51.99       116      2.3078     2.16266
    4      63       131        68   67.9875       116     2.26687     2.22098
    5      63       156        93   74.3869       100     2.29132     2.24901
    6      63       185       122   81.3194       116     2.29947     2.27142
    7      63       212       149   85.1285       108     2.23518     2.28357
    8      63       239       176   87.9852       108     1.92937     2.25951
    9      63       267       204   90.6514       112     3.99899      2.2255
   10      63       291       228    91.185        96     4.13641     2.24954
   11      63       320       257   93.4393       116     2.28198      2.2833
   12      63       348       285    94.985       112     4.24073      2.3063
   13      63       377       314      96.6       116     2.02661     2.29533
   14      63       406       343   97.9844       116      1.6722     2.26627
   15      63       433       370   98.6511       108     1.67308     2.26129
   16      63       460       397   99.2343       108     1.92589     2.28028
   17      63       488       425   99.9713       112     1.95698     2.28926
   18      63       516       453   100.639       112     1.78425     2.28029
   19      63       544       481   101.236       112     1.78892     2.27794
2026-07-07T23:01:21.889087+0800 min lat: 1.6256 max lat: 4.25346 avg lat: 2.28585
  sec Cur ops   started  finished  avg MB/s  cur MB/s last lat(s)  avg lat(s)
   20      63       572       509   101.773       112     1.78592     2.28585
   21      63       599       536   102.069       108      1.7816     2.27799
   22      63       627       564   102.519       112     1.95977     2.28763
   23      63       656       593   103.105       116     1.85438     2.28984
   24      63       682       619   103.141       104     1.72265     2.28218
   25      63       709       646   103.335       108     1.79096     2.28596
   26      63       736       673   103.514       108     1.72884     2.29066
   27      63       764       701   103.827       112     3.66996     2.29506
   28      63       790       727   103.833       104     3.83282     2.29837
   29      63       818       755   104.114       112     1.86092     2.29365
   30      63       844       781    104.11       104     1.82631     2.29865
   31      63       873       810   104.493       116     1.77372     2.30052
   32      63       900       837   104.602       108     1.74903       2.301
   33      63       927       864   104.704       108     1.92604     2.30227
   34      63       954       891   104.801       108     3.74432     2.30681
   35      63       983       920    105.12       116     1.83568     2.30528
   36      63      1009       946   105.089       104     1.79246     2.30608
   37      63      1037       974   105.275       112     3.59075     2.30603
   38      63      1065      1002   105.452       112     3.65657     2.30692
   39      63      1094      1031   105.722       116     1.84548     2.30836
2026-07-07T23:01:41.892124+0800 min lat: 1.6256 max lat: 4.25346 avg lat: 2.30783
  sec Cur ops   started  finished  avg MB/s  cur MB/s last lat(s)  avg lat(s)
   40      63      1120      1057   105.678       104     1.83138     2.30783
   41      63      1149      1086   105.929       116     1.64631     2.30363
   42      63      1177      1114   106.065       112     3.51261     2.30465
   43      63      1204      1141    106.11       108     3.61304     2.30843
   44      63      1231      1168   106.153       108     1.93073     2.30724
   45      63      1257      1194   106.104       104     1.73486     2.30748
   46      63      1284      1221   106.145       108     1.74711     2.30535
   47      63      1312      1249   106.269       112      3.6576     2.31365
   48      63      1340      1277   106.388       112     1.90349     2.30997
   49      63      1367      1304   106.421       108     1.86085      2.3121
   50      63      1395      1332   106.532       112     3.50923     2.30961
   51      63      1420      1357   106.404       100     3.59952     2.31309
   52      63      1449      1386   106.588       116     1.76716     2.31346
   53      63      1476      1413   106.614       108     1.83865     2.31438
   54      63      1505      1442   106.788       116     1.80279     2.31485
   55      63      1533      1470    106.88       112     1.80883     2.31262
   56      63      1559      1496   106.828       104     1.84986     2.31417
   57      63      1585      1522   106.779       104      1.7433     2.31305
   58      63      1612      1549   106.799       108     3.52444     2.31484
   59      63      1640      1577   106.887       112     3.48631     2.31792
2026-07-07T23:02:01.899534+0800 min lat: 1.48768 max lat: 4.25346 avg lat: 2.31995
  sec Cur ops   started  finished  avg MB/s  cur MB/s last lat(s)  avg lat(s)
   60      63      1665      1602   106.772       100     1.88656     2.31995
   61      63      1692      1629   106.792       108     1.81814     2.32091
   62      63      1719      1656   106.811       108     1.86179      2.3207
   63      63      1745      1682   106.766       104     1.96472     2.32326
   64      63      1773      1710   106.848       112     1.68697       2.325
   65      63      1800      1737   106.865       108     1.82307     2.32201
   66      63      1828      1765   106.942       112     3.66089     2.32593
   67      63      1856      1793   107.017       112     1.96384     2.32374
   68      63      1882      1819   106.973       104     3.78332     2.32571
   69      63      1910      1847   107.045       112     3.57885     2.32286
   70      63      1937      1874   107.059       108     1.78356     2.32494
   71      63      1964      1901   107.072       108     1.91653     2.32596
   72      63      1994      1931   107.251       120     1.87758     2.32567
   73      63      2018      1955   107.097        96     1.98795     2.32573
   74      63      2045      1982   107.109       108     1.90853     2.32571
   75      63      2074      2011   107.227       116     3.81243     2.32911
   76      63      2099      2036   107.132       100     1.74035     2.32734
   77      63      2126      2063   107.143       108     1.82755     2.32792
   78      63      2153      2090   107.154       108     1.80069     2.32944
   79      63      2180      2117   107.163       108     3.64078     2.33039
2026-07-07T23:02:21.903747+0800 min lat: 1.48768 max lat: 4.25346 avg lat: 2.32893
  sec Cur ops   started  finished  avg MB/s  cur MB/s last lat(s)  avg lat(s)
   80      63      2207      2144   107.173       108     1.69549     2.32893
   81      63      2236      2173   107.282       116     1.76917     2.33096
   82      63      2262      2199   107.242       104     1.92346     2.33051
   83      63      2290      2227   107.299       112     1.83283     2.33221
   84      63      2316      2253    107.26       104     1.78973     2.32942
   85      63      2345      2282   107.362       116     1.90232     2.33151
   86      63      2373      2310   107.416       112     1.97534     2.33047
   87      63      2399      2336   107.376       104     1.95626     2.33105
   88      63      2426      2363   107.383       108     1.83471     2.33046
   89      63      2455      2392    107.48       116     3.78458     2.33042
   90      63      2482      2419   107.485       108     1.99123     2.33154
   91      63      2510      2447   107.535       112     1.86219     2.33132
   92      63      2538      2475   107.583       112       3.727     2.33031
   93      63      2566      2503    107.63       112     1.63123     2.33004
   94      63      2592      2529   107.592       104     1.63189     2.32899
   95      63      2617      2554   107.512       100     2.01643     2.33141
   96      63      2644      2581   107.517       108     2.00142     2.33309
   97      63      2671      2608   107.521       108     1.76661     2.33155
   98      63      2697      2634   107.485       104     1.78639     2.33322
   99      63      2724      2661    107.49       108     1.79348     2.33312
2026-07-07T23:02:41.906910+0800 min lat: 1.48768 max lat: 4.25346 avg lat: 2.3361
  sec Cur ops   started  finished  avg MB/s  cur MB/s last lat(s)  avg lat(s)
  100      63      2750      2687   107.455       104     3.45284      2.3361
  101      63      2777      2714    107.46       108     1.65033      2.3344
  102      63      2805      2742   107.505       112     1.62649     2.33488
  103      63      2832      2769   107.509       108     1.85023     2.33552
  104      63      2861      2798   107.591       116     1.96139     2.33662
  105      63      2888      2825   107.595       108     2.00916     2.33589
  106      63      2914      2851   107.561       104     2.24878     2.33716
  107      63      2940      2877   107.527       104     2.43248     2.33917
  108      63      2970      2907   107.642       120     2.31548     2.33928
  109      63      2995      2932   107.572       100     2.34963     2.33943
  110      63      3022      2959   107.576       108      2.3696     2.33959
  111      63      3051      2988    107.65       116     2.31197     2.33967
  112      63      3079      3016   107.689       112     1.98756     2.33836
  113      63      3105      3042   107.656       104     1.91822     2.33513
  114      63      3134      3071   107.729       116     2.14702     2.33689
  115      63      3161      3098   107.731       108     2.18193     2.33823
  116      63      3188      3125   107.733       108     2.24258       2.337
  117      63      3216      3153    107.77       112     2.35777     2.33883
  118      63      3242      3179   107.737       104     2.43759     2.33932
  119      63      3269      3206   107.739       108     2.35193     2.33958
2026-07-07T23:03:01.912045+0800 min lat: 1.48768 max lat: 4.47095 avg lat: 2.34014
  sec Cur ops   started  finished  avg MB/s  cur MB/s last lat(s)  avg lat(s)
  120      63      3294      3231   107.675       100     2.43064     2.34014
Total time run:       120.867
Total reads made:     3295
Read size:            4194304
Object size:          4194304
Bandwidth (MB/sec):   109.045
Average IOPS:         27
Stddev IOPS:          3.43532
Max IOPS:             30
Min IOPS:             0
Average Latency(s):   2.32294
Max latency(s):       4.47095
Min latency(s):       0.197544
[2026-07-07 23:03:03] END: rand read 4M r1
[2026-07-07 23:03:03] ---- rand read 4M round 2 ----
[2026-07-07 23:03:14] Health: HEALTH_OK
[2026-07-07 23:03:15] START: rados bench -p juicefs-data 120 rand -t 64
hints = 1
  sec Cur ops   started  finished  avg MB/s  cur MB/s last lat(s)  avg lat(s)
    0       0         0         0         0         0           -           0
    1      47        47         0         0         0           -           0
    2      63        74        11   21.9955        22     1.90082     1.75813
    3      63       103        40   53.3234       116     2.24007     2.11071
    4      63       131        68   67.9878       112     2.27153     2.19284
    5      63       157        94   75.1868       104     1.98122      2.1735
    6      63       185       122   81.3193       112     1.68811     2.13852
    7      63       211       148   84.5571       104     3.86237     2.22581
    8      63       238       175   87.4853       108     1.88113     2.24421
    9      63       265       202   89.7628       108     1.82099      2.2561
   10      63       292       229   91.5849       108     3.82785     2.26497
   11      63       320       257   93.4393       112     1.85328     2.29383
   12      63       347       284   94.6488       108      3.6749     2.28436
   13      63       374       311   95.6608       108     1.84427     2.29787
   14      63       401       338   96.5408       108     1.80082     2.30408
   15      63       429       366   97.5699       112     3.72539     2.30057
   16      63       456       393   98.2207       108     2.03565     2.31383
   17      63       485       422   99.2653       116     1.79317     2.30409
   18      63       512       449   99.7495       108     1.75478     2.29994
   19      63       539       476   100.183       108     3.67356     2.30722
2026-07-07T23:03:35.196531+0800 min lat: 1.56487 max lat: 4.03639 avg lat: 2.30449
  sec Cur ops   started  finished  avg MB/s  cur MB/s last lat(s)  avg lat(s)
   20      63       567       504   100.773       112     1.89478     2.30449
   21      63       593       530   100.926       104     1.96427     2.30573
   22      63       622       559    101.61       116     1.78978     2.30572
   23      63       648       585   101.713       104     1.80776     2.30679
   24      63       675       612   101.974       108     2.02051     2.31911
   25      63       702       639   102.215       108     1.70245     2.31733
   26      63       731       668   102.744       116     1.81607     2.31456
   27      63       759       696   103.086       112     3.62589     2.32428
   28      63       784       721   102.975       100     1.81557     2.31749
   29      63       813       750   103.424       116     1.80499     2.31953
   30      63       839       776   103.443       104     1.74316     2.31919
   31      63       866       803   103.589       108     3.57796     2.32059
   32      63       895       832   103.976       116     1.88718     2.32457
   33      63       921       858   103.977       104     1.95794      2.3243
   34      63       948       885   104.094       108     2.13884     2.32527
   35      63       975       912   104.205       108     4.09597     2.33284
   36      63      1000       937   104.088       100     1.75586     2.32161
   37      63      1029       966    104.41       116     4.00827      2.3254
   38      63      1053       990   104.188        96     2.13588     2.33653
   39      63      1081      1018   104.388       112     1.67853     2.33038
2026-07-07T23:03:55.199652+0800 min lat: 1.56487 max lat: 4.21957 avg lat: 2.33297
  sec Cur ops   started  finished  avg MB/s  cur MB/s last lat(s)  avg lat(s)
   40      63      1107      1044   104.378       104     1.66694     2.33297
   41      63      1135      1072   104.563       112     1.72216     2.33621
   42      63      1163      1100    104.74       112     3.61547     2.34046
   43      63      1191      1128   104.908       112     1.84467     2.33854
   44      63      1218      1155   104.978       108     1.64266     2.33228
   45      63      1245      1182   105.045       108     3.59958     2.33741
   46      63      1271      1208   105.022       104     1.67931     2.33613
   47      63      1297      1234       105       104     1.76819     2.33819
   48      63      1324      1261   105.062       108     3.36952     2.34025
   49      63      1351      1288   105.121       108     1.90564     2.34136
   50      63      1380      1317   105.339       116     3.63954     2.34374
   51      63      1406      1343   105.312       104      1.8376     2.33945
   52      63      1434      1371   105.441       112     1.82794     2.33973
   53      63      1462      1399   105.564       112     1.78464     2.34008
   54      63      1490      1427   105.683       112     1.78978     2.33857
   55      63      1518      1455   105.797       112     1.82105     2.33863
   56      63      1544      1481   105.765       104     1.75001     2.33977
   57      63      1572      1509   105.869       112     1.73293     2.33703
   58      63      1599      1536   105.906       108     1.89516     2.34044
   59      63      1627      1564   106.009       112     1.83315     2.34018
2026-07-07T23:04:15.205335+0800 min lat: 1.56487 max lat: 4.21957 avg lat: 2.33865
  sec Cur ops   started  finished  avg MB/s  cur MB/s last lat(s)  avg lat(s)
   60      63      1653      1590   105.975       104     2.05667     2.33865
   61      63      1681      1618   106.073       112     2.16834     2.34291
   62      63      1708      1645   106.104       108     2.04782     2.33971
   63      63      1734      1671    106.07       104     1.99697     2.34273
   64      63      1761      1698     106.1       108     1.80672     2.33838
   65      63      1788      1725   106.129       108     1.94723     2.34237
   66      63      1814      1751   106.097       104     1.94911     2.34359
   67      63      1842      1779   106.185       112     1.65113      2.3401
   68      63      1869      1806   106.211       108     3.66897      2.3434
   69      63      1896      1833   106.237       108     1.85983     2.34638
   70      63      1924      1861   106.319       112     1.72495     2.34305
   71      63      1951      1888   106.342       108     1.74511     2.34301
   72      63      1979      1916   106.421       112     1.90748      2.3437
   73      63      2005      1942   106.387       104     1.88122     2.34404
   74      63      2031      1968   106.355       104     3.75172     2.34334
   75      63      2056      1993    106.27       100     3.83833     2.34615
   76      63      2084      2021   106.345       112     3.71381     2.34689
   77      63      2112      2049   106.418       112     3.71944     2.34616
   78      63      2141      2078   106.541       116     1.69863     2.34691
   79      63      2168      2105   106.559       108     1.59748     2.34362
2026-07-07T23:04:35.208315+0800 min lat: 1.56487 max lat: 4.21957 avg lat: 2.3459
  sec Cur ops   started  finished  avg MB/s  cur MB/s last lat(s)  avg lat(s)
   80      63      2193      2130   106.477       100     3.50393      2.3459
   81      63      2221      2158   106.545       112     1.99115     2.34791
   82      63      2251      2188   106.709       120     1.60509     2.34294
   83      63      2277      2214   106.676       104      3.7558     2.34566
   84      63      2303      2240   106.644       104     1.95746     2.34658
   85      63      2329      2266   106.613       104     3.63724     2.34772
   86      63      2357      2294   106.675       112     3.75607     2.34566
   87      63      2384      2321    106.69       108     1.92921     2.34848
   88      63      2413      2350   106.796       116     1.98666     2.34734
   89      63      2439      2376   106.764       104     1.85722     2.34699
   90      63      2468      2405   106.867       116     3.58697     2.34481
   91      63      2493      2430   106.791       100     1.86184     2.34614
   92      63      2521      2458   106.847       112     1.65535     2.34573
   93      63      2548      2485    106.86       108     1.66597     2.34595
   94      63      2576      2513   106.913       112     3.29717     2.34727
   95      63      2604      2541   106.966       112     1.95432     2.34607
   96      63      2631      2568   106.977       108     2.12864     2.34784
   97      63      2659      2596   107.029       112     3.66991     2.34536
   98      63      2688      2625    107.12       116     3.73653     2.34297
   99      63      2716      2653   107.169       112     1.87404     2.34526
2026-07-07T23:04:55.212307+0800 min lat: 1.52135 max lat: 4.21957 avg lat: 2.3446
  sec Cur ops   started  finished  avg MB/s  cur MB/s last lat(s)  avg lat(s)
  100      63      2743      2680   107.177       108     1.81084      2.3446
  101      63      2769      2706   107.146       104     3.64027      2.3434
  102      63      2797      2734   107.193       112     1.76246     2.34307
  103      63      2824      2761   107.201       108      1.8997     2.34351
  104      63      2850      2787    107.17       104     1.92338     2.34487
  105      63      2877      2814   107.178       108     1.75827     2.34421
  106      63      2905      2842   107.223       112      1.6805     2.34512
  107      63      2932      2869    107.23       108     1.78731     2.34527
  108      63      2958      2895     107.2       104     1.93607     2.34611
  109      63      2987      2924   107.281       116     1.98558     2.34583
  110      63      3015      2952   107.323       112     1.87163     2.34487
  111      63      3039      2976   107.221        96      1.8603     2.34448
  112      63      3068      3005   107.299       116     3.48995     2.34432
  113      63      3096      3033   107.341       112     1.80423     2.34468
  114      63      3122      3059   107.311       104     3.62855     2.34688
  115      63      3148      3085   107.282       104     1.96669     2.34568
  116      63      3175      3112   107.288       108     1.97357     2.34612
  117      63      3203      3140   107.329       112     3.75385     2.34629
  118      63      3229      3166     107.3       104     1.79715     2.34541
  119      63      3257      3194    107.34       112     3.66728     2.34733
2026-07-07T23:05:15.215357+0800 min lat: 1.52135 max lat: 4.21957 avg lat: 2.34625
  sec Cur ops   started  finished  avg MB/s  cur MB/s last lat(s)  avg lat(s)
  120      63      3285      3222   107.378       112     1.82519     2.34625
Total time run:       120.888
Total reads made:     3286
Read size:            4194304
Object size:          4194304
Bandwidth (MB/sec):   108.729
Average IOPS:         27
Stddev IOPS:          3.39698
Max IOPS:             30
Min IOPS:             0
Average Latency(s):   2.32982
Max latency(s):       4.21957
Min latency(s):       0.202016
[2026-07-07 23:05:16] END: rand read 4M r2
[2026-07-07 23:05:16] ---- rand read 4M round 3 ----
[2026-07-07 23:05:28] Health: HEALTH_OK
[2026-07-07 23:05:28] START: rados bench -p juicefs-data 120 rand -t 64
hints = 1
  sec Cur ops   started  finished  avg MB/s  cur MB/s last lat(s)  avg lat(s)
    0       0         0         0         0         0           -           0
    1      47        47         0         0         0           -           0
    2      63        75        12   23.9957        24     1.92053     1.76207
    3      63       103        40   53.3244       112     2.23835     2.09976
    4      63       131        68   67.9891       112     2.32198     2.17984
    5      63       161        98   78.3878       120     2.27022     2.20921
    6      63       187       124   82.6536       104     2.25888     2.22722
    7      63       214       151   86.2729       108     2.32481     2.24222
    8      63       243       180   89.9866       116     2.11448     2.23087
    9      63       269       206   91.5421       104      4.2863     2.23043
   10      63       297       234   93.5863       112     1.77618     2.22748
   11      63       326       263    95.622       116     1.65845     2.22729
   12      63       354       291   96.9853       112     1.79364     2.23435
   13      63       381       318   97.8313       108     1.95955      2.2598
   14      63       406       343   97.9854       100      1.8949     2.24973
   15      63       435       372   99.1855       116     1.91875     2.26352
   16      63       462       399   99.7354       108     1.78591     2.26552
   17      63       489       426    100.22       108     3.61928      2.2775
   18      63       516       453   100.648       108     1.62105     2.27649
   19      63       542       479   100.823       104     1.87485     2.28664
2026-07-07T23:05:48.557975+0800 min lat: 1.5498 max lat: 4.30466 avg lat: 2.29485
  sec Cur ops   started  finished  avg MB/s  cur MB/s last lat(s)  avg lat(s)
   20      63       568       505   100.981       104     2.04215     2.29485
   21      63       594       531   101.123       104     1.93622     2.31109
   22      63       622       559   101.617       112     1.62617     2.29294
   23      63       650       587   102.068       112     1.81219     2.30798
   24      63       678       615   102.481       112     1.79693     2.31001
   25      63       705       642   102.701       108     3.67748      2.3104
   26      63       732       669   102.904       108     1.91345     2.31238
   27      63       760       697   103.241       112      1.7482     2.30534
   28      63       787       724    103.41       108     1.83629     2.30544
   29      63       814       751   103.568       108     1.91681     2.31565
   30      63       840       777   103.581       104     3.76189     2.31304
   31      63       867       804   103.723       108     3.61517     2.31563
   32      63       895       832   103.982       112     1.68962     2.31878
   33      63       922       859   104.103       108      3.5787     2.31462
   34      63       948       885   104.099       104     2.07553     2.32457
   35      63       975       912    104.21       108     1.74812     2.32187
   36      63      1002       939   104.315       108      1.7757      2.3182
   37      63      1027       964   104.198       100     3.94864      2.3316
   38      63      1054       991   104.298       108     1.75635     2.33179
   39      63      1083      1020   104.597       116     1.62447     2.32435
2026-07-07T23:06:08.560964+0800 min lat: 1.5498 max lat: 4.30466 avg lat: 2.33626
  sec Cur ops   started  finished  avg MB/s  cur MB/s last lat(s)  avg lat(s)
   40      63      1109      1046   104.582       104     3.58274     2.33626
   41      63      1138      1075    104.86       116     1.71154     2.33173
   42      63      1165      1102   104.934       108      1.8007     2.33002
   43      63      1191      1128   104.912       104     3.78502     2.33509
   44      63      1218      1155   104.982       108     2.01211      2.3346
   45      63      1247      1184   105.227       116     1.86005     2.33304
   46      63      1271      1208   105.026        96      1.9675     2.33339
   47      63      1299      1236   105.174       112     3.58449     2.33646
   48      63      1326      1263   105.232       108     1.72621     2.33227
   49      63      1355      1292   105.452       116     1.97458     2.33887
   50      63      1381      1318   105.422       104     1.88811     2.33721
   51      63      1408      1345   105.472       108     1.74814     2.33726
   52      63      1435      1372   105.521       108      3.3845     2.33699
   53      63      1463      1400   105.643       112     1.72599     2.33813
   54      63      1490      1427   105.686       108     3.44748     2.33793
   55      63      1515      1452   105.582       100     1.75703     2.33817
   56      63      1544      1481   105.768       116     3.54746     2.34111
   57      63      1571      1508   105.807       108     3.43668     2.33868
   58      63      1599      1536   105.911       112     1.74236     2.33834
   59      63      1624      1561   105.811       100     1.89796     2.34281
2026-07-07T23:06:28.565317+0800 min lat: 1.52587 max lat: 4.30466 avg lat: 2.33897
  sec Cur ops   started  finished  avg MB/s  cur MB/s last lat(s)  avg lat(s)
   60      63      1652      1589   105.914       112     1.61111     2.33897
   61      63      1679      1616   105.947       108     1.83328     2.34083
   62      63      1705      1642   105.916       104     1.85759     2.34326
   63      63      1733      1670   106.012       112     1.85415     2.34161
   64      63      1760      1697   106.043       108     1.86254     2.34285
   65      63      1789      1726   106.196       116     1.92696     2.34009
   66      63      1816      1753   106.223       108     3.91614      2.3437
   67      63      1843      1780   106.249       108     1.86813     2.34227
   68      63      1871      1808   106.333       112      1.8117     2.33851
   69      63      1900      1837   106.473       116     1.90207     2.34018
   70      63      1926      1863   106.438       104     1.96649     2.34007
   71      63      1953      1890   106.459       108      1.8686     2.34063
   72      63      1979      1916   106.425       104     1.84341     2.34012
   73      63      2008      1945   106.556       116     1.85642     2.34297
   74      63      2034      1971   106.521       104     1.78219     2.34211
   75      63      2062      1999   106.594       112     1.73999      2.3398
   76      63      2089      2026   106.612       108     3.69531     2.34208
   77      63      2117      2054   106.682       112     1.85116     2.34232
   78      63      2142      2079   106.596       100     3.61514      2.3406
   79      63      2169      2106   106.614       108     1.77194     2.34228
2026-07-07T23:06:48.568545+0800 min lat: 1.52587 max lat: 4.30466 avg lat: 2.34284
  sec Cur ops   started  finished  avg MB/s  cur MB/s last lat(s)  avg lat(s)
   80      63      2198      2135   106.731       116     3.41088     2.34284
   81      63      2225      2162   106.746       108     1.77129     2.34149
   82      63      2252      2189   106.761       108     1.90897     2.34274
   83      63      2278      2215   106.728       104     3.82899     2.34366
   84      63      2305      2242   106.743       108     1.95968     2.34319
   85      63      2334      2271   106.852       116     3.89103     2.34315
   86      63      2362      2299   106.911       112     1.96875      2.3428
   87      63      2390      2327    106.97       112     1.86395     2.34356
   88      63      2417      2354   106.981       108     1.84657     2.34153
   89      63      2444      2381   106.992       108      1.8397     2.34223
   90      63      2471      2408   107.003       108     3.73776     2.34201
   91      63      2500      2437   107.102       116     1.92202     2.34124
   92      63      2527      2464   107.112       108     2.13199      2.3416
   93      63      2556      2493   107.207       116     1.98313     2.34183
   94      63      2583      2520   107.215       108     1.73519     2.33899
   95      63      2612      2549   107.308       116     1.78366     2.33872
   96      63      2639      2576   107.315       108     1.81444     2.33854
   97      63      2669      2606   107.445       120     1.79192     2.33729
   98      63      2696      2633   107.451       108     3.74497     2.33869
   99      63      2722      2659   107.416       104     1.75608     2.33615
2026-07-07T23:07:08.571450+0800 min lat: 1.52587 max lat: 4.30466 avg lat: 2.33645
  sec Cur ops   started  finished  avg MB/s  cur MB/s last lat(s)  avg lat(s)
  100      63      2752      2689   107.541       120     1.85541     2.33645
  101      63      2776      2713   107.427        96     3.78808      2.3374
  102      63      2804      2741   107.472       112     1.88212     2.33711
  103      63      2831      2768   107.477       108     1.80323      2.3368
  104      63      2858      2795   107.482       108     1.73965     2.33728
  105      63      2887      2824   107.563       116     1.98893     2.33851
  106      63      2914      2851   107.567       108        3.83     2.34024
  107      63      2942      2879   107.608       112     1.72142     2.33702
  108      63      2967      2904   107.537       100     3.59724     2.33657
  109      63      2995      2932   107.578       112     1.90659     2.33846
  110      63      3020      2957   107.509       100     1.93863     2.33887
  111      63      3048      2985   107.549       112     1.88624     2.33924
  112      63      3074      3011   107.517       104     1.76456     2.33864
  113      63      3101      3038   107.521       108     3.56917     2.33998
  114      63      3127      3064   107.488       104     1.78548     2.34041
  115      63      3154      3091   107.493       108     1.85911     2.34126
  116      63      3178      3115   107.393        96     1.94488     2.34254
  117      63      3207      3144   107.467       116     1.87745     2.34242
  118      63      3234      3171   107.471       108     1.65347     2.34276
  119      63      3261      3198   107.475       108     3.60574     2.34286
2026-07-07T23:07:28.576814+0800 min lat: 1.52587 max lat: 4.30466 avg lat: 2.34407
  sec Cur ops   started  finished  avg MB/s  cur MB/s last lat(s)  avg lat(s)
  120      63      3287      3224   107.446       104     1.80901     2.34407
Total time run:       120.858
Total reads made:     3288
Read size:            4194304
Object size:          4194304
Bandwidth (MB/sec):   108.822
Average IOPS:         27
Stddev IOPS:          3.38306
Max IOPS:             30
Min IOPS:             0
Average Latency(s):   2.32784
Max latency(s):       4.30466
Min latency(s):       0.238353
[2026-07-07 23:07:29] END: rand read 4M r3
[2026-07-07 23:07:42] Health: HEALTH_OK
[2026-07-07 23:07:42] Block size 4M done.
[2026-07-07 23:07:42] ==============================================
[2026-07-07 23:07:42] Exp 2: BLOCK SIZE MATRIX COMPLETE
[2026-07-07 23:07:42] ==============================================
