bash: warning: setlocale: LC_ALL: cannot change locale (zh_CN.utf8)
[2026-07-07 19:11:38] ==============================================
[2026-07-07 19:11:38] Exp 2A: Concurrency scan START
[2026-07-07 19:11:38] Pool=juicefs-data BS=256K Duration=300s Concurrency=16,32,64,128 Rounds=3
[2026-07-07 19:11:38] ==============================================
[2026-07-07 19:11:38] ==========================================
[2026-07-07 19:11:38] 2A: concurrency=16
[2026-07-07 19:11:38] ==========================================
[2026-07-07 19:11:38] ---- t16 round 1 ----
[2026-07-07 19:11:38] Cleaning pool juicefs-data (before: B objects)...
[2026-07-07 19:11:38] Pool cleanup done (after: B objects).
[2026-07-07 19:11:38] Compacting all OSDs...
[2026-07-07 19:11:49] Compaction triggered.
[2026-07-07 19:11:49]   osd.0: queue_len=0 running=0
[2026-07-07 19:11:50]   osd.1: queue_len=0 running=0
[2026-07-07 19:11:50]   osd.2: queue_len=0 running=0
[2026-07-07 19:11:51]   osd.3: queue_len=0 running=0
[2026-07-07 19:11:51]   osd.4: queue_len=0 running=0
[2026-07-07 19:11:52]   osd.5: queue_len=0 running=0
[2026-07-07 19:11:52] Health: HEALTH_OK
[2026-07-07 19:11:53] START bench: rados bench -p juicefs-data 300 write -b 256K -t 16 --no-cleanup
[2026-07-07 19:11:53] Output -> /home/turboai/production/results/backend-rados-fulldiag-20260708/exp1-concurrency/256k-t16-r1.txt
hints = 1
Maintaining 16 concurrent writes of 262144 bytes to objects of size 262144 for up to 300 seconds or 0 objects
Object prefix: benchmark_data_tikv-node_3565914
  sec Cur ops   started  finished  avg MB/s  cur MB/s last lat(s)  avg lat(s)
    0       0         0         0         0         0           -           0
    1      16       454       438   109.489     109.5   0.0181173   0.0355791
    2      16       900       884   110.488     111.5   0.0194764   0.0357518
    3      16      1349      1333   111.071    112.25   0.0629917   0.0357079
    4      16      1794      1778   111.111    111.25   0.0275681   0.0357472
    5      16      2245      2229   111.436    112.75    0.021377   0.0357152
    6      16      2693      2677   111.528       112   0.0769142   0.0357199
    7      16      3138      3122   111.486    111.25   0.0433843   0.0357725
    8      16      3585      3569   111.517    111.75   0.0689961   0.0357451
    9      16      4035      4019   111.625     112.5   0.0154507    0.035749
   10      16      4482      4466   111.636    111.75   0.0228238   0.0357499
   11      16      4930      4914   111.667       112   0.0122859   0.0357528
   12      16      5375      5359   111.631    111.25   0.0654547    0.035762
   13      16      5719      5703   109.659        86   0.0243146    0.036404
   14      16      5942      5926   105.807     55.75   0.0225212   0.0376641
   15      16      6160      6144   102.386      54.5   0.0233695   0.0389473
   16      16      6381      6365   99.4395     55.25   0.0247392    0.040138
   17      16      6608      6592   96.9279     56.75   0.0768211   0.0412318
   18      16      6839      6823   94.7508     57.75   0.0872711   0.0421938
   19      16      7215      7199   94.7106        94   0.0327732   0.0421556
2026-07-07T19:12:14.019790+0800 min lat: 0.00865127 max lat: 0.143453 avg lat: 0.0429664
  sec Cur ops   started  finished  avg MB/s  cur MB/s last lat(s)  avg lat(s)
   20      16      7450      7434    92.912     58.75   0.0302135   0.0429664
   21      16      7676      7660   91.1775      56.5   0.0280428   0.0437483
   22      16      7879      7863   89.3395     50.75    0.157326    0.044473
   23      16      8222      8206   89.1828     85.75   0.0146753    0.044786
   24      16      8442      8426   87.7582        55   0.0754568   0.0455526
   25      16      8664      8648   86.4675      55.5   0.0449636    0.046173
   26      16      8913      8897   85.5357     62.25   0.0321713   0.0467237
   27      16      9140      9124   84.4692     56.75   0.0426458   0.0471903
   28      16      9363      9347   83.4432     55.75   0.0448602    0.047818
   29      16      9603      9587   82.6345        60   0.0230774    0.048293
   30      16      9850      9834   81.9381     61.75    0.014827   0.0487894
   31      16     10071     10055   81.0769     55.25   0.0265214   0.0493004
   32      16     10291     10275   80.2617        55    0.023601   0.0497932
   33      16     10514     10498   79.5187     55.75   0.0205041   0.0502238
   34      16     10723     10707   78.7164     52.25    0.030591   0.0507663
   35      16     10941     10925   78.0243      54.5    0.027047   0.0511966
   36      16     11164     11148   77.4053     55.75   0.0409519   0.0516172
   37      16     11389     11373   76.8333     56.25   0.0238136   0.0519691
   38      16     11590     11574   76.1335     50.25   0.0732518   0.0524198
   39      16     11815     11799   75.6235     56.25   0.0152443   0.0528206
2026-07-07T19:12:34.022861+0800 min lat: 0.00732033 max lat: 0.171768 avg lat: 0.0531607
  sec Cur ops   started  finished  avg MB/s  cur MB/s last lat(s)  avg lat(s)
   40      16     12038     12022   75.1265     55.75   0.0283405   0.0531607
   41      16     12262     12246   74.6597        56    0.110813   0.0535653
   42      16     12476     12460   74.1557      53.5   0.0652751   0.0538573
   43      16     12707     12691    73.774     57.75   0.0181594    0.054187
   44      16     12929     12913   73.3585      55.5   0.0134499   0.0544602
   45      16     13135     13119   72.8726      51.5   0.0561536   0.0547993
   46      16     13366     13350   72.5437     57.75   0.0433298   0.0550906
   47      16     13587     13571   72.1757     55.25   0.0883097   0.0553734
   48      16     13822     13806   71.8958     58.75   0.0915684    0.055622
   49      16     14036     14020   71.5202      53.5   0.0178399    0.055885
   50      16     14258     14242   71.1996      55.5    0.016526   0.0561561
   51      16     14477     14461   70.8769     54.75   0.0279719   0.0563936
   52      16     14713     14697   70.6483        59   0.0123608   0.0565925
   53      16     14923     14907   70.3058      52.5    0.036206    0.056827
   54      16     15145     15129   70.0314      55.5   0.0304201   0.0570711
   55      16     15365     15349    69.758        55   0.0621615   0.0572613
   56      16     15602     15586   69.5702     59.25   0.0965869   0.0574682
   57      16     15823     15807   69.3189     55.25   0.0711751   0.0576912
   58      16     16043     16027   69.0718        55   0.0818667    0.057898
   59      16     16276     16260   68.8882     58.25   0.0777271    0.058054
2026-07-07T19:12:54.025797+0800 min lat: 0.00732033 max lat: 0.218123 avg lat: 0.0581323
  sec Cur ops   started  finished  avg MB/s  cur MB/s last lat(s)  avg lat(s)
   60      16     16520     16504   68.7566        61    0.050342   0.0581323
   61      16     16743     16727   68.5432     55.75   0.0580351   0.0582799
   62      16     16968     16952   68.3448     56.25   0.0440817   0.0584778
   63      16     17191     17175   68.1448     55.75    0.011869   0.0586642
   64      16     17374     17358   67.7947     45.75   0.0133158   0.0589697
   65      16     17563     17547   67.4786     47.25    0.012456    0.059261
   66      16     17753     17737   67.1758      47.5   0.0136379   0.0595087
   67      16     17975     17959   67.0015      55.5   0.0805741   0.0596894
   68      16     18180     18164   66.7697     51.25   0.0305633   0.0598276
   69      16     18419     18403   66.6679     59.75   0.0184595   0.0599593
   70      16     18632     18616   66.4761     53.25   0.0338707   0.0601321
   71      16     18832     18816   66.2439        50   0.0228133    0.060253
   72      16     19078     19062   66.1779      61.5   0.0485235   0.0603955
   73      16     19302     19286   66.0384        56   0.0468682   0.0605229
   74      16     19512     19496   65.8553      52.5   0.0726244   0.0606767
   75      16     19733     19717   65.7138     55.25   0.0258439   0.0608023
   76      16     19971     19955   65.6319      59.5   0.0380629   0.0609107
   77      16     20185     20169   65.4743      53.5   0.0213184   0.0610392
   78      16     20411     20395   65.3591      56.5   0.0863712   0.0611611
   79      16     20634     20618   65.2374     55.75   0.0404855   0.0612858
2026-07-07T19:13:14.028609+0800 min lat: 0.00732033 max lat: 0.218123 avg lat: 0.0613905
  sec Cur ops   started  finished  avg MB/s  cur MB/s last lat(s)  avg lat(s)
   80      16     20857     20841   65.1187     55.75   0.0186508   0.0613905
   81      16     21069     21053    64.969        53    0.167723   0.0615594
   82      16     21297     21281   64.8717        57   0.0397436   0.0616245
   83      16     21513     21497   64.7406        54   0.0118275   0.0617679
   84      16     21732     21716   64.6215     54.75   0.0228805   0.0618651
   85      16     21960     21944   64.5318        57   0.0192482   0.0619613
   86      16     22189     22173    64.447     57.25   0.0117789   0.0620399
   87      16     22392     22376   64.2895     50.75   0.0157328   0.0621746
   88      16     22612     22596   64.1838        55   0.0234738   0.0622733
   89      16     22841     22825   64.1058     57.25   0.0758495   0.0623522
   90      16     23095     23079    64.099      63.5   0.0585611   0.0623493
   91      16     23309     23293   63.9824      53.5   0.0504383   0.0624709
   92      16     23527     23511   63.8793      54.5   0.0464022   0.0625592
   93      16     23754     23738   63.8025     56.75   0.0230208   0.0626387
   94      16     23972     23956   63.7035      54.5   0.0355176   0.0627534
   95      16     24191     24175   63.6091     54.75   0.0226494    0.062837
   96      16     24418     24402   63.5376     56.75   0.0736805   0.0629392
   97      16     24644     24628    63.465      56.5   0.0430141   0.0630006
   98      16     24850     24834   63.3428      51.5   0.0505388   0.0630994
   99      16     25071     25055    63.261     55.25   0.0201345    0.063192
2026-07-07T19:13:34.031475+0800 min lat: 0.00732033 max lat: 0.218123 avg lat: 0.0632784
  sec Cur ops   started  finished  avg MB/s  cur MB/s last lat(s)  avg lat(s)
  100      16     25300     25284   63.2008     57.25   0.0114916   0.0632784
  101      16     25527     25511   63.1369     56.75   0.0117542   0.0633424
  102      16     25725     25709   63.0031      49.5   0.0257637   0.0634412
  103      16     25945     25929   62.9254        55   0.0263517   0.0635214
  104      16     26176     26160   62.8755     57.75   0.0217483   0.0636003
  105      16     26409     26393   62.8314     58.25   0.0328237   0.0636402
  106      16     26607     26591   62.7056      49.5    0.027238   0.0637581
  107      16     26820     26804   62.6172     53.25    0.023926   0.0638298
  108      16     27058     27042   62.5882      59.5   0.0131799   0.0638878
  109      16     27272     27256   62.5048      53.5   0.0613494   0.0639542
  110      16     27487     27471   62.4251     53.75   0.0158773   0.0640597
  111      16     27695     27679   62.3311        52   0.0513214   0.0641304
  112      16     27928     27912   62.2946     58.25   0.0178521   0.0641776
  113      16     28143     28127   62.2189     53.75    0.028242   0.0642667
  114      16     28344     28328   62.1139     50.25    0.025423   0.0643398
  115      16     28571     28555   62.0672     56.75   0.0220732   0.0644274
  116      16     28792     28776   62.0083     55.25   0.0176033   0.0644849
  117      16     29194     29178   62.3372     100.5   0.0398847   0.0641498
  118      16     29640     29624   62.7537     111.5   0.0630429   0.0637215
  119      16     29909     29893   62.7914     67.25   0.0166446   0.0636898
2026-07-07T19:13:54.034196+0800 min lat: 0.00732033 max lat: 0.218123 avg lat: 0.0636668
  sec Cur ops   started  finished  avg MB/s  cur MB/s last lat(s)  avg lat(s)
  120      16     30160     30144    62.791     62.75   0.0565885   0.0636668
  121      16     30398     30382   62.7637      59.5   0.0650252   0.0636975
  122      16     30623     30607   62.7103     56.25   0.0895251   0.0637725
  123      16     30848     30832   62.6577     56.25    0.020371   0.0638053
  124      16     31067     31051   62.5939     54.75   0.0722557   0.0638933
  125      16     31283     31267    62.525        54   0.0283018   0.0639554
  126      16     31505     31489   62.4692      55.5    0.015772   0.0640126
  127      16     31739     31723   62.4379      58.5   0.0910801   0.0640558
  128      16     31943     31927   62.3485        51   0.0264905   0.0641199
  129      16     32154     32138    62.274     52.75   0.0300999   0.0642004
  130      16     32373     32357   62.2161     54.75   0.0432729   0.0642514
  131      16     32596     32580   62.1667     55.75   0.0906548   0.0642963
  132      16     32832     32816   62.1426        59   0.0454447   0.0643447
  133      16     33048     33032   62.0813        54    0.026529   0.0643949
  134      16     33282     33266   62.0546      58.5   0.0901578   0.0644435
  135      16     33488     33472   61.9763      51.5    0.078743   0.0645037
  136      16     33712     33696   61.9323        56    0.065348   0.0645569
  137      16     33939     33923   61.8944     56.75   0.0158959    0.064609
  138      16     34165     34149   61.8553      56.5   0.0346198   0.0646448
  139      16     34439     34423    61.903      68.5   0.0188939   0.0646005
2026-07-07T19:14:14.036966+0800 min lat: 0.00732033 max lat: 0.218123 avg lat: 0.0644797
  sec Cur ops   started  finished  avg MB/s  cur MB/s last lat(s)  avg lat(s)
  140      16     34743     34727   62.0037        76    0.036965   0.0644797
  141      16     34965     34949   61.9575      55.5   0.0633488   0.0645301
  142      16     35204     35188   61.9419     59.75   0.0947503   0.0645666
  143      16     35561     35545   62.1328     89.25   0.0210379   0.0643629
  144      16     35909     35893   62.3054        87   0.0237426   0.0641834
  145      16     36138     36122   62.2705     57.25   0.0352757   0.0642162
  146      16     36358     36342   62.2206        55   0.0194526   0.0642722
  147      16     36804     36788   62.5557     111.5   0.0387906   0.0639296
  148      16     37183     37167   62.7732     94.75   0.0164569   0.0637036
  149      16     37425     37409   62.7579      60.5   0.0136235   0.0637257
  150      16     37689     37673   62.7794        66   0.0540897   0.0636794
  151      16     37899     37883   62.7113      52.5   0.0118487   0.0637175
  152      16     38141     38125   62.6967      60.5   0.0232702    0.063771
  153      16     38376     38360   62.6708     58.75   0.0371989   0.0638092
  154      16     38596     38580    62.621        55   0.0224782   0.0638538
  155      16     38811     38795   62.5637     53.75   0.0505896   0.0639078
  156      16     39027     39011   62.5088        54   0.0259327   0.0639548
  157      16     39258     39242   62.4784     57.75   0.0368467   0.0639913
  158      16     39476     39460   62.4279      54.5   0.0158711   0.0640589
  159      16     39685     39669   62.3638     52.25   0.0176886   0.0641056
2026-07-07T19:14:34.039636+0800 min lat: 0.00732033 max lat: 0.218123 avg lat: 0.0641524
  sec Cur ops   started  finished  avg MB/s  cur MB/s last lat(s)  avg lat(s)
  160      16     39906     39890   62.3193     55.25   0.0621197   0.0641524
  161      16     40111     40095   62.2505     51.25   0.0440912   0.0641802
  162      16     40346     40330   62.2288     58.75    0.017537   0.0642545
  163      16     40563     40547   62.1798     54.25    0.017903   0.0643032
  164      16     40796     40780   62.1558     58.25   0.0169582   0.0643421
  165      16     41009     40993   62.1018     53.25   0.0754978   0.0644033
  166      16     41217     41201   62.0409        52   0.0251703   0.0644422
  167      16     41437     41421   61.9987        55   0.0178799   0.0644926
  168      16     41676     41660   61.9853     59.75    0.017024   0.0645208
  169      16     41890     41874    61.935      53.5   0.0154068   0.0645724
  170      16     42104     42088   61.8854      53.5    0.102007   0.0646217
  171      16     42302     42286   61.8129      49.5    0.175388   0.0646627
  172      16     42585     42569   61.8648     70.75    0.022043    0.064635
  173      16     42809     42793   61.8309        56   0.0884853   0.0646579
  174      16     43031     43015   61.7944      55.5   0.0298538    0.064703
  175      16     43240     43224   61.7399     52.25    0.129781   0.0647809
  176      16     43516     43500    61.781        69   0.0226981   0.0647312
  177      16     43737     43721   61.7441     55.25   0.0250002   0.0647671
  178      16     43957     43941   61.7062        55    0.021864   0.0648053
  179      16     44207     44191   61.7106      62.5   0.0432384   0.0647995
2026-07-07T19:14:54.042418+0800 min lat: 0.00732033 max lat: 0.2251 avg lat: 0.0647983
  sec Cur ops   started  finished  avg MB/s  cur MB/s last lat(s)  avg lat(s)
  180      16     44445     44429   61.6982      59.5   0.0429923   0.0647983
  181      16     44648     44632   61.6377     50.75   0.0813159   0.0648214
  182      16     44895     44879   61.6383     61.75    0.031521   0.0648685
  183      16     45140     45124   61.6361     61.25   0.0932208   0.0648894
  184      16     45338     45322   61.5701      49.5   0.0152434   0.0649437
  185      16     45561     45545   61.5386     55.75   0.0128186   0.0649853
  186      16     45780     45764   61.5021     54.75   0.0278696   0.0650241
  187      16     46012     45996   61.4833        58     0.02296   0.0650413
  188      16     46234     46218   61.4514      55.5   0.0158092   0.0650822
  189      16     46445     46429   61.4053     52.75   0.0817594   0.0651214
  190      16     46667     46651   61.3742      55.5   0.0420767   0.0651483
  191      16     46889     46873   61.3434      55.5     0.14217   0.0651921
  192      16     47108     47092   61.3091     54.75   0.0312139   0.0652198
  193      16     47339     47323   61.2906     57.75    0.082364   0.0652567
  194      16     47559     47543   61.2581        55   0.0217627   0.0652774
  195      16     47775     47759   61.2209        54   0.0222146   0.0653258
  196      16     47993     47977   61.1865      54.5   0.0223004   0.0653562
  197      16     48208     48192   61.1488     53.75   0.0667852   0.0653985
  198      16     48440     48424   61.1328        58   0.0215954   0.0654135
  199      16     48638     48622   61.0743      49.5   0.0432274   0.0654624
2026-07-07T19:15:14.045188+0800 min lat: 0.00732033 max lat: 0.2251 avg lat: 0.0655032
  sec Cur ops   started  finished  avg MB/s  cur MB/s last lat(s)  avg lat(s)
  200      16     48866     48850   61.0539        57   0.0166297   0.0655032
  201      16     49060     49044   60.9914      48.5    0.196886   0.0655764
  202      16     49342     49326   61.0384      70.5    0.016732   0.0655192
  203      16     49568     49552    61.016      56.5   0.0174582   0.0655264
  204      16     49803     49787   61.0049     58.75    0.015642   0.0655576
  205      16     50018     50002   60.9695     53.75   0.0290645   0.0655813
  206      16     50249     50233   60.9538     57.75   0.0270436   0.0656015
  207      16     50469     50453    60.925        55   0.0202128   0.0656393
  208      16     50682     50666   60.8881     53.25   0.0188674   0.0656689
  209      16     50915     50899   60.8754     58.25   0.0269248   0.0656917
  210      16     51147     51131   60.8617        58    0.059278   0.0656998
  211      16     51366     51350   60.8327     54.75  0.00736896   0.0657459
  212      16     51599     51583   60.8205     58.25   0.0442659   0.0657466
  213      16     51826     51810   60.8013     56.75   0.0709668   0.0657674
  214      16     52069     52053    60.801     60.75    0.019416   0.0657602
  215      16     52292     52276   60.7775     55.75   0.0187408   0.0657914
  216      16     52506     52490   60.7438      53.5   0.0221936   0.0658185
  217      16     52746     52730   60.7403        60    0.058495   0.0658367
  218      16     52965     52949   60.7128     54.75   0.0118938   0.0658744
  219      16     53186     53170   60.6878     55.25   0.0153052   0.0658992
2026-07-07T19:15:34.047874+0800 min lat: 0.00732033 max lat: 0.2251 avg lat: 0.0659235
  sec Cur ops   started  finished  avg MB/s  cur MB/s last lat(s)  avg lat(s)
  220      16     53406     53390   60.6619        55   0.0176439   0.0659235
  221      16     53652     53636   60.6657      61.5   0.0355336   0.0659234
  222      16     53890     53874   60.6604      59.5   0.0305037   0.0659236
  223      16     54105     54089   60.6294     53.75   0.0583658   0.0659517
  224      16     54327     54311   60.6064      55.5   0.0833965    0.065976
  225      16     54562     54546   60.5982     58.75   0.0699318   0.0659852
  226      16     54782     54766   60.5733        55   0.0388459   0.0660285
  227      16     54996     54980   60.5422      53.5   0.0260496   0.0660538
  228      16     55213     55197   60.5145     54.25   0.0509059   0.0660766
  229      16     55433     55417   60.4904        55   0.0553282   0.0660934
  230      16     55669     55653   60.4839        59   0.0943404    0.066122
  231      15     55868     55853   60.4385        50    0.175032   0.0661536
  232      16     56124     56108   60.4527     63.75   0.0575323   0.0661615
  233      16     56331     56315   60.4153     51.75   0.0549215   0.0661863
  234      16     56567     56551   60.4092        59   0.0253081    0.066198
  235      16     56787     56771   60.3862        55   0.0264325   0.0662218
  236      16     57026     57010   60.3835     59.75   0.0255578   0.0662306
  237      16     57251     57235    60.366     56.25   0.0142631   0.0662525
  238      16     57467     57451   60.3392        54   0.0178928   0.0662746
  239      16     57688     57672   60.3179     55.25   0.0828608   0.0662951
2026-07-07T19:15:54.050661+0800 min lat: 0.00732033 max lat: 0.2251 avg lat: 0.0663034
  sec Cur ops   started  finished  avg MB/s  cur MB/s last lat(s)  avg lat(s)
  240      16     57930     57914   60.3186      60.5   0.0220455   0.0663034
  241      16     58118     58102   60.2633        47    0.185029   0.0663678
  242      16     58347     58331   60.2509     57.25   0.0368275   0.0663676
  243      16     58577     58561   60.2395      57.5   0.0191852   0.0663835
  244      16     58801     58785   60.2221        56  0.00998333   0.0664003
  245      16     59003     58987   60.1824      50.5   0.0267267   0.0664371
  246      16     59229     59213   60.1674      56.5    0.103813   0.0664659
  247      16     59464     59448   60.1616     58.75   0.0108984    0.066478
  248      16     59670     59654   60.1267      51.5   0.0903004    0.066505
  249      16     59895     59879   60.1111     56.25   0.0379321   0.0665301
  250      16     60124     60108   60.0996     57.25   0.0190049   0.0665455
  251      16     60337     60321   60.0723     53.25   0.0338147   0.0665766
  252      16     60567     60551   60.0621      57.5   0.0198286   0.0665842
  253      16     60788     60772    60.043     55.25    0.080357   0.0666111
  254      16     61012     60996   60.0271        56   0.0709844   0.0666291
  255      16     61241     61225   60.0161     57.25   0.0232813    0.066633
  256      16     61455     61439   59.9907      53.5   0.0141633   0.0666657
  257      16     61674     61658   59.9702     54.75    0.013599   0.0666899
  258      16     61894     61878   59.9509        55   0.0283335   0.0667009
  259      16     62128     62112   59.9453      58.5   0.0177257    0.066708
2026-07-07T19:16:14.053231+0800 min lat: 0.00732033 max lat: 0.2251 avg lat: 0.0667419
  sec Cur ops   started  finished  avg MB/s  cur MB/s last lat(s)  avg lat(s)
  260      16     62331     62315   59.9099     50.75    0.087562   0.0667419
  261      16     62550     62534   59.8901     54.75    0.145054   0.0667831
  262      16     62782     62766   59.8829        58   0.0280403   0.0667791
  263      16     63000     62984   59.8624      54.5   0.0537514   0.0667976
  264      16     63234     63218   59.8572      58.5   0.0578731   0.0668045
  265      16     63460     63444   59.8445      56.5   0.0295453   0.0668241
  266      16     63690     63674   59.8356      57.5    0.065431   0.0668319
  267      16     63922     63906   59.8287        58   0.0173487   0.0668447
  268      16     64134     64118   59.8032        53   0.0202393   0.0668665
  269      16     64356     64340   59.7872      55.5   0.0297278    0.066887
  270      16     64594     64578   59.7861      59.5   0.0171662   0.0668952
  271      16     64799     64783   59.7546     51.25    0.145199   0.0669351
  272      16     65021     65005   59.7389      55.5   0.0157867   0.0669369
  273      16     65264     65248   59.7426     60.75   0.0490696   0.0669379
  274      16     65500     65484   59.7399        59   0.0175031   0.0669331
  275      16     65732     65716   59.7335        58   0.0243565   0.0669514
  276      16     65945     65929     59.71     53.25   0.0201319   0.0669709
  277      16     66181     66165   59.7074        59   0.0153702   0.0669813
  278      16     66398     66382   59.6877     54.25   0.0436016   0.0669989
  279      16     66610     66594   59.6638        53   0.0435855   0.0670171
2026-07-07T19:16:34.055894+0800 min lat: 0.00716892 max lat: 0.2251 avg lat: 0.0670413
  sec Cur ops   started  finished  avg MB/s  cur MB/s last lat(s)  avg lat(s)
  280      16     66832     66816   59.6489      55.5   0.0193953   0.0670413
  281      16     67049     67033   59.6296     54.25   0.0198165   0.0670706
  282      16     67274     67258   59.6176     56.25   0.0176581   0.0670746
  283      16     67497     67481   59.6039     55.75   0.0200301    0.067092
  284      16     67719     67703   59.5894      55.5   0.0711257   0.0671081
  285      16     67960     67944   59.5917     60.25    0.016295    0.067113
  286      16     68163     68147   59.5608     50.75   0.0908756   0.0671347
  287      16     68396     68380   59.5562     58.25   0.0514529   0.0671579
  288      16     68621     68605   59.5447     56.25   0.0238853   0.0671657
  289      16     68838     68822   59.5263     54.25    0.149305    0.067191
  290      16     69071     69055   59.5219     58.25   0.0175843   0.0671934
  291      16     69267     69251   59.4857        49    0.197197   0.0672371
  292      16     69519     69503   59.4977        63   0.0239144   0.0672197
  293      16     69736     69720   59.4798     54.25   0.0621757   0.0672425
  294      16     69957     69941   59.4654     55.25   0.0197589   0.0672534
  295      16     70171     70155   59.4451      53.5   0.0191731   0.0672722
  296      16     70410     70394   59.4461     59.75   0.0774475   0.0672822
  297      16     70618     70602    59.421        52   0.0179892   0.0673082
  298      16     70834     70818   59.4028        54   0.0155477    0.067324
  299      16     71053     71037   59.3872     54.75   0.0404722   0.0673386
Total time run:         300.02
Total writes made:      71274
Write size:             262144
Object size:            262144
Bandwidth (MB/sec):     59.391
Stddev Bandwidth:       13.2909
Max bandwidth (MB/sec): 112.75
Min bandwidth (MB/sec): 45.75
Average IOPS:           237
Stddev IOPS:            53.1638
Max IOPS:               451
Min IOPS:               183
Average Latency(s):     0.0673453
Stddev Latency(s):      0.0312447
Max latency(s):         0.2251
Min latency(s):         0.00716892
[2026-07-07 19:16:54] END bench: t16 r1
[2026-07-07 19:16:54] Cleaning pool juicefs-data (before: GiB objects)...
[2026-07-07 19:17:17] Pool cleanup done (after: GiB objects).
[2026-07-07 19:17:17] Compacting all OSDs...
[2026-07-07 19:17:28] Compaction triggered.
[2026-07-07 19:17:28] Round 1 done.
[2026-07-07 19:17:28] ---- t16 round 2 ----
[2026-07-07 19:17:28] Cleaning pool juicefs-data (before: B objects)...
[2026-07-07 19:17:29] Pool cleanup done (after: B objects).
[2026-07-07 19:17:29] Compacting all OSDs...
[2026-07-07 19:17:40] Compaction triggered.
[2026-07-07 19:17:40]   osd.0: queue_len=0 running=0
[2026-07-07 19:17:41]   osd.1: queue_len=0 running=0
[2026-07-07 19:17:41]   osd.2: queue_len=0 running=0
[2026-07-07 19:17:42]   osd.3: queue_len=0 running=0
[2026-07-07 19:17:42]   osd.4: queue_len=0 running=0
[2026-07-07 19:17:43]   osd.5: queue_len=0 running=0
[2026-07-07 19:17:43] Health: HEALTH_OK
[2026-07-07 19:17:43] START bench: rados bench -p juicefs-data 300 write -b 256K -t 16 --no-cleanup
[2026-07-07 19:17:43] Output -> /home/turboai/production/results/backend-rados-fulldiag-20260708/exp1-concurrency/256k-t16-r2.txt
hints = 1
Maintaining 16 concurrent writes of 262144 bytes to objects of size 262144 for up to 300 seconds or 0 objects
Object prefix: benchmark_data_tikv-node_3596958
  sec Cur ops   started  finished  avg MB/s  cur MB/s last lat(s)  avg lat(s)
    0       0         0         0         0         0           -           0
    1      16       455       439   109.733    109.75   0.0175674   0.0354005
    2      16       901       885   110.611     111.5   0.0346605    0.035767
    3      16      1350      1334   111.153    112.25   0.0178399   0.0356933
    4      16      1796      1780   111.235     111.5   0.0202282   0.0357511
    5      16      2244      2228   111.385       112   0.0305013   0.0357628
    6      16      2694      2678   111.568     112.5   0.0581421   0.0356918
    7      16      3003      2987   106.664     77.25   0.0552638   0.0371578
    8      16      3223      3207   100.204        55    0.026264    0.039694
    9      16      3454      3438   95.4867     57.75   0.0276596   0.0417089
   10      16      3670      3654   91.3376        54    0.073339   0.0434728
   11      16      3895      3879   88.1473     56.25   0.0486192   0.0453442
   12      16      4125      4109   85.5925      57.5   0.0846963   0.0464563
   13      16      4345      4329   83.2387        55   0.0178741   0.0477383
   14      16      4578      4562   81.4531     58.25   0.0131979   0.0490556
   15      16      4797      4781   79.6724     54.75   0.0344717    0.050032
   16      16      5025      5009   78.2548        57   0.0529913   0.0511017
   17      16      5228      5212   76.6364     50.75    0.080405   0.0519543
   18      16      5447      5431     75.42     54.75   0.0277614   0.0527755
   19      16      5688      5672   74.6212     60.25   0.0895338   0.0535348
2026-07-07T19:18:04.117394+0800 min lat: 0.00760411 max lat: 0.203747 avg lat: 0.0542642
  sec Cur ops   started  finished  avg MB/s  cur MB/s last lat(s)  avg lat(s)
   20      16      5908      5892   73.6398        55   0.0170684   0.0542642
   21      16      6097      6081   72.3828     47.25   0.0474516   0.0551344
   22      16      6332      6316   71.7629     58.75   0.0158522   0.0555721
   23      16      6556      6540   71.0771        56   0.0795392   0.0560743
   24      16      6790      6774   70.5527      58.5   0.0399468   0.0565903
   25      16      7012      6996   69.9503      55.5   0.0235464   0.0571044
   26      16      7223      7207   69.2884     52.75   0.0401208    0.057563
   27      16      7450      7434   68.8238     56.75   0.0218644   0.0580629
   28      16      7678      7662   68.4011        57   0.0204427    0.058362
   29      16      7897      7881   67.9302     54.75   0.0881812   0.0587669
   30      16      8133      8117   67.6323        59   0.0146669   0.0590873
   31      15      8350      8335   67.2085      54.5   0.0413419   0.0594712
   32      16      8584      8568   66.9283     58.25    0.095073   0.0597568
   33      16      8803      8787   66.5589     54.75   0.0181225   0.0600529
   34      16      9023      9007   66.2186        55   0.0225679   0.0602614
   35      16      9252      9236   65.9621     57.25   0.0242301   0.0605373
   36      16      9472      9456   65.6574        55   0.0382926   0.0608313
   37      16      9701      9685     65.43     57.25    0.030644   0.0610837
   38      16      9927      9911   65.1948      56.5   0.0208805    0.061257
   39      16     10160     10144   65.0165     58.25   0.0806146   0.0614946
2026-07-07T19:18:24.120241+0800 min lat: 0.00760411 max lat: 0.214573 avg lat: 0.0617149
  sec Cur ops   started  finished  avg MB/s  cur MB/s last lat(s)  avg lat(s)
   40      16     10378     10362   64.7534      54.5   0.0152069   0.0617149
   41      16     10575     10559   64.3751     49.25   0.0394801   0.0620405
   42      16     10852     10836    64.491     69.25   0.0912863   0.0619659
   43      16     11078     11062    64.305      56.5   0.0223359   0.0621447
   44      16     11290     11274   64.0479        53   0.0661754   0.0623525
   45      16     11527     11511   63.9411     59.25   0.0266936   0.0625157
   46      16     11740     11724   63.7085     53.25    0.014341   0.0627327
   47      16     11977     11961   63.6135     59.25   0.0877623   0.0628626
   48      16     12193     12177    63.413        54   0.0450765   0.0630198
   49      16     12418     12402   63.2667     56.25   0.0511224   0.0631652
   50      16     12638     12622   63.1012        55   0.0356764   0.0633727
   51      16     12835     12819   62.8295     49.25   0.0457811   0.0635943
   52      16     13068     13052   62.7412     58.25   0.0206069   0.0636641
   53      16     13310     13294   62.6988      60.5   0.0218788    0.063765
   54      16     13521     13505   62.5145     52.75   0.0681622   0.0639116
   55      16     13738     13722   62.3641     54.25   0.0545676   0.0640605
   56      16     13953     13937   62.2101     53.75   0.0286184   0.0641968
   57      16     14190     14174   62.1581     59.25   0.0478716   0.0642822
   58      16     14408     14392   62.0259      54.5   0.0956003   0.0644669
   59      16     14627     14611   61.9025     54.75   0.0131075   0.0645825
2026-07-07T19:18:44.122866+0800 min lat: 0.00760411 max lat: 0.215005 avg lat: 0.0646675
  sec Cur ops   started  finished  avg MB/s  cur MB/s last lat(s)  avg lat(s)
   60      16     14846     14830   61.7832     54.75   0.0218013   0.0646675
   61      16     15057     15041    61.635     52.75   0.0171016   0.0648626
   62      16     15276     15260   61.5238     54.75   0.0251833   0.0649553
   63      16     15497     15481   61.4241     55.25   0.0222993   0.0650831
   64      16     15715     15699   61.3159      54.5   0.0194307   0.0651526
   65      16     15937     15921   61.2263      55.5   0.0144893   0.0652978
   66      16     16154     16138   61.1205     54.25   0.0192196    0.065405
   67      16     16362     16346   60.9842        52   0.0302836   0.0655095
   68      16     16597     16581   60.9512     58.75   0.0236668   0.0655824
   69      16     16818     16802   60.8685     55.25   0.0887267   0.0657003
   70      16     17033     17017   60.7667     53.75   0.0313595   0.0657848
   71      16     17230     17214   60.6044     49.25   0.0217365   0.0659352
   72      16     17479     17463   60.6271     62.25   0.0135773   0.0659434
   73      16     17696     17680   60.5396     54.25    0.023147   0.0660482
   74      16     17905     17889   60.4275     52.25   0.0441379   0.0661195
   75      16     18138     18122   60.3984     58.25   0.0811723   0.0662121
   76      16     18361     18345   60.3371     55.75    0.015547    0.066255
   77      16     18585     18569   60.2807        56   0.0977803   0.0663429
   78      16     18788     18772   60.1584     50.75   0.0530165   0.0664105
   79      16     19022     19006   60.1373      58.5   0.0148395   0.0664816
2026-07-07T19:19:04.125615+0800 min lat: 0.00760411 max lat: 0.253503 avg lat: 0.0665681
  sec Cur ops   started  finished  avg MB/s  cur MB/s last lat(s)  avg lat(s)
   80      16     19243     19227   60.0761     55.25   0.0667953   0.0665681
   81      16     19435     19419    59.927        48   0.0360944   0.0666906
   82      16     19677     19661   59.9338      60.5   0.0220255   0.0666971
   83      16     19901     19885   59.8863        56    0.041823   0.0667507
   84      16     20113     20097   59.8043        53   0.0149521     0.06686
   85      16     20325     20309   59.7241        53   0.0253297   0.0669503
   86      16     20546     20530    59.672     55.25   0.0285195   0.0670059
   87      16     20778     20762   59.6527        58   0.0520465   0.0670444
   88      16     20968     20952   59.5145      47.5   0.0415984     0.06714
   89      16     21199     21183   59.4946     57.75   0.0160772   0.0672135
   90      16     21408     21392   59.4141     52.25   0.0408441   0.0672709
   91      16     21635     21619   59.3847     56.75    0.019243     0.06734
   92      16     21941     21925   59.5706      76.5   0.0969444    0.067138
   93      16     22148     22132   59.4864     51.75   0.0111616   0.0672005
   94      16     22379     22363   59.4679     57.75     0.07075   0.0672492
   95      16     22580     22564   59.3708     50.25   0.0121943   0.0673073
   96      15     22817     22802    59.372      59.5   0.0130092   0.0673587
   97      16     23035     23019   59.3191     54.25    0.045087   0.0674118
   98      16     23257     23241   59.2801      55.5   0.0220004    0.067438
   99      16     23465     23449   59.2065        52   0.0427783    0.067524
2026-07-07T19:19:24.128431+0800 min lat: 0.00738366 max lat: 0.253503 avg lat: 0.0675696
  sec Cur ops   started  finished  avg MB/s  cur MB/s last lat(s)  avg lat(s)
  100      16     23686     23670   59.1668     55.25   0.0472454   0.0675696
  101      16     23884     23868    59.071      49.5   0.0302621   0.0676633
  102      16     24125     24109   59.0825     60.25   0.0282854   0.0676559
  103      16     24341     24325   59.0331        54   0.0650153   0.0677123
  104      16     24559     24543   58.9894      54.5   0.0160631   0.0677676
  105      16     24777     24761   58.9466      54.5   0.0194726   0.0678186
  106      16     25010     24994     58.94     58.25   0.0147264    0.067852
  107      16     25358     25342   59.2021        87   0.0705308    0.067544
  108      16     25581     25565   59.1701     55.75   0.0165887   0.0675616
  109      16     25799     25783   59.1272      54.5   0.0150644   0.0676051
  110      16     26019     26003   59.0896        55   0.0197074   0.0676318
  111      16     26268     26252    59.118     62.25   0.0695802   0.0676162
  112      16     26513     26497   59.1369     61.25   0.0195465   0.0676229
  113      16     26719     26703   59.0693      51.5    0.030014   0.0676629
  114      16     26934     26918   59.0225     53.75   0.0148035   0.0677177
  115      16     27214     27198   59.1179        70   0.0735054   0.0676255
  116      16     27442     27426   59.0996        57   0.0154675   0.0676603
  117      16     27666     27650    59.073        56   0.0489054   0.0676806
  118      16     27944     27928   59.1613      69.5   0.0260076   0.0675924
  119      16     28262     28246   59.3321      79.5   0.0320672   0.0673775
2026-07-07T19:19:44.131162+0800 min lat: 0.00726923 max lat: 0.253503 avg lat: 0.067427
  sec Cur ops   started  finished  avg MB/s  cur MB/s last lat(s)  avg lat(s)
  120      16     28484     28468   59.3002      55.5   0.0197395    0.067427
  121      16     28702     28686   59.2604      54.5   0.0155534   0.0674854
  122      16     29040     29024   59.4672      84.5   0.0229042   0.0672482
  123      16     29271     29255   59.4532     57.75   0.0094702   0.0672616
  124      16     29484     29468   59.4031     53.25    0.015113   0.0673113
  125      16     29708     29692   59.3758        56   0.0287645   0.0673524
  126      16     30026     30010   59.5355      79.5   0.0238388   0.0671717
  127      16     30236     30220     59.48      52.5   0.0218021   0.0672203
  128      16     30468     30452   59.4684        58   0.0872084   0.0672562
  129      16     30678     30662   59.4143      52.5   0.0367163   0.0672663
  130      16     30914     30898    59.411        59   0.0452563   0.0673205
  131      16     31119     31103   59.3487     51.25   0.0594555   0.0673923
  132      16     31344     31328   59.3252     56.25   0.0143685   0.0673959
  133      16     31561     31545   59.2869     54.25   0.0241849   0.0674256
  134      16     31798     31782   59.2866     59.25   0.0141266   0.0674494
  135      16     32010     31994     59.24        53   0.0138285   0.0674959
  136      16     32230     32214   59.2088        55   0.0219166   0.0675303
  137      16     32458     32442   59.1926        57   0.0225942   0.0675624
  138      16     32678     32662   59.1621        55    0.031907     0.06758
  139      16     32902     32886   59.1393        56   0.0241124   0.0676035
2026-07-07T19:20:04.133951+0800 min lat: 0.00726923 max lat: 0.253503 avg lat: 0.067628
  sec Cur ops   started  finished  avg MB/s  cur MB/s last lat(s)  avg lat(s)
  140      16     33123     33107   59.1115     55.25   0.0243924    0.067628
  141      16     33354     33338   59.1018     57.75   0.0553584   0.0676651
  142      16     33579     33563   59.0816     56.25   0.0906628   0.0676934
  143      16     33795     33779    59.046        54   0.0253611   0.0677167
  144      16     34021     34005   59.0283      56.5   0.0482404   0.0677338
  145      16     34247     34231   59.0108      56.5   0.0211891   0.0677657
  146      16     34465     34449   58.9798      54.5   0.0437744   0.0677969
  147      16     34684     34668    58.951     54.75   0.0171919    0.067827
  148      16     34903     34887   58.9226     54.75   0.0185899   0.0678446
  149      16     35135     35119   58.9163        58   0.0454762    0.067869
  150      16     35356     35340   58.8918     55.25   0.0280304   0.0678987
  151      16     35566     35550   58.8495      52.5   0.0671268   0.0679638
  152      16     35786     35770   58.8241        55   0.0196881   0.0679571
  153      16     36005     35989   58.7974     54.75   0.0459729   0.0679987
  154      16     36229     36213   58.7792        56   0.0186294   0.0680302
  155      16     36450     36434   58.7564     55.25   0.0899325   0.0680445
  156      16     36657     36641   58.7114     51.75   0.0197924   0.0680926
  157      16     36890     36874   58.7084     58.25   0.0124967   0.0681235
  158      16     37096     37080   58.6627      51.5   0.0221558   0.0681478
  159      16     37321     37305   58.6475     56.25   0.0260875    0.068164
2026-07-07T19:20:24.136882+0800 min lat: 0.00726923 max lat: 0.253503 avg lat: 0.0682108
  sec Cur ops   started  finished  avg MB/s  cur MB/s last lat(s)  avg lat(s)
  160      16     37546     37530   58.6325     56.25   0.0763283   0.0682108
  161      16     37751     37735   58.5866     51.25   0.0848452    0.068267
  162      16     37980     37964   58.5783     57.25   0.0291959   0.0682676
  163      16     38224     38208   58.5931        61   0.0156166   0.0682518
  164      16     38435     38419   58.5574     52.75   0.0306386   0.0682766
  165      15     38664     38649   58.5509      57.5   0.0278374   0.0683029
  166      16     38880     38864    58.522     53.75   0.0434559   0.0683328
  167      16     39102     39086   58.5038      55.5    0.044396   0.0683444
  168      16     39314     39298    58.471        53   0.0183056   0.0684009
  169      16     39529     39513    58.443     53.75    0.098054   0.0684249
  170      16     39744     39728   58.4154     53.75   0.0246074   0.0684385
  171      16     39967     39951   58.3997     55.75   0.0541397   0.0684841
  172      16     40187     40171   58.3799        55   0.0255612   0.0685017
  173      16     40406     40390   58.3589     54.75   0.0163934   0.0685266
  174      16     40631     40615   58.3467     56.25   0.0155878   0.0685443
  175      16     40831     40815    58.299        50   0.0363386   0.0685782
  176      16     41068     41052   58.3043     59.25   0.0810024   0.0685942
  177      16     41288     41272   58.2856        55  0.00936449   0.0686168
  178      16     41503     41487   58.2601     53.75   0.0496531   0.0686272
  179      16     41721     41705    58.239      54.5   0.0460243   0.0686607
2026-07-07T19:20:44.139870+0800 min lat: 0.00726923 max lat: 0.253503 avg lat: 0.0686826
  sec Cur ops   started  finished  avg MB/s  cur MB/s last lat(s)  avg lat(s)
  180      16     41934     41918   58.2113     53.25   0.0188788   0.0686826
  181      16     42154     42138   58.1935        55    0.019583   0.0687252
  182      16     42423     42407   58.2432     67.25   0.0374889    0.068655
  183      16     42728     42712   58.3415     76.25   0.0819833   0.0685526
  184      16     42943     42927   58.3165     53.75   0.0227419   0.0685719
  185      16     43161     43145   58.2959      54.5   0.0267042   0.0685832
  186      16     43405     43389   58.3104        61   0.0543935   0.0685859
  187      16     43842     43826   58.5827    109.25   0.0206871   0.0682584
  188      16     44050     44034   58.5476        52   0.0141761   0.0683092
  189      16     44244     44228   58.4944      48.5   0.0299211   0.0683566
  190      16     44498     44482   58.5207      63.5   0.0254213   0.0683398
  191      16     44732     44716   58.5206      58.5    0.011925   0.0683423
  192      16     44957     44941   58.5087     56.25   0.0144894   0.0683408
  193      16     45191     45175   58.5086      58.5   0.0246128   0.0683533
  194      16     45425     45409   58.5085      58.5   0.0409099    0.068342
  195      16     45639     45623   58.4828      53.5   0.0239622   0.0683632
  196      16     45858     45842   58.4637     54.75   0.0273255   0.0683875
  197      16     46095     46079   58.4677     59.25   0.0656335   0.0684055
  198      16     46307     46291     58.44        53   0.0278571   0.0684256
  199      16     46523     46507   58.4176        54   0.0160809   0.0684486
2026-07-07T19:21:04.142822+0800 min lat: 0.00726923 max lat: 0.253503 avg lat: 0.0684694
  sec Cur ops   started  finished  avg MB/s  cur MB/s last lat(s)  avg lat(s)
  200      16     46742     46726   58.3993     54.75   0.0220266   0.0684694
  201      16     46940     46924   58.3549      49.5   0.0134841   0.0685172
  202      16     47332     47316   58.5511        98   0.0177583   0.0682964
  203      16     47551     47535   58.5324     54.75    0.086362   0.0683239
  204      16     47770     47754   58.5138     54.75   0.0187639   0.0683373
  205      16     47989     47973   58.4954     54.75   0.0133487   0.0683578
  206      16     48202     48186   58.4699     53.25   0.0179729   0.0683928
  207      16     48415     48399   58.4446     53.25   0.0274261   0.0684103
  208      16     48647     48631   58.4425        58   0.0173859   0.0684331
  209      16     48869     48853   58.4283      55.5     0.10989   0.0684546
  210      16     49086     49070   58.4084     54.25   0.0109192   0.0684656
  211      16     49298     49282   58.3827        53   0.0212454   0.0685036
  212      16     49519     49503   58.3679     55.25   0.0517728   0.0685072
  213      16     49731     49715   58.3427        53    0.034118   0.0685312
  214      16     49952     49936   58.3282     55.25   0.0658525   0.0685529
  215      16     50186     50170    58.329      58.5   0.0221934   0.0685656
  216      16     50395     50379   58.3008     52.25   0.0140973   0.0685793
  217      16     50612     50596   58.2821     54.25   0.0578736   0.0686015
  218      16     50837     50821   58.2727     56.25   0.0885339   0.0686183
  219      16     51067     51051   58.2691      57.5   0.0140047   0.0686346
2026-07-07T19:21:24.145755+0800 min lat: 0.00726923 max lat: 0.253503 avg lat: 0.0686436
  sec Cur ops   started  finished  avg MB/s  cur MB/s last lat(s)  avg lat(s)
  220      16     51291     51275   58.2588        56   0.0301638   0.0686436
  221      16     51493     51477   58.2237      50.5   0.0822056   0.0686917
  222      16     51722     51706   58.2192     57.25   0.0959658   0.0686944
  223      16     51936     51920    58.198      53.5   0.0430463   0.0687116
  224      16     52159     52143   58.1871     55.75   0.0111772   0.0687219
  225      16     52383     52367   58.1773        56   0.0128633   0.0687461
  226      16     52588     52572   58.1466     51.25   0.0189897   0.0687622
  227      16     52808     52792   58.1327        55    0.020688   0.0687826
  228      16     53039     53023    58.131     57.75   0.0132679   0.0687875
  229      16     53257     53241   58.1151      54.5   0.0149149   0.0688204
  230      16     53476     53460   58.1005     54.75   0.0826003   0.0688384
  231      16     53696     53680    58.087        55   0.0451258   0.0688514
  232      16     53941     53925   58.1006     61.25   0.0363227   0.0688313
  233      16     54160     54144   58.0862     54.75   0.0271459   0.0688372
  234      16     54388     54372   58.0815        57   0.0143425   0.0688558
  235      16     54615     54599   58.0758     56.75   0.0637759   0.0688684
  236      16     54835     54819   58.0627        55   0.0175648   0.0688814
  237      16     55041     55025    58.035      51.5    0.054323   0.0688998
  238      16     55260     55244   58.0212     54.75    0.101951   0.0689234
  239      16     55486     55470   58.0148      56.5   0.0261838   0.0689292
2026-07-07T19:21:44.148666+0800 min lat: 0.00726923 max lat: 0.253503 avg lat: 0.0687926
  sec Cur ops   started  finished  avg MB/s  cur MB/s last lat(s)  avg lat(s)
  240      16     55838     55822   58.1397        88   0.0952005   0.0687926
  241      16     56041     56025    58.109     50.75  0.00811193   0.0688287
  242      16     56265     56249   58.1002        56   0.0210631   0.0688218
  243      16     56489     56473   58.0916        56   0.0134843   0.0688254
  244      16     56706     56690   58.0758     54.25   0.0589254    0.068852
  245      16     56929     56913   58.0662     55.75   0.0589383   0.0688672
  246      16     57148     57132   58.0527     54.75   0.0403213   0.0688778
  247      16     57423     57407    58.096     68.75   0.0301596   0.0688408
  248      16     57828     57812     58.27    101.25   0.0303505   0.0686228
  249      16     58048     58032   58.2568        55   0.0269873   0.0686389
  250      16     58267     58251   58.2427     54.75   0.0625034   0.0686542
  251      16     58586     58570   58.3284     79.75   0.0243584   0.0685671
  252      16     58905     58889   58.4133     79.75      0.0591   0.0684525
  253      16     59138     59122   58.4127     58.25   0.0762153   0.0684725
  254      16     59361     59345   58.4021     55.75   0.0145828   0.0684808
  255      16     59590     59574   58.3976     57.25   0.0398988   0.0684783
  256      16     59805     59789   58.3794     53.75   0.0434601   0.0684963
  257      16     60024     60008   58.3652     54.75   0.0301088   0.0685089
  258      16     60248     60232    58.356        56   0.0230239    0.068518
  259      16     60469     60453    58.344     55.25   0.0818878   0.0685334
2026-07-07T19:22:04.151612+0800 min lat: 0.00726923 max lat: 0.253503 avg lat: 0.0685497
  sec Cur ops   started  finished  avg MB/s  cur MB/s last lat(s)  avg lat(s)
  260      16     60688     60672   58.3302     54.75    0.061196   0.0685497
  261      16     60915     60899   58.3241     56.75   0.0334991   0.0685732
  262      16     61171     61155   58.3457        64   0.0207645   0.0685363
  263      16     61395     61379   58.3368        56   0.0168874   0.0685497
  264      16     61616     61600    58.325     55.25   0.0298048   0.0685682
  265      16     61837     61821   58.3134     55.25    0.028448   0.0685768
  266      16     62057     62041   58.3009        55   0.0365768   0.0685889
  267      16     62293     62277   58.3035        59   0.0882013   0.0685993
  268      16     62510     62494   58.2884     54.25   0.0250399   0.0686102
  269      16     62736     62720   58.2817      56.5   0.0194237   0.0686222
  270      16     62958     62942   58.2713      55.5   0.0118785    0.068637
  271      16     63162     63146   58.2445        51   0.0206644   0.0686675
  272      16     63381     63365   58.2316     54.75   0.0135106   0.0686723
  273      16     63616     63600   58.2335     58.75  0.00844834   0.0686833
  274      16     63915     63899   58.2937     74.75   0.0177229   0.0686071
  275      16     64134     64118   58.2808     54.75   0.0178788   0.0686239
  276      16     64350     64334   58.2653        54   0.0241501   0.0686386
  277      16     64577     64561   58.2598     56.75   0.0201336   0.0686493
  278      16     65009     64993   58.4386       108   0.0135246   0.0684295
  279      16     65230     65214   58.4272     55.25   0.0250321   0.0684484
2026-07-07T19:22:24.154473+0800 min lat: 0.00726923 max lat: 0.253503 avg lat: 0.0684652
  sec Cur ops   started  finished  avg MB/s  cur MB/s last lat(s)  avg lat(s)
  280      16     65453     65437   58.4176     55.75   0.0772283   0.0684652
  281      16     65699     65683   58.4285      61.5   0.0235454   0.0684477
  282      16     66033     66017   58.5174      83.5   0.0207407   0.0683382
  283      16     66247     66231   58.4996      53.5   0.0368553   0.0683532
  284      16     66477     66461   58.4961      57.5   0.0120166   0.0683653
  285      16     66777     66761   58.5539        75   0.0150898   0.0683001
  286      16     67023     67007   58.5642      61.5   0.0113187   0.0682936
  287      16     67242     67226   58.5509     54.75   0.0793987   0.0683097
  288      16     67462     67446   58.5385        55   0.0240989   0.0683129
  289      16     67678     67662   58.5228        54   0.0266608   0.0683381
  290      16     67893     67877   58.5063     53.75   0.0513364   0.0683522
  291      16     68108     68092     58.49     53.75   0.0283323   0.0683782
  292      16     68332     68316   58.4814        56    0.114157   0.0683883
  293      16     68731     68715   58.6222     99.75   0.0636284   0.0682233
  294      16     68958     68942   58.6158     56.75   0.0779918   0.0682348
  295      16     69168     69152    58.595      52.5   0.0787121   0.0682491
  296      16     69394     69378   58.5879      56.5   0.0520378   0.0682637
  297      16     69670     69654    58.623        69   0.0153437   0.0682209
  298      16     69891     69875   58.6116     55.25   0.0176258   0.0682334
  299      16     70118     70102   58.6054     56.75   0.0275897   0.0682403
Total time run:         300.033
Total writes made:      70388
Write size:             262144
Object size:            262144
Bandwidth (MB/sec):     58.6501
Stddev Bandwidth:       11.3876
Max bandwidth (MB/sec): 112.5
Min bandwidth (MB/sec): 47.25
Average IOPS:           234
Stddev IOPS:            45.5503
Max IOPS:               450
Min IOPS:               189
Average Latency(s):     0.0681929
Stddev Latency(s):      0.0312985
Max latency(s):         0.253503
Min latency(s):         0.00726923
[2026-07-07 19:22:44] END bench: t16 r2
[2026-07-07 19:22:44] Cleaning pool juicefs-data (before: GiB objects)...
[2026-07-07 19:23:03] Pool cleanup done (after: GiB objects).
[2026-07-07 19:23:03] Compacting all OSDs...
[2026-07-07 19:23:15] Compaction triggered.
[2026-07-07 19:23:15] Round 2 done.
[2026-07-07 19:23:15] ---- t16 round 3 ----
[2026-07-07 19:23:15] Cleaning pool juicefs-data (before: B objects)...
[2026-07-07 19:23:15] Pool cleanup done (after: B objects).
[2026-07-07 19:23:15] Compacting all OSDs...
[2026-07-07 19:23:26] Compaction triggered.
[2026-07-07 19:23:27]   osd.0: queue_len=0 running=0
[2026-07-07 19:23:27]   osd.1: queue_len=0 running=0
[2026-07-07 19:23:28]   osd.2: queue_len=0 running=0
[2026-07-07 19:23:28]   osd.3: queue_len=0 running=0
[2026-07-07 19:23:29]   osd.4: queue_len=0 running=0
[2026-07-07 19:23:29]   osd.5: queue_len=0 running=0
[2026-07-07 19:23:30] Health: HEALTH_OK
[2026-07-07 19:23:30] START bench: rados bench -p juicefs-data 300 write -b 256K -t 16 --no-cleanup
[2026-07-07 19:23:30] Output -> /home/turboai/production/results/backend-rados-fulldiag-20260708/exp1-concurrency/256k-t16-r3.txt
hints = 1
Maintaining 16 concurrent writes of 262144 bytes to objects of size 262144 for up to 300 seconds or 0 objects
Object prefix: benchmark_data_tikv-node_3627601
  sec Cur ops   started  finished  avg MB/s  cur MB/s last lat(s)  avg lat(s)
    0       0         0         0         0         0           -           0
    1      16       455       439   109.732    109.75   0.0202857   0.0357191
    2      16       899       883   110.358       111   0.0190538   0.0358175
    3      16      1346      1330   110.816    111.75   0.0669635   0.0358258
    4      16      1792      1776   110.984     111.5   0.0323991   0.0358453
    5      16      2237      2221   111.034    111.25    0.067011   0.0358329
    6      16      2685      2669   111.193       112   0.0512275   0.0358354
    7      16      3132      3116   111.271    111.75    0.030503   0.0357858
    8      16      3578      3562   111.297     111.5   0.0186575   0.0358325
    9      16      4016      4000   111.096     109.5   0.0505814   0.0358341
   10      16      4276      4260   106.485        65   0.0157677   0.0374949
   11      16      4491      4475    101.69     53.75   0.0331814   0.0391837
   12      16      4720      4704   97.9859     57.25   0.0224309   0.0406731
   13      16      4923      4907   94.3516     50.75   0.0568844   0.0422066
   14      16      5157      5141   91.7903      58.5   0.0869755   0.0435609
   15      16      5374      5358   89.2871     54.25   0.0441285   0.0447645
   16      16      5572      5556   86.7999      49.5    0.045801   0.0458697
   17      16      5793      5777   84.9434     55.25   0.0885425   0.0469538
   18      16      6022      6006   83.4045     57.25    0.070462     0.04794
   19      16      6239      6223   81.8696     54.25   0.0658967   0.0487567
2026-07-07T19:23:50.715924+0800 min lat: 0.00734034 max lat: 0.163605 avg lat: 0.0495481
  sec Cur ops   started  finished  avg MB/s  cur MB/s last lat(s)  avg lat(s)
   20      16      6467      6451   80.6258        57   0.0156777   0.0495481
   21      16      6683      6667   79.3574        54   0.0190204   0.0503149
   22      16      6896      6880   78.1703     53.25   0.0456494   0.0509888
   23      16      7127      7111   77.2821     57.75   0.0596529   0.0516112
   24      16      7356      7340   76.4472     57.25   0.0836094   0.0522986
   25      16      7562      7546   75.4491      51.5   0.0296149   0.0528957
   26      16      7779      7763   74.6335     54.25   0.0202135   0.0534953
   27      16      8005      7989   73.9616      56.5   0.0771985   0.0540734
   28      16      8228      8212   73.3109     55.75   0.0518736    0.054465
   29      16      8443      8427   72.6361     53.75   0.0812901   0.0549422
   30      16      8674      8658   72.1396     57.75     0.02086    0.055393
   31      16      8911      8895   71.7236     59.25   0.0460642   0.0556498
   32      16      9129      9113   71.1851      54.5   0.0250922   0.0560817
   33      16      9354      9338   70.7323     56.25   0.0275216   0.0564917
   34      16      9570      9554   70.2398        54   0.0557606    0.056863
   35      16      9802      9786     69.89        58   0.0606173   0.0572249
   36      16     10015      9999   69.4275     53.25   0.0290562   0.0575535
   37      16     10230     10214   69.0036     53.75   0.0187913   0.0578803
   38      16     10454     10438   68.6612        56   0.0629324    0.058171
   39      16     10662     10646   68.2338        52   0.0293687   0.0584913
2026-07-07T19:24:10.718754+0800 min lat: 0.00734034 max lat: 0.202261 avg lat: 0.0587893
  sec Cur ops   started  finished  avg MB/s  cur MB/s last lat(s)  avg lat(s)
   40      16     10895     10879    67.984     58.25   0.0165429   0.0587893
   41      16     11113     11097   67.6549      54.5   0.0174958   0.0590607
   42      16     11330     11314   67.3356     54.25   0.0227622   0.0593471
   43      16     11534     11518   66.9556        51      0.0508   0.0596372
   44      16     11767     11751   66.7576     58.25   0.0174581   0.0598901
   45      16     11988     11972   66.5017     55.25   0.0138424   0.0601348
   46      16     12213     12197   66.2787     56.25   0.0574592   0.0603417
   47      16     12429     12413   66.0174        54   0.0256716   0.0605487
   48      16     12643     12627   65.7565      53.5   0.0252832   0.0607491
   49      16     12858     12842   65.5113     53.75   0.0169207   0.0609533
   50      16     13091     13075    65.366     58.25   0.0375344   0.0611316
   51      16     13308     13292   65.1479     54.25   0.0253957   0.0613054
   52      16     13528     13512   64.9526        55   0.0742376   0.0615038
   53      16     13758     13742   64.8118      57.5   0.0149596   0.0616903
   54      16     13964     13948   64.5652      51.5   0.0157742   0.0618567
   55      16     14184     14168   64.3912        55   0.0178713   0.0620465
   56      16     14415     14399   64.2724     57.75   0.0737352   0.0622285
   57      16     14627     14611   64.0746        53   0.0820211   0.0623782
   58      16     14861     14845   63.9783      58.5   0.0148031   0.0625008
   59      16     15089     15073   63.8599        57   0.0381654   0.0625941
2026-07-07T19:24:30.721185+0800 min lat: 0.00734034 max lat: 0.228592 avg lat: 0.0627382
  sec Cur ops   started  finished  avg MB/s  cur MB/s last lat(s)  avg lat(s)
   60      16     15306     15290   63.6997     54.25   0.0441654   0.0627382
   61      16     15547     15531   63.6429     60.25    0.100771   0.0628451
   62      16     15762     15746   63.4833     53.75   0.0721588   0.0629898
   63      16     15980     15964   63.3405      54.5   0.0193397   0.0631257
   64      16     16192     16176   63.1788        53   0.0415279   0.0632553
   65      16     16410     16394   63.0452      54.5   0.0429967   0.0633954
   66      16     16619     16603   62.8815     52.25   0.0176254   0.0635347
   67      16     16843     16827   62.7786        56   0.0746538   0.0636739
   68      16     17062     17046   62.6604     54.75   0.0468134   0.0637913
   69      16     17291     17275   62.5819     57.25    0.033323   0.0638296
   70      16     17512     17496   62.4771     55.25   0.0585511   0.0639665
   71      16     17729     17713   62.3611     54.25   0.0407216   0.0640741
   72      16     17953     17937   62.2726        56   0.0253041   0.0641622
   73      16     18159     18143   62.1249      51.5   0.0169911   0.0643212
   74      16     18379     18363   62.0285        55     0.01627   0.0644248
   75      16     18598     18582   61.9313     54.75   0.0460576   0.0645282
   76      16     18830     18814   61.8795        58   0.0112096   0.0646069
   77      16     19036     19020   61.7446      51.5   0.0914241   0.0647684
   78      16     19257     19241   61.6612     55.25   0.0166303   0.0648567
   79      16     19464     19448   61.5356     51.75   0.0291586   0.0649389
2026-07-07T19:24:50.724294+0800 min lat: 0.00714225 max lat: 0.228592 avg lat: 0.0650312
  sec Cur ops   started  finished  avg MB/s  cur MB/s last lat(s)  avg lat(s)
   80      16     19685     19669    61.457     55.25   0.0394925   0.0650312
   81      16     19918     19902   61.4172     58.25   0.0953761   0.0651149
   82      16     20137     20121   61.3358     54.75   0.0898515   0.0652005
   83      16     20347     20331   61.2293      52.5   0.0455929   0.0652624
   84      16     20556     20540   61.1223     52.25   0.0501441   0.0653764
   85      16     20766     20750   61.0207      52.5    0.025912   0.0655003
   86      16     20969     20953   60.9012     50.75     0.01215   0.0656371
   87      16     21181     21165   60.8103        53   0.0430125   0.0657395
   88      16     21392     21376   60.7186     52.75   0.0196103    0.065829
   89      16     21621     21605   60.6795     57.25   0.0689696   0.0659147
   90      16     21839     21823   60.6108      54.5   0.0229032    0.065972
   91      16     22056     22040   60.5408     54.25    0.048766   0.0660387
   92      16     22284     22268   60.5022        57   0.0922679   0.0661009
   93      15     22502     22487   60.4403     54.75   0.0375271   0.0661543
   94      16     22717     22701   60.3663      53.5   0.0249417   0.0662119
   95      16     22941     22925   60.3203        56   0.0322402   0.0662847
   96      16     23172     23156   60.2934     57.75   0.0767448   0.0663314
   97      16     23381     23365   60.2104     52.25   0.0161751   0.0663815
   98      15     23608     23593   60.1776        57   0.0937064   0.0664567
   99      16     23811     23795   60.0797      50.5   0.0510865   0.0665316
2026-07-07T19:25:10.727475+0800 min lat: 0.00714225 max lat: 0.236146 avg lat: 0.0666011
  sec Cur ops   started  finished  avg MB/s  cur MB/s last lat(s)  avg lat(s)
  100      16     24029     24013   60.0238      54.5   0.0518727   0.0666011
  101      16     24246     24230   59.9666     54.25   0.0875581   0.0666555
  102      16     24471     24455   59.9301     56.25   0.0621045   0.0667018
  103      16     24696     24680   59.8943     56.25   0.0282638   0.0667689
  104      16     24908     24892   59.8279        53   0.0191337    0.066843
  105      16     25114     25098   59.7485      51.5   0.0368487   0.0668963
  106      16     25345     25329   59.7296     57.75   0.0103411   0.0669491
  107      16     25573     25557    59.704        57   0.0121594   0.0669855
  108      16     25787     25771   59.6465      53.5   0.0304691   0.0670301
  109      16     26006     25990   59.6015     54.75    0.023503   0.0670769
  110      16     26221     26205   59.5482     53.75   0.0128645   0.0671055
  111      16     26444     26428   59.5139     55.75   0.0236849     0.06718
  112      16     26660     26644   59.4646        54   0.0121849   0.0672356
  113      16     26876     26860   59.4162        54   0.0141192   0.0672823
  114      16     27148     27132   59.4914        68   0.0198785   0.0672082
  115      16     27357     27341   59.4283     52.25   0.0203623   0.0672624
  116      16     27586     27570   59.4095     57.25   0.0247986    0.067305
  117      16     27815     27799   59.3909     57.25   0.0493182   0.0673404
  118      16     28016     28000   59.3134     50.25    0.019199   0.0674241
  119      16     28233     28217   59.2708     54.25   0.0178563   0.0674696
2026-07-07T19:25:30.730483+0800 min lat: 0.00714225 max lat: 0.236146 avg lat: 0.0675086
  sec Cur ops   started  finished  avg MB/s  cur MB/s last lat(s)  avg lat(s)
  120      16     28449     28433   59.2268        54   0.0364831   0.0675086
  121      16     28664     28648   59.1815     53.75   0.0341909   0.0675414
  122      16     28876     28860   59.1307        53    0.077531   0.0676136
  123      16     29094     29078    59.093      54.5   0.0188703   0.0676499
  124      16     29313     29297   59.0579     54.75   0.0181061   0.0676959
  125      16     29515     29499   58.9894      50.5   0.0124366   0.0677603
  126      16     29751     29735   58.9894        59   0.0200167   0.0677819
  127      16     29969     29953    58.954      54.5   0.0472949   0.0678105
  128      16     30198     30182   58.9406     57.25   0.0739023   0.0678555
  129      16     30405     30389   58.8848     51.75    0.017865   0.0678899
  130      16     30619     30603   58.8433      53.5   0.0340097    0.067937
  131      16     30840     30824   58.8158     55.25   0.0471171   0.0679708
  132      16     31072     31056   58.8096        58   0.0193965   0.0680025
  133      16     31273     31257   58.7451     50.25   0.0343902   0.0680482
  134      16     31502     31486   58.7339     57.25   0.0959139   0.0680946
  135      16     31713     31697   58.6895     52.75   0.0799978   0.0681301
  136      16     31943     31927   58.6807      57.5   0.0200759   0.0681531
  137      16     32156     32140    58.641     53.25   0.0781162   0.0681744
  138      16     32386     32370   58.6327      57.5    0.023125    0.068208
  139      16     32598     32582   58.5921        53   0.0429179   0.0682411
2026-07-07T19:25:50.733656+0800 min lat: 0.00714225 max lat: 0.236146 avg lat: 0.0682681
  sec Cur ops   started  finished  avg MB/s  cur MB/s last lat(s)  avg lat(s)
  140      16     32817     32801   58.5646     54.75   0.0279805   0.0682681
  141      16     33036     33020   58.5375     54.75   0.0175583   0.0683178
  142      16     33252     33236   58.5054        54   0.0240251   0.0683447
  143      16     33470     33454   58.4774      54.5   0.0446518   0.0683728
  144      16     33686     33670   58.4462        54   0.0156391   0.0684265
  145      16     33905     33889   58.4207     54.75   0.0145692   0.0684569
  146      16     34119     34103   58.3869      53.5   0.0101843   0.0684883
  147      16     34347     34331   58.3774        57   0.0161193   0.0685115
  148      16     34554     34538   58.3326     51.75   0.0422141    0.068542
  149      16     34772     34756   58.3069      54.5   0.0294463   0.0685689
  150      16     34995     34979   58.2898     55.75   0.0302376   0.0686021
  151      16     35211     35195   58.2613        54   0.0121334   0.0686304
  152      16     35416     35400   58.2151     51.25   0.0173831   0.0686704
  153      16     35638     35622   58.1973      55.5    0.044627   0.0687024
  154      16     35868     35852   58.1928      57.5   0.0968491   0.0687296
  155      16     36081     36065   58.1608     53.25   0.0297177   0.0687403
  156      16     36302     36286   58.1421     55.25   0.0183364   0.0687665
  157      16     36505     36489    58.095     50.75   0.0517292   0.0688171
  158      16     36720     36704   58.0674     53.75   0.0112132   0.0688767
  159      16     36922     36906   58.0198      50.5   0.0220196   0.0689293
2026-07-07T19:26:10.736485+0800 min lat: 0.00714225 max lat: 0.236146 avg lat: 0.0689311
  sec Cur ops   started  finished  avg MB/s  cur MB/s last lat(s)  avg lat(s)
  160      16     37140     37124   57.9977      54.5   0.0206615   0.0689311
  161      16     37370     37354   57.9946      57.5   0.0881867   0.0689582
  162      16     37595     37579   57.9838     56.25   0.0196654   0.0689719
  163      16     37801     37785   57.9439      51.5   0.0519039   0.0689958
  164      16     38018     38002   57.9214     54.25   0.0157258   0.0690271
  165      16     38243     38227   57.9112     56.25   0.0145046   0.0690615
  166      16     38461     38445   57.8906      54.5   0.0144156   0.0690788
  167      16     38661     38645   57.8433        50   0.0513273   0.0691176
  168      16     38877     38861   57.8204        54   0.0723522   0.0691471
  169      16     39104     39088    57.814     56.75   0.0263094   0.0691722
  170      16     39327     39311   57.8018     55.75   0.0440641   0.0691776
  171      16     39553     39537   57.7941      56.5   0.0193888   0.0691815
  172      16     39783     39767   57.7924      57.5   0.0291832   0.0691996
  173      16     39997     39981   57.7675      53.5   0.0294905   0.0692215
  174      16     40217     40201   57.7516        55   0.0331118   0.0692286
  175      16     40434     40418   57.7315     54.25   0.0191117   0.0692726
  176      16     40646     40630   57.7046        53   0.0732807   0.0692871
  177      16     40878     40862   57.7062        58   0.0169713   0.0693042
  178      16     41087     41071   57.6755     52.25    0.056716   0.0693249
  179      16     41310     41294   57.6647     55.75   0.0434867   0.0693404
2026-07-07T19:26:30.739548+0800 min lat: 0.00714225 max lat: 0.236146 avg lat: 0.069367
  sec Cur ops   started  finished  avg MB/s  cur MB/s last lat(s)  avg lat(s)
  180      16     41532     41516   57.6526      55.5    0.105523    0.069367
  181      16     41753     41737   57.6393     55.25    0.032262   0.0693824
  182      16     41965     41949   57.6137        53   0.0723518   0.0694207
  183      16     42177     42161   57.5885        53   0.0173126   0.0694455
  184      16     42385     42369   57.5581        52   0.0206766   0.0694665
  185      16     42612     42596   57.5537     56.75   0.0214776   0.0694872
  186      16     42831     42815   57.5385     54.75   0.0177696   0.0694981
  187      16     43047     43031   57.5196        54   0.0447548     0.06952
  188      16     43277     43261   57.5194      57.5   0.0881242   0.0695361
  189      16     43494     43478   57.5021     54.25    0.019618   0.0695429
  190      16     43703     43687   57.4744     52.25   0.0189578   0.0695675
  191      16     43927     43911   57.4666        56   0.0226934   0.0695915
  192      16     44145     44129   57.4511      54.5   0.0259774   0.0695996
  193      16     44348     44332   57.4164     50.75   0.0219197    0.069636
  194      15     44567     44552   57.4039        55   0.0911301   0.0696653
  195      16     44787     44771   57.3902     54.75   0.0213647   0.0696856
  196      16     45004     44988   57.3742     54.25   0.0184482    0.069698
  197      16     45234     45218   57.3748      57.5   0.0720979   0.0697097
  198      16     45450     45434   57.3577        54   0.0154083   0.0697277
  199      16     45667     45651    57.342     54.25   0.0195812   0.0697413
2026-07-07T19:26:50.742623+0800 min lat: 0.00714225 max lat: 0.236146 avg lat: 0.0697592
  sec Cur ops   started  finished  avg MB/s  cur MB/s last lat(s)  avg lat(s)
  200      16     45890     45874    57.334     55.75   0.0793321   0.0697592
  201      16     46094     46078   57.3025        51   0.0190205   0.0697783
  202      16     46311     46295   57.2873     54.25   0.0255913   0.0698015
  203      16     46530     46514   57.2748     54.75   0.0521655   0.0698134
  204      16     46758     46742   57.2734        57   0.0425796   0.0698195
  205      16     46955     46939   57.2342     49.25   0.0930103   0.0698691
  206      16     47171     47155   57.2185        54    0.066577   0.0698822
  207      16     47393     47377   57.2101      55.5   0.0274827   0.0698918
  208      16     47614     47598   57.2006     55.25   0.0176568   0.0699087
  209      16     47825     47809   57.1793     52.75     0.08928   0.0699495
  210      16     48043     48027   57.1665      54.5   0.0881954   0.0699636
  211      16     48260     48244   57.1527     54.25   0.0139725    0.069972
  212      16     48469     48453   57.1295     52.25    0.014057   0.0700071
  213      16     48686     48670   57.1159     54.25   0.0126042   0.0700249
  214      16     48906     48890    57.106        55   0.0886083   0.0700387
  215      16     49121     49105   57.0904     53.75   0.0949839   0.0700503
  216      16     49329     49313   57.0668        52   0.0731901   0.0700777
  217      16     49549     49533   57.0572        55   0.0139944   0.0700882
  218      16     49765     49749   57.0431        54   0.0292564   0.0701024
  219      16     49983     49967   57.0315      54.5   0.0224445   0.0701132
2026-07-07T19:27:10.745694+0800 min lat: 0.00714225 max lat: 0.236146 avg lat: 0.0701371
  sec Cur ops   started  finished  avg MB/s  cur MB/s last lat(s)  avg lat(s)
  220      16     50204     50188   57.0233     55.25   0.0108812   0.0701371
  221      16     50421     50405   57.0108     54.25    0.015584   0.0701505
  222      16     50638     50622   56.9983     54.25   0.0232927   0.0701659
  223      16     50864     50848    56.996      56.5    0.102681   0.0701702
  224      16     51069     51053   56.9703     51.25   0.0204314   0.0701879
  225      16     51290     51274   56.9626     55.25   0.0773778   0.0702149
  226      16     51504     51488   56.9473      53.5   0.0193307   0.0702235
  227      16     51713     51697   56.9266     52.25   0.0457185   0.0702413
  228      16     51924     51908   56.9082     52.75    0.020016    0.070265
  229      16     52153     52137   56.9097     57.25   0.0800291    0.070279
  230      16     52374     52358   56.9024     55.25   0.0205809   0.0702845
  231      16     52573     52557   56.8714     49.75   0.0168882   0.0703128
  232      16     52785     52769   56.8547        53   0.0806254   0.0703312
  233      16     53006     52990   56.8478     55.25   0.0276132   0.0703428
  234      16     53222     53206   56.8356        54   0.0151972    0.070359
  235      16     53453     53437   56.8394     57.75   0.0250819   0.0703578
  236      16     53676     53660   56.8348     55.75   0.0185744   0.0703676
  237      16     53894     53878   56.8249      54.5   0.0273939   0.0703755
  238      16     54115     54099   56.8182     55.25   0.0344072    0.070385
  239      16     54330     54314   56.8053     53.75   0.0440247    0.070396
2026-07-07T19:27:30.748792+0800 min lat: 0.00714225 max lat: 0.236146 avg lat: 0.0704089
  sec Cur ops   started  finished  avg MB/s  cur MB/s last lat(s)  avg lat(s)
  240      16     54558     54542   56.8061        57   0.0828251   0.0704089
  241      16     54780     54764   56.8007      55.5   0.0181444   0.0704102
  242      16     55006     54990   56.7994      56.5    0.027109   0.0704003
  243      16     55223     55207   56.7889     54.25   0.0256699   0.0704223
  244      16     55442     55426   56.7805     54.75   0.0185578    0.070431
  245      16     55665     55649   56.7762     55.75   0.0173709   0.0704417
  246      16     55869     55853   56.7527        51    0.113173   0.0704539
  247      16     56108     56092   56.7648     59.75    0.010672   0.0704588
  248      16     56323     56307   56.7526     53.75   0.0175034    0.070468
  249      16     56536     56520   56.7385     53.25   0.0172414   0.0704795
  250      16     56753     56737   56.7285     54.25   0.0265604   0.0704994
  251      16     56963     56947   56.7117      52.5   0.0236934   0.0705224
  252      16     57181     57165   56.7028      54.5   0.0166993   0.0705325
  253      16     57393     57377   56.6882        53   0.0456065   0.0705398
  254      16     57625     57609   56.6933        58   0.0941185   0.0705474
  255      16     57840     57824   56.6817     53.75   0.0907655   0.0705636
  256      16     58049     58033   56.6644     52.25   0.0264649   0.0705686
  257      16     58276     58260   56.6647     56.75   0.0264911   0.0705704
  258      16     58489     58473   56.6514     53.25   0.0378041   0.0706025
  259      16     58702     58686   56.6383     53.25   0.0762045   0.0706182
2026-07-07T19:27:50.751856+0800 min lat: 0.00714225 max lat: 0.236146 avg lat: 0.0706234
  sec Cur ops   started  finished  avg MB/s  cur MB/s last lat(s)  avg lat(s)
  260      16     58909     58893   56.6194     51.75   0.0256542   0.0706234
  261      16     59135     59119   56.6189      56.5    0.112723   0.0706433
  262      16     59359     59343   56.6165        56    0.102709   0.0706459
  263      16     59569     59553   56.6008      52.5   0.0187151   0.0706494
  264      16     59789     59773   56.5948        55    0.019987   0.0706561
  265      16     59991     59975   56.5717      50.5    0.017198     0.07068
  266      16     60201     60185   56.5564      52.5   0.0167077   0.0707005
  267      16     60426     60410   56.5552     56.25   0.0468541   0.0707049
  268      16     60657     60641   56.5596     57.75   0.0108985   0.0707149
  269      16     60870     60854   56.5473     53.25   0.0175886   0.0707246
  270      16     61087     61071   56.5388     54.25   0.0296159   0.0707409
  271      16     61297     61281   56.5238      52.5   0.0599223    0.070745
  272      16     61514     61498   56.5154     54.25     0.01437   0.0707528
  273      16     61716     61700   56.4934      50.5   0.0123767   0.0707857
  274      16     61933     61917   56.4851     54.25   0.0412861   0.0707976
  275      16     62158     62142   56.4843     56.25   0.0129889   0.0708053
  276      16     62379     62363   56.4798     55.25   0.0199051    0.070807
  277      16     62585     62569   56.4617      51.5   0.0188662   0.0708245
  278      16     62811     62795   56.4619      56.5   0.0989428   0.0708364
  279      16     63022     63006   56.4485     52.75   0.0741686   0.0708427
2026-07-07T19:28:10.755031+0800 min lat: 0.00714225 max lat: 0.236146 avg lat: 0.0708435
  sec Cur ops   started  finished  avg MB/s  cur MB/s last lat(s)  avg lat(s)
  280      16     63256     63240   56.4558      58.5    0.019179   0.0708435
  281      16     63476     63460   56.4506        55   0.0108183   0.0708388
  282      16     63705     63689   56.4534     57.25   0.0299934   0.0708429
  283      16     63929     63913   56.4518        56   0.0220418   0.0708506
  284      16     64129     64113    56.429        50   0.0127957   0.0708656
  285      16     64348     64332   56.4231     54.75   0.0920794   0.0708852
  286      16     64566     64550   56.4163      54.5   0.0193227   0.0708897
  287      16     64796     64780   56.4201      57.5   0.0778144   0.0708917
  288      16     65030     65014   56.4273      58.5   0.0117889   0.0708781
  289      16     65238     65222   56.4119        52   0.0440244   0.0708944
  290      16     65460     65444   56.4088      55.5   0.0148032   0.0709032
  291      16     65679     65663    56.403     54.75   0.0185953   0.0709086
  292      16     65875     65859   56.3777        49   0.0179014    0.070933
  293      16     66092     66076   56.3704     54.25   0.0453904   0.0709433
  294      16     66309     66293   56.3631     54.25    0.016604   0.0709451
  295      16     66525     66509   56.3551        54   0.0128675    0.070962
  296      16     66746     66730   56.3513     55.25   0.0512986   0.0709621
  297      16     66976     66960   56.3552      57.5   0.0901151   0.0709731
  298      16     67184     67168   56.3405        52   0.0427808   0.0709782
  299      16     67394     67378   56.3277      52.5   0.0184571   0.0709988
2026-07-07T19:28:30.758040+0800 min lat: 0.00714225 max lat: 0.287159 avg lat: 0.0710111
  sec Cur ops   started  finished  avg MB/s  cur MB/s last lat(s)  avg lat(s)
  300      12     67603     67591   56.3174     53.25   0.0264793   0.0710111
Total time run:         300.071
Total writes made:      67603
Write size:             262144
Object size:            262144
Bandwidth (MB/sec):     56.3225
Stddev Bandwidth:       9.9297
Max bandwidth (MB/sec): 112
Min bandwidth (MB/sec): 49
Average IOPS:           225
Stddev IOPS:            39.7188
Max IOPS:               448
Min IOPS:               196
Average Latency(s):     0.0710118
Stddev Latency(s):      0.0305739
Max latency(s):         0.287159
Min latency(s):         0.00714225
[2026-07-07 19:28:31] END bench: t16 r3
[2026-07-07 19:28:31] Cleaning pool juicefs-data (before: GiB objects)...
[2026-07-07 19:28:53] Pool cleanup done (after: GiB objects).
[2026-07-07 19:28:53] Compacting all OSDs...
[2026-07-07 19:29:05] Compaction triggered.
[2026-07-07 19:29:05] Round 3 done.
[2026-07-07 19:29:05] ==========================================
[2026-07-07 19:29:05] 2A: concurrency=32
[2026-07-07 19:29:05] ==========================================
[2026-07-07 19:29:05] ---- t32 round 1 ----
[2026-07-07 19:29:05] Cleaning pool juicefs-data (before: B objects)...
[2026-07-07 19:29:05] Pool cleanup done (after: B objects).
[2026-07-07 19:29:05] Compacting all OSDs...
[2026-07-07 19:29:16] Compaction triggered.
[2026-07-07 19:29:17]   osd.0: queue_len=0 running=0
[2026-07-07 19:29:17]   osd.1: queue_len=0 running=0
[2026-07-07 19:29:18]   osd.2: queue_len=0 running=0
[2026-07-07 19:29:18]   osd.3: queue_len=0 running=0
[2026-07-07 19:29:19]   osd.4: queue_len=0 running=0
[2026-07-07 19:29:19]   osd.5: queue_len=0 running=0
[2026-07-07 19:29:20] Health: HEALTH_OK
[2026-07-07 19:29:20] START bench: rados bench -p juicefs-data 300 write -b 256K -t 32 --no-cleanup
[2026-07-07 19:29:20] Output -> /home/turboai/production/results/backend-rados-fulldiag-20260708/exp1-concurrency/256k-t32-r1.txt
hints = 1
Maintaining 32 concurrent writes of 262144 bytes to objects of size 262144 for up to 300 seconds or 0 objects
Object prefix: benchmark_data_tikv-node_3658767
  sec Cur ops   started  finished  avg MB/s  cur MB/s last lat(s)  avg lat(s)
    0       0         0         0         0         0           -           0
    1      32       473       441   110.229    110.25   0.0260076   0.0674482
    2      32       920       888   110.983    111.75    0.033834   0.0700736
    3      32      1369      1337   111.401    112.25   0.0396653   0.0700657
    4      32      1816      1784   111.485    111.75    0.195838   0.0703911
    5      32      2267      2235   111.734    112.75   0.0200871   0.0706138
    6      32      2712      2680   111.651    111.25    0.181499   0.0708358
    7      32      3162      3130    111.77     112.5   0.0411392   0.0708441
    8      32      3372      3340    104.36      52.5   0.0183269   0.0760038
    9      32      3590      3558   98.8191      54.5   0.0210251     0.08026
   10      32      3824      3792   94.7863      58.5   0.0231142   0.0839946
   11      32      4055      4023   91.4186     57.75   0.0290729   0.0872715
   12      32      4269      4237    88.258      53.5   0.0365213   0.0902803
   13      32      4482      4450   85.5644     53.25   0.0764357   0.0928844
   14      32      4699      4667    83.327     54.25    0.088144   0.0951456
   15      32      4917      4885   81.4049      54.5   0.0917293   0.0972988
   16      32      5134      5102   79.7073     54.25   0.0431534   0.0996443
   17      32      5353      5321   78.2387     54.75   0.0769336    0.101522
   18      32      5600      5568   77.3222     61.75    0.165052     0.10337
   19      32      5817      5785   76.1075     54.25   0.0857647    0.104907
2026-07-07T19:29:40.933905+0800 min lat: 0.00824256 max lat: 0.328276 avg lat: 0.106071
  sec Cur ops   started  finished  avg MB/s  cur MB/s last lat(s)  avg lat(s)
   20      32      6043      6011   75.1269      56.5   0.0230375    0.106071
   21      32      6273      6241   74.2872      57.5   0.0151641      0.1074
   22      32      6493      6461   73.4101        55   0.0677508    0.108533
   23      32      6715      6683    72.631      55.5    0.126767     0.10986
   24      32      6932      6900   71.8647     54.25   0.0729886    0.110824
   25      32      7159      7127   71.2598     56.75   0.0880676    0.111836
   26      32      7384      7352   70.6822     56.25   0.0299627    0.112758
   27      32      7612      7580   70.1752        57    0.109977    0.113583
   28      32      7831      7799   69.6241     54.75   0.0561299    0.114588
   29      32      8059      8027   69.1885        57   0.0484255    0.115395
   30      32      8279      8247   68.7154        55    0.113017    0.115968
   31      32      8495      8463   68.2405        54   0.0932324    0.116875
   32      32      8708      8676   67.7718     53.25   0.0417446    0.117589
   33      32      8933      8901   67.4225     56.25   0.0811529    0.118226
   34      32      9155      9123   67.0717      55.5   0.0279835    0.119001
   35      32      9389      9357   66.8265      58.5    0.165931    0.119665
   36      32      9602      9570   66.4492     53.25    0.126075    0.120254
   37      32      9832      9800   66.2071      57.5   0.0496209    0.120609
   38      32     10046     10014   65.8725      53.5   0.0254424    0.121345
   39      32     10265     10233   65.5871     54.75   0.0219662    0.121866
2026-07-07T19:30:00.936632+0800 min lat: 0.00824256 max lat: 0.328276 avg lat: 0.12231
  sec Cur ops   started  finished  avg MB/s  cur MB/s last lat(s)  avg lat(s)
   40      32     10484     10452    65.316     54.75   0.0294667     0.12231
   41      32     10718     10686   65.1495      58.5   0.0274702    0.122706
   42      32     10913     10881   64.7588     48.75   0.0520177    0.123111
   43      32     11136     11104   64.5492     55.75   0.0597454    0.123557
   44      32     11362     11330    64.366      56.5    0.076525    0.123971
   45      32     11588     11556   64.1911      56.5    0.106089    0.124275
   46      32     11805     11773   63.9748     54.25   0.0337753    0.124895
   47      32     12030     11998   63.8102     56.25   0.0328132    0.125315
   48      32     12258     12226   63.6682        57     0.15759    0.125625
   49      32     12446     12414   63.3279        47    0.135291    0.125996
   50      32     12674     12642   63.2011        57   0.0645473    0.126195
   51      32     12901     12869   63.0744     56.75    0.141222    0.126579
   52      32     13126     13094    62.943     56.25   0.0731524      0.1268
   53      32     13348     13316   62.8024      55.5   0.0605846    0.127247
   54      32     13548     13516   62.5653        50    0.163974    0.127573
   55      32     13772     13740   62.4458        56    0.156035     0.12784
   56      32     13992     13960   62.3127        55   0.0642133    0.128044
   57      32     14214     14182    62.193      55.5   0.0490948    0.128528
   58      32     14435     14403   62.0732     55.25   0.0262508    0.128759
   59      32     14663     14631   61.9871        57   0.0297403    0.128991
2026-07-07T19:30:20.939421+0800 min lat: 0.00771948 max lat: 0.328276 avg lat: 0.12913
  sec Cur ops   started  finished  avg MB/s  cur MB/s last lat(s)  avg lat(s)
   60      32     14860     14828   61.7748     49.25    0.127711     0.12913
   61      32     15093     15061   61.7168     58.25   0.0926375    0.129428
   62      32     15311     15279   61.6003      54.5   0.0961862    0.129745
   63      32     15537     15505   61.5192      56.5   0.0488067    0.129859
   64      32     15759     15727    61.425      55.5   0.0282694    0.130072
   65      32     15969     15937   61.2876      52.5   0.0684554    0.130409
   66      32     16189     16157   61.1923        55   0.0672232     0.13055
   67      32     16411     16379   61.1072      55.5   0.0733788     0.13071
   68      32     16648     16616   61.0798     59.25   0.0245917    0.130901
   69      32     16864     16832   60.9771        54    0.164035    0.131103
   70      32     17090     17058    60.913      56.5   0.0218921    0.131278
   71      32     17299     17267   60.7909     52.25    0.142121    0.131446
   72      32     17529     17497   60.7451      57.5   0.0122474    0.131664
   73      32     17745     17713   60.6526        54   0.0202031    0.131841
   74      32     17966     17934   60.5794     55.25   0.0168906    0.131967
   75      32     18177     18145   60.4749     52.75   0.0770344    0.132093
   76      32     18407     18375   60.4357      57.5   0.0777599    0.132253
   77      32     18626     18594   60.3618     54.75   0.0592591    0.132427
   78      32     18848     18816   60.2993      55.5   0.0459358    0.132519
   79      32     19065     19033   60.2226     54.25    0.137742    0.132715
2026-07-07T19:30:40.942233+0800 min lat: 0.00771948 max lat: 0.390734 avg lat: 0.13293
  sec Cur ops   started  finished  avg MB/s  cur MB/s last lat(s)  avg lat(s)
   80      32     19277     19245   60.1322        53   0.0670791     0.13293
   81      32     19502     19470   60.0842     56.25   0.0443921    0.133014
   82      32     19732     19700   60.0526      57.5   0.0171034    0.133118
   83      32     19951     19919   59.9886     54.75   0.0116808     0.13333
   84      32     20138     20106    59.831     46.75   0.0501355    0.133434
   85      32     20375     20343    59.824     59.25    0.165285      0.1336
   86      32     20601     20569   59.7853      56.5   0.0179539    0.133672
   87      32     20803     20771   59.6785      50.5    0.146025    0.133952
   88      32     21018     20986    59.611     53.75    0.136275    0.134088
   89      32     21252     21220   59.5985      58.5    0.135739    0.134158
   90      32     21478     21446    59.564      56.5    0.113401    0.134187
   91      32     21708     21676   59.5412      57.5   0.0523965    0.134272
   92      32     21927     21895    59.489     54.75    0.023567    0.134378
   93      32     22151     22119   59.4514        56   0.0264843    0.134467
   94      32     22380     22348   59.4279     57.25   0.0280968    0.134504
   95      32     22594     22562   59.3655      53.5   0.0464712    0.134635
   96      32     22835     22803   59.3746     60.25   0.0159619    0.134681
   97      32     23059     23027   59.3397        56   0.0530445    0.134718
   98      32     23287     23255   59.3157        57   0.0840589    0.134795
   99      32     23513     23481   59.2872      56.5   0.0380027     0.13486
2026-07-07T19:31:00.944958+0800 min lat: 0.00771948 max lat: 0.390734 avg lat: 0.134946
  sec Cur ops   started  finished  avg MB/s  cur MB/s last lat(s)  avg lat(s)
  100      32     23740     23708   59.2618     56.75    0.159354    0.134946
  101      32     23958     23926   59.2145      54.5    0.020232    0.134988
  102      32     24173     24141   59.1609     53.75   0.0241608    0.135141
  103      32     24397     24365   59.1301        56   0.0144504     0.13525
  104      32     24591     24559   59.0278      48.5    0.100748    0.135292
  105      32     24824     24792   59.0204     58.25   0.0216211    0.135424
  106      32     25042     25010   58.9776      54.5   0.0521441    0.135528
  107      32     25273     25241   58.9661     57.75    0.023008    0.135593
  108      32     25496     25464   58.9362     55.75   0.0150378    0.135654
  109      32     25721     25689   58.9115     56.25     0.16665    0.135738
  110      32     25950     25918   58.8963     57.25   0.0370592    0.135819
  111      32     26174     26142   58.8701        56    0.163945     0.13588
  112      32     26400     26368   58.8489      56.5   0.0251756    0.135895
  113      32     26582     26550   58.7307      45.5   0.0924094    0.136027
  114      32     26799     26767   58.6913     54.25    0.110566    0.136104
  115      32     27032     27000   58.6874     58.25   0.0610243    0.136186
  116      32     27280     27248   58.7159        62    0.150201    0.136222
  117      32     27493     27461   58.6691     53.25   0.0347732    0.136277
  118      32     27715     27683   58.6422      55.5   0.0293374    0.136373
  119      32     27937     27905   58.6158      55.5   0.0362289    0.136431
2026-07-07T19:31:20.947829+0800 min lat: 0.00771948 max lat: 0.390734 avg lat: 0.136551
  sec Cur ops   started  finished  avg MB/s  cur MB/s last lat(s)  avg lat(s)
  120      32     28155     28123   58.5814      54.5    0.208965    0.136551
  121      32     28346     28314   58.4919     47.75    0.152121    0.136619
  122      32     28564     28532   58.4591      54.5    0.124447    0.136686
  123      32     28819     28787    58.502     63.75   0.0119064    0.136728
  124      32     29010     28978   58.4152     47.75   0.0479971    0.136804
  125      32     29229     29197   58.3859     54.75    0.135447    0.136853
  126      32     29450     29418   58.3609     55.25   0.0259272    0.136913
  127      32     29674     29642   58.3423        56    0.142923    0.136995
  128      32     29901     29869   58.3298     56.75    0.109686    0.137048
  129      32     30123     30091   58.3078      55.5   0.0263089    0.137115
  130      32     30345     30313   58.2861      55.5   0.0447692    0.137153
  131      32     30585     30553   58.2991        60    0.154763    0.137176
  132      32     30770     30738   58.2078     46.25   0.0770729    0.137343
  133      32     30996     30964   58.1949      56.5   0.0587301    0.137388
  134      32     31213     31181   58.1654     54.25   0.0481351     0.13743
  135      32     31441     31409   58.1567        57   0.0214852    0.137522
  136      32     31633     31601    58.082        48    0.171064     0.13762
  137      32     31872     31840   58.0941     59.75   0.0970941    0.137667
  138      32     32094     32062   58.0753      55.5   0.0226657    0.137681
  139      32     32313     32281   58.0513     54.75   0.0126537    0.137772
2026-07-07T19:31:40.950597+0800 min lat: 0.00771948 max lat: 0.390734 avg lat: 0.137835
  sec Cur ops   started  finished  avg MB/s  cur MB/s last lat(s)  avg lat(s)
  140      32     32508     32476   57.9848     48.75   0.0206474    0.137835
  141      32     32735     32703   57.9759     56.75    0.125328     0.13787
  142      32     32962     32930   57.9673     56.75    0.117445    0.137898
  143      32     33192     33160   57.9639      57.5   0.0777281    0.137915
  144      32     33414     33382   57.9468      55.5   0.0183622     0.13799
  145      32     33636     33604   57.9298      55.5   0.0285184    0.138036
  146      32     33861     33829   57.9183     56.25    0.195897    0.138077
  147      32     34060     34028   57.8627     49.75     0.16023    0.138154
  148      32     34272     34240   57.8297        53    0.123962    0.138204
  149      32     34501     34469   57.8258     57.25    0.152302    0.138217
  150      32     34721     34689   57.8069        55   0.0151495    0.138239
  151      32     34941     34909   57.7883        55    0.027767    0.138327
  152      32     35165     35133   57.7764        56   0.0261504    0.138376
  153      32     35395     35363   57.7746      57.5    0.045729    0.138372
  154      32     35599     35567   57.7305        51    0.111873     0.13842
  155      32     35818     35786   57.7113     54.75    0.213078    0.138491
  156      32     36044     36012   57.7035      56.5     0.15524    0.138518
  157      32     36273     36241   57.7005     57.25    0.148325    0.138538
  158      32     36492     36460   57.6818     54.75   0.0284262    0.138623
  159      32     36716     36684   57.6712        56   0.0215759    0.138675
2026-07-07T19:32:00.953521+0800 min lat: 0.00771948 max lat: 0.390734 avg lat: 0.138691
  sec Cur ops   started  finished  avg MB/s  cur MB/s last lat(s)  avg lat(s)
  160      32     36943     36911   57.6654     56.75   0.0223486    0.138691
  161      32     37176     37144   57.6689     58.25   0.0884124    0.138701
  162      32     37364     37332    57.603        47    0.141489    0.138789
  163      32     37606     37574   57.6207      60.5   0.0754336    0.138782
  164      32     37832     37800   57.6139      56.5    0.169198    0.138761
  165      32     38083     38051   57.6449     62.75   0.0951952    0.138757
  166      32     38268     38236   57.5763     46.25    0.100679    0.138824
  167      32     38486     38454   57.5578      54.5   0.0489706    0.138875
  168      32     38714     38682   57.5544        57    0.152612    0.138907
  169      32     38924     38892   57.5245      52.5   0.0792644    0.138904
  170      32     39150     39118   57.5184      56.5    0.112766    0.139001
  171      32     39371     39339   57.5051     55.25     0.13364    0.139016
  172      32     39620     39588   57.5327     62.25    0.176214    0.139024
  173      32     39824     39792   57.4949        51   0.0249922    0.139101
  174      32     40017     39985   57.4417     48.25    0.145228    0.139152
  175      32     40254     40222    57.452     59.25   0.0433745    0.139175
  176      32     40484     40452   57.4522      57.5   0.0386605     0.13919
  177      32     40672     40640   57.3931        47    0.117802    0.139281
  178      32     40897     40865   57.3866     56.25   0.0930627    0.139316
  179      32     41121     41089   57.3788        56    0.202254    0.139354
2026-07-07T19:32:20.956291+0800 min lat: 0.00771948 max lat: 0.390734 avg lat: 0.139349
  sec Cur ops   started  finished  avg MB/s  cur MB/s last lat(s)  avg lat(s)
  180      32     41346     41314   57.3725     56.25    0.022655    0.139349
  181      32     41570     41538   57.3649        56   0.0179508    0.139437
  182      32     41786     41754   57.3464        54     0.15479    0.139483
  183      32     42013     41981   57.3431     56.75   0.0307849     0.13947
  184      32     42198     42166   57.2827     46.25   0.0918264    0.139505
  185      32     42425     42393   57.2798     56.75    0.043216    0.139608
  186      32     42641     42609   57.2621        54   0.0676274    0.139647
  187      32     42866     42834   57.2567     56.25   0.0235162    0.139636
  188      32     43085     43053   57.2433     54.75    0.185381    0.139726
  189      32     43280     43248   57.1983     48.75    0.165289    0.139762
  190      32     43506     43474   57.1946      56.5    0.172121    0.139779
  191      32     43733     43701   57.1923     56.75    0.084528     0.13979
  192      32     43956     43924   57.1847     55.75   0.0528029    0.139858
  193      32     44173     44141   57.1695     54.25    0.033606    0.139904
  194      32     44365     44333   57.1222        48   0.0424598    0.139911
  195      32     44607     44575   57.1394      60.5   0.0129963    0.139945
  196      32     44822     44790   57.1221     53.75    0.172551    0.140038
  197      32     45011     44979    57.072     47.25   0.0203657    0.140065
  198      32     45267     45235   57.1069        64   0.0222228    0.140069
  199      32     45463     45431   57.0661        49   0.0804852    0.140085
2026-07-07T19:32:40.959040+0800 min lat: 0.00771948 max lat: 0.390734 avg lat: 0.140152
  sec Cur ops   started  finished  avg MB/s  cur MB/s last lat(s)  avg lat(s)
  200      32     45676     45644    57.047     53.25    0.084627    0.140152
  201      32     45891     45859   57.0306     53.75    0.102868    0.140178
  202      32     46145     46113   57.0626      63.5    0.163163     0.14019
  203      32     46333     46301    57.013        47   0.0456761    0.140234
  204      32     46558     46526   57.0092     56.25   0.0497811    0.140263
  205      32     46787     46755   57.0103     57.25    0.017106    0.140308
  206      32     47006     46974   56.9993     54.75    0.171712    0.140317
  207      32     47192     47160   56.9485      46.5   0.0720583     0.14038
  208      32     47415     47383   56.9427     55.75   0.0419681    0.140417
  209      32     47636     47604   56.9346     55.25    0.124293    0.140424
  210      32     47865     47833   56.9361     57.25    0.112977    0.140431
  211      32     48076     48044   56.9162     52.75   0.0517149     0.14049
  212      32     48299     48267   56.9107     55.75   0.0341106    0.140518
  213      32     48526     48494   56.9099     56.75    0.178324    0.140534
  214      32     48718     48686   56.8682        48   0.0734954     0.14055
  215      32     48949     48917   56.8723     57.75   0.0193747    0.140627
  216      32     49142     49110   56.8323     48.25    0.117734    0.140662
  217      32     49374     49342   56.8377        58    0.161641    0.140675
  218      32     49594     49562   56.8292        55   0.0961287    0.140718
  219      32     49811     49779   56.8174     54.25    0.017866    0.140768
2026-07-07T19:33:00.961862+0800 min lat: 0.00771948 max lat: 0.390734 avg lat: 0.140803
  sec Cur ops   started  finished  avg MB/s  cur MB/s last lat(s)  avg lat(s)
  220      32     50031     49999   56.8091        55   0.0286158    0.140803
  221      32     50250     50218   56.7997     54.75   0.0442878      0.1408
  222      32     50443     50411   56.7612     48.25    0.163994     0.14085
  223      32     50681     50649   56.7734      59.5   0.0253248    0.140876
  224      32     50877     50845   56.7387        49    0.133519    0.140887
  225      32     51137     51105   56.7754        65   0.0124134    0.140895
  226      32     51314     51282   56.7199     44.25    0.110702    0.140953
  227      32     51536     51504   56.7145      55.5   0.0516242    0.140983
  228      32     51758     51726   56.7092      55.5   0.0161532       0.141
  229      32     51982     51950    56.706        56   0.0257991     0.14101
  230      32     52196     52164   56.6921      53.5   0.0189673     0.14108
  231      32     52418     52386   56.6869      55.5      0.1597    0.141114
  232      32     52644     52612   56.6861      56.5   0.0142904    0.141114
  233      32     52865     52833   56.6799     55.25   0.0958349    0.141126
  234      32     53053     53021   56.6385        47   0.0697804    0.141172
  235      32     53274     53242   56.6325     55.25    0.145412    0.141195
  236      32     53503     53471   56.6351     57.25    0.057544     0.14118
  237      32     53717     53685   56.6218      53.5   0.0847697    0.141235
  238      32     53936     53904   56.6139     54.75   0.0524945    0.141255
  239      32     54151     54119   56.6019     53.75   0.0720155    0.141276
2026-07-07T19:33:20.964569+0800 min lat: 0.00771948 max lat: 0.390734 avg lat: 0.141283
  sec Cur ops   started  finished  avg MB/s  cur MB/s last lat(s)  avg lat(s)
  240      32     54376     54344   56.6004     56.25   0.0171266    0.141283
  241      32     54569     54537   56.5657     48.25    0.018917    0.141333
  242      32     54795     54763   56.5654      56.5   0.0501186    0.141368
  243      32     55015     54983    56.559        55   0.0483348    0.141372
  244      32     55239     55207   56.5566        56   0.0524314    0.141381
  245      32     55463     55431   56.5543        56   0.0142508    0.141445
  246      32     55651     55619   56.5155        47    0.158682    0.141466
  247      32     55903     55871   56.5417        63   0.0243445    0.141466
  248      32     56128     56096   56.5405     56.25    0.148576    0.141485
  249      32     56322     56290   56.5082      48.5   0.0593074    0.141524
  250      32     56544     56512   56.5041      55.5   0.0696582    0.141544
  251      32     56750     56718   56.4842      51.5    0.167394    0.141586
  252      32     56928     56896   56.4366      44.5   0.0448675    0.141637
  253      32     57150     57118   56.4329      55.5   0.0862371    0.141699
  254      32     57373     57341   56.4301     55.75   0.0142334     0.14172
  255      32     57594     57562   56.4255     55.25   0.0280663    0.141731
  256      32     57789     57757   56.3955     48.75   0.0752975    0.141771
  257      32     58009     57977     56.39        55   0.0938467    0.141789
  258      32     58258     58226   56.4127     62.25   0.0187559    0.141787
  259      32     58486     58454   56.4149        57   0.0112554    0.141789
2026-07-07T19:33:40.967298+0800 min lat: 0.00771948 max lat: 0.390734 avg lat: 0.141837
  sec Cur ops   started  finished  avg MB/s  cur MB/s last lat(s)  avg lat(s)
  260      32     58670     58638   56.3748        46   0.0784269    0.141837
  261      32     58894     58862   56.3734        56   0.0330735    0.141871
  262      32     59119     59087   56.3729     56.25    0.180904    0.141886
  263      32     59345     59313   56.3733      56.5   0.0185618     0.14188
  264      32     59525     59493   56.3302        45   0.0938032    0.141926
  265      32     59747     59715    56.327      55.5   0.0728502    0.141965
  266      32     59991     59959   56.3446        61   0.0239861    0.141957
  267      32     60184     60152   56.3142     48.25     0.16764    0.141969
  268      32     60416     60384   56.3205        58   0.0517989    0.142013
  269      32     60642     60610   56.3211      56.5   0.0238164    0.142019
  270      32     60864     60832   56.3181      55.5   0.0491742    0.142023
  271      32     61060     61028    56.291        49    0.021891    0.142063
  272      32     61279     61247   56.2853     54.75    0.084292    0.142077
  273      32     61524     61492   56.3035     61.25    0.013253    0.142078
  274      32     61715     61683   56.2722     47.75   0.0938767    0.142072
  275      32     61934     61902   56.2667     54.75    0.100199    0.142109
  276      32     62149     62117   56.2575     53.75   0.0915787    0.142132
  277      32     62403     62371   56.2837      63.5    0.067928    0.142132
  278      32     62628     62596   56.2835     56.25   0.0152141    0.142126
  279      32     62820     62788   56.2538        48   0.0571116    0.142161
2026-07-07T19:34:00.970186+0800 min lat: 0.00771948 max lat: 0.390734 avg lat: 0.142175
  sec Cur ops   started  finished  avg MB/s  cur MB/s last lat(s)  avg lat(s)
  280      32     63042     63010   56.2511      55.5     0.10855    0.142175
  281      32     63264     63232   56.2484      55.5   0.0150333    0.142173
  282      32     63489     63457   56.2483     56.25   0.0232183    0.142178
  283      32     63703     63671   56.2386      53.5   0.0166355    0.142233
  284      32     63886     63854   56.2017     45.75    0.111191    0.142251
  285      32     64118     64086   56.2079        58    0.088956    0.142258
  286      32     64330     64298   56.1967        53    0.190235    0.142291
  287      32     64551     64519   56.1934     55.25   0.0218478    0.142321
  288      32     64783     64751   56.1996        58   0.0195748    0.142335
  289      32     65005     64973   56.1972      55.5   0.0316015    0.142337
  290      32     65187     65155   56.1603      45.5   0.0287783    0.142369
  291      32     65407     65375   56.1562        55    0.152143    0.142385
  292      32     65648     65616   56.1702     60.25   0.0294759    0.142396
  293      32     65872     65840   56.1696        56   0.0450643    0.142397
  294      32     66056     66024    56.135        46   0.0451023    0.142437
  295      32     66279     66247   56.1337     55.75   0.0214646    0.142455
  296      32     66520     66488   56.1476     60.25    0.143048    0.142469
  297      32     66732     66700   56.1369        53    0.177277    0.142476
  298      32     66926     66894   56.1113      48.5   0.0502979      0.1425
  299      32     67154     67122   56.1142        57   0.0425969    0.142512
2026-07-07T19:34:20.972994+0800 min lat: 0.00771948 max lat: 0.390734 avg lat: 0.142531
  sec Cur ops   started  finished  avg MB/s  cur MB/s last lat(s)  avg lat(s)
  300      29     67376     67347   56.1147     56.25   0.0823825    0.142531
Total time run:         300.095
Total writes made:      67376
Write size:             262144
Object size:            262144
Bandwidth (MB/sec):     56.1289
Stddev Bandwidth:       9.4085
Max bandwidth (MB/sec): 112.75
Min bandwidth (MB/sec): 44.25
Average IOPS:           224
Stddev IOPS:            37.634
Max IOPS:               451
Min IOPS:               177
Average Latency(s):     0.142519
Stddev Latency(s):      0.0526282
Max latency(s):         0.390734
Min latency(s):         0.00771948
[2026-07-07 19:34:21] END bench: t32 r1
[2026-07-07 19:34:22] Cleaning pool juicefs-data (before: GiB objects)...
[2026-07-07 19:34:40] Pool cleanup done (after: GiB objects).
[2026-07-07 19:34:40] Compacting all OSDs...
[2026-07-07 19:34:52] Compaction triggered.
[2026-07-07 19:34:52] Round 1 done.
[2026-07-07 19:34:52] ---- t32 round 2 ----
[2026-07-07 19:34:52] Cleaning pool juicefs-data (before: B objects)...
[2026-07-07 19:34:52] Pool cleanup done (after: B objects).
[2026-07-07 19:34:52] Compacting all OSDs...
[2026-07-07 19:35:03] Compaction triggered.
[2026-07-07 19:35:04]   osd.0: queue_len=0 running=0
[2026-07-07 19:35:04]   osd.1: queue_len=0 running=0
[2026-07-07 19:35:04]   osd.2: queue_len=0 running=0
[2026-07-07 19:35:05]   osd.3: queue_len=0 running=0
[2026-07-07 19:35:05]   osd.4: queue_len=0 running=0
[2026-07-07 19:35:06]   osd.5: queue_len=0 running=0
[2026-07-07 19:35:06] Health: HEALTH_OK
[2026-07-07 19:35:07] START bench: rados bench -p juicefs-data 300 write -b 256K -t 32 --no-cleanup
[2026-07-07 19:35:07] Output -> /home/turboai/production/results/backend-rados-fulldiag-20260708/exp1-concurrency/256k-t32-r2.txt
hints = 1
Maintaining 32 concurrent writes of 262144 bytes to objects of size 262144 for up to 300 seconds or 0 objects
Object prefix: benchmark_data_tikv-node_3689572
  sec Cur ops   started  finished  avg MB/s  cur MB/s last lat(s)  avg lat(s)
    0       0         0         0         0         0           -           0
    1      32       473       441   110.241    110.25   0.0265576   0.0673268
    2      32       918       886   110.738    111.25   0.0654108   0.0698366
    3      32      1364      1332   110.989     111.5    0.180554   0.0700206
    4      32      1810      1778   111.114     111.5   0.0111588   0.0704844
    5      32      2255      2223   111.139    111.25    0.211385   0.0708636
    6      32      2706      2674   111.405    112.75    0.034433   0.0709205
    7      32      3153      3121   111.453    111.75    0.162252    0.071185
    8      32      3415      3383   105.707      65.5   0.0288719   0.0754321
    9      32      3607      3575   99.2944        48   0.0606624   0.0795236
   10      32      3824      3792   94.7891     54.25   0.0531502   0.0833938
   11      32      4050      4018   91.3072      56.5   0.0669612   0.0866537
   12      32      4276      4244   88.4058      56.5   0.0434466   0.0894846
   13      32      4507      4475   86.0472     57.75    0.045035   0.0926154
   14      32      4732      4700   83.9183     56.25   0.0193622   0.0951187
   15      32      4950      4918   81.9567      54.5     0.17054   0.0974791
   16      32      5151      5119   79.9745     50.25    0.133161   0.0992005
   17      32      5388      5356   78.7549     59.25   0.0196419    0.101416
   18      32      5602      5570   77.3515      53.5   0.0126996    0.103346
   19      32      5826      5794   76.2274        56    0.162423    0.104932
2026-07-07T19:35:27.388156+0800 min lat: 0.0104628 max lat: 0.305592 avg lat: 0.106342
  sec Cur ops   started  finished  avg MB/s  cur MB/s last lat(s)  avg lat(s)
   20      32      6017      5985   74.8032     47.75   0.0238416    0.106342
   21      32      6241      6209   73.9073        56   0.0210754    0.107922
   22      32      6465      6433    73.093        56   0.0467438    0.109255
   23      32      6687      6655   72.3277      55.5   0.0301279    0.110431
   24      32      6872      6840   71.2408     46.25    0.157472    0.111695
   25      32      7095      7063   70.6209     55.75    0.111664    0.112725
   26      32      7322      7290   70.0872     56.75   0.0168125     0.11375
   27      32      7551      7519   69.6114     57.25   0.0235131    0.114643
   28      32      7736      7704   68.7768     46.25    0.135894    0.115689
   29      32      7968      7936   68.4048        58   0.0540406     0.11665
   30      32      8195      8163   68.0161     56.75   0.0389344     0.11745
   31      32      8420      8388   67.6364     56.25    0.165615    0.118236
   32      32      8603      8571   66.9522     45.75   0.0435312     0.11903
   33      32      8821      8789   66.5747      54.5   0.0857416    0.119654
   34      32      9048      9016   66.2854     56.75    0.103121    0.120383
   35      32      9265      9233   65.9413     54.25    0.076376    0.120896
   36      32      9480      9448   65.6025     53.75    0.083649    0.121692
   37      32      9705      9673   65.3496     56.25   0.0460294     0.12225
   38      32      9925      9893   65.0771        55   0.0200932    0.122734
   39      32     10142     10110   64.7993     54.25    0.168287     0.12343
2026-07-07T19:35:47.390915+0800 min lat: 0.00795536 max lat: 0.305592 avg lat: 0.123778
  sec Cur ops   started  finished  avg MB/s  cur MB/s last lat(s)  avg lat(s)
   40      32     10335     10303   64.3853     48.25   0.0686845    0.123778
   41      32     10554     10522   64.1501     54.75   0.0747447    0.124268
   42      32     10778     10746   63.9559        56   0.0742253    0.124644
   43      32     10998     10966   63.7474        55   0.0531458    0.125188
   44      32     11219     11187   63.5542     55.25    0.112049    0.125604
   45      32     11439     11407   63.3639        55   0.0505257     0.12601
   46      32     11658     11626   63.1765     54.75    0.118613      0.1263
   47      32     11865     11833   62.9332     51.75   0.0996314    0.126747
   48      32     12093     12061   62.8095        57   0.0114852    0.127208
   49      32     12315     12283   62.6602      55.5   0.0449116    0.127507
   50      32     12535     12503   62.5068        55   0.0153015    0.127917
   51      32     12752     12720   62.3448     54.25   0.0217419    0.128196
   52      32     12971     12939   62.1986     54.75   0.0231488    0.128526
   53      32     13195     13163   62.0815        56    0.151125    0.128842
   54      32     13384     13352   61.8068     47.25    0.143183    0.129098
   55      32     13608     13576   61.7011        56   0.0279918    0.129344
   56      32     13830     13798   61.5902      55.5   0.0990306    0.129618
   57      32     14062     14030   61.5271        58   0.0212091    0.129862
   58      32     14246     14214   61.2592        46    0.167614    0.130215
   59      32     14494     14462   61.2717        62   0.0215746    0.130529
2026-07-07T19:36:07.393448+0800 min lat: 0.00795536 max lat: 0.305592 avg lat: 0.130712
  sec Cur ops   started  finished  avg MB/s  cur MB/s last lat(s)  avg lat(s)
   60      32     14714     14682   61.1671        55   0.0237147    0.130712
   61      32     14906     14874    60.951        48   0.0734424    0.131009
   62      32     15140     15108   60.9114      58.5   0.0419006     0.13124
   63      32     15355     15323   60.7976     53.75    0.111337     0.13152
   64      32     15580     15548   60.7265     56.25   0.0468191    0.131616
   65      32     15769     15737   60.5191     47.25     0.16181    0.131909
   66      32     15989     15957   60.4354        55    0.128297    0.132135
   67      32     16214     16182   60.3728     56.25   0.0259157    0.132327
   68      32     16436     16404    60.301      55.5   0.0263996    0.132492
   69      32     16650     16618   60.2024      53.5   0.0698917    0.132759
   70      32     16860     16828   60.0922      52.5    0.120894    0.132983
   71      32     17081     17049   60.0239     55.25    0.200173    0.133201
   72      32     17267     17235    59.836      46.5     0.14659    0.133455
   73      32     17488     17456   59.7731     55.25   0.0401507    0.133661
   74      32     17714     17682   59.7287      56.5   0.0131426    0.133811
   75      32     17938     17906    59.679        56   0.0520483    0.133898
   76      32     18153     18121   59.6009     53.75   0.0337303    0.134147
   77      32     18371     18339   59.5345      54.5   0.0618921    0.134268
   78      32     18596     18564   59.4923     56.25    0.180928    0.134454
   79      32     18790     18758   59.3531      48.5   0.0732939    0.134555
2026-07-07T19:36:27.395994+0800 min lat: 0.00795536 max lat: 0.305592 avg lat: 0.134734
  sec Cur ops   started  finished  avg MB/s  cur MB/s last lat(s)  avg lat(s)
   80      32     19013     18981    59.308     55.75   0.0681734    0.134734
   81      32     19245     19213   59.2917        58   0.0191676    0.134849
   82      32     19460     19428    59.224     53.75    0.169478    0.135002
   83      32     19654     19622   59.0947      48.5    0.190437    0.135114
   84      32     19895     19863   59.1084     60.25   0.0259129    0.135273
   85      32     20122     20090   59.0806     56.75    0.161917    0.135384
   86      32     20347     20315   59.0476     56.25    0.168046    0.135472
   87      32     20536     20504   58.9119     47.25   0.0194732    0.135624
   88      32     20759     20727   58.8759     55.75   0.0124455    0.135768
   89      32     20984     20952   58.8463     56.25    0.165797    0.135909
   90      32     21180     21148   58.7368        49   0.0686292    0.135973
   91      32     21398     21366   58.6901      54.5   0.0621946    0.136161
   92      32     21625     21593    58.669     56.75   0.0239364    0.136243
   93      32     21853     21821   58.6509        57   0.0447157    0.136321
   94      32     22047     22015   58.5429      48.5   0.0279168     0.13638
   95      32     22274     22242   58.5239     56.75   0.0339289    0.136603
   96      32     22498     22466   58.4975        56   0.0294881    0.136711
   97      32     22723     22691   58.4743     56.25   0.0130414    0.136782
   98      32     22903     22871   58.3367        45    0.122059     0.13692
   99      32     23126     23094   58.3105     55.75      0.1155    0.137054
2026-07-07T19:36:47.398838+0800 min lat: 0.00795536 max lat: 0.3168 avg lat: 0.137168
  sec Cur ops   started  finished  avg MB/s  cur MB/s last lat(s)  avg lat(s)
  100      32     23343     23311   58.2698     54.25   0.0431295    0.137168
  101      32     23525     23493   58.1433      45.5    0.111131    0.137376
  102      32     23742     23710   58.1051     54.25   0.0610287    0.137532
  103      32     23958     23926   58.0651        54   0.0204724    0.137632
  104      32     24186     24154   58.0548        57   0.0255869    0.137723
  105      32     24406     24374   58.0257        55    0.048449    0.137816
  106      32     24629     24597   58.0041     55.75   0.0605437    0.137908
  107      32     24842     24810   57.9596     53.25    0.129045    0.137991
  108      32     25065     25033   57.9391     55.75   0.0153869    0.138049
  109      32     25277     25245   57.8938        53   0.0397157    0.138155
  110      32     25491     25459   57.8538      53.5   0.0198594    0.138243
  111      32     25705     25673   57.8145      53.5   0.0640734    0.138324
  112      32     25921     25889   57.7804        54   0.0778617    0.138322
  113      32     26142     26110   57.7579     55.25   0.0339981    0.138455
  114      32     26368     26336   57.7468      56.5   0.0129966    0.138515
  115      32     26574     26542   57.6925      51.5   0.0265656    0.138579
  116      32     26796     26764   57.6735      55.5   0.0154054    0.138646
  117      32     26990     26958   57.5951      48.5    0.163151    0.138745
  118      32     27231     27199   57.6175     60.25    0.168694    0.138833
  119      32     27428     27396   57.5471     49.25   0.0951328    0.138852
2026-07-07T19:37:07.401255+0800 min lat: 0.00781059 max lat: 0.3168 avg lat: 0.138888
  sec Cur ops   started  finished  avg MB/s  cur MB/s last lat(s)  avg lat(s)
  120      32     27651     27619   57.5321     55.75   0.0713746    0.138888
  121      32     27871     27839   57.5111        55   0.0684376    0.139005
  122      32     28092     28060   57.4925     55.25   0.0263956    0.139034
  123      32     28317     28285   57.4823     56.25   0.0287905    0.139067
  124      32     28536     28504   57.4602     54.75   0.0447763    0.139173
  125      32     28753     28721   57.4345     54.25   0.0167263    0.139249
  126      32     28947     28915   57.3635      48.5   0.0896949    0.139297
  127      32     29170     29138   57.3507     55.75    0.126934     0.13934
  128      32     29392     29360   57.3362      55.5   0.0339137    0.139434
  129      32     29621     29589   57.3355     57.25    0.017965    0.139482
  130      32     29838     29806   57.3117     54.25    0.156974    0.139537
  131      32     30038     30006   57.2558        50    0.182998    0.139561
  132      32     30275     30243   57.2709     59.25    0.172307    0.139673
  133      32     30474     30442   57.2143     49.75   0.0944244      0.1397
  134      32     30700     30668   57.2089      56.5   0.0837646    0.139741
  135      32     30918     30886   57.1888      54.5   0.0868092    0.139802
  136      32     31131     31099   57.1597     53.25   0.0170332    0.139852
  137      32     31363     31331   57.1658        58    0.181748    0.139935
  138      32     31573     31541    57.132      52.5    0.045891     0.13996
  139      32     31759     31727   57.0554      46.5   0.0171725    0.140055
2026-07-07T19:37:27.404060+0800 min lat: 0.00781059 max lat: 0.319408 avg lat: 0.14011
  sec Cur ops   started  finished  avg MB/s  cur MB/s last lat(s)  avg lat(s)
  140      32     32002     31970   57.0818     60.75   0.0597915     0.14011
  141      32     32217     32185   57.0581     53.75    0.124559    0.140149
  142      32     32436     32404   57.0418     54.75     0.11938    0.140168
  143      32     32656     32624   57.0275        55   0.0425956    0.140251
  144      32     32873     32841   57.0081     54.25    0.069473    0.140288
  145      32     33097     33065   57.0011        56   0.0449734    0.140288
  146      32     33313     33281   56.9805        54    0.156327     0.14037
  147      32     33518     33486   56.9415     51.25   0.0999093    0.140397
  148      32     33719     33687   56.8962     50.25    0.217616    0.140458
  149      32     33941     33909   56.8868      55.5    0.145527      0.1405
  150      32     34154     34122   56.8625     53.25   0.0122699    0.140564
  151      32     34371     34339   56.8451     54.25    0.135793    0.140606
  152      32     34589     34557   56.8297      54.5   0.0547602    0.140631
  153      31     34800     34769   56.8046        53    0.236272      0.1407
  154      32     35003     34971   56.7636      50.5   0.0652928    0.140848
  155      32     35218     35186   56.7441     53.75   0.0396836    0.140937
  156      32     35433     35401   56.7249     53.75    0.166219    0.141023
  157      32     35613     35581   56.6502        45   0.0773519    0.141085
  158      32     35848     35816   56.6634     58.75   0.0260168    0.141135
  159      32     36080     36048   56.6718        58   0.0542024     0.14111
2026-07-07T19:37:47.406770+0800 min lat: 0.00781059 max lat: 0.319408 avg lat: 0.141041
  sec Cur ops   started  finished  avg MB/s  cur MB/s last lat(s)  avg lat(s)
  160      32     36315     36283   56.6847     58.75   0.0938598    0.141041
  161      32     36531     36499    56.668        54    0.166498    0.141115
  162      32     36753     36721   56.6607      55.5   0.0252413    0.141166
  163      32     36967     36935   56.6413      53.5   0.0874769    0.141179
  164      32     37192     37160   56.6389     56.25   0.0765603    0.141169
  165      32     37399     37367   56.6092     51.75    0.188649    0.141255
  166      32     37610     37578   56.5859     52.75    0.130187    0.141303
  167      32     37834     37802   56.5824        56   0.0272322    0.141286
  168      32     38056     38024   56.5759      55.5   0.0494144    0.141338
  169      32     38278     38246   56.5695      55.5   0.0173585    0.141374
  170      32     38504     38472    56.569      56.5    0.162855    0.141409
  171      32     38698     38666   56.5218      48.5    0.044997    0.141415
  172      32     38920     38888   56.5158      55.5    0.156985    0.141484
  173      32     39146     39114   56.5157      56.5   0.0433225    0.141501
  174      32     39365     39333   56.5055     54.75    0.170912    0.141541
  175      32     39595     39563   56.5111      57.5   0.0147051     0.14155
  176      32     39784     39752   56.4584     47.25   0.0423584    0.141603
  177      32     40010     39978   56.4586      56.5   0.0178115    0.141628
  178      32     40235     40203   56.4574     56.25   0.0453982    0.141661
  179      32     40425     40393   56.4073      47.5   0.0933972     0.14168
2026-07-07T19:38:07.409490+0800 min lat: 0.00781059 max lat: 0.319408 avg lat: 0.141718
  sec Cur ops   started  finished  avg MB/s  cur MB/s last lat(s)  avg lat(s)
  180      32     40672     40640    56.437     61.75   0.0174042    0.141718
  181      32     40865     40833   56.3917     48.25   0.0694766     0.14175
  182      32     41114     41082   56.4238     62.25   0.0175739    0.141765
  183      32     41304     41272    56.375      47.5   0.0219967    0.141823
  184      32     41524     41492   56.3675        55    0.076929    0.141855
  185      32     41744     41712   56.3601        55   0.0784214    0.141873
  186      32     41962     41930     56.35      54.5   0.0437531    0.141895
  187      32     42186     42154   56.3481        56   0.0259651     0.14195
  188      32     42400     42368   56.3329      53.5    0.017301    0.141985
  189      32     42619     42587   56.3245     54.75   0.0261678    0.141998
  190      32     42835     42803   56.3123        54   0.0176694    0.142007
  191      32     43030     42998   56.2726     48.75    0.144454    0.142105
  192      32     43263     43231   56.2829     58.25   0.0174872    0.142097
  193      32     43479     43447    56.271        54   0.0295917    0.142116
  194      32     43702     43670   56.2683     55.75   0.0212549    0.142148
  195      32     43895     43863   56.2272     48.25   0.0167103     0.14219
  196      32     44106     44074   56.2094     52.75    0.160373    0.142234
  197      32     44355     44323     56.24     62.25   0.0146919    0.142234
  198      32     44535     44503   56.1832        45     0.17433    0.142267
  199      32     44757     44725   56.1797      55.5   0.0928398    0.142305
2026-07-07T19:38:27.412154+0800 min lat: 0.00781059 max lat: 0.343925 avg lat: 0.142326
  sec Cur ops   started  finished  avg MB/s  cur MB/s last lat(s)  avg lat(s)
  200      32     44980     44948   56.1776     55.75   0.0456034    0.142326
  201      32     45206     45174   56.1791      56.5    0.177598    0.142348
  202      31     45411     45380   56.1559      51.5    0.172443    0.142413
  203      32     45615     45583   56.1293     50.75   0.0926314    0.142435
  204      32     45853     45821   56.1457      59.5   0.0192617    0.142432
  205      32     46075     46043   56.1425      55.5   0.0139771     0.14245
  206      32     46294     46262   56.1357     54.75   0.0197698    0.142465
  207      32     46516     46484   56.1326      55.5   0.0144838    0.142506
  208      32     46732     46700   56.1223        54   0.0453027    0.142512
  209      32     46924     46892   56.0834        48    0.111185    0.142556
  210      32     47147     47115   56.0818     55.75   0.0605367    0.142575
  211      32     47371     47339   56.0814        56   0.0275709    0.142606
  212      32     47588     47556   56.0727     54.25    0.070438    0.142606
  213      32     47808     47776   56.0676        55   0.0194835    0.142651
  214      32     48022     47990   56.0556      53.5   0.0193208    0.142666
  215      32     48241     48209   56.0495     54.75   0.0977077    0.142701
  216      32     48448     48416   56.0296     51.75    0.138824    0.142701
  217      32     48673     48641   56.0305     56.25   0.0706364     0.14272
  218      32     48892     48860   56.0246     54.75    0.073208    0.142738
  219      32     49117     49085   56.0256     56.25   0.0746534    0.142743
2026-07-07T19:38:47.415064+0800 min lat: 0.00781059 max lat: 0.343925 avg lat: 0.142805
  sec Cur ops   started  finished  avg MB/s  cur MB/s last lat(s)  avg lat(s)
  220      32     49306     49274   55.9857     47.25   0.0196705    0.142805
  221      32     49520     49488   55.9744      53.5   0.0552429    0.142853
  222      32     49755     49723   55.9869     58.75   0.0250719    0.142873
  223      32     49976     49944   55.9835     55.25   0.0400046    0.142885
  224      32     50174     50142   55.9546      49.5   0.0343762    0.142915
  225      32     50386     50354   55.9414        53   0.0690325    0.142932
  226      32     50603     50571   55.9339     54.25   0.0453828     0.14295
  227      32     50823     50791   55.9297        55    0.120639     0.14296
  228      32     51043     51011   55.9256        55   0.0427773    0.142995
  229      32     51262     51230   55.9205     54.75    0.147343    0.143034
  230      32     51493     51461   55.9284     57.75    0.169679    0.143025
  231      32     51685     51653    55.894        48   0.0513627    0.143039
  232      31     51929     51898   55.9171     61.25   0.0122863    0.143058
  233      32     52131     52099   55.8927     50.25   0.0268148    0.143066
  234      32     52348     52316   55.8857     54.25   0.0174202    0.143074
  235      32     52582     52550   55.8968      58.5   0.0170495    0.143105
  236      32     52780     52748   55.8696      49.5   0.0804853     0.14313
  237      32     53009     52977   55.8754     57.25    0.038542    0.143133
  238      32     53226     53194   55.8686     54.25   0.0166293    0.143171
  239      32     53446     53414   55.8649        55   0.0136569    0.143189
2026-07-07T19:39:07.417749+0800 min lat: 0.00781059 max lat: 0.343925 avg lat: 0.143208
  sec Cur ops   started  finished  avg MB/s  cur MB/s last lat(s)  avg lat(s)
  240      32     53663     53631   55.8582     54.25   0.0955442    0.143208
  241      32     53887     53855   55.8587        56   0.0840666    0.143211
  242      32     54080     54048   55.8272     48.25   0.0850786    0.143237
  243      32     54295     54263   55.8187     53.75   0.0703298     0.14326
  244      32     54509     54477   55.8091      53.5   0.0285707    0.143276
  245      32     54740     54708    55.817     57.75   0.0301442    0.143278
  246      32     54959     54927   55.8126     54.75   0.0201595      0.1433
  247      32     55183     55151   55.8134        56   0.0257111    0.143305
  248      32     55407     55375   55.8141        56   0.0270198    0.143322
  249      32     55628     55596   55.8118     55.25    0.185402    0.143296
  250      32     55818     55786   55.7785      47.5   0.0514501    0.143337
  251      32     56044     56012   55.7814      56.5   0.0845482    0.143364
  252      32     56267     56235   55.7812     55.75   0.0605073    0.143373
  253      32     56484     56452   55.7751     54.25    0.017591    0.143404
  254      32     56707     56675    55.775     55.75   0.0792274    0.143424
  255      32     56927     56895   55.7719        55   0.0119719    0.143428
  256      32     57139     57107   55.7611        53    0.181176    0.143424
  257      32     57338     57306   55.7377     49.75    0.138955    0.143467
  258      32     57564     57532   55.7406      56.5   0.0226141    0.143474
  259      32     57792     57760   55.7454        57    0.017138    0.143492
2026-07-07T19:39:27.420455+0800 min lat: 0.00767821 max lat: 0.343925 avg lat: 0.143491
  sec Cur ops   started  finished  avg MB/s  cur MB/s last lat(s)  avg lat(s)
  260      32     57982     57950   55.7137      47.5   0.0754469    0.143491
  261      32     58204     58172   55.7128      55.5    0.128212    0.143534
  262      32     58430     58398   55.7158      56.5   0.0776034     0.14354
  263      32     58651     58619    55.714     55.25   0.0590362    0.143544
  264      32     58877     58845    55.717      56.5   0.0130763    0.143571
  265      32     59069     59037   55.6878        48   0.0503653    0.143594
  266      32     59290     59258   55.6862     55.25   0.0404032    0.143613
  267      32     59513     59481   55.6864     55.75   0.0443174    0.143611
  268      32     59742     59710   55.6922     57.25   0.0182972    0.143631
  269      32     59928     59896    55.658      46.5   0.0780989    0.143654
  270      32     60180     60148   55.6851        63   0.0150482    0.143654
  271      32     60370     60338   55.6549      47.5    0.045789    0.143655
  272      32     60593     60561   55.6552     55.75   0.0552492    0.143692
  273      32     60806     60774   55.6464     53.25   0.0704067    0.143705
  274      32     61033     61001   55.6504     56.75     0.02345    0.143711
  275      32     61255     61223   55.6498      55.5    0.177838    0.143743
  276      32     61456     61424   55.6302     50.25   0.0463696    0.143748
  277      32     61686     61654    55.637      57.5   0.0380581    0.143762
  278      32     61906     61874   55.6346        55   0.0237006    0.143775
  279      32     62126     62094   55.6323        55   0.0178077    0.143789
2026-07-07T19:39:47.423134+0800 min lat: 0.00767821 max lat: 0.343925 avg lat: 0.143807
  sec Cur ops   started  finished  avg MB/s  cur MB/s last lat(s)  avg lat(s)
  280      32     62321     62289   55.6077     48.75    0.118469    0.143807
  281      32     62534     62502   55.5993     53.25   0.0837607    0.143804
  282      32     62765     62733   55.6069     57.75   0.0603999    0.143817
  283      32     62985     62953   55.6048        55   0.0176194    0.143855
  284      32     63176     63144   55.5771     47.75   0.0274061    0.143873
  285      32     63402     63370   55.5803      56.5   0.0819685    0.143878
  286      32     63620     63588   55.5765      54.5   0.0515896    0.143904
  287      32     63844     63812   55.5779        56    0.026887    0.143906
  288      32     64063     64031    55.575     54.75   0.0184137    0.143927
  289      32     64261     64229    55.554      49.5   0.0280014    0.143925
  290      32     64482     64450   55.5529     55.25   0.0177502    0.143956
  291      32     64695     64663    55.545     53.25   0.0628557     0.14398
  292      32     64922     64890   55.5491     56.75   0.0284335     0.14398
  293      32     65144     65112   55.5489      55.5   0.0136209    0.144006
  294      32     65362     65330   55.5453      54.5   0.0352616    0.144007
  295      32     65581     65549   55.5426     54.75   0.0272487    0.144016
  296      32     65799     65767    55.539      54.5   0.0154579    0.144024
  297      32     65989     65957   55.5119      47.5   0.0827148    0.144034
  298      32     66218     66186   55.5177     57.25   0.0839027     0.14406
  299      32     66441     66409   55.5185     55.75   0.0136056     0.14408
Total time run:         300.026
Total writes made:      66634
Write size:             262144
Object size:            262144
Bandwidth (MB/sec):     55.5236
Stddev Bandwidth:       9.35614
Max bandwidth (MB/sec): 112.75
Min bandwidth (MB/sec): 45
Average IOPS:           222
Stddev IOPS:            37.4245
Max IOPS:               451
Min IOPS:               180
Average Latency(s):     0.144079
Stddev Latency(s):      0.0536165
Max latency(s):         0.343925
Min latency(s):         0.00767821
[2026-07-07 19:40:07] END bench: t32 r2
[2026-07-07 19:40:07] Cleaning pool juicefs-data (before: GiB objects)...
[2026-07-07 19:40:26] Pool cleanup done (after: GiB objects).
[2026-07-07 19:40:26] Compacting all OSDs...
[2026-07-07 19:40:37] Compaction triggered.
[2026-07-07 19:40:37] Round 2 done.
[2026-07-07 19:40:37] ---- t32 round 3 ----
[2026-07-07 19:40:37] Cleaning pool juicefs-data (before: B objects)...
[2026-07-07 19:40:37] Pool cleanup done (after: B objects).
[2026-07-07 19:40:37] Compacting all OSDs...
[2026-07-07 19:40:48] Compaction triggered.
[2026-07-07 19:40:49]   osd.0: queue_len=0 running=0
[2026-07-07 19:40:50]   osd.1: queue_len=0 running=0
[2026-07-07 19:40:50]   osd.2: queue_len=0 running=0
[2026-07-07 19:40:50]   osd.3: queue_len=0 running=0
[2026-07-07 19:40:51]   osd.4: queue_len=0 running=0
[2026-07-07 19:40:51]   osd.5: queue_len=0 running=0
[2026-07-07 19:40:52] Health: HEALTH_OK
[2026-07-07 19:40:53] START bench: rados bench -p juicefs-data 300 write -b 256K -t 32 --no-cleanup
[2026-07-07 19:40:53] Output -> /home/turboai/production/results/backend-rados-fulldiag-20260708/exp1-concurrency/256k-t32-r3.txt
hints = 1
Maintaining 32 concurrent writes of 262144 bytes to objects of size 262144 for up to 300 seconds or 0 objects
Object prefix: benchmark_data_tikv-node_3721225
  sec Cur ops   started  finished  avg MB/s  cur MB/s last lat(s)  avg lat(s)
    0       0         0         0         0         0           -           0
    1      32       474       442   110.481     110.5   0.0396334   0.0664974
    2      32       921       889   111.106    111.75   0.0494525   0.0691067
    3      32      1371      1339   111.567     112.5   0.0215586   0.0702002
    4      32      1818      1786   111.609    111.75    0.183269   0.0705909
    5      32      2263      2231   111.533    111.25   0.0246168   0.0705698
    6      32      2711      2679   111.608       112   0.0260602   0.0708369
    7      32      3065      3033   108.305      88.5   0.0790554    0.072316
    8      32      3298      3266   102.047     58.25    0.041385   0.0776607
    9      32      3511      3479   96.6245     53.25   0.0521074   0.0821234
   10      32      3735      3703   92.5616        56    0.022591   0.0860605
   11      32      3953      3921   89.1009      54.5    0.038198   0.0892043
   12      32      4149      4117   85.7588        49    0.128423   0.0921321
   13      32      4364      4332   83.2959     53.75    0.136693   0.0953867
   14      32      4581      4549   81.2207     54.25   0.0578057   0.0976285
   15      32      4807      4775   79.5722      56.5   0.0192633   0.0998677
   16      32      5025      4993   78.0047      54.5   0.0502844    0.102243
   17      32      5243      5211   76.6215      54.5   0.0193053    0.104166
   18      32      5464      5432   75.4338     55.25   0.0158422    0.105905
   19      32      5652      5620   73.9369        47   0.0439704     0.10751
2026-07-07T19:41:13.332379+0800 min lat: 0.00764081 max lat: 0.315708 avg lat: 0.109016
  sec Cur ops   started  finished  avg MB/s  cur MB/s last lat(s)  avg lat(s)
   20      32      5881      5849   73.1022     57.25   0.0655801    0.109016
   21      32      6100      6068   72.2279     54.75   0.0186455    0.110403
   22      32      6331      6299   71.5694     57.75   0.0218227    0.111686
   23      32      6520      6488   70.5117     47.25    0.145266     0.11299
   24      32      6758      6726   70.0525      59.5   0.0123737    0.114091
   25      32      6978      6946   69.4501        55   0.0158769    0.115118
   26      32      7197      7165   68.8844     54.75    0.020696    0.116026
   27      32      7382      7350   68.0458     46.25     0.11195    0.116942
   28      32      7603      7571   67.5885     55.25   0.0504123    0.117855
   29      32      7823      7791   67.1542        55    0.133461    0.118596
   30      32      8046      8014   66.7737     55.75   0.0140426    0.119609
   31      32      8265      8233   66.3856     54.75   0.0963388    0.120345
   32      32      8488      8456    66.053     55.75    0.160413    0.121011
   33      32      8703      8671     65.68     53.75    0.180294    0.121636
   34      32      8894      8862   65.1524     47.75   0.0604972    0.122263
   35      32      9113      9081   64.8549     54.75   0.0691439    0.122874
   36      32      9341      9309   64.6364        57    0.131334    0.123398
   37      32      9569      9537   64.4298        57   0.0448625    0.123824
   38      32      9787      9755   64.1683      54.5   0.0434445    0.124522
   39      32     10006      9974   63.9266     54.75   0.0211413    0.125044
2026-07-07T19:41:33.335422+0800 min lat: 0.00764081 max lat: 0.315708 avg lat: 0.125483
  sec Cur ops   started  finished  avg MB/s  cur MB/s last lat(s)  avg lat(s)
   40      32     10225     10193   63.6969     54.75   0.0168291    0.125483
   41      32     10416     10384   63.3077     47.75   0.0256625    0.125914
   42      32     10656     10624   63.2287        60   0.0174807    0.126406
   43      32     10873     10841   63.0198     54.25     0.02389    0.126801
   44      32     11091     11059    62.826      54.5   0.0467893     0.12717
   45      32     11304     11272   62.6131     53.25   0.0162861    0.127704
   46      32     11506     11474   62.3497      50.5    0.185852    0.128064
   47      32     11720     11688   62.1612      53.5    0.119437    0.128352
   48      32     11949     11917   62.0588     57.25   0.0614921     0.12867
   49      32     12165     12133   61.8942        54   0.0204572     0.12911
   50      32     12385     12353   61.7561        55   0.0372392    0.129411
   51      32     12605     12573   61.6235        55   0.0591373    0.129642
   52      32     12801     12769   61.3806        49    0.122272    0.130051
   53      32     13015     12983   61.2317      53.5    0.152485    0.130429
   54      32     13240     13208   61.1394     56.25   0.0896009    0.130578
   55      32     13463     13431   61.0412     55.75   0.0770357    0.130826
   56      32     13679     13647   60.9153        54   0.0834178    0.131144
   57      32     13896     13864   60.7982     54.25   0.0329936    0.131398
   58      32     14120     14088   60.7154        56   0.0805985    0.131586
   59      32     14321     14289   60.5379     50.25    0.087483    0.131743
2026-07-07T19:41:53.338203+0800 min lat: 0.00764081 max lat: 0.371101 avg lat: 0.132032
  sec Cur ops   started  finished  avg MB/s  cur MB/s last lat(s)  avg lat(s)
   60      32     14541     14509   60.4455        55    0.108436    0.132032
   61      32     14762     14730   60.3601     55.25   0.0445073    0.132244
   62      32     14986     14954   60.2897        56    0.196898    0.132369
   63      32     15208     15176   60.2135      55.5   0.0183374    0.132707
   64      32     15430     15398   60.1397      55.5    0.019921    0.132939
   65      32     15655     15623   60.0798     56.25   0.0263277    0.133097
   66      32     15871     15839   59.9875        54    0.020073    0.133261
   67      32     16068     16036   59.8272     49.25   0.0872705    0.133513
   68      32     16291     16259   59.7671     55.75   0.0933403    0.133671
   69      32     16513     16481   59.7052      55.5   0.0721982    0.133846
   70      32     16728     16696     59.62     53.75    0.127519    0.134102
   71      32     16942     16910   59.5337      53.5   0.0759001    0.134314
   72      32     17168     17136   59.4914      56.5   0.0170607    0.134433
   73      32     17379     17347    59.399     52.75    0.140407    0.134604
   74      32     17601     17569   59.3462      55.5   0.0172756    0.134743
   75      32     17822     17790   59.2915     55.25   0.0187696    0.134873
   76      32     18045     18013   59.2448     55.75    0.186343    0.135008
   77      32     18245     18213   59.1246        50    0.129377    0.135059
   78      32     18461     18429   59.0588        54    0.129631    0.135372
   79      32     18688     18656   59.0294     56.75   0.0228179    0.135402
2026-07-07T19:42:13.341128+0800 min lat: 0.00764081 max lat: 0.371101 avg lat: 0.135634
  sec Cur ops   started  finished  avg MB/s  cur MB/s last lat(s)  avg lat(s)
   80      32     18904     18872   58.9665        54    0.133796    0.135634
   81      32     19086     19054   58.8001      45.5   0.0354863    0.135922
   82      32     19284     19252   58.6866      49.5    0.149901    0.136066
   83      32     19536     19504   58.7385        63   0.0134198    0.136178
   84      32     19731     19699   58.6195     48.75    0.103549    0.136204
   85      32     19953     19921   58.5827      55.5    0.158364    0.136503
   86      32     20165     20133   58.5177        53   0.0128895     0.13668
   87      32     20361     20329   58.4082        49    0.169276    0.136769
   88      32     20568     20536   58.3324     51.75    0.192832    0.136912
   89      32     20783     20751   58.2809     53.75   0.0172767    0.137066
   90      32     21011     20979   58.2665        57   0.0289348    0.137174
   91      32     21238     21206   58.2497     56.75   0.0185608    0.137309
   92      32     21456     21424   58.2089      54.5    0.168174    0.137376
   93      32     21635     21603   58.0641     44.75    0.112722    0.137576
   94      32     21845     21813   58.0048      52.5    0.109612    0.137731
   95      32     22071     22039   57.9889      56.5    0.133886    0.137785
   96      32     22276     22244   57.9186     51.25   0.0199806    0.137914
   97      32     22510     22478   57.9245      58.5   0.0203541    0.138022
   98      32     22738     22706    57.915        57   0.0387626    0.138074
   99      32     22962     22930   57.8956        56   0.0275001    0.138144
2026-07-07T19:42:33.344214+0800 min lat: 0.00764081 max lat: 0.371101 avg lat: 0.138295
  sec Cur ops   started  finished  avg MB/s  cur MB/s last lat(s)  avg lat(s)
  100      32     23172     23140   57.8415      52.5    0.178215    0.138295
  101      32     23391     23359   57.8108     54.75    0.163967    0.138367
  102      32     23605     23573   57.7685      53.5   0.0119674    0.138416
  103      32     23797     23765   57.6736        48   0.0515787    0.138445
  104      32     24022     23990   57.6598     56.25   0.0677332    0.138599
  105      32     24237     24205   57.6225     53.75   0.0875589    0.138682
  106      32     24460     24428   57.6047     55.75   0.0271647     0.13874
  107      32     24675     24643   57.5686     53.75   0.0887665    0.138886
  108      32     24898     24866   57.5517     55.75   0.0411262    0.138929
  109      32     25107     25075    57.503     52.25    0.146413    0.139017
  110      32     25351     25319   57.5347        61   0.0195369    0.139017
  111      32     25538     25506   57.4375     46.75   0.0691923    0.139116
  112      32     25757     25725   57.4134     54.75    0.157958     0.13916
  113      32     25975     25943   57.3875      54.5   0.0260779    0.139232
  114      32     26199     26167   57.3753        56     0.01705    0.139279
  115      32     26415     26383   57.3459        54   0.0419473    0.139413
  116      32     26639     26607   57.3342        56   0.0177039    0.139457
  117      32     26858     26826    57.312     54.75   0.0768927    0.139507
  118      32     27077     27045   57.2903     54.75   0.0205131    0.139599
  119      32     27298     27266    57.273     55.25    0.160957    0.139671
2026-07-07T19:42:53.347323+0800 min lat: 0.00764081 max lat: 0.371101 avg lat: 0.139696
  sec Cur ops   started  finished  avg MB/s  cur MB/s last lat(s)  avg lat(s)
  120      32     27490     27458   57.1957        48    0.154345    0.139696
  121      32     27704     27672   57.1651      53.5    0.111081    0.139811
  122      32     27898     27866    57.094      48.5    0.101204    0.139927
  123      32     28125     28093   57.0911     56.75   0.0330082    0.140027
  124      32     28347     28315   57.0782      55.5   0.0226421    0.140078
  125      32     28553     28521   57.0336      51.5    0.136565    0.140118
  126      32     28770     28738   57.0114     54.25   0.0244875    0.140258
  127      32     28989     28957   56.9935     54.75   0.0179139    0.140298
  128      32     29214     29182   56.9877     56.25   0.0148247    0.140333
  129      32     29434     29402   56.9722        55    0.175484    0.140408
  130      32     29615     29583    56.882     45.25   0.0598444    0.140487
  131      32     29841     29809    56.879      56.5   0.0171709    0.140542
  132      32     30078     30046   56.8969     59.25    0.019314    0.140567
  133      32     30265     30233   56.8205     46.75   0.0946603    0.140624
  134      32     30490     30458   56.8162     56.25   0.0620613    0.140685
  135      32     30718     30686   56.8175        57   0.0220847    0.140724
  136      32     30917     30885   56.7655     49.75   0.0853348    0.140738
  137      32     31125     31093   56.7306        52   0.0900247    0.140871
  138      32     31348     31316   56.7235     55.75    0.128036    0.140939
  139      32     31573     31541     56.72     56.25   0.0278474    0.140962
2026-07-07T19:43:13.350237+0800 min lat: 0.00764081 max lat: 0.371101 avg lat: 0.141034
  sec Cur ops   started  finished  avg MB/s  cur MB/s last lat(s)  avg lat(s)
  140      32     31788     31756   56.6988     53.75   0.0434141    0.141034
  141      32     32002     31970    56.676      53.5   0.0422563    0.141071
  142      32     32233     32201   56.6835     57.75   0.0250681    0.141111
  143      32     32454     32422   56.6735     55.25     0.17114    0.141144
  144      32     32644     32612   56.6097      47.5     0.14413    0.141214
  145      32     32874     32842   56.6158      57.5    0.151181    0.141242
  146      32     33101     33069   56.6166     56.75   0.0417335    0.141245
  147      32     33313     33281    56.592        53   0.0488609    0.141262
  148      32     33530     33498   56.5761     54.25   0.0609485    0.141327
  149      32     33749     33717   56.5638     54.75   0.0395242    0.141343
  150      32     33971     33939   56.5567      55.5   0.0811977    0.141358
  151      32     34186     34154    56.538     53.75    0.072903    0.141404
  152      32     34395     34363   56.5098     52.25    0.162785    0.141441
  153      32     34617     34585   56.5031      55.5   0.0919334     0.14149
  154      32     34845     34813   56.5063        57   0.0295636    0.141514
  155      31     35057     35026   56.4852     53.25    0.178453    0.141575
  156      32     35272     35240    56.466      53.5   0.0937946    0.141584
  157      32     35488     35456   56.4503        54    0.118032    0.141654
  158      32     35712     35680   56.4474        56   0.0544506    0.141633
  159      32     35936     35904   56.4445        56    0.173127    0.141717
2026-07-07T19:43:33.353147+0800 min lat: 0.00751689 max lat: 0.371101 avg lat: 0.141722
  sec Cur ops   started  finished  avg MB/s  cur MB/s last lat(s)  avg lat(s)
  160      32     36130     36098   56.3948      48.5   0.0600531    0.141722
  161      31     36374     36343   56.4249     61.25    0.178574     0.14176
  162      32     36571     36539    56.379        49    0.110649     0.14178
  163      32     36773     36741   56.3429      50.5    0.150887     0.14186
  164      32     36985     36953   56.3225        53     0.02563    0.141902
  165      32     37234     37202   56.3583     62.25   0.0156818    0.141926
  166      32     37430     37398    56.314        49   0.0823688    0.141976
  167      32     37646     37614   56.3001        54    0.111177    0.141995
  168      32     37861     37829   56.2848     53.75   0.0500875    0.142029
  169      32     38082     38050   56.2787     55.25   0.0275074    0.142019
  170      32     38301     38269   56.2696     54.75   0.0228495    0.142059
  171      32     38531     38499   56.2768      57.5   0.0840731     0.14208
  172      32     38763     38731   56.2867        58   0.0277674      0.1421
  173      32     38955     38923   56.2388        48   0.0753132    0.142146
  174      32     39173     39141   56.2288      54.5   0.0504193    0.142203
  175      32     39386     39354   56.2117     53.25   0.0717076    0.142241
  176      32     39607     39575   56.2062     55.25    0.169642    0.142293
  177      32     39825     39793   56.1965      54.5   0.0121078    0.142308
  178      32     40047     40015   56.1926      55.5   0.0192885    0.142322
  179      32     40267     40235   56.1858        55   0.0228761    0.142352
2026-07-07T19:43:53.356135+0800 min lat: 0.00751689 max lat: 0.371101 avg lat: 0.142356
  sec Cur ops   started  finished  avg MB/s  cur MB/s last lat(s)  avg lat(s)
  180      32     40490     40458   56.1834     55.75   0.0295832    0.142356
  181      32     40684     40652   56.1409      48.5    0.142971    0.142403
  182      32     40906     40874   56.1373      55.5   0.0610187     0.14239
  183      32     41132     41100   56.1392      56.5   0.0735066    0.142424
  184      32     41346     41314   56.1248      53.5   0.0449741    0.142456
  185      32     41568     41536   56.1214      55.5   0.0760005    0.142482
  186      32     41787     41755    56.114     54.75   0.0457979    0.142497
  187      32     42011     41979   56.1134        56   0.0182844     0.14251
  188      32     42234     42202   56.1114     55.75   0.0170407    0.142553
  189      31     42427     42396   56.0711      48.5     0.17285     0.14258
  190      32     42665     42633   56.0878     59.25   0.0218632    0.142586
  191      32     42863     42831   56.0532      49.5    0.127745    0.142595
  192      32     43073     43041   56.0347      52.5   0.0560722    0.142643
  193      32     43320     43288   56.0642     61.75    0.157087    0.142681
  194      32     43524     43492   56.0381        51     0.15729    0.142686
  195      32     43734     43702   56.0199      52.5    0.101766    0.142698
  196      32     43957     43925   56.0185     55.75   0.0632553    0.142708
  197      32     44188     44156   56.0273     57.75   0.0452816    0.142725
  198      32     44401     44369   56.0132     53.25   0.0451115    0.142741
  199      32     44617     44585   56.0031        54    0.179133    0.142818
2026-07-07T19:44:13.359002+0800 min lat: 0.00751689 max lat: 0.371101 avg lat: 0.142828
  sec Cur ops   started  finished  avg MB/s  cur MB/s last lat(s)  avg lat(s)
  200      32     44809     44777    55.963        48   0.0950725    0.142828
  201      32     45021     44989   55.9482        53   0.0674554    0.142863
  202      32     45263     45231   55.9707      60.5   0.0248379    0.142894
  203      32     45485     45453   55.9684      55.5   0.0130816    0.142922
  204      32     45681     45649   55.9342        49   0.0855364    0.142921
  205      32     45903     45871    55.932      55.5   0.0892902    0.142941
  206      32     46118     46086   55.9214     53.75    0.135586    0.142981
  207      32     46345     46313   55.9254     56.75    0.130536     0.14296
  208      32     46556     46524   55.9101     52.75     0.13345    0.142989
  209      32     46784     46752   55.9152        57   0.0773052    0.142993
  210      32     46998     46966   55.9037      53.5   0.0935071    0.143033
  211      32     47209     47177   55.8887     52.75   0.0766984    0.143047
  212      32     47428     47396   55.8833     54.75    0.205195    0.143063
  213      32     47643     47611   55.8732     53.75    0.147579    0.143074
  214      32     47856     47824   55.8609     53.25    0.049166    0.143138
  215      32     48087     48055   55.8697     57.75     0.02031    0.143165
  216      32     48307     48275   55.8656        55   0.0110045    0.143172
  217      32     48501     48469   55.8317      48.5   0.0940018    0.143209
  218      32     48721     48689   55.8278        55   0.0336322    0.143252
  219      32     48940     48908   55.8228     54.75    0.162086    0.143292
2026-07-07T19:44:33.361932+0800 min lat: 0.00751689 max lat: 0.371101 avg lat: 0.143281
  sec Cur ops   started  finished  avg MB/s  cur MB/s last lat(s)  avg lat(s)
  220      32     49170     49138   55.8304      57.5    0.171911    0.143281
  221      32     49368     49336   55.8017      49.5   0.0184874    0.143295
  222      32     49597     49565   55.8082     57.25   0.0173191    0.143317
  223      32     49818     49786   55.8057     55.25   0.0156724    0.143335
  224      32     50018     49986   55.7797        50    0.125758    0.143336
  225      32     50233     50201   55.7707     53.75   0.0504371    0.143366
  226      32     50456     50424   55.7706     55.75   0.0171038    0.143369
  227      32     50679     50647   55.7705     55.75    0.135494    0.143389
  228      32     50898     50866   55.7659     54.75   0.0520085    0.143389
  229      32     51119     51087   55.7637     55.25   0.0561443    0.143411
  230      32     51349     51317   55.7712      57.5   0.0213923    0.143426
  231      32     51544     51512   55.7407     48.75   0.0543469    0.143425
  232      32     51756     51724   55.7289        53    0.060802    0.143461
  233      32     51975     51943   55.7246     54.75    0.102208    0.143501
  234      32     52195     52163   55.7215        55   0.0262583    0.143498
  235      32     52421     52389   55.7248      56.5     0.06772    0.143495
  236      32     52643     52611   55.7238      55.5   0.0193187     0.14355
  237      32     52845     52813   55.7017      50.5    0.143172    0.143577
  238      32     53079     53047   55.7135      58.5   0.0266214    0.143563
  239      32     53291     53259   55.7021        53   0.0356438    0.143594
2026-07-07T19:44:53.364836+0800 min lat: 0.00751689 max lat: 0.371101 avg lat: 0.143601
  sec Cur ops   started  finished  avg MB/s  cur MB/s last lat(s)  avg lat(s)
  240      32     53515     53483   55.7033        56   0.0250671    0.143601
  241      32     53704     53672   55.6682     47.25    0.076683    0.143619
  242      32     53923     53891   55.6643     54.75   0.0952492    0.143608
  243      32     54144     54112   55.6626     55.25   0.0696392    0.143663
  244      32     54362     54330   55.6578      54.5   0.0867004    0.143688
  245      32     54578     54546    55.651        54    0.132342    0.143676
  246      32     54802     54770   55.6524        56   0.0513307    0.143678
  247      32     55014     54982   55.6416        53   0.0175113    0.143737
  248      32     55241     55209    55.646     56.75   0.0207411    0.143738
  249      32     55467     55435   55.6494      56.5   0.0257783    0.143738
  250      32     55658     55626   55.6178     47.75    0.154748    0.143749
  251      32     55875     55843   55.6123     54.25   0.0680069    0.143795
  252      32     56098     56066   55.6128     55.75   0.0185633    0.143825
  253      32     56318     56286   55.6104        55    0.154421    0.143842
  254      32     56532     56500    55.602      53.5   0.0124694    0.143869
  255      32     56751     56719   55.5987     54.75   0.0186831    0.143864
  256      32     56952     56920   55.5778     50.25    0.169675    0.143879
  257      32     57197     57165   55.5998     61.25   0.0154427    0.143873
  258      32     57381     57349   55.5626        46   0.0605876    0.143914
  259      32     57598     57566   55.5575     54.25   0.0767325     0.14392
2026-07-07T19:45:13.367826+0800 min lat: 0.00751689 max lat: 0.371101 avg lat: 0.143957
  sec Cur ops   started  finished  avg MB/s  cur MB/s last lat(s)  avg lat(s)
  260      32     57816     57784   55.5534      54.5   0.0447076    0.143957
  261      32     58006     57974   55.5225      47.5    0.182629    0.144008
  262      32     58201     58169   55.4966     48.75   0.0233484    0.144054
  263      32     58436     58404   55.5089     58.75    0.162679    0.144087
  264      32     58660     58628   55.5108        56   0.0677576    0.144068
  265      32     58879     58847   55.5079     54.75   0.0446702    0.144093
  266      32     59100     59068   55.5069     55.25   0.0257323      0.1441
  267      32     59317     59285   55.5021     54.25   0.0399888    0.144113
  268      32     59536     59504   55.4993     54.75   0.0450226     0.14411
  269      32     59741     59709   55.4835     51.25    0.169481    0.144134
  270      32     59962     59930   55.4826     55.25   0.0493278     0.14414
  271      32     60179     60147    55.478     54.25    0.076278    0.144144
  272      32     60414     60382     55.49     58.75    0.154277    0.144158
  273      32     60597     60565   55.4543     45.75    0.116839     0.14418
  274      32     60822     60790   55.4571     56.25    0.109551    0.144195
  275      32     61041     61009   55.4545     54.75    0.104002    0.144211
  276      32     61265     61233   55.4565        56   0.0547587     0.14421
  277      32     61476     61444   55.4467     52.75   0.0853472    0.144223
  278      32     61693     61661   55.4424     54.25   0.0282201     0.14422
  279      32     61925     61893   55.4515        58   0.0445539    0.144215
2026-07-07T19:45:33.370867+0800 min lat: 0.00751689 max lat: 0.371101 avg lat: 0.144228
  sec Cur ops   started  finished  avg MB/s  cur MB/s last lat(s)  avg lat(s)
  280      32     62146     62114   55.4508     55.25   0.0590674    0.144228
  281      32     62369     62337   55.4518     55.75   0.0501599     0.14422
  282      32     62592     62560   55.4528     55.75   0.0873396    0.144232
  283      32     62806     62774   55.4459      53.5   0.0749106    0.144225
  284      32     63033     63001   55.4505     56.75   0.0610277    0.144268
  285      32     63231     63199   55.4296      49.5   0.0600113    0.144274
  286      32     63452     63420   55.4289     55.25   0.0446882    0.144271
  287      32     63681     63649   55.4352     57.25   0.0168808    0.144291
  288      32     63878     63846   55.4137     49.25    0.160449    0.144303
  289      32     64116     64084   55.4279      59.5   0.0236016    0.144311
  290      32     64328     64296   55.4195        53   0.0750736    0.144316
  291      32     64523     64491   55.3965     48.75    0.180909    0.144342
  292      32     64739     64707   55.3917        54    0.108335    0.144349
  293      32     64964     64932   55.3946     56.25   0.0160336    0.144363
  294      32     65182     65150   55.3915      54.5   0.0814044    0.144359
  295      32     65403     65371    55.391     55.25   0.0603907    0.144384
  296      32     65611     65579   55.3796        52    0.143227    0.144387
  297      32     65837     65805   55.3833      56.5   0.0428137    0.144383
  298      32     66052     66020   55.3778     53.75      0.1946    0.144406
  299      32     66279     66247   55.3824     56.75   0.0351533     0.14442
Total time run:         300.019
Total writes made:      66469
Write size:             262144
Object size:            262144
Bandwidth (MB/sec):     55.3873
Stddev Bandwidth:       8.88545
Max bandwidth (MB/sec): 112.5
Min bandwidth (MB/sec): 44.75
Average IOPS:           221
Stddev IOPS:            35.5418
Max IOPS:               450
Min IOPS:               179
Average Latency(s):     0.144431
Stddev Latency(s):      0.0523142
Max latency(s):         0.371101
Min latency(s):         0.00751689
[2026-07-07 19:45:53] END bench: t32 r3
[2026-07-07 19:45:53] Cleaning pool juicefs-data (before: GiB objects)...
[2026-07-07 19:46:12] Pool cleanup done (after: GiB objects).
[2026-07-07 19:46:12] Compacting all OSDs...
[2026-07-07 19:46:23] Compaction triggered.
[2026-07-07 19:46:23] Round 3 done.
[2026-07-07 19:46:23] ==========================================
[2026-07-07 19:46:23] 2A: concurrency=64
[2026-07-07 19:46:23] ==========================================
[2026-07-07 19:46:23] ---- t64 round 1 ----
[2026-07-07 19:46:23] Cleaning pool juicefs-data (before: B objects)...
[2026-07-07 19:46:23] Pool cleanup done (after: B objects).
[2026-07-07 19:46:23] Compacting all OSDs...
[2026-07-07 19:46:34] Compaction triggered.
[2026-07-07 19:46:35]   osd.0: queue_len=0 running=0
[2026-07-07 19:46:35]   osd.1: queue_len=0 running=0
[2026-07-07 19:46:36]   osd.2: queue_len=0 running=0
[2026-07-07 19:46:37]   osd.3: queue_len=0 running=0
[2026-07-07 19:46:37]   osd.4: queue_len=0 running=0
[2026-07-07 19:46:37]   osd.5: queue_len=0 running=0
[2026-07-07 19:46:38] Health: HEALTH_OK
[2026-07-07 19:46:38] START bench: rados bench -p juicefs-data 300 write -b 256K -t 64 --no-cleanup
[2026-07-07 19:46:38] Output -> /home/turboai/production/results/backend-rados-fulldiag-20260708/exp1-concurrency/256k-t64-r1.txt
hints = 1
Maintaining 64 concurrent writes of 262144 bytes to objects of size 262144 for up to 300 seconds or 0 objects
Object prefix: benchmark_data_tikv-node_3751881
  sec Cur ops   started  finished  avg MB/s  cur MB/s last lat(s)  avg lat(s)
    0       0         0         0         0         0           -           0
    1      64       506       442   110.485     110.5   0.0554837    0.122615
    2      64       954       890   111.233       112   0.0382708    0.130558
    3      64      1400      1336   111.318     111.5     0.44202    0.133986
    4      64      1847      1783   111.422    111.75   0.0188052    0.136191
    5      64      2293      2229   111.435     111.5    0.394829     0.13867
    6      64      2739      2675   111.444     111.5    0.341806     0.13978
    7      64      3151      3087   110.236       103    0.468403    0.139134
    8      64      3351      3287   102.705        50    0.256344    0.152331
    9      64      3597      3533    98.126      61.5    0.308374    0.161672
   10      64      3799      3735   93.3625      50.5    0.301617    0.168619
   11      64      4032      3968     90.17     58.25    0.260434    0.175269
   12      64      4279      4215   87.8008     61.75   0.0604948    0.180451
   13      64      4502      4438   85.3346     55.75   0.0491308    0.186242
   14      64      4710      4646    82.953        52    0.273148    0.191246
   15      64      4930      4866   81.0892        55   0.0754005    0.194997
   16      64      5140      5076   79.3019      52.5    0.133191    0.198708
   17      64      5376      5312   78.1071        59   0.0679091    0.203471
   18      64      5592      5528   76.7675        54    0.407611     0.20745
   19      64      5795      5731   75.3977     50.75    0.282288    0.210109
2026-07-07T19:46:58.913414+0800 min lat: 0.0107057 max lat: 0.706005 avg lat: 0.213468
  sec Cur ops   started  finished  avg MB/s  cur MB/s last lat(s)  avg lat(s)
   20      64      6047      5983   74.7775        63    0.340402    0.213468
   21      64      6247      6183   73.5973        50    0.322831    0.216138
   22      64      6460      6396   72.6722     53.25    0.270608    0.218582
   23      64      6699      6635     72.11     59.75    0.282135    0.220775
   24      64      6908      6844   71.2822     52.25    0.258184    0.223027
   25      64      7121      7057   70.5607     53.25    0.298517    0.224552
   26      64      7375      7311   70.2888      63.5   0.0165439     0.22686
   27      64      7594      7530    69.713     54.75   0.0448535     0.22848
   28      64      7817      7753   69.2141     55.75   0.0137779    0.230749
   29      64      8025      7961   68.6202        52   0.0546021    0.232292
   30      64      8255      8191   68.2492      57.5    0.221184    0.233911
   31      64      8473      8409   67.8054      54.5   0.0131863    0.235074
   32      64      8688      8624    67.366     53.75   0.0444942    0.236786
   33      64      8892      8828   66.8699        51    0.248256    0.238354
   34      64      9121      9057   66.5868     57.25    0.271895    0.239348
   35      64      9317      9253   66.0841        49     0.32913    0.240077
   36      64      9582      9518   66.0885     66.25   0.0186187    0.241804
   37      64      9775      9711   65.6062     48.25    0.189179    0.242577
   38      64      9990      9926    65.294     53.75    0.250177    0.243425
   39      64     10201     10137   64.9721     52.75    0.389977    0.244915
2026-07-07T19:47:18.916032+0800 min lat: 0.0107057 max lat: 0.706005 avg lat: 0.246131
  sec Cur ops   started  finished  avg MB/s  cur MB/s last lat(s)  avg lat(s)
   40      64     10415     10351   64.6852      53.5    0.293798    0.246131
   41      64     10653     10589   64.5584      59.5    0.281687    0.246926
   42      64     10870     10806   64.3128     54.25    0.274684    0.247673
   43      64     11101     11037     64.16     57.75    0.282045    0.248675
   44      64     11322     11258   63.9573     55.25    0.111728    0.249124
   45      64     11539     11475   63.7414     54.25    0.247845    0.249792
   46      64     11751     11687   63.5077        53    0.295068    0.250772
   47      64     12000     11936   63.4808     62.25   0.0752473    0.251469
   48      64     12219     12155   63.2988     54.75      0.1609    0.251988
   49      64     12430     12366   63.0833     52.75    0.246505    0.252592
   50      64     12681     12617   63.0765     62.75    0.113074    0.253227
   51      64     12904     12840   62.9327     55.75    0.314923    0.254003
   52      64     13111     13047   62.7175     51.75    0.172053    0.254397
   53      64     13320     13256   62.5198     52.25    0.135332    0.254783
   54      64     13524     13460   62.3064        51    0.213571    0.255619
   55      63     13781     13718   62.3461      64.5    0.179846    0.256237
   56      64     14017     13953   62.2817     58.75   0.0551763    0.256649
   57      64     14208     14144   62.0266     47.75    0.442691    0.257382
   58      64     14415     14351   61.8493     51.75    0.299341    0.257879
   59      64     14663     14599   61.8517        62    0.276539    0.258244
2026-07-07T19:47:38.918901+0800 min lat: 0.00972492 max lat: 0.706005 avg lat: 0.258591
  sec Cur ops   started  finished  avg MB/s  cur MB/s last lat(s)  avg lat(s)
   60      64     14875     14811   61.7041        53    0.266696    0.258591
   61      64     15096     15032   61.5982     55.25     0.07932    0.259018
   62      64     15305     15241   61.4473     52.25    0.294314    0.259562
   63      64     15520     15456    61.325     53.75     0.12605    0.259817
   64      64     15764     15700   61.3197        61    0.288813     0.26042
   65      64     15989     15925   61.2417     56.25   0.0852651    0.260834
   66      64     16194     16130   61.0902     51.25    0.102655    0.261225
   67      64     16424     16360   61.0365      57.5    0.272072    0.261806
   68      64     16618     16554    60.852      48.5    0.335145    0.262248
   69      64     16833     16769   60.7489     53.75    0.156188    0.262418
   70      64     17095     17031   60.8167      65.5    0.174376    0.262859
   71      64     17314     17250   60.7312     54.75   0.0898657    0.263049
   72      64     17516     17452    60.589      50.5    0.194861    0.263613
   73      64     17729     17665   60.4883     53.25    0.145229     0.26381
   74      64     17948     17884   60.4107     54.75    0.164643    0.263949
   75      64     18160     18096   60.3118        53    0.283528      0.2642
   76      64     18383     18319   60.2517     55.75    0.134366    0.264719
   77      64     18613     18549   60.2158      57.5     0.28601    0.265269
   78      64     18848     18784   60.1969     58.75    0.273542    0.265364
   79      64     19068     19004   60.1311        55    0.282319    0.265676
2026-07-07T19:47:58.921634+0800 min lat: 0.00910154 max lat: 0.706005 avg lat: 0.26595
  sec Cur ops   started  finished  avg MB/s  cur MB/s last lat(s)  avg lat(s)
   80      64     19284     19220   60.0543        54    0.288892     0.26595
   81      64     19516     19452   60.0288        58     0.26163    0.266183
   82      64     19732     19668   59.9552        54    0.280362    0.266338
   83      64     19956     19892   59.9074        56    0.292151    0.266776
   84      64     20157     20093   59.7924     50.25    0.299447    0.267028
   85      64     20404     20340   59.8153     61.75    0.284217     0.26719
   86      64     20617     20553   59.7389     53.25    0.332667    0.267408
   87      64     20848     20784    59.716     57.75    0.361801    0.267735
   88      64     21043     20979   59.5913     48.75    0.350359    0.267991
   89      64     21283     21219   59.5958        60     0.28361    0.268086
   90      64     21497     21433   59.5279      53.5    0.288632    0.268347
   91      64     21710     21646   59.4589     53.25    0.293335    0.268571
   92      64     21945     21881   59.4511     58.75    0.280794    0.268746
   93      64     22159     22095    59.387      53.5    0.273908    0.268855
   94      64     22374     22310    59.327     53.75    0.314703    0.269136
   95      64     22613     22549   59.3313     59.75    0.283928    0.269396
   96      64     22832     22768   59.2835     54.75   0.0601112     0.26937
   97      64     23017     22953   59.1491     46.25    0.252825    0.269555
   98      64     23255     23191   59.1526      59.5    0.291312    0.270008
   99      64     23486     23422   59.1383     57.75    0.330218     0.27016
2026-07-07T19:48:18.924459+0800 min lat: 0.00910154 max lat: 0.706005 avg lat: 0.270151
  sec Cur ops   started  finished  avg MB/s  cur MB/s last lat(s)  avg lat(s)
  100      64     23708     23644   59.1019      55.5    0.162877    0.270151
  101      64     23918     23854   59.0364      52.5    0.128633    0.270463
  102      64     24132     24068   58.9821      53.5    0.423811    0.270764
  103      64     24368     24304   58.9822        59    0.278352    0.270937
  104      64     24606     24542   58.9871      59.5    0.025636    0.270854
  105      64     24816     24752   58.9252      52.5   0.0277756    0.271351
  106      64     25019     24955    58.848     50.75    0.227786    0.271706
  107      64     25220     25156   58.7676     50.25    0.310697    0.272014
  108      64     25426     25362   58.7002      51.5    0.267106    0.272156
  109      64     25653     25589   58.6823     56.75    0.264998    0.272329
  110      64     25889     25825   58.6851        59    0.254334    0.272407
  111      64     26101     26037   58.6338        53     0.11032    0.272435
  112      64     26296     26232   58.5455     48.75    0.383471    0.272942
  113      64     26497     26433    58.472     50.25    0.324435     0.27333
  114      64     26703     26639   58.4108      51.5    0.458365     0.27356
  115      64     26924     26860   58.3832     55.25    0.128588    0.273524
  116      64     27144     27080    58.354        55   0.0979373    0.273816
  117      64     27367     27303   58.3317     55.75   0.0196825    0.274186
  118      64     27566     27502   58.2589     49.75    0.303802    0.274105
  119      64     27767     27703   58.1915     50.25    0.291775    0.274357
2026-07-07T19:48:38.927314+0800 min lat: 0.00910154 max lat: 0.706005 avg lat: 0.274452
  sec Cur ops   started  finished  avg MB/s  cur MB/s last lat(s)  avg lat(s)
  120      64     27991     27927   58.1732        56     0.29179    0.274452
  121      64     28238     28174   58.2027     61.75    0.254826    0.274668
  122      64     28450     28386     58.16        53    0.275617    0.274572
  123      64     28654     28590   58.1017        51    0.309641    0.274904
  124      64     28896     28832    58.121      60.5    0.273299    0.275034
  125      64     29102     29038    58.068      51.5    0.279494     0.27513
  126      64     29353     29289   58.1051     62.75    0.340326    0.275138
  127      64     29573     29509   58.0806        55    0.329454    0.275289
  128      64     29783     29719   58.0369      52.5   0.0794426    0.275356
  129      64     29990     29926   57.9881     51.75    0.233434     0.27548
  130      64     30192     30128   57.9305      50.5     0.27654    0.275572
  131      64     30426     30362   57.9348      58.5    0.314375    0.275775
  132      64     30662     30598   57.9428        59    0.276901    0.275892
  133      64     30878     30814   57.9131        54    0.275751    0.275878
  134      64     31109     31045   57.9118     57.75    0.282987    0.276042
  135      64     31326     31262   57.8846     54.25    0.249727    0.276144
  136      64     31555     31491   57.8799     57.25    0.133937    0.276121
  137      64     31794     31730   57.8935     59.75   0.0532024    0.276206
  138      64     31993     31929   57.8344     49.75    0.268002    0.276499
  139      64     32197     32133   57.7852        51    0.291282    0.276609
2026-07-07T19:48:58.929999+0800 min lat: 0.00910154 max lat: 0.706005 avg lat: 0.276642
  sec Cur ops   started  finished  avg MB/s  cur MB/s last lat(s)  avg lat(s)
  140      64     32421     32357   57.7724        56    0.274682    0.276642
  141      64     32649     32585   57.7669        57    0.327153    0.276746
  142      64     32852     32788   57.7174     50.75    0.171258    0.276722
  143      64     33111     33047   57.7665     64.75    0.325585     0.27687
  144      64     33334     33270   57.7525     55.75     0.34301    0.276933
  145      64     33532     33468   57.6955      49.5    0.298816     0.27711
  146      64     33737     33673   57.6513     51.25    0.294931     0.27721
  147      64     33979     33915   57.6706      60.5      0.3347    0.277255
  148      64     34194     34130   57.6441     53.75   0.0750134    0.277222
  149      64     34425     34361   57.6448     57.75   0.0181441    0.277399
  150      64     34630     34566   57.6021     51.25    0.154803    0.277471
  151      64     34857     34793   57.5964     56.75    0.174097    0.277473
  152      64     35070     35006   57.5677     53.25    0.144277    0.277593
  153      64     35267     35203   57.5133     49.25     0.43224    0.277724
  154      64     35487     35423   57.4969        55   0.0955573    0.277784
  155      64     35738     35674   57.5308     62.75    0.275254    0.277908
  156      64     35953     35889   57.5065     53.75     0.25893    0.278017
  157      63     36178     36115      57.5      56.5    0.336103     0.27813
  158      64     36384     36320   57.4604     51.25    0.140942    0.278132
  159      64     36609     36545   57.4528     56.25    0.285717    0.278235
2026-07-07T19:49:18.932758+0800 min lat: 0.00910154 max lat: 0.706005 avg lat: 0.278348
  sec Cur ops   started  finished  avg MB/s  cur MB/s last lat(s)  avg lat(s)
  160      64     36822     36758   57.4265     53.25    0.293803    0.278348
  161      64     37043     36979   57.4129     55.25    0.287325    0.278442
  162      64     37266     37202   57.4026     55.75    0.257919    0.278473
  163      64     37502     37438   57.4123        59    0.197644    0.278395
  164      64     37743     37679   57.4295     60.25    0.287079    0.278422
  165      64     37956     37892   57.4042     53.25    0.356456    0.278447
  166      64     38211     38147   57.4424     63.75    0.254457    0.278362
  167      64     38434     38370   57.4322     55.75    0.334772    0.278442
  168      64     38637     38573   57.3924     50.75    0.267062    0.278582
  169      64     38843     38779   57.3575      51.5    0.251126    0.278642
  170      64     39117     39053    57.423      68.5   0.0181421    0.278568
  171      64     39312     39248   57.3722     48.75    0.264342    0.278744
  172      64     39509     39445   57.3249     49.25    0.291184    0.278822
  173      64     39760     39696   57.3562     62.75     0.25906    0.278835
  174      64     39957     39893   57.3096     49.25    0.389535    0.278865
  175      64     40224     40160   57.3635     66.75   0.0171277    0.278884
  176      64     40402     40338   57.2904      44.5    0.314235    0.278989
  177      64     40646     40582   57.3113        61   0.0915065     0.27892
  178      64     40849     40785   57.2744     50.75    0.111938    0.279043
  179      64     41059     40995   57.2477      52.5   0.0845341    0.279111
2026-07-07T19:49:38.935429+0800 min lat: 0.00910154 max lat: 0.706005 avg lat: 0.279198
  sec Cur ops   started  finished  avg MB/s  cur MB/s last lat(s)  avg lat(s)
  180      64     41323     41259   57.2963        66   0.0291711    0.279198
  181      64     41527     41463   57.2615        51    0.285713     0.27926
  182      64     41740     41676   57.2394     53.25    0.291583    0.279392
  183      64     41948     41884   57.2107        52    0.204797    0.279452
  184      64     42165     42101   57.1946     54.25    0.275072    0.279493
  185      64     42410     42346   57.2164     61.25    0.395899    0.279525
  186      64     42617     42553    57.187     51.75    0.279065    0.279573
  187      64     42854     42790    57.198     59.25    0.113961    0.279566
  188      64     43058     42994    57.165        51    0.269307    0.279639
  189      64     43269     43205   57.1416     52.75    0.299833    0.279761
  190      64     43487     43423   57.1276      54.5    0.293616    0.279816
  191      64     43724     43660   57.1387     59.25   0.0203328    0.279786
  192      64     43941     43877   57.1236     54.25    0.226714    0.279798
  193      64     44155     44091   57.1048      53.5    0.138925    0.279898
  194      64     44371     44307   57.0888        54   0.0842192    0.279951
  195      64     44592     44528   57.0793     55.25    0.126307    0.279956
  196      64     44807     44743   57.0623     53.75    0.281229    0.280042
  197      64     45056     44992   57.0886     62.25    0.377683    0.280146
  198      64     45263     45199   57.0616     51.75    0.194187    0.280187
  199      64     45478     45414   57.0449     53.75    0.260453    0.280195
2026-07-07T19:49:58.938390+0800 min lat: 0.00910154 max lat: 0.706005 avg lat: 0.280282
  sec Cur ops   started  finished  avg MB/s  cur MB/s last lat(s)  avg lat(s)
  200      64     45718     45654   57.0596        60    0.322306    0.280282
  201      64     45918     45854   57.0244        50     0.29018    0.280326
  202      64     46149     46085    57.028     57.75    0.281862    0.280356
  203      64     46374     46310   57.0241     56.25    0.283863    0.280337
  204      64     46597     46533   57.0178     55.75    0.286504    0.280434
  205      64     46814     46750   57.0043     54.25    0.288358     0.28047
  206      64     47035     46971   56.9957     55.25    0.273482    0.280474
  207      64     47265     47201   56.9982      57.5    0.282578    0.280458
  208      64     47465     47401   56.9645        50    0.438001    0.280512
  209      64     47717     47653   56.9933        63    0.349028    0.280603
  210      64     47945     47881   56.9933        57    0.159101    0.280509
  211      64     48155     48091    56.972      52.5    0.429787    0.280668
  212      64     48354     48290   56.9379     49.75    0.106592    0.280663
  213      64     48622     48558   56.9851        67   0.0156147    0.280726
  214      64     48841     48777   56.9746     54.75   0.0203409    0.280713
  215      64     49039     48975   56.9398      49.5    0.365364    0.280853
  216      64     49238     49174   56.9065     49.75    0.282804    0.280905
  217      64     49477     49413   56.9195     59.75    0.251611    0.280907
  218      64     49689     49625   56.9015        53    0.129239    0.280831
  219      64     49909     49845   56.8928        55    0.178757    0.280942
2026-07-07T19:50:18.941199+0800 min lat: 0.00910154 max lat: 0.706005 avg lat: 0.281055
  sec Cur ops   started  finished  avg MB/s  cur MB/s last lat(s)  avg lat(s)
  220      64     50121     50057   56.8751        53    0.274197    0.281055
  221      64     50375     50311    56.905      63.5   0.0770999    0.280978
  222      64     50589     50525   56.8896      53.5    0.155726    0.281085
  223      64     50794     50730   56.8643     51.25    0.438528    0.281152
  224      64     51002     50938   56.8426        52   0.0902181    0.281121
  225      64     51268     51204   56.8854      66.5    0.321843    0.281166
  226      64     51463     51399   56.8494     48.75    0.342259    0.281319
  227      64     51678     51614   56.8357     53.75    0.357464    0.281367
  228      64     51889     51825   56.8178     52.75    0.216955    0.281338
  229      64     52150     52086   56.8546     65.25    0.205386     0.28135
  230      64     52352     52288   56.8269      50.5     0.35383     0.28146
  231      64     52556     52492   56.8017        51    0.203447    0.281498
  232      64     52783     52719   56.8014     56.75    0.268736    0.281492
  233      64     53023     52959   56.8151        60   0.0766654    0.281521
  234      64     53228     53164   56.7913     51.25    0.203018    0.281598
  235      64     53436     53372   56.7709        52   0.0705256    0.281587
  236      64     53655     53591   56.7623     54.75     0.40867    0.281608
  237      64     53893     53829   56.7738      59.5    0.139946    0.281702
  238      64     54116     54052   56.7694     55.75    0.154728    0.281734
  239      64     54331     54267   56.7568     53.75    0.231854    0.281782
2026-07-07T19:50:38.944027+0800 min lat: 0.00910154 max lat: 0.706005 avg lat: 0.281785
  sec Cur ops   started  finished  avg MB/s  cur MB/s last lat(s)  avg lat(s)
  240      64     54527     54463   56.7244        49    0.250417    0.281785
  241      64     54735     54671   56.7048        52    0.281896    0.281905
  242      64     54983     54919   56.7266        62    0.253103    0.281918
  243      64     55185     55121    56.701      50.5    0.280239    0.281939
  244      64     55421     55357   56.7104        59    0.295516    0.282003
  245      64     55627     55563   56.6891      51.5    0.294169    0.282045
  246      64     55847     55783   56.6822        55    0.286353    0.282058
  247      64     56098     56034   56.7067     62.75    0.168212    0.282019
  248      64     56321     56257   56.7028     55.75   0.0333529    0.282058
  249      64     56527     56463   56.6819      51.5    0.270375    0.282141
  250      64     56740     56676   56.6681     53.25    0.273306    0.282137
  251      64     56979     56915   56.6804     59.75    0.338425    0.282115
  252      64     57181     57117   56.6558      50.5    0.289747    0.282204
  253      64     57438     57374   56.6858     64.25   0.0297226    0.282174
  254      64     57640     57576   56.6614      50.5    0.221944    0.282201
  255      64     57846     57782   56.6411      51.5    0.323215    0.282242
  256      64     58089     58025   56.6572     60.75    0.290367    0.282307
  257      64     58312     58248   56.6536     55.75    0.147965    0.282258
  258      64     58524     58460   56.6394        53    0.219693    0.282287
  259      64     58727     58663   56.6166     50.75    0.111196     0.28231
2026-07-07T19:50:58.946887+0800 min lat: 0.00891521 max lat: 0.706005 avg lat: 0.282358
  sec Cur ops   started  finished  avg MB/s  cur MB/s last lat(s)  avg lat(s)
  260      64     58940     58876   56.6037     53.25    0.223383    0.282358
  261      64     59180     59116   56.6167        60     0.29762    0.282414
  262      64     59413     59349   56.6229     58.25    0.150986    0.282358
  263      64     59616     59552   56.6005     50.75    0.427701    0.282489
  264      64     59832     59768   56.5906        54    0.278047    0.282545
  265      64     60074     60010   56.6053      60.5    0.275189    0.282524
  266      64     60274     60210   56.5805        50   0.0654374    0.282463
  267      64     60529     60465   56.6073     63.75     0.37695    0.282474
  268      64     60743     60679   56.5957      53.5    0.297847    0.282461
  269      64     60995     60931   56.6194        63    0.253864    0.282493
  270      64     61192     61128   56.5921     49.25    0.276963    0.282508
  271      64     61409     61345   56.5835     54.25      0.2842    0.282554
  272      64     61649     61585    56.596        60     0.27793    0.282559
  273      64     61872     61808   56.5929     55.75    0.276511    0.282556
  274      64     62100     62036   56.5943        57    0.289816    0.282633
  275      64     62306     62242   56.5758      51.5    0.274249    0.282634
  276      64     62546     62482   56.5881        60    0.274605    0.282615
  277      64     62785     62721   56.5995     59.75   0.0184801    0.282645
  278      64     63005     62941   56.5937        55   0.0206389    0.282671
  279      64     63221     63157   56.5844        54   0.0708608    0.282672
2026-07-07T19:51:18.949682+0800 min lat: 0.00786444 max lat: 0.706005 avg lat: 0.28266
  sec Cur ops   started  finished  avg MB/s  cur MB/s last lat(s)  avg lat(s)
  280      64     63447     63383   56.5841      56.5     0.07372     0.28266
  281      64     63672     63608   56.5829     56.25    0.018893    0.282658
  282      64     63881     63817   56.5675     52.25    0.398196    0.282744
  283      64     64094     64030   56.5557     53.25    0.264637    0.282733
  284      64     64334     64270   56.5678        60    0.283717    0.282715
  285      64     64542     64478   56.5518        52    0.288166    0.282724
  286      64     64782     64718   56.5638        60    0.284066    0.282736
  287      64     65014     64950   56.5688        58    0.276659    0.282715
  288      64     65232     65168   56.5616      54.5   0.0515379    0.282674
  289      64     65450     65386   56.5544      54.5    0.104497    0.282733
  290      64     65679     65615   56.5568     57.25   0.0608746    0.282751
  291      64     65885     65821   56.5394      51.5    0.286245    0.282805
  292      64     66132     66068   56.5572     61.75     0.29244    0.282728
  293      64     66396     66332   56.5894        66   0.0224564    0.282704
  294      64     66603     66539   56.5729     51.75    0.355181     0.28275
  295      64     66807     66743    56.554        51    0.276504    0.282737
  296      64     67049     66985   56.5673      60.5    0.295738    0.282658
  297      64     67323     67259   56.6074      68.5    0.318936     0.28264
  298      64     67489     67425   56.5567      41.5    0.186385    0.282623
  299      64     67805     67741   56.6318        79   0.0813169    0.282457
2026-07-07T19:51:38.952463+0800 min lat: 0.00786444 max lat: 0.706005 avg lat: 0.281753
  sec Cur ops   started  finished  avg MB/s  cur MB/s last lat(s)  avg lat(s)
  300      60     68132     68072   56.7188     82.75    0.536772    0.281753
Total time run:         300.061
Total writes made:      68132
Write size:             262144
Object size:            262144
Bandwidth (MB/sec):     56.7651
Stddev Bandwidth:       9.67217
Max bandwidth (MB/sec): 112
Min bandwidth (MB/sec): 41.5
Average IOPS:           227
Stddev IOPS:            38.6887
Max IOPS:               448
Min IOPS:               166
Average Latency(s):     0.281856
Stddev Latency(s):      0.0791208
Max latency(s):         0.706005
Min latency(s):         0.00786444
[2026-07-07 19:51:39] END bench: t64 r1
[2026-07-07 19:51:40] Cleaning pool juicefs-data (before: GiB objects)...
[2026-07-07 19:51:57] Pool cleanup done (after: GiB objects).
[2026-07-07 19:51:57] Compacting all OSDs...
[2026-07-07 19:52:08] Compaction triggered.
[2026-07-07 19:52:08] Round 1 done.
[2026-07-07 19:52:08] ---- t64 round 2 ----
[2026-07-07 19:52:08] Cleaning pool juicefs-data (before: B objects)...
[2026-07-07 19:52:09] Pool cleanup done (after: B objects).
[2026-07-07 19:52:09] Compacting all OSDs...
[2026-07-07 19:52:20] Compaction triggered.
[2026-07-07 19:52:20]   osd.0: queue_len=0 running=0
[2026-07-07 19:52:21]   osd.1: queue_len=0 running=0
[2026-07-07 19:52:21]   osd.2: queue_len=0 running=0
[2026-07-07 19:52:22]   osd.3: queue_len=0 running=0
[2026-07-07 19:52:22]   osd.4: queue_len=0 running=0
[2026-07-07 19:52:23]   osd.5: queue_len=0 running=0
[2026-07-07 19:52:23] Health: HEALTH_OK
[2026-07-07 19:52:23] START bench: rados bench -p juicefs-data 300 write -b 256K -t 64 --no-cleanup
[2026-07-07 19:52:23] Output -> /home/turboai/production/results/backend-rados-fulldiag-20260708/exp1-concurrency/256k-t64-r2.txt
hints = 1
Maintaining 64 concurrent writes of 262144 bytes to objects of size 262144 for up to 300 seconds or 0 objects
Object prefix: benchmark_data_tikv-node_3782520
  sec Cur ops   started  finished  avg MB/s  cur MB/s last lat(s)  avg lat(s)
    0       0         0         0         0         0           -           0
    1      64       503       439   109.743    109.75    0.411544    0.117951
    2      64       954       890    111.24    112.75   0.0159962    0.130993
    3      64      1402      1338   111.489       112   0.0221432    0.136585
    4      64      1849      1785   111.551    111.75   0.0470184    0.136394
    5      64      2297      2233   111.639       112   0.0301914    0.137877
    6      64      2746      2682   111.739    112.25    0.030927    0.138542
    7      64      3194      3130   111.773       112   0.0255864    0.139616
    8      64      3640      3576   111.738     111.5    0.016624    0.140005
    9      64      4087      4023   111.737    111.75    0.380897    0.140566
   10      64      4533      4469   111.712     111.5   0.0262308    0.140321
   11      64      4702      4638   105.397     42.25    0.140702    0.147523
   12      63      4937      4874    101.53        59    0.277379    0.154201
   13      64      5235      5171   99.4306     74.25    0.068245    0.160266
   14      64      5574      5510   98.3814     84.75    0.423763    0.161492
   15      64      5795      5731   95.5056     55.25     0.39002    0.166465
   16      64      5997      5933   92.6924      50.5    0.212944    0.170127
   17      64      6223      6159    90.563      56.5    0.125994    0.174191
   18      64      6445      6381   88.6147      55.5    0.295673    0.178516
   19      64      6685      6621   87.1083        60    0.283435     0.18254
2026-07-07T19:52:43.973175+0800 min lat: 0.0110374 max lat: 0.714357 avg lat: 0.185634
  sec Cur ops   started  finished  avg MB/s  cur MB/s last lat(s)  avg lat(s)
   20      64      6904      6840   85.4902     54.75    0.280701    0.185634
   21      64      7282      7218   85.9185      94.5   0.0208601    0.184842
   22      64      7496      7432   84.4446      53.5    0.095073    0.188703
   23      64      7713      7649   83.1315     54.25    0.105895    0.191203
   24      64      7923      7859   81.8548      52.5    0.217474    0.193916
   25      64      8139      8075   80.7403        54   0.0967322     0.19647
   26      64      8356      8292   79.7211     54.25    0.182089    0.198779
   27      64      8586      8522   78.8977      57.5   0.0997036    0.201105
   28      64      8800      8736   77.9904      53.5    0.133529    0.203042
   29      64      9010      8946   77.1111      52.5    0.134799    0.205817
   30      64      9275      9211   76.7488     66.25   0.0173651    0.208044
   31      64      9490      9426   76.0067     53.75    0.113018    0.209838
   32      64      9693      9629   75.2172     50.75     0.23598    0.211835
   33      64      9923      9859   74.6801      57.5   0.0750232    0.212987
   34      64     10134     10070   74.0349     52.75    0.280794    0.214834
   35      64     10376     10312    73.648      60.5    0.336938    0.216182
   36      64     10690     10626   73.7826      78.5    0.182032    0.215665
   37      64     10894     10830   73.1667        51    0.237715    0.217774
   38      64     11134     11070     72.82        60    0.278927    0.219125
   39      64     11349     11285   72.3308     53.75    0.264175    0.220206
2026-07-07T19:53:03.975811+0800 min lat: 0.00997976 max lat: 0.714357 avg lat: 0.220177
  sec Cur ops   started  finished  avg MB/s  cur MB/s last lat(s)  avg lat(s)
   40      64     11607     11543   72.1348      64.5    0.147055    0.220177
   41      64     11857     11793   71.8995      62.5    0.279452    0.221867
   42      64     12085     12021   71.5446        57    0.128242    0.222708
   43      64     12355     12291   71.4503      67.5   0.0169676    0.223838
   44      64     12644     12580   71.4683     72.25    0.477797     0.22287
   45      64     12895     12831   71.2744     62.75    0.339984    0.224084
   46      64     13121     13057    70.953      56.5      0.1264    0.225014
   47      64     13442     13378   71.1506     80.25   0.0759513    0.224474
   48      64     13720     13656    71.116      69.5   0.0963303    0.223996
   49      64     13949     13885   70.8329     57.25    0.282154    0.225172
   50      64     14177     14113   70.5561        57    0.267161    0.226033
   51      64     14481     14417   70.6626        76   0.0852483    0.225392
   52      64     14702     14638   70.3661     55.25    0.027527     0.22666
   53      64     14917     14853   70.0524     53.75    0.190914    0.227671
   54      64     15127     15063   69.7273      52.5    0.182753    0.228481
   55      64     15464     15400   69.9911     84.25   0.0750418    0.228334
   56      64     15662     15598   69.6251      49.5    0.183361    0.228971
   57      64     15880     15816   69.3596      54.5    0.162989    0.229741
   58      64     16151     16087   69.3317     67.75    0.347203    0.230667
   59      64     16370     16306   69.0844     54.75   0.0127995    0.231526
2026-07-07T19:53:23.978569+0800 min lat: 0.00997976 max lat: 0.714357 avg lat: 0.23235
  sec Cur ops   started  finished  avg MB/s  cur MB/s last lat(s)  avg lat(s)
   60      64     16564     16500   68.7412      48.5    0.278983     0.23235
   61      64     16780     16716   68.4994        54   0.0969431    0.232753
   62      64     17104     17040   68.7009        81    0.103666    0.232523
   63      64     17325     17261   68.4872     55.25    0.239796     0.23308
   64      64     17542     17478   68.2646     54.25    0.118978    0.233567
   65      64     17772     17708   68.0989      57.5    0.284126    0.234383
   66      64     18158     18094   68.5291      96.5    0.161832    0.233102
   67      64     18346     18282   68.2077        47    0.225989    0.233615
   68      64     18566     18502   68.0134        55     0.18977    0.234271
   69      64     18849     18785   68.0529     70.75   0.0438738    0.234972
   70      64     19111     19047   68.0163      65.5    0.464413    0.234177
   71      64     19332     19268   67.8364     55.25    0.286635    0.235169
   72      64     19588     19524    67.783        64   0.0909382    0.235648
   73      64     19797     19733   67.5701     52.25   0.0860129    0.236039
   74      64     20065     20001   67.5623        67    0.106241    0.236351
   75      64     20271     20207    67.348      51.5    0.279258    0.236992
   76      64     20532     20468   67.3203     65.25    0.251085    0.237473
   77      64     20836     20772   67.4329        76    0.143603    0.236992
   78      64     21043     20979   67.2317     51.75    0.243028    0.237395
   79      64     21296     21232   67.1812     63.25    0.275733    0.237922
2026-07-07T19:53:43.981205+0800 min lat: 0.00997976 max lat: 0.714357 avg lat: 0.238308
  sec Cur ops   started  finished  avg MB/s  cur MB/s last lat(s)  avg lat(s)
   80      64     21507     21443   67.0007     52.75    0.262999    0.238308
   81      64     21810     21746   67.1086     75.75    0.068145    0.237692
   82      64     22034     21970    66.973        56   0.0263555    0.238383
   83      64     22257     22193   66.8377     55.75    0.225287    0.238949
   84      64     22486     22422   66.7235     57.25    0.292058     0.23916
   85      64     22769     22705   66.7707     70.75    0.134871    0.239101
   86      64     22972     22908   66.5844     50.75     0.27447    0.239693
   87      64     23228     23164   66.5546        64    0.273027    0.240127
   88      64     23499     23435   66.5681     67.75   0.0399191    0.240254
   89      64     23876     23812    66.879     94.25    0.306619     0.23919
   90      64     24079     24015   66.6997     50.75    0.344062    0.239626
   91      64     24272     24208   66.4969     48.25    0.284026    0.240038
   92      64     24621     24557   66.7223     87.25     0.15543    0.239553
   93      64     24813     24749   66.5209        48    0.135122    0.239802
   94      64     25045     24981   66.4302        58    0.274971    0.240216
   95      64     25306     25242   66.4177     65.25   0.0217979    0.240631
   96      64     25578     25514   66.4341        68    0.220389    0.240175
   97      64     25804     25740   66.3317      56.5   0.0847314    0.240739
   98      64     26015     25951    66.193     52.75    0.132477    0.241031
   99      64     26260     26196    66.143     61.25    0.224944    0.241239
2026-07-07T19:54:03.983754+0800 min lat: 0.00997976 max lat: 0.714357 avg lat: 0.241288
  sec Cur ops   started  finished  avg MB/s  cur MB/s last lat(s)  avg lat(s)
  100      64     26520     26456   66.1315        65    0.148172    0.241288
  101      64     26731     26667   65.9989     52.75    0.252327    0.241708
  102      64     26977     26913   65.9547      61.5    0.275137    0.242161
  103      64     27242     27178   65.9575     66.25   0.0540818    0.242367
  104      64     27491     27427   65.9217     62.25    0.272553    0.242261
  105      64     27738     27674   65.8819     61.75    0.279944      0.2426
  106      64     27955     27891   65.7721     54.25    0.268048    0.242879
  107      64     28271     28207   65.8957        79    0.170362    0.242548
  108      64     28473     28409   65.7531      50.5    0.279309    0.243137
  109      64     28696     28632   65.6612     55.75   0.0938615    0.243306
  110      64     28932     28868   65.6006        59     0.15396    0.243577
  111      64     29168     29104   65.5411        59    0.281242     0.24345
  112      64     29404     29340   65.4826        59    0.233514    0.244106
  113      64     29617     29553   65.3743     53.25    0.180458    0.244254
  114      64     29841     29777    65.292        56    0.117794    0.244499
  115      64     30125     30061   65.3416        71   0.0315177    0.244783
  116      64     30350     30286   65.2631     56.25   0.0547021    0.245097
  117      64     30570     30506   65.1753        55   0.0183358     0.24537
  118      64     30792     30728   65.0933      55.5   0.0156325    0.245584
  119      64     31002     30938   64.9874      52.5     0.19866    0.245985
2026-07-07T19:54:23.986386+0800 min lat: 0.00997976 max lat: 0.714357 avg lat: 0.246225
  sec Cur ops   started  finished  avg MB/s  cur MB/s last lat(s)  avg lat(s)
  120      64     31206     31142   64.8708        51    0.265952    0.246225
  121      64     31432     31368   64.8015      56.5    0.282557    0.246477
  122      64     31771     31707    64.965     84.75   0.0479812    0.246202
  123      64     31990     31926   64.8818     54.75    0.207751    0.246158
  124      64     32209     32145   64.8001     54.75    0.270054     0.24644
  125      64     32482     32418   64.8276     68.25   0.0304885    0.246725
  126      64     32798     32734     64.94        79    0.236675    0.246187
  127      64     33051     32987   64.9267     63.25    0.179178    0.246122
  128      64     33278     33214   64.8627     56.75   0.0999661     0.24632
  129      64     33494     33430   64.7785        54    0.169634    0.246511
  130      64     33902     33838   65.0647       102   0.0301136    0.245687
  131      64     34075     34011   64.8982     43.25    0.275712    0.246111
  132      64     34315     34251    64.861        60   0.0838935    0.246254
  133      64     34538     34474   64.7924     55.75    0.295753    0.246558
  134      64     34779     34715   64.7585     60.25    0.281562    0.246908
  135      64     34986     34922   64.6621     51.75    0.274278      0.2471
  136      64     35236     35172   64.6461      62.5    0.238992    0.247288
  137      64     35533     35469   64.7161     74.25   0.0445835    0.247163
  138      64     35767     35703    64.671      58.5    0.312339    0.247152
  139      64     35992     35928   64.6104     56.25    0.223891    0.247395
2026-07-07T19:54:43.988933+0800 min lat: 0.00997976 max lat: 0.714357 avg lat: 0.247536
  sec Cur ops   started  finished  avg MB/s  cur MB/s last lat(s)  avg lat(s)
  140      64     36212     36148   64.5417        55    0.251727    0.247536
  141      64     36528     36464   64.6441        79    0.114954    0.247212
  142      64     36727     36663   64.5392     49.75    0.269062    0.247583
  143      64     36966     36902   64.5056     59.75    0.284415    0.247834
  144      64     37182     37118   64.4326        54    0.274848    0.248011
  145      64     37528     37464   64.5847      86.5     0.17468    0.247412
  146      64     37739     37675   64.5036     52.75    0.382983     0.24781
  147      64     37961     37897   64.4423      55.5    0.267916    0.248001
  148      64     38203     38139   64.4156      60.5     0.25682    0.248168
  149      64     38412     38348   64.3339     52.25    0.292868    0.248317
  150      64     38660     38596   64.3183        62    0.260926    0.248567
  151      64     38858     38794   64.2201      49.5     0.26132    0.248727
  152      64     39107     39043   64.2071     62.25    0.201666    0.248806
  153      64     39323     39259   64.1404        54    0.136646    0.249144
  154      64     39530     39466   64.0598     51.75    0.234962    0.249413
  155      64     39776     39712   64.0433      61.5     0.28865    0.249633
  156      64     40082     40018   64.1231      76.5   0.0688878    0.249433
  157      64     40327     40263   64.1047     61.25    0.233003    0.249135
  158      64     40556     40492   64.0613     57.25    0.141552    0.249341
  159      64     40784     40720   64.0168        57    0.225692     0.24954
2026-07-07T19:55:03.991725+0800 min lat: 0.00888899 max lat: 0.714357 avg lat: 0.249282
  sec Cur ops   started  finished  avg MB/s  cur MB/s last lat(s)  avg lat(s)
  160      64     41120     41056   64.1416        84   0.0543121    0.249282
  161      64     41303     41239   64.0274     45.75    0.277157    0.249494
  162      64     41557     41493   64.0241      63.5   0.0837687    0.249613
  163      64     41798     41734   64.0009     60.25    0.268461    0.249856
  164      64     42044     41980   63.9856      61.5    0.289289    0.249807
  165      64     42277     42213   63.9508     58.25    0.294049    0.250036
  166      64     42491     42427   63.8878      53.5    0.163082    0.250166
  167      64     42774     42710   63.9288     70.75   0.0482506    0.250205
  168      64     42965     42901   63.8324     47.75    0.327935    0.250282
  169      64     43215     43151   63.8245      62.5     0.16628    0.250551
  170      64     43417     43353   63.7461      50.5     0.27087    0.250722
  171      64     43626     43562   63.6788     52.25    0.289626    0.250823
  172      64     43940     43876   63.7649      78.5    0.270018    0.250566
  173      64     44191     44127    63.759     62.75    0.283437    0.250834
  174      64     44397     44333   63.6885      51.5    0.283005    0.250985
  175      64     44720     44656   63.7859     80.75    0.147078    0.250712
  176      64     45017     44953   63.8453     74.25   0.0160731    0.250571
  177      64     45215     45151   63.7643      49.5    0.357549    0.250785
  178      64     45427     45363   63.7037        53      0.2615    0.250903
  179      64     45770     45706   63.8268     85.75    0.193776    0.250483
2026-07-07T19:55:23.994467+0800 min lat: 0.00888899 max lat: 0.714357 avg lat: 0.250755
  sec Cur ops   started  finished  avg MB/s  cur MB/s last lat(s)  avg lat(s)
  180      64     45999     45935   63.7902     57.25   0.0159079    0.250755
  181      64     46171     46107   63.6753        43    0.264876    0.250847
  182      64     46433     46369   63.6853      65.5     0.13343    0.251046
  183      64     46657     46593   63.6433        56    0.155208     0.25118
  184      64     46874     46810   63.5922     54.25    0.251115     0.25131
  185      64     47130     47066   63.5943        64    0.301627    0.251484
  186      64     47344     47280     63.54      53.5    0.132713    0.251504
  187      64     47685     47621   63.6561     85.25    0.110453    0.251201
  188      64     47905     47841     63.61        55   0.0660426    0.251367
  189      64     48123     48059   63.5617      54.5   0.0683956    0.251519
  190      64     48348     48284   63.5232     56.25    0.357096    0.251697
  191      64     48636     48572   63.5675        72    0.104112     0.25127
  192      64     48884     48820   63.5593        62    0.237741    0.251487
  193      64     49151     49087   63.5758     66.75     0.31041    0.251596
  194      64     49437     49373   63.6166      71.5   0.0429365    0.251388
  195      64     49717     49653   63.6493        70   0.0827737     0.25127
  196      64     49925     49861   63.5898        52    0.268725    0.251464
  197      64     50147     50083   63.5487      55.5    0.236062     0.25148
  198      64     50356     50292   63.4916     52.25    0.105253    0.251642
  199      64     50615     50551   63.4979     64.75    0.241912     0.25187
2026-07-07T19:55:43.997244+0800 min lat: 0.00888899 max lat: 0.714357 avg lat: 0.251917
  sec Cur ops   started  finished  avg MB/s  cur MB/s last lat(s)  avg lat(s)
  200      64     50830     50766   63.4491     53.75    0.169844    0.251917
  201      64     51038     50974   63.3921        52    0.238257    0.252094
  202      64     51296     51232   63.3976      64.5    0.297623    0.252093
  203      64     51541     51477   63.3869     61.25    0.258182    0.252199
  204      64     51797     51733   63.3899        64     0.27901    0.252256
  205      64     52075     52011   63.4197      69.5    0.147503    0.252262
  206      64     52271     52207   63.3497        49    0.260389     0.25241
  207      64     52499     52435    63.319        57    0.275022    0.252527
  208      64     52744     52680    63.309     61.25    0.126183    0.252578
  209      64     52967     52903   63.2728     55.75    0.174217    0.252662
  210      64     53182     53118   63.2274     53.75    0.122931    0.252799
  211      64     53406     53342   63.1931        56    0.139167    0.252923
  212      64     53640     53576   63.1709      58.5    0.101389    0.253087
  213      64     53852     53788   63.1231        53    0.210584    0.253195
  214      63     54069     54006   63.0828      54.5    0.284395    0.253328
  215      64     54335     54271   63.0975     66.25   0.0184464    0.253486
  216      64     54557     54493   63.0623      55.5   0.0252533    0.253577
  217      64     54780     54716   63.0285     55.75    0.118914    0.253711
  218      64     54990     54926   62.9802      52.5    0.244575    0.253787
  219      64     55212     55148    62.946      55.5    0.279377    0.253858
2026-07-07T19:56:04.000019+0800 min lat: 0.00888899 max lat: 0.714357 avg lat: 0.254011
  sec Cur ops   started  finished  avg MB/s  cur MB/s last lat(s)  avg lat(s)
  220      64     55471     55407   62.9542     64.75    0.363904    0.254011
  221      64     55692     55628   62.9193     55.25   0.0577357    0.254077
  222      64     55925     55861   62.8982     58.25    0.138316    0.254171
  223      64     56147     56083    62.865      55.5    0.215205    0.254288
  224      64     56364     56300   62.8265     54.25    0.159106    0.254363
  225      64     56607     56543   62.8172     60.75    0.346537     0.25448
  226      64     56831     56767    62.787        56    0.211399     0.25456
  227      64     57074     57010    62.778     60.75    0.271656    0.254732
  228      64     57295     57231   62.7449     55.25    0.267415    0.254797
  229      64     57542     57478   62.7406     61.75    0.282624     0.25488
  230      64     57765     57701   62.7101     55.75    0.284448    0.254987
  231      64     57975     57911   62.6659      52.5    0.279484    0.255084
  232      64     58244     58180   62.6856     67.25    0.170547    0.254984
  233      64     58470     58406    62.659      56.5    0.272953    0.255156
  234      64     58735     58671   62.6744     66.25   0.0440532    0.255203
  235      64     58940     58876   62.6257     51.25    0.249399    0.255324
  236      64     59379     59315   62.8253    109.75    0.159857    0.254563
  237      64     59829     59765   63.0349     112.5    0.160298    0.253718
  238      64     60186     60122    63.145     89.25    0.168032    0.252952
  239      64     60395     60331   63.0993     52.25    0.304034    0.253356
2026-07-07T19:56:24.002837+0800 min lat: 0.00888899 max lat: 0.80819 avg lat: 0.253069
  sec Cur ops   started  finished  avg MB/s  cur MB/s last lat(s)  avg lat(s)
  240      64     60757     60693   63.2135      90.5    0.371613    0.253069
  241      64     60957     60893   63.1586        50    0.252789     0.25311
  242      64     61212     61148    63.161     63.75    0.247032    0.253075
  243      64     61431     61367   63.1263     54.75    0.174484    0.253287
  244      64     61638     61574   63.0797     51.75    0.178077    0.253396
  245      64     61888     61824   63.0773      62.5     0.26988    0.253545
  246      64     62110     62046   63.0464      55.5    0.275215    0.253605
  247      64     62358     62294   63.0422        62    0.261112     0.25363
  248      64     62567     62503   62.9986     52.25    0.110706    0.253718
  249      64     62812     62748   62.9916     61.25    0.276408     0.25388
  250      64     63036     62972   62.9636        56    0.267435    0.253968
  251      64     63245     63181   62.9208     52.25    0.343324    0.254007
  252      64     63520     63456   62.9439     68.75    0.112687    0.254077
  253      64     63734     63670   62.9066      53.5    0.133231     0.25421
  254      64     63999     63935   62.9197     66.25    0.254478    0.254276
  255      64     64208     64144   62.8779     52.25    0.142532    0.254406
  256      64     64419     64355   62.8383     52.75    0.154652    0.254491
  257      64     64642     64578   62.8106     55.75    0.126526    0.254574
  258      64     64861     64797   62.7794     54.75    0.262058     0.25468
  259      64     65078     65014   62.7464     54.25    0.140096    0.254726
2026-07-07T19:56:44.005755+0800 min lat: 0.00888899 max lat: 0.80819 avg lat: 0.254839
  sec Cur ops   started  finished  avg MB/s  cur MB/s last lat(s)  avg lat(s)
  260      64     65358     65294   62.7743        70    0.111248    0.254839
  261      64     65571     65507   62.7377     53.25   0.0241931    0.254908
  262      64     65791     65727   62.7082        55    0.132023     0.25495
  263      64     66023     65959   62.6902        58   0.0763886    0.255052
  264      64     66254     66190   62.6715     57.75    0.125574    0.255125
  265      64     66482     66418   62.6501        57    0.211124      0.2552
  266      64     66694     66630   62.6138        53   0.0752783    0.255261
  267      64     66971     66907   62.6386     69.25    0.276347    0.255381
  268      64     67195     67131   62.6138        56   0.0255184    0.255445
  269      64     67409     67345   62.5799      53.5    0.118044     0.25551
  270      64     67621     67557   62.5444        53    0.384049    0.255584
  271      64     67834     67770     62.51     53.25    0.280438    0.255733
  272      64     68084     68020     62.51      62.5    0.130543     0.25582
  273      64     68296     68232   62.4751        53    0.163722    0.255883
  274      64     68512     68448   62.4442        54    0.336125    0.255925
  275      64     68785     68721   62.4653     68.25    0.348331    0.256051
  276      64     68995     68931   62.4291      52.5    0.277348    0.256127
  277      64     69238     69174    62.423     60.75    0.283326    0.256214
  278      64     69437     69373   62.3774     49.75    0.341719    0.256323
  279      64     69696     69632   62.3859     64.75   0.0848609    0.256396
2026-07-07T19:57:04.008510+0800 min lat: 0.00888899 max lat: 0.80819 avg lat: 0.256503
  sec Cur ops   started  finished  avg MB/s  cur MB/s last lat(s)  avg lat(s)
  280      64     69907     69843   62.3514     52.75     0.23138    0.256503
  281      64     70123     70059   62.3217        54    0.149291    0.256539
  282      64     70368     70304   62.3178     61.25    0.147906     0.25658
  283      64     70571     70507   62.2769     50.75    0.118695    0.256647
  284      64     70836     70772   62.2909     66.25    0.271279    0.256789
  285      64     71042     70978    62.253      51.5     0.28577    0.256834
  286      64     71291     71227    62.253     62.25    0.288794     0.25692
  287      64     71499     71435   62.2172        52    0.272917     0.25699
  288      64     71741     71677   62.2112      60.5    0.280601    0.257061
  289      64     71977     71913   62.2001        59    0.307671    0.257113
  290      64     72201     72137   62.1787        56    0.193761    0.257178
  291      64     72402     72338   62.1377     50.25    0.280204    0.257258
  292      64     72659     72595   62.1449     64.25    0.237243     0.25728
  293      64     72882     72818    62.123     55.75    0.215762    0.257377
  294      64     73092     73028   62.0903      52.5    0.252672    0.257484
  295      64     73328     73264   62.0798        59    0.279782      0.2576
  296      64     73556     73492   62.0626        57    0.197893    0.257645
  297      64     73776     73712   62.0388        55    0.110563    0.257737
  298      64     73987     73923   62.0076     52.75    0.282877    0.257862
  299      64     74236     74172   62.0083     62.25    0.279262     0.25794
2026-07-07T19:57:24.011385+0800 min lat: 0.00888899 max lat: 0.80819 avg lat: 0.257978
  sec Cur ops   started  finished  avg MB/s  cur MB/s last lat(s)  avg lat(s)
  300      51     74445     74394   61.9866      55.5    0.277937    0.257978
Total time run:         300.073
Total writes made:      74445
Write size:             262144
Object size:            262144
Bandwidth (MB/sec):     62.0224
Stddev Bandwidth:       14.0071
Max bandwidth (MB/sec): 112.75
Min bandwidth (MB/sec): 42.25
Average IOPS:           248
Stddev IOPS:            56.0282
Max IOPS:               451
Min IOPS:               169
Average Latency(s):     0.257952
Stddev Latency(s):      0.103039
Max latency(s):         0.80819
Min latency(s):         0.00888899
[2026-07-07 19:57:25] END bench: t64 r2
[2026-07-07 19:57:25] Cleaning pool juicefs-data (before: GiB objects)...
[2026-07-07 19:57:47] Pool cleanup done (after: MiB objects).
[2026-07-07 19:57:47] Compacting all OSDs...
[2026-07-07 19:57:58] Compaction triggered.
[2026-07-07 19:57:58] Round 2 done.
[2026-07-07 19:57:58] ---- t64 round 3 ----
[2026-07-07 19:57:58] Cleaning pool juicefs-data (before: B objects)...
[2026-07-07 19:57:59] Pool cleanup done (after: B objects).
[2026-07-07 19:57:59] Compacting all OSDs...
[2026-07-07 19:58:10] Compaction triggered.
[2026-07-07 19:58:10]   osd.0: queue_len=0 running=0
[2026-07-07 19:58:11]   osd.1: queue_len=0 running=0
[2026-07-07 19:58:11]   osd.2: queue_len=0 running=0
[2026-07-07 19:58:12]   osd.3: queue_len=0 running=0
[2026-07-07 19:58:12]   osd.4: queue_len=0 running=0
[2026-07-07 19:58:13]   osd.5: queue_len=0 running=0
[2026-07-07 19:58:13] Health: HEALTH_OK
[2026-07-07 19:58:14] START bench: rados bench -p juicefs-data 300 write -b 256K -t 64 --no-cleanup
[2026-07-07 19:58:14] Output -> /home/turboai/production/results/backend-rados-fulldiag-20260708/exp1-concurrency/256k-t64-r3.txt
hints = 1
Maintaining 64 concurrent writes of 262144 bytes to objects of size 262144 for up to 300 seconds or 0 objects
Object prefix: benchmark_data_tikv-node_3813364
  sec Cur ops   started  finished  avg MB/s  cur MB/s last lat(s)  avg lat(s)
    0       0         0         0         0         0           -           0
    1      64       504       440   109.984       110   0.0320122    0.116531
    2      64       953       889   111.111    112.25   0.0447655     0.12982
    3      64      1399      1335   111.236     111.5   0.0186115    0.134118
    4      64      1846      1782   111.361    111.75   0.0428266    0.137424
    5      64      2293      2229   111.436    111.75    0.439311    0.137919
    6      64      2741      2677   111.528       112    0.445065     0.13887
    7      64      3192      3128     111.7    112.75   0.0148026     0.13985
    8      64      3403      3339   104.331     52.75    0.149447    0.149393
    9      64      3620      3556    98.765     54.25    0.306259    0.158449
   10      64      3848      3784   94.5876        57    0.287683     0.16702
   11      64      4105      4041   91.8287     64.25   0.0910897    0.172844
   12      64      4326      4262   88.7799     55.25    0.143387    0.179049
   13      64      4528      4464   85.8347      50.5     0.28722    0.184822
   14      64      4734      4670   83.3819      51.5     0.28981    0.189602
   15      64      4973      4909    81.806     59.75    0.280816    0.194206
   16      64      5191      5127   80.0991      54.5    0.274537    0.197776
   17      64      5451      5387   79.2104        65    0.361675    0.201033
   18      64      5659      5595   77.6983        52    0.392678    0.204229
   19      64      5920      5856   77.0426     65.25    0.299414    0.207233
2026-07-07T19:58:34.185493+0800 min lat: 0.0107005 max lat: 0.681243 avg lat: 0.209972
  sec Cur ops   started  finished  avg MB/s  cur MB/s last lat(s)  avg lat(s)
   20      64      6137      6073   75.9025     54.25    0.280806    0.209972
   21      64      6348      6284   74.7997     52.75    0.037138    0.213576
   22      64      6537      6473    73.547     47.25    0.244045    0.215108
   23      64      6755      6691   72.7185      54.5    0.134905     0.21732
   24      64      7023      6959   72.4799        67    0.273482    0.220113
   25      64      7228      7164   71.6303     51.25     0.28744    0.221893
   26      64      7461      7397   71.1153     58.25    0.281441    0.223705
   27      64      7684      7620   70.5459     55.75    0.290498    0.225305
   28      64      7927      7863   70.1958     60.75    0.324393    0.227254
   29      64      8124      8060   69.4733     49.25    0.297601    0.228753
   30      64      8381      8317    69.299     64.25    0.273871    0.230392
   31      64      8619      8555   68.9827      59.5   0.0438871    0.231638
   32      64      8974      8910      69.6     88.75    0.272154    0.228935
   33      64      9189      9125   69.1195     53.75   0.0210291    0.230918
   34      64      9418      9354   68.7702     57.25    0.024058    0.232204
   35      64      9621      9557   68.2552     50.75    0.232498    0.233563
   36      64      9851      9787   67.9562      57.5    0.248685    0.233512
   37      64     10139     10075   68.0653        72    0.151884    0.235044
   38      64     10345     10281   67.6292      51.5   0.0742222    0.235878
   39      64     10552     10488   67.2219     51.75    0.154997    0.236935
2026-07-07T19:58:54.188150+0800 min lat: 0.0105826 max lat: 0.681243 avg lat: 0.23557
  sec Cur ops   started  finished  avg MB/s  cur MB/s last lat(s)  avg lat(s)
   40      64     10866     10802   67.5036      78.5    0.146529     0.23557
   41      64     11097     11033   67.2654     57.75     0.30891    0.236423
   42      64     11336     11272   67.0863     59.75    0.283394    0.237706
   43      64     11648     11584   67.3398        78    0.103835    0.237047
   44      64     11866     11802   67.0478      54.5   0.0387243    0.238385
   45      64     12084     12020   66.7689      54.5   0.0442767    0.239153
   46      64     12286     12222    66.415      50.5    0.184022    0.240022
   47      64     12574     12510   66.5336        72    0.293807     0.23887
   48      64     12789     12725   66.2672     53.75    0.246465    0.240057
   49      64     13044     12980   66.2157     63.75    0.275842     0.24112
   50      64     13252     13188   65.9312        52    0.263279    0.241733
   51      64     13629     13565   66.4862     94.25    0.359344    0.240205
   52      64     13841     13777   66.2267        53    0.266493    0.241102
   53      63     14051     13988   65.9723     52.75       0.284    0.241679
   54      64     14305     14241   65.9217     63.25    0.265411    0.241903
   55      64     14530     14466   65.7457     56.25    0.217304    0.242255
   56      64     14807     14743   65.8082     69.25    0.147371    0.242966
   57      64     15013     14949    65.557      51.5    0.358121    0.243533
   58      64     15315     15251   65.7283      75.5    0.144371    0.242997
   59      64     15521     15457    65.487      51.5    0.358699    0.243429
2026-07-07T19:59:14.190815+0800 min lat: 0.00987104 max lat: 0.681243 avg lat: 0.243926
  sec Cur ops   started  finished  avg MB/s  cur MB/s last lat(s)  avg lat(s)
   60      64     15749     15685   65.3455        57    0.237699    0.243926
   61      64     16005     15941   65.3233        64    0.241153    0.244429
   62      64     16277     16213   65.3663        68     0.41903    0.243441
   63      64     16505     16441   65.2334        57    0.188722     0.24423
   64      64     16782     16718    65.296     69.25   0.0888152    0.244722
   65      64     16999     16935    65.126     54.25    0.121079     0.24503
   66      64     17214     17150   64.9535     53.75    0.265323    0.245594
   67      64     17465     17401   64.9205     62.75    0.232201    0.246088
   68      64     17685     17621   64.7745        55    0.121032    0.246312
   69      64     17892     17828   64.5856     51.75    0.106606    0.246686
   70      64     18170     18106   64.6557      69.5    0.342158     0.24731
   71      64     18406     18342   64.5759        59   0.0608447    0.247598
   72      64     18623     18559   64.4324     54.25   0.0181226    0.248049
   73      64     18828     18764   64.2517     51.25    0.344505    0.248788
   74      64     19030     18966   64.0658      50.5   0.0675242    0.249012
   75      64     19253     19189   63.9548     55.75    0.254973    0.249568
   76      64     19523     19459   64.0013      67.5   0.0186653    0.249829
   77      64     19759     19695   63.9363        59   0.0601307    0.249916
   78      64     19991     19927     63.86        58   0.0229769    0.250382
   79      64     20200     20136    63.713     52.25   0.0623152     0.25073
2026-07-07T19:59:34.193522+0800 min lat: 0.00987104 max lat: 0.681243 avg lat: 0.251046
  sec Cur ops   started  finished  avg MB/s  cur MB/s last lat(s)  avg lat(s)
   80      64     20434     20370   63.6478      58.5    0.113027    0.251046
   81      64     20743     20679   63.8156     77.25    0.451798    0.250484
   82      64     20960     20896   63.6988     54.25    0.336377    0.250947
   83      64     21163     21099   63.5427     50.75    0.267783    0.251223
   84      64     21404     21340   63.5034     60.25    0.306651    0.251616
   85      64     21799     21735   63.9179     98.75   0.0523264    0.249663
   86      64     21996     21932   63.7473     49.25    0.277888    0.250442
   87      64     22245     22181     63.73     62.25    0.279616    0.250806
   88      64     22445     22381   63.5739        50    0.286616    0.251032
   89      64     22726     22662   63.6488     70.25    0.159278    0.251028
   90      64     22935     22871   63.5221     52.25    0.261437    0.251396
   91      64     23201     23137   63.5548      66.5   0.0257477    0.251605
   92      64     23438     23374   63.5079     59.25    0.118229    0.251572
   93      64     23653     23589   63.4029     53.75    0.215757    0.252058
   94      64     23860     23796   63.2788     51.75    0.234292    0.252342
   95      64     24126     24062   63.3127      66.5    0.293944    0.252517
   96      64     24340     24276   63.2104      53.5     0.28603    0.252744
   97      64     24558     24494   63.1205      54.5    0.282176    0.253031
   98      64     24795     24731   63.0809     59.25    0.246125    0.253265
   99      64     25026     24962    63.027     57.75     0.29434    0.253376
2026-07-07T19:59:54.196131+0800 min lat: 0.00960705 max lat: 0.681243 avg lat: 0.253701
  sec Cur ops   started  finished  avg MB/s  cur MB/s last lat(s)  avg lat(s)
  100      64     25265     25201   62.9941     59.75    0.290332    0.253701
  101      64     25512     25448   62.9817     61.75     0.13903    0.253819
  102      64     25717     25653   62.8666     51.25   0.0747428    0.254075
  103      64     25946     25882    62.812     57.25    0.122715    0.254285
  104      64     26168     26104   62.7416      55.5   0.0597555    0.254516
  105      64     26392     26328   62.6773        56      0.1256    0.254783
  106      64     26651     26587   62.6968     64.75    0.172015    0.255049
  107      64     26880     26816   62.6458     57.25   0.0792278    0.254912
  108      64     27097     27033    62.568     54.25     0.13331    0.255183
  109      64     27319     27255   62.5031      55.5    0.247969    0.255415
  110      64     27542     27478   62.4417     55.75    0.210242    0.255659
  111      64     27814     27750   62.4917        68    0.300607    0.255493
  112      64     28037     27973   62.4314     55.75    0.215386    0.255855
  113      64     28259     28195     62.37      55.5    0.148381    0.256061
  114      64     28467     28403    62.279        52    0.137298    0.256313
  115      64     28889     28825   62.6547     105.5    0.340658    0.255061
  116      64     29082     29018   62.5305     48.25    0.304551    0.255426
  117      64     29307     29243   62.4767     56.25    0.305654    0.255643
  118      64     29546     29482   62.4535     59.75    0.249713    0.255901
  119      64     29780     29716   62.4203      58.5    0.112601    0.256041
2026-07-07T20:00:14.198826+0800 min lat: 0.00960705 max lat: 0.681243 avg lat: 0.256344
  sec Cur ops   started  finished  avg MB/s  cur MB/s last lat(s)  avg lat(s)
  120      64     29989     29925   62.3355     52.25    0.223132    0.256344
  121      64     30193     30129   62.2417        51     0.25783    0.256466
  122      64     30489     30425    62.338        74   0.0542986    0.256568
  123      64     30690     30626   62.2397     50.25    0.165585    0.256652
  124      64     30901     30837   62.1631     52.75    0.209049    0.256873
  125      64     31180     31116   62.2237     69.75   0.0488167    0.257001
  126      64     31398     31334   62.1623      54.5    0.207261    0.256954
  127      64     31614     31550    62.098        54    0.214253     0.25713
  128      64     31831     31767   62.0367     54.25    0.229014    0.257393
  129      64     32066     32002   62.0111     58.75    0.217337    0.257459
  130      64     32326     32262   62.0341        65    0.327853    0.257758
  131      64     32533     32469   61.9555     51.75    0.213584    0.257966
  132      64     32783     32719   61.9595      62.5    0.377669    0.258129
  133      64     32982     32918   61.8677     49.75    0.338366    0.258273
  134      64     33320     33256   62.0365      84.5     0.43103    0.257718
  135      64     33521     33457   61.9491     50.25    0.240131    0.257876
  136      64     33772     33708    61.955     62.75    0.284501    0.258053
  137      64     33976     33912   61.8749        51     0.30179    0.258158
  138      64     34189     34125   61.8124     53.25    0.102806    0.258397
  139      64     34449     34385   61.8353        65    0.115473    0.258662
2026-07-07T20:00:34.201544+0800 min lat: 0.00960705 max lat: 0.681243 avg lat: 0.258737
  sec Cur ops   started  finished  avg MB/s  cur MB/s last lat(s)  avg lat(s)
  140      64     34674     34610   61.7953     56.25   0.0997213    0.258737
  141      64     34909     34845   61.7736     58.75    0.143101    0.258811
  142      64     35118     35054   61.7065     52.25    0.121871    0.259077
  143      64     35333     35269   61.6508     53.75   0.0715509    0.259219
  144      64     35549     35485   61.5977        54    0.224562    0.259389
  145      64     35772     35708   61.5573     55.75   0.0576075     0.25952
  146      64     36007     35943    61.538     58.75    0.286065     0.25969
  147      64     36241     36177   61.5173      58.5    0.278472    0.259833
  148      64     36497     36433    61.534        64    0.255681    0.259918
  149      64     36703     36639   61.4666      51.5    0.203008    0.259759
  150      64     36926     36862   61.4285     55.75    0.134304    0.259936
  151      64     37147     37083   61.3875     55.25   0.0600622    0.260113
  152      64     37431     37367   61.4507        71    0.170927    0.260294
  153      64     37713     37649   61.5098      70.5   0.0185875    0.259562
  154      64     37988     37924   61.5568     68.75   0.0171467    0.259892
  155      64     38195     38131   61.4934     51.75    0.319449     0.26005
  156      64     38401     38337   61.4293      51.5    0.268607     0.26018
  157      64     38716     38652   61.5396     78.75    0.433744    0.259342
  158      64     38963     38899   61.5409     61.75    0.312008    0.259724
  159      64     39194     39130    61.517     57.75    0.186188    0.259836
2026-07-07T20:00:54.204171+0800 min lat: 0.00882144 max lat: 0.681243 avg lat: 0.259743
  sec Cur ops   started  finished  avg MB/s  cur MB/s last lat(s)  avg lat(s)
  160      64     39482     39418   61.5824        72   0.0497439    0.259743
  161      64     39703     39639    61.543     55.25    0.290415    0.259848
  162      64     39928     39864   61.5103     56.25    0.324689    0.260006
  163      64     40132     40068   61.4458        51    0.188068    0.260126
  164      64     40396     40332   61.4735        66    0.254313      0.2601
  165      64     40609     40545   61.4236     53.25     0.28497    0.260236
  166      64     40842     40778   61.4045     58.25    0.285888    0.260347
  167      64     41066     41002   61.3721        56    0.276678    0.260447
  168      64     41332     41268   61.4025      66.5    0.458347    0.260113
  169      64     41571     41507   61.3927     59.75    0.278679     0.26041
  170      64     41782     41718   61.3418     52.75    0.292043    0.260455
  171      64     42062     41998   61.3924        70   0.0637543    0.260495
  172      64     42361     42297     61.47     74.75    0.252801    0.260148
  173      64     42561     42497   61.4037        50     0.27682    0.260242
  174      64     42839     42775   61.4501      69.5   0.0302407    0.260328
  175      64     43050     42986   61.4004     52.75    0.323439    0.260479
  176      64     43262     43198   61.3526        53    0.298979    0.260598
  177      64     43473     43409    61.304     52.75    0.297726    0.260699
  178      64     43721     43657   61.3078        62     0.22467    0.260774
  179      64     43922     43858    61.246     50.25    0.317764    0.260984
2026-07-07T20:01:14.206872+0800 min lat: 0.00882144 max lat: 0.681243 avg lat: 0.26099
  sec Cur ops   started  finished  avg MB/s  cur MB/s last lat(s)  avg lat(s)
  180      64     44135     44071   61.2016     53.25    0.150516     0.26099
  181      64     44414     44350   61.2487     69.75   0.0301968    0.261129
  182      64     44642     44578   61.2254        57   0.0395745    0.261249
  183      64     44895     44831   61.2364     63.25    0.337574    0.261246
  184      64     45104     45040   61.1875     52.25    0.161612    0.261375
  185      64     45314     45250   61.1405      52.5    0.206549    0.261491
  186      64     45545     45481   61.1222     57.75    0.259936    0.261562
  187      64     45769     45705   61.0948        56    0.325235    0.261673
  188      64     46002     45938   61.0796     58.25    0.281663    0.261768
  189      64     46224     46160   61.0501      55.5    0.272993    0.261858
  190      64     46472     46408    61.055        62    0.276791    0.261927
  191      64     46718     46654   61.0573      61.5    0.111827    0.261922
  192      64     46920     46856   61.0023      50.5    0.229586    0.262093
  193      64     47138     47074   60.9685      54.5    0.284316    0.262189
  194      64     47407     47343   61.0009     67.25   0.0863863    0.262125
  195      64     47622     47558   60.9637     53.75   0.0255965    0.262294
  196      64     47824     47760   60.9102      50.5    0.257787    0.262442
  197      64     48084     48020    60.931        65    0.346858    0.262486
  198      64     48286     48222   60.8782      50.5    0.340449    0.262636
  199      64     48489     48425   60.8273     50.75    0.249608    0.262764
2026-07-07T20:01:34.209580+0800 min lat: 0.00746254 max lat: 0.681243 avg lat: 0.262814
  sec Cur ops   started  finished  avg MB/s  cur MB/s last lat(s)  avg lat(s)
  200      64     48770     48706   60.8744     70.25   0.0128608    0.262814
  201      64     48993     48929   60.8488     55.75   0.0536549    0.262844
  202      64     49215     49151   60.8223      55.5   0.0791463    0.262835
  203      64     49434     49370   60.7924     54.75    0.270292    0.263003
  204      64     49695     49631   60.8142     65.25    0.218949    0.263049
  205      64     49893     49829    60.759      49.5    0.269283    0.263163
  206      64     50100     50036   60.7152     51.75    0.267248    0.263313
  207      64     50342     50278   60.7141      60.5    0.282449    0.263393
  208      64     50555     50491   60.6782     53.25    0.283934    0.263445
  209      64     50804     50740   60.6857     62.25    0.274077      0.2635
  210      64     51023     50959   60.6574     54.75     0.18103    0.263534
  211      64     51242     51178   60.6294     54.75   0.0918216    0.263711
  212      64     51504     51440   60.6523      65.5   0.0618324    0.263707
  213      64     51723     51659   60.6246     54.75   0.0584438    0.263838
  214      64     51947     51883   60.6029        56   0.0739363    0.263879
  215      64     52150     52086   60.5571     50.75    0.258357    0.263992
  216      64     52400     52336    60.566      62.5    0.325688    0.264085
  217      64     52615     52551   60.5346     53.75    0.211503    0.264145
  218      64     52849     52785   60.5252      58.5    0.283656    0.264194
  219      64     53073     53009   60.5045        56    0.279651    0.264266
2026-07-07T20:01:54.211988+0800 min lat: 0.00746254 max lat: 0.681243 avg lat: 0.264319
  sec Cur ops   started  finished  avg MB/s  cur MB/s last lat(s)  avg lat(s)
  220      64     53310     53246   60.4988     59.25    0.276241    0.264319
  221      64     53516     53452   60.4581      51.5    0.129182    0.264467
  222      64     53734     53670   60.4312      54.5    0.265699     0.26451
  223      64     53976     53912   60.4315      60.5    0.275003    0.264604
  224      64     54208     54144   60.4206        58    0.281782    0.264654
  225      64     54431     54367   60.3998     55.75    0.293478     0.26479
  226      64     54640     54576   60.3637     52.25     0.28662    0.264856
  227      64     54880     54816   60.3621        60     0.27393    0.264919
  228      64     55089     55025   60.3265     52.25    0.320632     0.26497
  229      64     55335     55271   60.3315      61.5    0.289581    0.265003
  230      64     55583     55519   60.3388        62    0.275708    0.265073
  231      64     55824     55760   60.3383     60.25    0.151429     0.26506
  232      64     56042     55978   60.3131      54.5   0.0795677    0.265166
  233      64     56250     56186   60.2774        52   0.0881952    0.265264
  234      64     56459     56395   60.2431     52.25    0.180608    0.265314
  235      64     56732     56668   60.2771     68.25   0.0164825    0.265389
  236      64     56928     56864   60.2293        49    0.285896    0.265514
  237      64     57134     57070   60.1924      51.5     0.23113    0.265575
  238      64     57403     57339   60.2221     67.25   0.0736192    0.265595
  239      64     57625     57561   60.2023      55.5    0.082641    0.265638
2026-07-07T20:02:14.214621+0800 min lat: 0.00746254 max lat: 0.681243 avg lat: 0.265691
  sec Cur ops   started  finished  avg MB/s  cur MB/s last lat(s)  avg lat(s)
  240      64     57848     57784   60.1837     55.75   0.0999216    0.265691
  241      64     58086     58022   60.1808      59.5    0.108586    0.265742
  242      64     58314     58250   60.1677        57   0.0583687     0.26584
  243      64     58533     58469   60.1453     54.75   0.0776838    0.265871
  244      64     58743     58679    60.114      52.5    0.222926    0.266025
  245      64     58955     58891   60.0849        53      0.2847    0.266108
  246      64     59191     59127   60.0805        59    0.270758    0.266159
  247      64     59407     59343   60.0558        54    0.307258    0.266177
  248      64     59648     59584   60.0566     60.25    0.274805    0.266317
  249      64     59856     59792   60.0242        52    0.274443    0.266357
  250      64     60096     60032   60.0241        60    0.276644    0.266408
  251      64     60358     60294   60.0459      65.5   0.0790823    0.266402
  252      64     60578     60514   60.0258        55   0.0258794     0.26648
  253      64     60797     60733   60.0049     54.75   0.0976487    0.266526
  254      64     60995     60931   59.9636      49.5    0.265786    0.266646
  255      64     61222     61158   59.9509     56.75    0.210648    0.266689
  256      64     61460     61396   59.9491      59.5    0.272022    0.266729
  257      64     61686     61622   59.9357      56.5    0.273076    0.266773
  258      64     61926     61862   59.9359        60    0.279768    0.266819
  259      64     62144     62080   59.9149      54.5   0.0927664    0.266855
2026-07-07T20:02:34.217100+0800 min lat: 0.00746254 max lat: 0.681243 avg lat: 0.266891
  sec Cur ops   started  finished  avg MB/s  cur MB/s last lat(s)  avg lat(s)
  260      64     62350     62286   59.8825      51.5    0.103202    0.266891
  261      64     62622     62558   59.9136        68   0.0442261    0.266967
  262      64     62826     62762   59.8795        51    0.236121    0.267038
  263      64     63038     62974   59.8533        53    0.283462    0.267108
  264      64     63315     63251   59.8889     69.25    0.336818     0.26715
  265      64     63541     63477   59.8761      56.5   0.0256851    0.267182
  266      64     63725     63661   59.8239        46    0.409462    0.267244
  267      64     63971     63907   59.8301      61.5   0.0746728    0.267316
  268      64     64207     64143    59.827        59   0.0678459    0.267352
  269      64     64412     64348   59.7951     51.25    0.255598    0.267472
  270      64     64624     64560   59.7699        53    0.447048    0.267546
  271      64     64870     64806   59.7762      61.5    0.118776    0.267558
  272      64     65073     65009    59.743     50.75    0.285161    0.267702
  273      64     65296     65232   59.7284     55.75    0.107962    0.267708
  274      64     65510     65446   59.7056      53.5    0.281654    0.267753
  275      64     65758     65694   59.7139        62    0.274732    0.267839
  276      64     65966     65902   59.6859        52    0.280042    0.267877
  277      64     66214     66150   59.6943        62    0.251634    0.267902
  278      64     66437     66373   59.6801     55.75    0.277186    0.267935
  279      64     66670     66606   59.6749     58.25    0.286382    0.267992
2026-07-07T20:02:54.219880+0800 min lat: 0.00746254 max lat: 0.681243 avg lat: 0.268032
  sec Cur ops   started  finished  avg MB/s  cur MB/s last lat(s)  avg lat(s)
  280      64     66900     66836   59.6671      57.5    0.270201    0.268032
  281      64     67151     67087    59.678     62.75   0.0803249    0.267943
  282      64     67367     67303   59.6579        54    0.149309    0.268054
  283      64     67564     67500   59.6211     49.25   0.0989148     0.26811
  284      64     67829     67765   59.6444     66.25    0.272454    0.268207
  285      64     68042     67978   59.6219     53.25   0.0576949    0.268231
  286      64     68253     68189   59.5979     52.75   0.0808191     0.26829
  287      64     68516     68452   59.6193     65.75     0.27874    0.268345
  288      64     68724     68660   59.5928        52    0.259756    0.268419
  289      64     68929     68865   59.5639     51.25    0.318943     0.26851
  290      64     69145     69081   59.5447        54    0.265818    0.268557
  291      64     69407     69343   59.5651      65.5   0.0414431    0.268542
  292      64     69638     69574   59.5589     57.75   0.0831594    0.268564
  293      64     69867     69803    59.551     57.25    0.354631    0.268644
  294      64     70066     70002   59.5176     49.75     0.26582    0.268723
  295      64     70291     70227   59.5065     56.25    0.268866    0.268753
  296      64     70521     70457   59.4998      57.5    0.232934    0.268761
  297      64     70734     70670   59.4787     53.25    0.442383    0.268872
  298      64     70949     70885   59.4594     53.75    0.279303    0.268937
  299      64     71185     71121   59.4579        59     0.28015    0.268968
2026-07-07T20:03:14.222465+0800 min lat: 0.00746254 max lat: 0.681243 avg lat: 0.268999
  sec Cur ops   started  finished  avg MB/s  cur MB/s last lat(s)  avg lat(s)
  300      46     71407     71361   59.4597        60    0.285163    0.268999
Total time run:         300.074
Total writes made:      71407
Write size:             262144
Object size:            262144
Bandwidth (MB/sec):     59.4911
Stddev Bandwidth:       11.3137
Max bandwidth (MB/sec): 112.75
Min bandwidth (MB/sec): 46
Average IOPS:           237
Stddev IOPS:            45.2549
Max IOPS:               451
Min IOPS:               184
Average Latency(s):     0.268934
Stddev Latency(s):      0.088377
Max latency(s):         0.681243
Min latency(s):         0.00746254
[2026-07-07 20:03:15] END bench: t64 r3
[2026-07-07 20:03:15] Cleaning pool juicefs-data (before: GiB objects)...
[2026-07-07 20:03:34] Pool cleanup done (after: GiB objects).
[2026-07-07 20:03:34] Compacting all OSDs...
[2026-07-07 20:03:45] Compaction triggered.
[2026-07-07 20:03:45] Round 3 done.
[2026-07-07 20:03:45] ==========================================
[2026-07-07 20:03:45] 2A: concurrency=128
[2026-07-07 20:03:45] ==========================================
[2026-07-07 20:03:45] ---- t128 round 1 ----
[2026-07-07 20:03:45] Cleaning pool juicefs-data (before: B objects)...
[2026-07-07 20:03:45] Pool cleanup done (after: B objects).
[2026-07-07 20:03:45] Compacting all OSDs...
[2026-07-07 20:03:56] Compaction triggered.
[2026-07-07 20:03:57]   osd.0: queue_len=0 running=0
[2026-07-07 20:03:57]   osd.1: queue_len=0 running=0
[2026-07-07 20:03:58]   osd.2: queue_len=0 running=0
[2026-07-07 20:03:58]   osd.3: queue_len=0 running=0
[2026-07-07 20:03:59]   osd.4: queue_len=0 running=0
[2026-07-07 20:03:59]   osd.5: queue_len=0 running=0
[2026-07-07 20:04:00] Health: HEALTH_OK
[2026-07-07 20:04:00] START bench: rados bench -p juicefs-data 300 write -b 256K -t 128 --no-cleanup
[2026-07-07 20:04:00] Output -> /home/turboai/production/results/backend-rados-fulldiag-20260708/exp1-concurrency/256k-t128-r1.txt
hints = 1
Maintaining 128 concurrent writes of 262144 bytes to objects of size 262144 for up to 300 seconds or 0 objects
Object prefix: benchmark_data_tikv-node_3844306
  sec Cur ops   started  finished  avg MB/s  cur MB/s last lat(s)  avg lat(s)
    0       0         0         0         0         0           -           0
    1     128       570       442   110.491     110.5    0.336806    0.217643
    2     128      1019       891   111.362    112.25     0.12897    0.234702
    3     128      1468      1340   111.652    112.25   0.0304692    0.245803
    4     128      1914      1786    111.61     111.5   0.0195275    0.258706
    5     128      2361      2233   111.635    111.75   0.0353678    0.259788
    6     128      2808      2680   111.652    111.75   0.0700636    0.269563
    7     128      3255      3127   111.664    111.75   0.0290862     0.26784
    8     128      3704      3576   111.735    112.25    0.944996    0.271759
    9     128      3871      3743   103.958     41.75    0.831719    0.296368
   10     128      4302      4174   104.336    107.75    0.182453    0.300504
   11     128      4471      4343   98.6912     42.25    0.707035    0.312957
   12     128      4722      4594   95.6953     62.75    0.547891    0.327573
   13     128      4934      4806   92.4104        53     0.55857    0.337696
   14     128      5199      5071   90.5411     66.25    0.376457    0.348144
   15     128      5420      5292   88.1877     55.25    0.497458    0.357271
   16     128      5640      5512    86.113        55    0.598714    0.365133
   17     128      5854      5726   84.1941      53.5    0.594261    0.372194
   18     128      6083      5955   82.6968     57.25    0.534969     0.38125
   19     128      6314      6186   81.3833     57.75    0.480594    0.387845
2026-07-07T20:04:20.666890+0800 min lat: 0.0109498 max lat: 1.39025 avg lat: 0.394208
  sec Cur ops   started  finished  avg MB/s  cur MB/s last lat(s)  avg lat(s)
   20     128      6540      6412   80.1387      56.5    0.568516    0.394208
   21     128      6756      6628   78.8934        54    0.561371     0.39905
   22     128      6978      6850   77.8297      55.5    0.601232    0.404533
   23     128      7205      7077    76.913     56.75    0.560974    0.409737
   24     128      7460      7332   76.3642     63.75    0.481503    0.415132
   25     128      7658      7530   75.2893      49.5    0.462612     0.41875
   26     128      7887      7759   74.5951     57.25    0.633299    0.423979
   27     128      8115      7987   73.9431        57    0.600184     0.42806
   28     128      8357      8229   73.4626      60.5    0.606259    0.431692
   29     128      8560      8432   72.6793     50.75    0.485383    0.435231
   30     128      8789      8661   72.1647     57.25    0.431704    0.439101
   31     128      9041      8913   71.8688        63     0.54588    0.441436
   32     128      9297      9169   71.6226        64    0.512097    0.443563
   33     128      9536      9408   71.2625     59.75    0.406343    0.446079
   34     128      9717      9589   70.4972     45.25    0.509103    0.448148
   35     128      9974      9846   70.3185     64.25    0.443406    0.450094
   36     128     10198     10070   69.9205        56    0.536119    0.453056
   37     128     10415     10287   69.4967     54.25    0.638868     0.45621
   38     128     10654     10526     69.24     59.75     0.49067    0.458681
   39     128     10869     10741   68.8426     53.75    0.616449    0.460781
2026-07-07T20:04:40.669843+0800 min lat: 0.0109498 max lat: 1.39025 avg lat: 0.462733
  sec Cur ops   started  finished  avg MB/s  cur MB/s last lat(s)  avg lat(s)
   40     128     11133     11005   68.7713        66    0.548607    0.462733
   41     128     11352     11224   68.4291     54.75    0.483855    0.464845
   42     128     11570     11442   68.0973      54.5    0.390772    0.466856
   43     128     11822     11694   67.9785        63    0.564734    0.468506
   44     128     12007     11879   67.4845     46.25    0.617416    0.470283
   45     128     12241     12113   67.2846      58.5    0.473679    0.472831
   46     128     12475     12347   67.0935      58.5    0.449631    0.474483
   47     128     12705     12577   66.8893      57.5    0.467141    0.475744
   48     128     12931     12803   66.6726      56.5    0.501162    0.477305
   49     128     13130     13002   66.3271     49.75    0.455133    0.478753
   50     128     13394     13266   66.3203        66    0.538919    0.480321
   51     128     13622     13494   66.1374        57    0.606046    0.481561
   52     128     13809     13681   65.7645     46.75    0.503594    0.483231
   53     128     14075     13947   65.7782      66.5     0.49514    0.484665
   54     128     14264     14136   65.4349     47.25    0.615482    0.485906
   55     128     14481     14353   65.2314     54.25    0.488526    0.486909
   56     128     14738     14610   65.2137     64.25    0.521452     0.48864
   57     128     14970     14842    65.087        58    0.407067    0.489896
   58     128     15185     15057   64.8913     53.75    0.400957    0.490375
   59     128     15441     15313   64.8761        64    0.567535     0.49174
2026-07-07T20:05:00.672888+0800 min lat: 0.0109498 max lat: 1.39025 avg lat: 0.492491
  sec Cur ops   started  finished  avg MB/s  cur MB/s last lat(s)  avg lat(s)
   60     128     15636     15508   64.6072     48.75    0.423332    0.492491
   61     128     15889     15761   64.5847     63.25    0.412548     0.49316
   62     128     16100     15972   64.3937     52.75    0.397858    0.494132
   63     128     16318     16190   64.2365      54.5    0.579103    0.495234
   64     128     16543     16415   64.1116     56.25    0.567112    0.496368
   65     128     16777     16649   64.0252      58.5    0.458204    0.497567
   66     128     17005     16877   63.9186        57    0.562369     0.49832
   67     128     17246     17118   63.8638     60.25    0.526474       0.499
   68     128     17458     17330   63.7039        53    0.581051    0.499781
   69     128     17689     17561   63.6175     57.75    0.602178    0.500674
   70     128     17902     17774   63.4693     53.25    0.528302    0.501317
   71     128     18128     18000    63.371      56.5    0.640989     0.50239
   72     128     18361     18233   63.2997     58.25     0.60728    0.503297
   73     128     18588     18460   63.2099     56.75    0.387212    0.503912
   74     128     18816     18688   63.1259        57    0.453146    0.504904
   75     128     19043     18915   63.0408     56.75    0.414848    0.504708
   76     128     19271     19143   62.9611        57    0.470819    0.505859
   77     128     19526     19398   62.9713     63.75    0.484437    0.506647
   78     128     19742     19614   62.8561        54    0.619781    0.507335
   79     128     19971     19843   62.7851     57.25    0.564711    0.508244
2026-07-07T20:05:20.675833+0800 min lat: 0.0109498 max lat: 1.39025 avg lat: 0.508799
  sec Cur ops   started  finished  avg MB/s  cur MB/s last lat(s)  avg lat(s)
   80     128     20194     20066    62.697     55.75     0.46793    0.508799
   81     128     20411     20283   62.5926     54.25    0.575203    0.509278
   82     128     20635     20507   62.5121        56    0.422452    0.509731
   83     128     20873     20745   62.4757      59.5    0.498165    0.510358
   84     128     21126     20998   62.4848     63.25     0.48544    0.510773
   85     128     21346     21218   62.3967        55    0.525872    0.510993
   86     128     21569     21441   62.3193     55.75     0.42487    0.511759
   87     128     21788     21660   62.2322     54.75    0.601392    0.512542
   88     128     22024     21896   62.1954        59    0.493437    0.513205
   89     128     22249     22121   62.1285     56.25    0.473575    0.513616
   90     128     22466     22338   62.0408     54.25    0.456062    0.514045
   91     128     22688     22560   61.9689      55.5    0.455513    0.514586
   92     128     22931     22803   61.9555     60.75    0.505762    0.515041
   93     128     23148     23020   61.8726     54.25    0.529329     0.51558
   94     128     23372     23244     61.81        56    0.607633    0.516138
   95     128     23610     23482   61.7856      59.5    0.417291    0.516615
   96     128     23837     23709    61.733     56.75    0.571628     0.51695
   97     128     24084     23956   61.7331     61.75    0.558492       0.517
   98     128     24277     24149   61.5955     48.25    0.469101    0.517547
   99     128     24536     24408   61.6272     64.75     0.51459    0.517957
2026-07-07T20:05:40.678943+0800 min lat: 0.0109498 max lat: 1.39025 avg lat: 0.518197
  sec Cur ops   started  finished  avg MB/s  cur MB/s last lat(s)  avg lat(s)
  100     128     24755     24627   61.5583     54.75    0.487387    0.518197
  101     128     24969     24841   61.4785      53.5    0.514601    0.518945
  102     128     25189     25061   61.4149        55    0.599803    0.519432
  103     128     25441     25313   61.4302        63    0.517381    0.519764
  104     128     25665     25537   61.3779        56    0.574237    0.520213
  105     128     25888     25760   61.3242     55.75    0.498748    0.520378
  106     128     26123     25995   61.2998     58.75    0.554654    0.520811
  107     128     26342     26214   61.2386     54.75    0.546758    0.520865
  108     128     26568     26440   61.1946      56.5    0.530888    0.521474
  109     128     26793     26665   61.1492     56.25    0.502578    0.521989
  110     128     27023     26895   61.1159      57.5    0.444305    0.522338
  111     128     27254     27126   61.0855     57.75    0.571091    0.522639
  112     128     27461     27333   61.0021     51.75    0.488072    0.522834
  113     128     27719     27591    61.033      64.5     0.58275    0.523151
  114     128     27945     27817   60.9931      56.5    0.437919    0.523517
  115     128     28177     28049    60.967        58    0.462125    0.523672
  116     128     28389     28261   60.8983        53    0.571668    0.523886
  117     128     28637     28509   60.9076        62    0.536141    0.524243
  118     128     28871     28743   60.8871      58.5    0.567546    0.524468
  119     128     29100     28972   60.8565     57.25    0.452407    0.524864
2026-07-07T20:06:00.681921+0800 min lat: 0.0109498 max lat: 1.39025 avg lat: 0.525227
  sec Cur ops   started  finished  avg MB/s  cur MB/s last lat(s)  avg lat(s)
  120     128     29293     29165   60.7514     48.25    0.419418    0.525227
  121     128     29515     29387   60.7079      55.5    0.458254    0.525464
  122     128     29770     29642   60.7327     63.75    0.448439    0.525705
  123     128     29995     29867   60.6962     56.25    0.503428    0.525936
  124     128     30254     30126   60.7288     64.75    0.455443    0.526013
  125     128     30476     30348   60.6869      55.5    0.409203     0.52605
  126     128     30698     30570   60.6457      55.5    0.489989    0.526543
  127     128     30877     30749   60.5205     44.75    0.566297    0.526907
  128     128     31142     31014   60.5652     66.25    0.670134    0.527349
  129     128     31354     31226   60.5064        53    0.490804    0.527609
  130     128     31583     31455   60.4813     57.25    0.593599    0.527802
  131     128     31813     31685   60.4585      57.5    0.476549    0.528058
  132     128     32055     31927   60.4588      60.5    0.414468    0.528445
  133     128     32263     32135   60.3951        52    0.587728    0.528517
  134     128     32501     32373   60.3884      59.5    0.720457    0.528843
  135     128     32731     32603   60.3669      57.5    0.523659    0.529001
  136     128     32955     32827   60.3348        56    0.604788    0.529513
  137     128     33183     33055   60.3103        57    0.539677    0.529724
  138     128     33405     33277   60.2754      55.5    0.534981    0.530064
  139     128     33622     33494    60.232     54.25     0.57276    0.530075
2026-07-07T20:06:20.685018+0800 min lat: 0.0109498 max lat: 1.39025 avg lat: 0.530351
  sec Cur ops   started  finished  avg MB/s  cur MB/s last lat(s)  avg lat(s)
  140     128     33853     33725   60.2142     57.75     0.44783    0.530351
  141     128     34086     33958   60.2002     58.25    0.607264    0.530534
  142     128     34315     34187   60.1794     57.25    0.457063    0.530898
  143     128     34549     34421   60.1676      58.5    0.510305    0.531021
  144     128     34760     34632    60.116     52.75    0.639504    0.531328
  145     128     34977     34849   60.0755     54.25    0.463058     0.53146
  146     128     35203     35075   60.0509      56.5    0.538482    0.531544
  147     128     35436     35308   60.0386     58.25    0.579901    0.531769
  148     128     35670     35542   60.0282      58.5    0.606573    0.531974
  149     128     35892     35764   59.9977      55.5    0.591051    0.532043
  150     128     36150     36022   60.0277      64.5     0.62099    0.532348
  151     128     36377     36249   60.0059     56.75    0.491592    0.532575
  152     128     36567     36439   59.9236      47.5    0.475911    0.532703
  153     128     36832     36704   59.9649     66.25    0.371976    0.532805
  154     128     37038     36910   59.9099      51.5    0.520237    0.532925
  155     128     37286     37158   59.9233        62     0.48053    0.533033
  156     128     37520     37392   59.9141      58.5    0.622995    0.533233
  157     128     37716     37588   59.8446        49    0.632368    0.533593
  158     128     37935     37807   59.8123     54.75    0.464958    0.533773
  159     128     38193     38065   59.8417      64.5    0.562274    0.533855
2026-07-07T20:06:40.687880+0800 min lat: 0.0109498 max lat: 1.39025 avg lat: 0.534075
  sec Cur ops   started  finished  avg MB/s  cur MB/s last lat(s)  avg lat(s)
  160     128     38410     38282   59.8067     54.25    0.582722    0.534075
  161     128     38640     38512   59.7923      57.5     0.45936     0.53444
  162     128     38834     38706   59.7226      48.5    0.595589    0.534596
  163     128     39095     38967   59.7564     65.25    0.600303    0.534725
  164     128     39322     39194   59.7381     56.75    0.539774    0.534861
  165     128     39520     39392    59.676      49.5    0.510033    0.535098
  166     128     39751     39623   59.6643     57.75    0.513371    0.535386
  167     128     39976     39848   59.6438     56.25    0.486404    0.535481
  168     128     40220     40092   59.6518        61    0.474665     0.53571
  169     128     40438     40310   59.6213      54.5     0.58565    0.535753
  170     128     40665     40537   59.6044     56.75    0.608974    0.535907
  171     128     40896     40768   59.5935     57.75    0.451231    0.536032
  172     128     41120     40992   59.5725        56    0.614918    0.536306
  173     128     41344     41216   59.5518        56    0.553335    0.536528
  174     128     41576     41448   59.5429        58    0.439357    0.536621
  175     128     41808     41680    59.534        58    0.525177    0.536657
  176     128     42018     41890    59.494      52.5     0.58702    0.536889
  177     128     42249     42121   59.4841     57.75    0.520681    0.537053
  178     128     42485     42357   59.4813        59    0.502031     0.53712
  179     128     42706     42578   59.4576     55.25    0.512156    0.537235
2026-07-07T20:07:00.690910+0800 min lat: 0.0109498 max lat: 1.39025 avg lat: 0.537261
  sec Cur ops   started  finished  avg MB/s  cur MB/s last lat(s)  avg lat(s)
  180     128     42937     42809   59.4481     57.75    0.445656    0.537261
  181     128     43186     43058   59.4635     62.25    0.511487    0.537463
  182     128     43411     43283   59.4458     56.25    0.630132    0.537578
  183     128     43631     43503   59.4214        55    0.569829    0.537645
  184     128     43861     43733    59.411      57.5    0.495892    0.537813
  185     128     44089     43961   59.3979        57    0.483141    0.537911
  186     128     44332     44204   59.4051     60.75    0.399103    0.537973
  187     128     44538     44410   59.3628      51.5    0.631261    0.538061
  188     128     44750     44622   59.3289        53    0.602341    0.538343
  189     128     44992     44864    59.335      60.5    0.531209    0.538487
  190     128     45233     45105   59.3398     60.25    0.470798    0.538575
  191     128     45430     45302   59.2869     49.25    0.607638    0.538817
  192     128     45653     45525   59.2685     55.75    0.422772    0.538926
  193     128     45876     45748   59.2502     55.75    0.516034    0.539084
  194     128     46110     45982   59.2463      58.5    0.414449    0.539157
  195     128     46350     46222   59.2501        60    0.544495    0.539201
  196     128     46584     46456   59.2462      58.5     0.65305    0.539407
  197     128     46805     46677   59.2259     55.25    0.399387    0.539395
  198     128     47022     46894   59.2007     54.25    0.464363    0.539348
  199     128     47273     47145   59.2185     62.75    0.592678    0.539528
2026-07-07T20:07:20.694005+0800 min lat: 0.0109498 max lat: 1.39025 avg lat: 0.539682
  sec Cur ops   started  finished  avg MB/s  cur MB/s last lat(s)  avg lat(s)
  200     128     47513     47385   59.2224        60    0.618817    0.539682
  201     128     47727     47599   59.1939      53.5    0.414467    0.539732
  202     128     47926     47798   59.1471     49.75     0.60137     0.53993
  203     128     48155     48027   59.1377     57.25    0.428784    0.540325
  204     128     48402     48274   59.1505     61.75    0.480935    0.540393
  205     128     48616     48488   59.1229      53.5    0.549187     0.54037
  206     128     48849     48721   59.1186     58.25    0.517232     0.54065
  207     128     49081     48953   59.1131        58    0.610819    0.540788
  208     128     49315     49187   59.1101      58.5    0.521229    0.540858
  209     128     49532     49404   59.0868     54.25    0.550138    0.540811
  210     128     49750     49622    59.065      54.5    0.607855    0.541218
  211     128     49973     49845   59.0492     55.75    0.602888    0.541364
  212     128     50198     50070    59.036     56.25    0.482255    0.541412
  213     128     50421     50293   59.0205     55.75    0.589727    0.541481
  214     128     50637     50509    58.997        54    0.604469     0.54153
  215     128     50885     50757   59.0109        62    0.504104    0.541648
  216     128     51096     50968   58.9819     52.75    0.495227    0.541719
  217     128     51343     51215   58.9946     61.75    0.565215      0.5418
  218     128     51571     51443   58.9854        57    0.499602    0.541777
  219     128     51811     51683     58.99        60    0.589992    0.541879
2026-07-07T20:07:40.697094+0800 min lat: 0.0109498 max lat: 1.39025 avg lat: 0.541874
  sec Cur ops   started  finished  avg MB/s  cur MB/s last lat(s)  avg lat(s)
  220     128     52044     51916   58.9866     58.25    0.408328    0.541874
  221     128     52265     52137   58.9696     55.25    0.425523    0.542006
  222     128     52489     52361   58.9562        56     0.46936    0.542046
  223     128     52700     52572   58.9284     52.75    0.601202    0.542139
  224     128     52942     52814   58.9354      60.5    0.552115     0.54216
  225     128     53193     53065   58.9523     62.75      0.5646    0.542222
  226     128     53414     53286   58.9358     55.25    0.566561    0.542327
  227     128     53617     53489   58.8997     50.75    0.498782    0.542359
  228     128     53841     53713    58.887        56     0.41366    0.542436
  229     128     54069     53941   58.8787        57    0.477027    0.542636
  230     128     54326     54198    58.902     64.25    0.494755    0.542731
  231     128     54545     54417    58.884     54.75    0.586601    0.542783
  232     128     54783     54655   58.8866      59.5    0.416345    0.542874
  233     128     54994     54866   58.8603     52.75    0.382635    0.542911
  234     128     55219     55091   58.8491     56.25    0.471155    0.542953
  235     128     55466     55338   58.8614     61.75    0.484815     0.54304
  236     128     55691     55563   58.8503     56.25      0.3067    0.543191
  237     128     55918     55790   58.8414     56.75     0.47307    0.543216
  238     128     56149     56021   58.8368     57.75    0.546161    0.543259
  239     128     56373     56245   58.8249        56    0.463945     0.54331
2026-07-07T20:08:00.700075+0800 min lat: 0.0109498 max lat: 1.39025 avg lat: 0.543502
  sec Cur ops   started  finished  avg MB/s  cur MB/s last lat(s)  avg lat(s)
  240     128     56606     56478   58.8224     58.25    0.466728    0.543502
  241     128     56820     56692   58.8003      53.5    0.607818    0.543609
  242     128     57050     56922   58.7949      57.5    0.530068    0.543615
  243     128     57251     57123   58.7597     50.25    0.475303    0.543619
  244     128     57517     57389   58.7914      66.5    0.621701    0.543701
  245     128     57743     57615    58.782      56.5    0.473532    0.543749
  246     128     57966     57838   58.7696     55.75    0.420973    0.543806
  247     128     58223     58095   58.7918     64.25    0.516444    0.543762
  248     128     58445     58317   58.7785      55.5    0.582737    0.543859
  249     128     58675     58547   58.7733      57.5    0.523033    0.543851
  250     128     58917     58789   58.7802      60.5    0.529311    0.543886
  251     128     59140     59012   58.7681     55.75    0.559204     0.54401
  252     128     59351     59223   58.7442     52.75    0.588786     0.54419
  253     128     59571     59443   58.7293        55    0.639549    0.544297
  254     128     59786     59658   58.7097     53.75    0.569396    0.544277
  255     128     60036     59908   58.7245      62.5     0.46017    0.544427
  256     128     60295     60167    58.748     64.75     0.31773    0.544515
  257     128     60475     60347   58.6945        45    0.333871     0.54453
  258     128     60732     60604    58.716     64.25    0.572679    0.544557
  259     128     60938     60810   58.6881      51.5    0.551883    0.544693
2026-07-07T20:08:20.703171+0800 min lat: 0.0109498 max lat: 1.39025 avg lat: 0.544732
  sec Cur ops   started  finished  avg MB/s  cur MB/s last lat(s)  avg lat(s)
  260     128     61181     61053    58.696     60.75    0.479605    0.544732
  261     128     61396     61268    58.677     53.75    0.569027    0.544787
  262     128     61614     61486    58.661      54.5    0.648654     0.54488
  263     128     61809     61681   58.6233     48.75    0.546635    0.545143
  264     128     62025     61897   58.6058        54    0.583764    0.545257
  265     128     62286     62158   58.6308     65.25    0.557392    0.545329
  266     128     62499     62371   58.6105     53.25    0.581063     0.54538
  267     128     62730     62602   58.6073     57.75    0.684699    0.545543
  268     128     62938     62810   58.5826        52     0.56948     0.54554
  269     128     63163     63035   58.5739     56.25      0.5797    0.545597
  270     128     63392     63264    58.569     57.25    0.675979    0.545649
  271     128     63617     63489   58.5604     56.25    0.666978    0.545877
  272     128     63844     63716   58.5537     56.75    0.591186    0.545935
  273     128     64073     63945   58.5489     57.25    0.489568    0.545925
  274     128     64304     64176   58.5459     57.75    0.548801    0.546031
  275     128     64536     64408   58.5439        58    0.495824     0.54605
  276     128     64775     64647   58.5483     59.75    0.476392    0.546098
  277     128     64988     64860   58.5291     53.25    0.421381    0.546115
  278     128     65204     65076   58.5128        54    0.447351    0.546301
  279     128     65431     65303   58.5064     56.75    0.588574     0.54638
2026-07-07T20:08:40.706192+0800 min lat: 0.0109498 max lat: 1.39025 avg lat: 0.546429
  sec Cur ops   started  finished  avg MB/s  cur MB/s last lat(s)  avg lat(s)
  280     128     65653     65525   58.4957      55.5    0.590826    0.546429
  281     128     65880     65752   58.4894     56.75    0.518761      0.5464
  282     128     66130     66002   58.5036      62.5    0.537532    0.546528
  283     128     66331     66203   58.4744     50.25    0.509991    0.546604
  284     128     66573     66445   58.4815      60.5    0.621818    0.546639
  285     128     66827     66699   58.4991      63.5    0.567977    0.546597
  286     128     67059     66931   58.4973        58     0.46693    0.546559
  287     128     67260     67132   58.4685     50.25    0.505909    0.546582
  288     128     67518     67390   58.4895      64.5    0.588618    0.546603
  289     128     67719     67591   58.4609     50.25    0.532743    0.546733
  290     128     67958     67830   58.4653     59.75    0.606646    0.546829
  291     128     68189     68061   58.4629     57.75    0.458791    0.546866
  292     128     68418     68290   58.4587     57.25    0.414523    0.546934
  293     128     68643     68515   58.4511     56.25     0.50971     0.54695
  294     128     68861     68733   58.4376      54.5    0.605041    0.546967
  295     128     69096     68968   58.4387     58.75    0.508987    0.546976
  296     128     69325     69197   58.4346     57.25    0.497346    0.547011
  297     128     69550     69422   58.4272     56.25    0.538132    0.547179
  298     128     69772     69644   58.4174      55.5    0.594594    0.547286
  299     128     69992     69864   58.4059        55    0.418793    0.547321
2026-07-07T20:09:00.709179+0800 min lat: 0.0109498 max lat: 1.39025 avg lat: 0.547312
  sec Cur ops   started  finished  avg MB/s  cur MB/s last lat(s)  avg lat(s)
  300     128     70215     70087   58.3971     55.75    0.537854    0.547312
Total time run:         300.206
Total writes made:      70215
Write size:             262144
Object size:            262144
Bandwidth (MB/sec):     58.4724
Stddev Bandwidth:       10.2709
Max bandwidth (MB/sec): 112.25
Min bandwidth (MB/sec): 41.75
Average IOPS:           233
Stddev IOPS:            41.0837
Max IOPS:               449
Min IOPS:               167
Average Latency(s):     0.5472
Stddev Latency(s):      0.135244
Max latency(s):         1.39025
Min latency(s):         0.0109498
[2026-07-07 20:09:01] END bench: t128 r1
[2026-07-07 20:09:01] Cleaning pool juicefs-data (before: GiB objects)...
[2026-07-07 20:09:21] Pool cleanup done (after: GiB objects).
[2026-07-07 20:09:21] Compacting all OSDs...
[2026-07-07 20:09:32] Compaction triggered.
[2026-07-07 20:09:32] Round 1 done.
[2026-07-07 20:09:32] ---- t128 round 2 ----
[2026-07-07 20:09:32] Cleaning pool juicefs-data (before: B objects)...
[2026-07-07 20:09:32] Pool cleanup done (after: B objects).
[2026-07-07 20:09:32] Compacting all OSDs...
[2026-07-07 20:09:43] Compaction triggered.
[2026-07-07 20:09:44]   osd.0: queue_len=0 running=0
[2026-07-07 20:09:44]   osd.1: queue_len=0 running=0
[2026-07-07 20:09:45]   osd.2: queue_len=0 running=0
[2026-07-07 20:09:45]   osd.3: queue_len=0 running=0
[2026-07-07 20:09:46]   osd.4: queue_len=0 running=0
[2026-07-07 20:09:46]   osd.5: queue_len=0 running=0
[2026-07-07 20:09:47] Health: HEALTH_OK
[2026-07-07 20:09:47] START bench: rados bench -p juicefs-data 300 write -b 256K -t 128 --no-cleanup
[2026-07-07 20:09:47] Output -> /home/turboai/production/results/backend-rados-fulldiag-20260708/exp1-concurrency/256k-t128-r2.txt
hints = 1
Maintaining 128 concurrent writes of 262144 bytes to objects of size 262144 for up to 300 seconds or 0 objects
Object prefix: benchmark_data_tikv-node_3875091
  sec Cur ops   started  finished  avg MB/s  cur MB/s last lat(s)  avg lat(s)
    0       0         0         0         0         0           -           0
    1     128       569       441   110.238    110.25    0.218217    0.210366
    2     128      1019       891   111.362     112.5   0.0242739    0.220086
    3     128      1468      1340   111.652    112.25   0.0147315    0.251895
    4     128      1916      1788   111.735       112    0.891447     0.25598
    5     128      2363      2235   111.735    111.75     1.00219    0.260856
    6     128      2769      2641   110.027     101.5    0.156898    0.266091
    7     128      2957      2829   101.023        47    0.563186    0.304831
    8     128      3180      3052   95.3622     55.75    0.549085    0.325043
    9     128      3393      3265   90.6822     53.25    0.615111    0.340846
   10     128      3624      3496   87.3883     57.75    0.607847    0.355213
   11     128      3856      3728   84.7158        58    0.455812    0.368047
   12     128      4084      3956   82.4054        57    0.607657    0.381653
   13     128      4311      4183   80.4311     56.75    0.364866    0.390896
   14     128      4531      4403   78.6139        55    0.611464    0.399934
   15     128      4749      4621   77.0057      54.5    0.505782    0.407566
   16     128      4975      4847   75.7236      56.5    0.579955     0.41355
   17     128      5206      5078   74.6658     57.75    0.564839    0.420698
   18     128      5460      5332   74.0449      63.5    0.653339    0.427361
   19     128      5677      5549   73.0026     54.25     0.66903    0.432995
2026-07-07T20:10:07.913341+0800 min lat: 0.0100339 max lat: 1.40571 avg lat: 0.438628
  sec Cur ops   started  finished  avg MB/s  cur MB/s last lat(s)  avg lat(s)
   20     128      5871      5743    71.777      48.5    0.584925    0.438628
   21     128      6091      5963   70.9776        55    0.610039    0.443127
   22     128      6323      6195   70.3873        58    0.610232    0.447368
   23     128      6543      6415   69.7179        55    0.616977    0.451145
   24     128      6763      6635   69.1043        55    0.611801    0.455835
   25     128      6997      6869   68.6798      58.5    0.561099    0.459605
   26     128      7254      7126   68.5091     64.25    0.575436    0.462942
   27     128      7436      7308   67.6567      45.5    0.456474    0.466492
   28     128      7676      7548   67.3829        60    0.571197     0.46944
   29     128      7906      7778   67.0418      57.5    0.465463    0.472216
   30     128      8131      8003   66.6817     56.25    0.577781    0.474647
   31     128      8386      8258   66.5868     63.75    0.580652    0.477021
   32     128      8608      8480   66.2402      55.5    0.623076    0.479568
   33     128      8837      8709   65.9674     57.25    0.463266    0.481246
   34     128      9061      8933    65.674        56    0.472241    0.483534
   35     128      9278      9150   65.3474     54.25    0.504332      0.4855
   36     128      9523      9395   65.2333     61.25    0.496607    0.487713
   37     128      9744      9616   64.9633     55.25    0.455449    0.489125
   38     128      9951      9823   64.6154     51.75    0.728639    0.489715
   39     128     10168     10040   64.3494     54.25    0.442867    0.492778
2026-07-07T20:10:27.916369+0800 min lat: 0.0100339 max lat: 1.40571 avg lat: 0.49429
  sec Cur ops   started  finished  avg MB/s  cur MB/s last lat(s)  avg lat(s)
   40     128     10399     10271   64.1842     57.75    0.609734     0.49429
   41     128     10634     10506   64.0514     58.75    0.618808    0.495715
   42     128     10856     10728   63.8476      55.5    0.573073    0.497102
   43     128     11086     10958   63.6998      57.5     0.45367    0.498383
   44     128     11342     11214   63.7064        64    0.437102    0.499719
   45     128     11571     11443   63.5628     57.25     0.41665    0.500769
   46     128     11773     11645   63.2786      50.5    0.534323    0.502561
   47     128     12004     11876   63.1608     57.75    0.445998    0.503959
   48     128     12228     12100   63.0114        56    0.544366    0.504064
   49     128     12443     12315   62.8222     53.75    0.617062    0.505561
   50     128     12685     12557   62.7756      60.5     0.51144    0.506744
   51     128     12900     12772   62.5985     53.75    0.452876     0.50758
   52     128     13146     13018   62.5772      61.5    0.471662    0.508154
   53     128     13338     13210    62.302        48    0.543981    0.509248
   54     128     13593     13465   62.3286     63.75    0.546127    0.511011
   55     128     13827     13699   62.2588      58.5    0.479369    0.511654
   56     128     14047     13919   62.1291        55    0.396374    0.512467
   57     128     14270     14142    62.017     55.75    0.423177    0.513196
   58     128     14502     14374   61.9476        58    0.609163    0.514039
   59     128     14735     14607   61.8848     58.25     0.50374    0.514732
2026-07-07T20:10:47.919320+0800 min lat: 0.0100339 max lat: 1.40571 avg lat: 0.515191
  sec Cur ops   started  finished  avg MB/s  cur MB/s last lat(s)  avg lat(s)
   60     128     14961     14833    61.795      56.5    0.452524    0.515191
   61     128     15177     15049   61.6671        54    0.562505    0.516884
   62     128     15362     15234   61.4183     46.25     0.59261    0.517548
   63     128     15627     15499   61.4948     66.25    0.502792    0.517925
   64     128     15838     15710   61.3581     52.75    0.613878    0.518536
   65     128     16063     15935   61.2794     56.25    0.588338    0.519366
   66     128     16295     16167   61.2296        58    0.572327    0.519864
   67     128     16530     16402   61.1925     58.75    0.573233      0.5205
   68     128     16761     16633   61.1417     57.75    0.574089    0.521406
   69     128     16980     16852    61.049     54.75    0.439974    0.522342
   70     128     17204     17076   60.9767        56    0.426841    0.522919
   71     128     17434     17306   60.9276      57.5      0.4475     0.52326
   72     128     17669     17541   60.8973     58.75    0.602908    0.523696
   73     128     17901     17773   60.8575        58    0.453173    0.524289
   74     128     18111     17983   60.7444      52.5    0.552706    0.524744
   75     128     18346     18218   60.7177     58.75    0.394305    0.524992
   76     128     18563     18435   60.6325     54.25    0.650132    0.526127
   77     128     18755     18627   60.4684        48    0.530681    0.526801
   78     128     18997     18869   60.4686      60.5    0.425648    0.527184
   79     128     19231     19103   60.4436      58.5     0.43589    0.527627
2026-07-07T20:11:07.922270+0800 min lat: 0.0100339 max lat: 1.40571 avg lat: 0.528403
  sec Cur ops   started  finished  avg MB/s  cur MB/s last lat(s)  avg lat(s)
   80     128     19443     19315   60.3504        53    0.540706    0.528403
   81     128     19671     19543   60.3089        57    0.621556    0.528915
   82     128     19898     19770   60.2654     56.75    0.565406    0.529396
   83     128     20091     19963   60.1206     48.25    0.458259    0.529661
   84     128     20327     20199   60.1071        59    0.641377    0.530729
   85     128     20547     20419    60.047        55    0.512017    0.530749
   86     128     20798     20670   60.0783     62.75    0.575207    0.531295
   87     128     20996     20868   59.9566      49.5    0.553236     0.53162
   88     128     21245     21117   59.9825     62.25    0.666962     0.53158
   89     128     21498     21370   60.0191     63.25    0.548831    0.531751
   90     128     21728     21600   59.9911      57.5    0.504063     0.53188
   91     128     21939     21811   59.9114     52.75    0.546783    0.532237
   92     128     22173     22045   59.8959      58.5    0.616628    0.532641
   93     128     22413     22285    59.897        60    0.509768    0.532557
   94     128     22664     22536   59.9272     62.75    0.513326    0.532826
   95     128     22895     22767   59.9042     57.75    0.550495    0.533057
   96     128     23109     22981   59.8375      53.5    0.580102    0.533289
   97     128     23341     23213   59.8184        58    0.457958    0.533566
   98     128     23558     23430   59.7615     54.25    0.599187    0.533713
   99     128     23775     23647   59.7057     54.25    0.523014    0.534068
2026-07-07T20:11:27.925319+0800 min lat: 0.0100339 max lat: 1.40571 avg lat: 0.534297
  sec Cur ops   started  finished  avg MB/s  cur MB/s last lat(s)  avg lat(s)
  100     128     24025     23897   59.7336      62.5    0.563568    0.534297
  101     128     24257     24129   59.7163        58    0.531543    0.534551
  102     128     24463     24335   59.6357      51.5    0.579771    0.534634
  103     128     24725     24597   59.6925      65.5    0.577064    0.534698
  104     128     24935     24807   59.6233      52.5    0.500901    0.534823
  105     128     25178     25050    59.634     60.75    0.584981    0.535402
  106     128     25389     25261    59.569     52.75     0.66226    0.535555
  107     128     25602     25474   59.5098     53.25    0.617766    0.535974
  108     128     25844     25716   59.5189      60.5    0.726807    0.536169
  109     128     26065     25937   59.4796     55.25    0.568943    0.536475
  110     128     26292     26164   59.4548     56.75    0.378388    0.536825
  111     128     26524     26396   59.4416        58    0.610304     0.53693
  112     128     26731     26603   59.3728     51.75    0.567942    0.537276
  113     128     26964     26836   59.3628     58.25    0.506895    0.537468
  114     128     27197     27069    59.353     58.25    0.557127    0.537769
  115     128     27453     27325   59.3933        64      0.4793    0.537943
  116     128     27664     27536    59.336     52.75    0.582254    0.537855
  117     128     27894     27766   59.3202      57.5    0.482852    0.538088
  118     128     28134     28006   59.3259        60    0.576132    0.538261
  119     128     28359     28231      59.3     56.25    0.614524    0.538563
2026-07-07T20:11:47.928313+0800 min lat: 0.0100339 max lat: 1.40571 avg lat: 0.538649
  sec Cur ops   started  finished  avg MB/s  cur MB/s last lat(s)  avg lat(s)
  120     128     28572     28444   59.2495     53.25    0.452772    0.538649
  121     128     28794     28666   59.2184      55.5    0.485119     0.53902
  122     128     29024     28896   59.2043      57.5    0.692052    0.539369
  123     128     29245     29117   59.1721     55.25    0.492343    0.539404
  124     128     29506     29378    59.221     65.25    0.400351    0.539435
  125     128     29688     29560   59.1112      45.5    0.625738    0.539886
  126     128     29909     29781   59.0804     55.25    0.545737    0.540189
  127     128     30136     30008    59.062     56.75    0.580932    0.540436
  128     128     30364     30236   59.0459        57    0.460528    0.540513
  129     128     30586     30458   59.0183      55.5    0.481896    0.540758
  130     128     30814     30686   59.0027        57    0.489197    0.540983
  131     128     31035     30907    58.974     55.25    0.515691    0.541087
  132     128     31275     31147   58.9817        60    0.569282    0.541287
  133     128     31476     31348    58.916     50.25    0.613564    0.541713
  134     128     31706     31578   58.9054      57.5    0.583036    0.541948
  135     128     31969     31841    58.956     65.75    0.579404    0.541953
  136     128     32199     32071   58.9452      57.5    0.541126    0.542144
  137     128     32424     32296   58.9255     56.25    0.605391    0.542127
  138     128     32651     32523   58.9097     56.75    0.352716    0.542179
  139     128     32869     32741   58.8779      54.5    0.613692    0.542304
2026-07-07T20:12:07.931352+0800 min lat: 0.0100339 max lat: 1.40571 avg lat: 0.542582
  sec Cur ops   started  finished  avg MB/s  cur MB/s last lat(s)  avg lat(s)
  140     128     33099     32971    58.868      57.5    0.651433    0.542582
  141     128     33326     33198   58.8529     56.75    0.459114    0.542869
  142     128     33533     33405   58.8028     51.75    0.504671    0.543006
  143     128     33759     33631   58.7866      56.5    0.454085    0.543109
  144     128     33969     33841   58.7429      52.5    0.599456    0.543701
  145     128     34171     34043    58.686      50.5    0.441668    0.543829
  146     128     34433     34305   58.7327      65.5    0.530458    0.543892
  147     128     34621     34493   58.6528        47    0.473363    0.543909
  148     128     34890     34762   58.7108     67.25    0.560132    0.544154
  149     128     35108     34980   58.6825      54.5    0.428572     0.54432
  150     128     35336     35208   58.6712        57    0.407366    0.544271
  151     128     35587     35459   58.6982     62.75    0.507754     0.54429
  152     128     35798     35670    58.659     52.75    0.586678    0.544403
  153     128     36017     35889   58.6334     54.75     0.56476    0.544474
  154     128     36278     36150   58.6763     65.25    0.485737    0.544322
  155     128     36511     36383   58.6735     58.25    0.458981    0.544559
  156     128     36726     36598   58.6419     53.75    0.629903    0.544672
  157     128     36951     36823   58.6266     56.25    0.554397    0.544733
  158     128     37179     37051   58.6162        57     0.65152    0.544756
  159     128     37422     37294   58.6296     60.75    0.623266    0.544901
2026-07-07T20:12:27.934389+0800 min lat: 0.0100339 max lat: 1.40571 avg lat: 0.545051
  sec Cur ops   started  finished  avg MB/s  cur MB/s last lat(s)  avg lat(s)
  160     128     37650     37522   58.6193        57    0.594424    0.545051
  161     128     37882     37754   58.6154        58     0.43765    0.545158
  162     128     38093     37965   58.5792     52.75    0.586599    0.545231
  163     128     38317     38189   58.5633        56    0.512245    0.545539
  164     128     38538     38410   58.5431     55.25    0.608977    0.545712
  165     128     38770     38642   58.5397        58    0.435147    0.545774
  166     128     38972     38844   58.4913      50.5    0.638834    0.545876
  167     128     39200     39072   58.4823        57    0.511391    0.546188
  168     128     39426     39298   58.4704      56.5    0.591846    0.546176
  169     128     39657     39529   58.4661     57.75    0.597208    0.546242
  170     128     39879     39751   58.4486      55.5    0.586121    0.546398
  171     128     40091     39963   58.4167        53    0.503621    0.546613
  172     128     40347     40219   58.4491        64    0.516017    0.546666
  173     128     40563     40435   58.4234        54    0.487674    0.546658
  174     128     40787     40659   58.4094        56    0.483037    0.547035
  175     128     41022     40894   58.4113     58.75    0.608768    0.547157
  176     128     41228     41100    58.372      51.5    0.510388    0.547181
  177     128     41456     41328   58.3641        57    0.484637    0.547347
  178     128     41712     41584   58.3958        64    0.568787    0.547307
  179     128     41928     41800   58.3712        54    0.442415    0.547413
2026-07-07T20:12:47.937361+0800 min lat: 0.0100339 max lat: 1.40571 avg lat: 0.547499
  sec Cur ops   started  finished  avg MB/s  cur MB/s last lat(s)  avg lat(s)
  180     128     42152     42024   58.3579        56    0.570891    0.547499
  181     128     42362     42234   58.3255      52.5    0.638759    0.547743
  182     128     42591     42463   58.3196     57.25    0.629008    0.547947
  183     128     42829     42701    58.326      59.5    0.464311    0.547969
  184     128     43040     42912   58.2956     52.75    0.449072    0.547933
  185     128     43260     43132   58.2778        55    0.417874     0.54805
  186     128     43502     43374   58.2897      60.5    0.580151    0.548103
  187     128     43735     43607   58.2894     58.25    0.554389    0.548172
  188     128     43937     43809   58.2479      50.5    0.649672    0.548195
  189     128     44168     44040   58.2453     57.75    0.524344    0.548506
  190     128     44387     44259   58.2268     54.75    0.582006    0.548564
  191     128     44646     44518   58.2609     64.75    0.548241    0.548607
  192     128     44826     44698   58.1918        45    0.673217    0.548758
  193     128     45064     44936   58.1985      59.5    0.561884    0.548934
  194     128     45317     45189   58.2245     63.25    0.551878    0.548988
  195     128     45534     45406   58.2041     54.25    0.620232    0.549069
  196     128     45754     45626   58.1877        55    0.479492    0.549197
  197     128     45973     45845   58.1702     54.75    0.501609    0.549297
  198     128     46194     46066   58.1554     55.25    0.485346    0.549368
  199     128     46416     46288   58.1421      55.5    0.663931    0.549412
2026-07-07T20:13:07.940253+0800 min lat: 0.0100339 max lat: 1.40571 avg lat: 0.549602
  sec Cur ops   started  finished  avg MB/s  cur MB/s last lat(s)  avg lat(s)
  200     128     46637     46509   58.1276     55.25    0.531259    0.549602
  201     128     46856     46728   58.1107     54.75    0.596897    0.549622
  202     128     47088     46960   58.1102        58    0.433083    0.549752
  203     128     47319     47191   58.1083     57.75    0.586631    0.549908
  204     128     47531     47403   58.0833        53    0.538046    0.550031
  205     128     47752     47624   58.0694     55.25    0.457164    0.550124
  206     128     47982     47854   58.0666      57.5    0.451036    0.550141
  207     128     48203     48075   58.0529     55.25    0.452059    0.550209
  208     128     48454     48326   58.0755     62.75    0.478794    0.550266
  209     128     48676     48548   58.0631      55.5    0.468095    0.550313
  210     128     48902     48774   58.0556      56.5    0.620631     0.55032
  211     128     49111     48983   58.0281     52.25    0.460393    0.550598
  212     128     49333     49205   58.0161      55.5    0.473219    0.550703
  213     128     49594     49466     58.05     65.25    0.516195    0.550673
  214     128     49784     49656   58.0007      47.5    0.549631    0.550736
  215     128     50016     49888   58.0007        58    0.477203    0.550792
  216     128     50267     50139   58.0226     62.75    0.457098    0.550849
  217     128     50499     50371   58.0225        58    0.452001    0.550907
  218     128     50719     50591   58.0085        55     0.50207    0.550903
  219     128     50944     50816   58.0005     56.25    0.469184    0.551051
2026-07-07T20:13:27.943275+0800 min lat: 0.0100339 max lat: 1.40571 avg lat: 0.551058
  sec Cur ops   started  finished  avg MB/s  cur MB/s last lat(s)  avg lat(s)
  220     128     51161     51033   57.9834     54.25    0.450727    0.551058
  221     128     51393     51265   57.9834        58    0.613643     0.55108
  222     128     51620     51492   57.9778     56.75    0.371914    0.551128
  223     128     51853     51725    57.979     58.25    0.591848    0.551145
  224     128     52104     51976   58.0003     62.75    0.533656     0.55117
  225     128     52311     52183   57.9725     51.75    0.549172    0.551207
  226     128     52539     52411   57.9681        57    0.615721     0.55135
  227     128     52771     52643   57.9682        58    0.454303    0.551448
  228     128     52979     52851    57.942        52      0.5044    0.551421
  229     128     53235     53107   57.9684        64    0.620051    0.551411
  230     128     53459     53331   57.9598        56    0.414823    0.551502
  231     128     53687     53559   57.9556        57    0.419883    0.551546
  232     128     53920     53792   57.9569     58.25    0.413681    0.551579
  233     128     54131     54003   57.9345     52.75    0.603447    0.551677
  234     128     54358     54230   57.9294     56.75    0.616992    0.551774
  235     128     54597     54469   57.9371     59.75    0.482987    0.551803
  236     128     54818     54690   57.9256     55.25    0.450714    0.551845
  237     128     55026     54898   57.9006        52    0.472238    0.551868
  238     128     55255     55127   57.8978     57.25    0.557008    0.551873
  239     128     55471     55343   57.8815        54    0.722755    0.552163
2026-07-07T20:13:47.946371+0800 min lat: 0.0100339 max lat: 1.40571 avg lat: 0.552329
  sec Cur ops   started  finished  avg MB/s  cur MB/s last lat(s)  avg lat(s)
  240     128     55697     55569   57.8757      56.5    0.549642    0.552329
  241     128     55924     55796    57.871     56.75     0.65088    0.552447
  242     128     56144     56016   57.8591        55    0.529532    0.552408
  243     128     56359     56231   57.8421     53.75      0.5878    0.552468
  244     128     56601     56473    57.853      60.5    0.495354    0.552492
  245     128     56814     56686   57.8342     53.25    0.518002    0.552573
  246     128     57064     56936   57.8531      62.5    0.480206    0.552503
  247     128     57318     57190   57.8759      63.5    0.472291    0.552394
  248     128     57546     57418   57.8724        57    0.616627    0.552372
  249     128     57766     57638   57.8608        55    0.620665    0.552489
  250     128     57998     57870   57.8613        58    0.606078    0.552517
  251     128     58188     58060     57.82      47.5    0.496516    0.552524
  252     128     58434     58306   57.8346      61.5    0.546308    0.552637
  253     128     58669     58541   57.8382     58.75    0.538861    0.552697
  254     128     58889     58761    57.827        55    0.607225    0.552725
  255     128     59114     58986   57.8208     56.25    0.701146    0.552812
  256     128     59334     59206   57.8097        55    0.426914    0.552721
  257     128     59565     59437   57.8094     57.75    0.444727    0.552808
  258     128     59783     59655   57.7966      54.5     0.58379    0.552846
  259     128     60056     59928   57.8369     68.25     0.51665    0.552799
2026-07-07T20:14:07.949395+0800 min lat: 0.0100339 max lat: 1.40571 avg lat: 0.552906
  sec Cur ops   started  finished  avg MB/s  cur MB/s last lat(s)  avg lat(s)
  260     128     60275     60147    57.825     54.75     0.62961    0.552906
  261     128     60500     60372   57.8189     56.25    0.442028    0.552947
  262     128     60700     60572    57.789        50    0.500601    0.552955
  263     128     60917     60789   57.7756     54.25    0.557211    0.553072
  264     128     61185     61057   57.8105        67    0.526379    0.553126
  265     128     61394     61266   57.7894     52.25    0.583731    0.553184
  266     128     61615     61487   57.7799     55.25    0.418833    0.553242
  267     128     61840     61712   57.7741     56.25    0.605912    0.553343
  268     128     62073     61945   57.7759     58.25    0.554241      0.5534
  269     128     62297     62169   57.7692        56    0.481344    0.553401
  270     128     62485     62357   57.7293        47    0.464846    0.553483
  271     128     62712     62584   57.7257     56.75    0.618958    0.553659
  272     128     62946     62818   57.7285      58.5    0.550359    0.553731
  273     128     63175     63047   57.7267     57.25    0.451224    0.553708
  274     128     63384     63256   57.7067     52.25    0.529837    0.553827
  275     128     63601     63473   57.6941     54.25    0.446511    0.553958
  276     128     63831     63703   57.6933      57.5    0.443193     0.55397
  277     128     64077     63949   57.7071      61.5    0.507391    0.553979
  278     128     64305     64177   57.7045        57    0.564997    0.553931
  279     128     64558     64430   57.7243     63.25    0.571763    0.553989
2026-07-07T20:14:27.952346+0800 min lat: 0.0100339 max lat: 1.40571 avg lat: 0.553983
  sec Cur ops   started  finished  avg MB/s  cur MB/s last lat(s)  avg lat(s)
  280     128     64775     64647   57.7119     54.25    0.591732    0.553983
  281     128     65019     64891   57.7236        61    0.505886    0.553962
  282     128     65218     65090   57.6952     49.75    0.559364     0.55399
  283     128     65445     65317   57.6919     56.75    0.447838    0.554081
  284     128     65671     65543   57.6877      56.5    0.466003     0.55406
  285     128     65900     65772   57.6861     57.25    0.399538    0.554244
  286     128     66141     66013    57.695     60.25    0.538776    0.554122
  287     128     66364     66236   57.6882     55.75    0.568036    0.554261
  288     128     66578     66450   57.6736      53.5    0.528696    0.554187
  289     128     66794     66666   57.6609        54    0.547524    0.554322
  290     128     67004     66876   57.6431      52.5    0.594443    0.554396
  291     128     67265     67137   57.6692     65.25    0.496368    0.554381
  292     128     67480     67352   57.6557     53.75    0.563573    0.554363
  293     128     67712     67584   57.6569        58    0.582863    0.554398
  294     128     67943     67815   57.6572     57.75      0.4502    0.554513
  295     128     68175     68047   57.6583        58    0.546041    0.554542
  296     128     68401     68273   57.6543      56.5    0.439201     0.55443
  297     128     68597     68469   57.6252        49    0.593821    0.554622
  298     128     68848     68720   57.6423     62.75    0.487706    0.554654
  299     128     69073     68945   57.6377     56.25    0.446208    0.554686
2026-07-07T20:14:47.955489+0800 min lat: 0.0100339 max lat: 1.40571 avg lat: 0.55467
  sec Cur ops   started  finished  avg MB/s  cur MB/s last lat(s)  avg lat(s)
  300     111     69281     69170    57.633     56.25    0.529494     0.55467
Total time run:         300.186
Total writes made:      69281
Write size:             262144
Object size:            262144
Bandwidth (MB/sec):     57.6984
Stddev Bandwidth:       8.54493
Max bandwidth (MB/sec): 112.5
Min bandwidth (MB/sec): 45
Average IOPS:           230
Stddev IOPS:            34.1797
Max IOPS:               450
Min IOPS:               180
Average Latency(s):     0.554532
Stddev Latency(s):      0.122617
Max latency(s):         1.40571
Min latency(s):         0.0100339
[2026-07-07 20:14:48] END bench: t128 r2
[2026-07-07 20:14:49] Cleaning pool juicefs-data (before: GiB objects)...
[2026-07-07 20:15:08] Pool cleanup done (after: GiB objects).
[2026-07-07 20:15:08] Compacting all OSDs...
[2026-07-07 20:15:20] Compaction triggered.
[2026-07-07 20:15:20] Round 2 done.
[2026-07-07 20:15:20] ---- t128 round 3 ----
[2026-07-07 20:15:20] Cleaning pool juicefs-data (before: B objects)...
[2026-07-07 20:15:20] Pool cleanup done (after: B objects).
[2026-07-07 20:15:20] Compacting all OSDs...
[2026-07-07 20:15:32] Compaction triggered.
[2026-07-07 20:15:32]   osd.0: queue_len=0 running=0
[2026-07-07 20:15:33]   osd.1: queue_len=0 running=0
[2026-07-07 20:15:33]   osd.2: queue_len=0 running=0
[2026-07-07 20:15:33]   osd.3: queue_len=0 running=0
[2026-07-07 20:15:34]   osd.4: queue_len=0 running=0
[2026-07-07 20:15:34]   osd.5: queue_len=0 running=0
[2026-07-07 20:15:35] Health: HEALTH_OK
[2026-07-07 20:15:35] START bench: rados bench -p juicefs-data 300 write -b 256K -t 128 --no-cleanup
[2026-07-07 20:15:35] Output -> /home/turboai/production/results/backend-rados-fulldiag-20260708/exp1-concurrency/256k-t128-r3.txt
hints = 1
Maintaining 128 concurrent writes of 262144 bytes to objects of size 262144 for up to 300 seconds or 0 objects
Object prefix: benchmark_data_tikv-node_3905828
  sec Cur ops   started  finished  avg MB/s  cur MB/s last lat(s)  avg lat(s)
    0       0         0         0         0         0           -           0
    1     128       571       443   110.731    110.75     0.20338    0.226518
    2     128      1020       892   111.482    112.25    0.867739    0.228459
    3     128      1468      1340   111.651       112   0.0241081    0.249507
    4     128      1914      1786   111.609     111.5    0.851062    0.258653
    5     128      2362      2234   111.684       112   0.0515852     0.26161
    6     128      2771      2643   110.109    102.25    0.958559    0.264909
    7     128      2926      2798   99.9142     38.75    0.557905    0.300843
    8     128      3194      3066    95.799        67    0.483068    0.324684
    9     128      3416      3288   91.3202      55.5    0.496608     0.34058
   10     128      3658      3530   88.2373      60.5    0.528245    0.353287
   11     128      3878      3750   85.2152        55    0.618882    0.366138
   12     128      4096      3968   82.6552      54.5    0.596329     0.37652
   13     128      4343      4215   81.0466     61.75    0.484277    0.387606
   14     128      4558      4430   79.0965     53.75    0.505015    0.395096
   15     128      4782      4654   77.5562        56    0.604788    0.404176
   16     128      5014      4886   76.3334        58    0.442016    0.411049
   17     128      5234      5106    75.078        55    0.587275    0.417267
   18     128      5452      5324   73.9343      54.5     0.78869    0.424195
   19     128      5754      5626   74.0161      75.5    0.654254    0.426135
2026-07-07T20:15:55.808198+0800 min lat: 0.0103612 max lat: 1.40161 avg lat: 0.431496
  sec Cur ops   started  finished  avg MB/s  cur MB/s last lat(s)  avg lat(s)
   20     128      5925      5797   72.4525     42.75    0.482097    0.431496
   21     128      6312      6184   73.6087     96.75     0.43369    0.423391
   22     128      6562      6434   73.1033      62.5    0.598036    0.433407
   23     128      6791      6663   72.4136     57.25    0.450033    0.437816
   24     128      6974      6846   71.3023     45.75    0.702019    0.442926
   25     128      7278      7150   71.4898        76    0.103485    0.444054
   26     128      7437      7309   70.2689     39.75    0.559105    0.448248
   27     128      7694      7566   70.0458     64.25    0.575937    0.452052
   28     128      7929      7801   69.6421     58.75    0.415953    0.456053
   29     128      8159      8031   69.2232      57.5    0.483229    0.459245
   30     128      8394      8266   68.8738     58.75    0.368449    0.461428
   31     128      8602      8474   68.3293        52    0.575023    0.463598
   32     128      8819      8691   67.8891     54.25     0.57327    0.466936
   33     128      9042      8914    67.521     55.75    0.585685    0.470159
   34     128      9260      9132   67.1378      54.5     0.56617    0.472188
   35     128      9486      9358   66.8336      56.5    0.609877    0.474494
   36     128      9712      9584   66.5463      56.5    0.596917    0.475874
   37     128      9972      9844   66.5043        65    0.539614    0.478253
   38     128     10191     10063   66.1949     54.75    0.493205    0.480428
   39     128     10385     10257    65.741      48.5    0.628028    0.482074
2026-07-07T20:16:15.810931+0800 min lat: 0.0103612 max lat: 1.40161 avg lat: 0.483776
  sec Cur ops   started  finished  avg MB/s  cur MB/s last lat(s)  avg lat(s)
   40     128     10627     10499   65.6097      60.5     0.62295    0.483776
   41     128     10854     10726   65.3934     56.75    0.428866    0.486156
   42     128     11079     10951   65.1755     56.25    0.497494    0.487635
   43     128     11298     11170   64.9329     54.75    0.571268    0.489379
   44     128     11533     11405   64.7922     58.75    0.507134    0.490396
   45     128     11787     11659   64.7634      63.5    0.499165    0.491837
   46     128     12015     11887   64.5944        57    0.608862    0.493151
   47     128     12191     12063   64.1561        44    0.467809    0.494332
   48     128     12420     12292    64.012     57.25    0.522226    0.496055
   49     128     12638     12510   63.8178      54.5    0.394187    0.497251
   50     128     12908     12780   63.8913      67.5    0.603727     0.49774
   51     128     13132     13004   63.7364        56    0.552361    0.499513
   52     128     13353     13225   63.5731     55.25    0.642695    0.501028
   53     128     13580     13452   63.4442     56.75    0.605964    0.502163
   54     128     13779     13651   63.1905     49.75    0.511911    0.503025
   55     128     13992     13864   63.0097     53.25    0.525468    0.504633
   56     128     14242     14114   63.0004      62.5    0.507414    0.505961
   57     128     14469     14341   62.8906     56.75    0.452241    0.506729
   58     128     14654     14526   62.6036     46.25    0.451279    0.507464
   59     128     14903     14775   62.5974     62.25    0.498362     0.50854
2026-07-07T20:16:35.813565+0800 min lat: 0.0103612 max lat: 1.40161 avg lat: 0.508999
  sec Cur ops   started  finished  avg MB/s  cur MB/s last lat(s)  avg lat(s)
   60     128     15118     14990   62.4499     53.75    0.538967    0.508999
   61     128     15375     15247   62.4792     64.25    0.554652    0.510086
   62     128     15607     15479   62.4068        58    0.577977    0.510765
   63     128     15808     15680   62.2137     50.25    0.562222    0.511732
   64     128     16041     15913   62.1516     58.25    0.497576     0.51255
   65     128     16268     16140   62.0684     56.75    0.493227    0.513158
   66     128     16483     16355   61.9422     53.75    0.525733    0.513928
   67     128     16718     16590   61.8944     58.75    0.592749    0.514614
   68     128     16941     16813    61.804     55.75    0.400387    0.515318
   69     128     17169     17041   61.7342        57    0.453924     0.51581
   70     128     17429     17301   61.7808        65    0.497212    0.516387
   71     128     17637     17509   61.6429        52    0.426478    0.517126
   72     128     17868     17740   61.5888     57.75    0.522542    0.517656
   73     128     18101     17973    61.543     58.25    0.431843    0.517868
   74     128     18347     18219   61.5423      61.5    0.575259    0.518082
   75     128     18560     18432   61.4316     53.25    0.568559     0.51848
   76     128     18783     18655   61.3567     55.75    0.587446    0.519154
   77     128     19012     18884   61.3033     57.25    0.549127    0.519668
   78     128     19237     19109   61.2384     56.25    0.537805    0.520728
   79     128     19474     19346   61.2131     59.25    0.453661    0.521081
2026-07-07T20:16:55.816409+0800 min lat: 0.0103612 max lat: 1.40161 avg lat: 0.521291
  sec Cur ops   started  finished  avg MB/s  cur MB/s last lat(s)  avg lat(s)
   80     128     19715     19587    61.201     60.25    0.604209    0.521291
   81     128     19965     19837   61.2169      62.5     0.57819    0.520255
   82     128     20177     20049   61.1166        53    0.592133    0.521475
   83     128     20405     20277   61.0669        57    0.598431    0.521975
   84     128     20638     20510   61.0333     58.25    0.649508    0.522466
   85     128     20962     20834    61.268        81    0.675547    0.519755
   86     128     21209     21081   61.2735     61.75    0.560486    0.520874
   87     128     21393     21265   61.0979        46    0.496371     0.52139
   88     128     21745     21617   61.4035        88   0.0671013     0.52039
   89     128     21926     21798   61.2219     45.25    0.592033    0.521103
   90     128     22160     22032   61.1916      58.5     0.46177    0.521668
   91     128     22393     22265   61.1592     58.25    0.410572    0.521978
   92     128     22585     22457   61.0161        48    0.427791    0.522242
   93     128     22852     22724   61.0777     66.75    0.541256    0.522508
   94     128     23076     22948   61.0236        56    0.362311    0.523038
   95     128     23278     23150   60.9127      50.5    0.548683    0.523278
   96     128     23492     23364   60.8354      53.5    0.547526    0.524046
   97     128     23719     23591   60.7932     56.75    0.582525    0.524559
   98     128     23953     23825   60.7697      58.5    0.499361     0.52494
   99     128     24204     24076   60.7897     62.75    0.549365    0.525205
2026-07-07T20:17:15.819101+0800 min lat: 0.0103612 max lat: 1.40161 avg lat: 0.525424
  sec Cur ops   started  finished  avg MB/s  cur MB/s last lat(s)  avg lat(s)
  100     128     24433     24305   60.7542     57.25    0.529413    0.525424
  101     128     24651     24523   60.6922      54.5    0.562755    0.525728
  102     128     24869     24741   60.6314      54.5    0.596903    0.526154
  103     128     25098     24970   60.5985     57.25    0.455318    0.526515
  104     127     25318     25191    60.547     55.25    0.629051     0.52726
  105     128     25519     25391   60.4465        50    0.473839    0.527541
  106     128     25746     25618   60.4115     56.75     0.47658    0.527776
  107     128     26079     25951   60.6248     83.25    0.209705    0.526237
  108     128     26264     26136   60.4917     46.25    0.482067    0.527339
  109     128     26481     26353   60.4344     54.25    0.512311    0.527596
  110     128     26746     26618   60.4872     66.25    0.572557    0.527842
  111     128     26964     26836   60.4331      54.5    0.591376    0.528201
  112     128     27193     27065   60.4046     57.25    0.626117    0.528666
  113     128     27393     27265   60.3125        50     0.48903    0.528905
  114     128     27647     27519   60.3404      63.5    0.554239    0.529223
  115     128     27828     27700   60.2091     45.25    0.466741    0.529925
  116     128     28059     27931   60.1878     57.75    0.426633    0.530316
  117     128     28287     28159   60.1605        57    0.458916     0.53056
  118     128     28496     28368   60.0934     52.25    0.583302    0.530747
  119     128     28746     28618   60.1136      62.5    0.599825    0.531135
2026-07-07T20:17:35.821948+0800 min lat: 0.0103612 max lat: 1.40161 avg lat: 0.53144
  sec Cur ops   started  finished  avg MB/s  cur MB/s last lat(s)  avg lat(s)
  120     128     28964     28836   60.0667      54.5    0.640089     0.53144
  121     128     29199     29071   60.0558     58.75    0.567199    0.531659
  122     128     29445     29317   60.0675      61.5    0.316893    0.531546
  123     128     29668     29540   60.0324     55.75    0.484777    0.531775
  124     128     29876     29748   59.9675        52     0.46035    0.531971
  125     128     30120     29992   59.9757        61    0.387075    0.532179
  126     128     30416     30288    60.087        74    0.476032    0.530437
  127     128     30636     30508   60.0469        55    0.606414    0.531572
  128     128     30869     30741   60.0328     58.25    0.543511    0.531804
  129     128     31089     30961   59.9937        55    0.635334    0.532009
  130     128     31384     31256   60.0994     73.75    0.740995    0.530947
  131     128     31573     31445   60.0013     47.25    0.617963    0.531738
  132     128     31787     31659    59.952      53.5    0.523569    0.532171
  133     128     32024     31896   59.9466     59.25    0.681467    0.532752
  134     128     32232     32104   59.8873        52     0.58773    0.533241
  135     128     32457     32329   59.8603     56.25    0.536072    0.533386
  136     128     32680     32552     59.83     55.75    0.430125    0.533572
  137     128     32905     32777   59.8038     56.25    0.461189     0.53384
  138     127     33139     33012   59.7961     58.75    0.536348    0.534117
  139     128     33371     33243   59.7813     57.75    0.435878    0.534408
2026-07-07T20:17:55.824793+0800 min lat: 0.0103612 max lat: 1.40161 avg lat: 0.534524
  sec Cur ops   started  finished  avg MB/s  cur MB/s last lat(s)  avg lat(s)
  140     128     33601     33473    59.765      57.5    0.592574    0.534524
  141     128     33782     33654    59.662     45.25    0.672482    0.534861
  142     128     34030     33902   59.6784        62    0.447965    0.535219
  143     128     34230     34102   59.6106        50    0.416471    0.535395
  144     128     34466     34338   59.6063        59    0.550143    0.535611
  145     128     34719     34591   59.6314     63.25    0.522705    0.535787
  146     128     34937     34809   59.5962      54.5    0.506276    0.535957
  147     128     35176     35048   59.5972     59.75    0.430941    0.536166
  148     128     35390     35262   59.5559      53.5    0.516508    0.536206
  149     128     35624     35496   59.5488      58.5    0.499585    0.536479
  150     128     35855     35727   59.5367     57.75    0.360308    0.536684
  151     128     36065     35937   59.4901      52.5     0.57749    0.536802
  152     128     36457     36329   59.7433        98    0.284486    0.535072
  153     128     36623     36495    59.624      41.5    0.882732    0.535311
  154     128     36876     36748   59.6475     63.25    0.563621    0.535647
  155     128     37095     36967   59.6159     54.75     0.56739     0.53584
  156     128     37475     37347   59.8426        95    0.485353    0.533641
  157     128     37667     37539   59.7672        48    0.559785    0.534533
  158     128     37898     37770   59.7544     57.75    0.491758    0.534767
  159     128     38109     37981   59.7102     52.75    0.522199    0.534879
2026-07-07T20:18:15.827693+0800 min lat: 0.0103612 max lat: 1.40161 avg lat: 0.534591
  sec Cur ops   started  finished  avg MB/s  cur MB/s last lat(s)  avg lat(s)
  160     128     38384     38256   59.7667     68.75    0.763849    0.534591
  161     128     38592     38464   59.7184        52    0.550105    0.534947
  162     128     38804     38676   59.6769        53    0.573871    0.535087
  163     128     39035     38907    59.665     57.75     0.55171    0.535316
  164     128     39253     39125   59.6334      54.5    0.689972    0.535696
  165     128     39483     39355   59.6205      57.5    0.584949    0.535798
  166     128     39709     39581   59.6016      56.5    0.506767    0.535911
  167     128     39983     39855   59.6548      68.5    0.406708    0.535934
  168     128     40186     40058   59.6018     50.75    0.488715    0.536026
  169     128     40403     40275   59.5701     54.25    0.483621    0.536152
  170     128     40640     40512   59.5681     59.25    0.500786    0.536283
  171     128     40868     40740   59.5531        57    0.504013     0.53635
  172     128     41092     40964   59.5324        56      0.4186      0.5368
  173     128     41319     41191   59.5163     56.75    0.489952    0.536837
  174     128     41540     41412   59.4917     55.25    0.495869    0.536976
  175     128     41760     41632    59.466        55    0.491837    0.537179
  176     128     41979     41851   59.4391     54.75    0.656941    0.537544
  177     128     42168     42040   59.3702     47.25    0.421394    0.537641
  178     128     42423     42295   59.3948     63.75    0.600352    0.537656
  179     128     42645     42517    59.373      55.5    0.683645    0.537866
2026-07-07T20:18:35.830635+0800 min lat: 0.0103612 max lat: 1.40161 avg lat: 0.538206
  sec Cur ops   started  finished  avg MB/s  cur MB/s last lat(s)  avg lat(s)
  180     128     42878     42750   59.3667     58.25    0.403944    0.538206
  181     128     43111     42983   59.3605     58.25    0.520551    0.538226
  182     128     43333     43205   59.3392      55.5    0.479631    0.538315
  183     128     43543     43415   59.3018      52.5    0.619232    0.538512
  184     128     43797     43669   59.3246      63.5    0.513649    0.538696
  185     128     44005     43877   59.2849        52    0.633523    0.538748
  186     128     44245     44117   59.2887        60    0.624889    0.538899
  187     128     44415     44287   59.1989      42.5    0.722531    0.539188
  188     128     44668     44540   59.2204     63.25    0.514985    0.539366
  189     128     44913     44785   59.2311     61.25    0.598607    0.539498
  190     128     45120     44992   59.1917     51.75    0.471847    0.539627
  191     128     45373     45245   59.2129     63.25    0.473178     0.53986
  192     128     45602     45474   59.2026     57.25    0.448407    0.539755
  193     128     45816     45688    59.173      53.5    0.545616    0.539864
  194     128     46083     45955    59.212     66.75    0.598554    0.539861
  195     128     46260     46132   59.1353     44.25     0.43485    0.540115
  196     128     46524     46396   59.1703        66    0.584923    0.540248
  197     128     46756     46628   59.1643        58    0.430067    0.540435
  198     128     47025     46897   59.2051     67.25    0.443216    0.539895
  199     128     47245     47117   59.1839        55    0.556886    0.539975
2026-07-07T20:18:55.833579+0800 min lat: 0.0103612 max lat: 1.40161 avg lat: 0.540021
  sec Cur ops   started  finished  avg MB/s  cur MB/s last lat(s)  avg lat(s)
  200     128     47477     47349   59.1779        58    0.539764    0.540021
  201     128     47707     47579   59.1695      57.5    0.473418    0.540143
  202     128     47911     47783    59.129        51    0.540422    0.540146
  203     128     48124     47996      59.1     53.25    0.616182    0.540467
  204     128     48382     48254   59.1265      64.5     0.55921    0.540563
  205     128     48621     48493   59.1295     59.75    0.450793    0.540586
  206     128     48815     48687   59.0778      48.5    0.705262    0.540786
  207     128     49023     48895   59.0436        52    0.567126    0.541027
  208     128     49288     49160   59.0782     66.25    0.610394    0.541037
  209     128     49508     49380   59.0586        55    0.390422    0.541121
  210     128     49738     49610   59.0512      57.5    0.584045     0.54107
  211     128     49990     49862   59.0699        63    0.535371    0.541248
  212     128     50197     50069   59.0353     51.75    0.610198    0.541419
  213     128     50383     50255   58.9764      46.5     0.52443    0.541657
  214     128     50632     50504   58.9917     62.25    0.496371    0.541845
  215     128     50858     50730     58.98      56.5    0.512412    0.541924
  216     128     51090     50962   58.9755        58    0.338439    0.541886
  217     128     51301     51173   58.9467     52.75    0.500756    0.542062
  218     128     51522     51394   58.9297     55.25    0.591473    0.542225
  219     128     51738     51610   58.9072        54    0.459943    0.542344
2026-07-07T20:19:15.836598+0800 min lat: 0.0103612 max lat: 1.40161 avg lat: 0.542451
  sec Cur ops   started  finished  avg MB/s  cur MB/s last lat(s)  avg lat(s)
  220     128     51981     51853   58.9155     60.75    0.642889    0.542451
  221     128     52186     52058   58.8808     51.25    0.565041    0.542646
  222     128     52414     52286   58.8723        57    0.596753    0.542752
  223     128     52643     52515    58.865     57.25      0.5005    0.542831
  224     128     52868     52740   58.8533     56.25    0.608167     0.54298
  225     128     53095     52967   58.8439     56.75    0.430536    0.543133
  226     128     53329     53201   58.8423      58.5     0.49332    0.543243
  227     128     53537     53409   58.8122        52    0.608482    0.543323
  228     128     53748     53620   58.7855     52.75    0.465098    0.543438
  229     128     53988     53860   58.7908        60    0.407274    0.543638
  230     128     54220     54092   58.7873        58     0.46634    0.543715
  231     128     54452     54324   58.7839        58     0.52472    0.543758
  232     128     54637     54509   58.7298     46.25    0.510372    0.544035
  233     128     54869     54741   58.7266        58    0.390962    0.544152
  234     128     55128     55000   58.7524     64.75      0.5638    0.544222
  235     128     55313     55185   58.6991     46.25     0.58424    0.544279
  236     128     55550     55422   58.7014     59.25    0.447525    0.544378
  237     128     55810     55682   58.7279        65     0.48994    0.544481
  238     128     56021     55893   58.7028     52.75    0.640053    0.544532
  239     128     56241     56113   58.6873        55    0.374118    0.544523
2026-07-07T20:19:35.839547+0800 min lat: 0.0103612 max lat: 1.40161 avg lat: 0.544583
  sec Cur ops   started  finished  avg MB/s  cur MB/s last lat(s)  avg lat(s)
  240     128     56474     56346   58.6854     58.25    0.586588    0.544583
  241     128     56687     56559   58.6628     53.25    0.505155    0.544765
  242     128     56927     56799   58.6683        60    0.506741    0.544855
  243     128     57134     57006   58.6398     51.75    0.575577    0.544953
  244     128     57367     57239   58.6382     58.25    0.580789    0.545007
  245     128     57617     57489   58.6539      62.5    0.482512    0.545002
  246     128     57840     57712   58.6421     55.75    0.545447    0.545059
  247     128     58071     57943   58.6384     57.75    0.633594    0.545217
  248     128     58297     58169   58.6298      56.5    0.590013    0.545307
  249     128     58523     58395   58.6212      56.5    0.580814    0.545367
  250     128     58735     58607   58.5987        53    0.639901    0.545372
  251     128     58988     58860   58.6172     63.25    0.602847    0.545457
  252     128     59186     59058    58.581      49.5    0.504939    0.545507
  253     128     59443     59315   58.6033     64.25    0.513371    0.545532
  254     128     59623     59495   58.5497        45    0.644807    0.545572
  255     128     59850     59722   58.5427     56.75    0.427753     0.54591
  256     128     60068     59940   58.5268      54.5     0.56878    0.545952
  257     128     60330     60202   58.5539      65.5    0.460358    0.545991
  258     128     60557     60429   58.5469     56.75    0.500771    0.546032
  259     128     60783     60655    58.539      56.5    0.504354     0.54612
2026-07-07T20:19:55.842434+0800 min lat: 0.0103612 max lat: 1.40161 avg lat: 0.546194
  sec Cur ops   started  finished  avg MB/s  cur MB/s last lat(s)  avg lat(s)
  260     128     61004     60876   58.5263     55.25    0.657503    0.546194
  261     128     61246     61118   58.5338      60.5    0.498633    0.546225
  262     128     61440     61312   58.4955      48.5    0.562925    0.546371
  263     128     61668     61540   58.4898        57    0.608108    0.546513
  264     128     61892     61764   58.4803        56    0.472275    0.546558
  265     128     62147     62019   58.5002     63.75    0.550966    0.546547
  266     128     62362     62234   58.4823     53.75    0.583203    0.546654
  267     128     62562     62434   58.4505        50     0.47375    0.546749
  268     128     62817     62689   58.4702     63.75    0.602798    0.546775
  269     128     63013     62885    58.435        49    0.741648    0.546826
  270     128     63237     63109    58.426        56    0.494956    0.547034
  271     128     63497     63369   58.4502        65    0.401812    0.547056
  272     128     63712     63584   58.4329     53.75    0.595902      0.5471
  273     128     63933     63805   58.4212     55.25    0.631064    0.547252
  274     128     64158     64030   58.4132     56.25    0.691262    0.547286
  275     128     64388     64260   58.4099      57.5    0.599362    0.547347
  276     128     64620     64492   58.4084        58    0.510048    0.547357
  277     128     64822     64694   58.3798      50.5    0.483448    0.547473
  278     128     65052     64924   58.3766      57.5    0.518334    0.547594
  279     128     65265     65137   58.3582     53.25    0.563791     0.54765
2026-07-07T20:20:15.845265+0800 min lat: 0.0103612 max lat: 1.40161 avg lat: 0.547699
  sec Cur ops   started  finished  avg MB/s  cur MB/s last lat(s)  avg lat(s)
  280     128     65528     65400   58.3846     65.75    0.472023    0.547699
  281     128     65749     65621   58.3734     55.25    0.523984    0.547741
  282     128     65970     65842   58.3623     55.25    0.583976    0.547806
  283     128     66201     66073   58.3601     57.75    0.502423     0.54786
  284     128     66391     66263   58.3218      47.5    0.473007    0.547893
  285     128     66629     66501   58.3259      59.5    0.589927     0.54807
  286     128     66859     66731    58.323      57.5    0.562396    0.548134
  287     128     67101     66973   58.3306      60.5    0.411091    0.548097
  288     128     67305     67177   58.3051        51    0.595841    0.548224
  289     128     67551     67423   58.3161      61.5    0.551331    0.548348
  290     128     67773     67645   58.3064      55.5    0.620735    0.548206
  291     128     67988     67860   58.2907     53.75    0.516845    0.548364
  292     128     68203     68075   58.2751     53.75    0.645444    0.548457
  293     128     68434     68306   58.2733     57.75    0.511534    0.548558
  294     128     68683     68555   58.2868     62.25    0.491593    0.548599
  295     128     68911     68783   58.2824        57    0.546011     0.54858
  296     128     69150     69022   58.2873     59.75    0.546065    0.548543
  297     128     69369     69241   58.2754     54.75    0.491543    0.548585
  298     128     69601     69473   58.2744        58    0.600706     0.54864
  299     128     69817     69689   58.2601        54    0.481286    0.548728
2026-07-07T20:20:35.847978+0800 min lat: 0.0103612 max lat: 1.40161 avg lat: 0.548769
  sec Cur ops   started  finished  avg MB/s  cur MB/s last lat(s)  avg lat(s)
  300     107     70031     69924   58.2617     58.75     0.61318    0.548769
Total time run:         300.202
Total writes made:      70031
Write size:             262144
Object size:            262144
Bandwidth (MB/sec):     58.3198
Stddev Bandwidth:       10.4666
Max bandwidth (MB/sec): 112.25
Min bandwidth (MB/sec): 38.75
Average IOPS:           233
Stddev IOPS:            41.8665
Max IOPS:               449
Min IOPS:               155
Average Latency(s):     0.548603
Stddev Latency(s):      0.138413
Max latency(s):         1.40161
Min latency(s):         0.0103612
[2026-07-07 20:20:36] END bench: t128 r3
[2026-07-07 20:20:36] Cleaning pool juicefs-data (before: GiB objects)...
[2026-07-07 20:20:57] Pool cleanup done (after: GiB objects).
[2026-07-07 20:20:57] Compacting all OSDs...
[2026-07-07 20:21:08] Compaction triggered.
[2026-07-07 20:21:08] Round 3 done.
[2026-07-07 20:21:08] ==============================================
[2026-07-07 20:21:08] Exp 2A: ALL CONCURRENCY SCANS COMPLETE
[2026-07-07 20:21:08] ==============================================
