bash: warning: setlocale: LC_ALL: cannot change locale (zh_CN.utf8)
[2026-07-07 23:12:01] ==============================================
[2026-07-07 23:12:01] Exp 3: EC vs Replica — START
[2026-07-07 23:12:01] Pool: rep3-test (replica size=3) vs juicefs-data (EC 4+2)
[2026-07-07 23:12:01] ==============================================
[2026-07-07 23:12:01] Creating replica pool rep3-test (size=3)...
pool 'rep3-test' created
set pool 47 size to 3
set pool 47 min_size to 2
enabled application 'bench' on pool 'rep3-test'
[2026-07-07 23:12:11] Health: HEALTH_OK
[2026-07-07 23:12:11] Pool rep3-test created.
[2026-07-07 23:12:11] ========== REPLICA 256K ==========
[2026-07-07 23:12:11] ---- rep write 256K round 1 ----
[2026-07-07 23:12:23] Health: HEALTH_OK
[2026-07-07 23:12:24] START: rados bench -p rep3-test 120 write -b 256K -t 64 --no-cleanup
hints = 1
Maintaining 64 concurrent writes of 262144 bytes to objects of size 262144 for up to 120 seconds or 0 objects
Object prefix: benchmark_data_tikv-node_642838
  sec Cur ops   started  finished  avg MB/s  cur MB/s last lat(s)  avg lat(s)
    0       0         0         0         0         0           -           0
    1      64       451       387   96.7369     96.75    0.058548    0.138779
    2      64       801       737   92.1123      87.5    0.379327    0.161282
    3      64      1146      1082    90.155     86.25   0.0312104    0.169054
    4      64      1529      1465    91.551     95.75    0.102284    0.169156
    5      64      1927      1863   93.1374      99.5   0.0334675     0.16777
    6      64      2243      2179     90.78        79    0.103147    0.164776
    7      64      2371      2307   82.3826        32    0.596441    0.188443
    8      64      2479      2415   75.4589        27     0.57155    0.205143
    9      64      2562      2498     69.38     20.75    0.868471    0.219206
   10      64      2668      2604   65.0915      26.5    0.644061    0.236236
   11      64      2802      2738   62.2193      33.5    0.952649    0.249608
   12      64      2908      2844   59.2423      26.5    0.605211    0.260335
   13      64      3023      2959   56.8964     28.75    0.922157    0.273367
   14      64      3136      3072   54.8499     28.25    0.423131    0.286381
   15      64      3232      3168   52.7929        24    0.739423    0.294598
   16      64      3336      3272    51.118        26     0.32267    0.303523
   17      64      3474      3410   50.1403      34.5    0.400262    0.314392
   18      64      3577      3513   48.7851     25.75    0.548035     0.32102
   19      64      3685      3621   47.6383        27    0.411083    0.330343
2026-07-07T23:12:44.518134+0800 min lat: 0.0123423 max lat: 2.86558 avg lat: 0.337559
  sec Cur ops   started  finished  avg MB/s  cur MB/s last lat(s)  avg lat(s)
   20      64      3781      3717   46.4563        24    0.516878    0.337559
   21      64      3904      3840   45.7081     30.75     0.45429    0.345987
   22      64      4012      3948   44.8575        27    0.354646     0.35004
   23      64      4138      4074   44.2766      31.5    0.361668    0.357027
   24      64      4237      4173   43.4628     24.75    0.625071    0.362905
   25      64      4336      4272   42.7142     24.75    0.424645     0.36854
   26      64      4467      4403   42.3307     32.75    0.561135    0.374639
   27      64      4585      4521   41.8554      29.5    0.636078    0.377905
   28      64      4684      4620   41.2445     24.75    0.668908    0.382285
   29      64      4788      4724   40.7187        26    0.715624    0.386683
   30      64      4896      4832   40.2613        27    0.643395    0.391993
   31      64      4994      4930   39.7528      24.5    0.549255    0.398215
   32      64      5088      5024   39.2448      23.5    0.752088    0.402637
   33      64      5237      5173   39.1842     37.25    0.675178    0.402761
   34      64      5344      5280   38.8184     26.75    0.510306     0.40853
   35      64      5458      5394   38.5235      28.5    0.608759    0.412174
   36      64      5571      5507    38.238     28.25    0.581317    0.414986
   37      64      5669      5605   37.8666      24.5    0.544779    0.419043
   38      64      5771      5707   37.5411      25.5    0.483617    0.422534
   39      64      5874      5810   37.2387     25.75    0.510699    0.425339
2026-07-07T23:13:04.520712+0800 min lat: 0.0123423 max lat: 2.86558 avg lat: 0.428692
  sec Cur ops   started  finished  avg MB/s  cur MB/s last lat(s)  avg lat(s)
   40      64      5992      5928   37.0451      29.5    0.588505    0.428692
   41      64      6096      6032   36.7756        26    0.686637    0.432431
   42      64      6193      6129   36.4773     24.25    0.472553    0.435059
   43      64      6302      6238   36.2626     27.25    0.580021    0.437488
   44      64      6415      6351   36.0804     28.25    0.651144    0.441127
   45      64      6512      6448   35.8175     24.25    0.742823    0.443486
   46      64      6623      6559    35.642     27.75     0.65588    0.445836
   47      64      6717      6653   35.3836      23.5    0.665936    0.448374
   48      64      6831      6767   35.2401      28.5    0.628298    0.451724
   49      64      6942      6878   35.0872     27.75    0.590736     0.45379
   50      64      7025      6961   34.8004     20.75    0.600829    0.455285
   51      64      7136      7072    34.662     27.75    0.483281    0.458069
   52      64      7242      7178    34.505      26.5     0.55023    0.460684
   53      64      7349      7285   34.3586     26.75    0.577144    0.462181
   54      64      7453      7389   34.2037        26    0.897109    0.464812
   55      64      7551      7487   34.0272      24.5    0.689944    0.467275
   56      64      7664      7600    33.924     28.25    0.556295    0.469298
   57      64      7764      7700   33.7674        25    0.526146    0.470581
   58      64      7867      7803   33.6291     25.75    0.564806    0.473084
   59      64      7977      7913   33.5251      27.5    0.472675    0.474765
2026-07-07T23:13:24.523557+0800 min lat: 0.0123423 max lat: 2.86558 avg lat: 0.476164
  sec Cur ops   started  finished  avg MB/s  cur MB/s last lat(s)  avg lat(s)
   60      64      8092      8028   33.4455     28.75     0.64773    0.476164
   61      64      8208      8144   33.3725        29    0.440973    0.478045
   62      64      8308      8244   33.2374        25    0.323395     0.47932
   63      64      8413      8349   33.1265     26.25    0.381112    0.480253
   64      64      8519      8455   33.0229      26.5    0.463917    0.481943
   65      64      8610      8546   32.8648     22.75    0.355186    0.483996
   66      64      8716      8652   32.7683      26.5    0.502895    0.486081
   67      64      8831      8767   32.7082     28.75    0.559717    0.487293
   68      64      8935      8871   32.6096        26    0.746021    0.489086
   69      64      9033      8969    32.492      24.5     0.62244    0.490402
   70      64      9146      9082   32.4314     28.25    0.643819    0.491674
   71      64      9243      9179   32.3161     24.25    0.505498    0.492253
   72      64      9358      9294   32.2665     28.75    0.736403    0.494488
   73      64      9463      9399    32.184     26.25    0.598737    0.495401
   74      64      9571      9507   32.1139        27     0.49728    0.496294
   75      64      9671      9607    32.019        25    0.680489    0.497715
   76      64      9769      9705     31.92      24.5     0.72078    0.498842
   77      64      9887      9823   31.8885      29.5    0.467349    0.499501
   78      64      9995      9931   31.8258        27    0.608487    0.500838
   79      64     10095     10031   31.7394        25    0.519794    0.501993
2026-07-07T23:13:44.526344+0800 min lat: 0.0123423 max lat: 2.86558 avg lat: 0.503102
  sec Cur ops   started  finished  avg MB/s  cur MB/s last lat(s)  avg lat(s)
   80      64     10196     10132   31.6582     25.25    0.586772    0.503102
   81      64     10311     10247   31.6222     28.75    0.515845    0.503841
   82      64     10406     10342   31.5262     23.75    0.558924    0.505555
   83      64     10524     10460   31.5017      29.5    0.565528    0.505969
   84      64     10623     10559   31.4213     24.75    0.375356     0.50625
   85      64     10733     10669   31.3751      27.5      0.5265    0.507546
   86      64     10839     10775   31.3184      26.5    0.642916    0.508897
   87      64     10938     10874   31.2428     24.75    0.558746    0.509815
   88      64     11059     10995   31.2315     30.25    0.481957    0.510448
   89      64     11163     11099   31.1727        26    0.544729    0.511638
   90      64     11264     11200   31.1068     25.25    0.625785    0.512513
   91      64     11378     11314   31.0781      28.5    0.498375     0.51299
   92      64     11491     11427   31.0474     28.25    0.400955    0.513929
   93      64     11590     11526   30.9796     24.75    0.674159     0.51471
   94      64     11697     11633   30.9346     26.75     0.51472    0.515253
   95      64     11811     11747   30.9089      28.5    0.505794     0.51575
   96      64     11916     11852   30.8603     26.25    0.468866    0.516652
   97      64     12024     11960   30.8205        27    0.729686    0.517736
   98      64     12129     12065   30.7738     26.25    0.661787    0.518154
   99      64     12223     12159   30.7003      23.5    0.619173     0.51891
2026-07-07T23:14:04.529259+0800 min lat: 0.0123423 max lat: 2.86558 avg lat: 0.519968
  sec Cur ops   started  finished  avg MB/s  cur MB/s last lat(s)  avg lat(s)
  100      64     12338     12274   30.6808     28.75      0.4813    0.519968
  101      64     12447     12383   30.6467     27.25    0.480037    0.520385
  102      64     12564     12500    30.633     29.25     0.45002    0.521129
  103      64     12662     12598   30.5734      24.5    0.589507    0.521976
  104      64     12777     12713   30.5559     28.75    0.725602    0.522655
  105      64     12895     12831   30.5458      29.5    0.526312    0.522589
  106      64     12990     12926   30.4816     23.75    0.611594    0.523488
  107      64     13081     13017   30.4093     22.75    0.826739    0.524379
  108      64     13194     13130   30.3893     28.25    0.507967    0.524966
  109      64     13315     13251    30.388     30.25    0.507698    0.525256
  110      64     13405     13341   30.3162      22.5    0.650079    0.526244
  111      64     13514     13450   30.2886     27.25    0.484487    0.526913
  112      64     13627     13563   30.2704     28.25    0.433229    0.527378
  113      64     13742     13678   30.2569     28.75    0.591871     0.52772
  114      64     13836     13772   30.1976      23.5    0.422349    0.528363
  115      64     13927     13863   30.1328     22.75    0.566064    0.529097
  116      64     14064     14000   30.1682     34.25    0.487175    0.529312
  117      64     14160     14096   30.1155        24      0.7349    0.529894
  118      64     14274     14210   30.1018      28.5    0.539908    0.530444
  119      64     14369     14305   30.0484     23.75    0.498628    0.530765
2026-07-07T23:14:24.531987+0800 min lat: 0.0123423 max lat: 2.86558 avg lat: 0.531111
  sec Cur ops   started  finished  avg MB/s  cur MB/s last lat(s)  avg lat(s)
  120      64     14485     14421   30.0396        29    0.625706    0.531111
Total time run:         120.202
Total writes made:      14485
Write size:             262144
Object size:            262144
Bandwidth (MB/sec):     30.1265
Stddev Bandwidth:       14.3384
Max bandwidth (MB/sec): 99.5
Min bandwidth (MB/sec): 20.75
Average IOPS:           120
Stddev IOPS:            57.3538
Max IOPS:               398
Min IOPS:               83
Average Latency(s):     0.53088
Stddev Latency(s):      0.218351
Max latency(s):         2.86558
Min latency(s):         0.0123423
[2026-07-07 23:14:25] END: rep write 256K r1
[2026-07-07 23:14:38] ---- rep write 256K round 2 ----
[2026-07-07 23:14:50] Health: HEALTH_OK
[2026-07-07 23:14:50] START: rados bench -p rep3-test 120 write -b 256K -t 64 --no-cleanup
hints = 1
Maintaining 64 concurrent writes of 262144 bytes to objects of size 262144 for up to 120 seconds or 0 objects
Object prefix: benchmark_data_tikv-node_655915
  sec Cur ops   started  finished  avg MB/s  cur MB/s last lat(s)  avg lat(s)
    0       0         0         0         0         0           -           0
    1      64       403       339   84.7364     84.75    0.408986    0.155828
    2      64       780       716   89.4876     94.25    0.238975    0.169978
    3      64      1162      1098   91.4869      95.5    0.497286    0.162727
    4      64      1510      1446   90.3619        87    0.419531    0.168821
    5      64      1678      1614   80.6883        42    0.815827    0.186081
    6      64      1767      1703   70.9481     22.25    0.559795    0.208921
    7      64      1886      1822    65.062     29.75    0.449331     0.23393
    8      64      1988      1924   60.1161      25.5    0.517462    0.254086
    9      64      2107      2043   56.7419     29.75    0.571995     0.27443
   10      64      2219      2155   53.8673        28    0.579893    0.291547
   11      64      2320      2256   51.2653     25.25    0.682098    0.303322
   12      64      2411      2347   48.8887     22.75    0.658597    0.314518
   13      64      2540      2476   47.6085     32.25    0.718807    0.327695
   14      64      2632      2568   45.8505        23     0.55315    0.339549
   15      64      2750      2686   44.7602      29.5    0.571372    0.349731
   16      64      2863      2799   43.7281     28.25    0.580256    0.360833
   17      64      2961      2897   42.5968      24.5    0.463639    0.368651
   18      64      3082      3018   41.9106     30.25    0.539431    0.376081
   19      64      3185      3121   41.0598     25.75    0.516418    0.383045
2026-07-07T23:15:10.822866+0800 min lat: 0.0132838 max lat: 1.18881 avg lat: 0.391039
  sec Cur ops   started  finished  avg MB/s  cur MB/s last lat(s)  avg lat(s)
   20      64      3286      3222   40.2693     25.25    0.525439    0.391039
   21      64      3398      3334   39.6848        28    0.513037    0.397627
   22      64      3523      3459   39.3012     31.25     0.59168     0.40332
   23      64      3622      3558   38.6685     24.75    0.541144    0.408626
   24      64      3722      3658   38.0988        25    0.619177    0.414379
   25      64      3837      3773   37.7248     28.75    0.585716    0.419185
   26      64      3938      3874   37.2448     25.25    0.654734    0.423872
   27      64      4040      3976   36.8097      25.5    0.699303    0.428974
   28      64      4146      4082   36.4414      26.5    0.541047    0.433005
   29      64      4262      4198   36.1846        29     0.54168    0.437128
   30      64      4371      4307   35.8867     27.25    0.646755     0.44156
   31      64      4476      4412   35.5757     26.25    0.515864    0.445732
   32      64      4602      4538   35.4482      31.5    0.436085     0.44875
   33      64      4697      4633   35.0936     23.75    0.505869    0.451692
   34      64      4788      4724   34.7305     22.75    0.485096    0.455848
   35      64      4894      4830   34.4952      26.5    0.628697    0.458513
   36      64      5032      4968   34.4952      34.5    0.456951    0.460037
   37      64      5135      5071   34.2588     25.75    0.633394    0.463567
   38      64      5250      5186   34.1137     28.75    0.631466    0.465291
   39      64      5356      5292   33.9184      26.5    0.485009    0.468333
2026-07-07T23:15:30.825532+0800 min lat: 0.0132838 max lat: 1.18881 avg lat: 0.471082
  sec Cur ops   started  finished  avg MB/s  cur MB/s last lat(s)  avg lat(s)
   40      64      5440      5376   33.5954        21    0.492218    0.471082
   41      64      5549      5485   33.4405     27.25    0.704503    0.474691
   42      64      5659      5595   33.2989      27.5    0.610492    0.477181
   43      64      5774      5710    33.193     28.75    0.607621    0.478829
   44      64      5870      5806    32.984        24     0.43977     0.47981
   45      64      5959      5895   32.7454     22.25    0.786786    0.483438
   46      64      6095      6031   32.7726        34    0.512011    0.485943
   47      64      6188      6124   32.5699     23.25    0.623991    0.487552
   48      64      6303      6239   32.4902     28.75     0.36096    0.488209
   49      64      6393      6329   32.2863      22.5    0.414806    0.491211
   50      64      6522      6458   32.2855     32.25    0.777162    0.493258
   51      64      6618      6554    32.123        24    0.731811    0.495215
   52      64      6725      6661   32.0196     26.75    0.547012    0.496636
   53      64      6839      6775   31.9531      28.5    0.588632    0.498397
   54      64      6951      6887   31.8798        28    0.520106    0.499464
   55      64      7052      6988   31.7592     25.25    0.586721    0.501156
   56      64      7156      7092   31.6563        26    0.472721    0.501936
   57      64      7263      7199   31.5701     26.75    0.500801     0.50358
   58      64      7375      7311   31.5085        28    0.598851    0.505096
   59      64      7477      7413   31.4066      25.5    0.502782    0.506987
2026-07-07T23:15:50.828415+0800 min lat: 0.0132838 max lat: 1.36395 avg lat: 0.508247
  sec Cur ops   started  finished  avg MB/s  cur MB/s last lat(s)  avg lat(s)
   60      64      7576      7512   31.2956     24.75    0.491787    0.508247
   61      64      7692      7628   31.2579        29    0.595641    0.509201
   62      64      7793      7729   31.1609     25.25    0.611458    0.510865
   63      64      7893      7829   31.0631        25    0.590846    0.512178
   64      64      8006      7942   31.0191     28.25    0.456058    0.512979
   65      64      8119      8055   30.9764     28.25    0.481904    0.514083
   66      64      8219      8155   30.8858        25    0.642338    0.515517
   67      64      8333      8269   30.8501      28.5    0.631813    0.516528
   68      64      8441      8377   30.7934        27    0.472544    0.516641
   69      64      8563      8499   30.7891      30.5    0.515579    0.518191
   70      64      8654      8590   30.6742     22.75    0.546395    0.519495
   71      64      8761      8697   30.6189     26.75    0.720416    0.519962
   72      64      8867      8803   30.5617      26.5    0.708735    0.520663
   73      64      8978      8914   30.5231     27.75      0.5106    0.521987
   74      64      9089      9025   30.4856     27.75    0.460753     0.52312
   75      64      9199      9135   30.4457      27.5    0.562063    0.523261
   76      64      9307      9243   30.4003        27    0.567582    0.524198
   77      64      9419      9355   30.3691        28    0.576937    0.525295
   78      63      9526      9463   30.3259        27    0.484336    0.525824
   79      64      9643      9579    30.309        29    0.528831    0.526432
2026-07-07T23:16:10.831331+0800 min lat: 0.0132838 max lat: 1.36395 avg lat: 0.527867
  sec Cur ops   started  finished  avg MB/s  cur MB/s last lat(s)  avg lat(s)
   80      64      9729      9665   30.1989      21.5    0.681667    0.527867
   81      64      9840      9776   30.1686     27.75    0.496461    0.528643
   82      64      9944      9880   30.1177        26    0.604117    0.529019
   83      64     10056      9992   30.0921        28    0.579439     0.53004
   84      64     10143     10079   29.9928     21.75    0.683175    0.531212
   85      64     10270     10206   30.0134     31.75    0.451269     0.53176
   86      64     10366     10302   29.9434        24    0.620097    0.532259
   87      64     10464     10400   29.8808      24.5    0.623153    0.533319
   88      64     10574     10510   29.8537      27.5    0.566172    0.534236
   89      64     10684     10620   29.8272      27.5    0.616047    0.534814
   90      64     10791     10727    29.793     26.75    0.603303    0.535203
   91      64     10906     10842   29.7815     28.75    0.386253    0.536128
   92      64     10989     10925   29.6833     20.75    0.729149    0.536622
   93      64     11124     11060    29.727     33.75    0.533778    0.536732
   94      64     11207     11143   29.6314     20.75    0.556506    0.537905
   95      64     11321     11257   29.6195      28.5    0.657448    0.538924
   96      64     11429     11365   29.5921        27     0.46315    0.539083
   97      64     11533     11469   29.5551        26    0.685809     0.53961
   98      64     11621     11557    29.478        22     0.47612    0.540359
   99      64     11739     11675   29.4781      29.5    0.437971    0.541085
2026-07-07T23:16:30.834272+0800 min lat: 0.0132838 max lat: 1.36395 avg lat: 0.541163
  sec Cur ops   started  finished  avg MB/s  cur MB/s last lat(s)  avg lat(s)
  100      64     11845     11781   29.4483      26.5    0.478843    0.541163
  101      64     11943     11879   29.3993      24.5    0.787811    0.541999
  102      64     12052     11988   29.3782     27.25    0.699284    0.542815
  103      64     12174     12110    29.389      30.5    0.412239     0.54311
  104      64     12271     12207   29.3396     24.25    0.586629    0.543502
  105      64     12371     12307   29.2982        25     0.64092    0.544345
  106      64     12498     12434   29.3213     31.75    0.387641    0.544512
  107      64     12597     12533   29.2785     24.75    0.558458    0.545024
  108      64     12691     12627    29.225      23.5    0.632809    0.545526
  109      64     12803     12739   29.2137        28    0.511067      0.5461
  110      64     12913     12849   29.1981      27.5    0.477757    0.546169
  111      64     13028     12964    29.194     28.75    0.614506    0.546638
  112      64     13130     13066    29.161      25.5    0.567172    0.547274
  113      64     13242     13178   29.1507        28    0.696302    0.547589
  114      64     13353     13289   29.1384     27.75    0.654663    0.547812
  115      64     13447     13383   29.0893      23.5    0.664083    0.548636
  116      64     13554     13490   29.0691     26.75    0.415405    0.549163
  117      64     13662     13598   29.0514        27    0.507902    0.549137
  118      64     13762     13698    29.017        25    0.520015    0.549589
  119      64     13871     13807   29.0021     27.25    0.549347    0.550297
2026-07-07T23:16:50.837244+0800 min lat: 0.0132838 max lat: 1.36395 avg lat: 0.550436
  sec Cur ops   started  finished  avg MB/s  cur MB/s last lat(s)  avg lat(s)
  120      64     13987     13923   29.0021        29     0.50401    0.550436
Total time run:         120.269
Total writes made:      13987
Write size:             262144
Object size:            262144
Bandwidth (MB/sec):     29.0744
Stddev Bandwidth:       11.8832
Max bandwidth (MB/sec): 95.5
Min bandwidth (MB/sec): 20.75
Average IOPS:           116
Stddev IOPS:            47.533
Max IOPS:               382
Min IOPS:               83
Average Latency(s):     0.55003
Stddev Latency(s):      0.180152
Max latency(s):         1.36395
Min latency(s):         0.0132838
[2026-07-07 23:16:51] END: rep write 256K r2
[2026-07-07 23:17:04] ---- rep write 256K round 3 ----
[2026-07-07 23:17:16] Health: HEALTH_OK
[2026-07-07 23:17:17] START: rados bench -p rep3-test 120 write -b 256K -t 64 --no-cleanup
hints = 1
Maintaining 64 concurrent writes of 262144 bytes to objects of size 262144 for up to 120 seconds or 0 objects
Object prefix: benchmark_data_tikv-node_668827
  sec Cur ops   started  finished  avg MB/s  cur MB/s last lat(s)  avg lat(s)
    0       0         0         0         0         0           -           0
    1      64       435       371   92.7361     92.75   0.0290669    0.141365
    2      64       819       755   94.3618        96    0.338661    0.153824
    3      64      1150      1086    90.488     82.75    0.394694    0.167837
    4      64      1236      1172   73.2401      21.5    0.562963    0.193226
    5      64      1357      1293   64.6411     30.25    0.613082     0.23009
    6      64      1468      1404   58.4921     27.75    0.662626    0.260483
    7      64      1562      1498   53.4927      23.5    0.492321    0.282697
    8      64      1676      1612   50.3682      28.5    0.579134    0.306196
    9      64      1792      1728   47.9937        29    0.552518    0.324828
   10      64      1892      1828    45.694        25    0.726864    0.339743
   11      64      1991      1927   43.7897     24.75    0.531421    0.353986
   12      64      2112      2048   42.6611     30.25     0.64607    0.365683
   13      64      2231      2167   41.6676     29.75    0.426164    0.377938
   14      64      2312      2248   40.1375     20.25    0.551816     0.38773
   15      64      2426      2362   39.3614      28.5    0.540041    0.397745
   16      64      2538      2474   38.6511        28    0.499477    0.404747
   17      64      2636      2572   37.8183      24.5    0.602502    0.414446
   18      64      2739      2675   37.1477     25.75    0.679174    0.422554
   19      64      2866      2802   36.8634     31.75    0.570475    0.429469
2026-07-07T23:17:37.392809+0800 min lat: 0.0139963 max lat: 0.968709 avg lat: 0.434775
  sec Cur ops   started  finished  avg MB/s  cur MB/s last lat(s)  avg lat(s)
   20      64      2972      2908   36.3451      26.5    0.527038    0.434775
   21      64      3068      3004   35.7571        24    0.601077    0.439895
   22      64      3181      3117   35.4156     28.25    0.619747    0.446152
   23      64      3294      3230   35.1039     28.25     0.49834    0.450182
   24      64      3395      3331   34.6932     25.25    0.531968    0.455087
   25      64      3488      3424   34.2353     23.25    0.610733    0.459801
   26      64      3602      3538   34.0146      28.5    0.584962    0.464951
   27      64      3714      3650   33.7918        28    0.619072    0.468368
   28      64      3801      3737   33.3616     21.75    0.576919    0.472032
   29      64      3912      3848   33.1679     27.75    0.696887    0.477176
   30      64      4027      3963   33.0205     28.75    0.434709    0.479234
   31      64      4136      4072   32.8342     27.25    0.614635    0.482033
   32      64      4234      4170   32.5737      24.5    0.537068    0.486358
   33      64      4344      4280   32.4198      27.5     0.51206    0.489523
   34      64      4461      4397   32.3265     29.25    0.354416    0.490732
   35      64      4548      4484   32.0242     21.75    0.597149     0.49313
   36      64      4652      4588   31.8568        26    0.645336    0.497342
   37      64      4765      4701   31.7592     28.25    0.665664    0.499208
   38      64      4869      4805   31.6076        26    0.706646    0.501278
   39      64      4997      4933   31.6175        32    0.460938    0.503797
2026-07-07T23:17:57.395572+0800 min lat: 0.0139963 max lat: 1.01553 avg lat: 0.505112
  sec Cur ops   started  finished  avg MB/s  cur MB/s last lat(s)  avg lat(s)
   40      64      5084      5020   31.3707     21.75    0.477031    0.505112
   41      64      5194      5130   31.2762      27.5    0.551695    0.506866
   42      64      5309      5245    31.216     28.75    0.556313    0.508714
   43      64      5417      5353   31.1178        27    0.589236     0.51122
   44      64      5520      5456   30.9957     25.75    0.674336     0.51258
   45      64      5639      5575    30.968     29.75    0.463995      0.5141
   46      64      5726      5662   30.7675     21.75    0.668036    0.516232
   47      64      5836      5772   30.6979      27.5    0.675335    0.517748
   48      64      5952      5888   30.6625        29    0.495171     0.51888
   49      64      6052      5988   30.5468        25    0.530066    0.520329
   50      64      6153      6089   30.4408     25.25    0.641368    0.521703
   51      64      6260      6196   30.3684     26.75    0.495719    0.523046
   52      64      6375      6311   30.3372     28.75    0.505804    0.524047
   53      64      6480      6416     30.26     26.25    0.566376    0.525895
   54      64      6588      6524   30.1996        27    0.436821     0.52726
   55      64      6701      6637   30.1641     28.25    0.684896    0.528039
   56      64      6799      6735   30.0629      24.5    0.618796    0.528972
   57      64      6912      6848    30.031     28.25    0.446832     0.53019
   58      64      7021      6957    29.983     27.25    0.488743    0.530729
   59      64      7148      7084   30.0129     31.75    0.656083     0.53204
2026-07-07T23:18:17.398332+0800 min lat: 0.0139963 max lat: 1.21159 avg lat: 0.532973
  sec Cur ops   started  finished  avg MB/s  cur MB/s last lat(s)  avg lat(s)
   60      64      7158      7094   29.5543       2.5     1.21054    0.532973
   61      64      7265      7201   29.5082     26.75    0.649374    0.539942
   62      64      7364      7300   29.4314     24.75    0.491842    0.540664
   63      64      7475      7411   29.4047     27.75    0.689972    0.541697
   64      64      7573      7509    29.328      24.5     0.55601    0.542348
   65      64      7688      7624   29.3191     28.75    0.497877    0.543775
   66      64      7797      7733   29.2877     27.25    0.532295     0.54436
   67      64      7898      7834   29.2273     25.25      0.5053    0.544897
   68      64      8006      7942   29.1945        27    0.582691    0.545621
   69      64      8114      8050   29.1627        27    0.632079    0.547015
   70      64      8215      8151   29.1068     25.25    0.608762    0.547403
   71      64      8328      8264   29.0946     28.25    0.567024    0.548021
   72      64      8415      8351   28.9926     21.75    0.595275    0.548965
   73      64      8526      8462   28.9755     27.75     0.52327    0.549804
   74      64      8635      8571   28.9521     27.25    0.567217    0.550004
   75      64      8744      8680   28.9294     27.25    0.576918    0.550477
   76      64      8850      8786   28.8974      26.5     0.51599    0.551368
   77      64      8961      8897   28.8824     27.75    0.481498    0.551922
   78      64      9075      9011   28.8775      28.5    0.726629    0.552327
   79      64      9178      9114   28.8378     25.75    0.489018    0.553367
2026-07-07T23:18:37.401051+0800 min lat: 0.0139963 max lat: 1.64831 avg lat: 0.553692
  sec Cur ops   started  finished  avg MB/s  cur MB/s last lat(s)  avg lat(s)
   80      64      9284      9220   28.8086      26.5    0.529231    0.553692
   81      64      9395      9331   28.7954     27.75    0.511866    0.553481
   82      64      9486      9422   28.7217     22.75    0.539192    0.553629
   83      64      9590      9526   28.6888        26    0.702356    0.554996
   84      64      9703      9639   28.6836     28.25    0.547538     0.55555
   85      64      9815      9751   28.6755        28    0.617034    0.555677
   86      64      9916      9852   28.6356     25.25    0.798431    0.556319
   87      64     10027      9963   28.6254     27.75    0.545676    0.556975
   88      64     10157     10093   28.6693      32.5    0.358444    0.556547
   89      64     10246     10182   28.5972     22.25    0.537171    0.557868
   90      64     10352     10288   28.5738      26.5    0.626843    0.558112
   91      64     10461     10397   28.5592     27.25    0.481655    0.558707
   92      64     10558     10494   28.5124     24.25    0.645366    0.558746
   93      64     10674     10610   28.5176        29    0.672769    0.559464
   94      64     10787     10723   28.5147     28.25     0.53668    0.559756
   95      64     10886     10822    28.475     24.75    0.645385     0.55981
   96      64     10985     10921   28.4362     24.75    0.526503    0.560171
   97      64     11096     11032   28.4291     27.75    0.594865    0.560699
   98      64     11207     11143   28.4221     27.75    0.458656    0.560975
   99      64     11319     11255   28.4178        28    0.539196    0.561251
2026-07-07T23:18:57.403851+0800 min lat: 0.0139963 max lat: 1.64831 avg lat: 0.561839
  sec Cur ops   started  finished  avg MB/s  cur MB/s last lat(s)  avg lat(s)
  100      64     11423     11359   28.3936        26    0.501749    0.561839
  101      64     11538     11474   28.3971     28.75    0.543077    0.562178
  102      64     11636     11572   28.3588      24.5    0.523075     0.56257
  103      64     11740     11676   28.3359        26    0.747766    0.563077
  104      64     11841     11777   28.3062     25.25    0.561559    0.563623
  105      64     11952     11888   28.3009     27.75    0.551304    0.563862
  106      64     12064     12000    28.298        28    0.644619    0.563967
  107      64     12166     12102   28.2718      25.5    0.535959    0.564441
  108      64     12266     12202   28.2415        25     0.62893    0.564757
  109      64     12399     12335   28.2874     33.25    0.249276    0.564691
  110      64     12491     12427   28.2393        23    0.644918    0.564705
  111      64     12615     12551   28.2642        31    0.513081      0.5649
  112      64     12718     12654   28.2417     25.75    0.532922    0.565346
  113      64     12833     12769   28.2461     28.75    0.516016     0.56532
  114      64     12927     12863   28.2045      23.5    0.634028    0.565589
  115      64     13032     12968   28.1874     26.25    0.719064    0.566063
  116      64     13145     13081   28.1879     28.25    0.660363    0.566303
  117      64     13259     13195   28.1906      28.5    0.478014    0.566394
  118      64     13349     13285   28.1423      22.5    0.638478    0.566878
  119      64     13473     13409   28.1663        31    0.475765    0.567223
2026-07-07T23:19:17.406546+0800 min lat: 0.0139963 max lat: 1.64831 avg lat: 0.566514
  sec Cur ops   started  finished  avg MB/s  cur MB/s last lat(s)  avg lat(s)
  120      64     13579     13515   28.1524      26.5    0.334808    0.566514
Total time run:         120.352
Total writes made:      13579
Write size:             262144
Object size:            262144
Bandwidth (MB/sec):     28.207
Stddev Bandwidth:       10.594
Max bandwidth (MB/sec): 96
Min bandwidth (MB/sec): 2.5
Average IOPS:           112
Stddev IOPS:            42.3759
Max IOPS:               384
Min IOPS:               10
Average Latency(s):     0.566899
Stddev Latency(s):      0.169328
Max latency(s):         1.64831
Min latency(s):         0.0139963
[2026-07-07 23:19:18] END: rep write 256K r3
[2026-07-07 23:19:31] ---- rep prefill for rand read (256K, 120s) ----
[2026-07-07 23:19:43] Health: HEALTH_OK
[2026-07-07 23:21:44] Prefill done. Objects: GiB
[2026-07-07 23:21:44] ---- rep rand read 256K round 1 ----
[2026-07-07 23:21:56] Health: HEALTH_OK
[2026-07-07 23:21:56] START: rados bench -p rep3-test 120 rand -t 64
hints = 1
  sec Cur ops   started  finished  avg MB/s  cur MB/s last lat(s)  avg lat(s)
    0       0         0         0         0         0           -           0
    1      64       474       410   102.474     102.5     0.48464    0.123974
    2      64       888       824   102.981     103.5   0.0134443    0.132389
    3      64      1178      1114   92.8184      72.5    0.233407     0.16349
    4      64      1614      1550   96.8607       109    0.412698    0.158672
    5      63      2062      1999   99.9355    112.25   0.0261168    0.155681
    6      64      2502      2438   101.569    109.75    0.121068    0.153354
    7      64      2923      2859   102.093    105.25   0.0257849    0.152279
    8      64      3368      3304   103.236    111.25   0.0365623    0.152302
    9      64      3689      3625   100.681     80.25    0.270015    0.155695
   10      64      4050      3986   99.6367     90.25    0.181919    0.159194
   11      64      4499      4435   100.782    112.25    0.317897    0.156918
   12      64      4950      4886   101.778    112.75    0.307673    0.155514
   13      64      5399      5335   102.583    112.25    0.504651    0.154036
   14      64      5842      5778   103.165    110.75   0.0425666    0.152646
   15      64      6293      6229   103.803    112.75   0.0208372    0.152181
   16      64      6743      6679   104.346     112.5    0.355476    0.151605
   17      64      7191      7127   104.795       112  0.00961852    0.150833
   18      64      7643      7579    105.25       113    0.324588    0.150681
   19      64      8091      8027   105.604       112  0.00894815    0.150042
2026-07-07T23:22:16.656658+0800 min lat: 0.00304686 max lat: 1.08839 avg lat: 0.149448
  sec Cur ops   started  finished  avg MB/s  cur MB/s last lat(s)  avg lat(s)
   20      64      8536      8472   105.886    111.25    0.011768    0.149448
   21      64      8987      8923   106.212    112.75  0.00843745    0.149207
   22      64      9438      9374   106.508    112.75    0.392416    0.148983
   23      64      9887      9823   106.757    112.25    0.011627    0.148793
   24      64     10336     10272   106.985    112.25    0.380222    0.148333
   25      64     10780     10716   107.145       111    0.423285    0.148161
   26      64     11229     11165   107.341    112.25  0.00932202    0.147971
   27      63     11678     11615   107.532     112.5   0.0109327    0.147605
   28      64     12130     12066   107.717    112.75    0.386509    0.147583
   29      64     12580     12516   107.882     112.5    0.406036    0.147329
   30      64     13030     12966   108.035     112.5    0.342185    0.147279
   31      64     13473     13409   108.122    110.75  0.00873881    0.147045
   32      64     13924     13860   108.267    112.75  0.00713372     0.14696
   33      64     14373     14309   108.387    112.25    0.365835    0.146766
   34      64     14822     14758     108.5    112.25  0.00821314    0.146603
   35      63     15273     15210   108.628       113    0.377319    0.146481
   36      64     15721     15657   108.714    111.75  0.00918497    0.146377
   37      64     16167     16103   108.789     111.5   0.0067851    0.146262
   38      64     16616     16552    108.88    112.25   0.0236996    0.146186
   39      64     17065     17001   108.966    112.25   0.0267818    0.145998
2026-07-07T23:22:36.659506+0800 min lat: 0.00304686 max lat: 1.08839 avg lat: 0.145907
  sec Cur ops   started  finished  avg MB/s  cur MB/s last lat(s)  avg lat(s)
   40      64     17515     17451   109.054     112.5  0.00907665    0.145907
   41      64     17965     17901   109.137     112.5     0.32143    0.145981
   42      64     18408     18344   109.175    110.75    0.379295    0.145841
   43      64     18857     18793   109.247    112.25  0.00870867     0.14584
   44      64     19309     19245   109.332       113   0.0161499    0.145723
   45      64     19756     19692   109.385    111.75  0.00840649    0.145572
   46      64     20208     20144   109.463       113   0.0172507    0.145601
   47      64     20658     20594   109.528     112.5    0.016215     0.14542
   48      64     21101     21037   109.553    110.75   0.0112863    0.145408
   49      64     21551     21487   109.613     112.5    0.424474    0.145332
   50      64     22003     21939    109.68       113    0.418048    0.145273
   51      63     22452     22389   109.735     112.5    0.386277    0.145253
   52      64     22901     22837   109.778       112   0.0176557    0.145174
   53      64     23348     23284   109.815    111.75    0.386217    0.145088
   54      64     23794     23730   109.846     111.5   0.0104851    0.145187
   55      64     24245     24181   109.899    112.75  0.00767214    0.145047
   56      64     24696     24632   109.949    112.75  0.00936829    0.145027
   57      64     25147     25083   109.998    112.75   0.0136685    0.144842
   58      64     25596     25532   110.037    112.25    0.420263    0.144883
   59      64     26039     25975   110.049    110.75    0.375148    0.144957
2026-07-07T23:22:56.662121+0800 min lat: 0.00304686 max lat: 1.08839 avg lat: 0.14478
  sec Cur ops   started  finished  avg MB/s  cur MB/s last lat(s)  avg lat(s)
   60      64     26490     26426   110.093    112.75   0.0139297     0.14478
   61      64     26941     26877   110.137    112.75    0.405105    0.144759
   62      64     27390     27326   110.171    112.25  0.00671254    0.144786
   63      64     27840     27776   110.207     112.5   0.0181846    0.144604
   64      64     28288     28224   110.235       112   0.0128971    0.144663
   65      64     28733     28669    110.25    111.25  0.00803974     0.14463
   66      64     29182     29118    110.28    112.25   0.0115484    0.144613
   67      64     29632     29568   110.313     112.5  0.00776201    0.144534
   68      64     30084     30020   110.353       113   0.0190082    0.144514
   69      64     30533     30469    110.38    112.25  0.00793177    0.144433
   70      64     30980     30916   110.399    111.75  0.00691393    0.144474
   71      64     31428     31364   110.422       112   0.0127544    0.144473
   72      64     31877     31813   110.447    112.25     0.45786    0.144405
   73      63     32326     32263   110.475     112.5    0.425289    0.144376
   74      64     32777     32713   110.502     112.5     0.41187    0.144369
   75      64     33226     33162   110.525    112.25   0.0138838     0.14433
   76      64     33670     33606   110.531       111    0.411268    0.144347
   77      64     34120     34056   110.556     112.5  0.00807609    0.144293
   78      64     34571     34507   110.584    112.75   0.0115307    0.144271
   79      64     35021     34957   110.608     112.5    0.389103    0.144239
2026-07-07T23:23:16.664938+0800 min lat: 0.00304686 max lat: 1.08839 avg lat: 0.14428
  sec Cur ops   started  finished  avg MB/s  cur MB/s last lat(s)  avg lat(s)
   80      64     35470     35406   110.629    112.25    0.342286     0.14428
   81      64     35918     35854   110.645       112     0.01427    0.144123
   82      64     36364     36300   110.656     111.5    0.421826    0.144183
   83      64     36814     36750   110.678     112.5    0.412945    0.144172
   84      64     37265     37201   110.702    112.75     0.41297    0.144157
   85      64     37716     37652   110.726    112.75   0.0177894    0.144158
   86      64     38165     38101   110.744    112.25  0.00774847    0.144054
   87      64     38611     38547   110.752     111.5  0.00804836     0.14416
   88      64     39057     38993   110.761     111.5    0.397029    0.144102
   89      64     39507     39443    110.78     112.5   0.0232792    0.144101
   90      64     39957     39893   110.799     112.5    0.422461    0.144045
   91      64     40409     40345   110.823       113    0.437524    0.144037
   92      64     40858     40794   110.838    112.25    0.352195    0.144016
   93      64     41301     41237   110.837    110.75  0.00744267    0.143971
   94      64     41749     41685   110.849       112   0.0201842    0.143968
   95      64     42202     42138   110.874    113.25  0.00885082    0.143955
   96      64     42653     42589   110.894    112.75    0.417606    0.143935
   97      64     43102     43038   110.908    112.25   0.0176713    0.143965
   98      64     43550     43486   110.919       112    0.426311    0.143903
   99      64     43995     43931   110.922    111.25    0.362139    0.143951
2026-07-07T23:23:36.667477+0800 min lat: 0.00304686 max lat: 1.08839 avg lat: 0.143923
  sec Cur ops   started  finished  avg MB/s  cur MB/s last lat(s)  avg lat(s)
  100      64     44445     44381   110.938     112.5    0.386163    0.143923
  101      64     44896     44832   110.955    112.75    0.379548    0.143884
  102      64     45348     45284   110.975       113   0.0127725    0.143887
  103      64     45794     45730    110.98     111.5   0.0198042    0.143826
  104      64     46240     46176   110.985     111.5   0.0088731    0.143853
  105      64     46688     46624   110.994       112     0.39964    0.143839
  106      64     47140     47076   111.013       113    0.360693    0.143849
  107      64     47589     47525   111.025    112.25   0.0111992    0.143746
  108      64     48041     47977   111.043       113    0.445402    0.143789
  109      64     48486     48422   111.045    111.25   0.0170872    0.143798
  110      64     48932     48868   111.049     111.5   0.0158539    0.143784
  111      64     49381     49317   111.059    112.25    0.395934    0.143762
  112      63     49832     49769   111.076       113  0.00871512    0.143745
  113      64     50284     50220   111.091    112.75    0.369179    0.143748
  114      64     50733     50669   111.101    112.25      0.4356    0.143702
  115      64     51180     51116   111.107    111.75   0.0138329    0.143757
  116      64     51625     51561   111.108    111.25   0.0193337    0.143665
  117      64     52077     52013   111.124       113    0.375847    0.143708
  118      64     52527     52463   111.135     112.5    0.451331    0.143652
  119      64     52976     52912   111.145    112.25   0.0178474    0.143605
2026-07-07T23:23:56.670275+0800 min lat: 0.00304686 max lat: 1.08839 avg lat: 0.143684
  sec Cur ops   started  finished  avg MB/s  cur MB/s last lat(s)  avg lat(s)
  120      56     53418     53362   111.156     112.5    0.465957    0.143684
Total time run:       120.139
Total reads made:     53418
Read size:            262144
Object size:          262144
Bandwidth (MB/sec):   111.158
Average IOPS:         444
Stddev IOPS:          20.8331
Max IOPS:             453
Min IOPS:             290
Average Latency(s):   0.143801
Max latency(s):       1.08839
Min latency(s):       0.00304686
[2026-07-07 23:23:57] END: rep rand read 256K r1
[2026-07-07 23:23:57] ---- rep rand read 256K round 2 ----
[2026-07-07 23:24:09] Health: HEALTH_OK
[2026-07-07 23:24:09] START: rados bench -p rep3-test 120 rand -t 64
hints = 1
  sec Cur ops   started  finished  avg MB/s  cur MB/s last lat(s)  avg lat(s)
    0       0         0         0         0         0           -           0
    1      64       512       448   111.977       112  0.00900565    0.115376
    2      64       963       899   112.356    112.75     0.38933    0.129103
    3      64      1414      1350   112.482    112.75   0.0221488    0.134501
    4      64      1859      1795    112.17    111.25    0.369964    0.136054
    5      64      2302      2238   111.883    110.75    0.394492    0.137865
    6      64      2754      2690   112.066       113   0.0357302    0.138026
    7      64      3205      3141   112.161    112.75    0.433154     0.13867
    8      64      3657      3593   112.264       113   0.0082173    0.139379
    9      64      4106      4042    112.26    112.25   0.0300817    0.139383
   10      64      4547      4483   112.058    110.25  0.00740151    0.140189
   11      64      4998      4934    112.12    112.75    0.427785    0.140184
   12      64      5447      5383   112.129    112.25   0.0135351    0.140501
   13      64      5899      5835   112.195       113    0.470487    0.140545
   14      64      6350      6286   112.233    112.75   0.0147855    0.140743
   15      64      6798      6734   112.217       112  0.00830276    0.140938
   16      64      7240      7176   112.109     110.5    0.359399    0.140975
   17      64      7691      7627   112.146    112.75     0.01297    0.140874
   18      64      8141      8077   112.164     112.5   0.0108348    0.141419
   19      64      8593      8529   112.207       113    0.401936    0.141075
2026-07-07T23:24:29.830944+0800 min lat: 0.00551084 max lat: 0.501369 avg lat: 0.141003
  sec Cur ops   started  finished  avg MB/s  cur MB/s last lat(s)  avg lat(s)
   20      64      9044      8980   112.234    112.75   0.0138832    0.141003
   21      64      9487      9423   112.162    110.75    0.417767     0.14123
   22      64      9933      9869   112.132     111.5    0.395811    0.141354
   23      64     10386     10322    112.18    113.25   0.0198743     0.14158
   24      64     10836     10772   112.192     112.5  0.00677022    0.141557
   25      64     11287     11223   112.214    112.75  0.00897626     0.14139
   26      64     11734     11670   112.195    111.75    0.416588    0.141511
   27      64     12180     12116   112.169     111.5    0.361828    0.141732
   28      64     12628     12564   112.163       112   0.0192305     0.14164
   29      64     13078     13014   112.174     112.5    0.354023     0.14174
   30      64     13529     13465   112.193    112.75   0.0165231    0.141696
   31      64     13981     13917   112.218       113   0.0103094    0.141555
   32      64     14428     14364   112.203    111.75    0.394606    0.141655
   33      64     14873     14809   112.174    111.25    0.375811    0.141828
   34      64     15323     15259   112.183     112.5  0.00881179     0.14183
   35      64     15773     15709   112.192     112.5  0.00680968    0.141922
   36      64     16225     16161   112.214       113    0.420415    0.141752
   37      64     16676     16612   112.228    112.75  0.00668239    0.141854
   38      64     17121     17057   112.202    111.25   0.0068313    0.141953
   39      64     17567     17503   112.183     111.5   0.0131163    0.141965
2026-07-07T23:24:49.833647+0800 min lat: 0.00551084 max lat: 0.501369 avg lat: 0.141967
  sec Cur ops   started  finished  avg MB/s  cur MB/s last lat(s)  avg lat(s)
   40      64     18018     17954   112.197    112.75    0.359307    0.141967
   41      63     18466     18403   112.197    112.25   0.0135188     0.14193
   42      64     18919     18855   112.216       113    0.333605    0.141981
   43      64     19367     19303   112.211       112  0.00719893    0.141905
   44      64     19812     19748   112.189    111.25  0.00947846    0.141861
   45      64     20259     20195   112.179    111.75    0.369746    0.142056
   46      64     20710     20646   112.191    112.75    0.445537    0.141906
   47      64     21162     21098   112.207       113    0.410422    0.141983
   48      64     21612     21548   112.213     112.5    0.371542    0.141966
   49      64     22060     21996   112.209       112   0.0220698    0.142081
   50      64     22501     22437   112.169    110.25  0.00738303    0.142049
   51      64     22953     22889   112.185       113   0.0142327    0.142007
   52      64     23403     23339   112.191     112.5    0.357734    0.142085
   53      64     23856     23792   112.211    113.25    0.385505    0.142089
   54      64     24306     24242   112.216     112.5   0.0130699    0.142076
   55      64     24751     24687   112.198    111.25   0.0276666    0.142073
   56      64     25197     25133   112.185     111.5    0.404974    0.142089
   57      64     25649     25585   112.199       113    0.429176    0.142029
   58      64     26098     26034     112.2    112.25   0.0162769    0.142097
   59      64     26550     26486   112.213       113  0.00843675    0.142045
2026-07-07T23:25:09.836491+0800 min lat: 0.00551084 max lat: 0.557868 avg lat: 0.142003
  sec Cur ops   started  finished  avg MB/s  cur MB/s last lat(s)  avg lat(s)
   60      64     26999     26935   112.213    112.25    0.010322    0.142003
   61      64     27440     27376   112.181    110.25    0.387347    0.142096
   62      64     27891     27827    112.19    112.75     0.32107    0.142169
   63      64     28341     28277   112.194     112.5    0.364072    0.142174
   64      64     28792     28728   112.203    112.75  0.00663329    0.142143
   65      64     29245     29181   112.219    113.25  0.00667904     0.14215
   66      64     29692     29628   112.211    111.75   0.0162941    0.142183
   67      64     30134     30070   112.186     110.5    0.390712    0.142177
   68      64     30586     30522   112.197       113   0.0100489    0.142198
   69      64     31035     30971   112.198    112.25     0.46277    0.142086
   70      63     31486     31423   112.209       113   0.0118574    0.142144
   71      64     31937     31873   112.213     112.5  0.00816011    0.142199
   72      64     32383     32319   112.203     111.5   0.0104605    0.142168
   73      64     32828     32764    112.19    111.25    0.401136    0.142203
   74      64     33280     33216     112.2       113  0.00888932    0.142215
   75      64     33730     33666   112.204     112.5   0.0132361    0.142173
   76      64     34183     34119   112.218    113.25    0.390924    0.142179
   77      64     34627     34563   112.201       111  0.00822313    0.142203
   78      64     35072     35008   112.189    111.25   0.0121632    0.142222
   79      64     35521     35457    112.19    112.25    0.381224    0.142242
2026-07-07T23:25:29.839533+0800 min lat: 0.00551084 max lat: 0.557868 avg lat: 0.142187
  sec Cur ops   started  finished  avg MB/s  cur MB/s last lat(s)  avg lat(s)
   80      64     35972     35908   112.196    112.75   0.0134138    0.142187
   81      64     36425     36361   112.209    113.25    0.422725    0.142179
   82      64     36876     36812   112.216    112.75  0.00659756    0.142247
   83      64     37322     37258   112.207     111.5    0.460231    0.142212
   84      64     37765     37701   112.189    110.75  0.00686946    0.142254
   85      64     38217     38153   112.199       113   0.0139069    0.142263
   86      64     38666     38602   112.199    112.25   0.0134992    0.142148
   87      64     39119     39055   112.211    113.25  0.00946772    0.142221
   88      64     39570     39506   112.217    112.75  0.00712258    0.142242
   89      64     40012     39948   112.197     110.5   0.0117754    0.142233
   90      64     40459     40395   112.192    111.75   0.0139887    0.142253
   91      64     40909     40845   112.195     112.5   0.0235952    0.142286
   92      64     41361     41297   112.204       113   0.0168717    0.142212
   93      64     41814     41750   112.215    113.25   0.0067855    0.142219
   94      64     42260     42196   112.207     111.5    0.350194      0.1423
   95      64     42702     42638   112.189     110.5  0.00983136     0.14229
   96      64     43155     43091     112.2    113.25    0.397689    0.142282
   97      64     43604     43540     112.2    112.25    0.368604    0.142276
   98      64     44056     43992   112.208       113    0.378703    0.142278
   99      64     44507     44443   112.213    112.75  0.00736757    0.142273
2026-07-07T23:25:49.842586+0800 min lat: 0.00551084 max lat: 0.557868 avg lat: 0.142302
  sec Cur ops   started  finished  avg MB/s  cur MB/s last lat(s)  avg lat(s)
  100      64     44953     44889   112.206     111.5    0.345764    0.142302
  101      64     45397     45333   112.194       111  0.00942722    0.142239
  102      64     45849     45785   112.202       113  0.00660793    0.142284
  103      64     46297     46233     112.2       112   0.0126026    0.142316
  104      64     46749     46685   112.207       113    0.395302    0.142284
  105      64     47201     47137   112.215       113    0.461095    0.142244
  106      64     47642     47578   112.196    110.25      0.3627    0.142319
  107      64     48091     48027   112.196    112.25    0.358556    0.142321
  108      64     48541     48477   112.199     112.5    0.372534    0.142305
  109      64     48993     48929   112.206       113  0.00688425    0.142289
  110      64     49445     49381   112.213       113  0.00964172    0.142266
  111      64     49891     49827   112.207     111.5   0.0140642    0.142271
  112      64     50335     50271   112.196       111    0.420434    0.142324
  113      64     50786     50722     112.2    112.75  0.00840989    0.142292
  114      64     51236     51172   112.203     112.5  0.00670908    0.142324
  115      64     51688     51624    112.21       113   0.0141794    0.142318
  116      64     52138     52074   112.212     112.5   0.0088602    0.142268
  117      64     52584     52520   112.206     111.5   0.0112905    0.142331
  118      64     53029     52965   112.198    111.25   0.0125022    0.142382
  119      64     53479     53415     112.2     112.5   0.0181985    0.142268
2026-07-07T23:26:09.845563+0800 min lat: 0.00551084 max lat: 0.557868 avg lat: 0.142355
  sec Cur ops   started  finished  avg MB/s  cur MB/s last lat(s)  avg lat(s)
  120      55     53922     53867   112.207       113     0.33717    0.142355
Total time run:       120.139
Total reads made:     53922
Read size:            262144
Object size:          262144
Bandwidth (MB/sec):   112.208
Average IOPS:         448
Stddev IOPS:          3.32244
Max IOPS:             453
Min IOPS:             441
Average Latency(s):   0.142453
Max latency(s):       0.557868
Min latency(s):       0.00551084
[2026-07-07 23:26:10] END: rep rand read 256K r2
[2026-07-07 23:26:10] ---- rep rand read 256K round 3 ----
[2026-07-07 23:26:22] Health: HEALTH_OK
[2026-07-07 23:26:23] START: rados bench -p rep3-test 120 rand -t 64
hints = 1
  sec Cur ops   started  finished  avg MB/s  cur MB/s last lat(s)  avg lat(s)
    0       0         0         0         0         0           -           0
    1      64       502       438   109.474     109.5    0.439264    0.118242
    2      64       951       887   110.856    112.25   0.0191685    0.129842
    3      64      1402      1338   111.483    112.75    0.352546    0.135641
    4      64      1854      1790   111.859       113  0.00669832    0.136228
    5      63      2304      2241   112.032    112.75   0.0136037    0.137336
    6      64      2748      2684   111.816    110.75   0.0228372     0.13862
    7      64      3195      3131   111.805    111.75    0.448335    0.138837
    8      64      3646      3582   111.922    112.75    0.343853     0.14003
    9      64      4098      4034   112.039       113   0.0124815    0.139594
   10      64      4550      4486   112.134       113    0.357744    0.140321
   11      64      5000      4936   112.166     112.5  0.00767688    0.140368
   12      64      5441      5377   112.005    110.25   0.0205162    0.140537
   13      64      5890      5826   112.023    112.25    0.325836    0.141097
   14      64      6340      6276   112.056     112.5    0.013869    0.140576
   15      64      6791      6727   112.101    112.75   0.0354606    0.140592
   16      64      7242      7178   112.141    112.75    0.374699    0.140972
   17      64      7691      7627   112.146    112.25    0.412023     0.14099
   18      64      8134      8070   112.068    110.75    0.480872    0.140997
   19      64      8582      8518   112.063       112  0.00764905    0.141173
2026-07-07T23:26:43.160965+0800 min lat: 0.00472327 max lat: 0.530322 avg lat: 0.141504
  sec Cur ops   started  finished  avg MB/s  cur MB/s last lat(s)  avg lat(s)
   20      64      9032      8968   112.084     112.5  0.00668172    0.141504
   21      64      9485      9421   112.139    113.25  0.00764338    0.141444
   22      64      9934      9870   112.143    112.25   0.0139707    0.141548
   23      64     10378     10314   112.093       111  0.00995319    0.141206
   24      64     10823     10759   112.057    111.25   0.0190056    0.141596
   25      64     11273     11209   112.074     112.5    0.394681     0.14156
   26      64     11724     11660     112.1    112.75   0.0180567    0.141685
   27      64     12176     12112   112.132       113    0.030938    0.141649
   28      64     12626     12562   112.145     112.5   0.0144096    0.141674
   29      64     13067     13003   112.079    110.25   0.0066422    0.141868
   30      64     13516     13452   112.084    112.25   0.0147066    0.141788
   31      64     13967     13903   112.105    112.75    0.432427    0.141696
   32      64     14418     14354   112.125    112.75    0.018877    0.141759
   33      64     14869     14805   112.143    112.75   0.0198177    0.141809
   34      64     15319     15255   112.153     112.5    0.424816    0.141733
   35      64     15759     15695   112.091       110    0.375991    0.141917
   36      64     16208     16144   112.095    112.25   0.0104499    0.141937
   37      64     16660     16596   112.119       113  0.00682312    0.141958
   38      64     17113     17049   112.149    113.25    0.534302    0.141768
   39      64     17564     17500   112.164    112.75  0.00883871    0.141856
2026-07-07T23:27:03.163821+0800 min lat: 0.00472327 max lat: 0.540389 avg lat: 0.142075
  sec Cur ops   started  finished  avg MB/s  cur MB/s last lat(s)  avg lat(s)
   40      64     18008     17944   112.134       111    0.363483    0.142075
   41      64     18453     18389   112.112    111.25  0.00707296    0.142013
   42      64     18902     18838   112.115    112.25   0.0186371     0.14201
   43      64     19355     19291   112.141    113.25    0.376756    0.142045
   44      64     19808     19744   112.166    113.25   0.0135958    0.141999
   45      64     20257     20193   112.168    112.25  0.00766556    0.142032
   46      64     20699     20635   112.131     110.5   0.0182682    0.141992
   47      63     21146     21083   112.128       112    0.370704    0.142098
   48      64     21598     21534   112.141    112.75    0.410714     0.14207
   49      64     22051     21987   112.163    113.25   0.0187073    0.142042
   50      64     22500     22436   112.164    112.25    0.339355    0.142109
   51      64     22948     22884   112.161       112  0.00878106    0.142111
   52      64     23391     23327   112.133    110.75    0.011092    0.142068
   53      64     23841     23777    112.14     112.5    0.417742    0.142103
   54      64     24290     24226   112.142    112.25   0.0158305    0.142093
   55      64     24744     24680   112.166     113.5  0.00735672    0.142123
   56      64     25194     25130   112.172     112.5   0.0109479    0.142053
   57      64     25638     25574   112.151       111    0.396151    0.142159
   58      64     26083     26019   112.135    111.25   0.0118408    0.142191
   59      64     26533     26469   112.141     112.5  0.00671271    0.142188
2026-07-07T23:27:23.166610+0800 min lat: 0.00472327 max lat: 0.540389 avg lat: 0.14218
  sec Cur ops   started  finished  avg MB/s  cur MB/s last lat(s)  avg lat(s)
   60      63     26985     26922   112.159    113.25  0.00660634     0.14218
   61      64     27437     27373   112.169    112.75  0.00683451    0.142197
   62      64     27889     27825   112.182       113    0.458474    0.142079
   63      64     28325     28261   112.131       109   0.0206504    0.142134
   64      64     28777     28713   112.144       113    0.013518    0.142262
   65      64     29228     29164   112.154    112.75  0.00742105    0.142227
   66      64     29679     29615   112.162    112.75    0.361577    0.142227
   67      64     30131     30067   112.175       113   0.0215131    0.142176
   68      64     30579     30515   112.172       112   0.0209371    0.142144
   69      64     31022     30958   112.151    110.75    0.011188    0.142185
   70      64     31471     31407   112.152    112.25    0.396688    0.142199
   71      64     31922     31858    112.16    112.75    0.014292    0.142212
   72      64     32374     32310   112.172       113   0.0126288    0.142163
   73      64     32825     32761   112.179    112.75   0.0089644     0.14224
   74      64     33267     33203   112.157     110.5    0.395474    0.142284
   75      64     33714     33650   112.151    111.75    0.380153    0.142248
   76      64     34165     34101   112.159    112.75   0.0066221    0.142236
   77      64     34616     34552   112.166    112.75  0.00891299    0.142207
   78      64     35068     35004   112.177       113   0.0141413    0.142275
   79      64     35520     35456   112.187       113   0.0288198    0.142186
2026-07-07T23:27:43.169311+0800 min lat: 0.00472327 max lat: 0.540389 avg lat: 0.142241
  sec Cur ops   started  finished  avg MB/s  cur MB/s last lat(s)  avg lat(s)
   80      64     35959     35895   112.156    109.75  0.00880383    0.142241
   81      64     36409     36345    112.16     112.5  0.00772937    0.142268
   82      64     36857     36793   112.158       112    0.396424    0.142262
   83      64     37310     37246   112.171    113.25   0.0152711    0.142245
   84      64     37761     37697   112.178    112.75  0.00974009    0.142227
   85      64     38205     38141   112.164       111     0.01377    0.142277
   86      64     38652     38588   112.159    111.75   0.0109519    0.142276
   87      64     39101     39037    112.16    112.25    0.353114    0.142326
   88      64     39554     39490   112.172    113.25  0.00828672    0.142306
   89      64     40002     39938    112.17       112   0.0115133    0.142211
   90      64     40456     40392   112.184     113.5  0.00761921    0.142297
   91      64     40895     40831   112.157    109.75   0.0127548    0.142326
   92      64     41345     41281   112.161     112.5    0.423548    0.142287
   93      64     41794     41730   112.162    112.25   0.0101085    0.142286
   94      64     42248     42184   112.176     113.5    0.410778    0.142269
   95      64     42698     42634   112.179     112.5   0.0143858    0.142321
   96      64     43149     43085   112.185    112.75    0.333678    0.142318
   97      64     43589     43525   112.162       110   0.0083628    0.142315
   98      64     44039     43975   112.166     112.5  0.00871036    0.142368
   99      64     44490     44426   112.171    112.75   0.0222477    0.142253
2026-07-07T23:28:03.171878+0800 min lat: 0.00472327 max lat: 0.540389 avg lat: 0.142298
  sec Cur ops   started  finished  avg MB/s  cur MB/s last lat(s)  avg lat(s)
  100      64     44941     44877   112.177    112.75   0.0091795    0.142298
  101      64     45393     45329   112.185       113   0.0112572    0.142324
  102      64     45841     45777   112.183       112    0.373967    0.142313
  103      64     46282     46218   112.164    110.25  0.00808058    0.142325
  104      64     46732     46668   112.167     112.5    0.375118     0.14235
  105      64     47184     47120   112.175       113   0.0171649    0.142276
  106      64     47635     47571    112.18    112.75   0.0117853     0.14234
  107      64     48086     48022   112.185    112.75   0.0119066    0.142278
  108      64     48527     48463   112.167    110.25    0.011066    0.142293
  109      64     48975     48911   112.166       112   0.0150288    0.142355
  110      64     49427     49363   112.173       113    0.423495    0.142339
  111      64     49880     49816   112.183    113.25    0.352779    0.142367
  112      64     50330     50266   112.185     112.5   0.0081115    0.142355
  113      64     50779     50715   112.186    112.25   0.0136688     0.14231
  114      64     51219     51155   112.166       110  0.00669274    0.142375
  115      64     51668     51604   112.167    112.25   0.0074792    0.142362
  116      64     52122     52058   112.178     113.5    0.331797    0.142386
  117      64     52572     52508   112.181     112.5    0.426582    0.142332
  118      64     53024     52960   112.188       113   0.0182911    0.142369
  119      64     53471     53407   112.184    111.75   0.0110458    0.142329
2026-07-07T23:28:23.174872+0800 min lat: 0.00472327 max lat: 0.540389 avg lat: 0.142377
  sec Cur ops   started  finished  avg MB/s  cur MB/s last lat(s)  avg lat(s)
  120      54     53904     53850   112.172    110.75     0.37475    0.142377
Total time run:       120.137
Total reads made:     53904
Read size:            262144
Object size:          262144
Bandwidth (MB/sec):   112.172
Average IOPS:         448
Stddev IOPS:          4.01939
Max IOPS:             454
Min IOPS:             436
Average Latency(s):   0.142496
Max latency(s):       0.540389
Min latency(s):       0.00472327
[2026-07-07 23:28:24] END: rep rand read 256K r3
[2026-07-07 23:28:37] Health: HEALTH_OK
[2026-07-07 23:28:37] Replica 256K done.
[2026-07-07 23:28:37] ========== REPLICA 4M ==========
[2026-07-07 23:28:37] ---- rep write 4M round 1 ----
[2026-07-07 23:28:49] Health: HEALTH_OK
[2026-07-07 23:28:50] START: rados bench -p rep3-test 120 write -b 4M -t 64 --no-cleanup
hints = 1
Maintaining 64 concurrent writes of 4194304 bytes to objects of size 4194304 for up to 120 seconds or 0 objects
Object prefix: benchmark_data_tikv-node_729702
  sec Cur ops   started  finished  avg MB/s  cur MB/s last lat(s)  avg lat(s)
    0       0         0         0         0         0           -           0
    1      42        42         0         0         0           -           0
    2      63        65         2   3.99946         4     1.93656     1.93554
    3      63        85        22   29.3292        80     2.91903     2.46665
    4      63       105        42   41.9939        80     3.06463     2.67994
    5      63       126        63   50.3924        84     3.12436     2.77949
    6      63       130        67   44.6599        16     3.83363     2.83134
    7      63       132        69   39.4226         8     4.77633     2.88571
    8      63       136        73   36.4944        16     5.47914     3.02101
    9      63       145        82   36.4388        36     6.06964     3.33651
   10      63       149        86   34.3947        16     6.64773     3.48358
   11      63       156        93    33.813        28     7.74975     3.78949
   12      63       164       101   33.6616        32     8.03475     4.11872
   13      63       173       110    33.841        36     8.67322     4.47589
   14      63       179       116   33.1378        24     9.25354     4.70332
   15      63       186       123    32.795        28     10.0034     4.99373
   16      63       189       126   31.4951        12     10.3548     5.12285
   17      63       198       135   31.7598        36     8.85884      5.4184
   18      63       203       140   31.1064        20     8.95985      5.5469
   19      63       210       147   30.9426        28     9.32111      5.7342
2026-07-07T23:29:10.317877+0800 min lat: 1.93451 max lat: 10.5346 avg lat: 5.84459
  sec Cur ops   started  finished  avg MB/s  cur MB/s last lat(s)  avg lat(s)
   20      63       215       152   30.3953        20     9.07397     5.84459
   21      63       224       161   30.6619        36     9.17018     6.08707
   22      63       233       170   30.9043        36     9.47443     6.36466
   23      63       236       173   30.0823        12     9.57554     6.41856
   24      63       242       179   29.8287        24     10.4974      6.5503
   25      63       251       188   30.0753        36     9.48729     6.70428
   26      63       256       193   29.6877        20     9.25214     6.77367
   27      63       266       203   30.0694        40      9.3724     6.90339
   28      63       272       209   29.8525        24     9.01427     6.96284
   29      63       277       214   29.5126        20     9.23884     7.01371
   30      63       287       224    29.862        40     9.02527     7.09807
   31      63       293       230   29.6727        24     9.33346     7.15523
   32      63       297       234   29.2454        16     9.66515      7.1972
   33      63       305       242   29.3287        32     8.81504     7.25765
   34      63       311       248   29.1719        24     9.68076     7.31464
   35      63       315       252   28.7955        16     9.63309     7.35326
   36      63       320       257    28.551        20     9.85065     7.39984
   37      63       332       269   29.0765        48     9.26684     7.54027
   38      63       334       271   28.5218         8     9.84889     7.55783
   39      63       344       281    28.816        40     9.96699     7.63912
2026-07-07T23:29:30.321103+0800 min lat: 1.93451 max lat: 19.4071 avg lat: 7.68409
  sec Cur ops   started  finished  avg MB/s  cur MB/s last lat(s)  avg lat(s)
   40      63       350       287   28.6955        24     9.60071     7.68409
   41      63       357       294   28.6784        28      9.9189     7.73545
   42      63       367       304   28.9478        40     9.47099     7.79195
   43      63       371       308   28.6466        16     9.41212     7.81448
   44      63       376       313     28.45        20     9.81496      7.8468
   45      63       388       325   28.8843        48     8.62701     7.89508
   46      63       396       333   28.9519        32     8.53905      7.9171
   47      63       400       337   28.6763        16     8.67862     7.92376
   48      63       404       341   28.4122        16     9.56216     7.94043
   49      63       410       347   28.3221        24      9.7278     7.96698
   50      63       425       362   28.9554        60     8.70917     8.00994
   51      63       427       364   28.5445         8      9.2125     8.01642
   52      63       429       366   28.1494         8     9.77557     8.02512
   53      63       439       376   28.3729        40     9.12893     8.06534
   54      63       447       384   28.4399        32     9.02758      8.1073
   55      63       457       394     28.65        40     9.71153      8.1493
   56      63       460       397   28.3526        12     9.89366     8.15964
   57      63       466       403   28.2762        24     9.34331     8.18484
   58      63       469       406   27.9955        12     9.26814     8.19319
   59      63       477       414   28.0633        32     9.73297     8.22507
2026-07-07T23:29:50.324357+0800 min lat: 1.93451 max lat: 19.4071 avg lat: 8.26869
  sec Cur ops   started  finished  avg MB/s  cur MB/s last lat(s)  avg lat(s)
   60      63       488       425   28.3288        44     9.92909     8.26869
   61      63       494       431   28.2578        24     8.85629     8.28786
   62      63       501       438   28.2536        28     9.02491     8.30229
   63      63       507       444    28.186        24      9.4125     8.31752
   64      63       510       447    27.933        12     9.66036       8.327
   65      63       520       457   28.1186        40     9.86361     8.35814
   66      63       526       463   28.0561        24     9.04337     8.37434
   67      63       531       468   27.9358        20     9.85813     8.38571
   68      63       535       472   27.7603        16     9.62144     8.39598
   69      63       542       479   27.7637        28     9.54288     8.41405
   70      63       549       486    27.767        28     10.0445     8.43752
   71      63       558       495   27.8829        36     9.79837     8.46483
   72      63       564       501   27.8289        24     9.64266     8.47775
   73      63       568       505   27.6668        16     9.75678      8.4894
   74      63       571       508   27.4551        12     10.4129     8.50064
   75      63       587       524   27.9422        64     9.40215     8.56007
   76      63       595       532   27.9955        32     9.01719     8.57236
   77      63       600       537   27.8917        20      8.7838      8.5746
   78      63       608       545   27.9443        32     8.82823     8.58096
   79      63       614       551   27.8943        24     8.91345     8.58424
2026-07-07T23:30:10.327494+0800 min lat: 1.93451 max lat: 20.2054 avg lat: 8.5895
  sec Cur ops   started  finished  avg MB/s  cur MB/s last lat(s)  avg lat(s)
   80      63       619       556   27.7956        20     9.47157      8.5895
   81      63       621       558   27.5512         8     9.82116     8.59322
   82      63       633       570   27.8005        48     8.85255     8.61272
   83      63       638       575   27.7064        20     8.73021     8.61413
   84      63       644       581   27.6623        24     9.38551     8.62131
   85      63       650       587   27.6191        24     9.99523     8.63314
   86      63       660       597    27.763        40     9.67771     8.65519
   87      63       667       604   27.7657        28     9.27004     8.66453
   88      63       669       606   27.5411         8     9.35314     8.66689
   89      63       681       618   27.7709        48     9.19321     8.68547
   90      63       684       621   27.5956        12     8.64544     8.68545
   91      63       688       625   27.4682        16     9.54214     8.68898
   92      63       700       637   27.6912        48     9.03395     8.70798
   93      63       703       640   27.5225        12      8.6484     8.72282
   94      63       709       646    27.485        24     9.83228     8.73303
   95      63       718       655   27.5746        36      9.2132     8.74478
   96      63       722       659    27.454        16     9.86395     8.75055
   97      63       732       669   27.5833        40     8.78684     8.77589
   98      63       740       677   27.6283        32     9.19336     8.77948
   99      63       743       680   27.4704        12     9.98503     8.78456
2026-07-07T23:30:30.330505+0800 min lat: 1.93451 max lat: 20.2054 avg lat: 8.79081
  sec Cur ops   started  finished  avg MB/s  cur MB/s last lat(s)  avg lat(s)
  100      63       750       687   27.4757        28     8.88042     8.79081
  101      63       756       693   27.4412        24     8.80496     8.79061
  102      63       765       702   27.5251        36     9.74071     8.80059
  103      63       769       706   27.4132        16     9.05617      8.8008
  104      63       777       714   27.4573        32     9.22764     8.80747
  105      63       789       726   27.6528        48     8.86072     8.83693
  106      63       792       729   27.5052        12     9.38801      8.8387
  107      63       795       732   27.3602        12     9.72904     8.84211
  108      63       803       740   27.4032        32     10.0724      8.8556
  109      63       809       746   27.3719        24     9.47328      8.8614
  110      63       821       758   27.5594        48      8.8024     8.87284
  111      63       827       764   27.5273        24      8.8944      8.8745
  112      63       836       773   27.6029        36     8.35569     8.87499
  113      63       840       777   27.5002        16     8.37278     8.87222
  114      63       845       782   27.4343        20     9.35467     8.87604
  115      63       851       788   27.4044        24     9.96256     8.88302
  116      63       859       796    27.444        32     9.32924     8.89244
  117      63       868       805   27.5171        36     8.76691     8.89374
  118      63       871       808   27.3856        12     9.49493       8.895
  119      63       879       816   27.4243        32     9.45951     8.90095
2026-07-07T23:30:50.333426+0800 min lat: 1.93451 max lat: 20.2054 avg lat: 8.7995
  sec Cur ops   started  finished  avg MB/s  cur MB/s last lat(s)  avg lat(s)
  120      25       886       861   28.6955       180     2.04403      8.7995
  121      19       886       867   28.6567        24     4.29097     8.76098
  122       1       886       885   29.0119        72     7.59146     8.66596
Total time run:         122.045
Total writes made:      886
Write size:             4194304
Object size:            4194304
Bandwidth (MB/sec):     29.0385
Stddev Bandwidth:       20.5145
Max bandwidth (MB/sec): 180
Min bandwidth (MB/sec): 0
Average IOPS:           7
Stddev IOPS:            5.12861
Max IOPS:               45
Min IOPS:               0
Average Latency(s):     8.65885
Stddev Latency(s):      2.39693
Max latency(s):         20.2054
Min latency(s):         1.75695
[2026-07-07 23:30:53] END: rep write 4M r1
[2026-07-07 23:31:04] ---- rep write 4M round 2 ----
[2026-07-07 23:31:16] Health: HEALTH_OK
[2026-07-07 23:31:16] START: rados bench -p rep3-test 120 write -b 4M -t 64 --no-cleanup
hints = 1
Maintaining 64 concurrent writes of 4194304 bytes to objects of size 4194304 for up to 120 seconds or 0 objects
Object prefix: benchmark_data_tikv-node_742852
  sec Cur ops   started  finished  avg MB/s  cur MB/s last lat(s)  avg lat(s)
    0       0         0         0         0         0           -           0
    1      43        43         0         0         0           -           0
    2      63        63         0         0         0           -           0
    3      63        87        24   31.9961        32     2.99588     2.55016
    4      63       103        40   39.9948        64     2.86497     2.67914
    5      63       106        43   34.3953        12     3.83302     2.74317
    6      63       113        50   33.3287        28     4.58107     2.96408
    7      63       115        52   29.7101         8     5.15305     3.04595
    8      63       121        58   28.9958        24     6.22529     3.34834
    9      63       134        71   31.5513        52     6.64063     3.92165
   10      63       140        77   30.7959        24     7.33357     4.16167
   11      63       143        80   29.0872        12     8.27382     4.30829
   12      63       153        90   29.9962        40       8.932     4.76699
   13      63       160        97   29.8424        28     9.24067     5.07866
   14      63       165       102   29.1391        20     10.2166     5.30867
   15      63       173       110   29.3296        32     9.51698     5.62781
   16      63       179       116   28.9963        24     9.48584     5.84393
   17      63       189       126   29.6433        40     8.71153     6.08206
   18      63       195       132   29.3295        24     9.07447     6.21369
   19      63       202       139   29.2593        28       9.413      6.3859
2026-07-07T23:31:37.448290+0800 min lat: 2.0094 max lat: 10.2166 avg lat: 6.43674
  sec Cur ops   started  finished  avg MB/s  cur MB/s last lat(s)  avg lat(s)
   20      63       204       141   28.1963         8     9.96261     6.43674
   21      63       212       149   28.3772        32     9.77904     6.60323
   22      63       220       157   28.5416        32     9.39011     6.76284
   23      63       225       162   28.1701        20       9.966     6.85626
   24      63       229       166   27.6629        16     9.98048     6.93615
   25      63       236       173   27.6762        28     9.83929     7.05923
   26      63       248       185   28.4576        48     9.36379     7.21127
   27      63       257       194   28.7368        36     9.27329     7.31454
   28      63       261       198   28.2818        16     9.07484     7.35523
   29      63       267       204    28.134        24     8.95989     7.41175
   30      63       276       213    28.396        36     8.89795     7.47426
   31      63       281       218   28.1251        20     9.00026     7.50732
   32      63       286       223   27.8711        20     9.53857     7.54854
   33      63       293       230   27.8749        28     8.73269     7.59587
   34      63       301       238   27.9961        32      8.8831     7.64458
   35      63       308       245   27.9961        28     18.5118     7.72616
   36      63       315       252    27.996        28     9.55332     7.77285
   37      63       324       261   28.2122        36     9.04808     7.82853
   38      63       329       266    27.996        20     9.18525     7.85708
   39      63       333       270   27.6884        16     9.90259     7.88564
2026-07-07T23:31:57.451243+0800 min lat: 2.0094 max lat: 18.5118 avg lat: 7.95462
  sec Cur ops   started  finished  avg MB/s  cur MB/s last lat(s)  avg lat(s)
   40      63       345       282   28.1961        48      8.7651     7.95462
   41      63       352       289   28.1912        28     8.32907     7.97012
   42      63       357       294   27.9961        20     8.36543     7.98141
   43      63       364       301   27.9961        28     8.97765     8.02986
   44      63       370       307   27.9052        24     8.84674      8.0492
   45      63       374       311   27.6406        16     9.14713     8.06313
   46      63       382       319   27.7353        32     8.94635     8.09132
   47      63       390       327   27.8259        32     9.13023     8.12084
   48      63       397       334   27.8294        28     8.61169     8.13566
   49      63       403       340   27.7512        24     9.14796     8.15436
   50      63       411       348   27.8361        32     8.98698     8.17757
   51      63       416       353   27.6824        20     8.58689     8.18321
   52      63       424       361   27.7653        32     8.35303     8.19176
   53      63       431       368   27.7697        28     7.58627     8.19204
   54      63       438       375   27.7739        28     8.51847     8.19275
   55      63       445       382   27.7779        28     7.97485     8.19024
   56      63       450       387    27.639        20     8.47564     8.18999
   57      63       456       393    27.575        24     7.80521     8.18822
   58      63       464       401   27.6512        32     17.2316     8.20704
   59      63       473       410   27.7927        36     8.43082     8.27789
2026-07-07T23:32:17.454191+0800 min lat: 2.0094 max lat: 18.5118 avg lat: 8.27724
  sec Cur ops   started  finished  avg MB/s  cur MB/s last lat(s)  avg lat(s)
   60      63       479       416   27.7294        24     8.54369     8.27724
   61      63       484       421   27.6026        20     16.9192     8.30087
   62      63       496       433   27.9315        48     7.98912     8.30875
   63      63       499       436   27.6786        12     7.89081     8.30616
   64      63       507       444    27.746        32     8.26702     8.32929
   65      63       511       448   27.5653        16     8.27593     8.32841
   66      63       521       458   27.7536        40     8.22584     8.34851
   67      63       525       462   27.5782        16     8.61392     8.34841
   68      63       533       470   27.6431        32     8.16304     8.35039
   69      63       538       475   27.5323        20     7.72034     8.34552
   70      63       542       479   27.3676        16     7.97437     8.34391
   71      63       552       489   27.5454        40     7.69645     8.36239
   72      63       559       496   27.5517        28     7.96487     8.37236
   73      63       567       504   27.6126        32     7.80224     8.38141
   74      63       576       513   27.7258        36     7.56344     8.36823
   75      63       580       517   27.5694        16       7.653     8.38031
   76      63       586       523   27.5224        24     8.28288     8.39345
   77      63       591       528   27.4247        20     8.88591     8.41116
   78      63       596       533   27.3295        20       8.592     8.42866
   79      63       600       537    27.186        16     8.71838     8.44839
2026-07-07T23:32:37.456991+0800 min lat: 2.0094 max lat: 18.5118 avg lat: 8.46479
  sec Cur ops   started  finished  avg MB/s  cur MB/s last lat(s)  avg lat(s)
   80      63       614       551   27.5461        56     8.09111     8.46479
   81      63       620       557   27.5023        24     16.5664     8.53502
   82      63       627       564   27.5083        28     8.78214     8.53485
   83      63       636       573   27.6105        36     8.81243     8.61463
   84      63       643       580   27.6151        28     8.17703      8.6137
   85      63       648       585   27.5255        20     8.74444     8.67138
   86      63       654       591   27.4844        24     8.67401     8.71356
   87      63       664       601   27.6282        40      7.9627     8.70285
   88      63       669       606   27.5415        20     8.67844     8.71425
   89      63       677       614   27.5916        32     8.57396     8.72779
   90      63       682       619   27.5072        20     8.63975     8.72545
   91      63       686       623   27.3807        16     9.02751     8.72666
   92      63       694       631   27.4309        32     8.98325     8.72863
   93      63       702       639   27.4799        32      8.3715     8.72567
   94      63       711       648   27.5705        36     8.02245     8.73411
   95      63       714       651   27.4066        12     8.10671     8.73177
   96      63       723       660   27.4961        36     9.00581     8.76608
   97      63       729       666     27.46        24     8.95986     8.78067
   98      63       735       672   27.4246        24     8.92262     8.78161
   99      63       744       681   27.5112        36     8.61821      8.7859
2026-07-07T23:32:57.459919+0800 min lat: 2.0094 max lat: 51.3803 avg lat: 8.78429
  sec Cur ops   started  finished  avg MB/s  cur MB/s last lat(s)  avg lat(s)
  100      63       751       688   27.5161        28     8.45957     8.78429
  101      63       755       692    27.402        16     8.81627     8.78433
  102      63       762       699   27.4078        28     8.58408     8.78302
  103      63       767       704   27.3359        20     9.12598     8.78421
  104      63       775       712   27.3807        32     8.84812     8.78727
  105      63       783       720   27.4246        32     8.27566      8.7865
  106      63       788       725   27.3546        20     8.68818     8.78548
  107      63       798       735   27.4727        40     8.11339     8.79246
  108      63       801       738   27.3294        12     8.79823     8.79234
  109      63       808       745   27.3355        28     9.13442     8.82861
  110      63       818       755   27.4506        40     8.89331     8.85059
  111      63       825       762   27.4555        28     8.31744     8.84706
  112      63       832       769   27.4603        28     8.08943     8.87666
  113      63       838       775   27.4297        24     8.58854     8.87329
  114      63       847       784   27.5048        36     8.50506     8.87047
  115      63       850       787   27.3699        12     8.93072     8.88048
  116      63       856       793   27.3409        24     9.49985     8.89163
  117      63       865       802   27.4148        36        8.59     8.89634
  118      63       872       809   27.4197        28     8.76168     8.90537
  119      63       880       817   27.4582        32     9.10203     8.90744
2026-07-07T23:33:17.463103+0800 min lat: 2.0094 max lat: 51.3803 avg lat: 8.91062
  sec Cur ops   started  finished  avg MB/s  cur MB/s last lat(s)  avg lat(s)
  120      63       888       825    27.496        32     9.02285     8.91062
  121      23       889       866   28.6239       164     3.11981     8.79333
  122      13       889       876   28.7171        40     3.38166     8.73255
  123       1       889       888   28.8739        48     3.53532     8.66585
Total time run:         123.079
Total writes made:      889
Write size:             4194304
Object size:            4194304
Bandwidth (MB/sec):     28.892
Stddev Bandwidth:       16.1307
Max bandwidth (MB/sec): 164
Min bandwidth (MB/sec): 0
Average IOPS:           7
Stddev IOPS:            4.03267
Max IOPS:               41
Min IOPS:               0
Average Latency(s):     8.65966
Stddev Latency(s):      3.45821
Max latency(s):         51.3803
Min latency(s):         2.0094
[2026-07-07 23:33:21] END: rep write 4M r2
[2026-07-07 23:33:33] ---- rep write 4M round 3 ----
[2026-07-07 23:33:44] Health: HEALTH_OK
[2026-07-07 23:33:45] START: rados bench -p rep3-test 120 write -b 4M -t 64 --no-cleanup
hints = 1
Maintaining 64 concurrent writes of 4194304 bytes to objects of size 4194304 for up to 120 seconds or 0 objects
Object prefix: benchmark_data_tikv-node_755790
  sec Cur ops   started  finished  avg MB/s  cur MB/s last lat(s)  avg lat(s)
    0       0         0         0         0         0           -           0
    1      42        42         0         0         0           -           0
    2      63        64         1   1.99981         2     1.98116     1.98116
    3      63        85        22   29.3298        84     2.90741     2.46645
    4      63       103        40   39.9948        72     3.01745     2.67359
    5      63       105        42   33.5954         8     3.36483      2.7049
    6      63       108        45   29.9958        12     4.64069      2.8155
    7      63       113        50   28.5675        20     5.48548     3.05656
    8      63       120        57    28.496        28     6.28611     3.40875
    9      63       130        67   29.7736        40     6.75846     3.92091
   10      63       137        74   29.5959        28      7.5832      4.2399
   11      63       141        78   28.3596        16     8.36485     4.43765
   12      63       148        85   28.3293        28     9.04374     4.78348
   13      63       156        93   28.6114        32      9.4235     5.17062
   14      63       161        98    27.996        20      10.476     5.42494
   15      63       167       104   27.7294        24     10.9904     5.73165
   16      63       172       109   27.2461        20     9.41169     5.93217
   17      63       181       118   27.7607        36      9.3098     6.20646
   18      63       192       129   28.6626        44     9.10548     6.45065
   19      63       197       134   28.2065        20     9.36171     6.55626
2026-07-07T23:34:05.680667+0800 min lat: 1.98116 max lat: 10.9904 avg lat: 6.67824
  sec Cur ops   started  finished  avg MB/s  cur MB/s last lat(s)  avg lat(s)
   20      63       202       139    27.796        20     9.74604     6.67824
   21      63       209       146   27.8055        28     9.51214     6.81582
   22      63       215       152   27.6323        24     9.11398     6.91595
   23      63       221       158   27.4742        24     9.74949     7.02179
   24      63       229       166   27.6626        32      9.5299     7.14302
   25      63       236       173    27.676        28     9.77611     7.23561
   26      63       242       179   27.5344        24     9.64628     7.30761
   27      63       247       184   27.2553        20     9.23409     7.36668
   28      63       254       191   27.2817        28      10.156     7.47086
   29      63       263       200   27.5821        36     9.32254     7.57947
   30      63       268       205   27.3293        20     9.61706     7.62604
   31      63       269       206   26.5767         4     9.62501     7.63574
   32      63       278       215    26.871        36     10.5741     7.75295
   33      63       286       223   27.0263        32     9.57798     7.84294
   34      63       293       230   27.0548        28     9.90268     7.90654
   35      63       298       235   26.8531        20     10.6489     7.95752
   36      63       309       246   27.3293        44     9.32579     8.04642
   37      63       318       255   27.5635        36     8.67965     8.07398
   38      63       321       258   27.1538        12     9.50906     8.08896
   39      63       329       266    27.278        32     9.23549     8.13276
2026-07-07T23:34:25.683745+0800 min lat: 1.98116 max lat: 10.9904 avg lat: 8.15123
  sec Cur ops   started  finished  avg MB/s  cur MB/s last lat(s)  avg lat(s)
   40      63       336       273   27.2959        28      8.6918     8.15123
   41      63       341       278   27.1179        20     9.01279     8.16173
   42      63       350       287   27.3293        36     8.78736     8.18916
   43      63       356       293   27.2518        24     8.80615     8.20609
   44      63       360       297    26.996        16     8.52285     8.21242
   45      63       364       301   26.7516        16     9.37084     8.22375
   46      63       374       311   27.0395        40     9.68991     8.30376
   47      63       383       320     27.23        36     9.14241     8.33649
   48      63       385       322   26.8294         8     9.05416     8.34094
   49      63       394       331   27.0164        36     9.74268     8.37925
   50      63       405       342   27.3559        44     8.75745     8.40805
   51      63       409       346   27.1332        16     8.84988     8.41161
   52      63       412       349   26.8422        12     9.80485     8.42064
   53      63       419       356   26.8639        28     9.81331      8.4717
   54      63       428       365    27.033        36     8.75958     8.49489
   55      63       433       370   26.9051        20     9.29869     8.52986
   56      63       440       377   26.9246        28     9.90354     8.55119
   57      63       445       382    26.803        20     10.3609     8.57581
   58      63       453       390   26.8926        32       9.465     8.60156
   59      63       460       397   26.9113        28     9.48534     8.61771
2026-07-07T23:34:45.686622+0800 min lat: 1.98116 max lat: 19.7582 avg lat: 8.64086
  sec Cur ops   started  finished  avg MB/s  cur MB/s last lat(s)  avg lat(s)
   60      63       468       405    26.996        32     9.67599     8.64086
   61      63       476       413    27.078        32     8.83027     8.65228
   62      63       480       417   26.8993        16     9.42034     8.65983
   63      63       487       424   26.9167        28     9.30599     8.67014
   64      63       495       432    26.996        32     9.10567     8.67856
   65      63       497       434   26.7038         8     9.53567     8.68248
   66      63       504       441   26.7233        28      8.9744     8.69509
   67      63       513       450   26.8617        36     9.34018     8.70851
   68      63       519       456   26.8196        24     9.41577     8.71491
   69      63       523       460   26.6627        16     9.05046      8.7209
   70      63       533       470   26.8532        40      9.7375      8.7897
   71      63       539       476   26.8129        24     10.2794     8.80867
   72      63       542       479   26.6072        12     9.93851     8.81681
   73      63       552       489   26.7906        40     9.37477     8.83923
   74      63       558       495   26.7528        24       10.32     8.85572
   75      63       569       506   26.9827        44     8.80428     8.87146
   76      63       574       511   26.8908        20     9.14829     8.87496
   77      63       579       516   26.8013        20     9.74939     8.88064
   78      63       587       524   26.8678        32     9.56342     8.89207
   79      63       590       527   26.6796        12     9.36528     8.89388
2026-07-07T23:35:05.689565+0800 min lat: 1.98116 max lat: 20.2105 avg lat: 8.90627
  sec Cur ops   started  finished  avg MB/s  cur MB/s last lat(s)  avg lat(s)
   80      63       598       535   26.7461        32     9.40396     8.90627
   81      63       602       539   26.6134        16     9.72625     8.91219
   82      63       610       547    26.679        32     9.39355     8.92131
   83      63       616       553   26.6467        24      10.485     8.93636
   84      63       622       559   26.6151        24     10.0108     8.94673
   85      63       629       566   26.6314        28      10.095     8.95819
   86      63       636       573   26.6472        28      10.447     8.97725
   87      63       642       579   26.6168        24     10.2558     8.98972
   88      63       648       585    26.587        24     10.2717     9.00267
   89      63       655       592   26.6028        28     9.82643     9.01966
   90      63       660       597   26.5294        20     10.4606     9.03039
   91      63       664       601   26.4137        16     10.4037     9.04029
   92      63       671       608   26.4309        28     10.2511     9.05589
   93      63       674       611   26.2757        12     11.0845     9.06369
   94      63       686       623   26.5067        48     9.98775     9.08721
   95      63       690       627   26.3961        16     10.1705     9.09334
   96      63       694       631   26.2878        16     10.3653     9.10141
   97      63       706       643   26.5116        48     9.73461     9.12603
   98      63       711       648   26.4451        20       9.917     9.13199
   99      63       717       654   26.4204        24      10.005     9.13905
2026-07-07T23:35:25.692527+0800 min lat: 1.98116 max lat: 20.2105 avg lat: 9.14664
  sec Cur ops   started  finished  avg MB/s  cur MB/s last lat(s)  avg lat(s)
  100      63       722       659   26.3561        20      10.211     9.14664
  101      63       727       664   26.2931        20     9.96904     9.15289
  102      63       734       671   26.3098        28     9.91816      9.1608
  103      63       741       678   26.3262        28     9.51962     9.17983
  104      63       746       683   26.2653        20     10.0511      9.1852
  105      63       752       689   26.2437        24      9.6398     9.19179
  106      63       757       694   26.1848        20     9.20003      9.1938
  107      63       764       701   26.2017        28     10.1139     9.20083
  108      63       768       705   26.1072        16     9.95793     9.20584
  109      63       776       713   26.1613        32     9.72093     9.21181
  110      63       781       718   26.1052        20     9.44277     9.21345
  111      63       786       723   26.0502        20     9.64498     9.23034
  112      63       795       732    26.139        36     9.37995     9.23693
  113      63       802       739   26.1554        28     9.34403     9.25206
  114      63       803       740   25.9611         4     10.0387     9.25312
  115      63       808       745   25.9092        20     10.1907     9.25955
  116      63       818       755   26.0306        40     9.60852     9.30549
  117      63       825       762   26.0474        28     9.51199     9.31894
  118      63       831       768     26.03        24     9.86593     9.32262
  119      63       837       774    26.013        24     9.71917     9.33919
2026-07-07T23:35:45.695569+0800 min lat: 1.98116 max lat: 20.2105 avg lat: 9.35083
  sec Cur ops   started  finished  avg MB/s  cur MB/s last lat(s)  avg lat(s)
  120      63       843       780   25.9961        24     9.20243     9.35083
  121      23       844       821   27.1365       164     5.03956     9.18886
  122      16       844       828   27.1435        28     2.56673     9.14515
  123       6       844       838    27.248        40      5.2089     9.10177
Total time run:         123.575
Total writes made:      844
Write size:             4194304
Object size:            4194304
Bandwidth (MB/sec):     27.3194
Stddev Bandwidth:       17.089
Max bandwidth (MB/sec): 164
Min bandwidth (MB/sec): 0
Average IOPS:           6
Stddev IOPS:            4.27854
Max IOPS:               41
Min IOPS:               0
Average Latency(s):     9.11833
Stddev Latency(s):      2.50556
Max latency(s):         20.2105
Min latency(s):         1.17193
[2026-07-07 23:35:49] END: rep write 4M r3
[2026-07-07 23:36:01] ---- rep prefill for rand read (4M, 120s) ----
[2026-07-07 23:36:13] Health: HEALTH_OK
[2026-07-07 23:38:15] Prefill done. Objects: GiB
[2026-07-07 23:38:15] ---- rep rand read 4M round 1 ----
[2026-07-07 23:38:27] Health: HEALTH_OK
[2026-07-07 23:38:27] START: rados bench -p rep3-test 120 rand -t 64
hints = 1
  sec Cur ops   started  finished  avg MB/s  cur MB/s last lat(s)  avg lat(s)
    0       0         0         0         0         0           -           0
    1      51        51         0         0         0           -           0
    2      63        79        16   31.9929        32     1.95533     1.71609
    3      63       106        43    57.322       108     2.29601     2.04697
    4      63       135        72   71.9874       116     2.30559     2.14823
    5      63       163       100   79.9695       112     2.28585     2.18561
    6      63       192       129   85.9707       116     2.24187     2.19762
    7      63       219       156   89.1148       108     2.26962     2.21196
    8      63       248       185   92.4726       116     2.30674     2.22615
    9      63       277       214   95.0849       116     2.21978     2.23532
   10      63       303       240   95.9748       104     2.25541     2.23834
   11      63       332       269   97.7437       116     2.27713     2.24211
   12      63       360       297   98.9296       112      2.2799     2.24696
   13      63       387       324   99.6254       108     2.24031     2.24912
   14      63       417       354   101.079       120      2.2101     2.24711
   15      63       444       381   101.539       108     2.18518     2.25054
   16      63       472       409   102.191       112     2.32383     2.25112
   17      63       501       438   103.002       116     2.06423     2.25128
   18      63       529       466   103.501       112     1.64174     2.22297
   19      63       557       494   103.947       112      1.7141     2.23437
2026-07-07T23:38:47.944840+0800 min lat: 1.44274 max lat: 4.52203 avg lat: 2.2424
  sec Cur ops   started  finished  avg MB/s  cur MB/s last lat(s)  avg lat(s)
   20      63       585       522    104.34       112     1.73802      2.2424
   21      63       612       549   104.513       108     3.32473     2.23741
   22      63       641       578   105.034       116     1.79363     2.24147
   23      63       669       606   105.336       112      1.9116     2.25258
   24      63       697       634   105.611       112     1.78393     2.24625
   25      63       727       664   106.186       120      1.8029     2.24824
   26      63       754       691   106.255       108     1.77742     2.24631
   27      63       781       718   106.319       108     2.06822     2.24995
   28      63       809       746   106.521       112     1.78346     2.25717
   29      63       837       774   106.709       112     3.71318     2.24215
   30      63       867       804   107.152       120     1.77181     2.25659
   31      63       894       831   107.178       108     1.86505     2.25502
   32      63       922       859   107.328       112     1.78129     2.25581
   33      63       950       887    107.47       112     3.65041     2.25457
   34      63       978       915   107.602       112     1.93927     2.25954
   35      63      1006       943   107.727       112     1.57202     2.25323
   36      63      1035       972   107.957       116     3.33918     2.25728
   37      63      1064      1001   108.167       116     1.58914     2.25828
   38      63      1089      1026   107.952       100     3.31214     2.25662
   39      63      1118      1055   108.158       116     1.76615     2.26073
2026-07-07T23:39:07.950472+0800 min lat: 1.44274 max lat: 4.52203 avg lat: 2.25655
  sec Cur ops   started  finished  avg MB/s  cur MB/s last lat(s)  avg lat(s)
   40      63      1146      1083   108.254       112     1.69399     2.25655
   41      63      1175      1112   108.442       116     3.59248     2.26203
   42      63      1203      1140   108.526       112     1.44522     2.25383
   43      63      1231      1168   108.607       112     3.31212     2.26246
   44      63      1258      1195   108.593       108      3.2549     2.25858
   45      63      1287      1224   108.755       116     3.45202     2.26287
   46      63      1314      1251   108.738       108      1.7115     2.26268
   47      63      1343      1280   108.892       116     1.88263     2.26227
   48      63      1371      1308   108.957       112     1.94679     2.26443
   49      63      1398      1335   108.937       108     1.67238     2.26198
   50      63      1428      1365   109.158       120      3.7355     2.26313
   51      63      1455      1392   109.135       108      2.1178     2.26629
   52      63      1484      1421   109.267       116     1.55424     2.26345
   53      63      1512      1449   109.318       112     3.49902     2.26082
   54      63      1539      1476   109.293       108     3.32014     2.26536
   55      63      1567      1504   109.342       112     1.81705     2.26496
   56      63      1595      1532   109.389       112     1.85247     2.26489
   57      63      1625      1562   109.575       120     3.51678     2.26643
   58      63      1652      1589   109.548       108       3.623     2.26682
   59      63      1681      1618   109.657       116     1.56093     2.26386
2026-07-07T23:39:27.954074+0800 min lat: 1.44132 max lat: 4.52203 avg lat: 2.26378
  sec Cur ops   started  finished  avg MB/s  cur MB/s last lat(s)  avg lat(s)
   60      63      1708      1645   109.629       108     1.81978     2.26378
   61      63      1736      1673   109.667       112     2.13478     2.26741
   62      63      1764      1701   109.705       112     2.30027     2.27118
   63      63      1791      1728   109.677       108     1.84004     2.26864
   64      63      1820      1757   109.776       116     3.74575     2.26288
   65      63      1848      1785    109.81       112     1.81421     2.26759
   66      63      1878      1815   109.964       120     1.91379     2.26798
   67      63      1903      1840   109.815       100     1.98015     2.26817
   68      63      1933      1870   109.964       120     1.72363     2.26711
   69      63      1962      1899   110.052       116     1.53683     2.26323
   70      63      1989      1926   110.022       108     3.34807      2.2691
   71      63      2016      1953   109.993       108     1.59927     2.26659
   72      63      2045      1982   110.076       116       1.677      2.2659
   73      63      2074      2011   110.157       116     1.93813     2.26893
   74      63      2102      2039   110.182       112     1.64715      2.2687
   75      63      2130      2067   110.206       112     3.41036     2.26841
   76      63      2157      2094   110.177       108     3.41394     2.26941
   77      63      2185      2122     110.2       112     1.85818     2.26965
   78      63      2212      2149   110.172       108     3.54544      2.2675
   79      63      2241      2178   110.245       116     1.84156     2.26892
2026-07-07T23:39:47.957133+0800 min lat: 1.44132 max lat: 4.52203 avg lat: 2.27117
  sec Cur ops   started  finished  avg MB/s  cur MB/s last lat(s)  avg lat(s)
   80      63      2269      2206   110.267       112     1.94557     2.27117
   81      63      2297      2234   110.288       112     1.68101     2.26864
   82      63      2326      2263   110.358       116     1.64079     2.26775
   83      63      2354      2291   110.377       112     1.61839     2.26833
   84      63      2382      2319   110.396       112     3.36991     2.26892
   85      63      2411      2348   110.452       116     1.63561     2.26785
   86      63      2438      2375   110.424       108      1.8158     2.26949
   87      63      2467      2404   110.487       116     3.42128      2.2696
   88      63      2496      2433   110.546       116     3.46749     2.26981
   89      63      2523      2460   110.517       108     1.73398     2.26895
   90      63      2552      2489   110.578       116     1.77871     2.27041
   91      63      2579      2516   110.549       108     1.65706     2.26863
   92      63      2607      2544   110.565       112     1.56245     2.26966
   93      63      2635      2572    110.58       112     1.74746     2.26889
   94      63      2663      2600   110.595       112     1.76641     2.27066
   95      63      2691      2628    110.61       112     3.50594     2.26961
   96      63      2720      2657   110.665       116     1.65723     2.26958
   97      63      2746      2683   110.597       104     1.75833     2.27004
   98      63      2776      2713   110.692       120     1.91283     2.27099
   99      63      2804      2741   110.705       112      3.5398     2.27112
2026-07-07T23:40:07.971095+0800 min lat: 1.44132 max lat: 4.52203 avg lat: 2.27
  sec Cur ops   started  finished  avg MB/s  cur MB/s last lat(s)  avg lat(s)
  100      63      2833      2770   110.758       116     1.75675        2.27
  101      63      2859      2796   110.691       104     1.73062     2.27031
  102      63      2889      2826   110.782       120      1.6279     2.27026
  103      63      2917      2854   110.794       112     1.77659     2.27014
  104      63      2945      2882   110.805       112     2.10098      2.2712
  105      63      2973      2910   110.816       112     2.29376     2.27344
  106      63      3000      2937    110.79       108     2.14333     2.27334
  107      63      3028      2965   110.801       112     1.55821     2.26881
  108      63      3056      2993   110.812       112     1.73663      2.2707
  109      63      3084      3021   110.823       112     3.31583     2.27261
  110      63      3112      3049   110.833       112     1.71451     2.27075
  111      63      3140      3077   110.843       112     1.75285     2.27169
  112      63      3168      3105   110.854       112     1.76161     2.27205
  113      63      3197      3134   110.899       116     1.77037     2.27137
  114      63      3226      3163   110.944       116     1.73115     2.27117
  115      63      3253      3190   110.918       108     1.74791     2.27078
  116      63      3281      3218   110.927       112     1.76163     2.27231
  117      63      3309      3246   110.936       112     3.37852     2.27054
  118      63      3338      3275   110.979       116     3.35401     2.27245
  119      63      3366      3303   110.987       112     3.46547     2.27185
2026-07-07T23:40:27.997930+0800 min lat: 0.221848 max lat: 4.52203 avg lat: 2.26069
  sec Cur ops   started  finished  avg MB/s  cur MB/s last lat(s)  avg lat(s)
  120      24      3393      3369    112.24       264    0.221848     2.26069
Total time run:       120.852
Total reads made:     3393
Read size:            4194304
Object size:          4194304
Bandwidth (MB/sec):   112.303
Average IOPS:         28
Stddev IOPS:          4.80633
Max IOPS:             66
Min IOPS:             0
Average Latency(s):   2.25685
Max latency(s):       4.52203
Min latency(s):       0.149834
[2026-07-07 23:40:29] END: rep rand read 4M r1
[2026-07-07 23:40:29] ---- rep rand read 4M round 2 ----
[2026-07-07 23:40:40] Health: HEALTH_OK
[2026-07-07 23:40:41] START: rados bench -p rep3-test 120 rand -t 64
hints = 1
  sec Cur ops   started  finished  avg MB/s  cur MB/s last lat(s)  avg lat(s)
    0       0         0         0         0         0           -           0
    1      51        51         0         0         0           -           0
    2      63        78        15   29.9953        30     1.93122     1.68397
    3      63       106        43   57.3243       112     2.23283      2.0338
    4      63       135        72   71.9893       116     2.26371     2.13629
    5      63       163       100    79.988       112     1.79659     2.08327
    6      63       192       129   85.9868       116     1.68973     2.08325
    7      63       219       156   89.1079       108     3.58729      2.1711
    8      63       248       185   92.4662       116     1.77778     2.17577
    9      63       276       213   94.6343       112     1.59537     2.16892
   10      63       305       242   96.7685       116     3.36372     2.19864
   11      63       333       270   98.1516       112     1.64517     2.20377
   12      63       361       298   99.2804       112     1.62688      2.1974
   13      63       388       325   99.9497       108     1.81548     2.20828
   14      63       417       354   101.094       116     1.80756     2.22418
   15      63       446       383   102.087       116     3.44635      2.2185
   16      63       474       411     102.7       112     1.89273     2.22409
   17      63       499       436    102.54       100     3.82071     2.23142
   18      63       528       465   103.287       116     2.31518     2.25191
   19      63       556       493   103.744       112     1.78324     2.24398
2026-07-07T23:41:01.317518+0800 min lat: 1.4505 max lat: 3.993 avg lat: 2.2296
  sec Cur ops   started  finished  avg MB/s  cur MB/s last lat(s)  avg lat(s)
   20      63       584       521   104.156       112     3.56803      2.2296
   21      63       612       549   104.528       112     1.65857     2.24038
   22      63       641       578   105.049       116     3.39028     2.24346
   23      63       668       605   105.176       108     2.12939     2.25313
   24      63       697       634   105.627       116     1.71499      2.2484
   25      63       726       663   106.041       116     3.54081     2.24255
   26      63       754       691    106.27       112     1.68984     2.25022
   27      63       781       718   106.333       108     3.39985     2.25475
   28      63       810       747   106.678       116     1.61654     2.24621
   29      63       837       774   106.723       108     3.46591     2.24877
   30      63       866       803   107.031       116     1.71092     2.25517
   31      63       894       831   107.191       112     1.53957     2.25187
   32      63       923       860   107.466       116      1.6311     2.25176
   33      63       950       887   107.481       108     2.00997     2.25662
   34      63       978       915   107.614       112     1.83843     2.26087
   35      63      1006       943   107.739       112     1.59014     2.24633
   36      63      1034       971   107.857       112     1.79945     2.25857
   37      63      1061       998    107.86       108     1.78168     2.25817
   38      63      1090      1027   108.074       116     3.48225     2.25862
   39      63      1119      1056   108.276       116     3.38313     2.25552
2026-07-07T23:41:21.320501+0800 min lat: 1.44423 max lat: 3.993 avg lat: 2.26255
  sec Cur ops   started  finished  avg MB/s  cur MB/s last lat(s)  avg lat(s)
   40      63      1145      1082   108.169       104     3.27564     2.26255
   41      63      1172      1109   108.164       108     1.69686     2.26085
   42      63      1201      1138   108.351       116     1.79994     2.26279
   43      63      1229      1166   108.435       112     1.80238      2.2638
   44      63      1259      1196   108.697       120     1.77484     2.26284
   45      63      1286      1223   108.681       108     1.79686     2.26097
   46      63      1314      1251   108.753       112     1.84748     2.26307
   47      63      1342      1279   108.822       112     1.75449     2.26127
   48      63      1371      1308   108.971       116     3.38158     2.26503
   49      63      1399      1336   109.033       112      1.7539     2.26134
   50      63      1427      1364   109.091       112      3.3863     2.26567
   51      63      1455      1392   109.148       112     1.65537     2.26136
   52      63      1482      1419   109.126       108     1.86922     2.26617
   53      63      1511      1448   109.255       116      1.7489     2.26245
   54      63      1540      1477    109.38       116     1.78936     2.26649
   55      63      1567      1504   109.354       108     1.77136     2.26629
   56      63      1596      1533   109.473       116     1.66074     2.26439
   57      63      1624      1561   109.514       112     1.76464      2.2651
   58      63      1651      1588   109.487       108     1.62756     2.26647
   59      63      1679      1616    109.53       112     3.19133     2.26361
2026-07-07T23:41:41.325226+0800 min lat: 1.44423 max lat: 3.993 avg lat: 2.2656
  sec Cur ops   started  finished  avg MB/s  cur MB/s last lat(s)  avg lat(s)
   60      63      1708      1645   109.637       116     1.68599      2.2656
   61      63      1736      1673   109.676       112     3.22619     2.26649
   62      63      1765      1702   109.776       116     1.60404     2.26441
   63      63      1792      1729   109.748       108     1.69839     2.26552
   64      63      1820      1757   109.783       112     1.82425     2.26732
   65      63      1849      1786   109.878       116     1.99083     2.26888
   66      63      1876      1813   109.849       108     1.67843     2.26742
   67      63      1905      1842   109.941       116     3.40995      2.2667
   68      63      1933      1870   109.971       112     3.27511     2.26692
   69      63      1961      1898       110       112     3.44908     2.26839
   70      63      1988      1925   109.971       108     3.41359     2.26732
   71      63      2017      1954   110.056       116     1.56433     2.26649
   72      63      2045      1982   110.083       112     1.75601     2.26835
   73      63      2072      2009   110.054       108     1.68276     2.26809
   74      63      2100      2037    110.08       112     1.66155     2.26638
   75      63      2128      2065   110.105       112     1.83444     2.26953
   76      63      2156      2093    110.13       112     1.70433     2.26786
   77      63      2185      2122   110.206       116     3.37897     2.26923
   78      63      2213      2150   110.229       112     1.76306     2.26774
   79      63      2242      2179   110.302       116     3.47133     2.26953
2026-07-07T23:42:01.328927+0800 min lat: 1.43576 max lat: 3.993 avg lat: 2.26829
  sec Cur ops   started  finished  avg MB/s  cur MB/s last lat(s)  avg lat(s)
   80      63      2269      2206   110.273       108     1.79353     2.26829
   81      63      2297      2234   110.294       112     1.62713     2.26924
   82      63      2325      2262   110.314       112     1.64574     2.26633
   83      63      2353      2290   110.334       112     1.83701     2.27021
   84      63      2383      2320   110.449       120     1.52767     2.26761
   85      63      2409      2346   110.373       104     1.71255     2.26838
   86      63      2438      2375   110.438       116     1.70439     2.27074
   87      63      2465      2402    110.41       108     1.76163     2.26861
   88      63      2493      2430   110.428       112     3.45307     2.27057
   89      63      2521      2458   110.446       112     1.71297     2.26779
   90      63      2550      2487   110.507       116     1.90043     2.27065
   91      63      2578      2515   110.523       112     1.75736     2.26926
   92      63      2606      2543   110.539       112     1.80258     2.26988
   93      63      2634      2571   110.554       112     1.68011     2.26993
   94      63      2663      2600   110.612       116     3.38111     2.26908
   95      63      2690      2627   110.584       108     3.37346     2.27085
   96      63      2718      2655   110.599       112     3.54024     2.27013
   97      63      2746      2683   110.613       112     1.81746     2.27078
   98      63      2774      2711   110.627       112     1.79271     2.27042
   99      63      2802      2739   110.641       112      3.5747     2.27068
2026-07-07T23:42:21.332452+0800 min lat: 1.43576 max lat: 3.993 avg lat: 2.26998
  sec Cur ops   started  finished  avg MB/s  cur MB/s last lat(s)  avg lat(s)
  100      63      2831      2768   110.694       116     1.69424     2.26998
  101      63      2859      2796   110.707       112     1.78456     2.27076
  102      63      2888      2825   110.759       116     1.69048     2.27049
  103      63      2915      2852   110.732       108     1.78428     2.27139
  104      63      2943      2880   110.744       112     1.72904     2.27096
  105      63      2971      2908   110.755       112     1.65143     2.27058
  106      63      2999      2936   110.767       112     1.78702     2.27052
  107      63      3027      2964   110.778       112     1.89318     2.27126
  108      63      3056      2993   110.827       116     3.64655     2.27245
  109      63      3084      3021   110.837       112     1.79774     2.27113
  110      63      3110      3047   110.775       104     3.60698      2.2706
  111      63      3141      3078   110.894       124     1.77414     2.27171
  112      63      3169      3106   110.904       112     1.71903     2.27071
  113      63      3196      3133   110.878       108       3.416     2.27145
  114      63      3224      3161   110.888       112     1.61226     2.26996
  115      63      3252      3189   110.897       112     3.41282     2.27164
  116      63      3281      3218   110.941       116     3.38917     2.27217
  117      63      3307      3244   110.881       104     3.49754     2.27123
  118      63      3337      3274   110.959       120     3.27147     2.27128
  119      63      3365      3302   110.967       112      1.7409     2.27164
2026-07-07T23:42:41.335468+0800 min lat: 1.43576 max lat: 3.993 avg lat: 2.27113
  sec Cur ops   started  finished  avg MB/s  cur MB/s last lat(s)  avg lat(s)
  120      63      3392      3329   110.942       108     1.67372     2.27113
Total time run:       120.883
Total reads made:     3393
Read size:            4194304
Object size:          4194304
Bandwidth (MB/sec):   112.274
Average IOPS:         28
Stddev IOPS:          3.32336
Max IOPS:             31
Min IOPS:             0
Average Latency(s):   2.25656
Max latency(s):       3.993
Min latency(s):       0.142245
[2026-07-07 23:42:42] END: rep rand read 4M r2
[2026-07-07 23:42:42] ---- rep rand read 4M round 3 ----
[2026-07-07 23:42:54] Health: HEALTH_OK
[2026-07-07 23:42:54] START: rados bench -p rep3-test 120 rand -t 64
hints = 1
  sec Cur ops   started  finished  avg MB/s  cur MB/s last lat(s)  avg lat(s)
    0       0         0         0         0         0           -           0
    1      53        53         0         0         0           -           0
    2      63        79        16   31.9933        32     1.96581     1.70424
    3      63       107        44    58.656       112     2.29256     2.03649
    4      63       135        72   71.9873       112     2.12994     2.12456
    5      63       164       101   80.7858       116     1.75518     2.08003
    6      63       191       128   85.3186       108     1.76565     2.10851
    7      63       220       157   89.6989       116     3.61321     2.18387
    8      63       249       186   92.9842       116     1.60574     2.15857
    9      63       276       213   94.6508       108     1.67125     2.17499
   10      63       305       242   96.7837       116     3.08142     2.20595
   11      63       332       269   97.8016       108     3.19871     2.19345
   12      63       360       297   98.9836       112     1.68344     2.21495
   13      63       389       326   100.286       116     3.31144     2.21313
   14      63       417       354   101.122       112     1.66469      2.2261
   15      63       443       380   101.313       104     1.70012     2.21182
   16      63       472       409    102.23       116     1.89783     2.23652
   17      63       500       437   102.804       112     1.68065     2.22878
   18      63       530       467   103.758       120     1.70106     2.24131
   19      63       557       494   103.981       108     3.23569     2.22874
2026-07-07T23:43:14.687607+0800 min lat: 1.41626 max lat: 3.97858 avg lat: 2.24408
  sec Cur ops   started  finished  avg MB/s  cur MB/s last lat(s)  avg lat(s)
   20      63       583       520   103.981       104       1.778     2.24408
   21      63       613       550   104.742       120      1.7636     2.24141
   22      63       642       579   105.253       116     1.98702     2.24871
   23      63       669       606   105.372       108      2.1762     2.25474
   24      63       697       634   105.647       112     2.21142     2.26076
   25      63       724       661   105.741       108     2.22639     2.26243
   26      63       752       689   105.981       112     1.60877     2.24426
   27      63       779       716   106.055       108     1.73154     2.25417
   28      63       809       746   106.553       120     1.49503     2.24782
   29      63       836       773   106.602       108     3.39952     2.25742
   30      63       864       801   106.782       112     1.76767     2.25843
   31      63       893       830   107.079       116     3.66134     2.25488
   32      63       920       857   107.107       108     1.77307     2.25944
   33      63       950       887   107.497       120     1.51174     2.25235
   34      63       977       914   107.511       108     1.81102     2.25931
   35      63      1005       942   107.639       112     1.66945     2.25824
   36      63      1031       968   107.538       104      3.5668     2.25687
   37      63      1060       997   107.766       116     3.38094     2.26334
   38      63      1088      1025   107.877       112       1.679     2.25613
   39      63      1118      1055   108.185       120     1.72954     2.26283
2026-07-07T23:43:34.691404+0800 min lat: 1.41626 max lat: 4.14012 avg lat: 2.26212
  sec Cur ops   started  finished  avg MB/s  cur MB/s last lat(s)  avg lat(s)
   40      63      1146      1083    108.28       112     3.30399     2.26212
   41      63      1174      1111    108.37       112     1.76988     2.26399
   42      63      1202      1139   108.456       112     1.67204     2.25972
   43      63      1229      1166   108.445       108     1.91044     2.26132
   44      63      1257      1194   108.525       112     1.83678     2.26568
   45      63      1286      1223   108.691       116     1.75259     2.26223
   46      63      1314      1251   108.763       112     1.77731     2.26355
   47      63      1342      1279   108.831       112      1.8024     2.26659
   48      63      1371      1308    108.98       116     3.50055     2.26277
   49      63      1399      1336   109.042       112     1.93799     2.26608
   50      63      1427      1364     109.1       112     1.74525     2.26687
   51      63      1454      1391   109.078       108     1.46042     2.26019
   52      63      1483      1420   109.211       116     3.44455     2.26419
   53      63      1511      1448   109.263       112      1.7425     2.26338
   54      63      1539      1476   109.314       112     1.69307     2.26609
   55      63      1567      1504   109.362       112     1.52532     2.26271
   56      63      1596      1533   109.481       116     1.50992     2.26576
   57      63      1623      1560   109.454       108     3.27693     2.26521
   58      63      1650      1587   109.429       108     1.73493     2.26723
   59      63      1678      1615   109.472       112     1.49968     2.26369
2026-07-07T23:43:54.694429+0800 min lat: 1.41626 max lat: 4.14012 avg lat: 2.26648
  sec Cur ops   started  finished  avg MB/s  cur MB/s last lat(s)  avg lat(s)
   60      63      1707      1644   109.581       116     1.70559     2.26648
   61      63      1735      1672   109.613       112     1.87576     2.26927
   62      63      1764      1701   109.716       116     3.42655     2.26836
   63      63      1792      1729   109.752       112     3.27214     2.26886
   64      63      1820      1757   109.787       112     1.52106      2.2661
   65      63      1848      1785   109.821       112     3.22054     2.26838
   66      63      1875      1812   109.793       108     1.65467     2.26811
   67      63      1904      1841   109.885       116     3.36893     2.26757
   68      63      1933      1870   109.975       116     1.71326     2.26887
   69      63      1961      1898   110.004       112     3.37749     2.26885
   70      63      1987      1924   109.918       104     1.87463     2.26876
   71      63      2017      1954    110.06       120     1.56708     2.26852
   72      63      2045      1982   110.087       112     1.57767     2.26713
   73      63      2071      2008   110.003       104     1.74702      2.2701
   74      63      2100      2037   110.084       116     3.27521     2.26862
   75      63      2127      2064   110.056       108     3.36602     2.26835
   76      63      2157      2094   110.186       120     1.78739     2.26791
   77      63      2184      2121   110.158       108     3.74738     2.26863
   78      63      2213      2150   110.233       116     2.17675     2.27173
   79      63      2241      2178   110.255       112     1.77873     2.27212
2026-07-07T23:44:14.701087+0800 min lat: 1.41626 max lat: 4.14012 avg lat: 2.26524
  sec Cur ops   started  finished  avg MB/s  cur MB/s last lat(s)  avg lat(s)
   80      63      2269      2206   110.276       112     3.77474     2.26524
   81      63      2297      2234   110.297       112     3.77777     2.27123
   82      63      2325      2262   110.318       112     2.00674     2.27082
   83      63      2353      2290   110.338       112     1.76503     2.27085
   84      63      2381      2318   110.357       112     1.56656     2.26696
   85      63      2409      2346   110.377       112     3.50044     2.27055
   86      63      2438      2375   110.442       116     1.74815     2.26975
   87      63      2466      2403    110.46       112      1.6877     2.26983
   88      63      2494      2431   110.476       112     3.34124     2.27026
   89      63      2521      2458   110.448       108     3.43453     2.27017
   90      63      2550      2487   110.509       116     1.55293     2.27032
   91      63      2578      2515   110.526       112     1.63531     2.27023
   92      63      2606      2543   110.541       112     3.39922     2.27074
   93      63      2634      2571   110.557       112     1.89989     2.27157
   94      63      2662      2599   110.572       112     3.41451     2.27032
   95      63      2691      2628   110.629       116     1.53899     2.27004
   96      63      2719      2656   110.643       112     1.62045     2.27187
   97      63      2746      2683   110.616       108     1.58013     2.26978
   98      63      2775      2712    110.67       116     3.46548      2.2721
   99      63      2802      2739   110.643       108     1.80523     2.27169
2026-07-07T23:44:34.704902+0800 min lat: 1.40101 max lat: 4.14012 avg lat: 2.27077
  sec Cur ops   started  finished  avg MB/s  cur MB/s last lat(s)  avg lat(s)
  100      63      2830      2767   110.657       112     3.49641     2.27077
  101      63      2858      2795    110.67       112     1.69605     2.27239
  102      63      2887      2824   110.722       116     1.50469     2.26972
  103      63      2915      2852   110.734       112     3.34609     2.27152
  104      63      2942      2879   110.708       108     3.35179     2.27151
  105      63      2971      2908   110.758       116     1.67629     2.27102
  106      63      2998      2935   110.732       108     3.48003     2.27178
  107      63      3027      2964   110.781       116     1.55449     2.27122
  108      63      3056      2993   110.829       116     3.47036     2.27053
  109      63      3083      3020   110.803       108     3.39106     2.27243
  110      63      3111      3048   110.814       112     1.88215     2.27269
  111      63      3139      3076   110.824       112      1.8464     2.27207
  112      63      3168      3105    110.87       116     1.93148     2.27275
  113      63      3197      3134   110.916       116     1.74151     2.27241
  114      63      3224      3161    110.89       108     3.53132     2.27162
  115      63      3252      3189   110.899       112     1.58402     2.27206
  116      63      3279      3216   110.874       108     3.24277     2.27149
  117      63      3308      3245   110.918       116     1.70119     2.27256
  118      63      3337      3274   110.961       116     1.65127     2.27211
  119      63      3365      3302   110.969       112     1.75888     2.27175
2026-07-07T23:44:54.708140+0800 min lat: 1.40101 max lat: 4.14012 avg lat: 2.27339
  sec Cur ops   started  finished  avg MB/s  cur MB/s last lat(s)  avg lat(s)
  120      63      3393      3330   110.978       112     3.44934     2.27339
Total time run:       120.925
Total reads made:     3394
Read size:            4194304
Object size:          4194304
Bandwidth (MB/sec):   112.268
Average IOPS:         28
Stddev IOPS:          3.27451
Max IOPS:             30
Min IOPS:             0
Average Latency(s):   2.2575
Max latency(s):       4.14012
Min latency(s):       0.204467
[2026-07-07 23:44:55] END: rep rand read 4M r3
[2026-07-07 23:45:08] Health: HEALTH_OK
[2026-07-07 23:45:08] Replica 4M done.
[2026-07-07 23:45:08] Deleting replica pool rep3-test...
pool 'rep3-test' removed
[2026-07-07 23:45:17] Health: HEALTH_OK
[2026-07-07 23:45:17] Pool rep3-test deleted.
[2026-07-07 23:45:29] Health: HEALTH_OK
[2026-07-07 23:45:29] ==============================================
[2026-07-07 23:45:29] Exp 3: EC vs Replica — COMPLETE
[2026-07-07 23:45:29] ==============================================
