[2026-07-08 13:16:24] ==============================================
[2026-07-08 13:16:24] Stage F: Full 6 OSD tmpfs DB migration START
[2026-07-08 13:16:24] ==============================================
[2026-07-08 13:16:24] ==== OSD.0 on 192.168.11.11 (loop=loop20, tmpfs=/tmp/bs-db-osd0) ====
[2026-07-08 13:16:24]   Creating tmpfs + loop device...
bash: warning: setlocale: LC_ALL: cannot change locale (zh_CN.utf8)
/dev/loop20: [0084]:2 (/tmp/bs-db-osd0/db_device)
tmpfs+loop ready
[2026-07-08 13:16:24]   Stopping osd.0...
Scheduled to stop osd.0 on host 'ceph-node1'
[2026-07-08 13:16:40]   osd.0 status: osd.0
[2026-07-08 13:16:40]   Running bluefs-bdev-new-db...
bash: warning: setlocale: LC_ALL: cannot change locale (zh_CN.utf8)
inferring bluefs devices from bluestore path
DB device added loop20
[2026-07-08 13:16:47]   Verifying block.db symlink...
bash: warning: setlocale: LC_ALL: cannot change locale (zh_CN.utf8)
lrwxrwxrwx 1 root root 6 Jul  8 13:16 /var/lib/ceph/073f28e0-5fe0-11f1-8ce6-7369ee2be5a1/osd.0/block.db -> loop20
[2026-07-08 13:16:48]   Resetting systemd + starting osd.0...
bash: warning: setlocale: LC_ALL: cannot change locale (zh_CN.utf8)
Scheduled to start osd.0 on host 'ceph-node1'
[2026-07-08 13:17:09]   osd.0 status after start: osd.0
[2026-07-08 13:17:09]   WARNING: osd.0 not up yet, waiting 30s more...
[2026-07-08 13:17:40]   osd.0 status: osd.0
[2026-07-08 13:17:40] ==== OSD.1 on 192.168.11.11 (loop=loop21, tmpfs=/tmp/bs-db-osd1) ====
[2026-07-08 13:17:40]   Creating tmpfs + loop device...
bash: warning: setlocale: LC_ALL: cannot change locale (zh_CN.utf8)
/dev/loop21: [0086]:2 (/tmp/bs-db-osd1/db_device)
tmpfs+loop ready
[2026-07-08 13:17:40]   Stopping osd.1...
Scheduled to stop osd.1 on host 'ceph-node1'
[2026-07-08 13:17:56]   osd.1 status: osd.1
[2026-07-08 13:17:56]   Running bluefs-bdev-new-db...
bash: warning: setlocale: LC_ALL: cannot change locale (zh_CN.utf8)
inferring bluefs devices from bluestore path
DB device added loop21
[2026-07-08 13:18:04]   Verifying block.db symlink...
bash: warning: setlocale: LC_ALL: cannot change locale (zh_CN.utf8)
lrwxrwxrwx 1 root root 6 Jul  8 13:18 /var/lib/ceph/073f28e0-5fe0-11f1-8ce6-7369ee2be5a1/osd.1/block.db -> loop21
[2026-07-08 13:18:04]   Resetting systemd + starting osd.1...
bash: warning: setlocale: LC_ALL: cannot change locale (zh_CN.utf8)
Scheduled to start osd.1 on host 'ceph-node1'
[2026-07-08 13:18:25]   osd.1 status after start: osd.1
[2026-07-08 13:18:25]   WARNING: osd.1 not up yet, waiting 30s more...
[2026-07-08 13:18:56]   osd.1 status: osd.1
[2026-07-08 13:18:56] ==== OSD.2 on 192.168.11.13 (loop=loop20, tmpfs=/tmp/bs-db-osd2) ====
[2026-07-08 13:18:56]   Creating tmpfs + loop device...
bash: warning: setlocale: LC_ALL: cannot change locale (zh_CN.utf8)
/dev/loop20: [0084]:2 (/tmp/bs-db-osd2/db_device)
tmpfs+loop ready
[2026-07-08 13:18:57]   Stopping osd.2...
Scheduled to stop osd.2 on host 'ceph-node2'
[2026-07-08 13:19:13]   osd.2 status: osd.2
[2026-07-08 13:19:13]   Running bluefs-bdev-new-db...
bash: warning: setlocale: LC_ALL: cannot change locale (zh_CN.utf8)
inferring bluefs devices from bluestore path
DB device added loop20
[2026-07-08 13:19:18]   Verifying block.db symlink...
bash: warning: setlocale: LC_ALL: cannot change locale (zh_CN.utf8)
lrwxrwxrwx 1 root root 6 Jul  8 13:19 /var/lib/ceph/073f28e0-5fe0-11f1-8ce6-7369ee2be5a1/osd.2/block.db -> loop20
[2026-07-08 13:19:19]   Resetting systemd + starting osd.2...
bash: warning: setlocale: LC_ALL: cannot change locale (zh_CN.utf8)
Scheduled to start osd.2 on host 'ceph-node2'
[2026-07-08 13:19:40]   osd.2 status after start: osd.2
[2026-07-08 13:19:40]   WARNING: osd.2 not up yet, waiting 30s more...
[2026-07-08 13:20:10]   osd.2 status: osd.2
[2026-07-08 13:20:10] ==== OSD.3 on 192.168.11.13 (loop=loop21, tmpfs=/tmp/bs-db-osd3) ====
[2026-07-08 13:20:10]   Creating tmpfs + loop device...
bash: warning: setlocale: LC_ALL: cannot change locale (zh_CN.utf8)
/dev/loop21: [0087]:2 (/tmp/bs-db-osd3/db_device)
tmpfs+loop ready
[2026-07-08 13:20:12]   Stopping osd.3...
Scheduled to stop osd.3 on host 'ceph-node2'
[2026-07-08 13:20:28]   osd.3 status: osd.3
[2026-07-08 13:20:28]   Running bluefs-bdev-new-db...
bash: warning: setlocale: LC_ALL: cannot change locale (zh_CN.utf8)
inferring bluefs devices from bluestore path
DB device added loop21
[2026-07-08 13:20:37]   Verifying block.db symlink...
bash: warning: setlocale: LC_ALL: cannot change locale (zh_CN.utf8)
lrwxrwxrwx 1 root root 6 Jul  8 13:20 /var/lib/ceph/073f28e0-5fe0-11f1-8ce6-7369ee2be5a1/osd.3/block.db -> loop21
[2026-07-08 13:20:38]   Resetting systemd + starting osd.3...
bash: warning: setlocale: LC_ALL: cannot change locale (zh_CN.utf8)
Scheduled to start osd.3 on host 'ceph-node2'
[2026-07-08 13:20:59]   osd.3 status after start: osd.3
[2026-07-08 13:20:59]   WARNING: osd.3 not up yet, waiting 30s more...
[2026-07-08 13:21:30]   osd.3 status: osd.3
[2026-07-08 13:21:30] ==== OSD.4 on 192.168.11.14 (loop=loop20, tmpfs=/tmp/bs-db-osd4) ====
[2026-07-08 13:21:30]   Creating tmpfs + loop device...
bash: warning: setlocale: LC_ALL: cannot change locale (zh_CN.utf8)
/dev/loop20: [0058]:2 (/tmp/bs-db-osd4/db_device)
tmpfs+loop ready
[2026-07-08 13:21:31]   Stopping osd.4...
Scheduled to stop osd.4 on host 'ceph-node3'
[2026-07-08 13:21:47]   osd.4 status: osd.4
[2026-07-08 13:21:47]   Running bluefs-bdev-new-db...
bash: warning: setlocale: LC_ALL: cannot change locale (zh_CN.utf8)
sudo: podman: command not found
[2026-07-08 13:21:47]   Verifying block.db symlink...
bash: warning: setlocale: LC_ALL: cannot change locale (zh_CN.utf8)
ls: cannot access '/var/lib/ceph/073f28e0-5fe0-11f1-8ce6-7369ee2be5a1/osd.4/block.db': No such file or directory
[2026-07-08 13:21:48]   Resetting systemd + starting osd.4...
bash: warning: setlocale: LC_ALL: cannot change locale (zh_CN.utf8)
Scheduled to start osd.4 on host 'ceph-node3'
[2026-07-08 13:22:09]   osd.4 status after start: osd.4
[2026-07-08 13:22:09]   WARNING: osd.4 not up yet, waiting 30s more...
[2026-07-08 13:22:40]   osd.4 status: osd.4
[2026-07-08 13:22:40] ==== OSD.5 on 192.168.11.14 (loop=loop21, tmpfs=/tmp/bs-db-osd5) ====
[2026-07-08 13:22:40]   Creating tmpfs + loop device...
bash: warning: setlocale: LC_ALL: cannot change locale (zh_CN.utf8)
/dev/loop21: [0061]:2 (/tmp/bs-db-osd5/db_device)
tmpfs+loop ready
[2026-07-08 13:22:41]   Stopping osd.5...
Scheduled to stop osd.5 on host 'ceph-node3'
[2026-07-08 13:22:57]   osd.5 status: osd.5
[2026-07-08 13:22:57]   Running bluefs-bdev-new-db...
bash: warning: setlocale: LC_ALL: cannot change locale (zh_CN.utf8)
sudo: podman: command not found
[2026-07-08 13:22:57]   Verifying block.db symlink...
bash: warning: setlocale: LC_ALL: cannot change locale (zh_CN.utf8)
ls: cannot access '/var/lib/ceph/073f28e0-5fe0-11f1-8ce6-7369ee2be5a1/osd.5/block.db': No such file or directory
[2026-07-08 13:22:57]   Resetting systemd + starting osd.5...
bash: warning: setlocale: LC_ALL: cannot change locale (zh_CN.utf8)
Scheduled to start osd.5 on host 'ceph-node3'
[2026-07-08 13:23:18]   osd.5 status after start: osd.5
[2026-07-08 13:23:18]   WARNING: osd.5 not up yet, waiting 30s more...
[2026-07-08 13:23:49]   osd.5 status: osd.5
[2026-07-08 13:23:49] ==============================================
[2026-07-08 13:23:49] Migration complete. Final verification...
[2026-07-08 13:23:49] ==============================================
ID  CLASS  WEIGHT   TYPE NAME            STATUS  REWEIGHT  PRI-AFF
-1         3.25769  root default                                  
-3         0.93100      host ceph-node1                           
 0    hdd  0.46550          osd.0            up   1.00000  1.00000
 1    hdd  0.46550          osd.1            up   1.00000  1.00000
-5         0.93030      host ceph-node2                           
 2    hdd  0.46480          osd.2            up   1.00000  1.00000
 3    hdd  0.46550          osd.3            up   1.00000  1.00000
-6         1.39639      host ceph-node3                           
 4    hdd  0.93089          osd.4            up   1.00000  1.00000
 5    hdd  0.46550          osd.5            up   1.00000  1.00000
HEALTH_OK
[2026-07-08 13:24:00]   health check 1: HEALTH_OK
[2026-07-08 13:24:00] ==============================================
[2026-07-08 13:24:01] Stage F migration COMPLETE. Health: HEALTH_OK
[2026-07-08 13:24:01] ==============================================
[2026-07-08 13:37:48] ==============================================
[2026-07-08 13:37:48] Stage F fix: Re-migrate with /dev/loopXX path START
[2026-07-08 13:37:48] ==============================================
[2026-07-08 13:37:48] ==== OSD.0 on 192.168.11.11 (loop=/dev/loop20) ====
[2026-07-08 13:37:49]   Container runtime: /usr/bin/podman
[2026-07-08 13:37:49]   Checking tmpfs + loop...
bash: warning: setlocale: LC_ALL: cannot change locale (zh_CN.utf8)
/dev/loop20: [0084]:2 (/tmp/bs-db-osd0/db_device)
[2026-07-08 13:37:49]   Stopping osd.0...
Scheduled to stop osd.0 on host 'ceph-node1'
[2026-07-08 13:38:05]   Running bluefs-bdev-new-db (dev-target=/dev/loop20)...
bash: warning: setlocale: LC_ALL: cannot change locale (zh_CN.utf8)
inferring bluefs devices from bluestore path
DB device added /dev/loop20
[2026-07-08 13:38:11]   Verifying block.db...
bash: warning: setlocale: LC_ALL: cannot change locale (zh_CN.utf8)
lrwxrwxrwx 1 root root 11 Jul  8 13:38 /var/lib/ceph/073f28e0-5fe0-11f1-8ce6-7369ee2be5a1/osd.0/block.db -> /dev/loop20
[2026-07-08 13:38:11]   Starting osd.0...
bash: warning: setlocale: LC_ALL: cannot change locale (zh_CN.utf8)
Scheduled to start osd.0 on host 'ceph-node1'
[2026-07-08 13:38:37]   osd.0 status: up
[2026-07-08 13:38:37]   Verifying block.db persists...
bash: warning: setlocale: LC_ALL: cannot change locale (zh_CN.utf8)
lrwxrwxrwx 1 167 167 11 Jul  8 13:38 /var/lib/ceph/073f28e0-5fe0-11f1-8ce6-7369ee2be5a1/osd.0/block.db -> /dev/loop20
[2026-07-08 13:38:37] ==== OSD.1 on 192.168.11.11 (loop=/dev/loop21) ====
[2026-07-08 13:38:38]   Container runtime: /usr/bin/podman
[2026-07-08 13:38:38]   Checking tmpfs + loop...
bash: warning: setlocale: LC_ALL: cannot change locale (zh_CN.utf8)
/dev/loop21: [0086]:2 (/tmp/bs-db-osd1/db_device)
[2026-07-08 13:38:38]   Stopping osd.1...
Scheduled to stop osd.1 on host 'ceph-node1'
[2026-07-08 13:38:54]   Running bluefs-bdev-new-db (dev-target=/dev/loop21)...
bash: warning: setlocale: LC_ALL: cannot change locale (zh_CN.utf8)
inferring bluefs devices from bluestore path
DB device added /dev/loop21
[2026-07-08 13:38:57]   Verifying block.db...
bash: warning: setlocale: LC_ALL: cannot change locale (zh_CN.utf8)
lrwxrwxrwx 1 root root 11 Jul  8 13:38 /var/lib/ceph/073f28e0-5fe0-11f1-8ce6-7369ee2be5a1/osd.1/block.db -> /dev/loop21
[2026-07-08 13:38:57]   Starting osd.1...
bash: warning: setlocale: LC_ALL: cannot change locale (zh_CN.utf8)
Scheduled to start osd.1 on host 'ceph-node1'
[2026-07-08 13:39:23]   osd.1 status: up
[2026-07-08 13:39:23]   Verifying block.db persists...
bash: warning: setlocale: LC_ALL: cannot change locale (zh_CN.utf8)
lrwxrwxrwx 1 167 167 11 Jul  8 13:39 /var/lib/ceph/073f28e0-5fe0-11f1-8ce6-7369ee2be5a1/osd.1/block.db -> /dev/loop21
[2026-07-08 13:39:23] ==== OSD.2 on 192.168.11.13 (loop=/dev/loop20) ====
[2026-07-08 13:39:24]   Container runtime: /usr/bin/podman
[2026-07-08 13:39:24]   Checking tmpfs + loop...
bash: warning: setlocale: LC_ALL: cannot change locale (zh_CN.utf8)
/dev/loop20: [0084]:2 (/tmp/bs-db-osd2/db_device)
[2026-07-08 13:39:25]   Stopping osd.2...
Scheduled to stop osd.2 on host 'ceph-node2'
[2026-07-08 13:39:41]   Running bluefs-bdev-new-db (dev-target=/dev/loop20)...
bash: warning: setlocale: LC_ALL: cannot change locale (zh_CN.utf8)
inferring bluefs devices from bluestore path
DB device added /dev/loop20
[2026-07-08 13:39:44]   Verifying block.db...
bash: warning: setlocale: LC_ALL: cannot change locale (zh_CN.utf8)
lrwxrwxrwx 1 root root 11 Jul  8 13:39 /var/lib/ceph/073f28e0-5fe0-11f1-8ce6-7369ee2be5a1/osd.2/block.db -> /dev/loop20
[2026-07-08 13:39:45]   Starting osd.2...
bash: warning: setlocale: LC_ALL: cannot change locale (zh_CN.utf8)
Scheduled to start osd.2 on host 'ceph-node2'
[2026-07-08 13:40:11]   osd.2 status: up
[2026-07-08 13:40:11]   Verifying block.db persists...
bash: warning: setlocale: LC_ALL: cannot change locale (zh_CN.utf8)
lrwxrwxrwx 1 167 167 11 Jul  8 13:39 /var/lib/ceph/073f28e0-5fe0-11f1-8ce6-7369ee2be5a1/osd.2/block.db -> /dev/loop20
[2026-07-08 13:40:11] ==== OSD.3 on 192.168.11.13 (loop=/dev/loop21) ====
[2026-07-08 13:40:11]   Container runtime: /usr/bin/podman
[2026-07-08 13:40:11]   Checking tmpfs + loop...
bash: warning: setlocale: LC_ALL: cannot change locale (zh_CN.utf8)
/dev/loop21: [0087]:2 (/tmp/bs-db-osd3/db_device)
[2026-07-08 13:40:12]   Stopping osd.3...
Scheduled to stop osd.3 on host 'ceph-node2'
[2026-07-08 13:40:28]   Running bluefs-bdev-new-db (dev-target=/dev/loop21)...
bash: warning: setlocale: LC_ALL: cannot change locale (zh_CN.utf8)
inferring bluefs devices from bluestore path
DB device added /dev/loop21
[2026-07-08 13:40:33]   Verifying block.db...
bash: warning: setlocale: LC_ALL: cannot change locale (zh_CN.utf8)
lrwxrwxrwx 1 root root 11 Jul  8 13:40 /var/lib/ceph/073f28e0-5fe0-11f1-8ce6-7369ee2be5a1/osd.3/block.db -> /dev/loop21
[2026-07-08 13:40:33]   Starting osd.3...
bash: warning: setlocale: LC_ALL: cannot change locale (zh_CN.utf8)
Scheduled to start osd.3 on host 'ceph-node2'
[2026-07-08 13:40:59]   osd.3 status: up
[2026-07-08 13:40:59]   Verifying block.db persists...
bash: warning: setlocale: LC_ALL: cannot change locale (zh_CN.utf8)
lrwxrwxrwx 1 167 167 11 Jul  8 13:40 /var/lib/ceph/073f28e0-5fe0-11f1-8ce6-7369ee2be5a1/osd.3/block.db -> /dev/loop21
[2026-07-08 13:41:00] ==== OSD.4 on 192.168.11.14 (loop=/dev/loop20) ====
[2026-07-08 13:41:01]   Container runtime: /usr/bin/docker
[2026-07-08 13:41:01]   Checking tmpfs + loop...
bash: warning: setlocale: LC_ALL: cannot change locale (zh_CN.utf8)
/dev/loop20: [0058]:2 (/tmp/bs-db-osd4/db_device)
[2026-07-08 13:41:01]   Stopping osd.4...
Scheduled to stop osd.4 on host 'ceph-node3'
[2026-07-08 13:41:17]   Running bluefs-bdev-new-db (dev-target=/dev/loop20)...
bash: warning: setlocale: LC_ALL: cannot change locale (zh_CN.utf8)
inferring bluefs devices from bluestore path
DB device added /dev/loop20
[2026-07-08 13:41:23]   Verifying block.db...
bash: warning: setlocale: LC_ALL: cannot change locale (zh_CN.utf8)
lrwxrwxrwx 1 root root 11 Jul  8 05:41 /var/lib/ceph/073f28e0-5fe0-11f1-8ce6-7369ee2be5a1/osd.4/block.db -> /dev/loop20
[2026-07-08 13:41:24]   Starting osd.4...
bash: warning: setlocale: LC_ALL: cannot change locale (zh_CN.utf8)
Scheduled to start osd.4 on host 'ceph-node3'
[2026-07-08 13:41:50]   osd.4 status: up
[2026-07-08 13:41:50]   Verifying block.db persists...
bash: warning: setlocale: LC_ALL: cannot change locale (zh_CN.utf8)
lrwxrwxrwx 1 167 167 11 Jul  8 05:41 /var/lib/ceph/073f28e0-5fe0-11f1-8ce6-7369ee2be5a1/osd.4/block.db -> /dev/loop20
[2026-07-08 13:41:50] ==== OSD.5 on 192.168.11.14 (loop=/dev/loop21) ====
[2026-07-08 13:41:50]   Container runtime: /usr/bin/docker
[2026-07-08 13:41:50]   Checking tmpfs + loop...
bash: warning: setlocale: LC_ALL: cannot change locale (zh_CN.utf8)
/dev/loop21: [0061]:2 (/tmp/bs-db-osd5/db_device)
[2026-07-08 13:41:51]   Stopping osd.5...
Scheduled to stop osd.5 on host 'ceph-node3'
[2026-07-08 13:42:07]   Running bluefs-bdev-new-db (dev-target=/dev/loop21)...
bash: warning: setlocale: LC_ALL: cannot change locale (zh_CN.utf8)
inferring bluefs devices from bluestore path
DB device added /dev/loop21
[2026-07-08 13:42:12]   Verifying block.db...
bash: warning: setlocale: LC_ALL: cannot change locale (zh_CN.utf8)
lrwxrwxrwx 1 root root 11 Jul  8 05:42 /var/lib/ceph/073f28e0-5fe0-11f1-8ce6-7369ee2be5a1/osd.5/block.db -> /dev/loop21
[2026-07-08 13:42:12]   Starting osd.5...
bash: warning: setlocale: LC_ALL: cannot change locale (zh_CN.utf8)
Scheduled to start osd.5 on host 'ceph-node3'
[2026-07-08 13:42:39]   osd.5 status: up
[2026-07-08 13:42:39]   Verifying block.db persists...
bash: warning: setlocale: LC_ALL: cannot change locale (zh_CN.utf8)
lrwxrwxrwx 1 167 167 11 Jul  8 05:42 /var/lib/ceph/073f28e0-5fe0-11f1-8ce6-7369ee2be5a1/osd.5/block.db -> /dev/loop21
[2026-07-08 13:42:39] ==============================================
[2026-07-08 13:42:39] Re-migration complete. Final verification...
[2026-07-08 13:42:39] ==============================================
ID  CLASS  WEIGHT   TYPE NAME            STATUS  REWEIGHT  PRI-AFF
-1         3.25769  root default                                  
-3         0.93100      host ceph-node1                           
 0    hdd  0.46550          osd.0            up   1.00000  1.00000
 1    hdd  0.46550          osd.1            up   1.00000  1.00000
-5         0.93030      host ceph-node2                           
 2    hdd  0.46480          osd.2            up   1.00000  1.00000
 3    hdd  0.46550          osd.3            up   1.00000  1.00000
-6         1.39639      host ceph-node3                           
 4    hdd  0.93089          osd.4            up   1.00000  1.00000
 5    hdd  0.46550          osd.5            up   1.00000  1.00000
HEALTH_WARN 6 OSD(s) experiencing BlueFS spillover
[2026-07-08 13:42:51]   health check 1: HEALTH_WARN 6 OSD(s) experiencing BlueFS spillover
[2026-07-08 13:43:01]   health check 2: HEALTH_WARN 6 OSD(s) experiencing BlueFS spillover
[2026-07-08 13:43:12]   health check 3: HEALTH_WARN 6 OSD(s) experiencing BlueFS spillover
[2026-07-08 13:43:22]   health check 4: HEALTH_WARN 6 OSD(s) experiencing BlueFS spillover
[2026-07-08 13:43:33]   health check 5: HEALTH_WARN 6 OSD(s) experiencing BlueFS spillover
[2026-07-08 13:43:43]   health check 6: HEALTH_WARN 6 OSD(s) experiencing BlueFS spillover
[2026-07-08 13:43:54]   health check 7: HEALTH_WARN 6 OSD(s) experiencing BlueFS spillover
[2026-07-08 13:44:04]   health check 8: HEALTH_WARN 6 OSD(s) experiencing BlueFS spillover
[2026-07-08 13:44:15]   health check 9: HEALTH_WARN 6 OSD(s) experiencing BlueFS spillover
[2026-07-08 13:44:25]   health check 10: HEALTH_WARN 6 OSD(s) experiencing BlueFS spillover
[2026-07-08 13:44:36]   health check 11: HEALTH_WARN 6 OSD(s) experiencing BlueFS spillover
[2026-07-08 13:44:46]   health check 12: HEALTH_WARN 6 OSD(s) experiencing BlueFS spillover
[2026-07-08 13:44:57]   health check 13: HEALTH_WARN 6 OSD(s) experiencing BlueFS spillover
[2026-07-08 13:45:07]   health check 14: HEALTH_WARN 6 OSD(s) experiencing BlueFS spillover
[2026-07-08 13:45:18]   health check 15: HEALTH_WARN 6 OSD(s) experiencing BlueFS spillover
[2026-07-08 13:45:28]   health check 16: HEALTH_WARN 6 OSD(s) experiencing BlueFS spillover
[2026-07-08 13:45:39]   health check 17: HEALTH_WARN 6 OSD(s) experiencing BlueFS spillover
[2026-07-08 13:45:49]   health check 18: HEALTH_WARN 6 OSD(s) experiencing BlueFS spillover
[2026-07-08 13:46:00]   health check 19: HEALTH_WARN 6 OSD(s) experiencing BlueFS spillover
[2026-07-08 13:46:10]   health check 20: HEALTH_WARN 6 OSD(s) experiencing BlueFS spillover
[2026-07-08 13:46:21]   health check 21: HEALTH_WARN 6 OSD(s) experiencing BlueFS spillover
[2026-07-08 13:46:31]   health check 22: HEALTH_WARN 6 OSD(s) experiencing BlueFS spillover
[2026-07-08 13:46:42]   health check 23: HEALTH_WARN 6 OSD(s) experiencing BlueFS spillover
[2026-07-08 13:46:52]   health check 24: HEALTH_WARN 6 OSD(s) experiencing BlueFS spillover
[2026-07-08 13:47:03]   health check 25: HEALTH_WARN 6 OSD(s) experiencing BlueFS spillover
[2026-07-08 13:47:14]   health check 26: HEALTH_WARN 6 OSD(s) experiencing BlueFS spillover
[2026-07-08 13:47:24]   health check 27: HEALTH_WARN 6 OSD(s) experiencing BlueFS spillover
[2026-07-08 13:47:35]   health check 28: HEALTH_WARN 6 OSD(s) experiencing BlueFS spillover
[2026-07-08 13:47:45]   health check 29: HEALTH_WARN 6 OSD(s) experiencing BlueFS spillover
[2026-07-08 13:47:56]   health check 30: HEALTH_WARN 6 OSD(s) experiencing BlueFS spillover
[2026-07-08 13:47:56] ==============================================
[2026-07-08 13:47:56] Stage F fix COMPLETE. Health: HEALTH_WARN 6 OSD(s) experiencing BlueFS spillover
[2026-07-08 13:47:56] ==============================================
[2026-07-08 13:50:01] ==============================================
[2026-07-08 13:50:01] Stage F test: write 256K t64 300s ×3 START
[2026-07-08 13:50:01] All 6 OSDs on tmpfs DB (BlueFS spillover expected)
[2026-07-08 13:50:01] ==============================================
[2026-07-08 13:50:01] === Collecting perf t0 ===
[2026-07-08 13:50:01]   osd.0 t0 saved
[2026-07-08 13:50:01]   osd.1 t0 saved
[2026-07-08 13:50:01]   osd.2 t0 saved
[2026-07-08 13:50:02]   osd.3 t0 saved
[2026-07-08 13:50:02]   osd.4 t0 saved
[2026-07-08 13:50:02]   osd.5 t0 saved
[2026-07-08 13:50:02] ==== Round 1 (with full monitoring) ====
[2026-07-08 13:50:14]   health: HEALTH_WARN 6 OSD(s) experiencing BlueFS spillover
[2026-07-08 13:50:18]   monitoring started
[2026-07-08 13:50:21]   START rados bench r1
[2026-07-08 13:55:22]   END rados bench r1
[2026-07-08 13:55:24]   perf tend r1 saved
[2026-07-08 13:55:32]   iostat r1 collected
Removed 74263 objects
[2026-07-08 13:55:53] ==== Round 2 ====
[2026-07-08 13:55:53]   health: HEALTH_WARN 6 OSD(s) experiencing BlueFS spillover
[2026-07-08 13:55:54]   START rados bench r2
[2026-07-08 14:00:55]   END rados bench r2
Removed 66573 objects
[2026-07-08 14:01:15] ==== Round 3 ====
[2026-07-08 14:01:15]   health: HEALTH_WARN 6 OSD(s) experiencing BlueFS spillover
[2026-07-08 14:01:15]   START rados bench r3
[2026-07-08 14:06:17]   END rados bench r3
Removed 71253 objects
[2026-07-08 14:06:38] perf tend final saved
[2026-07-08 14:06:38] ==============================================
[2026-07-08 14:06:38] Stage F write test COMPLETE
[2026-07-08 14:06:38] ==============================================
[2026-07-08 14:17:36] ==============================================
[2026-07-08 14:17:36] Full backend capability test (tmpfs DB) START
[2026-07-08 14:17:36] ==============================================
[2026-07-08 14:17:36] ==== CONCURRENCY SCAN ====
[2026-07-08 14:17:36] -- t16 --
Removed 76319 objects
[2026-07-08 14:23:11] -- t128 --
Removed 75534 objects
[2026-07-08 14:28:44] ==== BLOCK SIZE MATRIX ====
[2026-07-08 14:28:44] -- write 4K --
Removed 518455 objects
Removed 470382 objects
Removed 476299 objects
[2026-07-08 14:39:14] -- write 64K --
Removed 134683 objects
Removed 117735 objects
Removed 115071 objects
[2026-07-08 14:47:15] -- write 1M --
Removed 8162 objects
Removed 7178 objects
Removed 7020 objects
[2026-07-08 14:54:32] -- write 4M --
Removed 1944 objects
Removed 1803 objects
Removed 1785 objects
[2026-07-08 15:01:49] ==== READ TESTS ====
[2026-07-08 15:01:49] -- seq read r1 --
[2026-07-08 15:02:01]   prefilling 600s...
hints = 1
Maintaining 16 concurrent writes of 262144 bytes to objects of size 262144 for up to 600 seconds or 0 objects
Object prefix: benchmark_data_tikv-node_1124169
  sec Cur ops   started  finished  avg MB/s  cur MB/s last lat(s)  avg lat(s)
    0       0         0         0         0         0           -           0
    1      16       449       433   108.231    108.25   0.0245681   0.0357318
    2      16       897       881   110.105       112   0.0226358   0.0358279
    3      16      1343      1327   110.564     111.5   0.0257124   0.0359392
    4      16      1787      1771   110.668       111   0.0205171   0.0359676
    5      16      2236      2220   110.981    112.25   0.0203197   0.0358536
    6      16      2683      2667   111.106    111.75     0.02856   0.0358809
    7      16      3126      3110   111.053    110.75   0.0364881   0.0358605
    8      16      3576      3560   111.232     112.5   0.0226301   0.0358406
    9      16      3912      3896   108.204        84   0.0675455   0.0368325
   10      16      4134      4118   102.932      55.5   0.0790901   0.0387155
   11      16      4336      4320   98.1649      50.5   0.0831809   0.0405722
   12      16      4553      4537   94.5046     54.25   0.0696338   0.0421976
   13      16      4781      4765   91.6189        57   0.0764017   0.0434868
   14      16      4982      4966   88.6636     50.25   0.0783425   0.0449924
   15      16      5194      5178   86.2852        53   0.0714431   0.0462193
   16      16      5421      5405   84.4387     56.75   0.0685521   0.0472671
   17      16      5638      5622   82.6625     54.25     0.08019   0.0482528
   18      16      5836      5820   80.8197      49.5   0.0764432   0.0493654
   19      16      6053      6037   79.4207     54.25   0.0662338   0.0502564
2026-07-08T15:02:21.763857+0800 min lat: 0.00711448 max lat: 0.234752 avg lat: 0.0510491
  sec Cur ops   started  finished  avg MB/s  cur MB/s last lat(s)  avg lat(s)
   20      16      6272      6256   78.1867     54.75   0.0804317   0.0510491
   21      16      6480      6464   76.9392        52   0.0727723   0.0518859
   22      16      6691      6675    75.839     52.75   0.0715812   0.0526349
   23      16      6918      6902   75.0086     56.75   0.0658497   0.0532372
   24      16      7116      7100   73.9455      49.5   0.0729913   0.0539943
   25      16      7331      7315   73.1373     53.75   0.0812952   0.0545961
   26      16      7552      7536   72.4489     55.25   0.0691512   0.0551298
   27      16      7769      7753   71.7745     54.25   0.0642093   0.0556671
   28      16      7972      7956   71.0234     50.75   0.0799257   0.0562332
   29      16      8179      8163   70.3585     51.75   0.0737391   0.0567714
   30      16      8403      8387   69.8795        56    0.068218   0.0571605
   31      16      8617      8601   69.3508      53.5   0.0796092    0.057593
   32      16      8818      8802   68.7536     50.25   0.0740427   0.0580995
   33      16      9025      9009    68.238     51.75   0.0741814   0.0585423
   34      16      9249      9233   67.8778        56   0.0675847   0.0588624
   35      16      9456      9440   67.4168     51.75   0.0787561   0.0592503
   36      16      9670      9654     67.03      53.5   0.0712506   0.0596167
   37      16      9887      9871   66.6843     54.25   0.0664398   0.0599263
   38      16     10111     10095   66.4028        56   0.0853203   0.0601585
   39      16     10310     10294   65.9756     49.75   0.0709473   0.0605603
2026-07-08T15:02:41.767458+0800 min lat: 0.00711448 max lat: 0.245471 avg lat: 0.0608366
  sec Cur ops   started  finished  avg MB/s  cur MB/s last lat(s)  avg lat(s)
   40      16     10527     10511   65.6822     54.25    0.067982   0.0608366
   41      16     10752     10736   65.4518     56.25   0.0793236   0.0610485
   42      16     10953     10937   65.0897     50.25   0.0891172     0.06138
   43      16     11168     11152   64.8257     53.75   0.0713183   0.0616489
   44      16     11392     11376    64.625        56   0.0680272   0.0618386
   45      16     11616     11600   64.4331        56   0.0799297   0.0620204
   46      16     11822     11806   64.1518      51.5   0.0718723   0.0622985
   47      16     12040     12024   63.9462      54.5   0.0670729   0.0625017
   48      16     12267     12251   63.7961     56.75   0.0673888   0.0626471
   49      16     12483     12467    63.596        54   0.0770847   0.0628434
   50      16     12687     12671   63.3439        51   0.0834202   0.0630897
   51      16     12910     12894   63.1948     55.75   0.0777673   0.0632463
   52      16     13293     13277   63.8206     95.75     0.06669    0.062635
   53      16     13523     13507   63.7012      57.5   0.0831199   0.0627376
   54      16     13747     13731   63.5584        56   0.0763569    0.062888
   55      16     14033     14017   63.7025      71.5   0.0688849   0.0627588
   56      16     14309     14293   63.7969        69   0.0727243   0.0626438
   57      16     14524     14508   63.6205     53.75   0.0682022   0.0628279
   58      16     14749     14733   63.4933     56.25   0.0762502   0.0629508
   59      16     15177     15161   64.2304       107   0.0555194   0.0622408
2026-07-08T15:03:01.770864+0800 min lat: 0.00711448 max lat: 0.245471 avg lat: 0.0618099
  sec Cur ops   started  finished  avg MB/s  cur MB/s last lat(s)  avg lat(s)
   60      16     15539     15523   64.6679      90.5   0.0730227   0.0618099
   61      16     15763     15747   64.5256        56   0.0674991   0.0619484
   62      16     16074     16058   64.7388     77.75   0.0666528   0.0617564
   63      16     16366     16350   64.8697        73   0.0728208   0.0616182
   64      16     16592     16576   64.7388      56.5   0.0761128   0.0617453
   65      16     16817     16801   64.6081     56.25   0.0700153   0.0618684
   66      16     17244     17228   65.2463    106.75   0.0984333   0.0612614
   67      16     17457     17441   65.0671     53.25   0.0714032   0.0614393
   68      16     17681     17665   64.9337        56   0.0677199   0.0615643
   69      16     18038     18022   65.2859     89.25   0.0128271   0.0612372
   70      16     18481     18465   65.9351    110.75   0.0287702   0.0606349
   71      16     18729     18713   65.8795        62   0.0663282   0.0606779
   72      16     18952     18936   65.7387     55.75   0.0880103   0.0607979
   73      16     19321     19305   66.1017     92.25   0.0763048    0.060472
   74      16     19535     19519   65.9312      53.5   0.0723303   0.0606332
   75      16     19761     19745   65.8053      56.5   0.0811641    0.060748
   76      16     20126     20110   66.1399     91.25   0.0175522   0.0604543
   77      16     20495     20479   66.4788     92.25   0.0712664   0.0601361
   78      16     20713     20697   66.3251      54.5     0.06809   0.0602787
   79      16     20932     20916   66.1785     54.75   0.0819696   0.0604071
2026-07-08T15:03:21.774178+0800 min lat: 0.00711448 max lat: 0.245471 avg lat: 0.0602851
  sec Cur ops   started  finished  avg MB/s  cur MB/s last lat(s)  avg lat(s)
   80      16     21240     21224   66.3136        77   0.0794457   0.0602851
   81      16     21445     21429   66.1275     51.25   0.0736275   0.0604525
   82      16     21667     21651   65.9978      55.5   0.0672109   0.0605733
   83      16     21887     21871   65.8652        55   0.0602422   0.0607012
   84      16     22105     22089   65.7298      54.5   0.0739237   0.0608203
   85      16     22312     22296   65.5652     51.75    0.082982   0.0609753
   86      16     22534     22518   65.4481      55.5   0.0680678   0.0610839
   87      16     22762     22746   65.3509        57   0.0793504   0.0611754
   88      16     22968     22952   65.1934      51.5   0.0821163   0.0613219
   89      16     23186     23170   65.0732      54.5   0.0664868   0.0614383
   90      16     23412     23396   64.9778      56.5   0.0783007   0.0615223
   91      16     23618     23602   64.8296      51.5   0.0892745   0.0616687
   92      16     23830     23814    64.701        53   0.0740283   0.0617925
   93      16     24056     24040   64.6127      56.5    0.066723    0.061881
   94      16     24274     24258    64.505      54.5   0.0791344   0.0619771
   95      16     24477     24461   64.3601     50.75    0.073189   0.0621138
   96      16     24693     24677   64.2521        54   0.0679437   0.0622283
   97      16     24922     24906   64.1798     57.25   0.0799503   0.0622958
   98      16     25125     25109   64.0427     50.75    0.086718   0.0624228
   99      16     25341     25325   63.9411        54   0.0703562   0.0625289
2026-07-08T15:03:41.777501+0800 min lat: 0.00711448 max lat: 0.245471 avg lat: 0.0626035
  sec Cur ops   started  finished  avg MB/s  cur MB/s last lat(s)  avg lat(s)
  100      16     25567     25551   63.8666      56.5   0.0758518   0.0626035
  101      16     25788     25772   63.7812     55.25   0.0801879   0.0626812
  102      16     25990     25974   63.6509      50.5   0.0726747   0.0628138
  103      16     26209     26193   63.5644     54.75   0.0674041   0.0628993
  104      16     26437     26421   63.5012        57   0.0877422   0.0629585
  105      16     26633     26617    63.363        49   0.0799609   0.0630969
  106      16     26848     26832   63.2722     53.75   0.0714886   0.0631889
  107      16     27076     27060   63.2135        57   0.0664653   0.0632515
  108      16     27297     27281   63.1397     55.25   0.0801043   0.0633205
  109      16     27502     27486   63.0305     51.25   0.0730586   0.0634339
  110      16     27721     27705   62.9551     54.75   0.0674048    0.063512
  111      16     27948     27932   62.8991     56.75   0.0633736    0.063564
  112      16     28148     28132   62.7839        50   0.0742335   0.0636844
  113      16     28357     28341   62.6906     52.25   0.0716722   0.0637778
  114      16     28585     28569   62.6406        57   0.0675772   0.0638318
  115      16     28799     28783    62.561      53.5   0.0801606   0.0639098
  116      16     28997     28981   62.4483      49.5   0.0739851   0.0640251
  117      16     29204     29188   62.3568     51.75   0.0735432   0.0641207
  118      16     29432     29416   62.3114        57   0.0525694   0.0641729
  119      16     29636     29620   62.2162        51    0.078904   0.0642645
2026-07-08T15:04:01.780986+0800 min lat: 0.00711448 max lat: 0.245471 avg lat: 0.0643558
  sec Cur ops   started  finished  avg MB/s  cur MB/s last lat(s)  avg lat(s)
  120      16     29843     29827   62.1289     51.75   0.0742204   0.0643558
  121      16     30053     30037   62.0493      52.5    0.075702   0.0644348
  122      16     30279     30263   62.0037      56.5   0.0792035   0.0644831
  123      16     30481     30465   61.9101      50.5   0.0733618   0.0645857
  124      16     30690     30674   61.8321     52.25   0.0712356   0.0646662
  125      16     30915     30899   61.7874     56.25   0.0586204   0.0647163
  126      16     31116     31100   61.6957     50.25   0.0794653   0.0648083
  127      16     31323     31307   61.6173     51.75   0.0740471   0.0648917
  128      16     31535     31519     61.55        53   0.0659228   0.0649637
  129      16     31757     31741    61.503      55.5   0.0824963   0.0650076
  130      16     31954     31938   61.4087     49.25    0.074392     0.06511
  131      16     32161     32145   61.3349     51.75   0.0823344    0.065188
  132      16     32385     32369   61.2944        56   0.0513754   0.0652343
  133      16     32594     32578   61.2263     52.25   0.0796785   0.0653055
  134      16     32806     32790   61.1649        53   0.0798157   0.0653726
  135      16     33033     33017   61.1321     56.75   0.0406039   0.0654079
  136      16     33254     33238   61.0888     55.25   0.0872347   0.0654514
  137      16     33453     33437    61.006     49.75   0.0715744   0.0655421
  138      16     33671     33655   60.9588      54.5   0.0686116   0.0655957
  139      16     33894     33878   60.9212     55.75   0.0883235   0.0656308
2026-07-08T15:04:21.784402+0800 min lat: 0.00711448 max lat: 0.245471 avg lat: 0.0657029
  sec Cur ops   started  finished  avg MB/s  cur MB/s last lat(s)  avg lat(s)
  140      16     34101     34085   60.8557     51.75    0.079917   0.0657029
  141      16     34307     34291   60.7892      51.5   0.0822008   0.0657754
  142      16     34531     34515   60.7554        56   0.0602871   0.0658167
  143      16     34754     34738   60.7203     55.75   0.0801478   0.0658484
  144      16     34956     34940   60.6493      50.5   0.0717873   0.0659297
  145      16     35169     35153   60.5982     53.25   0.0759364   0.0659839
  146      16     35397     35381   60.5735        57    0.075374    0.066012
  147      16     35610     35594   60.5236     53.25   0.0797308   0.0660669
  148      16     35822     35806   60.4727        53   0.0719215   0.0661205
  149      16     36049     36033   60.4477     56.75   0.0681294   0.0661498
  150      16     36271     36255   60.4146      55.5   0.0795096   0.0661864
  151      16     36477     36461   60.3555      51.5   0.0800606   0.0662479
  152      16     36694     36678   60.3153     54.25   0.0750545   0.0662958
  153      16     36917     36901   60.2854     55.75   0.0824895   0.0663192
  154      16     37124     37108   60.2299     51.75   0.0817257   0.0663891
  155      16     37332     37316   60.1767        52   0.0717657   0.0664476
  156      16     37555     37539   60.1483     55.75   0.0687258   0.0664792
  157      15     37909     37894   60.3304     88.75   0.0896559   0.0662798
  158      16     38125     38109   60.2887     53.75   0.0712751   0.0663271
  159      16     38342     38326   60.2506     54.25   0.0751183   0.0663668
2026-07-08T15:04:41.787972+0800 min lat: 0.00711448 max lat: 0.245471 avg lat: 0.0662629
  sec Cur ops   started  finished  avg MB/s  cur MB/s last lat(s)  avg lat(s)
  160      16     38647     38631   60.3506     76.25   0.0598021   0.0662629
  161      16     38921     38905   60.4008      68.5   0.0809812   0.0661998
  162      16     39134     39118   60.3566     53.25   0.0684203    0.066251
  163      16     39361     39345   60.3344     56.75   0.0733073   0.0662758
  164      16     39802     39786   60.6387    110.25   0.0171486   0.0659464
  165      16     40135     40119   60.7756     83.25   0.0734674   0.0657941
  166      16     40359     40343   60.7468        56   0.0762918    0.065826
  167      16     40696     40680   60.8874     84.25   0.0133976   0.0656781
  168      16     41143     41127   61.1901    111.75   0.0663102   0.0653555
  169      16     41405     41389   61.2155      65.5   0.0678717    0.065323
  170      16     41648     41632   61.2127     60.75   0.0449634   0.0653314
  171      16     42096     42080   61.5096       112    0.048428   0.0650177
  172      16     42498     42482   61.7362     100.5   0.0746776   0.0647707
  173      16     42723     42707   61.7044     56.25   0.0693386   0.0648042
  174      16     43099     43083   61.8899        94   0.0227946   0.0646137
  175      16     43544     43528   62.1719    111.25   0.0925026    0.064322
  176      16     43989     43973   62.4506    111.25   0.0762578   0.0640351
  177      16     44321     44305   62.5667        83   0.0903082   0.0639127
  178      16     44769     44753   62.8443       112   0.0869578   0.0636349
  179      16     45218     45202   63.1202    112.25   0.0241843   0.0633567
2026-07-08T15:05:01.792159+0800 min lat: 0.00711448 max lat: 0.245471 avg lat: 0.0632252
  sec Cur ops   started  finished  avg MB/s  cur MB/s last lat(s)  avg lat(s)
  180      15     45562     45547   63.2486     86.25    0.069838   0.0632252
  181      16     45930     45914    63.406     91.75   0.0143017   0.0630708
  182      16     46221     46205   63.4572     72.75   0.0659997   0.0630151
  183      16     46449     46433   63.4219        57   0.0704016   0.0630496
  184      16     46673     46657   63.3815        56   0.0764814   0.0630926
  185      16     46899     46883   63.3443      56.5   0.0681791   0.0631265
  186      16     47143     47127   63.3316        61   0.0203088     0.06315
  187      16     47421     47405   63.3645      69.5   0.0709453   0.0631071
  188      16     47645     47629   63.3253        56   0.0707462   0.0631458
  189      16     47877     47861   63.2971        58   0.0656002   0.0631767
  190      16     48224     48208   63.4205     86.75   0.0473262   0.0630565
  191      16     48463     48447   63.4012     59.75   0.0675779   0.0630706
  192      16     48692     48676   63.3691     57.25   0.0683836   0.0631035
  193      16     48929     48913   63.3477     59.25   0.0691056   0.0631287
  194      16     49319     49303   63.5237      97.5    0.067474   0.0629498
  195      16     49545     49529   63.4876      56.5   0.0767797   0.0629868
  196      16     49782     49766   63.4659     59.25   0.0644832   0.0630092
  197      16     50158     50142   63.6208        94   0.0490194   0.0628591
  198      16     50605     50589   63.8638    111.75   0.0606366   0.0626184
  199      16     51051     51035   64.1031     111.5   0.0242174   0.0623864
2026-07-08T15:05:21.795514+0800 min lat: 0.00711448 max lat: 0.245471 avg lat: 0.0623662
  sec Cur ops   started  finished  avg MB/s  cur MB/s last lat(s)  avg lat(s)
  200      16     51320     51304   64.1188     67.25   0.0707886   0.0623662
  201      16     51651     51635   64.2114     82.75   0.0668522   0.0622776
  202      16     51879     51863   64.1756        57   0.0649297   0.0623121
  203      16     52116     52100   64.1513     59.25   0.0683341   0.0623352
  204      16     52465     52449   64.2644     87.25   0.0242584   0.0622282
  205      16     52908     52892   64.4911    110.75   0.0623991   0.0620127
  206      16     53217     53201    64.553     77.25   0.0686664   0.0619473
  207      16     53451     53435   64.5237      58.5   0.0638621   0.0619749
  208      16     53778     53762   64.6065     81.75   0.0735336   0.0618971
  209      16     54004     53988   64.5676      56.5   0.0713197   0.0619333
  210      16     54240     54224   64.5411        59    0.066867   0.0619601
  211      16     54501     54485   64.5444     65.25   0.0656947   0.0619555
  212      16     54741     54725   64.5229        60   0.0669351   0.0619769
  213      16     54971     54955   64.4899      57.5   0.0739747   0.0620089
  214      16     55189     55173   64.4432      54.5   0.0665696   0.0620529
  215      16     55419     55403   64.4108      57.5   0.0666021   0.0620844
  216      16     55662     55646   64.3938     60.75   0.0663708   0.0621017
  217      16     55876     55860   64.3436      53.5   0.0688029   0.0621497
  218      16     56108     56092   64.3145        58   0.0673228   0.0621779
  219      16     56348     56332   64.2947        60   0.0637837   0.0621983
2026-07-08T15:05:41.798816+0800 min lat: 0.00711448 max lat: 0.245471 avg lat: 0.0622324
  sec Cur ops   started  finished  avg MB/s  cur MB/s last lat(s)  avg lat(s)
  220      16     56573     56557   64.2581     56.25   0.0732921   0.0622324
  221      16     56795     56779   64.2184      55.5   0.0745851   0.0622722
  222      16     57024     57008    64.187     57.25   0.0690291   0.0623013
  223      16     57266     57250   64.1704      60.5   0.0682927    0.062318
  224      16     57486     57470   64.1294        55   0.0714684   0.0623573
  225      16     57715     57699   64.0988     57.25   0.0748735   0.0623883
  226      16     57952     57936   64.0773     59.25   0.0656169   0.0624098
  227      16     58182     58166   64.0483      57.5     0.06652   0.0624369
  228      16     58412     58396   64.0195      57.5   0.0676987   0.0624657
  229      16     58640     58624   63.9888        57   0.0662377   0.0624947
  230      16     58880     58864   63.9715        60   0.0725833   0.0625121
  231      16     59102     59086   63.9348      55.5   0.0683071   0.0625466
  232      16     59331     59315   63.9059     57.25   0.0689086   0.0625762
  233      16     59563     59547   63.8805        58   0.0677605   0.0626011
  234      16     59795     59779   63.8553        58   0.0724208   0.0626247
  235      16     60021     60005    63.824      56.5   0.0684981   0.0626568
  236      16     60257     60241   63.8035        59    0.056817    0.062678
  237      16     60512     60496   63.8033     63.75     0.06702   0.0626769
  238      16     60729     60713   63.7631     54.25   0.0711455    0.062717
  239      16     60953     60937   63.7305        56   0.0686653   0.0627475
2026-07-08T15:06:01.802204+0800 min lat: 0.00711448 max lat: 0.245471 avg lat: 0.0627726
  sec Cur ops   started  finished  avg MB/s  cur MB/s last lat(s)  avg lat(s)
  240      16     61185     61169   63.7066        58    0.066313   0.0627726
  241      16     61412     61396   63.6777     56.75   0.0737657   0.0627991
  242      16     61636     61620   63.6459        56   0.0655489    0.062833
  243      16     61866     61850   63.6206      57.5    0.069455   0.0628575
  244      16     62110     62094   63.6098        61   0.0526068   0.0628692
  245      16     62326     62310   63.5706        54   0.0808413    0.062905
  246      16     62557     62541   63.5469     57.75   0.0657466   0.0629291
  247      16     62794     62778   63.5294     59.25     0.06798   0.0629481
  248      16     63035     63019   63.5162     60.25   0.0663247   0.0629606
  249      16     63256     63240   63.4829     55.25    0.067531   0.0629935
  250      15     63487     63472   63.4609        58   0.0683389   0.0630168
  251      16     63724     63708   63.4431        59   0.0706264   0.0630332
  252      16     63954     63938   63.4195      57.5   0.0799166   0.0630552
  253      16     64180     64164   63.3921      56.5   0.0687795   0.0630852
  254      16     64411     64395   63.3699     57.75   0.0677921   0.0631063
  255      16     64645     64629   63.3507      58.5   0.0710466   0.0631233
  256      16     64863     64847   63.3161      54.5   0.0759511   0.0631592
  257      16     65095     65079   63.2954        58   0.0665798   0.0631809
  258      16     65333     65317   63.2806      59.5   0.0637082   0.0631953
  259      16     65558     65542   63.2535     56.25   0.0732747   0.0632227
2026-07-08T15:06:21.805731+0800 min lat: 0.00711448 max lat: 0.245471 avg lat: 0.0632531
  sec Cur ops   started  finished  avg MB/s  cur MB/s last lat(s)  avg lat(s)
  260      16     65779     65763   63.2226     55.25   0.0761621   0.0632531
  261      16     66011     65995   63.2026        58   0.0678971   0.0632739
  262      16     66244     66228   63.1836     58.25   0.0474689   0.0632935
  263      16     66464     66448   63.1525        55     0.07006    0.063324
  264      16     66692     66676   63.1292        57   0.0666446   0.0633459
  265      16     66928     66912   63.1135        59   0.0657004   0.0633632
  266      16     67156     67140   63.0905        57   0.0661249    0.063386
  267      16     67374     67358   63.0583      54.5   0.0663639   0.0634194
  268      16     67602     67586   63.0356        57   0.0674348    0.063441
  269      16     67839     67823   63.0215     59.25   0.0665005   0.0634562
  270      16     68112     68096   63.0409     68.25   0.0655085   0.0634363
  271      16     68342     68326   63.0204      57.5   0.0701777   0.0634567
  272      16     68577     68561   63.0046     58.75   0.0628184   0.0634724
  273      16     68861     68845   63.0339        71   0.0254472   0.0634459
  274      16     69159     69143   63.0757      74.5   0.0683269   0.0634011
  275      16     69389     69373   63.0554      57.5   0.0772495   0.0634226
  276      16     69626     69610   63.0415     59.25   0.0684951   0.0634357
  277      16     69862     69846   63.0269        59   0.0721388   0.0634508
  278      16     70083     70067   62.9989     55.25   0.0683315   0.0634772
  279      16     70314     70298   62.9801     57.75   0.0667883   0.0634977
2026-07-08T15:06:41.809198+0800 min lat: 0.00711448 max lat: 0.245471 avg lat: 0.0635099
  sec Cur ops   started  finished  avg MB/s  cur MB/s last lat(s)  avg lat(s)
  280      16     70553     70537   62.9685     59.75   0.0677345   0.0635099
  281      16     70831     70815   62.9917      69.5   0.0715351   0.0634863
  282      16     71057     71041   62.9686      56.5   0.0666894   0.0635086
  283      16     71290     71274   62.9519     58.25   0.0664975   0.0635261
  284      16     71543     71527   62.9529     63.25   0.0342422   0.0635279
  285      16     71819     71803   62.9741        69   0.0671714    0.063504
  286      16     72047     72031   62.9532        57   0.0680794   0.0635243
  287      16     72284     72268   62.9403     59.25   0.0657947   0.0635389
  288      16     72637     72621   63.0281     88.25   0.0724228   0.0634509
  289      16     72936     72920   63.0686     74.75   0.0659024   0.0634077
  290      16     73171     73155   63.0537     58.75   0.0675287   0.0634239
  291      16     73409     73393   63.0414      59.5   0.0693642   0.0634355
  292      16     73681     73665   63.0584        68   0.0687199   0.0634199
  293      16     73909     73893   63.0377        57   0.0766992   0.0634396
  294      16     74144     74128    63.023     58.75   0.0665837   0.0634551
  295      16     74458     74442   63.0755      78.5   0.0136861   0.0634027
  296      16     74734     74718   63.0954        69   0.0676923   0.0633828
  297      16     74962     74946   63.0749        57   0.0661792   0.0634025
  298      16     75201     75185   63.0637     59.75    0.066827   0.0634142
  299      16     75504     75488   63.1061     75.75    0.068527   0.0633723
2026-07-08T15:07:01.812675+0800 min lat: 0.00711448 max lat: 0.245471 avg lat: 0.0633938
  sec Cur ops   started  finished  avg MB/s  cur MB/s last lat(s)  avg lat(s)
  300      16     75730     75714    63.084      56.5   0.0781201   0.0633938
  301      16     75959     75943   63.0646     57.25   0.0661848   0.0634129
  302      16     76269     76253   63.1124      77.5   0.0157317   0.0633665
  303      16     76717     76701   63.2736       112   0.0130943    0.063205
  304      16     77040     77024   63.3311     80.75   0.0652479    0.063146
  305      16     77281     77265   63.3209     60.25   0.0730798   0.0631573
  306      16     77567     77551   63.3476      71.5   0.0668888   0.0631301
  307      16     77795     77779   63.3269        57   0.0701521   0.0631509
  308      16     78025     78009    63.308      57.5   0.0675986   0.0631697
  309      16     78280     78264   63.3094     63.75   0.0293783   0.0631703
  310      16     78540     78524   63.3148        65    0.068433   0.0631632
  311      16     78768     78752   63.2944        57   0.0668938   0.0631828
  312      16     79005     78989   63.2814     59.25   0.0652545   0.0631962
  313      16     79245     79229   63.2709        60   0.0671705   0.0632072
  314      16     79475     79459   63.2525      57.5   0.0682595   0.0632252
  315      16     79704     79688   63.2334     57.25   0.0673395   0.0632446
  316      16     79954     79938   63.2311      62.5   0.0140583   0.0632497
  317      16     80395     80379   63.3793    110.25   0.0299797   0.0631006
  318      16     80843     80827   63.5322       112   0.0716414   0.0629484
  319      16     81291     81275   63.6841       112   0.0627031   0.0627992
2026-07-08T15:07:21.816094+0800 min lat: 0.00711448 max lat: 0.245471 avg lat: 0.0626545
  sec Cur ops   started  finished  avg MB/s  cur MB/s last lat(s)  avg lat(s)
  320      16     81733     81717   63.8303     110.5   0.0856134   0.0626545
  321      16     82062     82046   63.8876     82.25   0.0739776   0.0625965
  322      16     82292     82276   63.8678      57.5   0.0684602   0.0626163
  323      16     82527     82511   63.8519     58.75   0.0732214   0.0626321
  324      16     82749     82733   63.8261      55.5   0.0734786   0.0626561
  325      16     82963     82947   63.7943      53.5   0.0666043   0.0626893
  326      16     83191     83175   63.7734        57   0.0660855   0.0627086
  327      16     83421     83405   63.7542      57.5   0.0769976   0.0627254
  328      16     83645     83629   63.7305        56   0.0697213   0.0627506
  329      16     83875     83859   63.7116      57.5   0.0677319   0.0627695
  330      16     84111     84095   63.6972        59   0.0641222   0.0627841
  331      16     84348     84332   63.6838     59.25   0.0718308   0.0627973
  332      16     84569     84553   63.6584     55.25   0.0682295    0.062822
  333      16     84799     84783   63.6398      57.5   0.0654976   0.0628407
  334      16     85037     85021   63.6274      59.5   0.0650068    0.062853
  335      16     85249     85233   63.5956        53   0.0734361   0.0628836
  336      16     85470     85454   63.5708     55.25   0.0711371   0.0629091
  337      16     85698     85682   63.5512        57   0.0787437   0.0629277
  338      16     85933     85917    63.537     58.75   0.0668674   0.0629433
  339      16     86149     86133   63.5088        54   0.0718018   0.0629707
2026-07-08T15:07:41.819678+0800 min lat: 0.00711448 max lat: 0.245471 avg lat: 0.0629908
  sec Cur ops   started  finished  avg MB/s  cur MB/s last lat(s)  avg lat(s)
  340      16     86375     86359   63.4882      56.5   0.0674128   0.0629908
  341      16     86607     86591   63.4721        58   0.0652007   0.0630073
  342      16     86820     86804   63.4422     53.25   0.0824306   0.0630361
  343      16     87038     87022   63.4161      54.5   0.0680056   0.0630626
  344      16     87266     87250   63.3974        57   0.0667265   0.0630805
  345      16     87500     87484   63.3832      58.5   0.0666077   0.0630959
  346      16     87716     87700    63.356        54   0.0719681   0.0631223
  347      16     87939     87923   63.3341     55.75   0.0677158   0.0631444
  348      16     88167     88151   63.3158        57   0.0667681   0.0631633
  349      16     88391     88375   63.2949        56   0.0808815   0.0631828
  350      16     88607     88591   63.2683        54   0.0321555   0.0632091
  351      16     88835     88819   63.2504        57   0.0672933   0.0632285
  352      16     89079     89063    63.244        61   0.0864732   0.0632342
  353      16     89291     89275   63.2149        53   0.0758956   0.0632629
  354      16     89509     89493   63.1903      54.5   0.0708731    0.063288
  355      16     89735     89719   63.1714      56.5   0.0688712   0.0633065
  356      16     89974     89958   63.1618     59.75   0.0664745   0.0633167
  357      16     90187     90171    63.134     53.25   0.0681952   0.0633452
  358      16     90414     90398   63.1161     56.75   0.0699194    0.063363
  359      16     90645     90629   63.1011     57.75   0.0635007   0.0633779
2026-07-08T15:08:01.823114+0800 min lat: 0.00711448 max lat: 0.245471 avg lat: 0.0634031
  sec Cur ops   started  finished  avg MB/s  cur MB/s last lat(s)  avg lat(s)
  360      16     90861     90845   63.0758        54    0.073739   0.0634031
  361      16     91076     91060     63.05     53.75   0.0692229   0.0634291
  362      16     91302     91286   63.0318      56.5   0.0753306   0.0634479
  363      16     91532     91516   63.0166      57.5   0.0736693   0.0634631
  364      16     91739     91723   62.9856     51.75   0.0737557   0.0634933
  365      16     91961     91945   62.9651      55.5   0.0692817   0.0635151
  366      16     92189     92173   62.9487        57   0.0684703   0.0635315
  367      16     92419     92403   62.9338      57.5   0.0671347    0.063546
  368      16     92627     92611   62.9041        52   0.0742336   0.0635752
  369      16     92848     92832   62.8833     55.25   0.0694771   0.0635974
  370      16     93079     93063   62.8694     57.75   0.0603744   0.0636116
  371      16     93292     93276   62.8435     53.25   0.0737129   0.0636361
  372      16     93506     93490   62.8183      53.5   0.0678365    0.063663
  373      16     93732     93716   62.8014      56.5   0.0653005   0.0636797
  374      16     93967     93951   62.7905     58.75   0.0705425   0.0636918
  375      16     94181     94165   62.7657      53.5   0.0730925   0.0637165
  376      16     94400     94384   62.7444     54.75   0.0690058   0.0637379
  377      16     94627     94611   62.7284     56.75   0.0696685   0.0637542
  378      16     94852     94836   62.7113     56.25   0.0724761   0.0637717
  379      16     95069     95053   62.6889     54.25   0.0579393   0.0637958
2026-07-08T15:08:21.826911+0800 min lat: 0.00711448 max lat: 0.245471 avg lat: 0.0638107
  sec Cur ops   started  finished  avg MB/s  cur MB/s last lat(s)  avg lat(s)
  380      16     95295     95279   62.6726      56.5   0.0693117   0.0638107
  381      16     95532     95516   62.6636     59.25   0.0722281   0.0638211
  382      16     95750     95734   62.6422      54.5   0.0829902   0.0638418
  383      16     95961     95945   62.6163     52.75   0.0678125   0.0638691
  384      16     96190     96174   62.6023     57.25   0.0680566   0.0638832
  385      16     96423     96407    62.591     58.25   0.0927949   0.0638912
  386      16     96641     96625     62.57      54.5   0.0715508   0.0639149
  387      16     96860     96844   62.5498     54.75   0.0688299   0.0639374
  388      16     97085     97069   62.5335     56.25   0.0778602   0.0639527
  389      16     97311     97295    62.518      56.5   0.0679325   0.0639696
  390      16     97522     97506   62.4929     52.75   0.0772786   0.0639939
  391      16     97749     97733   62.4782     56.75   0.0676575   0.0640101
  392      16     97983     97967    62.468      58.5   0.0668405   0.0640205
  393      16     98198     98182   62.4458     53.75   0.0746131   0.0640426
  394      16     98418     98402   62.4269        55   0.0662129   0.0640632
  395      16     98644     98628   62.4119      56.5   0.0674596    0.064078
  396      16     98876     98860   62.4007        58   0.0681696   0.0640897
  397      16     99090     99074   62.3782      53.5   0.0675733   0.0641119
  398      16     99319     99303   62.3653     57.25   0.0776885   0.0641265
  399      16     99550     99534   62.3537     57.75   0.0690209   0.0641375
2026-07-08T15:08:41.830526+0800 min lat: 0.00711448 max lat: 0.245471 avg lat: 0.0641585
  sec Cur ops   started  finished  avg MB/s  cur MB/s last lat(s)  avg lat(s)
  400      16     99768     99752   62.3341      54.5   0.0738494   0.0641585
  401      16     99984     99968   62.3133        54   0.0664678   0.0641802
  402      16    100212    100196      62.3        57   0.0663612   0.0641935
  403      16    100442    100426   62.2881      57.5    0.087484    0.064204
  404      16    100659    100643   62.2682     54.25   0.0747262   0.0642256
  405      16    100877    100861    62.249      54.5   0.0702963   0.0642463
  406      16    101105    101089    62.236        57   0.0771547   0.0642589
  407      16    101323    101307    62.217      54.5   0.0730067   0.0642778
  408      16    101535    101519   62.1944        53    0.066948   0.0643033
  409      16    101763    101747   62.1817        57   0.0791161   0.0643161
  410      16    101999    101983   62.1739        59   0.0692294   0.0643237
  411      16    102218    102202   62.1558     54.75   0.0712536   0.0643415
  412      16    102438    102422   62.1384        55   0.0663545   0.0643602
  413      16    102668    102652   62.1271      57.5   0.0627523   0.0643723
  414      16    102896    102880   62.1147        57   0.0679682   0.0643849
  415      16    103113    103097   62.0958     54.25   0.0718891   0.0644047
  416      16    103332    103316   62.0781     54.75    0.068384   0.0644232
  417      16    103556    103540   62.0635        56   0.0705871   0.0644378
  418      16    103771    103755   62.0436     53.75   0.0742705   0.0644582
  419      16    103982    103966   62.0214     52.75   0.0680912   0.0644829
2026-07-08T15:09:01.833887+0800 min lat: 0.00711448 max lat: 0.245471 avg lat: 0.0644955
  sec Cur ops   started  finished  avg MB/s  cur MB/s last lat(s)  avg lat(s)
  420      16    104208    104192   62.0082      56.5   0.0707693   0.0644955
  421      16    104456    104440   62.0082        62   0.0682649   0.0644962
  422      16    104677    104661   61.9921     55.25   0.0715509   0.0645119
  423      16    104896    104880    61.975     54.75   0.0677324   0.0645308
  424      16    105127    105111    61.965     57.75    0.077091   0.0645404
  425      16    105350    105334   61.9503     55.75   0.0658583   0.0645566
  426      16    105562    105546   61.9293        53   0.0741298   0.0645769
  427      16    105774    105758   61.9084        53   0.0769956   0.0645998
  428      16    106006    105990   61.8992        58   0.0679684   0.0646091
  429      16    106222    106206   61.8808        54   0.0732199    0.064628
  430      16    106435    106419   61.8607     53.25   0.0663365   0.0646501
  431      16    106664    106648     61.85     57.25   0.0728514   0.0646611
  432      16    106893    106877   61.8393     57.25    0.071382   0.0646725
  433      16    107102    107086   61.8171     52.25   0.0715434   0.0646949
  434      16    107321    107305   61.8008     54.75   0.0705644   0.0647126
  435      16    107554    107538   61.7926     58.25   0.0662222   0.0647211
  436      16    107797    107781   61.7902     60.75   0.0636944   0.0647239
  437      16    108013    107997   61.7724        54   0.0713189   0.0647417
  438      16    108237    108221   61.7592        56   0.0655662   0.0647561
  439      16    108470    108454   61.7512     58.25   0.0680992   0.0647642
2026-07-08T15:09:21.837370+0800 min lat: 0.00711448 max lat: 0.245806 avg lat: 0.0647744
  sec Cur ops   started  finished  avg MB/s  cur MB/s last lat(s)  avg lat(s)
  440      16    108700    108684   61.7415      57.5   0.0628037   0.0647744
  441      16    108915    108899   61.7233     53.75   0.0724634   0.0647931
  442      16    109146    109130   61.7143     57.75   0.0679596   0.0648035
  443      16    109373    109357   61.7031     56.75    0.068263   0.0648149
  444      16    109587    109571   61.6846      53.5   0.0713182   0.0648334
  445      16    109803    109787   61.6673        54   0.0700157   0.0648523
  446      16    110032    110016   61.6574     57.25   0.0701052   0.0648631
  447      16    110259    110243   61.6464     56.75   0.0774599   0.0648727
  448      16    110468    110452   61.6254     52.25   0.0715907   0.0648969
  449      16    110689    110673   61.6112     55.25   0.0680016   0.0649119
  450      16    110918    110902   61.6014     57.25   0.0679657   0.0649218
  451      16    111156    111140   61.5968      59.5   0.0615936   0.0649275
  452      16    111371    111355   61.5794     53.75   0.0722586   0.0649452
  453      16    111596    111580   61.5676     56.25   0.0766207   0.0649578
  454      16    111824    111808   61.5575        57   0.0666911    0.064969
  455      16    112052    112036   61.5475        57     0.07218   0.0649781
  456      16    112259    112243    61.526     51.75   0.0742098   0.0650008
  457      16    112487    112471    61.516        57   0.0679579   0.0650117
  458      16    112716    112700   61.5067     57.25   0.0680762   0.0650223
  459      16    112928    112912   61.4881        53   0.0805034   0.0650409
2026-07-08T15:09:41.840982+0800 min lat: 0.00711448 max lat: 0.245806 avg lat: 0.0650529
  sec Cur ops   started  finished  avg MB/s  cur MB/s last lat(s)  avg lat(s)
  460      16    113155    113139   61.4778     56.75   0.0615808   0.0650529
  461      16    113385    113369   61.4692      57.5   0.0661112   0.0650618
  462      16    113617    113601   61.4616        58   0.0684239   0.0650699
  463      16    113827    113811   61.4423      52.5   0.0732119   0.0650896
  464      16    114050    114034     61.43     55.75   0.0683232   0.0651031
  465      16    114277    114261   61.4199     56.75   0.0727305   0.0651139
  466      16    114505    114489   61.4104        57   0.0746834   0.0651245
  467      16    114716    114700   61.3918     52.75   0.0732014   0.0651437
  468      16    114943    114927   61.3819     56.75   0.0678049   0.0651539
  469      16    115171    115155   61.3725        57   0.0666852   0.0651642
  470      15    115379    115364   61.3531     52.25   0.0738304   0.0651845
  471      16    115600    115584   61.3396        55   0.0687267   0.0651995
  472      16    115826    115810   61.3293      56.5   0.0662837   0.0652099
  473      16    116057    116041   61.3217     57.75   0.0667522   0.0652191
  474      16    116271    116255   61.3052      53.5   0.0717115   0.0652353
  475      16    116500    116484   61.2967     57.25    0.066585   0.0652447
  476      16    116728    116712   61.2876        57   0.0621524   0.0652551
  477      16    116942    116926   61.2713      53.5   0.0738437   0.0652712
  478      16    117161    117145   61.2576     54.75   0.0697622    0.065287
  479      16    117387    117371   61.2477      56.5   0.0684884   0.0652976
2026-07-08T15:10:01.844304+0800 min lat: 0.00711448 max lat: 0.245806 avg lat: 0.0653046
  sec Cur ops   started  finished  avg MB/s  cur MB/s last lat(s)  avg lat(s)
  480      16    117618    117602   61.2403     57.75   0.0698333   0.0653046
  481      16    117829    117813   61.2227     52.75   0.0713719   0.0653233
  482      16    118056    118040   61.2134     56.75   0.0648747   0.0653347
  483      16    118281    118265   61.2031     56.25   0.0690071   0.0653445
  484      16    118510    118494   61.1949     57.25   0.0669039   0.0653536
  485      16    118727    118711   61.1805     54.25   0.0630767   0.0653704
  486      16    118950    118934   61.1693     55.75   0.0671325   0.0653813
  487      16    119173    119157   61.1582     55.75   0.0673647   0.0653928
  488      16    119391    119375   61.1445      54.5    0.070796   0.0654075
  489      16    119613    119597    61.133      55.5   0.0771513   0.0654203
  490      16    119840    119824    61.124     56.75   0.0718174   0.0654299
  491      16    120067    120051   61.1151     56.75   0.0817664   0.0654366
  492      16    120281    120265   61.0996      53.5   0.0735698   0.0654554
  493      16    120503    120487   61.0882      55.5   0.0686538   0.0654678
  494      16    120730    120714   61.0794     56.75   0.0677652   0.0654778
  495      16    120950    120934   61.0671        55   0.0916131   0.0654899
  496      16    121164    121148   61.0518      53.5   0.0741112   0.0655059
  497      16    121388    121372   61.0416        56    0.066632   0.0655175
  498      16    121603    121587    61.027     53.75   0.0799909    0.065533
  499      16    121801    121785   61.0039      49.5   0.0635986   0.0655595
2026-07-08T15:10:21.847797+0800 min lat: 0.00711448 max lat: 0.245806 avg lat: 0.0655743
  sec Cur ops   started  finished  avg MB/s  cur MB/s last lat(s)  avg lat(s)
  500      15    122015    122000   60.9893     53.75    0.068206   0.0655743
  501      16    122224    122208   60.9714        52   0.0755319   0.0655828
  502      16    122438    122422   60.9565      53.5   0.0800715   0.0656082
  503      16    122652    122636   60.9416      53.5   0.0730753   0.0656262
  504      16    122874    122858   60.9308      55.5    0.067831   0.0656369
  505      16    123098    123082    60.921        56   0.0687994   0.0656477
  506      16    123319    123303   60.9098     55.25   0.0733885   0.0656605
  507      16    123532    123516   60.8947     53.25   0.0716261   0.0656764
  508      16    123754    123738    60.884      55.5    0.069539   0.0656874
  509      16    123971    123955    60.871     54.25   0.0884519   0.0657013
  510      16    124169    124153   60.8487      49.5   0.0745411   0.0657256
  511      16    124363    124347   60.8245      48.5   0.0690331   0.0657419
  512      16    124606    124590   60.8243     60.75   0.0686026   0.0657517
  513      16    124814    124798   60.8071        52   0.0749423   0.0657704
  514      16    125023    125007   60.7904     52.25   0.0754428   0.0657891
  515      16    125243    125227   60.7792        55   0.0693682   0.0658013
  516      16    125460    125444   60.7665     54.25    0.078203   0.0658144
  517      16    125654    125638   60.7428      48.5   0.0801995   0.0658316
  518      16    125878    125862   60.7336        56   0.0679507   0.0658509
  519      16    126103    126087   60.7249     56.25   0.0677767   0.0658597
2026-07-08T15:10:41.851278+0800 min lat: 0.00711448 max lat: 0.245806 avg lat: 0.0658777
  sec Cur ops   started  finished  avg MB/s  cur MB/s last lat(s)  avg lat(s)
  520      16    126311    126295   60.7081        52   0.0799124   0.0658777
  521      16    126507    126491   60.6857        49   0.0827097    0.065894
  522      16    126746    126730   60.6838     59.75   0.0693821    0.065905
  523      16    126966    126950    60.673        55   0.0684738   0.0659154
  524      16    127171    127155    60.655     51.25    0.074697   0.0659352
  525      16    127379    127363   60.6385        52    0.067636   0.0659538
  526      16    127604    127588   60.6301     56.25   0.0720762   0.0659631
  527      16    127804    127788   60.6099        50   0.0804267   0.0659843
  528      16    128009    127993   60.5922     51.25   0.0742463   0.0660037
  529      16    128226    128210   60.5801     54.25   0.0697005   0.0660169
  530      16    128453    128437   60.5729     56.75   0.0698058   0.0660254
  531      16    128660    128644   60.5563     51.75   0.0812585    0.066035
  532      16    128880    128864   60.5458        55   0.0756986   0.0660549
  533      16    129098    129082   60.5345      54.5   0.0709594   0.0660678
  534      16    129318    129302   60.5241        55   0.0674186   0.0660789
  535      16    129534    129518   60.5119        54   0.0714676   0.0660912
  536      16    129749    129733   60.4992     53.75   0.0760792   0.0661058
  537      16    129976    129960   60.4922     56.75   0.0695825    0.066114
  538      16    130181    130165    60.475     51.25   0.0806579   0.0661313
  539      16    130387    130371   60.4584      51.5   0.0811097   0.0661504
2026-07-08T15:11:01.854796+0800 min lat: 0.00711448 max lat: 0.245806 avg lat: 0.0661607
  sec Cur ops   started  finished  avg MB/s  cur MB/s last lat(s)  avg lat(s)
  540      16    130610    130594   60.4496     55.75   0.0665106   0.0661607
  541      16    130813    130797   60.4317     50.75    0.069049     0.06617
  542      16    131029    131013   60.4198        54   0.0744844   0.0661916
  543      16    131239    131223   60.4052      52.5   0.0661425   0.0662088
  544      16    131470    131454   60.4003     57.75   0.0690462   0.0662142
  545      16    131679    131663   60.3853     52.25   0.0806165   0.0662291
  546      16    131881    131865   60.3672      50.5   0.0731131   0.0662497
  547      16    132104    132088   60.3587     55.75    0.067895   0.0662601
  548      16    132326    132310   60.3499      55.5   0.0706847   0.0662694
  549      16    132524    132508   60.3301      49.5    0.079904   0.0662912
  550      16    132730    132714    60.314      51.5   0.0683495   0.0663091
  551      16    132940    132924   60.2998      52.5   0.0699811   0.0663148
  552      16    133166    133150   60.2929      56.5   0.0802254   0.0663312
  553      16    133369    133353   60.2756     50.75   0.0734385   0.0663511
  554      16    133588    133572   60.2656     54.75   0.0707842   0.0663621
  555      16    133811    133795   60.2575     55.75   0.0760785   0.0663701
  556      16    134008    133992   60.2377     49.25   0.0729115   0.0663922
  557      16    134218    134202   60.2238      52.5   0.0807387    0.066408
  558      16    134444    134428   60.2171      56.5   0.0691456   0.0664161
  559      16    134652    134636   60.2024        52   0.0849242   0.0664312
2026-07-08T15:11:21.858271+0800 min lat: 0.00711448 max lat: 0.245806 avg lat: 0.0664501
  sec Cur ops   started  finished  avg MB/s  cur MB/s last lat(s)  avg lat(s)
  560      16    134854    134838    60.185      50.5   0.0727903   0.0664501
  561      16    135053    135037   60.1664     49.75   0.0673636   0.0664612
  562      16    135296    135280   60.1674     60.75   0.0823344   0.0664698
  563      16    135496    135480   60.1493        50    0.073167   0.0664906
  564      16    135705    135689   60.1353     52.25    0.072921   0.0665053
  565      16    135931    135915   60.1289      56.5   0.0682486   0.0665131
  566      16    136145    136129   60.1171      53.5   0.0694067   0.0665257
  567      16    136347    136331   60.1002      50.5    0.074939   0.0665449
  568      16    136563    136547   60.0894        54   0.0688991   0.0665567
  569      16    136786    136770   60.0818     55.75   0.0725514   0.0665649
  570      16    136987    136971   60.0645     50.25   0.0758543   0.0665842
  571      16    137175    137159   60.0416        47   0.0838676   0.0666013
  572      16    137410    137394   60.0393     58.75   0.0694743   0.0666123
  573      16    137620    137604   60.0261      52.5    0.081545    0.066627
  574      16    137822    137806   60.0095      50.5   0.0718538   0.0666447
  575      16    138039    138023   59.9995     54.25   0.0669558    0.066656
  576      16    138266    138250   59.9938     56.75   0.0712461    0.066663
  577      16    138467    138451    59.977     50.25   0.0771956   0.0666816
  578      16    138680    138664   59.9653     53.25     0.07241   0.0666949
  579      16    138904    138888   59.9584        56   0.0676329   0.0667022
2026-07-08T15:11:41.861806+0800 min lat: 0.00711448 max lat: 0.245806 avg lat: 0.0667152
  sec Cur ops   started  finished  avg MB/s  cur MB/s last lat(s)  avg lat(s)
  580      16    139116    139100   59.9464        53   0.0908393   0.0667152
  581      16    139302    139286   59.9233      46.5   0.0826407   0.0667323
  582      16    139529    139513   59.9178     56.75   0.0687293   0.0667478
  583      16    139755    139739   59.9119      56.5   0.0683799   0.0667543
  584      16    139956    139940   59.8954     50.25   0.0812793   0.0667721
  585      16    140165    140149   59.8823     52.25   0.0729068   0.0667864
  586      16    140389    140373   59.8756        56   0.0663571    0.066795
  587      16    140609    140593   59.8673        55   0.0647332   0.0668042
  588      16    140831    140815   59.8599      55.5   0.0763866   0.0668124
  589      16    141047    141031   59.8499        54   0.0778822   0.0668238
  590      16    141272    141256   59.8438     56.25   0.0703935   0.0668306
  591      16    141476    141460   59.8288        51   0.0731163   0.0668371
  592      16    141696    141680   59.8206        55   0.0859198   0.0668556
  593      16    141909    141893   59.8096     53.25   0.0693707   0.0668685
  594      16    142127    142111   59.8006      54.5   0.0849383   0.0668774
  595      16    142344    142328   59.7913     54.25   0.0712381   0.0668882
  596      16    142557    142541   59.7803     53.25   0.0813341    0.066901
  597      16    142784    142768   59.7752     56.75   0.0688906   0.0669068
  598      16    142993    142977   59.7626     52.25   0.0825708   0.0669203
  599      16    143190    143174    59.745     49.25   0.0777474   0.0669407
Total time run:         600.068
Total writes made:      143384
Write size:             262144
Object size:            262144
Bandwidth (MB/sec):     59.7366
Stddev Bandwidth:       13.4227
Max bandwidth (MB/sec): 112.5
Min bandwidth (MB/sec): 46.5
Average IOPS:           238
Stddev IOPS:            53.6909
Max IOPS:               450
Min IOPS:               186
Average Latency(s):     0.0669509
Stddev Latency(s):      0.0200318
Max latency(s):         0.245806
Min latency(s):         0.00711448
[2026-07-08 15:17:03] -- seq read r2 --
[2026-07-08 15:22:15] -- seq read r3 --
Removed 143384 objects
[2026-07-08 15:28:07] -- rand read r1 --
[2026-07-08 15:28:19]   prefilling 120s...
hints = 1
Maintaining 16 concurrent writes of 262144 bytes to objects of size 262144 for up to 120 seconds or 0 objects
Object prefix: benchmark_data_tikv-node_1250890
  sec Cur ops   started  finished  avg MB/s  cur MB/s last lat(s)  avg lat(s)
    0       0         0         0         0         0           -           0
    1      16       454       438   109.477     109.5   0.0357709   0.0358374
    2      16       902       886   110.728       112   0.0179705    0.035768
    3      16      1350      1334   111.146       112    0.019664   0.0357069
    4      16      1795      1779   111.166    111.25   0.0588532   0.0357966
    5      16      2244      2228    111.38    112.25   0.0189897   0.0357514
    6      16      2689      2673   111.356    111.25   0.0181017   0.0357362
    7      16      3134      3118   111.338    111.25   0.0278186   0.0357687
    8      16      3579      3563   111.324    111.25   0.0664956   0.0358184
    9      16      4027      4011   111.397       112   0.0753114   0.0357952
   10      16      4473      4457   111.405     111.5   0.0134284   0.0358126
   11      16      4918      4902   111.389    111.25   0.0156123   0.0358189
   12      16      5364      5348   111.397     111.5   0.0620952   0.0358343
   13      16      5811      5795   111.423    111.75   0.0401984    0.035839
   14      16      6258      6242   111.445    111.75   0.0147846   0.0358273
   15      16      6706      6690   111.481       112    0.045641   0.0358202
   16      16      7151      7135   111.465    111.25   0.0202189   0.0358158
   17      16      7596      7580   111.451    111.25   0.0298869   0.0358359
   18      16      8043      8027   111.467    111.75   0.0526535   0.0358405
   19      16      8490      8474   111.481    111.75   0.0364518   0.0358343
2026-07-08T15:28:39.146377+0800 min lat: 0.0102946 max lat: 0.105524 avg lat: 0.0358268
  sec Cur ops   started  finished  avg MB/s  cur MB/s last lat(s)  avg lat(s)
   20      16      8935      8919   111.468    111.25   0.0149522   0.0358268
   21      16      9384      9368   111.504    112.25   0.0379552   0.0358282
   22      16      9827      9811   111.469    110.75   0.0525571   0.0358415
   23      16     10187     10171   110.535        90   0.0825251   0.0360967
   24      16     10631     10615   110.553       111   0.0596767   0.0361179
   25      16     10849     10833    108.31      54.5   0.0776345    0.036868
   26      16     11078     11062   106.346     57.25   0.0672031   0.0375578
   27      16     11422     11406   105.592        86   0.0172541   0.0378439
   28      16     11709     11693   104.383     71.75   0.0692766     0.03827
   29      16     11937     11921   102.749        57   0.0760741   0.0388736
   30      16     12182     12166   101.365     61.25   0.0474532   0.0394244
   31      16     12547     12531   101.038     91.25    0.068347   0.0395422
   32      16     12770     12754   99.6228     55.75   0.0719423   0.0400885
   33      16     12988     12972   98.2551      54.5     0.06814   0.0406595
   34      16     13216     13200   97.0414        57   0.0678609   0.0411728
   35      16     13444     13428   95.8971        57   0.0679294   0.0416633
   36      15     13657     13642   94.7191      53.5   0.0782253    0.042179
   37      16     13852     13836   93.4697      48.5   0.0775023   0.0426497
   38      16     14097     14081   92.6215     61.25    0.069243    0.043141
   39      16     14320     14304   91.6758     55.75   0.0840525   0.0435791
2026-07-08T15:28:59.150082+0800 min lat: 0.00973086 max lat: 0.202189 avg lat: 0.0440703
  sec Cur ops   started  finished  avg MB/s  cur MB/s last lat(s)  avg lat(s)
   40      16     14525     14509   90.6649     51.25   0.0740359   0.0440703
   41      16     14752     14736   89.8373     56.75   0.0676852   0.0444783
   42      16     14984     14968    89.079        58   0.0559206   0.0448604
   43      16     15202     15186   88.2746      54.5   0.0712572   0.0452711
   44      16     15419     15403   87.5011     54.25   0.0791643   0.0456733
   45      16     15648     15632   86.8286     57.25   0.0676502    0.046029
   46      16     15873     15857   86.1637     56.25     0.08533    0.046378
   47      16     16062     16046   85.3356     47.25   0.0276338   0.0467991
   48      16     16299     16283   84.7919     59.25   0.0674839   0.0471307
   49      16     16528     16512   84.2296     57.25   0.0672867   0.0474489
   50      16     16753     16737   83.6698     56.25   0.0828458   0.0477601
   51      16     16966     16950   83.0732     53.25   0.0794155   0.0481125
   52      16     17193     17177   82.5667     56.75   0.0680067   0.0484093
   53      16     17412     17396   82.0417     54.75   0.0845045    0.048692
   54      16     17622     17606   81.4945      52.5   0.0843557   0.0490436
   55      16     17842     17826   81.0126        55   0.0695759   0.0493408
   56      16     18067     18051   80.5702     56.25   0.0716745   0.0496066
   57      16     18276     18260   80.0733     52.25   0.0664708   0.0498355
   58      16     18504     18488   79.6753        57   0.0828748   0.0501642
   59      16     18730     18714   79.2824      56.5   0.0704772   0.0504145
2026-07-08T15:29:19.153620+0800 min lat: 0.00973086 max lat: 0.208838 avg lat: 0.0506396
  sec Cur ops   started  finished  avg MB/s  cur MB/s last lat(s)  avg lat(s)
   60      16     18964     18948   78.9359      58.5    0.067887   0.0506396
   61      16     19176     19160   78.5104        53   0.0718659   0.0509047
   62      16     19398     19382   78.1392      55.5   0.0680444    0.051157
   63      16     19613     19597    77.752     53.75   0.0127524   0.0514253
   64      16     19854     19838   77.4784     60.25   0.0666429   0.0515909
   65      16     20065     20049   77.0978     52.75   0.0818359   0.0518453
   66      16     20286     20270   76.7666     55.25   0.0665941   0.0520686
   67      16     20494     20478   76.3968        52   0.0764597   0.0522552
   68      16     20733     20717   76.1519     59.75   0.0719806   0.0524896
   69      16     20952     20936   75.8417     54.75   0.0685051   0.0527071
   70      16     21181     21165   75.5759     57.25   0.0686766   0.0528948
   71      16     21411     21395   75.3211      57.5   0.0705088   0.0530657
   72      16     21624     21608   75.0144     53.25   0.0777728   0.0532874
   73      16     21842     21826   74.7333      54.5   0.0678944   0.0534929
   74      16     22070     22054   74.4936        57   0.0668871   0.0536634
   75      16     22291     22275   74.2369     55.25   0.0727177   0.0538457
   76      16     22506     22490   73.9672     53.75   0.0682366   0.0540491
   77      16     22712     22696   73.6753      51.5    0.078092   0.0541961
   78      16     22966     22950   73.5447      63.5   0.0667429   0.0543585
   79      16     23185     23169   73.3067     54.75   0.0731503   0.0545331
2026-07-08T15:29:39.156927+0800 min lat: 0.00973086 max lat: 0.208838 avg lat: 0.054707
  sec Cur ops   started  finished  avg MB/s  cur MB/s last lat(s)  avg lat(s)
   80      16     23404     23388   73.0747     54.75   0.0749875    0.054707
   81      16     23633     23617   72.8791     57.25   0.0674102   0.0548563
   82      16     23864     23848   72.6945     57.75   0.0716876    0.054993
   83      16     24071     24055   72.4421     51.75   0.0738845    0.055181
   84      16     24302     24286    72.267     57.75   0.0671232   0.0553187
   85      16     24544     24528   72.1285      60.5   0.0673448   0.0554291
   86      16     24758     24742   71.9118      53.5    0.073188   0.0555909
   87      16     24948     24932   71.6311      47.5   0.0681806   0.0557532
   88      16     25196     25180   71.5215        62   0.0680288   0.0558961
   89      16     25422     25406   71.3526      56.5    0.100246   0.0560197
   90      16     25612     25596   71.0875      47.5   0.0829676    0.056185
   91      16     25857     25841   70.9793     61.25   0.0679248   0.0563272
   92      16     26088     26072   70.8353     57.75   0.0564656   0.0564428
   93      16     26313     26297   70.6784     56.25   0.0708832   0.0565623
   94      16     26528     26512   70.4982     53.75   0.0794898   0.0567087
   95      16     26757     26741   70.3586     57.25   0.0698985   0.0568249
   96      16     26989     26973   70.2298        58   0.0677331   0.0569272
   97      16     27182     27166   70.0031     48.25   0.0825508   0.0570611
   98      16     27412     27396   69.8754      57.5   0.0759226   0.0572184
   99      16     27638     27622   69.7402      56.5   0.0672375   0.0573263
2026-07-08T15:29:59.160589+0800 min lat: 0.00965951 max lat: 0.227109 avg lat: 0.057427
  sec Cur ops   started  finished  avg MB/s  cur MB/s last lat(s)  avg lat(s)
  100      16     27869     27853   69.6202     57.75   0.0747053    0.057427
  101      16     28078     28062    69.448     52.25   0.0705126   0.0575678
  102      16     28302     28286   69.3161        56   0.0716407   0.0576777
  103      16     28537     28521   69.2134     58.75   0.0659035   0.0577654
  104      16     28763     28747   69.0911      56.5   0.0735776   0.0578678
  105      16     28970     28954   68.9258     51.75   0.0745178    0.058006
  106      16     29197     29181   68.8109     56.75   0.0667763   0.0581054
  107      16     29407     29391   68.6584      52.5   0.0686941   0.0581804
  108      16     29651     29635   68.5874        61   0.0716711   0.0582937
  109      16     29864     29848   68.4466     53.25   0.0782362   0.0584136
  110      16     30093     30077   68.3447     57.25   0.0687552   0.0585007
  111      16     30324     30308   68.2492     57.75   0.0661582   0.0585848
  112      16     30532     30516    68.104        52   0.0711184   0.0587067
  113      16     30757     30741   67.9991     56.25   0.0714389   0.0588008
  114      16     30989     30973   67.9113        58   0.0680825   0.0588777
  115      16     31214     31198   67.8098     56.25   0.0718303   0.0589648
  116      16     31427     31411   67.6842     53.25   0.0716377    0.059071
  117      16     31634     31618   67.5479     51.75   0.0655199   0.0591441
  118      16     31886     31870   67.5093        63   0.0672054   0.0592274
  119      16     32097     32081   67.3852     52.75    0.073027   0.0593353
2026-07-08T15:30:19.163938+0800 min lat: 0.00965951 max lat: 0.227109 avg lat: 0.0594234
  sec Cur ops   started  finished  avg MB/s  cur MB/s last lat(s)  avg lat(s)
  120      12     32315     32303   67.2861      55.5   0.0691423   0.0594234
Total time run:         120.075
Total writes made:      32315
Write size:             262144
Object size:            262144
Bandwidth (MB/sec):     67.2808
Stddev Bandwidth:       22.4552
Max bandwidth (MB/sec): 112.25
Min bandwidth (MB/sec): 47.25
Average IOPS:           269
Stddev IOPS:            89.821
Max IOPS:               449
Min IOPS:               189
Average Latency(s):     0.0594279
Stddev Latency(s):      0.0236329
Max latency(s):         0.227109
Min latency(s):         0.00965951
[2026-07-08 15:35:21] -- rand read r2 --
[2026-07-08 15:40:33] -- rand read r3 --
Removed 32315 objects
[2026-07-08 15:46:04] ==============================================
[2026-07-08 15:46:04] Full backend capability test COMPLETE
[2026-07-08 15:46:04] ==============================================
[2026-07-08_16:25:23] === Full memdisk migration START ===
Scheduled to stop osd.0 on host 'ceph-node1'
Scheduled to stop osd.1 on host 'ceph-node1'
Scheduled to stop osd.2 on host 'ceph-node2'
Scheduled to stop osd.3 on host 'ceph-node2'
Scheduled to stop osd.4 on host 'ceph-node3'
Scheduled to stop osd.5 on host 'ceph-node3'
ID  CLASS  WEIGHT   TYPE NAME            STATUS  REWEIGHT  PRI-AFF
-1         3.25769  root default                                  
-3         0.93100      host ceph-node1                           
 0    hdd  0.46550          osd.0          down   1.00000  1.00000
 1    hdd  0.46550          osd.1          down   1.00000  1.00000
-5         0.93030      host ceph-node2                           
 2    hdd  0.46480          osd.2          down   1.00000  1.00000
 3    hdd  0.46550          osd.3          down   1.00000  1.00000
-6         1.39639      host ceph-node3                           
 4    hdd  0.93089          osd.4            up   1.00000  1.00000
 5    hdd  0.46550          osd.5            up   1.00000  1.00000
[2026-07-08 17:16:17] ==============================================
[2026-07-08 17:16:17] Full memdisk test START (DATA+WAL/DB all tmpfs)
[2026-07-08 17:16:17] ==============================================
[2026-07-08 17:16:17] === NIC self-check ===
  eno1: 7141482088727 8495892022    0    0    0     0          0     73375 16708114769508 12964558699    0    0    0     0       0          0
[2026-07-08 17:16:17] ==== WRITE 256K t64 300s ×3 ====
[2026-07-08 17:16:17] -- r1 (full monitoring) --
[2026-07-08 17:16:25]   perf t0-r1 collected
[2026-07-08 17:16:29]   monitoring started
[2026-07-08 17:21:30]   r1 done
[2026-07-08 17:21:31]   perf tend-r1 collected
Removed 134535 objects
[2026-07-08 17:21:55] -- r2 --
Removed 134382 objects
[2026-07-08 17:27:20] -- r3 --
Removed 134394 objects
[2026-07-08 17:32:45] ==== CONCURRENCY SCAN ====
[2026-07-08 17:32:45] -- t16 --
Removed 133995 objects
[2026-07-08 17:38:09] -- t128 --
Removed 134505 objects
[2026-07-08 17:43:34] ==== BLOCK SIZE MATRIX ====
[2026-07-08 17:43:34] -- write 4K r1 --
Removed 825323 objects
[2026-07-08 17:47:32] -- write 4K r2 --
Removed 824187 objects
[2026-07-08 17:51:30] -- write 4K r3 --
Removed 820118 objects
[2026-07-08 17:55:28] -- write 64K r1 --
Removed 214880 objects
[2026-07-08 17:58:04] -- write 64K r2 --
Removed 215077 objects
[2026-07-08 18:00:40] -- write 64K r3 --
Removed 215195 objects
[2026-07-08 18:03:16] -- write 1M r1 --
Removed 12976 objects
[2026-07-08 18:05:25] -- write 1M r2 --
Removed 13005 objects
[2026-07-08 18:07:35] -- write 1M r3 --
Removed 12932 objects
[2026-07-08 18:09:45] -- write 4M r1 --
Removed 3113 objects
[2026-07-08 18:11:54] -- write 4M r2 --
Removed 3111 objects
[2026-07-08 18:14:02] -- write 4M r3 --
Removed 3118 objects
[2026-07-08 18:16:11] ==== READ TESTS ====
[2026-07-08 18:16:11] -- seq read r1 --
hints = 1
Maintaining 16 concurrent writes of 262144 bytes to objects of size 262144 for up to 600 seconds or 0 objects
Object prefix: benchmark_data_tikv-node_2083193
  sec Cur ops   started  finished  avg MB/s  cur MB/s last lat(s)  avg lat(s)
    0       0         0         0         0         0           -           0
    1      16       458       442   110.494     110.5   0.0768427    0.035308
    2      16       904       888   110.987     111.5   0.0155191    0.035676
    3      16      1350      1334   111.151     111.5   0.0161154   0.0356589
    4      16      1799      1783   111.421    112.25   0.0468032   0.0355822
    5      16      2247      2231   111.533       112   0.0213377   0.0356967
    6      16      2693      2677   111.524     111.5   0.0841954    0.035703
    7      16      3139      3123   111.518     111.5   0.0243309   0.0357438
    8      16      3586      3570   111.545    111.75   0.0206194   0.0357265
    9      16      4034      4018   111.593       112    0.054915   0.0357261
   10      16      4482      4466   111.632       112   0.0154098   0.0357369
   11      16      4930      4914   111.664       112   0.0327384   0.0357472
   12      16      5378      5362    111.69       112   0.0315665   0.0357183
   13      16      5826      5810   111.712       112   0.0393291   0.0357341
   14      16      6272      6256   111.696     111.5   0.0161337   0.0357452
   15      16      6718      6702   111.681     111.5   0.0138539   0.0357454
   16      16      7166      7150     111.7       112   0.0377398   0.0357462
   17      16      7614      7598   111.716       112   0.0173739   0.0357559
   18      16      8059      8043   111.689    111.25   0.0131192   0.0357522
   19      16      8512      8496   111.771    113.25   0.0268112   0.0357356
2026-07-08T18:16:38.177362+0800 min lat: 0.0107334 max lat: 0.123137 avg lat: 0.0357408
  sec Cur ops   started  finished  avg MB/s  cur MB/s last lat(s)  avg lat(s)
   20      16      8956      8940   111.731       111   0.0273799   0.0357408
   21      16      9405      9389   111.755    112.25   0.0330133   0.0357544
   22      16      9853      9837   111.765       112   0.0239429   0.0357528
   23      16     10299     10283   111.753     111.5   0.0325342   0.0357485
   24      16     10746     10730   111.752    111.75   0.0265607    0.035746
   25      16     11197     11181   111.791    112.75   0.0198656   0.0357448
   26      16     11643     11627   111.779     111.5   0.0354708   0.0357421
   27      16     12086     12070    111.74    110.75   0.0213531   0.0357573
   28      16     12534     12518   111.749       112   0.0191608   0.0357624
   29      16     12982     12966   111.757       112   0.0381323   0.0357649
   30      16     13429     13413   111.756    111.75   0.0333183   0.0357615
   31      16     13877     13861   111.763       112   0.0460436   0.0357568
   32      16     14326     14310   111.778    112.25   0.0534365   0.0357557
   33      16     14775     14759   111.792    112.25    0.013604    0.035747
   34      16     15222     15206    111.79    111.75   0.0274363   0.0357564
   35      16     15670     15654   111.795       112   0.0486114   0.0357437
   36      16     16116     16100   111.787     111.5   0.0572961   0.0357523
   37      16     16560     16544   111.765       111   0.0199925   0.0357502
   38      16     17011     16995    111.79    112.75   0.0324035   0.0357549
   39      16     17457     17441   111.782     111.5   0.0183788   0.0357511
2026-07-08T18:16:58.180785+0800 min lat: 0.0105396 max lat: 0.123137 avg lat: 0.0357554
  sec Cur ops   started  finished  avg MB/s  cur MB/s last lat(s)  avg lat(s)
   40      16     17908     17892   111.806    112.75    0.045537   0.0357554
   41      16     18354     18338   111.798     111.5   0.0124149   0.0357495
   42      16     18801     18785   111.796    111.75   0.0164675   0.0357497
   43      16     19250     19234   111.806    112.25   0.0475753   0.0357548
   44      16     19696     19680   111.799     111.5   0.0276583   0.0357536
   45      16     20144     20128   111.803       112   0.0143144   0.0357512
   46      16     20592     20576   111.807       112   0.0773397   0.0357496
   47      16     21038     21022     111.8     111.5   0.0439206   0.0357498
   48      16     21486     21470   111.804       112   0.0319474   0.0357539
   49      15     21933     21918   111.807       112   0.0607513   0.0357511
   50      16     22384     22368   111.821     112.5   0.0431211   0.0357499
   51      16     22833     22817   111.829    112.25   0.0273101   0.0357483
   52      16     23279     23263   111.822     111.5   0.0138692   0.0357474
   53      16     23727     23711   111.825       112   0.0646395   0.0357486
   54      16     24174     24158   111.823    111.75    0.025487   0.0357425
   55      16     24621     24605   111.822    111.75   0.0191627    0.035748
   56      16     25068     25052    111.82    111.75   0.0390675   0.0357491
   57      16     25514     25498   111.814     111.5   0.0217126   0.0357507
   58      16     25963     25947   111.821    112.25   0.0239701   0.0357509
   59      16     26411     26395   111.824       112   0.0537545   0.0357521
2026-07-08T18:17:18.184222+0800 min lat: 0.0105396 max lat: 0.125542 avg lat: 0.0357513
  sec Cur ops   started  finished  avg MB/s  cur MB/s last lat(s)  avg lat(s)
   60      16     26859     26843   111.827       112   0.0371302   0.0357513
   61      16     27305     27289   111.821     111.5   0.0293199    0.035753
   62      16     27752     27736    111.82    111.75   0.0148982   0.0357505
   63      16     28200     28184   111.822       112   0.0940867   0.0357474
   64      16     28646     28630   111.817     111.5   0.0330774   0.0357558
   65      16     29094     29078   111.819       112     0.01901   0.0357479
   66      16     29540     29524   111.814     111.5   0.0180786   0.0357511
   67      16     29987     29971   111.813    111.75   0.0276931   0.0357566
   68      16     30435     30419   111.816       112   0.0510186    0.035753
   69      16     30883     30867   111.818       112   0.0386421   0.0357538
   70      16     31331     31315    111.82       112   0.0374998    0.035755
   71      16     31780     31764   111.826    112.25   0.0206717   0.0357534
   72      16     32225     32209   111.818    111.25   0.0245799   0.0357506
   73      16     32672     32656   111.817    111.75   0.0252588   0.0357527
   74      16     33120     33104   111.819       112   0.0167039   0.0357573
   75      16     33563     33547   111.804    110.75   0.0282375   0.0357558
   76      16     34013     33997   111.813     112.5   0.0199833   0.0357558
   77      16     34460     34444   111.812    111.75    0.028857   0.0357589
   78      16     34906     34890   111.808     111.5   0.0865937    0.035758
   79      16     35353     35337   111.807    111.75   0.0150901   0.0357583
2026-07-08T18:17:38.187552+0800 min lat: 0.0105396 max lat: 0.125542 avg lat: 0.0357575
  sec Cur ops   started  finished  avg MB/s  cur MB/s last lat(s)  avg lat(s)
   80      16     35802     35786   111.812    112.25   0.0137393   0.0357575
   81      16     36250     36234   111.814       112   0.0432446   0.0357565
   82      16     36699     36683   111.819    112.25   0.0502808   0.0357564
   83      16     37145     37129   111.815     111.5   0.0246101    0.035756
   84      16     37594     37578    111.82    112.25   0.0235855   0.0357536
   85      16     38041     38025   111.819    111.75   0.0294429   0.0357552
   86      16     38490     38474   111.824    112.25   0.0333904   0.0357549
   87      16     38937     38921   111.823    111.75   0.0270989   0.0357553
   88      16     39384     39368   111.822    111.75   0.0366248   0.0357555
   89      16     39829     39813   111.815    111.25   0.0379679   0.0357534
   90      16     40278     40262    111.82    112.25   0.0213443   0.0357552
   91      16     40727     40711   111.825    112.25   0.0287692   0.0357565
   92      16     41174     41158   111.823    111.75   0.0535908   0.0357547
   93      16     41624     41608   111.831     112.5    0.014807   0.0357516
   94      16     42072     42056   111.832       112   0.0236684   0.0357537
   95      16     42519     42503   111.831    111.75   0.0152708   0.0357526
   96      16     42968     42952   111.835    112.25   0.0155167   0.0357493
   97      16     43416     43400   111.837       112   0.0190941   0.0357516
   98      16     43863     43847   111.836    111.75   0.0574331   0.0357527
   99      16     44310     44294   111.835    111.75   0.0337982   0.0357516
2026-07-08T18:17:58.190907+0800 min lat: 0.0105396 max lat: 0.125542 avg lat: 0.0357526
  sec Cur ops   started  finished  avg MB/s  cur MB/s last lat(s)  avg lat(s)
  100      16     44758     44742   111.836       112   0.0725304   0.0357526
  101      16     45207     45191    111.84    112.25    0.032214   0.0357518
  102      16     45653     45637   111.836     111.5   0.0282268   0.0357508
  103      16     46103     46087   111.843     112.5    0.020187   0.0357481
  104      16     46551     46535   111.844       112   0.0288875   0.0357478
  105      16     46998     46982   111.843    111.75   0.0436622   0.0357508
  106      16     47447     47431   111.847    112.25   0.0200958   0.0357497
  107      16     47897     47881   111.853     112.5   0.0157613   0.0357478
  108      16     48343     48327   111.849     111.5   0.0292307   0.0357481
  109      16     48790     48774   111.848    111.75   0.0139776    0.035746
  110      16     49241     49225   111.856    112.75   0.0327257   0.0357465
  111      16     49688     49672   111.855    111.75   0.0241943    0.035748
  112      16     50134     50118   111.852     111.5   0.0680817   0.0357481
  113      16     50582     50566   111.853       112   0.0180667   0.0357471
  114      16     51030     51014   111.854       112   0.0166827   0.0357474
  115      16     51475     51459   111.848    111.25   0.0139287   0.0357484
  116      16     51925     51909   111.854     112.5   0.0130256   0.0357469
  117      16     52373     52357   111.855       112   0.0653387   0.0357476
  118      16     52818     52802    111.85    111.25   0.0169946   0.0357466
  119      16     53267     53251   111.853    112.25   0.0157608   0.0357481
2026-07-08T18:18:18.194336+0800 min lat: 0.0105396 max lat: 0.125542 avg lat: 0.0357468
  sec Cur ops   started  finished  avg MB/s  cur MB/s last lat(s)  avg lat(s)
  120      16     53716     53700   111.856    112.25   0.0324234   0.0357468
  121      16     54164     54148   111.857       112   0.0445404   0.0357466
  122      16     54610     54594   111.854     111.5   0.0196201   0.0357466
  123      16     55060     55044   111.859     112.5   0.0346776   0.0357484
  124      16     55504     55488   111.852       111   0.0205111   0.0357475
  125      16     55953     55937   111.855    112.25   0.0199509   0.0357465
  126      16     56400     56384   111.854    111.75   0.0584232   0.0357475
  127      16     56847     56831   111.853    111.75    0.040177   0.0357482
  128      16     57293     57277    111.85     111.5   0.0554308   0.0357503
  129      16     57742     57726   111.853    112.25    0.069618   0.0357486
  130      16     58192     58176   111.858     112.5   0.0140517   0.0357473
  131      16     58637     58621   111.853    111.25   0.0174739   0.0357461
  132      16     59086     59070   111.856    112.25    0.014151   0.0357465
  133      16     59533     59517   111.855    111.75   0.0767693   0.0357473
  134      16     59983     59967    111.86     112.5   0.0121539   0.0357468
  135      16     60429     60413   111.857     111.5    0.051183    0.035747
  136      16     60879     60863   111.861     112.5   0.0519131   0.0357466
  137      16     61327     61311   111.862       112   0.0342956   0.0357447
  138      16     61772     61756   111.858    111.25    0.026707   0.0357461
  139      16     62221     62205    111.86    112.25   0.0660003   0.0357454
2026-07-08T18:18:38.197813+0800 min lat: 0.0105396 max lat: 0.125542 avg lat: 0.0357475
  sec Cur ops   started  finished  avg MB/s  cur MB/s last lat(s)  avg lat(s)
  140      16     62666     62650   111.856    111.25   0.0762127   0.0357475
  141      16     63113     63097   111.855    111.75   0.0179292   0.0357477
  142      16     63562     63546   111.858    112.25   0.0360439   0.0357485
  143      16     64009     63993   111.857    111.75   0.0249462   0.0357476
  144      16     64456     64440   111.856    111.75   0.0215109   0.0357462
  145      16     64905     64889   111.858    112.25   0.0356007   0.0357472
  146      16     65353     65337   111.859       112   0.0192503   0.0357458
  147      15     65799     65784   111.858    111.75   0.0786129   0.0357456
  148      16     66247     66231   111.858    111.75   0.0540136   0.0357473
  149      16     66695     66679   111.858       112   0.0423095    0.035748
  150      16     67144     67128   111.861    112.25   0.0719541   0.0357463
  151      16     67590     67574   111.858     111.5   0.0269003   0.0357474
  152      16     68039     68023   111.861    112.25   0.0223308    0.035748
  153      16     68485     68469   111.858     111.5   0.0304769   0.0357461
  154      16     68932     68916   111.857    111.75   0.0588662   0.0357489
  155      16     69381     69365    111.86    112.25   0.0612341   0.0357481
  156      16     69825     69809   111.854       111   0.0440921   0.0357487
  157      16     70274     70258   111.857    112.25   0.0571788   0.0357487
  158      16     70722     70706   111.857       112   0.0853551   0.0357474
  159      16     71167     71151   111.854    111.25   0.0142755   0.0357468
2026-07-08T18:18:58.201320+0800 min lat: 0.0105396 max lat: 0.125542 avg lat: 0.0357482
  sec Cur ops   started  finished  avg MB/s  cur MB/s last lat(s)  avg lat(s)
  160      16     71615     71599   111.854       112   0.0733505   0.0357482
  161      16     72062     72046   111.854    111.75    0.018009   0.0357496
  162      16     72506     72490   111.848       111   0.0157392   0.0357503
  163      16     72952     72936   111.846     111.5   0.0353295   0.0357523
  164      16     73400     73384   111.847       112   0.0756592    0.035751
  165      16     73844     73828   111.841       111   0.0502923   0.0357527
  166      16     74293     74277   111.844    112.25   0.0800485   0.0357518
  167      16     74741     74725   111.845       112   0.0614342   0.0357526
  168      16     75187     75171   111.842     111.5   0.0142636   0.0357515
  169      16     75633     75617    111.84     111.5   0.0169063   0.0357526
  170      16     76078     76062   111.837    111.25   0.0550796   0.0357548
  171      16     76527     76511   111.839    112.25   0.0195894   0.0357547
  172      15     76973     76958   111.838    111.75   0.0274574   0.0357546
  173      16     77423     77407   111.841    112.25   0.0750608   0.0357534
  174      16     77871     77855   111.842       112   0.0375196   0.0357534
  175      16     78320     78304   111.844    112.25   0.0527991   0.0357536
  176      16     78769     78753   111.846    112.25   0.0712969   0.0357516
  177      16     79216     79200   111.845    111.75   0.0172161   0.0357525
  178      16     79666     79650   111.849     112.5   0.0509536   0.0357521
  179      16     80110     80094   111.844       111   0.0227514   0.0357522
2026-07-08T18:19:18.204743+0800 min lat: 0.0105396 max lat: 0.125542 avg lat: 0.0357525
  sec Cur ops   started  finished  avg MB/s  cur MB/s last lat(s)  avg lat(s)
  180      15     80559     80544   111.848     112.5   0.0552102   0.0357525
  181      16     81007     80991   111.847    111.75   0.0189905   0.0357523
  182      16     81454     81438   111.846    111.75   0.0531826   0.0357522
  183      16     81902     81886   111.847       112    0.025925   0.0357517
  184      16     82349     82333   111.846    111.75   0.0213938   0.0357517
  185      16     82797     82781   111.847       112   0.0319101   0.0357508
  186      16     83245     83229   111.848       112    0.016282   0.0357519
  187      16     83694     83678    111.85    112.25   0.0620287   0.0357517
  188      16     84139     84123   111.847    111.25   0.0204532   0.0357514
  189      16     84590     84574   111.851    112.75   0.0145401   0.0357517
  190      16     85036     85020   111.849     111.5   0.0285947   0.0357506
  191      16     85484     85468    111.85       112   0.0191979   0.0357504
  192      16     85932     85916   111.851       112   0.0219118   0.0357501
  193      16     86379     86363    111.85    111.75   0.0149349   0.0357504
  194      16     86829     86813   111.853     112.5   0.0173479   0.0357484
  195      16     87278     87262   111.855    112.25   0.0398209   0.0357503
  196      15     87723     87708   111.853     111.5   0.0261065   0.0357507
  197      16     88174     88158   111.856     112.5   0.0759888   0.0357494
  198      16     88622     88606   111.857       112   0.0253296   0.0357488
  199      16     89068     89052   111.855     111.5   0.0255655   0.0357492
2026-07-08T18:19:38.208345+0800 min lat: 0.0105396 max lat: 0.128738 avg lat: 0.0357492
  sec Cur ops   started  finished  avg MB/s  cur MB/s last lat(s)  avg lat(s)
  200      16     89517     89501   111.857    112.25   0.0232983   0.0357492
  201      16     89963     89947   111.855     111.5   0.0450713   0.0357496
  202      16     90411     90395   111.856       112   0.0513355   0.0357497
  203      16     90860     90844   111.858    112.25   0.0244365   0.0357482
  204      16     91309     91293   111.859    112.25   0.0169486   0.0357482
  205      16     91755     91739   111.858     111.5   0.0214495   0.0357485
  206      16     92204     92188   111.859    112.25   0.0157516   0.0357485
  207      16     92650     92634   111.858     111.5   0.0333464   0.0357484
  208      16     93098     93082   111.858       112   0.0129209   0.0357484
  209      16     93545     93529   111.858    111.75    0.056338   0.0357494
  210      16     93994     93978   111.859    112.25   0.0186652    0.035748
  211      16     94441     94425   111.859    111.75   0.0278934   0.0357484
  212      16     94888     94872   111.858    111.75    0.023679   0.0357486
  213      16     95336     95320   111.859       112   0.0261396   0.0357486
  214      16     95784     95768   111.859       112   0.0279132   0.0357483
  215      16     96231     96215   111.859    111.75   0.0454343   0.0357479
  216      16     96680     96664    111.86    112.25    0.040504   0.0357475
  217      16     97129     97113   111.862    112.25   0.0188242   0.0357476
  218      16     97576     97560   111.862    111.75   0.0427716   0.0357484
  219      16     98024     98008   111.862       112   0.0395173   0.0357482
2026-07-08T18:19:58.211635+0800 min lat: 0.0105396 max lat: 0.128738 avg lat: 0.035748
  sec Cur ops   started  finished  avg MB/s  cur MB/s last lat(s)  avg lat(s)
  220      16     98470     98454    111.86     111.5   0.0435671    0.035748
  221      16     98918     98902   111.861       112   0.0161499   0.0357479
  222      16     99366     99350   111.861       112   0.0253477   0.0357474
  223      16     99815     99799   111.863    112.25   0.0690368   0.0357473
  224      16    100262    100246   111.863    111.75    0.025268   0.0357479
  225      16    100711    100695   111.864    112.25   0.0375315   0.0357475
  226      16    101159    101143   111.865       112    0.064676   0.0357477
  227      16    101606    101590   111.864    111.75   0.0398614   0.0357472
  228      16    102052    102036   111.862     111.5   0.0158206   0.0357473
  229      16    102499    102483   111.862    111.75   0.0171935   0.0357476
  230      16    102947    102931   111.862       112    0.074173   0.0357475
  231      16    103395    103379   111.863       112   0.0137567   0.0357479
  232      16    103843    103827   111.863       112   0.0217072   0.0357482
  233      16    104289    104273   111.862     111.5   0.0470172   0.0357485
  234      16    104735    104719    111.86     111.5   0.0190076   0.0357479
  235      16    105183    105167   111.861       112   0.0321217   0.0357485
  236      16    105632    105616   111.862    112.25   0.0989957   0.0357469
  237      16    106079    106063   111.862    111.75   0.0255159   0.0357484
  238      16    106528    106512   111.863    112.25   0.0151935   0.0357469
  239      16    106977    106961   111.865    112.25   0.0196836   0.0357469
2026-07-08T18:20:18.215165+0800 min lat: 0.0105396 max lat: 0.128738 avg lat: 0.0357472
  sec Cur ops   started  finished  avg MB/s  cur MB/s last lat(s)  avg lat(s)
  240      16    107424    107408   111.864    111.75   0.0200607   0.0357472
  241      16    107871    107855   111.864    111.75   0.0607119   0.0357472
  242      16    108320    108304   111.865    112.25    0.065489   0.0357471
  243      16    108768    108752   111.866       112   0.0261461   0.0357461
  244      16    109214    109198   111.864     111.5   0.0528116   0.0357479
  245      16    109660    109644   111.862     111.5   0.0385588    0.035748
  246      16    110108    110092   111.863       112    0.062778   0.0357477
  247      16    110551    110535   111.858    110.75    0.021497   0.0357497
  248      16    111000    110984    111.86    112.25   0.0193803    0.035749
  249      16    111450    111434   111.862     112.5   0.0654861   0.0357486
  250      16    111900    111884   111.865     112.5   0.0129739   0.0357474
  251      16    112345    112329   111.862    111.25   0.0192241   0.0357478
  252      16    112796    112780   111.866    112.75   0.0160227   0.0357477
  253      16    113243    113227   111.865    111.75   0.0162123   0.0357469
  254      16    113688    113672   111.863    111.25   0.0537125   0.0357478
  255      16    114137    114121   111.864    112.25   0.0374244   0.0357479
  256      16    114587    114571   111.867     112.5   0.0164475   0.0357471
  257      16    115000    114984   111.833    103.25   0.0394959   0.0357528
  258      16    115461    115445   111.846    115.25   0.0143332   0.0357532
  259      16    115908    115892   111.846    111.75   0.0189264    0.035753
2026-07-08T18:20:38.218635+0800 min lat: 0.0105396 max lat: 0.128738 avg lat: 0.0357527
  sec Cur ops   started  finished  avg MB/s  cur MB/s last lat(s)  avg lat(s)
  260      16    116357    116341   111.847    112.25   0.0200043   0.0357527
  261      16    116804    116788   111.847    111.75   0.0228583   0.0357525
  262      16    117253    117237   111.848    112.25   0.0507551   0.0357528
  263      16    117700    117684   111.848    111.75   0.0753462   0.0357524
  264      16    118147    118131   111.847    111.75   0.0480199    0.035753
  265      16    118594    118578   111.847    111.75   0.0451347    0.035753
  266      16    119041    119025   111.846    111.75    0.055376   0.0357536
  267      16    119487    119471   111.845     111.5   0.0161819   0.0357532
  268      16    119937    119921   111.847     112.5   0.0220321   0.0357524
  269      16    120383    120367   111.846     111.5   0.0132532   0.0357534
  270      16    120832    120816   111.847    112.25   0.0419057   0.0357534
  271      16    121280    121264   111.848       112   0.0449858   0.0357536
  272      16    121728    121712   111.848       112   0.0202301   0.0357526
  273      16    122176    122160   111.849       112   0.0128934   0.0357522
  274      16    122622    122606   111.848     111.5   0.0750269   0.0357522
  275      16    123071    123055   111.849    112.25   0.0114218   0.0357533
  276      16    123517    123501   111.848     111.5   0.0361243   0.0357537
  277      16    123963    123947   111.846     111.5   0.0517759    0.035753
  278      16    124413    124397   111.849     112.5   0.0711823    0.035753
  279      16    124861    124845   111.849       112   0.0373243    0.035753
2026-07-08T18:20:58.222105+0800 min lat: 0.0105396 max lat: 0.128738 avg lat: 0.0357527
  sec Cur ops   started  finished  avg MB/s  cur MB/s last lat(s)  avg lat(s)
  280      16    125308    125292   111.849    111.75   0.0241846   0.0357527
  281      16    125754    125738   111.847     111.5   0.0131183   0.0357528
  282      16    126203    126187   111.849    112.25   0.0156617   0.0357514
  283      16    126653    126637   111.851     112.5   0.0165632   0.0357522
  284      16    127100    127084    111.85    111.75   0.0499077   0.0357524
  285      16    127549    127533   111.852    112.25   0.0586996   0.0357519
  286      16    127996    127980   111.851    111.75   0.0213381   0.0357512
  287      16    128441    128425   111.849    111.25   0.0605949   0.0357523
  288      16    128887    128871   111.848     111.5   0.0142539   0.0357525
  289      16    129336    129320   111.849    112.25   0.0120451   0.0357523
  290      16    129782    129766   111.848     111.5   0.0600597   0.0357533
  291      16    130229    130213   111.848    111.75   0.0231396   0.0357534
  292      16    130675    130659   111.846     111.5   0.0277835   0.0357532
  293      16    131118    131102   111.843    110.75   0.0181453   0.0357546
  294      16    131567    131551   111.844    112.25   0.0131966   0.0357539
  295      16    132014    131998   111.844    111.75   0.0543304   0.0357547
  296      16    132459    132443   111.841    111.25   0.0218735   0.0357544
  297      16    132908    132892   111.843    112.25   0.0726582   0.0357551
  298      16    133352    133336    111.84       111   0.0457329   0.0357556
  299      16    133800    133784    111.84       112    0.055916   0.0357558
2026-07-08T18:21:18.225407+0800 min lat: 0.0101923 max lat: 0.128738 avg lat: 0.0357561
  sec Cur ops   started  finished  avg MB/s  cur MB/s last lat(s)  avg lat(s)
  300      15    134246    134231    111.84    111.75   0.0166511   0.0357561
  301      16    134695    134679    111.84       112   0.0197922   0.0357559
  302      16    135142    135126    111.84    111.75   0.0313946    0.035756
  303      16    135588    135572   111.839     111.5   0.0403755   0.0357559
  304      16    136037    136021    111.84    112.25   0.0167238   0.0357552
  305      16    136484    136468    111.84    111.75   0.0559855   0.0357564
  306      16    136931    136915   111.839    111.75    0.077881   0.0357561
  307      16    137377    137361   111.838     111.5   0.0174597   0.0357554
  308      16    137826    137810    111.84    112.25    0.051815   0.0357564
  309      16    138271    138255   111.838    111.25    0.027327   0.0357561
  310      16    138721    138705    111.84     112.5   0.0293703   0.0357558
  311      16    139167    139151   111.838     111.5   0.0363933    0.035756
  312      16    139616    139600    111.84    112.25   0.0187391    0.035756
  313      16    140061    140045   111.838    111.25   0.0638819   0.0357566
  314      16    140508    140492   111.837    111.75    0.030402   0.0357561
  315      16    140956    140940   111.838       112   0.0219261   0.0357565
  316      16    141403    141387   111.838    111.75   0.0584698   0.0357572
  317      16    141850    141834   111.837    111.75   0.0559903   0.0357568
  318      16    142296    142280   111.836     111.5   0.0111665    0.035757
  319      16    142739    142723   111.833    110.75   0.0159939   0.0357577
2026-07-08T18:21:38.228891+0800 min lat: 0.0101923 max lat: 0.128738 avg lat: 0.0357569
  sec Cur ops   started  finished  avg MB/s  cur MB/s last lat(s)  avg lat(s)
  320      16    143189    143173   111.835     112.5   0.0372317   0.0357569
  321      16    143635    143619   111.834     111.5   0.0301328   0.0357575
  322      16    144085    144069   111.836     112.5   0.0354925   0.0357577
  323      16    144528    144512   111.832    110.75   0.0601921   0.0357581
  324      16    144976    144960   111.833       112   0.0186724   0.0357586
  325      16    145422    145406   111.832     111.5   0.0128897   0.0357579
  326      16    145869    145853   111.831    111.75   0.0492745    0.035759
  327      16    146318    146302   111.832    112.25   0.0160832   0.0357583
  328      16    146765    146749   111.832    111.75   0.0714044   0.0357584
  329      16    147215    147199   111.834     112.5    0.088203    0.035758
  330      16    147662    147646   111.834    111.75   0.0634772   0.0357583
  331      16    148111    148095   111.835    112.25   0.0193143   0.0357578
  332      16    148561    148545   111.837     112.5   0.0407458   0.0357576
  333      16    149006    148990   111.835    111.25     0.01978   0.0357566
  334      16    149455    149439   111.836    112.25   0.0179998   0.0357569
  335      16    149903    149887   111.837       112   0.0491076   0.0357575
  336      16    150348    150332   111.835    111.25   0.0388721   0.0357573
  337      16    150798    150782   111.837     112.5   0.0398322   0.0357575
  338      16    151247    151231   111.838    112.25   0.0989222   0.0357563
  339      16    151697    151681    111.84     112.5   0.0503875   0.0357564
2026-07-08T18:21:58.232190+0800 min lat: 0.0101923 max lat: 0.128738 avg lat: 0.0357559
  sec Cur ops   started  finished  avg MB/s  cur MB/s last lat(s)  avg lat(s)
  340      16    152145    152129    111.84       112   0.0234586   0.0357559
  341      16    152591    152575   111.839     111.5   0.0204489   0.0357563
  342      16    153036    153020   111.838    111.25   0.0685185   0.0357567
  343      16    153483    153467   111.837    111.75   0.0177376    0.035757
  344      16    153929    153913   111.836     111.5   0.0415775   0.0357573
  345      16    154376    154360   111.836    111.75   0.0180664   0.0357566
  346      16    154822    154806   111.835     111.5   0.0583967   0.0357576
  347      16    155270    155254   111.835       112   0.0510872   0.0357579
  348      16    155717    155701   111.835    111.75   0.0150464   0.0357577
  349      16    156162    156146   111.833    111.25   0.0136025   0.0357579
  350      16    156610    156594   111.834       112   0.0780627   0.0357579
  351      16    157059    157043   111.835    112.25   0.0446957   0.0357574
  352      16    157509    157493   111.837     112.5   0.0250706   0.0357572
  353      16    157953    157937   111.834       111   0.0270804    0.035757
  354      16    158396    158380   111.831    110.75   0.0168305   0.0357582
  355      16    158842    158826    111.83     111.5    0.021127   0.0357586
  356      16    159293    159277   111.833    112.75   0.0211526   0.0357588
  357      16    159740    159724   111.832    111.75   0.0254972   0.0357584
  358      16    160187    160171   111.832    111.75   0.0173019   0.0357583
  359      16    160630    160614   111.829    110.75   0.0729309   0.0357592
2026-07-08T18:22:18.235646+0800 min lat: 0.0101923 max lat: 0.128738 avg lat: 0.0357597
  sec Cur ops   started  finished  avg MB/s  cur MB/s last lat(s)  avg lat(s)
  360      16    161073    161057   111.826    110.75   0.0363125   0.0357597
  361      16    161520    161504   111.826    111.75    0.062824   0.0357609
  362      16    161963    161947   111.823    110.75   0.0269484   0.0357604
  363      16    162413    162397   111.824     112.5   0.0374659   0.0357609
  364      16    162860    162844   111.824    111.75   0.0205363   0.0357606
  365      16    163308    163292   111.825       112   0.0675875   0.0357609
  366      16    163754    163738   111.824     111.5   0.0245508   0.0357606
  367      16    164204    164188   111.826     112.5   0.0290116   0.0357602
  368      16    164649    164633   111.824    111.25    0.055008   0.0357615
  369      16    165098    165082   111.825    112.25   0.0313919   0.0357612
  370      16    165544    165528   111.824     111.5   0.0145429   0.0357605
  371      16    165994    165978   111.826     112.5   0.0370151   0.0357602
  372      16    166439    166423   111.824    111.25   0.0145594   0.0357606
  373      16    166888    166872   111.825    112.25   0.0645132   0.0357609
  374      16    167335    167319   111.825    111.75   0.0457123    0.035761
  375      16    167781    167765   111.824     111.5   0.0448006   0.0357611
  376      16    168229    168213   111.825       112    0.043654   0.0357611
  377      16    168678    168662   111.826    112.25     0.05345   0.0357612
  378      16    169126    169110   111.826       112    0.030529   0.0357605
  379      16    169572    169556   111.825     111.5   0.0308421   0.0357611
2026-07-08T18:22:38.239050+0800 min lat: 0.0101923 max lat: 0.135934 avg lat: 0.035761
  sec Cur ops   started  finished  avg MB/s  cur MB/s last lat(s)  avg lat(s)
  380      16    170019    170003   111.825    111.75    0.019026    0.035761
  381      16    170466    170450   111.825    111.75   0.0228799   0.0357605
  382      16    170916    170900   111.826     112.5   0.0228327   0.0357605
  383      16    171363    171347   111.826    111.75   0.0208936   0.0357601
  384      16    171811    171795   111.827       112   0.0138505   0.0357607
  385      16    172257    172241   111.826     111.5   0.0214171   0.0357606
  386      16    172706    172690   111.827    112.25   0.0303613   0.0357602
  387      16    173153    173137   111.826    111.75   0.0237102   0.0357602
  388      16    173596    173580   111.824    110.75   0.0208844   0.0357612
  389      16    174047    174031   111.826    112.75   0.0256157   0.0357605
  390      16    174492    174476   111.824    111.25   0.0143578   0.0357614
  391      16    174941    174925   111.825    112.25   0.0272304   0.0357611
  392      16    175388    175372   111.825    111.75   0.0285047   0.0357614
  393      16    175832    175816   111.823       111   0.0183422   0.0357607
  394      16    176281    176265   111.824    112.25    0.039345   0.0357614
  395      16    176727    176711   111.823     111.5   0.0678924   0.0357616
  396      16    177176    177160   111.824    112.25   0.0159509   0.0357608
  397      16    177624    177608   111.825       112   0.0132742   0.0357607
  398      16    178072    178056   111.825       112    0.026059   0.0357607
  399      16    178521    178505   111.826    112.25   0.0309993   0.0357604
2026-07-08T18:22:58.242624+0800 min lat: 0.0101923 max lat: 0.135934 avg lat: 0.035761
  sec Cur ops   started  finished  avg MB/s  cur MB/s last lat(s)  avg lat(s)
  400      16    178966    178950   111.825    111.25   0.0225296    0.035761
  401      16    179416    179400   111.826     112.5   0.0656298    0.035761
  402      16    179864    179848   111.827       112   0.0705849   0.0357602
  403      16    180310    180294   111.826     111.5   0.0392649   0.0357605
  404      16    180755    180739   111.824    111.25   0.0165771   0.0357606
  405      16    181205    181189   111.826     112.5     0.02894   0.0357608
  406      16    181654    181638   111.827    112.25   0.0197551   0.0357606
  407      16    182101    182085   111.827    111.75   0.0524977   0.0357607
  408      16    182548    182532   111.826    111.75   0.0210508   0.0357605
  409      16    182997    182981   111.827    112.25    0.032585   0.0357604
  410      16    183446    183430   111.828    112.25   0.0145774   0.0357601
  411      16    183895    183879   111.829    112.25   0.0295114   0.0357596
  412      15    184343    184328    111.83    112.25   0.0204475   0.0357594
  413      16    184792    184776   111.831       112   0.0135428   0.0357595
  414      16    185237    185221   111.829    111.25   0.0218015   0.0357598
  415      16    185685    185669    111.83       112   0.0652487   0.0357596
  416      16    186134    186118   111.831    112.25   0.0260196    0.035759
  417      16    186581    186565    111.83    111.75   0.0205846   0.0357595
  418      16    187031    187015   111.832     112.5   0.0177345   0.0357589
  419      16    187482    187466   111.834    112.75   0.0150854   0.0357589
2026-07-08T18:23:18.246353+0800 min lat: 0.0101923 max lat: 0.135934 avg lat: 0.0357585
  sec Cur ops   started  finished  avg MB/s  cur MB/s last lat(s)  avg lat(s)
  420      16    187928    187912   111.833     111.5   0.0392247   0.0357585
  421      16    188378    188362   111.835     112.5   0.0148045   0.0357583
  422      16    188824    188808   111.834     111.5   0.0614366   0.0357585
  423      16    189274    189258   111.835     112.5   0.0276912   0.0357584
  424      16    189721    189705   111.835    111.75   0.0595481   0.0357584
  425      16    190165    190149   111.833       111   0.0133106   0.0357586
  426      16    190613    190597   111.833       112   0.0536119   0.0357585
  427      16    191059    191043   111.833     111.5   0.0153633   0.0357588
  428      16    191509    191493   111.834     112.5   0.0200411   0.0357582
  429      16    191954    191938   111.833    111.25   0.0265498   0.0357584
  430      16    192402    192386   111.833       112   0.0332201   0.0357588
  431      16    192850    192834   111.833       112   0.0414427   0.0357588
  432      16    193299    193283   111.834    112.25   0.0488875   0.0357587
  433      16    193744    193728   111.833    111.25   0.0209414   0.0357588
  434      16    194192    194176   111.833       112   0.0415007   0.0357587
  435      16    194641    194625   111.834    112.25    0.018206   0.0357583
  436      16    195085    195069   111.832       111    0.013067   0.0357587
  437      16    195533    195517   111.833       112   0.0262094    0.035759
  438      16    195982    195966   111.833    112.25   0.0560334   0.0357589
  439      16    196427    196411   111.832    111.25    0.038064   0.0357589
2026-07-08T18:23:38.249867+0800 min lat: 0.0101923 max lat: 0.135934 avg lat: 0.0357588
  sec Cur ops   started  finished  avg MB/s  cur MB/s last lat(s)  avg lat(s)
  440      16    196876    196860   111.833    112.25   0.0707602   0.0357588
  441      16    197323    197307   111.833    111.75    0.014658   0.0357592
  442      16    197771    197755   111.833       112   0.0498805   0.0357589
  443      16    198218    198202   111.833    111.75   0.0126249   0.0357586
  444      16    198665    198649   111.833    111.75    0.028948   0.0357588
  445      16    199111    199095   111.832     111.5   0.0131811   0.0357588
  446      16    199562    199546   111.834    112.75   0.0480583   0.0357589
  447      16    200008    199992   111.833     111.5   0.0260289   0.0357586
  448      16    200454    200438   111.832     111.5   0.0227292    0.035759
  449      16    200904    200888   111.834     112.5   0.0139086   0.0357586
  450      16    201351    201335   111.833    111.75   0.0335746   0.0357589
  451      16    201801    201785   111.835     112.5   0.0417238   0.0357585
  452      16    202246    202230   111.834    111.25   0.0425526    0.035759
  453      16    202694    202678   111.834       112   0.0495801   0.0357586
  454      16    203143    203127   111.835    112.25   0.0348894   0.0357585
  455      16    203591    203575   111.835       112   0.0334152   0.0357583
  456      16    204040    204024   111.836    112.25   0.0659995   0.0357581
  457      16    204486    204470   111.835     111.5   0.0253152   0.0357581
  458      16    204936    204920   111.837     112.5    0.074817    0.035758
  459      16    205381    205365   111.835    111.25   0.0142043   0.0357581
2026-07-08T18:23:58.253348+0800 min lat: 0.0101923 max lat: 0.135934 avg lat: 0.0357583
  sec Cur ops   started  finished  avg MB/s  cur MB/s last lat(s)  avg lat(s)
  460      16    205829    205813   111.836       112   0.0377117   0.0357583
  461      16    206278    206262   111.836    112.25   0.0148669   0.0357574
  462      16    206727    206711   111.837    112.25   0.0341029   0.0357569
  463      16    207175    207159   111.838       112   0.0339182   0.0357569
  464      16    207623    207607   111.838       112   0.0139196   0.0357574
  465      16    208071    208055   111.838       112   0.0861551   0.0357566
  466      16    208518    208502   111.838    111.75   0.0721472   0.0357574
  467      16    208965    208949   111.838    111.75   0.0556674   0.0357574
  468      15    209412    209397   111.838       112   0.0576641   0.0357576
  469      16    209860    209844   111.838    111.75   0.0405375   0.0357578
  470      16    210305    210289   111.837    111.25   0.0617493   0.0357579
  471      16    210752    210736   111.836    111.75   0.0205238   0.0357574
  472      16    211197    211181   111.835    111.25   0.0589714   0.0357583
  473      16    211650    211634   111.838    113.25    0.046288   0.0357577
  474      16    212094    212078   111.836       111      0.0231    0.035758
  475      16    212538    212522   111.834       111   0.0291696   0.0357583
  476      16    212985    212969   111.834    111.75    0.021706   0.0357584
  477      16    213434    213418   111.835    112.25   0.0222707   0.0357577
  478      16    213883    213867   111.836    112.25   0.0288685   0.0357582
  479      16    214330    214314   111.836    111.75   0.0142462    0.035758
2026-07-08T18:24:18.256758+0800 min lat: 0.0101923 max lat: 0.135934 avg lat: 0.0357583
  sec Cur ops   started  finished  avg MB/s  cur MB/s last lat(s)  avg lat(s)
  480      16    214778    214762   111.836       112   0.0150635   0.0357583
  481      16    215227    215211   111.837    112.25   0.0209971   0.0357578
  482      16    215673    215657   111.836     111.5   0.0187751   0.0357581
  483      16    216121    216105   111.836       112   0.0765147   0.0357579
  484      16    216571    216555   111.838     112.5   0.0253418   0.0357575
  485      16    217019    217003   111.838       112   0.0848259   0.0357574
  486      16    217468    217452   111.839    112.25   0.0240644   0.0357576
  487      16    217912    217896   111.837       111   0.0134104   0.0357567
  488      16    218359    218343   111.837    111.75    0.028065   0.0357575
  489      16    218808    218792   111.838    112.25   0.0195499   0.0357572
  490      16    219254    219238   111.837     111.5   0.0159046   0.0357576
  491      16    219702    219686   111.837       112   0.0421454   0.0357578
  492      16    220149    220133   111.837    111.75   0.0559615   0.0357579
  493      16    220596    220580   111.837    111.75   0.0762953   0.0357573
  494      15    221047    221032   111.839       113   0.0610203   0.0357574
  495      16    221490    221474   111.836     110.5   0.0225998   0.0357572
  496      16    221942    221926   111.839       113   0.0236533    0.035757
  497      16    222388    222372   111.838     111.5   0.0726047   0.0357572
  498      16    222834    222818   111.837     111.5   0.0532471   0.0357576
  499      16    223282    223266   111.837       112   0.0260033   0.0357575
2026-07-08T18:24:38.260208+0800 min lat: 0.0101923 max lat: 0.135934 avg lat: 0.0357572
  sec Cur ops   started  finished  avg MB/s  cur MB/s last lat(s)  avg lat(s)
  500      16    223732    223716   111.839     112.5   0.0269575   0.0357572
  501      16    224178    224162   111.838     111.5   0.0129247   0.0357574
  502      16    224623    224607   111.837    111.25   0.0469787   0.0357578
  503      16    225070    225054   111.837    111.75   0.0235128   0.0357578
  504      16    225518    225502   111.837       112   0.0202552   0.0357572
  505      16    225967    225951   111.838    112.25   0.0130622   0.0357575
  506      16    226413    226397   111.837     111.5   0.0143792   0.0357575
  507      16    226862    226846   111.838    112.25   0.0338181   0.0357577
  508      16    227312    227296   111.839     112.5   0.0293134   0.0357572
  509      16    227758    227742   111.838     111.5   0.0235459   0.0357573
  510      16    228205    228189   111.838    111.75    0.015937    0.035757
  511      16    228654    228638   111.839    112.25   0.0221268   0.0357567
  512      16    229103    229087    111.84    112.25   0.0135619   0.0357564
  513      16    229547    229531   111.838       111   0.0148769   0.0357574
  514      16    229986    229970   111.834    109.75   0.0303833    0.035759
  515      16    230433    230417   111.834    111.75   0.0374781   0.0357587
  516      16    230882    230866   111.834    112.25   0.0202638   0.0357584
  517      16    231330    231314   111.835       112   0.0217014   0.0357578
  518      16    231776    231760   111.834     111.5   0.0304141   0.0357584
  519      16    232228    232212   111.836       113   0.0241382   0.0357581
2026-07-08T18:24:58.263475+0800 min lat: 0.00905265 max lat: 0.135934 avg lat: 0.0357579
  sec Cur ops   started  finished  avg MB/s  cur MB/s last lat(s)  avg lat(s)
  520      16    232675    232659   111.836    111.75   0.0133635   0.0357579
  521      16    233121    233105   111.835     111.5   0.0160389   0.0357583
  522      16    233570    233554   111.836    112.25   0.0219936   0.0357579
  523      16    234015    233999   111.835    111.25   0.0171265    0.035758
  524      16    234459    234443   111.833       111   0.0691334   0.0357587
  525      16    234904    234888   111.832    111.25   0.0212182   0.0357592
  526      16    235354    235338   111.833     112.5   0.0258508   0.0357592
  527      16    235800    235784   111.833     111.5   0.0173135   0.0357588
  528      16    236247    236231   111.833    111.75   0.0137811    0.035759
  529      16    236696    236680   111.833    112.25   0.0255545    0.035759
  530      16    237143    237127   111.833    111.75   0.0151454   0.0357585
  531      16    237591    237575   111.833       112   0.0222327    0.035759
  532      16    238038    238022   111.833    111.75   0.0117646   0.0357589
  533      16    238486    238470   111.833       112   0.0237283   0.0357588
  534      16    238935    238919   111.834    112.25   0.0145248   0.0357586
  535      16    239382    239366   111.834    111.75   0.0354529   0.0357588
  536      16    239829    239813   111.834    111.75   0.0147756   0.0357587
  537      16    240276    240260   111.834    111.75    0.042741    0.035759
  538      16    240723    240707   111.833    111.75   0.0287546    0.035759
  539      16    241170    241154   111.833    111.75   0.0311548   0.0357591
2026-07-08T18:25:18.266907+0800 min lat: 0.00905265 max lat: 0.135934 avg lat: 0.0357588
  sec Cur ops   started  finished  avg MB/s  cur MB/s last lat(s)  avg lat(s)
  540      16    241620    241604   111.834     112.5   0.0378037   0.0357588
  541      16    242065    242049   111.833    111.25   0.0193356   0.0357594
  542      16    242512    242496   111.833    111.75   0.0348492   0.0357594
  543      16    242959    242943   111.833    111.75   0.0652005    0.035759
  544      16    243404    243388   111.832    111.25   0.0164295   0.0357594
  545      16    243853    243837   111.833    112.25   0.0351435   0.0357591
  546      16    244303    244287   111.834     112.5   0.0142577   0.0357588
  547      16    244751    244735   111.834       112   0.0168908   0.0357586
  548      15    245199    245184   111.835    112.25   0.0200986   0.0357586
  549      16    245648    245632   111.835       112   0.0219632   0.0357585
  550      16    246096    246080   111.835       112   0.0338086   0.0357585
  551      16    246543    246527   111.835    111.75   0.0845572   0.0357584
  552      16    246991    246975   111.835       112   0.0137686   0.0357581
  553      16    247436    247420   111.834    111.25    0.060905   0.0357588
  554      16    247885    247869   111.835    112.25    0.043287   0.0357589
  555      16    248334    248318   111.836    112.25   0.0884968    0.035758
  556      16    248781    248765   111.836    111.75   0.0137816   0.0357583
  557      16    249229    249213   111.836       112   0.0252842   0.0357584
  558      16    249678    249662   111.836    112.25   0.0504231    0.035758
  559      16    250122    250106   111.835       111   0.0234341   0.0357585
2026-07-08T18:25:38.270367+0800 min lat: 0.00905265 max lat: 0.135934 avg lat: 0.0357585
  sec Cur ops   started  finished  avg MB/s  cur MB/s last lat(s)  avg lat(s)
  560      16    250572    250556   111.836     112.5   0.0142133   0.0357585
  561      16    251016    251000   111.835       111   0.0221835   0.0357581
  562      16    251465    251449   111.835    112.25   0.0243279   0.0357585
  563      16    251911    251895   111.835     111.5   0.0163572   0.0357587
  564      16    252360    252344   111.835    112.25   0.0251141   0.0357587
  565      16    252806    252790   111.835     111.5   0.0549027   0.0357586
  566      16    253253    253237   111.835    111.75   0.0138852   0.0357585
  567      16    253702    253686   111.835    112.25   0.0483872   0.0357584
  568      16    254152    254136   111.836     112.5   0.0706631   0.0357579
  569      16    254597    254581   111.835    111.25    0.014722   0.0357584
  570      16    255047    255031   111.836     112.5   0.0185807   0.0357583
  571      16    255496    255480   111.837    112.25   0.0209925   0.0357579
  572      16    255939    255923   111.835    110.75   0.0234608   0.0357585
  573      16    256382    256366   111.833    110.75   0.0307682   0.0357591
  574      16    256833    256817   111.835    112.75   0.0133334   0.0357583
  575      16    257281    257265   111.835       112   0.0202765   0.0357584
  576      16    257728    257712   111.835    111.75   0.0254278   0.0357584
  577      16    258175    258159   111.835    111.75   0.0127582   0.0357586
  578      16    258619    258603   111.833       111   0.0211127   0.0357592
  579      16    259067    259051   111.834       112   0.0142373   0.0357591
2026-07-08T18:25:58.273806+0800 min lat: 0.00905265 max lat: 0.135934 avg lat: 0.0357589
  sec Cur ops   started  finished  avg MB/s  cur MB/s last lat(s)  avg lat(s)
  580      15    259515    259500   111.834    112.25   0.0164743   0.0357589
  581      16    259962    259946   111.834     111.5   0.0631125    0.035759
  582      16    260411    260395   111.834    112.25   0.0604955   0.0357589
  583      16    260860    260844   111.835    112.25   0.0142703   0.0357583
  584      16    261306    261290   111.834     111.5   0.0152877   0.0357586
  585      16    261753    261737   111.834    111.75   0.0243504   0.0357582
  586      16    262202    262186   111.835    112.25   0.0786619   0.0357586
  587      16    262649    262633   111.835    111.75   0.0211809   0.0357585
  588      16    263095    263079   111.834     111.5   0.0698104   0.0357585
  589      16    263544    263528   111.835    112.25   0.0822513   0.0357585
  590      16    263993    263977   111.835    112.25   0.0228779   0.0357582
  591      16    264442    264426   111.836    112.25   0.0207067   0.0357578
  592      16    264889    264873   111.836    111.75   0.0132919   0.0357582
  593      16    265334    265318   111.835    111.25   0.0175664   0.0357583
  594      16    265782    265766   111.835       112   0.0182116   0.0357586
  595      16    266231    266215   111.836    112.25   0.0164525   0.0357586
  596      16    266673    266657   111.833     110.5   0.0309768   0.0357586
  597      16    267124    267108   111.835    112.75   0.0804438   0.0357587
  598      16    267570    267554   111.834     111.5   0.0461696   0.0357587
  599      16    268016    268000   111.834     111.5   0.0288327   0.0357588
Total time run:         600.028
Total writes made:      268417
Write size:             262144
Object size:            262144
Bandwidth (MB/sec):     111.835
Stddev Bandwidth:       0.597964
Max bandwidth (MB/sec): 115.25
Min bandwidth (MB/sec): 103.25
Average IOPS:           447
Stddev IOPS:            2.39186
Max IOPS:               461
Min IOPS:               413
Average Latency(s):     0.0357592
Stddev Latency(s):      0.0195548
Max latency(s):         0.135934
Min latency(s):         0.00905265
[2026-07-08 18:31:19] -- seq read r2 --
[2026-07-08 18:36:27] -- seq read r3 --
Removed 268417 objects
[2026-07-08 18:42:24] -- rand read r1 --
hints = 1
Maintaining 16 concurrent writes of 262144 bytes to objects of size 262144 for up to 120 seconds or 0 objects
Object prefix: benchmark_data_tikv-node_2208994
  sec Cur ops   started  finished  avg MB/s  cur MB/s last lat(s)  avg lat(s)
    0       0         0         0         0         0           -           0
    1      16       457       441   110.233    110.25   0.0231471   0.0354227
    2      16       905       889   111.107       112   0.0598777   0.0355572
    3      16      1355      1339   111.565     112.5   0.0192413   0.0356515
    4      16      1801      1785   111.543     111.5    0.022486   0.0356569
    5      16      2246      2230   111.482    111.25   0.0571616   0.0357218
    6      16      2693      2677   111.524    111.75   0.0252262    0.035701
    7      16      3140      3124   111.553    111.75   0.0263801   0.0357519
    8      16      3589      3573   111.638    112.25   0.0523757   0.0357473
    9      16      4035      4019   111.621     111.5   0.0455742   0.0357481
   10      16      4480      4464   111.581    111.25   0.0608747   0.0357413
   11      16      4931      4915   111.686    112.75   0.0355481   0.0357558
   12      16      5377      5361   111.669     111.5   0.0494449    0.035745
   13      16      5826      5810   111.712    112.25   0.0286462   0.0357449
   14      16      6273      6257   111.713    111.75   0.0313745   0.0357399
   15      16      6724      6708   111.781    112.75   0.0543081   0.0357456
   16      16      7170      7154   111.763     111.5   0.0128938   0.0357334
   17      16      7618      7602   111.776       112   0.0666239   0.0357414
   18      16      8066      8050   111.787       112   0.0268233   0.0357325
   19      16      8514      8498   111.797       112    0.024986   0.0357285
2026-07-08T18:42:51.583955+0800 min lat: 0.0108601 max lat: 0.109132 avg lat: 0.0357256
  sec Cur ops   started  finished  avg MB/s  cur MB/s last lat(s)  avg lat(s)
   20      16      8962      8946   111.806       112   0.0177244   0.0357256
   21      16      9407      9391   111.779    111.25   0.0312886   0.0357394
   22      16      9853      9837   111.765     111.5   0.0510819   0.0357454
   23      16     10299     10283   111.753     111.5   0.0788528   0.0357544
   24      16     10746     10730   111.752    111.75   0.0195462   0.0357494
   25      16     11193     11177   111.751    111.75   0.0231588   0.0357561
   26      16     11640     11624    111.75    111.75   0.0522196   0.0357625
   27      16     12087     12071    111.75    111.75   0.0704081   0.0357593
   28      16     12535     12519   111.758       112   0.0693532   0.0357578
   29      16     12981     12965   111.749     111.5   0.0375386   0.0357625
   30      16     13432     13416   111.781    112.75   0.0166507   0.0357495
   31      16     13877     13861   111.764    111.25   0.0641971   0.0357598
   32      16     14323     14307   111.755     111.5   0.0196885   0.0357618
   33      16     14770     14754   111.754    111.75   0.0127348   0.0357646
   34      16     15218     15202   111.761       112   0.0185869   0.0357605
   35      16     15665     15649    111.76    111.75   0.0198195   0.0357627
   36      16     16111     16095   111.752     111.5   0.0417033   0.0357663
   37      16     16560     16544   111.765    112.25   0.0386455   0.0357669
   38      16     17005     16989   111.751    111.25   0.0269252   0.0357632
   39      16     17451     17435   111.744     111.5   0.0622279   0.0357691
2026-07-08T18:43:11.587424+0800 min lat: 0.0108601 max lat: 0.109132 avg lat: 0.0357738
  sec Cur ops   started  finished  avg MB/s  cur MB/s last lat(s)  avg lat(s)
   40      16     17895     17879   111.725       111   0.0382589   0.0357738
   41      16     18345     18329   111.743     112.5   0.0205939   0.0357671
   42      16     18792     18776   111.743    111.75   0.0222967   0.0357669
   43      16     19241     19225   111.754    112.25    0.024269   0.0357671
   44      16     19685     19669   111.736       111    0.049539   0.0357745
   45      16     20133     20117   111.742       112   0.0271775   0.0357695
   46      16     20580     20564   111.742    111.75   0.0288115   0.0357763
   47      16     21027     21011   111.742    111.75    0.025386   0.0357714
   48      16     21473     21457   111.736     111.5   0.0298681   0.0357718
   49      16     21921     21905   111.741       112   0.0419096   0.0357764
   50      16     22367     22351   111.736     111.5   0.0250797   0.0357738
   51      16     22812     22796   111.726    111.25   0.0185845   0.0357816
   52      16     23255     23239   111.707    110.75   0.0273186   0.0357869
   53      16     23701     23685   111.703     111.5   0.0723912   0.0357868
   54      16     24147     24131   111.699     111.5   0.0307635   0.0357884
   55      16     24594     24578   111.699    111.75   0.0596036   0.0357897
   56      16     25041     25025     111.7    111.75    0.017952   0.0357905
   57      16     25488     25472     111.7    111.75   0.0280563   0.0357872
   58      16     25935     25919   111.701    111.75   0.0224294   0.0357902
   59      16     26382     26366   111.701    111.75   0.0264478   0.0357927
2026-07-08T18:43:31.590784+0800 min lat: 0.0108601 max lat: 0.111173 avg lat: 0.0357927
  sec Cur ops   started  finished  avg MB/s  cur MB/s last lat(s)  avg lat(s)
   60      16     26826     26810   111.689       111   0.0219741   0.0357927
   61      16     27273     27257    111.69    111.75   0.0509208   0.0357932
   62      16     27720     27704   111.691    111.75   0.0224765   0.0357928
   63      16     28166     28150   111.687     111.5   0.0220108   0.0357966
   64      16     28612     28596   111.684     111.5   0.0560537   0.0357987
   65      16     29058     29042   111.681     111.5   0.0159589   0.0357962
   66      16     29504     29488   111.678     111.5   0.0168194   0.0358006
   67      16     29951     29935   111.679    111.75   0.0220969   0.0357953
   68      16     30399     30383   111.683       112   0.0179841   0.0357969
   69      16     30843     30827   111.673       111    0.022194   0.0358003
   70      16     31291     31275   111.677       112   0.0245398   0.0357988
   71      16     31739     31723   111.682       112   0.0540387    0.035798
   72      16     32185     32169   111.679     111.5    0.069304   0.0357997
   73      16     32632     32616    111.68    111.75   0.0464007   0.0358006
   74      16     33081     33065   111.687    112.25   0.0607484   0.0357989
   75      16     33528     33512   111.688    111.75   0.0497884   0.0357987
   76      16     33975     33959   111.688    111.75   0.0128735   0.0357952
   77      16     34422     34406   111.689    111.75   0.0497019   0.0357998
   78      16     34868     34852   111.686     111.5   0.0704399    0.035798
   79      16     35313     35297    111.68    111.25   0.0218581   0.0357932
2026-07-08T18:43:51.594168+0800 min lat: 0.0108601 max lat: 0.118044 avg lat: 0.035799
  sec Cur ops   started  finished  avg MB/s  cur MB/s last lat(s)  avg lat(s)
   80      16     35760     35744   111.681    111.75   0.0526641    0.035799
   81      16     36209     36193   111.688    112.25   0.0201517   0.0357994
   82      16     36657     36641   111.691       112   0.0309076   0.0357994
   83      16     37103     37087   111.689     111.5   0.0118191   0.0357959
   84      16     37548     37532   111.683    111.25   0.0271223   0.0357993
   85      16     37993     37977   111.678    111.25   0.0232244   0.0357997
   86      16     38440     38424   111.679    111.75   0.0802717   0.0357983
   87      16     38888     38872   111.682       112    0.047779   0.0358015
   88      16     39334     39318    111.68     111.5   0.0369323   0.0358012
   89      16     39781     39765   111.681    111.75   0.0227019   0.0357998
   90      16     40229     40213   111.684       112   0.0665519   0.0357993
   91      16     40674     40658   111.679    111.25   0.0114393   0.0358013
   92      16     41121     41105    111.68    111.75   0.0762803      0.0358
   93      16     41568     41552    111.68    111.75    0.022863   0.0357995
   94      16     42014     41998   111.678     111.5   0.0212937   0.0357995
   95      16     42461     42445   111.679    111.75   0.0206986   0.0358025
   96      16     42906     42890   111.674    111.25   0.0626859    0.035804
   97      16     43355     43339    111.68    112.25   0.0477984   0.0358034
   98      16     43803     43787   111.683       112   0.0134824   0.0358017
   99      16     44247     44231   111.676       111   0.0392651   0.0358024
2026-07-08T18:44:11.597413+0800 min lat: 0.0105553 max lat: 0.118044 avg lat: 0.0358049
  sec Cur ops   started  finished  avg MB/s  cur MB/s last lat(s)  avg lat(s)
  100      16     44695     44679   111.679       112   0.0433388   0.0358049
  101      16     45139     45123   111.672       111   0.0312535   0.0358034
  102      16     45583     45567   111.665       111   0.0590721   0.0358058
  103      16     46032     46016   111.671    112.25   0.0185237   0.0358053
  104      16     46480     46464   111.674       112   0.0414204   0.0358056
  105      16     46928     46912   111.676       112   0.0303295   0.0358031
  106      16     47375     47359   111.677    111.75   0.0269803   0.0358038
  107      16     47821     47805   111.675     111.5   0.0413211   0.0358028
  108      16     48266     48250   111.671    111.25   0.0181592   0.0358037
  109      16     48712     48696   111.669     111.5   0.0234618   0.0358052
  110      16     49159     49143    111.67    111.75   0.0300263   0.0358054
  111      16     49607     49591   111.673       112   0.0307811   0.0358041
  112      16     50054     50038   111.673    111.75   0.0741109   0.0358051
  113      16     50499     50483   111.669    111.25   0.0290689   0.0358051
  114      16     50948     50932   111.674    112.25   0.0162973   0.0358055
  115      16     51397     51381   111.679    112.25    0.014517   0.0358036
  116      16     51844     51828   111.679    111.75   0.0129142   0.0358033
  117      16     52291     52275    111.68    111.75   0.0312483   0.0358021
  118      16     52737     52721   111.678     111.5   0.0160956   0.0358024
  119      16     53186     53170   111.683    112.25   0.0162176   0.0358023
2026-07-08T18:44:31.600843+0800 min lat: 0.0105553 max lat: 0.125183 avg lat: 0.0358028
  sec Cur ops   started  finished  avg MB/s  cur MB/s last lat(s)  avg lat(s)
  120       5     53622     53617   111.683    111.75   0.0284727   0.0358028
Total time run:         120.028
Total writes made:      53622
Write size:             262144
Object size:            262144
Bandwidth (MB/sec):     111.686
Stddev Bandwidth:       0.409057
Max bandwidth (MB/sec): 112.75
Min bandwidth (MB/sec): 110.25
Average IOPS:           446
Stddev IOPS:            1.63623
Max IOPS:               451
Min IOPS:               441
Average Latency(s):     0.0358036
Stddev Latency(s):      0.0179237
Max latency(s):         0.125183
Min latency(s):         0.0105553
[2026-07-08 18:49:33] -- rand read r2 --
[2026-07-08 18:54:41] -- rand read r3 --
Removed 53622 objects
[2026-07-08 19:00:06] ==============================================
[2026-07-08 19:00:06] Full memdisk test COMPLETE
[2026-07-08 19:00:06] ==============================================
[2026-07-08 22:23:27] ==============================================
[2026-07-08 22:23:27] JuiceFS cold baseline on full memdisk START
[2026-07-08 22:23:27] ==============================================
[2026-07-08 22:23:27] === mount JuiceFS ===
2026/07/08 22:23:29.339798 juicefs[3282606] <INFO>: Meta address: tikv://192.168.11.12:2379/juicefs-memdisk [NewClient@interface.go:578]
2026/07/08 22:23:29.339972 juicefs[3282606] <INFO>: TiKV gc interval is set to 3h0m0s [newTikvClient@tkv_tikv.go:87]
2026/07/08 22:23:29.354379 juicefs[3282606] <WARNING>: cache-size is 0, writeback and prefetch will be disabled [SelfCheck@cached_store.go:593]
2026/07/08 22:23:29.384317 juicefs[3282606] <INFO>: Data use ceph://juicefs-data/juicefs-memdisk/ [mount@mount.go:588]
2026/07/08 22:23:29.891391 juicefs[3282606] <INFO>: [92mOK[0m, juicefs-memdisk is ready at /mnt/juicefs [checkMountpoint@mount_unix.go:235]
[2026-07-08 22:23:34]   JuiceFS PID: 3282693
JuiceFS:juicefs-memdisk on /mnt/juicefs type fuse.juicefs (rw,nosuid,nodev,relatime,user_id=0,group_id=0,default_permissions,allow_other,max_read=131072)
[2026-07-08 22:23:34] ==== SEQWRITE 4G 256K 1job ====
before: objects=KiB used=1
after: objects=GiB used=15554
[2026-07-08 22:24:17] ==== MULTI-SEQWRITE 2G×4 256K ====
before: objects=GiB used=16055
after: objects=GiB used=47462
[2026-07-08 22:25:36] ==== RANDREAD 4G 256K ====
[2026-07-08 22:25:36]   prefilling...
     issued rwts: total=0,16384,0,0 short=0,0,0,0 dropped=0,0,0,0
     latency   : target=0, window=0, percentile=100.00%, depth=64

Run status group 0 (all jobs):
  WRITE: bw=120MiB/s (126MB/s), 120MiB/s-120MiB/s (126MB/s-126MB/s), io=4096MiB (4295MB), run=33995-33995msec
[2026-07-08 22:28:45] ==============================================
[2026-07-08 22:28:45] JuiceFS cold baseline COMPLETE
[2026-07-08 22:28:45] ==============================================
[2026-07-08 23:39:28] ==============================================
[2026-07-08 23:39:28] Full cold baseline on memdisk START (7 items)
[2026-07-08 23:39:28] ==============================================
[2026-07-08 23:39:31] ==== SEQUENTIAL TESTS (bs=256K) ====
[2026-07-08 23:39:31] -- seqread prep --
[2026-07-08 23:40:08] -- seqread --
[2026-07-08 23:41:27] -- seqwrite --
[2026-07-08 23:42:06] -- multi-seqread (16j) --
[2026-07-09 00:01:54] -- multi-seqwrite (16j) --
[2026-07-09 00:29:21] ==== LAYOUT (16G, bs=4M) ====
[2026-07-09 00:33:07] ==== RANDOM TESTS (bs=256k, 16j×128, 60s) ====
[2026-07-09 00:33:07] -- randread --
[2026-07-09 00:34:11] -- randwrite --
[2026-07-09 00:35:18] -- randrw --
[2026-07-09 00:36:22] ==============================================
[2026-07-09 00:36:22] Full cold baseline on memdisk COMPLETE
[2026-07-09 00:36:22] ==============================================
[2026-07-09 15:05:52] ==============================================
[2026-07-09 15:05:52] Full cold baseline mu=150 on memdisk START
[2026-07-09 15:05:52] ==============================================
[2026-07-09 15:05:52] === remount with mu=150 ===
2026/07/09 15:05:54.248335 juicefs[4018047] <INFO>: Meta address: tikv://192.168.11.12:2379/juicefs-memdisk [NewClient@interface.go:578]
2026/07/09 15:05:54.248508 juicefs[4018047] <INFO>: TiKV gc interval is set to 3h0m0s [newTikvClient@tkv_tikv.go:87]
2026/07/09 15:05:54.262871 juicefs[4018047] <WARNING>: cache-size is 0, writeback and prefetch will be disabled [SelfCheck@cached_store.go:593]
2026/07/09 15:05:54.289864 juicefs[4018047] <INFO>: Data use ceph://juicefs-data/juicefs-memdisk/ [mount@mount.go:588]
2026/07/09 15:05:54.796064 juicefs[4018047] <INFO>: [92mOK[0m, juicefs-memdisk is ready at /mnt/juicefs [checkMountpoint@mount_unix.go:235]
[2026-07-09 15:06:01] ==== SEQUENTIAL TESTS (bs=256K) ====
[2026-07-09 15:06:01] -- seqread prep --
[2026-07-09 15:06:38] -- seqread --
[2026-07-09 15:07:58] -- seqwrite --
[2026-07-09 15:08:36] -- multi-seqread (16j) --
[2026-07-09 15:28:23] -- multi-seqwrite (16j) --
[2026-07-09 15:49:42] -- cleanup seq_dir --
[2026-07-09 15:49:56] ==== LAYOUT (128j × 512M = 64G, bs=4M) ====
[2026-07-09 16:00:56] -- layout cooldown (compact + wait) --
[2026-07-09 16:02:58]   cooldown done
[2026-07-09 16:02:58] ==== RANDOM TESTS (bs=256k, 128j×128, 3 rounds) ====
[2026-07-09 16:02:58] -- Round 1 --
[2026-07-09 16:02:58]   randread r1
[2026-07-09 16:04:09]   randwrite r1
[2026-07-09 16:05:16]   randrw r1
[2026-07-09 16:06:18] -- Round 2 --
[2026-07-09 16:06:18]   randread r2
[2026-07-09 16:07:20]   randwrite r2
[2026-07-09 16:08:27]   randrw r2
[2026-07-09 16:09:30] -- Round 3 --
[2026-07-09 16:09:30]   randread r3
[2026-07-09 16:10:32]   randwrite r3
[2026-07-09 16:11:39]   randrw r3
[2026-07-09 16:12:47] ==============================================
[2026-07-09 16:12:47] Full cold baseline mu=150 on memdisk COMPLETE
[2026-07-09 16:12:47] ==============================================
