bash: warning: setlocale: LC_ALL: cannot change locale (zh_CN.utf8)
[2026-07-08 17:16:17] ==============================================
[2026-07-08 17:16:17] Full memdisk test START (DATA+WAL/DB all tmpfs)
[2026-07-08 17:16:17] ==============================================
[2026-07-08 17:16:17] === NIC self-check ===
  eno1: 7141482088727 8495892022    0    0    0     0          0     73375 16708114769508 12964558699    0    0    0     0       0          0
[2026-07-08 17:16:17] ==== WRITE 256K t64 300s ×3 ====
[2026-07-08 17:16:17] -- r1 (full monitoring) --
[2026-07-08 17:16:25]   perf t0-r1 collected
[2026-07-08 17:16:29]   monitoring started
hints = 1
Maintaining 64 concurrent writes of 262144 bytes to objects of size 262144 for up to 300 seconds or 0 objects
Object prefix: benchmark_data_tikv-node_1791585
  sec Cur ops   started  finished  avg MB/s  cur MB/s last lat(s)  avg lat(s)
    0       0         0         0         0         0           -           0
    1      64       507       443   110.739    110.75   0.0291369    0.126721
    2      64       956       892   111.486    112.25   0.0542848    0.133081
    3      64      1405      1341   111.735    112.25    0.220303    0.135138
    4      64      1854      1790    111.86    112.25    0.517387    0.136616
    5      64      2299      2235   111.735    111.25    0.173422    0.140396
    6      63      2747      2684   111.819    112.25   0.0811069    0.140181
    7      64      3199      3135    111.95    112.75   0.0258744    0.140116
    8      64      3648      3584   111.985    112.25   0.0849117    0.140199
    9      64      4095      4031   111.957    111.75    0.283448    0.140799
   10      64      4545      4481    112.01     112.5    0.149458    0.140969
   11      64      4992      4928   111.984    111.75    0.101412    0.141298
   12      64      5441      5377   112.006    112.25    0.157462    0.141621
   13      64      5891      5827   112.043     112.5    0.072683    0.141628
   14      64      6338      6274    112.02    111.75    0.260982    0.141734
   15      64      6788      6724   112.051     112.5   0.0322393    0.140883
   16      64      7239      7175   112.094    112.75     0.49901    0.140881
   17      64      7690      7626   112.132    112.75    0.522854    0.141019
   18      64      8136      8072   112.096     111.5   0.0652947     0.14146
   19      63      8586      8523   112.129    112.75   0.0355826    0.141664
2026-07-08T17:16:49.436260+0800 min lat: 0.0114448 max lat: 0.620024 avg lat: 0.141415
  sec Cur ops   started  finished  avg MB/s  cur MB/s last lat(s)  avg lat(s)
   20      64      9037      8973   112.147     112.5     0.04412    0.141415
   21      64      9488      9424   112.175    112.75    0.083335    0.141449
   22      64      9934      9870   112.143     111.5    0.474826    0.141397
   23      64     10382     10318   112.137       112    0.437466    0.141714
   24      64     10831     10767    112.14    112.25   0.0362648    0.141861
   25      64     11283     11219   112.174       113    0.043405     0.14185
   26      64     11733     11669   112.186     112.5    0.430234    0.141881
   27      64     12182     12118   112.188    112.25    0.096482    0.141996
   28      64     12629     12565   112.172    111.75   0.0236103    0.141768
   29      64     13074     13010   112.139    111.25   0.0227708    0.141937
   30      64     13523     13459   112.143    112.25    0.081904    0.142109
   31      64     13972     13908   112.146    112.25   0.0713736    0.141933
   32      64     14422     14358   112.156     112.5    0.105507    0.142066
   33      64     14870     14806   112.151       112   0.0293869    0.141937
   34      64     15319     15255   112.153    112.25    0.227047    0.142202
   35      64     15769     15705   112.163     112.5    0.276015    0.142157
   36      64     16216     16152   112.151    111.75    0.411044    0.142081
   37      64     16664     16600   112.146       112   0.0379178    0.142265
   38      64     17111     17047   112.136    111.75   0.0194615    0.142128
   39      64     17559     17495   112.132       112    0.442058    0.142123
2026-07-08T17:17:09.438965+0800 min lat: 0.0114448 max lat: 0.620024 avg lat: 0.142225
  sec Cur ops   started  finished  avg MB/s  cur MB/s last lat(s)  avg lat(s)
   40      64     18009     17945   112.141     112.5   0.0830258    0.142225
   41      64     18462     18398   112.168    113.25     0.12898    0.142248
   42      64     18908     18844   112.151     111.5   0.0476791    0.142131
   43      64     19356     19292   112.147       112   0.0250394     0.14212
   44      64     19802     19738   112.132     111.5    0.445553    0.142081
   45      64     20251     20187   112.134    112.25   0.0205464     0.14218
   46      64     20700     20636   112.137    112.25   0.0584659    0.142296
   47      64     21149     21085   112.139    112.25    0.127216    0.142386
   48      64     21600     21536   112.151    112.75    0.026588    0.142253
   49      64     22049     21985   112.153    112.25    0.108492    0.142229
   50      64     22499     22435   112.159     112.5    0.166019    0.142324
   51      64     22945     22881   112.146     111.5    0.107915    0.142405
   52      64     23393     23329   112.143       112   0.0251575    0.142374
   53      64     23843     23779   112.149     112.5   0.0699382    0.142381
   54      64     24290     24226   112.142    111.75    0.107781    0.142378
   55      64     24737     24673   112.134    111.75   0.0349777    0.142276
   56      64     25187     25123   112.141     112.5   0.0561172    0.142306
   57      64     25636     25572   112.142    112.25    0.155003    0.142353
   58      64     26087     26023   112.152    112.75    0.401729    0.142334
   59      64     26537     26473   112.158     112.5   0.0479821     0.14226
2026-07-08T17:17:29.441874+0800 min lat: 0.0114448 max lat: 0.620024 avg lat: 0.142257
  sec Cur ops   started  finished  avg MB/s  cur MB/s last lat(s)  avg lat(s)
   60      64     26985     26921   112.155       112    0.419728    0.142257
   61      64     27434     27370   112.156    112.25   0.0975219    0.142295
   62      64     27884     27820   112.162     112.5   0.0317586    0.142218
   63      64     28336     28272   112.175       113   0.0814681    0.142338
   64      64     28782     28718   112.164     111.5    0.329341    0.142348
   65      64     29227     29163    112.15    111.25    0.106385    0.142295
   66      64     29671     29607   112.132       111   0.0407235     0.14233
   67      64     30117     30053   112.122     111.5    0.421003    0.142335
   68      64     30565     30501    112.12       112   0.0378564    0.142361
   69      64     31017     30953   112.133       113     0.26923    0.142411
   70      64     31466     31402   112.134    112.25    0.283596    0.142448
   71      64     31917     31853   112.143    112.75   0.0375602      0.1424
   72      64     32368     32304   112.151    112.75    0.444455    0.142348
   73      64     32818     32754   112.155     112.5    0.511178    0.142265
   74      64     33267     33203   112.157    112.25    0.483966     0.14233
   75      64     33715     33651   112.154       112    0.467373     0.14233
   76      64     34166     34102   112.162    112.75    0.106454    0.142351
   77      64     34615     34551   112.163    112.25   0.0445994    0.142361
   78      64     35064     35000   112.164    112.25    0.516054      0.1423
   79      64     35510     35446   112.155     111.5    0.406313    0.142343
2026-07-08T17:17:49.444628+0800 min lat: 0.0114448 max lat: 0.620024 avg lat: 0.142346
  sec Cur ops   started  finished  avg MB/s  cur MB/s last lat(s)  avg lat(s)
   80      64     35962     35898   112.166       113   0.0764628    0.142346
   81      64     36410     36346   112.163       112    0.390828    0.142403
   82      64     36862     36798   112.173       113    0.279637    0.142427
   83      64     37312     37248   112.177     112.5     0.12111    0.142418
   84      64     37763     37699   112.184    112.75     0.37848    0.142416
   85      64     38215     38151   112.193       113    0.168401    0.142437
   86      64     38667     38603   112.202       113   0.0434863     0.14239
   87      64     39117     39053   112.206     112.5    0.432215    0.142335
   88      63     39562     39499   112.197     111.5   0.0183786    0.142303
   89      64     40010     39946   112.192    111.75   0.0358672    0.142301
   90      64     40457     40393   112.187    111.75   0.0188838    0.142274
   91      64     40908     40844   112.193    112.75    0.485682    0.142334
   92      64     41357     41293   112.194    112.25   0.0837432    0.142372
   93      64     41796     41732   112.167    109.75    0.457132    0.142393
   94      64     42246     42182    112.17     112.5   0.0540703    0.142378
   95      64     42696     42632   112.174     112.5   0.0291786    0.142353
   96      64     43142     43078   112.167     111.5   0.0329705    0.142361
   97      64     43591     43527   112.167    112.25    0.055787    0.142299
   98      64     44038     43974   112.163    111.75    0.376528     0.14245
   99      64     44490     44426   112.171       113   0.0222049    0.142443
2026-07-08T17:18:09.447459+0800 min lat: 0.010787 max lat: 0.620024 avg lat: 0.142327
  sec Cur ops   started  finished  avg MB/s  cur MB/s last lat(s)  avg lat(s)
  100      64     44936     44872   112.164     111.5   0.0158398    0.142327
  101      64     45384     45320   112.163       112   0.0128405    0.142334
  102      64     45831     45767   112.158    111.75    0.109926    0.142391
  103      64     46279     46215   112.157       112   0.0270119     0.14241
  104      64     46729     46665    112.16     112.5    0.428307    0.142423
  105      64     47179     47115   112.163     112.5   0.0350509    0.142415
  106      64     47627     47563   112.161       112   0.0511107    0.142488
  107      64     48073     48009   112.155     111.5    0.065755    0.142498
  108      64     48523     48459   112.158     112.5   0.0514566     0.14246
  109      64     48972     48908   112.159    112.25    0.029251    0.142418
  110      64     49421     49357   112.159    112.25    0.112942    0.142438
  111      64     49870     49806    112.16    112.25    0.346421    0.142486
  112      64     50320     50256   112.163     112.5    0.420517    0.142422
  113      64     50768     50704   112.161       112   0.0414931    0.142431
  114      64     51219     51155   112.166    112.75   0.0328078    0.142414
  115      64     51666     51602   112.163    111.75   0.0260019     0.14235
  116      64     52117     52053   112.167    112.75    0.371807    0.142471
  117      63     52564     52501   112.166       112    0.068809    0.142395
  118      64     53012     52948   112.162    111.75     0.11312    0.142423
  119      64     53464     53400   112.169       113   0.0478946    0.142456
2026-07-08T17:18:29.450235+0800 min lat: 0.0107823 max lat: 0.620024 avg lat: 0.142426
  sec Cur ops   started  finished  avg MB/s  cur MB/s last lat(s)  avg lat(s)
  120      64     53912     53848   112.168       112   0.0791205    0.142426
  121      64     54362     54298    112.17     112.5    0.436154    0.142449
  122      64     54807     54743   112.163    111.25   0.0180398    0.142411
  123      64     55245     55181   112.141     109.5   0.0872941    0.142515
  124      64     55697     55633   112.148       113   0.0440466    0.142471
  125      64     56147     56083    112.15     112.5   0.0337949    0.142522
  126      64     56597     56533   112.153     112.5    0.380019    0.142502
  127      64     57047     56983   112.156     112.5   0.0734636    0.142466
  128      64     57497     57433   112.158     112.5    0.139752     0.14246
  129      64     57945     57881   112.157       112     0.14602     0.14252
  130      64     58394     58330   112.157    112.25     0.26294     0.14254
  131      64     58841     58777   112.154    111.75    0.118292    0.142477
  132      64     59291     59227   112.157     112.5   0.0324385    0.142494
  133      64     59742     59678   112.161    112.75    0.281707    0.142524
  134      63     60192     60129   112.165    112.75   0.0717841    0.142544
  135      64     60641     60577   112.164       112    0.343374     0.14251
  136      64     61087     61023   112.159     111.5   0.0317424    0.142516
  137      64     61532     61468   112.152    111.25   0.0179527    0.142438
  138      64     61980     61916   112.151       112   0.0257914    0.142466
  139      64     62427     62363   112.148    111.75    0.108734    0.142516
2026-07-08T17:18:49.453209+0800 min lat: 0.0107823 max lat: 0.620024 avg lat: 0.142463
  sec Cur ops   started  finished  avg MB/s  cur MB/s last lat(s)  avg lat(s)
  140      64     62877     62813    112.15     112.5    0.468794    0.142463
  141      64     63326     63262   112.151    112.25   0.0522798    0.142473
  142      64     63775     63711   112.151    112.25    0.111101    0.142481
  143      64     64224     64160   112.152    112.25   0.0678601    0.142481
  144      64     64673     64609   112.153    112.25   0.0489485    0.142517
  145      64     65125     65061   112.158       113   0.0216089     0.14254
  146      64     65575     65511   112.161     112.5      0.1562    0.142514
  147      64     66022     65958   112.158    111.75    0.355059    0.142528
  148      64     66468     66404   112.153     111.5     0.43367    0.142498
  149      64     66917     66853   112.154    112.25    0.421698     0.14252
  150      64     67367     67303   112.156     112.5   0.0679437    0.142486
  151      64     67817     67753   112.158     112.5   0.0708221    0.142532
  152      64     68267     68203    112.16     112.5   0.0228414    0.142489
  153      64     68717     68653   112.162     112.5   0.0310634    0.142495
  154      64     69167     69103   112.164     112.5   0.0392884     0.14246
  155      64     69615     69551   112.163       112   0.0221782    0.142475
  156      64     70063     69999   112.162       112   0.0218852    0.142497
  157      64     70512     70448   112.163    112.25    0.136885    0.142508
  158      64     70960     70896   112.161       112    0.450593    0.142518
  159      64     71410     71346   112.163     112.5   0.0668935    0.142493
2026-07-08T17:19:09.455967+0800 min lat: 0.0107823 max lat: 0.620024 avg lat: 0.142482
  sec Cur ops   started  finished  avg MB/s  cur MB/s last lat(s)  avg lat(s)
  160      64     71859     71795   112.164    112.25    0.148755    0.142482
  161      64     72304     72240   112.158    111.25   0.0833009     0.14248
  162      64     72755     72691   112.162    112.75    0.096179    0.142518
  163      64     73205     73141   112.164     112.5   0.0549521      0.1425
  164      64     73654     73590   112.164    112.25   0.0989522    0.142502
  165      64     74104     74040   112.166     112.5   0.0295993    0.142471
  166      64     74551     74487   112.163    111.75   0.0587036     0.14245
  167      64     75000     74936   112.164    112.25    0.487769    0.142473
  168      64     75444     75380   112.157       111   0.0167146    0.142454
  169      64     75893     75829   112.157    112.25    0.534095    0.142469
  170      64     76341     76277   112.156       112    0.014905    0.142518
  171      64     76788     76724   112.154    111.75   0.0467236    0.142487
  172      64     77235     77171   112.151    111.75   0.0938029    0.142483
  173      64     77683     77619    112.15       112    0.018026    0.142473
  174      64     78131     78067   112.149       112   0.0462775    0.142498
  175      64     78578     78514   112.147    111.75   0.0279454    0.142511
  176      64     79024     78960   112.143     111.5   0.0430718    0.142547
  177      64     79472     79408   112.142       112    0.326987    0.142571
  178      64     79921     79857   112.143    112.25   0.0206352    0.142583
  179      64     80372     80308   112.146    112.75    0.413406    0.142549
2026-07-08T17:19:29.458822+0800 min lat: 0.0107823 max lat: 0.629639 avg lat: 0.142542
  sec Cur ops   started  finished  avg MB/s  cur MB/s last lat(s)  avg lat(s)
  180      64     80820     80756   112.145       112   0.0568244    0.142542
  181      64     81267     81203   112.143    111.75   0.0363037    0.142559
  182      64     81716     81652   112.144    112.25   0.0116772     0.14249
  183      64     82162     82098    112.14     111.5   0.0410152    0.142504
  184      64     82610     82546   112.139       112   0.0564716    0.142535
  185      64     83053     82989   112.132    110.75    0.529344    0.142529
  186      64     83504     83440   112.135    112.75    0.036066    0.142529
  187      64     83950     83886   112.131     111.5   0.0180975    0.142545
  188      63     84400     84337   112.135    112.75   0.0189921    0.142556
  189      64     84849     84785   112.134       112   0.0285163    0.142496
  190      64     85296     85232   112.132    111.75    0.018701    0.142532
  191      64     85743     85679   112.129    111.75   0.0157436    0.142545
  192      64     86186     86122   112.122    110.75    0.451959    0.142574
  193      64     86636     86572   112.124     112.5    0.160544    0.142584
  194      64     87084     87020   112.123       112     0.25175    0.142591
  195      64     87531     87467   112.121    111.75    0.263621    0.142606
  196      64     87974     87910   112.114    110.75   0.0511372    0.142572
  197      64     88420     88356   112.111     111.5   0.0213345    0.142582
  198      64     88870     88806   112.113     112.5   0.0352757    0.142561
  199      64     89318     89254   112.112       112   0.0213781    0.142554
2026-07-08T17:19:49.461591+0800 min lat: 0.0104087 max lat: 0.629639 avg lat: 0.142544
  sec Cur ops   started  finished  avg MB/s  cur MB/s last lat(s)  avg lat(s)
  200      64     89766     89702   112.112       112   0.0615216    0.142544
  201      64     90211     90147   112.107    111.25   0.0123517     0.14256
  202      64     90659     90595   112.107       112   0.0117793    0.142568
  203      64     91106     91042   112.105    111.75   0.0227535    0.142575
  204      64     91554     91490   112.104       112   0.0328178    0.142602
  205      64     92003     91939   112.105    112.25    0.338051    0.142625
  206      64     92452     92388   112.106    112.25    0.103478    0.142627
  207      64     92901     92837   112.106    112.25   0.0918208    0.142619
  208      64     93350     93286   112.107    112.25    0.160714    0.142601
  209      64     93798     93734   112.106       112    0.357518    0.142627
  210      64     94249     94185   112.109    112.75   0.0632553    0.142627
  211      64     94698     94634    112.11    112.25    0.014333    0.142591
  212      64     95145     95081   112.108    111.75   0.0455983    0.142564
  213      64     95590     95526   112.104    111.25    0.503235    0.142565
  214      64     96036     95972   112.101     111.5   0.0746196     0.14259
  215      64     96482     96418   112.098     111.5    0.468181    0.142622
  216      64     96927     96863   112.094    111.25    0.045411    0.142606
  217      64     97376     97312   112.095    112.25   0.0346911    0.142621
  218      64     97824     97760   112.094       112   0.0137975    0.142614
  219      64     98273     98209   112.095    112.25   0.0291251    0.142627
2026-07-08T17:20:09.464623+0800 min lat: 0.0104087 max lat: 0.629639 avg lat: 0.142645
  sec Cur ops   started  finished  avg MB/s  cur MB/s last lat(s)  avg lat(s)
  220      64     98721     98657   112.094       112    0.193143    0.142645
  221      64     99172     99108   112.097    112.75    0.307267     0.14266
  222      64     99618     99554   112.094     111.5   0.0571366    0.142651
  223      64    100066    100002   112.094       112    0.166837    0.142679
  224      64    100510    100446   112.089       111   0.0241057    0.142656
  225      64    100957    100893   112.087    111.75    0.481555    0.142612
  226      64    101405    101341   112.087       112    0.049198    0.142625
  227      64    101855    101791   112.089     112.5   0.0566182    0.142651
  228      64    102305    102241    112.09     112.5    0.109058    0.142663
  229      64    102757    102693   112.094       113   0.0537466     0.14263
  230      64    103206    103142   112.095    112.25   0.0414134    0.142617
  231      64    103654    103590   112.095       112   0.0317604    0.142619
  232      64    104101    104037   112.093    111.75   0.0230634    0.142595
  233      64    104550    104486   112.094    112.25   0.0213905      0.1426
  234      64    104996    104932   112.091     111.5     0.01763    0.142588
  235      64    105444    105380    112.09       112    0.489552    0.142626
  236      64    105891    105827   112.089    111.75   0.0527277    0.142666
  237      64    106339    106275   112.089       112   0.0246597    0.142662
  238      64    106787    106723   112.088       112   0.0249865    0.142652
  239      64    107238    107174   112.091    112.75    0.360295     0.14266
2026-07-08T17:20:29.467518+0800 min lat: 0.0104087 max lat: 0.629639 avg lat: 0.142657
  sec Cur ops   started  finished  avg MB/s  cur MB/s last lat(s)  avg lat(s)
  240      64    107688    107624   112.092     112.5   0.0455803    0.142657
  241      64    108137    108073   112.093    112.25    0.135633    0.142656
  242      64    108590    108526   112.098    113.25   0.0591136    0.142668
  243      64    109038    108974   112.097       112    0.087661    0.142656
  244      64    109481    109417   112.092    110.75    0.435803    0.142637
  245      64    109933    109869   112.095       113    0.138148    0.142651
  246      64    110381    110317   112.095       112    0.413625    0.142634
  247      64    110832    110768   112.097    112.75   0.0384351    0.142645
  248      64    111278    111214   112.095     111.5    0.039319    0.142638
  249      64    111726    111662   112.095       112   0.0328785     0.14263
  250      64    112177    112113   112.097    112.75    0.118544    0.142651
  251      64    112618    112554    112.09    110.25    0.334842     0.14266
  252      64    113067    113003    112.09    112.25   0.0255133    0.142655
  253      64    113510    113446   112.085    110.75    0.432241    0.142658
  254      64    113957    113893   112.084    111.75    0.432605    0.142656
  255      64    114405    114341   112.083       112   0.0827149    0.142666
  256      64    114853    114789   112.083       112   0.0330666    0.142658
  257      64    115301    115237   112.082       112    0.131308    0.142669
  258      64    115749    115685   112.082       112   0.0270212    0.142667
  259      64    116197    116133   112.082       112    0.642217    0.142596
2026-07-08T17:20:49.470234+0800 min lat: 0.0104087 max lat: 0.704937 avg lat: 0.142671
  sec Cur ops   started  finished  avg MB/s  cur MB/s last lat(s)  avg lat(s)
  260      63    116643    116580    112.08    111.75    0.189642    0.142671
  261      64    117086    117022   112.074     110.5   0.0876539    0.142672
  262      64    117534    117470   112.074       112   0.0256112    0.142662
  263      64    117981    117917   112.073    111.75    0.362161     0.14269
  264      64    118435    118371   112.078     113.5    0.187604    0.142697
  265      64    118884    118820   112.079    112.25    0.375119    0.142685
  266      64    119333    119269   112.079    112.25    0.369022    0.142685
  267      64    119781    119717   112.079       112   0.0212213    0.142632
  268      63    120226    120163   112.077     111.5   0.0176063    0.142672
  269      64    120677    120613   112.078     112.5   0.0269915    0.142683
  270      64    121128    121064    112.08    112.75   0.0881268    0.142675
  271      64    121575    121511   112.079    111.75    0.467084    0.142673
  272      64    122022    121958   112.078    111.75   0.0265669    0.142672
  273      63    122468    122405   112.077    111.75      0.3811     0.14267
  274      64    122918    122854   112.077    112.25   0.0595504    0.142659
  275      64    123368    123304   112.079     112.5    0.290339    0.142688
  276      64    123813    123749   112.076    111.25   0.0163286    0.142676
  277      64    124260    124196   112.074    111.75    0.365809    0.142678
  278      64    124706    124642   112.072     111.5   0.0141956    0.142648
  279      64    125156    125092   112.074     112.5     0.57185     0.14264
2026-07-08T17:21:09.473053+0800 min lat: 0.0104087 max lat: 0.704937 avg lat: 0.14269
  sec Cur ops   started  finished  avg MB/s  cur MB/s last lat(s)  avg lat(s)
  280      64    125603    125539   112.073    111.75    0.239845     0.14269
  281      64    126051    125987   112.072       112    0.525577    0.142665
  282      64    126497    126433    112.07     111.5    0.305063    0.142707
  283      64    126945    126881    112.07       112    0.370526    0.142683
  284      64    127392    127328   112.069    111.75   0.0199041    0.142688
  285      64    127842    127778    112.07     112.5   0.0334487    0.142655
  286      64    128291    128227   112.071    112.25   0.0145382    0.142671
  287      64    128739    128675    112.07       112   0.0171867    0.142689
  288      64    129186    129122   112.069    111.75   0.0144594    0.142691
  289      64    129633    129569   112.068    111.75     0.38236    0.142691
  290      64    130081    130017   112.068       112    0.108919    0.142698
  291      64    130528    130464   112.067    111.75   0.0568635    0.142661
  292      64    130973    130909   112.064    111.25    0.144279    0.142705
  293      64    131415    131351   112.058     110.5    0.234675     0.14272
  294      64    131866    131802   112.061    112.75    0.104802    0.142705
  295      64    132311    132247   112.058    111.25     0.38609    0.142714
  296      64    132762    132698    112.06    112.75     0.11847    0.142719
  297      64    133211    133147   112.061    112.25     0.28342    0.142688
  298      64    133659    133595   112.061       112     0.01957    0.142685
  299      64    134109    134045   112.062     112.5   0.0223581    0.142679
2026-07-08T17:21:29.475732+0800 min lat: 0.0104087 max lat: 0.704937 avg lat: 0.142672
  sec Cur ops   started  finished  avg MB/s  cur MB/s last lat(s)  avg lat(s)
  300      42    134535    134493   112.062       112   0.0551736    0.142672
Total time run:         300.138
Total writes made:      134535
Write size:             262144
Object size:            262144
Bandwidth (MB/sec):     112.061
Stddev Bandwidth:       0.563332
Max bandwidth (MB/sec): 113.5
Min bandwidth (MB/sec): 109.5
Average IOPS:           448
Stddev IOPS:            2.25333
Max IOPS:               454
Min IOPS:               438
Average Latency(s):     0.14274
Stddev Latency(s):      0.157293
Max latency(s):         0.704937
Min latency(s):         0.0104087
[2026-07-08 17:21:30]   r1 done
[2026-07-08 17:21:31]   perf tend-r1 collected
[2026-07-08 17:21:55] -- r2 --
hints = 1
Maintaining 64 concurrent writes of 262144 bytes to objects of size 262144 for up to 300 seconds or 0 objects
Object prefix: benchmark_data_tikv-node_1819063
  sec Cur ops   started  finished  avg MB/s  cur MB/s last lat(s)  avg lat(s)
    0       0         0         0         0         0           -           0
    1      64       507       443   110.736    110.75    0.203182    0.131233
    2      64       954       890   111.236    111.75   0.0871131     0.13187
    3      64      1403      1339   111.569    112.25   0.0600084    0.134857
    4      64      1851      1787   111.672       112    0.105667    0.137376
    5      64      2302      2238   111.885    112.75   0.0340596    0.137832
    6      64      2752      2688   111.985     112.5   0.0740031    0.138494
    7      64      3198      3134   111.914     111.5   0.0427668    0.139989
    8      64      3647      3583   111.954    112.25     0.18885    0.140849
    9      64      4088      4024   111.763    110.25   0.0190175    0.141234
   10      64      4537      4473    111.81    112.25   0.0550122     0.14164
   11      64      4982      4918   111.758    111.25   0.0441958    0.141669
   12      64      5425      5361   111.673    110.75   0.0179785    0.142004
   13      64      5874      5810   111.716    112.25    0.287448    0.142149
   14      64      6325      6261   111.789    112.75    0.299506    0.142035
   15      64      6773      6709   111.801       112   0.0930548    0.141812
   16      64      7223      7159   111.844     112.5   0.0257922     0.14185
   17      64      7671      7607   111.853       112   0.0284216    0.141884
   18      64      8120      8056   111.874    112.25    0.191942    0.141886
   19      64      8572      8508   111.932       113    0.450155    0.141767
2026-07-08T17:22:16.366947+0800 min lat: 0.0119103 max lat: 0.639805 avg lat: 0.141708
  sec Cur ops   started  finished  avg MB/s  cur MB/s last lat(s)  avg lat(s)
   20      64      9023      8959   111.972    112.75    0.132543    0.141708
   21      63      9472      9409   111.997     112.5    0.422608    0.141839
   22      64      9921      9857   111.996       112   0.0970705    0.141797
   23      64     10366     10302   111.963    111.25    0.431024    0.141945
   24      64     10816     10752   111.985     112.5   0.0545898    0.142013
   25      64     11266     11202   112.005     112.5   0.0860402    0.141912
   26      64     11715     11651   112.014    112.25   0.0323852    0.141954
   27      64     12166     12102    112.04    112.75    0.404398    0.141968
   28      64     12611     12547   112.012    111.25   0.0739715    0.142193
   29      64     13059     12995   112.011       112   0.0320991    0.142003
   30      64     13510     13446   112.035    112.75    0.120063    0.141994
   31      64     13954     13890   112.001       111    0.126994    0.142291
   32      64     14401     14337   111.993    111.75   0.0188391    0.142144
   33      64     14849     14785   111.992       112   0.0200101    0.141941
   34      64     15297     15233   111.992       112   0.0178829    0.141889
   35      64     15743     15679   111.978     111.5    0.126219    0.142079
   36      64     16190     16126   111.971    111.75    0.320022    0.142319
   37      64     16638     16574   111.971       112    0.266051    0.142258
   38      64     17083     17019   111.952    111.25   0.0168195    0.142312
   39      64     17530     17466   111.946    111.75    0.213384    0.142272
2026-07-08T17:22:36.369609+0800 min lat: 0.0108852 max lat: 0.66545 avg lat: 0.142451
  sec Cur ops   started  finished  avg MB/s  cur MB/s last lat(s)  avg lat(s)
   40      64     17978     17914   111.947       112   0.0469732    0.142451
   41      64     18429     18365   111.967    112.75    0.261541    0.142512
   42      64     18877     18813   111.967       112    0.321629    0.142371
   43      64     19324     19260   111.962    111.75    0.413734    0.142314
   44      64     19776     19712   111.985       113   0.0289497     0.14237
   45      64     20221     20157   111.968    111.25    0.491409     0.14232
   46      64     20667     20603   111.958     111.5   0.0407935    0.142483
   47      64     21117     21053   111.969     112.5    0.193426    0.142584
   48      64     21563     21499   111.959     111.5     0.24623    0.142553
   49      64     22014     21950   111.975    112.75   0.0526434    0.142594
   50      64     22462     22398   111.975       112    0.362903    0.142509
   51      64     22911     22847    111.98    112.25   0.0771792    0.142528
   52      64     23358     23294   111.975    111.75    0.018378    0.142465
   53      64     23807     23743    111.98    112.25   0.0211842    0.142404
   54      64     24254     24190   111.976    111.75   0.0454705    0.142469
   55      64     24699     24635   111.962    111.25   0.0384631    0.142516
   56      64     25147     25083   111.963       112   0.0282747     0.14255
   57      64     25597     25533   111.972     112.5   0.0564737    0.142416
   58      64     26039     25975   111.946     110.5   0.0742184    0.142644
   59      64     26488     26424   111.951    112.25    0.119937    0.142653
2026-07-08T17:22:56.372351+0800 min lat: 0.0108852 max lat: 0.66545 avg lat: 0.142631
  sec Cur ops   started  finished  avg MB/s  cur MB/s last lat(s)  avg lat(s)
   60      64     26939     26875   111.964    112.75   0.0383459    0.142631
   61      64     27389     27325   111.972     112.5    0.126184    0.142542
   62      64     27834     27770   111.961    111.25   0.0748919    0.142501
   63      64     28281     28217   111.957    111.75   0.0400797    0.142504
   64      64     28728     28664   111.953    111.75   0.0617624    0.142601
   65      64     29180     29116   111.969       113   0.0182178    0.142617
   66      64     29626     29562   111.962     111.5    0.474276    0.142579
   67      63     30074     30011   111.966    112.25   0.0440217     0.14254
   68      64     30523     30459   111.966       112   0.0364488    0.142593
   69      64     30970     30906   111.963    111.75    0.276636    0.142648
   70      64     31417     31353    111.96    111.75   0.0190279    0.142587
   71      64     31868     31804    111.97    112.75   0.0311597    0.142614
   72      64     32314     32250   111.964     111.5    0.283873    0.142665
   73      64     32757     32693   111.947    110.75    0.275481    0.142707
   74      64     33202     33138   111.937    111.25      0.4002    0.142653
   75      64     33643     33579   111.915    110.25     0.18833    0.142746
   76      64     34093     34029   111.922     112.5    0.403211    0.142661
   77      64     34540     34476    111.92    111.75    0.446011    0.142663
   78      64     34986     34922   111.914     111.5    0.154302    0.142715
   79      64     35434     35370   111.915       112   0.0173311    0.142678
2026-07-08T17:23:16.375097+0800 min lat: 0.0106661 max lat: 0.66545 avg lat: 0.142704
  sec Cur ops   started  finished  avg MB/s  cur MB/s last lat(s)  avg lat(s)
   80      64     35878     35814   111.904       111   0.0147985    0.142704
   81      64     36324     36260   111.898     111.5    0.131797    0.142747
   82      64     36775     36711   111.909    112.75   0.0632745    0.142747
   83      64     37227     37163   111.921       113   0.0220839     0.14274
   84      64     37677     37613   111.928     112.5    0.434448    0.142668
   85      64     38123     38059   111.923     111.5   0.0979068    0.142644
   86      64     38570     38506   111.921    111.75    0.374506    0.142756
   87      64     39022     38958   111.933       113    0.403039    0.142686
   88      64     39466     39402   111.922       111   0.0579792    0.142715
   89      64     39909     39845   111.909    110.75    0.120776    0.142733
   90      64     40351     40287   111.893     110.5    0.089546    0.142714
   91      64     40795     40731   111.883       111    0.374263    0.142775
   92      64     41242     41178   111.881    111.75   0.0197543    0.142774
   93      63     41688     41625    111.88    111.75   0.0293375     0.14274
   94      64     42137     42073   111.881       112   0.0261846    0.142727
   95      64     42588     42524    111.89    112.75   0.0156895    0.142722
   96      64     43036     42972   111.891       112    0.344836    0.142797
   97      64     43485     43421   111.894    112.25   0.0209085    0.142767
   98      64     43932     43868   111.893    111.75   0.0167102    0.142834
   99      64     44380     44316   111.894       112    0.295411    0.142834
2026-07-08T17:23:36.377897+0800 min lat: 0.0106661 max lat: 0.66545 avg lat: 0.142793
  sec Cur ops   started  finished  avg MB/s  cur MB/s last lat(s)  avg lat(s)
  100      64     44831     44767   111.902    112.75   0.0247399    0.142793
  101      64     45279     45215   111.903       112   0.0838488    0.142792
  102      64     45728     45664   111.906    112.25    0.131064    0.142751
  103      64     46174     46110   111.902     111.5    0.047211    0.142672
  104      64     46622     46558   111.903       112   0.0715829    0.142735
  105      64     47069     47005   111.901    111.75   0.0517629    0.142715
  106      64     47516     47452     111.9    111.75   0.0413434    0.142754
  107      64     47963     47899   111.898    111.75   0.0291027    0.142712
  108      64     48411     48347   111.899       112   0.0563026    0.142634
  109      64     48858     48794   111.898    111.75   0.0405609    0.142722
  110      64     49306     49242   111.898       112   0.0175555     0.14275
  111      64     49755     49691   111.901    112.25   0.0285546    0.142651
  112      64     50202     50138     111.9    111.75   0.0525617    0.142658
  113      64     50646     50582   111.892       111   0.0316049    0.142735
  114      64     51092     51028   111.888     111.5     0.41516    0.142814
  115      64     51540     51476   111.889       112   0.0214305    0.142771
  116      64     51987     51923   111.888    111.75   0.0176522    0.142796
  117      64     52435     52371   111.889       112   0.0695409    0.142799
  118      64     52884     52820   111.892    112.25   0.0536193    0.142839
  119      64     53336     53272   111.901       113    0.107782    0.142822
2026-07-08T17:23:56.380483+0800 min lat: 0.0106661 max lat: 0.66545 avg lat: 0.142792
  sec Cur ops   started  finished  avg MB/s  cur MB/s last lat(s)  avg lat(s)
  120      64     53784     53720   111.902       112    0.019774    0.142792
  121      64     54229     54165   111.896    111.25    0.418439    0.142805
  122      64     54679     54615   111.901     112.5   0.0385006    0.142857
  123      64     55130     55066   111.908    112.75    0.247628    0.142839
  124      64     55579     55515    111.91    112.25   0.0726536    0.142819
  125      64     56028     55964   111.913    112.25   0.0185491     0.14282
  126      64     56479     56415   111.919    112.75    0.092892    0.142789
  127      64     56926     56862   111.918    111.75   0.0467541    0.142789
  128      64     57374     57310   111.918       112   0.0316295    0.142796
  129      64     57825     57761   111.925    112.75    0.225688    0.142831
  130      63     58274     58211   111.929     112.5   0.0360323    0.142832
  131      63     58720     58657   111.926     111.5    0.134637    0.142833
  132      64     59170     59106   111.928    112.25    0.107351    0.142833
  133      64     59613     59549   111.919    110.75    0.154607     0.14283
  134      64     60063     59999   111.923     112.5   0.0543577    0.142838
  135      64     60505     60441   111.913     110.5    0.366385     0.14282
  136      64     60951     60887   111.909     111.5    0.306726     0.14283
  137      64     61399     61335    111.91       112    0.376804    0.142841
  138      64     61851     61787   111.918       113   0.0585141    0.142828
  139      64     62298     62234   111.916    111.75   0.0188103    0.142828
2026-07-08T17:24:16.383255+0800 min lat: 0.0106661 max lat: 0.66545 avg lat: 0.142843
  sec Cur ops   started  finished  avg MB/s  cur MB/s last lat(s)  avg lat(s)
  140      64     62749     62685   111.922    112.75    0.145507    0.142843
  141      64     63191     63127   111.912     110.5    0.402795     0.14282
  142      64     63640     63576   111.914    112.25   0.0757875    0.142803
  143      64     64088     64024   111.915       112    0.396892    0.142808
  144      64     64538     64474   111.919     112.5   0.0395702    0.142827
  145      64     64986     64922   111.919       112   0.0822528    0.142802
  146      64     65433     65369   111.918    111.75    0.301922    0.142821
  147      64     65878     65814   111.913    111.25    0.362271    0.142807
  148      64     66323     66259   111.909    111.25   0.0213171    0.142767
  149      64     66771     66707   111.909       112   0.0333281    0.142766
  150      64     67220     67156   111.911    112.25   0.0604251    0.142836
  151      64     67669     67605   111.914    112.25   0.0197151    0.142846
  152      64     68118     68054   111.916    112.25    0.379282    0.142837
  153      64     68565     68501   111.914    111.75    0.132158    0.142865
  154      64     69013     68949   111.915       112   0.0702042    0.142821
  155      64     69461     69397   111.915       112   0.0389018    0.142799
  156      64     69911     69847   111.919     112.5    0.177691    0.142824
  157      64     70359     70295   111.919       112   0.0706933    0.142781
  158      64     70810     70746   111.925    112.75   0.0986093    0.142831
  159      64     71250     71186   111.912       110   0.0331396    0.142783
2026-07-08T17:24:36.386164+0800 min lat: 0.0106661 max lat: 0.66545 avg lat: 0.142801
  sec Cur ops   started  finished  avg MB/s  cur MB/s last lat(s)  avg lat(s)
  160      64     71698     71634   111.913       112    0.484709    0.142801
  161      64     72143     72079   111.909    111.25    0.178058    0.142828
  162      64     72593     72529   111.912     112.5     0.43871    0.142821
  163      64     73040     72976   111.911    111.75    0.487249    0.142801
  164      64     73487     73423    111.91    111.75   0.0805068    0.142812
  165      64     73933     73869   111.907     111.5    0.020576    0.142777
  166      64     74382     74318   111.909    112.25   0.0390658    0.142808
  167      64     74827     74763   111.905    111.25   0.0207678     0.14282
  168      64     75273     75209   111.903     111.5   0.0204935    0.142767
  169      64     75718     75654   111.899    111.25   0.0222617    0.142867
  170      64     76169     76105   111.904    112.75   0.0857037    0.142883
  171      64     76619     76555   111.907     112.5    0.159259    0.142873
  172      64     77067     77003   111.908       112    0.462774    0.142825
  173      64     77514     77450   111.907    111.75   0.0262807    0.142809
  174      63     77961     77898   111.907       112   0.0247278    0.142851
  175      64     78410     78346   111.907       112    0.503286    0.142813
  176      64     78854     78790   111.902       111   0.0909102    0.142833
  177      64     79303     79239   111.904    112.25    0.463683    0.142831
  178      64     79749     79685   111.902     111.5    0.153034    0.142857
  179      64     80200     80136   111.906    112.75   0.0360373    0.142864
2026-07-08T17:24:56.388918+0800 min lat: 0.0106661 max lat: 0.66545 avg lat: 0.142877
  sec Cur ops   started  finished  avg MB/s  cur MB/s last lat(s)  avg lat(s)
  180      64     80647     80583   111.905    111.75   0.0251567    0.142877
  181      64     81089     81025   111.898     110.5    0.231238    0.142885
  182      64     81534     81470   111.894    111.25   0.0186046    0.142895
  183      64     81985     81921   111.899    112.75    0.123929    0.142889
  184      64     82433     82369   111.899       112   0.0734925    0.142895
  185      64     82885     82821   111.905       113    0.202158    0.142891
  186      64     83333     83269   111.905       112   0.0503962     0.14289
  187      64     83782     83718   111.907    112.25   0.0305236    0.142843
  188      64     84231     84167   111.909    112.25   0.0795111    0.142852
  189      64     84679     84615   111.909       112   0.0332454    0.142877
  190      64     85128     85064   111.911    112.25    0.033448    0.142873
  191      64     85574     85510   111.909     111.5    0.439755    0.142841
  192      64     86022     85958   111.909       112    0.461591    0.142836
  193      64     86467     86403   111.906    111.25    0.188688    0.142858
  194      64     86915     86851   111.906       112   0.0358515    0.142891
  195      64     87366     87302    111.91    112.75    0.017771    0.142865
  196      64     87812     87748   111.908     111.5    0.287844    0.142883
  197      64     88261     88197    111.91    112.25   0.0186064    0.142832
  198      64     88709     88645    111.91       112   0.0266028    0.142859
  199      63     89155     89092   111.909    111.75    0.487998    0.142823
2026-07-08T17:25:16.391635+0800 min lat: 0.0106661 max lat: 0.66545 avg lat: 0.142846
  sec Cur ops   started  finished  avg MB/s  cur MB/s last lat(s)  avg lat(s)
  200      64     89604     89540    111.91       112   0.0713642    0.142846
  201      64     90050     89986   111.908     111.5    0.188964    0.142884
  202      64     90499     90435   111.909    112.25    0.268416    0.142878
  203      64     90949     90885   111.912     112.5    0.125698    0.142891
  204      64     91395     91331    111.91     111.5   0.0454612    0.142888
  205      64     91845     91781   111.913     112.5    0.170157    0.142881
  206      64     92296     92232   111.917    112.75   0.0317518    0.142866
  207      64     92738     92674    111.91     110.5   0.0528854    0.142888
  208      64     93189     93125   111.914    112.75    0.108289    0.142853
  209      64     93635     93571   111.912     111.5   0.0663226    0.142887
  210      64     94084     94020   111.913    112.25   0.0212973    0.142897
  211      64     94535     94471   111.917    112.75   0.0333945    0.142868
  212      64     94987     94923   111.922       113   0.0446989    0.142869
  213      64     95434     95370   111.921    111.75    0.303845    0.142871
  214      64     95883     95819   111.923    112.25   0.0259165    0.142877
  215      64     96328     96264    111.92    111.25   0.0567853     0.14289
  216      64     96775     96711   111.919    111.75   0.0985779    0.142865
  217      64     97225     97161   111.921     112.5   0.0321609    0.142841
  218      64     97668     97604   111.916    110.75    0.296455    0.142875
  219      64     98114     98050   111.914     111.5    0.239678    0.142896
2026-07-08T17:25:36.394188+0800 min lat: 0.0106661 max lat: 0.66545 avg lat: 0.142893
  sec Cur ops   started  finished  avg MB/s  cur MB/s last lat(s)  avg lat(s)
  220      64     98561     98497   111.913    111.75    0.108117    0.142893
  221      64     99009     98945   111.913       112   0.0593933    0.142898
  222      64     99457     99393   111.914       112   0.0321208    0.142887
  223      64     99905     99841   111.914       112     0.14079    0.142853
  224      64    100356    100292   111.918    112.75   0.0591339    0.142879
  225      64    100802    100738   111.916     111.5   0.0827572     0.14286
  226      64    101250    101186   111.916       112   0.0286996    0.142834
  227      64    101695    101631   111.913    111.25   0.0279011    0.142771
  228      64    102144    102080   111.915    112.25   0.0156938    0.142812
  229      64    102590    102526   111.913     111.5    0.178752    0.142891
  230      64    103037    102973   111.912    111.75    0.229076    0.142885
  231      64    103487    103423   111.914     112.5    0.197049    0.142867
  232      64    103934    103870   111.914    111.75   0.0264546    0.142873
  233      64    104385    104321   111.917    112.75   0.0256997    0.142888
  234      64    104831    104767   111.915     111.5     0.24576    0.142896
  235      64    105282    105218   111.919    112.75    0.242026     0.14288
  236      64    105732    105668   111.921     112.5   0.0189909     0.14289
  237      63    106182    106119   111.925    112.75    0.207672    0.142897
  238      64    106632    106568   111.926    112.25    0.333388    0.142874
  239      64    107082    107018   111.928     112.5    0.221966    0.142865
2026-07-08T17:25:56.396764+0800 min lat: 0.0106661 max lat: 0.697519 avg lat: 0.142873
  sec Cur ops   started  finished  avg MB/s  cur MB/s last lat(s)  avg lat(s)
  240      64    107530    107466   111.929       112   0.0380995    0.142873
  241      64    107980    107916   111.931     112.5    0.312185    0.142871
  242      64    108425    108361   111.928    111.25    0.150246    0.142879
  243      64    108877    108813   111.932       113      0.0181    0.142859
  244      64    109316    109252   111.923    109.75   0.0590655    0.142848
  245      64    109765    109701   111.925    112.25   0.0890472    0.142843
  246      64    110213    110149   111.925       112    0.124851     0.14287
  247      64    110663    110599   111.927     112.5   0.0312118    0.142859
  248      64    111111    111047   111.927       112    0.105431     0.14285
  249      64    111560    111496   111.929    112.25   0.0639579    0.142846
  250      64    112008    111944   111.929       112    0.439837    0.142861
  251      64    112451    112387   111.924    110.75   0.0850158    0.142859
  252      64    112899    112835   111.924       112    0.181951     0.14287
  253      64    113349    113285   111.927     112.5    0.019968    0.142887
  254      64    113800    113736    111.93    112.75   0.0477007     0.14287
  255      64    114229    114165   111.911    107.25   0.0299443    0.142858
  256      64    114696    114632    111.93    116.75   0.0221011    0.142868
  257      64    115144    115080    111.93       112    0.224874    0.142891
  258      64    115592    115528   111.931       112    0.126048    0.142887
  259      64    116043    115979   111.934    112.75   0.0963727     0.14287
2026-07-08T17:26:16.399312+0800 min lat: 0.0106661 max lat: 0.697519 avg lat: 0.142883
  sec Cur ops   started  finished  avg MB/s  cur MB/s last lat(s)  avg lat(s)
  260      64    116490    116426   111.933    111.75   0.0227634    0.142883
  261      64    116942    116878   111.937       113   0.0623538    0.142866
  262      64    117390    117326   111.937       112     0.50904    0.142841
  263      64    117840    117776   111.939     112.5   0.0282424    0.142828
  264      64    118288    118224   111.939       112   0.0392527    0.142827
  265      64    118735    118671   111.939    111.75   0.0594106    0.142859
  266      64    119185    119121   111.941     112.5   0.0198135     0.14286
  267      64    119629    119565   111.937       111    0.091349    0.142829
  268      64    120076    120012   111.936    111.75   0.0163207    0.142829
  269      64    120521    120457   111.934    111.25    0.107008    0.142875
  270      64    120969    120905   111.934       112   0.0888819    0.142877
  271      64    121415    121351   111.932     111.5   0.0368287    0.142874
  272      64    121867    121803   111.936       113   0.0564123    0.142863
  273      64    122315    122251   111.936       112    0.028241    0.142871
  274      64    122759    122695   111.933       111    0.368759    0.142873
  275      64    123206    123142   111.932    111.75   0.0677844     0.14286
  276      64    123658    123594   111.936       113      0.3697    0.142871
  277      64    124104    124040   111.934     111.5   0.0301928    0.142849
  278      64    124552    124488   111.935       112   0.0186145    0.142825
  279      64    124996    124932   111.931       111   0.0148803    0.142829
2026-07-08T17:26:36.402039+0800 min lat: 0.0106661 max lat: 0.75318 avg lat: 0.142847
  sec Cur ops   started  finished  avg MB/s  cur MB/s last lat(s)  avg lat(s)
  280      64    125444    125380   111.931       112   0.0293778    0.142847
  281      64    125889    125825   111.929    111.25   0.0863873    0.142843
  282      64    126340    126276   111.932    112.75   0.0197605    0.142886
  283      64    126792    126728   111.935       113   0.0328602     0.14287
  284      64    127241    127177   111.936    112.25    0.290945    0.142869
  285      64    127691    127627   111.938     112.5    0.317422     0.14287
  286      64    128139    128075   111.939       112    0.155524    0.142874
  287      64    128586    128522   111.938    111.75    0.034194     0.14283
  288      64    129032    128968   111.936     111.5   0.0776824    0.142809
  289      64    129480    129416   111.936       112    0.216507    0.142874
  290      64    129922    129858   111.931     110.5    0.113149    0.142877
  291      64    130375    130311   111.936    113.25    0.030074    0.142861
  292      64    130819    130755   111.933       111   0.0876205    0.142869
  293      64    131266    131202   111.932    111.75   0.0192388     0.14287
  294      64    131713    131649   111.931    111.75   0.0304822     0.14287
  295      64    132159    132095    111.93     111.5    0.186338    0.142886
  296      64    132609    132545   111.932     112.5   0.0387754    0.142866
  297      64    133058    132994   111.933    112.25    0.021229    0.142825
  298      64    133502    133438   111.929       111   0.0724139    0.142865
  299      64    133951    133887   111.931    112.25    0.475252     0.14285
2026-07-08T17:26:56.404802+0800 min lat: 0.0106661 max lat: 0.75318 avg lat: 0.142892
  sec Cur ops   started  finished  avg MB/s  cur MB/s last lat(s)  avg lat(s)
  300      45    134382    134337   111.932     112.5    0.252028    0.142892
Total time run:         300.139
Total writes made:      134382
Write size:             262144
Object size:            262144
Bandwidth (MB/sec):     111.933
Stddev Bandwidth:       0.736042
Max bandwidth (MB/sec): 116.75
Min bandwidth (MB/sec): 107.25
Average IOPS:           447
Stddev IOPS:            2.94417
Max IOPS:               467
Min IOPS:               429
Average Latency(s):     0.142903
Stddev Latency(s):      0.144641
Max latency(s):         0.75318
Min latency(s):         0.0106661
[2026-07-08 17:27:20] -- r3 --
hints = 1
Maintaining 64 concurrent writes of 262144 bytes to objects of size 262144 for up to 300 seconds or 0 objects
Object prefix: benchmark_data_tikv-node_1845144
  sec Cur ops   started  finished  avg MB/s  cur MB/s last lat(s)  avg lat(s)
    0       0         0         0         0         0           -           0
    1      64       507       443   110.738    110.75   0.0232689    0.126449
    2      64       953       889    111.11     111.5   0.0882683    0.130715
    3      64      1402      1338   111.485    112.25    0.343791    0.137062
    4      64      1849      1785   111.548    111.75    0.206133    0.138546
    5      64      2297      2233   111.636       112      0.4488    0.138593
    6      64      2743      2679   111.611     111.5   0.0485794    0.139828
    7      64      3188      3124   111.557    111.25    0.175014    0.141014
    8      64      3636      3572    111.61       112   0.0193696    0.140693
    9      64      4081      4017   111.569    111.25    0.059201    0.141207
   10      64      4527      4463   111.561     111.5    0.039484    0.141037
   11      64      4975      4911   111.599       112   0.0686647    0.141456
   12      64      5425      5361   111.673     112.5   0.0172453    0.142013
   13      64      5873      5809   111.698       112   0.0356446    0.141742
   14      64      6319      6255   111.683     111.5   0.0316296    0.141985
   15      64      6765      6701   111.669     111.5   0.0240712    0.142162
   16      64      7216      7152   111.736    112.75   0.0821904    0.141838
   17      64      7664      7600   111.751       112   0.0206898    0.141546
   18      64      8116      8052   111.819       113   0.0852932    0.141885
   19      64      8563      8499   111.815    111.75   0.0225359    0.141699
2026-07-08T17:27:41.120122+0800 min lat: 0.0109974 max lat: 0.603356 avg lat: 0.142024
  sec Cur ops   started  finished  avg MB/s  cur MB/s last lat(s)  avg lat(s)
   20      64      9011      8947   111.823       112   0.0505953    0.142024
   21      64      9456      9392   111.795    111.25    0.074759    0.142095
   22      64      9908      9844   111.849       113   0.0589685    0.141996
   23      64     10356     10292   111.855       112   0.0994983    0.141863
   24      64     10804     10740    111.86       112   0.0766255    0.141908
   25      64     11253     11189   111.875    112.25   0.0570526    0.142061
   26      64     11701     11637   111.879       112   0.0300644     0.14222
   27      64     12150     12086   111.892    112.25    0.224637     0.14216
   28      64     12599     12535   111.905    112.25    0.043778     0.14215
   29      64     13047     12983   111.907       112   0.0459614    0.142337
   30      64     13498     13434   111.935    112.75    0.336099    0.142321
   31      64     13942     13878   111.904       111    0.272211    0.142384
   32      64     14390     14326   111.907       112    0.307238    0.142466
   33      64     14838     14774   111.909       112    0.248768    0.142531
   34      64     15285     15221   111.904    111.75   0.0871505    0.142591
   35      64     15735     15671    111.92     112.5   0.0933424    0.142355
   36      64     16186     16122   111.943    112.75    0.342665    0.142517
   37      64     16638     16574   111.971       113    0.192444    0.142533
   38      64     17087     17023   111.978    112.25   0.0188438    0.142478
   39      64     17540     17476   112.011    113.25   0.0196743    0.142404
2026-07-08T17:28:01.122821+0800 min lat: 0.0109974 max lat: 0.603356 avg lat: 0.142197
  sec Cur ops   started  finished  avg MB/s  cur MB/s last lat(s)  avg lat(s)
   40      64     17985     17921   111.991    111.25   0.0632464    0.142197
   41      64     18435     18371   112.003     112.5    0.111599     0.14221
   42      63     18883     18820   112.009    112.25   0.0366355    0.142153
   43      64     19330     19266   111.997     111.5   0.0191022    0.142255
   44      64     19776     19712   111.985     111.5   0.0170145    0.142274
   45      64     20225     20161   111.991    112.25    0.510579    0.142243
   46      64     20672     20608   111.985    111.75   0.0257577    0.142179
   47      64     21124     21060   112.007       113    0.487656    0.142281
   48      64     21572     21508   112.006       112   0.0324394    0.142252
   49      64     22017     21953    111.99    111.25   0.0272215    0.142195
   50      64     22466     22402   111.995    112.25   0.0296132    0.142263
   51      64     22912     22848   111.985     111.5    0.197854    0.142474
   52      64     23362     23298   111.995     112.5   0.0234587    0.142294
   53      64     23809     23745    111.99    111.75    0.464648    0.142312
   54      64     24260     24196   112.004    112.75   0.0760026    0.142391
   55      64     24708     24644   112.004       112   0.0419946    0.142351
   56      64     25156     25092   112.003       112    0.122211    0.142497
   57      64     25604     25540   112.003       112    0.146842    0.142577
   58      64     26054     25990   112.011     112.5    0.181628    0.142474
   59      64     26500     26436   112.002     111.5   0.0626496    0.142412
2026-07-08T17:28:21.125346+0800 min lat: 0.0109974 max lat: 0.604788 avg lat: 0.142502
  sec Cur ops   started  finished  avg MB/s  cur MB/s last lat(s)  avg lat(s)
   60      64     26949     26885   112.006    112.25    0.166095    0.142502
   61      64     27399     27335   112.014     112.5   0.0165876    0.142494
   62      64     27849     27785   112.022     112.5   0.0196024    0.142431
   63      64     28298     28234   112.025    112.25   0.0390982    0.142388
   64      64     28746     28682   112.024       112   0.0620331    0.142471
   65      64     29194     29130   112.024       112    0.112268    0.142478
   66      64     29640     29576   112.016     111.5   0.0305055    0.142326
   67      64     30082     30018   111.993     110.5    0.504612    0.142493
   68      64     30526     30462   111.978       111    0.437648    0.142579
   69      64     30973     30909   111.974    111.75    0.480693    0.142483
   70      64     31421     31357   111.974       112     0.39663    0.142585
   71      64     31873     31809   111.989       113   0.0379332    0.142619
   72      64     32321     32257   111.989       112   0.0617392    0.142663
   73      64     32772     32708   111.999    112.75   0.0775228    0.142501
   74      64     33220     33156   111.999       112    0.533092    0.142468
   75      64     33671     33607   112.008    112.75    0.421898    0.142575
   76      64     34119     34055   112.008       112   0.0203385     0.14258
   77      64     34565     34501   112.001     111.5   0.0213559    0.142603
   78      64     35011     34947   111.995     111.5   0.0827881    0.142569
   79      64     35459     35395   111.995       112    0.017072    0.142474
2026-07-08T17:28:41.128135+0800 min lat: 0.0109974 max lat: 0.607926 avg lat: 0.142607
  sec Cur ops   started  finished  avg MB/s  cur MB/s last lat(s)  avg lat(s)
   80      64     35906     35842   111.991    111.75     0.41896    0.142607
   81      64     36352     36288   111.985     111.5   0.0216678    0.142575
   82      64     36801     36737   111.988    112.25    0.473834    0.142616
   83      64     37254     37190   112.003    113.25   0.0714297    0.142534
   84      64     37700     37636   111.997     111.5   0.0621765     0.14248
   85      64     38151     38087   112.006    112.75   0.0258873    0.142624
   86      64     38598     38534   112.003    111.75    0.236018    0.142675
   87      64     39048     38984   112.008     112.5    0.140695    0.142701
   88      64     39497     39433   112.011    112.25    0.121074    0.142642
   89      64     39946     39882   112.013    112.25   0.0397269    0.142614
   90      64     40394     40330   112.013       112   0.0152537    0.142542
   91      64     40840     40776   112.007     111.5   0.0143009    0.142525
   92      64     41289     41225    112.01    112.25   0.0387723    0.142492
   93      64     41736     41672   112.007    111.75   0.0625646    0.142539
   94      64     42186     42122   112.012     112.5   0.0827076    0.142571
   95      64     42635     42571   112.014    112.25    0.420272    0.142574
   96      64     43084     43020   112.016    112.25   0.0606065    0.142574
   97      64     43533     43469   112.018    112.25   0.0207219    0.142509
   98      64     43981     43917   112.018       112    0.464354    0.142571
   99      64     44430     44366    112.02    112.25   0.0174895    0.142557
2026-07-08T17:29:01.130976+0800 min lat: 0.0109914 max lat: 0.607926 avg lat: 0.142512
  sec Cur ops   started  finished  avg MB/s  cur MB/s last lat(s)  avg lat(s)
  100      64     44874     44810    112.01       111   0.0618215    0.142512
  101      64     45325     45261   112.017    112.75   0.0540286    0.142578
  102      64     45773     45709   112.017       112   0.0271817    0.142538
  103      64     46221     46157   112.016       112   0.0469011     0.14254
  104      64     46669     46605   112.016       112   0.0763335    0.142564
  105      64     47118     47054   112.018    112.25   0.0406024     0.14262
  106      64     47562     47498   112.008       111    0.332921    0.142667
  107      64     48007     47943   112.001    111.25   0.0576149    0.142638
  108      64     48454     48390   111.999    111.75     0.18875    0.142682
  109      64     48902     48838   111.999       112   0.0212067    0.142681
  110      64     49350     49286   111.998       112   0.0190384    0.142647
  111      64     49798     49734   111.998       112   0.0207366    0.142704
  112      64     50247     50183       112    112.25   0.0600441    0.142694
  113      64     50693     50629   111.996     111.5    0.027942    0.142531
  114      64     51143     51079       112     112.5    0.468721    0.142608
  115      64     51591     51527       112       112    0.423495    0.142671
  116      64     52040     51976   112.002    112.25    0.281753    0.142706
  117      64     52490     52426   112.006     112.5    0.017198    0.142697
  118      64     52940     52876    112.01     112.5   0.0503282    0.142654
  119      64     53391     53327   112.016    112.75    0.354606     0.14269
2026-07-08T17:29:21.133847+0800 min lat: 0.0109914 max lat: 0.614815 avg lat: 0.14267
  sec Cur ops   started  finished  avg MB/s  cur MB/s last lat(s)  avg lat(s)
  120      64     53837     53773   112.012     111.5   0.0475895     0.14267
  121      64     54287     54223   112.016     112.5   0.0919301    0.142686
  122      64     54735     54671   112.015       112   0.0279915    0.142634
  123      64     55182     55118   112.013    111.75    0.419975     0.14268
  124      64     55628     55564   112.009     111.5    0.104773    0.142665
  125      64     56082     56018   112.021     113.5   0.0186483    0.142614
  126      64     56528     56464   112.017     111.5    0.136871    0.142658
  127      64     56974     56910   112.012     111.5   0.0141763    0.142549
  128      64     57419     57355   112.006    111.25    0.614364    0.142553
  129      64     57867     57803   112.006       112   0.0222548    0.142684
  130      64     58320     58256   112.016    113.25   0.0309018    0.142703
  131      64     58769     58705   112.017    112.25   0.0296937    0.142684
  132      64     59216     59152   112.015    111.75    0.176479    0.142732
  133      64     59664     59600   112.015       112    0.174527    0.142719
  134      64     60111     60047   112.013    111.75    0.257598    0.142686
  135      64     60558     60494   112.011    111.75    0.324463    0.142713
  136      64     61007     60943   112.012    112.25    0.212532    0.142711
  137      64     61454     61390    112.01    111.75    0.039051    0.142671
  138      64     61899     61835   112.005    111.25   0.0246984     0.14264
  139      64     62350     62286    112.01    112.75   0.0576005     0.14264
2026-07-08T17:29:41.136663+0800 min lat: 0.0109914 max lat: 0.680882 avg lat: 0.142648
  sec Cur ops   started  finished  avg MB/s  cur MB/s last lat(s)  avg lat(s)
  140      64     62799     62735   112.011    112.25    0.075077    0.142648
  141      64     63248     63184   112.013    112.25    0.498832     0.14265
  142      64     63696     63632   112.013       112   0.0968962    0.142668
  143      64     64140     64076   112.006       111   0.0858461    0.142673
  144      64     64582     64518   111.995     110.5      0.1992    0.142713
  145      64     65032     64968   111.998     112.5    0.426244    0.142726
  146      64     65480     65416   111.998       112    0.462699    0.142704
  147      64     65927     65863   111.997    111.75   0.0875252     0.14269
  148      64     66374     66310   111.995    111.75   0.0594421    0.142735
  149      64     66823     66759   111.996    112.25    0.108822    0.142733
  150      64     67271     67207   111.996       112   0.0801911    0.142712
  151      64     67722     67658   112.001    112.75   0.0143959    0.142618
  152      64     68170     68106   112.001       112   0.0512462    0.142702
  153      64     68618     68554   112.001       112   0.0332542    0.142674
  154      64     69063     68999   111.996    111.25   0.0220208    0.142677
  155      64     69507     69443   111.989       111    0.426453    0.142724
  156      64     69956     69892   111.991    112.25   0.0747212    0.142714
  157      64     70402     70338   111.988     111.5     0.62854    0.142674
  158      64     70850     70786   111.988       112   0.0425145    0.142697
  159      64     71300     71236   111.991     112.5    0.393389    0.142744
2026-07-08T17:30:01.139482+0800 min lat: 0.0109914 max lat: 0.700909 avg lat: 0.142723
  sec Cur ops   started  finished  avg MB/s  cur MB/s last lat(s)  avg lat(s)
  160      64     71749     71685   111.992    112.25    0.159514    0.142723
  161      64     72198     72134   111.994    112.25   0.0442876    0.142729
  162      64     72648     72584   111.997     112.5   0.0166671    0.142692
  163      64     73095     73031   111.995    111.75     0.52545    0.142675
  164      64     73542     73478   111.994    111.75    0.113313    0.142707
  165      64     73987     73923   111.989    111.25   0.0740616    0.142763
  166      64     74436     74372   111.991    112.25    0.425414     0.14272
  167      64     74883     74819   111.989    111.75   0.0632935    0.142701
  168      64     75332     75268   111.991    112.25   0.0533691    0.142735
  169      64     75779     75715   111.989    111.75   0.0849469    0.142728
  170      64     76228     76164    111.99    112.25    0.253046    0.142762
  171      64     76679     76615   111.995    112.75   0.0368931    0.142729
  172      64     77129     77065   111.998     112.5    0.139786    0.142754
  173      64     77579     77515       112     112.5   0.0741682    0.142716
  174      64     78028     77964   112.002    112.25    0.507235     0.14268
  175      64     78477     78413   112.003    112.25   0.0639971    0.142713
  176      64     78926     78862   112.004    112.25    0.495745    0.142707
  177      63     79372     79309   112.003    111.75     0.02253    0.142723
  178      64     79817     79753   111.997       111    0.162323    0.142749
  179      64     80265     80201   111.997       112    0.224949    0.142782
2026-07-08T17:30:21.142305+0800 min lat: 0.0109914 max lat: 0.700909 avg lat: 0.142718
  sec Cur ops   started  finished  avg MB/s  cur MB/s last lat(s)  avg lat(s)
  180      64     80713     80649   111.997       112    0.015219    0.142718
  181      64     81161     81097   111.997       112   0.0534721    0.142744
  182      64     81604     81540    111.99    110.75   0.0604369    0.142677
  183      64     82055     81991   111.994    112.75   0.0155573    0.142646
  184      64     82503     82439   111.994       112   0.0186368    0.142679
  185      64     82951     82887   111.994       112   0.0841495    0.142678
  186      64     83398     83334   111.993    111.75    0.403437    0.142745
  187      64     83843     83779   111.989    111.25    0.135382    0.142764
  188      64     84292     84228    111.99    112.25    0.234305    0.142767
  189      64     84741     84677   111.991    112.25   0.0150479    0.142733
  190      64     85189     85125   111.991       112   0.0535203    0.142768
  191      64     85632     85568   111.985    110.75   0.0229123    0.142734
  192      64     86079     86015   111.983    111.75    0.512006    0.142716
  193      64     86524     86460   111.979    111.25   0.0942971    0.142742
  194      64     86972     86908   111.979       112    0.516701    0.142698
  195      64     87418     87354   111.977     111.5   0.0394009     0.14278
  196      64     87868     87804   111.979     112.5   0.0196423    0.142749
  197      64     88316     88252   111.979       112    0.397332    0.142769
  198      64     88766     88702   111.982     112.5   0.0386445     0.14273
  199      64     89213     89149   111.981    111.75    0.548317    0.142714
2026-07-08T17:30:41.145145+0800 min lat: 0.0109394 max lat: 0.700909 avg lat: 0.142718
  sec Cur ops   started  finished  avg MB/s  cur MB/s last lat(s)  avg lat(s)
  200      64     89659     89595   111.978     111.5   0.0359459    0.142718
  201      64     90104     90040   111.975    111.25   0.0321812    0.142775
  202      64     90551     90487   111.973    111.75    0.312975    0.142802
  203      64     91002     90938   111.977    112.75   0.0572811    0.142789
  204      64     91452     91388    111.98     112.5    0.144996    0.142773
  205      64     91897     91833   111.976    111.25   0.0835377    0.142778
  206      64     92348     92284    111.98    112.75    0.147724    0.142767
  207      64     92795     92731   111.978    111.75   0.0249539      0.1427
  208      64     93243     93179   111.979       112    0.575254    0.142712
  209      64     93691     93627   111.979       112    0.471973    0.142785
  210      64     94136     94072   111.975    111.25   0.0656012     0.14278
  211      64     94588     94524    111.98       113    0.188776    0.142804
  212      64     95036     94972    111.98       112   0.0479793    0.142756
  213      64     95487     95423   111.983    112.75   0.0477167    0.142747
  214      64     95935     95871   111.983       112    0.296741    0.142771
  215      64     96381     96317   111.981     111.5   0.0165953    0.142773
  216      64     96826     96762   111.978    111.25   0.0255373    0.142739
  217      64     97272     97208   111.975     111.5   0.0229788    0.142717
  218      64     97717     97653   111.972    111.25    0.029581     0.14279
  219      64     98162     98098   111.969    111.25    0.257726    0.142823
2026-07-08T17:31:01.147924+0800 min lat: 0.010865 max lat: 0.700909 avg lat: 0.142769
  sec Cur ops   started  finished  avg MB/s  cur MB/s last lat(s)  avg lat(s)
  220      64     98610     98546   111.969       112   0.0194693    0.142769
  221      64     99059     98995    111.97    112.25   0.0965455    0.142779
  222      64     99510     99446   111.973    112.75    0.407856    0.142781
  223      64     99955     99891    111.97    111.25    0.385037    0.142778
  224      64    100401    100337   111.968     111.5    0.492075    0.142759
  225      64    100850    100786   111.969    112.25    0.405326    0.142794
  226      64    101298    101234   111.969       112   0.0675522    0.142802
  227      64    101746    101682   111.969       112    0.019206    0.142795
  228      64    102191    102127   111.966    111.25   0.0367978    0.142774
  229      64    102638    102574   111.965    111.75   0.0821933    0.142758
  230      64    103083    103019   111.962    111.25      0.2823    0.142829
  231      64    103531    103467   111.962       112   0.0390947    0.142797
  232      64    103981    103917   111.964     112.5    0.315022    0.142813
  233      64    104428    104364   111.963    111.75    0.486719    0.142778
  234      64    104875    104811   111.962    111.75    0.520054    0.142759
  235      64    105319    105255   111.958       111   0.0559949    0.142779
  236      64    105768    105704   111.959    112.25    0.086917     0.14278
  237      64    106216    106152   111.959       112    0.278684    0.142842
  238      64    106662    106598   111.957     111.5    0.246617    0.142821
  239      64    107108    107044   111.955     111.5   0.0280731    0.142791
2026-07-08T17:31:21.150897+0800 min lat: 0.010865 max lat: 0.700909 avg lat: 0.142842
  sec Cur ops   started  finished  avg MB/s  cur MB/s last lat(s)  avg lat(s)
  240      64    107556    107492   111.955       112    0.271607    0.142842
  241      64    108004    107940   111.955       112    0.417697    0.142814
  242      64    108450    108386   111.953     111.5   0.0290149    0.142838
  243      64    108899    108835   111.955    112.25   0.0856243    0.142827
  244      64    109348    109284   111.956    112.25   0.0289374    0.142835
  245      64    109800    109736    111.96       113    0.495665      0.1428
  246      63    110246    110183   111.959    111.75    0.521071    0.142786
  247      64    110696    110632    111.96    112.25   0.0345449    0.142771
  248      64    111144    111080    111.96       112   0.0182871    0.142804
  249      64    111593    111529   111.961    112.25    0.300947    0.142825
  250      64    112043    111979   111.963     112.5   0.0559556    0.142822
  251      64    112489    112425   111.962     111.5   0.0755894    0.142827
  252      64    112938    112874   111.963    112.25    0.256906    0.142838
  253      64    113385    113321   111.962    111.75    0.066991    0.142818
  254      64    113832    113768   111.961    111.75      0.0293    0.142844
  255      64    114281    114217   111.962    112.25    0.219119    0.142827
  256      64    114728    114664   111.961    111.75   0.0631601    0.142849
  257      64    115173    115109   111.958    111.25    0.265531    0.142834
  258      64    115623    115559    111.96     112.5    0.345473    0.142832
  259      64    116073    116009   111.962     112.5    0.440528    0.142793
2026-07-08T17:31:41.153699+0800 min lat: 0.0108219 max lat: 0.700909 avg lat: 0.142781
  sec Cur ops   started  finished  avg MB/s  cur MB/s last lat(s)  avg lat(s)
  260      64    116520    116456   111.961    111.75   0.0704525    0.142781
  261      64    116965    116901   111.959    111.25    0.034371    0.142739
  262      64    117409    117345   111.955       111    0.457496    0.142816
  263      64    117857    117793   111.955       112    0.109273    0.142818
  264      64    118305    118241   111.955       112    0.350315    0.142844
  265      64    118752    118688   111.954    111.75    0.253356     0.14285
  266      64    119198    119134   111.952     111.5    0.047713    0.142851
  267      64    119646    119582   111.953       112    0.161564    0.142838
  268      64    120096    120032   111.955     112.5   0.0211995    0.142832
  269      64    120542    120478   111.953     111.5   0.0596015    0.142859
  270      64    120992    120928   111.955     112.5    0.378751    0.142838
  271      64    121439    121375   111.954    111.75   0.0794868    0.142812
  272      64    121885    121821   111.952     111.5    0.489176     0.14281
  273      64    122331    122267    111.95     111.5    0.415005    0.142838
  274      64    122780    122716   111.952    112.25    0.083882     0.14284
  275      64    123227    123163   111.951    111.75    0.165234    0.142845
  276      64    123675    123611   111.951       112   0.0551353    0.142826
  277      64    124121    124057   111.949     111.5    0.352474    0.142841
  278      64    124562    124498   111.943    110.25    0.103368    0.142829
  279      64    125011    124947   111.944    112.25   0.0995437    0.142845
2026-07-08T17:32:01.156628+0800 min lat: 0.0108219 max lat: 0.737964 avg lat: 0.142843
  sec Cur ops   started  finished  avg MB/s  cur MB/s last lat(s)  avg lat(s)
  280      64    125458    125394   111.943    111.75    0.107239    0.142843
  281      64    125904    125840   111.942     111.5      0.0847    0.142843
  282      64    126352    126288   111.942       112    0.036891    0.142846
  283      64    126789    126725   111.932    109.25    0.405705    0.142867
  284      64    127234    127170    111.93    111.25    0.035731    0.142855
  285      64    127683    127619   111.931    112.25   0.0370161    0.142861
  286      64    128133    128069   111.933     112.5   0.0782451    0.142855
  287      64    128580    128516   111.932    111.75    0.469475    0.142854
  288      64    129032    128968   111.936       113   0.0706153    0.142864
  289      64    129482    129418   111.938     112.5    0.499214    0.142836
  290      64    129929    129865   111.937    111.75   0.0186894    0.142836
  291      64    130379    130315   111.939     112.5   0.0423257    0.142876
  292      64    130829    130765   111.941     112.5    0.365296    0.142862
  293      64    131277    131213   111.941       112    0.157184    0.142864
  294      64    131723    131659   111.939     111.5   0.0217983    0.142851
  295      64    132174    132110   111.942    112.75    0.111734    0.142848
  296      64    132624    132560   111.944     112.5   0.0288687    0.142855
  297      64    133068    133004   111.941       111    0.256903    0.142868
  298      64    133517    133453   111.942    112.25    0.332947    0.142864
  299      64    133968    133904   111.944    112.75   0.0182763    0.142851
2026-07-08T17:32:21.159439+0800 min lat: 0.0108219 max lat: 0.737964 avg lat: 0.14285
  sec Cur ops   started  finished  avg MB/s  cur MB/s last lat(s)  avg lat(s)
  300      45    134394    134349   111.942    111.25    0.446267     0.14285
Total time run:         300.142
Total writes made:      134394
Write size:             262144
Object size:            262144
Bandwidth (MB/sec):     111.942
Stddev Bandwidth:       0.554385
Max bandwidth (MB/sec): 113.5
Min bandwidth (MB/sec): 109.25
Average IOPS:           447
Stddev IOPS:            2.21754
Max IOPS:               454
Min IOPS:               437
Average Latency(s):     0.142893
Stddev Latency(s):      0.157846
Max latency(s):         0.737964
Min latency(s):         0.0108219
[2026-07-08 17:32:45] ==== CONCURRENCY SCAN ====
[2026-07-08 17:32:45] -- t16 --
hints = 1
Maintaining 16 concurrent writes of 262144 bytes to objects of size 262144 for up to 300 seconds or 0 objects
Object prefix: benchmark_data_tikv-node_1871306
  sec Cur ops   started  finished  avg MB/s  cur MB/s last lat(s)  avg lat(s)
    0       0         0         0         0         0           -           0
    1      16       457       441   110.244    110.25   0.0210957    0.035499
    2      16       904       888   110.991    111.75   0.0173406    0.035653
    3      16      1352      1336   111.323       112   0.0284631   0.0356888
    4      16      1798      1782   111.363     111.5   0.0179308   0.0357153
    5      16      2247      2231   111.538    112.25   0.0246082   0.0356918
    6      16      2694      2678   111.572    111.75   0.0376359   0.0357344
    7      16      3140      3124   111.559     111.5   0.0293721   0.0357455
    8      16      3590      3574   111.675     112.5    0.027377   0.0357406
    9      16      4037      4021   111.682    111.75   0.0353075    0.035727
   10      16      4481      4465   111.612       111   0.0735039   0.0357231
   11      16      4933      4917   111.737       113   0.0131138   0.0357082
   12      16      5380      5364   111.737    111.75   0.0327814   0.0357257
   13      16      5828      5812   111.756       112   0.0278538   0.0357307
   14      16      6274      6258   111.737     111.5   0.0431509   0.0357411
   15      16      6723      6707    111.77    112.25   0.0231598   0.0357073
   16      16      7171      7155   111.783       112   0.0641108   0.0357302
   17      16      7617      7601   111.766     111.5   0.0426616   0.0357477
   18      16      8063      8047    111.75     111.5   0.0256094   0.0357386
   19      16      8509      8493   111.736     111.5   0.0276726   0.0357477
2026-07-08T17:33:05.905503+0800 min lat: 0.010312 max lat: 0.116395 avg lat: 0.035744
  sec Cur ops   started  finished  avg MB/s  cur MB/s last lat(s)  avg lat(s)
   20      16      8957      8941   111.749       112    0.016128    0.035744
   21      16      9401      9385   111.712       111   0.0451869   0.0357557
   22      16      9847      9831   111.701     111.5   0.0197877   0.0357509
   23      16     10296     10280   111.725    112.25   0.0133944    0.035764
   24      16     10746     10730   111.756     112.5   0.0109526   0.0357491
   25      16     11192     11176   111.746     111.5   0.0276987    0.035738
   26      16     11641     11625   111.764    112.25   0.0781055   0.0357539
   27      16     12088     12072   111.763    111.75   0.0339943   0.0357488
   28      16     12534     12518   111.754     111.5   0.0417628   0.0357575
   29      16     12983     12967    111.77    112.25   0.0387102   0.0357496
   30      16     13428     13412   111.752    111.25   0.0208576   0.0357525
   31      16     13876     13860    111.76       112   0.0540451   0.0357583
   32      16     14323     14307   111.759    111.75   0.0225826   0.0357576
   33      16     14768     14752   111.743    111.25   0.0814669   0.0357647
   34      16     15217     15201   111.758    112.25   0.0369172   0.0357628
   35      16     15662     15646   111.743    111.25   0.0302152   0.0357652
   36      16     16109     16093   111.743    111.75   0.0301666   0.0357636
   37      16     16558     16542   111.756    112.25   0.0357359   0.0357683
   38      16     17004     16988   111.749     111.5   0.0192127   0.0357631
   39      16     17449     17433   111.736    111.25   0.0528217   0.0357709
2026-07-08T17:33:25.908201+0800 min lat: 0.010312 max lat: 0.116395 avg lat: 0.0357748
  sec Cur ops   started  finished  avg MB/s  cur MB/s last lat(s)  avg lat(s)
   40      16     17896     17880   111.736    111.75    0.027667   0.0357748
   41      16     18342     18326   111.729     111.5   0.0482151   0.0357736
   42      16     18791     18775   111.742    112.25    0.015174   0.0357739
   43      16     19237     19221   111.736     111.5   0.0170693   0.0357701
   44      16     19686     19670   111.747    112.25   0.0252543   0.0357757
   45      16     20131     20115   111.735    111.25   0.0190521   0.0357706
   46      16     20578     20562   111.736    111.75     0.04068   0.0357735
   47      16     21027     21011   111.746    112.25   0.0267812   0.0357759
   48      16     21473     21457   111.741     111.5   0.0139408   0.0357736
   49      16     21921     21905   111.746       112    0.034138   0.0357751
   50      16     22369     22353    111.75       112   0.0505923   0.0357741
   51      16     22812     22796   111.731    110.75   0.0217683   0.0357742
   52      16     23260     23244   111.735       112   0.0200559   0.0357687
   53      16     23708     23692    111.74       112   0.0612264   0.0357766
   54      16     24154     24138   111.735     111.5    0.061871   0.0357753
   55      16     24601     24585   111.735    111.75   0.0247111   0.0357773
   56      16     25045     25029   111.722       111    0.029544   0.0357803
   57      16     25494     25478   111.731    112.25   0.0157302   0.0357793
   58      16     25939     25923   111.722    111.25   0.0318521    0.035783
   59      16     26387     26371   111.727       112   0.0141552    0.035779
2026-07-08T17:33:45.910918+0800 min lat: 0.010312 max lat: 0.123577 avg lat: 0.0357825
  sec Cur ops   started  finished  avg MB/s  cur MB/s last lat(s)  avg lat(s)
   60      16     26831     26815   111.715       111    0.041853   0.0357825
   61      16     27277     27261   111.711     111.5   0.0566493   0.0357852
   62      16     27728     27712   111.727    112.75   0.0288726   0.0357819
   63      16     28173     28157   111.719    111.25   0.0702673   0.0357822
   64      16     28618     28602   111.712    111.25     0.03284   0.0357854
   65      16     29065     29049   111.712    111.75   0.0611445    0.035786
   66      16     29511     29495   111.709     111.5   0.0163626    0.035787
   67      16     29959     29943   111.713       112   0.0548279   0.0357888
   68      16     30406     30390   111.713    111.75   0.0419985   0.0357884
   69      16     30855     30839   111.721    112.25   0.0140609   0.0357839
   70      16     31305     31289   111.732     112.5   0.0366379   0.0357803
   71      16     31752     31736   111.732    111.75   0.0592994   0.0357815
   72      16     32197     32181   111.725    111.25   0.0217154   0.0357834
   73      16     32646     32630   111.732    112.25   0.0667916   0.0357851
   74      16     33093     33077   111.732    111.75   0.0163765   0.0357805
   75      16     33539     33523   111.728     111.5   0.0154185   0.0357809
   76      16     33981     33965   111.712     110.5   0.0636439   0.0357874
   77      16     34428     34412   111.712    111.75   0.0379228   0.0357877
   78      16     34876     34860   111.716       112    0.051357   0.0357875
   79      16     35324     35308   111.719       112   0.0164386   0.0357893
2026-07-08T17:34:05.913768+0800 min lat: 0.010312 max lat: 0.123577 avg lat: 0.035787
  sec Cur ops   started  finished  avg MB/s  cur MB/s last lat(s)  avg lat(s)
   80      16     35770     35754   111.716     111.5   0.0214891    0.035787
   81      16     36217     36201   111.716    111.75   0.0183136   0.0357878
   82      16     36663     36647   111.714     111.5   0.0160732   0.0357912
   83      16     37107     37091   111.705       111   0.0181664   0.0357919
   84      16     37553     37537   111.702     111.5   0.0495107   0.0357931
   85      16     37998     37982   111.697    111.25   0.0221211   0.0357929
   86      16     38445     38429   111.697    111.75   0.0175425   0.0357935
   87      16     38894     38878   111.703    112.25   0.0138248   0.0357918
   88      16     39341     39325   111.704    111.75   0.0671923   0.0357934
   89      16     39784     39768   111.693    110.75   0.0256306   0.0357963
   90      16     40230     40214   111.691     111.5   0.0151331   0.0357919
   91      16     40677     40661   111.691    111.75   0.0234419   0.0357959
   92      16     41126     41110   111.697    112.25   0.0154157    0.035797
   93      16     41572     41556   111.695     111.5   0.0203458   0.0357951
   94      16     42016     42000   111.687       111   0.0515644   0.0357985
   95      16     42465     42449   111.693    112.25   0.0236854   0.0357974
   96      16     42910     42894   111.688    111.25   0.0190316   0.0357965
   97      16     43356     43340   111.686     111.5    0.082567   0.0357997
   98      16     43803     43787   111.687    111.75   0.0151011   0.0357972
   99      16     44249     44233   111.685     111.5   0.0167654   0.0357993
2026-07-08T17:34:25.916355+0800 min lat: 0.010312 max lat: 0.123577 avg lat: 0.0357997
  sec Cur ops   started  finished  avg MB/s  cur MB/s last lat(s)  avg lat(s)
  100      16     44695     44679   111.683     111.5   0.0605467   0.0357997
  101      16     45142     45126   111.683    111.75   0.0143458   0.0357997
  102      16     45590     45574   111.686       112     0.05687   0.0358004
  103      16     46036     46020   111.684     111.5   0.0296121   0.0357998
  104      16     46485     46469   111.689    112.25   0.0247307   0.0357969
  105      15     46930     46915   111.687     111.5   0.0219407   0.0357986
  106      16     47376     47360   111.683    111.25   0.0292979   0.0357997
  107      16     47820     47804   111.677       111   0.0167317   0.0358021
  108      16     48266     48250   111.675     111.5   0.0282258   0.0358016
  109      15     48715     48700   111.682     112.5   0.0289288   0.0358028
  110      16     49162     49146   111.681     111.5   0.0141679   0.0358006
  111      16     49607     49591   111.677    111.25   0.0261951   0.0358023
  112      16     50056     50040   111.682    112.25   0.0368083   0.0358027
  113      15     50503     50488   111.684       112   0.0576951   0.0358021
  114      16     50951     50935   111.685    111.75   0.0582686   0.0358022
  115      16     51398     51382   111.685    111.75   0.0228767   0.0358017
  116      16     51846     51830   111.688       112   0.0117916   0.0357985
  117      16     52294     52278    111.69       112   0.0561946   0.0357992
  118      16     52741     52725   111.691    111.75   0.0220644   0.0357977
  119      16     53187     53171   111.689     111.5   0.0180918   0.0357999
2026-07-08T17:34:45.918985+0800 min lat: 0.010312 max lat: 0.123577 avg lat: 0.0357988
  sec Cur ops   started  finished  avg MB/s  cur MB/s last lat(s)  avg lat(s)
  120      16     53634     53618   111.689    111.75   0.0195644   0.0357988
  121      16     54083     54067   111.694    112.25   0.0433319   0.0358002
  122      16     54528     54512    111.69    111.25   0.0184908   0.0357995
  123      16     54978     54962   111.697     112.5   0.0484507   0.0357978
  124      16     55425     55409   111.697    111.75   0.0560671   0.0357986
  125      16     55871     55855   111.695     111.5   0.0137677   0.0357976
  126      16     56316     56300   111.691    111.25   0.0375984   0.0357997
  127      16     56762     56746    111.69     111.5   0.0593026   0.0358004
  128      16     57209     57193    111.69    111.75      0.0305   0.0357996
  129      16     57655     57639   111.689     111.5   0.0942605   0.0358006
  130      16     58103     58087   111.691       112   0.0337639   0.0358012
  131      16     58550     58534   111.691    111.75   0.0752379   0.0357993
  132      16     58996     58980    111.69     111.5   0.0503862   0.0358006
  133      16     59444     59428   111.692       112   0.0218625   0.0357986
  134      16     59893     59877   111.696    112.25   0.0712084   0.0357998
  135      16     60340     60324   111.696    111.75   0.0348661   0.0357984
  136      16     60787     60771   111.696    111.75   0.0424725   0.0358004
  137      16     61235     61219   111.699       112   0.0196414   0.0357975
  138      16     61679     61663   111.693       111   0.0192908   0.0357984
  139      16     62125     62109   111.692     111.5   0.0268694   0.0357988
2026-07-08T17:35:05.921783+0800 min lat: 0.010312 max lat: 0.123577 avg lat: 0.0357993
  sec Cur ops   started  finished  avg MB/s  cur MB/s last lat(s)  avg lat(s)
  140      16     62574     62558   111.696    112.25   0.0679399   0.0357993
  141      15     63018     63003   111.692    111.25   0.0185195      0.0358
  142      16     63463     63447   111.688       111   0.0589809    0.035801
  143      16     63907     63891   111.683       111   0.0138427   0.0358013
  144      16     64355     64339   111.685       112   0.0215497   0.0358022
  145      16     64801     64785   111.683     111.5   0.0426752   0.0358034
  146      16     65249     65233   111.685       112   0.0576203   0.0358034
  147      16     65696     65680   111.686    111.75    0.018095   0.0358019
  148      16     66143     66127   111.686    111.75   0.0411355   0.0358027
  149      16     66590     66574   111.686    111.75   0.0503611   0.0358022
  150      16     67033     67017    111.68    110.75   0.0167208   0.0358034
  151      16     67481     67465   111.682       112   0.0411508   0.0358036
  152      16     67929     67913   111.684       112   0.0160989   0.0358026
  153      16     68376     68360   111.684    111.75   0.0247392    0.035802
  154      16     68824     68808   111.686       112   0.0193621   0.0358028
  155      16     69271     69255   111.687    111.75   0.0330031   0.0358029
  156      16     69718     69702   111.687    111.75   0.0843643   0.0358024
  157      16     70165     70149   111.687    111.75   0.0813779   0.0358022
  158      16     70610     70594   111.684    111.25   0.0141388    0.035802
  159      16     71056     71040   111.683     111.5   0.0561824   0.0358046
2026-07-08T17:35:25.924388+0800 min lat: 0.010312 max lat: 0.123778 avg lat: 0.0358025
  sec Cur ops   started  finished  avg MB/s  cur MB/s last lat(s)  avg lat(s)
  160      16     71504     71488   111.685       112   0.0217191   0.0358025
  161      16     71951     71935   111.685    111.75    0.024313   0.0358022
  162      16     72398     72382   111.686    111.75   0.0283734   0.0358031
  163      16     72847     72831   111.689    112.25   0.0232351   0.0358012
  164      16     73293     73277   111.688     111.5   0.0668367   0.0358023
  165      16     73743     73727   111.693     112.5   0.0262011   0.0358007
  166      16     74190     74174   111.693    111.75   0.0507789   0.0358005
  167      16     74640     74624   111.698     112.5   0.0172985   0.0358001
  168      16     75085     75069   111.695    111.25   0.0471563   0.0358003
  169      16     75530     75514   111.692    111.25    0.018289      0.0358
  170      16     75978     75962   111.694       112   0.0166057   0.0358002
  171      16     76424     76408   111.693     111.5   0.0140787    0.035801
  172      16     76871     76855   111.693    111.75   0.0284419   0.0358018
  173      16     77317     77301   111.692     111.5   0.0348762   0.0358026
  174      16     77765     77749   111.693       112   0.0260442   0.0358002
  175      16     78210     78194   111.691    111.25   0.0143367   0.0358015
  176      16     78656     78640    111.69     111.5   0.0632228   0.0358018
  177      16     79104     79088   111.691       112   0.0158214   0.0358007
  178      16     79549     79533   111.689    111.25   0.0485496   0.0358026
  179      16     79995     79979   111.688     111.5   0.0146984   0.0358023
2026-07-08T17:35:45.927115+0800 min lat: 0.010312 max lat: 0.123778 avg lat: 0.0358027
  sec Cur ops   started  finished  avg MB/s  cur MB/s last lat(s)  avg lat(s)
  180      16     80441     80425   111.686     111.5   0.0311714   0.0358027
  181      16     80887     80871   111.685     111.5   0.0296464   0.0358031
  182      16     81336     81320   111.688    112.25   0.0279153   0.0358028
  183      16     81782     81766   111.687     111.5    0.072556    0.035802
  184      16     82228     82212   111.686     111.5   0.0192997   0.0358024
  185      16     82676     82660   111.688       112    0.067257   0.0358031
  186      16     83122     83106   111.687     111.5    0.032961   0.0358026
  187      16     83567     83551   111.684    111.25   0.0148977   0.0358036
  188      16     84018     84002    111.69    112.75   0.0134946   0.0358019
  189      16     84465     84449    111.69    111.75   0.0257225   0.0358031
  190      16     84915     84899   111.694     112.5   0.0176834   0.0358016
  191      16     85362     85346   111.694    111.75   0.0239414   0.0358016
  192      16     85807     85791   111.692    111.25   0.0815856    0.035801
  193      16     86257     86241   111.696     112.5     0.03354   0.0358008
  194      16     86703     86687   111.695     111.5   0.0808773   0.0357996
  195      16     87149     87133   111.694     111.5   0.0564644    0.035801
  196      16     87595     87579   111.693     111.5   0.0906222   0.0358012
  197      16     88039     88023   111.689       111    0.076213   0.0358027
  198      16     88484     88468   111.687    111.25   0.0364246   0.0358034
  199      16     88934     88918   111.691     112.5   0.0576872   0.0358026
2026-07-08T17:36:05.929964+0800 min lat: 0.010312 max lat: 0.123778 avg lat: 0.0358019
  sec Cur ops   started  finished  avg MB/s  cur MB/s last lat(s)  avg lat(s)
  200      16     89382     89366   111.692       112   0.0316539   0.0358019
  201      16     89829     89813   111.693    111.75   0.0544799    0.035802
  202      16     90275     90259   111.692     111.5   0.0232401   0.0358023
  203      16     90721     90705   111.691     111.5   0.0197627   0.0358031
  204      16     91166     91150   111.688    111.25   0.0133729   0.0358024
  205      16     91612     91596   111.687     111.5   0.0456244   0.0358033
  206      16     92059     92043   111.688    111.75   0.0210141   0.0358032
  207      16     92506     92490   111.688    111.75   0.0488319    0.035803
  208      16     92952     92936   111.687     111.5   0.0488799   0.0358037
  209      16     93398     93382   111.686     111.5   0.0143148    0.035804
  210      16     93844     93828   111.685     111.5    0.055292   0.0358046
  211      16     94290     94274   111.684     111.5   0.0170674   0.0358037
  212      16     94733     94717    111.68    110.75   0.0616132   0.0358052
  213      16     95178     95162   111.677    111.25   0.0432126   0.0358059
  214      16     95624     95608   111.677     111.5   0.0672202   0.0358067
  215      16     96073     96057   111.679    112.25   0.0396562   0.0358069
  216      16     96519     96503   111.678     111.5   0.0135553    0.035806
  217      16     96966     96950   111.679    111.75   0.0193311    0.035806
  218      16     97409     97393   111.674    110.75   0.0865991   0.0358072
  219      16     97857     97841   111.676       112   0.0410058   0.0358079
2026-07-08T17:36:25.932713+0800 min lat: 0.010312 max lat: 0.123778 avg lat: 0.0358071
  sec Cur ops   started  finished  avg MB/s  cur MB/s last lat(s)  avg lat(s)
  220      16     98305     98289   111.677       112   0.0204695   0.0358071
  221      16     98749     98733   111.674       111   0.0625497   0.0358075
  222      16     99196     99180   111.674    111.75   0.0188256   0.0358078
  223      16     99642     99626   111.673     111.5   0.0194568   0.0358081
  224      16    100090    100074   111.675       112   0.0204094   0.0358076
  225      16    100533    100517    111.67    110.75   0.0250451   0.0358091
  226      16    100981    100965   111.672       112   0.0221174   0.0358079
  227      16    101426    101410    111.67    111.25    0.066241   0.0358084
  228      16    101872    101856   111.669     111.5    0.040868   0.0358073
  229      16    102318    102302   111.668     111.5   0.0358683     0.03581
  230      16    102764    102748   111.668     111.5   0.0274016   0.0358099
  231      16    103211    103195   111.668    111.75   0.0134925   0.0358099
  232      16    103656    103640   111.666    111.25   0.0804271   0.0358097
  233      16    104103    104087   111.666    111.75   0.0303382   0.0358106
  234      16    104547    104531   111.663       111   0.0202453   0.0358115
  235      16    104994    104978   111.664    111.75   0.0293968   0.0358111
  236      16    105444    105428   111.667     112.5   0.0572301   0.0358114
  237      16    105891    105875   111.667    111.75   0.0537732   0.0358109
  238      16    106338    106322   111.668    111.75   0.0134059   0.0358103
  239      16    106784    106768   111.667     111.5   0.0240063   0.0358104
2026-07-08T17:36:45.935503+0800 min lat: 0.010312 max lat: 0.123778 avg lat: 0.03581
  sec Cur ops   started  finished  avg MB/s  cur MB/s last lat(s)  avg lat(s)
  240      16    107231    107215   111.667    111.75   0.0546631     0.03581
  241      16    107676    107660   111.665    111.25   0.0450871   0.0358117
  242      16    108120    108104   111.663       111   0.0253183   0.0358117
  243      16    108564    108548    111.66       111   0.0545642   0.0358126
  244      16    109009    108993   111.658    111.25   0.0332644   0.0358137
  245      16    109456    109440   111.658    111.75   0.0485494   0.0358134
  246      16    109902    109886   111.658     111.5   0.0248432   0.0358134
  247      16    110351    110335    111.66    112.25   0.0472997   0.0358127
  248      16    110795    110779   111.657       111   0.0390565   0.0358141
  249      16    111241    111225   111.657     111.5   0.0347178   0.0358134
  250      16    111691    111675    111.66     112.5    0.041034   0.0358133
  251      16    112138    112122    111.66    111.75    0.017984   0.0358129
  252      16    112584    112568   111.659     111.5    0.060018   0.0358126
  253      16    113034    113018   111.663     112.5   0.0145982   0.0358119
  254      16    113477    113461   111.659    110.75   0.0327805   0.0358129
  255      16    113927    113911   111.662     112.5   0.0664121   0.0358126
  256      16    114373    114357   111.662     111.5   0.0255096   0.0358125
  257      16    114822    114806   111.664    112.25   0.0266071   0.0358124
  258      16    115250    115234   111.646       107   0.0349063   0.0358174
  259      16    115696    115680   111.645     111.5   0.0136451   0.0358179
2026-07-08T17:37:05.938252+0800 min lat: 0.00881091 max lat: 0.12706 avg lat: 0.0358192
  sec Cur ops   started  finished  avg MB/s  cur MB/s last lat(s)  avg lat(s)
  260      16    116138    116122   111.641     110.5   0.0368619   0.0358192
  261      16    116587    116571   111.643    112.25   0.0223025   0.0358186
  262      16    117038    117022   111.647    112.75   0.0306892   0.0358179
  263      16    117482    117466   111.645       111   0.0116459   0.0358176
  264      16    117925    117909   111.641    110.75   0.0225287   0.0358179
  265      16    118376    118360   111.645    112.75   0.0143066   0.0358184
  266      16    118822    118806   111.645     111.5   0.0151594    0.035818
  267      16    119267    119251   111.643    111.25   0.0214691   0.0358187
  268      16    119715    119699   111.644       112    0.033428   0.0358185
  269      16    120163    120147   111.646       112   0.0812226   0.0358173
  270      16    120611    120595   111.647       112   0.0419507    0.035818
  271      16    121055    121039   111.645       111   0.0195928   0.0358182
  272      16    121501    121485   111.644     111.5   0.0145339   0.0358181
  273      16    121947    121931   111.643     111.5   0.0373985   0.0358184
  274      16    122395    122379   111.645       112   0.0382667   0.0358182
  275      16    122842    122826   111.645    111.75   0.0713085   0.0358179
  276      16    123288    123272   111.644     111.5   0.0168867   0.0358182
  277      15    123736    123721   111.647    112.25   0.0222857   0.0358176
  278      16    124183    124167   111.646     111.5   0.0152871   0.0358178
  279      16    124627    124611   111.644       111   0.0302433   0.0358173
2026-07-08T17:37:25.940639+0800 min lat: 0.00881091 max lat: 0.12706 avg lat: 0.0358183
  sec Cur ops   started  finished  avg MB/s  cur MB/s last lat(s)  avg lat(s)
  280      16    125075    125059   111.645       112   0.0182219   0.0358183
  281      16    125522    125506   111.645    111.75   0.0299061    0.035817
  282      16    125971    125955   111.647    112.25   0.0976492    0.035817
  283      16    126419    126403   111.648       112   0.0155069   0.0358169
  284      16    126867    126851    111.65       112   0.0530542   0.0358169
  285      16    127311    127295   111.647       111   0.0919537   0.0358166
  286      16    127755    127739   111.645       111   0.0196806   0.0358174
  287      16    128203    128187   111.646       112   0.0299185   0.0358177
  288      16    128650    128634   111.646    111.75   0.0288326   0.0358171
  289      16    129098    129082   111.648       112   0.0424789   0.0358178
  290      15    129539    129524   111.644     110.5   0.0231101   0.0358186
  291      16    129990    129974   111.647     112.5   0.0478266    0.035818
  292      16    130438    130422   111.648       112    0.015543   0.0358174
  293      16    130885    130869   111.648    111.75   0.0405844   0.0358176
  294      16    131332    131316   111.648    111.75   0.0640098   0.0358167
  295      16    131778    131762   111.648     111.5   0.0342475   0.0358171
  296      16    132226    132210   111.649       112    0.021392   0.0358164
  297      16    132674    132658    111.65       112   0.0201733   0.0358158
  298      16    133120    133104    111.65     111.5   0.0198271   0.0358163
  299      16    133567    133551    111.65    111.75   0.0236277   0.0358167
Total time run:         300.033
Total writes made:      133995
Write size:             262144
Object size:            262144
Bandwidth (MB/sec):     111.65
Stddev Bandwidth:       0.53037
Max bandwidth (MB/sec): 113
Min bandwidth (MB/sec): 107
Average IOPS:           446
Stddev IOPS:            2.12148
Max IOPS:               452
Min IOPS:               428
Average Latency(s):     0.0358175
Stddev Latency(s):      0.0196848
Max latency(s):         0.12706
Min latency(s):         0.00881091
[2026-07-08 17:38:09] -- t128 --
hints = 1
Maintaining 128 concurrent writes of 262144 bytes to objects of size 262144 for up to 300 seconds or 0 objects
Object prefix: benchmark_data_tikv-node_1897281
  sec Cur ops   started  finished  avg MB/s  cur MB/s last lat(s)  avg lat(s)
    0       0         0         0         0         0           -           0
    1     128       569       441   110.233    110.25    0.316815    0.225621
    2     128      1019       891   111.361     112.5    0.253939    0.258599
    3     128      1468      1340   111.652    112.25    0.165515    0.262603
    4     128      1914      1786    111.61     111.5    0.927164    0.263788
    5     128      2365      2237   111.834    112.75    0.986079       0.268
    6     128      2813      2685   111.859       112    0.110112    0.272749
    7     128      3263      3135   111.948     112.5   0.0147201    0.271858
    8     128      3713      3585   112.016     112.5    0.033779     0.27658
    9     128      4162      4034    112.04    112.25    0.703321    0.279338
   10     128      4610      4482   112.035       112    0.421558     0.27937
   11     128      5061      4933   112.099    112.75    0.640761    0.278046
   12     128      5510      5382    112.11    112.25    0.479866    0.279216
   13     128      5961      5833   112.158    112.75     0.40574     0.27821
   14     128      6409      6281   112.146       112    0.978616    0.276734
   15     128      6854      6726   112.085    111.25   0.0231183    0.277802
   16     128      7306      7178   112.141       113    0.932582     0.27895
   17     128      7752      7624   112.103     111.5    0.029955    0.277742
   18     128      8202      8074   112.124     112.5    0.115115    0.278082
   19     128      8651      8523    112.13    112.25   0.0352653    0.278863
2026-07-08T17:38:29.704207+0800 min lat: 0.0110252 max lat: 1.2139 avg lat: 0.278626
  sec Cur ops   started  finished  avg MB/s  cur MB/s last lat(s)  avg lat(s)
   20     128      9100      8972   112.135    112.25       1.044    0.278626
   21     128      9546      9418   112.104     111.5    0.778196    0.281127
   22     128      9994      9866   112.099       112   0.0202406    0.282806
   23     128     10442     10314   112.094       112    0.522046    0.282929
   24     127     10890     10763     112.1    112.25   0.0176659    0.281892
   25     128     11336     11208   112.066    111.25   0.0220723    0.281388
   26     128     11784     11656   112.063       112    0.104021    0.281886
   27     128     12231     12103    112.05    111.75   0.0141811    0.282084
   28     128     12681     12553   112.066     112.5     0.11693     0.28168
   29     128     13127     12999   112.046     111.5     1.06441    0.281454
   30     128     13577     13449   112.061     112.5    0.243582    0.281685
   31     128     14025     13897   112.058       112     1.04917    0.282252
   32     128     14468     14340   112.017    110.75    0.268103     0.28312
   33     128     14911     14783   111.978    110.75    0.459886    0.283665
   34     128     15360     15232   111.986    112.25     0.18578    0.284026
   35     128     15810     15682       112     112.5     0.18922    0.284007
   36     128     16259     16131   112.007    112.25   0.0680572    0.283573
   37     128     16707     16579   112.006       112    0.215128    0.283852
   38     128     17157     17029   112.019     112.5    0.575491    0.283857
   39     128     17605     17477   112.018       112    0.073886    0.283642
2026-07-08T17:38:49.706678+0800 min lat: 0.0110252 max lat: 1.2139 avg lat: 0.283784
  sec Cur ops   started  finished  avg MB/s  cur MB/s last lat(s)  avg lat(s)
   40     128     18041     17913   111.942       109    0.838949    0.283784
   41     128     18482     18354     111.9    110.25    0.507019    0.284097
   42     128     18921     18793   111.849    109.75    0.436122     0.28459
   43     128     19366     19238   111.835    111.25    0.686987    0.284384
   44     128     19814     19686   111.838       112      0.2226     0.28469
   45     128     20261     20133   111.836    111.75    0.596937    0.284333
   46     128     20712     20584   111.855    112.75    0.389834    0.284188
   47     128     21161     21033   111.864    112.25   0.0178514    0.283119
   48     128     21609     21481   111.866       112      1.2365      0.2828
   49     128     22057     21929   111.869       112     1.41057    0.282631
   50     128     22507     22379   111.881     112.5   0.0408169    0.283803
   51     128     22957     22829   111.893     112.5    0.192163     0.28416
   52     128     23407     23279   111.904     112.5    0.221051    0.284696
   53     128     23856     23728    111.91    112.25   0.0869108    0.284511
   54     128     24305     24177   111.916    112.25   0.0440387    0.284713
   55     128     24756     24628   111.931    112.75     0.38614    0.284636
   56     128     25205     25077   111.937    112.25   0.0217535    0.284568
   57     128     25655     25527   111.946     112.5    0.146905    0.284089
   58     128     26100     25972   111.934    111.25      0.1117    0.283806
   59     128     26550     26422   111.943     112.5    0.974843    0.284287
2026-07-08T17:39:09.709293+0800 min lat: 0.0110252 max lat: 1.41173 avg lat: 0.284284
  sec Cur ops   started  finished  avg MB/s  cur MB/s last lat(s)  avg lat(s)
   60     128     27001     26873   111.956    112.75    0.891411    0.284284
   61     128     27452     27324   111.969    112.75    0.770045    0.284507
   62     128     27900     27772   111.969       112    0.156814    0.284591
   63     128     28348     28220    111.97       112    0.114165    0.284676
   64     128     28797     28669   111.974    112.25   0.0232061     0.28471
   65     128     29248     29120   111.985    112.75     0.11723    0.284798
   66     128     29697     29569   111.989    112.25     0.65273    0.284576
   67     128     30133     30005   111.944       109    0.292145    0.284437
   68     128     30580     30452   111.941    111.75    0.169654    0.284108
   69     128     31027     30899   111.938    111.75     1.01383    0.284253
   70     128     31473     31345   111.932     111.5     1.04323    0.284146
   71     128     31921     31793   111.933       112    0.857156    0.284495
   72     128     32369     32241   111.933       112    0.854042    0.284457
   73     128     32821     32693   111.948       113   0.0504639    0.284023
   74     128     33269     33141   111.948       112   0.0740656    0.284161
   75     128     33718     33590   111.952    112.25    0.895394    0.284447
   76     128     34167     34039   111.956    112.25   0.0962958    0.284349
   77     128     34616     34488    111.96    112.25   0.0505156    0.284335
   78     128     35065     34937   111.963    112.25     1.08366    0.284293
   79     128     35517     35389   111.976       113   0.0573869    0.284109
2026-07-08T17:39:29.711829+0800 min lat: 0.0110252 max lat: 1.41173 avg lat: 0.284521
  sec Cur ops   started  finished  avg MB/s  cur MB/s last lat(s)  avg lat(s)
   80     128     35964     35836   111.973    111.75   0.0533758    0.284521
   81     128     36412     36284   111.973       112   0.0576675    0.284642
   82     128     36863     36735   111.983    112.75    0.776268    0.284817
   83     128     37311     37183   111.983       112    0.813305    0.284668
   84     128     37759     37631   111.983       112   0.0223554    0.284255
   85     128     38208     38080   111.985    112.25   0.0736089    0.284003
   86     128     38656     38528   111.985       112    0.056528    0.284437
   87     128     39104     38976   111.985       112    0.800403    0.284775
   88     128     39550     39422    111.98     111.5    0.464645    0.284936
   89     128     39998     39870    111.98       112   0.0560545    0.284866
   90     128     40447     40319   111.983    112.25    0.123934    0.284893
   91     128     40896     40768   111.985    112.25     0.32974    0.284823
   92     128     41343     41215   111.983    111.75   0.0599194    0.284674
   93     128     41790     41662    111.98    111.75   0.0178832    0.284556
   94     128     42241     42113   111.988    112.75   0.0723419    0.284411
   95     128     42689     42561   111.988       112   0.0716838    0.284408
   96     128     43136     43008   111.985    111.75     1.18473    0.284311
   97     128     43579     43451   111.973    110.75     1.10184    0.284531
   98     128     44028     43900   111.975    112.25     1.06488    0.284518
   99     128     44469     44341   111.958    110.25   0.0216436    0.284625
2026-07-08T17:39:49.714525+0800 min lat: 0.0110252 max lat: 1.41173 avg lat: 0.284603
  sec Cur ops   started  finished  avg MB/s  cur MB/s last lat(s)  avg lat(s)
  100     128     44916     44788   111.955    111.75   0.0398317    0.284603
  101     128     45367     45239   111.963    112.75   0.0835897    0.284817
  102     128     45811     45683   111.954       111   0.0222181    0.284876
  103     128     46259     46131   111.954       112     1.00895    0.284705
  104     128     46706     46578   111.952    111.75    0.228366    0.284751
  105     128     47149     47021    111.94    110.75    0.211055    0.284761
  106     128     47600     47472   111.948    112.75   0.0386602    0.284751
  107     128     48047     47919   111.946    111.75    0.124214    0.284626
  108     128     48490     48362   111.934    110.75   0.0291898    0.284748
  109     128     48944     48816   111.949     113.5    0.162926    0.284957
  110     128     49393     49265   111.951    112.25    0.105306    0.284831
  111     128     49837     49709   111.943       111   0.0804703    0.284722
  112     128     50284     50156   111.941    111.75   0.0639699    0.284745
  113     128     50735     50607   111.948    112.75   0.0757141    0.284773
  114     128     51179     51051   111.939       111    0.099348    0.284844
  115     128     51626     51498   111.938    111.75    0.227112    0.284904
  116     128     52078     51950   111.947       113   0.0734693    0.284891
  117     128     52528     52400   111.951     112.5    0.960084    0.284907
  118     128     52974     52846   111.947     111.5    0.786471    0.285208
  119     128     53425     53297   111.954    112.75    0.812744    0.285138
2026-07-08T17:40:09.717099+0800 min lat: 0.0110252 max lat: 1.41173 avg lat: 0.28523
  sec Cur ops   started  finished  avg MB/s  cur MB/s last lat(s)  avg lat(s)
  120     128     53875     53747   111.958     112.5    0.206787     0.28523
  121     128     54324     54196   111.961    112.25     0.03819    0.285181
  122     128     54771     54643   111.959    111.75    0.120205    0.285266
  123     128     55220     55092   111.961    112.25    0.125438    0.285195
  124     128     55668     55540   111.961       112   0.0940039    0.284844
  125     128     56116     55988   111.962       112     1.23969    0.284613
  126     128     56563     56435    111.96    111.75   0.0325829    0.284804
  127     128     57012     56884   111.962    112.25     1.28207     0.28448
  128     128     57461     57333   111.964    112.25     1.17403    0.284756
  129     128     57903     57775   111.953     110.5   0.0841297    0.284834
  130     128     58352     58224   111.955    112.25   0.0275513    0.284973
  131     128     58800     58672   111.955       112     1.15187    0.284985
  132     128     59249     59121   111.957    112.25     1.02546    0.284923
  133     128     59698     59570   111.959    112.25   0.0491901    0.285164
  134     128     60147     60019   111.961    112.25    0.854444    0.285132
  135     128     60595     60467   111.962       112   0.0606114    0.285175
  136     128     61044     60916   111.964    112.25   0.0594382    0.285123
  137     128     61491     61363   111.962    111.75     1.33549    0.284966
  138     128     61938     61810    111.96    111.75   0.0196132    0.284838
  139     128     62386     62258   111.961       112   0.0404255    0.284798
2026-07-08T17:40:29.719349+0800 min lat: 0.0110252 max lat: 1.6309 avg lat: 0.2849
  sec Cur ops   started  finished  avg MB/s  cur MB/s last lat(s)  avg lat(s)
  140     128     62832     62704   111.957     111.5   0.0171684      0.2849
  141     128     63280     63152   111.957       112   0.0253852    0.285072
  142     128     63729     63601   111.959    112.25   0.0347773    0.284744
  143     128     64175     64047   111.956     111.5   0.0817415     0.28454
  144     128     64622     64494   111.954    111.75   0.0196987     0.28459
  145     128     65069     64941   111.953    111.75   0.0131932    0.285001
  146     128     65518     65390   111.955    112.25     1.00251    0.285053
  147     128     65967     65839   111.957    112.25    0.534176    0.285161
  148     128     66414     66286   111.955    111.75    0.787283    0.285195
  149     127     66860     66733   111.954    111.75    0.040675    0.285046
  150     128     67307     67179   111.951     111.5   0.0136615    0.285071
  151     128     67754     67626   111.949    111.75    0.026198    0.284876
  152     128     68203     68075   111.951    112.25     1.15512    0.284883
  153     128     68652     68524   111.953    112.25   0.0420089    0.284776
  154     128     69098     68970    111.95     111.5     1.30209    0.284782
  155     128     69546     69418    111.95       112     1.37795    0.284778
  156     128     69997     69869   111.955    112.75     1.29647    0.284874
  157     128     70446     70318   111.957    112.25   0.0144532    0.284909
  158     128     70890     70762   111.951       111   0.0134654    0.284873
  159     128     71337     71209   111.949    111.75   0.0139286    0.284904
2026-07-08T17:40:49.722151+0800 min lat: 0.0107974 max lat: 1.6309 avg lat: 0.285075
  sec Cur ops   started  finished  avg MB/s  cur MB/s last lat(s)  avg lat(s)
  160     127     71786     71659   111.953     112.5   0.0273728    0.285075
  161     128     72232     72104   111.948    111.25   0.0711013    0.285231
  162     128     72679     72551   111.947    111.75   0.0430377    0.285232
  163     128     73127     72999   111.947       112   0.0466497    0.285033
  164     128     73579     73451   111.954       113   0.0199729    0.284696
  165     128     74026     73898   111.952    111.75   0.0182956    0.284808
  166     128     74474     74346   111.952       112   0.0116657    0.284797
  167     128     74922     74794   111.953       112    0.058631    0.285021
  168     128     75362     75234   111.941       110   0.0782015    0.285094
  169     128     75810     75682   111.941       112   0.0472992    0.285259
  170     128     76259     76131   111.943    112.25   0.0493284    0.285309
  171     128     76704     76576   111.939    111.25   0.0319897     0.28531
  172     128     77147     77019   111.932    110.75    0.159853    0.285423
  173     128     77596     77468   111.934    112.25    0.171055    0.285507
  174     128     78042     77914   111.931     111.5    0.378118    0.285571
  175     128     78491     78363   111.933    112.25    0.252234     0.28557
  176     128     78938     78810   111.932    111.75     0.36138    0.285569
  177     128     79391     79263   111.939    113.25    0.353473    0.285526
  178     128     79839     79711   111.939       112    0.300699    0.285465
  179     128     80291     80163   111.945       113   0.0328615     0.28543
2026-07-08T17:41:09.724887+0800 min lat: 0.0107974 max lat: 1.6309 avg lat: 0.285373
  sec Cur ops   started  finished  avg MB/s  cur MB/s last lat(s)  avg lat(s)
  180     128     80743     80615   111.951       113    0.809165    0.285373
  181     128     81192     81064   111.952    112.25   0.0495595    0.285315
  182     128     81636     81508   111.947       111    0.843166    0.285369
  183     128     82085     81957   111.949    112.25    0.814758    0.285362
  184     128     82536     82408   111.953    112.75   0.0898131    0.285428
  185     128     82983     82855   111.952    111.75     0.37518    0.285393
  186     128     83434     83306   111.956    112.75    0.436722    0.285458
  187     128     83881     83753   111.955    111.75   0.0295877    0.285178
  188     128     84328     84200   111.954    111.75   0.0122916    0.285319
  189     128     84774     84646   111.951     111.5    0.016864    0.285261
  190     128     85223     85095   111.953    112.25   0.0160866    0.285197
  191     128     85673     85545   111.955     112.5    0.915775    0.285304
  192     128     86118     85990   111.952    111.25   0.0307517    0.285145
  193     128     86567     86439   111.953    112.25   0.0383162    0.285013
  194     128     87015     86887   111.953       112   0.0427414    0.285098
  195     128     87461     87333   111.951     111.5     1.32414    0.285085
  196     128     87909     87781   111.951       112   0.0188101    0.285188
  197     128     88357     88229   111.951       112    0.025235    0.285109
  198     128     88804     88676    111.95    111.75   0.0196813    0.285037
  199     128     89251     89123   111.949    111.75   0.0185906    0.285011
2026-07-08T17:41:29.727506+0800 min lat: 0.0104947 max lat: 1.6309 avg lat: 0.284935
  sec Cur ops   started  finished  avg MB/s  cur MB/s last lat(s)  avg lat(s)
  200     128     89700     89572    111.95    112.25   0.0486986    0.284935
  201     128     90147     90019   111.949    111.75      1.3535    0.284911
  202     128     90598     90470   111.953    112.75   0.0293112     0.28528
  203     128     91048     90920   111.956     112.5    0.593193    0.285445
  204     127     91497     91370   111.959     112.5   0.0896972    0.285438
  205     128     91948     91820   111.961     112.5    0.679239    0.285411
  206     128     92393     92265   111.958    111.25    0.301048     0.28546
  207     128     92843     92715    111.96     112.5    0.170322    0.285445
  208     128     93291     93163    111.96       112    0.429951    0.285408
  209     128     93738     93610   111.959    111.75    0.246193    0.285176
  210     128     94185     94057   111.958    111.75    0.028341    0.285116
  211     128     94630     94502   111.955    111.25     1.13504    0.285127
  212     128     95077     94949   111.954    111.75     1.32385    0.285013
  213     128     95525     95397   111.954       112   0.0414031    0.284992
  214     128     95972     95844   111.953    111.75     1.37045    0.285135
  215     127     96420     96293   111.954    112.25    0.222685    0.285087
  216     128     96870     96742   111.955    112.25   0.0119877    0.285125
  217     128     97316     97188   111.953     111.5     1.10449    0.285183
  218     128     97761     97633    111.95    111.25   0.0195188    0.285077
  219     128     98208     98080   111.949    111.75    0.116586     0.28515
2026-07-08T17:41:49.730153+0800 min lat: 0.0104947 max lat: 1.6309 avg lat: 0.285082
  sec Cur ops   started  finished  avg MB/s  cur MB/s last lat(s)  avg lat(s)
  220     127     98654     98527   111.948    111.75   0.0171241    0.285082
  221     128     99100     98972   111.945    111.25     1.46414    0.285104
  222     128     99550     99422   111.947     112.5   0.0258601     0.28511
  223     128     99998     99870   111.947       112    0.115002    0.285169
  224     128    100449    100321   111.951    112.75     1.16437    0.285258
  225     128    100895    100767   111.949     111.5   0.0235708    0.285301
  226     128    101342    101214   111.948    111.75     0.97778    0.285358
  227     128    101791    101663   111.949    112.25    0.537841    0.285477
  228     128    102239    102111   111.949       112   0.0581702    0.285463
  229     128    102685    102557   111.947     111.5    0.778639    0.285463
  230     128    103131    103003   111.945     111.5   0.0314322    0.285411
  231     128    103581    103453   111.948     112.5   0.0182845    0.285303
  232     128    104029    103901   111.948       112    0.168008    0.285252
  233     128    104477    104349   111.948       112   0.0250763    0.285234
  234     128    104926    104798   111.949    112.25    0.128091    0.285224
  235     128    105373    105245   111.948    111.75     1.08433    0.285254
  236     128    105819    105691   111.946     111.5   0.0733439    0.285442
  237     128    106270    106142    111.95    112.75    0.235934    0.285566
  238     128    106715    106587   111.947    111.25    0.591904    0.285529
  239     128    107166    107038    111.95    112.75    0.343524    0.285518
2026-07-08T17:42:09.732705+0800 min lat: 0.0104706 max lat: 1.6309 avg lat: 0.285466
  sec Cur ops   started  finished  avg MB/s  cur MB/s last lat(s)  avg lat(s)
  240     128    107616    107488   111.952     112.5   0.0808214    0.285466
  241     128    108064    107936   111.952       112    0.100374    0.285574
  242     128    108508    108380   111.948       111    0.396811    0.285604
  243     128    108956    108828   111.948       112    0.414416    0.285564
  244     128    109398    109270   111.942     110.5   0.0355292    0.285605
  245     128    109846    109718   111.943       112    0.360701    0.285618
  246     128    110298    110170   111.947       113    0.437887    0.285615
  247     128    110749    110621    111.95    112.75   0.0579408     0.28557
  248     128    111199    111071   111.952     112.5    0.135167    0.285589
  249     128    111648    111520   111.953    112.25   0.0959708    0.285573
  250     128    112097    111969   111.954    112.25   0.0240349    0.285593
  251     128    112549    112421   111.959       113    0.146455    0.285591
  252     128    112996    112868   111.958    111.75    0.125548     0.28556
  253     128    113445    113317   111.959    112.25    0.394768    0.285503
  254     128    113896    113768   111.962    112.75   0.0816629    0.285527
  255     128    114345    114217   111.963    112.25   0.0939265    0.285443
  256     128    114792    114664   111.962    111.75     0.85504    0.285475
  257     128    115243    115115   111.965    112.75   0.0281785    0.285505
  258     128    115685    115557   111.959     110.5    0.336494    0.285563
  259     128    116132    116004   111.958    111.75    0.433757    0.285587
2026-07-08T17:42:29.735423+0800 min lat: 0.0104706 max lat: 1.6309 avg lat: 0.285598
  sec Cur ops   started  finished  avg MB/s  cur MB/s last lat(s)  avg lat(s)
  260     128    116579    116451   111.958    111.75    0.144926    0.285598
  261     128    117022    116894   111.953    110.75   0.0215119     0.28558
  262     128    117470    117342   111.953       112    0.508414    0.285613
  263     128    117921    117793   111.956    112.75    0.362298    0.285615
  264     128    118369    118241   111.956       112    0.391538    0.285584
  265     127    118820    118693    111.96       113   0.0781251    0.285553
  266     128    119272    119144   111.963    112.75    0.244494    0.285572
  267     128    119722    119594   111.965     112.5   0.0194187    0.285538
  268     128    120171    120043   111.966    112.25    0.827478     0.28549
  269     128    120618    120490   111.965    111.75    0.868009    0.285489
  270     128    121068    120940   111.967     112.5     0.19853    0.285439
  271     128    121519    121391    111.97    112.75    0.110065    0.285419
  272     128    121971    121843   111.973       113   0.0998844    0.285373
  273     128    122419    122291   111.973       112    0.703106      0.2855
  274     128    122865    122737   111.972     111.5    0.385851     0.28557
  275     128    123313    123185   111.972       112    0.132068    0.285493
  276     128    123762    123634   111.973    112.25   0.0388077    0.285492
  277     128    124210    124082   111.973       112    0.220748    0.285544
  278     128    124659    124531   111.974    112.25    0.137576     0.28549
  279     128    125105    124977   111.972     111.5   0.0406929     0.28547
2026-07-08T17:42:49.738180+0800 min lat: 0.0104706 max lat: 1.6309 avg lat: 0.285534
  sec Cur ops   started  finished  avg MB/s  cur MB/s last lat(s)  avg lat(s)
  280     128    125552    125424   111.971    111.75    0.419741    0.285534
  281     128    125999    125871    111.97    111.75    0.606002    0.285571
  282     128    126444    126316   111.968    111.25   0.0749492    0.285575
  283     128    126895    126767    111.97    112.75    0.054683    0.285549
  284     128    127340    127212   111.968    111.25     0.53624    0.285578
  285     128    127791    127663    111.97    112.75    0.291208    0.285602
  286     128    128239    128111    111.97       112    0.422355    0.285527
  287     128    128690    128562   111.973    112.75   0.0201863    0.285541
  288     128    129138    129010   111.973       112    0.660883    0.285529
  289     128    129587    129459   111.974    112.25    0.200584    0.285559
  290     128    130038    129910   111.977    112.75    0.263777    0.285499
  291     128    130485    130357   111.976    111.75   0.0647878     0.28552
  292     128    130931    130803   111.974     111.5    0.101595    0.285483
  293     128    131378    131250   111.973    111.75     1.05748    0.285441
  294     128    131831    131703   111.978    113.25    0.114306    0.285476
  295     128    132280    132152   111.979    112.25     0.11944    0.285426
  296     128    132729    132601   111.979    112.25    0.160796     0.28553
  297     128    133178    133050    111.98    112.25    0.304465    0.285582
  298     128    133627    133499   111.981    112.25   0.0190151    0.285369
  299     128    134077    133949   111.983     112.5    0.113975    0.285309
2026-07-08T17:43:09.740818+0800 min lat: 0.0104706 max lat: 1.6309 avg lat: 0.285245
  sec Cur ops   started  finished  avg MB/s  cur MB/s last lat(s)  avg lat(s)
  300     111    134505    134394    111.98    111.25      1.2049    0.285245
Total time run:         300.303
Total writes made:      134505
Write size:             262144
Object size:            262144
Bandwidth (MB/sec):     111.974
Stddev Bandwidth:       0.637768
Max bandwidth (MB/sec): 113.5
Min bandwidth (MB/sec): 109
Average IOPS:           447
Stddev IOPS:            2.55107
Max IOPS:               454
Min IOPS:               436
Average Latency(s):     0.285641
Stddev Latency(s):      0.347197
Max latency(s):         1.6309
Min latency(s):         0.0104706
[2026-07-08 17:43:34] ==== BLOCK SIZE MATRIX ====
[2026-07-08 17:43:34] -- write 4K r1 --
INFO: op_size has been rounded to 16384
hints = 1
Maintaining 64 concurrent writes of 16384 bytes to objects of size 16384 for up to 120 seconds or 0 objects
Object prefix: benchmark_data_tikv-node_1923783
  sec Cur ops   started  finished  avg MB/s  cur MB/s last lat(s)  avg lat(s)
    0       0         0         0         0         0           -           0
    1      64      7050      6986   109.146   109.156  0.00743087   0.0091044
    2      64     14108     14044   109.707   110.281  0.00857235  0.00908993
    3      64     21168     21104   109.905   110.312  0.00908252  0.00908038
    4      64     28221     28157   109.976   110.203  0.00714598  0.00907774
    5      64     35279     35215   110.034   110.281   0.0070133  0.00907433
    6      64     42337     42273   110.073   110.281  0.00749686  0.00907285
    7      64     49392     49328   110.094   110.234  0.00551825  0.00907536
    8      64     56455     56391   110.126   110.359   0.0141469  0.00907163
    9      64     63357     63293   109.871   107.844  0.00586739  0.00908834
   10      64     69615     69551   108.661   97.7812  0.00742637   0.0091936
   11      64     76683     76619   108.821   110.438  0.00495094  0.00918157
   12      64     83747     83683   108.949   110.375  0.00976475  0.00917204
   13      63     90803     90740   109.049   110.266  0.00670377  0.00916328
   14      64     97864     97800   109.139   110.312  0.00918284   0.0091564
   15      64    104920    104856   109.212    110.25  0.00935202  0.00915066
   16      63    111977    111914   109.278   110.281  0.00701629  0.00914557
   17      64    119040    118976    109.34   110.344  0.00698852  0.00913984
   18      64    125694    125630   109.041   103.969   0.0343957   0.0091501
   19      64    132091    132027   108.562   99.9531  0.00533266  0.00920612
2026-07-08T17:43:54.713469+0800 min lat: 0.00239991 max lat: 0.05109 avg lat: 0.00919852
  sec Cur ops   started  finished  avg MB/s  cur MB/s last lat(s)  avg lat(s)
   20      63    139148    139085   108.647   110.281  0.00620575  0.00919852
   21      64    146204    146140   108.722   110.234  0.00476706  0.00919249
   22      64    152682    152618    108.38   101.219   0.0162853  0.00922178
   23      64    159142    159078   108.056   100.938   0.0048884  0.00924929
   24      64    166200    166136   108.148   110.281   0.0139575  0.00924173
   25      64    173253    173189    108.23   110.203   0.0100267  0.00923491
   26      64    180009    179945   108.127   105.562  0.00570716  0.00924346
   27      64    186839    186775   108.074   106.719   0.0129162  0.00924838
   28      64    192964    192900   107.632   95.7031  0.00753139  0.00928608
   29      64    200014    199950   107.719   110.156  0.00730387  0.00927848
   30      64    207082    207018   107.809   110.438  0.00782388   0.0092713
   31      63    214144    214081   107.891   110.359  0.00803307  0.00926437
   32      64    221199    221135   107.963   110.219  0.00569577  0.00925805
   33      64    228254    228190   108.031   110.234  0.00535011  0.00925221
   34      64    235309    235245   108.096   110.234  0.00822976   0.0092469
   35      63    242370    242307   108.159   110.344   0.0104997  0.00924143
   36      64    249247    249183   108.139   107.438   0.0172463  0.00924319
   37      63    255515    255452   107.863   97.9531  0.00858047  0.00926697
   38      63    262567    262504   107.924   110.188  0.00549963  0.00926161
   39      63    269629    269566   107.986   110.344  0.00473488  0.00925646
2026-07-08T17:44:14.715932+0800 min lat: 0.00236668 max lat: 0.0541502 avg lat: 0.00925121
  sec Cur ops   started  finished  avg MB/s  cur MB/s last lat(s)  avg lat(s)
   40      63    276688    276625   108.043   110.297  0.00505456  0.00925121
   41      64    283744    283680   108.096   110.234  0.00702943  0.00924712
   42      64    290805    290741   108.149   110.328  0.00477394  0.00924218
   43      64    297347    297283   108.011   102.219  0.00729105  0.00925442
   44      64    303839    303775   107.861   101.438   0.0165265  0.00926716
   45      64    310560    310496   107.798   105.016  0.00541313  0.00927304
   46      64    317055    316991    107.66   101.484    0.019283  0.00928447
   47      64    324113    324049   107.716   110.281  0.00606557  0.00927956
   48      64    331175    331111    107.77   110.344  0.00591106  0.00927523
   49      64    338227    338163   107.819   110.188  0.00728313  0.00927107
   50      64    345284    345220   107.868   110.266  0.00862979  0.00926673
   51      64    352012    351948   107.814   105.125   0.0168197  0.00927148
   52      64    359056    358992   107.857   110.062   0.0101334  0.00926776
   53      64    366125    366061   107.906   110.453   0.0120819  0.00926373
   54      64    372870    372806   107.859   105.391   0.0107432  0.00926779
   55      64    379137    379073   107.678   97.9219  0.00541365  0.00928324
   56      64    386202    386138   107.726   110.391  0.00980493  0.00927928
   57      64    393254    393190   107.769   110.188   0.0119826  0.00927552
   58      64    400315    400251   107.813   110.328  0.00465958   0.0092716
   59      64    407366    407302   107.853   110.172   0.0125864  0.00926825
2026-07-08T17:44:34.718445+0800 min lat: 0.00236668 max lat: 0.0541502 avg lat: 0.00926505
  sec Cur ops   started  finished  avg MB/s  cur MB/s last lat(s)  avg lat(s)
   60      64    414413    414349    107.89   110.109  0.00590613  0.00926505
   61      64    421470    421406   107.929   110.266   0.0051953  0.00926173
   62      64    428529    428465   107.967   110.297  0.00556504  0.00925841
   63      64    435239    435175   107.917   104.844  0.00643402   0.0092627
   64      64    441651    441587   107.796   100.188  0.00474034  0.00927331
   65      64    447476    447412   107.538   91.0156  0.00669034  0.00929544
   66      64    454540    454476    107.58   110.375  0.00807435   0.0092918
   67      64    461585    461521   107.618   110.078  0.00588166  0.00928858
   68      64    468632    468568   107.654   110.109  0.00921037  0.00928555
   69      64    475687    475623   107.691   110.234   0.0175402  0.00928234
   70      64    482747    482683   107.728   110.312  0.00707962  0.00927904
   71      64    489792    489728   107.761   110.078  0.00683889  0.00927609
   72      63    496482    496419   107.717   104.547  0.00779383  0.00928009
   73      64    502966    502902   107.628   101.297  0.00636959   0.0092876
   74      64    510018    509954   107.663   110.188  0.00595527  0.00928484
   75      64    516955    516891   107.672   108.391  0.00823688  0.00928399
   76      64    523842    523778   107.671   107.609   0.0105799  0.00928415
   77      64    530899    530835   107.705   110.266   0.0124207  0.00928127
   78      64    537951    537887   107.737   110.188   0.0110025  0.00927849
   79      64    545015    544951    107.77   110.375  0.00457136  0.00927553
2026-07-08T17:44:54.720815+0800 min lat: 0.00231476 max lat: 0.0578224 avg lat: 0.0092731
  sec Cur ops   started  finished  avg MB/s  cur MB/s last lat(s)  avg lat(s)
   80      63    552065    552002     107.8   110.172   0.0128794   0.0092731
   81      64    558539    558475   107.717   101.141   0.0102006  0.00927965
   82      63    565104    565041   107.655   102.594  0.00911433  0.00928556
   83      64    572161    572097   107.686    110.25   0.0112446  0.00928296
   84      64    579217    579153   107.716    110.25    0.012096  0.00928033
   85      64    586275    586211   107.746   110.281  0.00775083  0.00927769
   86      64    592457    592393   107.616   96.5938  0.00528643  0.00928887
   87      64    599308    599244    107.61   107.047  0.00491426  0.00928941
   88      64    606363    606299   107.639   110.234  0.00961438  0.00928684
   89      63    613419    613356   107.669   110.266  0.00535548   0.0092843
   90      64    619928    619864   107.602   101.688  0.00892683  0.00928822
   91      64    626438    626374   107.537   101.719  0.00459706   0.0092958
   92      64    633498    633434   107.567   110.312    0.013068  0.00929323
   93      64    640554    640490   107.596    110.25  0.00520197  0.00929066
   94      64    647611    647547   107.624   110.266  0.00477657  0.00928834
   95      63    654666    654603   107.652    110.25  0.00457161  0.00928587
   96      64    661724    661660   107.679   110.266   0.0175701  0.00928356
   97      64    668335    668271   107.634   103.297  0.00744638  0.00928757
   98      64    674985    674921   107.595   103.906  0.00988045  0.00929096
   99      64    681501    681437   107.537   101.812  0.00879556   0.0092959
2026-07-08T17:45:14.723233+0800 min lat: 0.00231476 max lat: 0.0594934 avg lat: 0.00930463
  sec Cur ops   started  finished  avg MB/s  cur MB/s last lat(s)  avg lat(s)
  100      64    687745    687681   107.437   97.5625  0.00967466  0.00930463
  101      64    694582    694518   107.431   106.828  0.00561924  0.00930513
  102      64    701638    701574   107.458    110.25  0.00479865  0.00930265
  103      64    708696    708632   107.486   110.281   0.0083274  0.00930032
  104      64    715730    715666   107.509   109.906   0.0142008  0.00929829
  105      64    722792    722728   107.536   110.344  0.00952209  0.00929602
  106      64    729845    729781   107.561   110.203   0.0160411  0.00929388
  107      64    736894    736830   107.585   110.141   0.0111975   0.0092918
  108      63    742339    742276   107.376   85.0938   0.0662943  0.00930528
  109      64    748898    748834   107.331   102.469  0.00513738  0.00931362
  110      64    755957    755893   107.358   110.297   0.0121547  0.00931146
  111      64    763017    762953   107.385   110.312   0.0107914  0.00930914
  112      64    770076    770012    107.41   110.297  0.00488236  0.00930684
  113      64    777122    777058   107.434   110.094   0.0058778  0.00930475
  114      63    784186    784123    107.46   110.391  0.00735871  0.00930265
  115      64    791246    791182   107.484   110.297  0.00660369  0.00930042
  116      64    798298    798234   107.508   110.188  0.00560114  0.00929848
  117      64    804984    804920   107.481   104.469  0.00936467  0.00930081
  118      64    811310    811246   107.408   98.8438  0.00452996  0.00930707
  119      64    818364    818300   107.432   110.219  0.00566523  0.00930506
Total time run:         120.012
Total writes made:      825323
Write size:             16384
Object size:            16384
Bandwidth (MB/sec):     107.453
Stddev Bandwidth:       4.77574
Max bandwidth (MB/sec): 110.453
Min bandwidth (MB/sec): 85.0938
Average IOPS:           6877
Stddev IOPS:            305.647
Max IOPS:               7069
Min IOPS:               5446
Average Latency(s):     0.00930314
Stddev Latency(s):      0.00466479
Max latency(s):         0.0778459
Min latency(s):         0.00231476
[2026-07-08 17:47:32] -- write 4K r2 --
INFO: op_size has been rounded to 16384
hints = 1
Maintaining 64 concurrent writes of 16384 bytes to objects of size 16384 for up to 120 seconds or 0 objects
Object prefix: benchmark_data_tikv-node_1943038
  sec Cur ops   started  finished  avg MB/s  cur MB/s last lat(s)  avg lat(s)
    0       0         0         0         0         0           -           0
    1      64      7087      7023   109.723   109.734    0.005566  0.00905382
    2      64     14143     14079   109.981    110.25   0.0225171  0.00905898
    3      64     21203     21139   110.087   110.312   0.0104722  0.00906483
    4      64     28264     28200   110.143   110.328  0.00908256  0.00906513
    5      64     35317     35253   110.152   110.203  0.00838684  0.00906635
    6      64     42379     42315   110.181   110.344  0.00540313  0.00906395
    7      64     49434     49370   110.186   110.234  0.00797566  0.00906515
    8      64     56487     56423   110.186   110.203  0.00629221   0.0090661
    9      63     63121     63058   109.461   103.672  0.00868132  0.00912709
   10      64     69269     69205   108.119   96.0469  0.00801205  0.00924134
   11      63     76326     76263   108.314   110.281   0.0158349  0.00922532
   12      64     83385     83321   108.477   110.281  0.00875576  0.00921184
   13      64     90443     90379   108.615   110.281   0.0130051   0.0092002
   14      63     97502     97439   108.736   110.312   0.0128169  0.00919048
   15      64    104555    104491   108.831   110.188  0.00476723  0.00918163
   16      64    111614    111550   108.922   110.297  0.00668933  0.00917511
   17      63    118664    118601   108.995   110.172   0.0154643  0.00916915
   18      64    125351    125287   108.742   104.469   0.0105355  0.00917572
   19      64    131390    131326   107.985   94.3594  0.00450002  0.00925476
2026-07-08T17:47:52.536656+0800 min lat: 0.00200392 max lat: 0.0612552 avg lat: 0.00924575
  sec Cur ops   started  finished  avg MB/s  cur MB/s last lat(s)  avg lat(s)
   20      64    138443    138379   108.095   110.203  0.00470291  0.00924575
   21      64    145492    145428   108.191   110.141   0.0132106   0.0092378
   22      64    151870    151806   107.803   99.6562  0.00988245  0.00927087
   23      64    158168    158104   107.394   98.4062  0.00845988  0.00930645
   24      64    165226    165162   107.514   110.281  0.00626263   0.0092966
   25      64    172274    172210   107.617   110.125  0.00655552  0.00928778
   26      64    179002    178938   107.521   105.125  0.00506673  0.00929565
   27      64    185796    185732    107.47   106.156  0.00771241   0.0092901
   28      64    191899    191835   107.037   95.3594  0.00495205  0.00933755
   29      64    198962    198898   107.151   110.359  0.00529614   0.0093278
   30      64    206019    205955   107.255   110.266  0.00593311  0.00931885
   31      64    213077    213013   107.352   110.281   0.0086978  0.00931073
   32      64    220129    220065    107.44   110.188   0.0169714  0.00930296
   33      64    227186    227122   107.525   110.266   0.0134779  0.00929575
   34      64    234248    234184   107.608   110.344  0.00490518   0.0092886
   35      64    241309    241245   107.685   110.328   0.0172185  0.00928217
   36      64    248359    248295   107.753   110.156   0.0068824  0.00927621
   37      63    254005    253942   107.225   88.2344  0.00906813  0.00932215
   38      64    261063    260999   107.305   110.266  0.00870184  0.00931525
   39      64    268115    268051   107.379   110.188  0.00489152  0.00930868
2026-07-08T17:48:12.539084+0800 min lat: 0.0019357 max lat: 0.0618127 avg lat: 0.00930247
  sec Cur ops   started  finished  avg MB/s  cur MB/s last lat(s)  avg lat(s)
   40      63    275168    275105   107.449   110.219    0.011421  0.00930247
   41      64    282233    282169    107.52   110.375  0.00467947   0.0092966
   42      64    289273    289209   107.579       110   0.0152409  0.00929083
   43      63    296344    296281   107.647     110.5  0.00650156  0.00928584
   44      64    302172    302108   107.269   91.0469  0.00570888  0.00931836
   45      64    309041    308977    107.27   107.328  0.00687517   0.0093183
   46      64    314909    314845   106.931   91.6875  0.00550946  0.00934812
   47      64    321963    321899   107.001   110.219  0.00822292   0.0093419
   48      63    329021    328958   107.069   110.297   0.0147022  0.00933587
   49      63    336077    336014   107.134    110.25  0.00586374  0.00933037
   50      64    343124    343060   107.193   110.094  0.00650619   0.0093252
   51      64    349955    349891   107.183   106.734  0.00934034  0.00932597
   52      64    356940    356876   107.221   109.141  0.00836654  0.00932253
   53      64    363995    363931   107.278   110.234   0.0110226  0.00931793
   54      64    371050    370986   107.332   110.234   0.0146309   0.0093133
   55      64    376974    376910   107.063   92.5625  0.00851698  0.00933649
   56      64    384037    383973   107.122   110.359  0.00768641   0.0093315
   57      64    391092    391028   107.176   110.234  0.00517868  0.00932655
   58      64    398145    398081   107.228   110.203   0.0112436  0.00932227
   59      64    405208    405144   107.281   110.359   0.0123272  0.00931765
2026-07-08T17:48:32.541555+0800 min lat: 0.0019357 max lat: 0.0625771 avg lat: 0.00931325
  sec Cur ops   started  finished  avg MB/s  cur MB/s last lat(s)  avg lat(s)
   60      64    412264    412200    107.33    110.25  0.00882416  0.00931325
   61      64    419319    419255   107.378   110.234   0.0126085  0.00930924
   62      64    426380    426316   107.425   110.328  0.00436343  0.00930508
   63      64    433215    433151   107.415   106.797  0.00962087   0.0093061
   64      64    439344    439280   107.233   95.7656   0.0193145  0.00932172
   65      64    446003    445939   107.183   104.047  0.00753169  0.00932235
   66      64    452134    452070   107.011   95.7969  0.00517637  0.00934148
   67      64    459192    459128   107.059   110.281  0.00752047  0.00933702
   68      64    466252    466188   107.107   110.312  0.00578876  0.00933281
   69      64    473311    473247   107.153   110.297   0.0154733  0.00932885
   70      64    480366    480302   107.197   110.234  0.00633316  0.00932504
   71      64    487420    487356   107.239   110.219  0.00681348  0.00932142
   72      64    494477    494413   107.281   110.266  0.00488916  0.00931774
   73      64    500394    500330   107.078   92.4531  0.00479809  0.00933548
   74      64    507450    507386    107.12    110.25   0.0106149  0.00933186
   75      64    514505    514441   107.162   110.234   0.0119413  0.00932833
   76      64    521472    521408   107.184   108.859   0.0049173   0.0093262
   77      64    528495    528431   107.217   109.734  0.00960684  0.00932341
   78      64    535554    535490   107.256   110.297  0.00867267   0.0093201
   79      64    542613    542549   107.294   110.297   0.0144285  0.00931666
2026-07-08T17:48:52.544357+0800 min lat: 0.0019357 max lat: 0.0625771 avg lat: 0.00931347
  sec Cur ops   started  finished  avg MB/s  cur MB/s last lat(s)  avg lat(s)
   80      64    549665    549601    107.33   110.188  0.00426398  0.00931347
   81      64    556519    556455   107.327   107.094  0.00792906  0.00931382
   82      64    562770    562706   107.209   97.6719  0.00484447  0.00932408
   83      64    569826    569762   107.246    110.25   0.0095704  0.00932097
   84      64    576878    576814   107.281   110.188  0.00914016  0.00931781
   85      64    583929    583865   107.314   110.172  0.00659707  0.00931501
   86      63    590980    590917   107.348   110.188  0.00529989  0.00931198
   87      64    596877    596813   107.173    92.125  0.00899201  0.00932737
   88      64    603939    603875   107.209   110.344  0.00942542  0.00932427
   89      63    610996    610933   107.243   110.281  0.00571098  0.00932112
   90      64    618056    617992   107.277   110.297   0.0117203  0.00931819
   91      64    623992    623928   107.117     92.75  0.00617263  0.00933228
   92      64    631047    630983   107.151   110.234  0.00654736  0.00932922
   93      64    638092    638028   107.182   110.078    0.016591  0.00932644
   94      64    645160    645096   107.216   110.438  0.00787372  0.00932351
   95      64    652217    652153   107.248   110.266  0.00654054  0.00932084
   96      63    659263    659200   107.278   110.109  0.00607244  0.00931814
   97      64    666314    666250   107.308   110.156  0.00796462  0.00931575
   98      64    673361    673297   107.336   110.109  0.00754191  0.00931305
   99      64    680256    680192    107.34   107.734  0.00443295  0.00931266
2026-07-08T17:49:12.546861+0800 min lat: 0.0019357 max lat: 0.0625771 avg lat: 0.00932191
  sec Cur ops   started  finished  avg MB/s  cur MB/s last lat(s)  avg lat(s)
  100      64    686464    686400   107.236        97  0.00869327  0.00932191
  101      64    693242    693178   107.223   105.906  0.00800647   0.0093231
  102      64    700300    700236   107.253   110.281  0.00657818  0.00932042
  103      64    707364    707300   107.283   110.375  0.00575618  0.00931782
  104      64    714420    714356   107.311    110.25  0.00688531  0.00931524
  105      64    721479    721415    107.34   110.297  0.00546847  0.00931287
  106      64    728529    728465   107.366   110.156   0.0138514  0.00931056
  107      63    735593    735530   107.394   110.391  0.00478454  0.00930814
  108      64    742096    742032   107.341   101.594   0.0677985   0.0093099
  109      64    747843    747779   107.179   89.7969   0.0110856  0.00932686
  110      64    754896    754832   107.207   110.203  0.00731173  0.00932445
  111      64    761959    761895   107.235   110.359   0.0191807  0.00932195
  112      64    769014    768950   107.262   110.234    0.016283  0.00931968
  113      64    776069    776005   107.288   110.234  0.00623094  0.00931745
  114      64    783132    783068   107.315   110.359  0.00742351  0.00931516
  115      63    790181    790118   107.339   110.156   0.0117606   0.0093129
  116      64    797240    797176   107.365   110.281   0.0126255  0.00931081
  117      63    804089    804026   107.362   107.031  0.00453443  0.00931105
  118      64    810170    810106   107.257        95   0.0106829  0.00932021
  119      63    817232    817169   107.283   110.359  0.00967217  0.00931793
Total time run:         120.009
Total writes made:      824187
Write size:             16384
Object size:            16384
Bandwidth (MB/sec):     107.308
Stddev Bandwidth:       5.87422
Max bandwidth (MB/sec): 110.5
Min bandwidth (MB/sec): 88.2344
Average IOPS:           6867
Stddev IOPS:            375.95
Max IOPS:               7072
Min IOPS:               5647
Average Latency(s):     0.00931576
Stddev Latency(s):      0.00488247
Max latency(s):         0.0758497
Min latency(s):         0.0019357
[2026-07-08 17:51:30] -- write 4K r3 --
INFO: op_size has been rounded to 16384
hints = 1
Maintaining 64 concurrent writes of 16384 bytes to objects of size 16384 for up to 120 seconds or 0 objects
Object prefix: benchmark_data_tikv-node_1962354
  sec Cur ops   started  finished  avg MB/s  cur MB/s last lat(s)  avg lat(s)
    0       0         0         0         0         0           -           0
    1      63      7090      7027   109.784   109.797  0.00521948  0.00905817
    2      63     14149     14086   110.033   110.297  0.00485514  0.00906281
    3      64     21202     21138   110.079   110.188   0.0146401  0.00906409
    4      64     28269     28205   110.161   110.422  0.00973847  0.00906422
    5      64     35324     35260   110.172   110.234  0.00993478  0.00906452
    6      64     42380     42316   110.183    110.25   0.0191674  0.00906426
    7      64     49436     49372   110.191    110.25   0.0158687   0.0090642
    8      64     56498     56434   110.208   110.344  0.00726677  0.00906513
    9      64     63301     63237   109.772   106.297   0.0512261  0.00908607
   10      63     69175     69112   107.973   91.7969  0.00797136  0.00925282
   11      64     76230     76166   108.176   110.219  0.00465569  0.00923625
   12      64     83289     83225   108.352   110.297  0.00596777  0.00922219
   13      63     90346     90283   108.499   110.281   0.0194863   0.0092098
   14      64     97407     97343   108.627   110.312   0.0155238  0.00919907
   15      64    104450    104386   108.721   110.047   0.0124129  0.00919137
   16      64    111508    111444   108.817   110.281  0.00772681  0.00918349
   17      64    118544    118480   108.882   109.938  0.00817302  0.00917807
   18      64    125408    125344   108.791    107.25  0.00942106  0.00918629
   19      64    131401    131337   107.993   93.6406  0.00610283  0.00925462
2026-07-08T17:51:51.010114+0800 min lat: 0.00227423 max lat: 0.0611518 avg lat: 0.00924448
  sec Cur ops   started  finished  avg MB/s  cur MB/s last lat(s)  avg lat(s)
   20      64    138462    138398   108.108   110.328  0.00627486  0.00924448
   21      63    145512    145449   108.206   110.172  0.00927304  0.00923619
   22      64    152120    152056   107.979   103.234   0.0170249  0.00925595
   23      64    158160    158096   107.387    94.375  0.00860129  0.00930683
   24      64    165222    165158    107.51   110.344  0.00674323  0.00929605
   25      64    172275    172211   107.617   110.203  0.00599897   0.0092874
   26      63    179039    178976   107.542   105.703   0.0070917  0.00929377
   27      64    186010    185946   107.592   108.906  0.00602768  0.00928876
   28      64    191945    191881   107.061   92.7344  0.00532293  0.00933553
   29      64    199003    198939   107.172   110.281   0.0137777  0.00932619
   30      64    206061    205997   107.275   110.281  0.00547479  0.00931687
   31      64    213117    213053    107.37    110.25   0.0148005  0.00930899
   32      63    220177    220114   107.462   110.328   0.0126987  0.00930102
   33      64    227240    227176   107.549   110.344  0.00876083  0.00929372
   34      64    234292    234228   107.626   110.188   0.0053408  0.00928717
   35      64    241353    241289   107.703   110.328   0.0139884  0.00928049
   36      64    248260    248196   107.709   107.922  0.00700249  0.00928018
   37      64    254267    254203   107.334   93.8594   0.0150559  0.00931254
   38      64    261325    261261   107.411   110.281  0.00931543  0.00930585
   39      64    268380    268316   107.483   110.234   0.0191047   0.0092993
2026-07-08T17:52:11.013066+0800 min lat: 0.00227423 max lat: 0.0611518 avg lat: 0.00929363
  sec Cur ops   started  finished  avg MB/s  cur MB/s last lat(s)  avg lat(s)
   40      64    275436    275372   107.552    110.25   0.0140417  0.00929363
   41      64    282493    282429   107.618   110.266  0.00957774  0.00928797
   42      64    289550    289486    107.68   110.266    0.011794  0.00928272
   43      64    296609    296545   107.741   110.297   0.0123846  0.00927746
   44      64    302763    302699   107.477   96.1562   0.0122888  0.00930021
   45      64    309261    309197   107.345   101.531  0.00809443  0.00930844
   46      64    315150    315086   107.012   92.0156  0.00680082  0.00934071
   47      64    322209    322145   107.081   110.297   0.0103624  0.00933487
   48      64    329274    329210    107.15   110.391  0.00961521  0.00932867
   49      64    336334    336270   107.214   110.312  0.00822595  0.00932325
   50      64    343385    343321   107.273   110.172  0.00740301  0.00931831
   51      64    350176    350112    107.25   106.109   0.0123263  0.00932002
   52      64    357140    357076    107.28   108.812   0.0050464  0.00931735
   53      63    364200    364137   107.337   110.328   0.0139075  0.00931258
   54      64    371241    371177   107.386       110  0.00603893  0.00930824
   55      64    377194    377130   107.124   93.0156   0.0104605  0.00933115
   56      63    384252    384189   107.181   110.297  0.00468897  0.00932613
   57      64    390877    390813   107.116     103.5  0.00786092  0.00933174
   58      64    397362    397298   107.016   101.328  0.00533744  0.00933963
   59      64    403725    403661   106.887   99.4219  0.00690242  0.00935177
2026-07-08T17:52:31.015479+0800 min lat: 0.00202098 max lat: 0.0923577 avg lat: 0.00936293
  sec Cur ops   started  finished  avg MB/s  cur MB/s last lat(s)  avg lat(s)
   60      64    410087    410023   106.762   99.4062  0.00879419  0.00936293
   61      64    415785    415721   106.471   89.0312  0.00635798  0.00938836
   62      64    422673    422609    106.49   107.625  0.00551942  0.00938653
   63      64    429541    429477   106.503   107.312   0.0156056  0.00938557
   64      63    436073    436010   106.433   102.078  0.00906215  0.00939194
   65      64    442566    442502   106.356   101.438   0.0145311  0.00939871
   66      64    448988    448924   106.265   100.344    0.014876  0.00940676
   67      63    455471    455408   106.191   101.312   0.0105996   0.0094132
   68      64    462532    462468   106.251   110.312  0.00468813  0.00940795
   69      64    469586    469522   106.308   110.219  0.00521257   0.0094032
   70      64    476648    476584   106.366   110.344  0.00503578  0.00939785
   71      64    483702    483638    106.42   110.219  0.00602109  0.00939302
   72      63    490766    490703   106.475   110.391    0.007722  0.00938839
   73      64    497167    497103   106.386       100  0.00753504   0.0093962
   74      64    503700    503636   106.328   102.078  0.00474492  0.00940128
   75      64    510757    510693    106.38   110.266   0.0107405  0.00939666
   76      64    517784    517720   106.425   109.797  0.00641137  0.00939229
   77      64    524746    524682   106.455   108.781   0.0176485     0.00939
   78      63    531772    531709   106.498   109.797   0.0142427  0.00938629
   79      64    538834    538770   106.546   110.328  0.00856876  0.00938214
2026-07-08T17:52:51.018285+0800 min lat: 0.00202098 max lat: 0.0923577 avg lat: 0.00937811
  sec Cur ops   started  finished  avg MB/s  cur MB/s last lat(s)  avg lat(s)
   80      64    545878    545814    106.59   110.062  0.00693865  0.00937811
   81      64    552947    552883   106.637   110.453  0.00546696  0.00937405
   82      64    559404    559340   106.567   100.891   0.0100705  0.00938032
   83      63    566163    566100   106.555   105.625  0.00556247  0.00938128
   84      63    573218    573155   106.599   110.234   0.0100701  0.00937748
   85      64    580269    580205   106.641   110.156   0.0116018  0.00937362
   86      64    587332    587268   106.684   110.359   0.0181545  0.00936992
   87      64    594393    594329   106.726   110.328  0.00517546  0.00936638
   88      63    600435    600372   106.586   94.4219  0.00445017   0.0093786
   89      64    607494    607430   106.627   110.281   0.0112203  0.00937509
   90      64    614552    614488   106.668   110.281   0.0105185  0.00937154
   91      64    620907    620843   106.586   99.2969  0.00461521  0.00937863
   92      64    627588    627524   106.563   104.391   0.0063213  0.00938068
   93      64    634656    634592   106.604   110.438  0.00833381  0.00937716
   94      64    641708    641644   106.642   110.188  0.00870039  0.00937381
   95      64    648766    648702    106.68   110.281  0.00675687  0.00937041
   96      64    655815    655751   106.716   110.141   0.0120151  0.00936709
   97      64    662877    662813   106.753   110.344   0.0128847  0.00936403
   98      64    669939    669875    106.79   110.344   0.0171293   0.0093608
   99      64    676996    676932   106.825   110.266  0.00474678  0.00935781
2026-07-08T17:53:11.020654+0800 min lat: 0.00202098 max lat: 0.0923577 avg lat: 0.00936655
  sec Cur ops   started  finished  avg MB/s  cur MB/s last lat(s)  avg lat(s)
  100      64    683185    683121   106.723   96.7031   0.0120169  0.00936655
  101      63    689823    689760   106.694   103.734   0.0111884  0.00936931
  102      63    696618    696555   106.688   106.172  0.00601511  0.00936976
  103      63    703682    703619   106.724   110.375   0.0124111  0.00936653
  104      64    710746    710682   106.759   110.359  0.00412495  0.00936356
  105      64    717800    717736   106.792   110.219   0.0101953  0.00936066
  106      64    724858    724794   106.825   110.281   0.0137455  0.00935777
  107      64    731917    731853   106.857   110.297   0.0166783  0.00935495
  108      64    738969    738905   106.888   110.188   0.0107888  0.00935233
  109      64    744987    744923    106.77   94.0312  0.00575762  0.00935906
  110      63    750859    750796   106.633   91.7656  0.00671489  0.00937469
  111      64    757919    757855   106.666   110.297   0.0101164  0.00937182
  112      64    764977    764913   106.698   110.281  0.00607941  0.00936888
  113      64    772037    771973    106.73   110.312  0.00454916  0.00936617
  114      64    779095    779031   106.761   110.281   0.0050311  0.00936334
  115      64    786154    786090   106.791   110.297   0.0126261  0.00936077
  116      64    793210    793146   106.821    110.25  0.00510825   0.0093581
  117      64    800243    800179   106.847   109.891  0.00503644  0.00935567
  118      64    806699    806635   106.797   100.875  0.00490589   0.0093603
  119      64    813208    813144   106.754   101.703   0.0132264  0.00936406
Total time run:         120.004
Total writes made:      820118
Write size:             16384
Object size:            16384
Bandwidth (MB/sec):     106.783
Stddev Bandwidth:       5.7281
Max bandwidth (MB/sec): 110.453
Min bandwidth (MB/sec): 89.0312
Average IOPS:           6834
Stddev IOPS:            366.598
Max IOPS:               7069
Min IOPS:               5698
Average Latency(s):     0.00936179
Stddev Latency(s):      0.00505992
Max latency(s):         0.137983
Min latency(s):         0.00202098
[2026-07-08 17:55:28] -- write 64K r1 --
hints = 1
Maintaining 64 concurrent writes of 65536 bytes to objects of size 65536 for up to 120 seconds or 0 objects
Object prefix: benchmark_data_tikv-node_1981449
  sec Cur ops   started  finished  avg MB/s  cur MB/s last lat(s)  avg lat(s)
    0       0         0         0         0         0           -           0
    1      64      1853      1789   111.806   111.812    0.103544   0.0344547
    2      64      3649      3585    112.02    112.25    0.030667   0.0351134
    3      64      5449      5385   112.174     112.5   0.0105018   0.0352361
    4      64      7249      7185   112.251     112.5     0.05819   0.0353658
    5      64      9049      8985   112.297     112.5  0.00819719   0.0352885
    6      64     10845     10781   112.286    112.25   0.0488865   0.0354366
    7      64     12647     12583   112.332   112.625  0.00748662   0.0353976
    8      64     14444     14380   112.328   112.312   0.0107561   0.0354141
    9      63     16216     16153   112.157   110.812   0.0109971   0.0356409
   10      64     17950     17886   111.771   108.312  0.00854157   0.0356753
   11      64     19750     19686   111.836     112.5   0.0125088   0.0356626
   12      64     21548     21484   111.879   112.375   0.0128566   0.0356498
   13      64     23348     23284   111.926     112.5   0.0234349   0.0356407
   14      64     25148     25084   111.966     112.5  0.00693658   0.0356163
   15      64     26946     26882   111.992   112.375   0.0133154   0.0356386
   16      64     28743     28679   112.011   112.312   0.0236511   0.0356266
   17      64     30542     30478   112.035   112.438   0.0111104   0.0356381
   18      64     32326     32262   112.004     111.5   0.0157084   0.0356816
   19      64     34084     34020   111.892   109.875   0.0211829   0.0356991
2026-07-08T17:55:48.600066+0800 min lat: 0.00451469 max lat: 0.145608 avg lat: 0.0356855
  sec Cur ops   started  finished  avg MB/s  cur MB/s last lat(s)  avg lat(s)
   20      64     35885     35821   111.924   112.562   0.0610561   0.0356855
   21      64     37684     37620   111.948   112.438   0.0388489   0.0356851
   22      64     39482     39418   111.966   112.375   0.0280018   0.0356766
   23      64     41283     41219   111.991   112.562   0.0218139    0.035674
   24      64     43080     43016   112.004   112.312  0.00924793   0.0356741
   25      64     44881     44817   112.026   112.562  0.00838308   0.0356414
   26      64     46679     46615   112.038   112.375   0.0378749   0.0356576
   27      64     48464     48400    112.02   111.562   0.0524126   0.0356476
   28      64     50187     50123   111.865   107.688   0.0473307   0.0357212
   29      64     51985     51921   111.882   112.375    0.020524   0.0357187
   30      64     53784     53720     111.9   112.438    0.027441   0.0357008
   31      64     55583     55519   111.917   112.438  0.00789339    0.035681
   32      64     57382     57318   111.933   112.438   0.0224769    0.035684
   33      64     59178     59114   111.942    112.25   0.0719718   0.0357014
   34      64     60979     60915   111.959   112.562   0.0237975   0.0356994
   35      64     62777     62713   111.971   112.375   0.0151214   0.0356946
   36      64     64485     64421   111.825    106.75  0.00714624    0.035742
   37      64     66245     66181   111.775       110   0.0231814   0.0357496
   38      64     68044     67980   111.792   112.438  0.00936709   0.0357434
   39      64     69842     69778   111.807   112.375   0.0107309   0.0357333
2026-07-08T17:56:08.603133+0800 min lat: 0.00417147 max lat: 0.167738 avg lat: 0.035736
  sec Cur ops   started  finished  avg MB/s  cur MB/s last lat(s)  avg lat(s)
   40      64     71640     71576   111.821   112.375   0.0252409    0.035736
   41      64     73439     73375   111.835   112.438    0.027298   0.0357321
   42      64     75239     75175   111.851     112.5  0.00796623   0.0357358
   43      64     77038     76974   111.864   112.438   0.0143228   0.0357125
   44      64     78836     78772   111.875   112.375  0.00663892   0.0357198
   45      63     80547     80484   111.767       107   0.0581827   0.0357631
   46      64     82347     82283   111.781   112.438   0.0180578   0.0357575
   47      64     84145     84081   111.793   112.375   0.0180824   0.0357451
   48      64     85944     85880   111.806   112.438    0.030989   0.0357541
   49      64     87744     87680    111.82     112.5     0.01176   0.0357391
   50      64     89541     89477    111.83   112.312   0.0522273   0.0357478
   51      64     91340     91276   111.841   112.438   0.0322465   0.0357446
   52      64     93142     93078   111.856   112.625   0.0647921   0.0357381
   53      64     94931     94867   111.855   111.812   0.0139934    0.035749
   54      64     96685     96621   111.813   109.625    0.037638   0.0357529
   55      64     98482     98418   111.822   112.312   0.0526789   0.0357512
   56      64    100281    100217   111.833   112.438   0.0183393   0.0357459
   57      63    102082    102019   111.846   112.625  0.00739357   0.0357412
   58      64    103881    103817   111.855   112.375   0.0123966   0.0357366
   59      64    105681    105617   111.866     112.5   0.0892064   0.0357329
2026-07-08T17:56:28.606207+0800 min lat: 0.00417147 max lat: 0.167738 avg lat: 0.0357304
  sec Cur ops   started  finished  avg MB/s  cur MB/s last lat(s)  avg lat(s)
   60      64    107477    107413   111.872    112.25   0.0327895   0.0357304
   61      64    109278    109214   111.881   112.562   0.0308162   0.0357288
   62      64    111052    110988   111.864   110.875   0.0141477   0.0357308
   63      63    112810    112747   111.833   109.938     0.02451   0.0357497
   64      64    114612    114548   111.845   112.562   0.0205037   0.0357479
   65      64    116411    116347   111.853   112.438    0.028284    0.035737
   66      64    118210    118146   111.862   112.438    0.014083   0.0357243
   67      64    120008    119944   111.869   112.375   0.0878093   0.0357342
   68      64    121808    121744   111.878     112.5  0.00723112   0.0357214
   69      63    123606    123543   111.886   112.438  0.00687457   0.0357237
   70      64    125404    125340   111.892   112.312    0.011232   0.0357218
   71      64    127154    127090   111.856   109.375   0.0136504   0.0357488
   72      64    128951    128887   111.863   112.312   0.0222403   0.0357424
   73      64    130749    130685   111.869   112.375   0.0118159   0.0357356
   74      64    132547    132483   111.876   112.375   0.0284859   0.0357325
   75      64    134347    134283   111.884     112.5    0.023559   0.0357306
   76      64    136145    136081    111.89   112.375   0.0138635   0.0357217
   77      64    137943    137879   111.896   112.375   0.0210994   0.0357292
   78      64    139742    139678   111.903   112.438   0.0320718   0.0357217
   79      64    141541    141477    111.91   112.438   0.0178832    0.035722
2026-07-08T17:56:48.610231+0800 min lat: 0.00417147 max lat: 0.167738 avg lat: 0.0357349
  sec Cur ops   started  finished  avg MB/s  cur MB/s last lat(s)  avg lat(s)
   80      64    143301    143237   111.886       110   0.0520299   0.0357349
   81      64    145072    145008   111.871   110.688   0.0535525   0.0357354
   82      64    146872    146808   111.878     112.5   0.0120141    0.035733
   83      64    148670    148606   111.884   112.375   0.0820041   0.0357334
   84      64    150470    150406   111.891     112.5   0.0453458   0.0357325
   85      64    152268    152204   111.896   112.375   0.0388826   0.0357273
   86      63    154067    154004   111.903     112.5   0.0139605   0.0357296
   87      64    155867    155803   111.909   112.438   0.0318723   0.0357262
   88      64    157666    157602   111.915   112.438   0.0392429   0.0357268
   89      64    159434    159370   111.899     110.5   0.0466887   0.0357319
   90      64    161232    161168   111.904   112.375   0.0183305   0.0357309
   91      64    163030    162966   111.909   112.375  0.00614132   0.0357218
   92      64    164829    164765   111.915   112.438   0.0597546   0.0357267
   93      64    166630    166566   111.921   112.562   0.0246261   0.0357183
   94      64    168429    168365   111.927   112.438   0.0244527    0.035714
   95      64    170226    170162   111.931   112.312   0.0927559   0.0357191
   96      64    172018    171954   111.931       112  0.00880349   0.0357211
   97      64    173776    173712    111.91   109.875   0.0331929   0.0357302
   98      64    175551    175487     111.9   110.938   0.0542826   0.0357334
   99      64    177350    177286   111.905   112.438   0.0393576   0.0357283
2026-07-08T17:57:08.613189+0800 min lat: 0.00417147 max lat: 0.167738 avg lat: 0.0357283
  sec Cur ops   started  finished  avg MB/s  cur MB/s last lat(s)  avg lat(s)
  100      64    179151    179087   111.911   112.562  0.00727328   0.0357283
  101      64    180948    180884   111.915   112.312   0.0259856   0.0357221
  102      64    182746    182682    111.92   112.375  0.00849506   0.0357205
  103      64    184543    184479   111.923   112.312   0.0159115    0.035722
  104      64    186345    186281    111.93   112.625   0.0130142   0.0357199
  105      64    188143    188079   111.934   112.375  0.00604394   0.0357123
  106      64    189844    189780   111.881   106.312   0.0564779   0.0357397
  107      64    191599    191535    111.86   109.688   0.0108411   0.0357417
  108      64    193411    193347   111.873    113.25    0.034583    0.035742
  109      64    195207    195143   111.876    112.25   0.0670552   0.0357389
  110      63    197007    196944   111.882   112.562   0.0477355   0.0357394
  111      64    198806    198742   111.886   112.375   0.0874852   0.0357364
  112      64    200604    200540   111.891   112.375  0.00647989   0.0357261
  113      64    202403    202339   111.895   112.438   0.0104809   0.0357269
  114      64    204200    204136   111.899   112.312   0.0300865   0.0357316
  115      64    205960    205896   111.882       110   0.0963038    0.035736
  116      64    207720    207656   111.866       110    0.063477   0.0357453
  117      64    209516    209452   111.869    112.25   0.0191698   0.0357427
  118      64    211317    211253   111.875   112.562   0.0065023   0.0357362
  119      63    213117    213054    111.88   112.562   0.0698324   0.0357369
2026-07-08T17:57:28.616121+0800 min lat: 0.00417147 max lat: 0.167738 avg lat: 0.0357368
  sec Cur ops   started  finished  avg MB/s  cur MB/s last lat(s)  avg lat(s)
  120      31    214880    214849   111.883   112.188   0.0917832   0.0357368
Total time run:         120.038
Total writes made:      214880
Write size:             65536
Object size:            65536
Bandwidth (MB/sec):     111.882
Stddev Bandwidth:       1.26603
Max bandwidth (MB/sec): 113.25
Min bandwidth (MB/sec): 106.312
Average IOPS:           1790
Stddev IOPS:            20.2565
Max IOPS:               1812
Min IOPS:               1701
Average Latency(s):     0.0357416
Stddev Latency(s):      0.0305532
Max latency(s):         0.167738
Min latency(s):         0.00417147
[2026-07-08 17:58:04] -- write 64K r2 --
hints = 1
Maintaining 64 concurrent writes of 65536 bytes to objects of size 65536 for up to 120 seconds or 0 objects
Object prefix: benchmark_data_tikv-node_1994125
  sec Cur ops   started  finished  avg MB/s  cur MB/s last lat(s)  avg lat(s)
    0       0         0         0         0         0           -           0
    1      64      1852      1788   111.744    111.75  0.00815062   0.0343432
    2      64      3650      3586   112.054   112.375  0.00820263   0.0349011
    3      64      5449      5385   112.177   112.438  0.00738317   0.0351725
    4      64      7248      7184   112.238   112.438    0.045813   0.0354079
    5      64      9048      8984   112.288     112.5  0.00763607   0.0354574
    6      64     10845     10781   112.289   112.312   0.0804383   0.0354651
    7      64     12645     12581   112.317     112.5  0.00695616   0.0354399
    8      64     14445     14381   112.338     112.5   0.0601131   0.0354993
    9      64     16238     16174   112.306   112.062   0.0108201   0.0355027
   10      64     18000     17936   112.087   110.125   0.0189015   0.0355748
   11      64     19798     19734   112.111   112.375   0.0687614   0.0355893
   12      64     21597     21533   112.137   112.438   0.0377322   0.0355717
   13      64     23397     23333   112.164     112.5    0.031532   0.0355635
   14      64     25196     25132   112.182   112.438  0.00737132   0.0355459
   15      64     26995     26931   112.198   112.438    0.101298    0.035556
   16      64     28792     28728   112.205   112.312   0.0734736   0.0355735
   17      64     30591     30527   112.218   112.438   0.0279384    0.035589
   18      64     32372     32308   112.166   111.312   0.0248949   0.0356224
   19      64     34116     34052   111.999       109   0.0344919   0.0356586
2026-07-08T17:58:24.698665+0800 min lat: 0.00389582 max lat: 0.143446 avg lat: 0.0356497
  sec Cur ops   started  finished  avg MB/s  cur MB/s last lat(s)  avg lat(s)
   20      64     35915     35851    112.02   112.438   0.0889456   0.0356497
   21      64     37712     37648   112.033   112.312   0.0566102   0.0356574
   22      64     39512     39448   112.053     112.5   0.0201382   0.0356369
   23      64     41311     41247    112.07   112.438   0.0117894   0.0356412
   24      64     43111     43047   112.087     112.5   0.0285019   0.0356283
   25      64     44908     44844   112.095   112.312  0.00892377   0.0356394
   26      64     46708     46644    112.11     112.5  0.00886555    0.035639
   27      64     48456     48392   112.004    109.25  0.00915142   0.0356642
   28      64     50231     50167   111.965   110.938  0.00670922    0.035678
   29      64     52028     51964   111.977   112.312     0.11243   0.0356606
   30      64     53828     53764   111.994     112.5   0.0101011   0.0356786
   31      64     55627     55563   112.008   112.438   0.0101148   0.0356525
   32      64     57425     57361   112.019   112.375  0.00878485   0.0356466
   33      64     59223     59159   112.029   112.375    0.019239   0.0356765
   34      64     61021     60957   112.039   112.375   0.0362459   0.0356565
   35      63     62818     62755   112.048   112.375  0.00670649   0.0356659
   36      64     64564     64500   111.965   109.062   0.0204141   0.0357038
   37      64     66363     66299   111.977   112.438     0.01337   0.0356859
   38      64     68164     68100   111.992   112.562    0.093252   0.0356785
   39      64     69962     69898   112.002   112.375  0.00719185   0.0356608
2026-07-08T17:58:44.701291+0800 min lat: 0.00389582 max lat: 0.165065 avg lat: 0.0356832
  sec Cur ops   started  finished  avg MB/s  cur MB/s last lat(s)  avg lat(s)
   40      64     71760     71696   112.011   112.375   0.0576618   0.0356832
   41      64     73559     73495    112.02   112.438   0.0320364   0.0356817
   42      64     75358     75294    112.03   112.438   0.0401518   0.0356781
   43      64     77159     77095   112.042   112.562   0.0101133    0.035671
   44      64     78951     78887   112.041       112   0.0216007   0.0356738
   45      64     80724     80660   112.013   110.812   0.0248073   0.0356748
   46      64     82523     82459   112.022   112.438    0.101518   0.0356736
   47      64     84321     84257    112.03   112.375   0.0106243   0.0356745
   48      64     86120     86056   112.038   112.438   0.0903939   0.0356737
   49      64     87918     87854   112.044   112.375   0.0297526   0.0356757
   50      64     89718     89654   112.053     112.5   0.0177073    0.035674
   51      64     91514     91450   112.057    112.25   0.0376132   0.0356697
   52      64     93316     93252   112.067   112.625   0.0558797   0.0356657
   53      64     95107     95043   112.065   111.938  0.00892504   0.0356721
   54      64     96866     96802   112.025   109.938  0.00868381     0.03568
   55      64     98665     98601   112.032   112.438   0.0160866   0.0356759
   56      64    100464    100400   112.039   112.438   0.0139955   0.0356796
   57      64    102261    102197   112.044   112.312   0.0325685   0.0356686
   58      64    104061    103997   112.052     112.5   0.0736285   0.0356777
   59      64    105860    105796   112.058   112.438    0.027808   0.0356672
2026-07-08T17:59:04.703671+0800 min lat: 0.00389582 max lat: 0.165065 avg lat: 0.0356675
  sec Cur ops   started  finished  avg MB/s  cur MB/s last lat(s)  avg lat(s)
   60      64    107659    107595   112.064   112.438    0.036182   0.0356675
   61      64    109456    109392   112.068   112.312   0.0167036   0.0356701
   62      64    111211    111147   112.029   109.688   0.0596906   0.0356867
   63      64    112990    112926   112.016   111.188   0.0380601   0.0356764
   64      64    114785    114721   112.018   112.188   0.0185923   0.0356905
   65      64    116588    116524   112.028   112.688   0.0277284   0.0356885
   66      64    118386    118322   112.033   112.375   0.0150706   0.0356779
   67      64    120184    120120   112.038   112.375   0.0103568   0.0356819
   68      64    121982    121918   112.043   112.375   0.0155281   0.0356727
   69      64    123782    123718   112.049     112.5  0.00874807   0.0356647
   70      64    125580    125516   112.053   112.375   0.0135076   0.0356733
   71      64    127282    127218   111.973   106.375   0.0413242     0.03569
   72      64    129124    129060   112.017   115.125   0.0404184   0.0356903
   73      64    130925    130861   112.024   112.562   0.0321114   0.0356884
   74      64    132723    132659   112.028   112.375   0.0475943   0.0356866
   75      64    134520    134456   112.032   112.312    0.079035   0.0356858
   76      64    136319    136255   112.037   112.438  0.00776764   0.0356863
   77      64    138121    138057   112.045   112.625   0.0500622   0.0356833
   78      64    139918    139854   112.048   112.312   0.0129348   0.0356761
   79      64    141718    141654   112.053     112.5   0.0457174    0.035679
2026-07-08T17:59:24.706567+0800 min lat: 0.00389582 max lat: 0.167716 avg lat: 0.0356908
  sec Cur ops   started  finished  avg MB/s  cur MB/s last lat(s)  avg lat(s)
   80      64    143465    143401   112.017   109.188   0.0741927   0.0356908
   81      64    145249    145185   112.011     111.5   0.0576585   0.0356921
   82      64    147049    146985   112.017     112.5    0.045003   0.0356923
   83      64    148847    148783   112.021   112.375   0.0120552   0.0356869
   84      64    150644    150580   112.024   112.312   0.0197249   0.0356871
   85      64    152442    152378   112.028   112.375  0.00722787   0.0356882
   86      64    154241    154177   112.033   112.438   0.0144833   0.0356863
   87      64    156038    155974   112.036   112.312   0.0497712   0.0356861
   88      64    157839    157775   112.041   112.562  0.00932427   0.0356838
   89      64    159510    159446   111.956   104.438   0.0259457   0.0357138
   90      64    161310    161246   111.962     112.5   0.0911839   0.0357075
   91      64    163107    163043   111.965   112.312    0.127382   0.0357034
   92      64    164907    164843   111.971     112.5   0.0297657   0.0357048
   93      64    166706    166642   111.976   112.438  0.00666303    0.035705
   94      64    168504    168440    111.98   112.375    0.014326   0.0357051
   95      64    170301    170237   111.983   112.312   0.0418737   0.0357054
   96      64    172100    172036   111.988   112.438   0.0226751   0.0357064
   97      64    173825    173761   111.945   107.812    0.057109   0.0357019
   98      64    175624    175560    111.95   112.438   0.0253887   0.0357164
   99      64    177426    177362   111.956   112.625   0.0164261    0.035709
2026-07-08T17:59:44.709295+0800 min lat: 0.00389582 max lat: 0.211676 avg lat: 0.0357133
  sec Cur ops   started  finished  avg MB/s  cur MB/s last lat(s)  avg lat(s)
  100      64    179223    179159    111.96   112.312   0.0527072   0.0357133
  101      64    181022    180958   111.964   112.438   0.0174007   0.0357028
  102      64    182821    182757   111.969   112.438   0.0138777   0.0357014
  103      64    184619    184555   111.972   112.375   0.0190928    0.035703
  104      64    186419    186355   111.977     112.5     0.12662   0.0357016
  105      64    188219    188155   111.982     112.5  0.00780882   0.0357003
  106      64    190008    189944    111.98   111.812    0.118416   0.0357002
  107      64    191733    191669   111.941   107.812   0.0176677   0.0357112
  108      64    193532    193468   111.946   112.438  0.00982079   0.0357135
  109      64    195333    195269   111.951   112.562    0.133277   0.0357077
  110      64    197129    197065   111.954    112.25   0.0638714   0.0357159
  111      64    198928    198864   111.958   112.438   0.0908127   0.0357091
  112      64    200729    200665   111.963   112.562    0.078943   0.0357127
  113      63    202526    202463   111.967   112.375   0.0125392   0.0357106
  114      64    204325    204261    111.97   112.375   0.0807634   0.0357098
  115      64    206114    206050   111.969   111.812  0.00726861   0.0357105
  116      64    207911    207847   111.972   112.312   0.0110596   0.0357044
  117      63    209708    209645   111.975   112.375    0.011449   0.0357036
  118      64    211507    211443   111.978   112.375   0.0179076    0.035702
  119      64    213307    213243   111.983     112.5   0.0122135    0.035699
2026-07-08T18:00:04.711966+0800 min lat: 0.00389582 max lat: 0.211676 avg lat: 0.0357026
  sec Cur ops   started  finished  avg MB/s  cur MB/s last lat(s)  avg lat(s)
  120      34    215077    215043   111.987     112.5    0.118264   0.0357026
Total time run:         120.036
Total writes made:      215077
Write size:             65536
Object size:            65536
Bandwidth (MB/sec):     111.986
Stddev Bandwidth:       1.30374
Max bandwidth (MB/sec): 115.125
Min bandwidth (MB/sec): 104.438
Average IOPS:           1791
Stddev IOPS:            20.8599
Max IOPS:               1842
Min IOPS:               1671
Average Latency(s):     0.0357081
Stddev Latency(s):      0.0320571
Max latency(s):         0.211676
Min latency(s):         0.00389582
[2026-07-08 18:00:40] -- write 64K r3 --
hints = 1
Maintaining 64 concurrent writes of 65536 bytes to objects of size 65536 for up to 120 seconds or 0 objects
Object prefix: benchmark_data_tikv-node_2006986
  sec Cur ops   started  finished  avg MB/s  cur MB/s last lat(s)  avg lat(s)
    0       0         0         0         0         0           -           0
    1      64      1852      1788   111.736    111.75   0.0461953   0.0349259
    2      64      3650      3586   112.047   112.375    0.101599   0.0351046
    3      64      5449      5385   112.171   112.438   0.0104209   0.0351749
    4      64      7249      7185   112.249     112.5   0.0115967   0.0353765
    5      64      9045      8981   112.246    112.25   0.0131163   0.0354186
    6      64     10847     10783   112.307   112.625   0.0084617   0.0354511
    7      64     12645     12581   112.314   112.375   0.0384431   0.0354538
    8      64     14444     14380   112.328   112.438  0.00805415   0.0354422
    9      64     16224     16160   112.206    111.25   0.0680596   0.0355317
   10      64     17980     17916   111.959    109.75   0.0304133   0.0356503
   11      64     19778     19714   111.996   112.375  0.00909175   0.0355621
   12      64     21581     21517   112.052   112.688   0.0694561   0.0356092
   13      64     23377     23313   112.066    112.25   0.0425689   0.0356229
   14      64     25177     25113   112.096     112.5   0.0133535   0.0355856
   15      64     26977     26913   112.122     112.5   0.0237594   0.0356097
   16      64     28774     28710   112.133   112.312    0.134558    0.035542
   17      64     30570     30506   112.139    112.25  0.00939029   0.0355784
   18      63     32324     32261   112.002   109.688  0.00538106   0.0356977
   19      64     34114     34050   111.991   111.812    0.019951   0.0356623
2026-07-08T18:01:00.602557+0800 min lat: 0.00461502 max lat: 0.168505 avg lat: 0.0356308
  sec Cur ops   started  finished  avg MB/s  cur MB/s last lat(s)  avg lat(s)
   20      64     35911     35847   112.006   112.312    0.101017   0.0356308
   21      63     37711     37648   112.032   112.562   0.0407293   0.0356507
   22      64     39507     39443   112.038   112.188  0.00743215   0.0356361
   23      64     41310     41246   112.066   112.688   0.0512704   0.0356455
   24      64     43108     43044   112.078   112.375  0.00836062    0.035607
   25      64     44907     44843   112.092   112.438   0.0126772   0.0356289
   26      64     46704     46640     112.1   112.312   0.0505106   0.0356289
   27      64     48482     48418   112.063   111.125   0.0913869   0.0356363
   28      64     50260     50196   112.029   111.125    0.048327   0.0356593
   29      64     52056     51992   112.036    112.25  0.00936382   0.0356304
   30      64     53855     53791   112.049   112.438   0.0299337   0.0356629
   31      64     55655     55591   112.063     112.5  0.00724261   0.0356408
   32      64     57452     57388   112.071   112.312   0.0584224   0.0356585
   33      64     59250     59186   112.079   112.375    0.013399   0.0356529
   34      64     61050     60986   112.091     112.5  0.00701868   0.0356484
   35      64     62849     62785   112.101   112.438   0.0117643   0.0356449
   36      64     64642     64578   112.099   112.062   0.0672877   0.0356504
   37      64     66410     66346   112.056     110.5   0.0176455   0.0356584
   38      64     68210     68146   112.067     112.5   0.0152029   0.0356529
   39      64     70009     69945   112.076   112.438   0.0698927   0.0356623
2026-07-08T18:01:20.605262+0800 min lat: 0.00409541 max lat: 0.176864 avg lat: 0.0356435
  sec Cur ops   started  finished  avg MB/s  cur MB/s last lat(s)  avg lat(s)
   40      63     71808     71745   112.086     112.5  0.00603441   0.0356435
   41      64     73606     73542   112.091   112.312   0.0929259   0.0356544
   42      64     75407     75343   112.102   112.562   0.0190744   0.0356531
   43      64     77203     77139   112.105    112.25   0.0830612   0.0356521
   44      64     78992     78928   112.098   111.812   0.0127281    0.035668
   45      64     80736     80672   112.029       109  0.00818528    0.035681
   46      64     82535     82471   112.038   112.438   0.0142702   0.0356762
   47      64     84333     84269   112.042   112.375   0.0230639   0.0356757
   48      64     86133     86069   112.051     112.5  0.00769763   0.0356581
   49      64     87933     87869    112.06     112.5    0.018782   0.0356615
   50      64     89731     89667   112.066   112.375  0.00876581   0.0356552
   51      64     91531     91467   112.074     112.5    0.048869   0.0356661
   52      63     93329     93266   112.081   112.438  0.00850726    0.035662
   53      64     95086     95022   112.036    109.75   0.0863792   0.0356709
   54      64     96846     96782   111.998       110     0.11126   0.0356809
   55      64     98645     98581   112.006   112.438   0.0138064   0.0356851
   56      64    100445    100381   112.015     112.5   0.0591302   0.0356863
   57      63    102243    102180   112.022   112.438   0.0554288   0.0356862
   58      64    104043    103979   112.029   112.438   0.0171818   0.0356803
   59      64    105842    105778   112.035   112.438  0.00778167   0.0356763
2026-07-08T18:01:40.609139+0800 min lat: 0.00409541 max lat: 0.176864 avg lat: 0.0356809
  sec Cur ops   started  finished  avg MB/s  cur MB/s last lat(s)  avg lat(s)
   60      64    107640    107576   112.041   112.375   0.0232515   0.0356809
   61      64    109439    109375   112.047   112.438  0.00973636    0.035675
   62      64    111233    111169   112.048   112.125   0.0501661   0.0356792
   63      64    113003    112939   112.025   110.625   0.0119596   0.0356855
   64      64    114803    114739   112.033     112.5   0.0468171    0.035682
   65      64    116593    116529    112.03   111.875   0.0117471   0.0356721
   66      64    118392    118328   112.036   112.438   0.0578421   0.0356841
   67      64    120191    120127   112.042   112.438   0.0260874    0.035677
   68      64    121989    121925   112.046   112.375   0.0276796   0.0356786
   69      64    123789    123725   112.053     112.5  0.00884978   0.0356758
   70      64    125586    125522   112.056   112.312   0.0128449   0.0356746
   71      64    127335    127271   112.017   109.312   0.0461853   0.0356886
   72      64    129108    129044       112   110.812     0.09817   0.0356897
   73      64    130907    130843   112.006   112.438   0.0096636   0.0356904
   74      64    132706    132642   112.012   112.438    0.113304   0.0356841
   75      64    134506    134442   112.018     112.5   0.0140979   0.0356872
   76      64    136304    136240   112.022   112.375   0.0168828   0.0356909
   77      64    138102    138038   112.027   112.375    0.017015   0.0356861
   78      64    139900    139836   112.031   112.375   0.0207952   0.0356826
   79      64    141700    141636   112.037     112.5   0.0138863   0.0356825
2026-07-08T18:02:00.611930+0800 min lat: 0.00409541 max lat: 0.176864 avg lat: 0.035697
  sec Cur ops   started  finished  avg MB/s  cur MB/s last lat(s)  avg lat(s)
   80      64    143441    143377   111.996   108.812   0.0198955    0.035697
   81      64    145241    145177   112.002     112.5    0.036153   0.0356908
   82      64    147039    146975   112.007   112.375  0.00629768   0.0356898
   83      64    148838    148774   112.012   112.438   0.0100129   0.0356945
   84      64    150636    150572   112.016   112.375   0.0731813   0.0356924
   85      64    152436    152372   112.021     112.5   0.0690236   0.0356906
   86      64    154235    154171   112.026   112.438   0.0485007   0.0356883
   87      64    156034    155970   112.031   112.438    0.023948   0.0356904
   88      64    157832    157768   112.034   112.375   0.0108687   0.0356774
   89      64    159615    159551   112.027   111.438    0.034997   0.0356919
   90      64    161415    161351   112.033     112.5   0.0228921   0.0356851
   91      64    163211    163147   112.035    112.25   0.0145776    0.035681
   92      64    165012    164948    112.04   112.562   0.0389148   0.0356854
   93      64    166810    166746   112.044   112.375    0.123395   0.0356773
   94      64    168610    168546   112.049     112.5  0.00615604   0.0356743
   95      64    170407    170343   112.051   112.312   0.0256047   0.0356791
   96      64    172202    172138   112.052   112.188   0.0263993    0.035686
   97      64    173936    173872   112.014   108.375  0.00831773   0.0356804
   98      64    175729    175665   112.015   112.062   0.0207475   0.0356929
   99      63    177528    177465   112.019     112.5  0.00673708    0.035687
2026-07-08T18:02:20.614462+0800 min lat: 0.00409541 max lat: 0.176864 avg lat: 0.0356847
  sec Cur ops   started  finished  avg MB/s  cur MB/s last lat(s)  avg lat(s)
  100      64    179327    179263   112.023   112.375    0.019952   0.0356847
  101      64    181126    181062   112.027   112.438  0.00704847   0.0356869
  102      64    182924    182860    112.03   112.375   0.0653802   0.0356902
  103      63    184722    184659   112.034   112.438   0.0752646   0.0356865
  104      64    186523    186459   112.038     112.5   0.0792622   0.0356865
  105      64    188317    188253   112.039   112.125   0.0111438   0.0356798
  106      64    190098    190034   112.032   111.312  0.00764102   0.0356913
  107      64    191876    191812   112.023   111.125  0.00738103   0.0356898
  108      64    193675    193611   112.027   112.438  0.00693039   0.0356873
  109      64    195473    195409    112.03   112.375   0.0100858   0.0356882
  110      64    197272    197208   112.034   112.438   0.0498747   0.0356852
  111      64    199071    199007   112.037   112.438    0.035494   0.0356899
  112      64    200868    200804   112.039   112.312   0.0882101   0.0356859
  113      64    202668    202604   112.043     112.5    0.091498   0.0356864
  114      64    204468    204404   112.047     112.5   0.0509351   0.0356817
  115      64    206232    206168   112.032    110.25  0.00869577   0.0356967
  116      64    208031    207967   112.035   112.438    0.107859   0.0356863
  117      64    209830    209766   112.038   112.438   0.0112657   0.0356855
  118      64    211628    211564   112.041   112.375  0.00915806    0.035682
  119      64    213426    213362   112.044   112.375  0.00616438   0.0356823
2026-07-08T18:02:40.617175+0800 min lat: 0.00409541 max lat: 0.184344 avg lat: 0.0356835
  sec Cur ops   started  finished  avg MB/s  cur MB/s last lat(s)  avg lat(s)
  120      32    215195    215163   112.048   112.562   0.0845009   0.0356835
Total time run:         120.038
Total writes made:      215195
Write size:             65536
Object size:            65536
Bandwidth (MB/sec):     112.045
Stddev Bandwidth:       0.863119
Max bandwidth (MB/sec): 112.688
Min bandwidth (MB/sec): 108.375
Average IOPS:           1792
Stddev IOPS:            13.8099
Max IOPS:               1803
Min IOPS:               1734
Average Latency(s):     0.0356889
Stddev Latency(s):      0.0320549
Max latency(s):         0.184344
Min latency(s):         0.00409541
[2026-07-08 18:03:16] -- write 1M r1 --
hints = 1
Maintaining 64 concurrent writes of 1048576 bytes to objects of size 1048576 for up to 120 seconds or 0 objects
Object prefix: benchmark_data_tikv-node_2019606
  sec Cur ops   started  finished  avg MB/s  cur MB/s last lat(s)  avg lat(s)
    0       0         0         0         0         0           -           0
    1      64       164       100   99.9836       100    0.606705    0.390933
    2      64       273       209   104.485       109    0.526597    0.502853
    3      64       380       316   105.317       107    0.955625    0.528148
    4      64       486       422   105.485       106    0.887519    0.537265
    5      64       592       528   105.586       106   0.0618047    0.544593
    6      64       701       637   106.153       109     1.56083     0.55604
    7      64       809       745   106.415       108    0.334369    0.557967
    8      64       917       853   106.612       108    0.133109     0.55838
    9      64      1025       961   106.765       108    0.644018    0.560847
   10      64      1133      1069   106.887       108    0.927446     0.56155
   11      64      1240      1176   106.896       107    0.267122    0.564884
   12      64      1346      1282   106.821       106     1.59662    0.571698
   13      64      1455      1391   106.987       109    0.866323    0.572857
   14      64      1562      1498   106.987       107    0.941554    0.575821
   15      64      1669      1605   106.987       107    0.710294    0.577182
   16      64      1776      1712   106.987       107     1.41143    0.577682
   17      64      1882      1818   106.928       106    0.957117    0.581445
   18      64      1987      1923    106.82       105   0.0846321    0.576966
   19      64      2097      2033   106.986       110   0.0822297    0.577614
2026-07-08T18:03:36.562913+0800 min lat: 0.0468529 max lat: 1.92451 avg lat: 0.581477
  sec Cur ops   started  finished  avg MB/s  cur MB/s last lat(s)  avg lat(s)
   20      64      2205      2141   107.036       108     0.24201    0.581477
   21      64      2313      2249   107.081       108    0.108938    0.583096
   22      64      2419      2355   107.031       106     1.20559    0.585087
   23      64      2527      2463   107.073       108     1.25669    0.586158
   24      64      2638      2574   107.236       111    0.370229    0.585319
   25      64      2746      2682   107.266       108    0.342995    0.581955
   26      64      2852      2788   107.217       106    0.186944    0.581394
   27      64      2960      2896   107.245       108    0.161339    0.582048
   28      64      3067      3003   107.236       107    0.433863    0.582956
   29      64      3174      3110   107.228       107   0.0770471    0.581778
   30      64      3284      3220   107.319       110    0.176367    0.580795
   31      64      3392      3328   107.341       108     2.18617    0.579566
   32      64      3498      3434   107.298       106   0.0506024    0.578684
   33      64      3604      3540   107.259       106     2.46814    0.578331
   34      64      3711      3647   107.251       107   0.0384572    0.580035
   35      64      3814      3750   107.129       103    0.287777      0.5804
   36      64      3919      3855   107.069       105   0.0533996     0.58124
   37      64      4025      3961    107.04       106    0.324642    0.582017
   38      64      4129      4065   106.959       104    0.465923    0.584473
   39      64      4235      4171   106.934       106   0.0638234    0.586227
2026-07-08T18:03:56.565675+0800 min lat: 0.0324713 max lat: 2.72128 avg lat: 0.586006
  sec Cur ops   started  finished  avg MB/s  cur MB/s last lat(s)  avg lat(s)
   40      64      4341      4277   106.911       106   0.0749269    0.586006
   41      64      4447      4383   106.888       106    0.270555    0.586296
   42      64      4557      4493   106.962       110     0.13285    0.588385
   43      64      4664      4600   106.962       107   0.0506372    0.587219
   44      64      4771      4707   106.963       107   0.0526237     0.58409
   45      64      4881      4817    107.03       110   0.0547293    0.585359
   46      64      4987      4923   107.007       106    0.138129    0.586288
   47      64      5094      5030   107.007       107    0.317547    0.586707
   48      64      5202      5138   107.027       108   0.0508036    0.586884
   49      64      5308      5244   107.006       106     2.09964    0.587083
   50      64      5417      5353   107.046       109   0.0555065    0.588367
   51      64      5525      5461   107.064       108     2.04829    0.587774
   52      64      5632      5568   107.063       107    0.237707    0.590233
   53      64      5741      5677   107.099       109    0.119917     0.59057
   54      64      5849      5785   107.115       108    0.262964    0.591241
   55      64      5960      5896   107.186       111    0.758585    0.591783
   56      64      6069      6005   107.218       109     0.17768    0.592041
   57      64      6175      6111   107.196       106   0.0692145    0.591921
   58      64      6287      6223   107.279       112    0.209839    0.591821
   59      64      6394      6330   107.274       107     1.44553    0.591486
2026-07-08T18:04:16.568332+0800 min lat: 0.0324713 max lat: 2.72128 avg lat: 0.591284
  sec Cur ops   started  finished  avg MB/s  cur MB/s last lat(s)  avg lat(s)
   60      64      6503      6439   107.302       109     0.68126    0.591284
   61      64      6612      6548    107.33       109     1.52715    0.590275
   62      64      6718      6654   107.308       106    0.776956    0.590305
   63      64      6826      6762   107.319       108     1.80268    0.590345
   64      64      6930      6866   107.267       104    0.166696     0.59019
   65      64      7041      6977   107.324       111    0.439611    0.589771
   66      64      7148      7084   107.319       107    0.690228    0.589987
   67      64      7256      7192   107.329       108   0.0558812    0.590876
   68      64      7363      7299   107.324       107    0.111919    0.590701
   69      64      7474      7410   107.377       111     0.53447    0.590083
   70      64      7582      7518   107.386       108     0.18502    0.591201
   71      64      7689      7625    107.38       107     1.51486    0.591189
   72      64      7795      7731   107.361       106    0.321487    0.591016
   73      64      7906      7842   107.411       111     0.53906    0.590784
   74      64      8014      7950   107.419       108    0.348323    0.590289
   75      64      8122      8058   107.426       108   0.0579617    0.588908
   76      64      8232      8168    107.46       110    0.100771     0.58849
   77      64      8337      8273   107.428       105    0.388448    0.589993
   78      64      8450      8386   107.499       113      1.8034    0.591202
   79      64      8560      8496   107.531       110    0.366626     0.59097
2026-07-08T18:04:36.570511+0800 min lat: 0.0324713 max lat: 2.72128 avg lat: 0.59055
  sec Cur ops   started  finished  avg MB/s  cur MB/s last lat(s)  avg lat(s)
   80      64      8672      8608   107.586       112      0.3074     0.59055
   81      64      8781      8717   107.604       109    0.128084    0.588325
   82      64      8888      8824   107.596       107     2.17121    0.588251
   83      64      8998      8934   107.625       110      2.2675    0.588638
   84      64      9104      9040   107.605       106     0.16651    0.588835
   85      64      9212      9148    107.61       108     0.15706    0.588002
   86      64      9318      9254   107.591       106    0.034822    0.588137
   87      64      9426      9362   107.595       108   0.0726553    0.589442
   88      64      9530      9466   107.555       104    0.104467    0.589437
   89      64      9639      9575   107.571       109      0.2128    0.590107
   90      64      9749      9685   107.597       110    0.202811    0.590109
   91      64      9856      9792   107.591       107    0.190804     0.59007
   92      63      9965      9902   107.617       110    0.200044    0.590426
   93      64     10073     10009    107.61       107    0.446444     0.59014
   94      64     10182     10118   107.625       109      1.9974    0.589663
   95      64     10289     10225   107.618       107    0.206139    0.589389
   96      64     10394     10330   107.591       105   0.0755422    0.588541
   97      64     10505     10441   107.626       111   0.0544237    0.589618
   98      64     10610     10546   107.599       105     1.95776     0.59026
   99      64     10718     10654   107.603       108    0.124325    0.589967
2026-07-08T18:04:56.572973+0800 min lat: 0.0324713 max lat: 2.72128 avg lat: 0.590181
  sec Cur ops   started  finished  avg MB/s  cur MB/s last lat(s)  avg lat(s)
  100      64     10824     10760   107.586       106    0.121422    0.590181
  101      64     10933     10869     107.6       109      2.0064    0.590457
  102      64     11041     10977   107.604       108   0.0509212    0.590773
  103      64     11149     11085   107.608       108    0.151391    0.591272
  104      64     11256     11192   107.602       107    0.421994    0.590925
  105      64     11370     11306   107.662       114      1.9889    0.590614
  106      64     11474     11410   107.628       104    0.082208    0.590315
  107      64     11581     11517   107.622       107    0.177528    0.589642
  108      64     11689     11625   107.625       108   0.0698727    0.589432
  109      64     11797     11733   107.628       108    0.276794    0.588924
  110      64     11905     11841   107.632       108     2.21625    0.589901
  111      64     12011     11947   107.617       106     1.90575    0.590439
  112      64     12117     12053   107.602       106    0.157986     0.58989
  113      64     12226     12162   107.614       109   0.0849431    0.590312
  114      64     12328     12264   107.565       102    0.143328    0.590348
  115      64     12437     12373   107.577       109     0.11282    0.590695
  116      64     12547     12483   107.598       110    0.169958    0.592007
  117      64     12655     12591   107.602       108     1.39228    0.592302
  118      64     12763     12699   107.605       108     1.20013    0.592311
  119      64     12869     12805   107.591       106     1.00402    0.592031
2026-07-08T18:05:16.575790+0800 min lat: 0.0324713 max lat: 2.72128 avg lat: 0.591735
  sec Cur ops   started  finished  avg MB/s  cur MB/s last lat(s)  avg lat(s)
  120      61     12976     12915   107.611       110    0.504379    0.591735
Total time run:         120.548
Total writes made:      12976
Write size:             1048576
Object size:            1048576
Bandwidth (MB/sec):     107.642
Stddev Bandwidth:       2.12256
Max bandwidth (MB/sec): 114
Min bandwidth (MB/sec): 100
Average IOPS:           107
Stddev IOPS:            2.12256
Max IOPS:               114
Min IOPS:               100
Average Latency(s):     0.593202
Stddev Latency(s):      0.697732
Max latency(s):         2.72128
Min latency(s):         0.0324713
[2026-07-08 18:05:25] -- write 1M r2 --
hints = 1
Maintaining 64 concurrent writes of 1048576 bytes to objects of size 1048576 for up to 120 seconds or 0 objects
Object prefix: benchmark_data_tikv-node_2030152
  sec Cur ops   started  finished  avg MB/s  cur MB/s last lat(s)  avg lat(s)
    0       0         0         0         0         0           -           0
    1      64       166       102   101.985       102    0.805828    0.396342
    2      64       275       211   105.486       109   0.0507572    0.461088
    3      64       379       315   104.986       104     1.44931     0.50104
    4      64       485       421   105.237       106   0.0757426    0.521818
    5      64       594       530   105.987       109   0.0475641    0.536218
    6      64       699       635    105.82       105     1.72919    0.544628
    7      64       808       744   106.273       109      1.6411    0.551629
    8      64       918       854   106.737       110    0.164285    0.553095
    9      64      1025       961   106.764       107    0.158661    0.547419
   10      64      1135      1071   107.086       110    0.126529    0.553393
   11      64      1244      1180   107.259       109    0.671455    0.560503
   12      64      1350      1286   107.153       106    0.228172    0.560542
   13      64      1460      1396   107.371       110     2.06532    0.561403
   14      64      1566      1502   107.272       106    0.109011    0.570092
   15      64      1673      1609   107.253       107    0.689121    0.568629
   16      64      1781      1717   107.299       108    0.211865    0.567982
   17      64      1888      1824   107.281       107    0.248803     0.56521
   18      64      1998      1934   107.431       110    0.183536    0.567592
   19      64      2105      2041   107.408       107    0.333511    0.571145
2026-07-08T18:05:46.347752+0800 min lat: 0.0363162 max lat: 2.44223 avg lat: 0.569364
  sec Cur ops   started  finished  avg MB/s  cur MB/s last lat(s)  avg lat(s)
   20      64      2213      2149   107.437       108    0.132169    0.569364
   21      64      2324      2260   107.606       111    0.344291    0.572732
   22      64      2429      2365   107.487       105   0.0742819     0.57498
   23      64      2539      2475   107.595       110    0.424465    0.575953
   24      64      2649      2585   107.695       110     1.87544    0.577828
   25      64      2759      2695   107.787       110    0.288385    0.575786
   26      64      2867      2803   107.794       108   0.0991691    0.576306
   27      64      2974      2910   107.764       107   0.0386474    0.574323
   28      64      3077      3013   107.594       103   0.0581798    0.575334
   29      64      3181      3117   107.469       104    0.041017    0.573664
   30      64      3291      3227   107.553       110     2.59804    0.573151
   31      64      3398      3334   107.535       107    0.120793    0.580089
   32      64      3506      3442   107.549       108    0.383491    0.579327
   33      64      3616      3552   107.622       110    0.211707    0.578501
   34      64      3724      3660   107.633       108     2.11366    0.579049
   35      64      3833      3769   107.672       109    0.131561    0.580276
   36      64      3939      3875   107.625       106    0.125452    0.583084
   37      64      4047      3983   107.635       108     1.98822    0.582663
   38      64      4157      4093   107.697       110   0.0743923    0.581272
   39      64      4267      4203   107.756       110    0.133446    0.580456
2026-07-08T18:06:06.350343+0800 min lat: 0.0323563 max lat: 2.6163 avg lat: 0.579308
  sec Cur ops   started  finished  avg MB/s  cur MB/s last lat(s)  avg lat(s)
   40      64      4376      4312   107.786       109     0.13752    0.579308
   41      64      4485      4421   107.816       109    0.263815    0.579136
   42      64      4592      4528   107.796       107   0.0529441    0.579311
   43      64      4695      4631   107.684       103   0.0532671    0.579164
   44      64      4802      4738   107.668       107     2.29554     0.58047
   45      64      4908      4844   107.631       106     0.18732    0.579242
   46      64      5019      4955   107.704       111   0.0534719    0.582155
   47      64      5122      5058   107.603       103     1.95414    0.583634
   48      64      5230      5166   107.611       108    0.110051    0.582775
   49      64      5336      5272   107.578       106    0.162722    0.582899
   50      64      5445      5381   107.606       109     2.47938    0.584489
   51      64      5553      5489   107.614       108     2.28044    0.585101
   52      64      5659      5595   107.582       106     0.11131     0.58552
   53      64      5768      5704   107.609       109    0.109033    0.585806
   54      64      5875      5811   107.597       107     1.98598    0.586064
   55      64      5981      5917   107.568       106    0.318763    0.585347
   56      64      6089      6025   107.576       108    0.125439    0.586017
   57      64      6198      6134     107.6       109     1.79667    0.586769
   58      64      6306      6242   107.607       108     2.08555    0.586959
   59      64      6413      6349   107.597       107   0.0743876    0.587273
2026-07-08T18:06:26.352865+0800 min lat: 0.0323563 max lat: 2.6163 avg lat: 0.586172
  sec Cur ops   started  finished  avg MB/s  cur MB/s last lat(s)  avg lat(s)
   60      64      6524      6460   107.653       111    0.402491    0.586172
   61      64      6635      6571   107.708       111    0.245873    0.586103
   62      64      6744      6680   107.728       109   0.0943406    0.587404
   63      64      6852      6788   107.732       108     1.91385    0.587733
   64      64      6961      6897   107.752       109     1.51856    0.588912
   65      64      7067      7003   107.725       106    0.194688    0.588688
   66      64      7176      7112   107.744       109   0.0772045    0.587928
   67      64      7286      7222   107.777       110     1.80474    0.587439
   68      64      7395      7331   107.795       109    0.655302    0.587844
   69      64      7503      7439   107.798       108    0.145269    0.587531
   70      64      7610      7546   107.786       107     1.91039    0.587028
   71      64      7716      7652   107.761       106     0.21479    0.586775
   72      64      7824      7760   107.764       108   0.0608948    0.586809
   73      64      7931      7867   107.753       107    0.381655    0.587867
   74      64      8037      7973   107.729       106   0.0635556    0.587891
   75      64      8143      8079   107.706       106      0.1907    0.588188
   76      64      8253      8189   107.736       110     2.02854    0.587994
   77      64      8361      8297   107.739       108    0.168458    0.587524
   78      64      8469      8405   107.743       108     1.99724    0.588034
   79      64      8577      8513   107.746       108     1.90092    0.588357
2026-07-08T18:06:46.355536+0800 min lat: 0.0323563 max lat: 2.6163 avg lat: 0.588728
  sec Cur ops   started  finished  avg MB/s  cur MB/s last lat(s)  avg lat(s)
   80      64      8685      8621   107.749       108    0.176221    0.588728
   81      64      8792      8728   107.739       107    0.202343    0.587759
   82      64      8900      8836   107.742       108    0.249821    0.587245
   83      64      9011      8947   107.781       111     2.13581    0.587431
   84      64      9117      9053    107.76       106     2.15535    0.586757
   85      64      9223      9159   107.739       106   0.0499344    0.587236
   86      64      9329      9265   107.719       106     2.34328    0.586679
   87      64      9434      9370   107.687       105   0.0954738    0.588372
   88      64      9544      9480   107.713       110    0.374736    0.589596
   89      64      9650      9586   107.694       106     1.62914    0.589958
   90      64      9757      9693   107.686       107    0.423538    0.589545
   91      64      9867      9803   107.711       110    0.326409    0.589366
   92      64      9975      9911   107.714       108    0.453292    0.589677
   93      64     10087     10023    107.76       112    0.298508    0.589858
   94      64     10196     10132   107.773       109     0.33806    0.588916
   95      64     10305     10241   107.786       109    0.105661     0.58896
   96      64     10412     10348   107.778       107     1.74787    0.588984
   97      64     10519     10455    107.77       107   0.0902803    0.588775
   98      64     10625     10561   107.751       106    0.167512    0.589348
   99      64     10731     10667   107.733       106   0.0505793    0.590371
2026-07-08T18:07:06.358292+0800 min lat: 0.0320371 max lat: 2.6163 avg lat: 0.590812
  sec Cur ops   started  finished  avg MB/s  cur MB/s last lat(s)  avg lat(s)
  100      64     10838     10774   107.726       107     1.47508    0.590812
  101      64     10947     10883   107.738       109    0.541217    0.590522
  102      64     11057     10993    107.76       110     1.83804    0.590143
  103      64     11166     11102   107.772       109    0.335956    0.589894
  104      64     11275     11211   107.784       109     1.93186     0.59005
  105      64     11384     11320   107.795       109   0.0670366    0.589465
  106      64     11492     11428   107.797       108     1.82008    0.590042
  107      64     11601     11537   107.808       109   0.0745604    0.589849
  108      64     11709     11645    107.81       108     1.58058     0.58999
  109      64     11818     11754   107.821       109   0.0917461    0.590236
  110      64     11927     11863   107.831       109    0.376349     0.59012
  111      64     12035     11971   107.833       108    0.508267    0.590073
  112      64     12144     12080   107.843       109      1.8154    0.589962
  113      64     12251     12187   107.836       107    0.206452    0.590312
  114      63     12357     12294   107.828       107    0.240084    0.590134
  115      64     12467     12403   107.838       109    0.112406    0.590228
  116      64     12575     12511   107.839       108    0.213349    0.590277
  117      64     12682     12618   107.832       107    0.158044    0.590147
  118      64     12789     12725   107.825       107     1.75112    0.590193
  119      64     12897     12833   107.826       108    0.128341    0.590016
2026-07-08T18:07:26.360921+0800 min lat: 0.0320371 max lat: 2.6163 avg lat: 0.589586
  sec Cur ops   started  finished  avg MB/s  cur MB/s last lat(s)  avg lat(s)
  120      64     13005     12941   107.828       108     1.83999    0.589586
Total time run:         120.609
Total writes made:      13005
Write size:             1048576
Object size:            1048576
Bandwidth (MB/sec):     107.828
Stddev Bandwidth:       1.85615
Max bandwidth (MB/sec): 112
Min bandwidth (MB/sec): 102
Average IOPS:           107
Stddev IOPS:            1.85615
Max IOPS:               112
Min IOPS:               102
Average Latency(s):     0.592014
Stddev Latency(s):      0.743422
Max latency(s):         2.6163
Min latency(s):         0.0320371
[2026-07-08 18:07:35] -- write 1M r3 --
hints = 1
Maintaining 64 concurrent writes of 1048576 bytes to objects of size 1048576 for up to 120 seconds or 0 objects
Object prefix: benchmark_data_tikv-node_2040663
  sec Cur ops   started  finished  avg MB/s  cur MB/s last lat(s)  avg lat(s)
    0       0         0         0         0         0           -           0
    1      64       168       104   103.985       104    0.265495    0.362644
    2      64       276       212   105.984       108    0.109339    0.424998
    3      64       384       320   106.651       108   0.0436671    0.465675
    4      64       488       424   105.985       104     1.62089    0.501885
    5      64       596       532   106.385       108     1.66379    0.526064
    6      64       700       636   105.985       104    0.814927    0.541931
    7      64       806       742   105.985       106   0.0619049    0.544276
    8      64       912       848   105.985       106    0.124929    0.540976
    9      64      1020       956   106.207       108   0.0393179    0.544705
   10      64      1125      1061   106.085       105    0.460474    0.553562
   11      64      1231      1167   106.076       106    0.414551    0.559957
   12      64      1337      1273   106.069       106   0.0741644     0.56603
   13      64      1440      1376   105.831       103   0.0738436    0.566247
   14      64      1548      1484   105.985       108    0.120567    0.573655
   15      64      1656      1592   106.119       108   0.0783867    0.576666
   16      64      1765      1701   106.298       109    0.352715    0.574656
   17      64      1872      1808   106.338       107    0.329066    0.576133
   18      64      1980      1916    106.43       108    0.091112    0.579328
   19      64      2087      2023   106.459       107    0.103933    0.581978
2026-07-08T18:07:55.985233+0800 min lat: 0.0327239 max lat: 2.23377 avg lat: 0.58324
  sec Cur ops   started  finished  avg MB/s  cur MB/s last lat(s)  avg lat(s)
   20      64      2193      2129   106.435       106    0.706995     0.58324
   21      64      2304      2240   106.652       111     1.52915    0.582168
   22      64      2413      2349   106.758       109    0.115823    0.582247
   23      64      2522      2458   106.855       109    0.153755    0.584553
   24      64      2629      2565    106.86       107   0.0641433     0.58579
   25      64      2736      2672   106.865       107    0.318113    0.584651
   26      64      2844      2780   106.908       108    0.141909    0.581014
   27      64      2951      2887   106.911       107    0.396779    0.580894
   28      64      3057      2993   106.878       106   0.0602014    0.582159
   29      64      3163      3099   106.847       106    0.599702    0.580778
   30      64      3271      3207   106.885       108    0.087179    0.582795
   31      64      3377      3313   106.856       106    0.130842    0.581544
   32      64      3484      3420    106.86       107     2.51884    0.581456
   33      64      3592      3528   106.894       108   0.0418175    0.580844
   34      64      3697      3633   106.838       105   0.0617764    0.580232
   35      64      3804      3740   106.842       107     2.44917     0.58417
   36      64      3910      3846   106.818       106     2.16024    0.583763
   37      64      4014      3950   106.742       104   0.0877804     0.58389
   38      64      4121      4057   106.748       107    0.202793    0.585102
   39      64      4232      4168   106.857       111     0.45826    0.586904
2026-07-08T18:08:15.988089+0800 min lat: 0.0327239 max lat: 2.58846 avg lat: 0.588449
  sec Cur ops   started  finished  avg MB/s  cur MB/s last lat(s)  avg lat(s)
   40      64      4340      4276   106.885       108   0.0617977    0.588449
   41      64      4448      4384   106.912       108    0.155428    0.588562
   42      64      4554      4490    106.89       106    0.111278    0.588637
   43      64      4666      4602   107.008       112    0.105614    0.588267
   44      64      4774      4710    107.03       108    0.385922    0.588784
   45      64      4883      4819   107.074       109    0.344312    0.589493
   46      64      4995      4931    107.18       112    0.299128    0.588386
   47      64      5101      5037   107.155       106    0.313552    0.587532
   48      64      5210      5146   107.193       109    0.230105    0.586892
   49      64      5318      5254   107.209       108    0.589911    0.587071
   50      64      5426      5362   107.225       108    0.224196    0.587964
   51      64      5531      5467   107.181       105    0.560843    0.587951
   52      64      5640      5576   107.216       109     2.06477     0.58822
   53      64      5748      5684    107.23       108   0.0972589    0.587796
   54      64      5857      5793   107.263       109    0.204955    0.587717
   55      64      5966      5902   107.294       109   0.0957124     0.58762
   56      64      6075      6011   107.324       109     2.10264     0.58816
   57      64      6180      6116   107.283       105    0.128123    0.589335
   58      64      6288      6224   107.295       108    0.543085    0.591045
   59      64      6395      6331    107.29       107    0.659564    0.591203
2026-07-08T18:08:35.990918+0800 min lat: 0.0327239 max lat: 2.58846 avg lat: 0.590258
  sec Cur ops   started  finished  avg MB/s  cur MB/s last lat(s)  avg lat(s)
   60      64      6503      6439   107.302       108     1.48443    0.590258
   61      64      6613      6549   107.345       110    0.121044    0.589815
   62      64      6721      6657   107.356       108    0.185664    0.590631
   63      64      6829      6765   107.366       108     0.44573    0.591373
   64      64      6939      6875   107.407       110   0.0625325    0.591202
   65      64      7048      6984   107.431       109    0.301641    0.590454
   66      63      7156      7093   107.455       109    0.106115    0.589865
   67      64      7264      7200   107.447       107    0.248261    0.588201
   68      64      7371      7307   107.441       107    0.185626    0.588158
   69      64      7478      7414   107.434       107     2.39528    0.587145
   70      64      7587      7523   107.456       109   0.0705798    0.586426
   71      64      7693      7629   107.436       106   0.0937285    0.587169
   72      64      7800      7736   107.429       107    0.122784    0.587709
   73      64      7905      7841   107.396       105   0.0512092    0.587697
   74      64      8014      7950   107.417       109    0.204244    0.587138
   75      64      8119      8055   107.385       105    0.102779    0.587934
   76      63      8228      8165   107.419       110   0.0705118    0.588102
   77      64      8334      8270   107.388       105    0.110246    0.588765
   78      64      8441      8377   107.382       107    0.051975    0.589459
   79      64      8546      8482   107.352       105     2.05603     0.58832
2026-07-08T18:08:55.993593+0800 min lat: 0.0327239 max lat: 2.69268 avg lat: 0.588856
  sec Cur ops   started  finished  avg MB/s  cur MB/s last lat(s)  avg lat(s)
   80      64      8650      8586    107.31       104   0.0608276    0.588856
   81      64      8759      8695   107.331       109    0.244951     0.58783
   82      64      8865      8801   107.314       106    0.124615    0.587948
   83      64      8971      8907   107.298       106     2.27144    0.590261
   84      64      9081      9017    107.33       110    0.411157    0.590607
   85      64      9189      9125   107.338       108    0.327839    0.591228
   86      64      9297      9233   107.346       108    0.138568    0.591874
   87      64      9405      9341   107.353       108   0.0748705    0.591695
   88      64      9511      9447   107.337       106   0.0638103     0.59112
   89      64      9619      9555   107.345       108    0.066817    0.591245
   90      64      9728      9664   107.363       109     1.95646    0.590847
   91      64      9833      9769   107.337       105   0.0649214    0.590926
   92      64      9942      9878   107.355       109    0.440475    0.590939
   93      64     10049      9985   107.351       107    0.212921    0.590429
   94      63     10156     10093   107.357       108   0.0411694    0.590593
   95      64     10263     10199   107.343       106    0.205158    0.591383
   96      64     10365     10301   107.287       102     2.13424    0.591583
   97      64     10475     10411   107.315       110    0.203983     0.59125
   98      64     10583     10519   107.322       108    0.111182      0.5913
   99      64     10690     10626   107.319       107   0.0746116    0.591126
2026-07-08T18:09:15.996217+0800 min lat: 0.0327239 max lat: 2.80817 avg lat: 0.5916
  sec Cur ops   started  finished  avg MB/s  cur MB/s last lat(s)  avg lat(s)
  100      64     10800     10736   107.345       110     2.24672      0.5916
  101      64     10909     10845   107.361       109    0.127641    0.591707
  102      64     11017     10953   107.368       108    0.282588     0.59175
  103      64     11125     11061   107.374       108     0.11789    0.591533
  104      64     11234     11170   107.389       109   0.0639924    0.590686
  105      64     11339     11275   107.366       105   0.0774246    0.591494
  106      64     11447     11383   107.372       108     1.92235    0.592385
  107      64     11554     11490   107.368       107   0.0755351    0.592048
  108      64     11661     11597   107.365       107   0.0677903     0.59205
  109      63     11766     11703   107.352       106     0.57822    0.591458
  110      64     11874     11810   107.349       107    0.062626     0.59133
  111      64     11979     11915   107.328       105   0.0320184    0.591717
  112      64     12082     12018   107.289       103   0.0377143    0.592312
  113      64     12191     12127   107.304       109     1.66237    0.592393
  114      64     12297     12233   107.292       106    0.755883    0.592175
  115      64     12401     12337   107.264       104   0.0531936    0.592695
  116      64     12511     12447   107.287       110    0.119538    0.593049
  117      64     12616     12552   107.267       105    0.181874    0.592219
  118      64     12724     12660   107.273       108    0.773404    0.592282
  119      64     12826     12762   107.229       102   0.0562629    0.593012
2026-07-08T18:09:35.998897+0800 min lat: 0.0320184 max lat: 2.80817 avg lat: 0.592742
  sec Cur ops   started  finished  avg MB/s  cur MB/s last lat(s)  avg lat(s)
  120      64     12932     12868   107.219       106    0.557409    0.592742
Total time run:         120.582
Total writes made:      12932
Write size:             1048576
Object size:            1048576
Bandwidth (MB/sec):     107.246
Stddev Bandwidth:       1.93913
Max bandwidth (MB/sec): 112
Min bandwidth (MB/sec): 102
Average IOPS:           107
Stddev IOPS:            1.93913
Max IOPS:               112
Min IOPS:               102
Average Latency(s):     0.595291
Stddev Latency(s):      0.756176
Max latency(s):         2.80817
Min latency(s):         0.0320184
[2026-07-08 18:09:45] -- write 4M r1 --
hints = 1
Maintaining 64 concurrent writes of 4194304 bytes to objects of size 4194304 for up to 120 seconds or 0 objects
Object prefix: benchmark_data_tikv-node_2051199
  sec Cur ops   started  finished  avg MB/s  cur MB/s last lat(s)  avg lat(s)
    0       0         0         0         0         0           -           0
    1      47        47         0         0         0           -           0
    2      63        73        10   19.9978        20     1.97883     1.84837
    3      63        97        34   45.3277        96     2.48772     2.22171
    4      63       123        60   59.9923       104     2.39369     2.34284
    5      63       150        87   69.5909       108     2.47031     2.39086
    6      63       175       112   74.6566       100      2.4245     2.40923
    7      63       201       138   78.8464       104     2.46799     2.41933
    8      63       225       162   80.9888        96     2.48918     2.43436
    9      63       252       189   83.9886       108     2.47408     2.44756
   10      63       277       214   85.5884       100     2.40082     2.45599
   11      63       304       241   87.6245       108     2.48243     2.45962
   12      63       328       265   88.3217        96     2.40923     2.46099
   13      63       355       292   89.8341       108     2.44033     2.46315
   14      63       378       315   89.9878        92     2.49779     2.46832
   15      63       404       341    90.921       104     2.49244     2.47214
   16      63       430       367   91.7375       104     2.52284     2.47605
   17      63       455       392   92.2228       100       2.486     2.47629
   18      63       479       416   92.4318        96     2.44469     2.47823
   19      63       507       444   93.4608       112     2.51562      2.4806
2026-07-08T18:10:05.996140+0800 min lat: 1.6938 max lat: 2.64589 avg lat: 2.48195
  sec Cur ops   started  finished  avg MB/s  cur MB/s last lat(s)  avg lat(s)
   20      63       533       470   93.9871       104     2.51649     2.48195
   21      63       559       496   94.4631       104     2.53246     2.48239
   22      63       584       521   94.7142       100     2.48571     2.48327
   23      63       611       548   95.2911       108     2.46481     2.48332
   24      63       634       571   95.1534        92     2.43319     2.48288
   25      63       661       598   95.6666       108     2.46473     2.48173
   26      63       686       623   95.8328       100     2.53143     2.48243
   27      63       713       650    96.283       108     2.45741     2.48303
   28      63       738       675   96.4152       100     2.31389     2.48119
   29      63       766       703    96.952       112     2.02466     2.46786
   30      63       789       726   96.7865        92     2.09998     2.46871
   31      63       814       751   96.8896       100      2.2413     2.47935
   32      63       840       777   97.1113       104     2.34891      2.4786
   33      63       866       803   97.3196       104     2.45899     2.48702
   34      63       892       829   97.5157       104     2.49879     2.48801
   35      63       919       856   97.8148       108      2.3393     2.48841
   36      63       944       881   97.8751       100     2.45332     2.48805
   37      63       970       907   98.0402       104       2.425     2.48699
   38      63       996       933   98.1967       104      2.3994     2.48565
   39      63      1021       958   98.2425       100     2.28848     2.48401
2026-07-08T18:10:25.999040+0800 min lat: 1.6938 max lat: 4.66097 avg lat: 2.47524
  sec Cur ops   started  finished  avg MB/s  cur MB/s last lat(s)  avg lat(s)
   40      63      1047       984   98.3861       104     1.98342     2.47524
   41      63      1073      1010   98.5225       104     2.03197     2.47029
   42      63      1100      1037   98.7479       108     2.08929      2.4781
   43      63      1125      1062   98.7768       100     2.01245     2.47194
   44      63      1150      1087   98.8043       100     2.11722     2.47636
   45      63      1177      1114   99.0083       108     1.95485     2.47593
   46      63      1201      1138   98.9426        96     4.20612     2.47352
   47      63      1229      1166   99.2201       112       2.287     2.47761
   48      63      1255      1192   99.3194       104     2.35798     2.47981
   49      63      1282      1219   99.4962       108     2.38699     2.48193
   50      63      1306      1243   99.4261        96     2.42858     2.48125
   51      63      1332      1269   99.5155       104     2.35231     2.47998
   52      63      1358      1295   99.6015       104     2.42421     2.47849
   53      63      1384      1321   99.6842       104     2.51287     2.48122
   54      63      1410      1347   99.7638       104      2.1168     2.47753
   55      63      1436      1373   99.8407       104     4.11391     2.47012
   56      63      1460      1397   99.7718        96      1.7631     2.47383
   57      63      1486      1423   99.8457       104     2.00764     2.47722
   58      63      1512      1449   99.9171       104      1.8354     2.47771
   59      63      1536      1473   99.8505        96     2.05138     2.47759
2026-07-08T18:10:46.001766+0800 min lat: 1.6938 max lat: 4.91766 avg lat: 2.47931
  sec Cur ops   started  finished  avg MB/s  cur MB/s last lat(s)  avg lat(s)
   60      63      1563      1500    99.986       108     2.12236     2.47931
   61      63      1588      1525    99.986       100     1.84127     2.47671
   62      63      1614      1551   100.051       104     2.02595       2.476
   63      63      1640      1577   100.113       104     2.06464      2.4781
   64      63      1666      1603   100.173       104     2.18732     2.47837
   65      63      1691      1628   100.171       100     2.41436     2.47965
   66      63      1718      1655   100.289       108      2.4186     2.48413
   67      63      1743      1680   100.284       100     2.49481      2.4846
   68      63      1768      1705    100.28       100     2.51194     2.48453
   69      63      1795      1732   100.392       108     2.52418     2.48474
   70      63      1818      1755   100.272        92     2.61919      2.4852
   71      63      1847      1784   100.493       116     2.46469     2.48535
   72      63      1870      1807   100.375        92      2.4922     2.48495
   73      63      1897      1834   100.479       108     2.45097     2.48442
   74      63      1923      1860   100.527       104     2.21272     2.48235
   75      63      1950      1887   100.626       108     1.94222     2.47594
   76      63      1976      1913    100.67       104      4.1763     2.47893
   77      63      2002      1939   100.713       104     2.12365      2.4805
   78      63      2028      1965   100.755       104     1.98056     2.47893
   79      63      2053      1990   100.746       100      4.0502     2.47794
2026-07-08T18:11:06.004414+0800 min lat: 1.6938 max lat: 4.91766 avg lat: 2.47801
  sec Cur ops   started  finished  avg MB/s  cur MB/s last lat(s)  avg lat(s)
   80      63      2079      2016   100.786       104     2.03802     2.47801
   81      63      2105      2042   100.826       104     2.16226     2.48028
   82      63      2132      2069   100.913       108     2.05166      2.4796
   83      63      2156      2093   100.854        96     4.18909     2.48009
   84      63      2182      2119   100.891       104     4.02992     2.47916
   85      63      2210      2147   101.021       112      1.9014     2.47681
   86      63      2232      2169    100.87        88     3.89817      2.4771
   87      63      2260      2197   100.997       112     1.95737     2.47867
   88      63      2287      2224   101.077       108      1.9519     2.47814
   89      63      2312      2249   101.065       100     2.05277     2.47906
   90      63      2338      2275   101.097       104     1.99182      2.4787
   91      63      2362      2299   101.041        96     2.02311     2.47827
   92      63      2390      2327    101.16       112      3.9605     2.47981
   93      63      2416      2353    101.19       104     1.90599     2.47806
   94      63      2440      2377   101.135        96     4.05092     2.47855
   95      63      2467      2404   101.207       108     2.33973      2.4813
   96      63      2489      2426   101.069        88     2.34096     2.48217
   97      63      2518      2455   101.223       116     2.32054     2.48237
   98      63      2542      2479    101.17        96     2.45103     2.48309
   99      63      2570      2507   101.279       112     2.46187     2.48276
2026-07-08T18:11:26.007248+0800 min lat: 1.6938 max lat: 4.91766 avg lat: 2.48224
  sec Cur ops   started  finished  avg MB/s  cur MB/s last lat(s)  avg lat(s)
  100      63      2595      2532   101.266       100     2.31464     2.48224
  101      63      2622      2559   101.332       108     2.26238     2.47996
  102      63      2648      2585   101.358       104     2.32655     2.47902
  103      63      2671      2608   101.267        92     2.53933     2.48222
  104      63      2698      2635   101.332       108     2.44052     2.48239
  105      63      2726      2663   101.434       112     2.42442     2.48242
  106      63      2751      2688    101.42       100     2.39139     2.48217
  107      63      2776      2713   101.406       100     2.50086     2.48183
  108      63      2802      2739    101.43       104     2.54096     2.48158
  109      63      2830      2767   101.527       112     2.41747     2.48101
  110      63      2856      2793    101.55       104     2.39893     2.48083
  111      63      2881      2818   101.535       100     2.40578     2.48067
  112      63      2906      2843   101.522       100     2.47173     2.48073
  113      63      2931      2868   101.508       100     2.53704     2.48086
  114      63      2959      2896     101.6       112     2.42686     2.48096
  115      63      2983      2920   101.551        96     2.51598     2.48096
  116      63      3010      2947   101.607       108     2.45105     2.48082
  117      63      3036      2973   101.627       104     2.48125     2.48097
  118      63      3062      2999   101.647       104     2.29857     2.48053
  119      63      3089      3026     101.7       108     2.13276     2.47853
2026-07-08T18:11:46.010068+0800 min lat: 1.6938 max lat: 4.91766 avg lat: 2.47796
  sec Cur ops   started  finished  avg MB/s  cur MB/s last lat(s)  avg lat(s)
  120      63      3112      3049   101.619        92     2.08118     2.47796
Total time run:         120.949
Total writes made:      3113
Write size:             4194304
Object size:            4194304
Bandwidth (MB/sec):     102.953
Stddev Bandwidth:       13.3215
Max bandwidth (MB/sec): 116
Min bandwidth (MB/sec): 0
Average IOPS:           25
Stddev IOPS:            3.33036
Max IOPS:               29
Min IOPS:               0
Average Latency(s):     2.46001
Stddev Latency(s):      0.574704
Max latency(s):         4.91766
Min latency(s):         0.243103
[2026-07-08 18:11:54] -- write 4M r2 --
hints = 1
Maintaining 64 concurrent writes of 4194304 bytes to objects of size 4194304 for up to 120 seconds or 0 objects
Object prefix: benchmark_data_tikv-node_2061679
  sec Cur ops   started  finished  avg MB/s  cur MB/s last lat(s)  avg lat(s)
    0       0         0         0         0         0           -           0
    1      46        46         0         0         0           -           0
    2      63        71         8   15.9983        16     1.94148      1.8157
    3      63        97        34   45.3284       104     2.39338      2.2416
    4      63       122        59    58.993       100     2.33235     2.32901
    5      63       148        85   67.9916       104     1.91101      2.2892
    6      63       173       110    73.324       100      1.7881     2.29434
    7      63       197       134   76.5614        96     1.99644     2.37499
    8      63       222       159   79.4894       100     2.10922     2.41978
    9      63       248       185   82.2112       104     3.99034      2.4278
   10      63       271       208   83.1888        92     4.13371     2.43386
   11      63       297       234   85.0794       104     3.96934     2.49063
   12      63       322       259   86.3218       100     3.95799     2.47226
   13      63       348       285   87.6806       104     4.04798     2.48443
   14      63       374       311   88.8451       104      2.1697     2.49175
   15      63       400       337   89.8544       104      2.1924     2.48791
   16      63       425       362   90.4876       100     2.06701     2.48682
   17      63       452       389    91.517       108     1.99936      2.4774
   18      63       478       415   92.2095       104     4.18015     2.47701
   19      63       504       441   92.8293       104     4.30755     2.49184
2026-07-08T18:12:14.730712+0800 min lat: 1.72925 max lat: 4.55216 avg lat: 2.50172
  sec Cur ops   started  finished  avg MB/s  cur MB/s last lat(s)  avg lat(s)
   20      63       528       465   92.9872        96     2.49243     2.50172
   21      63       552       489   93.1299        96     2.48104     2.50208
   22      63       579       516   93.8053       108     2.49567      2.5039
   23      63       606       543   94.4217       108     2.41785     2.50485
   24      63       630       567    94.487        96     2.48416     2.50343
   25      63       657       594   95.0271       108     2.43313     2.50152
   26      63       684       621   95.5255       108     2.37615     2.50045
   27      63       708       645   95.5426        96     2.44892     2.49764
   28      63       733       670   95.7013       100     2.23609     2.49207
   29      63       760       697   96.1248       108     2.05335     2.48641
   30      63       786       723   96.3868       104     1.91626     2.48286
   31      63       812       749   96.6318       104     1.83021     2.48081
   32      63       839       776   96.9865       108     2.03721     2.48437
   33      63       863       800   96.9562        96     4.02213      2.4816
   34      63       890       827   97.2805       108     2.16008     2.48605
   35      63       917       854   97.5863       108     2.15107     2.48105
   36      63       942       879    97.653       100     2.28374     2.48253
   37      63       968       905   97.8242       104     2.52199     2.49108
   38      63       994       931   97.9864       104     2.44715      2.4906
   39      63      1019       956   98.0377       100     2.47652     2.49024
2026-07-08T18:12:34.733467+0800 min lat: 1.72925 max lat: 4.60999 avg lat: 2.49
  sec Cur ops   started  finished  avg MB/s  cur MB/s last lat(s)  avg lat(s)
   40      63      1045       982   98.1865       104     2.47487        2.49
   41      63      1070      1007   98.2302       100     2.44182     2.49017
   42      63      1097      1034   98.4625       108     2.45898     2.48957
   43      63      1123      1060   98.5909       104     2.43944     2.48828
   44      63      1150      1087   98.8044       108     2.45421      2.4875
   45      63      1177      1114   99.0084       108     2.39551     2.48662
   46      63      1202      1139   99.0297       100     2.39087     2.48511
   47      63      1228      1165   99.1351       104      2.4248     2.48427
   48      63      1255      1192   99.3194       108     2.45225     2.48412
   49      63      1280      1217    99.333       100     2.26482     2.48032
   50      63      1305      1242   99.3461       100     2.06991     2.47488
   51      63      1331      1268   99.4371       104     2.06286     2.47577
   52      63      1355      1292   99.3708        96     4.10861     2.47852
   53      63      1382      1319   99.5332       108     4.14135     2.47798
   54      63      1409      1346   99.6897       108     4.05622      2.4787
   55      63      1436      1373   99.8406       108     4.18736      2.4769
   56      63      1461      1398   99.8432       100      2.0493     2.47631
   57      63      1486      1423   99.8456       100     1.84445      2.4719
   58      63      1512      1449    99.917       104     1.88757     2.47551
   59      63      1537      1474   99.9182       100     4.02812     2.47584
2026-07-08T18:12:54.736353+0800 min lat: 1.72925 max lat: 4.60999 avg lat: 2.47882
  sec Cur ops   started  finished  avg MB/s  cur MB/s last lat(s)  avg lat(s)
   60      63      1564      1501   100.053       108     4.27475     2.47882
   61      63      1590      1527   100.117       104     2.38086      2.4814
   62      63      1618      1555   100.309       112     2.41491     2.48162
   63      63      1642      1579    100.24        96     2.42642     2.48059
   64      63      1668      1605   100.298       104     2.44097      2.4799
   65      63      1695      1632   100.417       108     2.36559     2.47848
   66      63      1721      1658   100.471       104     2.21336      2.4756
   67      63      1743      1680   100.284        88     2.12457     2.47506
   68      63      1772      1709   100.515       116     1.86986     2.47068
   69      63      1798      1735   100.566       104     1.95412     2.47489
   70      63      1823      1760   100.557       100     2.05875     2.47346
   71      63      1846      1783   100.437        92     2.25826     2.47862
   72      63      1874      1811   100.597       112      1.9021     2.47417
   73      63      1900      1837   100.643       104     1.90625     2.47467
   74      63      1924      1861    100.58        96     2.09808     2.47798
   75      63      1949      1886   100.573       100     1.95539     2.47775
   76      63      1975      1912   100.617       104       3.914      2.4775
   77      63      2000      1937   100.609       100     1.89997     2.47819
   78      63      2026      1963   100.653       104     3.89081     2.47983
   79      63      2053      1990   100.745       108     3.95278     2.48274
2026-07-08T18:13:14.739176+0800 min lat: 1.72925 max lat: 4.60999 avg lat: 2.47854
  sec Cur ops   started  finished  avg MB/s  cur MB/s last lat(s)  avg lat(s)
   80      63      2079      2016   100.786       104     1.74257     2.47854
   81      63      2104      2041   100.776       100     3.98151     2.47878
   82      63      2130      2067   100.815       104     2.00299     2.48106
   83      63      2153      2090   100.709        92     1.96749     2.47806
   84      63      2178      2115     100.7       100     2.02368     2.48143
   85      63      2206      2143   100.833       112     2.06409      2.4818
   86      63      2232      2169    100.87       104     2.16146     2.48226
   87      63      2258      2195   100.905       104      2.0219     2.48227
   88      63      2283      2220   100.895       100     4.04711     2.47954
   89      63      2307      2244    100.84        96      1.9918     2.48103
   90      63      2334      2271   100.919       108     2.09262     2.48362
   91      63      2358      2295   100.865        96     4.12412     2.48216
   92      63      2382      2319   100.812        96     1.91475     2.48297
   93      63      2411      2348   100.975       116     3.89941     2.48274
   94      63      2434      2371   100.879        92     2.01199     2.48201
   95      63      2461      2398   100.954       108     2.14554     2.48216
   96      63      2489      2426   101.069       112     1.91993     2.48337
   97      63      2515      2452   101.099       104     1.87874     2.48026
   98      63      2539      2476   101.047        96     4.13144     2.48209
   99      63      2568      2505   101.198       116     3.93395     2.48122
2026-07-08T18:13:34.741830+0800 min lat: 1.72925 max lat: 4.60999 avg lat: 2.48199
  sec Cur ops   started  finished  avg MB/s  cur MB/s last lat(s)  avg lat(s)
  100      63      2593      2530   101.186       100     2.13755     2.48199
  101      63      2620      2557   101.253       108     2.13449     2.48173
  102      63      2646      2583    101.28       104     2.23814     2.48159
  103      63      2671      2608   101.268       100     2.39855     2.48388
  104      63      2695      2632   101.217        96      2.0225     2.48192
  105      63      2723      2660   101.319       112     1.85512     2.47793
  106      63      2750      2687   101.382       108     2.14194     2.47909
  107      63      2776      2713   101.407       104        2.41     2.48178
  108      63      2802      2739    101.43       104     2.43971     2.48243
  109      63      2826      2763   101.381        96       2.457     2.48245
  110      63      2852      2789   101.404       104     2.52666      2.4825
  111      63      2880      2817     101.5       112     2.38145     2.48253
  112      63      2903      2840   101.415        92       2.418      2.4824
  113      63      2932      2869   101.544       116      2.4173     2.48193
  114      63      2957      2894    101.53       100     2.41701      2.4819
  115      63      2981      2918   101.482        96     2.57068     2.48196
  116      63      3005      2942   101.434        96     2.62288     2.48235
  117      63      3033      2970   101.525       112     2.51543     2.48247
  118      63      3060      2997   101.579       108     2.50317     2.48243
  119      63      3086      3023     101.6       104     2.47429     2.48219
2026-07-08T18:13:54.744354+0800 min lat: 0.476896 max lat: 4.60999 avg lat: 2.47135
  sec Cur ops   started  finished  avg MB/s  cur MB/s last lat(s)  avg lat(s)
  120      25      3111      3086   102.853       252    0.476896     2.47135
Total time run:         120.902
Total writes made:      3111
Write size:             4194304
Object size:            4194304
Bandwidth (MB/sec):     102.926
Stddev Bandwidth:       19.2567
Max bandwidth (MB/sec): 252
Min bandwidth (MB/sec): 0
Average IOPS:           25
Stddev IOPS:            4.81417
Max IOPS:               63
Min IOPS:               0
Average Latency(s):     2.46111
Stddev Latency(s):      0.695642
Max latency(s):         4.60999
Min latency(s):         0.358266
[2026-07-08 18:14:02] -- write 4M r3 --
hints = 1
Maintaining 64 concurrent writes of 4194304 bytes to objects of size 4194304 for up to 120 seconds or 0 objects
Object prefix: benchmark_data_tikv-node_2072082
  sec Cur ops   started  finished  avg MB/s  cur MB/s last lat(s)  avg lat(s)
    0       0         0         0         0         0           -           0
    1      46        46         0         0         0           -           0
    2      63        72         9    17.997        18     1.97236     1.82649
    3      63        99        36   47.9923       108     2.46467      2.2483
    4      63       125        62   61.9902       104     2.37144     2.33935
    5      63       150        87   69.5894       100      2.4505     2.37479
    6      63       176       113   75.3226       104     2.44744     2.40022
    7      63       201       138   78.8455       100     2.26296     2.39477
    8      63       229       166   82.9877       112     2.21526     2.37396
    9      63       253       190    84.432        96     2.38384     2.41627
   10      63       281       218   87.1875       112     2.38035     2.42975
   11      63       303       240   87.2604        88     2.14678     2.43148
   12      63       330       267   88.9874       108     1.93278     2.39626
   13      63       355       292   89.8333       100     2.11622     2.39213
   14      63       382       319   91.1298       108     2.34119     2.42562
   15      63       408       345   91.9867       104      2.4565     2.44877
   16      63       433       370   92.4866       100     2.53508      2.4528
   17      63       458       395    92.928       100     2.48671     2.45745
   18      63       486       423   93.9867       112     2.49725     2.46093
   19      63       510       447   94.0919        96     2.48716     2.46415
2026-07-08T18:14:23.286887+0800 min lat: 1.65973 max lat: 4.76729 avg lat: 2.46647
  sec Cur ops   started  finished  avg MB/s  cur MB/s last lat(s)  avg lat(s)
   20      63       534       471   94.1867        96     2.49968     2.46647
   21      63       562       499   95.0341       112     2.51674     2.46972
   22      63       587       524   95.2593       100     2.44677      2.4691
   23      63       614       551   95.8127       108     2.41887     2.46963
   24      63       639       576   95.9865       100     2.45427     2.46992
   25      63       666       603   96.4665       108     2.44322     2.47036
   26      63       690       627   96.4482        96     2.49452     2.47174
   27      63       716       653   96.7274       104     2.43848     2.47245
   28      63       742       679   96.9868       104     2.47648     2.47235
   29      63       767       704   97.0904       100     2.39782     2.47103
   30      63       794       731   97.4536       108     2.47905     2.47044
   31      63       820       757   97.6644       104     2.46219     2.47057
   32      63       846       783    97.862       104     2.47724     2.47145
   33      63       870       807   97.8053        96     2.41043     2.47188
   34      63       896       833   97.9871       104     2.55959     2.47335
   35      63       923       860   98.2727       108     2.50195      2.4737
   36      63       948       885   98.3201       100     2.35624     2.47333
   37      63       976       913   98.6895       112      2.3969     2.47256
   38      63      1000       937   98.6184        96     2.41387     2.47134
   39      63      1028       965   98.9611       112     2.30559     2.47073
2026-07-08T18:14:43.289416+0800 min lat: 1.65973 max lat: 4.76729 avg lat: 2.47022
  sec Cur ops   started  finished  avg MB/s  cur MB/s last lat(s)  avg lat(s)
   40      63      1052       989   98.8867        96     2.36535     2.47022
   41      63      1079      1016   99.1086       108     2.43851     2.46905
   42      63      1105      1042   99.2248       104     1.96083     2.46059
   43      63      1132      1069   99.4286       108     4.16549      2.4604
   44      63      1156      1093   99.3504        96     2.05802     2.46365
   45      63      1183      1120   99.5424       108     2.12167     2.46536
   46      63      1209      1146    99.639       104     4.03456     2.46505
   47      63      1232      1169   99.4762        92     1.99726     2.46238
   48      63      1257      1194   99.4868       100     2.28327     2.46616
   49      63      1284      1221   99.6603       108     2.25384     2.46715
   50      63      1311      1248   99.8269       108     2.39504     2.47371
   51      63      1337      1274   99.9084       104     2.42912     2.47338
   52      63      1364      1301   100.064       108     2.34566     2.47237
   53      63      1389      1326   100.062       100     2.34855     2.47147
   54      63      1417      1354   100.283       112     2.47799     2.47077
   55      63      1443      1380   100.351       104     2.17228     2.46813
   56      63      1468      1405   100.344       100     2.08289     2.46288
   57      63      1494      1431   100.408       104     2.10538     2.46547
   58      63      1516      1453   100.194        88     4.18742     2.46409
   59      63      1544      1481   100.394       112     2.20116     2.46684
2026-07-08T18:15:03.291849+0800 min lat: 1.65973 max lat: 4.76729 avg lat: 2.46881
  sec Cur ops   started  finished  avg MB/s  cur MB/s last lat(s)  avg lat(s)
   60      63      1569      1506   100.387       100     2.23406     2.46881
   61      63      1594      1531    100.38       100     2.35479     2.47141
   62      63      1622      1559   100.568       112     2.26658     2.47087
   63      63      1646      1583   100.495        96     2.28927     2.46983
   64      63      1673      1610   100.612       108     2.43119     2.47305
   65      63      1699      1636   100.664       104     2.43944     2.47299
   66      63      1726      1663   100.775       108     2.51046     2.47335
   67      63      1751      1688   100.763       100     2.43962      2.4733
   68      63      1777      1714    100.81       104     2.43159     2.47287
   69      63      1803      1740   100.856       104     2.45523     2.47277
   70      63      1827      1764   100.787        96     2.47294     2.47269
   71      63      1855      1792   100.944       112     2.47686     2.47291
   72      63      1880      1817   100.931       100      2.4598     2.47309
   73      63      1906      1843   100.973       104     2.46216     2.47344
   74      63      1934      1871   101.122       112     2.37477     2.47345
   75      63      1958      1895   101.053        96     2.44029     2.47319
   76      63      1985      1922   101.145       108      2.4632     2.47316
   77      63      2010      1947    101.13       100     2.40906     2.47271
   78      63      2036      1973   101.166       104     2.41877     2.47235
   79      63      2064      2001   101.303       112     2.46242     2.47241
2026-07-08T18:15:23.294542+0800 min lat: 1.65973 max lat: 4.76729 avg lat: 2.47188
  sec Cur ops   started  finished  avg MB/s  cur MB/s last lat(s)  avg lat(s)
   80      63      2087      2024   101.187        92     2.28532     2.47188
   81      63      2111      2048   101.123        96     1.97827     2.46758
   82      63      2139      2076   101.255       112      1.9156     2.46907
   83      63      2166      2103   101.336       108     1.82631     2.46877
   84      63      2189      2126   101.225        92      4.0436     2.47052
   85      63      2216      2153   101.304       108     1.99818     2.47067
   86      63      2243      2180   101.382       108     1.93403     2.46821
   87      63      2267      2204    101.32        96     2.12671     2.47154
   88      63      2292      2229   101.305       100     2.33205     2.47178
   89      63      2318      2255   101.335       104     2.36503     2.47238
   90      63      2345      2282   101.409       108     2.48956     2.47483
   91      63      2370      2307   101.393       100     2.48163     2.47488
   92      63      2398      2335   101.508       112     2.32731     2.47491
   93      63      2422      2359   101.449        96     2.50835     2.47463
   94      63      2448      2385   101.476       104     2.46524     2.47423
   95      63      2474      2411   101.503       104     2.48906     2.47446
   96      63      2499      2436   101.487       100      2.4621      2.4746
   97      63      2524      2461   101.471       100     2.45293      2.4743
   98      63      2551      2488   101.538       108     2.44809     2.47403
   99      63      2577      2514   101.563       104     2.47689     2.47512
2026-07-08T18:15:43.297095+0800 min lat: 1.65973 max lat: 4.98261 avg lat: 2.47509
  sec Cur ops   started  finished  avg MB/s  cur MB/s last lat(s)  avg lat(s)
  100      63      2603      2540   101.587       104     2.43685     2.47509
  101      63      2630      2567    101.65       108     2.42661     2.47502
  102      63      2654      2591   101.595        96     2.47666     2.47489
  103      63      2682      2619   101.696       112     2.38697     2.47488
  104      63      2707      2644   101.679       100     2.51176     2.47485
  105      63      2733      2670   101.701       104     2.48195       2.475
  106      63      2759      2696   101.723       104     2.33533     2.47431
  107      63      2785      2722   101.744       104     2.31071     2.47298
  108      63      2807      2744   101.616        88     2.52468     2.47402
  109      63      2834      2771   101.675       108     2.54442     2.47504
  110      63      2859      2796    101.66       100     2.48896     2.47541
  111      63      2884      2821   101.644       100     2.48507     2.47605
  112      63      2912      2849   101.737       112     2.45815     2.47704
  113      63      2937      2874   101.721       100      2.4004     2.47701
  114      63      2964      2901   101.776       108     2.29326      2.4762
  115      63      2986      2923   101.656        88     2.45801     2.47666
  116      63      3014      2951   101.745       112     2.42334     2.47677
  117      63      3041      2978   101.799       108     2.44307     2.47703
  118      63      3066      3003   101.783       100     2.32128     2.47638
  119      63      3091      3028   101.768       100     2.02426     2.47376
2026-07-08T18:16:03.299663+0800 min lat: 0.24218 max lat: 4.98261 avg lat: 2.46337
  sec Cur ops   started  finished  avg MB/s  cur MB/s last lat(s)  avg lat(s)
  120      23      3118      3095   103.153       268     0.61378     2.46337
Total time run:         120.945
Total writes made:      3118
Write size:             4194304
Object size:            4194304
Bandwidth (MB/sec):     103.121
Stddev Bandwidth:       20.3598
Max bandwidth (MB/sec): 268
Min bandwidth (MB/sec): 0
Average IOPS:           25
Stddev IOPS:            5.10766
Max IOPS:               67
Min IOPS:               0
Average Latency(s):     2.45567
Stddev Latency(s):      0.472334
Max latency(s):         4.98261
Min latency(s):         0.24218
[2026-07-08 18:16:11] ==== READ TESTS ====
[2026-07-08 18:16:11] -- seq read r1 --
hints = 1
  sec Cur ops   started  finished  avg MB/s  cur MB/s last lat(s)  avg lat(s)
    0       0         0         0         0         0           -           0
    1      64       500       436   108.982       109    0.150087    0.130531
    2      64       951       887   110.859    112.75   0.0283983    0.133523
    3      64      1400      1336   111.316    112.25   0.0273559    0.132116
    4      64      1854      1790   111.857     113.5    0.549333    0.134821
    5      64      2298      2234   111.684       111     0.59899    0.135767
    6      64      2742      2678   111.567       111   0.0384199    0.138234
    7      64      3194      3130   111.769       113    0.022685    0.137944
    8      63      3642      3579   111.827    112.25   0.0210408     0.13867
    9      64      4095      4031   111.955       113   0.0189136    0.139148
   10      64      4543      4479   111.958       112    0.545145    0.139664
   11      64      4990      4926   111.938    111.75   0.0459828    0.139739
   12      64      5434      5370   111.858       111     0.56255    0.140485
   13      64      5885      5821   111.926    112.75   0.0506273    0.139899
   14      64      6334      6270   111.947    112.25    0.558459    0.140601
   15      64      6786      6722   112.016       113    0.512817    0.140703
   16      64      7234      7170   112.014       112   0.0194103    0.140929
   17      64      7678      7614   111.954       111    0.481717    0.141045
   18      64      8126      8062   111.955       112   0.0272699    0.140867
   19      64      8576      8512   111.983     112.5   0.0180744    0.141199
2026-07-08T18:26:38.353992+0800 min lat: 0.00900134 max lat: 0.661566 avg lat: 0.141664
  sec Cur ops   started  finished  avg MB/s  cur MB/s last lat(s)  avg lat(s)
   20      64      9026      8962   112.008     112.5   0.0342006    0.141664
   21      64      9478      9414   112.054       113   0.0229588     0.14159
   22      64      9925      9861    112.04    111.75   0.0477111    0.141825
   23      64     10368     10304   111.983    110.75   0.0289655    0.141803
   24      64     10818     10754   112.004     112.5    0.464367    0.141753
   25      64     11268     11204   112.023     112.5   0.0274787    0.141583
   26      64     11719     11655    112.05    112.75   0.0228684    0.141478
   27      64     12169     12105   112.066     112.5   0.0324682    0.141497
   28      64     12614     12550   112.037    111.25    0.556884    0.141525
   29      64     13057     12993   111.992    110.75   0.0471433    0.141759
   30      64     13508     13444   112.017    112.75   0.0169791    0.141701
   31      64     13959     13895    112.04    112.75    0.036128    0.141563
   32      64     14410     14346   112.061    112.75   0.0629391    0.141647
   33      64     14858     14794   112.059       112   0.0378233    0.141754
   34      64     15303     15239   112.035    111.25   0.0176886    0.141758
   35      64     15752     15688    112.04    112.25    0.511158    0.141906
   36      64     16200     16136   112.039       112    0.028149    0.141768
   37      64     16652     16588   112.064       113   0.0104507    0.141918
   38      64     17104     17040   112.089       113   0.0284699    0.141858
   39      64     17551     17487    112.08    111.75    0.502827    0.141889
2026-07-08T18:26:58.356873+0800 min lat: 0.00758206 max lat: 0.680565 avg lat: 0.142028
  sec Cur ops   started  finished  avg MB/s  cur MB/s last lat(s)  avg lat(s)
   40      64     17990     17926   112.021    109.75   0.0192566    0.142028
   41      64     18444     18380   112.056     113.5   0.0335148     0.14195
   42      64     18895     18831   112.073    112.75   0.0128008    0.141871
   43      64     19344     19280   112.076    112.25   0.0270682    0.141939
   44      64     19796     19732   112.097       113    0.019809    0.141945
   45      64     20240     20176   112.072       111   0.0679522    0.141916
   46      64     20682     20618   112.038     110.5   0.0213148    0.142103
   47      64     21132     21068   112.047     112.5    0.513582    0.142048
   48      64     21582     21518   112.056     112.5    0.567118    0.142028
   49      64     22035     21971    112.08    113.25   0.0313177    0.142096
   50      64     22481     22417   112.068     111.5   0.0232795     0.14194
   51      63     22926     22863   112.057     111.5    0.490891    0.142097
   52      64     23375     23311   112.056       112   0.0610532    0.142103
   53      64     23823     23759   112.054       112   0.0424692    0.142084
   54      63     24273     24210   112.067    112.75   0.0310092    0.142101
   55      64     24727     24663   112.088    113.25    0.572408    0.142057
   56      64     25171     25107   112.068       111   0.0468032     0.14217
   57      64     25615     25551   112.049       111    0.043453    0.142188
   58      64     26066     26002   112.061    112.75   0.0803107    0.142224
   59      64     26516     26452   112.068     112.5   0.0320065    0.142143
2026-07-08T18:27:18.359867+0800 min lat: 0.00758206 max lat: 0.680565 avg lat: 0.142236
  sec Cur ops   started  finished  avg MB/s  cur MB/s last lat(s)  avg lat(s)
   60      64     26968     26904   112.083       113    0.496082    0.142236
   61      64     27415     27351   112.078    111.75    0.020417    0.142146
   62      64     27861     27797   112.068     111.5   0.0260384    0.142233
   63      64     28305     28241   112.051       111   0.0203133    0.142166
   64      64     28755     28691   112.058     112.5   0.0268628    0.142263
   65      64     29206     29142   112.068    112.75   0.0295317    0.142225
   66      64     29658     29594   112.082       113   0.0253372    0.142174
   67      64     30104     30040   112.073     111.5   0.0261036    0.142211
   68      64     30551     30487   112.068    111.75   0.0317906    0.142189
   69      64     30998     30934   112.063    111.75    0.015349    0.142216
   70      64     31447     31383   112.066    112.25   0.0291212    0.142264
   71      64     31900     31836   112.082    113.25     0.51349     0.14225
   72      64     32350     32286   112.088     112.5   0.0329802    0.142251
   73      64     32796     32732   112.079     111.5   0.0120846    0.142336
   74      64     33238     33174   112.058     110.5   0.0505234    0.142302
   75      64     33690     33626    112.07       113   0.0261098    0.142301
   76      64     34139     34075   112.072    112.25   0.0173231    0.142237
   77      64     34591     34527   112.084       113   0.0671945    0.142282
   78      64     35041     34977   112.089     112.5   0.0171901    0.142327
   79      64     35486     35422   112.078    111.25    0.488072    0.142375
2026-07-08T18:27:38.362803+0800 min lat: 0.00758206 max lat: 0.682511 avg lat: 0.142316
  sec Cur ops   started  finished  avg MB/s  cur MB/s last lat(s)  avg lat(s)
   80      64     35931     35867   112.068    111.25    0.049086    0.142316
   81      64     36378     36314   112.064    111.75   0.0158433    0.142294
   82      64     36831     36767   112.078    113.25    0.412907    0.142441
   83      64     37282     37218   112.086    112.75   0.0303068    0.142319
   84      64     37732     37668    112.09     112.5    0.017817    0.142313
   85      64     38171     38107   112.063    109.75    0.602282    0.142322
   86      64     38621     38557   112.068     112.5   0.0288296    0.142324
   87      64     39072     39008   112.075    112.75   0.0412852    0.142281
   88      64     39522     39458    112.08     112.5    0.073016     0.14239
   89      64     39973     39909   112.087    112.75    0.534386    0.142336
   90      64     40422     40358   112.089    112.25    0.527523    0.142329
   91      64     40864     40800   112.071     110.5   0.0362794    0.142331
   92      64     41315     41251   112.078    112.75   0.0161257    0.142347
   93      64     41763     41699   112.077       112   0.0771437    0.142356
   94      64     42214     42150   112.084    112.75   0.0122806    0.142315
   95      64     42663     42599   112.086    112.25   0.0338326    0.142371
   96      64     43107     43043   112.074       111   0.0270992    0.142356
   97      64     43553     43489   112.068     111.5   0.0143692     0.14239
   98      64     44005     43941   112.078       113    0.524793    0.142386
   99      64     44454     44390   112.079    112.25   0.0170022    0.142363
2026-07-08T18:27:58.365990+0800 min lat: 0.00758206 max lat: 0.682511 avg lat: 0.142358
  sec Cur ops   started  finished  avg MB/s  cur MB/s last lat(s)  avg lat(s)
  100      64     44905     44841   112.086    112.75    0.059915    0.142358
  101      64     45354     45290   112.087    112.25    0.573448    0.142355
  102      64     45797     45733   112.074    110.75     0.03209    0.142339
  103      63     46245     46182   112.075    112.25   0.0183386    0.142456
  104      64     46693     46629   112.072    111.75   0.0271153     0.14236
  105      64     47145     47081   112.081       113   0.0238597    0.142367
  106      64     47597     47533   112.089       113    0.608647     0.14237
  107      64     48043     47979   112.084     111.5   0.0150259    0.142346
  108      64     48487     48423   112.073       111   0.0349626    0.142429
  109      64     48937     48873   112.077     112.5   0.0317997     0.14241
  110      64     49386     49322   112.079    112.25    0.447279     0.14244
  111      64     49837     49773   112.084    112.75    0.480101    0.142425
  112      64     50285     50221   112.084       112   0.0196004    0.142422
  113      64     50730     50666   112.076    111.25   0.0243903    0.142405
  114      64     51176     51112   112.071     111.5     0.50761    0.142435
  115      64     51625     51561   112.072    112.25   0.0321539    0.142422
  116      64     52076     52012   112.078    112.75      0.4894    0.142449
  117      64     52528     52464   112.086       113   0.0256627    0.142414
  118      64     52977     52913   112.087    112.25   0.0771523    0.142391
  119      64     53418     53354   112.071    110.25    0.022579    0.142433
2026-07-08T18:28:18.369124+0800 min lat: 0.00758206 max lat: 0.707593 avg lat: 0.142429
  sec Cur ops   started  finished  avg MB/s  cur MB/s last lat(s)  avg lat(s)
  120      64     53867     53803   112.073    112.25   0.0737271    0.142429
  121      64     54317     54253   112.076     112.5    0.023037    0.142442
  122      64     54768     54704   112.081    112.75    0.116376    0.142413
  123      64     55216     55152   112.081       112   0.0213892    0.142451
  124      64     55663     55599   112.078    111.75     0.10368     0.14243
  125      64     56105     56041   112.065     110.5   0.0274546     0.14246
  126      64     56556     56492    112.07    112.75   0.0279486    0.142452
  127      64     57006     56942   112.074     112.5   0.0191862    0.142429
  128      64     57457     57393   112.079    112.75   0.0809779    0.142441
  129      64     57908     57844   112.084    112.75   0.0120306    0.142503
  130      64     58354     58290   112.079     111.5    0.535925    0.142508
  131      64     58798     58734   112.071       111    0.525007    0.142486
  132      64     59248     59184   112.074     112.5    0.568881    0.142457
  133      64     59697     59633   112.075    112.25   0.0214057    0.142503
  134      64     60147     60083   112.078     112.5   0.0235073    0.142434
  135      64     60598     60534   112.083    112.75    0.517814    0.142478
  136      64     61038     60974   112.068       110   0.0164319    0.142448
  137      64     61488     61424   112.071     112.5   0.0354853     0.14248
  138      64     61939     61875   112.076    112.75    0.469003    0.142501
  139      64     62387     62323   112.075       112   0.0427621    0.142471
2026-07-08T18:28:38.371981+0800 min lat: 0.0070155 max lat: 0.707593 avg lat: 0.142448
  sec Cur ops   started  finished  avg MB/s  cur MB/s last lat(s)  avg lat(s)
  140      63     62837     62774    112.08    112.75   0.0325009    0.142448
  141      64     63286     63222   112.079       112    0.553955    0.142485
  142      64     63728     63664   112.068     110.5   0.0179389    0.142479
  143      64     64179     64115   112.072    112.75   0.0197485    0.142531
  144      64     64628     64564   112.073    112.25   0.0325955    0.142464
  145      64     65080     65016    112.08       113   0.0249453    0.142491
  146      64     65529     65465   112.081    112.25   0.0252946    0.142475
  147      64     65974     65910   112.075    111.25   0.0333049    0.142451
  148      64     66421     66357   112.073    111.75  0.00807247    0.142512
  149      64     66870     66806   112.074    112.25   0.0200649    0.142486
  150      63     67318     67255   112.075    112.25   0.0186291      0.1425
  151      64     67770     67706   112.079    112.75   0.0273767    0.142493
  152      64     68219     68155    112.08    112.25   0.0144164    0.142503
  153      64     68662     68598   112.071    110.75   0.0645104    0.142504
  154      64     69109     69045   112.069    111.75   0.0374985    0.142489
  155      64     69559     69495   112.072     112.5   0.0475337    0.142514
  156      64     70010     69946   112.076    112.75    0.574866    0.142494
  157      64     70460     70396   112.079     112.5   0.0313797    0.142483
  158      64     70908     70844   112.078       112    0.474838     0.14251
  159      64     71351     71287    112.07    110.75   0.0305781    0.142489
2026-07-08T18:28:58.375034+0800 min lat: 0.0070155 max lat: 0.707593 avg lat: 0.142492
  sec Cur ops   started  finished  avg MB/s  cur MB/s last lat(s)  avg lat(s)
  160      63     71801     71738   112.074    112.75   0.0258449    0.142492
  161      64     72252     72188   112.076     112.5    0.442723    0.142528
  162      64     72701     72637   112.077    112.25   0.0403189    0.142516
  163      64     73152     73088   112.081    112.75    0.516093    0.142502
  164      64     73597     73533   112.076    111.25     0.60793      0.1425
  165      64     74042     73978   112.071    111.25    0.050806    0.142528
  166      64     74493     74429   112.075    112.75   0.0171138      0.1425
  167      64     74942     74878   112.076    112.25    0.553332    0.142506
  168      64     75394     75330   112.081       113   0.0194941    0.142484
  169      64     75844     75780   112.084     112.5    0.523901    0.142511
  170      64     76287     76223   112.076    110.75    0.012396    0.142512
  171      64     76735     76671   112.075       112   0.0210535    0.142527
  172      64     77184     77120   112.076    112.25   0.0262346    0.142556
  173      64     77636     77572   112.081       113   0.0345109    0.142508
  174      64     78085     78021   112.082    112.25   0.0221795    0.142522
  175      64     78532     78468    112.08    111.75   0.0214355    0.142499
  176      64     78974     78910   112.071     110.5    0.533547    0.142533
  177      64     79425     79361   112.075    112.75    0.017089    0.142528
  178      64     79875     79811   112.077     112.5   0.0231446    0.142543
  179      64     80325     80261    112.08     112.5   0.0241657    0.142525
2026-07-08T18:29:18.377943+0800 min lat: 0.0070155 max lat: 0.707593 avg lat: 0.142525
  sec Cur ops   started  finished  avg MB/s  cur MB/s last lat(s)  avg lat(s)
  180      64     80774     80710    112.08    112.25   0.0227569    0.142525
  181      64     81221     81157   112.078    111.75   0.0232792    0.142516
  182      64     81667     81603   112.075     111.5   0.0149196    0.142522
  183      64     82116     82052   112.076    112.25   0.0227269    0.142522
  184      64     82567     82503    112.08    112.75   0.0267253    0.142515
  185      64     83016     82952   112.081    112.25    0.537313    0.142518
  186      64     83467     83403   112.084    112.75     0.59038    0.142524
  187      64     83909     83845   112.075     110.5   0.0203527     0.14253
  188      64     84357     84293   112.075       112    0.508331    0.142536
  189      64     84805     84741   112.074       112   0.0164903     0.14254
  190      64     85258     85194   112.081    113.25    0.525791    0.142538
  191      64     85707     85643   112.081    112.25    0.570418    0.142515
  192      64     86155     86091   112.081       112   0.0284576    0.142514
  193      64     86600     86536   112.076    111.25   0.0305958    0.142543
  194      64     87048     86984   112.076       112   0.0248457    0.142548
  195      64     87498     87434   112.078     112.5    0.105111     0.14253
  196      64     87946     87882   112.078       112   0.0246755    0.142531
  197      64     88399     88335   112.083    113.25    0.511857    0.142524
  198      64     88845     88781    112.08     111.5   0.0437931     0.14254
  199      64     89289     89225   112.075       111   0.0241196    0.142545
2026-07-08T18:29:38.380899+0800 min lat: 0.0070155 max lat: 0.707593 avg lat: 0.142541
  sec Cur ops   started  finished  avg MB/s  cur MB/s last lat(s)  avg lat(s)
  200      64     89739     89675   112.077     112.5    0.540039    0.142541
  201      64     90189     90125   112.079     112.5    0.448326    0.142552
  202      64     90639     90575   112.081     112.5    0.526677    0.142546
  203      64     91089     91025   112.083     112.5   0.0261034    0.142516
  204      64     91530     91466   112.074    110.25   0.0458211    0.142538
  205      64     91979     91915   112.075    112.25   0.0217694    0.142553
  206      64     92431     92367   112.079       113   0.0691108    0.142552
  207      64     92881     92817   112.081     112.5   0.0203113    0.142541
  208      64     93329     93265   112.081       112   0.0321449    0.142539
  209      64     93779     93715   112.083     112.5    0.557356    0.142552
  210      64     94221     94157   112.075     110.5   0.0345462    0.142551
  211      64     94671     94607   112.077     112.5   0.0258982    0.142535
  212      64     95119     95055   112.076       112   0.0810688    0.142542
  213      64     95570     95506   112.079    112.75   0.0274821    0.142573
  214      64     96019     95955    112.08    112.25   0.0977229    0.142538
  215      64     96467     96403    112.08       112    0.561501    0.142553
  216      64     96910     96846   112.074    110.75    0.102398    0.142555
  217      64     97357     97293   112.072    111.75    0.458041    0.142561
  218      64     97811     97747   112.078     113.5    0.584568     0.14255
  219      64     98261     98197    112.08     112.5   0.0141273    0.142562
2026-07-08T18:29:58.383776+0800 min lat: 0.0070155 max lat: 0.707593 avg lat: 0.142546
  sec Cur ops   started  finished  avg MB/s  cur MB/s last lat(s)  avg lat(s)
  220      64     98712     98648   112.083    112.75   0.0167899    0.142546
  221      64     99153     99089   112.075    110.25   0.0376464    0.142543
  222      64     99602     99538   112.076    112.25   0.0239607    0.142563
  223      64    100053     99989   112.079    112.75   0.0420465    0.142582
  224      64    100504    100440   112.081    112.75   0.0622254    0.142537
  225      64    100953    100889   112.082    112.25   0.0193521    0.142541
  226      64    101401    101337   112.082       112   0.0281978    0.142522
  227      64    101845    101781   112.077       111   0.0141868    0.142571
  228      64    102296    102232    112.08    112.75   0.0387991    0.142564
  229      64    102745    102681    112.08    112.25   0.0231616     0.14257
  230      64    103195    103131   112.082     112.5    0.436828    0.142578
  231      64    103647    103583   112.086       113   0.0140784    0.142588
  232      64    104091    104027   112.081       111   0.0232345    0.142586
  233      64    104538    104474    112.08    111.75    0.519155    0.142582
  234      64    104987    104923    112.08    112.25    0.209907    0.142584
  235      64    105439    105375   112.084       113   0.0215263    0.142591
  236      64    105888    105824   112.085    112.25   0.0336876    0.142581
  237      64    106340    106276   112.089       113    0.249163    0.142604
  238      64    106781    106717   112.081    110.25    0.295677    0.142606
  239      64    107226    107162   112.077    111.25   0.0160535    0.142608
2026-07-08T18:30:18.386782+0800 min lat: 0.0070155 max lat: 0.707593 avg lat: 0.14259
  sec Cur ops   started  finished  avg MB/s  cur MB/s last lat(s)  avg lat(s)
  240      64    107678    107614   112.081       113  0.00971194     0.14259
  241      64    108127    108063   112.082    112.25    0.591709    0.142581
  242      64    108578    108514   112.085    112.75   0.0253233    0.142558
  243      64    109026    108962   112.084       112    0.526691    0.142569
  244      64    109467    109403   112.077    110.25   0.0164251      0.1426
  245      64    109919    109855    112.08       113    0.100497    0.142588
  246      63    110367    110304   112.081    112.25   0.0124658    0.142572
  247      64    110815    110751    112.08    111.75    0.022506    0.142568
  248      64    111267    111203   112.083       113   0.0481852    0.142562
  249      64    111711    111647   112.079       111    0.513931    0.142575
  250      64    112155    112091   112.074       111   0.0352576    0.142583
  251      64    112607    112543   112.078       113   0.0281883    0.142574
  252      64    113053    112989   112.076     111.5   0.0224997     0.14258
  253      64    113505    113441   112.079       113   0.0378082     0.14257
  254      64    113956    113892   112.082    112.75   0.0207404    0.142561
  255      64    114399    114335   112.077    110.75     0.58524    0.142566
  256      64    114847    114783   112.076       112   0.0184267    0.142587
  257      64    115298    115234   112.079    112.75   0.0413332    0.142573
  258      64    115747    115683   112.079    112.25   0.0220235    0.142576
  259      64    116197    116133   112.081     112.5    0.536896    0.142574
2026-07-08T18:30:38.389433+0800 min lat: 0.0070155 max lat: 0.709972 avg lat: 0.14258
  sec Cur ops   started  finished  avg MB/s  cur MB/s last lat(s)  avg lat(s)
  260      64    116643    116579   112.079     111.5    0.487237     0.14258
  261      64    117086    117022   112.073    110.75    0.499651    0.142582
  262      64    117536    117472   112.075     112.5    0.571699    0.142577
  263      64    117989    117925   112.079    113.25     0.50196    0.142586
  264      64    118438    118374    112.08    112.25   0.0828925    0.142576
  265      64    118889    118825   112.082    112.75    0.559274    0.142586
  266      64    119331    119267   112.076     110.5   0.0171225    0.142565
  267      64    119779    119715   112.076       112   0.0262893    0.142574
  268      64    120231    120167    112.08       113   0.0141156    0.142583
  269      64    120679    120615   112.079       112   0.0392017    0.142585
  270      64    121129    121065   112.081     112.5    0.563967    0.142563
  271      64    121578    121514   112.081    112.25   0.0426833    0.142578
  272      64    122020    121956   112.075     110.5   0.0209946    0.142583
  273      64    122470    122406   112.077     112.5    0.452884    0.142605
  274      64    122919    122855   112.077    112.25    0.122453    0.142584
  275      64    123369    123305   112.079     112.5    0.559376    0.142592
  276      64    123820    123756   112.081    112.75   0.0237579    0.142577
  277      64    124267    124203    112.08    111.75   0.0132656     0.14258
  278      64    124710    124646   112.075    110.75    0.606971    0.142591
  279      64    125160    125096   112.077     112.5   0.0164155    0.142583
2026-07-08T18:30:58.392354+0800 min lat: 0.0070155 max lat: 0.709972 avg lat: 0.142589
  sec Cur ops   started  finished  avg MB/s  cur MB/s last lat(s)  avg lat(s)
  280      64    125610    125546   112.078     112.5   0.0643079    0.142589
  281      64    126059    125995   112.079    112.25   0.0234149    0.142581
  282      64    126510    126446   112.081    112.75   0.0271242    0.142585
  283      64    126954    126890   112.077       111   0.0157719    0.142606
  284      64    127401    127337   112.076    111.75   0.0148638    0.142594
  285      64    127851    127787   112.077     112.5   0.0232574    0.142603
  286      64    128299    128235   112.077       112   0.0239123    0.142593
  287      64    128750    128686   112.079    112.75    0.607333    0.142586
  288      64    129200    129136   112.081     112.5   0.0240639    0.142592
  289      64    129644    129580   112.077       111   0.0246986    0.142588
  290      64    130093    130029   112.077    112.25    0.054135    0.142594
  291      64    130545    130481    112.08       113    0.500748    0.142589
  292      64    130994    130930   112.081    112.25   0.0304429    0.142573
  293      64    131443    131379   112.082    112.25   0.0145313    0.142584
  294      64    131892    131828   112.082    112.25    0.590535    0.142583
  295      64    132333    132269   112.076    110.25   0.0472177    0.142585
  296      64    132782    132718   112.076    112.25   0.0279496    0.142594
  297      64    133233    133169   112.079    112.75   0.0206937    0.142582
  298      64    133683    133619    112.08     112.5   0.0273118      0.1426
  299      64    134135    134071   112.083       113    0.144944    0.142615
2026-07-08T18:31:18.395278+0800 min lat: 0.0070155 max lat: 0.709972 avg lat: 0.142619
  sec Cur ops   started  finished  avg MB/s  cur MB/s last lat(s)  avg lat(s)
  300      43    134559    134516    112.08    111.25    0.448377    0.142619
Total time run:       300.146
Total reads made:     134559
Read size:            262144
Object size:          262144
Bandwidth (MB/sec):   112.078
Average IOPS:         448
Stddev IOPS:          3.22259
Max IOPS:             454
Min IOPS:             436
Average Latency(s):   0.142667
Max latency(s):       0.709972
Min latency(s):       0.0070155
[2026-07-08 18:31:19] -- seq read r2 --
hints = 1
  sec Cur ops   started  finished  avg MB/s  cur MB/s last lat(s)  avg lat(s)
    0       0         0         0         0         0           -           0
    1      64       504       440   109.974       110   0.0349287    0.124947
    2      64       957       893   111.603    113.25   0.0746874    0.125491
    3      64      1401      1337   111.396       111    0.538041    0.131467
    4      63      1847      1784    111.48    111.75   0.0416947    0.134655
    5      64      2300      2236   111.781       113    0.587149    0.136065
    6      64      2748      2684   111.814       112   0.0268101    0.138319
    7      64      3199      3135   111.946    112.75    0.618497    0.137945
    8      64      3649      3585   112.013     112.5   0.0270266    0.138432
    9      64      4089      4025   111.787       110   0.0190508    0.138953
   10      64      4540      4476   111.882    112.75     0.54268      0.1398
   11      64      4989      4925   111.913    112.25   0.0248915    0.139845
   12      64      5437      5373   111.919       112   0.0266159    0.140072
   13      64      5888      5824   111.982    112.75   0.0363652    0.139872
   14      64      6336      6272   111.982       112    0.548561    0.140576
   15      64      6780      6716   111.916       111     0.57142    0.140532
   16      64      7231      7167   111.967    112.75   0.0149062    0.140715
   17      64      7678      7614   111.953    111.75   0.0170985    0.141009
   18      64      8129      8065   111.997    112.75    0.576443    0.140811
   19      64      8581      8517   112.049       113   0.0130278    0.140966
2026-07-08T18:31:46.651574+0800 min lat: 0.00828974 max lat: 0.719864 avg lat: 0.141208
  sec Cur ops   started  finished  avg MB/s  cur MB/s last lat(s)  avg lat(s)
   20      64      9025      8961   111.995       111    0.028293    0.141208
   21      64      9471      9407   111.971     111.5   0.0250716     0.14104
   22      64      9921      9857   111.994     112.5   0.0511275    0.141245
   23      64     10370     10306   112.004    112.25   0.0283617    0.141217
   24      64     10821     10757   112.035    112.75   0.0338142    0.141259
   25      64     11271     11207   112.053     112.5   0.0363802    0.141262
   26      63     11711     11648   111.983    110.25    0.588295    0.141457
   27      64     12162     12098   112.001     112.5   0.0261268    0.141606
   28      64     12612     12548   112.019     112.5   0.0376838    0.141449
   29      64     13060     12996   112.018       112   0.0193309    0.141642
   30      64     13512     13448    112.05       113   0.0235298    0.141641
   31      64     13958     13894   112.031     111.5    0.557811    0.141554
   32      64     14403     14339   112.007    111.25   0.0160131    0.141452
   33      64     14854     14790   112.029    112.75   0.0279758    0.141822
   34      64     15302     15238   112.027       112   0.0155547    0.141741
   35      64     15753     15689   112.047    112.75    0.496481    0.141918
   36      64     16203     16139    112.06     112.5   0.0227044    0.141703
   37      64     16648     16584   112.037    111.25    0.497424    0.141953
   38      64     17091     17027   112.003    110.75   0.0231755    0.141936
   39      64     17544     17480   112.034    113.25   0.0238196    0.141918
2026-07-08T18:32:06.654544+0800 min lat: 0.0081263 max lat: 0.734719 avg lat: 0.141832
  sec Cur ops   started  finished  avg MB/s  cur MB/s last lat(s)  avg lat(s)
   40      64     17992     17928   112.033       112    0.594983    0.141832
   41      64     18444     18380   112.056       113    0.539885    0.141954
   42      64     18893     18829    112.06    112.25   0.0179126    0.141791
   43      64     19335     19271   112.024     110.5    0.033273    0.141882
   44      64     19787     19723   112.046       113   0.0171238    0.141993
   45      64     20237     20173   112.055     112.5   0.0540816    0.141917
   46      64     20684     20620   112.048    111.75   0.0129903    0.142082
   47      64     21134     21070   112.058     112.5   0.0224808    0.142022
   48      64     21581     21517   112.051    111.75    0.577274    0.142029
   49      64     22026     21962   112.034    111.25   0.0157413    0.142153
   50      64     22477     22413   112.048    112.75   0.0470704    0.142106
   51      64     22929     22865   112.066       113   0.0249892    0.142089
   52      64     23379     23315   112.075     112.5    0.592799    0.142071
   53      64     23828     23764   112.078    112.25   0.0370454    0.142081
   54      64     24274     24210   112.067     111.5   0.0256717    0.142081
   55      64     24720     24656   112.056     111.5    0.581443    0.142052
   56      64     25171     25107   112.068    112.75   0.0324175     0.14218
   57      64     25618     25554   112.062    111.75   0.0460718    0.142132
   58      64     26069     26005   112.074    112.75   0.0385119    0.142173
   59      64     26520     26456   112.085    112.75    0.532691      0.1421
2026-07-08T18:32:26.657411+0800 min lat: 0.00808391 max lat: 0.734719 avg lat: 0.14225
  sec Cur ops   started  finished  avg MB/s  cur MB/s last lat(s)  avg lat(s)
   60      64     26964     26900   112.067       111   0.0139699     0.14225
   61      64     27412     27348   112.065       112   0.0347071    0.142194
   62      64     27862     27798   112.072     112.5   0.0190261    0.142231
   63      64     28310     28246   112.071       112   0.0370277    0.142147
   64      64     28759     28695   112.073    112.25   0.0121406    0.142234
   65      64     29203     29139   112.056       111    0.447675    0.142227
   66      64     29654     29590   112.067    112.75   0.0211199     0.14219
   67      64     30103     30039   112.069    112.25   0.0220558    0.142183
   68      64     30554     30490   112.079    112.75     0.01936    0.142174
   69      64     31004     30940   112.085     112.5    0.021651    0.142141
   70      64     31454     31390    112.09     112.5   0.0196258    0.142234
   71      64     31898     31834   112.075       111    0.556518    0.142223
   72      64     32344     32280   112.067     111.5    0.666862    0.142158
   73      64     32797     32733   112.083    113.25   0.0329362    0.142306
   74      64     33244     33180   112.078    111.75   0.0163723    0.142253
   75      64     33695     33631   112.087    112.75   0.0152384    0.142266
   76      64     34147     34083   112.098       113   0.0521202    0.142234
   77      64     34590     34526   112.081    110.75   0.0570817    0.142255
   78      64     35037     34973   112.076    111.75   0.0342107    0.142341
   79      63     35488     35425   112.088       113   0.0112952    0.142356
2026-07-08T18:32:46.660407+0800 min lat: 0.00763664 max lat: 0.754887 avg lat: 0.142239
  sec Cur ops   started  finished  avg MB/s  cur MB/s last lat(s)  avg lat(s)
   80      64     35936     35872   112.083    111.75    0.630769    0.142239
   81      64     36389     36325   112.098    113.25   0.0190227     0.14218
   82      64     36836     36772   112.093    111.75   0.0387152    0.142256
   83      64     37284     37220   112.092       112   0.0195733    0.142298
   84      64     37730     37666   112.085     111.5   0.0136735    0.142295
   85      64     38178     38114   112.083       112   0.0407318    0.142197
   86      64     38626     38562   112.082       112   0.0316522    0.142266
   87      64     39079     39015   112.095    113.25   0.0292164    0.142282
   88      64     39524     39460   112.086    111.25    0.553667    0.142315
   89      64     39973     39909   112.087    112.25   0.0595566     0.14233
   90      64     40424     40360   112.095    112.75    0.527421    0.142314
   91      64     40870     40806   112.088     111.5    0.036665    0.142315
   92      64     41319     41255   112.089    112.25   0.0312791    0.142318
   93      64     41771     41707   112.099       113  0.00994227    0.142292
   94      64     42218     42154   112.095    111.75   0.0157739    0.142291
   95      64     42663     42599   112.086    111.25    0.538183     0.14236
   96      64     43113     43049    112.09     112.5   0.0238189    0.142343
   97      64     43562     43498   112.092    112.25    0.638273     0.14231
   98      64     44013     43949   112.098    112.75    0.523074    0.142354
   99      64     44461     44397   112.097       112   0.0125539    0.142292
2026-07-08T18:33:06.663200+0800 min lat: 0.00763664 max lat: 0.754887 avg lat: 0.142331
  sec Cur ops   started  finished  avg MB/s  cur MB/s last lat(s)  avg lat(s)
  100      64     44908     44844   112.094    111.75    0.609951    0.142331
  101      64     45357     45293   112.095    112.25   0.0203693    0.142346
  102      64     45804     45740   112.091    111.75    0.581448    0.142343
  103      64     46253     46189   112.093    112.25    0.018438    0.142342
  104      64     46705     46641   112.101       113   0.0252648    0.142319
  105      64     47150     47086   112.093    111.25    0.570615     0.14236
  106      64     47596     47532   112.088     111.5   0.0167153    0.142312
  107      64     48047     47983   112.094    112.75   0.0222202    0.142334
  108      64     48493     48429   112.088     111.5   0.0371313    0.142423
  109      64     48946     48882   112.098    113.25   0.0162106    0.142377
  110      64     49396     49332   112.102     112.5   0.0223023    0.142416
  111      64     49842     49778   112.096     111.5    0.480723    0.142416
  112      64     50287     50223   112.089    111.25   0.0150074    0.142405
  113      64     50737     50673   112.092     112.5   0.0319981    0.142364
  114      64     51185     51121   112.091       112    0.535612    0.142383
  115      64     51633     51569    112.09       112     0.02104    0.142403
  116      64     52083     52019   112.094     112.5    0.517974    0.142406
  117      64     52527     52463   112.084       111   0.0217041    0.142386
  118      64     52977     52913   112.088     112.5    0.579618    0.142382
  119      64     53424     53360   112.085    111.75   0.0279036     0.14241
2026-07-08T18:33:26.665901+0800 min lat: 0.00755491 max lat: 0.754887 avg lat: 0.142382
  sec Cur ops   started  finished  avg MB/s  cur MB/s last lat(s)  avg lat(s)
  120      64     53877     53813   112.094    113.25   0.0523708    0.142382
  121      64     54327     54263   112.097     112.5   0.0291318    0.142415
  122      64     54773     54709   112.092     111.5    0.622388    0.142357
  123      64     55219     55155   112.087     111.5    0.464711    0.142446
  124      64     55669     55605   112.091     112.5    0.502349    0.142413
  125      64     56116     56052   112.088    111.75     0.48969    0.142449
  126      64     56568     56504   112.095       113    0.511335    0.142413
  127      64     57017     56953   112.096    112.25    0.016231    0.142371
  128      64     57464     57400   112.093    111.75     0.55288    0.142431
  129      64     57911     57847    112.09    111.75   0.0532322    0.142436
  130      64     58359     58295   112.089       112   0.0934233    0.142398
  131      64     58809     58745   112.092     112.5    0.017441    0.142417
  132      64     59259     59195   112.095     112.5   0.0204096    0.142403
  133      64     59705     59641   112.091     111.5   0.0199199    0.142472
  134      64     60150     60086   112.084    111.25   0.0597682    0.142421
  135      64     60602     60538   112.091       113   0.0112109    0.142473
  136      64     61046     60982   112.083       111   0.0326742    0.142446
  137      64     61499     61435   112.091    113.25    0.564492    0.142438
  138      64     61947     61883   112.091       112   0.0217325    0.142463
  139      64     62393     62329   112.086     111.5     0.55832    0.142468
2026-07-08T18:33:46.668875+0800 min lat: 0.00755491 max lat: 0.754887 avg lat: 0.142428
  sec Cur ops   started  finished  avg MB/s  cur MB/s last lat(s)  avg lat(s)
  140      64     62841     62777   112.086       112    0.597657    0.142428
  141      64     63292     63228    112.09    112.75   0.0155942    0.142436
  142      63     63739     63676   112.089       112    0.644153    0.142434
  143      63     64189     64126   112.092     112.5    0.019039    0.142456
  144      64     64639     64575   112.093    112.25   0.0354196    0.142438
  145      64     65087     65023   112.092       112   0.0342037    0.142442
  146      64     65533     65469   112.088     111.5   0.0175252    0.142476
  147      64     65981     65917   112.087       112   0.0413142    0.142436
  148      64     66432     66368   112.092    112.75   0.0230268    0.142477
  149      64     66882     66818   112.094     112.5   0.0688732    0.142437
  150      64     67331     67267   112.095    112.25   0.0358566    0.142464
  151      64     67776     67712    112.09    111.25   0.0276837     0.14242
  152      64     68226     68162   112.092     112.5   0.0270093    0.142494
  153      64     68670     68606   112.085       111   0.0182379    0.142474
  154      64     69120     69056   112.088     112.5   0.0398647    0.142465
  155      64     69571     69507   112.092    112.75    0.450246    0.142481
  156      64     70018     69954   112.089    111.75    0.034193    0.142463
  157      64     70462     70398   112.082       111   0.0214414    0.142472
  158      64     70914     70850   112.088       113    0.016278    0.142498
  159      64     71361     71297   112.086    111.75   0.0229918    0.142434
2026-07-08T18:34:06.671739+0800 min lat: 0.00755491 max lat: 0.754887 avg lat: 0.142462
  sec Cur ops   started  finished  avg MB/s  cur MB/s last lat(s)  avg lat(s)
  160      64     71811     71747   112.088     112.5   0.0487771    0.142462
  161      64     72260     72196   112.089    112.25   0.0179963    0.142492
  162      64     72707     72643   112.087    111.75   0.0297059    0.142497
  163      64     73155     73091   112.087       112    0.508014      0.1425
  164      64     73604     73540   112.087    112.25    0.612435    0.142488
  165      64     74053     73989   112.088    112.25   0.0174712    0.142498
  166      64     74504     74440   112.092    112.75    0.571397    0.142478
  167      64     74951     74887    112.09    111.75   0.0240637    0.142466
  168      63     75395     75332   112.085    111.25   0.0259136    0.142466
  169      64     75846     75782   112.087     112.5   0.0274361      0.1425
  170      64     76293     76229   112.085    111.75   0.0213064    0.142516
  171      64     76745     76681    112.09       113   0.0194213    0.142469
  172      64     77193     77129    112.09       112    0.533225    0.142497
  173      64     77642     77578   112.091    112.25    0.558136    0.142495
  174      64     78087     78023   112.086    111.25   0.0239004    0.142519
  175      64     78539     78475   112.091       113    0.613019    0.142478
  176      64     78986     78922   112.089    111.75    0.054318      0.1425
  177      64     79437     79373   112.093    112.75   0.0178877    0.142505
  178      64     79883     79819   112.089     111.5   0.0306958    0.142522
  179      64     80333     80269   112.091     112.5   0.0169019     0.14251
2026-07-08T18:34:26.674464+0800 min lat: 0.00719742 max lat: 0.754887 avg lat: 0.142515
  sec Cur ops   started  finished  avg MB/s  cur MB/s last lat(s)  avg lat(s)
  180      64     80779     80715   112.088     111.5   0.0217493    0.142515
  181      64     81227     81163   112.087       112   0.0299601    0.142505
  182      64     81676     81612   112.088    112.25   0.0250039    0.142495
  183      64     82126     82062    112.09     112.5    0.021456    0.142496
  184      64     82574     82510    112.09       112   0.0179639    0.142493
  185      64     83020     82956   112.087     111.5   0.0446798    0.142489
  186      64     83471     83407    112.09    112.75   0.0561037    0.142489
  187      63     83917     83854   112.088    111.75   0.0185584    0.142509
  188      64     84369     84305   112.092    112.75   0.0456109      0.1425
  189      63     84819     84756   112.095    112.75   0.0179968    0.142511
  190      64     85266     85202   112.092     111.5   0.0194877    0.142513
  191      64     85713     85649    112.09    111.75   0.0380361    0.142498
  192      64     86163     86099   112.092     112.5    0.563693    0.142501
  193      64     86610     86546    112.09    111.75   0.0295064    0.142528
  194      64     87061     86997   112.093    112.75    0.501499    0.142521
  195      64     87509     87445   112.093       112    0.025596    0.142498
  196      64     87958     87894   112.094    112.25   0.0192974    0.142513
  197      64     88404     88340    112.09     111.5    0.508834    0.142522
  198      64     88851     88787   112.089    111.75   0.0155741    0.142522
  199      64     89303     89239   112.093       113    0.523302    0.142525
2026-07-08T18:34:46.677222+0800 min lat: 0.00719742 max lat: 0.754887 avg lat: 0.142522
  sec Cur ops   started  finished  avg MB/s  cur MB/s last lat(s)  avg lat(s)
  200      64     89752     89688   112.094    112.25    0.534057    0.142522
  201      64     90199     90135   112.092    111.75    0.466199    0.142528
  202      64     90648     90584   112.093    112.25   0.0199347    0.142505
  203      64     91095     91031   112.091    111.75   0.0265337    0.142511
  204      64     91542     91478   112.089    111.75   0.0209401    0.142522
  205      64     91995     91931   112.095    113.25    0.503824    0.142531
  206      64     92442     92378   112.093    111.75   0.0179324    0.142527
  207      64     92890     92826   112.093       112   0.0320598    0.142522
  208      64     93336     93272    112.09     111.5   0.0233808    0.142514
  209      64     93788     93724   112.094       113   0.0229773    0.142512
  210      64     94235     94171   112.092    111.75   0.0166887    0.142514
  211      64     94685     94621   112.094     112.5   0.0197387    0.142516
  212      64     95131     95067   112.091     111.5   0.0251807    0.142505
  213      64     95583     95519   112.095       113    0.399062    0.142556
  214      64     96027     95963    112.09       111   0.0477337    0.142502
  215      64     96477     96413   112.092     112.5   0.0419197    0.142522
  216      64     96927     96863   112.094     112.5   0.0672552    0.142515
  217      64     97377     97313   112.096     112.5   0.0378375    0.142527
  218      64     97823     97759   112.093     111.5   0.0184677    0.142512
  219      64     98272     98208   112.094    112.25   0.0179461     0.14254
2026-07-08T18:35:06.679954+0800 min lat: 0.00719742 max lat: 0.754887 avg lat: 0.142527
  sec Cur ops   started  finished  avg MB/s  cur MB/s last lat(s)  avg lat(s)
  220      64     98722     98658   112.095     112.5   0.0237358    0.142527
  221      64     99168     99104   112.093     111.5   0.0499547    0.142537
  222      64     99619     99555   112.095    112.75   0.0215417    0.142536
  223      64    100068    100004   112.096    112.25    0.023279    0.142558
  224      64    100517    100453   112.097    112.25   0.0191197    0.142508
  225      64    100963    100899   112.094     111.5    0.563653    0.142534
  226      64    101413    101349   112.096     112.5   0.0255844     0.14251
  227      64    101858    101794   112.092    111.25    0.035463    0.142549
  228      64    102309    102245   112.095    112.75    0.036373    0.142542
  229      64    102759    102695   112.096     112.5   0.0543969    0.142537
  230      64    103207    103143   112.096       112   0.0159295    0.142524
  231      64    103654    103590   112.094    111.75    0.013975    0.142529
  232      64    104104    104040   112.096     112.5   0.0381494    0.142528
  233      64    104553    104489   112.097    112.25   0.0330332    0.142531
  234      64    105002    104938   112.097    112.25    0.719145    0.142515
  235      64    105450    105386   112.097       112   0.0217121    0.142533
  236      64    105895    105831   112.093    111.25   0.0219504    0.142522
  237      64    106344    106280   112.094    112.25   0.0199059    0.142549
  238      64    106791    106727   112.092    111.75   0.0279707    0.142543
  239      64    107242    107178   112.095    112.75   0.0161304    0.142537
2026-07-08T18:35:26.682823+0800 min lat: 0.00719742 max lat: 0.754887 avg lat: 0.142546
  sec Cur ops   started  finished  avg MB/s  cur MB/s last lat(s)  avg lat(s)
  240      64    107689    107625   112.093    111.75   0.0152638    0.142546
  241      64    108139    108075   112.095     112.5   0.0304225     0.14256
  242      64    108586    108522   112.093    111.75    0.012859    0.142538
  243      64    109035    108971   112.094    112.25   0.0229112    0.142535
  244      64    109483    109419   112.094       112   0.0785542    0.142554
  245      64    109933    109869   112.095     112.5   0.0513499    0.142541
  246      64    110381    110317   112.095       112  0.00853276    0.142554
  247      64    110829    110765   112.094       112    0.553099    0.142544
  248      64    111276    111212   112.093    111.75   0.0254675    0.142548
  249      64    111724    111660   112.092       112    0.525827    0.142564
  250      64    112175    112111   112.095    112.75    0.552851    0.142557
  251      64    112625    112561   112.097     112.5    0.495034    0.142557
  252      64    113072    113008   112.095    111.75   0.0109443    0.142555
  253      64    113516    113452   112.091       111   0.0305853    0.142545
  254      64    113967    113903   112.093    112.75   0.0581617    0.142544
  255      64    114415    114351   112.093       112   0.0233035     0.14254
  256      64    114867    114803   112.096       113     0.51969    0.142563
  257      64    115314    115250   112.095    111.75   0.0421424    0.142556
  258      64    115764    115700   112.096     112.5   0.0205853    0.142557
  259      64    116208    116144   112.092       111    0.570037    0.142551
2026-07-08T18:35:46.685495+0800 min lat: 0.00719742 max lat: 0.754887 avg lat: 0.142565
  sec Cur ops   started  finished  avg MB/s  cur MB/s last lat(s)  avg lat(s)
  260      64    116657    116593   112.093    112.25   0.0406829    0.142565
  261      64    117107    117043   112.094     112.5    0.516329    0.142559
  262      64    117556    117492   112.095    112.25    0.520787    0.142562
  263      64    118005    117941   112.095    112.25    0.502811    0.142571
  264      64    118453    118389   112.095       112    0.646476    0.142561
  265      64    118901    118837   112.094       112     0.58628    0.142563
  266      64    119350    119286   112.095    112.25     0.56642    0.142539
  267      64    119799    119735   112.095    112.25    0.545577     0.14256
  268      64    120247    120183   112.095       112    0.492321    0.142575
  269      64    120697    120633   112.097     112.5   0.0201178    0.142568
  270      64    121142    121078   112.093    111.25   0.0180652    0.142545
  271      64    121591    121527   112.094    112.25    0.029428    0.142559
  272      64    122039    121975   112.093       112    0.535748    0.142558
  273      64    122490    122426   112.096    112.75      0.4607    0.142574
  274      64    122936    122872   112.094     111.5    0.636137    0.142547
  275      64    123386    123322   112.095     112.5   0.0865116    0.142562
  276      64    123831    123767   112.092    111.25   0.0250375    0.142567
  277      64    124282    124218   112.094    112.75   0.0123539     0.14255
  278      64    124731    124667   112.095    112.25     0.02225    0.142553
  279      64    125179    125115   112.094       112   0.0231831    0.142549
2026-07-08T18:36:06.688311+0800 min lat: 0.00719742 max lat: 0.754887 avg lat: 0.142561
  sec Cur ops   started  finished  avg MB/s  cur MB/s last lat(s)  avg lat(s)
  280      64    125629    125565   112.096     112.5   0.0177362    0.142561
  281      64    126076    126012   112.094    111.75   0.0261775    0.142556
  282      64    126525    126461   112.095    112.25    0.598721    0.142559
  283      64    126972    126908   112.094    111.75    0.407986     0.14259
  284      64    127423    127359   112.096    112.75   0.0802532    0.142551
  285      64    127870    127806   112.095    111.75    0.028573    0.142578
  286      64    128320    128256   112.096     112.5   0.0310938    0.142568
  287      64    128768    128704   112.096       112   0.0404961    0.142559
  288      64    129216    129152   112.095       112    0.581297    0.142572
  289      64    129664    129600   112.095       112   0.0372865    0.142571
  290      64    130116    130052   112.098       113   0.0274131    0.142561
  291      64    130563    130499   112.097    111.75   0.0230088    0.142574
  292      64    131010    130946   112.095    111.75    0.602536    0.142559
  293      64    131459    131395   112.096    112.25   0.0324144    0.142562
  294      64    131908    131844   112.096    112.25   0.0220744     0.14257
  295      64    132358    132294   112.098     112.5   0.0137412    0.142579
  296      64    132807    132743   112.098    112.25    0.021222    0.142559
  297      64    133255    133191   112.098       112   0.0235168    0.142562
  298      64    133703    133639   112.097       112   0.0206839    0.142573
  299      64    134150    134086   112.096    111.75   0.0302894    0.142558
2026-07-08T18:36:26.691018+0800 min lat: 0.00719742 max lat: 0.754887 avg lat: 0.142604
  sec Cur ops   started  finished  avg MB/s  cur MB/s last lat(s)  avg lat(s)
  300      45    134581    134536   112.097     112.5    0.437286    0.142604
Total time run:       300.14
Total reads made:     134581
Read size:            262144
Object size:          262144
Bandwidth (MB/sec):   112.098
Average IOPS:         448
Stddev IOPS:          2.44563
Max IOPS:             453
Min IOPS:             440
Average Latency(s):   0.142646
Max latency(s):       0.754887
Min latency(s):       0.00719742
[2026-07-08 18:36:27] -- seq read r3 --
hints = 1
  sec Cur ops   started  finished  avg MB/s  cur MB/s last lat(s)  avg lat(s)
    0       0         0         0         0         0           -           0
    1      64       503       439   109.731    109.75   0.0349929    0.130032
    2      64       949       885    110.61     111.5   0.0242911    0.134573
    3      63      1397      1334   111.151    112.25   0.0224768    0.133818
    4      64      1847      1783   111.423    112.25    0.122491    0.136655
    5      64      2297      2233   111.636     112.5    0.583517    0.136294
    6      64      2746      2682   111.737    112.25   0.0296841      0.1384
    7      64      3192      3128   111.701     111.5    0.567369    0.138856
    8      64      3641      3577   111.768    112.25   0.0206433    0.138834
    9      64      4089      4025   111.792       112    0.545539    0.139673
   10      64      4539      4475   111.862     112.5    0.460064     0.14032
   11      64      4987      4923   111.873       112    0.454819    0.140541
   12      64      5439      5375   111.966       113   0.0477371     0.14103
   13      64      5884      5820    111.91    111.25   0.0246797    0.141102
   14      64      6333      6269   111.933    112.25    0.367501     0.14136
   15      64      6781      6717   111.936       112    0.253063    0.141548
   16      64      7233      7169   112.002       113    0.229334    0.141376
   17      64      7680      7616   111.986    111.75    0.471294    0.141475
   18      64      8128      8064   111.986       112    0.290431    0.141653
   19      64      8576      8512   111.986       112    0.392579    0.141756
2026-07-08T18:36:54.408663+0800 min lat: 0.00752138 max lat: 0.602509 avg lat: 0.141473
  sec Cur ops   started  finished  avg MB/s  cur MB/s last lat(s)  avg lat(s)
   20      64      9026      8962   112.011     112.5   0.0370086    0.141473
   21      64      9474      9410    112.01       112    0.110586     0.14142
   22      64      9922      9858   112.008       112    0.492675    0.141361
   23      64     10372     10308   112.029     112.5   0.0598261    0.141018
   24      64     10820     10756   112.027       112   0.0546395    0.141438
   25      64     11268     11204   112.026       112   0.0499005    0.141426
   26      64     11715     11651   112.014    111.75   0.0128469    0.141409
   27      64     12164     12100   112.023    112.25   0.0592123    0.141748
   28      64     12612     12548   112.021       112    0.050708     0.14186
   29      64     13062     12998   112.037     112.5    0.422969    0.141904
   30      64     13510     13446   112.035       112    0.014073    0.142034
   31      64     13959     13895   112.042    112.25   0.0139276    0.142048
   32      64     14406     14342   112.032    111.75   0.0448363     0.14215
   33      64     14857     14793   112.054    112.75     0.34069    0.142133
   34      64     15306     15242   112.059    112.25     0.29792    0.142225
   35      64     15754     15690   112.057       112    0.293498    0.142198
   36      64     16200     16136   112.041     111.5   0.0410737    0.141805
   37      64     16650     16586   112.053     112.5   0.0251815    0.141947
   38      64     17098     17034   112.051       112   0.0273998    0.141914
   39      64     17548     17484   112.063     112.5   0.0226604    0.141889
2026-07-08T18:37:14.411289+0800 min lat: 0.00694821 max lat: 0.731795 avg lat: 0.1421
  sec Cur ops   started  finished  avg MB/s  cur MB/s last lat(s)  avg lat(s)
   40      64     17998     17934   112.073     112.5   0.0282449      0.1421
   41      64     18446     18382   112.071       112   0.0182984      0.1421
   42      64     18891     18827   112.051    111.25   0.0199046    0.142069
   43      64     19339     19275    112.05       112    0.542581    0.141991
   44      64     19791     19727   112.071       113    0.134635    0.142148
   45      64     20238     20174   112.063    111.75   0.0324127    0.142184
   46      64     20689     20625   112.078    112.75    0.396727    0.142256
   47      64     21132     21068   112.049    110.75    0.200866    0.142236
   48      64     21582     21518   112.059     112.5    0.147866    0.142196
   49      64     22029     21965   112.052    111.75   0.0479318    0.142145
   50      64     22481     22417   112.071       113   0.0695921    0.142075
   51      64     22929     22865   112.069       112   0.0257324    0.142089
   52      64     23378     23314   112.072    112.25    0.145998    0.142212
   53      64     23823     23759   112.056    111.25   0.0255865    0.142143
   54      64     24274     24210   112.069    112.75    0.144249    0.142199
   55      64     24721     24657   112.063    111.75    0.491806    0.142248
   56      64     25169     25105   112.061       112    0.389948    0.142288
   57      64     25620     25556   112.073    112.75   0.0349971    0.142276
   58      64     26069     26005   112.076    112.25   0.0374168    0.142295
   59      64     26516     26452    112.07    111.75    0.450517    0.142272
2026-07-08T18:37:34.414079+0800 min lat: 0.00694821 max lat: 0.731795 avg lat: 0.142255
  sec Cur ops   started  finished  avg MB/s  cur MB/s last lat(s)  avg lat(s)
   60      64     26963     26899   112.064    111.75   0.0209947    0.142255
   61      63     27414     27351   112.079       113   0.0440957    0.142165
   62      64     27863     27799   112.078       112   0.0290217    0.142273
   63      64     28312     28248    112.08    112.25   0.0390991     0.14219
   64      64     28758     28694   112.071     111.5   0.0171327    0.142285
   65      64     29208     29144   112.077     112.5   0.0268122    0.142234
   66      64     29654     29590   112.068     111.5   0.0223529    0.142257
   67      64     30104     30040   112.075     112.5   0.0237173    0.142266
   68      64     30554     30490   112.081     112.5   0.0160088    0.142225
   69      64     31002     30938   112.079       112   0.0180665    0.142279
   70      64     31450     31386   112.078       112    0.040469    0.142348
   71      64     31897     31833   112.073    111.75   0.0185535    0.142249
   72      64     32346     32282   112.075    112.25    0.523757    0.142304
   73      64     32796     32732   112.081     112.5    0.359161     0.14241
   74      64     33245     33181   112.083    112.25    0.452971    0.142385
   75      64     33692     33628   112.078    111.75   0.0203576    0.142382
   76      64     34140     34076   112.077       112   0.0576438    0.142354
   77      64     34589     34525   112.079    112.25   0.0200635    0.142416
   78      64     35039     34975   112.084     112.5    0.442039     0.14239
   79      64     35488     35424   112.086    112.25    0.101592    0.142398
2026-07-08T18:37:54.416819+0800 min lat: 0.00694821 max lat: 0.731795 avg lat: 0.142341
  sec Cur ops   started  finished  avg MB/s  cur MB/s last lat(s)  avg lat(s)
   80      64     35938     35874   112.091     112.5   0.0253135    0.142341
   81      64     36381     36317   112.075    110.75   0.0324799    0.142408
   82      64     36832     36768   112.083    112.75   0.0166373    0.142414
   83      64     37279     37215   112.078    111.75   0.0216497    0.142447
   84      64     37729     37665   112.083     112.5    0.363091    0.142468
   85      64     38177     38113   112.082       112   0.0269391    0.142435
   86      64     38627     38563   112.087     112.5   0.0253193     0.14243
   87      64     39073     39009    112.08     111.5   0.0395532    0.142435
   88      64     39521     39457   112.079       112    0.208543    0.142492
   89      63     39971     39908   112.086    112.75   0.0291303    0.142442
   90      64     40422     40358   112.091     112.5   0.0150625    0.142424
   91      64     40871     40807   112.092    112.25    0.454766    0.142432
   92      64     41318     41254   112.088    111.75    0.502782    0.142358
   93      64     41766     41702   112.087       112   0.0194592     0.14236
   94      64     42214     42150   112.086       112   0.0189872    0.142349
   95      64     42665     42601   112.093    112.75    0.110141    0.142423
   96      64     43113     43049   112.092       112   0.0285557    0.142406
   97      64     43561     43497   112.091       112    0.201753    0.142456
   98      64     44008     43944   112.087    111.75    0.222818    0.142462
   99      64     44457     44393   112.089    112.25   0.0143492    0.142405
2026-07-08T18:38:14.419513+0800 min lat: 0.00694821 max lat: 0.731795 avg lat: 0.14244
  sec Cur ops   started  finished  avg MB/s  cur MB/s last lat(s)  avg lat(s)
  100      64     44906     44842    112.09    112.25    0.128064     0.14244
  101      64     45354     45290   112.089       112   0.0575256    0.142368
  102      64     45804     45740   112.093     112.5   0.0247503    0.142348
  103      64     46252     46188   112.092       112    0.157937    0.142466
  104      63     46698     46635   112.088    111.75   0.0452402    0.142463
  105      64     47148     47084    112.09    112.25   0.0251807    0.142484
  106      64     47598     47534   112.093     112.5   0.0114607    0.142492
  107      64     48046     47982   112.092       112   0.0226605    0.142479
  108      64     48496     48432   112.096     112.5   0.0520988    0.142534
  109      64     48942     48878    112.09     111.5   0.0269099    0.142479
  110      64     49392     49328   112.094     112.5   0.0242079    0.142497
  111      64     49838     49774   112.088     111.5   0.0207134    0.142426
  112      64     50287     50223    112.09    112.25   0.0240703    0.142424
  113      64     50736     50672   112.091    112.25    0.465986    0.142454
  114      64     51185     51121   112.092    112.25    0.460409    0.142445
  115      64     51633     51569   112.091       112    0.035061    0.142459
  116      64     52080     52016   112.088    111.75    0.127837    0.142483
  117      64     52527     52463   112.085    111.75   0.0208879    0.142415
  118      64     52978     52914   112.091    112.75   0.0204998    0.142415
  119      64     53427     53363   112.092    112.25   0.0197424    0.142455
2026-07-08T18:38:34.422379+0800 min lat: 0.00693102 max lat: 0.731795 avg lat: 0.142416
  sec Cur ops   started  finished  avg MB/s  cur MB/s last lat(s)  avg lat(s)
  120      64     53876     53812   112.093    112.25    0.546452    0.142416
  121      64     54325     54261   112.094    112.25    0.529559    0.142446
  122      64     54771     54707   112.089     111.5   0.0237389    0.142425
  123      64     55220     55156    112.09    112.25   0.0175334    0.142444
  124      64     55668     55604    112.09       112   0.0283204    0.142441
  125      64     56118     56054   112.093     112.5    0.110259    0.142469
  126      64     56565     56501    112.09    111.75   0.0188131    0.142495
  127      64     57015     56951   112.093     112.5   0.0206915      0.1425
  128      64     57463     57399   112.092       112    0.378718    0.142512
  129      64     57912     57848   112.093    112.25    0.200327    0.142527
  130      64     58360     58296   112.093       112     0.02827    0.142423
  131      64     58809     58745   112.094    112.25  0.00980529    0.142402
  132      64     59256     59192   112.091    111.75   0.0432977    0.142422
  133      64     59703     59639   112.088    111.75    0.446218    0.142519
  134      64     60149     60085   112.084     111.5    0.316001    0.142532
  135      64     60600     60536   112.089    112.75    0.327885    0.142556
  136      64     61048     60984   112.088       112   0.0126704      0.1425
  137      63     61495     61432   112.087       112   0.0254991    0.142483
  138      64     61945     61881   112.088    112.25    0.402454    0.142509
  139      64     62391     62327   112.084     111.5   0.0432329    0.142472
2026-07-08T18:38:54.424883+0800 min lat: 0.00693102 max lat: 0.731795 avg lat: 0.142448
  sec Cur ops   started  finished  avg MB/s  cur MB/s last lat(s)  avg lat(s)
  140      64     62840     62776   112.085    112.25   0.0375969    0.142448
  141      64     63290     63226   112.088     112.5   0.0230618    0.142481
  142      64     63740     63676   112.091     112.5   0.0239734    0.142481
  143      64     64187     64123   112.088    111.75    0.219364    0.142525
  144      64     64636     64572   112.089    112.25   0.0237069    0.142442
  145      64     65084     65020   112.088       112      0.5732    0.142477
  146      64     65534     65470   112.091     112.5    0.509584    0.142483
  147      64     65983     65919   112.092    112.25   0.0425756    0.142455
  148      64     66431     66367   112.092       112   0.0611718    0.142484
  149      64     66880     66816   112.092    112.25    0.106858    0.142478
  150      64     67326     67262   112.088     111.5   0.0156879    0.142475
  151      64     67774     67710   112.088       112    0.016292    0.142473
  152      64     68223     68159   112.089    112.25    0.026254    0.142501
  153      64     68673     68609   112.091     112.5   0.0204869    0.142488
  154      64     69122     69058   112.092    112.25   0.0488902    0.142467
  155      64     69569     69505    112.09    111.75   0.0135044    0.142482
  156      64     70018     69954   112.091    112.25   0.0261214    0.142482
  157      64     70466     70402    112.09       112   0.0415154     0.14247
  158      64     70915     70851   112.091    112.25    0.472673      0.1425
  159      64     71365     71301   112.094     112.5   0.0232258    0.142454
2026-07-08T18:39:14.427329+0800 min lat: 0.00693102 max lat: 0.731795 avg lat: 0.142476
  sec Cur ops   started  finished  avg MB/s  cur MB/s last lat(s)  avg lat(s)
  160      64     71811     71747    112.09     111.5   0.0260953    0.142476
  161      64     72260     72196   112.091    112.25    0.453065    0.142505
  162      64     72708     72644    112.09       112   0.0240554      0.1425
  163      64     73156     73092   112.089       112   0.0257084    0.142494
  164      64     73606     73542   112.092     112.5    0.545093    0.142503
  165      64     74054     73990   112.091       112   0.0154872    0.142495
  166      64     74501     74437   112.089    111.75    0.563371    0.142491
  167      64     74950     74886    112.09    112.25   0.0196069    0.142484
  168      64     75398     75334   112.089       112     0.61155    0.142478
  169      64     75846     75782   112.089       112   0.0256543    0.142499
  170      64     76298     76234   112.094       113   0.0231685    0.142509
  171      64     76744     76680    112.09     111.5   0.0247609     0.14251
  172      64     77192     77128    112.09       112   0.0218966    0.142539
  173      64     77639     77575   112.088    111.75    0.550697    0.142506
  174      64     78088     78024   112.089    112.25   0.0082205    0.142518
  175      64     78536     78472   112.088       112   0.0255428    0.142498
  176      64     78986     78922    112.09     112.5   0.0130909    0.142533
  177      64     79432     79368   112.087     111.5    0.509564    0.142524
  178      64     79877     79813   112.082    111.25   0.0418473    0.142534
  179      64     80327     80263   112.084     112.5  0.00999519    0.142521
2026-07-08T18:39:34.430150+0800 min lat: 0.00693102 max lat: 0.731795 avg lat: 0.14252
  sec Cur ops   started  finished  avg MB/s  cur MB/s last lat(s)  avg lat(s)
  180      64     80774     80710   112.082    111.75   0.0221559     0.14252
  181      64     81226     81162   112.087       113   0.0185215    0.142523
  182      64     81675     81611   112.088    112.25    0.024303    0.142504
  183      64     82123     82059   112.087       112   0.0230062    0.142521
  184      64     82569     82505   112.084     111.5    0.584009    0.142516
  185      64     83020     82956   112.088    112.75   0.0544081    0.142508
  186      64     83467     83403   112.086    111.75    0.111539    0.142519
  187      64     83917     83853   112.088     112.5    0.042612     0.14252
  188      64     84364     84300   112.086    111.75    0.514177    0.142525
  189      64     84812     84748   112.086       112    0.038188    0.142533
  190      64     85260     85196   112.085       112   0.0206145    0.142528
  191      64     85705     85641   112.081    111.25   0.0384923    0.142523
  192      64     86158     86094   112.087    113.25   0.0351446    0.142529
  193      64     86608     86544   112.089     112.5   0.0303797    0.142539
  194      64     87054     86990   112.086     111.5   0.0132673    0.142536
  195      64     87500     87436   112.083     111.5   0.0121289    0.142519
  196      64     87952     87888   112.087       113    0.535026    0.142532
  197      64     88398     88334   112.084     111.5    0.509341    0.142532
  198      63     88850     88787    112.09    113.25   0.0212467    0.142535
  199      64     89298     89234   112.088    111.75   0.0221622     0.14252
2026-07-08T18:39:54.432766+0800 min lat: 0.00626632 max lat: 0.731795 avg lat: 0.142529
  sec Cur ops   started  finished  avg MB/s  cur MB/s last lat(s)  avg lat(s)
  200      64     89743     89679   112.084    111.25    0.552631    0.142529
  201      64     90187     90123   112.078       111    0.469322    0.142551
  202      64     90640     90576   112.084    113.25   0.0225256    0.142542
  203      64     91086     91022   112.081     111.5   0.0252827    0.142519
  204      64     91536     91472   112.083     112.5   0.0230836    0.142546
  205      64     91984     91920   112.083       112    0.511704    0.142545
  206      64     92431     92367   112.081    111.75    0.568347     0.14255
  207      64     92878     92814   112.079    111.75   0.0683272    0.142559
  208      64     93329     93265   112.082    112.75   0.0216771    0.142535
  209      64     93779     93715   112.084     112.5    0.548356    0.142557
  210      64     94230     94166   112.087    112.75   0.0176196    0.142544
  211      64     94676     94612   112.085     111.5   0.0334698    0.142533
  212      64     95122     95058   112.082     111.5   0.0187912    0.142534
  213      64     95573     95509   112.085    112.75    0.406769    0.142567
  214      64     96020     95956   112.083    111.75   0.0281949     0.14253
  215      64     96472     96408   112.087       113   0.0219006    0.142549
  216      64     96919     96855   112.086    111.75   0.0414531    0.142539
  217      64     97368     97304   112.086    112.25   0.0177584    0.142553
  218      64     97814     97750   112.084     111.5    0.599878    0.142549
  219      64     98266     98202   112.088       113   0.0129755    0.142556
2026-07-08T18:40:14.435603+0800 min lat: 0.00626632 max lat: 0.731795 avg lat: 0.142546
  sec Cur ops   started  finished  avg MB/s  cur MB/s last lat(s)  avg lat(s)
  220      64     98712     98648   112.085     111.5    0.013404    0.142546
  221      64     99162     99098   112.087     112.5   0.0535005    0.142548
  222      64     99611     99547   112.087    112.25   0.0519592    0.142554
  223      64    100056     99992   112.084    111.25   0.0226814    0.142574
  224      64    100505    100441   112.084    112.25    0.664997    0.142543
  225      64    100955    100891   112.086     112.5   0.0189454     0.14255
  226      64    101404    101340   112.087    112.25   0.0257224    0.142532
  227      64    101852    101788   112.086       112   0.0160491    0.142563
  228      64    102302    102238   112.088     112.5   0.0230439    0.142548
  229      64    102749    102685   112.086    111.75   0.0206628    0.142565
  230      64    103198    103134   112.087    112.25    0.448359    0.142574
  231      64    103645    103581   112.086    111.75   0.0188123    0.142577
  232      64    104094    104030   112.086    112.25    0.527257    0.142579
  233      64    104542    104478   112.086       112   0.0229474    0.142566
  234      64    104989    104925   112.084    111.75    0.581861    0.142577
  235      64    105436    105372   112.083    111.75   0.0204066    0.142591
  236      64    105885    105821   112.083    112.25   0.0440294    0.142568
  237      64    106336    106272   112.086    112.75   0.0272569    0.142601
  238      64    106785    106721   112.087    112.25    0.311753    0.142603
  239      64    107232    107168   112.085    111.75    0.241853    0.142602
2026-07-08T18:40:34.438385+0800 min lat: 0.00626632 max lat: 0.731795 avg lat: 0.142593
  sec Cur ops   started  finished  avg MB/s  cur MB/s last lat(s)  avg lat(s)
  240      64    107678    107614   112.083     111.5    0.435891    0.142593
  241      64    108127    108063   112.083    112.25   0.0338071    0.142585
  242      64    108576    108512   112.084    112.25   0.0162187     0.14256
  243      64    109023    108959   112.083    111.75   0.0152388    0.142569
  244      64    109472    109408   112.083    112.25    0.113816    0.142578
  245      64    109919    109855   112.082    111.75    0.490837     0.14258
  246      64    110369    110305   112.083     112.5   0.0196616    0.142576
  247      64    110817    110753   112.083       112    0.529327    0.142568
  248      64    111266    111202   112.084    112.25    0.602547    0.142561
  249      64    111713    111649   112.082    111.75    0.505745    0.142581
  250      64    112162    112098   112.083    112.25    0.583812    0.142566
  251      64    112610    112546   112.082       112   0.0181629    0.142574
  252      64    113056    112992    112.08     111.5   0.0157633    0.142573
  253      64    113504    113440    112.08       112   0.0347634    0.142572
  254      64    113955    113891   112.082    112.75    0.583684     0.14257
  255      64    114405    114341   112.084     112.5   0.0321098    0.142561
  256      64    114854    114790   112.085    112.25   0.0154451    0.142579
  257      64    115300    115236   112.082     111.5   0.0485812    0.142574
  258      64    115747    115683   112.081    111.75  0.00965087    0.142577
  259      64    116195    116131    112.08       112     0.01166    0.142575
2026-07-08T18:40:54.441215+0800 min lat: 0.00626632 max lat: 0.731795 avg lat: 0.142586
  sec Cur ops   started  finished  avg MB/s  cur MB/s last lat(s)  avg lat(s)
  260      64    116645    116581   112.082     112.5   0.0184393    0.142586
  261      64    117092    117028   112.081    111.75   0.0202873    0.142568
  262      64    117540    117476    112.08       112     0.55682     0.14258
  263      64    117991    117927   112.083    112.75   0.0351564    0.142589
  264      64    118436    118372    112.08    111.25     0.60827    0.142586
  265      64    118887    118823   112.082    112.75   0.0419583    0.142575
  266      64    119337    119273   112.084     112.5   0.0235192    0.142569
  267      64    119783    119719   112.081     111.5   0.0191988    0.142567
  268      64    120230    120166    112.08    111.75   0.0116499    0.142586
  269      64    120679    120615   112.081    112.25    0.522846    0.142589
  270      64    121127    121063    112.08       112   0.0370494     0.14257
  271      64    121577    121513   112.082     112.5   0.0258333    0.142578
  272      64    122028    121964   112.084    112.75    0.504562    0.142582
  273      64    122473    122409   112.081    111.25    0.018662    0.142596
  274      64    122919    122855   112.079     111.5   0.0148534     0.14258
  275      64    123370    123306   112.081    112.75    0.024062    0.142596
  276      64    123820    123756   112.083     112.5    0.513904    0.142588
  277      64    124270    124206   112.084     112.5   0.0574445     0.14258
  278      64    124718    124654   112.084       112   0.0196188    0.142586
  279      64    125165    125101   112.083    111.75   0.0143077    0.142574
2026-07-08T18:41:14.444000+0800 min lat: 0.00626632 max lat: 0.731795 avg lat: 0.142581
  sec Cur ops   started  finished  avg MB/s  cur MB/s last lat(s)  avg lat(s)
  280      64    125613    125549   112.082       112   0.0219549    0.142581
  281      64    126061    125997   112.082       112   0.0158172    0.142575
  282      64    126513    126449   112.085       113   0.0777673    0.142581
  283      64    126962    126898   112.086    112.25    0.431639    0.142606
  284      64    127409    127345   112.084    111.75    0.544056    0.142586
  285      64    127854    127790   112.081    111.25   0.0774206    0.142599
  286      64    128302    128238   112.081       112   0.0221387    0.142591
  287      64    128750    128686   112.081       112   0.0192083    0.142585
  288      64    129202    129138   112.084       113    0.546484    0.142599
  289      63    129648    129585   112.083    111.75   0.0233027     0.14258
  290      64    130099    130035   112.084     112.5    0.516834     0.14259
  291      64    130545    130481   112.082     111.5    0.507536    0.142592
  292      64    130993    130929   112.082       112   0.0299827    0.142584
  293      64    131443    131379   112.083     112.5    0.020302    0.142589
  294      64    131890    131826   112.082    111.75    0.588568    0.142586
  295      64    132340    132276   112.083     112.5   0.0180442    0.142584
  296      64    132786    132722   112.081     111.5   0.0182559     0.14259
  297      64    133235    133171   112.082    112.25   0.0184168    0.142585
  298      64    133681    133617    112.08     111.5   0.0632243    0.142604
  299      64    134133    134069   112.083       113    0.513532    0.142614
2026-07-08T18:41:34.446600+0800 min lat: 0.00626632 max lat: 0.731795 avg lat: 0.142611
  sec Cur ops   started  finished  avg MB/s  cur MB/s last lat(s)  avg lat(s)
  300      45    134564    134519   112.084     112.5     0.46679    0.142611
Total time run:       300.14
Total reads made:     134564
Read size:            262144
Object size:          262144
Bandwidth (MB/sec):   112.084
Average IOPS:         448
Stddev IOPS:          1.89683
Max IOPS:             453
Min IOPS:             439
Average Latency(s):   0.142665
Max latency(s):       0.731795
Min latency(s):       0.00626632
[2026-07-08 18:42:24] -- rand read r1 --
hints = 1
  sec Cur ops   started  finished  avg MB/s  cur MB/s last lat(s)  avg lat(s)
    0       0         0         0         0         0           -           0
    1      64       507       443   110.721    110.75    0.242946    0.130839
    2      63       952       889   111.102     111.5   0.0175128    0.133779
    3      64      1398      1334   111.147    111.25    0.242984    0.136379
    4      64      1847      1783   111.418    112.25    0.222869    0.137345
    5      64      2296      2232   111.582    112.25   0.0256259    0.139208
    6      64      2747      2683   111.774    112.75   0.0151268    0.138134
    7      64      3198      3134   111.911    112.75   0.0919003     0.13874
    8      64      3642      3578   111.795       111   0.0261365    0.138357
    9      64      4091      4027   111.843    112.25   0.0364252    0.139978
   10      64      4536      4472   111.782    111.25    0.396073    0.140851
   11      64      4986      4922   111.846     112.5    0.215707    0.140985
   12      64      5437      5373   111.919    112.75    0.294258    0.141114
   13      64      5886      5822   111.944    112.25   0.0266081    0.141215
   14      64      6334      6270   111.947       112   0.0127344    0.141645
   15      64      6780      6716   111.916     111.5   0.0284072    0.141484
   16      64      7228      7164    111.92       112   0.0335442    0.141263
   17      64      7678      7614   111.953     112.5    0.018944    0.140654
   18      64      8130      8066   112.011       113   0.0150023    0.141096
   19      64      8576      8512   111.983     111.5    0.479137    0.141169
2026-07-08T18:44:52.691043+0800 min lat: 0.00755296 max lat: 0.640218 avg lat: 0.1412
  sec Cur ops   started  finished  avg MB/s  cur MB/s last lat(s)  avg lat(s)
   20      64      9021      8957   111.946    111.25   0.0630069      0.1412
   21      64      9472      9408   111.983    112.75   0.0154306    0.141445
   22      64      9920      9856   111.983       112    0.455136    0.141538
   23      64     10371     10307   112.016    112.75   0.0282614    0.141434
   24      64     10820     10756   112.025    112.25   0.0255875    0.141415
   25      64     11268     11204   112.024       112    0.529797    0.141543
   26      64     11714     11650   112.003     111.5    0.452162     0.14173
   27      64     12161     12097   111.993    111.75   0.0261658    0.141491
   28      64     12612     12548   112.019    112.75   0.0323559    0.141779
   29      64     13062     12998   112.035     112.5   0.0412084    0.141679
   30      64     13511     13447   112.042    112.25    0.505222    0.141774
   31      64     13959     13895    112.04       112   0.0199045    0.141688
   32      64     14405     14341   112.023     111.5     0.11273    0.141844
   33      64     14853     14789   112.022       112   0.0215097    0.141788
   34      64     15304     15240   112.043    112.75   0.0311648    0.141797
   35      64     15754     15690   112.055     112.5   0.0238893     0.14176
   36      64     16201     16137   112.047    111.75   0.0128166    0.141798
   37      64     16647     16583   112.031     111.5   0.0223324    0.141923
   38      64     17096     17032   112.037    112.25    0.554885    0.141912
   39      64     17542     17478   112.023     111.5   0.0169374    0.141984
2026-07-08T18:45:12.693745+0800 min lat: 0.00755296 max lat: 0.647776 avg lat: 0.141969
  sec Cur ops   started  finished  avg MB/s  cur MB/s last lat(s)  avg lat(s)
   40      64     17993     17929    112.04    112.75   0.0236878    0.141969
   41      64     18445     18381   112.063       113   0.0637325    0.141999
   42      64     18892     18828   112.055    111.75    0.495309    0.142027
   43      63     19336     19273   112.036    111.25   0.0187226    0.142006
   44      64     19785     19721   112.035       112    0.502655    0.142113
   45      63     20234     20171   112.045     112.5   0.0114754    0.142056
   46      64     20685     20621   112.055     112.5   0.0308622    0.142039
   47      64     21134     21070   112.058    112.25   0.0350792    0.142023
   48      64     21582     21518   112.057       112   0.0941903    0.142084
   49      64     22031     21967   112.061    112.25    0.112661    0.142164
   50      64     22477     22413   112.049     111.5   0.0378689    0.142103
   51      64     22927     22863   112.058     112.5   0.0378084    0.142103
   52      64     23377     23313   112.066     112.5    0.501215    0.142148
   53      64     23825     23761   112.065       112   0.0277345    0.142186
   54      64     24271     24207   112.054     111.5    0.551147    0.142114
   55      64     24721     24657   112.062     112.5   0.0321327    0.142148
   56      63     25169     25106   112.065    112.25     0.47107    0.142289
   57      64     25620     25556   112.072     112.5   0.0209189    0.142129
   58      64     26068     26004   112.071       112   0.0172458    0.142091
   59      64     26516     26452   112.069       112   0.0198147     0.14221
2026-07-08T18:45:32.696417+0800 min lat: 0.00742442 max lat: 0.647776 avg lat: 0.142183
  sec Cur ops   started  finished  avg MB/s  cur MB/s last lat(s)  avg lat(s)
   60      64     26963     26899   112.064    111.75   0.0638036    0.142183
   61      64     27410     27346   112.058    111.75  0.00917353    0.142219
   62      64     27861     27797   112.069    112.75   0.0195276    0.142139
   63      64     28310     28246   112.072    112.25   0.0372312    0.142211
   64      64     28758     28694    112.07       112   0.0250579    0.142187
   65      64     29206     29142   112.069       112   0.0322575    0.142213
   66      64     29653     29589   112.064    111.75   0.0566698    0.142187
   67      64     30102     30038   112.067    112.25    0.067916    0.142207
   68      64     30552     30488   112.073     112.5   0.0568064    0.142227
   69      64     31001     30937   112.075    112.25   0.0134191    0.142329
   70      64     31447     31383   112.067     111.5    0.580838    0.142235
   71      64     31898     31834   112.076    112.75   0.0279623    0.142284
   72      64     32345     32281   112.071    111.75   0.0128571    0.142267
   73      64     32795     32731   112.077     112.5   0.0224783    0.142314
   74      64     33244     33180   112.079    112.25   0.0835768    0.142317
   75      64     33693     33629   112.081    112.25    0.574652    0.142303
   76      64     34142     34078   112.083    112.25   0.0402508    0.142291
   77      64     34588     34524   112.075     111.5   0.0294819    0.142275
   78      64     35034     34970   112.068     111.5    0.538542    0.142312
   79      64     35484     35420   112.073     112.5    0.037274    0.142288
2026-07-08T18:45:52.699129+0800 min lat: 0.00719459 max lat: 0.662128 avg lat: 0.142281
  sec Cur ops   started  finished  avg MB/s  cur MB/s last lat(s)  avg lat(s)
   80      64     35933     35869   112.075    112.25   0.0280298    0.142281
   81      64     36384     36320   112.083    112.75   0.0170929    0.142342
   82      64     36831     36767   112.079    111.75   0.0259818      0.1423
   83      64     37277     37213   112.072     111.5   0.0329748    0.142298
   84      64     37726     37662   112.074    112.25   0.0282809    0.142322
   85      63     38176     38113   112.082    112.75    0.478894     0.14239
   86      64     38624     38560   112.078    111.75   0.0238405    0.142423
   87      64     39074     39010   112.082     112.5    0.443596    0.142384
   88      64     39519     39455   112.073    111.25   0.0260437    0.142343
   89      64     39966     39902   112.069    111.75    0.521453      0.1424
   90      64     40416     40352   112.074     112.5   0.0327028    0.142398
   91      64     40866     40802   112.078     112.5   0.0135583    0.142389
   92      64     41314     41250   112.077       112    0.321423     0.14249
   93      64     41762     41698   112.076       112   0.0409946    0.142486
   94      64     42210     42146   112.075       112   0.0153949    0.142423
   95      64     42658     42594   112.074       112    0.528587    0.142372
   96      64     43108     43044   112.078     112.5   0.0144912    0.142411
   97      64     43557     43493    112.08    112.25   0.0798152    0.142391
   98      64     44008     43944   112.087    112.75   0.0211015     0.14235
   99      64     44455     44391   112.083    111.75   0.0260481    0.142365
2026-07-08T18:46:12.701805+0800 min lat: 0.00719459 max lat: 0.662128 avg lat: 0.142425
  sec Cur ops   started  finished  avg MB/s  cur MB/s last lat(s)  avg lat(s)
  100      64     44901     44837   112.077     111.5   0.0130417    0.142425
  101      64     45349     45285   112.076       112   0.0362358    0.142387
  102      64     45799     45735    112.08     112.5    0.510403    0.142393
  103      64     46248     46184   112.082    112.25    0.497064     0.14242
  104      64     46697     46633   112.083    112.25   0.0280547     0.14238
  105      64     47145     47081   112.082       112   0.0143608    0.142413
  106      64     47592     47528   112.079    111.75    0.511247    0.142407
  107      64     48040     47976   112.078       112   0.0141886    0.142441
  108      64     48489     48425   112.079    112.25   0.0186712    0.142397
  109      64     48938     48874   112.081    112.25   0.0378617    0.142406
  110      64     49385     49321   112.078    111.75    0.552258    0.142392
  111      64     49834     49770   112.079    112.25    0.032522    0.142394
  112      64     50281     50217   112.076    111.75   0.0306954    0.142399
  113      64     50731     50667    112.08     112.5    0.522354    0.142459
  114      64     51181     51117   112.083     112.5    0.557583    0.142418
  115      64     51630     51566   112.085    112.25   0.0175404    0.142444
  116      64     52077     52013   112.082    111.75   0.0221168    0.142452
  117      64     52526     52462   112.083    112.25   0.0251292     0.14245
  118      64     52971     52907   112.076    111.25     0.01373    0.142522
  119      64     53423     53359   112.083       113    0.016095    0.142466
2026-07-08T18:46:32.704558+0800 min lat: 0.00719459 max lat: 0.662128 avg lat: 0.142483
  sec Cur ops   started  finished  avg MB/s  cur MB/s last lat(s)  avg lat(s)
  120      64     53871     53807   112.083       112   0.0307843    0.142483
  121      64     54324     54260   112.092    113.25    0.591132    0.142436
  122      64     54770     54706   112.087     111.5   0.0209212    0.142451
  123      64     55214     55150   112.078       111   0.0350743    0.142442
  124      63     55665     55602   112.085       113  0.00966367    0.142456
  125      64     56116     56052   112.089     112.5    0.557994    0.142465
  126      64     56565     56501    112.09    112.25   0.0389565     0.14245
  127      64     57012     56948   112.087    111.75   0.0226417    0.142417
  128      64     57461     57397   112.088    112.25    0.171857    0.142464
  129      64     57906     57842   112.081    111.25    0.198369    0.142516
  130      64     58359     58295    112.09    113.25   0.0658261    0.142467
  131      64     58807     58743   112.089       112    0.499583    0.142459
  132      64     59257     59193   112.092     112.5     0.58958    0.142435
  133      64     59705     59641   112.092       112   0.0166189    0.142433
  134      64     60153     60089   112.091       112    0.014918     0.14246
  135      64     60600     60536   112.088    111.75    0.529663    0.142466
  136      64     61051     60987   112.093    112.75   0.0191147     0.14244
  137      64     61500     61436   112.094    112.25   0.0154539    0.142452
  138      64     61948     61884   112.093       112    0.038741     0.14247
  139      64     62397     62333   112.094    112.25    0.405907    0.142484
2026-07-08T18:46:52.707290+0800 min lat: 0.00719459 max lat: 0.662128 avg lat: 0.142462
  sec Cur ops   started  finished  avg MB/s  cur MB/s last lat(s)  avg lat(s)
  140      64     62841     62777   112.086       111     0.58731    0.142462
  141      64     63292     63228   112.091    112.75    0.022127    0.142445
  142      64     63742     63678   112.094     112.5   0.0568477    0.142469
  143      64     64191     64127   112.095    112.25   0.0153222    0.142514
  144      64     64639     64575   112.094       112    0.384598    0.142537
  145      64     65088     65024   112.095    112.25  0.00977678    0.142538
  146      64     65533     65469   112.089    111.25   0.0291421    0.142519
  147      64     65985     65921   112.095       113    0.205964    0.142531
  148      64     66434     66370   112.096    112.25   0.0187268    0.142515
  149      64     66884     66820   112.099     112.5    0.015237    0.142456
  150      64     67329     67265   112.093    111.25    0.534433    0.142484
  151      64     67775     67711   112.089     111.5   0.0192469    0.142463
  152      64     68224     68160    112.09    112.25   0.0656415    0.142492
  153      64     68675     68611   112.094    112.75   0.0271973    0.142487
  154      63     69123     69060   112.095    112.25    0.596726    0.142477
  155      64     69574     69510   112.097     112.5   0.0211019    0.142464
  156      64     70022     69958   112.097       112   0.0240925     0.14247
  157      64     70467     70403   112.091    111.25    0.524685    0.142477
  158      64     70917     70853   112.094     112.5    0.523628    0.142493
  159      64     71366     71302   112.095    112.25    0.530013    0.142508
2026-07-08T18:47:12.710263+0800 min lat: 0.00719459 max lat: 0.662128 avg lat: 0.142545
  sec Cur ops   started  finished  avg MB/s  cur MB/s last lat(s)  avg lat(s)
  160      64     71817     71753   112.099    112.75    0.235822    0.142545
  161      64     72264     72200   112.096    111.75   0.0151667    0.142529
  162      64     72714     72650   112.099     112.5     0.31286    0.142547
  163      64     73160     73096   112.095     111.5   0.0174935    0.142545
  164      64     73612     73548     112.1       113    0.202949    0.142569
  165      64     74061     73997   112.101    112.25   0.0161638    0.142513
  166      64     74510     74446   112.102    112.25   0.0251728      0.1425
  167      64     74958     74894   112.101       112    0.045645    0.142477
  168      64     75404     75340   112.098     111.5   0.0506729    0.142498
  169      64     75853     75789   112.098    112.25    0.068266     0.14251
  170      64     76301     76237   112.098       112   0.0291492    0.142496
  171      64     76752     76688   112.101    112.75   0.0174261    0.142488
  172      64     77200     77136   112.101       112    0.530863    0.142488
  173      64     77650     77586   112.103     112.5   0.0148078    0.142493
  174      64     78095     78031   112.098    111.25   0.0385537    0.142484
  175      64     78545     78481     112.1     112.5    0.491583    0.142501
  176      64     78993     78929     112.1       112   0.0473443     0.14252
  177      64     79446     79382   112.106    113.25   0.0218252    0.142511
  178      64     79891     79827   112.101    111.25   0.0189811    0.142487
  179      64     80340     80276   112.102    112.25   0.0241945    0.142494
2026-07-08T18:47:32.712722+0800 min lat: 0.00719459 max lat: 0.662128 avg lat: 0.142499
  sec Cur ops   started  finished  avg MB/s  cur MB/s last lat(s)  avg lat(s)
  180      63     80784     80721   112.097    111.25    0.022793    0.142499
  181      64     81237     81173   112.102       113   0.0352226     0.14249
  182      64     81684     81620     112.1    111.75   0.0152489    0.142501
  183      64     82136     82072   112.105       113    0.043938    0.142492
  184      64     82584     82520   112.104       112    0.156558    0.142516
  185      64     83032     82968   112.104       112   0.0189955    0.142502
  186      64     83480     83416   112.103       112    0.499827      0.1425
  187      64     83928     83864   112.102       112    0.511356    0.142505
  188      64     84377     84313   112.103    112.25   0.0777381    0.142517
  189      64     84826     84762   112.104    112.25   0.0124346    0.142529
  190      64     85275     85211   112.104    112.25    0.447569     0.14254
  191      64     85718     85654   112.097    110.75    0.143775    0.142535
  192      64     86170     86106   112.102       113   0.0265284    0.142519
  193      64     86616     86552   112.099     111.5    0.618572    0.142507
  194      64     87067     87003   112.102    112.75     0.56043    0.142503
  195      64     87514     87450     112.1    111.75     0.56454    0.142498
  196      64     87964     87900   112.102     112.5   0.0235702    0.142512
  197      63     88409     88346   112.099     111.5   0.0306297    0.142502
  198      64     88859     88795     112.1    112.25   0.0376323    0.142506
  199      64     89308     89244     112.1    112.25   0.0205134    0.142518
2026-07-08T18:47:52.715529+0800 min lat: 0.00719459 max lat: 0.662128 avg lat: 0.14252
  sec Cur ops   started  finished  avg MB/s  cur MB/s last lat(s)  avg lat(s)
  200      63     89758     89695   112.103    112.75   0.0191153     0.14252
  201      64     90204     90140   112.099    111.25    0.513383    0.142527
  202      64     90650     90586   112.096     111.5    0.493284    0.142535
  203      64     91100     91036   112.098     112.5   0.0163953    0.142526
  204      64     91549     91485   112.099    112.25   0.0225992    0.142517
  205      64     91998     91934   112.099    112.25   0.0310026    0.142512
  206      64     92447     92383     112.1    112.25   0.0152056    0.142508
  207      64     92897     92833   112.102     112.5   0.0138292    0.142533
  208      64     93338     93274   112.093    110.25   0.0188663    0.142527
  209      64     93791     93727   112.098    113.25    0.578145    0.142517
  210      64     94240     94176   112.099    112.25  0.00994764    0.142526
  211      64     94689     94625   112.099    112.25    0.104165    0.142533
  212      64     95138     95074     112.1    112.25   0.0385741    0.142514
  213      64     95587     95523   112.101    112.25   0.0716667     0.14252
  214      64     96032     95968   112.097    111.25    0.041955    0.142539
  215      64     96483     96419     112.1    112.75    0.526516    0.142534
  216      64     96932     96868     112.1    112.25    0.030904    0.142535
  217      64     97379     97315   112.099    111.75    0.019176    0.142514
  218      64     97829     97765     112.1     112.5   0.0282546    0.142517
  219      64     98275     98211   112.098     111.5     0.01633    0.142533
2026-07-08T18:48:12.718332+0800 min lat: 0.00719459 max lat: 0.662128 avg lat: 0.142511
  sec Cur ops   started  finished  avg MB/s  cur MB/s last lat(s)  avg lat(s)
  220      64     98724     98660   112.098    112.25   0.0586301    0.142511
  221      64     99174     99110     112.1     112.5    0.583352    0.142524
  222      64     99623     99559   112.101    112.25   0.0148625    0.142527
  223      64    100072    100008   112.101    112.25    0.527031    0.142556
  224      64    100521    100457   112.102    112.25   0.0407956    0.142549
  225      64    100965    100901   112.097       111    0.011383    0.142564
  226      64    101417    101353   112.101       113    0.495133    0.142557
  227      64    101865    101801     112.1       112   0.0159427    0.142596
  228      64    102313    102249     112.1       112    0.310152    0.142586
  229      64    102761    102697   112.099       112   0.0150988    0.142584
  230      63    103210    103147   112.101     112.5   0.0584879    0.142575
  231      64    103656    103592   112.097    111.25    0.530319    0.142538
  232      64    104108    104044   112.101       113    0.539495    0.142549
  233      64    104556    104492     112.1       112   0.0188179    0.142556
  234      64    105005    104941   112.101    112.25   0.0175511    0.142533
  235      64    105454    105390   112.102    112.25    0.485362    0.142543
  236      64    105900    105836   112.099     111.5   0.0112082     0.14254
  237      64    106350    106286   112.101     112.5   0.0767282     0.14255
  238      64    106800    106736   112.102     112.5   0.0342709    0.142535
  239      64    107247    107183   112.101    111.75   0.0286328    0.142525
2026-07-08T18:48:32.721040+0800 min lat: 0.00719459 max lat: 0.664841 avg lat: 0.142562
  sec Cur ops   started  finished  avg MB/s  cur MB/s last lat(s)  avg lat(s)
  240      64    107696    107632   112.101    112.25    0.503729    0.142562
  241      64    108145    108081   112.102    112.25    0.127149    0.142549
  242      64    108591    108527   112.099     111.5   0.0154731    0.142559
  243      64    109041    108977   112.101     112.5   0.0340426    0.142551
  244      64    109490    109426   112.101    112.25    0.482428    0.142571
  245      64    109941    109877   112.104    112.75   0.0123028    0.142539
  246      64    110385    110321   112.099       111   0.0225397    0.142552
  247      64    110834    110770     112.1    112.25   0.0122217    0.142561
  248      64    111279    111215   112.096    111.25     0.50964    0.142555
  249      64    111731    111667     112.1       113    0.451645    0.142557
  250      64    112179    112115     112.1       112   0.0195676    0.142567
  251      64    112627    112563   112.099       112    0.104558     0.14256
  252      64    113077    113013   112.101     112.5    0.450489    0.142576
  253      64    113522    113458   112.097    111.25   0.0241517    0.142558
  254      64    113972    113908   112.099     112.5    0.438176    0.142577
  255      64    114423    114359   112.101    112.75    0.535243    0.142553
  256      64    114871    114807   112.101       112    0.503478    0.142555
  257      64    115318    115254   112.099    111.75   0.0401794    0.142548
  258      64    115769    115705   112.102    112.75    0.496648    0.142549
  259      64    116215    116151     112.1     111.5   0.0252739    0.142552
2026-07-08T18:48:52.723637+0800 min lat: 0.00719459 max lat: 0.664841 avg lat: 0.142554
  sec Cur ops   started  finished  avg MB/s  cur MB/s last lat(s)  avg lat(s)
  260      64    116664    116600     112.1    112.25    0.578055    0.142554
  261      64    117112    117048     112.1       112    0.588643    0.142543
  262      64    117563    117499   112.102    112.75  0.00984449     0.14258
  263      64    118008    117944   112.099    111.25   0.0285923    0.142593
  264      64    118457    118393   112.099    112.25     0.16242    0.142564
  265      64    118904    118840   112.098    111.75    0.477189     0.14256
  266      64    119355    119291     112.1    112.75   0.0265513    0.142548
  267      64    119803    119739     112.1       112   0.0278385    0.142558
  268      64    120252    120188     112.1    112.25   0.0159621    0.142558
  269      64    120700    120636     112.1       112   0.0170954    0.142564
  270      64    121147    121083   112.099    111.75   0.0286772    0.142566
  271      64    121595    121531   112.098       112   0.0439108    0.142582
  272      64    122045    121981     112.1     112.5   0.0271389    0.142585
  273      64    122492    122428   112.098    111.75   0.0182007    0.142599
  274      64    122943    122879   112.101    112.75   0.0285901    0.142594
  275      64    123391    123327     112.1       112   0.0902893    0.142594
  276      64    123836    123772   112.097    111.25   0.0185359    0.142574
  277      64    124286    124222   112.098     112.5   0.0523187     0.14255
  278      64    124734    124670   112.098       112    0.047049    0.142565
  279      64    125185    125121     112.1    112.75   0.0552646    0.142563
2026-07-08T18:49:12.726315+0800 min lat: 0.00719459 max lat: 0.706345 avg lat: 0.142566
  sec Cur ops   started  finished  avg MB/s  cur MB/s last lat(s)  avg lat(s)
  280      64    125633    125569     112.1       112   0.0149057    0.142566
  281      64    126081    126017   112.099       112   0.0147421    0.142558
  282      64    126527    126463   112.097     111.5    0.571384    0.142572
  283      64    126979    126915     112.1       113   0.0353764    0.142559
  284      64    127428    127364   112.101    112.25   0.0339952    0.142565
  285      64    127874    127810   112.099     111.5    0.556007    0.142561
  286      64    128326    128262   112.102       113   0.0206754    0.142559
  287      64    128771    128707   112.099    111.25   0.0142502    0.142561
  288      64    129222    129158   112.101    112.75    0.021714    0.142578
  289      64    129673    129609   112.103    112.75    0.199156    0.142587
  290      64    130120    130056   112.102    111.75     0.18009    0.142603
  291      63    130568    130505   112.102    112.25    0.175502    0.142604
  292      64    131016    130952   112.101    111.75   0.0271277    0.142565
  293      64    131461    131397   112.098    111.25    0.480187     0.14258
  294      64    131910    131846   112.099    112.25    0.486208    0.142568
  295      64    132359    132295   112.099    112.25   0.0351631    0.142574
  296      64    132809    132745     112.1     112.5   0.0816347    0.142578
  297      63    133258    133195   112.102     112.5   0.0131222    0.142574
  298      64    133705    133641     112.1     111.5     0.54709    0.142566
  299      64    134151    134087   112.098     111.5   0.0175535    0.142592
2026-07-08T18:49:32.728786+0800 min lat: 0.00697637 max lat: 0.706345 avg lat: 0.142604
  sec Cur ops   started  finished  avg MB/s  cur MB/s last lat(s)  avg lat(s)
  300      44    134583    134539   112.101       113    0.395788    0.142604
Total time run:       300.137
Total reads made:     134583
Read size:            262144
Object size:          262144
Bandwidth (MB/sec):   112.101
Average IOPS:         448
Stddev IOPS:          2.09522
Max IOPS:             453
Min IOPS:             441
Average Latency(s):   0.142642
Max latency(s):       0.706345
Min latency(s):       0.00697637
[2026-07-08 18:49:33] -- rand read r2 --
hints = 1
  sec Cur ops   started  finished  avg MB/s  cur MB/s last lat(s)  avg lat(s)
    0       0         0         0         0         0           -           0
    1      64       503       439   109.729    109.75   0.0379463    0.119743
    2      64       950       886   110.732    111.75    0.517068     0.12737
    3      63      1399      1336   111.314     112.5   0.0200751    0.133412
    4      64      1849      1785   111.545    112.25   0.0223888    0.134588
    5      64      2293      2229   111.433       111     0.48993    0.136839
    6      64      2743      2679   111.609     112.5   0.0389747     0.13786
    7      64      3190      3126   111.627    111.75    0.612321    0.137863
    8      64      3637      3573   111.641    111.75   0.0201115    0.139132
    9      64      4087      4023   111.734     112.5   0.0294376    0.138912
   10      64      4536      4472   111.784    112.25   0.0359235    0.139847
   11      64      4984      4920   111.802       112   0.0226483    0.139957
   12      64      5436      5372   111.901       113    0.587819    0.139972
   13      64      5884      5820   111.907       112    0.601344    0.140182
   14      64      6331      6267   111.894    111.75   0.0172567      0.1406
   15      64      6781      6717   111.934     112.5   0.0219002    0.140425
   16      64      7229      7165   111.937       112    0.478447    0.140961
   17      64      7678      7614   111.955    112.25   0.0292545    0.140873
   18      64      8127      8063    111.97    112.25    0.019527    0.140946
   19      64      8570      8506   111.905    110.75   0.0337562      0.1411
2026-07-08T18:50:00.532163+0800 min lat: 0.00792016 max lat: 0.720688 avg lat: 0.141083
  sec Cur ops   started  finished  avg MB/s  cur MB/s last lat(s)  avg lat(s)
   20      64      9023      8959   111.972    113.25   0.0250452    0.141083
   21      64      9471      9407   111.972       112    0.537974    0.141297
   22      64      9919      9855   111.973       112    0.627198    0.141372
   23      64     10370     10306   112.006    112.75   0.0800595    0.141245
   24      63     10816     10753   111.994    111.75   0.0194897    0.141257
   25      64     11264     11200   111.984    111.75   0.0245781    0.141332
   26      64     11714     11650   112.003     112.5   0.0132065    0.141599
   27      64     12163     12099   112.011    112.25   0.0211464    0.141558
   28      64     12611     12547    112.01       112   0.0212337    0.141502
   29      64     13061     12997   112.027     112.5   0.0930881    0.141734
   30      64     13508     13444   112.017    111.75     0.02835    0.141494
   31      64     13956     13892   112.016       112   0.0180363    0.141592
   32      63     14406     14343   112.039    112.75   0.0451784    0.141833
   33      64     14854     14790    112.03    111.75    0.553595    0.141897
   34      64     15304     15240   112.043     112.5   0.0531314    0.141692
   35      64     15751     15687   112.034    111.75   0.0213927    0.141716
   36      64     16196     16132   112.012    111.25     0.51556    0.141844
   37      64     16648     16584   112.039       113    0.601042    0.141749
   38      64     17097     17033   112.044    112.25   0.0203701    0.141889
   39      64     17544     17480   112.036    111.75   0.0283693      0.1419
2026-07-08T18:50:20.534794+0800 min lat: 0.00735666 max lat: 0.720688 avg lat: 0.141907
  sec Cur ops   started  finished  avg MB/s  cur MB/s last lat(s)  avg lat(s)
   40      64     17995     17931   112.054    112.75    0.554993    0.141907
   41      64     18442     18378   112.046    111.75    0.526756    0.141923
   42      64     18888     18824   112.032     111.5   0.0211185      0.1419
   43      64     19340     19276   112.054       113   0.0147546    0.141913
   44      64     19788     19724   112.053       112   0.0169516    0.141902
   45      64     20236     20172   112.051       112  0.00927043    0.141919
   46      64     20686     20622   112.061     112.5    0.583651    0.141956
   47      64     21133     21069   112.054    111.75   0.0152592    0.141821
   48      64     21579     21515   112.042     111.5    0.536032     0.14202
   49      64     22032     21968   112.067    113.25   0.0249863     0.14203
   50      64     22477     22413    112.05    111.25   0.0282089    0.141983
   51      64     22929     22865   112.068       113   0.0123868    0.142059
   52      64     23377     23313   112.067       112   0.0407666    0.141977
   53      64     23824     23760    112.06    111.75    0.465715    0.142168
   54      64     24273     24209   112.064    112.25    0.024365    0.142157
   55      64     24725     24661    112.08       113   0.0126999    0.142053
   56      64     25170     25106   112.065    111.25    0.582591    0.142105
   57      64     25622     25558   112.081       113   0.0187766    0.142193
   58      64     26069     26005   112.075    111.75   0.0281089    0.142078
   59      64     26514     26450   112.061    111.25    0.525085    0.142199
2026-07-08T18:50:40.537392+0800 min lat: 0.00735666 max lat: 0.73932 avg lat: 0.142041
  sec Cur ops   started  finished  avg MB/s  cur MB/s last lat(s)  avg lat(s)
   60      64     26966     26902   112.077       113   0.0155616    0.142041
   61      64     27415     27351   112.079    112.25   0.0407654    0.142099
   62      64     27864     27800   112.082    112.25   0.0446731    0.142048
   63      64     28313     28249   112.084    112.25    0.555873    0.142175
   64      64     28758     28694   112.071    111.25   0.0328603     0.14208
   65      64     29206     29142    112.07       112    0.443005    0.142266
   66      64     29658     29594   112.083       113   0.0119363    0.142227
   67      64     30104     30040   112.074     111.5   0.0258616    0.142096
   68      64     30556     30492   112.088       113   0.0155172     0.14225
   69      64     31003     30939   112.083    111.75   0.0234971    0.142286
   70      64     31449     31385   112.074     111.5   0.0295471    0.142235
   71      64     31899     31835    112.08     112.5    0.650862    0.142154
   72      64     32351     32287   112.092       113   0.0222892     0.14222
   73      64     32796     32732   112.081    111.25   0.0151755    0.142206
   74      64     33247     33183   112.089    112.75   0.0229087    0.142189
   75      64     33695     33631   112.088       112    0.493333    0.142273
   76      64     34137     34073   112.067     110.5   0.0146753    0.142189
   77      63     34589     34526   112.082    113.25   0.0320856    0.142349
   78      64     35038     34974   112.081       112   0.0233837    0.142276
   79      64     35487     35423   112.083    112.25   0.0203257    0.142264
2026-07-08T18:51:00.540318+0800 min lat: 0.00723591 max lat: 0.758446 avg lat: 0.142232
  sec Cur ops   started  finished  avg MB/s  cur MB/s last lat(s)  avg lat(s)
   80      64     35936     35872   112.085    112.25   0.0211194    0.142232
   81      64     36384     36320   112.083       112   0.0263056    0.142233
   82      64     36832     36768   112.082       112    0.032419    0.142226
   83      64     37284     37220   112.093       113   0.0241448    0.142303
   84      64     37730     37666   112.086     111.5   0.0312607    0.142298
   85      64     38180     38116    112.09     112.5    0.605896    0.142234
   86      64     38628     38564   112.089       112    0.504171    0.142366
   87      64     39073     39009   112.079    111.25   0.0355739    0.142347
   88      64     39523     39459   112.084     112.5   0.0290446    0.142256
   89      64     39972     39908   112.086    112.25   0.0357285    0.142239
   90      64     40421     40357   112.087    112.25   0.0176507     0.14228
   91      64     40873     40809   112.097       113   0.0322387    0.142267
   92      64     41321     41257   112.096       112   0.0179727    0.142384
   93      64     41765     41701   112.084       111   0.0309986    0.142271
   94      64     42215     42151   112.088     112.5   0.0291747    0.142337
   95      64     42665     42601   112.092     112.5   0.0294353    0.142257
   96      64     43112     43048   112.089    111.75   0.0305897    0.142288
   97      63     43560     43497    112.09    112.25   0.0299972    0.142294
   98      64     44012     43948   112.097    112.75   0.0741204    0.142377
   99      64     44457     44393   112.088    111.25    0.602074    0.142326
2026-07-08T18:51:20.543176+0800 min lat: 0.00723591 max lat: 0.783031 avg lat: 0.142312
  sec Cur ops   started  finished  avg MB/s  cur MB/s last lat(s)  avg lat(s)
  100      64     44910     44846     112.1    113.25   0.0224077    0.142312
  101      64     45355     45291   112.091    111.25   0.0427827    0.142338
  102      64     45805     45741   112.095     112.5   0.0147697    0.142306
  103      64     46253     46189   112.094       112    0.516614    0.142369
  104      64     46698     46634   112.085    111.25   0.0182947    0.142379
  105      64     47147     47083   112.087    112.25    0.649706    0.142364
  106      64     47598     47534   112.093    112.75    0.045281    0.142299
  107      64     48046     47982   112.092       112   0.0413161    0.142275
  108      64     48497     48433   112.098    112.75   0.0191813    0.142382
  109      64     48944     48880   112.095    111.75   0.0333084    0.142384
  110      64     49390     49326   112.089     111.5   0.0227735    0.142377
  111      64     49839     49775    112.09    112.25      0.5966    0.142352
  112      64     50286     50222   112.087    111.75   0.0485968    0.142392
  113      64     50736     50672   112.091     112.5   0.0224096    0.142372
  114      64     51184     51120    112.09       112   0.0324612    0.142367
  115      64     51632     51568   112.089       112    0.526625     0.14241
  116      64     52080     52016   112.088       112   0.0231822    0.142359
  117      64     52532     52468   112.096       113   0.0156515    0.142401
  118      64     52980     52916   112.095       112    0.526828    0.142431
  119      64     53427     53363   112.092    111.75   0.0241601    0.142373
2026-07-08T18:51:40.545954+0800 min lat: 0.00723591 max lat: 0.783031 avg lat: 0.142442
  sec Cur ops   started  finished  avg MB/s  cur MB/s last lat(s)  avg lat(s)
  120      64     53876     53812   112.093    112.25   0.0418124    0.142442
  121      64     54322     54258   112.088     111.5   0.0259033     0.14242
  122      64     54771     54707   112.089    112.25   0.0195942    0.142355
  123      64     55219     55155   112.088       112   0.0242721    0.142427
  124      63     55669     55606   112.093    112.75   0.0195041     0.14237
  125      64     56119     56055   112.094    112.25   0.0271205    0.142412
  126      64     56568     56504   112.096    112.25    0.518482     0.14242
  127      64     57010     56946   112.083     110.5   0.0280768    0.142411
  128      64     57464     57400   112.094     113.5   0.0232722    0.142389
  129      64     57911     57847   112.091    111.75   0.0277118    0.142396
  130      64     58358     58294   112.088    111.75   0.0266877    0.142393
  131      64     58808     58744   112.091     112.5   0.0248246    0.142368
  132      64     59257     59193   112.092    112.25   0.0265483    0.142473
  133      64     59702     59638   112.086    111.25   0.0118442    0.142458
  134      64     60154     60090   112.093       113      0.5848    0.142411
  135      64     60602     60538   112.092       112   0.0315962    0.142466
  136      64     61049     60985   112.089    111.75    0.027107    0.142458
  137      64     61498     61434    112.09    112.25    0.583277    0.142441
  138      64     61943     61879   112.084    111.25     0.65295    0.142423
  139      64     62395     62331   112.091       113   0.0133373    0.142402
2026-07-08T18:52:00.548697+0800 min lat: 0.00723591 max lat: 0.783031 avg lat: 0.142452
  sec Cur ops   started  finished  avg MB/s  cur MB/s last lat(s)  avg lat(s)
  140      64     62843     62779    112.09       112   0.0246151    0.142452
  141      64     63291     63227   112.089       112    0.554063    0.142449
  142      64     63742     63678   112.094    112.75   0.0236973    0.142434
  143      64     64191     64127   112.095    112.25   0.0384015    0.142477
  144      64     64635     64571   112.087       111   0.0344201    0.142446
  145      64     65087     65023   112.093       113   0.0383434    0.142471
  146      64     65536     65472   112.094    112.25   0.0253721    0.142439
  147      64     65983     65919   112.092    111.75    0.532989     0.14247
  148      64     66434     66370   112.096    112.75    0.548807    0.142447
  149      64     66880     66816   112.092     111.5   0.0330205    0.142442
  150      64     67326     67262   112.088     111.5   0.0273839    0.142455
  151      64     67777     67713   112.092    112.75    0.494093    0.142474
  152      64     68224     68160    112.09    111.75   0.0351763    0.142465
  153      64     68671     68607   112.088    111.75    0.523155    0.142507
  154      64     69119     69055   112.087       112    0.539224     0.14247
  155      64     69563     69499    112.08       111   0.0318911     0.14252
  156      64     70014     69950   112.084    112.75   0.0325997    0.142447
  157      64     70463     70399   112.085    112.25   0.0212873    0.142458
  158      64     70912     70848   112.086    112.25   0.0463697    0.142482
  159      64     71360     71296   112.085       112   0.0295284    0.142446
2026-07-08T18:52:20.551282+0800 min lat: 0.00723591 max lat: 0.783031 avg lat: 0.142505
  sec Cur ops   started  finished  avg MB/s  cur MB/s last lat(s)  avg lat(s)
  160      64     71810     71746   112.088     112.5   0.0213633    0.142505
  161      64     72254     72190   112.081       111   0.0343888    0.142495
  162      64     72706     72642   112.086       113   0.0356126    0.142468
  163      64     73155     73091   112.087    112.25    0.027005    0.142488
  164      64     73601     73537   112.084     111.5    0.013239    0.142468
  165      64     74050     73986   112.085    112.25   0.0230243    0.142497
  166      64     74497     74433   112.083    111.75   0.0724225    0.142499
  167      64     74944     74880    112.08    111.75   0.0204801    0.142516
  168      64     75394     75330   112.083     112.5    0.575498    0.142502
  169      64     75842     75778   112.082       112   0.0791169    0.142472
  170      64     76292     76228   112.085     112.5   0.0457691    0.142514
  171      64     76739     76675   112.083    111.75     0.52214     0.14252
  172      64     77185     77121   112.079     111.5    0.537795    0.142505
  173      64     77636     77572   112.083    112.75   0.0200961    0.142518
  174      64     78085     78021   112.084    112.25   0.0271862    0.142527
  175      64     78534     78470   112.085    112.25   0.0239843    0.142494
  176      63     78981     78918   112.084       112   0.0268399    0.142475
  177      64     79431     79367   112.085    112.25   0.0351486    0.142522
  178      64     79876     79812    112.08    111.25   0.0442683    0.142501
  179      64     80329     80265   112.087    113.25    0.548919    0.142512
2026-07-08T18:52:40.554092+0800 min lat: 0.00707733 max lat: 0.783031 avg lat: 0.142523
  sec Cur ops   started  finished  avg MB/s  cur MB/s last lat(s)  avg lat(s)
  180      64     80776     80712   112.085    111.75   0.0233933    0.142523
  181      64     81224     81160   112.084       112   0.0206906    0.142498
  182      64     81673     81609   112.085    112.25   0.0180292    0.142527
  183      64     82119     82055   112.082     111.5   0.0315627    0.142514
  184      64     82569     82505   112.084     112.5   0.0212653    0.142508
  185      64     83019     82955   112.086     112.5   0.0125924    0.142532
  186      64     83467     83403   112.085       112   0.0345232    0.142513
  187      63     83917     83854   112.089    112.75   0.0207241    0.142535
  188      64     84364     84300   112.086     111.5   0.0265595    0.142492
  189      64     84810     84746   112.082     111.5   0.0290312    0.142501
  190      64     85261     85197   112.086    112.75   0.0235732    0.142513
  191      64     85711     85647   112.088     112.5    0.637717    0.142498
  192      64     86159     86095   112.087       112    0.018285    0.142512
  193      64     86607     86543   112.087       112    0.663188    0.142491
  194      64     87056     86992   112.088    112.25    0.031401     0.14253
  195      64     87502     87438   112.085     111.5   0.0401457    0.142529
  196      64     87953     87889   112.088    112.75   0.0321602    0.142508
  197      64     88403     88339    112.09     112.5   0.0288141    0.142494
  198      64     88851     88787   112.089       112    0.035991      0.1425
  199      64     89299     89235   112.089       112   0.0198046    0.142543
2026-07-08T18:53:00.556772+0800 min lat: 0.00707733 max lat: 0.783031 avg lat: 0.142505
  sec Cur ops   started  finished  avg MB/s  cur MB/s last lat(s)  avg lat(s)
  200      63     89744     89681   112.086     111.5   0.0267672    0.142505
  201      64     90196     90132   112.089    112.75   0.0287541    0.142508
  202      64     90646     90582   112.091     112.5    0.025568    0.142489
  203      64     91095     91031   112.092    112.25   0.0176195    0.142529
  204      64     91542     91478    112.09    111.75   0.0274896    0.142506
  205      64     91990     91926    112.09       112   0.0175228    0.142512
  206      64     92436     92372   112.087     111.5   0.0400078    0.142521
  207      64     92887     92823    112.09    112.75   0.0260432    0.142514
  208      64     93334     93270   112.088    111.75   0.0440222    0.142507
  209      64     93784     93720    112.09     112.5   0.0318927     0.14255
  210      64     94231     94167   112.088    111.75    0.518969    0.142533
  211      64     94677     94613   112.085     111.5    0.543595    0.142558
  212      64     95124     95060   112.084    111.75   0.0406454    0.142543
  213      64     95575     95511   112.087    112.75   0.0202802    0.142535
  214      64     96024     95960   112.087    112.25  0.00820418    0.142546
  215      64     96470     96406   112.085     111.5   0.0200507    0.142532
  216      64     96919     96855   112.085    112.25   0.0242959    0.142544
  217      64     97365     97301   112.083     111.5    0.445378    0.142568
  218      64     97812     97748   112.081    111.75    0.548426    0.142549
  219      64     98262     98198   112.083     112.5    0.681667    0.142519
2026-07-08T18:53:20.559362+0800 min lat: 0.00707733 max lat: 0.783031 avg lat: 0.142533
  sec Cur ops   started  finished  avg MB/s  cur MB/s last lat(s)  avg lat(s)
  220      64     98712     98648   112.085     112.5   0.0131609    0.142533
  221      64     99159     99095   112.083    111.75   0.0277561    0.142526
  222      64     99607     99543   112.083       112   0.0096196    0.142522
  223      64    100055     99991   112.082       112   0.0267583     0.14253
  224      64    100504    100440   112.083    112.25   0.0452758    0.142528
  225      64    100955    100891   112.086    112.75   0.0138074    0.142543
  226      64    101403    101339   112.085       112   0.0173217     0.14253
  227      64    101852    101788   112.086    112.25   0.0192253    0.142556
  228      64    102296    102232   112.081       111    0.568063    0.142549
  229      64    102745    102681   112.082    112.25    0.520708    0.142567
  230      63    103197    103134   112.087    113.25    0.538544    0.142546
  231      64    103646    103582   112.087       112   0.0150655    0.142538
  232      64    104092    104028   112.084     111.5     0.58741    0.142553
  233      64    104543    104479   112.087    112.75   0.0306596    0.142564
  234      64    104989    104925   112.084     111.5    0.541263    0.142557
  235      64    105438    105374   112.085    112.25   0.0117199     0.14253
  236      64    105888    105824   112.087     112.5   0.0455011    0.142546
  237      64    106336    106272   112.086       112   0.0357112    0.142556
  238      64    106785    106721   112.087    112.25   0.0248355    0.142562
  239      64    107232    107168   112.085    111.75   0.0424855    0.142562
2026-07-08T18:53:40.561865+0800 min lat: 0.00707733 max lat: 0.783031 avg lat: 0.142573
  sec Cur ops   started  finished  avg MB/s  cur MB/s last lat(s)  avg lat(s)
  240      64    107680    107616   112.085       112   0.0183099    0.142573
  241      64    108128    108064   112.084       112    0.542547    0.142558
  242      64    108577    108513   112.085    112.25   0.0582303    0.142562
  243      64    109025    108961   112.085       112   0.0177763    0.142546
  244      64    109474    109410   112.085    112.25   0.0624095    0.142562
  245      64    109922    109858   112.085       112   0.0385508    0.142534
  246      64    110369    110305   112.083    111.75    0.600738    0.142552
  247      64    110820    110756   112.086    112.75    0.013818     0.14257
  248      64    111270    111206   112.088     112.5   0.0226372    0.142552
  249      64    111715    111651   112.084    111.25   0.0298618    0.142576
  250      64    112164    112100   112.085    112.25     0.02244    0.142532
  251      64    112612    112548   112.084       112    0.015049    0.142553
  252      64    113060    112996   112.084       112   0.0372269    0.142565
  253      64    113511    113447   112.087    112.75    0.513362    0.142566
  254      64    113961    113897   112.088     112.5    0.033106    0.142563
  255      64    114408    114344   112.087    111.75    0.469381    0.142571
  256      64    114855    114791   112.086    111.75    0.511416    0.142573
  257      64    115303    115239   112.085       112   0.0143565    0.142573
  258      64    115752    115688   112.086    112.25   0.0213852    0.142569
  259      64    116201    116137   112.086    112.25   0.0225802    0.142579
2026-07-08T18:54:00.564273+0800 min lat: 0.00707733 max lat: 0.783031 avg lat: 0.142571
  sec Cur ops   started  finished  avg MB/s  cur MB/s last lat(s)  avg lat(s)
  260      64    116649    116585   112.086       112   0.0312074    0.142571
  261      63    117100    117037   112.089       113   0.0512806     0.14256
  262      64    117546    117482   112.086    111.25   0.0469005    0.142568
  263      64    117994    117930   112.086       112   0.0329313    0.142558
  264      64    118444    118380   112.087     112.5    0.581886    0.142566
  265      64    118893    118829   112.088    112.25   0.0180946    0.142553
  266      64    119338    119274   112.085    111.25   0.0648888    0.142578
  267      64    119788    119724   112.086     112.5   0.0507679    0.142563
  268      64    120237    120173   112.087    112.25   0.0238241    0.142588
  269      64    120687    120623   112.088     112.5   0.0148154    0.142568
  270      64    121136    121072   112.089    112.25   0.0449685    0.142545
  271      64    121586    121522    112.09     112.5   0.0161521    0.142531
  272      64    122034    121970    112.09       112   0.0125019    0.142562
  273      64    122480    122416   112.087     111.5   0.0228104    0.142563
  274      64    122932    122868   112.091       113   0.0129618    0.142558
  275      64    123378    123314   112.089     111.5   0.0222361    0.142565
  276      64    123826    123762   112.088       112   0.0301606    0.142562
  277      63    124275    124212    112.09     112.5   0.0239787     0.14257
  278      64    124723    124659   112.088    111.75   0.0275026    0.142578
  279      64    125170    125106   112.087    111.75   0.0205003    0.142565
2026-07-08T18:54:20.566966+0800 min lat: 0.00707733 max lat: 0.783031 avg lat: 0.142578
  sec Cur ops   started  finished  avg MB/s  cur MB/s last lat(s)  avg lat(s)
  280      64    125618    125554   112.087       112    0.548987    0.142578
  281      64    126068    126004   112.088     112.5    0.651696    0.142575
  282      64    126518    126454    112.09     112.5   0.0159205    0.142581
  283      64    126963    126899   112.087    111.25   0.0184611    0.142562
  284      64    127412    127348   112.087    112.25   0.0168955    0.142576
  285      64    127862    127798   112.088     112.5   0.0437905     0.14258
  286      64    128308    128244   112.086     111.5    0.539911    0.142578
  287      64    128758    128694   112.088     112.5   0.0224125    0.142567
  288      64    129208    129144   112.089     112.5    0.531837    0.142569
  289      64    129655    129591   112.088    111.75   0.0191735    0.142576
  290      64    130102    130038   112.087    111.75   0.0218858    0.142571
  291      64    130551    130487   112.087    112.25   0.0206191     0.14259
  292      64    130999    130935   112.087       112   0.0194226    0.142593
  293      64    131448    131384   112.087    112.25    0.064852    0.142574
  294      64    131898    131834   112.089     112.5   0.0290963    0.142573
  295      64    132346    132282   112.088       112    0.454272    0.142594
  296      64    132792    132728   112.086     111.5    0.480483    0.142588
  297      64    133242    133178   112.088     112.5    0.032851     0.14258
  298      64    133692    133628   112.089     112.5    0.035649    0.142579
  299      64    134142    134078    112.09     112.5    0.013127    0.142566
2026-07-08T18:54:40.569344+0800 min lat: 0.00707733 max lat: 0.783031 avg lat: 0.142584
  sec Cur ops   started  finished  avg MB/s  cur MB/s last lat(s)  avg lat(s)
  300      46    134571    134525   112.089    111.75    0.550114    0.142584
Total time run:       300.14
Total reads made:     134571
Read size:            262144
Object size:          262144
Bandwidth (MB/sec):   112.09
Average IOPS:         448
Stddev IOPS:          2.20133
Max IOPS:             454
Min IOPS:             439
Average Latency(s):   0.142657
Max latency(s):       0.783031
Min latency(s):       0.00707733
[2026-07-08 18:54:41] -- rand read r3 --
hints = 1
  sec Cur ops   started  finished  avg MB/s  cur MB/s last lat(s)  avg lat(s)
    0       0         0         0         0         0           -           0
    1      64       504       440   109.979       110    0.412086    0.124714
    2      64       955       891   111.357    112.75   0.0375331    0.127156
    3      64      1405      1341   111.734     112.5   0.0205024    0.131987
    4      64      1851      1787   111.673     111.5   0.0220023     0.13494
    5      64      2296      2232   111.586    111.25   0.0587015    0.137309
    6      64      2746      2682   111.737     112.5   0.0383296    0.137263
    7      64      3194      3130   111.773       112   0.0232052    0.138268
    8      64      3644      3580   111.862     112.5   0.0267326    0.139083
    9      64      4092      4028   111.875       112   0.0583607    0.139327
   10      64      4539      4475   111.861    111.75    0.587585    0.139818
   11      64      4989      4925   111.918     112.5   0.0594921    0.139641
   12      64      5435      5371   111.882     111.5    0.570527    0.139883
   13      64      5886      5822   111.948    112.75   0.0194752    0.140457
   14      64      6335      6271   111.968    112.25    0.551949    0.140531
   15      64      6781      6717   111.936     111.5   0.0166804    0.140738
   16      64      7227      7163   111.908     111.5   0.0127919    0.140862
   17      63      7676      7613   111.942     112.5    0.575014    0.140808
   18      64      8124      8060   111.931    111.75   0.0370938    0.140942
   19      64      8576      8512   111.986       113   0.0289333    0.141047
2026-07-08T18:55:08.395352+0800 min lat: 0.0080123 max lat: 0.68323 avg lat: 0.141184
  sec Cur ops   started  finished  avg MB/s  cur MB/s last lat(s)  avg lat(s)
   20      64      9024      8960   111.986       112   0.0647111    0.141184
   21      64      9472      9408   111.986       112    0.553619     0.14123
   22      64      9919      9855   111.975    111.75   0.0138942    0.141457
   23      64     10367     10303   111.975       112   0.0306169    0.141451
   24      64     10818     10754   112.007    112.75   0.0140819    0.141457
   25      64     11268     11204   112.026     112.5   0.0262577    0.141621
   26      64     11715     11651   112.015    111.75   0.0291699    0.141424
   27      64     12162     12098   112.005    111.75    0.600654    0.141464
   28      64     12612     12548   112.022     112.5   0.0294372    0.141484
   29      64     13058     12994   112.004     111.5   0.0350372     0.14151
   30      64     13509     13445   112.028    112.75   0.0190899    0.141648
   31      64     13960     13896   112.051    112.75   0.0268431    0.141693
   32      64     14406     14342   112.033     111.5     0.60683    0.141677
   33      64     14851     14787   112.009    111.25   0.0280516    0.141745
   34      64     15305     15241   112.053     113.5   0.0154788    0.141839
   35      64     15751     15687   112.036     111.5   0.0264935    0.141844
   36      64     16202     16138   112.056    112.75   0.0217345    0.141902
   37      64     16652     16588   112.067     112.5   0.0413301    0.141855
   38      64     17098     17034   112.052     111.5   0.0268772    0.141802
   39      63     17544     17481   112.044    111.75    0.525695    0.141877
2026-07-08T18:55:28.397969+0800 min lat: 0.00734201 max lat: 0.68323 avg lat: 0.141904
  sec Cur ops   started  finished  avg MB/s  cur MB/s last lat(s)  avg lat(s)
   40      64     17994     17930   112.048    112.25    0.505214    0.141904
   41      64     18444     18380   112.059     112.5   0.0205261    0.141913
   42      64     18894     18830   112.069     112.5   0.0192609    0.141955
   43      64     19342     19278   112.067       112    0.489026    0.142051
   44      63     19787     19724   112.054     111.5   0.0431347    0.141964
   45      64     20238     20174   112.063     112.5     0.47149    0.142028
   46      64     20685     20621   112.056    111.75   0.0250127    0.142051
   47      64     21134     21070    112.06    112.25   0.0188394    0.142065
   48      63     21585     21522   112.079       113   0.0304762     0.14201
   49      64     22032     21968   112.067     111.5    0.571063    0.141994
   50      64     22478     22414   112.056     111.5   0.0301216    0.142122
   51      63     22930     22867   112.079    113.25   0.0174249    0.142122
   52      64     23377     23313   112.067     111.5   0.0211133     0.14208
   53      64     23828     23764    112.08    112.75    0.497741    0.142105
   54      64     24275     24211   112.074    111.75   0.0206259    0.142075
   55      64     24722     24658   112.068    111.75    0.017984    0.142194
   56      64     25171     25107   112.071    112.25   0.0732087    0.142226
   57      64     25619     25555   112.069       112    0.538033    0.142138
   58      64     26069     26005   112.076     112.5   0.0174346     0.14214
   59      64     26519     26455   112.083     112.5    0.559494    0.142136
2026-07-08T18:55:48.400530+0800 min lat: 0.00727468 max lat: 0.68323 avg lat: 0.142157
  sec Cur ops   started  finished  avg MB/s  cur MB/s last lat(s)  avg lat(s)
   60      64     26965     26901   112.073     111.5   0.0209374    0.142157
   61      64     27411     27347   112.064     111.5    0.589604    0.142121
   62      64     27862     27798   112.074    112.75    0.034865    0.142115
   63      64     28310     28246   112.073       112   0.0180048    0.142276
   64      64     28759     28695   112.076    112.25   0.0173266     0.14218
   65      64     29208     29144   112.078    112.25   0.0808031    0.142175
   66      64     29655     29591   112.073    111.75   0.0514158    0.142146
   67      63     30102     30039   112.072       112   0.0134201    0.142207
   68      64     30554     30490   112.081    112.75    0.033722    0.142248
   69      64     31000     30936   112.073     111.5   0.0357416    0.142244
   70      64     31450     31386   112.079     112.5    0.531939    0.142228
   71      64     31900     31836   112.084     112.5   0.0152945    0.142389
   72      64     32346     32282   112.076     111.5    0.176858    0.142364
   73      64     32795     32731   112.078    112.25   0.0246488    0.142377
   74      63     33243     33180    112.08    112.25   0.0241128    0.142279
   75      64     33692     33628   112.079       112   0.0362302    0.142234
   76      64     34141     34077   112.081    112.25    0.574941    0.142239
   77      64     34589     34525    112.08       112   0.0293161    0.142241
   78      64     35035     34971   112.072     111.5    0.586334    0.142233
   79      64     35487     35423   112.084       113   0.0167789    0.142333
2026-07-08T18:56:08.403046+0800 min lat: 0.00724402 max lat: 0.68323 avg lat: 0.142338
  sec Cur ops   started  finished  avg MB/s  cur MB/s last lat(s)  avg lat(s)
   80      64     35934     35870    112.08    111.75    0.049468    0.142338
   81      64     36384     36320   112.084     112.5   0.0719865    0.142287
   82      64     36834     36770   112.089     112.5   0.0149543    0.142294
   83      64     37282     37218   112.088       112    0.505188     0.14233
   84      64     37727     37663   112.078    111.25   0.0242835     0.14229
   85      64     38179     38115   112.089       113    0.471748    0.142372
   86      64     38626     38562   112.085    111.75   0.0463045    0.142323
   87      64     39075     39011   112.086    112.25   0.0640192    0.142338
   88      64     39524     39460   112.088    112.25   0.0199504    0.142335
   89      64     39969     39905   112.078    111.25   0.0352646    0.142332
   90      64     40416     40352   112.075    111.75    0.596605    0.142336
   91      63     40865     40802   112.079     112.5   0.0527959    0.142384
   92      64     41313     41249   112.075    111.75   0.0261532    0.142418
   93      64     41762     41698   112.077    112.25   0.0401324    0.142299
   94      64     42211     42147   112.079    112.25    0.537223    0.142371
   95      64     42659     42595   112.078       112   0.0305655     0.14236
   96      64     43109     43045   112.082     112.5    0.014358     0.14237
   97      64     43556     43492   112.078    111.75   0.0168492    0.142381
   98      64     44007     43943   112.085    112.75    0.506847    0.142366
   99      64     44455     44391   112.084       112   0.0301765    0.142341
2026-07-08T18:56:28.405830+0800 min lat: 0.00724402 max lat: 0.699389 avg lat: 0.142319
  sec Cur ops   started  finished  avg MB/s  cur MB/s last lat(s)  avg lat(s)
  100      64     44904     44840   112.086    112.25   0.0725821    0.142319
  101      64     45352     45288   112.084       112   0.0220213    0.142376
  102      64     45800     45736   112.083       112    0.027325    0.142332
  103      64     46249     46185   112.085    112.25   0.0186286    0.142376
  104      64     46700     46636   112.091    112.75    0.566176    0.142416
  105      64     47145     47081   112.083    111.25   0.0213382    0.142348
  106      64     47593     47529   112.082       112    0.592672    0.142403
  107      64     48040     47976   112.079    111.75   0.0154152    0.142425
  108      64     48491     48427   112.085    112.75    0.597807    0.142373
  109      64     48939     48875   112.084       112   0.0263612    0.142392
  110      64     49386     49322   112.081    111.75   0.0205164    0.142379
  111      64     49837     49773   112.087    112.75   0.0256374    0.142407
  112      64     50282     50218   112.079    111.25   0.0209344    0.142428
  113      64     50734     50670   112.087       113   0.0202133    0.142385
  114      64     51182     51118   112.086       112   0.0150761    0.142398
  115      64     51632     51568    112.09     112.5   0.0152248      0.1424
  116      64     52080     52016   112.089       112   0.0888495     0.14239
  117      64     52530     52466   112.092     112.5    0.556661    0.142406
  118      64     52976     52912   112.087     111.5    0.579134    0.142437
  119      64     53426     53362    112.09     112.5    0.562597    0.142409
2026-07-08T18:56:48.408556+0800 min lat: 0.00724402 max lat: 0.699389 avg lat: 0.142455
  sec Cur ops   started  finished  avg MB/s  cur MB/s last lat(s)  avg lat(s)
  120      64     53874     53810    112.09       112   0.0249174    0.142455
  121      64     54322     54258   112.089       112   0.0299375    0.142424
  122      64     54771     54707    112.09    112.25   0.0183017    0.142443
  123      64     55218     55154   112.087    111.75   0.0505066    0.142443
  124      64     55667     55603   112.088    112.25   0.0157319    0.142456
  125      64     56116     56052   112.089    112.25    0.512095    0.142459
  126      64     56566     56502   112.092     112.5   0.0189873    0.142411
  127      64     57013     56949    112.09    111.75   0.0259823    0.142442
  128      64     57463     57399   112.093     112.5   0.0509512    0.142434
  129      64     57910     57846    112.09    111.75    0.550365    0.142439
  130      64     58359     58295   112.091    112.25    0.015075     0.14248
  131      64     58807     58743    112.09       112    0.511526    0.142452
  132      64     59258     59194   112.095    112.75    0.507934    0.142448
  133      64     59704     59640   112.091     111.5   0.0230715     0.14245
  134      64     60153     60089   112.092    112.25   0.0237204    0.142406
  135      64     60601     60537   112.091       112   0.0162384     0.14244
  136      64     61051     60987   112.094     112.5    0.509418    0.142471
  137      64     61499     61435   112.093       112   0.0510008     0.14244
  138      64     61950     61886   112.098    112.75   0.0195435    0.142433
  139      64     62398     62334   112.097       112   0.0545189    0.142436
2026-07-08T18:57:08.411294+0800 min lat: 0.00724402 max lat: 0.699389 avg lat: 0.142443
  sec Cur ops   started  finished  avg MB/s  cur MB/s last lat(s)  avg lat(s)
  140      64     62844     62780   112.092     111.5   0.0151279    0.142443
  141      64     63291     63227    112.09    111.75   0.0208303    0.142469
  142      64     63744     63680   112.098    113.25    0.509919    0.142469
  143      64     64191     64127   112.095    111.75     0.54695    0.142441
  144      64     64639     64575   112.095       112   0.0302649    0.142479
  145      64     65090     65026   112.099    112.75   0.0185122    0.142446
  146      64     65535     65471   112.093    111.25   0.0177465    0.142435
  147      64     65985     65921   112.096     112.5    0.587981    0.142465
  148      64     66433     66369   112.095       112   0.0187139    0.142465
  149      64     66883     66819   112.098     112.5    0.031266    0.142446
  150      64     67329     67265   112.093     111.5    0.525214     0.14247
  151      64     67779     67715   112.096     112.5     0.06305    0.142467
  152      63     68225     68162   112.094    111.75   0.0122927    0.142459
  153      64     68677     68613   112.098    112.75   0.0771782    0.142467
  154      64     69125     69061   112.097       112    0.536856    0.142487
  155      64     69575     69511     112.1     112.5  0.00956164    0.142458
  156      64     70022     69958   112.097    111.75    0.574411    0.142454
  157      64     70469     70405   112.095    111.75   0.0133575    0.142494
  158      64     70917     70853   112.094       112   0.0375732    0.142478
  159      64     71369     71305     112.1       113   0.0160464    0.142473
2026-07-08T18:57:28.414175+0800 min lat: 0.00724402 max lat: 0.699389 avg lat: 0.142472
  sec Cur ops   started  finished  avg MB/s  cur MB/s last lat(s)  avg lat(s)
  160      64     71817     71753   112.099       112   0.0159379    0.142472
  161      64     72264     72200   112.097    111.75   0.0273738    0.142472
  162      64     72713     72649   112.098    112.25   0.0341731    0.142464
  163      63     73160     73097   112.097       112    0.606231    0.142505
  164      64     73611     73547   112.099     112.5   0.0119345    0.142492
  165      64     74061     73997   112.102     112.5   0.0104596    0.142489
  166      64     74510     74446   112.103    112.25   0.0213217    0.142467
  167      64     74956     74892   112.099     111.5   0.0279698     0.14247
  168      64     75403     75339   112.097    111.75    0.591965    0.142465
  169      64     75853     75789   112.099     112.5    0.616536    0.142475
  170      64     76305     76241   112.104       113    0.061812    0.142477
  171      64     76753     76689   112.104       112     0.57511    0.142472
  172      64     77202     77138   112.104    112.25   0.0284155    0.142469
  173      64     77649     77585   112.102    111.75   0.0315119    0.142481
  174      64     78096     78032     112.1    111.75   0.0180223    0.142465
  175      64     78543     78479   112.098    111.75    0.488882    0.142498
  176      64     78992     78928   112.099    112.25   0.0433655    0.142503
  177      64     79439     79375   112.097    111.75   0.0306542    0.142503
  178      64     79888     79824   112.097    112.25   0.0331391    0.142486
  179      64     80338     80274     112.1     112.5    0.513438    0.142503
2026-07-08T18:57:48.416800+0800 min lat: 0.00724402 max lat: 0.699389 avg lat: 0.142481
  sec Cur ops   started  finished  avg MB/s  cur MB/s last lat(s)  avg lat(s)
  180      63     80782     80719   112.095    111.25   0.0250125    0.142481
  181      64     81234     81170   112.098    112.75   0.0222888    0.142507
  182      64     81684     81620     112.1     112.5   0.0640945     0.14251
  183      64     82132     82068     112.1       112   0.0265149    0.142499
  184      64     82580     82516   112.099       112   0.0217565     0.14251
  185      64     83030     82966   112.101     112.5   0.0467821    0.142497
  186      63     83475     83412   112.098     111.5   0.0468748      0.1425
  187      64     83926     83862     112.1     112.5    0.548225    0.142522
  188      64     84375     84311   112.101    112.25   0.0517649    0.142474
  189      64     84825     84761   112.103     112.5   0.0194577    0.142503
  190      64     85271     85207     112.1     111.5   0.0210672    0.142497
  191      64     85717     85653   112.096     111.5   0.0145912    0.142509
  192      64     86168     86104     112.1    112.75   0.0187016    0.142503
  193      64     86618     86554   112.102     112.5     0.50711    0.142525
  194      64     87066     87002   112.101       112   0.0165531    0.142501
  195      64     87515     87451   112.102    112.25    0.515681    0.142504
  196      64     87964     87900   112.102    112.25   0.0193731    0.142528
  197      64     88408     88344   112.097       111   0.0243106    0.142518
  198      64     88858     88794   112.099     112.5   0.0218907    0.142508
  199      64     89308     89244   112.101     112.5   0.0398388    0.142528
2026-07-08T18:58:08.419518+0800 min lat: 0.00724402 max lat: 0.699389 avg lat: 0.142502
  sec Cur ops   started  finished  avg MB/s  cur MB/s last lat(s)  avg lat(s)
  200      64     89759     89695   112.104    112.75   0.0327588    0.142502
  201      64     90206     90142   112.102    111.75    0.620904    0.142485
  202      64     90653     90589     112.1    111.75   0.0259725    0.142491
  203      64     91100     91036   112.098    111.75    0.016755    0.142508
  204      64     91552     91488   112.103       113   0.0165115    0.142517
  205      64     92000     91936   112.102       112   0.0298689    0.142513
  206      64     92449     92385   112.103    112.25   0.0376392    0.142518
  207      64     92897     92833   112.102       112    0.507557    0.142541
  208      64     93343     93279   112.099     111.5   0.0317203    0.142533
  209      64     93795     93731   112.104       113   0.0165944    0.142512
  210      64     94243     94179   112.103       112   0.0215116    0.142531
  211      64     94691     94627   112.102       112   0.0141306     0.14253
  212      64     95141     95077   112.104     112.5   0.0603328    0.142506
  213      64     95589     95525   112.104       112    0.585918    0.142511
  214      64     96034     95970     112.1    111.25    0.527232    0.142514
  215      64     96486     96422   112.104       113    0.576269    0.142521
  216      64     96936     96872   112.106     112.5   0.0244592    0.142521
  217      64     97384     97320   112.105       112    0.020051    0.142521
  218      64     97833     97769   112.106    112.25   0.0390767    0.142531
  219      64     98279     98215   112.103     111.5   0.0189656    0.142536
2026-07-08T18:58:28.421979+0800 min lat: 0.00724402 max lat: 0.699389 avg lat: 0.142538
  sec Cur ops   started  finished  avg MB/s  cur MB/s last lat(s)  avg lat(s)
  220      64     98727     98663   112.102       112    0.506725    0.142538
  221      64     99177     99113   112.104     112.5   0.0297884    0.142525
  222      64     99627     99563   112.106     112.5   0.0300448    0.142515
  223      64    100077    100013   112.107     112.5   0.0856712    0.142517
  224      64    100523    100459   112.105     111.5   0.0161805    0.142524
  225      64    100969    100905   112.102     111.5    0.502701    0.142551
  226      64    101419    101355   112.104     112.5    0.535605    0.142535
  227      64    101869    101805   112.105     112.5   0.0239682    0.142521
  228      64    102317    102253   112.105       112   0.0491781    0.142501
  229      64    102767    102703   112.106     112.5   0.0121633    0.142528
  230      64    103213    103149   112.104     111.5   0.0306437     0.14254
  231      64    103659    103595   112.101     111.5    0.568099    0.142537
  232      64    104110    104046   112.104    112.75   0.0208729    0.142521
  233      64    104561    104497   112.107    112.75   0.0129988    0.142537
  234      64    105009    104945   112.106       112   0.0898599    0.142533
  235      64    105455    105391   112.103     111.5   0.0282076    0.142533
  236      64    105903    105839   112.103       112   0.0365098    0.142528
  237      64    106350    106286   112.101    111.75   0.0279605    0.142521
  238      64    106801    106737   112.104    112.75   0.0257214    0.142537
  239      64    107250    107186   112.105    112.25   0.0203634    0.142533
2026-07-08T18:58:48.424408+0800 min lat: 0.00724402 max lat: 0.699389 avg lat: 0.142542
  sec Cur ops   started  finished  avg MB/s  cur MB/s last lat(s)  avg lat(s)
  240      64    107699    107635   112.105    112.25   0.0331023    0.142542
  241      64    108147    108083   112.105       112   0.0673287    0.142532
  242      64    108591    108527     112.1       111    0.579365    0.142547
  243      64    109043    108979   112.104       113   0.0395365    0.142534
  244      64    109493    109429   112.105     112.5   0.0184786     0.14254
  245      64    109940    109876   112.104    111.75   0.0335975     0.14253
  246      64    110390    110326   112.105     112.5   0.0327128    0.142541
  247      64    110836    110772   112.103     111.5   0.0187406    0.142528
  248      63    111283    111220   112.102       112   0.0139743    0.142562
  249      63    111731    111668   112.102       112    0.470857    0.142551
  250      64    112183    112119   112.104    112.75   0.0191865    0.142549
  251      64    112630    112566   112.103    111.75   0.0259054    0.142533
  252      64    113081    113017   112.105    112.75    0.571893     0.14255
  253      64    113525    113461   112.101       111   0.0172495    0.142553
  254      63    113974    113911   112.102     112.5    0.583354    0.142548
  255      64    114425    114361   112.104     112.5   0.0447498    0.142558
  256      64    114873    114809   112.104       112    0.543232    0.142543
  257      64    115323    115259   112.105     112.5   0.0153539     0.14255
  258      64    115770    115706   112.104    111.75    0.542193    0.142553
  259      64    116216    116152   112.101     111.5   0.0131294     0.14255
2026-07-08T18:59:08.426836+0800 min lat: 0.00724402 max lat: 0.699389 avg lat: 0.142545
  sec Cur ops   started  finished  avg MB/s  cur MB/s last lat(s)  avg lat(s)
  260      64    116666    116602   112.103     112.5   0.0275427    0.142545
  261      64    117116    117052   112.104     112.5    0.540362    0.142542
  262      64    117566    117502   112.106     112.5    0.602877    0.142536
  263      64    118012    117948   112.103     111.5   0.0207396    0.142553
  264      64    118458    118394   112.101     111.5   0.0332701    0.142583
  265      64    118905    118841     112.1    111.75    0.110916    0.142572
  266      64    119358    119294   112.104    113.25   0.0174056    0.142538
  267      64    119807    119743   112.104    112.25    0.022773    0.142551
  268      64    120253    120189   112.102     111.5   0.0169311    0.142589
  269      64    120702    120638   112.102    112.25   0.0268433    0.142563
  270      64    121148    121084     112.1     111.5    0.619623     0.14255
  271      64    121597    121533   112.101    112.25   0.0396829    0.142566
  272      64    122048    121984   112.103    112.75   0.0286276    0.142568
  273      64    122496    122432   112.103       112    0.058152    0.142559
  274      64    122946    122882   112.104     112.5    0.539966     0.14255
  275      64    123392    123328   112.102     111.5   0.0287821    0.142541
  276      64    123838    123774     112.1     111.5    0.018432     0.14257
  277      64    124288    124224   112.101     112.5    0.528262    0.142569
  278      64    124738    124674   112.102     112.5   0.0199733    0.142561
  279      64    125185    125121   112.101    111.75    0.498628     0.14256
2026-07-08T18:59:28.429237+0800 min lat: 0.00724402 max lat: 0.699389 avg lat: 0.14255
  sec Cur ops   started  finished  avg MB/s  cur MB/s last lat(s)  avg lat(s)
  280      64    125635    125571   112.102     112.5   0.0146878     0.14255
  281      64    126081    126017     112.1     111.5   0.0306862    0.142563
  282      64    126526    126462   112.097    111.25   0.0181434    0.142568
  283      64    126979    126915   112.101    113.25    0.510743    0.142561
  284      64    127427    127363   112.101       112   0.0214526     0.14255
  285      64    127874    127810   112.099    111.75   0.0151819    0.142573
  286      64    128322    128258   112.099       112   0.0220336    0.142553
  287      63    128767    128704   112.097     111.5    0.595439    0.142565
  288      64    129217    129153   112.097    112.25   0.0309572    0.142568
  289      64    129669    129605     112.1       113   0.0483187    0.142562
  290      64    130116    130052   112.099    111.75   0.0244721    0.142542
  291      64    130567    130503   112.101    112.75   0.0393104    0.142562
  292      64    131015    130951   112.101       112   0.0251474    0.142551
  293      64    131460    131396   112.098    111.25   0.0483673    0.142579
  294      64    131911    131847     112.1    112.75   0.0205883    0.142561
  295      64    132362    132298   112.102    112.75   0.0261788    0.142571
  296      64    132810    132746   112.102       112   0.0685081    0.142577
  297      64    133259    133195   112.102    112.25   0.0162293    0.142568
  298      64    133706    133642   112.101    111.75   0.0369943    0.142553
  299      64    134153    134089     112.1    111.75     0.51669     0.14258
2026-07-08T18:59:48.431774+0800 min lat: 0.00724402 max lat: 0.699389 avg lat: 0.142584
  sec Cur ops   started  finished  avg MB/s  cur MB/s last lat(s)  avg lat(s)
  300      45    134586    134541   112.103       113    0.437972    0.142584
Total time run:       300.137
Total reads made:     134586
Read size:            262144
Object size:          262144
Bandwidth (MB/sec):   112.104
Average IOPS:         448
Stddev IOPS:          2.03541
Max IOPS:             454
Min IOPS:             440
Average Latency(s):   0.142639
Max latency(s):       0.699389
Min latency(s):       0.00724402
[2026-07-08 19:00:06] ==============================================
[2026-07-08 19:00:06] Full memdisk test COMPLETE
[2026-07-08 19:00:06] ==============================================
