=== RUN   TestC02FullBlockDispatchAfterDelayedID
--- PASS: TestC02FullBlockDispatchAfterDelayedID (0.05s)
=== RUN   TestC02MultiBlockDispatchUsesLatestLength
--- PASS: TestC02MultiBlockDispatchUsesLatestLength (0.05s)
=== RUN   TestC02FlushToFailureIsObservable
2026/08/17 19:01:34.143705 juicefs[2949111] <WARNING>: flush inode: 2 chunk: 13 after preparing slice ID: C02 injected FlushTo failure [prepareID@writer.go:99]
--- PASS: TestC02FlushToFailureIsObservable (0.00s)
=== RUN   TestC02PartialThenFullAfterIDDispatchesOnce
--- PASS: TestC02PartialThenFullAfterIDDispatchesOnce (0.05s)
=== RUN   TestC02DelayedNewSliceDoesNotBlockWriteAt
--- PASS: TestC02DelayedNewSliceDoesNotBlockWriteAt (0.00s)
=== RUN   TestC02NonEIONewSliceDoesNotRetryBeforeFlush
--- PASS: TestC02NonEIONewSliceDoesNotRetryBeforeFlush (0.50s)
=== RUN   TestC02TransientEIORecoversOnFreeze
--- PASS: TestC02TransientEIORecoversOnFreeze (0.00s)
=== RUN   TestC02PermanentENOSPCAbortsFrozenSlice
2026/08/17 19:01:34.705515 juicefs[2949111] <INFO>: flush inode: 2 chunk: 0 err: no space left on device [flushData@writer.go:124]
--- PASS: TestC02PermanentENOSPCAbortsFrozenSlice (0.00s)
=== RUN   TestC02FrozenSliceSkipsCatchupFlush
--- PASS: TestC02FrozenSliceSkipsCatchupFlush (0.00s)
=== RUN   TestC02ConcurrentIndependentFullBlocks
--- PASS: TestC02ConcurrentIndependentFullBlocks (0.00s)
=== RUN   TestC02FullBlockDispatchAfterDelayedID
--- PASS: TestC02FullBlockDispatchAfterDelayedID (0.05s)
=== RUN   TestC02MultiBlockDispatchUsesLatestLength
--- PASS: TestC02MultiBlockDispatchUsesLatestLength (0.05s)
=== RUN   TestC02FlushToFailureIsObservable
2026/08/17 19:01:34.816974 juicefs[2949111] <WARNING>: flush inode: 2 chunk: 13 after preparing slice ID: C02 injected FlushTo failure [prepareID@writer.go:99]
--- PASS: TestC02FlushToFailureIsObservable (0.00s)
=== RUN   TestC02PartialThenFullAfterIDDispatchesOnce
--- PASS: TestC02PartialThenFullAfterIDDispatchesOnce (0.05s)
=== RUN   TestC02DelayedNewSliceDoesNotBlockWriteAt
--- PASS: TestC02DelayedNewSliceDoesNotBlockWriteAt (0.00s)
=== RUN   TestC02NonEIONewSliceDoesNotRetryBeforeFlush
--- PASS: TestC02NonEIONewSliceDoesNotRetryBeforeFlush (0.50s)
=== RUN   TestC02TransientEIORecoversOnFreeze
--- PASS: TestC02TransientEIORecoversOnFreeze (0.00s)
=== RUN   TestC02PermanentENOSPCAbortsFrozenSlice
2026/08/17 19:01:35.378346 juicefs[2949111] <INFO>: flush inode: 2 chunk: 0 err: no space left on device [flushData@writer.go:124]
--- PASS: TestC02PermanentENOSPCAbortsFrozenSlice (0.00s)
=== RUN   TestC02FrozenSliceSkipsCatchupFlush
--- PASS: TestC02FrozenSliceSkipsCatchupFlush (0.00s)
=== RUN   TestC02ConcurrentIndependentFullBlocks
--- PASS: TestC02ConcurrentIndependentFullBlocks (0.00s)
=== RUN   TestC02FullBlockDispatchAfterDelayedID
--- PASS: TestC02FullBlockDispatchAfterDelayedID (0.05s)
=== RUN   TestC02MultiBlockDispatchUsesLatestLength
--- PASS: TestC02MultiBlockDispatchUsesLatestLength (0.05s)
=== RUN   TestC02FlushToFailureIsObservable
2026/08/17 19:01:35.487675 juicefs[2949111] <WARNING>: flush inode: 2 chunk: 13 after preparing slice ID: C02 injected FlushTo failure [prepareID@writer.go:99]
--- PASS: TestC02FlushToFailureIsObservable (0.00s)
=== RUN   TestC02PartialThenFullAfterIDDispatchesOnce
--- PASS: TestC02PartialThenFullAfterIDDispatchesOnce (0.05s)
=== RUN   TestC02DelayedNewSliceDoesNotBlockWriteAt
--- PASS: TestC02DelayedNewSliceDoesNotBlockWriteAt (0.00s)
=== RUN   TestC02NonEIONewSliceDoesNotRetryBeforeFlush
--- PASS: TestC02NonEIONewSliceDoesNotRetryBeforeFlush (0.50s)
=== RUN   TestC02TransientEIORecoversOnFreeze
--- PASS: TestC02TransientEIORecoversOnFreeze (0.00s)
=== RUN   TestC02PermanentENOSPCAbortsFrozenSlice
2026/08/17 19:01:36.049210 juicefs[2949111] <INFO>: flush inode: 2 chunk: 0 err: no space left on device [flushData@writer.go:124]
--- PASS: TestC02PermanentENOSPCAbortsFrozenSlice (0.00s)
=== RUN   TestC02FrozenSliceSkipsCatchupFlush
--- PASS: TestC02FrozenSliceSkipsCatchupFlush (0.00s)
=== RUN   TestC02ConcurrentIndependentFullBlocks
--- PASS: TestC02ConcurrentIndependentFullBlocks (0.00s)
=== RUN   TestC02FullBlockDispatchAfterDelayedID
--- PASS: TestC02FullBlockDispatchAfterDelayedID (0.05s)
=== RUN   TestC02MultiBlockDispatchUsesLatestLength
--- PASS: TestC02MultiBlockDispatchUsesLatestLength (0.05s)
=== RUN   TestC02FlushToFailureIsObservable
2026/08/17 19:01:36.159896 juicefs[2949111] <WARNING>: flush inode: 2 chunk: 13 after preparing slice ID: C02 injected FlushTo failure [prepareID@writer.go:99]
--- PASS: TestC02FlushToFailureIsObservable (0.00s)
=== RUN   TestC02PartialThenFullAfterIDDispatchesOnce
--- PASS: TestC02PartialThenFullAfterIDDispatchesOnce (0.05s)
=== RUN   TestC02DelayedNewSliceDoesNotBlockWriteAt
--- PASS: TestC02DelayedNewSliceDoesNotBlockWriteAt (0.00s)
=== RUN   TestC02NonEIONewSliceDoesNotRetryBeforeFlush
--- PASS: TestC02NonEIONewSliceDoesNotRetryBeforeFlush (0.50s)
=== RUN   TestC02TransientEIORecoversOnFreeze
--- PASS: TestC02TransientEIORecoversOnFreeze (0.00s)
=== RUN   TestC02PermanentENOSPCAbortsFrozenSlice
2026/08/17 19:01:36.721363 juicefs[2949111] <INFO>: flush inode: 2 chunk: 0 err: no space left on device [flushData@writer.go:124]
--- PASS: TestC02PermanentENOSPCAbortsFrozenSlice (0.00s)
=== RUN   TestC02FrozenSliceSkipsCatchupFlush
--- PASS: TestC02FrozenSliceSkipsCatchupFlush (0.00s)
=== RUN   TestC02ConcurrentIndependentFullBlocks
--- PASS: TestC02ConcurrentIndependentFullBlocks (0.00s)
=== RUN   TestC02FullBlockDispatchAfterDelayedID
--- PASS: TestC02FullBlockDispatchAfterDelayedID (0.05s)
=== RUN   TestC02MultiBlockDispatchUsesLatestLength
--- PASS: TestC02MultiBlockDispatchUsesLatestLength (0.05s)
=== RUN   TestC02FlushToFailureIsObservable
2026/08/17 19:01:36.831134 juicefs[2949111] <WARNING>: flush inode: 2 chunk: 13 after preparing slice ID: C02 injected FlushTo failure [prepareID@writer.go:99]
--- PASS: TestC02FlushToFailureIsObservable (0.00s)
=== RUN   TestC02PartialThenFullAfterIDDispatchesOnce
--- PASS: TestC02PartialThenFullAfterIDDispatchesOnce (0.05s)
=== RUN   TestC02DelayedNewSliceDoesNotBlockWriteAt
--- PASS: TestC02DelayedNewSliceDoesNotBlockWriteAt (0.00s)
=== RUN   TestC02NonEIONewSliceDoesNotRetryBeforeFlush
--- PASS: TestC02NonEIONewSliceDoesNotRetryBeforeFlush (0.50s)
=== RUN   TestC02TransientEIORecoversOnFreeze
--- PASS: TestC02TransientEIORecoversOnFreeze (0.00s)
=== RUN   TestC02PermanentENOSPCAbortsFrozenSlice
2026/08/17 19:01:37.393899 juicefs[2949111] <INFO>: flush inode: 2 chunk: 0 err: no space left on device [flushData@writer.go:124]
--- PASS: TestC02PermanentENOSPCAbortsFrozenSlice (0.00s)
=== RUN   TestC02FrozenSliceSkipsCatchupFlush
--- PASS: TestC02FrozenSliceSkipsCatchupFlush (0.00s)
=== RUN   TestC02ConcurrentIndependentFullBlocks
--- PASS: TestC02ConcurrentIndependentFullBlocks (0.00s)
=== RUN   TestC02FullBlockDispatchAfterDelayedID
--- PASS: TestC02FullBlockDispatchAfterDelayedID (0.05s)
=== RUN   TestC02MultiBlockDispatchUsesLatestLength
--- PASS: TestC02MultiBlockDispatchUsesLatestLength (0.05s)
=== RUN   TestC02FlushToFailureIsObservable
2026/08/17 19:01:37.504589 juicefs[2949111] <WARNING>: flush inode: 2 chunk: 13 after preparing slice ID: C02 injected FlushTo failure [prepareID@writer.go:99]
--- PASS: TestC02FlushToFailureIsObservable (0.00s)
=== RUN   TestC02PartialThenFullAfterIDDispatchesOnce
--- PASS: TestC02PartialThenFullAfterIDDispatchesOnce (0.05s)
=== RUN   TestC02DelayedNewSliceDoesNotBlockWriteAt
--- PASS: TestC02DelayedNewSliceDoesNotBlockWriteAt (0.00s)
=== RUN   TestC02NonEIONewSliceDoesNotRetryBeforeFlush
--- PASS: TestC02NonEIONewSliceDoesNotRetryBeforeFlush (0.50s)
=== RUN   TestC02TransientEIORecoversOnFreeze
--- PASS: TestC02TransientEIORecoversOnFreeze (0.00s)
=== RUN   TestC02PermanentENOSPCAbortsFrozenSlice
2026/08/17 19:01:38.066377 juicefs[2949111] <INFO>: flush inode: 2 chunk: 0 err: no space left on device [flushData@writer.go:124]
--- PASS: TestC02PermanentENOSPCAbortsFrozenSlice (0.00s)
=== RUN   TestC02FrozenSliceSkipsCatchupFlush
--- PASS: TestC02FrozenSliceSkipsCatchupFlush (0.00s)
=== RUN   TestC02ConcurrentIndependentFullBlocks
--- PASS: TestC02ConcurrentIndependentFullBlocks (0.00s)
=== RUN   TestC02FullBlockDispatchAfterDelayedID
--- PASS: TestC02FullBlockDispatchAfterDelayedID (0.05s)
=== RUN   TestC02MultiBlockDispatchUsesLatestLength
--- PASS: TestC02MultiBlockDispatchUsesLatestLength (0.05s)
=== RUN   TestC02FlushToFailureIsObservable
2026/08/17 19:01:38.177900 juicefs[2949111] <WARNING>: flush inode: 2 chunk: 13 after preparing slice ID: C02 injected FlushTo failure [prepareID@writer.go:99]
--- PASS: TestC02FlushToFailureIsObservable (0.00s)
=== RUN   TestC02PartialThenFullAfterIDDispatchesOnce
--- PASS: TestC02PartialThenFullAfterIDDispatchesOnce (0.05s)
=== RUN   TestC02DelayedNewSliceDoesNotBlockWriteAt
--- PASS: TestC02DelayedNewSliceDoesNotBlockWriteAt (0.00s)
=== RUN   TestC02NonEIONewSliceDoesNotRetryBeforeFlush
--- PASS: TestC02NonEIONewSliceDoesNotRetryBeforeFlush (0.50s)
=== RUN   TestC02TransientEIORecoversOnFreeze
--- PASS: TestC02TransientEIORecoversOnFreeze (0.00s)
=== RUN   TestC02PermanentENOSPCAbortsFrozenSlice
2026/08/17 19:01:38.739660 juicefs[2949111] <INFO>: flush inode: 2 chunk: 0 err: no space left on device [flushData@writer.go:124]
--- PASS: TestC02PermanentENOSPCAbortsFrozenSlice (0.00s)
=== RUN   TestC02FrozenSliceSkipsCatchupFlush
--- PASS: TestC02FrozenSliceSkipsCatchupFlush (0.00s)
=== RUN   TestC02ConcurrentIndependentFullBlocks
--- PASS: TestC02ConcurrentIndependentFullBlocks (0.00s)
=== RUN   TestC02FullBlockDispatchAfterDelayedID
--- PASS: TestC02FullBlockDispatchAfterDelayedID (0.05s)
=== RUN   TestC02MultiBlockDispatchUsesLatestLength
--- PASS: TestC02MultiBlockDispatchUsesLatestLength (0.05s)
=== RUN   TestC02FlushToFailureIsObservable
2026/08/17 19:01:38.850509 juicefs[2949111] <WARNING>: flush inode: 2 chunk: 13 after preparing slice ID: C02 injected FlushTo failure [prepareID@writer.go:99]
--- PASS: TestC02FlushToFailureIsObservable (0.00s)
=== RUN   TestC02PartialThenFullAfterIDDispatchesOnce
--- PASS: TestC02PartialThenFullAfterIDDispatchesOnce (0.05s)
=== RUN   TestC02DelayedNewSliceDoesNotBlockWriteAt
--- PASS: TestC02DelayedNewSliceDoesNotBlockWriteAt (0.00s)
=== RUN   TestC02NonEIONewSliceDoesNotRetryBeforeFlush
--- PASS: TestC02NonEIONewSliceDoesNotRetryBeforeFlush (0.50s)
=== RUN   TestC02TransientEIORecoversOnFreeze
--- PASS: TestC02TransientEIORecoversOnFreeze (0.00s)
=== RUN   TestC02PermanentENOSPCAbortsFrozenSlice
2026/08/17 19:01:39.412696 juicefs[2949111] <INFO>: flush inode: 2 chunk: 0 err: no space left on device [flushData@writer.go:124]
--- PASS: TestC02PermanentENOSPCAbortsFrozenSlice (0.00s)
=== RUN   TestC02FrozenSliceSkipsCatchupFlush
--- PASS: TestC02FrozenSliceSkipsCatchupFlush (0.00s)
=== RUN   TestC02ConcurrentIndependentFullBlocks
--- PASS: TestC02ConcurrentIndependentFullBlocks (0.00s)
=== RUN   TestC02FullBlockDispatchAfterDelayedID
--- PASS: TestC02FullBlockDispatchAfterDelayedID (0.05s)
=== RUN   TestC02MultiBlockDispatchUsesLatestLength
--- PASS: TestC02MultiBlockDispatchUsesLatestLength (0.05s)
=== RUN   TestC02FlushToFailureIsObservable
2026/08/17 19:01:39.523875 juicefs[2949111] <WARNING>: flush inode: 2 chunk: 13 after preparing slice ID: C02 injected FlushTo failure [prepareID@writer.go:99]
--- PASS: TestC02FlushToFailureIsObservable (0.00s)
=== RUN   TestC02PartialThenFullAfterIDDispatchesOnce
--- PASS: TestC02PartialThenFullAfterIDDispatchesOnce (0.05s)
=== RUN   TestC02DelayedNewSliceDoesNotBlockWriteAt
--- PASS: TestC02DelayedNewSliceDoesNotBlockWriteAt (0.00s)
=== RUN   TestC02NonEIONewSliceDoesNotRetryBeforeFlush
--- PASS: TestC02NonEIONewSliceDoesNotRetryBeforeFlush (0.50s)
=== RUN   TestC02TransientEIORecoversOnFreeze
--- PASS: TestC02TransientEIORecoversOnFreeze (0.00s)
=== RUN   TestC02PermanentENOSPCAbortsFrozenSlice
2026/08/17 19:01:40.085395 juicefs[2949111] <INFO>: flush inode: 2 chunk: 0 err: no space left on device [flushData@writer.go:124]
--- PASS: TestC02PermanentENOSPCAbortsFrozenSlice (0.00s)
=== RUN   TestC02FrozenSliceSkipsCatchupFlush
--- PASS: TestC02FrozenSliceSkipsCatchupFlush (0.00s)
=== RUN   TestC02ConcurrentIndependentFullBlocks
--- PASS: TestC02ConcurrentIndependentFullBlocks (0.00s)
=== RUN   TestC02FullBlockDispatchAfterDelayedID
--- PASS: TestC02FullBlockDispatchAfterDelayedID (0.05s)
=== RUN   TestC02MultiBlockDispatchUsesLatestLength
--- PASS: TestC02MultiBlockDispatchUsesLatestLength (0.05s)
=== RUN   TestC02FlushToFailureIsObservable
2026/08/17 19:01:40.195558 juicefs[2949111] <WARNING>: flush inode: 2 chunk: 13 after preparing slice ID: C02 injected FlushTo failure [prepareID@writer.go:99]
--- PASS: TestC02FlushToFailureIsObservable (0.00s)
=== RUN   TestC02PartialThenFullAfterIDDispatchesOnce
--- PASS: TestC02PartialThenFullAfterIDDispatchesOnce (0.05s)
=== RUN   TestC02DelayedNewSliceDoesNotBlockWriteAt
--- PASS: TestC02DelayedNewSliceDoesNotBlockWriteAt (0.00s)
=== RUN   TestC02NonEIONewSliceDoesNotRetryBeforeFlush
--- PASS: TestC02NonEIONewSliceDoesNotRetryBeforeFlush (0.50s)
=== RUN   TestC02TransientEIORecoversOnFreeze
--- PASS: TestC02TransientEIORecoversOnFreeze (0.00s)
=== RUN   TestC02PermanentENOSPCAbortsFrozenSlice
2026/08/17 19:01:40.756688 juicefs[2949111] <INFO>: flush inode: 2 chunk: 0 err: no space left on device [flushData@writer.go:124]
--- PASS: TestC02PermanentENOSPCAbortsFrozenSlice (0.00s)
=== RUN   TestC02FrozenSliceSkipsCatchupFlush
--- PASS: TestC02FrozenSliceSkipsCatchupFlush (0.00s)
=== RUN   TestC02ConcurrentIndependentFullBlocks
--- PASS: TestC02ConcurrentIndependentFullBlocks (0.00s)
=== RUN   TestC02FullBlockDispatchAfterDelayedID
--- PASS: TestC02FullBlockDispatchAfterDelayedID (0.05s)
=== RUN   TestC02MultiBlockDispatchUsesLatestLength
--- PASS: TestC02MultiBlockDispatchUsesLatestLength (0.05s)
=== RUN   TestC02FlushToFailureIsObservable
2026/08/17 19:01:40.866252 juicefs[2949111] <WARNING>: flush inode: 2 chunk: 13 after preparing slice ID: C02 injected FlushTo failure [prepareID@writer.go:99]
--- PASS: TestC02FlushToFailureIsObservable (0.00s)
=== RUN   TestC02PartialThenFullAfterIDDispatchesOnce
--- PASS: TestC02PartialThenFullAfterIDDispatchesOnce (0.05s)
=== RUN   TestC02DelayedNewSliceDoesNotBlockWriteAt
--- PASS: TestC02DelayedNewSliceDoesNotBlockWriteAt (0.00s)
=== RUN   TestC02NonEIONewSliceDoesNotRetryBeforeFlush
--- PASS: TestC02NonEIONewSliceDoesNotRetryBeforeFlush (0.50s)
=== RUN   TestC02TransientEIORecoversOnFreeze
--- PASS: TestC02TransientEIORecoversOnFreeze (0.00s)
=== RUN   TestC02PermanentENOSPCAbortsFrozenSlice
2026/08/17 19:01:41.427466 juicefs[2949111] <INFO>: flush inode: 2 chunk: 0 err: no space left on device [flushData@writer.go:124]
--- PASS: TestC02PermanentENOSPCAbortsFrozenSlice (0.00s)
=== RUN   TestC02FrozenSliceSkipsCatchupFlush
--- PASS: TestC02FrozenSliceSkipsCatchupFlush (0.00s)
=== RUN   TestC02ConcurrentIndependentFullBlocks
--- PASS: TestC02ConcurrentIndependentFullBlocks (0.00s)
=== RUN   TestC02FullBlockDispatchAfterDelayedID
--- PASS: TestC02FullBlockDispatchAfterDelayedID (0.05s)
=== RUN   TestC02MultiBlockDispatchUsesLatestLength
--- PASS: TestC02MultiBlockDispatchUsesLatestLength (0.05s)
=== RUN   TestC02FlushToFailureIsObservable
2026/08/17 19:01:41.538110 juicefs[2949111] <WARNING>: flush inode: 2 chunk: 13 after preparing slice ID: C02 injected FlushTo failure [prepareID@writer.go:99]
--- PASS: TestC02FlushToFailureIsObservable (0.00s)
=== RUN   TestC02PartialThenFullAfterIDDispatchesOnce
--- PASS: TestC02PartialThenFullAfterIDDispatchesOnce (0.05s)
=== RUN   TestC02DelayedNewSliceDoesNotBlockWriteAt
--- PASS: TestC02DelayedNewSliceDoesNotBlockWriteAt (0.00s)
=== RUN   TestC02NonEIONewSliceDoesNotRetryBeforeFlush
--- PASS: TestC02NonEIONewSliceDoesNotRetryBeforeFlush (0.50s)
=== RUN   TestC02TransientEIORecoversOnFreeze
--- PASS: TestC02TransientEIORecoversOnFreeze (0.00s)
=== RUN   TestC02PermanentENOSPCAbortsFrozenSlice
2026/08/17 19:01:42.100291 juicefs[2949111] <INFO>: flush inode: 2 chunk: 0 err: no space left on device [flushData@writer.go:124]
--- PASS: TestC02PermanentENOSPCAbortsFrozenSlice (0.00s)
=== RUN   TestC02FrozenSliceSkipsCatchupFlush
--- PASS: TestC02FrozenSliceSkipsCatchupFlush (0.00s)
=== RUN   TestC02ConcurrentIndependentFullBlocks
--- PASS: TestC02ConcurrentIndependentFullBlocks (0.00s)
=== RUN   TestC02FullBlockDispatchAfterDelayedID
--- PASS: TestC02FullBlockDispatchAfterDelayedID (0.05s)
=== RUN   TestC02MultiBlockDispatchUsesLatestLength
--- PASS: TestC02MultiBlockDispatchUsesLatestLength (0.05s)
=== RUN   TestC02FlushToFailureIsObservable
2026/08/17 19:01:42.210001 juicefs[2949111] <WARNING>: flush inode: 2 chunk: 13 after preparing slice ID: C02 injected FlushTo failure [prepareID@writer.go:99]
--- PASS: TestC02FlushToFailureIsObservable (0.00s)
=== RUN   TestC02PartialThenFullAfterIDDispatchesOnce
--- PASS: TestC02PartialThenFullAfterIDDispatchesOnce (0.05s)
=== RUN   TestC02DelayedNewSliceDoesNotBlockWriteAt
--- PASS: TestC02DelayedNewSliceDoesNotBlockWriteAt (0.00s)
=== RUN   TestC02NonEIONewSliceDoesNotRetryBeforeFlush
--- PASS: TestC02NonEIONewSliceDoesNotRetryBeforeFlush (0.50s)
=== RUN   TestC02TransientEIORecoversOnFreeze
--- PASS: TestC02TransientEIORecoversOnFreeze (0.00s)
=== RUN   TestC02PermanentENOSPCAbortsFrozenSlice
2026/08/17 19:01:42.771338 juicefs[2949111] <INFO>: flush inode: 2 chunk: 0 err: no space left on device [flushData@writer.go:124]
--- PASS: TestC02PermanentENOSPCAbortsFrozenSlice (0.00s)
=== RUN   TestC02FrozenSliceSkipsCatchupFlush
--- PASS: TestC02FrozenSliceSkipsCatchupFlush (0.00s)
=== RUN   TestC02ConcurrentIndependentFullBlocks
--- PASS: TestC02ConcurrentIndependentFullBlocks (0.00s)
=== RUN   TestC02FullBlockDispatchAfterDelayedID
--- PASS: TestC02FullBlockDispatchAfterDelayedID (0.05s)
=== RUN   TestC02MultiBlockDispatchUsesLatestLength
--- PASS: TestC02MultiBlockDispatchUsesLatestLength (0.05s)
=== RUN   TestC02FlushToFailureIsObservable
2026/08/17 19:01:42.881772 juicefs[2949111] <WARNING>: flush inode: 2 chunk: 13 after preparing slice ID: C02 injected FlushTo failure [prepareID@writer.go:99]
--- PASS: TestC02FlushToFailureIsObservable (0.00s)
=== RUN   TestC02PartialThenFullAfterIDDispatchesOnce
--- PASS: TestC02PartialThenFullAfterIDDispatchesOnce (0.05s)
=== RUN   TestC02DelayedNewSliceDoesNotBlockWriteAt
--- PASS: TestC02DelayedNewSliceDoesNotBlockWriteAt (0.00s)
=== RUN   TestC02NonEIONewSliceDoesNotRetryBeforeFlush
--- PASS: TestC02NonEIONewSliceDoesNotRetryBeforeFlush (0.50s)
=== RUN   TestC02TransientEIORecoversOnFreeze
--- PASS: TestC02TransientEIORecoversOnFreeze (0.00s)
=== RUN   TestC02PermanentENOSPCAbortsFrozenSlice
2026/08/17 19:01:43.443124 juicefs[2949111] <INFO>: flush inode: 2 chunk: 0 err: no space left on device [flushData@writer.go:124]
--- PASS: TestC02PermanentENOSPCAbortsFrozenSlice (0.00s)
=== RUN   TestC02FrozenSliceSkipsCatchupFlush
--- PASS: TestC02FrozenSliceSkipsCatchupFlush (0.00s)
=== RUN   TestC02ConcurrentIndependentFullBlocks
--- PASS: TestC02ConcurrentIndependentFullBlocks (0.00s)
=== RUN   TestC02FullBlockDispatchAfterDelayedID
--- PASS: TestC02FullBlockDispatchAfterDelayedID (0.05s)
=== RUN   TestC02MultiBlockDispatchUsesLatestLength
--- PASS: TestC02MultiBlockDispatchUsesLatestLength (0.05s)
=== RUN   TestC02FlushToFailureIsObservable
2026/08/17 19:01:43.552237 juicefs[2949111] <WARNING>: flush inode: 2 chunk: 13 after preparing slice ID: C02 injected FlushTo failure [prepareID@writer.go:99]
--- PASS: TestC02FlushToFailureIsObservable (0.00s)
=== RUN   TestC02PartialThenFullAfterIDDispatchesOnce
--- PASS: TestC02PartialThenFullAfterIDDispatchesOnce (0.05s)
=== RUN   TestC02DelayedNewSliceDoesNotBlockWriteAt
--- PASS: TestC02DelayedNewSliceDoesNotBlockWriteAt (0.00s)
=== RUN   TestC02NonEIONewSliceDoesNotRetryBeforeFlush
--- PASS: TestC02NonEIONewSliceDoesNotRetryBeforeFlush (0.50s)
=== RUN   TestC02TransientEIORecoversOnFreeze
--- PASS: TestC02TransientEIORecoversOnFreeze (0.00s)
=== RUN   TestC02PermanentENOSPCAbortsFrozenSlice
2026/08/17 19:01:44.113413 juicefs[2949111] <INFO>: flush inode: 2 chunk: 0 err: no space left on device [flushData@writer.go:124]
--- PASS: TestC02PermanentENOSPCAbortsFrozenSlice (0.00s)
=== RUN   TestC02FrozenSliceSkipsCatchupFlush
--- PASS: TestC02FrozenSliceSkipsCatchupFlush (0.00s)
=== RUN   TestC02ConcurrentIndependentFullBlocks
--- PASS: TestC02ConcurrentIndependentFullBlocks (0.00s)
=== RUN   TestC02FullBlockDispatchAfterDelayedID
--- PASS: TestC02FullBlockDispatchAfterDelayedID (0.05s)
=== RUN   TestC02MultiBlockDispatchUsesLatestLength
--- PASS: TestC02MultiBlockDispatchUsesLatestLength (0.05s)
=== RUN   TestC02FlushToFailureIsObservable
2026/08/17 19:01:44.222703 juicefs[2949111] <WARNING>: flush inode: 2 chunk: 13 after preparing slice ID: C02 injected FlushTo failure [prepareID@writer.go:99]
--- PASS: TestC02FlushToFailureIsObservable (0.00s)
=== RUN   TestC02PartialThenFullAfterIDDispatchesOnce
--- PASS: TestC02PartialThenFullAfterIDDispatchesOnce (0.05s)
=== RUN   TestC02DelayedNewSliceDoesNotBlockWriteAt
--- PASS: TestC02DelayedNewSliceDoesNotBlockWriteAt (0.00s)
=== RUN   TestC02NonEIONewSliceDoesNotRetryBeforeFlush
--- PASS: TestC02NonEIONewSliceDoesNotRetryBeforeFlush (0.50s)
=== RUN   TestC02TransientEIORecoversOnFreeze
--- PASS: TestC02TransientEIORecoversOnFreeze (0.00s)
=== RUN   TestC02PermanentENOSPCAbortsFrozenSlice
2026/08/17 19:01:44.784022 juicefs[2949111] <INFO>: flush inode: 2 chunk: 0 err: no space left on device [flushData@writer.go:124]
--- PASS: TestC02PermanentENOSPCAbortsFrozenSlice (0.00s)
=== RUN   TestC02FrozenSliceSkipsCatchupFlush
--- PASS: TestC02FrozenSliceSkipsCatchupFlush (0.00s)
=== RUN   TestC02ConcurrentIndependentFullBlocks
--- PASS: TestC02ConcurrentIndependentFullBlocks (0.00s)
=== RUN   TestC02FullBlockDispatchAfterDelayedID
--- PASS: TestC02FullBlockDispatchAfterDelayedID (0.05s)
=== RUN   TestC02MultiBlockDispatchUsesLatestLength
--- PASS: TestC02MultiBlockDispatchUsesLatestLength (0.05s)
=== RUN   TestC02FlushToFailureIsObservable
2026/08/17 19:01:44.893590 juicefs[2949111] <WARNING>: flush inode: 2 chunk: 13 after preparing slice ID: C02 injected FlushTo failure [prepareID@writer.go:99]
--- PASS: TestC02FlushToFailureIsObservable (0.00s)
=== RUN   TestC02PartialThenFullAfterIDDispatchesOnce
--- PASS: TestC02PartialThenFullAfterIDDispatchesOnce (0.05s)
=== RUN   TestC02DelayedNewSliceDoesNotBlockWriteAt
--- PASS: TestC02DelayedNewSliceDoesNotBlockWriteAt (0.00s)
=== RUN   TestC02NonEIONewSliceDoesNotRetryBeforeFlush
--- PASS: TestC02NonEIONewSliceDoesNotRetryBeforeFlush (0.50s)
=== RUN   TestC02TransientEIORecoversOnFreeze
--- PASS: TestC02TransientEIORecoversOnFreeze (0.00s)
=== RUN   TestC02PermanentENOSPCAbortsFrozenSlice
2026/08/17 19:01:45.455622 juicefs[2949111] <INFO>: flush inode: 2 chunk: 0 err: no space left on device [flushData@writer.go:124]
--- PASS: TestC02PermanentENOSPCAbortsFrozenSlice (0.00s)
=== RUN   TestC02FrozenSliceSkipsCatchupFlush
--- PASS: TestC02FrozenSliceSkipsCatchupFlush (0.00s)
=== RUN   TestC02ConcurrentIndependentFullBlocks
--- PASS: TestC02ConcurrentIndependentFullBlocks (0.00s)
=== RUN   TestC02FullBlockDispatchAfterDelayedID
--- PASS: TestC02FullBlockDispatchAfterDelayedID (0.05s)
=== RUN   TestC02MultiBlockDispatchUsesLatestLength
--- PASS: TestC02MultiBlockDispatchUsesLatestLength (0.05s)
=== RUN   TestC02FlushToFailureIsObservable
2026/08/17 19:01:45.564842 juicefs[2949111] <WARNING>: flush inode: 2 chunk: 13 after preparing slice ID: C02 injected FlushTo failure [prepareID@writer.go:99]
--- PASS: TestC02FlushToFailureIsObservable (0.00s)
=== RUN   TestC02PartialThenFullAfterIDDispatchesOnce
--- PASS: TestC02PartialThenFullAfterIDDispatchesOnce (0.05s)
=== RUN   TestC02DelayedNewSliceDoesNotBlockWriteAt
--- PASS: TestC02DelayedNewSliceDoesNotBlockWriteAt (0.00s)
=== RUN   TestC02NonEIONewSliceDoesNotRetryBeforeFlush
--- PASS: TestC02NonEIONewSliceDoesNotRetryBeforeFlush (0.50s)
=== RUN   TestC02TransientEIORecoversOnFreeze
--- PASS: TestC02TransientEIORecoversOnFreeze (0.00s)
=== RUN   TestC02PermanentENOSPCAbortsFrozenSlice
2026/08/17 19:01:46.126308 juicefs[2949111] <INFO>: flush inode: 2 chunk: 0 err: no space left on device [flushData@writer.go:124]
--- PASS: TestC02PermanentENOSPCAbortsFrozenSlice (0.00s)
=== RUN   TestC02FrozenSliceSkipsCatchupFlush
--- PASS: TestC02FrozenSliceSkipsCatchupFlush (0.00s)
=== RUN   TestC02ConcurrentIndependentFullBlocks
--- PASS: TestC02ConcurrentIndependentFullBlocks (0.00s)
=== RUN   TestC02FullBlockDispatchAfterDelayedID
--- PASS: TestC02FullBlockDispatchAfterDelayedID (0.05s)
=== RUN   TestC02MultiBlockDispatchUsesLatestLength
--- PASS: TestC02MultiBlockDispatchUsesLatestLength (0.05s)
=== RUN   TestC02FlushToFailureIsObservable
2026/08/17 19:01:46.237473 juicefs[2949111] <WARNING>: flush inode: 2 chunk: 13 after preparing slice ID: C02 injected FlushTo failure [prepareID@writer.go:99]
--- PASS: TestC02FlushToFailureIsObservable (0.00s)
=== RUN   TestC02PartialThenFullAfterIDDispatchesOnce
--- PASS: TestC02PartialThenFullAfterIDDispatchesOnce (0.05s)
=== RUN   TestC02DelayedNewSliceDoesNotBlockWriteAt
--- PASS: TestC02DelayedNewSliceDoesNotBlockWriteAt (0.00s)
=== RUN   TestC02NonEIONewSliceDoesNotRetryBeforeFlush
--- PASS: TestC02NonEIONewSliceDoesNotRetryBeforeFlush (0.50s)
=== RUN   TestC02TransientEIORecoversOnFreeze
--- PASS: TestC02TransientEIORecoversOnFreeze (0.00s)
=== RUN   TestC02PermanentENOSPCAbortsFrozenSlice
2026/08/17 19:01:46.799698 juicefs[2949111] <INFO>: flush inode: 2 chunk: 0 err: no space left on device [flushData@writer.go:124]
--- PASS: TestC02PermanentENOSPCAbortsFrozenSlice (0.00s)
=== RUN   TestC02FrozenSliceSkipsCatchupFlush
--- PASS: TestC02FrozenSliceSkipsCatchupFlush (0.00s)
=== RUN   TestC02ConcurrentIndependentFullBlocks
--- PASS: TestC02ConcurrentIndependentFullBlocks (0.00s)
=== RUN   TestC02FullBlockDispatchAfterDelayedID
--- PASS: TestC02FullBlockDispatchAfterDelayedID (0.05s)
=== RUN   TestC02MultiBlockDispatchUsesLatestLength
--- PASS: TestC02MultiBlockDispatchUsesLatestLength (0.05s)
=== RUN   TestC02FlushToFailureIsObservable
2026/08/17 19:01:46.908769 juicefs[2949111] <WARNING>: flush inode: 2 chunk: 13 after preparing slice ID: C02 injected FlushTo failure [prepareID@writer.go:99]
--- PASS: TestC02FlushToFailureIsObservable (0.00s)
=== RUN   TestC02PartialThenFullAfterIDDispatchesOnce
--- PASS: TestC02PartialThenFullAfterIDDispatchesOnce (0.05s)
=== RUN   TestC02DelayedNewSliceDoesNotBlockWriteAt
--- PASS: TestC02DelayedNewSliceDoesNotBlockWriteAt (0.00s)
=== RUN   TestC02NonEIONewSliceDoesNotRetryBeforeFlush
--- PASS: TestC02NonEIONewSliceDoesNotRetryBeforeFlush (0.50s)
=== RUN   TestC02TransientEIORecoversOnFreeze
--- PASS: TestC02TransientEIORecoversOnFreeze (0.00s)
=== RUN   TestC02PermanentENOSPCAbortsFrozenSlice
2026/08/17 19:01:47.470514 juicefs[2949111] <INFO>: flush inode: 2 chunk: 0 err: no space left on device [flushData@writer.go:124]
--- PASS: TestC02PermanentENOSPCAbortsFrozenSlice (0.00s)
=== RUN   TestC02FrozenSliceSkipsCatchupFlush
--- PASS: TestC02FrozenSliceSkipsCatchupFlush (0.00s)
=== RUN   TestC02ConcurrentIndependentFullBlocks
--- PASS: TestC02ConcurrentIndependentFullBlocks (0.00s)
=== RUN   TestC02FullBlockDispatchAfterDelayedID
--- PASS: TestC02FullBlockDispatchAfterDelayedID (0.05s)
=== RUN   TestC02MultiBlockDispatchUsesLatestLength
--- PASS: TestC02MultiBlockDispatchUsesLatestLength (0.05s)
=== RUN   TestC02FlushToFailureIsObservable
2026/08/17 19:01:47.579947 juicefs[2949111] <WARNING>: flush inode: 2 chunk: 13 after preparing slice ID: C02 injected FlushTo failure [prepareID@writer.go:99]
--- PASS: TestC02FlushToFailureIsObservable (0.00s)
=== RUN   TestC02PartialThenFullAfterIDDispatchesOnce
--- PASS: TestC02PartialThenFullAfterIDDispatchesOnce (0.05s)
=== RUN   TestC02DelayedNewSliceDoesNotBlockWriteAt
--- PASS: TestC02DelayedNewSliceDoesNotBlockWriteAt (0.00s)
=== RUN   TestC02NonEIONewSliceDoesNotRetryBeforeFlush
--- PASS: TestC02NonEIONewSliceDoesNotRetryBeforeFlush (0.50s)
=== RUN   TestC02TransientEIORecoversOnFreeze
--- PASS: TestC02TransientEIORecoversOnFreeze (0.00s)
=== RUN   TestC02PermanentENOSPCAbortsFrozenSlice
2026/08/17 19:01:48.141149 juicefs[2949111] <INFO>: flush inode: 2 chunk: 0 err: no space left on device [flushData@writer.go:124]
--- PASS: TestC02PermanentENOSPCAbortsFrozenSlice (0.00s)
=== RUN   TestC02FrozenSliceSkipsCatchupFlush
--- PASS: TestC02FrozenSliceSkipsCatchupFlush (0.00s)
=== RUN   TestC02ConcurrentIndependentFullBlocks
--- PASS: TestC02ConcurrentIndependentFullBlocks (0.00s)
=== RUN   TestC02FullBlockDispatchAfterDelayedID
--- PASS: TestC02FullBlockDispatchAfterDelayedID (0.05s)
=== RUN   TestC02MultiBlockDispatchUsesLatestLength
--- PASS: TestC02MultiBlockDispatchUsesLatestLength (0.05s)
=== RUN   TestC02FlushToFailureIsObservable
2026/08/17 19:01:48.250826 juicefs[2949111] <WARNING>: flush inode: 2 chunk: 13 after preparing slice ID: C02 injected FlushTo failure [prepareID@writer.go:99]
--- PASS: TestC02FlushToFailureIsObservable (0.00s)
=== RUN   TestC02PartialThenFullAfterIDDispatchesOnce
--- PASS: TestC02PartialThenFullAfterIDDispatchesOnce (0.05s)
=== RUN   TestC02DelayedNewSliceDoesNotBlockWriteAt
--- PASS: TestC02DelayedNewSliceDoesNotBlockWriteAt (0.00s)
=== RUN   TestC02NonEIONewSliceDoesNotRetryBeforeFlush
--- PASS: TestC02NonEIONewSliceDoesNotRetryBeforeFlush (0.50s)
=== RUN   TestC02TransientEIORecoversOnFreeze
--- PASS: TestC02TransientEIORecoversOnFreeze (0.00s)
=== RUN   TestC02PermanentENOSPCAbortsFrozenSlice
2026/08/17 19:01:48.812255 juicefs[2949111] <INFO>: flush inode: 2 chunk: 0 err: no space left on device [flushData@writer.go:124]
--- PASS: TestC02PermanentENOSPCAbortsFrozenSlice (0.00s)
=== RUN   TestC02FrozenSliceSkipsCatchupFlush
--- PASS: TestC02FrozenSliceSkipsCatchupFlush (0.00s)
=== RUN   TestC02ConcurrentIndependentFullBlocks
--- PASS: TestC02ConcurrentIndependentFullBlocks (0.00s)
=== RUN   TestC02FullBlockDispatchAfterDelayedID
--- PASS: TestC02FullBlockDispatchAfterDelayedID (0.05s)
=== RUN   TestC02MultiBlockDispatchUsesLatestLength
--- PASS: TestC02MultiBlockDispatchUsesLatestLength (0.05s)
=== RUN   TestC02FlushToFailureIsObservable
2026/08/17 19:01:48.922159 juicefs[2949111] <WARNING>: flush inode: 2 chunk: 13 after preparing slice ID: C02 injected FlushTo failure [prepareID@writer.go:99]
--- PASS: TestC02FlushToFailureIsObservable (0.00s)
=== RUN   TestC02PartialThenFullAfterIDDispatchesOnce
--- PASS: TestC02PartialThenFullAfterIDDispatchesOnce (0.05s)
=== RUN   TestC02DelayedNewSliceDoesNotBlockWriteAt
--- PASS: TestC02DelayedNewSliceDoesNotBlockWriteAt (0.00s)
=== RUN   TestC02NonEIONewSliceDoesNotRetryBeforeFlush
--- PASS: TestC02NonEIONewSliceDoesNotRetryBeforeFlush (0.50s)
=== RUN   TestC02TransientEIORecoversOnFreeze
--- PASS: TestC02TransientEIORecoversOnFreeze (0.00s)
=== RUN   TestC02PermanentENOSPCAbortsFrozenSlice
2026/08/17 19:01:49.484363 juicefs[2949111] <INFO>: flush inode: 2 chunk: 0 err: no space left on device [flushData@writer.go:124]
--- PASS: TestC02PermanentENOSPCAbortsFrozenSlice (0.00s)
=== RUN   TestC02FrozenSliceSkipsCatchupFlush
--- PASS: TestC02FrozenSliceSkipsCatchupFlush (0.00s)
=== RUN   TestC02ConcurrentIndependentFullBlocks
--- PASS: TestC02ConcurrentIndependentFullBlocks (0.00s)
=== RUN   TestC02FullBlockDispatchAfterDelayedID
--- PASS: TestC02FullBlockDispatchAfterDelayedID (0.05s)
=== RUN   TestC02MultiBlockDispatchUsesLatestLength
--- PASS: TestC02MultiBlockDispatchUsesLatestLength (0.05s)
=== RUN   TestC02FlushToFailureIsObservable
2026/08/17 19:01:49.593916 juicefs[2949111] <WARNING>: flush inode: 2 chunk: 13 after preparing slice ID: C02 injected FlushTo failure [prepareID@writer.go:99]
--- PASS: TestC02FlushToFailureIsObservable (0.00s)
=== RUN   TestC02PartialThenFullAfterIDDispatchesOnce
--- PASS: TestC02PartialThenFullAfterIDDispatchesOnce (0.05s)
=== RUN   TestC02DelayedNewSliceDoesNotBlockWriteAt
--- PASS: TestC02DelayedNewSliceDoesNotBlockWriteAt (0.00s)
=== RUN   TestC02NonEIONewSliceDoesNotRetryBeforeFlush
--- PASS: TestC02NonEIONewSliceDoesNotRetryBeforeFlush (0.50s)
=== RUN   TestC02TransientEIORecoversOnFreeze
--- PASS: TestC02TransientEIORecoversOnFreeze (0.00s)
=== RUN   TestC02PermanentENOSPCAbortsFrozenSlice
2026/08/17 19:01:50.154849 juicefs[2949111] <INFO>: flush inode: 2 chunk: 0 err: no space left on device [flushData@writer.go:124]
--- PASS: TestC02PermanentENOSPCAbortsFrozenSlice (0.00s)
=== RUN   TestC02FrozenSliceSkipsCatchupFlush
--- PASS: TestC02FrozenSliceSkipsCatchupFlush (0.00s)
=== RUN   TestC02ConcurrentIndependentFullBlocks
--- PASS: TestC02ConcurrentIndependentFullBlocks (0.00s)
=== RUN   TestC02FullBlockDispatchAfterDelayedID
--- PASS: TestC02FullBlockDispatchAfterDelayedID (0.05s)
=== RUN   TestC02MultiBlockDispatchUsesLatestLength
--- PASS: TestC02MultiBlockDispatchUsesLatestLength (0.05s)
=== RUN   TestC02FlushToFailureIsObservable
2026/08/17 19:01:50.263765 juicefs[2949111] <WARNING>: flush inode: 2 chunk: 13 after preparing slice ID: C02 injected FlushTo failure [prepareID@writer.go:99]
--- PASS: TestC02FlushToFailureIsObservable (0.00s)
=== RUN   TestC02PartialThenFullAfterIDDispatchesOnce
--- PASS: TestC02PartialThenFullAfterIDDispatchesOnce (0.05s)
=== RUN   TestC02DelayedNewSliceDoesNotBlockWriteAt
--- PASS: TestC02DelayedNewSliceDoesNotBlockWriteAt (0.00s)
=== RUN   TestC02NonEIONewSliceDoesNotRetryBeforeFlush
--- PASS: TestC02NonEIONewSliceDoesNotRetryBeforeFlush (0.50s)
=== RUN   TestC02TransientEIORecoversOnFreeze
--- PASS: TestC02TransientEIORecoversOnFreeze (0.00s)
=== RUN   TestC02PermanentENOSPCAbortsFrozenSlice
2026/08/17 19:01:50.825966 juicefs[2949111] <INFO>: flush inode: 2 chunk: 0 err: no space left on device [flushData@writer.go:124]
--- PASS: TestC02PermanentENOSPCAbortsFrozenSlice (0.00s)
=== RUN   TestC02FrozenSliceSkipsCatchupFlush
--- PASS: TestC02FrozenSliceSkipsCatchupFlush (0.00s)
=== RUN   TestC02ConcurrentIndependentFullBlocks
--- PASS: TestC02ConcurrentIndependentFullBlocks (0.00s)
=== RUN   TestC02FullBlockDispatchAfterDelayedID
--- PASS: TestC02FullBlockDispatchAfterDelayedID (0.05s)
=== RUN   TestC02MultiBlockDispatchUsesLatestLength
--- PASS: TestC02MultiBlockDispatchUsesLatestLength (0.05s)
=== RUN   TestC02FlushToFailureIsObservable
2026/08/17 19:01:50.936390 juicefs[2949111] <WARNING>: flush inode: 2 chunk: 13 after preparing slice ID: C02 injected FlushTo failure [prepareID@writer.go:99]
--- PASS: TestC02FlushToFailureIsObservable (0.00s)
=== RUN   TestC02PartialThenFullAfterIDDispatchesOnce
--- PASS: TestC02PartialThenFullAfterIDDispatchesOnce (0.05s)
=== RUN   TestC02DelayedNewSliceDoesNotBlockWriteAt
--- PASS: TestC02DelayedNewSliceDoesNotBlockWriteAt (0.00s)
=== RUN   TestC02NonEIONewSliceDoesNotRetryBeforeFlush
--- PASS: TestC02NonEIONewSliceDoesNotRetryBeforeFlush (0.50s)
=== RUN   TestC02TransientEIORecoversOnFreeze
--- PASS: TestC02TransientEIORecoversOnFreeze (0.00s)
=== RUN   TestC02PermanentENOSPCAbortsFrozenSlice
2026/08/17 19:01:51.498802 juicefs[2949111] <INFO>: flush inode: 2 chunk: 0 err: no space left on device [flushData@writer.go:124]
--- PASS: TestC02PermanentENOSPCAbortsFrozenSlice (0.00s)
=== RUN   TestC02FrozenSliceSkipsCatchupFlush
--- PASS: TestC02FrozenSliceSkipsCatchupFlush (0.00s)
=== RUN   TestC02ConcurrentIndependentFullBlocks
--- PASS: TestC02ConcurrentIndependentFullBlocks (0.00s)
=== RUN   TestC02FullBlockDispatchAfterDelayedID
--- PASS: TestC02FullBlockDispatchAfterDelayedID (0.05s)
=== RUN   TestC02MultiBlockDispatchUsesLatestLength
--- PASS: TestC02MultiBlockDispatchUsesLatestLength (0.05s)
=== RUN   TestC02FlushToFailureIsObservable
2026/08/17 19:01:51.608549 juicefs[2949111] <WARNING>: flush inode: 2 chunk: 13 after preparing slice ID: C02 injected FlushTo failure [prepareID@writer.go:99]
--- PASS: TestC02FlushToFailureIsObservable (0.00s)
=== RUN   TestC02PartialThenFullAfterIDDispatchesOnce
--- PASS: TestC02PartialThenFullAfterIDDispatchesOnce (0.05s)
=== RUN   TestC02DelayedNewSliceDoesNotBlockWriteAt
--- PASS: TestC02DelayedNewSliceDoesNotBlockWriteAt (0.00s)
=== RUN   TestC02NonEIONewSliceDoesNotRetryBeforeFlush
--- PASS: TestC02NonEIONewSliceDoesNotRetryBeforeFlush (0.50s)
=== RUN   TestC02TransientEIORecoversOnFreeze
--- PASS: TestC02TransientEIORecoversOnFreeze (0.00s)
=== RUN   TestC02PermanentENOSPCAbortsFrozenSlice
2026/08/17 19:01:52.170387 juicefs[2949111] <INFO>: flush inode: 2 chunk: 0 err: no space left on device [flushData@writer.go:124]
--- PASS: TestC02PermanentENOSPCAbortsFrozenSlice (0.00s)
=== RUN   TestC02FrozenSliceSkipsCatchupFlush
--- PASS: TestC02FrozenSliceSkipsCatchupFlush (0.00s)
=== RUN   TestC02ConcurrentIndependentFullBlocks
--- PASS: TestC02ConcurrentIndependentFullBlocks (0.00s)
=== RUN   TestC02FullBlockDispatchAfterDelayedID
--- PASS: TestC02FullBlockDispatchAfterDelayedID (0.05s)
=== RUN   TestC02MultiBlockDispatchUsesLatestLength
--- PASS: TestC02MultiBlockDispatchUsesLatestLength (0.05s)
=== RUN   TestC02FlushToFailureIsObservable
2026/08/17 19:01:52.281179 juicefs[2949111] <WARNING>: flush inode: 2 chunk: 13 after preparing slice ID: C02 injected FlushTo failure [prepareID@writer.go:99]
--- PASS: TestC02FlushToFailureIsObservable (0.00s)
=== RUN   TestC02PartialThenFullAfterIDDispatchesOnce
--- PASS: TestC02PartialThenFullAfterIDDispatchesOnce (0.05s)
=== RUN   TestC02DelayedNewSliceDoesNotBlockWriteAt
--- PASS: TestC02DelayedNewSliceDoesNotBlockWriteAt (0.00s)
=== RUN   TestC02NonEIONewSliceDoesNotRetryBeforeFlush
--- PASS: TestC02NonEIONewSliceDoesNotRetryBeforeFlush (0.50s)
=== RUN   TestC02TransientEIORecoversOnFreeze
--- PASS: TestC02TransientEIORecoversOnFreeze (0.00s)
=== RUN   TestC02PermanentENOSPCAbortsFrozenSlice
2026/08/17 19:01:52.843175 juicefs[2949111] <INFO>: flush inode: 2 chunk: 0 err: no space left on device [flushData@writer.go:124]
--- PASS: TestC02PermanentENOSPCAbortsFrozenSlice (0.00s)
=== RUN   TestC02FrozenSliceSkipsCatchupFlush
--- PASS: TestC02FrozenSliceSkipsCatchupFlush (0.00s)
=== RUN   TestC02ConcurrentIndependentFullBlocks
--- PASS: TestC02ConcurrentIndependentFullBlocks (0.00s)
=== RUN   TestC02FullBlockDispatchAfterDelayedID
--- PASS: TestC02FullBlockDispatchAfterDelayedID (0.05s)
=== RUN   TestC02MultiBlockDispatchUsesLatestLength
--- PASS: TestC02MultiBlockDispatchUsesLatestLength (0.05s)
=== RUN   TestC02FlushToFailureIsObservable
2026/08/17 19:01:52.953728 juicefs[2949111] <WARNING>: flush inode: 2 chunk: 13 after preparing slice ID: C02 injected FlushTo failure [prepareID@writer.go:99]
--- PASS: TestC02FlushToFailureIsObservable (0.00s)
=== RUN   TestC02PartialThenFullAfterIDDispatchesOnce
--- PASS: TestC02PartialThenFullAfterIDDispatchesOnce (0.05s)
=== RUN   TestC02DelayedNewSliceDoesNotBlockWriteAt
--- PASS: TestC02DelayedNewSliceDoesNotBlockWriteAt (0.00s)
=== RUN   TestC02NonEIONewSliceDoesNotRetryBeforeFlush
--- PASS: TestC02NonEIONewSliceDoesNotRetryBeforeFlush (0.50s)
=== RUN   TestC02TransientEIORecoversOnFreeze
--- PASS: TestC02TransientEIORecoversOnFreeze (0.00s)
=== RUN   TestC02PermanentENOSPCAbortsFrozenSlice
2026/08/17 19:01:53.516440 juicefs[2949111] <INFO>: flush inode: 2 chunk: 0 err: no space left on device [flushData@writer.go:124]
--- PASS: TestC02PermanentENOSPCAbortsFrozenSlice (0.00s)
=== RUN   TestC02FrozenSliceSkipsCatchupFlush
--- PASS: TestC02FrozenSliceSkipsCatchupFlush (0.00s)
=== RUN   TestC02ConcurrentIndependentFullBlocks
--- PASS: TestC02ConcurrentIndependentFullBlocks (0.00s)
=== RUN   TestC02FullBlockDispatchAfterDelayedID
--- PASS: TestC02FullBlockDispatchAfterDelayedID (0.05s)
=== RUN   TestC02MultiBlockDispatchUsesLatestLength
--- PASS: TestC02MultiBlockDispatchUsesLatestLength (0.05s)
=== RUN   TestC02FlushToFailureIsObservable
2026/08/17 19:01:53.626003 juicefs[2949111] <WARNING>: flush inode: 2 chunk: 13 after preparing slice ID: C02 injected FlushTo failure [prepareID@writer.go:99]
--- PASS: TestC02FlushToFailureIsObservable (0.00s)
=== RUN   TestC02PartialThenFullAfterIDDispatchesOnce
--- PASS: TestC02PartialThenFullAfterIDDispatchesOnce (0.05s)
=== RUN   TestC02DelayedNewSliceDoesNotBlockWriteAt
--- PASS: TestC02DelayedNewSliceDoesNotBlockWriteAt (0.00s)
=== RUN   TestC02NonEIONewSliceDoesNotRetryBeforeFlush
--- PASS: TestC02NonEIONewSliceDoesNotRetryBeforeFlush (0.50s)
=== RUN   TestC02TransientEIORecoversOnFreeze
--- PASS: TestC02TransientEIORecoversOnFreeze (0.00s)
=== RUN   TestC02PermanentENOSPCAbortsFrozenSlice
2026/08/17 19:01:54.187429 juicefs[2949111] <INFO>: flush inode: 2 chunk: 0 err: no space left on device [flushData@writer.go:124]
--- PASS: TestC02PermanentENOSPCAbortsFrozenSlice (0.00s)
=== RUN   TestC02FrozenSliceSkipsCatchupFlush
--- PASS: TestC02FrozenSliceSkipsCatchupFlush (0.00s)
=== RUN   TestC02ConcurrentIndependentFullBlocks
--- PASS: TestC02ConcurrentIndependentFullBlocks (0.00s)
=== RUN   TestC02FullBlockDispatchAfterDelayedID
--- PASS: TestC02FullBlockDispatchAfterDelayedID (0.05s)
=== RUN   TestC02MultiBlockDispatchUsesLatestLength
--- PASS: TestC02MultiBlockDispatchUsesLatestLength (0.05s)
=== RUN   TestC02FlushToFailureIsObservable
2026/08/17 19:01:54.297095 juicefs[2949111] <WARNING>: flush inode: 2 chunk: 13 after preparing slice ID: C02 injected FlushTo failure [prepareID@writer.go:99]
--- PASS: TestC02FlushToFailureIsObservable (0.00s)
=== RUN   TestC02PartialThenFullAfterIDDispatchesOnce
--- PASS: TestC02PartialThenFullAfterIDDispatchesOnce (0.05s)
=== RUN   TestC02DelayedNewSliceDoesNotBlockWriteAt
--- PASS: TestC02DelayedNewSliceDoesNotBlockWriteAt (0.00s)
=== RUN   TestC02NonEIONewSliceDoesNotRetryBeforeFlush
--- PASS: TestC02NonEIONewSliceDoesNotRetryBeforeFlush (0.50s)
=== RUN   TestC02TransientEIORecoversOnFreeze
--- PASS: TestC02TransientEIORecoversOnFreeze (0.00s)
=== RUN   TestC02PermanentENOSPCAbortsFrozenSlice
2026/08/17 19:01:54.859327 juicefs[2949111] <INFO>: flush inode: 2 chunk: 0 err: no space left on device [flushData@writer.go:124]
--- PASS: TestC02PermanentENOSPCAbortsFrozenSlice (0.00s)
=== RUN   TestC02FrozenSliceSkipsCatchupFlush
--- PASS: TestC02FrozenSliceSkipsCatchupFlush (0.00s)
=== RUN   TestC02ConcurrentIndependentFullBlocks
--- PASS: TestC02ConcurrentIndependentFullBlocks (0.00s)
=== RUN   TestC02FullBlockDispatchAfterDelayedID
--- PASS: TestC02FullBlockDispatchAfterDelayedID (0.05s)
=== RUN   TestC02MultiBlockDispatchUsesLatestLength
--- PASS: TestC02MultiBlockDispatchUsesLatestLength (0.05s)
=== RUN   TestC02FlushToFailureIsObservable
2026/08/17 19:01:54.970988 juicefs[2949111] <WARNING>: flush inode: 2 chunk: 13 after preparing slice ID: C02 injected FlushTo failure [prepareID@writer.go:99]
--- PASS: TestC02FlushToFailureIsObservable (0.00s)
=== RUN   TestC02PartialThenFullAfterIDDispatchesOnce
--- PASS: TestC02PartialThenFullAfterIDDispatchesOnce (0.05s)
=== RUN   TestC02DelayedNewSliceDoesNotBlockWriteAt
--- PASS: TestC02DelayedNewSliceDoesNotBlockWriteAt (0.00s)
=== RUN   TestC02NonEIONewSliceDoesNotRetryBeforeFlush
--- PASS: TestC02NonEIONewSliceDoesNotRetryBeforeFlush (0.50s)
=== RUN   TestC02TransientEIORecoversOnFreeze
--- PASS: TestC02TransientEIORecoversOnFreeze (0.00s)
=== RUN   TestC02PermanentENOSPCAbortsFrozenSlice
2026/08/17 19:01:55.532853 juicefs[2949111] <INFO>: flush inode: 2 chunk: 0 err: no space left on device [flushData@writer.go:124]
--- PASS: TestC02PermanentENOSPCAbortsFrozenSlice (0.00s)
=== RUN   TestC02FrozenSliceSkipsCatchupFlush
--- PASS: TestC02FrozenSliceSkipsCatchupFlush (0.00s)
=== RUN   TestC02ConcurrentIndependentFullBlocks
--- PASS: TestC02ConcurrentIndependentFullBlocks (0.00s)
=== RUN   TestC02FullBlockDispatchAfterDelayedID
--- PASS: TestC02FullBlockDispatchAfterDelayedID (0.05s)
=== RUN   TestC02MultiBlockDispatchUsesLatestLength
--- PASS: TestC02MultiBlockDispatchUsesLatestLength (0.05s)
=== RUN   TestC02FlushToFailureIsObservable
2026/08/17 19:01:55.642079 juicefs[2949111] <WARNING>: flush inode: 2 chunk: 13 after preparing slice ID: C02 injected FlushTo failure [prepareID@writer.go:99]
--- PASS: TestC02FlushToFailureIsObservable (0.00s)
=== RUN   TestC02PartialThenFullAfterIDDispatchesOnce
--- PASS: TestC02PartialThenFullAfterIDDispatchesOnce (0.05s)
=== RUN   TestC02DelayedNewSliceDoesNotBlockWriteAt
--- PASS: TestC02DelayedNewSliceDoesNotBlockWriteAt (0.00s)
=== RUN   TestC02NonEIONewSliceDoesNotRetryBeforeFlush
--- PASS: TestC02NonEIONewSliceDoesNotRetryBeforeFlush (0.50s)
=== RUN   TestC02TransientEIORecoversOnFreeze
--- PASS: TestC02TransientEIORecoversOnFreeze (0.00s)
=== RUN   TestC02PermanentENOSPCAbortsFrozenSlice
2026/08/17 19:01:56.203811 juicefs[2949111] <INFO>: flush inode: 2 chunk: 0 err: no space left on device [flushData@writer.go:124]
--- PASS: TestC02PermanentENOSPCAbortsFrozenSlice (0.00s)
=== RUN   TestC02FrozenSliceSkipsCatchupFlush
--- PASS: TestC02FrozenSliceSkipsCatchupFlush (0.00s)
=== RUN   TestC02ConcurrentIndependentFullBlocks
--- PASS: TestC02ConcurrentIndependentFullBlocks (0.00s)
=== RUN   TestC02FullBlockDispatchAfterDelayedID
--- PASS: TestC02FullBlockDispatchAfterDelayedID (0.05s)
=== RUN   TestC02MultiBlockDispatchUsesLatestLength
--- PASS: TestC02MultiBlockDispatchUsesLatestLength (0.05s)
=== RUN   TestC02FlushToFailureIsObservable
2026/08/17 19:01:56.313667 juicefs[2949111] <WARNING>: flush inode: 2 chunk: 13 after preparing slice ID: C02 injected FlushTo failure [prepareID@writer.go:99]
--- PASS: TestC02FlushToFailureIsObservable (0.00s)
=== RUN   TestC02PartialThenFullAfterIDDispatchesOnce
--- PASS: TestC02PartialThenFullAfterIDDispatchesOnce (0.05s)
=== RUN   TestC02DelayedNewSliceDoesNotBlockWriteAt
--- PASS: TestC02DelayedNewSliceDoesNotBlockWriteAt (0.00s)
=== RUN   TestC02NonEIONewSliceDoesNotRetryBeforeFlush
--- PASS: TestC02NonEIONewSliceDoesNotRetryBeforeFlush (0.50s)
=== RUN   TestC02TransientEIORecoversOnFreeze
--- PASS: TestC02TransientEIORecoversOnFreeze (0.00s)
=== RUN   TestC02PermanentENOSPCAbortsFrozenSlice
2026/08/17 19:01:56.875080 juicefs[2949111] <INFO>: flush inode: 2 chunk: 0 err: no space left on device [flushData@writer.go:124]
--- PASS: TestC02PermanentENOSPCAbortsFrozenSlice (0.00s)
=== RUN   TestC02FrozenSliceSkipsCatchupFlush
--- PASS: TestC02FrozenSliceSkipsCatchupFlush (0.00s)
=== RUN   TestC02ConcurrentIndependentFullBlocks
--- PASS: TestC02ConcurrentIndependentFullBlocks (0.00s)
=== RUN   TestC02FullBlockDispatchAfterDelayedID
--- PASS: TestC02FullBlockDispatchAfterDelayedID (0.05s)
=== RUN   TestC02MultiBlockDispatchUsesLatestLength
--- PASS: TestC02MultiBlockDispatchUsesLatestLength (0.05s)
=== RUN   TestC02FlushToFailureIsObservable
2026/08/17 19:01:56.985694 juicefs[2949111] <WARNING>: flush inode: 2 chunk: 13 after preparing slice ID: C02 injected FlushTo failure [prepareID@writer.go:99]
--- PASS: TestC02FlushToFailureIsObservable (0.00s)
=== RUN   TestC02PartialThenFullAfterIDDispatchesOnce
--- PASS: TestC02PartialThenFullAfterIDDispatchesOnce (0.05s)
=== RUN   TestC02DelayedNewSliceDoesNotBlockWriteAt
--- PASS: TestC02DelayedNewSliceDoesNotBlockWriteAt (0.00s)
=== RUN   TestC02NonEIONewSliceDoesNotRetryBeforeFlush
--- PASS: TestC02NonEIONewSliceDoesNotRetryBeforeFlush (0.50s)
=== RUN   TestC02TransientEIORecoversOnFreeze
--- PASS: TestC02TransientEIORecoversOnFreeze (0.00s)
=== RUN   TestC02PermanentENOSPCAbortsFrozenSlice
2026/08/17 19:01:57.548154 juicefs[2949111] <INFO>: flush inode: 2 chunk: 0 err: no space left on device [flushData@writer.go:124]
--- PASS: TestC02PermanentENOSPCAbortsFrozenSlice (0.00s)
=== RUN   TestC02FrozenSliceSkipsCatchupFlush
--- PASS: TestC02FrozenSliceSkipsCatchupFlush (0.00s)
=== RUN   TestC02ConcurrentIndependentFullBlocks
--- PASS: TestC02ConcurrentIndependentFullBlocks (0.00s)
=== RUN   TestC02FullBlockDispatchAfterDelayedID
--- PASS: TestC02FullBlockDispatchAfterDelayedID (0.05s)
=== RUN   TestC02MultiBlockDispatchUsesLatestLength
--- PASS: TestC02MultiBlockDispatchUsesLatestLength (0.05s)
=== RUN   TestC02FlushToFailureIsObservable
2026/08/17 19:01:57.657935 juicefs[2949111] <WARNING>: flush inode: 2 chunk: 13 after preparing slice ID: C02 injected FlushTo failure [prepareID@writer.go:99]
--- PASS: TestC02FlushToFailureIsObservable (0.00s)
=== RUN   TestC02PartialThenFullAfterIDDispatchesOnce
--- PASS: TestC02PartialThenFullAfterIDDispatchesOnce (0.05s)
=== RUN   TestC02DelayedNewSliceDoesNotBlockWriteAt
--- PASS: TestC02DelayedNewSliceDoesNotBlockWriteAt (0.00s)
=== RUN   TestC02NonEIONewSliceDoesNotRetryBeforeFlush
--- PASS: TestC02NonEIONewSliceDoesNotRetryBeforeFlush (0.50s)
=== RUN   TestC02TransientEIORecoversOnFreeze
--- PASS: TestC02TransientEIORecoversOnFreeze (0.00s)
=== RUN   TestC02PermanentENOSPCAbortsFrozenSlice
2026/08/17 19:01:58.220955 juicefs[2949111] <INFO>: flush inode: 2 chunk: 0 err: no space left on device [flushData@writer.go:124]
--- PASS: TestC02PermanentENOSPCAbortsFrozenSlice (0.00s)
=== RUN   TestC02FrozenSliceSkipsCatchupFlush
--- PASS: TestC02FrozenSliceSkipsCatchupFlush (0.00s)
=== RUN   TestC02ConcurrentIndependentFullBlocks
--- PASS: TestC02ConcurrentIndependentFullBlocks (0.00s)
=== RUN   TestC02FullBlockDispatchAfterDelayedID
--- PASS: TestC02FullBlockDispatchAfterDelayedID (0.05s)
=== RUN   TestC02MultiBlockDispatchUsesLatestLength
--- PASS: TestC02MultiBlockDispatchUsesLatestLength (0.05s)
=== RUN   TestC02FlushToFailureIsObservable
2026/08/17 19:01:58.332939 juicefs[2949111] <WARNING>: flush inode: 2 chunk: 13 after preparing slice ID: C02 injected FlushTo failure [prepareID@writer.go:99]
--- PASS: TestC02FlushToFailureIsObservable (0.00s)
=== RUN   TestC02PartialThenFullAfterIDDispatchesOnce
--- PASS: TestC02PartialThenFullAfterIDDispatchesOnce (0.05s)
=== RUN   TestC02DelayedNewSliceDoesNotBlockWriteAt
--- PASS: TestC02DelayedNewSliceDoesNotBlockWriteAt (0.00s)
=== RUN   TestC02NonEIONewSliceDoesNotRetryBeforeFlush
--- PASS: TestC02NonEIONewSliceDoesNotRetryBeforeFlush (0.50s)
=== RUN   TestC02TransientEIORecoversOnFreeze
--- PASS: TestC02TransientEIORecoversOnFreeze (0.00s)
=== RUN   TestC02PermanentENOSPCAbortsFrozenSlice
2026/08/17 19:01:58.894815 juicefs[2949111] <INFO>: flush inode: 2 chunk: 0 err: no space left on device [flushData@writer.go:124]
--- PASS: TestC02PermanentENOSPCAbortsFrozenSlice (0.00s)
=== RUN   TestC02FrozenSliceSkipsCatchupFlush
--- PASS: TestC02FrozenSliceSkipsCatchupFlush (0.00s)
=== RUN   TestC02ConcurrentIndependentFullBlocks
--- PASS: TestC02ConcurrentIndependentFullBlocks (0.00s)
=== RUN   TestC02FullBlockDispatchAfterDelayedID
--- PASS: TestC02FullBlockDispatchAfterDelayedID (0.05s)
=== RUN   TestC02MultiBlockDispatchUsesLatestLength
--- PASS: TestC02MultiBlockDispatchUsesLatestLength (0.05s)
=== RUN   TestC02FlushToFailureIsObservable
2026/08/17 19:01:59.005637 juicefs[2949111] <WARNING>: flush inode: 2 chunk: 13 after preparing slice ID: C02 injected FlushTo failure [prepareID@writer.go:99]
--- PASS: TestC02FlushToFailureIsObservable (0.00s)
=== RUN   TestC02PartialThenFullAfterIDDispatchesOnce
--- PASS: TestC02PartialThenFullAfterIDDispatchesOnce (0.05s)
=== RUN   TestC02DelayedNewSliceDoesNotBlockWriteAt
--- PASS: TestC02DelayedNewSliceDoesNotBlockWriteAt (0.00s)
=== RUN   TestC02NonEIONewSliceDoesNotRetryBeforeFlush
--- PASS: TestC02NonEIONewSliceDoesNotRetryBeforeFlush (0.50s)
=== RUN   TestC02TransientEIORecoversOnFreeze
--- PASS: TestC02TransientEIORecoversOnFreeze (0.00s)
=== RUN   TestC02PermanentENOSPCAbortsFrozenSlice
2026/08/17 19:01:59.567653 juicefs[2949111] <INFO>: flush inode: 2 chunk: 0 err: no space left on device [flushData@writer.go:124]
--- PASS: TestC02PermanentENOSPCAbortsFrozenSlice (0.00s)
=== RUN   TestC02FrozenSliceSkipsCatchupFlush
--- PASS: TestC02FrozenSliceSkipsCatchupFlush (0.00s)
=== RUN   TestC02ConcurrentIndependentFullBlocks
--- PASS: TestC02ConcurrentIndependentFullBlocks (0.00s)
=== RUN   TestC02FullBlockDispatchAfterDelayedID
--- PASS: TestC02FullBlockDispatchAfterDelayedID (0.05s)
=== RUN   TestC02MultiBlockDispatchUsesLatestLength
--- PASS: TestC02MultiBlockDispatchUsesLatestLength (0.05s)
=== RUN   TestC02FlushToFailureIsObservable
2026/08/17 19:01:59.677465 juicefs[2949111] <WARNING>: flush inode: 2 chunk: 13 after preparing slice ID: C02 injected FlushTo failure [prepareID@writer.go:99]
--- PASS: TestC02FlushToFailureIsObservable (0.00s)
=== RUN   TestC02PartialThenFullAfterIDDispatchesOnce
--- PASS: TestC02PartialThenFullAfterIDDispatchesOnce (0.05s)
=== RUN   TestC02DelayedNewSliceDoesNotBlockWriteAt
--- PASS: TestC02DelayedNewSliceDoesNotBlockWriteAt (0.00s)
=== RUN   TestC02NonEIONewSliceDoesNotRetryBeforeFlush
--- PASS: TestC02NonEIONewSliceDoesNotRetryBeforeFlush (0.50s)
=== RUN   TestC02TransientEIORecoversOnFreeze
--- PASS: TestC02TransientEIORecoversOnFreeze (0.00s)
=== RUN   TestC02PermanentENOSPCAbortsFrozenSlice
2026/08/17 19:02:00.239150 juicefs[2949111] <INFO>: flush inode: 2 chunk: 0 err: no space left on device [flushData@writer.go:124]
--- PASS: TestC02PermanentENOSPCAbortsFrozenSlice (0.00s)
=== RUN   TestC02FrozenSliceSkipsCatchupFlush
--- PASS: TestC02FrozenSliceSkipsCatchupFlush (0.00s)
=== RUN   TestC02ConcurrentIndependentFullBlocks
--- PASS: TestC02ConcurrentIndependentFullBlocks (0.00s)
=== RUN   TestC02FullBlockDispatchAfterDelayedID
--- PASS: TestC02FullBlockDispatchAfterDelayedID (0.05s)
=== RUN   TestC02MultiBlockDispatchUsesLatestLength
--- PASS: TestC02MultiBlockDispatchUsesLatestLength (0.05s)
=== RUN   TestC02FlushToFailureIsObservable
2026/08/17 19:02:00.350207 juicefs[2949111] <WARNING>: flush inode: 2 chunk: 13 after preparing slice ID: C02 injected FlushTo failure [prepareID@writer.go:99]
--- PASS: TestC02FlushToFailureIsObservable (0.00s)
=== RUN   TestC02PartialThenFullAfterIDDispatchesOnce
--- PASS: TestC02PartialThenFullAfterIDDispatchesOnce (0.05s)
=== RUN   TestC02DelayedNewSliceDoesNotBlockWriteAt
--- PASS: TestC02DelayedNewSliceDoesNotBlockWriteAt (0.00s)
=== RUN   TestC02NonEIONewSliceDoesNotRetryBeforeFlush
--- PASS: TestC02NonEIONewSliceDoesNotRetryBeforeFlush (0.50s)
=== RUN   TestC02TransientEIORecoversOnFreeze
--- PASS: TestC02TransientEIORecoversOnFreeze (0.00s)
=== RUN   TestC02PermanentENOSPCAbortsFrozenSlice
2026/08/17 19:02:00.911395 juicefs[2949111] <INFO>: flush inode: 2 chunk: 0 err: no space left on device [flushData@writer.go:124]
--- PASS: TestC02PermanentENOSPCAbortsFrozenSlice (0.00s)
=== RUN   TestC02FrozenSliceSkipsCatchupFlush
--- PASS: TestC02FrozenSliceSkipsCatchupFlush (0.00s)
=== RUN   TestC02ConcurrentIndependentFullBlocks
--- PASS: TestC02ConcurrentIndependentFullBlocks (0.00s)
=== RUN   TestC02FullBlockDispatchAfterDelayedID
--- PASS: TestC02FullBlockDispatchAfterDelayedID (0.05s)
=== RUN   TestC02MultiBlockDispatchUsesLatestLength
--- PASS: TestC02MultiBlockDispatchUsesLatestLength (0.05s)
=== RUN   TestC02FlushToFailureIsObservable
2026/08/17 19:02:01.021042 juicefs[2949111] <WARNING>: flush inode: 2 chunk: 13 after preparing slice ID: C02 injected FlushTo failure [prepareID@writer.go:99]
--- PASS: TestC02FlushToFailureIsObservable (0.00s)
=== RUN   TestC02PartialThenFullAfterIDDispatchesOnce
--- PASS: TestC02PartialThenFullAfterIDDispatchesOnce (0.05s)
=== RUN   TestC02DelayedNewSliceDoesNotBlockWriteAt
--- PASS: TestC02DelayedNewSliceDoesNotBlockWriteAt (0.00s)
=== RUN   TestC02NonEIONewSliceDoesNotRetryBeforeFlush
--- PASS: TestC02NonEIONewSliceDoesNotRetryBeforeFlush (0.50s)
=== RUN   TestC02TransientEIORecoversOnFreeze
--- PASS: TestC02TransientEIORecoversOnFreeze (0.00s)
=== RUN   TestC02PermanentENOSPCAbortsFrozenSlice
2026/08/17 19:02:01.582804 juicefs[2949111] <INFO>: flush inode: 2 chunk: 0 err: no space left on device [flushData@writer.go:124]
--- PASS: TestC02PermanentENOSPCAbortsFrozenSlice (0.00s)
=== RUN   TestC02FrozenSliceSkipsCatchupFlush
--- PASS: TestC02FrozenSliceSkipsCatchupFlush (0.00s)
=== RUN   TestC02ConcurrentIndependentFullBlocks
--- PASS: TestC02ConcurrentIndependentFullBlocks (0.00s)
=== RUN   TestC02FullBlockDispatchAfterDelayedID
--- PASS: TestC02FullBlockDispatchAfterDelayedID (0.05s)
=== RUN   TestC02MultiBlockDispatchUsesLatestLength
--- PASS: TestC02MultiBlockDispatchUsesLatestLength (0.05s)
=== RUN   TestC02FlushToFailureIsObservable
2026/08/17 19:02:01.692661 juicefs[2949111] <WARNING>: flush inode: 2 chunk: 13 after preparing slice ID: C02 injected FlushTo failure [prepareID@writer.go:99]
--- PASS: TestC02FlushToFailureIsObservable (0.00s)
=== RUN   TestC02PartialThenFullAfterIDDispatchesOnce
--- PASS: TestC02PartialThenFullAfterIDDispatchesOnce (0.05s)
=== RUN   TestC02DelayedNewSliceDoesNotBlockWriteAt
--- PASS: TestC02DelayedNewSliceDoesNotBlockWriteAt (0.00s)
=== RUN   TestC02NonEIONewSliceDoesNotRetryBeforeFlush
--- PASS: TestC02NonEIONewSliceDoesNotRetryBeforeFlush (0.50s)
=== RUN   TestC02TransientEIORecoversOnFreeze
--- PASS: TestC02TransientEIORecoversOnFreeze (0.00s)
=== RUN   TestC02PermanentENOSPCAbortsFrozenSlice
2026/08/17 19:02:02.254716 juicefs[2949111] <INFO>: flush inode: 2 chunk: 0 err: no space left on device [flushData@writer.go:124]
--- PASS: TestC02PermanentENOSPCAbortsFrozenSlice (0.00s)
=== RUN   TestC02FrozenSliceSkipsCatchupFlush
--- PASS: TestC02FrozenSliceSkipsCatchupFlush (0.00s)
=== RUN   TestC02ConcurrentIndependentFullBlocks
--- PASS: TestC02ConcurrentIndependentFullBlocks (0.00s)
=== RUN   TestC02FullBlockDispatchAfterDelayedID
--- PASS: TestC02FullBlockDispatchAfterDelayedID (0.05s)
=== RUN   TestC02MultiBlockDispatchUsesLatestLength
--- PASS: TestC02MultiBlockDispatchUsesLatestLength (0.05s)
=== RUN   TestC02FlushToFailureIsObservable
2026/08/17 19:02:02.364783 juicefs[2949111] <WARNING>: flush inode: 2 chunk: 13 after preparing slice ID: C02 injected FlushTo failure [prepareID@writer.go:99]
--- PASS: TestC02FlushToFailureIsObservable (0.00s)
=== RUN   TestC02PartialThenFullAfterIDDispatchesOnce
--- PASS: TestC02PartialThenFullAfterIDDispatchesOnce (0.05s)
=== RUN   TestC02DelayedNewSliceDoesNotBlockWriteAt
--- PASS: TestC02DelayedNewSliceDoesNotBlockWriteAt (0.00s)
=== RUN   TestC02NonEIONewSliceDoesNotRetryBeforeFlush
--- PASS: TestC02NonEIONewSliceDoesNotRetryBeforeFlush (0.50s)
=== RUN   TestC02TransientEIORecoversOnFreeze
--- PASS: TestC02TransientEIORecoversOnFreeze (0.00s)
=== RUN   TestC02PermanentENOSPCAbortsFrozenSlice
2026/08/17 19:02:02.926227 juicefs[2949111] <INFO>: flush inode: 2 chunk: 0 err: no space left on device [flushData@writer.go:124]
--- PASS: TestC02PermanentENOSPCAbortsFrozenSlice (0.00s)
=== RUN   TestC02FrozenSliceSkipsCatchupFlush
--- PASS: TestC02FrozenSliceSkipsCatchupFlush (0.00s)
=== RUN   TestC02ConcurrentIndependentFullBlocks
--- PASS: TestC02ConcurrentIndependentFullBlocks (0.00s)
=== RUN   TestC02FullBlockDispatchAfterDelayedID
--- PASS: TestC02FullBlockDispatchAfterDelayedID (0.05s)
=== RUN   TestC02MultiBlockDispatchUsesLatestLength
--- PASS: TestC02MultiBlockDispatchUsesLatestLength (0.05s)
=== RUN   TestC02FlushToFailureIsObservable
2026/08/17 19:02:03.034879 juicefs[2949111] <WARNING>: flush inode: 2 chunk: 13 after preparing slice ID: C02 injected FlushTo failure [prepareID@writer.go:99]
--- PASS: TestC02FlushToFailureIsObservable (0.00s)
=== RUN   TestC02PartialThenFullAfterIDDispatchesOnce
--- PASS: TestC02PartialThenFullAfterIDDispatchesOnce (0.05s)
=== RUN   TestC02DelayedNewSliceDoesNotBlockWriteAt
--- PASS: TestC02DelayedNewSliceDoesNotBlockWriteAt (0.00s)
=== RUN   TestC02NonEIONewSliceDoesNotRetryBeforeFlush
--- PASS: TestC02NonEIONewSliceDoesNotRetryBeforeFlush (0.50s)
=== RUN   TestC02TransientEIORecoversOnFreeze
--- PASS: TestC02TransientEIORecoversOnFreeze (0.00s)
=== RUN   TestC02PermanentENOSPCAbortsFrozenSlice
2026/08/17 19:02:03.597309 juicefs[2949111] <INFO>: flush inode: 2 chunk: 0 err: no space left on device [flushData@writer.go:124]
--- PASS: TestC02PermanentENOSPCAbortsFrozenSlice (0.00s)
=== RUN   TestC02FrozenSliceSkipsCatchupFlush
--- PASS: TestC02FrozenSliceSkipsCatchupFlush (0.00s)
=== RUN   TestC02ConcurrentIndependentFullBlocks
--- PASS: TestC02ConcurrentIndependentFullBlocks (0.00s)
=== RUN   TestC02FullBlockDispatchAfterDelayedID
--- PASS: TestC02FullBlockDispatchAfterDelayedID (0.05s)
=== RUN   TestC02MultiBlockDispatchUsesLatestLength
--- PASS: TestC02MultiBlockDispatchUsesLatestLength (0.05s)
=== RUN   TestC02FlushToFailureIsObservable
2026/08/17 19:02:03.708834 juicefs[2949111] <WARNING>: flush inode: 2 chunk: 13 after preparing slice ID: C02 injected FlushTo failure [prepareID@writer.go:99]
--- PASS: TestC02FlushToFailureIsObservable (0.00s)
=== RUN   TestC02PartialThenFullAfterIDDispatchesOnce
--- PASS: TestC02PartialThenFullAfterIDDispatchesOnce (0.05s)
=== RUN   TestC02DelayedNewSliceDoesNotBlockWriteAt
--- PASS: TestC02DelayedNewSliceDoesNotBlockWriteAt (0.00s)
=== RUN   TestC02NonEIONewSliceDoesNotRetryBeforeFlush
--- PASS: TestC02NonEIONewSliceDoesNotRetryBeforeFlush (0.50s)
=== RUN   TestC02TransientEIORecoversOnFreeze
--- PASS: TestC02TransientEIORecoversOnFreeze (0.00s)
=== RUN   TestC02PermanentENOSPCAbortsFrozenSlice
2026/08/17 19:02:04.270909 juicefs[2949111] <INFO>: flush inode: 2 chunk: 0 err: no space left on device [flushData@writer.go:124]
--- PASS: TestC02PermanentENOSPCAbortsFrozenSlice (0.00s)
=== RUN   TestC02FrozenSliceSkipsCatchupFlush
--- PASS: TestC02FrozenSliceSkipsCatchupFlush (0.00s)
=== RUN   TestC02ConcurrentIndependentFullBlocks
--- PASS: TestC02ConcurrentIndependentFullBlocks (0.00s)
=== RUN   TestC02FullBlockDispatchAfterDelayedID
--- PASS: TestC02FullBlockDispatchAfterDelayedID (0.05s)
=== RUN   TestC02MultiBlockDispatchUsesLatestLength
--- PASS: TestC02MultiBlockDispatchUsesLatestLength (0.05s)
=== RUN   TestC02FlushToFailureIsObservable
2026/08/17 19:02:04.381604 juicefs[2949111] <WARNING>: flush inode: 2 chunk: 13 after preparing slice ID: C02 injected FlushTo failure [prepareID@writer.go:99]
--- PASS: TestC02FlushToFailureIsObservable (0.00s)
=== RUN   TestC02PartialThenFullAfterIDDispatchesOnce
--- PASS: TestC02PartialThenFullAfterIDDispatchesOnce (0.05s)
=== RUN   TestC02DelayedNewSliceDoesNotBlockWriteAt
--- PASS: TestC02DelayedNewSliceDoesNotBlockWriteAt (0.00s)
=== RUN   TestC02NonEIONewSliceDoesNotRetryBeforeFlush
--- PASS: TestC02NonEIONewSliceDoesNotRetryBeforeFlush (0.50s)
=== RUN   TestC02TransientEIORecoversOnFreeze
--- PASS: TestC02TransientEIORecoversOnFreeze (0.00s)
=== RUN   TestC02PermanentENOSPCAbortsFrozenSlice
2026/08/17 19:02:04.943067 juicefs[2949111] <INFO>: flush inode: 2 chunk: 0 err: no space left on device [flushData@writer.go:124]
--- PASS: TestC02PermanentENOSPCAbortsFrozenSlice (0.00s)
=== RUN   TestC02FrozenSliceSkipsCatchupFlush
--- PASS: TestC02FrozenSliceSkipsCatchupFlush (0.00s)
=== RUN   TestC02ConcurrentIndependentFullBlocks
--- PASS: TestC02ConcurrentIndependentFullBlocks (0.00s)
=== RUN   TestC02FullBlockDispatchAfterDelayedID
--- PASS: TestC02FullBlockDispatchAfterDelayedID (0.05s)
=== RUN   TestC02MultiBlockDispatchUsesLatestLength
--- PASS: TestC02MultiBlockDispatchUsesLatestLength (0.05s)
=== RUN   TestC02FlushToFailureIsObservable
2026/08/17 19:02:05.052931 juicefs[2949111] <WARNING>: flush inode: 2 chunk: 13 after preparing slice ID: C02 injected FlushTo failure [prepareID@writer.go:99]
--- PASS: TestC02FlushToFailureIsObservable (0.00s)
=== RUN   TestC02PartialThenFullAfterIDDispatchesOnce
--- PASS: TestC02PartialThenFullAfterIDDispatchesOnce (0.05s)
=== RUN   TestC02DelayedNewSliceDoesNotBlockWriteAt
--- PASS: TestC02DelayedNewSliceDoesNotBlockWriteAt (0.00s)
=== RUN   TestC02NonEIONewSliceDoesNotRetryBeforeFlush
--- PASS: TestC02NonEIONewSliceDoesNotRetryBeforeFlush (0.50s)
=== RUN   TestC02TransientEIORecoversOnFreeze
--- PASS: TestC02TransientEIORecoversOnFreeze (0.00s)
=== RUN   TestC02PermanentENOSPCAbortsFrozenSlice
2026/08/17 19:02:05.614730 juicefs[2949111] <INFO>: flush inode: 2 chunk: 0 err: no space left on device [flushData@writer.go:124]
--- PASS: TestC02PermanentENOSPCAbortsFrozenSlice (0.00s)
=== RUN   TestC02FrozenSliceSkipsCatchupFlush
--- PASS: TestC02FrozenSliceSkipsCatchupFlush (0.00s)
=== RUN   TestC02ConcurrentIndependentFullBlocks
--- PASS: TestC02ConcurrentIndependentFullBlocks (0.00s)
=== RUN   TestC02FullBlockDispatchAfterDelayedID
--- PASS: TestC02FullBlockDispatchAfterDelayedID (0.05s)
=== RUN   TestC02MultiBlockDispatchUsesLatestLength
--- PASS: TestC02MultiBlockDispatchUsesLatestLength (0.05s)
=== RUN   TestC02FlushToFailureIsObservable
2026/08/17 19:02:05.724876 juicefs[2949111] <WARNING>: flush inode: 2 chunk: 13 after preparing slice ID: C02 injected FlushTo failure [prepareID@writer.go:99]
--- PASS: TestC02FlushToFailureIsObservable (0.00s)
=== RUN   TestC02PartialThenFullAfterIDDispatchesOnce
--- PASS: TestC02PartialThenFullAfterIDDispatchesOnce (0.05s)
=== RUN   TestC02DelayedNewSliceDoesNotBlockWriteAt
--- PASS: TestC02DelayedNewSliceDoesNotBlockWriteAt (0.00s)
=== RUN   TestC02NonEIONewSliceDoesNotRetryBeforeFlush
--- PASS: TestC02NonEIONewSliceDoesNotRetryBeforeFlush (0.50s)
=== RUN   TestC02TransientEIORecoversOnFreeze
--- PASS: TestC02TransientEIORecoversOnFreeze (0.00s)
=== RUN   TestC02PermanentENOSPCAbortsFrozenSlice
2026/08/17 19:02:06.287062 juicefs[2949111] <INFO>: flush inode: 2 chunk: 0 err: no space left on device [flushData@writer.go:124]
--- PASS: TestC02PermanentENOSPCAbortsFrozenSlice (0.00s)
=== RUN   TestC02FrozenSliceSkipsCatchupFlush
--- PASS: TestC02FrozenSliceSkipsCatchupFlush (0.00s)
=== RUN   TestC02ConcurrentIndependentFullBlocks
--- PASS: TestC02ConcurrentIndependentFullBlocks (0.00s)
=== RUN   TestC02FullBlockDispatchAfterDelayedID
--- PASS: TestC02FullBlockDispatchAfterDelayedID (0.05s)
=== RUN   TestC02MultiBlockDispatchUsesLatestLength
--- PASS: TestC02MultiBlockDispatchUsesLatestLength (0.05s)
=== RUN   TestC02FlushToFailureIsObservable
2026/08/17 19:02:06.396787 juicefs[2949111] <WARNING>: flush inode: 2 chunk: 13 after preparing slice ID: C02 injected FlushTo failure [prepareID@writer.go:99]
--- PASS: TestC02FlushToFailureIsObservable (0.00s)
=== RUN   TestC02PartialThenFullAfterIDDispatchesOnce
--- PASS: TestC02PartialThenFullAfterIDDispatchesOnce (0.05s)
=== RUN   TestC02DelayedNewSliceDoesNotBlockWriteAt
--- PASS: TestC02DelayedNewSliceDoesNotBlockWriteAt (0.00s)
=== RUN   TestC02NonEIONewSliceDoesNotRetryBeforeFlush
--- PASS: TestC02NonEIONewSliceDoesNotRetryBeforeFlush (0.50s)
=== RUN   TestC02TransientEIORecoversOnFreeze
--- PASS: TestC02TransientEIORecoversOnFreeze (0.00s)
=== RUN   TestC02PermanentENOSPCAbortsFrozenSlice
2026/08/17 19:02:06.958760 juicefs[2949111] <INFO>: flush inode: 2 chunk: 0 err: no space left on device [flushData@writer.go:124]
--- PASS: TestC02PermanentENOSPCAbortsFrozenSlice (0.00s)
=== RUN   TestC02FrozenSliceSkipsCatchupFlush
--- PASS: TestC02FrozenSliceSkipsCatchupFlush (0.00s)
=== RUN   TestC02ConcurrentIndependentFullBlocks
--- PASS: TestC02ConcurrentIndependentFullBlocks (0.00s)
=== RUN   TestC02FullBlockDispatchAfterDelayedID
--- PASS: TestC02FullBlockDispatchAfterDelayedID (0.05s)
=== RUN   TestC02MultiBlockDispatchUsesLatestLength
--- PASS: TestC02MultiBlockDispatchUsesLatestLength (0.05s)
=== RUN   TestC02FlushToFailureIsObservable
2026/08/17 19:02:07.068213 juicefs[2949111] <WARNING>: flush inode: 2 chunk: 13 after preparing slice ID: C02 injected FlushTo failure [prepareID@writer.go:99]
--- PASS: TestC02FlushToFailureIsObservable (0.00s)
=== RUN   TestC02PartialThenFullAfterIDDispatchesOnce
--- PASS: TestC02PartialThenFullAfterIDDispatchesOnce (0.05s)
=== RUN   TestC02DelayedNewSliceDoesNotBlockWriteAt
--- PASS: TestC02DelayedNewSliceDoesNotBlockWriteAt (0.00s)
=== RUN   TestC02NonEIONewSliceDoesNotRetryBeforeFlush
--- PASS: TestC02NonEIONewSliceDoesNotRetryBeforeFlush (0.50s)
=== RUN   TestC02TransientEIORecoversOnFreeze
--- PASS: TestC02TransientEIORecoversOnFreeze (0.00s)
=== RUN   TestC02PermanentENOSPCAbortsFrozenSlice
2026/08/17 19:02:07.630059 juicefs[2949111] <INFO>: flush inode: 2 chunk: 0 err: no space left on device [flushData@writer.go:124]
--- PASS: TestC02PermanentENOSPCAbortsFrozenSlice (0.00s)
=== RUN   TestC02FrozenSliceSkipsCatchupFlush
--- PASS: TestC02FrozenSliceSkipsCatchupFlush (0.00s)
=== RUN   TestC02ConcurrentIndependentFullBlocks
--- PASS: TestC02ConcurrentIndependentFullBlocks (0.00s)
=== RUN   TestC02FullBlockDispatchAfterDelayedID
--- PASS: TestC02FullBlockDispatchAfterDelayedID (0.05s)
=== RUN   TestC02MultiBlockDispatchUsesLatestLength
--- PASS: TestC02MultiBlockDispatchUsesLatestLength (0.05s)
=== RUN   TestC02FlushToFailureIsObservable
2026/08/17 19:02:07.740539 juicefs[2949111] <WARNING>: flush inode: 2 chunk: 13 after preparing slice ID: C02 injected FlushTo failure [prepareID@writer.go:99]
--- PASS: TestC02FlushToFailureIsObservable (0.00s)
=== RUN   TestC02PartialThenFullAfterIDDispatchesOnce
--- PASS: TestC02PartialThenFullAfterIDDispatchesOnce (0.05s)
=== RUN   TestC02DelayedNewSliceDoesNotBlockWriteAt
--- PASS: TestC02DelayedNewSliceDoesNotBlockWriteAt (0.00s)
=== RUN   TestC02NonEIONewSliceDoesNotRetryBeforeFlush
--- PASS: TestC02NonEIONewSliceDoesNotRetryBeforeFlush (0.50s)
=== RUN   TestC02TransientEIORecoversOnFreeze
--- PASS: TestC02TransientEIORecoversOnFreeze (0.00s)
=== RUN   TestC02PermanentENOSPCAbortsFrozenSlice
2026/08/17 19:02:08.302733 juicefs[2949111] <INFO>: flush inode: 2 chunk: 0 err: no space left on device [flushData@writer.go:124]
--- PASS: TestC02PermanentENOSPCAbortsFrozenSlice (0.00s)
=== RUN   TestC02FrozenSliceSkipsCatchupFlush
--- PASS: TestC02FrozenSliceSkipsCatchupFlush (0.00s)
=== RUN   TestC02ConcurrentIndependentFullBlocks
--- PASS: TestC02ConcurrentIndependentFullBlocks (0.00s)
=== RUN   TestC02FullBlockDispatchAfterDelayedID
--- PASS: TestC02FullBlockDispatchAfterDelayedID (0.05s)
=== RUN   TestC02MultiBlockDispatchUsesLatestLength
--- PASS: TestC02MultiBlockDispatchUsesLatestLength (0.05s)
=== RUN   TestC02FlushToFailureIsObservable
2026/08/17 19:02:08.413287 juicefs[2949111] <WARNING>: flush inode: 2 chunk: 13 after preparing slice ID: C02 injected FlushTo failure [prepareID@writer.go:99]
--- PASS: TestC02FlushToFailureIsObservable (0.00s)
=== RUN   TestC02PartialThenFullAfterIDDispatchesOnce
--- PASS: TestC02PartialThenFullAfterIDDispatchesOnce (0.05s)
=== RUN   TestC02DelayedNewSliceDoesNotBlockWriteAt
--- PASS: TestC02DelayedNewSliceDoesNotBlockWriteAt (0.00s)
=== RUN   TestC02NonEIONewSliceDoesNotRetryBeforeFlush
--- PASS: TestC02NonEIONewSliceDoesNotRetryBeforeFlush (0.50s)
=== RUN   TestC02TransientEIORecoversOnFreeze
--- PASS: TestC02TransientEIORecoversOnFreeze (0.00s)
=== RUN   TestC02PermanentENOSPCAbortsFrozenSlice
2026/08/17 19:02:08.974947 juicefs[2949111] <INFO>: flush inode: 2 chunk: 0 err: no space left on device [flushData@writer.go:124]
--- PASS: TestC02PermanentENOSPCAbortsFrozenSlice (0.00s)
=== RUN   TestC02FrozenSliceSkipsCatchupFlush
--- PASS: TestC02FrozenSliceSkipsCatchupFlush (0.00s)
=== RUN   TestC02ConcurrentIndependentFullBlocks
--- PASS: TestC02ConcurrentIndependentFullBlocks (0.00s)
=== RUN   TestC02FullBlockDispatchAfterDelayedID
--- PASS: TestC02FullBlockDispatchAfterDelayedID (0.05s)
=== RUN   TestC02MultiBlockDispatchUsesLatestLength
--- PASS: TestC02MultiBlockDispatchUsesLatestLength (0.05s)
=== RUN   TestC02FlushToFailureIsObservable
2026/08/17 19:02:09.085196 juicefs[2949111] <WARNING>: flush inode: 2 chunk: 13 after preparing slice ID: C02 injected FlushTo failure [prepareID@writer.go:99]
--- PASS: TestC02FlushToFailureIsObservable (0.00s)
=== RUN   TestC02PartialThenFullAfterIDDispatchesOnce
--- PASS: TestC02PartialThenFullAfterIDDispatchesOnce (0.05s)
=== RUN   TestC02DelayedNewSliceDoesNotBlockWriteAt
--- PASS: TestC02DelayedNewSliceDoesNotBlockWriteAt (0.00s)
=== RUN   TestC02NonEIONewSliceDoesNotRetryBeforeFlush
--- PASS: TestC02NonEIONewSliceDoesNotRetryBeforeFlush (0.50s)
=== RUN   TestC02TransientEIORecoversOnFreeze
--- PASS: TestC02TransientEIORecoversOnFreeze (0.00s)
=== RUN   TestC02PermanentENOSPCAbortsFrozenSlice
2026/08/17 19:02:09.646930 juicefs[2949111] <INFO>: flush inode: 2 chunk: 0 err: no space left on device [flushData@writer.go:124]
--- PASS: TestC02PermanentENOSPCAbortsFrozenSlice (0.00s)
=== RUN   TestC02FrozenSliceSkipsCatchupFlush
--- PASS: TestC02FrozenSliceSkipsCatchupFlush (0.00s)
=== RUN   TestC02ConcurrentIndependentFullBlocks
--- PASS: TestC02ConcurrentIndependentFullBlocks (0.00s)
=== RUN   TestC02FullBlockDispatchAfterDelayedID
--- PASS: TestC02FullBlockDispatchAfterDelayedID (0.05s)
=== RUN   TestC02MultiBlockDispatchUsesLatestLength
--- PASS: TestC02MultiBlockDispatchUsesLatestLength (0.05s)
=== RUN   TestC02FlushToFailureIsObservable
2026/08/17 19:02:09.756565 juicefs[2949111] <WARNING>: flush inode: 2 chunk: 13 after preparing slice ID: C02 injected FlushTo failure [prepareID@writer.go:99]
--- PASS: TestC02FlushToFailureIsObservable (0.00s)
=== RUN   TestC02PartialThenFullAfterIDDispatchesOnce
--- PASS: TestC02PartialThenFullAfterIDDispatchesOnce (0.05s)
=== RUN   TestC02DelayedNewSliceDoesNotBlockWriteAt
--- PASS: TestC02DelayedNewSliceDoesNotBlockWriteAt (0.00s)
=== RUN   TestC02NonEIONewSliceDoesNotRetryBeforeFlush
--- PASS: TestC02NonEIONewSliceDoesNotRetryBeforeFlush (0.50s)
=== RUN   TestC02TransientEIORecoversOnFreeze
--- PASS: TestC02TransientEIORecoversOnFreeze (0.00s)
=== RUN   TestC02PermanentENOSPCAbortsFrozenSlice
2026/08/17 19:02:10.318392 juicefs[2949111] <INFO>: flush inode: 2 chunk: 0 err: no space left on device [flushData@writer.go:124]
--- PASS: TestC02PermanentENOSPCAbortsFrozenSlice (0.00s)
=== RUN   TestC02FrozenSliceSkipsCatchupFlush
--- PASS: TestC02FrozenSliceSkipsCatchupFlush (0.00s)
=== RUN   TestC02ConcurrentIndependentFullBlocks
--- PASS: TestC02ConcurrentIndependentFullBlocks (0.00s)
=== RUN   TestC02FullBlockDispatchAfterDelayedID
--- PASS: TestC02FullBlockDispatchAfterDelayedID (0.05s)
=== RUN   TestC02MultiBlockDispatchUsesLatestLength
--- PASS: TestC02MultiBlockDispatchUsesLatestLength (0.05s)
=== RUN   TestC02FlushToFailureIsObservable
2026/08/17 19:02:10.429807 juicefs[2949111] <WARNING>: flush inode: 2 chunk: 13 after preparing slice ID: C02 injected FlushTo failure [prepareID@writer.go:99]
--- PASS: TestC02FlushToFailureIsObservable (0.00s)
=== RUN   TestC02PartialThenFullAfterIDDispatchesOnce
--- PASS: TestC02PartialThenFullAfterIDDispatchesOnce (0.05s)
=== RUN   TestC02DelayedNewSliceDoesNotBlockWriteAt
--- PASS: TestC02DelayedNewSliceDoesNotBlockWriteAt (0.00s)
=== RUN   TestC02NonEIONewSliceDoesNotRetryBeforeFlush
--- PASS: TestC02NonEIONewSliceDoesNotRetryBeforeFlush (0.50s)
=== RUN   TestC02TransientEIORecoversOnFreeze
--- PASS: TestC02TransientEIORecoversOnFreeze (0.00s)
=== RUN   TestC02PermanentENOSPCAbortsFrozenSlice
2026/08/17 19:02:10.991604 juicefs[2949111] <INFO>: flush inode: 2 chunk: 0 err: no space left on device [flushData@writer.go:124]
--- PASS: TestC02PermanentENOSPCAbortsFrozenSlice (0.00s)
=== RUN   TestC02FrozenSliceSkipsCatchupFlush
--- PASS: TestC02FrozenSliceSkipsCatchupFlush (0.00s)
=== RUN   TestC02ConcurrentIndependentFullBlocks
--- PASS: TestC02ConcurrentIndependentFullBlocks (0.00s)
=== RUN   TestC02FullBlockDispatchAfterDelayedID
--- PASS: TestC02FullBlockDispatchAfterDelayedID (0.05s)
=== RUN   TestC02MultiBlockDispatchUsesLatestLength
--- PASS: TestC02MultiBlockDispatchUsesLatestLength (0.05s)
=== RUN   TestC02FlushToFailureIsObservable
2026/08/17 19:02:11.102352 juicefs[2949111] <WARNING>: flush inode: 2 chunk: 13 after preparing slice ID: C02 injected FlushTo failure [prepareID@writer.go:99]
--- PASS: TestC02FlushToFailureIsObservable (0.00s)
=== RUN   TestC02PartialThenFullAfterIDDispatchesOnce
--- PASS: TestC02PartialThenFullAfterIDDispatchesOnce (0.05s)
=== RUN   TestC02DelayedNewSliceDoesNotBlockWriteAt
--- PASS: TestC02DelayedNewSliceDoesNotBlockWriteAt (0.00s)
=== RUN   TestC02NonEIONewSliceDoesNotRetryBeforeFlush
--- PASS: TestC02NonEIONewSliceDoesNotRetryBeforeFlush (0.50s)
=== RUN   TestC02TransientEIORecoversOnFreeze
--- PASS: TestC02TransientEIORecoversOnFreeze (0.00s)
=== RUN   TestC02PermanentENOSPCAbortsFrozenSlice
2026/08/17 19:02:11.664074 juicefs[2949111] <INFO>: flush inode: 2 chunk: 0 err: no space left on device [flushData@writer.go:124]
--- PASS: TestC02PermanentENOSPCAbortsFrozenSlice (0.00s)
=== RUN   TestC02FrozenSliceSkipsCatchupFlush
--- PASS: TestC02FrozenSliceSkipsCatchupFlush (0.00s)
=== RUN   TestC02ConcurrentIndependentFullBlocks
--- PASS: TestC02ConcurrentIndependentFullBlocks (0.00s)
=== RUN   TestC02FullBlockDispatchAfterDelayedID
--- PASS: TestC02FullBlockDispatchAfterDelayedID (0.05s)
=== RUN   TestC02MultiBlockDispatchUsesLatestLength
--- PASS: TestC02MultiBlockDispatchUsesLatestLength (0.05s)
=== RUN   TestC02FlushToFailureIsObservable
2026/08/17 19:02:11.774875 juicefs[2949111] <WARNING>: flush inode: 2 chunk: 13 after preparing slice ID: C02 injected FlushTo failure [prepareID@writer.go:99]
--- PASS: TestC02FlushToFailureIsObservable (0.00s)
=== RUN   TestC02PartialThenFullAfterIDDispatchesOnce
--- PASS: TestC02PartialThenFullAfterIDDispatchesOnce (0.05s)
=== RUN   TestC02DelayedNewSliceDoesNotBlockWriteAt
--- PASS: TestC02DelayedNewSliceDoesNotBlockWriteAt (0.00s)
=== RUN   TestC02NonEIONewSliceDoesNotRetryBeforeFlush
--- PASS: TestC02NonEIONewSliceDoesNotRetryBeforeFlush (0.50s)
=== RUN   TestC02TransientEIORecoversOnFreeze
--- PASS: TestC02TransientEIORecoversOnFreeze (0.00s)
=== RUN   TestC02PermanentENOSPCAbortsFrozenSlice
2026/08/17 19:02:12.336983 juicefs[2949111] <INFO>: flush inode: 2 chunk: 0 err: no space left on device [flushData@writer.go:124]
--- PASS: TestC02PermanentENOSPCAbortsFrozenSlice (0.00s)
=== RUN   TestC02FrozenSliceSkipsCatchupFlush
--- PASS: TestC02FrozenSliceSkipsCatchupFlush (0.00s)
=== RUN   TestC02ConcurrentIndependentFullBlocks
--- PASS: TestC02ConcurrentIndependentFullBlocks (0.00s)
=== RUN   TestC02FullBlockDispatchAfterDelayedID
--- PASS: TestC02FullBlockDispatchAfterDelayedID (0.05s)
=== RUN   TestC02MultiBlockDispatchUsesLatestLength
--- PASS: TestC02MultiBlockDispatchUsesLatestLength (0.05s)
=== RUN   TestC02FlushToFailureIsObservable
2026/08/17 19:02:12.446912 juicefs[2949111] <WARNING>: flush inode: 2 chunk: 13 after preparing slice ID: C02 injected FlushTo failure [prepareID@writer.go:99]
--- PASS: TestC02FlushToFailureIsObservable (0.00s)
=== RUN   TestC02PartialThenFullAfterIDDispatchesOnce
--- PASS: TestC02PartialThenFullAfterIDDispatchesOnce (0.05s)
=== RUN   TestC02DelayedNewSliceDoesNotBlockWriteAt
--- PASS: TestC02DelayedNewSliceDoesNotBlockWriteAt (0.00s)
=== RUN   TestC02NonEIONewSliceDoesNotRetryBeforeFlush
--- PASS: TestC02NonEIONewSliceDoesNotRetryBeforeFlush (0.50s)
=== RUN   TestC02TransientEIORecoversOnFreeze
--- PASS: TestC02TransientEIORecoversOnFreeze (0.00s)
=== RUN   TestC02PermanentENOSPCAbortsFrozenSlice
2026/08/17 19:02:13.008097 juicefs[2949111] <INFO>: flush inode: 2 chunk: 0 err: no space left on device [flushData@writer.go:124]
--- PASS: TestC02PermanentENOSPCAbortsFrozenSlice (0.00s)
=== RUN   TestC02FrozenSliceSkipsCatchupFlush
--- PASS: TestC02FrozenSliceSkipsCatchupFlush (0.00s)
=== RUN   TestC02ConcurrentIndependentFullBlocks
--- PASS: TestC02ConcurrentIndependentFullBlocks (0.00s)
=== RUN   TestC02FullBlockDispatchAfterDelayedID
--- PASS: TestC02FullBlockDispatchAfterDelayedID (0.05s)
=== RUN   TestC02MultiBlockDispatchUsesLatestLength
--- PASS: TestC02MultiBlockDispatchUsesLatestLength (0.05s)
=== RUN   TestC02FlushToFailureIsObservable
2026/08/17 19:02:13.119010 juicefs[2949111] <WARNING>: flush inode: 2 chunk: 13 after preparing slice ID: C02 injected FlushTo failure [prepareID@writer.go:99]
--- PASS: TestC02FlushToFailureIsObservable (0.00s)
=== RUN   TestC02PartialThenFullAfterIDDispatchesOnce
--- PASS: TestC02PartialThenFullAfterIDDispatchesOnce (0.05s)
=== RUN   TestC02DelayedNewSliceDoesNotBlockWriteAt
--- PASS: TestC02DelayedNewSliceDoesNotBlockWriteAt (0.00s)
=== RUN   TestC02NonEIONewSliceDoesNotRetryBeforeFlush
--- PASS: TestC02NonEIONewSliceDoesNotRetryBeforeFlush (0.50s)
=== RUN   TestC02TransientEIORecoversOnFreeze
--- PASS: TestC02TransientEIORecoversOnFreeze (0.00s)
=== RUN   TestC02PermanentENOSPCAbortsFrozenSlice
2026/08/17 19:02:13.680993 juicefs[2949111] <INFO>: flush inode: 2 chunk: 0 err: no space left on device [flushData@writer.go:124]
--- PASS: TestC02PermanentENOSPCAbortsFrozenSlice (0.00s)
=== RUN   TestC02FrozenSliceSkipsCatchupFlush
--- PASS: TestC02FrozenSliceSkipsCatchupFlush (0.00s)
=== RUN   TestC02ConcurrentIndependentFullBlocks
--- PASS: TestC02ConcurrentIndependentFullBlocks (0.00s)
=== RUN   TestC02FullBlockDispatchAfterDelayedID
--- PASS: TestC02FullBlockDispatchAfterDelayedID (0.05s)
=== RUN   TestC02MultiBlockDispatchUsesLatestLength
--- PASS: TestC02MultiBlockDispatchUsesLatestLength (0.05s)
=== RUN   TestC02FlushToFailureIsObservable
2026/08/17 19:02:13.792135 juicefs[2949111] <WARNING>: flush inode: 2 chunk: 13 after preparing slice ID: C02 injected FlushTo failure [prepareID@writer.go:99]
--- PASS: TestC02FlushToFailureIsObservable (0.00s)
=== RUN   TestC02PartialThenFullAfterIDDispatchesOnce
--- PASS: TestC02PartialThenFullAfterIDDispatchesOnce (0.05s)
=== RUN   TestC02DelayedNewSliceDoesNotBlockWriteAt
--- PASS: TestC02DelayedNewSliceDoesNotBlockWriteAt (0.00s)
=== RUN   TestC02NonEIONewSliceDoesNotRetryBeforeFlush
--- PASS: TestC02NonEIONewSliceDoesNotRetryBeforeFlush (0.50s)
=== RUN   TestC02TransientEIORecoversOnFreeze
--- PASS: TestC02TransientEIORecoversOnFreeze (0.00s)
=== RUN   TestC02PermanentENOSPCAbortsFrozenSlice
2026/08/17 19:02:14.353480 juicefs[2949111] <INFO>: flush inode: 2 chunk: 0 err: no space left on device [flushData@writer.go:124]
--- PASS: TestC02PermanentENOSPCAbortsFrozenSlice (0.00s)
=== RUN   TestC02FrozenSliceSkipsCatchupFlush
--- PASS: TestC02FrozenSliceSkipsCatchupFlush (0.00s)
=== RUN   TestC02ConcurrentIndependentFullBlocks
--- PASS: TestC02ConcurrentIndependentFullBlocks (0.00s)
=== RUN   TestC02FullBlockDispatchAfterDelayedID
--- PASS: TestC02FullBlockDispatchAfterDelayedID (0.05s)
=== RUN   TestC02MultiBlockDispatchUsesLatestLength
--- PASS: TestC02MultiBlockDispatchUsesLatestLength (0.05s)
=== RUN   TestC02FlushToFailureIsObservable
2026/08/17 19:02:14.464044 juicefs[2949111] <WARNING>: flush inode: 2 chunk: 13 after preparing slice ID: C02 injected FlushTo failure [prepareID@writer.go:99]
--- PASS: TestC02FlushToFailureIsObservable (0.00s)
=== RUN   TestC02PartialThenFullAfterIDDispatchesOnce
--- PASS: TestC02PartialThenFullAfterIDDispatchesOnce (0.05s)
=== RUN   TestC02DelayedNewSliceDoesNotBlockWriteAt
--- PASS: TestC02DelayedNewSliceDoesNotBlockWriteAt (0.00s)
=== RUN   TestC02NonEIONewSliceDoesNotRetryBeforeFlush
--- PASS: TestC02NonEIONewSliceDoesNotRetryBeforeFlush (0.50s)
=== RUN   TestC02TransientEIORecoversOnFreeze
--- PASS: TestC02TransientEIORecoversOnFreeze (0.00s)
=== RUN   TestC02PermanentENOSPCAbortsFrozenSlice
2026/08/17 19:02:15.025878 juicefs[2949111] <INFO>: flush inode: 2 chunk: 0 err: no space left on device [flushData@writer.go:124]
--- PASS: TestC02PermanentENOSPCAbortsFrozenSlice (0.00s)
=== RUN   TestC02FrozenSliceSkipsCatchupFlush
--- PASS: TestC02FrozenSliceSkipsCatchupFlush (0.00s)
=== RUN   TestC02ConcurrentIndependentFullBlocks
--- PASS: TestC02ConcurrentIndependentFullBlocks (0.00s)
=== RUN   TestC02FullBlockDispatchAfterDelayedID
--- PASS: TestC02FullBlockDispatchAfterDelayedID (0.05s)
=== RUN   TestC02MultiBlockDispatchUsesLatestLength
--- PASS: TestC02MultiBlockDispatchUsesLatestLength (0.05s)
=== RUN   TestC02FlushToFailureIsObservable
2026/08/17 19:02:15.136445 juicefs[2949111] <WARNING>: flush inode: 2 chunk: 13 after preparing slice ID: C02 injected FlushTo failure [prepareID@writer.go:99]
--- PASS: TestC02FlushToFailureIsObservable (0.00s)
=== RUN   TestC02PartialThenFullAfterIDDispatchesOnce
--- PASS: TestC02PartialThenFullAfterIDDispatchesOnce (0.05s)
=== RUN   TestC02DelayedNewSliceDoesNotBlockWriteAt
--- PASS: TestC02DelayedNewSliceDoesNotBlockWriteAt (0.00s)
=== RUN   TestC02NonEIONewSliceDoesNotRetryBeforeFlush
--- PASS: TestC02NonEIONewSliceDoesNotRetryBeforeFlush (0.50s)
=== RUN   TestC02TransientEIORecoversOnFreeze
--- PASS: TestC02TransientEIORecoversOnFreeze (0.00s)
=== RUN   TestC02PermanentENOSPCAbortsFrozenSlice
2026/08/17 19:02:15.698131 juicefs[2949111] <INFO>: flush inode: 2 chunk: 0 err: no space left on device [flushData@writer.go:124]
--- PASS: TestC02PermanentENOSPCAbortsFrozenSlice (0.00s)
=== RUN   TestC02FrozenSliceSkipsCatchupFlush
--- PASS: TestC02FrozenSliceSkipsCatchupFlush (0.00s)
=== RUN   TestC02ConcurrentIndependentFullBlocks
--- PASS: TestC02ConcurrentIndependentFullBlocks (0.00s)
=== RUN   TestC02FullBlockDispatchAfterDelayedID
--- PASS: TestC02FullBlockDispatchAfterDelayedID (0.05s)
=== RUN   TestC02MultiBlockDispatchUsesLatestLength
--- PASS: TestC02MultiBlockDispatchUsesLatestLength (0.05s)
=== RUN   TestC02FlushToFailureIsObservable
2026/08/17 19:02:15.808515 juicefs[2949111] <WARNING>: flush inode: 2 chunk: 13 after preparing slice ID: C02 injected FlushTo failure [prepareID@writer.go:99]
--- PASS: TestC02FlushToFailureIsObservable (0.00s)
=== RUN   TestC02PartialThenFullAfterIDDispatchesOnce
--- PASS: TestC02PartialThenFullAfterIDDispatchesOnce (0.05s)
=== RUN   TestC02DelayedNewSliceDoesNotBlockWriteAt
--- PASS: TestC02DelayedNewSliceDoesNotBlockWriteAt (0.00s)
=== RUN   TestC02NonEIONewSliceDoesNotRetryBeforeFlush
--- PASS: TestC02NonEIONewSliceDoesNotRetryBeforeFlush (0.50s)
=== RUN   TestC02TransientEIORecoversOnFreeze
--- PASS: TestC02TransientEIORecoversOnFreeze (0.00s)
=== RUN   TestC02PermanentENOSPCAbortsFrozenSlice
2026/08/17 19:02:16.370293 juicefs[2949111] <INFO>: flush inode: 2 chunk: 0 err: no space left on device [flushData@writer.go:124]
--- PASS: TestC02PermanentENOSPCAbortsFrozenSlice (0.00s)
=== RUN   TestC02FrozenSliceSkipsCatchupFlush
--- PASS: TestC02FrozenSliceSkipsCatchupFlush (0.00s)
=== RUN   TestC02ConcurrentIndependentFullBlocks
--- PASS: TestC02ConcurrentIndependentFullBlocks (0.00s)
=== RUN   TestC02FullBlockDispatchAfterDelayedID
--- PASS: TestC02FullBlockDispatchAfterDelayedID (0.05s)
=== RUN   TestC02MultiBlockDispatchUsesLatestLength
--- PASS: TestC02MultiBlockDispatchUsesLatestLength (0.05s)
=== RUN   TestC02FlushToFailureIsObservable
2026/08/17 19:02:16.479936 juicefs[2949111] <WARNING>: flush inode: 2 chunk: 13 after preparing slice ID: C02 injected FlushTo failure [prepareID@writer.go:99]
--- PASS: TestC02FlushToFailureIsObservable (0.00s)
=== RUN   TestC02PartialThenFullAfterIDDispatchesOnce
--- PASS: TestC02PartialThenFullAfterIDDispatchesOnce (0.05s)
=== RUN   TestC02DelayedNewSliceDoesNotBlockWriteAt
--- PASS: TestC02DelayedNewSliceDoesNotBlockWriteAt (0.00s)
=== RUN   TestC02NonEIONewSliceDoesNotRetryBeforeFlush
--- PASS: TestC02NonEIONewSliceDoesNotRetryBeforeFlush (0.50s)
=== RUN   TestC02TransientEIORecoversOnFreeze
--- PASS: TestC02TransientEIORecoversOnFreeze (0.00s)
=== RUN   TestC02PermanentENOSPCAbortsFrozenSlice
2026/08/17 19:02:17.041399 juicefs[2949111] <INFO>: flush inode: 2 chunk: 0 err: no space left on device [flushData@writer.go:124]
--- PASS: TestC02PermanentENOSPCAbortsFrozenSlice (0.00s)
=== RUN   TestC02FrozenSliceSkipsCatchupFlush
--- PASS: TestC02FrozenSliceSkipsCatchupFlush (0.00s)
=== RUN   TestC02ConcurrentIndependentFullBlocks
--- PASS: TestC02ConcurrentIndependentFullBlocks (0.00s)
=== RUN   TestC02FullBlockDispatchAfterDelayedID
--- PASS: TestC02FullBlockDispatchAfterDelayedID (0.05s)
=== RUN   TestC02MultiBlockDispatchUsesLatestLength
--- PASS: TestC02MultiBlockDispatchUsesLatestLength (0.05s)
=== RUN   TestC02FlushToFailureIsObservable
2026/08/17 19:02:17.152920 juicefs[2949111] <WARNING>: flush inode: 2 chunk: 13 after preparing slice ID: C02 injected FlushTo failure [prepareID@writer.go:99]
--- PASS: TestC02FlushToFailureIsObservable (0.00s)
=== RUN   TestC02PartialThenFullAfterIDDispatchesOnce
--- PASS: TestC02PartialThenFullAfterIDDispatchesOnce (0.05s)
=== RUN   TestC02DelayedNewSliceDoesNotBlockWriteAt
--- PASS: TestC02DelayedNewSliceDoesNotBlockWriteAt (0.00s)
=== RUN   TestC02NonEIONewSliceDoesNotRetryBeforeFlush
--- PASS: TestC02NonEIONewSliceDoesNotRetryBeforeFlush (0.50s)
=== RUN   TestC02TransientEIORecoversOnFreeze
--- PASS: TestC02TransientEIORecoversOnFreeze (0.00s)
=== RUN   TestC02PermanentENOSPCAbortsFrozenSlice
2026/08/17 19:02:17.715286 juicefs[2949111] <INFO>: flush inode: 2 chunk: 0 err: no space left on device [flushData@writer.go:124]
--- PASS: TestC02PermanentENOSPCAbortsFrozenSlice (0.00s)
=== RUN   TestC02FrozenSliceSkipsCatchupFlush
--- PASS: TestC02FrozenSliceSkipsCatchupFlush (0.00s)
=== RUN   TestC02ConcurrentIndependentFullBlocks
--- PASS: TestC02ConcurrentIndependentFullBlocks (0.00s)
=== RUN   TestC02FullBlockDispatchAfterDelayedID
--- PASS: TestC02FullBlockDispatchAfterDelayedID (0.05s)
=== RUN   TestC02MultiBlockDispatchUsesLatestLength
--- PASS: TestC02MultiBlockDispatchUsesLatestLength (0.05s)
=== RUN   TestC02FlushToFailureIsObservable
2026/08/17 19:02:17.826097 juicefs[2949111] <WARNING>: flush inode: 2 chunk: 13 after preparing slice ID: C02 injected FlushTo failure [prepareID@writer.go:99]
--- PASS: TestC02FlushToFailureIsObservable (0.00s)
=== RUN   TestC02PartialThenFullAfterIDDispatchesOnce
--- PASS: TestC02PartialThenFullAfterIDDispatchesOnce (0.05s)
=== RUN   TestC02DelayedNewSliceDoesNotBlockWriteAt
--- PASS: TestC02DelayedNewSliceDoesNotBlockWriteAt (0.00s)
=== RUN   TestC02NonEIONewSliceDoesNotRetryBeforeFlush
--- PASS: TestC02NonEIONewSliceDoesNotRetryBeforeFlush (0.50s)
=== RUN   TestC02TransientEIORecoversOnFreeze
--- PASS: TestC02TransientEIORecoversOnFreeze (0.00s)
=== RUN   TestC02PermanentENOSPCAbortsFrozenSlice
2026/08/17 19:02:18.387360 juicefs[2949111] <INFO>: flush inode: 2 chunk: 0 err: no space left on device [flushData@writer.go:124]
--- PASS: TestC02PermanentENOSPCAbortsFrozenSlice (0.00s)
=== RUN   TestC02FrozenSliceSkipsCatchupFlush
--- PASS: TestC02FrozenSliceSkipsCatchupFlush (0.00s)
=== RUN   TestC02ConcurrentIndependentFullBlocks
--- PASS: TestC02ConcurrentIndependentFullBlocks (0.00s)
=== RUN   TestC02FullBlockDispatchAfterDelayedID
--- PASS: TestC02FullBlockDispatchAfterDelayedID (0.05s)
=== RUN   TestC02MultiBlockDispatchUsesLatestLength
--- PASS: TestC02MultiBlockDispatchUsesLatestLength (0.05s)
=== RUN   TestC02FlushToFailureIsObservable
2026/08/17 19:02:18.497838 juicefs[2949111] <WARNING>: flush inode: 2 chunk: 13 after preparing slice ID: C02 injected FlushTo failure [prepareID@writer.go:99]
--- PASS: TestC02FlushToFailureIsObservable (0.00s)
=== RUN   TestC02PartialThenFullAfterIDDispatchesOnce
--- PASS: TestC02PartialThenFullAfterIDDispatchesOnce (0.05s)
=== RUN   TestC02DelayedNewSliceDoesNotBlockWriteAt
--- PASS: TestC02DelayedNewSliceDoesNotBlockWriteAt (0.00s)
=== RUN   TestC02NonEIONewSliceDoesNotRetryBeforeFlush
--- PASS: TestC02NonEIONewSliceDoesNotRetryBeforeFlush (0.50s)
=== RUN   TestC02TransientEIORecoversOnFreeze
--- PASS: TestC02TransientEIORecoversOnFreeze (0.00s)
=== RUN   TestC02PermanentENOSPCAbortsFrozenSlice
2026/08/17 19:02:19.059155 juicefs[2949111] <INFO>: flush inode: 2 chunk: 0 err: no space left on device [flushData@writer.go:124]
--- PASS: TestC02PermanentENOSPCAbortsFrozenSlice (0.00s)
=== RUN   TestC02FrozenSliceSkipsCatchupFlush
--- PASS: TestC02FrozenSliceSkipsCatchupFlush (0.00s)
=== RUN   TestC02ConcurrentIndependentFullBlocks
--- PASS: TestC02ConcurrentIndependentFullBlocks (0.00s)
=== RUN   TestC02FullBlockDispatchAfterDelayedID
--- PASS: TestC02FullBlockDispatchAfterDelayedID (0.05s)
=== RUN   TestC02MultiBlockDispatchUsesLatestLength
--- PASS: TestC02MultiBlockDispatchUsesLatestLength (0.05s)
=== RUN   TestC02FlushToFailureIsObservable
2026/08/17 19:02:19.168164 juicefs[2949111] <WARNING>: flush inode: 2 chunk: 13 after preparing slice ID: C02 injected FlushTo failure [prepareID@writer.go:99]
--- PASS: TestC02FlushToFailureIsObservable (0.00s)
=== RUN   TestC02PartialThenFullAfterIDDispatchesOnce
--- PASS: TestC02PartialThenFullAfterIDDispatchesOnce (0.05s)
=== RUN   TestC02DelayedNewSliceDoesNotBlockWriteAt
--- PASS: TestC02DelayedNewSliceDoesNotBlockWriteAt (0.00s)
=== RUN   TestC02NonEIONewSliceDoesNotRetryBeforeFlush
--- PASS: TestC02NonEIONewSliceDoesNotRetryBeforeFlush (0.50s)
=== RUN   TestC02TransientEIORecoversOnFreeze
--- PASS: TestC02TransientEIORecoversOnFreeze (0.00s)
=== RUN   TestC02PermanentENOSPCAbortsFrozenSlice
2026/08/17 19:02:19.729757 juicefs[2949111] <INFO>: flush inode: 2 chunk: 0 err: no space left on device [flushData@writer.go:124]
--- PASS: TestC02PermanentENOSPCAbortsFrozenSlice (0.00s)
=== RUN   TestC02FrozenSliceSkipsCatchupFlush
--- PASS: TestC02FrozenSliceSkipsCatchupFlush (0.00s)
=== RUN   TestC02ConcurrentIndependentFullBlocks
--- PASS: TestC02ConcurrentIndependentFullBlocks (0.00s)
=== RUN   TestC02FullBlockDispatchAfterDelayedID
--- PASS: TestC02FullBlockDispatchAfterDelayedID (0.05s)
=== RUN   TestC02MultiBlockDispatchUsesLatestLength
--- PASS: TestC02MultiBlockDispatchUsesLatestLength (0.05s)
=== RUN   TestC02FlushToFailureIsObservable
2026/08/17 19:02:19.839625 juicefs[2949111] <WARNING>: flush inode: 2 chunk: 13 after preparing slice ID: C02 injected FlushTo failure [prepareID@writer.go:99]
--- PASS: TestC02FlushToFailureIsObservable (0.00s)
=== RUN   TestC02PartialThenFullAfterIDDispatchesOnce
--- PASS: TestC02PartialThenFullAfterIDDispatchesOnce (0.05s)
=== RUN   TestC02DelayedNewSliceDoesNotBlockWriteAt
--- PASS: TestC02DelayedNewSliceDoesNotBlockWriteAt (0.00s)
=== RUN   TestC02NonEIONewSliceDoesNotRetryBeforeFlush
--- PASS: TestC02NonEIONewSliceDoesNotRetryBeforeFlush (0.50s)
=== RUN   TestC02TransientEIORecoversOnFreeze
--- PASS: TestC02TransientEIORecoversOnFreeze (0.00s)
=== RUN   TestC02PermanentENOSPCAbortsFrozenSlice
2026/08/17 19:02:20.400970 juicefs[2949111] <INFO>: flush inode: 2 chunk: 0 err: no space left on device [flushData@writer.go:124]
--- PASS: TestC02PermanentENOSPCAbortsFrozenSlice (0.00s)
=== RUN   TestC02FrozenSliceSkipsCatchupFlush
--- PASS: TestC02FrozenSliceSkipsCatchupFlush (0.00s)
=== RUN   TestC02ConcurrentIndependentFullBlocks
--- PASS: TestC02ConcurrentIndependentFullBlocks (0.00s)
=== RUN   TestC02FullBlockDispatchAfterDelayedID
--- PASS: TestC02FullBlockDispatchAfterDelayedID (0.05s)
=== RUN   TestC02MultiBlockDispatchUsesLatestLength
--- PASS: TestC02MultiBlockDispatchUsesLatestLength (0.05s)
=== RUN   TestC02FlushToFailureIsObservable
2026/08/17 19:02:20.512084 juicefs[2949111] <WARNING>: flush inode: 2 chunk: 13 after preparing slice ID: C02 injected FlushTo failure [prepareID@writer.go:99]
--- PASS: TestC02FlushToFailureIsObservable (0.00s)
=== RUN   TestC02PartialThenFullAfterIDDispatchesOnce
--- PASS: TestC02PartialThenFullAfterIDDispatchesOnce (0.05s)
=== RUN   TestC02DelayedNewSliceDoesNotBlockWriteAt
--- PASS: TestC02DelayedNewSliceDoesNotBlockWriteAt (0.00s)
=== RUN   TestC02NonEIONewSliceDoesNotRetryBeforeFlush
--- PASS: TestC02NonEIONewSliceDoesNotRetryBeforeFlush (0.50s)
=== RUN   TestC02TransientEIORecoversOnFreeze
--- PASS: TestC02TransientEIORecoversOnFreeze (0.00s)
=== RUN   TestC02PermanentENOSPCAbortsFrozenSlice
2026/08/17 19:02:21.073668 juicefs[2949111] <INFO>: flush inode: 2 chunk: 0 err: no space left on device [flushData@writer.go:124]
--- PASS: TestC02PermanentENOSPCAbortsFrozenSlice (0.00s)
=== RUN   TestC02FrozenSliceSkipsCatchupFlush
--- PASS: TestC02FrozenSliceSkipsCatchupFlush (0.00s)
=== RUN   TestC02ConcurrentIndependentFullBlocks
--- PASS: TestC02ConcurrentIndependentFullBlocks (0.00s)
=== RUN   TestC02FullBlockDispatchAfterDelayedID
--- PASS: TestC02FullBlockDispatchAfterDelayedID (0.05s)
=== RUN   TestC02MultiBlockDispatchUsesLatestLength
--- PASS: TestC02MultiBlockDispatchUsesLatestLength (0.05s)
=== RUN   TestC02FlushToFailureIsObservable
2026/08/17 19:02:21.184580 juicefs[2949111] <WARNING>: flush inode: 2 chunk: 13 after preparing slice ID: C02 injected FlushTo failure [prepareID@writer.go:99]
--- PASS: TestC02FlushToFailureIsObservable (0.00s)
=== RUN   TestC02PartialThenFullAfterIDDispatchesOnce
--- PASS: TestC02PartialThenFullAfterIDDispatchesOnce (0.05s)
=== RUN   TestC02DelayedNewSliceDoesNotBlockWriteAt
--- PASS: TestC02DelayedNewSliceDoesNotBlockWriteAt (0.00s)
=== RUN   TestC02NonEIONewSliceDoesNotRetryBeforeFlush
--- PASS: TestC02NonEIONewSliceDoesNotRetryBeforeFlush (0.50s)
=== RUN   TestC02TransientEIORecoversOnFreeze
--- PASS: TestC02TransientEIORecoversOnFreeze (0.00s)
=== RUN   TestC02PermanentENOSPCAbortsFrozenSlice
2026/08/17 19:02:21.746007 juicefs[2949111] <INFO>: flush inode: 2 chunk: 0 err: no space left on device [flushData@writer.go:124]
--- PASS: TestC02PermanentENOSPCAbortsFrozenSlice (0.00s)
=== RUN   TestC02FrozenSliceSkipsCatchupFlush
--- PASS: TestC02FrozenSliceSkipsCatchupFlush (0.00s)
=== RUN   TestC02ConcurrentIndependentFullBlocks
--- PASS: TestC02ConcurrentIndependentFullBlocks (0.00s)
=== RUN   TestC02FullBlockDispatchAfterDelayedID
--- PASS: TestC02FullBlockDispatchAfterDelayedID (0.05s)
=== RUN   TestC02MultiBlockDispatchUsesLatestLength
--- PASS: TestC02MultiBlockDispatchUsesLatestLength (0.05s)
=== RUN   TestC02FlushToFailureIsObservable
2026/08/17 19:02:21.856140 juicefs[2949111] <WARNING>: flush inode: 2 chunk: 13 after preparing slice ID: C02 injected FlushTo failure [prepareID@writer.go:99]
--- PASS: TestC02FlushToFailureIsObservable (0.00s)
=== RUN   TestC02PartialThenFullAfterIDDispatchesOnce
--- PASS: TestC02PartialThenFullAfterIDDispatchesOnce (0.05s)
=== RUN   TestC02DelayedNewSliceDoesNotBlockWriteAt
--- PASS: TestC02DelayedNewSliceDoesNotBlockWriteAt (0.00s)
=== RUN   TestC02NonEIONewSliceDoesNotRetryBeforeFlush
--- PASS: TestC02NonEIONewSliceDoesNotRetryBeforeFlush (0.50s)
=== RUN   TestC02TransientEIORecoversOnFreeze
--- PASS: TestC02TransientEIORecoversOnFreeze (0.00s)
=== RUN   TestC02PermanentENOSPCAbortsFrozenSlice
2026/08/17 19:02:22.418313 juicefs[2949111] <INFO>: flush inode: 2 chunk: 0 err: no space left on device [flushData@writer.go:124]
--- PASS: TestC02PermanentENOSPCAbortsFrozenSlice (0.00s)
=== RUN   TestC02FrozenSliceSkipsCatchupFlush
--- PASS: TestC02FrozenSliceSkipsCatchupFlush (0.00s)
=== RUN   TestC02ConcurrentIndependentFullBlocks
--- PASS: TestC02ConcurrentIndependentFullBlocks (0.00s)
=== RUN   TestC02FullBlockDispatchAfterDelayedID
--- PASS: TestC02FullBlockDispatchAfterDelayedID (0.05s)
=== RUN   TestC02MultiBlockDispatchUsesLatestLength
--- PASS: TestC02MultiBlockDispatchUsesLatestLength (0.05s)
=== RUN   TestC02FlushToFailureIsObservable
2026/08/17 19:02:22.528961 juicefs[2949111] <WARNING>: flush inode: 2 chunk: 13 after preparing slice ID: C02 injected FlushTo failure [prepareID@writer.go:99]
--- PASS: TestC02FlushToFailureIsObservable (0.00s)
=== RUN   TestC02PartialThenFullAfterIDDispatchesOnce
--- PASS: TestC02PartialThenFullAfterIDDispatchesOnce (0.05s)
=== RUN   TestC02DelayedNewSliceDoesNotBlockWriteAt
--- PASS: TestC02DelayedNewSliceDoesNotBlockWriteAt (0.00s)
=== RUN   TestC02NonEIONewSliceDoesNotRetryBeforeFlush
--- PASS: TestC02NonEIONewSliceDoesNotRetryBeforeFlush (0.50s)
=== RUN   TestC02TransientEIORecoversOnFreeze
--- PASS: TestC02TransientEIORecoversOnFreeze (0.00s)
=== RUN   TestC02PermanentENOSPCAbortsFrozenSlice
2026/08/17 19:02:23.090596 juicefs[2949111] <INFO>: flush inode: 2 chunk: 0 err: no space left on device [flushData@writer.go:124]
--- PASS: TestC02PermanentENOSPCAbortsFrozenSlice (0.00s)
=== RUN   TestC02FrozenSliceSkipsCatchupFlush
--- PASS: TestC02FrozenSliceSkipsCatchupFlush (0.00s)
=== RUN   TestC02ConcurrentIndependentFullBlocks
--- PASS: TestC02ConcurrentIndependentFullBlocks (0.00s)
=== RUN   TestC02FullBlockDispatchAfterDelayedID
--- PASS: TestC02FullBlockDispatchAfterDelayedID (0.05s)
=== RUN   TestC02MultiBlockDispatchUsesLatestLength
--- PASS: TestC02MultiBlockDispatchUsesLatestLength (0.05s)
=== RUN   TestC02FlushToFailureIsObservable
2026/08/17 19:02:23.200918 juicefs[2949111] <WARNING>: flush inode: 2 chunk: 13 after preparing slice ID: C02 injected FlushTo failure [prepareID@writer.go:99]
--- PASS: TestC02FlushToFailureIsObservable (0.00s)
=== RUN   TestC02PartialThenFullAfterIDDispatchesOnce
--- PASS: TestC02PartialThenFullAfterIDDispatchesOnce (0.05s)
=== RUN   TestC02DelayedNewSliceDoesNotBlockWriteAt
--- PASS: TestC02DelayedNewSliceDoesNotBlockWriteAt (0.00s)
=== RUN   TestC02NonEIONewSliceDoesNotRetryBeforeFlush
--- PASS: TestC02NonEIONewSliceDoesNotRetryBeforeFlush (0.50s)
=== RUN   TestC02TransientEIORecoversOnFreeze
--- PASS: TestC02TransientEIORecoversOnFreeze (0.00s)
=== RUN   TestC02PermanentENOSPCAbortsFrozenSlice
2026/08/17 19:02:23.762642 juicefs[2949111] <INFO>: flush inode: 2 chunk: 0 err: no space left on device [flushData@writer.go:124]
--- PASS: TestC02PermanentENOSPCAbortsFrozenSlice (0.00s)
=== RUN   TestC02FrozenSliceSkipsCatchupFlush
--- PASS: TestC02FrozenSliceSkipsCatchupFlush (0.00s)
=== RUN   TestC02ConcurrentIndependentFullBlocks
--- PASS: TestC02ConcurrentIndependentFullBlocks (0.00s)
=== RUN   TestC02FullBlockDispatchAfterDelayedID
--- PASS: TestC02FullBlockDispatchAfterDelayedID (0.05s)
=== RUN   TestC02MultiBlockDispatchUsesLatestLength
--- PASS: TestC02MultiBlockDispatchUsesLatestLength (0.05s)
=== RUN   TestC02FlushToFailureIsObservable
2026/08/17 19:02:23.873301 juicefs[2949111] <WARNING>: flush inode: 2 chunk: 13 after preparing slice ID: C02 injected FlushTo failure [prepareID@writer.go:99]
--- PASS: TestC02FlushToFailureIsObservable (0.00s)
=== RUN   TestC02PartialThenFullAfterIDDispatchesOnce
--- PASS: TestC02PartialThenFullAfterIDDispatchesOnce (0.05s)
=== RUN   TestC02DelayedNewSliceDoesNotBlockWriteAt
--- PASS: TestC02DelayedNewSliceDoesNotBlockWriteAt (0.00s)
=== RUN   TestC02NonEIONewSliceDoesNotRetryBeforeFlush
--- PASS: TestC02NonEIONewSliceDoesNotRetryBeforeFlush (0.50s)
=== RUN   TestC02TransientEIORecoversOnFreeze
--- PASS: TestC02TransientEIORecoversOnFreeze (0.00s)
=== RUN   TestC02PermanentENOSPCAbortsFrozenSlice
2026/08/17 19:02:24.433411 juicefs[2949111] <INFO>: flush inode: 2 chunk: 0 err: no space left on device [flushData@writer.go:124]
--- PASS: TestC02PermanentENOSPCAbortsFrozenSlice (0.00s)
=== RUN   TestC02FrozenSliceSkipsCatchupFlush
--- PASS: TestC02FrozenSliceSkipsCatchupFlush (0.00s)
=== RUN   TestC02ConcurrentIndependentFullBlocks
--- PASS: TestC02ConcurrentIndependentFullBlocks (0.00s)
=== RUN   TestC02FullBlockDispatchAfterDelayedID
--- PASS: TestC02FullBlockDispatchAfterDelayedID (0.05s)
=== RUN   TestC02MultiBlockDispatchUsesLatestLength
--- PASS: TestC02MultiBlockDispatchUsesLatestLength (0.05s)
=== RUN   TestC02FlushToFailureIsObservable
2026/08/17 19:02:24.542856 juicefs[2949111] <WARNING>: flush inode: 2 chunk: 13 after preparing slice ID: C02 injected FlushTo failure [prepareID@writer.go:99]
--- PASS: TestC02FlushToFailureIsObservable (0.00s)
=== RUN   TestC02PartialThenFullAfterIDDispatchesOnce
--- PASS: TestC02PartialThenFullAfterIDDispatchesOnce (0.05s)
=== RUN   TestC02DelayedNewSliceDoesNotBlockWriteAt
--- PASS: TestC02DelayedNewSliceDoesNotBlockWriteAt (0.00s)
=== RUN   TestC02NonEIONewSliceDoesNotRetryBeforeFlush
--- PASS: TestC02NonEIONewSliceDoesNotRetryBeforeFlush (0.50s)
=== RUN   TestC02TransientEIORecoversOnFreeze
--- PASS: TestC02TransientEIORecoversOnFreeze (0.00s)
=== RUN   TestC02PermanentENOSPCAbortsFrozenSlice
2026/08/17 19:02:25.104739 juicefs[2949111] <INFO>: flush inode: 2 chunk: 0 err: no space left on device [flushData@writer.go:124]
--- PASS: TestC02PermanentENOSPCAbortsFrozenSlice (0.00s)
=== RUN   TestC02FrozenSliceSkipsCatchupFlush
--- PASS: TestC02FrozenSliceSkipsCatchupFlush (0.00s)
=== RUN   TestC02ConcurrentIndependentFullBlocks
--- PASS: TestC02ConcurrentIndependentFullBlocks (0.00s)
=== RUN   TestC02FullBlockDispatchAfterDelayedID
--- PASS: TestC02FullBlockDispatchAfterDelayedID (0.05s)
=== RUN   TestC02MultiBlockDispatchUsesLatestLength
--- PASS: TestC02MultiBlockDispatchUsesLatestLength (0.05s)
=== RUN   TestC02FlushToFailureIsObservable
2026/08/17 19:02:25.214998 juicefs[2949111] <WARNING>: flush inode: 2 chunk: 13 after preparing slice ID: C02 injected FlushTo failure [prepareID@writer.go:99]
--- PASS: TestC02FlushToFailureIsObservable (0.00s)
=== RUN   TestC02PartialThenFullAfterIDDispatchesOnce
--- PASS: TestC02PartialThenFullAfterIDDispatchesOnce (0.05s)
=== RUN   TestC02DelayedNewSliceDoesNotBlockWriteAt
--- PASS: TestC02DelayedNewSliceDoesNotBlockWriteAt (0.00s)
=== RUN   TestC02NonEIONewSliceDoesNotRetryBeforeFlush
--- PASS: TestC02NonEIONewSliceDoesNotRetryBeforeFlush (0.50s)
=== RUN   TestC02TransientEIORecoversOnFreeze
--- PASS: TestC02TransientEIORecoversOnFreeze (0.00s)
=== RUN   TestC02PermanentENOSPCAbortsFrozenSlice
2026/08/17 19:02:25.776662 juicefs[2949111] <INFO>: flush inode: 2 chunk: 0 err: no space left on device [flushData@writer.go:124]
--- PASS: TestC02PermanentENOSPCAbortsFrozenSlice (0.00s)
=== RUN   TestC02FrozenSliceSkipsCatchupFlush
--- PASS: TestC02FrozenSliceSkipsCatchupFlush (0.00s)
=== RUN   TestC02ConcurrentIndependentFullBlocks
--- PASS: TestC02ConcurrentIndependentFullBlocks (0.00s)
=== RUN   TestC02FullBlockDispatchAfterDelayedID
--- PASS: TestC02FullBlockDispatchAfterDelayedID (0.05s)
=== RUN   TestC02MultiBlockDispatchUsesLatestLength
--- PASS: TestC02MultiBlockDispatchUsesLatestLength (0.05s)
=== RUN   TestC02FlushToFailureIsObservable
2026/08/17 19:02:25.886186 juicefs[2949111] <WARNING>: flush inode: 2 chunk: 13 after preparing slice ID: C02 injected FlushTo failure [prepareID@writer.go:99]
--- PASS: TestC02FlushToFailureIsObservable (0.00s)
=== RUN   TestC02PartialThenFullAfterIDDispatchesOnce
--- PASS: TestC02PartialThenFullAfterIDDispatchesOnce (0.05s)
=== RUN   TestC02DelayedNewSliceDoesNotBlockWriteAt
--- PASS: TestC02DelayedNewSliceDoesNotBlockWriteAt (0.00s)
=== RUN   TestC02NonEIONewSliceDoesNotRetryBeforeFlush
--- PASS: TestC02NonEIONewSliceDoesNotRetryBeforeFlush (0.50s)
=== RUN   TestC02TransientEIORecoversOnFreeze
--- PASS: TestC02TransientEIORecoversOnFreeze (0.00s)
=== RUN   TestC02PermanentENOSPCAbortsFrozenSlice
2026/08/17 19:02:26.447661 juicefs[2949111] <INFO>: flush inode: 2 chunk: 0 err: no space left on device [flushData@writer.go:124]
--- PASS: TestC02PermanentENOSPCAbortsFrozenSlice (0.00s)
=== RUN   TestC02FrozenSliceSkipsCatchupFlush
--- PASS: TestC02FrozenSliceSkipsCatchupFlush (0.00s)
=== RUN   TestC02ConcurrentIndependentFullBlocks
--- PASS: TestC02ConcurrentIndependentFullBlocks (0.00s)
=== RUN   TestC02FullBlockDispatchAfterDelayedID
--- PASS: TestC02FullBlockDispatchAfterDelayedID (0.05s)
=== RUN   TestC02MultiBlockDispatchUsesLatestLength
--- PASS: TestC02MultiBlockDispatchUsesLatestLength (0.05s)
=== RUN   TestC02FlushToFailureIsObservable
2026/08/17 19:02:26.558204 juicefs[2949111] <WARNING>: flush inode: 2 chunk: 13 after preparing slice ID: C02 injected FlushTo failure [prepareID@writer.go:99]
--- PASS: TestC02FlushToFailureIsObservable (0.00s)
=== RUN   TestC02PartialThenFullAfterIDDispatchesOnce
--- PASS: TestC02PartialThenFullAfterIDDispatchesOnce (0.05s)
=== RUN   TestC02DelayedNewSliceDoesNotBlockWriteAt
--- PASS: TestC02DelayedNewSliceDoesNotBlockWriteAt (0.00s)
=== RUN   TestC02NonEIONewSliceDoesNotRetryBeforeFlush
--- PASS: TestC02NonEIONewSliceDoesNotRetryBeforeFlush (0.50s)
=== RUN   TestC02TransientEIORecoversOnFreeze
--- PASS: TestC02TransientEIORecoversOnFreeze (0.00s)
=== RUN   TestC02PermanentENOSPCAbortsFrozenSlice
2026/08/17 19:02:27.120077 juicefs[2949111] <INFO>: flush inode: 2 chunk: 0 err: no space left on device [flushData@writer.go:124]
--- PASS: TestC02PermanentENOSPCAbortsFrozenSlice (0.00s)
=== RUN   TestC02FrozenSliceSkipsCatchupFlush
--- PASS: TestC02FrozenSliceSkipsCatchupFlush (0.00s)
=== RUN   TestC02ConcurrentIndependentFullBlocks
--- PASS: TestC02ConcurrentIndependentFullBlocks (0.00s)
=== RUN   TestC02FullBlockDispatchAfterDelayedID
--- PASS: TestC02FullBlockDispatchAfterDelayedID (0.05s)
=== RUN   TestC02MultiBlockDispatchUsesLatestLength
--- PASS: TestC02MultiBlockDispatchUsesLatestLength (0.05s)
=== RUN   TestC02FlushToFailureIsObservable
2026/08/17 19:02:27.231386 juicefs[2949111] <WARNING>: flush inode: 2 chunk: 13 after preparing slice ID: C02 injected FlushTo failure [prepareID@writer.go:99]
--- PASS: TestC02FlushToFailureIsObservable (0.00s)
=== RUN   TestC02PartialThenFullAfterIDDispatchesOnce
--- PASS: TestC02PartialThenFullAfterIDDispatchesOnce (0.05s)
=== RUN   TestC02DelayedNewSliceDoesNotBlockWriteAt
--- PASS: TestC02DelayedNewSliceDoesNotBlockWriteAt (0.00s)
=== RUN   TestC02NonEIONewSliceDoesNotRetryBeforeFlush
--- PASS: TestC02NonEIONewSliceDoesNotRetryBeforeFlush (0.50s)
=== RUN   TestC02TransientEIORecoversOnFreeze
--- PASS: TestC02TransientEIORecoversOnFreeze (0.00s)
=== RUN   TestC02PermanentENOSPCAbortsFrozenSlice
2026/08/17 19:02:27.792716 juicefs[2949111] <INFO>: flush inode: 2 chunk: 0 err: no space left on device [flushData@writer.go:124]
--- PASS: TestC02PermanentENOSPCAbortsFrozenSlice (0.00s)
=== RUN   TestC02FrozenSliceSkipsCatchupFlush
--- PASS: TestC02FrozenSliceSkipsCatchupFlush (0.00s)
=== RUN   TestC02ConcurrentIndependentFullBlocks
--- PASS: TestC02ConcurrentIndependentFullBlocks (0.00s)
=== RUN   TestC02FullBlockDispatchAfterDelayedID
--- PASS: TestC02FullBlockDispatchAfterDelayedID (0.05s)
=== RUN   TestC02MultiBlockDispatchUsesLatestLength
--- PASS: TestC02MultiBlockDispatchUsesLatestLength (0.05s)
=== RUN   TestC02FlushToFailureIsObservable
2026/08/17 19:02:27.902556 juicefs[2949111] <WARNING>: flush inode: 2 chunk: 13 after preparing slice ID: C02 injected FlushTo failure [prepareID@writer.go:99]
--- PASS: TestC02FlushToFailureIsObservable (0.00s)
=== RUN   TestC02PartialThenFullAfterIDDispatchesOnce
--- PASS: TestC02PartialThenFullAfterIDDispatchesOnce (0.05s)
=== RUN   TestC02DelayedNewSliceDoesNotBlockWriteAt
--- PASS: TestC02DelayedNewSliceDoesNotBlockWriteAt (0.00s)
=== RUN   TestC02NonEIONewSliceDoesNotRetryBeforeFlush
--- PASS: TestC02NonEIONewSliceDoesNotRetryBeforeFlush (0.50s)
=== RUN   TestC02TransientEIORecoversOnFreeze
--- PASS: TestC02TransientEIORecoversOnFreeze (0.00s)
=== RUN   TestC02PermanentENOSPCAbortsFrozenSlice
2026/08/17 19:02:28.464241 juicefs[2949111] <INFO>: flush inode: 2 chunk: 0 err: no space left on device [flushData@writer.go:124]
--- PASS: TestC02PermanentENOSPCAbortsFrozenSlice (0.00s)
=== RUN   TestC02FrozenSliceSkipsCatchupFlush
--- PASS: TestC02FrozenSliceSkipsCatchupFlush (0.00s)
=== RUN   TestC02ConcurrentIndependentFullBlocks
--- PASS: TestC02ConcurrentIndependentFullBlocks (0.00s)
=== RUN   TestC02FullBlockDispatchAfterDelayedID
--- PASS: TestC02FullBlockDispatchAfterDelayedID (0.05s)
=== RUN   TestC02MultiBlockDispatchUsesLatestLength
--- PASS: TestC02MultiBlockDispatchUsesLatestLength (0.05s)
=== RUN   TestC02FlushToFailureIsObservable
2026/08/17 19:02:28.575063 juicefs[2949111] <WARNING>: flush inode: 2 chunk: 13 after preparing slice ID: C02 injected FlushTo failure [prepareID@writer.go:99]
--- PASS: TestC02FlushToFailureIsObservable (0.00s)
=== RUN   TestC02PartialThenFullAfterIDDispatchesOnce
--- PASS: TestC02PartialThenFullAfterIDDispatchesOnce (0.05s)
=== RUN   TestC02DelayedNewSliceDoesNotBlockWriteAt
--- PASS: TestC02DelayedNewSliceDoesNotBlockWriteAt (0.00s)
=== RUN   TestC02NonEIONewSliceDoesNotRetryBeforeFlush
--- PASS: TestC02NonEIONewSliceDoesNotRetryBeforeFlush (0.50s)
=== RUN   TestC02TransientEIORecoversOnFreeze
--- PASS: TestC02TransientEIORecoversOnFreeze (0.00s)
=== RUN   TestC02PermanentENOSPCAbortsFrozenSlice
2026/08/17 19:02:29.136932 juicefs[2949111] <INFO>: flush inode: 2 chunk: 0 err: no space left on device [flushData@writer.go:124]
--- PASS: TestC02PermanentENOSPCAbortsFrozenSlice (0.00s)
=== RUN   TestC02FrozenSliceSkipsCatchupFlush
--- PASS: TestC02FrozenSliceSkipsCatchupFlush (0.00s)
=== RUN   TestC02ConcurrentIndependentFullBlocks
--- PASS: TestC02ConcurrentIndependentFullBlocks (0.00s)
=== RUN   TestC02FullBlockDispatchAfterDelayedID
--- PASS: TestC02FullBlockDispatchAfterDelayedID (0.05s)
=== RUN   TestC02MultiBlockDispatchUsesLatestLength
--- PASS: TestC02MultiBlockDispatchUsesLatestLength (0.05s)
=== RUN   TestC02FlushToFailureIsObservable
2026/08/17 19:02:29.247472 juicefs[2949111] <WARNING>: flush inode: 2 chunk: 13 after preparing slice ID: C02 injected FlushTo failure [prepareID@writer.go:99]
--- PASS: TestC02FlushToFailureIsObservable (0.00s)
=== RUN   TestC02PartialThenFullAfterIDDispatchesOnce
--- PASS: TestC02PartialThenFullAfterIDDispatchesOnce (0.05s)
=== RUN   TestC02DelayedNewSliceDoesNotBlockWriteAt
--- PASS: TestC02DelayedNewSliceDoesNotBlockWriteAt (0.00s)
=== RUN   TestC02NonEIONewSliceDoesNotRetryBeforeFlush
--- PASS: TestC02NonEIONewSliceDoesNotRetryBeforeFlush (0.50s)
=== RUN   TestC02TransientEIORecoversOnFreeze
--- PASS: TestC02TransientEIORecoversOnFreeze (0.00s)
=== RUN   TestC02PermanentENOSPCAbortsFrozenSlice
2026/08/17 19:02:29.808769 juicefs[2949111] <INFO>: flush inode: 2 chunk: 0 err: no space left on device [flushData@writer.go:124]
--- PASS: TestC02PermanentENOSPCAbortsFrozenSlice (0.00s)
=== RUN   TestC02FrozenSliceSkipsCatchupFlush
--- PASS: TestC02FrozenSliceSkipsCatchupFlush (0.00s)
=== RUN   TestC02ConcurrentIndependentFullBlocks
--- PASS: TestC02ConcurrentIndependentFullBlocks (0.00s)
=== RUN   TestC02FullBlockDispatchAfterDelayedID
--- PASS: TestC02FullBlockDispatchAfterDelayedID (0.05s)
=== RUN   TestC02MultiBlockDispatchUsesLatestLength
--- PASS: TestC02MultiBlockDispatchUsesLatestLength (0.05s)
=== RUN   TestC02FlushToFailureIsObservable
2026/08/17 19:02:29.918093 juicefs[2949111] <WARNING>: flush inode: 2 chunk: 13 after preparing slice ID: C02 injected FlushTo failure [prepareID@writer.go:99]
--- PASS: TestC02FlushToFailureIsObservable (0.00s)
=== RUN   TestC02PartialThenFullAfterIDDispatchesOnce
--- PASS: TestC02PartialThenFullAfterIDDispatchesOnce (0.05s)
=== RUN   TestC02DelayedNewSliceDoesNotBlockWriteAt
--- PASS: TestC02DelayedNewSliceDoesNotBlockWriteAt (0.00s)
=== RUN   TestC02NonEIONewSliceDoesNotRetryBeforeFlush
--- PASS: TestC02NonEIONewSliceDoesNotRetryBeforeFlush (0.50s)
=== RUN   TestC02TransientEIORecoversOnFreeze
--- PASS: TestC02TransientEIORecoversOnFreeze (0.00s)
=== RUN   TestC02PermanentENOSPCAbortsFrozenSlice
2026/08/17 19:02:30.479191 juicefs[2949111] <INFO>: flush inode: 2 chunk: 0 err: no space left on device [flushData@writer.go:124]
--- PASS: TestC02PermanentENOSPCAbortsFrozenSlice (0.00s)
=== RUN   TestC02FrozenSliceSkipsCatchupFlush
--- PASS: TestC02FrozenSliceSkipsCatchupFlush (0.00s)
=== RUN   TestC02ConcurrentIndependentFullBlocks
--- PASS: TestC02ConcurrentIndependentFullBlocks (0.00s)
=== RUN   TestC02FullBlockDispatchAfterDelayedID
--- PASS: TestC02FullBlockDispatchAfterDelayedID (0.05s)
=== RUN   TestC02MultiBlockDispatchUsesLatestLength
--- PASS: TestC02MultiBlockDispatchUsesLatestLength (0.05s)
=== RUN   TestC02FlushToFailureIsObservable
2026/08/17 19:02:30.590659 juicefs[2949111] <WARNING>: flush inode: 2 chunk: 13 after preparing slice ID: C02 injected FlushTo failure [prepareID@writer.go:99]
--- PASS: TestC02FlushToFailureIsObservable (0.00s)
=== RUN   TestC02PartialThenFullAfterIDDispatchesOnce
--- PASS: TestC02PartialThenFullAfterIDDispatchesOnce (0.05s)
=== RUN   TestC02DelayedNewSliceDoesNotBlockWriteAt
--- PASS: TestC02DelayedNewSliceDoesNotBlockWriteAt (0.00s)
=== RUN   TestC02NonEIONewSliceDoesNotRetryBeforeFlush
--- PASS: TestC02NonEIONewSliceDoesNotRetryBeforeFlush (0.50s)
=== RUN   TestC02TransientEIORecoversOnFreeze
--- PASS: TestC02TransientEIORecoversOnFreeze (0.00s)
=== RUN   TestC02PermanentENOSPCAbortsFrozenSlice
2026/08/17 19:02:31.152102 juicefs[2949111] <INFO>: flush inode: 2 chunk: 0 err: no space left on device [flushData@writer.go:124]
--- PASS: TestC02PermanentENOSPCAbortsFrozenSlice (0.00s)
=== RUN   TestC02FrozenSliceSkipsCatchupFlush
--- PASS: TestC02FrozenSliceSkipsCatchupFlush (0.00s)
=== RUN   TestC02ConcurrentIndependentFullBlocks
--- PASS: TestC02ConcurrentIndependentFullBlocks (0.00s)
=== RUN   TestC02FullBlockDispatchAfterDelayedID
--- PASS: TestC02FullBlockDispatchAfterDelayedID (0.05s)
=== RUN   TestC02MultiBlockDispatchUsesLatestLength
--- PASS: TestC02MultiBlockDispatchUsesLatestLength (0.05s)
=== RUN   TestC02FlushToFailureIsObservable
2026/08/17 19:02:31.261477 juicefs[2949111] <WARNING>: flush inode: 2 chunk: 13 after preparing slice ID: C02 injected FlushTo failure [prepareID@writer.go:99]
--- PASS: TestC02FlushToFailureIsObservable (0.00s)
=== RUN   TestC02PartialThenFullAfterIDDispatchesOnce
--- PASS: TestC02PartialThenFullAfterIDDispatchesOnce (0.05s)
=== RUN   TestC02DelayedNewSliceDoesNotBlockWriteAt
--- PASS: TestC02DelayedNewSliceDoesNotBlockWriteAt (0.00s)
=== RUN   TestC02NonEIONewSliceDoesNotRetryBeforeFlush
--- PASS: TestC02NonEIONewSliceDoesNotRetryBeforeFlush (0.50s)
=== RUN   TestC02TransientEIORecoversOnFreeze
--- PASS: TestC02TransientEIORecoversOnFreeze (0.00s)
=== RUN   TestC02PermanentENOSPCAbortsFrozenSlice
2026/08/17 19:02:31.823288 juicefs[2949111] <INFO>: flush inode: 2 chunk: 0 err: no space left on device [flushData@writer.go:124]
--- PASS: TestC02PermanentENOSPCAbortsFrozenSlice (0.00s)
=== RUN   TestC02FrozenSliceSkipsCatchupFlush
--- PASS: TestC02FrozenSliceSkipsCatchupFlush (0.00s)
=== RUN   TestC02ConcurrentIndependentFullBlocks
--- PASS: TestC02ConcurrentIndependentFullBlocks (0.00s)
=== RUN   TestC02FullBlockDispatchAfterDelayedID
--- PASS: TestC02FullBlockDispatchAfterDelayedID (0.05s)
=== RUN   TestC02MultiBlockDispatchUsesLatestLength
--- PASS: TestC02MultiBlockDispatchUsesLatestLength (0.05s)
=== RUN   TestC02FlushToFailureIsObservable
2026/08/17 19:02:31.933242 juicefs[2949111] <WARNING>: flush inode: 2 chunk: 13 after preparing slice ID: C02 injected FlushTo failure [prepareID@writer.go:99]
--- PASS: TestC02FlushToFailureIsObservable (0.00s)
=== RUN   TestC02PartialThenFullAfterIDDispatchesOnce
--- PASS: TestC02PartialThenFullAfterIDDispatchesOnce (0.05s)
=== RUN   TestC02DelayedNewSliceDoesNotBlockWriteAt
--- PASS: TestC02DelayedNewSliceDoesNotBlockWriteAt (0.00s)
=== RUN   TestC02NonEIONewSliceDoesNotRetryBeforeFlush
--- PASS: TestC02NonEIONewSliceDoesNotRetryBeforeFlush (0.50s)
=== RUN   TestC02TransientEIORecoversOnFreeze
--- PASS: TestC02TransientEIORecoversOnFreeze (0.00s)
=== RUN   TestC02PermanentENOSPCAbortsFrozenSlice
2026/08/17 19:02:32.494478 juicefs[2949111] <INFO>: flush inode: 2 chunk: 0 err: no space left on device [flushData@writer.go:124]
--- PASS: TestC02PermanentENOSPCAbortsFrozenSlice (0.00s)
=== RUN   TestC02FrozenSliceSkipsCatchupFlush
--- PASS: TestC02FrozenSliceSkipsCatchupFlush (0.00s)
=== RUN   TestC02ConcurrentIndependentFullBlocks
--- PASS: TestC02ConcurrentIndependentFullBlocks (0.00s)
=== RUN   TestC02FullBlockDispatchAfterDelayedID
--- PASS: TestC02FullBlockDispatchAfterDelayedID (0.05s)
=== RUN   TestC02MultiBlockDispatchUsesLatestLength
--- PASS: TestC02MultiBlockDispatchUsesLatestLength (0.05s)
=== RUN   TestC02FlushToFailureIsObservable
2026/08/17 19:02:32.603752 juicefs[2949111] <WARNING>: flush inode: 2 chunk: 13 after preparing slice ID: C02 injected FlushTo failure [prepareID@writer.go:99]
--- PASS: TestC02FlushToFailureIsObservable (0.00s)
=== RUN   TestC02PartialThenFullAfterIDDispatchesOnce
--- PASS: TestC02PartialThenFullAfterIDDispatchesOnce (0.05s)
=== RUN   TestC02DelayedNewSliceDoesNotBlockWriteAt
--- PASS: TestC02DelayedNewSliceDoesNotBlockWriteAt (0.00s)
=== RUN   TestC02NonEIONewSliceDoesNotRetryBeforeFlush
--- PASS: TestC02NonEIONewSliceDoesNotRetryBeforeFlush (0.50s)
=== RUN   TestC02TransientEIORecoversOnFreeze
--- PASS: TestC02TransientEIORecoversOnFreeze (0.00s)
=== RUN   TestC02PermanentENOSPCAbortsFrozenSlice
2026/08/17 19:02:33.165094 juicefs[2949111] <INFO>: flush inode: 2 chunk: 0 err: no space left on device [flushData@writer.go:124]
--- PASS: TestC02PermanentENOSPCAbortsFrozenSlice (0.00s)
=== RUN   TestC02FrozenSliceSkipsCatchupFlush
--- PASS: TestC02FrozenSliceSkipsCatchupFlush (0.00s)
=== RUN   TestC02ConcurrentIndependentFullBlocks
--- PASS: TestC02ConcurrentIndependentFullBlocks (0.00s)
=== RUN   TestC02FullBlockDispatchAfterDelayedID
--- PASS: TestC02FullBlockDispatchAfterDelayedID (0.05s)
=== RUN   TestC02MultiBlockDispatchUsesLatestLength
--- PASS: TestC02MultiBlockDispatchUsesLatestLength (0.05s)
=== RUN   TestC02FlushToFailureIsObservable
2026/08/17 19:02:33.276451 juicefs[2949111] <WARNING>: flush inode: 2 chunk: 13 after preparing slice ID: C02 injected FlushTo failure [prepareID@writer.go:99]
--- PASS: TestC02FlushToFailureIsObservable (0.00s)
=== RUN   TestC02PartialThenFullAfterIDDispatchesOnce
--- PASS: TestC02PartialThenFullAfterIDDispatchesOnce (0.05s)
=== RUN   TestC02DelayedNewSliceDoesNotBlockWriteAt
--- PASS: TestC02DelayedNewSliceDoesNotBlockWriteAt (0.00s)
=== RUN   TestC02NonEIONewSliceDoesNotRetryBeforeFlush
--- PASS: TestC02NonEIONewSliceDoesNotRetryBeforeFlush (0.50s)
=== RUN   TestC02TransientEIORecoversOnFreeze
--- PASS: TestC02TransientEIORecoversOnFreeze (0.00s)
=== RUN   TestC02PermanentENOSPCAbortsFrozenSlice
2026/08/17 19:02:33.838061 juicefs[2949111] <INFO>: flush inode: 2 chunk: 0 err: no space left on device [flushData@writer.go:124]
--- PASS: TestC02PermanentENOSPCAbortsFrozenSlice (0.00s)
=== RUN   TestC02FrozenSliceSkipsCatchupFlush
--- PASS: TestC02FrozenSliceSkipsCatchupFlush (0.00s)
=== RUN   TestC02ConcurrentIndependentFullBlocks
--- PASS: TestC02ConcurrentIndependentFullBlocks (0.00s)
=== RUN   TestC02FullBlockDispatchAfterDelayedID
--- PASS: TestC02FullBlockDispatchAfterDelayedID (0.05s)
=== RUN   TestC02MultiBlockDispatchUsesLatestLength
--- PASS: TestC02MultiBlockDispatchUsesLatestLength (0.05s)
=== RUN   TestC02FlushToFailureIsObservable
2026/08/17 19:02:33.947693 juicefs[2949111] <WARNING>: flush inode: 2 chunk: 13 after preparing slice ID: C02 injected FlushTo failure [prepareID@writer.go:99]
--- PASS: TestC02FlushToFailureIsObservable (0.00s)
=== RUN   TestC02PartialThenFullAfterIDDispatchesOnce
--- PASS: TestC02PartialThenFullAfterIDDispatchesOnce (0.05s)
=== RUN   TestC02DelayedNewSliceDoesNotBlockWriteAt
--- PASS: TestC02DelayedNewSliceDoesNotBlockWriteAt (0.00s)
=== RUN   TestC02NonEIONewSliceDoesNotRetryBeforeFlush
--- PASS: TestC02NonEIONewSliceDoesNotRetryBeforeFlush (0.50s)
=== RUN   TestC02TransientEIORecoversOnFreeze
--- PASS: TestC02TransientEIORecoversOnFreeze (0.00s)
=== RUN   TestC02PermanentENOSPCAbortsFrozenSlice
2026/08/17 19:02:34.508896 juicefs[2949111] <INFO>: flush inode: 2 chunk: 0 err: no space left on device [flushData@writer.go:124]
--- PASS: TestC02PermanentENOSPCAbortsFrozenSlice (0.00s)
=== RUN   TestC02FrozenSliceSkipsCatchupFlush
--- PASS: TestC02FrozenSliceSkipsCatchupFlush (0.00s)
=== RUN   TestC02ConcurrentIndependentFullBlocks
--- PASS: TestC02ConcurrentIndependentFullBlocks (0.00s)
=== RUN   TestC02FullBlockDispatchAfterDelayedID
--- PASS: TestC02FullBlockDispatchAfterDelayedID (0.05s)
=== RUN   TestC02MultiBlockDispatchUsesLatestLength
--- PASS: TestC02MultiBlockDispatchUsesLatestLength (0.05s)
=== RUN   TestC02FlushToFailureIsObservable
2026/08/17 19:02:34.618057 juicefs[2949111] <WARNING>: flush inode: 2 chunk: 13 after preparing slice ID: C02 injected FlushTo failure [prepareID@writer.go:99]
--- PASS: TestC02FlushToFailureIsObservable (0.00s)
=== RUN   TestC02PartialThenFullAfterIDDispatchesOnce
--- PASS: TestC02PartialThenFullAfterIDDispatchesOnce (0.05s)
=== RUN   TestC02DelayedNewSliceDoesNotBlockWriteAt
--- PASS: TestC02DelayedNewSliceDoesNotBlockWriteAt (0.00s)
=== RUN   TestC02NonEIONewSliceDoesNotRetryBeforeFlush
--- PASS: TestC02NonEIONewSliceDoesNotRetryBeforeFlush (0.50s)
=== RUN   TestC02TransientEIORecoversOnFreeze
--- PASS: TestC02TransientEIORecoversOnFreeze (0.00s)
=== RUN   TestC02PermanentENOSPCAbortsFrozenSlice
2026/08/17 19:02:35.179884 juicefs[2949111] <INFO>: flush inode: 2 chunk: 0 err: no space left on device [flushData@writer.go:124]
--- PASS: TestC02PermanentENOSPCAbortsFrozenSlice (0.00s)
=== RUN   TestC02FrozenSliceSkipsCatchupFlush
--- PASS: TestC02FrozenSliceSkipsCatchupFlush (0.00s)
=== RUN   TestC02ConcurrentIndependentFullBlocks
--- PASS: TestC02ConcurrentIndependentFullBlocks (0.00s)
=== RUN   TestC02FullBlockDispatchAfterDelayedID
--- PASS: TestC02FullBlockDispatchAfterDelayedID (0.05s)
=== RUN   TestC02MultiBlockDispatchUsesLatestLength
--- PASS: TestC02MultiBlockDispatchUsesLatestLength (0.05s)
=== RUN   TestC02FlushToFailureIsObservable
2026/08/17 19:02:35.289541 juicefs[2949111] <WARNING>: flush inode: 2 chunk: 13 after preparing slice ID: C02 injected FlushTo failure [prepareID@writer.go:99]
--- PASS: TestC02FlushToFailureIsObservable (0.00s)
=== RUN   TestC02PartialThenFullAfterIDDispatchesOnce
--- PASS: TestC02PartialThenFullAfterIDDispatchesOnce (0.05s)
=== RUN   TestC02DelayedNewSliceDoesNotBlockWriteAt
--- PASS: TestC02DelayedNewSliceDoesNotBlockWriteAt (0.00s)
=== RUN   TestC02NonEIONewSliceDoesNotRetryBeforeFlush
--- PASS: TestC02NonEIONewSliceDoesNotRetryBeforeFlush (0.50s)
=== RUN   TestC02TransientEIORecoversOnFreeze
--- PASS: TestC02TransientEIORecoversOnFreeze (0.00s)
=== RUN   TestC02PermanentENOSPCAbortsFrozenSlice
2026/08/17 19:02:35.851043 juicefs[2949111] <INFO>: flush inode: 2 chunk: 0 err: no space left on device [flushData@writer.go:124]
--- PASS: TestC02PermanentENOSPCAbortsFrozenSlice (0.00s)
=== RUN   TestC02FrozenSliceSkipsCatchupFlush
--- PASS: TestC02FrozenSliceSkipsCatchupFlush (0.00s)
=== RUN   TestC02ConcurrentIndependentFullBlocks
--- PASS: TestC02ConcurrentIndependentFullBlocks (0.00s)
=== RUN   TestC02FullBlockDispatchAfterDelayedID
--- PASS: TestC02FullBlockDispatchAfterDelayedID (0.05s)
=== RUN   TestC02MultiBlockDispatchUsesLatestLength
--- PASS: TestC02MultiBlockDispatchUsesLatestLength (0.05s)
=== RUN   TestC02FlushToFailureIsObservable
2026/08/17 19:02:35.960573 juicefs[2949111] <WARNING>: flush inode: 2 chunk: 13 after preparing slice ID: C02 injected FlushTo failure [prepareID@writer.go:99]
--- PASS: TestC02FlushToFailureIsObservable (0.00s)
=== RUN   TestC02PartialThenFullAfterIDDispatchesOnce
--- PASS: TestC02PartialThenFullAfterIDDispatchesOnce (0.05s)
=== RUN   TestC02DelayedNewSliceDoesNotBlockWriteAt
--- PASS: TestC02DelayedNewSliceDoesNotBlockWriteAt (0.00s)
=== RUN   TestC02NonEIONewSliceDoesNotRetryBeforeFlush
--- PASS: TestC02NonEIONewSliceDoesNotRetryBeforeFlush (0.50s)
=== RUN   TestC02TransientEIORecoversOnFreeze
--- PASS: TestC02TransientEIORecoversOnFreeze (0.00s)
=== RUN   TestC02PermanentENOSPCAbortsFrozenSlice
2026/08/17 19:02:36.522318 juicefs[2949111] <INFO>: flush inode: 2 chunk: 0 err: no space left on device [flushData@writer.go:124]
--- PASS: TestC02PermanentENOSPCAbortsFrozenSlice (0.00s)
=== RUN   TestC02FrozenSliceSkipsCatchupFlush
--- PASS: TestC02FrozenSliceSkipsCatchupFlush (0.00s)
=== RUN   TestC02ConcurrentIndependentFullBlocks
--- PASS: TestC02ConcurrentIndependentFullBlocks (0.00s)
=== RUN   TestC02FullBlockDispatchAfterDelayedID
--- PASS: TestC02FullBlockDispatchAfterDelayedID (0.05s)
=== RUN   TestC02MultiBlockDispatchUsesLatestLength
--- PASS: TestC02MultiBlockDispatchUsesLatestLength (0.05s)
=== RUN   TestC02FlushToFailureIsObservable
2026/08/17 19:02:36.631454 juicefs[2949111] <WARNING>: flush inode: 2 chunk: 13 after preparing slice ID: C02 injected FlushTo failure [prepareID@writer.go:99]
--- PASS: TestC02FlushToFailureIsObservable (0.00s)
=== RUN   TestC02PartialThenFullAfterIDDispatchesOnce
--- PASS: TestC02PartialThenFullAfterIDDispatchesOnce (0.05s)
=== RUN   TestC02DelayedNewSliceDoesNotBlockWriteAt
--- PASS: TestC02DelayedNewSliceDoesNotBlockWriteAt (0.00s)
=== RUN   TestC02NonEIONewSliceDoesNotRetryBeforeFlush
--- PASS: TestC02NonEIONewSliceDoesNotRetryBeforeFlush (0.50s)
=== RUN   TestC02TransientEIORecoversOnFreeze
--- PASS: TestC02TransientEIORecoversOnFreeze (0.00s)
=== RUN   TestC02PermanentENOSPCAbortsFrozenSlice
2026/08/17 19:02:37.191650 juicefs[2949111] <INFO>: flush inode: 2 chunk: 0 err: no space left on device [flushData@writer.go:124]
--- PASS: TestC02PermanentENOSPCAbortsFrozenSlice (0.00s)
=== RUN   TestC02FrozenSliceSkipsCatchupFlush
--- PASS: TestC02FrozenSliceSkipsCatchupFlush (0.00s)
=== RUN   TestC02ConcurrentIndependentFullBlocks
--- PASS: TestC02ConcurrentIndependentFullBlocks (0.00s)
=== RUN   TestC02FullBlockDispatchAfterDelayedID
--- PASS: TestC02FullBlockDispatchAfterDelayedID (0.05s)
=== RUN   TestC02MultiBlockDispatchUsesLatestLength
--- PASS: TestC02MultiBlockDispatchUsesLatestLength (0.05s)
=== RUN   TestC02FlushToFailureIsObservable
2026/08/17 19:02:37.300516 juicefs[2949111] <WARNING>: flush inode: 2 chunk: 13 after preparing slice ID: C02 injected FlushTo failure [prepareID@writer.go:99]
--- PASS: TestC02FlushToFailureIsObservable (0.00s)
=== RUN   TestC02PartialThenFullAfterIDDispatchesOnce
--- PASS: TestC02PartialThenFullAfterIDDispatchesOnce (0.05s)
=== RUN   TestC02DelayedNewSliceDoesNotBlockWriteAt
--- PASS: TestC02DelayedNewSliceDoesNotBlockWriteAt (0.00s)
=== RUN   TestC02NonEIONewSliceDoesNotRetryBeforeFlush
--- PASS: TestC02NonEIONewSliceDoesNotRetryBeforeFlush (0.50s)
=== RUN   TestC02TransientEIORecoversOnFreeze
--- PASS: TestC02TransientEIORecoversOnFreeze (0.00s)
=== RUN   TestC02PermanentENOSPCAbortsFrozenSlice
2026/08/17 19:02:37.861600 juicefs[2949111] <INFO>: flush inode: 2 chunk: 0 err: no space left on device [flushData@writer.go:124]
--- PASS: TestC02PermanentENOSPCAbortsFrozenSlice (0.00s)
=== RUN   TestC02FrozenSliceSkipsCatchupFlush
--- PASS: TestC02FrozenSliceSkipsCatchupFlush (0.00s)
=== RUN   TestC02ConcurrentIndependentFullBlocks
--- PASS: TestC02ConcurrentIndependentFullBlocks (0.00s)
=== RUN   TestC02FullBlockDispatchAfterDelayedID
--- PASS: TestC02FullBlockDispatchAfterDelayedID (0.05s)
=== RUN   TestC02MultiBlockDispatchUsesLatestLength
--- PASS: TestC02MultiBlockDispatchUsesLatestLength (0.05s)
=== RUN   TestC02FlushToFailureIsObservable
2026/08/17 19:02:37.970523 juicefs[2949111] <WARNING>: flush inode: 2 chunk: 13 after preparing slice ID: C02 injected FlushTo failure [prepareID@writer.go:99]
--- PASS: TestC02FlushToFailureIsObservable (0.00s)
=== RUN   TestC02PartialThenFullAfterIDDispatchesOnce
--- PASS: TestC02PartialThenFullAfterIDDispatchesOnce (0.05s)
=== RUN   TestC02DelayedNewSliceDoesNotBlockWriteAt
--- PASS: TestC02DelayedNewSliceDoesNotBlockWriteAt (0.00s)
=== RUN   TestC02NonEIONewSliceDoesNotRetryBeforeFlush
--- PASS: TestC02NonEIONewSliceDoesNotRetryBeforeFlush (0.50s)
=== RUN   TestC02TransientEIORecoversOnFreeze
--- PASS: TestC02TransientEIORecoversOnFreeze (0.00s)
=== RUN   TestC02PermanentENOSPCAbortsFrozenSlice
2026/08/17 19:02:38.531862 juicefs[2949111] <INFO>: flush inode: 2 chunk: 0 err: no space left on device [flushData@writer.go:124]
--- PASS: TestC02PermanentENOSPCAbortsFrozenSlice (0.00s)
=== RUN   TestC02FrozenSliceSkipsCatchupFlush
--- PASS: TestC02FrozenSliceSkipsCatchupFlush (0.00s)
=== RUN   TestC02ConcurrentIndependentFullBlocks
--- PASS: TestC02ConcurrentIndependentFullBlocks (0.00s)
=== RUN   TestC02FullBlockDispatchAfterDelayedID
--- PASS: TestC02FullBlockDispatchAfterDelayedID (0.05s)
=== RUN   TestC02MultiBlockDispatchUsesLatestLength
--- PASS: TestC02MultiBlockDispatchUsesLatestLength (0.05s)
=== RUN   TestC02FlushToFailureIsObservable
2026/08/17 19:02:38.641380 juicefs[2949111] <WARNING>: flush inode: 2 chunk: 13 after preparing slice ID: C02 injected FlushTo failure [prepareID@writer.go:99]
--- PASS: TestC02FlushToFailureIsObservable (0.00s)
=== RUN   TestC02PartialThenFullAfterIDDispatchesOnce
--- PASS: TestC02PartialThenFullAfterIDDispatchesOnce (0.05s)
=== RUN   TestC02DelayedNewSliceDoesNotBlockWriteAt
--- PASS: TestC02DelayedNewSliceDoesNotBlockWriteAt (0.00s)
=== RUN   TestC02NonEIONewSliceDoesNotRetryBeforeFlush
--- PASS: TestC02NonEIONewSliceDoesNotRetryBeforeFlush (0.50s)
=== RUN   TestC02TransientEIORecoversOnFreeze
--- PASS: TestC02TransientEIORecoversOnFreeze (0.00s)
=== RUN   TestC02PermanentENOSPCAbortsFrozenSlice
2026/08/17 19:02:39.203743 juicefs[2949111] <INFO>: flush inode: 2 chunk: 0 err: no space left on device [flushData@writer.go:124]
--- PASS: TestC02PermanentENOSPCAbortsFrozenSlice (0.00s)
=== RUN   TestC02FrozenSliceSkipsCatchupFlush
--- PASS: TestC02FrozenSliceSkipsCatchupFlush (0.00s)
=== RUN   TestC02ConcurrentIndependentFullBlocks
--- PASS: TestC02ConcurrentIndependentFullBlocks (0.00s)
=== RUN   TestC02FullBlockDispatchAfterDelayedID
--- PASS: TestC02FullBlockDispatchAfterDelayedID (0.05s)
=== RUN   TestC02MultiBlockDispatchUsesLatestLength
--- PASS: TestC02MultiBlockDispatchUsesLatestLength (0.05s)
=== RUN   TestC02FlushToFailureIsObservable
2026/08/17 19:02:39.314130 juicefs[2949111] <WARNING>: flush inode: 2 chunk: 13 after preparing slice ID: C02 injected FlushTo failure [prepareID@writer.go:99]
--- PASS: TestC02FlushToFailureIsObservable (0.00s)
=== RUN   TestC02PartialThenFullAfterIDDispatchesOnce
--- PASS: TestC02PartialThenFullAfterIDDispatchesOnce (0.05s)
=== RUN   TestC02DelayedNewSliceDoesNotBlockWriteAt
--- PASS: TestC02DelayedNewSliceDoesNotBlockWriteAt (0.00s)
=== RUN   TestC02NonEIONewSliceDoesNotRetryBeforeFlush
--- PASS: TestC02NonEIONewSliceDoesNotRetryBeforeFlush (0.50s)
=== RUN   TestC02TransientEIORecoversOnFreeze
--- PASS: TestC02TransientEIORecoversOnFreeze (0.00s)
=== RUN   TestC02PermanentENOSPCAbortsFrozenSlice
2026/08/17 19:02:39.875881 juicefs[2949111] <INFO>: flush inode: 2 chunk: 0 err: no space left on device [flushData@writer.go:124]
--- PASS: TestC02PermanentENOSPCAbortsFrozenSlice (0.00s)
=== RUN   TestC02FrozenSliceSkipsCatchupFlush
--- PASS: TestC02FrozenSliceSkipsCatchupFlush (0.00s)
=== RUN   TestC02ConcurrentIndependentFullBlocks
--- PASS: TestC02ConcurrentIndependentFullBlocks (0.00s)
=== RUN   TestC02FullBlockDispatchAfterDelayedID
--- PASS: TestC02FullBlockDispatchAfterDelayedID (0.05s)
=== RUN   TestC02MultiBlockDispatchUsesLatestLength
--- PASS: TestC02MultiBlockDispatchUsesLatestLength (0.05s)
=== RUN   TestC02FlushToFailureIsObservable
2026/08/17 19:02:39.985812 juicefs[2949111] <WARNING>: flush inode: 2 chunk: 13 after preparing slice ID: C02 injected FlushTo failure [prepareID@writer.go:99]
--- PASS: TestC02FlushToFailureIsObservable (0.00s)
=== RUN   TestC02PartialThenFullAfterIDDispatchesOnce
--- PASS: TestC02PartialThenFullAfterIDDispatchesOnce (0.05s)
=== RUN   TestC02DelayedNewSliceDoesNotBlockWriteAt
--- PASS: TestC02DelayedNewSliceDoesNotBlockWriteAt (0.00s)
=== RUN   TestC02NonEIONewSliceDoesNotRetryBeforeFlush
--- PASS: TestC02NonEIONewSliceDoesNotRetryBeforeFlush (0.50s)
=== RUN   TestC02TransientEIORecoversOnFreeze
--- PASS: TestC02TransientEIORecoversOnFreeze (0.00s)
=== RUN   TestC02PermanentENOSPCAbortsFrozenSlice
2026/08/17 19:02:40.546841 juicefs[2949111] <INFO>: flush inode: 2 chunk: 0 err: no space left on device [flushData@writer.go:124]
--- PASS: TestC02PermanentENOSPCAbortsFrozenSlice (0.00s)
=== RUN   TestC02FrozenSliceSkipsCatchupFlush
--- PASS: TestC02FrozenSliceSkipsCatchupFlush (0.00s)
=== RUN   TestC02ConcurrentIndependentFullBlocks
--- PASS: TestC02ConcurrentIndependentFullBlocks (0.00s)
=== RUN   TestC02FullBlockDispatchAfterDelayedID
--- PASS: TestC02FullBlockDispatchAfterDelayedID (0.05s)
=== RUN   TestC02MultiBlockDispatchUsesLatestLength
--- PASS: TestC02MultiBlockDispatchUsesLatestLength (0.05s)
=== RUN   TestC02FlushToFailureIsObservable
2026/08/17 19:02:40.656683 juicefs[2949111] <WARNING>: flush inode: 2 chunk: 13 after preparing slice ID: C02 injected FlushTo failure [prepareID@writer.go:99]
--- PASS: TestC02FlushToFailureIsObservable (0.00s)
=== RUN   TestC02PartialThenFullAfterIDDispatchesOnce
--- PASS: TestC02PartialThenFullAfterIDDispatchesOnce (0.05s)
=== RUN   TestC02DelayedNewSliceDoesNotBlockWriteAt
--- PASS: TestC02DelayedNewSliceDoesNotBlockWriteAt (0.00s)
=== RUN   TestC02NonEIONewSliceDoesNotRetryBeforeFlush
--- PASS: TestC02NonEIONewSliceDoesNotRetryBeforeFlush (0.50s)
=== RUN   TestC02TransientEIORecoversOnFreeze
--- PASS: TestC02TransientEIORecoversOnFreeze (0.00s)
=== RUN   TestC02PermanentENOSPCAbortsFrozenSlice
2026/08/17 19:02:41.218257 juicefs[2949111] <INFO>: flush inode: 2 chunk: 0 err: no space left on device [flushData@writer.go:124]
--- PASS: TestC02PermanentENOSPCAbortsFrozenSlice (0.00s)
=== RUN   TestC02FrozenSliceSkipsCatchupFlush
--- PASS: TestC02FrozenSliceSkipsCatchupFlush (0.00s)
=== RUN   TestC02ConcurrentIndependentFullBlocks
--- PASS: TestC02ConcurrentIndependentFullBlocks (0.00s)
PASS
ok  	github.com/juicedata/juicefs/pkg/vfs	67.216s
