+C03R2 run-c03-r2.sh:110: record_anchor C03R2_ANCHOR:INIT
+C03R2 run-c03-r2.sh:54: printf '%s\n' C03R2_ANCHOR:INIT
+C03R2 run-c03-r2.sh:54: echo C03R2_ANCHOR:INIT
+C03R2 run-c03-r2.sh:113: cd /home/lilingfeng/tmp/juicefs-c03-r2-input-20260817-182702
+C03R2 run-c03-r2.sh:113: sha256sum -c input.sha256
+C03R2 run-c03-r2.sh:114: START_INPUT_RC=0
+C03R2 run-c03-r2.sh:115: printf '%s\n' 0
+C03R2 run-c03-r2.sh:116: '[' 0 -ne 0 ']'
++C03R2 run-c03-r2.sh:122: cut '-d ' -f1
++C03R2 run-c03-r2.sh:122: sha256sum /home/lilingfeng/tmp/juicefs-c03-r2-input-20260817-182702/input.sha256 /home/lilingfeng/tmp/juicefs-c03-r2-input-20260817-182702/input.stat.tsv
++C03R2 run-c03-r2.sh:122: sha256sum
+C03R2 run-c03-r2.sh:122: INPUT_SHA_START=060f147d28c6f46a819ba44688d3e69942fb47646f4a7f6d414e98ed08373902
+C03R2 run-c03-r2.sh:123: printf '%s\n' 060f147d28c6f46a819ba44688d3e69942fb47646f4a7f6d414e98ed08373902
+C03R2 run-c03-r2.sh:126: record_anchor C03R2_ANCHOR:PROTECT_SNAPSHOT
+C03R2 run-c03-r2.sh:54: printf '%s\n' C03R2_ANCHOR:PROTECT_SNAPSHOT
+C03R2 run-c03-r2.sh:54: echo C03R2_ANCHOR:PROTECT_SNAPSHOT
+C03R2 run-c03-r2.sh:129: git -C /home/lilingfeng/project/juicefs rev-parse HEAD
+C03R2 run-c03-r2.sh:130: git -C /home/lilingfeng/project/juicefs status --porcelain=v2 --untracked-files=all
+C03R2 run-c03-r2.sh:131: git -C /home/lilingfeng/project/juicefs remote -v
+C03R2 run-c03-r2.sh:134: printf 'path\ttype\tmode\tuid\tgid\tsize\tmtime_ns\tlink_target\n'
+C03R2 run-c03-r2.sh:135: IFS=
+C03R2 run-c03-r2.sh:135: read -r p
+C03R2 run-c03-r2.sh:136: '[' -e /home/lilingfeng/project/juicefs ']'
+C03R2 run-c03-r2.sh:137: '[' -d /home/lilingfeng/project/juicefs ']'
+C03R2 run-c03-r2.sh:138: set +o pipefail
+C03R2 run-c03-r2.sh:138: find /home/lilingfeng/project/juicefs -maxdepth 3 -not -path '*/juicefs-c03-r2-*' -not -path '*/juicefs-c03-r2-verify-*' -not -path '*/.git/*' -not -name .git -printf '%p\tdir\t%m\t%u\t%g\t%s\t%T@\t%l\n'
+C03R2 run-c03-r2.sh:138: head -5000
+C03R2 run-c03-r2.sh:138: set -o pipefail
+C03R2 run-c03-r2.sh:135: IFS=
+C03R2 run-c03-r2.sh:135: read -r p
+C03R2 run-c03-r2.sh:136: '[' -e /home/lilingfeng/tmp/juicefs-c03-input-20260817-082552 ']'
+C03R2 run-c03-r2.sh:137: '[' -d /home/lilingfeng/tmp/juicefs-c03-input-20260817-082552 ']'
+C03R2 run-c03-r2.sh:138: set +o pipefail
+C03R2 run-c03-r2.sh:138: find /home/lilingfeng/tmp/juicefs-c03-input-20260817-082552 -maxdepth 3 -not -path '*/juicefs-c03-r2-*' -not -path '*/juicefs-c03-r2-verify-*' -not -path '*/.git/*' -not -name .git -printf '%p\tdir\t%m\t%u\t%g\t%s\t%T@\t%l\n'
+C03R2 run-c03-r2.sh:138: head -5000
+C03R2 run-c03-r2.sh:138: set -o pipefail
+C03R2 run-c03-r2.sh:135: IFS=
+C03R2 run-c03-r2.sh:135: read -r p
+C03R2 run-c03-r2.sh:136: '[' -e /home/lilingfeng/tmp/juicefs-c03-20260817-082905 ']'
+C03R2 run-c03-r2.sh:137: '[' -d /home/lilingfeng/tmp/juicefs-c03-20260817-082905 ']'
+C03R2 run-c03-r2.sh:138: set +o pipefail
+C03R2 run-c03-r2.sh:138: head -5000
+C03R2 run-c03-r2.sh:138: find /home/lilingfeng/tmp/juicefs-c03-20260817-082905 -maxdepth 3 -not -path '*/juicefs-c03-r2-*' -not -path '*/juicefs-c03-r2-verify-*' -not -path '*/.git/*' -not -name .git -printf '%p\tdir\t%m\t%u\t%g\t%s\t%T@\t%l\n'
+C03R2 run-c03-r2.sh:138: set -o pipefail
+C03R2 run-c03-r2.sh:135: IFS=
+C03R2 run-c03-r2.sh:135: read -r p
+C03R2 run-c03-r2.sh:136: '[' -e /home/lilingfeng/tmp/juicefs-c03-20260817-084643 ']'
+C03R2 run-c03-r2.sh:137: '[' -d /home/lilingfeng/tmp/juicefs-c03-20260817-084643 ']'
+C03R2 run-c03-r2.sh:138: set +o pipefail
+C03R2 run-c03-r2.sh:138: head -5000
+C03R2 run-c03-r2.sh:138: find /home/lilingfeng/tmp/juicefs-c03-20260817-084643 -maxdepth 3 -not -path '*/juicefs-c03-r2-*' -not -path '*/juicefs-c03-r2-verify-*' -not -path '*/.git/*' -not -name .git -printf '%p\tdir\t%m\t%u\t%g\t%s\t%T@\t%l\n'
+C03R2 run-c03-r2.sh:138: set -o pipefail
+C03R2 run-c03-r2.sh:135: IFS=
+C03R2 run-c03-r2.sh:135: read -r p
+C03R2 run-c03-r2.sh:136: '[' -e /home/lilingfeng/tmp/juicefs-c03-20260817-100609 ']'
+C03R2 run-c03-r2.sh:137: '[' -d /home/lilingfeng/tmp/juicefs-c03-20260817-100609 ']'
+C03R2 run-c03-r2.sh:138: set +o pipefail
+C03R2 run-c03-r2.sh:138: find /home/lilingfeng/tmp/juicefs-c03-20260817-100609 -maxdepth 3 -not -path '*/juicefs-c03-r2-*' -not -path '*/juicefs-c03-r2-verify-*' -not -path '*/.git/*' -not -name .git -printf '%p\tdir\t%m\t%u\t%g\t%s\t%T@\t%l\n'
+C03R2 run-c03-r2.sh:138: head -5000
+C03R2 run-c03-r2.sh:138: set -o pipefail
+C03R2 run-c03-r2.sh:135: IFS=
+C03R2 run-c03-r2.sh:135: read -r p
+C03R2 run-c03-r2.sh:136: '[' -e /home/lilingfeng/tmp/juicefs-c03-20260817-100609-artifacts.tar.gz ']'
+C03R2 run-c03-r2.sh:137: '[' -d /home/lilingfeng/tmp/juicefs-c03-20260817-100609-artifacts.tar.gz ']'
+C03R2 run-c03-r2.sh:139: '[' -f /home/lilingfeng/tmp/juicefs-c03-20260817-100609-artifacts.tar.gz ']'
+C03R2 run-c03-r2.sh:140: stat '--printf=%n\tfile\t%a\t%u\t%g\t%s\t%Y\t\n' /home/lilingfeng/tmp/juicefs-c03-20260817-100609-artifacts.tar.gz
+C03R2 run-c03-r2.sh:135: IFS=
+C03R2 run-c03-r2.sh:135: read -r p
+C03R2 run-c03-r2.sh:136: '[' -e /home/lilingfeng/tmp/juicefs-c03-20260817-100609-artifacts.tar.gz.sha256 ']'
+C03R2 run-c03-r2.sh:137: '[' -d /home/lilingfeng/tmp/juicefs-c03-20260817-100609-artifacts.tar.gz.sha256 ']'
+C03R2 run-c03-r2.sh:139: '[' -f /home/lilingfeng/tmp/juicefs-c03-20260817-100609-artifacts.tar.gz.sha256 ']'
+C03R2 run-c03-r2.sh:140: stat '--printf=%n\tfile\t%a\t%u\t%g\t%s\t%Y\t\n' /home/lilingfeng/tmp/juicefs-c03-20260817-100609-artifacts.tar.gz.sha256
+C03R2 run-c03-r2.sh:135: IFS=
+C03R2 run-c03-r2.sh:135: read -r p
+C03R2 run-c03-r2.sh:136: '[' -e /home/lilingfeng/tmp/juicefs-c03-r1-input-20260817-111907 ']'
+C03R2 run-c03-r2.sh:137: '[' -d /home/lilingfeng/tmp/juicefs-c03-r1-input-20260817-111907 ']'
+C03R2 run-c03-r2.sh:138: set +o pipefail
+C03R2 run-c03-r2.sh:138: find /home/lilingfeng/tmp/juicefs-c03-r1-input-20260817-111907 -maxdepth 3 -not -path '*/juicefs-c03-r2-*' -not -path '*/juicefs-c03-r2-verify-*' -not -path '*/.git/*' -not -name .git -printf '%p\tdir\t%m\t%u\t%g\t%s\t%T@\t%l\n'
+C03R2 run-c03-r2.sh:138: head -5000
+C03R2 run-c03-r2.sh:138: set -o pipefail
+C03R2 run-c03-r2.sh:135: IFS=
+C03R2 run-c03-r2.sh:135: read -r p
+C03R2 run-c03-r2.sh:136: '[' -e /home/lilingfeng/tmp/juicefs-c03-r1-20260817-112439 ']'
+C03R2 run-c03-r2.sh:137: '[' -d /home/lilingfeng/tmp/juicefs-c03-r1-20260817-112439 ']'
+C03R2 run-c03-r2.sh:138: set +o pipefail
+C03R2 run-c03-r2.sh:138: find /home/lilingfeng/tmp/juicefs-c03-r1-20260817-112439 -maxdepth 3 -not -path '*/juicefs-c03-r2-*' -not -path '*/juicefs-c03-r2-verify-*' -not -path '*/.git/*' -not -name .git -printf '%p\tdir\t%m\t%u\t%g\t%s\t%T@\t%l\n'
+C03R2 run-c03-r2.sh:138: head -5000
+C03R2 run-c03-r2.sh:138: set -o pipefail
+C03R2 run-c03-r2.sh:135: IFS=
+C03R2 run-c03-r2.sh:135: read -r p
+C03R2 run-c03-r2.sh:136: '[' -e /home/lilingfeng/tmp/juicefs-c03-r1-20260817-131615 ']'
+C03R2 run-c03-r2.sh:137: '[' -d /home/lilingfeng/tmp/juicefs-c03-r1-20260817-131615 ']'
+C03R2 run-c03-r2.sh:138: set +o pipefail
+C03R2 run-c03-r2.sh:138: head -5000
+C03R2 run-c03-r2.sh:138: find /home/lilingfeng/tmp/juicefs-c03-r1-20260817-131615 -maxdepth 3 -not -path '*/juicefs-c03-r2-*' -not -path '*/juicefs-c03-r2-verify-*' -not -path '*/.git/*' -not -name .git -printf '%p\tdir\t%m\t%u\t%g\t%s\t%T@\t%l\n'
+C03R2 run-c03-r2.sh:138: set -o pipefail
+C03R2 run-c03-r2.sh:135: IFS=
+C03R2 run-c03-r2.sh:135: read -r p
+C03R2 run-c03-r2.sh:136: '[' -e /home/lilingfeng/tmp/juicefs-c03-r1-input-20260817-131459 ']'
+C03R2 run-c03-r2.sh:137: '[' -d /home/lilingfeng/tmp/juicefs-c03-r1-input-20260817-131459 ']'
+C03R2 run-c03-r2.sh:138: set +o pipefail
+C03R2 run-c03-r2.sh:138: find /home/lilingfeng/tmp/juicefs-c03-r1-input-20260817-131459 -maxdepth 3 -not -path '*/juicefs-c03-r2-*' -not -path '*/juicefs-c03-r2-verify-*' -not -path '*/.git/*' -not -name .git -printf '%p\tdir\t%m\t%u\t%g\t%s\t%T@\t%l\n'
+C03R2 run-c03-r2.sh:138: head -5000
+C03R2 run-c03-r2.sh:138: set -o pipefail
+C03R2 run-c03-r2.sh:135: IFS=
+C03R2 run-c03-r2.sh:135: read -r p
+C03R2 run-c03-r2.sh:136: '[' -e /home/lilingfeng/tmp/juicefs-c03-r1-20260817-140452 ']'
+C03R2 run-c03-r2.sh:137: '[' -d /home/lilingfeng/tmp/juicefs-c03-r1-20260817-140452 ']'
+C03R2 run-c03-r2.sh:138: set +o pipefail
+C03R2 run-c03-r2.sh:138: find /home/lilingfeng/tmp/juicefs-c03-r1-20260817-140452 -maxdepth 3 -not -path '*/juicefs-c03-r2-*' -not -path '*/juicefs-c03-r2-verify-*' -not -path '*/.git/*' -not -name .git -printf '%p\tdir\t%m\t%u\t%g\t%s\t%T@\t%l\n'
+C03R2 run-c03-r2.sh:138: head -5000
+C03R2 run-c03-r2.sh:138: set -o pipefail
+C03R2 run-c03-r2.sh:135: IFS=
+C03R2 run-c03-r2.sh:135: read -r p
+C03R2 run-c03-r2.sh:136: '[' -e /home/lilingfeng/tmp/juicefs-c03-r1-input-20260817-140321 ']'
+C03R2 run-c03-r2.sh:137: '[' -d /home/lilingfeng/tmp/juicefs-c03-r1-input-20260817-140321 ']'
+C03R2 run-c03-r2.sh:138: set +o pipefail
+C03R2 run-c03-r2.sh:138: find /home/lilingfeng/tmp/juicefs-c03-r1-input-20260817-140321 -maxdepth 3 -not -path '*/juicefs-c03-r2-*' -not -path '*/juicefs-c03-r2-verify-*' -not -path '*/.git/*' -not -name .git -printf '%p\tdir\t%m\t%u\t%g\t%s\t%T@\t%l\n'
+C03R2 run-c03-r2.sh:138: head -5000
+C03R2 run-c03-r2.sh:138: set -o pipefail
+C03R2 run-c03-r2.sh:135: IFS=
+C03R2 run-c03-r2.sh:135: read -r p
+C03R2 run-c03-r2.sh:136: '[' -e /home/lilingfeng/tmp/juicefs-c03-r1-20260817-112439-partial-artifacts.tar.gz ']'
+C03R2 run-c03-r2.sh:137: '[' -d /home/lilingfeng/tmp/juicefs-c03-r1-20260817-112439-partial-artifacts.tar.gz ']'
+C03R2 run-c03-r2.sh:139: '[' -f /home/lilingfeng/tmp/juicefs-c03-r1-20260817-112439-partial-artifacts.tar.gz ']'
+C03R2 run-c03-r2.sh:140: stat '--printf=%n\tfile\t%a\t%u\t%g\t%s\t%Y\t\n' /home/lilingfeng/tmp/juicefs-c03-r1-20260817-112439-partial-artifacts.tar.gz
+C03R2 run-c03-r2.sh:135: IFS=
+C03R2 run-c03-r2.sh:135: read -r p
+C03R2 run-c03-r2.sh:136: '[' -e /home/lilingfeng/tmp/juicefs-c03-r1-20260817-131615-artifacts.tar.gz ']'
+C03R2 run-c03-r2.sh:137: '[' -d /home/lilingfeng/tmp/juicefs-c03-r1-20260817-131615-artifacts.tar.gz ']'
+C03R2 run-c03-r2.sh:139: '[' -f /home/lilingfeng/tmp/juicefs-c03-r1-20260817-131615-artifacts.tar.gz ']'
+C03R2 run-c03-r2.sh:140: stat '--printf=%n\tfile\t%a\t%u\t%g\t%s\t%Y\t\n' /home/lilingfeng/tmp/juicefs-c03-r1-20260817-131615-artifacts.tar.gz
+C03R2 run-c03-r2.sh:135: IFS=
+C03R2 run-c03-r2.sh:135: read -r p
+C03R2 run-c03-r2.sh:136: '[' -e /home/lilingfeng/tmp/juicefs-c03-r1-20260817-131615-artifacts.tar.gz.sha256 ']'
+C03R2 run-c03-r2.sh:137: '[' -d /home/lilingfeng/tmp/juicefs-c03-r1-20260817-131615-artifacts.tar.gz.sha256 ']'
+C03R2 run-c03-r2.sh:139: '[' -f /home/lilingfeng/tmp/juicefs-c03-r1-20260817-131615-artifacts.tar.gz.sha256 ']'
+C03R2 run-c03-r2.sh:140: stat '--printf=%n\tfile\t%a\t%u\t%g\t%s\t%Y\t\n' /home/lilingfeng/tmp/juicefs-c03-r1-20260817-131615-artifacts.tar.gz.sha256
+C03R2 run-c03-r2.sh:135: IFS=
+C03R2 run-c03-r2.sh:135: read -r p
+C03R2 run-c03-r2.sh:136: '[' -e /home/lilingfeng/tmp/juicefs-c03-r1-20260817-131615-artifacts.tar.gz.integrity.tsv ']'
+C03R2 run-c03-r2.sh:137: '[' -d /home/lilingfeng/tmp/juicefs-c03-r1-20260817-131615-artifacts.tar.gz.integrity.tsv ']'
+C03R2 run-c03-r2.sh:139: '[' -f /home/lilingfeng/tmp/juicefs-c03-r1-20260817-131615-artifacts.tar.gz.integrity.tsv ']'
+C03R2 run-c03-r2.sh:140: stat '--printf=%n\tfile\t%a\t%u\t%g\t%s\t%Y\t\n' /home/lilingfeng/tmp/juicefs-c03-r1-20260817-131615-artifacts.tar.gz.integrity.tsv
+C03R2 run-c03-r2.sh:135: IFS=
+C03R2 run-c03-r2.sh:135: read -r p
+C03R2 run-c03-r2.sh:136: '[' -e /home/lilingfeng/tmp/juicefs-c03-r1-20260817-131615-artifacts.tar.gz.final-status.txt ']'
+C03R2 run-c03-r2.sh:137: '[' -d /home/lilingfeng/tmp/juicefs-c03-r1-20260817-131615-artifacts.tar.gz.final-status.txt ']'
+C03R2 run-c03-r2.sh:139: '[' -f /home/lilingfeng/tmp/juicefs-c03-r1-20260817-131615-artifacts.tar.gz.final-status.txt ']'
+C03R2 run-c03-r2.sh:140: stat '--printf=%n\tfile\t%a\t%u\t%g\t%s\t%Y\t\n' /home/lilingfeng/tmp/juicefs-c03-r1-20260817-131615-artifacts.tar.gz.final-status.txt
+C03R2 run-c03-r2.sh:135: IFS=
+C03R2 run-c03-r2.sh:135: read -r p
+C03R2 run-c03-r2.sh:136: '[' -e /home/lilingfeng/tmp/juicefs-c03-r1-20260817-140452-artifacts.tar.gz ']'
+C03R2 run-c03-r2.sh:137: '[' -d /home/lilingfeng/tmp/juicefs-c03-r1-20260817-140452-artifacts.tar.gz ']'
+C03R2 run-c03-r2.sh:139: '[' -f /home/lilingfeng/tmp/juicefs-c03-r1-20260817-140452-artifacts.tar.gz ']'
+C03R2 run-c03-r2.sh:140: stat '--printf=%n\tfile\t%a\t%u\t%g\t%s\t%Y\t\n' /home/lilingfeng/tmp/juicefs-c03-r1-20260817-140452-artifacts.tar.gz
+C03R2 run-c03-r2.sh:135: IFS=
+C03R2 run-c03-r2.sh:135: read -r p
+C03R2 run-c03-r2.sh:136: '[' -e /home/lilingfeng/tmp/juicefs-c03-r1-20260817-140452-artifacts.tar.gz.sha256 ']'
+C03R2 run-c03-r2.sh:137: '[' -d /home/lilingfeng/tmp/juicefs-c03-r1-20260817-140452-artifacts.tar.gz.sha256 ']'
+C03R2 run-c03-r2.sh:139: '[' -f /home/lilingfeng/tmp/juicefs-c03-r1-20260817-140452-artifacts.tar.gz.sha256 ']'
+C03R2 run-c03-r2.sh:140: stat '--printf=%n\tfile\t%a\t%u\t%g\t%s\t%Y\t\n' /home/lilingfeng/tmp/juicefs-c03-r1-20260817-140452-artifacts.tar.gz.sha256
+C03R2 run-c03-r2.sh:135: IFS=
+C03R2 run-c03-r2.sh:135: read -r p
+C03R2 run-c03-r2.sh:136: '[' -e /home/lilingfeng/tmp/juicefs-c03-r1-20260817-140452-artifacts.tar.gz.integrity.tsv ']'
+C03R2 run-c03-r2.sh:137: '[' -d /home/lilingfeng/tmp/juicefs-c03-r1-20260817-140452-artifacts.tar.gz.integrity.tsv ']'
+C03R2 run-c03-r2.sh:139: '[' -f /home/lilingfeng/tmp/juicefs-c03-r1-20260817-140452-artifacts.tar.gz.integrity.tsv ']'
+C03R2 run-c03-r2.sh:140: stat '--printf=%n\tfile\t%a\t%u\t%g\t%s\t%Y\t\n' /home/lilingfeng/tmp/juicefs-c03-r1-20260817-140452-artifacts.tar.gz.integrity.tsv
+C03R2 run-c03-r2.sh:135: IFS=
+C03R2 run-c03-r2.sh:135: read -r p
+C03R2 run-c03-r2.sh:136: '[' -e /home/lilingfeng/tmp/juicefs-c03-r1-20260817-140452-artifacts.tar.gz.final-status.txt ']'
+C03R2 run-c03-r2.sh:137: '[' -d /home/lilingfeng/tmp/juicefs-c03-r1-20260817-140452-artifacts.tar.gz.final-status.txt ']'
+C03R2 run-c03-r2.sh:139: '[' -f /home/lilingfeng/tmp/juicefs-c03-r1-20260817-140452-artifacts.tar.gz.final-status.txt ']'
+C03R2 run-c03-r2.sh:140: stat '--printf=%n\tfile\t%a\t%u\t%g\t%s\t%Y\t\n' /home/lilingfeng/tmp/juicefs-c03-r1-20260817-140452-artifacts.tar.gz.final-status.txt
+C03R2 run-c03-r2.sh:135: IFS=
+C03R2 run-c03-r2.sh:135: read -r p
+C03R2 run-c03-r2.sh:136: '[' -e /home/lilingfeng/demo/production/prod-deploy/debug/juicefs-03-8-flush-race-community/tasks/C02-main-flush-dispatch-semantics-fault-injection.md ']'
+C03R2 run-c03-r2.sh:137: '[' -d /home/lilingfeng/demo/production/prod-deploy/debug/juicefs-03-8-flush-race-community/tasks/C02-main-flush-dispatch-semantics-fault-injection.md ']'
+C03R2 run-c03-r2.sh:139: '[' -f /home/lilingfeng/demo/production/prod-deploy/debug/juicefs-03-8-flush-race-community/tasks/C02-main-flush-dispatch-semantics-fault-injection.md ']'
+C03R2 run-c03-r2.sh:140: stat '--printf=%n\tfile\t%a\t%u\t%g\t%s\t%Y\t\n' /home/lilingfeng/demo/production/prod-deploy/debug/juicefs-03-8-flush-race-community/tasks/C02-main-flush-dispatch-semantics-fault-injection.md
+C03R2 run-c03-r2.sh:135: IFS=
+C03R2 run-c03-r2.sh:135: read -r p
+C03R2 run-c03-r2.sh:136: '[' -e /home/lilingfeng/demo/production/prod-deploy/debug/juicefs-03-8-flush-race-community/tasks/C03-upstream-main-community-ci-readiness.md ']'
+C03R2 run-c03-r2.sh:137: '[' -d /home/lilingfeng/demo/production/prod-deploy/debug/juicefs-03-8-flush-race-community/tasks/C03-upstream-main-community-ci-readiness.md ']'
+C03R2 run-c03-r2.sh:139: '[' -f /home/lilingfeng/demo/production/prod-deploy/debug/juicefs-03-8-flush-race-community/tasks/C03-upstream-main-community-ci-readiness.md ']'
+C03R2 run-c03-r2.sh:140: stat '--printf=%n\tfile\t%a\t%u\t%g\t%s\t%Y\t\n' /home/lilingfeng/demo/production/prod-deploy/debug/juicefs-03-8-flush-race-community/tasks/C03-upstream-main-community-ci-readiness.md
+C03R2 run-c03-r2.sh:135: IFS=
+C03R2 run-c03-r2.sh:135: read -r p
+C03R2 run-c03-r2.sh:136: '[' -e /home/lilingfeng/demo/production/prod-deploy/debug/juicefs-03-8-flush-race-community/tasks/C03-R1-upstream-main-community-ci-clean-rerun.md ']'
+C03R2 run-c03-r2.sh:137: '[' -d /home/lilingfeng/demo/production/prod-deploy/debug/juicefs-03-8-flush-race-community/tasks/C03-R1-upstream-main-community-ci-clean-rerun.md ']'
+C03R2 run-c03-r2.sh:139: '[' -f /home/lilingfeng/demo/production/prod-deploy/debug/juicefs-03-8-flush-race-community/tasks/C03-R1-upstream-main-community-ci-clean-rerun.md ']'
+C03R2 run-c03-r2.sh:140: stat '--printf=%n\tfile\t%a\t%u\t%g\t%s\t%Y\t\n' /home/lilingfeng/demo/production/prod-deploy/debug/juicefs-03-8-flush-race-community/tasks/C03-R1-upstream-main-community-ci-clean-rerun.md
+C03R2 run-c03-r2.sh:135: IFS=
+C03R2 run-c03-r2.sh:135: read -r p
+C03R2 run-c03-r2.sh:136: '[' -e /home/lilingfeng/demo/production/prod-deploy/debug/juicefs-03-8-flush-race-community/report/C02-execution-20260817-015425.md ']'
+C03R2 run-c03-r2.sh:137: '[' -d /home/lilingfeng/demo/production/prod-deploy/debug/juicefs-03-8-flush-race-community/report/C02-execution-20260817-015425.md ']'
+C03R2 run-c03-r2.sh:139: '[' -f /home/lilingfeng/demo/production/prod-deploy/debug/juicefs-03-8-flush-race-community/report/C02-execution-20260817-015425.md ']'
+C03R2 run-c03-r2.sh:140: stat '--printf=%n\tfile\t%a\t%u\t%g\t%s\t%Y\t\n' /home/lilingfeng/demo/production/prod-deploy/debug/juicefs-03-8-flush-race-community/report/C02-execution-20260817-015425.md
+C03R2 run-c03-r2.sh:135: IFS=
+C03R2 run-c03-r2.sh:135: read -r p
+C03R2 run-c03-r2.sh:136: '[' -e /home/lilingfeng/demo/production/prod-deploy/debug/juicefs-03-8-flush-race-community/report/C03-execution-20260817-100609.md ']'
+C03R2 run-c03-r2.sh:137: '[' -d /home/lilingfeng/demo/production/prod-deploy/debug/juicefs-03-8-flush-race-community/report/C03-execution-20260817-100609.md ']'
+C03R2 run-c03-r2.sh:139: '[' -f /home/lilingfeng/demo/production/prod-deploy/debug/juicefs-03-8-flush-race-community/report/C03-execution-20260817-100609.md ']'
+C03R2 run-c03-r2.sh:140: stat '--printf=%n\tfile\t%a\t%u\t%g\t%s\t%Y\t\n' /home/lilingfeng/demo/production/prod-deploy/debug/juicefs-03-8-flush-race-community/report/C03-execution-20260817-100609.md
+C03R2 run-c03-r2.sh:135: IFS=
+C03R2 run-c03-r2.sh:135: read -r p
+C03R2 run-c03-r2.sh:136: '[' -e /home/lilingfeng/demo/production/prod-deploy/debug/juicefs-03-8-flush-race-community/report/C03-R1-execution-20260817-140452.md ']'
+C03R2 run-c03-r2.sh:137: '[' -d /home/lilingfeng/demo/production/prod-deploy/debug/juicefs-03-8-flush-race-community/report/C03-R1-execution-20260817-140452.md ']'
+C03R2 run-c03-r2.sh:139: '[' -f /home/lilingfeng/demo/production/prod-deploy/debug/juicefs-03-8-flush-race-community/report/C03-R1-execution-20260817-140452.md ']'
+C03R2 run-c03-r2.sh:140: stat '--printf=%n\tfile\t%a\t%u\t%g\t%s\t%Y\t\n' /home/lilingfeng/demo/production/prod-deploy/debug/juicefs-03-8-flush-race-community/report/C03-R1-execution-20260817-140452.md
+C03R2 run-c03-r2.sh:135: IFS=
+C03R2 run-c03-r2.sh:135: read -r p
+C03R2 run-c03-r2.sh:143: sha256sum /home/lilingfeng/tmp/juicefs-c03-r2-20260817-183244/meta/protected-before.tsv
+C03R2 run-c03-r2.sh:146: record_anchor C03R2_ANCHOR:FETCH
+C03R2 run-c03-r2.sh:54: printf '%s\n' C03R2_ANCHOR:FETCH
+C03R2 run-c03-r2.sh:54: echo C03R2_ANCHOR:FETCH
+C03R2 run-c03-r2.sh:147: git clone --no-hardlinks --no-checkout /home/lilingfeng/project/juicefs /home/lilingfeng/tmp/juicefs-c03-r2-20260817-183244/src/upstream-fetch
+C03R2 run-c03-r2.sh:148: git -C /home/lilingfeng/tmp/juicefs-c03-r2-20260817-183244/src/upstream-fetch remote set-url origin https://github.com/juicedata/juicefs
+C03R2 run-c03-r2.sh:149: git ls-remote https://github.com/juicedata/juicefs refs/heads/main
+C03R2 run-c03-r2.sh:150: git -C /home/lilingfeng/tmp/juicefs-c03-r2-20260817-183244/src/upstream-fetch fetch --no-tags origin main
+C03R2 run-c03-r2.sh:151: git ls-remote https://github.com/juicedata/juicefs refs/heads/main
++C03R2 run-c03-r2.sh:153: git -C /home/lilingfeng/tmp/juicefs-c03-r2-20260817-183244/src/upstream-fetch rev-parse FETCH_HEAD
+C03R2 run-c03-r2.sh:153: UPSTREAM_COMMIT=53835e2481f45cba159cdbcc1ce0f1fc576e3f1a
+C03R2 run-c03-r2.sh:154: printf '%s\n' 53835e2481f45cba159cdbcc1ce0f1fc576e3f1a
+C03R2 run-c03-r2.sh:155: git -C /home/lilingfeng/tmp/juicefs-c03-r2-20260817-183244/src/upstream-fetch show -s --format=%H%n%aI%n%s%n%P 53835e2481f45cba159cdbcc1ce0f1fc576e3f1a
+C03R2 run-c03-r2.sh:156: git -C /home/lilingfeng/tmp/juicefs-c03-r2-20260817-183244/src/upstream-fetch merge-base --is-ancestor edabf9c24601510476e7453abff177f4aaca07ac 53835e2481f45cba159cdbcc1ce0f1fc576e3f1a
+C03R2 run-c03-r2.sh:156: ANCESTOR_C2=0
+C03R2 run-c03-r2.sh:157: git -C /home/lilingfeng/tmp/juicefs-c03-r2-20260817-183244/src/upstream-fetch merge-base --is-ancestor a617e1b016967137de5bdf099cb8b8415cb1d06d 53835e2481f45cba159cdbcc1ce0f1fc576e3f1a
+C03R2 run-c03-r2.sh:157: ANCESTOR_C3=0
+C03R2 run-c03-r2.sh:158: printf 'c02_ancestor\t%s\nc03_ancestor\t%s\n' 0 0
+C03R2 run-c03-r2.sh:159: git -C /home/lilingfeng/tmp/juicefs-c03-r2-20260817-183244/src/upstream-fetch rev-list --count edabf9c24601510476e7453abff177f4aaca07ac..53835e2481f45cba159cdbcc1ce0f1fc576e3f1a
+C03R2 run-c03-r2.sh:162: cd /home/lilingfeng/tmp/juicefs-c03-r2-20260817-183244/src/upstream-fetch
+C03R2 run-c03-r2.sh:163: git checkout 53835e2481f45cba159cdbcc1ce0f1fc576e3f1a -- CONTRIBUTING.md .github/workflows/verify.yml .github/workflows/unittests.yml .github/actions/build/action.yml .golangci.yml go.mod go.sum Makefile
+C03R2 run-c03-r2.sh:164: mkdir -p /home/lilingfeng/tmp/juicefs-c03-r2-20260817-183244/meta/upstream-policy
+C03R2 run-c03-r2.sh:165: cp CONTRIBUTING.md .github/workflows/verify.yml .golangci.yml go.mod Makefile /home/lilingfeng/tmp/juicefs-c03-r2-20260817-183244/meta/upstream-policy/
+C03R2 run-c03-r2.sh:166: sha256sum CONTRIBUTING.md .github/workflows/verify.yml .golangci.yml go.mod Makefile
+C03R2 run-c03-r2.sh:167: grep '^go ' go.mod
++C03R2 run-c03-r2.sh:168: awk '{print $2}' /home/lilingfeng/tmp/juicefs-c03-r2-20260817-183244/meta/upstream-go-directive.txt
+C03R2 run-c03-r2.sh:168: printf 'go_directive\t%s\n' 1.25.0
+C03R2 run-c03-r2.sh:169: grep -i 'golangci\|go-version' .github/workflows/verify.yml
+C03R2 run-c03-r2.sh:169: head -5
+C03R2 run-c03-r2.sh:170: resolve_gate upstream_freeze YES meta/upstream-commit.txt
+C03R2 run-c03-r2.sh:40: local name=upstream_freeze status=YES evidence=meta/upstream-commit.txt
+C03R2 run-c03-r2.sh:41: '[' 0 -ge 1 ']'
+C03R2 run-c03-r2.sh:45: GATE_STATUS[$name]=YES
+C03R2 run-c03-r2.sh:46: GATE_EVIDENCE[$name]=meta/upstream-commit.txt
+C03R2 run-c03-r2.sh:47: GATE_RESOLVED[$name]=1
+C03R2 run-c03-r2.sh:171: resolve_gate upstream_policy_ci YES meta/upstream-ci-matrix.tsv
+C03R2 run-c03-r2.sh:40: local name=upstream_policy_ci status=YES evidence=meta/upstream-ci-matrix.tsv
+C03R2 run-c03-r2.sh:41: '[' 0 -ge 1 ']'
+C03R2 run-c03-r2.sh:45: GATE_STATUS[$name]=YES
+C03R2 run-c03-r2.sh:46: GATE_EVIDENCE[$name]=meta/upstream-ci-matrix.tsv
+C03R2 run-c03-r2.sh:47: GATE_RESOLVED[$name]=1
+C03R2 run-c03-r2.sh:174: for ARM in S-oracle B-candidate Q-semantic R-replay
+C03R2 run-c03-r2.sh:175: git clone --no-hardlinks --no-checkout /home/lilingfeng/tmp/juicefs-c03-r2-20260817-183244/src/upstream-fetch /home/lilingfeng/tmp/juicefs-c03-r2-20260817-183244/src/S-oracle
+C03R2 run-c03-r2.sh:176: git -C /home/lilingfeng/tmp/juicefs-c03-r2-20260817-183244/src/S-oracle cat-file -e '53835e2481f45cba159cdbcc1ce0f1fc576e3f1a^{commit}'
+C03R2 run-c03-r2.sh:177: git -C /home/lilingfeng/tmp/juicefs-c03-r2-20260817-183244/src/S-oracle checkout --detach 53835e2481f45cba159cdbcc1ce0f1fc576e3f1a
++C03R2 run-c03-r2.sh:178: git -C /home/lilingfeng/tmp/juicefs-c03-r2-20260817-183244/src/S-oracle rev-parse HEAD
+C03R2 run-c03-r2.sh:178: HEAD_NOW=53835e2481f45cba159cdbcc1ce0f1fc576e3f1a
+C03R2 run-c03-r2.sh:179: printf '%s\t%s\n' S-oracle 53835e2481f45cba159cdbcc1ce0f1fc576e3f1a
+C03R2 run-c03-r2.sh:180: git -C /home/lilingfeng/tmp/juicefs-c03-r2-20260817-183244/src/S-oracle status --porcelain
+C03R2 run-c03-r2.sh:174: for ARM in S-oracle B-candidate Q-semantic R-replay
+C03R2 run-c03-r2.sh:175: git clone --no-hardlinks --no-checkout /home/lilingfeng/tmp/juicefs-c03-r2-20260817-183244/src/upstream-fetch /home/lilingfeng/tmp/juicefs-c03-r2-20260817-183244/src/B-candidate
+C03R2 run-c03-r2.sh:176: git -C /home/lilingfeng/tmp/juicefs-c03-r2-20260817-183244/src/B-candidate cat-file -e '53835e2481f45cba159cdbcc1ce0f1fc576e3f1a^{commit}'
+C03R2 run-c03-r2.sh:177: git -C /home/lilingfeng/tmp/juicefs-c03-r2-20260817-183244/src/B-candidate checkout --detach 53835e2481f45cba159cdbcc1ce0f1fc576e3f1a
++C03R2 run-c03-r2.sh:178: git -C /home/lilingfeng/tmp/juicefs-c03-r2-20260817-183244/src/B-candidate rev-parse HEAD
+C03R2 run-c03-r2.sh:178: HEAD_NOW=53835e2481f45cba159cdbcc1ce0f1fc576e3f1a
+C03R2 run-c03-r2.sh:179: printf '%s\t%s\n' B-candidate 53835e2481f45cba159cdbcc1ce0f1fc576e3f1a
+C03R2 run-c03-r2.sh:180: git -C /home/lilingfeng/tmp/juicefs-c03-r2-20260817-183244/src/B-candidate status --porcelain
+C03R2 run-c03-r2.sh:174: for ARM in S-oracle B-candidate Q-semantic R-replay
+C03R2 run-c03-r2.sh:175: git clone --no-hardlinks --no-checkout /home/lilingfeng/tmp/juicefs-c03-r2-20260817-183244/src/upstream-fetch /home/lilingfeng/tmp/juicefs-c03-r2-20260817-183244/src/Q-semantic
+C03R2 run-c03-r2.sh:176: git -C /home/lilingfeng/tmp/juicefs-c03-r2-20260817-183244/src/Q-semantic cat-file -e '53835e2481f45cba159cdbcc1ce0f1fc576e3f1a^{commit}'
+C03R2 run-c03-r2.sh:177: git -C /home/lilingfeng/tmp/juicefs-c03-r2-20260817-183244/src/Q-semantic checkout --detach 53835e2481f45cba159cdbcc1ce0f1fc576e3f1a
++C03R2 run-c03-r2.sh:178: git -C /home/lilingfeng/tmp/juicefs-c03-r2-20260817-183244/src/Q-semantic rev-parse HEAD
+C03R2 run-c03-r2.sh:178: HEAD_NOW=53835e2481f45cba159cdbcc1ce0f1fc576e3f1a
+C03R2 run-c03-r2.sh:179: printf '%s\t%s\n' Q-semantic 53835e2481f45cba159cdbcc1ce0f1fc576e3f1a
+C03R2 run-c03-r2.sh:180: git -C /home/lilingfeng/tmp/juicefs-c03-r2-20260817-183244/src/Q-semantic status --porcelain
+C03R2 run-c03-r2.sh:174: for ARM in S-oracle B-candidate Q-semantic R-replay
+C03R2 run-c03-r2.sh:175: git clone --no-hardlinks --no-checkout /home/lilingfeng/tmp/juicefs-c03-r2-20260817-183244/src/upstream-fetch /home/lilingfeng/tmp/juicefs-c03-r2-20260817-183244/src/R-replay
+C03R2 run-c03-r2.sh:176: git -C /home/lilingfeng/tmp/juicefs-c03-r2-20260817-183244/src/R-replay cat-file -e '53835e2481f45cba159cdbcc1ce0f1fc576e3f1a^{commit}'
+C03R2 run-c03-r2.sh:177: git -C /home/lilingfeng/tmp/juicefs-c03-r2-20260817-183244/src/R-replay checkout --detach 53835e2481f45cba159cdbcc1ce0f1fc576e3f1a
++C03R2 run-c03-r2.sh:178: git -C /home/lilingfeng/tmp/juicefs-c03-r2-20260817-183244/src/R-replay rev-parse HEAD
+C03R2 run-c03-r2.sh:178: HEAD_NOW=53835e2481f45cba159cdbcc1ce0f1fc576e3f1a
+C03R2 run-c03-r2.sh:179: printf '%s\t%s\n' R-replay 53835e2481f45cba159cdbcc1ce0f1fc576e3f1a
+C03R2 run-c03-r2.sh:180: git -C /home/lilingfeng/tmp/juicefs-c03-r2-20260817-183244/src/R-replay status --porcelain
+C03R2 run-c03-r2.sh:183: git -C /home/lilingfeng/tmp/juicefs-c03-r2-20260817-183244/src/S-oracle grep -n 'func TestMain' -- 'pkg/vfs/*_test.go'
+C03R2 run-c03-r2.sh:183: true
+C03R2 run-c03-r2.sh:184: git -C /home/lilingfeng/tmp/juicefs-c03-r2-20260817-183244/src/S-oracle grep -n -E 'TestFullBlockDispatchedWhenSliceIDBecomesReady|TestPartialBlockNotDispatchedWhenSliceIDBecomesReady|TestFlushErrorRecordedWhenSliceIDBecomesReady' -- 'pkg/vfs/*_test.go'
+C03R2 run-c03-r2.sh:184: true
+C03R2 run-c03-r2.sh:185: git -C /home/lilingfeng/tmp/juicefs-c03-r2-20260817-183244/src/S-oracle rev-parse 53835e2481f45cba159cdbcc1ce0f1fc576e3f1a:pkg/vfs/writer.go
+C03R2 run-c03-r2.sh:187: export GOPROXY=https://goproxy.cn,direct GOMODCACHE=/home/lilingfeng/tmp/juicefs-c03-r2-20260817-183244/cache/go-mod GOTMPDIR=/home/lilingfeng/tmp/juicefs-c03-r2-20260817-183244/cache/go-tmp TMPDIR=/home/lilingfeng/tmp/juicefs-c03-r2-20260817-183244/cache/os-tmp GOFLAGS=-mod=readonly
+C03R2 run-c03-r2.sh:187: GOPROXY=https://goproxy.cn,direct
+C03R2 run-c03-r2.sh:187: GOMODCACHE=/home/lilingfeng/tmp/juicefs-c03-r2-20260817-183244/cache/go-mod
+C03R2 run-c03-r2.sh:187: GOTMPDIR=/home/lilingfeng/tmp/juicefs-c03-r2-20260817-183244/cache/go-tmp
+C03R2 run-c03-r2.sh:187: TMPDIR=/home/lilingfeng/tmp/juicefs-c03-r2-20260817-183244/cache/os-tmp
+C03R2 run-c03-r2.sh:187: GOFLAGS=-mod=readonly
+C03R2 run-c03-r2.sh:188: env GOTOOLCHAIN=go1.25.7 GOCACHE=/home/lilingfeng/tmp/juicefs-c03-r2-20260817-183244/cache/go-build-125 go version
+C03R2 run-c03-r2.sh:189: env GOTOOLCHAIN=local GOCACHE=/home/lilingfeng/tmp/juicefs-c03-r2-20260817-183244/cache/go-build-126 go version
+C03R2 run-c03-r2.sh:190: grep -q '^go version go1\.25\.7 linux/amd64$' /home/lilingfeng/tmp/juicefs-c03-r2-20260817-183244/meta/go125-version.txt
+C03R2 run-c03-r2.sh:191: grep -q '^go version go1\.26\.0 linux/amd64$' /home/lilingfeng/tmp/juicefs-c03-r2-20260817-183244/meta/go126-version.txt
+C03R2 run-c03-r2.sh:192: env GOTOOLCHAIN=go1.25.7 GOCACHE=/home/lilingfeng/tmp/juicefs-c03-r2-20260817-183244/cache/go-build-125 go env GOOS GOARCH GOVERSION GOTOOLCHAIN GOPROXY GOMODCACHE GOCACHE GOTMPDIR CGO_ENABLED CC
+C03R2 run-c03-r2.sh:193: env GOTOOLCHAIN=local GOCACHE=/home/lilingfeng/tmp/juicefs-c03-r2-20260817-183244/cache/go-build-126 go env GOOS GOARCH GOVERSION GOTOOLCHAIN GOPROXY GOMODCACHE GOCACHE GOTMPDIR CGO_ENABLED CC
+C03R2 run-c03-r2.sh:195: cd /home/lilingfeng/tmp/juicefs-c03-r2-20260817-183244/src/S-oracle
+C03R2 run-c03-r2.sh:196: for attempt in 1 2 3
+C03R2 run-c03-r2.sh:197: env GOTOOLCHAIN=go1.25.7 GOCACHE=/home/lilingfeng/tmp/juicefs-c03-r2-20260817-183244/cache/go-build-125 go mod download
+C03R2 run-c03-r2.sh:197: break
+C03R2 run-c03-r2.sh:202: printf '%s\n' 0
+C03R2 run-c03-r2.sh:203: env GOTOOLCHAIN=local GOCACHE=/home/lilingfeng/tmp/juicefs-c03-r2-20260817-183244/cache/go-build-126 go mod download
+C03R2 run-c03-r2.sh:204: printf '%s\n' 0
+C03R2 run-c03-r2.sh:205: for TOOL in go125 go126
+C03R2 run-c03-r2.sh:206: '[' go125 = go125 ']'
+C03R2 run-c03-r2.sh:206: TC=go1.25.7
+C03R2 run-c03-r2.sh:206: BC=/home/lilingfeng/tmp/juicefs-c03-r2-20260817-183244/cache/go-build-125
+C03R2 run-c03-r2.sh:207: cd /home/lilingfeng/tmp/juicefs-c03-r2-20260817-183244/src/S-oracle
+C03R2 run-c03-r2.sh:207: env GOTOOLCHAIN=go1.25.7 GOCACHE=/home/lilingfeng/tmp/juicefs-c03-r2-20260817-183244/cache/go-build-125 go test ./pkg/vfs -run '^$' -count=1 -timeout=5m
+C03R2 run-c03-r2.sh:208: printf '%s\n' 0
+C03R2 run-c03-r2.sh:209: cd /home/lilingfeng/tmp/juicefs-c03-r2-20260817-183244/src/S-oracle
+C03R2 run-c03-r2.sh:209: env GOTOOLCHAIN=go1.25.7 GOCACHE=/home/lilingfeng/tmp/juicefs-c03-r2-20260817-183244/cache/go-build-125 go test ./pkg/vfs -run '^(TestSmode|TestEntryString|TestError|TestVFSIO)$' -count=1 -v -timeout=10m
+C03R2 run-c03-r2.sh:210: printf '%s\n' 0
+C03R2 run-c03-r2.sh:205: for TOOL in go125 go126
+C03R2 run-c03-r2.sh:206: '[' go126 = go125 ']'
+C03R2 run-c03-r2.sh:206: TC=local
+C03R2 run-c03-r2.sh:206: BC=/home/lilingfeng/tmp/juicefs-c03-r2-20260817-183244/cache/go-build-126
+C03R2 run-c03-r2.sh:207: cd /home/lilingfeng/tmp/juicefs-c03-r2-20260817-183244/src/S-oracle
+C03R2 run-c03-r2.sh:207: env GOTOOLCHAIN=local GOCACHE=/home/lilingfeng/tmp/juicefs-c03-r2-20260817-183244/cache/go-build-126 go test ./pkg/vfs -run '^$' -count=1 -timeout=5m
+C03R2 run-c03-r2.sh:208: printf '%s\n' 0
+C03R2 run-c03-r2.sh:209: cd /home/lilingfeng/tmp/juicefs-c03-r2-20260817-183244/src/S-oracle
+C03R2 run-c03-r2.sh:209: env GOTOOLCHAIN=local GOCACHE=/home/lilingfeng/tmp/juicefs-c03-r2-20260817-183244/cache/go-build-126 go test ./pkg/vfs -run '^(TestSmode|TestEntryString|TestError|TestVFSIO)$' -count=1 -v -timeout=10m
+C03R2 run-c03-r2.sh:210: printf '%s\n' 0
+C03R2 run-c03-r2.sh:243: record_anchor C03R2_ANCHOR:STOCK_ORACLE
+C03R2 run-c03-r2.sh:54: printf '%s\n' C03R2_ANCHOR:STOCK_ORACLE
+C03R2 run-c03-r2.sh:54: echo C03R2_ANCHOR:STOCK_ORACLE
+C03R2 run-c03-r2.sh:244: cp /home/lilingfeng/tmp/juicefs-c03-r2-input-20260817-182702/writer_flush_test.go /home/lilingfeng/tmp/juicefs-c03-r2-20260817-183244/src/S-oracle/pkg/vfs/writer_flush_test.go
+C03R2 run-c03-r2.sh:245: git -C /home/lilingfeng/tmp/juicefs-c03-r2-20260817-183244/src/S-oracle add -N pkg/vfs/writer_flush_test.go
+C03R2 run-c03-r2.sh:247: printf 'arm\ttool\tmode\ttest\tactual_rc\texpected_run\texpected_pass\tactual_pass\tactual_fail\tbad\tlog\n'
+C03R2 run-c03-r2.sh:248: for TOOL in go125 go126
+C03R2 run-c03-r2.sh:249: '[' go125 = go125 ']'
+C03R2 run-c03-r2.sh:249: TC=go1.25.7
+C03R2 run-c03-r2.sh:249: BC=/home/lilingfeng/tmp/juicefs-c03-r2-20260817-183244/cache/go-build-125
+C03R2 run-c03-r2.sh:250: run_and_record go125 go1.25.7 /home/lilingfeng/tmp/juicefs-c03-r2-20260817-183244/cache/go-build-125 S-oracle single TestPartialBlockNotDispatchedWhenSliceIDBecomesReady U2
+C03R2 run-c03-r2.sh:215: local tool=go125 tc=go1.25.7 bc=/home/lilingfeng/tmp/juicefs-c03-r2-20260817-183244/cache/go-build-125 arm=S-oracle mode=single test_name=TestPartialBlockNotDispatchedWhenSliceIDBecomesReady
+C03R2 run-c03-r2.sh:216: local id=U2
+C03R2 run-c03-r2.sh:217: local log_rel=logs/go125-S-oracle-U2-single.log
+C03R2 run-c03-r2.sh:218: local rc
+C03R2 run-c03-r2.sh:219: cd /home/lilingfeng/tmp/juicefs-c03-r2-20260817-183244/src/S-oracle
+C03R2 run-c03-r2.sh:219: env GOTOOLCHAIN=go1.25.7 GOCACHE=/home/lilingfeng/tmp/juicefs-c03-r2-20260817-183244/cache/go-build-125 GOFLAGS=-mod=readonly GOPROXY=https://goproxy.cn,direct GOMODCACHE=/home/lilingfeng/tmp/juicefs-c03-r2-20260817-183244/cache/go-mod GOTMPDIR=/home/lilingfeng/tmp/juicefs-c03-r2-20260817-183244/cache/go-tmp TMPDIR=/home/lilingfeng/tmp/juicefs-c03-r2-20260817-183244/cache/os-tmp go test ./pkg/vfs -run '^TestPartialBlockNotDispatchedWhenSliceIDBecomesReady$' -count=1 -v -timeout=2m
+C03R2 run-c03-r2.sh:219: rc=0
+C03R2 run-c03-r2.sh:220: printf '%s\n' 0
++C03R2 run-c03-r2.sh:221: grep -c -- '--- PASS: TestPartialBlockNotDispatchedWhenSliceIDBecomesReady' /home/lilingfeng/tmp/juicefs-c03-r2-20260817-183244/logs/go125-S-oracle-U2-single.log
+C03R2 run-c03-r2.sh:221: local pass=1
++C03R2 run-c03-r2.sh:222: grep -c -- '--- FAIL: TestPartialBlockNotDispatchedWhenSliceIDBecomesReady' /home/lilingfeng/tmp/juicefs-c03-r2-20260817-183244/logs/go125-S-oracle-U2-single.log
++C03R2 run-c03-r2.sh:222: true
+C03R2 run-c03-r2.sh:222: local fail=0
+C03R2 run-c03-r2.sh:223: local bad=0
+C03R2 run-c03-r2.sh:223: grep -Eq '\[build failed\]|panic:|fatal error:|test timed out|DATA RACE|no tests to run' /home/lilingfeng/tmp/juicefs-c03-r2-20260817-183244/logs/go125-S-oracle-U2-single.log
+C03R2 run-c03-r2.sh:224: printf '%s\t%s\tsingle\t%s\t%s\t1\t1\t%s\t%s\t0\t%s\t%s\n' S-oracle go125 TestPartialBlockNotDispatchedWhenSliceIDBecomesReady 0 1 0 0 logs/go125-S-oracle-U2-single.log
+C03R2 run-c03-r2.sh:251: run_and_record go125 go1.25.7 /home/lilingfeng/tmp/juicefs-c03-r2-20260817-183244/cache/go-build-125 S-oracle single TestFullBlockDispatchedWhenSliceIDBecomesReady U1
+C03R2 run-c03-r2.sh:215: local tool=go125 tc=go1.25.7 bc=/home/lilingfeng/tmp/juicefs-c03-r2-20260817-183244/cache/go-build-125 arm=S-oracle mode=single test_name=TestFullBlockDispatchedWhenSliceIDBecomesReady
+C03R2 run-c03-r2.sh:216: local id=U1
+C03R2 run-c03-r2.sh:217: local log_rel=logs/go125-S-oracle-U1-single.log
+C03R2 run-c03-r2.sh:218: local rc
+C03R2 run-c03-r2.sh:219: cd /home/lilingfeng/tmp/juicefs-c03-r2-20260817-183244/src/S-oracle
+C03R2 run-c03-r2.sh:219: env GOTOOLCHAIN=go1.25.7 GOCACHE=/home/lilingfeng/tmp/juicefs-c03-r2-20260817-183244/cache/go-build-125 GOFLAGS=-mod=readonly GOPROXY=https://goproxy.cn,direct GOMODCACHE=/home/lilingfeng/tmp/juicefs-c03-r2-20260817-183244/cache/go-mod GOTMPDIR=/home/lilingfeng/tmp/juicefs-c03-r2-20260817-183244/cache/go-tmp TMPDIR=/home/lilingfeng/tmp/juicefs-c03-r2-20260817-183244/cache/os-tmp go test ./pkg/vfs -run '^TestFullBlockDispatchedWhenSliceIDBecomesReady$' -count=1 -v -timeout=2m
+C03R2 run-c03-r2.sh:219: rc=1
+C03R2 run-c03-r2.sh:220: printf '%s\n' 1
++C03R2 run-c03-r2.sh:221: grep -c -- '--- PASS: TestFullBlockDispatchedWhenSliceIDBecomesReady' /home/lilingfeng/tmp/juicefs-c03-r2-20260817-183244/logs/go125-S-oracle-U1-single.log
++C03R2 run-c03-r2.sh:221: true
+C03R2 run-c03-r2.sh:221: local pass=0
++C03R2 run-c03-r2.sh:222: grep -c -- '--- FAIL: TestFullBlockDispatchedWhenSliceIDBecomesReady' /home/lilingfeng/tmp/juicefs-c03-r2-20260817-183244/logs/go125-S-oracle-U1-single.log
+C03R2 run-c03-r2.sh:222: local fail=1
+C03R2 run-c03-r2.sh:223: local bad=0
+C03R2 run-c03-r2.sh:223: grep -Eq '\[build failed\]|panic:|fatal error:|test timed out|DATA RACE|no tests to run' /home/lilingfeng/tmp/juicefs-c03-r2-20260817-183244/logs/go125-S-oracle-U1-single.log
+C03R2 run-c03-r2.sh:224: printf '%s\t%s\tsingle\t%s\t%s\t1\t1\t%s\t%s\t0\t%s\t%s\n' S-oracle go125 TestFullBlockDispatchedWhenSliceIDBecomesReady 1 0 1 0 logs/go125-S-oracle-U1-single.log
+C03R2 run-c03-r2.sh:252: run_and_record go125 go1.25.7 /home/lilingfeng/tmp/juicefs-c03-r2-20260817-183244/cache/go-build-125 S-oracle single TestFlushErrorRecordedWhenSliceIDBecomesReady U3
+C03R2 run-c03-r2.sh:215: local tool=go125 tc=go1.25.7 bc=/home/lilingfeng/tmp/juicefs-c03-r2-20260817-183244/cache/go-build-125 arm=S-oracle mode=single test_name=TestFlushErrorRecordedWhenSliceIDBecomesReady
+C03R2 run-c03-r2.sh:216: local id=U3
+C03R2 run-c03-r2.sh:217: local log_rel=logs/go125-S-oracle-U3-single.log
+C03R2 run-c03-r2.sh:218: local rc
+C03R2 run-c03-r2.sh:219: cd /home/lilingfeng/tmp/juicefs-c03-r2-20260817-183244/src/S-oracle
+C03R2 run-c03-r2.sh:219: env GOTOOLCHAIN=go1.25.7 GOCACHE=/home/lilingfeng/tmp/juicefs-c03-r2-20260817-183244/cache/go-build-125 GOFLAGS=-mod=readonly GOPROXY=https://goproxy.cn,direct GOMODCACHE=/home/lilingfeng/tmp/juicefs-c03-r2-20260817-183244/cache/go-mod GOTMPDIR=/home/lilingfeng/tmp/juicefs-c03-r2-20260817-183244/cache/go-tmp TMPDIR=/home/lilingfeng/tmp/juicefs-c03-r2-20260817-183244/cache/os-tmp go test ./pkg/vfs -run '^TestFlushErrorRecordedWhenSliceIDBecomesReady$' -count=1 -v -timeout=2m
+C03R2 run-c03-r2.sh:219: rc=1
+C03R2 run-c03-r2.sh:220: printf '%s\n' 1
++C03R2 run-c03-r2.sh:221: grep -c -- '--- PASS: TestFlushErrorRecordedWhenSliceIDBecomesReady' /home/lilingfeng/tmp/juicefs-c03-r2-20260817-183244/logs/go125-S-oracle-U3-single.log
++C03R2 run-c03-r2.sh:221: true
+C03R2 run-c03-r2.sh:221: local pass=0
++C03R2 run-c03-r2.sh:222: grep -c -- '--- FAIL: TestFlushErrorRecordedWhenSliceIDBecomesReady' /home/lilingfeng/tmp/juicefs-c03-r2-20260817-183244/logs/go125-S-oracle-U3-single.log
+C03R2 run-c03-r2.sh:222: local fail=1
+C03R2 run-c03-r2.sh:223: local bad=0
+C03R2 run-c03-r2.sh:223: grep -Eq '\[build failed\]|panic:|fatal error:|test timed out|DATA RACE|no tests to run' /home/lilingfeng/tmp/juicefs-c03-r2-20260817-183244/logs/go125-S-oracle-U3-single.log
+C03R2 run-c03-r2.sh:224: printf '%s\t%s\tsingle\t%s\t%s\t1\t1\t%s\t%s\t0\t%s\t%s\n' S-oracle go125 TestFlushErrorRecordedWhenSliceIDBecomesReady 1 0 1 0 logs/go125-S-oracle-U3-single.log
+C03R2 run-c03-r2.sh:253: for id_tn in "U1:$U1" "U3:$U3"
+C03R2 run-c03-r2.sh:254: id=U1
+C03R2 run-c03-r2.sh:254: tn=TestFullBlockDispatchedWhenSliceIDBecomesReady
+C03R2 run-c03-r2.sh:255: for iter in 01 02 03 04 05 06 07 08 09 10
+C03R2 run-c03-r2.sh:256: local_log=logs/go125-S-oracle-U1-repeat-01.log
+C03R2 run-c03-r2.sh:257: cd /home/lilingfeng/tmp/juicefs-c03-r2-20260817-183244/src/S-oracle
+C03R2 run-c03-r2.sh:257: env GOTOOLCHAIN=go1.25.7 GOCACHE=/home/lilingfeng/tmp/juicefs-c03-r2-20260817-183244/cache/go-build-125 GOFLAGS=-mod=readonly GOPROXY=https://goproxy.cn,direct GOMODCACHE=/home/lilingfeng/tmp/juicefs-c03-r2-20260817-183244/cache/go-mod GOTMPDIR=/home/lilingfeng/tmp/juicefs-c03-r2-20260817-183244/cache/go-tmp TMPDIR=/home/lilingfeng/tmp/juicefs-c03-r2-20260817-183244/cache/os-tmp go test ./pkg/vfs -run '^TestFullBlockDispatchedWhenSliceIDBecomesReady$' -count=1 -v -timeout=2m
+C03R2 run-c03-r2.sh:257: rc=1
+C03R2 run-c03-r2.sh:258: printf '%s\n' 1
++C03R2 run-c03-r2.sh:259: grep -c 'not.*dispatched' /home/lilingfeng/tmp/juicefs-c03-r2-20260817-183244/logs/go125-S-oracle-U1-repeat-01.log
+C03R2 run-c03-r2.sh:259: mc=1
++C03R2 run-c03-r2.sh:260: grep -c -- '--- FAIL: TestFullBlockDispatchedWhenSliceIDBecomesReady' /home/lilingfeng/tmp/juicefs-c03-r2-20260817-183244/logs/go125-S-oracle-U1-repeat-01.log
+C03R2 run-c03-r2.sh:260: fc=1
+C03R2 run-c03-r2.sh:261: bad=0
+C03R2 run-c03-r2.sh:261: grep -Eq '\[build failed\]|panic:|fatal error:|test timed out|DATA RACE' /home/lilingfeng/tmp/juicefs-c03-r2-20260817-183244/logs/go125-S-oracle-U1-repeat-01.log
+C03R2 run-c03-r2.sh:262: printf '%s\t%s\trepeat10\t%s\t%s\t1\t0\t0\t%s\t%s\t%s\t%s\n' S-oracle go125 TestFullBlockDispatchedWhenSliceIDBecomesReady 1 1 1 0 logs/go125-S-oracle-U1-repeat-01.log
+C03R2 run-c03-r2.sh:255: for iter in 01 02 03 04 05 06 07 08 09 10
+C03R2 run-c03-r2.sh:256: local_log=logs/go125-S-oracle-U1-repeat-02.log
+C03R2 run-c03-r2.sh:257: cd /home/lilingfeng/tmp/juicefs-c03-r2-20260817-183244/src/S-oracle
+C03R2 run-c03-r2.sh:257: env GOTOOLCHAIN=go1.25.7 GOCACHE=/home/lilingfeng/tmp/juicefs-c03-r2-20260817-183244/cache/go-build-125 GOFLAGS=-mod=readonly GOPROXY=https://goproxy.cn,direct GOMODCACHE=/home/lilingfeng/tmp/juicefs-c03-r2-20260817-183244/cache/go-mod GOTMPDIR=/home/lilingfeng/tmp/juicefs-c03-r2-20260817-183244/cache/go-tmp TMPDIR=/home/lilingfeng/tmp/juicefs-c03-r2-20260817-183244/cache/os-tmp go test ./pkg/vfs -run '^TestFullBlockDispatchedWhenSliceIDBecomesReady$' -count=1 -v -timeout=2m
+C03R2 run-c03-r2.sh:257: rc=1
+C03R2 run-c03-r2.sh:258: printf '%s\n' 1
++C03R2 run-c03-r2.sh:259: grep -c 'not.*dispatched' /home/lilingfeng/tmp/juicefs-c03-r2-20260817-183244/logs/go125-S-oracle-U1-repeat-02.log
+C03R2 run-c03-r2.sh:259: mc=1
++C03R2 run-c03-r2.sh:260: grep -c -- '--- FAIL: TestFullBlockDispatchedWhenSliceIDBecomesReady' /home/lilingfeng/tmp/juicefs-c03-r2-20260817-183244/logs/go125-S-oracle-U1-repeat-02.log
+C03R2 run-c03-r2.sh:260: fc=1
+C03R2 run-c03-r2.sh:261: bad=0
+C03R2 run-c03-r2.sh:261: grep -Eq '\[build failed\]|panic:|fatal error:|test timed out|DATA RACE' /home/lilingfeng/tmp/juicefs-c03-r2-20260817-183244/logs/go125-S-oracle-U1-repeat-02.log
+C03R2 run-c03-r2.sh:262: printf '%s\t%s\trepeat10\t%s\t%s\t1\t0\t0\t%s\t%s\t%s\t%s\n' S-oracle go125 TestFullBlockDispatchedWhenSliceIDBecomesReady 1 1 1 0 logs/go125-S-oracle-U1-repeat-02.log
+C03R2 run-c03-r2.sh:255: for iter in 01 02 03 04 05 06 07 08 09 10
+C03R2 run-c03-r2.sh:256: local_log=logs/go125-S-oracle-U1-repeat-03.log
+C03R2 run-c03-r2.sh:257: cd /home/lilingfeng/tmp/juicefs-c03-r2-20260817-183244/src/S-oracle
+C03R2 run-c03-r2.sh:257: env GOTOOLCHAIN=go1.25.7 GOCACHE=/home/lilingfeng/tmp/juicefs-c03-r2-20260817-183244/cache/go-build-125 GOFLAGS=-mod=readonly GOPROXY=https://goproxy.cn,direct GOMODCACHE=/home/lilingfeng/tmp/juicefs-c03-r2-20260817-183244/cache/go-mod GOTMPDIR=/home/lilingfeng/tmp/juicefs-c03-r2-20260817-183244/cache/go-tmp TMPDIR=/home/lilingfeng/tmp/juicefs-c03-r2-20260817-183244/cache/os-tmp go test ./pkg/vfs -run '^TestFullBlockDispatchedWhenSliceIDBecomesReady$' -count=1 -v -timeout=2m
+C03R2 run-c03-r2.sh:257: rc=1
+C03R2 run-c03-r2.sh:258: printf '%s\n' 1
++C03R2 run-c03-r2.sh:259: grep -c 'not.*dispatched' /home/lilingfeng/tmp/juicefs-c03-r2-20260817-183244/logs/go125-S-oracle-U1-repeat-03.log
+C03R2 run-c03-r2.sh:259: mc=1
++C03R2 run-c03-r2.sh:260: grep -c -- '--- FAIL: TestFullBlockDispatchedWhenSliceIDBecomesReady' /home/lilingfeng/tmp/juicefs-c03-r2-20260817-183244/logs/go125-S-oracle-U1-repeat-03.log
+C03R2 run-c03-r2.sh:260: fc=1
+C03R2 run-c03-r2.sh:261: bad=0
+C03R2 run-c03-r2.sh:261: grep -Eq '\[build failed\]|panic:|fatal error:|test timed out|DATA RACE' /home/lilingfeng/tmp/juicefs-c03-r2-20260817-183244/logs/go125-S-oracle-U1-repeat-03.log
+C03R2 run-c03-r2.sh:262: printf '%s\t%s\trepeat10\t%s\t%s\t1\t0\t0\t%s\t%s\t%s\t%s\n' S-oracle go125 TestFullBlockDispatchedWhenSliceIDBecomesReady 1 1 1 0 logs/go125-S-oracle-U1-repeat-03.log
+C03R2 run-c03-r2.sh:255: for iter in 01 02 03 04 05 06 07 08 09 10
+C03R2 run-c03-r2.sh:256: local_log=logs/go125-S-oracle-U1-repeat-04.log
+C03R2 run-c03-r2.sh:257: cd /home/lilingfeng/tmp/juicefs-c03-r2-20260817-183244/src/S-oracle
+C03R2 run-c03-r2.sh:257: env GOTOOLCHAIN=go1.25.7 GOCACHE=/home/lilingfeng/tmp/juicefs-c03-r2-20260817-183244/cache/go-build-125 GOFLAGS=-mod=readonly GOPROXY=https://goproxy.cn,direct GOMODCACHE=/home/lilingfeng/tmp/juicefs-c03-r2-20260817-183244/cache/go-mod GOTMPDIR=/home/lilingfeng/tmp/juicefs-c03-r2-20260817-183244/cache/go-tmp TMPDIR=/home/lilingfeng/tmp/juicefs-c03-r2-20260817-183244/cache/os-tmp go test ./pkg/vfs -run '^TestFullBlockDispatchedWhenSliceIDBecomesReady$' -count=1 -v -timeout=2m
+C03R2 run-c03-r2.sh:257: rc=1
+C03R2 run-c03-r2.sh:258: printf '%s\n' 1
++C03R2 run-c03-r2.sh:259: grep -c 'not.*dispatched' /home/lilingfeng/tmp/juicefs-c03-r2-20260817-183244/logs/go125-S-oracle-U1-repeat-04.log
+C03R2 run-c03-r2.sh:259: mc=1
++C03R2 run-c03-r2.sh:260: grep -c -- '--- FAIL: TestFullBlockDispatchedWhenSliceIDBecomesReady' /home/lilingfeng/tmp/juicefs-c03-r2-20260817-183244/logs/go125-S-oracle-U1-repeat-04.log
+C03R2 run-c03-r2.sh:260: fc=1
+C03R2 run-c03-r2.sh:261: bad=0
+C03R2 run-c03-r2.sh:261: grep -Eq '\[build failed\]|panic:|fatal error:|test timed out|DATA RACE' /home/lilingfeng/tmp/juicefs-c03-r2-20260817-183244/logs/go125-S-oracle-U1-repeat-04.log
+C03R2 run-c03-r2.sh:262: printf '%s\t%s\trepeat10\t%s\t%s\t1\t0\t0\t%s\t%s\t%s\t%s\n' S-oracle go125 TestFullBlockDispatchedWhenSliceIDBecomesReady 1 1 1 0 logs/go125-S-oracle-U1-repeat-04.log
+C03R2 run-c03-r2.sh:255: for iter in 01 02 03 04 05 06 07 08 09 10
+C03R2 run-c03-r2.sh:256: local_log=logs/go125-S-oracle-U1-repeat-05.log
+C03R2 run-c03-r2.sh:257: cd /home/lilingfeng/tmp/juicefs-c03-r2-20260817-183244/src/S-oracle
+C03R2 run-c03-r2.sh:257: env GOTOOLCHAIN=go1.25.7 GOCACHE=/home/lilingfeng/tmp/juicefs-c03-r2-20260817-183244/cache/go-build-125 GOFLAGS=-mod=readonly GOPROXY=https://goproxy.cn,direct GOMODCACHE=/home/lilingfeng/tmp/juicefs-c03-r2-20260817-183244/cache/go-mod GOTMPDIR=/home/lilingfeng/tmp/juicefs-c03-r2-20260817-183244/cache/go-tmp TMPDIR=/home/lilingfeng/tmp/juicefs-c03-r2-20260817-183244/cache/os-tmp go test ./pkg/vfs -run '^TestFullBlockDispatchedWhenSliceIDBecomesReady$' -count=1 -v -timeout=2m
+C03R2 run-c03-r2.sh:257: rc=1
+C03R2 run-c03-r2.sh:258: printf '%s\n' 1
++C03R2 run-c03-r2.sh:259: grep -c 'not.*dispatched' /home/lilingfeng/tmp/juicefs-c03-r2-20260817-183244/logs/go125-S-oracle-U1-repeat-05.log
+C03R2 run-c03-r2.sh:259: mc=1
++C03R2 run-c03-r2.sh:260: grep -c -- '--- FAIL: TestFullBlockDispatchedWhenSliceIDBecomesReady' /home/lilingfeng/tmp/juicefs-c03-r2-20260817-183244/logs/go125-S-oracle-U1-repeat-05.log
+C03R2 run-c03-r2.sh:260: fc=1
+C03R2 run-c03-r2.sh:261: bad=0
+C03R2 run-c03-r2.sh:261: grep -Eq '\[build failed\]|panic:|fatal error:|test timed out|DATA RACE' /home/lilingfeng/tmp/juicefs-c03-r2-20260817-183244/logs/go125-S-oracle-U1-repeat-05.log
+C03R2 run-c03-r2.sh:262: printf '%s\t%s\trepeat10\t%s\t%s\t1\t0\t0\t%s\t%s\t%s\t%s\n' S-oracle go125 TestFullBlockDispatchedWhenSliceIDBecomesReady 1 1 1 0 logs/go125-S-oracle-U1-repeat-05.log
+C03R2 run-c03-r2.sh:255: for iter in 01 02 03 04 05 06 07 08 09 10
+C03R2 run-c03-r2.sh:256: local_log=logs/go125-S-oracle-U1-repeat-06.log
+C03R2 run-c03-r2.sh:257: cd /home/lilingfeng/tmp/juicefs-c03-r2-20260817-183244/src/S-oracle
+C03R2 run-c03-r2.sh:257: env GOTOOLCHAIN=go1.25.7 GOCACHE=/home/lilingfeng/tmp/juicefs-c03-r2-20260817-183244/cache/go-build-125 GOFLAGS=-mod=readonly GOPROXY=https://goproxy.cn,direct GOMODCACHE=/home/lilingfeng/tmp/juicefs-c03-r2-20260817-183244/cache/go-mod GOTMPDIR=/home/lilingfeng/tmp/juicefs-c03-r2-20260817-183244/cache/go-tmp TMPDIR=/home/lilingfeng/tmp/juicefs-c03-r2-20260817-183244/cache/os-tmp go test ./pkg/vfs -run '^TestFullBlockDispatchedWhenSliceIDBecomesReady$' -count=1 -v -timeout=2m
+C03R2 run-c03-r2.sh:257: rc=1
+C03R2 run-c03-r2.sh:258: printf '%s\n' 1
++C03R2 run-c03-r2.sh:259: grep -c 'not.*dispatched' /home/lilingfeng/tmp/juicefs-c03-r2-20260817-183244/logs/go125-S-oracle-U1-repeat-06.log
+C03R2 run-c03-r2.sh:259: mc=1
++C03R2 run-c03-r2.sh:260: grep -c -- '--- FAIL: TestFullBlockDispatchedWhenSliceIDBecomesReady' /home/lilingfeng/tmp/juicefs-c03-r2-20260817-183244/logs/go125-S-oracle-U1-repeat-06.log
+C03R2 run-c03-r2.sh:260: fc=1
+C03R2 run-c03-r2.sh:261: bad=0
+C03R2 run-c03-r2.sh:261: grep -Eq '\[build failed\]|panic:|fatal error:|test timed out|DATA RACE' /home/lilingfeng/tmp/juicefs-c03-r2-20260817-183244/logs/go125-S-oracle-U1-repeat-06.log
+C03R2 run-c03-r2.sh:262: printf '%s\t%s\trepeat10\t%s\t%s\t1\t0\t0\t%s\t%s\t%s\t%s\n' S-oracle go125 TestFullBlockDispatchedWhenSliceIDBecomesReady 1 1 1 0 logs/go125-S-oracle-U1-repeat-06.log
+C03R2 run-c03-r2.sh:255: for iter in 01 02 03 04 05 06 07 08 09 10
+C03R2 run-c03-r2.sh:256: local_log=logs/go125-S-oracle-U1-repeat-07.log
+C03R2 run-c03-r2.sh:257: cd /home/lilingfeng/tmp/juicefs-c03-r2-20260817-183244/src/S-oracle
+C03R2 run-c03-r2.sh:257: env GOTOOLCHAIN=go1.25.7 GOCACHE=/home/lilingfeng/tmp/juicefs-c03-r2-20260817-183244/cache/go-build-125 GOFLAGS=-mod=readonly GOPROXY=https://goproxy.cn,direct GOMODCACHE=/home/lilingfeng/tmp/juicefs-c03-r2-20260817-183244/cache/go-mod GOTMPDIR=/home/lilingfeng/tmp/juicefs-c03-r2-20260817-183244/cache/go-tmp TMPDIR=/home/lilingfeng/tmp/juicefs-c03-r2-20260817-183244/cache/os-tmp go test ./pkg/vfs -run '^TestFullBlockDispatchedWhenSliceIDBecomesReady$' -count=1 -v -timeout=2m
+C03R2 run-c03-r2.sh:257: rc=1
+C03R2 run-c03-r2.sh:258: printf '%s\n' 1
++C03R2 run-c03-r2.sh:259: grep -c 'not.*dispatched' /home/lilingfeng/tmp/juicefs-c03-r2-20260817-183244/logs/go125-S-oracle-U1-repeat-07.log
+C03R2 run-c03-r2.sh:259: mc=1
++C03R2 run-c03-r2.sh:260: grep -c -- '--- FAIL: TestFullBlockDispatchedWhenSliceIDBecomesReady' /home/lilingfeng/tmp/juicefs-c03-r2-20260817-183244/logs/go125-S-oracle-U1-repeat-07.log
+C03R2 run-c03-r2.sh:260: fc=1
+C03R2 run-c03-r2.sh:261: bad=0
+C03R2 run-c03-r2.sh:261: grep -Eq '\[build failed\]|panic:|fatal error:|test timed out|DATA RACE' /home/lilingfeng/tmp/juicefs-c03-r2-20260817-183244/logs/go125-S-oracle-U1-repeat-07.log
+C03R2 run-c03-r2.sh:262: printf '%s\t%s\trepeat10\t%s\t%s\t1\t0\t0\t%s\t%s\t%s\t%s\n' S-oracle go125 TestFullBlockDispatchedWhenSliceIDBecomesReady 1 1 1 0 logs/go125-S-oracle-U1-repeat-07.log
+C03R2 run-c03-r2.sh:255: for iter in 01 02 03 04 05 06 07 08 09 10
+C03R2 run-c03-r2.sh:256: local_log=logs/go125-S-oracle-U1-repeat-08.log
+C03R2 run-c03-r2.sh:257: cd /home/lilingfeng/tmp/juicefs-c03-r2-20260817-183244/src/S-oracle
+C03R2 run-c03-r2.sh:257: env GOTOOLCHAIN=go1.25.7 GOCACHE=/home/lilingfeng/tmp/juicefs-c03-r2-20260817-183244/cache/go-build-125 GOFLAGS=-mod=readonly GOPROXY=https://goproxy.cn,direct GOMODCACHE=/home/lilingfeng/tmp/juicefs-c03-r2-20260817-183244/cache/go-mod GOTMPDIR=/home/lilingfeng/tmp/juicefs-c03-r2-20260817-183244/cache/go-tmp TMPDIR=/home/lilingfeng/tmp/juicefs-c03-r2-20260817-183244/cache/os-tmp go test ./pkg/vfs -run '^TestFullBlockDispatchedWhenSliceIDBecomesReady$' -count=1 -v -timeout=2m
+C03R2 run-c03-r2.sh:257: rc=1
+C03R2 run-c03-r2.sh:258: printf '%s\n' 1
++C03R2 run-c03-r2.sh:259: grep -c 'not.*dispatched' /home/lilingfeng/tmp/juicefs-c03-r2-20260817-183244/logs/go125-S-oracle-U1-repeat-08.log
+C03R2 run-c03-r2.sh:259: mc=1
++C03R2 run-c03-r2.sh:260: grep -c -- '--- FAIL: TestFullBlockDispatchedWhenSliceIDBecomesReady' /home/lilingfeng/tmp/juicefs-c03-r2-20260817-183244/logs/go125-S-oracle-U1-repeat-08.log
+C03R2 run-c03-r2.sh:260: fc=1
+C03R2 run-c03-r2.sh:261: bad=0
+C03R2 run-c03-r2.sh:261: grep -Eq '\[build failed\]|panic:|fatal error:|test timed out|DATA RACE' /home/lilingfeng/tmp/juicefs-c03-r2-20260817-183244/logs/go125-S-oracle-U1-repeat-08.log
+C03R2 run-c03-r2.sh:262: printf '%s\t%s\trepeat10\t%s\t%s\t1\t0\t0\t%s\t%s\t%s\t%s\n' S-oracle go125 TestFullBlockDispatchedWhenSliceIDBecomesReady 1 1 1 0 logs/go125-S-oracle-U1-repeat-08.log
+C03R2 run-c03-r2.sh:255: for iter in 01 02 03 04 05 06 07 08 09 10
+C03R2 run-c03-r2.sh:256: local_log=logs/go125-S-oracle-U1-repeat-09.log
+C03R2 run-c03-r2.sh:257: cd /home/lilingfeng/tmp/juicefs-c03-r2-20260817-183244/src/S-oracle
+C03R2 run-c03-r2.sh:257: env GOTOOLCHAIN=go1.25.7 GOCACHE=/home/lilingfeng/tmp/juicefs-c03-r2-20260817-183244/cache/go-build-125 GOFLAGS=-mod=readonly GOPROXY=https://goproxy.cn,direct GOMODCACHE=/home/lilingfeng/tmp/juicefs-c03-r2-20260817-183244/cache/go-mod GOTMPDIR=/home/lilingfeng/tmp/juicefs-c03-r2-20260817-183244/cache/go-tmp TMPDIR=/home/lilingfeng/tmp/juicefs-c03-r2-20260817-183244/cache/os-tmp go test ./pkg/vfs -run '^TestFullBlockDispatchedWhenSliceIDBecomesReady$' -count=1 -v -timeout=2m
+C03R2 run-c03-r2.sh:257: rc=1
+C03R2 run-c03-r2.sh:258: printf '%s\n' 1
++C03R2 run-c03-r2.sh:259: grep -c 'not.*dispatched' /home/lilingfeng/tmp/juicefs-c03-r2-20260817-183244/logs/go125-S-oracle-U1-repeat-09.log
+C03R2 run-c03-r2.sh:259: mc=1
++C03R2 run-c03-r2.sh:260: grep -c -- '--- FAIL: TestFullBlockDispatchedWhenSliceIDBecomesReady' /home/lilingfeng/tmp/juicefs-c03-r2-20260817-183244/logs/go125-S-oracle-U1-repeat-09.log
+C03R2 run-c03-r2.sh:260: fc=1
+C03R2 run-c03-r2.sh:261: bad=0
+C03R2 run-c03-r2.sh:261: grep -Eq '\[build failed\]|panic:|fatal error:|test timed out|DATA RACE' /home/lilingfeng/tmp/juicefs-c03-r2-20260817-183244/logs/go125-S-oracle-U1-repeat-09.log
+C03R2 run-c03-r2.sh:262: printf '%s\t%s\trepeat10\t%s\t%s\t1\t0\t0\t%s\t%s\t%s\t%s\n' S-oracle go125 TestFullBlockDispatchedWhenSliceIDBecomesReady 1 1 1 0 logs/go125-S-oracle-U1-repeat-09.log
+C03R2 run-c03-r2.sh:255: for iter in 01 02 03 04 05 06 07 08 09 10
+C03R2 run-c03-r2.sh:256: local_log=logs/go125-S-oracle-U1-repeat-10.log
+C03R2 run-c03-r2.sh:257: cd /home/lilingfeng/tmp/juicefs-c03-r2-20260817-183244/src/S-oracle
+C03R2 run-c03-r2.sh:257: env GOTOOLCHAIN=go1.25.7 GOCACHE=/home/lilingfeng/tmp/juicefs-c03-r2-20260817-183244/cache/go-build-125 GOFLAGS=-mod=readonly GOPROXY=https://goproxy.cn,direct GOMODCACHE=/home/lilingfeng/tmp/juicefs-c03-r2-20260817-183244/cache/go-mod GOTMPDIR=/home/lilingfeng/tmp/juicefs-c03-r2-20260817-183244/cache/go-tmp TMPDIR=/home/lilingfeng/tmp/juicefs-c03-r2-20260817-183244/cache/os-tmp go test ./pkg/vfs -run '^TestFullBlockDispatchedWhenSliceIDBecomesReady$' -count=1 -v -timeout=2m
+C03R2 run-c03-r2.sh:257: rc=1
+C03R2 run-c03-r2.sh:258: printf '%s\n' 1
++C03R2 run-c03-r2.sh:259: grep -c 'not.*dispatched' /home/lilingfeng/tmp/juicefs-c03-r2-20260817-183244/logs/go125-S-oracle-U1-repeat-10.log
+C03R2 run-c03-r2.sh:259: mc=1
++C03R2 run-c03-r2.sh:260: grep -c -- '--- FAIL: TestFullBlockDispatchedWhenSliceIDBecomesReady' /home/lilingfeng/tmp/juicefs-c03-r2-20260817-183244/logs/go125-S-oracle-U1-repeat-10.log
+C03R2 run-c03-r2.sh:260: fc=1
+C03R2 run-c03-r2.sh:261: bad=0
+C03R2 run-c03-r2.sh:261: grep -Eq '\[build failed\]|panic:|fatal error:|test timed out|DATA RACE' /home/lilingfeng/tmp/juicefs-c03-r2-20260817-183244/logs/go125-S-oracle-U1-repeat-10.log
+C03R2 run-c03-r2.sh:262: printf '%s\t%s\trepeat10\t%s\t%s\t1\t0\t0\t%s\t%s\t%s\t%s\n' S-oracle go125 TestFullBlockDispatchedWhenSliceIDBecomesReady 1 1 1 0 logs/go125-S-oracle-U1-repeat-10.log
+C03R2 run-c03-r2.sh:253: for id_tn in "U1:$U1" "U3:$U3"
+C03R2 run-c03-r2.sh:254: id=U3
+C03R2 run-c03-r2.sh:254: tn=TestFlushErrorRecordedWhenSliceIDBecomesReady
+C03R2 run-c03-r2.sh:255: for iter in 01 02 03 04 05 06 07 08 09 10
+C03R2 run-c03-r2.sh:256: local_log=logs/go125-S-oracle-U3-repeat-01.log
+C03R2 run-c03-r2.sh:257: cd /home/lilingfeng/tmp/juicefs-c03-r2-20260817-183244/src/S-oracle
+C03R2 run-c03-r2.sh:257: env GOTOOLCHAIN=go1.25.7 GOCACHE=/home/lilingfeng/tmp/juicefs-c03-r2-20260817-183244/cache/go-build-125 GOFLAGS=-mod=readonly GOPROXY=https://goproxy.cn,direct GOMODCACHE=/home/lilingfeng/tmp/juicefs-c03-r2-20260817-183244/cache/go-mod GOTMPDIR=/home/lilingfeng/tmp/juicefs-c03-r2-20260817-183244/cache/go-tmp TMPDIR=/home/lilingfeng/tmp/juicefs-c03-r2-20260817-183244/cache/os-tmp go test ./pkg/vfs -run '^TestFlushErrorRecordedWhenSliceIDBecomesReady$' -count=1 -v -timeout=2m
+C03R2 run-c03-r2.sh:257: rc=1
+C03R2 run-c03-r2.sh:258: printf '%s\n' 1
++C03R2 run-c03-r2.sh:259: grep -c 'not.*dispatched' /home/lilingfeng/tmp/juicefs-c03-r2-20260817-183244/logs/go125-S-oracle-U3-repeat-01.log
+C03R2 run-c03-r2.sh:259: mc=1
++C03R2 run-c03-r2.sh:260: grep -c -- '--- FAIL: TestFlushErrorRecordedWhenSliceIDBecomesReady' /home/lilingfeng/tmp/juicefs-c03-r2-20260817-183244/logs/go125-S-oracle-U3-repeat-01.log
+C03R2 run-c03-r2.sh:260: fc=1
+C03R2 run-c03-r2.sh:261: bad=0
+C03R2 run-c03-r2.sh:261: grep -Eq '\[build failed\]|panic:|fatal error:|test timed out|DATA RACE' /home/lilingfeng/tmp/juicefs-c03-r2-20260817-183244/logs/go125-S-oracle-U3-repeat-01.log
+C03R2 run-c03-r2.sh:262: printf '%s\t%s\trepeat10\t%s\t%s\t1\t0\t0\t%s\t%s\t%s\t%s\n' S-oracle go125 TestFlushErrorRecordedWhenSliceIDBecomesReady 1 1 1 0 logs/go125-S-oracle-U3-repeat-01.log
+C03R2 run-c03-r2.sh:255: for iter in 01 02 03 04 05 06 07 08 09 10
+C03R2 run-c03-r2.sh:256: local_log=logs/go125-S-oracle-U3-repeat-02.log
+C03R2 run-c03-r2.sh:257: cd /home/lilingfeng/tmp/juicefs-c03-r2-20260817-183244/src/S-oracle
+C03R2 run-c03-r2.sh:257: env GOTOOLCHAIN=go1.25.7 GOCACHE=/home/lilingfeng/tmp/juicefs-c03-r2-20260817-183244/cache/go-build-125 GOFLAGS=-mod=readonly GOPROXY=https://goproxy.cn,direct GOMODCACHE=/home/lilingfeng/tmp/juicefs-c03-r2-20260817-183244/cache/go-mod GOTMPDIR=/home/lilingfeng/tmp/juicefs-c03-r2-20260817-183244/cache/go-tmp TMPDIR=/home/lilingfeng/tmp/juicefs-c03-r2-20260817-183244/cache/os-tmp go test ./pkg/vfs -run '^TestFlushErrorRecordedWhenSliceIDBecomesReady$' -count=1 -v -timeout=2m
+C03R2 run-c03-r2.sh:257: rc=1
+C03R2 run-c03-r2.sh:258: printf '%s\n' 1
++C03R2 run-c03-r2.sh:259: grep -c 'not.*dispatched' /home/lilingfeng/tmp/juicefs-c03-r2-20260817-183244/logs/go125-S-oracle-U3-repeat-02.log
+C03R2 run-c03-r2.sh:259: mc=1
++C03R2 run-c03-r2.sh:260: grep -c -- '--- FAIL: TestFlushErrorRecordedWhenSliceIDBecomesReady' /home/lilingfeng/tmp/juicefs-c03-r2-20260817-183244/logs/go125-S-oracle-U3-repeat-02.log
+C03R2 run-c03-r2.sh:260: fc=1
+C03R2 run-c03-r2.sh:261: bad=0
+C03R2 run-c03-r2.sh:261: grep -Eq '\[build failed\]|panic:|fatal error:|test timed out|DATA RACE' /home/lilingfeng/tmp/juicefs-c03-r2-20260817-183244/logs/go125-S-oracle-U3-repeat-02.log
+C03R2 run-c03-r2.sh:262: printf '%s\t%s\trepeat10\t%s\t%s\t1\t0\t0\t%s\t%s\t%s\t%s\n' S-oracle go125 TestFlushErrorRecordedWhenSliceIDBecomesReady 1 1 1 0 logs/go125-S-oracle-U3-repeat-02.log
+C03R2 run-c03-r2.sh:255: for iter in 01 02 03 04 05 06 07 08 09 10
+C03R2 run-c03-r2.sh:256: local_log=logs/go125-S-oracle-U3-repeat-03.log
+C03R2 run-c03-r2.sh:257: cd /home/lilingfeng/tmp/juicefs-c03-r2-20260817-183244/src/S-oracle
+C03R2 run-c03-r2.sh:257: env GOTOOLCHAIN=go1.25.7 GOCACHE=/home/lilingfeng/tmp/juicefs-c03-r2-20260817-183244/cache/go-build-125 GOFLAGS=-mod=readonly GOPROXY=https://goproxy.cn,direct GOMODCACHE=/home/lilingfeng/tmp/juicefs-c03-r2-20260817-183244/cache/go-mod GOTMPDIR=/home/lilingfeng/tmp/juicefs-c03-r2-20260817-183244/cache/go-tmp TMPDIR=/home/lilingfeng/tmp/juicefs-c03-r2-20260817-183244/cache/os-tmp go test ./pkg/vfs -run '^TestFlushErrorRecordedWhenSliceIDBecomesReady$' -count=1 -v -timeout=2m
+C03R2 run-c03-r2.sh:257: rc=1
+C03R2 run-c03-r2.sh:258: printf '%s\n' 1
++C03R2 run-c03-r2.sh:259: grep -c 'not.*dispatched' /home/lilingfeng/tmp/juicefs-c03-r2-20260817-183244/logs/go125-S-oracle-U3-repeat-03.log
+C03R2 run-c03-r2.sh:259: mc=1
++C03R2 run-c03-r2.sh:260: grep -c -- '--- FAIL: TestFlushErrorRecordedWhenSliceIDBecomesReady' /home/lilingfeng/tmp/juicefs-c03-r2-20260817-183244/logs/go125-S-oracle-U3-repeat-03.log
+C03R2 run-c03-r2.sh:260: fc=1
+C03R2 run-c03-r2.sh:261: bad=0
+C03R2 run-c03-r2.sh:261: grep -Eq '\[build failed\]|panic:|fatal error:|test timed out|DATA RACE' /home/lilingfeng/tmp/juicefs-c03-r2-20260817-183244/logs/go125-S-oracle-U3-repeat-03.log
+C03R2 run-c03-r2.sh:262: printf '%s\t%s\trepeat10\t%s\t%s\t1\t0\t0\t%s\t%s\t%s\t%s\n' S-oracle go125 TestFlushErrorRecordedWhenSliceIDBecomesReady 1 1 1 0 logs/go125-S-oracle-U3-repeat-03.log
+C03R2 run-c03-r2.sh:255: for iter in 01 02 03 04 05 06 07 08 09 10
+C03R2 run-c03-r2.sh:256: local_log=logs/go125-S-oracle-U3-repeat-04.log
+C03R2 run-c03-r2.sh:257: cd /home/lilingfeng/tmp/juicefs-c03-r2-20260817-183244/src/S-oracle
+C03R2 run-c03-r2.sh:257: env GOTOOLCHAIN=go1.25.7 GOCACHE=/home/lilingfeng/tmp/juicefs-c03-r2-20260817-183244/cache/go-build-125 GOFLAGS=-mod=readonly GOPROXY=https://goproxy.cn,direct GOMODCACHE=/home/lilingfeng/tmp/juicefs-c03-r2-20260817-183244/cache/go-mod GOTMPDIR=/home/lilingfeng/tmp/juicefs-c03-r2-20260817-183244/cache/go-tmp TMPDIR=/home/lilingfeng/tmp/juicefs-c03-r2-20260817-183244/cache/os-tmp go test ./pkg/vfs -run '^TestFlushErrorRecordedWhenSliceIDBecomesReady$' -count=1 -v -timeout=2m
+C03R2 run-c03-r2.sh:257: rc=1
+C03R2 run-c03-r2.sh:258: printf '%s\n' 1
++C03R2 run-c03-r2.sh:259: grep -c 'not.*dispatched' /home/lilingfeng/tmp/juicefs-c03-r2-20260817-183244/logs/go125-S-oracle-U3-repeat-04.log
+C03R2 run-c03-r2.sh:259: mc=1
++C03R2 run-c03-r2.sh:260: grep -c -- '--- FAIL: TestFlushErrorRecordedWhenSliceIDBecomesReady' /home/lilingfeng/tmp/juicefs-c03-r2-20260817-183244/logs/go125-S-oracle-U3-repeat-04.log
+C03R2 run-c03-r2.sh:260: fc=1
+C03R2 run-c03-r2.sh:261: bad=0
+C03R2 run-c03-r2.sh:261: grep -Eq '\[build failed\]|panic:|fatal error:|test timed out|DATA RACE' /home/lilingfeng/tmp/juicefs-c03-r2-20260817-183244/logs/go125-S-oracle-U3-repeat-04.log
+C03R2 run-c03-r2.sh:262: printf '%s\t%s\trepeat10\t%s\t%s\t1\t0\t0\t%s\t%s\t%s\t%s\n' S-oracle go125 TestFlushErrorRecordedWhenSliceIDBecomesReady 1 1 1 0 logs/go125-S-oracle-U3-repeat-04.log
+C03R2 run-c03-r2.sh:255: for iter in 01 02 03 04 05 06 07 08 09 10
+C03R2 run-c03-r2.sh:256: local_log=logs/go125-S-oracle-U3-repeat-05.log
+C03R2 run-c03-r2.sh:257: cd /home/lilingfeng/tmp/juicefs-c03-r2-20260817-183244/src/S-oracle
+C03R2 run-c03-r2.sh:257: env GOTOOLCHAIN=go1.25.7 GOCACHE=/home/lilingfeng/tmp/juicefs-c03-r2-20260817-183244/cache/go-build-125 GOFLAGS=-mod=readonly GOPROXY=https://goproxy.cn,direct GOMODCACHE=/home/lilingfeng/tmp/juicefs-c03-r2-20260817-183244/cache/go-mod GOTMPDIR=/home/lilingfeng/tmp/juicefs-c03-r2-20260817-183244/cache/go-tmp TMPDIR=/home/lilingfeng/tmp/juicefs-c03-r2-20260817-183244/cache/os-tmp go test ./pkg/vfs -run '^TestFlushErrorRecordedWhenSliceIDBecomesReady$' -count=1 -v -timeout=2m
+C03R2 run-c03-r2.sh:257: rc=1
+C03R2 run-c03-r2.sh:258: printf '%s\n' 1
++C03R2 run-c03-r2.sh:259: grep -c 'not.*dispatched' /home/lilingfeng/tmp/juicefs-c03-r2-20260817-183244/logs/go125-S-oracle-U3-repeat-05.log
+C03R2 run-c03-r2.sh:259: mc=1
++C03R2 run-c03-r2.sh:260: grep -c -- '--- FAIL: TestFlushErrorRecordedWhenSliceIDBecomesReady' /home/lilingfeng/tmp/juicefs-c03-r2-20260817-183244/logs/go125-S-oracle-U3-repeat-05.log
+C03R2 run-c03-r2.sh:260: fc=1
+C03R2 run-c03-r2.sh:261: bad=0
+C03R2 run-c03-r2.sh:261: grep -Eq '\[build failed\]|panic:|fatal error:|test timed out|DATA RACE' /home/lilingfeng/tmp/juicefs-c03-r2-20260817-183244/logs/go125-S-oracle-U3-repeat-05.log
+C03R2 run-c03-r2.sh:262: printf '%s\t%s\trepeat10\t%s\t%s\t1\t0\t0\t%s\t%s\t%s\t%s\n' S-oracle go125 TestFlushErrorRecordedWhenSliceIDBecomesReady 1 1 1 0 logs/go125-S-oracle-U3-repeat-05.log
+C03R2 run-c03-r2.sh:255: for iter in 01 02 03 04 05 06 07 08 09 10
+C03R2 run-c03-r2.sh:256: local_log=logs/go125-S-oracle-U3-repeat-06.log
+C03R2 run-c03-r2.sh:257: cd /home/lilingfeng/tmp/juicefs-c03-r2-20260817-183244/src/S-oracle
+C03R2 run-c03-r2.sh:257: env GOTOOLCHAIN=go1.25.7 GOCACHE=/home/lilingfeng/tmp/juicefs-c03-r2-20260817-183244/cache/go-build-125 GOFLAGS=-mod=readonly GOPROXY=https://goproxy.cn,direct GOMODCACHE=/home/lilingfeng/tmp/juicefs-c03-r2-20260817-183244/cache/go-mod GOTMPDIR=/home/lilingfeng/tmp/juicefs-c03-r2-20260817-183244/cache/go-tmp TMPDIR=/home/lilingfeng/tmp/juicefs-c03-r2-20260817-183244/cache/os-tmp go test ./pkg/vfs -run '^TestFlushErrorRecordedWhenSliceIDBecomesReady$' -count=1 -v -timeout=2m
+C03R2 run-c03-r2.sh:257: rc=1
+C03R2 run-c03-r2.sh:258: printf '%s\n' 1
++C03R2 run-c03-r2.sh:259: grep -c 'not.*dispatched' /home/lilingfeng/tmp/juicefs-c03-r2-20260817-183244/logs/go125-S-oracle-U3-repeat-06.log
+C03R2 run-c03-r2.sh:259: mc=1
++C03R2 run-c03-r2.sh:260: grep -c -- '--- FAIL: TestFlushErrorRecordedWhenSliceIDBecomesReady' /home/lilingfeng/tmp/juicefs-c03-r2-20260817-183244/logs/go125-S-oracle-U3-repeat-06.log
+C03R2 run-c03-r2.sh:260: fc=1
+C03R2 run-c03-r2.sh:261: bad=0
+C03R2 run-c03-r2.sh:261: grep -Eq '\[build failed\]|panic:|fatal error:|test timed out|DATA RACE' /home/lilingfeng/tmp/juicefs-c03-r2-20260817-183244/logs/go125-S-oracle-U3-repeat-06.log
+C03R2 run-c03-r2.sh:262: printf '%s\t%s\trepeat10\t%s\t%s\t1\t0\t0\t%s\t%s\t%s\t%s\n' S-oracle go125 TestFlushErrorRecordedWhenSliceIDBecomesReady 1 1 1 0 logs/go125-S-oracle-U3-repeat-06.log
+C03R2 run-c03-r2.sh:255: for iter in 01 02 03 04 05 06 07 08 09 10
+C03R2 run-c03-r2.sh:256: local_log=logs/go125-S-oracle-U3-repeat-07.log
+C03R2 run-c03-r2.sh:257: cd /home/lilingfeng/tmp/juicefs-c03-r2-20260817-183244/src/S-oracle
+C03R2 run-c03-r2.sh:257: env GOTOOLCHAIN=go1.25.7 GOCACHE=/home/lilingfeng/tmp/juicefs-c03-r2-20260817-183244/cache/go-build-125 GOFLAGS=-mod=readonly GOPROXY=https://goproxy.cn,direct GOMODCACHE=/home/lilingfeng/tmp/juicefs-c03-r2-20260817-183244/cache/go-mod GOTMPDIR=/home/lilingfeng/tmp/juicefs-c03-r2-20260817-183244/cache/go-tmp TMPDIR=/home/lilingfeng/tmp/juicefs-c03-r2-20260817-183244/cache/os-tmp go test ./pkg/vfs -run '^TestFlushErrorRecordedWhenSliceIDBecomesReady$' -count=1 -v -timeout=2m
+C03R2 run-c03-r2.sh:257: rc=1
+C03R2 run-c03-r2.sh:258: printf '%s\n' 1
++C03R2 run-c03-r2.sh:259: grep -c 'not.*dispatched' /home/lilingfeng/tmp/juicefs-c03-r2-20260817-183244/logs/go125-S-oracle-U3-repeat-07.log
+C03R2 run-c03-r2.sh:259: mc=1
++C03R2 run-c03-r2.sh:260: grep -c -- '--- FAIL: TestFlushErrorRecordedWhenSliceIDBecomesReady' /home/lilingfeng/tmp/juicefs-c03-r2-20260817-183244/logs/go125-S-oracle-U3-repeat-07.log
+C03R2 run-c03-r2.sh:260: fc=1
+C03R2 run-c03-r2.sh:261: bad=0
+C03R2 run-c03-r2.sh:261: grep -Eq '\[build failed\]|panic:|fatal error:|test timed out|DATA RACE' /home/lilingfeng/tmp/juicefs-c03-r2-20260817-183244/logs/go125-S-oracle-U3-repeat-07.log
+C03R2 run-c03-r2.sh:262: printf '%s\t%s\trepeat10\t%s\t%s\t1\t0\t0\t%s\t%s\t%s\t%s\n' S-oracle go125 TestFlushErrorRecordedWhenSliceIDBecomesReady 1 1 1 0 logs/go125-S-oracle-U3-repeat-07.log
+C03R2 run-c03-r2.sh:255: for iter in 01 02 03 04 05 06 07 08 09 10
+C03R2 run-c03-r2.sh:256: local_log=logs/go125-S-oracle-U3-repeat-08.log
+C03R2 run-c03-r2.sh:257: cd /home/lilingfeng/tmp/juicefs-c03-r2-20260817-183244/src/S-oracle
+C03R2 run-c03-r2.sh:257: env GOTOOLCHAIN=go1.25.7 GOCACHE=/home/lilingfeng/tmp/juicefs-c03-r2-20260817-183244/cache/go-build-125 GOFLAGS=-mod=readonly GOPROXY=https://goproxy.cn,direct GOMODCACHE=/home/lilingfeng/tmp/juicefs-c03-r2-20260817-183244/cache/go-mod GOTMPDIR=/home/lilingfeng/tmp/juicefs-c03-r2-20260817-183244/cache/go-tmp TMPDIR=/home/lilingfeng/tmp/juicefs-c03-r2-20260817-183244/cache/os-tmp go test ./pkg/vfs -run '^TestFlushErrorRecordedWhenSliceIDBecomesReady$' -count=1 -v -timeout=2m
+C03R2 run-c03-r2.sh:257: rc=1
+C03R2 run-c03-r2.sh:258: printf '%s\n' 1
++C03R2 run-c03-r2.sh:259: grep -c 'not.*dispatched' /home/lilingfeng/tmp/juicefs-c03-r2-20260817-183244/logs/go125-S-oracle-U3-repeat-08.log
+C03R2 run-c03-r2.sh:259: mc=1
++C03R2 run-c03-r2.sh:260: grep -c -- '--- FAIL: TestFlushErrorRecordedWhenSliceIDBecomesReady' /home/lilingfeng/tmp/juicefs-c03-r2-20260817-183244/logs/go125-S-oracle-U3-repeat-08.log
+C03R2 run-c03-r2.sh:260: fc=1
+C03R2 run-c03-r2.sh:261: bad=0
+C03R2 run-c03-r2.sh:261: grep -Eq '\[build failed\]|panic:|fatal error:|test timed out|DATA RACE' /home/lilingfeng/tmp/juicefs-c03-r2-20260817-183244/logs/go125-S-oracle-U3-repeat-08.log
+C03R2 run-c03-r2.sh:262: printf '%s\t%s\trepeat10\t%s\t%s\t1\t0\t0\t%s\t%s\t%s\t%s\n' S-oracle go125 TestFlushErrorRecordedWhenSliceIDBecomesReady 1 1 1 0 logs/go125-S-oracle-U3-repeat-08.log
+C03R2 run-c03-r2.sh:255: for iter in 01 02 03 04 05 06 07 08 09 10
+C03R2 run-c03-r2.sh:256: local_log=logs/go125-S-oracle-U3-repeat-09.log
+C03R2 run-c03-r2.sh:257: cd /home/lilingfeng/tmp/juicefs-c03-r2-20260817-183244/src/S-oracle
+C03R2 run-c03-r2.sh:257: env GOTOOLCHAIN=go1.25.7 GOCACHE=/home/lilingfeng/tmp/juicefs-c03-r2-20260817-183244/cache/go-build-125 GOFLAGS=-mod=readonly GOPROXY=https://goproxy.cn,direct GOMODCACHE=/home/lilingfeng/tmp/juicefs-c03-r2-20260817-183244/cache/go-mod GOTMPDIR=/home/lilingfeng/tmp/juicefs-c03-r2-20260817-183244/cache/go-tmp TMPDIR=/home/lilingfeng/tmp/juicefs-c03-r2-20260817-183244/cache/os-tmp go test ./pkg/vfs -run '^TestFlushErrorRecordedWhenSliceIDBecomesReady$' -count=1 -v -timeout=2m
+C03R2 run-c03-r2.sh:257: rc=1
+C03R2 run-c03-r2.sh:258: printf '%s\n' 1
++C03R2 run-c03-r2.sh:259: grep -c 'not.*dispatched' /home/lilingfeng/tmp/juicefs-c03-r2-20260817-183244/logs/go125-S-oracle-U3-repeat-09.log
+C03R2 run-c03-r2.sh:259: mc=1
++C03R2 run-c03-r2.sh:260: grep -c -- '--- FAIL: TestFlushErrorRecordedWhenSliceIDBecomesReady' /home/lilingfeng/tmp/juicefs-c03-r2-20260817-183244/logs/go125-S-oracle-U3-repeat-09.log
+C03R2 run-c03-r2.sh:260: fc=1
+C03R2 run-c03-r2.sh:261: bad=0
+C03R2 run-c03-r2.sh:261: grep -Eq '\[build failed\]|panic:|fatal error:|test timed out|DATA RACE' /home/lilingfeng/tmp/juicefs-c03-r2-20260817-183244/logs/go125-S-oracle-U3-repeat-09.log
+C03R2 run-c03-r2.sh:262: printf '%s\t%s\trepeat10\t%s\t%s\t1\t0\t0\t%s\t%s\t%s\t%s\n' S-oracle go125 TestFlushErrorRecordedWhenSliceIDBecomesReady 1 1 1 0 logs/go125-S-oracle-U3-repeat-09.log
+C03R2 run-c03-r2.sh:255: for iter in 01 02 03 04 05 06 07 08 09 10
+C03R2 run-c03-r2.sh:256: local_log=logs/go125-S-oracle-U3-repeat-10.log
+C03R2 run-c03-r2.sh:257: cd /home/lilingfeng/tmp/juicefs-c03-r2-20260817-183244/src/S-oracle
+C03R2 run-c03-r2.sh:257: env GOTOOLCHAIN=go1.25.7 GOCACHE=/home/lilingfeng/tmp/juicefs-c03-r2-20260817-183244/cache/go-build-125 GOFLAGS=-mod=readonly GOPROXY=https://goproxy.cn,direct GOMODCACHE=/home/lilingfeng/tmp/juicefs-c03-r2-20260817-183244/cache/go-mod GOTMPDIR=/home/lilingfeng/tmp/juicefs-c03-r2-20260817-183244/cache/go-tmp TMPDIR=/home/lilingfeng/tmp/juicefs-c03-r2-20260817-183244/cache/os-tmp go test ./pkg/vfs -run '^TestFlushErrorRecordedWhenSliceIDBecomesReady$' -count=1 -v -timeout=2m
+C03R2 run-c03-r2.sh:257: rc=1
+C03R2 run-c03-r2.sh:258: printf '%s\n' 1
++C03R2 run-c03-r2.sh:259: grep -c 'not.*dispatched' /home/lilingfeng/tmp/juicefs-c03-r2-20260817-183244/logs/go125-S-oracle-U3-repeat-10.log
+C03R2 run-c03-r2.sh:259: mc=1
++C03R2 run-c03-r2.sh:260: grep -c -- '--- FAIL: TestFlushErrorRecordedWhenSliceIDBecomesReady' /home/lilingfeng/tmp/juicefs-c03-r2-20260817-183244/logs/go125-S-oracle-U3-repeat-10.log
+C03R2 run-c03-r2.sh:260: fc=1
+C03R2 run-c03-r2.sh:261: bad=0
+C03R2 run-c03-r2.sh:261: grep -Eq '\[build failed\]|panic:|fatal error:|test timed out|DATA RACE' /home/lilingfeng/tmp/juicefs-c03-r2-20260817-183244/logs/go125-S-oracle-U3-repeat-10.log
+C03R2 run-c03-r2.sh:262: printf '%s\t%s\trepeat10\t%s\t%s\t1\t0\t0\t%s\t%s\t%s\t%s\n' S-oracle go125 TestFlushErrorRecordedWhenSliceIDBecomesReady 1 1 1 0 logs/go125-S-oracle-U3-repeat-10.log
+C03R2 run-c03-r2.sh:248: for TOOL in go125 go126
+C03R2 run-c03-r2.sh:249: '[' go126 = go125 ']'
+C03R2 run-c03-r2.sh:249: TC=local
+C03R2 run-c03-r2.sh:249: BC=/home/lilingfeng/tmp/juicefs-c03-r2-20260817-183244/cache/go-build-126
+C03R2 run-c03-r2.sh:250: run_and_record go126 local /home/lilingfeng/tmp/juicefs-c03-r2-20260817-183244/cache/go-build-126 S-oracle single TestPartialBlockNotDispatchedWhenSliceIDBecomesReady U2
+C03R2 run-c03-r2.sh:215: local tool=go126 tc=local bc=/home/lilingfeng/tmp/juicefs-c03-r2-20260817-183244/cache/go-build-126 arm=S-oracle mode=single test_name=TestPartialBlockNotDispatchedWhenSliceIDBecomesReady
+C03R2 run-c03-r2.sh:216: local id=U2
+C03R2 run-c03-r2.sh:217: local log_rel=logs/go126-S-oracle-U2-single.log
+C03R2 run-c03-r2.sh:218: local rc
+C03R2 run-c03-r2.sh:219: cd /home/lilingfeng/tmp/juicefs-c03-r2-20260817-183244/src/S-oracle
+C03R2 run-c03-r2.sh:219: env GOTOOLCHAIN=local GOCACHE=/home/lilingfeng/tmp/juicefs-c03-r2-20260817-183244/cache/go-build-126 GOFLAGS=-mod=readonly GOPROXY=https://goproxy.cn,direct GOMODCACHE=/home/lilingfeng/tmp/juicefs-c03-r2-20260817-183244/cache/go-mod GOTMPDIR=/home/lilingfeng/tmp/juicefs-c03-r2-20260817-183244/cache/go-tmp TMPDIR=/home/lilingfeng/tmp/juicefs-c03-r2-20260817-183244/cache/os-tmp go test ./pkg/vfs -run '^TestPartialBlockNotDispatchedWhenSliceIDBecomesReady$' -count=1 -v -timeout=2m
+C03R2 run-c03-r2.sh:219: rc=0
+C03R2 run-c03-r2.sh:220: printf '%s\n' 0
++C03R2 run-c03-r2.sh:221: grep -c -- '--- PASS: TestPartialBlockNotDispatchedWhenSliceIDBecomesReady' /home/lilingfeng/tmp/juicefs-c03-r2-20260817-183244/logs/go126-S-oracle-U2-single.log
+C03R2 run-c03-r2.sh:221: local pass=1
++C03R2 run-c03-r2.sh:222: grep -c -- '--- FAIL: TestPartialBlockNotDispatchedWhenSliceIDBecomesReady' /home/lilingfeng/tmp/juicefs-c03-r2-20260817-183244/logs/go126-S-oracle-U2-single.log
++C03R2 run-c03-r2.sh:222: true
+C03R2 run-c03-r2.sh:222: local fail=0
+C03R2 run-c03-r2.sh:223: local bad=0
+C03R2 run-c03-r2.sh:223: grep -Eq '\[build failed\]|panic:|fatal error:|test timed out|DATA RACE|no tests to run' /home/lilingfeng/tmp/juicefs-c03-r2-20260817-183244/logs/go126-S-oracle-U2-single.log
+C03R2 run-c03-r2.sh:224: printf '%s\t%s\tsingle\t%s\t%s\t1\t1\t%s\t%s\t0\t%s\t%s\n' S-oracle go126 TestPartialBlockNotDispatchedWhenSliceIDBecomesReady 0 1 0 0 logs/go126-S-oracle-U2-single.log
+C03R2 run-c03-r2.sh:251: run_and_record go126 local /home/lilingfeng/tmp/juicefs-c03-r2-20260817-183244/cache/go-build-126 S-oracle single TestFullBlockDispatchedWhenSliceIDBecomesReady U1
+C03R2 run-c03-r2.sh:215: local tool=go126 tc=local bc=/home/lilingfeng/tmp/juicefs-c03-r2-20260817-183244/cache/go-build-126 arm=S-oracle mode=single test_name=TestFullBlockDispatchedWhenSliceIDBecomesReady
+C03R2 run-c03-r2.sh:216: local id=U1
+C03R2 run-c03-r2.sh:217: local log_rel=logs/go126-S-oracle-U1-single.log
+C03R2 run-c03-r2.sh:218: local rc
+C03R2 run-c03-r2.sh:219: cd /home/lilingfeng/tmp/juicefs-c03-r2-20260817-183244/src/S-oracle
+C03R2 run-c03-r2.sh:219: env GOTOOLCHAIN=local GOCACHE=/home/lilingfeng/tmp/juicefs-c03-r2-20260817-183244/cache/go-build-126 GOFLAGS=-mod=readonly GOPROXY=https://goproxy.cn,direct GOMODCACHE=/home/lilingfeng/tmp/juicefs-c03-r2-20260817-183244/cache/go-mod GOTMPDIR=/home/lilingfeng/tmp/juicefs-c03-r2-20260817-183244/cache/go-tmp TMPDIR=/home/lilingfeng/tmp/juicefs-c03-r2-20260817-183244/cache/os-tmp go test ./pkg/vfs -run '^TestFullBlockDispatchedWhenSliceIDBecomesReady$' -count=1 -v -timeout=2m
+C03R2 run-c03-r2.sh:219: rc=1
+C03R2 run-c03-r2.sh:220: printf '%s\n' 1
++C03R2 run-c03-r2.sh:221: grep -c -- '--- PASS: TestFullBlockDispatchedWhenSliceIDBecomesReady' /home/lilingfeng/tmp/juicefs-c03-r2-20260817-183244/logs/go126-S-oracle-U1-single.log
++C03R2 run-c03-r2.sh:221: true
+C03R2 run-c03-r2.sh:221: local pass=0
++C03R2 run-c03-r2.sh:222: grep -c -- '--- FAIL: TestFullBlockDispatchedWhenSliceIDBecomesReady' /home/lilingfeng/tmp/juicefs-c03-r2-20260817-183244/logs/go126-S-oracle-U1-single.log
+C03R2 run-c03-r2.sh:222: local fail=1
+C03R2 run-c03-r2.sh:223: local bad=0
+C03R2 run-c03-r2.sh:223: grep -Eq '\[build failed\]|panic:|fatal error:|test timed out|DATA RACE|no tests to run' /home/lilingfeng/tmp/juicefs-c03-r2-20260817-183244/logs/go126-S-oracle-U1-single.log
+C03R2 run-c03-r2.sh:224: printf '%s\t%s\tsingle\t%s\t%s\t1\t1\t%s\t%s\t0\t%s\t%s\n' S-oracle go126 TestFullBlockDispatchedWhenSliceIDBecomesReady 1 0 1 0 logs/go126-S-oracle-U1-single.log
+C03R2 run-c03-r2.sh:252: run_and_record go126 local /home/lilingfeng/tmp/juicefs-c03-r2-20260817-183244/cache/go-build-126 S-oracle single TestFlushErrorRecordedWhenSliceIDBecomesReady U3
+C03R2 run-c03-r2.sh:215: local tool=go126 tc=local bc=/home/lilingfeng/tmp/juicefs-c03-r2-20260817-183244/cache/go-build-126 arm=S-oracle mode=single test_name=TestFlushErrorRecordedWhenSliceIDBecomesReady
+C03R2 run-c03-r2.sh:216: local id=U3
+C03R2 run-c03-r2.sh:217: local log_rel=logs/go126-S-oracle-U3-single.log
+C03R2 run-c03-r2.sh:218: local rc
+C03R2 run-c03-r2.sh:219: cd /home/lilingfeng/tmp/juicefs-c03-r2-20260817-183244/src/S-oracle
+C03R2 run-c03-r2.sh:219: env GOTOOLCHAIN=local GOCACHE=/home/lilingfeng/tmp/juicefs-c03-r2-20260817-183244/cache/go-build-126 GOFLAGS=-mod=readonly GOPROXY=https://goproxy.cn,direct GOMODCACHE=/home/lilingfeng/tmp/juicefs-c03-r2-20260817-183244/cache/go-mod GOTMPDIR=/home/lilingfeng/tmp/juicefs-c03-r2-20260817-183244/cache/go-tmp TMPDIR=/home/lilingfeng/tmp/juicefs-c03-r2-20260817-183244/cache/os-tmp go test ./pkg/vfs -run '^TestFlushErrorRecordedWhenSliceIDBecomesReady$' -count=1 -v -timeout=2m
+C03R2 run-c03-r2.sh:219: rc=1
+C03R2 run-c03-r2.sh:220: printf '%s\n' 1
++C03R2 run-c03-r2.sh:221: grep -c -- '--- PASS: TestFlushErrorRecordedWhenSliceIDBecomesReady' /home/lilingfeng/tmp/juicefs-c03-r2-20260817-183244/logs/go126-S-oracle-U3-single.log
++C03R2 run-c03-r2.sh:221: true
+C03R2 run-c03-r2.sh:221: local pass=0
++C03R2 run-c03-r2.sh:222: grep -c -- '--- FAIL: TestFlushErrorRecordedWhenSliceIDBecomesReady' /home/lilingfeng/tmp/juicefs-c03-r2-20260817-183244/logs/go126-S-oracle-U3-single.log
+C03R2 run-c03-r2.sh:222: local fail=1
+C03R2 run-c03-r2.sh:223: local bad=0
+C03R2 run-c03-r2.sh:223: grep -Eq '\[build failed\]|panic:|fatal error:|test timed out|DATA RACE|no tests to run' /home/lilingfeng/tmp/juicefs-c03-r2-20260817-183244/logs/go126-S-oracle-U3-single.log
+C03R2 run-c03-r2.sh:224: printf '%s\t%s\tsingle\t%s\t%s\t1\t1\t%s\t%s\t0\t%s\t%s\n' S-oracle go126 TestFlushErrorRecordedWhenSliceIDBecomesReady 1 0 1 0 logs/go126-S-oracle-U3-single.log
+C03R2 run-c03-r2.sh:253: for id_tn in "U1:$U1" "U3:$U3"
+C03R2 run-c03-r2.sh:254: id=U1
+C03R2 run-c03-r2.sh:254: tn=TestFullBlockDispatchedWhenSliceIDBecomesReady
+C03R2 run-c03-r2.sh:255: for iter in 01 02 03 04 05 06 07 08 09 10
+C03R2 run-c03-r2.sh:256: local_log=logs/go126-S-oracle-U1-repeat-01.log
+C03R2 run-c03-r2.sh:257: cd /home/lilingfeng/tmp/juicefs-c03-r2-20260817-183244/src/S-oracle
+C03R2 run-c03-r2.sh:257: env GOTOOLCHAIN=local GOCACHE=/home/lilingfeng/tmp/juicefs-c03-r2-20260817-183244/cache/go-build-126 GOFLAGS=-mod=readonly GOPROXY=https://goproxy.cn,direct GOMODCACHE=/home/lilingfeng/tmp/juicefs-c03-r2-20260817-183244/cache/go-mod GOTMPDIR=/home/lilingfeng/tmp/juicefs-c03-r2-20260817-183244/cache/go-tmp TMPDIR=/home/lilingfeng/tmp/juicefs-c03-r2-20260817-183244/cache/os-tmp go test ./pkg/vfs -run '^TestFullBlockDispatchedWhenSliceIDBecomesReady$' -count=1 -v -timeout=2m
+C03R2 run-c03-r2.sh:257: rc=1
+C03R2 run-c03-r2.sh:258: printf '%s\n' 1
++C03R2 run-c03-r2.sh:259: grep -c 'not.*dispatched' /home/lilingfeng/tmp/juicefs-c03-r2-20260817-183244/logs/go126-S-oracle-U1-repeat-01.log
+C03R2 run-c03-r2.sh:259: mc=1
++C03R2 run-c03-r2.sh:260: grep -c -- '--- FAIL: TestFullBlockDispatchedWhenSliceIDBecomesReady' /home/lilingfeng/tmp/juicefs-c03-r2-20260817-183244/logs/go126-S-oracle-U1-repeat-01.log
+C03R2 run-c03-r2.sh:260: fc=1
+C03R2 run-c03-r2.sh:261: bad=0
+C03R2 run-c03-r2.sh:261: grep -Eq '\[build failed\]|panic:|fatal error:|test timed out|DATA RACE' /home/lilingfeng/tmp/juicefs-c03-r2-20260817-183244/logs/go126-S-oracle-U1-repeat-01.log
+C03R2 run-c03-r2.sh:262: printf '%s\t%s\trepeat10\t%s\t%s\t1\t0\t0\t%s\t%s\t%s\t%s\n' S-oracle go126 TestFullBlockDispatchedWhenSliceIDBecomesReady 1 1 1 0 logs/go126-S-oracle-U1-repeat-01.log
+C03R2 run-c03-r2.sh:255: for iter in 01 02 03 04 05 06 07 08 09 10
+C03R2 run-c03-r2.sh:256: local_log=logs/go126-S-oracle-U1-repeat-02.log
+C03R2 run-c03-r2.sh:257: cd /home/lilingfeng/tmp/juicefs-c03-r2-20260817-183244/src/S-oracle
+C03R2 run-c03-r2.sh:257: env GOTOOLCHAIN=local GOCACHE=/home/lilingfeng/tmp/juicefs-c03-r2-20260817-183244/cache/go-build-126 GOFLAGS=-mod=readonly GOPROXY=https://goproxy.cn,direct GOMODCACHE=/home/lilingfeng/tmp/juicefs-c03-r2-20260817-183244/cache/go-mod GOTMPDIR=/home/lilingfeng/tmp/juicefs-c03-r2-20260817-183244/cache/go-tmp TMPDIR=/home/lilingfeng/tmp/juicefs-c03-r2-20260817-183244/cache/os-tmp go test ./pkg/vfs -run '^TestFullBlockDispatchedWhenSliceIDBecomesReady$' -count=1 -v -timeout=2m
+C03R2 run-c03-r2.sh:257: rc=1
+C03R2 run-c03-r2.sh:258: printf '%s\n' 1
++C03R2 run-c03-r2.sh:259: grep -c 'not.*dispatched' /home/lilingfeng/tmp/juicefs-c03-r2-20260817-183244/logs/go126-S-oracle-U1-repeat-02.log
+C03R2 run-c03-r2.sh:259: mc=1
++C03R2 run-c03-r2.sh:260: grep -c -- '--- FAIL: TestFullBlockDispatchedWhenSliceIDBecomesReady' /home/lilingfeng/tmp/juicefs-c03-r2-20260817-183244/logs/go126-S-oracle-U1-repeat-02.log
+C03R2 run-c03-r2.sh:260: fc=1
+C03R2 run-c03-r2.sh:261: bad=0
+C03R2 run-c03-r2.sh:261: grep -Eq '\[build failed\]|panic:|fatal error:|test timed out|DATA RACE' /home/lilingfeng/tmp/juicefs-c03-r2-20260817-183244/logs/go126-S-oracle-U1-repeat-02.log
+C03R2 run-c03-r2.sh:262: printf '%s\t%s\trepeat10\t%s\t%s\t1\t0\t0\t%s\t%s\t%s\t%s\n' S-oracle go126 TestFullBlockDispatchedWhenSliceIDBecomesReady 1 1 1 0 logs/go126-S-oracle-U1-repeat-02.log
+C03R2 run-c03-r2.sh:255: for iter in 01 02 03 04 05 06 07 08 09 10
+C03R2 run-c03-r2.sh:256: local_log=logs/go126-S-oracle-U1-repeat-03.log
+C03R2 run-c03-r2.sh:257: cd /home/lilingfeng/tmp/juicefs-c03-r2-20260817-183244/src/S-oracle
+C03R2 run-c03-r2.sh:257: env GOTOOLCHAIN=local GOCACHE=/home/lilingfeng/tmp/juicefs-c03-r2-20260817-183244/cache/go-build-126 GOFLAGS=-mod=readonly GOPROXY=https://goproxy.cn,direct GOMODCACHE=/home/lilingfeng/tmp/juicefs-c03-r2-20260817-183244/cache/go-mod GOTMPDIR=/home/lilingfeng/tmp/juicefs-c03-r2-20260817-183244/cache/go-tmp TMPDIR=/home/lilingfeng/tmp/juicefs-c03-r2-20260817-183244/cache/os-tmp go test ./pkg/vfs -run '^TestFullBlockDispatchedWhenSliceIDBecomesReady$' -count=1 -v -timeout=2m
+C03R2 run-c03-r2.sh:257: rc=1
+C03R2 run-c03-r2.sh:258: printf '%s\n' 1
++C03R2 run-c03-r2.sh:259: grep -c 'not.*dispatched' /home/lilingfeng/tmp/juicefs-c03-r2-20260817-183244/logs/go126-S-oracle-U1-repeat-03.log
+C03R2 run-c03-r2.sh:259: mc=1
++C03R2 run-c03-r2.sh:260: grep -c -- '--- FAIL: TestFullBlockDispatchedWhenSliceIDBecomesReady' /home/lilingfeng/tmp/juicefs-c03-r2-20260817-183244/logs/go126-S-oracle-U1-repeat-03.log
+C03R2 run-c03-r2.sh:260: fc=1
+C03R2 run-c03-r2.sh:261: bad=0
+C03R2 run-c03-r2.sh:261: grep -Eq '\[build failed\]|panic:|fatal error:|test timed out|DATA RACE' /home/lilingfeng/tmp/juicefs-c03-r2-20260817-183244/logs/go126-S-oracle-U1-repeat-03.log
+C03R2 run-c03-r2.sh:262: printf '%s\t%s\trepeat10\t%s\t%s\t1\t0\t0\t%s\t%s\t%s\t%s\n' S-oracle go126 TestFullBlockDispatchedWhenSliceIDBecomesReady 1 1 1 0 logs/go126-S-oracle-U1-repeat-03.log
+C03R2 run-c03-r2.sh:255: for iter in 01 02 03 04 05 06 07 08 09 10
+C03R2 run-c03-r2.sh:256: local_log=logs/go126-S-oracle-U1-repeat-04.log
+C03R2 run-c03-r2.sh:257: cd /home/lilingfeng/tmp/juicefs-c03-r2-20260817-183244/src/S-oracle
+C03R2 run-c03-r2.sh:257: env GOTOOLCHAIN=local GOCACHE=/home/lilingfeng/tmp/juicefs-c03-r2-20260817-183244/cache/go-build-126 GOFLAGS=-mod=readonly GOPROXY=https://goproxy.cn,direct GOMODCACHE=/home/lilingfeng/tmp/juicefs-c03-r2-20260817-183244/cache/go-mod GOTMPDIR=/home/lilingfeng/tmp/juicefs-c03-r2-20260817-183244/cache/go-tmp TMPDIR=/home/lilingfeng/tmp/juicefs-c03-r2-20260817-183244/cache/os-tmp go test ./pkg/vfs -run '^TestFullBlockDispatchedWhenSliceIDBecomesReady$' -count=1 -v -timeout=2m
+C03R2 run-c03-r2.sh:257: rc=1
+C03R2 run-c03-r2.sh:258: printf '%s\n' 1
++C03R2 run-c03-r2.sh:259: grep -c 'not.*dispatched' /home/lilingfeng/tmp/juicefs-c03-r2-20260817-183244/logs/go126-S-oracle-U1-repeat-04.log
+C03R2 run-c03-r2.sh:259: mc=1
++C03R2 run-c03-r2.sh:260: grep -c -- '--- FAIL: TestFullBlockDispatchedWhenSliceIDBecomesReady' /home/lilingfeng/tmp/juicefs-c03-r2-20260817-183244/logs/go126-S-oracle-U1-repeat-04.log
+C03R2 run-c03-r2.sh:260: fc=1
+C03R2 run-c03-r2.sh:261: bad=0
+C03R2 run-c03-r2.sh:261: grep -Eq '\[build failed\]|panic:|fatal error:|test timed out|DATA RACE' /home/lilingfeng/tmp/juicefs-c03-r2-20260817-183244/logs/go126-S-oracle-U1-repeat-04.log
+C03R2 run-c03-r2.sh:262: printf '%s\t%s\trepeat10\t%s\t%s\t1\t0\t0\t%s\t%s\t%s\t%s\n' S-oracle go126 TestFullBlockDispatchedWhenSliceIDBecomesReady 1 1 1 0 logs/go126-S-oracle-U1-repeat-04.log
+C03R2 run-c03-r2.sh:255: for iter in 01 02 03 04 05 06 07 08 09 10
+C03R2 run-c03-r2.sh:256: local_log=logs/go126-S-oracle-U1-repeat-05.log
+C03R2 run-c03-r2.sh:257: cd /home/lilingfeng/tmp/juicefs-c03-r2-20260817-183244/src/S-oracle
+C03R2 run-c03-r2.sh:257: env GOTOOLCHAIN=local GOCACHE=/home/lilingfeng/tmp/juicefs-c03-r2-20260817-183244/cache/go-build-126 GOFLAGS=-mod=readonly GOPROXY=https://goproxy.cn,direct GOMODCACHE=/home/lilingfeng/tmp/juicefs-c03-r2-20260817-183244/cache/go-mod GOTMPDIR=/home/lilingfeng/tmp/juicefs-c03-r2-20260817-183244/cache/go-tmp TMPDIR=/home/lilingfeng/tmp/juicefs-c03-r2-20260817-183244/cache/os-tmp go test ./pkg/vfs -run '^TestFullBlockDispatchedWhenSliceIDBecomesReady$' -count=1 -v -timeout=2m
+C03R2 run-c03-r2.sh:257: rc=1
+C03R2 run-c03-r2.sh:258: printf '%s\n' 1
++C03R2 run-c03-r2.sh:259: grep -c 'not.*dispatched' /home/lilingfeng/tmp/juicefs-c03-r2-20260817-183244/logs/go126-S-oracle-U1-repeat-05.log
+C03R2 run-c03-r2.sh:259: mc=1
++C03R2 run-c03-r2.sh:260: grep -c -- '--- FAIL: TestFullBlockDispatchedWhenSliceIDBecomesReady' /home/lilingfeng/tmp/juicefs-c03-r2-20260817-183244/logs/go126-S-oracle-U1-repeat-05.log
+C03R2 run-c03-r2.sh:260: fc=1
+C03R2 run-c03-r2.sh:261: bad=0
+C03R2 run-c03-r2.sh:261: grep -Eq '\[build failed\]|panic:|fatal error:|test timed out|DATA RACE' /home/lilingfeng/tmp/juicefs-c03-r2-20260817-183244/logs/go126-S-oracle-U1-repeat-05.log
+C03R2 run-c03-r2.sh:262: printf '%s\t%s\trepeat10\t%s\t%s\t1\t0\t0\t%s\t%s\t%s\t%s\n' S-oracle go126 TestFullBlockDispatchedWhenSliceIDBecomesReady 1 1 1 0 logs/go126-S-oracle-U1-repeat-05.log
+C03R2 run-c03-r2.sh:255: for iter in 01 02 03 04 05 06 07 08 09 10
+C03R2 run-c03-r2.sh:256: local_log=logs/go126-S-oracle-U1-repeat-06.log
+C03R2 run-c03-r2.sh:257: cd /home/lilingfeng/tmp/juicefs-c03-r2-20260817-183244/src/S-oracle
+C03R2 run-c03-r2.sh:257: env GOTOOLCHAIN=local GOCACHE=/home/lilingfeng/tmp/juicefs-c03-r2-20260817-183244/cache/go-build-126 GOFLAGS=-mod=readonly GOPROXY=https://goproxy.cn,direct GOMODCACHE=/home/lilingfeng/tmp/juicefs-c03-r2-20260817-183244/cache/go-mod GOTMPDIR=/home/lilingfeng/tmp/juicefs-c03-r2-20260817-183244/cache/go-tmp TMPDIR=/home/lilingfeng/tmp/juicefs-c03-r2-20260817-183244/cache/os-tmp go test ./pkg/vfs -run '^TestFullBlockDispatchedWhenSliceIDBecomesReady$' -count=1 -v -timeout=2m
+C03R2 run-c03-r2.sh:257: rc=1
+C03R2 run-c03-r2.sh:258: printf '%s\n' 1
++C03R2 run-c03-r2.sh:259: grep -c 'not.*dispatched' /home/lilingfeng/tmp/juicefs-c03-r2-20260817-183244/logs/go126-S-oracle-U1-repeat-06.log
+C03R2 run-c03-r2.sh:259: mc=1
++C03R2 run-c03-r2.sh:260: grep -c -- '--- FAIL: TestFullBlockDispatchedWhenSliceIDBecomesReady' /home/lilingfeng/tmp/juicefs-c03-r2-20260817-183244/logs/go126-S-oracle-U1-repeat-06.log
+C03R2 run-c03-r2.sh:260: fc=1
+C03R2 run-c03-r2.sh:261: bad=0
+C03R2 run-c03-r2.sh:261: grep -Eq '\[build failed\]|panic:|fatal error:|test timed out|DATA RACE' /home/lilingfeng/tmp/juicefs-c03-r2-20260817-183244/logs/go126-S-oracle-U1-repeat-06.log
+C03R2 run-c03-r2.sh:262: printf '%s\t%s\trepeat10\t%s\t%s\t1\t0\t0\t%s\t%s\t%s\t%s\n' S-oracle go126 TestFullBlockDispatchedWhenSliceIDBecomesReady 1 1 1 0 logs/go126-S-oracle-U1-repeat-06.log
+C03R2 run-c03-r2.sh:255: for iter in 01 02 03 04 05 06 07 08 09 10
+C03R2 run-c03-r2.sh:256: local_log=logs/go126-S-oracle-U1-repeat-07.log
+C03R2 run-c03-r2.sh:257: cd /home/lilingfeng/tmp/juicefs-c03-r2-20260817-183244/src/S-oracle
+C03R2 run-c03-r2.sh:257: env GOTOOLCHAIN=local GOCACHE=/home/lilingfeng/tmp/juicefs-c03-r2-20260817-183244/cache/go-build-126 GOFLAGS=-mod=readonly GOPROXY=https://goproxy.cn,direct GOMODCACHE=/home/lilingfeng/tmp/juicefs-c03-r2-20260817-183244/cache/go-mod GOTMPDIR=/home/lilingfeng/tmp/juicefs-c03-r2-20260817-183244/cache/go-tmp TMPDIR=/home/lilingfeng/tmp/juicefs-c03-r2-20260817-183244/cache/os-tmp go test ./pkg/vfs -run '^TestFullBlockDispatchedWhenSliceIDBecomesReady$' -count=1 -v -timeout=2m
+C03R2 run-c03-r2.sh:257: rc=1
+C03R2 run-c03-r2.sh:258: printf '%s\n' 1
++C03R2 run-c03-r2.sh:259: grep -c 'not.*dispatched' /home/lilingfeng/tmp/juicefs-c03-r2-20260817-183244/logs/go126-S-oracle-U1-repeat-07.log
+C03R2 run-c03-r2.sh:259: mc=1
++C03R2 run-c03-r2.sh:260: grep -c -- '--- FAIL: TestFullBlockDispatchedWhenSliceIDBecomesReady' /home/lilingfeng/tmp/juicefs-c03-r2-20260817-183244/logs/go126-S-oracle-U1-repeat-07.log
+C03R2 run-c03-r2.sh:260: fc=1
+C03R2 run-c03-r2.sh:261: bad=0
+C03R2 run-c03-r2.sh:261: grep -Eq '\[build failed\]|panic:|fatal error:|test timed out|DATA RACE' /home/lilingfeng/tmp/juicefs-c03-r2-20260817-183244/logs/go126-S-oracle-U1-repeat-07.log
+C03R2 run-c03-r2.sh:262: printf '%s\t%s\trepeat10\t%s\t%s\t1\t0\t0\t%s\t%s\t%s\t%s\n' S-oracle go126 TestFullBlockDispatchedWhenSliceIDBecomesReady 1 1 1 0 logs/go126-S-oracle-U1-repeat-07.log
+C03R2 run-c03-r2.sh:255: for iter in 01 02 03 04 05 06 07 08 09 10
+C03R2 run-c03-r2.sh:256: local_log=logs/go126-S-oracle-U1-repeat-08.log
+C03R2 run-c03-r2.sh:257: cd /home/lilingfeng/tmp/juicefs-c03-r2-20260817-183244/src/S-oracle
+C03R2 run-c03-r2.sh:257: env GOTOOLCHAIN=local GOCACHE=/home/lilingfeng/tmp/juicefs-c03-r2-20260817-183244/cache/go-build-126 GOFLAGS=-mod=readonly GOPROXY=https://goproxy.cn,direct GOMODCACHE=/home/lilingfeng/tmp/juicefs-c03-r2-20260817-183244/cache/go-mod GOTMPDIR=/home/lilingfeng/tmp/juicefs-c03-r2-20260817-183244/cache/go-tmp TMPDIR=/home/lilingfeng/tmp/juicefs-c03-r2-20260817-183244/cache/os-tmp go test ./pkg/vfs -run '^TestFullBlockDispatchedWhenSliceIDBecomesReady$' -count=1 -v -timeout=2m
+C03R2 run-c03-r2.sh:257: rc=1
+C03R2 run-c03-r2.sh:258: printf '%s\n' 1
++C03R2 run-c03-r2.sh:259: grep -c 'not.*dispatched' /home/lilingfeng/tmp/juicefs-c03-r2-20260817-183244/logs/go126-S-oracle-U1-repeat-08.log
+C03R2 run-c03-r2.sh:259: mc=1
++C03R2 run-c03-r2.sh:260: grep -c -- '--- FAIL: TestFullBlockDispatchedWhenSliceIDBecomesReady' /home/lilingfeng/tmp/juicefs-c03-r2-20260817-183244/logs/go126-S-oracle-U1-repeat-08.log
+C03R2 run-c03-r2.sh:260: fc=1
+C03R2 run-c03-r2.sh:261: bad=0
+C03R2 run-c03-r2.sh:261: grep -Eq '\[build failed\]|panic:|fatal error:|test timed out|DATA RACE' /home/lilingfeng/tmp/juicefs-c03-r2-20260817-183244/logs/go126-S-oracle-U1-repeat-08.log
+C03R2 run-c03-r2.sh:262: printf '%s\t%s\trepeat10\t%s\t%s\t1\t0\t0\t%s\t%s\t%s\t%s\n' S-oracle go126 TestFullBlockDispatchedWhenSliceIDBecomesReady 1 1 1 0 logs/go126-S-oracle-U1-repeat-08.log
+C03R2 run-c03-r2.sh:255: for iter in 01 02 03 04 05 06 07 08 09 10
+C03R2 run-c03-r2.sh:256: local_log=logs/go126-S-oracle-U1-repeat-09.log
+C03R2 run-c03-r2.sh:257: cd /home/lilingfeng/tmp/juicefs-c03-r2-20260817-183244/src/S-oracle
+C03R2 run-c03-r2.sh:257: env GOTOOLCHAIN=local GOCACHE=/home/lilingfeng/tmp/juicefs-c03-r2-20260817-183244/cache/go-build-126 GOFLAGS=-mod=readonly GOPROXY=https://goproxy.cn,direct GOMODCACHE=/home/lilingfeng/tmp/juicefs-c03-r2-20260817-183244/cache/go-mod GOTMPDIR=/home/lilingfeng/tmp/juicefs-c03-r2-20260817-183244/cache/go-tmp TMPDIR=/home/lilingfeng/tmp/juicefs-c03-r2-20260817-183244/cache/os-tmp go test ./pkg/vfs -run '^TestFullBlockDispatchedWhenSliceIDBecomesReady$' -count=1 -v -timeout=2m
+C03R2 run-c03-r2.sh:257: rc=1
+C03R2 run-c03-r2.sh:258: printf '%s\n' 1
++C03R2 run-c03-r2.sh:259: grep -c 'not.*dispatched' /home/lilingfeng/tmp/juicefs-c03-r2-20260817-183244/logs/go126-S-oracle-U1-repeat-09.log
+C03R2 run-c03-r2.sh:259: mc=1
++C03R2 run-c03-r2.sh:260: grep -c -- '--- FAIL: TestFullBlockDispatchedWhenSliceIDBecomesReady' /home/lilingfeng/tmp/juicefs-c03-r2-20260817-183244/logs/go126-S-oracle-U1-repeat-09.log
+C03R2 run-c03-r2.sh:260: fc=1
+C03R2 run-c03-r2.sh:261: bad=0
+C03R2 run-c03-r2.sh:261: grep -Eq '\[build failed\]|panic:|fatal error:|test timed out|DATA RACE' /home/lilingfeng/tmp/juicefs-c03-r2-20260817-183244/logs/go126-S-oracle-U1-repeat-09.log
+C03R2 run-c03-r2.sh:262: printf '%s\t%s\trepeat10\t%s\t%s\t1\t0\t0\t%s\t%s\t%s\t%s\n' S-oracle go126 TestFullBlockDispatchedWhenSliceIDBecomesReady 1 1 1 0 logs/go126-S-oracle-U1-repeat-09.log
+C03R2 run-c03-r2.sh:255: for iter in 01 02 03 04 05 06 07 08 09 10
+C03R2 run-c03-r2.sh:256: local_log=logs/go126-S-oracle-U1-repeat-10.log
+C03R2 run-c03-r2.sh:257: cd /home/lilingfeng/tmp/juicefs-c03-r2-20260817-183244/src/S-oracle
+C03R2 run-c03-r2.sh:257: env GOTOOLCHAIN=local GOCACHE=/home/lilingfeng/tmp/juicefs-c03-r2-20260817-183244/cache/go-build-126 GOFLAGS=-mod=readonly GOPROXY=https://goproxy.cn,direct GOMODCACHE=/home/lilingfeng/tmp/juicefs-c03-r2-20260817-183244/cache/go-mod GOTMPDIR=/home/lilingfeng/tmp/juicefs-c03-r2-20260817-183244/cache/go-tmp TMPDIR=/home/lilingfeng/tmp/juicefs-c03-r2-20260817-183244/cache/os-tmp go test ./pkg/vfs -run '^TestFullBlockDispatchedWhenSliceIDBecomesReady$' -count=1 -v -timeout=2m
+C03R2 run-c03-r2.sh:257: rc=1
+C03R2 run-c03-r2.sh:258: printf '%s\n' 1
++C03R2 run-c03-r2.sh:259: grep -c 'not.*dispatched' /home/lilingfeng/tmp/juicefs-c03-r2-20260817-183244/logs/go126-S-oracle-U1-repeat-10.log
+C03R2 run-c03-r2.sh:259: mc=1
++C03R2 run-c03-r2.sh:260: grep -c -- '--- FAIL: TestFullBlockDispatchedWhenSliceIDBecomesReady' /home/lilingfeng/tmp/juicefs-c03-r2-20260817-183244/logs/go126-S-oracle-U1-repeat-10.log
+C03R2 run-c03-r2.sh:260: fc=1
+C03R2 run-c03-r2.sh:261: bad=0
+C03R2 run-c03-r2.sh:261: grep -Eq '\[build failed\]|panic:|fatal error:|test timed out|DATA RACE' /home/lilingfeng/tmp/juicefs-c03-r2-20260817-183244/logs/go126-S-oracle-U1-repeat-10.log
+C03R2 run-c03-r2.sh:262: printf '%s\t%s\trepeat10\t%s\t%s\t1\t0\t0\t%s\t%s\t%s\t%s\n' S-oracle go126 TestFullBlockDispatchedWhenSliceIDBecomesReady 1 1 1 0 logs/go126-S-oracle-U1-repeat-10.log
+C03R2 run-c03-r2.sh:253: for id_tn in "U1:$U1" "U3:$U3"
+C03R2 run-c03-r2.sh:254: id=U3
+C03R2 run-c03-r2.sh:254: tn=TestFlushErrorRecordedWhenSliceIDBecomesReady
+C03R2 run-c03-r2.sh:255: for iter in 01 02 03 04 05 06 07 08 09 10
+C03R2 run-c03-r2.sh:256: local_log=logs/go126-S-oracle-U3-repeat-01.log
+C03R2 run-c03-r2.sh:257: cd /home/lilingfeng/tmp/juicefs-c03-r2-20260817-183244/src/S-oracle
+C03R2 run-c03-r2.sh:257: env GOTOOLCHAIN=local GOCACHE=/home/lilingfeng/tmp/juicefs-c03-r2-20260817-183244/cache/go-build-126 GOFLAGS=-mod=readonly GOPROXY=https://goproxy.cn,direct GOMODCACHE=/home/lilingfeng/tmp/juicefs-c03-r2-20260817-183244/cache/go-mod GOTMPDIR=/home/lilingfeng/tmp/juicefs-c03-r2-20260817-183244/cache/go-tmp TMPDIR=/home/lilingfeng/tmp/juicefs-c03-r2-20260817-183244/cache/os-tmp go test ./pkg/vfs -run '^TestFlushErrorRecordedWhenSliceIDBecomesReady$' -count=1 -v -timeout=2m
+C03R2 run-c03-r2.sh:257: rc=1
+C03R2 run-c03-r2.sh:258: printf '%s\n' 1
++C03R2 run-c03-r2.sh:259: grep -c 'not.*dispatched' /home/lilingfeng/tmp/juicefs-c03-r2-20260817-183244/logs/go126-S-oracle-U3-repeat-01.log
+C03R2 run-c03-r2.sh:259: mc=1
++C03R2 run-c03-r2.sh:260: grep -c -- '--- FAIL: TestFlushErrorRecordedWhenSliceIDBecomesReady' /home/lilingfeng/tmp/juicefs-c03-r2-20260817-183244/logs/go126-S-oracle-U3-repeat-01.log
+C03R2 run-c03-r2.sh:260: fc=1
+C03R2 run-c03-r2.sh:261: bad=0
+C03R2 run-c03-r2.sh:261: grep -Eq '\[build failed\]|panic:|fatal error:|test timed out|DATA RACE' /home/lilingfeng/tmp/juicefs-c03-r2-20260817-183244/logs/go126-S-oracle-U3-repeat-01.log
+C03R2 run-c03-r2.sh:262: printf '%s\t%s\trepeat10\t%s\t%s\t1\t0\t0\t%s\t%s\t%s\t%s\n' S-oracle go126 TestFlushErrorRecordedWhenSliceIDBecomesReady 1 1 1 0 logs/go126-S-oracle-U3-repeat-01.log
+C03R2 run-c03-r2.sh:255: for iter in 01 02 03 04 05 06 07 08 09 10
+C03R2 run-c03-r2.sh:256: local_log=logs/go126-S-oracle-U3-repeat-02.log
+C03R2 run-c03-r2.sh:257: cd /home/lilingfeng/tmp/juicefs-c03-r2-20260817-183244/src/S-oracle
+C03R2 run-c03-r2.sh:257: env GOTOOLCHAIN=local GOCACHE=/home/lilingfeng/tmp/juicefs-c03-r2-20260817-183244/cache/go-build-126 GOFLAGS=-mod=readonly GOPROXY=https://goproxy.cn,direct GOMODCACHE=/home/lilingfeng/tmp/juicefs-c03-r2-20260817-183244/cache/go-mod GOTMPDIR=/home/lilingfeng/tmp/juicefs-c03-r2-20260817-183244/cache/go-tmp TMPDIR=/home/lilingfeng/tmp/juicefs-c03-r2-20260817-183244/cache/os-tmp go test ./pkg/vfs -run '^TestFlushErrorRecordedWhenSliceIDBecomesReady$' -count=1 -v -timeout=2m
+C03R2 run-c03-r2.sh:257: rc=1
+C03R2 run-c03-r2.sh:258: printf '%s\n' 1
++C03R2 run-c03-r2.sh:259: grep -c 'not.*dispatched' /home/lilingfeng/tmp/juicefs-c03-r2-20260817-183244/logs/go126-S-oracle-U3-repeat-02.log
+C03R2 run-c03-r2.sh:259: mc=1
++C03R2 run-c03-r2.sh:260: grep -c -- '--- FAIL: TestFlushErrorRecordedWhenSliceIDBecomesReady' /home/lilingfeng/tmp/juicefs-c03-r2-20260817-183244/logs/go126-S-oracle-U3-repeat-02.log
+C03R2 run-c03-r2.sh:260: fc=1
+C03R2 run-c03-r2.sh:261: bad=0
+C03R2 run-c03-r2.sh:261: grep -Eq '\[build failed\]|panic:|fatal error:|test timed out|DATA RACE' /home/lilingfeng/tmp/juicefs-c03-r2-20260817-183244/logs/go126-S-oracle-U3-repeat-02.log
+C03R2 run-c03-r2.sh:262: printf '%s\t%s\trepeat10\t%s\t%s\t1\t0\t0\t%s\t%s\t%s\t%s\n' S-oracle go126 TestFlushErrorRecordedWhenSliceIDBecomesReady 1 1 1 0 logs/go126-S-oracle-U3-repeat-02.log
+C03R2 run-c03-r2.sh:255: for iter in 01 02 03 04 05 06 07 08 09 10
+C03R2 run-c03-r2.sh:256: local_log=logs/go126-S-oracle-U3-repeat-03.log
+C03R2 run-c03-r2.sh:257: cd /home/lilingfeng/tmp/juicefs-c03-r2-20260817-183244/src/S-oracle
+C03R2 run-c03-r2.sh:257: env GOTOOLCHAIN=local GOCACHE=/home/lilingfeng/tmp/juicefs-c03-r2-20260817-183244/cache/go-build-126 GOFLAGS=-mod=readonly GOPROXY=https://goproxy.cn,direct GOMODCACHE=/home/lilingfeng/tmp/juicefs-c03-r2-20260817-183244/cache/go-mod GOTMPDIR=/home/lilingfeng/tmp/juicefs-c03-r2-20260817-183244/cache/go-tmp TMPDIR=/home/lilingfeng/tmp/juicefs-c03-r2-20260817-183244/cache/os-tmp go test ./pkg/vfs -run '^TestFlushErrorRecordedWhenSliceIDBecomesReady$' -count=1 -v -timeout=2m
+C03R2 run-c03-r2.sh:257: rc=1
+C03R2 run-c03-r2.sh:258: printf '%s\n' 1
++C03R2 run-c03-r2.sh:259: grep -c 'not.*dispatched' /home/lilingfeng/tmp/juicefs-c03-r2-20260817-183244/logs/go126-S-oracle-U3-repeat-03.log
+C03R2 run-c03-r2.sh:259: mc=1
++C03R2 run-c03-r2.sh:260: grep -c -- '--- FAIL: TestFlushErrorRecordedWhenSliceIDBecomesReady' /home/lilingfeng/tmp/juicefs-c03-r2-20260817-183244/logs/go126-S-oracle-U3-repeat-03.log
+C03R2 run-c03-r2.sh:260: fc=1
+C03R2 run-c03-r2.sh:261: bad=0
+C03R2 run-c03-r2.sh:261: grep -Eq '\[build failed\]|panic:|fatal error:|test timed out|DATA RACE' /home/lilingfeng/tmp/juicefs-c03-r2-20260817-183244/logs/go126-S-oracle-U3-repeat-03.log
+C03R2 run-c03-r2.sh:262: printf '%s\t%s\trepeat10\t%s\t%s\t1\t0\t0\t%s\t%s\t%s\t%s\n' S-oracle go126 TestFlushErrorRecordedWhenSliceIDBecomesReady 1 1 1 0 logs/go126-S-oracle-U3-repeat-03.log
+C03R2 run-c03-r2.sh:255: for iter in 01 02 03 04 05 06 07 08 09 10
+C03R2 run-c03-r2.sh:256: local_log=logs/go126-S-oracle-U3-repeat-04.log
+C03R2 run-c03-r2.sh:257: cd /home/lilingfeng/tmp/juicefs-c03-r2-20260817-183244/src/S-oracle
+C03R2 run-c03-r2.sh:257: env GOTOOLCHAIN=local GOCACHE=/home/lilingfeng/tmp/juicefs-c03-r2-20260817-183244/cache/go-build-126 GOFLAGS=-mod=readonly GOPROXY=https://goproxy.cn,direct GOMODCACHE=/home/lilingfeng/tmp/juicefs-c03-r2-20260817-183244/cache/go-mod GOTMPDIR=/home/lilingfeng/tmp/juicefs-c03-r2-20260817-183244/cache/go-tmp TMPDIR=/home/lilingfeng/tmp/juicefs-c03-r2-20260817-183244/cache/os-tmp go test ./pkg/vfs -run '^TestFlushErrorRecordedWhenSliceIDBecomesReady$' -count=1 -v -timeout=2m
+C03R2 run-c03-r2.sh:257: rc=1
+C03R2 run-c03-r2.sh:258: printf '%s\n' 1
++C03R2 run-c03-r2.sh:259: grep -c 'not.*dispatched' /home/lilingfeng/tmp/juicefs-c03-r2-20260817-183244/logs/go126-S-oracle-U3-repeat-04.log
+C03R2 run-c03-r2.sh:259: mc=1
++C03R2 run-c03-r2.sh:260: grep -c -- '--- FAIL: TestFlushErrorRecordedWhenSliceIDBecomesReady' /home/lilingfeng/tmp/juicefs-c03-r2-20260817-183244/logs/go126-S-oracle-U3-repeat-04.log
+C03R2 run-c03-r2.sh:260: fc=1
+C03R2 run-c03-r2.sh:261: bad=0
+C03R2 run-c03-r2.sh:261: grep -Eq '\[build failed\]|panic:|fatal error:|test timed out|DATA RACE' /home/lilingfeng/tmp/juicefs-c03-r2-20260817-183244/logs/go126-S-oracle-U3-repeat-04.log
+C03R2 run-c03-r2.sh:262: printf '%s\t%s\trepeat10\t%s\t%s\t1\t0\t0\t%s\t%s\t%s\t%s\n' S-oracle go126 TestFlushErrorRecordedWhenSliceIDBecomesReady 1 1 1 0 logs/go126-S-oracle-U3-repeat-04.log
+C03R2 run-c03-r2.sh:255: for iter in 01 02 03 04 05 06 07 08 09 10
+C03R2 run-c03-r2.sh:256: local_log=logs/go126-S-oracle-U3-repeat-05.log
+C03R2 run-c03-r2.sh:257: cd /home/lilingfeng/tmp/juicefs-c03-r2-20260817-183244/src/S-oracle
+C03R2 run-c03-r2.sh:257: env GOTOOLCHAIN=local GOCACHE=/home/lilingfeng/tmp/juicefs-c03-r2-20260817-183244/cache/go-build-126 GOFLAGS=-mod=readonly GOPROXY=https://goproxy.cn,direct GOMODCACHE=/home/lilingfeng/tmp/juicefs-c03-r2-20260817-183244/cache/go-mod GOTMPDIR=/home/lilingfeng/tmp/juicefs-c03-r2-20260817-183244/cache/go-tmp TMPDIR=/home/lilingfeng/tmp/juicefs-c03-r2-20260817-183244/cache/os-tmp go test ./pkg/vfs -run '^TestFlushErrorRecordedWhenSliceIDBecomesReady$' -count=1 -v -timeout=2m
+C03R2 run-c03-r2.sh:257: rc=1
+C03R2 run-c03-r2.sh:258: printf '%s\n' 1
++C03R2 run-c03-r2.sh:259: grep -c 'not.*dispatched' /home/lilingfeng/tmp/juicefs-c03-r2-20260817-183244/logs/go126-S-oracle-U3-repeat-05.log
+C03R2 run-c03-r2.sh:259: mc=1
++C03R2 run-c03-r2.sh:260: grep -c -- '--- FAIL: TestFlushErrorRecordedWhenSliceIDBecomesReady' /home/lilingfeng/tmp/juicefs-c03-r2-20260817-183244/logs/go126-S-oracle-U3-repeat-05.log
+C03R2 run-c03-r2.sh:260: fc=1
+C03R2 run-c03-r2.sh:261: bad=0
+C03R2 run-c03-r2.sh:261: grep -Eq '\[build failed\]|panic:|fatal error:|test timed out|DATA RACE' /home/lilingfeng/tmp/juicefs-c03-r2-20260817-183244/logs/go126-S-oracle-U3-repeat-05.log
+C03R2 run-c03-r2.sh:262: printf '%s\t%s\trepeat10\t%s\t%s\t1\t0\t0\t%s\t%s\t%s\t%s\n' S-oracle go126 TestFlushErrorRecordedWhenSliceIDBecomesReady 1 1 1 0 logs/go126-S-oracle-U3-repeat-05.log
+C03R2 run-c03-r2.sh:255: for iter in 01 02 03 04 05 06 07 08 09 10
+C03R2 run-c03-r2.sh:256: local_log=logs/go126-S-oracle-U3-repeat-06.log
+C03R2 run-c03-r2.sh:257: cd /home/lilingfeng/tmp/juicefs-c03-r2-20260817-183244/src/S-oracle
+C03R2 run-c03-r2.sh:257: env GOTOOLCHAIN=local GOCACHE=/home/lilingfeng/tmp/juicefs-c03-r2-20260817-183244/cache/go-build-126 GOFLAGS=-mod=readonly GOPROXY=https://goproxy.cn,direct GOMODCACHE=/home/lilingfeng/tmp/juicefs-c03-r2-20260817-183244/cache/go-mod GOTMPDIR=/home/lilingfeng/tmp/juicefs-c03-r2-20260817-183244/cache/go-tmp TMPDIR=/home/lilingfeng/tmp/juicefs-c03-r2-20260817-183244/cache/os-tmp go test ./pkg/vfs -run '^TestFlushErrorRecordedWhenSliceIDBecomesReady$' -count=1 -v -timeout=2m
+C03R2 run-c03-r2.sh:257: rc=1
+C03R2 run-c03-r2.sh:258: printf '%s\n' 1
++C03R2 run-c03-r2.sh:259: grep -c 'not.*dispatched' /home/lilingfeng/tmp/juicefs-c03-r2-20260817-183244/logs/go126-S-oracle-U3-repeat-06.log
+C03R2 run-c03-r2.sh:259: mc=1
++C03R2 run-c03-r2.sh:260: grep -c -- '--- FAIL: TestFlushErrorRecordedWhenSliceIDBecomesReady' /home/lilingfeng/tmp/juicefs-c03-r2-20260817-183244/logs/go126-S-oracle-U3-repeat-06.log
+C03R2 run-c03-r2.sh:260: fc=1
+C03R2 run-c03-r2.sh:261: bad=0
+C03R2 run-c03-r2.sh:261: grep -Eq '\[build failed\]|panic:|fatal error:|test timed out|DATA RACE' /home/lilingfeng/tmp/juicefs-c03-r2-20260817-183244/logs/go126-S-oracle-U3-repeat-06.log
+C03R2 run-c03-r2.sh:262: printf '%s\t%s\trepeat10\t%s\t%s\t1\t0\t0\t%s\t%s\t%s\t%s\n' S-oracle go126 TestFlushErrorRecordedWhenSliceIDBecomesReady 1 1 1 0 logs/go126-S-oracle-U3-repeat-06.log
+C03R2 run-c03-r2.sh:255: for iter in 01 02 03 04 05 06 07 08 09 10
+C03R2 run-c03-r2.sh:256: local_log=logs/go126-S-oracle-U3-repeat-07.log
+C03R2 run-c03-r2.sh:257: cd /home/lilingfeng/tmp/juicefs-c03-r2-20260817-183244/src/S-oracle
+C03R2 run-c03-r2.sh:257: env GOTOOLCHAIN=local GOCACHE=/home/lilingfeng/tmp/juicefs-c03-r2-20260817-183244/cache/go-build-126 GOFLAGS=-mod=readonly GOPROXY=https://goproxy.cn,direct GOMODCACHE=/home/lilingfeng/tmp/juicefs-c03-r2-20260817-183244/cache/go-mod GOTMPDIR=/home/lilingfeng/tmp/juicefs-c03-r2-20260817-183244/cache/go-tmp TMPDIR=/home/lilingfeng/tmp/juicefs-c03-r2-20260817-183244/cache/os-tmp go test ./pkg/vfs -run '^TestFlushErrorRecordedWhenSliceIDBecomesReady$' -count=1 -v -timeout=2m
+C03R2 run-c03-r2.sh:257: rc=1
+C03R2 run-c03-r2.sh:258: printf '%s\n' 1
++C03R2 run-c03-r2.sh:259: grep -c 'not.*dispatched' /home/lilingfeng/tmp/juicefs-c03-r2-20260817-183244/logs/go126-S-oracle-U3-repeat-07.log
+C03R2 run-c03-r2.sh:259: mc=1
++C03R2 run-c03-r2.sh:260: grep -c -- '--- FAIL: TestFlushErrorRecordedWhenSliceIDBecomesReady' /home/lilingfeng/tmp/juicefs-c03-r2-20260817-183244/logs/go126-S-oracle-U3-repeat-07.log
+C03R2 run-c03-r2.sh:260: fc=1
+C03R2 run-c03-r2.sh:261: bad=0
+C03R2 run-c03-r2.sh:261: grep -Eq '\[build failed\]|panic:|fatal error:|test timed out|DATA RACE' /home/lilingfeng/tmp/juicefs-c03-r2-20260817-183244/logs/go126-S-oracle-U3-repeat-07.log
+C03R2 run-c03-r2.sh:262: printf '%s\t%s\trepeat10\t%s\t%s\t1\t0\t0\t%s\t%s\t%s\t%s\n' S-oracle go126 TestFlushErrorRecordedWhenSliceIDBecomesReady 1 1 1 0 logs/go126-S-oracle-U3-repeat-07.log
+C03R2 run-c03-r2.sh:255: for iter in 01 02 03 04 05 06 07 08 09 10
+C03R2 run-c03-r2.sh:256: local_log=logs/go126-S-oracle-U3-repeat-08.log
+C03R2 run-c03-r2.sh:257: cd /home/lilingfeng/tmp/juicefs-c03-r2-20260817-183244/src/S-oracle
+C03R2 run-c03-r2.sh:257: env GOTOOLCHAIN=local GOCACHE=/home/lilingfeng/tmp/juicefs-c03-r2-20260817-183244/cache/go-build-126 GOFLAGS=-mod=readonly GOPROXY=https://goproxy.cn,direct GOMODCACHE=/home/lilingfeng/tmp/juicefs-c03-r2-20260817-183244/cache/go-mod GOTMPDIR=/home/lilingfeng/tmp/juicefs-c03-r2-20260817-183244/cache/go-tmp TMPDIR=/home/lilingfeng/tmp/juicefs-c03-r2-20260817-183244/cache/os-tmp go test ./pkg/vfs -run '^TestFlushErrorRecordedWhenSliceIDBecomesReady$' -count=1 -v -timeout=2m
+C03R2 run-c03-r2.sh:257: rc=1
+C03R2 run-c03-r2.sh:258: printf '%s\n' 1
++C03R2 run-c03-r2.sh:259: grep -c 'not.*dispatched' /home/lilingfeng/tmp/juicefs-c03-r2-20260817-183244/logs/go126-S-oracle-U3-repeat-08.log
+C03R2 run-c03-r2.sh:259: mc=1
++C03R2 run-c03-r2.sh:260: grep -c -- '--- FAIL: TestFlushErrorRecordedWhenSliceIDBecomesReady' /home/lilingfeng/tmp/juicefs-c03-r2-20260817-183244/logs/go126-S-oracle-U3-repeat-08.log
+C03R2 run-c03-r2.sh:260: fc=1
+C03R2 run-c03-r2.sh:261: bad=0
+C03R2 run-c03-r2.sh:261: grep -Eq '\[build failed\]|panic:|fatal error:|test timed out|DATA RACE' /home/lilingfeng/tmp/juicefs-c03-r2-20260817-183244/logs/go126-S-oracle-U3-repeat-08.log
+C03R2 run-c03-r2.sh:262: printf '%s\t%s\trepeat10\t%s\t%s\t1\t0\t0\t%s\t%s\t%s\t%s\n' S-oracle go126 TestFlushErrorRecordedWhenSliceIDBecomesReady 1 1 1 0 logs/go126-S-oracle-U3-repeat-08.log
+C03R2 run-c03-r2.sh:255: for iter in 01 02 03 04 05 06 07 08 09 10
+C03R2 run-c03-r2.sh:256: local_log=logs/go126-S-oracle-U3-repeat-09.log
+C03R2 run-c03-r2.sh:257: cd /home/lilingfeng/tmp/juicefs-c03-r2-20260817-183244/src/S-oracle
+C03R2 run-c03-r2.sh:257: env GOTOOLCHAIN=local GOCACHE=/home/lilingfeng/tmp/juicefs-c03-r2-20260817-183244/cache/go-build-126 GOFLAGS=-mod=readonly GOPROXY=https://goproxy.cn,direct GOMODCACHE=/home/lilingfeng/tmp/juicefs-c03-r2-20260817-183244/cache/go-mod GOTMPDIR=/home/lilingfeng/tmp/juicefs-c03-r2-20260817-183244/cache/go-tmp TMPDIR=/home/lilingfeng/tmp/juicefs-c03-r2-20260817-183244/cache/os-tmp go test ./pkg/vfs -run '^TestFlushErrorRecordedWhenSliceIDBecomesReady$' -count=1 -v -timeout=2m
+C03R2 run-c03-r2.sh:257: rc=1
+C03R2 run-c03-r2.sh:258: printf '%s\n' 1
++C03R2 run-c03-r2.sh:259: grep -c 'not.*dispatched' /home/lilingfeng/tmp/juicefs-c03-r2-20260817-183244/logs/go126-S-oracle-U3-repeat-09.log
+C03R2 run-c03-r2.sh:259: mc=1
++C03R2 run-c03-r2.sh:260: grep -c -- '--- FAIL: TestFlushErrorRecordedWhenSliceIDBecomesReady' /home/lilingfeng/tmp/juicefs-c03-r2-20260817-183244/logs/go126-S-oracle-U3-repeat-09.log
+C03R2 run-c03-r2.sh:260: fc=1
+C03R2 run-c03-r2.sh:261: bad=0
+C03R2 run-c03-r2.sh:261: grep -Eq '\[build failed\]|panic:|fatal error:|test timed out|DATA RACE' /home/lilingfeng/tmp/juicefs-c03-r2-20260817-183244/logs/go126-S-oracle-U3-repeat-09.log
+C03R2 run-c03-r2.sh:262: printf '%s\t%s\trepeat10\t%s\t%s\t1\t0\t0\t%s\t%s\t%s\t%s\n' S-oracle go126 TestFlushErrorRecordedWhenSliceIDBecomesReady 1 1 1 0 logs/go126-S-oracle-U3-repeat-09.log
+C03R2 run-c03-r2.sh:255: for iter in 01 02 03 04 05 06 07 08 09 10
+C03R2 run-c03-r2.sh:256: local_log=logs/go126-S-oracle-U3-repeat-10.log
+C03R2 run-c03-r2.sh:257: cd /home/lilingfeng/tmp/juicefs-c03-r2-20260817-183244/src/S-oracle
+C03R2 run-c03-r2.sh:257: env GOTOOLCHAIN=local GOCACHE=/home/lilingfeng/tmp/juicefs-c03-r2-20260817-183244/cache/go-build-126 GOFLAGS=-mod=readonly GOPROXY=https://goproxy.cn,direct GOMODCACHE=/home/lilingfeng/tmp/juicefs-c03-r2-20260817-183244/cache/go-mod GOTMPDIR=/home/lilingfeng/tmp/juicefs-c03-r2-20260817-183244/cache/go-tmp TMPDIR=/home/lilingfeng/tmp/juicefs-c03-r2-20260817-183244/cache/os-tmp go test ./pkg/vfs -run '^TestFlushErrorRecordedWhenSliceIDBecomesReady$' -count=1 -v -timeout=2m
+C03R2 run-c03-r2.sh:257: rc=1
+C03R2 run-c03-r2.sh:258: printf '%s\n' 1
++C03R2 run-c03-r2.sh:259: grep -c 'not.*dispatched' /home/lilingfeng/tmp/juicefs-c03-r2-20260817-183244/logs/go126-S-oracle-U3-repeat-10.log
+C03R2 run-c03-r2.sh:259: mc=1
++C03R2 run-c03-r2.sh:260: grep -c -- '--- FAIL: TestFlushErrorRecordedWhenSliceIDBecomesReady' /home/lilingfeng/tmp/juicefs-c03-r2-20260817-183244/logs/go126-S-oracle-U3-repeat-10.log
+C03R2 run-c03-r2.sh:260: fc=1
+C03R2 run-c03-r2.sh:261: bad=0
+C03R2 run-c03-r2.sh:261: grep -Eq '\[build failed\]|panic:|fatal error:|test timed out|DATA RACE' /home/lilingfeng/tmp/juicefs-c03-r2-20260817-183244/logs/go126-S-oracle-U3-repeat-10.log
+C03R2 run-c03-r2.sh:262: printf '%s\t%s\trepeat10\t%s\t%s\t1\t0\t0\t%s\t%s\t%s\t%s\n' S-oracle go126 TestFlushErrorRecordedWhenSliceIDBecomesReady 1 1 1 0 logs/go126-S-oracle-U3-repeat-10.log
+C03R2 run-c03-r2.sh:268: STOCK_OK=YES
+C03R2 run-c03-r2.sh:269: for TOOL in go125 go126
+C03R2 run-c03-r2.sh:270: grep -q 'go125.*single.*TestPartialBlockNotDispatchedWhenSliceIDBecomesReady.*0.*1.*1.*0.*0' /home/lilingfeng/tmp/juicefs-c03-r2-20260817-183244/meta/stock-results.tsv
+C03R2 run-c03-r2.sh:271: for tn in "$U1" "$U3"
+C03R2 run-c03-r2.sh:272: grep -q 'go125.*single.*TestFullBlockDispatchedWhenSliceIDBecomesReady.*1.*1.*0' /home/lilingfeng/tmp/juicefs-c03-r2-20260817-183244/meta/stock-results.tsv
+C03R2 run-c03-r2.sh:271: for tn in "$U1" "$U3"
+C03R2 run-c03-r2.sh:272: grep -q 'go125.*single.*TestFlushErrorRecordedWhenSliceIDBecomesReady.*1.*1.*0' /home/lilingfeng/tmp/juicefs-c03-r2-20260817-183244/meta/stock-results.tsv
+C03R2 run-c03-r2.sh:269: for TOOL in go125 go126
+C03R2 run-c03-r2.sh:270: grep -q 'go126.*single.*TestPartialBlockNotDispatchedWhenSliceIDBecomesReady.*0.*1.*1.*0.*0' /home/lilingfeng/tmp/juicefs-c03-r2-20260817-183244/meta/stock-results.tsv
+C03R2 run-c03-r2.sh:271: for tn in "$U1" "$U3"
+C03R2 run-c03-r2.sh:272: grep -q 'go126.*single.*TestFullBlockDispatchedWhenSliceIDBecomesReady.*1.*1.*0' /home/lilingfeng/tmp/juicefs-c03-r2-20260817-183244/meta/stock-results.tsv
+C03R2 run-c03-r2.sh:271: for tn in "$U1" "$U3"
+C03R2 run-c03-r2.sh:272: grep -q 'go126.*single.*TestFlushErrorRecordedWhenSliceIDBecomesReady.*1.*1.*0' /home/lilingfeng/tmp/juicefs-c03-r2-20260817-183244/meta/stock-results.tsv
+C03R2 run-c03-r2.sh:275: resolve_gate upstream_stock_oracle YES meta/stock-results.tsv
+C03R2 run-c03-r2.sh:40: local name=upstream_stock_oracle status=YES evidence=meta/stock-results.tsv
+C03R2 run-c03-r2.sh:41: '[' 0 -ge 1 ']'
+C03R2 run-c03-r2.sh:45: GATE_STATUS[$name]=YES
+C03R2 run-c03-r2.sh:46: GATE_EVIDENCE[$name]=meta/stock-results.tsv
+C03R2 run-c03-r2.sh:47: GATE_RESOLVED[$name]=1
+C03R2 run-c03-r2.sh:278: record_anchor C03R2_ANCHOR:APPLY_B
+C03R2 run-c03-r2.sh:54: printf '%s\n' C03R2_ANCHOR:APPLY_B
+C03R2 run-c03-r2.sh:54: echo C03R2_ANCHOR:APPLY_B
+C03R2 run-c03-r2.sh:279: git -C /home/lilingfeng/tmp/juicefs-c03-r2-20260817-183244/src/B-candidate apply --check /home/lilingfeng/tmp/juicefs-c03-r2-input-20260817-182702/async-catchup-main.patch
+C03R2 run-c03-r2.sh:280: git -C /home/lilingfeng/tmp/juicefs-c03-r2-20260817-183244/src/B-candidate apply /home/lilingfeng/tmp/juicefs-c03-r2-input-20260817-182702/async-catchup-main.patch
+C03R2 run-c03-r2.sh:281: resolve_gate B_standard_apply YES rc/B-apply-check.rc,rc/B-apply.rc
+C03R2 run-c03-r2.sh:40: local name=B_standard_apply status=YES evidence=rc/B-apply-check.rc,rc/B-apply.rc
+C03R2 run-c03-r2.sh:41: '[' 0 -ge 1 ']'
+C03R2 run-c03-r2.sh:45: GATE_STATUS[$name]=YES
+C03R2 run-c03-r2.sh:46: GATE_EVIDENCE[$name]=rc/B-apply-check.rc,rc/B-apply.rc
+C03R2 run-c03-r2.sh:47: GATE_RESOLVED[$name]=1
+C03R2 run-c03-r2.sh:285: env GOTOOLCHAIN=local GOCACHE=/home/lilingfeng/tmp/juicefs-c03-r2-20260817-183244/cache/go-build-126 gofmt -w /home/lilingfeng/tmp/juicefs-c03-r2-20260817-183244/src/B-candidate/pkg/vfs/writer.go
+C03R2 run-c03-r2.sh:286: cp /home/lilingfeng/tmp/juicefs-c03-r2-input-20260817-182702/writer_flush_test.go /home/lilingfeng/tmp/juicefs-c03-r2-20260817-183244/src/B-candidate/pkg/vfs/writer_flush_test.go
+C03R2 run-c03-r2.sh:287: git -C /home/lilingfeng/tmp/juicefs-c03-r2-20260817-183244/src/B-candidate add -N pkg/vfs/writer_flush_test.go
+C03R2 run-c03-r2.sh:289: printf 'arm\ttool\tmode\ttest\tactual_rc\texpected_run\texpected_pass\tactual_pass\tactual_fail\tbad\tlog\n'
+C03R2 run-c03-r2.sh:290: B_SINGLE=YES
+C03R2 run-c03-r2.sh:290: B_COUNT=YES
+C03R2 run-c03-r2.sh:290: B_RACE=YES
+C03R2 run-c03-r2.sh:291: for TOOL in go125 go126
+C03R2 run-c03-r2.sh:292: '[' go125 = go125 ']'
+C03R2 run-c03-r2.sh:292: TC=go1.25.7
+C03R2 run-c03-r2.sh:292: BC=/home/lilingfeng/tmp/juicefs-c03-r2-20260817-183244/cache/go-build-125
+C03R2 run-c03-r2.sh:293: for id_tn in "U1:$U1" "U2:$U2" "U3:$U3"
+C03R2 run-c03-r2.sh:294: id=U1
+C03R2 run-c03-r2.sh:294: tn=TestFullBlockDispatchedWhenSliceIDBecomesReady
+C03R2 run-c03-r2.sh:295: run_and_record go125 go1.25.7 /home/lilingfeng/tmp/juicefs-c03-r2-20260817-183244/cache/go-build-125 B-candidate single TestFullBlockDispatchedWhenSliceIDBecomesReady U1
+C03R2 run-c03-r2.sh:215: local tool=go125 tc=go1.25.7 bc=/home/lilingfeng/tmp/juicefs-c03-r2-20260817-183244/cache/go-build-125 arm=B-candidate mode=single test_name=TestFullBlockDispatchedWhenSliceIDBecomesReady
+C03R2 run-c03-r2.sh:216: local id=U1
+C03R2 run-c03-r2.sh:217: local log_rel=logs/go125-B-candidate-U1-single.log
+C03R2 run-c03-r2.sh:218: local rc
+C03R2 run-c03-r2.sh:219: cd /home/lilingfeng/tmp/juicefs-c03-r2-20260817-183244/src/B-candidate
+C03R2 run-c03-r2.sh:219: env GOTOOLCHAIN=go1.25.7 GOCACHE=/home/lilingfeng/tmp/juicefs-c03-r2-20260817-183244/cache/go-build-125 GOFLAGS=-mod=readonly GOPROXY=https://goproxy.cn,direct GOMODCACHE=/home/lilingfeng/tmp/juicefs-c03-r2-20260817-183244/cache/go-mod GOTMPDIR=/home/lilingfeng/tmp/juicefs-c03-r2-20260817-183244/cache/go-tmp TMPDIR=/home/lilingfeng/tmp/juicefs-c03-r2-20260817-183244/cache/os-tmp go test ./pkg/vfs -run '^TestFullBlockDispatchedWhenSliceIDBecomesReady$' -count=1 -v -timeout=2m
+C03R2 run-c03-r2.sh:219: rc=0
+C03R2 run-c03-r2.sh:220: printf '%s\n' 0
++C03R2 run-c03-r2.sh:221: grep -c -- '--- PASS: TestFullBlockDispatchedWhenSliceIDBecomesReady' /home/lilingfeng/tmp/juicefs-c03-r2-20260817-183244/logs/go125-B-candidate-U1-single.log
+C03R2 run-c03-r2.sh:221: local pass=1
++C03R2 run-c03-r2.sh:222: grep -c -- '--- FAIL: TestFullBlockDispatchedWhenSliceIDBecomesReady' /home/lilingfeng/tmp/juicefs-c03-r2-20260817-183244/logs/go125-B-candidate-U1-single.log
++C03R2 run-c03-r2.sh:222: true
+C03R2 run-c03-r2.sh:222: local fail=0
+C03R2 run-c03-r2.sh:223: local bad=0
+C03R2 run-c03-r2.sh:223: grep -Eq '\[build failed\]|panic:|fatal error:|test timed out|DATA RACE|no tests to run' /home/lilingfeng/tmp/juicefs-c03-r2-20260817-183244/logs/go125-B-candidate-U1-single.log
+C03R2 run-c03-r2.sh:224: printf '%s\t%s\tsingle\t%s\t%s\t1\t1\t%s\t%s\t0\t%s\t%s\n' B-candidate go125 TestFullBlockDispatchedWhenSliceIDBecomesReady 0 1 0 0 logs/go125-B-candidate-U1-single.log
++C03R2 run-c03-r2.sh:296: tail -1 /home/lilingfeng/tmp/juicefs-c03-r2-20260817-183244/meta/community-results.tsv
++C03R2 run-c03-r2.sh:296: awk '-F\t' '{print $5}'
+C03R2 run-c03-r2.sh:296: '[' 0 = 0 ']'
+C03R2 run-c03-r2.sh:293: for id_tn in "U1:$U1" "U2:$U2" "U3:$U3"
+C03R2 run-c03-r2.sh:294: id=U2
+C03R2 run-c03-r2.sh:294: tn=TestPartialBlockNotDispatchedWhenSliceIDBecomesReady
+C03R2 run-c03-r2.sh:295: run_and_record go125 go1.25.7 /home/lilingfeng/tmp/juicefs-c03-r2-20260817-183244/cache/go-build-125 B-candidate single TestPartialBlockNotDispatchedWhenSliceIDBecomesReady U2
+C03R2 run-c03-r2.sh:215: local tool=go125 tc=go1.25.7 bc=/home/lilingfeng/tmp/juicefs-c03-r2-20260817-183244/cache/go-build-125 arm=B-candidate mode=single test_name=TestPartialBlockNotDispatchedWhenSliceIDBecomesReady
+C03R2 run-c03-r2.sh:216: local id=U2
+C03R2 run-c03-r2.sh:217: local log_rel=logs/go125-B-candidate-U2-single.log
+C03R2 run-c03-r2.sh:218: local rc
+C03R2 run-c03-r2.sh:219: cd /home/lilingfeng/tmp/juicefs-c03-r2-20260817-183244/src/B-candidate
+C03R2 run-c03-r2.sh:219: env GOTOOLCHAIN=go1.25.7 GOCACHE=/home/lilingfeng/tmp/juicefs-c03-r2-20260817-183244/cache/go-build-125 GOFLAGS=-mod=readonly GOPROXY=https://goproxy.cn,direct GOMODCACHE=/home/lilingfeng/tmp/juicefs-c03-r2-20260817-183244/cache/go-mod GOTMPDIR=/home/lilingfeng/tmp/juicefs-c03-r2-20260817-183244/cache/go-tmp TMPDIR=/home/lilingfeng/tmp/juicefs-c03-r2-20260817-183244/cache/os-tmp go test ./pkg/vfs -run '^TestPartialBlockNotDispatchedWhenSliceIDBecomesReady$' -count=1 -v -timeout=2m
+C03R2 run-c03-r2.sh:219: rc=0
+C03R2 run-c03-r2.sh:220: printf '%s\n' 0
++C03R2 run-c03-r2.sh:221: grep -c -- '--- PASS: TestPartialBlockNotDispatchedWhenSliceIDBecomesReady' /home/lilingfeng/tmp/juicefs-c03-r2-20260817-183244/logs/go125-B-candidate-U2-single.log
+C03R2 run-c03-r2.sh:221: local pass=1
++C03R2 run-c03-r2.sh:222: grep -c -- '--- FAIL: TestPartialBlockNotDispatchedWhenSliceIDBecomesReady' /home/lilingfeng/tmp/juicefs-c03-r2-20260817-183244/logs/go125-B-candidate-U2-single.log
++C03R2 run-c03-r2.sh:222: true
+C03R2 run-c03-r2.sh:222: local fail=0
+C03R2 run-c03-r2.sh:223: local bad=0
+C03R2 run-c03-r2.sh:223: grep -Eq '\[build failed\]|panic:|fatal error:|test timed out|DATA RACE|no tests to run' /home/lilingfeng/tmp/juicefs-c03-r2-20260817-183244/logs/go125-B-candidate-U2-single.log
+C03R2 run-c03-r2.sh:224: printf '%s\t%s\tsingle\t%s\t%s\t1\t1\t%s\t%s\t0\t%s\t%s\n' B-candidate go125 TestPartialBlockNotDispatchedWhenSliceIDBecomesReady 0 1 0 0 logs/go125-B-candidate-U2-single.log
++C03R2 run-c03-r2.sh:296: tail -1 /home/lilingfeng/tmp/juicefs-c03-r2-20260817-183244/meta/community-results.tsv
++C03R2 run-c03-r2.sh:296: awk '-F\t' '{print $5}'
+C03R2 run-c03-r2.sh:296: '[' 0 = 0 ']'
+C03R2 run-c03-r2.sh:293: for id_tn in "U1:$U1" "U2:$U2" "U3:$U3"
+C03R2 run-c03-r2.sh:294: id=U3
+C03R2 run-c03-r2.sh:294: tn=TestFlushErrorRecordedWhenSliceIDBecomesReady
+C03R2 run-c03-r2.sh:295: run_and_record go125 go1.25.7 /home/lilingfeng/tmp/juicefs-c03-r2-20260817-183244/cache/go-build-125 B-candidate single TestFlushErrorRecordedWhenSliceIDBecomesReady U3
+C03R2 run-c03-r2.sh:215: local tool=go125 tc=go1.25.7 bc=/home/lilingfeng/tmp/juicefs-c03-r2-20260817-183244/cache/go-build-125 arm=B-candidate mode=single test_name=TestFlushErrorRecordedWhenSliceIDBecomesReady
+C03R2 run-c03-r2.sh:216: local id=U3
+C03R2 run-c03-r2.sh:217: local log_rel=logs/go125-B-candidate-U3-single.log
+C03R2 run-c03-r2.sh:218: local rc
+C03R2 run-c03-r2.sh:219: cd /home/lilingfeng/tmp/juicefs-c03-r2-20260817-183244/src/B-candidate
+C03R2 run-c03-r2.sh:219: env GOTOOLCHAIN=go1.25.7 GOCACHE=/home/lilingfeng/tmp/juicefs-c03-r2-20260817-183244/cache/go-build-125 GOFLAGS=-mod=readonly GOPROXY=https://goproxy.cn,direct GOMODCACHE=/home/lilingfeng/tmp/juicefs-c03-r2-20260817-183244/cache/go-mod GOTMPDIR=/home/lilingfeng/tmp/juicefs-c03-r2-20260817-183244/cache/go-tmp TMPDIR=/home/lilingfeng/tmp/juicefs-c03-r2-20260817-183244/cache/os-tmp go test ./pkg/vfs -run '^TestFlushErrorRecordedWhenSliceIDBecomesReady$' -count=1 -v -timeout=2m
+C03R2 run-c03-r2.sh:219: rc=0
+C03R2 run-c03-r2.sh:220: printf '%s\n' 0
++C03R2 run-c03-r2.sh:221: grep -c -- '--- PASS: TestFlushErrorRecordedWhenSliceIDBecomesReady' /home/lilingfeng/tmp/juicefs-c03-r2-20260817-183244/logs/go125-B-candidate-U3-single.log
+C03R2 run-c03-r2.sh:221: local pass=1
++C03R2 run-c03-r2.sh:222: grep -c -- '--- FAIL: TestFlushErrorRecordedWhenSliceIDBecomesReady' /home/lilingfeng/tmp/juicefs-c03-r2-20260817-183244/logs/go125-B-candidate-U3-single.log
++C03R2 run-c03-r2.sh:222: true
+C03R2 run-c03-r2.sh:222: local fail=0
+C03R2 run-c03-r2.sh:223: local bad=0
+C03R2 run-c03-r2.sh:223: grep -Eq '\[build failed\]|panic:|fatal error:|test timed out|DATA RACE|no tests to run' /home/lilingfeng/tmp/juicefs-c03-r2-20260817-183244/logs/go125-B-candidate-U3-single.log
+C03R2 run-c03-r2.sh:224: printf '%s\t%s\tsingle\t%s\t%s\t1\t1\t%s\t%s\t0\t%s\t%s\n' B-candidate go125 TestFlushErrorRecordedWhenSliceIDBecomesReady 0 1 0 0 logs/go125-B-candidate-U3-single.log
++C03R2 run-c03-r2.sh:296: tail -1 /home/lilingfeng/tmp/juicefs-c03-r2-20260817-183244/meta/community-results.tsv
++C03R2 run-c03-r2.sh:296: awk '-F\t' '{print $5}'
+C03R2 run-c03-r2.sh:296: '[' 0 = 0 ']'
+C03R2 run-c03-r2.sh:298: run_count_and_record go125 go1.25.7 /home/lilingfeng/tmp/juicefs-c03-r2-20260817-183244/cache/go-build-125 B-candidate count100 '^(TestFullBlockDispatchedWhenSliceIDBecomesReady|TestPartialBlockNotDispatchedWhenSliceIDBecomesReady|TestFlushErrorRecordedWhenSliceIDBecomesReady)$' 100 'TestFullBlockDispatchedWhenSliceIDBecomesReady\nTestPartialBlockNotDispatchedWhenSliceIDBecomesReady\nTestFlushErrorRecordedWhenSliceIDBecomesReady'
+C03R2 run-c03-r2.sh:228: local tool=go125 tc=go1.25.7 bc=/home/lilingfeng/tmp/juicefs-c03-r2-20260817-183244/cache/go-build-125 arm=B-candidate mode=count100 're=^(TestFullBlockDispatchedWhenSliceIDBecomesReady|TestPartialBlockNotDispatchedWhenSliceIDBecomesReady|TestFlushErrorRecordedWhenSliceIDBecomesReady)$' count=100 'test_names=TestFullBlockDispatchedWhenSliceIDBecomesReady\nTestPartialBlockNotDispatchedWhenSliceIDBecomesReady\nTestFlushErrorRecordedWhenSliceIDBecomesReady'
+C03R2 run-c03-r2.sh:229: local log_rel=logs/go125-B-candidate-count100.log
+C03R2 run-c03-r2.sh:230: local extra=
+C03R2 run-c03-r2.sh:230: '[' count100 = race20 ']'
+C03R2 run-c03-r2.sh:231: local rc
+C03R2 run-c03-r2.sh:232: cd /home/lilingfeng/tmp/juicefs-c03-r2-20260817-183244/src/B-candidate
+C03R2 run-c03-r2.sh:232: env GOTOOLCHAIN=go1.25.7 GOCACHE=/home/lilingfeng/tmp/juicefs-c03-r2-20260817-183244/cache/go-build-125 GOFLAGS=-mod=readonly GOPROXY=https://goproxy.cn,direct GOMODCACHE=/home/lilingfeng/tmp/juicefs-c03-r2-20260817-183244/cache/go-mod GOTMPDIR=/home/lilingfeng/tmp/juicefs-c03-r2-20260817-183244/cache/go-tmp TMPDIR=/home/lilingfeng/tmp/juicefs-c03-r2-20260817-183244/cache/os-tmp go test ./pkg/vfs -run '^(TestFullBlockDispatchedWhenSliceIDBecomesReady|TestPartialBlockNotDispatchedWhenSliceIDBecomesReady|TestFlushErrorRecordedWhenSliceIDBecomesReady)$' -count=100 -v -timeout=20m
+C03R2 run-c03-r2.sh:232: rc=0
+C03R2 run-c03-r2.sh:233: printf '%s\n' 0
+C03R2 run-c03-r2.sh:234: local bad=0
+C03R2 run-c03-r2.sh:234: grep -Eq '\[build failed\]|panic:|fatal error:|test timed out|DATA RACE|no tests to run' /home/lilingfeng/tmp/juicefs-c03-r2-20260817-183244/logs/go125-B-candidate-count100.log
+C03R2 run-c03-r2.sh:235: IFS=
+C03R2 run-c03-r2.sh:235: read -r tn
++C03R2 run-c03-r2.sh:236: grep -c -- '--- PASS: TestFullBlockDispatchedWhenSliceIDBecomesReady\nTestPartialBlockNotDispatchedWhenSliceIDBecomesReady\nTestFlushErrorRecordedWhenSliceIDBecomesReady' /home/lilingfeng/tmp/juicefs-c03-r2-20260817-183244/logs/go125-B-candidate-count100.log
++C03R2 run-c03-r2.sh:236: true
+C03R2 run-c03-r2.sh:236: local pass=0
++C03R2 run-c03-r2.sh:237: grep -c -- '--- FAIL: TestFullBlockDispatchedWhenSliceIDBecomesReady\nTestPartialBlockNotDispatchedWhenSliceIDBecomesReady\nTestFlushErrorRecordedWhenSliceIDBecomesReady' /home/lilingfeng/tmp/juicefs-c03-r2-20260817-183244/logs/go125-B-candidate-count100.log
++C03R2 run-c03-r2.sh:237: true
+C03R2 run-c03-r2.sh:237: local fail=0
+C03R2 run-c03-r2.sh:238: printf '%s\t%s\t%s\t%s\t%s\t%s\t%s\t%s\t%s\t%s\t%s\n' B-candidate go125 count100 'TestFullBlockDispatchedWhenSliceIDBecomesReady\nTestPartialBlockNotDispatchedWhenSliceIDBecomesReady\nTestFlushErrorRecordedWhenSliceIDBecomesReady' 0 100 100 0 0 0 logs/go125-B-candidate-count100.log
+C03R2 run-c03-r2.sh:235: IFS=
+C03R2 run-c03-r2.sh:235: read -r tn
++C03R2 run-c03-r2.sh:299: cat /home/lilingfeng/tmp/juicefs-c03-r2-20260817-183244/rc/go125-B-candidate-count100.rc
+C03R2 run-c03-r2.sh:299: '[' 0 = 0 ']'
+C03R2 run-c03-r2.sh:300: run_count_and_record go125 go1.25.7 /home/lilingfeng/tmp/juicefs-c03-r2-20260817-183244/cache/go-build-125 B-candidate race20 '^(TestFullBlockDispatchedWhenSliceIDBecomesReady|TestPartialBlockNotDispatchedWhenSliceIDBecomesReady|TestFlushErrorRecordedWhenSliceIDBecomesReady)$' 20 'TestFullBlockDispatchedWhenSliceIDBecomesReady\nTestPartialBlockNotDispatchedWhenSliceIDBecomesReady\nTestFlushErrorRecordedWhenSliceIDBecomesReady'
+C03R2 run-c03-r2.sh:228: local tool=go125 tc=go1.25.7 bc=/home/lilingfeng/tmp/juicefs-c03-r2-20260817-183244/cache/go-build-125 arm=B-candidate mode=race20 're=^(TestFullBlockDispatchedWhenSliceIDBecomesReady|TestPartialBlockNotDispatchedWhenSliceIDBecomesReady|TestFlushErrorRecordedWhenSliceIDBecomesReady)$' count=20 'test_names=TestFullBlockDispatchedWhenSliceIDBecomesReady\nTestPartialBlockNotDispatchedWhenSliceIDBecomesReady\nTestFlushErrorRecordedWhenSliceIDBecomesReady'
+C03R2 run-c03-r2.sh:229: local log_rel=logs/go125-B-candidate-race20.log
+C03R2 run-c03-r2.sh:230: local extra=
+C03R2 run-c03-r2.sh:230: '[' race20 = race20 ']'
+C03R2 run-c03-r2.sh:230: extra=-race
+C03R2 run-c03-r2.sh:231: local rc
+C03R2 run-c03-r2.sh:232: cd /home/lilingfeng/tmp/juicefs-c03-r2-20260817-183244/src/B-candidate
+C03R2 run-c03-r2.sh:232: env GOTOOLCHAIN=go1.25.7 GOCACHE=/home/lilingfeng/tmp/juicefs-c03-r2-20260817-183244/cache/go-build-125 GOFLAGS=-mod=readonly GOPROXY=https://goproxy.cn,direct GOMODCACHE=/home/lilingfeng/tmp/juicefs-c03-r2-20260817-183244/cache/go-mod GOTMPDIR=/home/lilingfeng/tmp/juicefs-c03-r2-20260817-183244/cache/go-tmp TMPDIR=/home/lilingfeng/tmp/juicefs-c03-r2-20260817-183244/cache/os-tmp go test -race ./pkg/vfs -run '^(TestFullBlockDispatchedWhenSliceIDBecomesReady|TestPartialBlockNotDispatchedWhenSliceIDBecomesReady|TestFlushErrorRecordedWhenSliceIDBecomesReady)$' -count=20 -v -timeout=20m
+C03R2 run-c03-r2.sh:232: rc=0
+C03R2 run-c03-r2.sh:233: printf '%s\n' 0
+C03R2 run-c03-r2.sh:234: local bad=0
+C03R2 run-c03-r2.sh:234: grep -Eq '\[build failed\]|panic:|fatal error:|test timed out|DATA RACE|no tests to run' /home/lilingfeng/tmp/juicefs-c03-r2-20260817-183244/logs/go125-B-candidate-race20.log
+C03R2 run-c03-r2.sh:235: IFS=
+C03R2 run-c03-r2.sh:235: read -r tn
++C03R2 run-c03-r2.sh:236: grep -c -- '--- PASS: TestFullBlockDispatchedWhenSliceIDBecomesReady\nTestPartialBlockNotDispatchedWhenSliceIDBecomesReady\nTestFlushErrorRecordedWhenSliceIDBecomesReady' /home/lilingfeng/tmp/juicefs-c03-r2-20260817-183244/logs/go125-B-candidate-race20.log
++C03R2 run-c03-r2.sh:236: true
+C03R2 run-c03-r2.sh:236: local pass=0
++C03R2 run-c03-r2.sh:237: grep -c -- '--- FAIL: TestFullBlockDispatchedWhenSliceIDBecomesReady\nTestPartialBlockNotDispatchedWhenSliceIDBecomesReady\nTestFlushErrorRecordedWhenSliceIDBecomesReady' /home/lilingfeng/tmp/juicefs-c03-r2-20260817-183244/logs/go125-B-candidate-race20.log
++C03R2 run-c03-r2.sh:237: true
+C03R2 run-c03-r2.sh:237: local fail=0
+C03R2 run-c03-r2.sh:238: printf '%s\t%s\t%s\t%s\t%s\t%s\t%s\t%s\t%s\t%s\t%s\n' B-candidate go125 race20 'TestFullBlockDispatchedWhenSliceIDBecomesReady\nTestPartialBlockNotDispatchedWhenSliceIDBecomesReady\nTestFlushErrorRecordedWhenSliceIDBecomesReady' 0 20 20 0 0 0 logs/go125-B-candidate-race20.log
+C03R2 run-c03-r2.sh:235: IFS=
+C03R2 run-c03-r2.sh:235: read -r tn
++C03R2 run-c03-r2.sh:301: cat /home/lilingfeng/tmp/juicefs-c03-r2-20260817-183244/rc/go125-B-candidate-race20.rc
+C03R2 run-c03-r2.sh:301: '[' 0 = 0 ']'
+C03R2 run-c03-r2.sh:302: grep -q 'DATA RACE' /home/lilingfeng/tmp/juicefs-c03-r2-20260817-183244/logs/go125-B-candidate-race20.log
+C03R2 run-c03-r2.sh:291: for TOOL in go125 go126
+C03R2 run-c03-r2.sh:292: '[' go126 = go125 ']'
+C03R2 run-c03-r2.sh:292: TC=local
+C03R2 run-c03-r2.sh:292: BC=/home/lilingfeng/tmp/juicefs-c03-r2-20260817-183244/cache/go-build-126
+C03R2 run-c03-r2.sh:293: for id_tn in "U1:$U1" "U2:$U2" "U3:$U3"
+C03R2 run-c03-r2.sh:294: id=U1
+C03R2 run-c03-r2.sh:294: tn=TestFullBlockDispatchedWhenSliceIDBecomesReady
+C03R2 run-c03-r2.sh:295: run_and_record go126 local /home/lilingfeng/tmp/juicefs-c03-r2-20260817-183244/cache/go-build-126 B-candidate single TestFullBlockDispatchedWhenSliceIDBecomesReady U1
+C03R2 run-c03-r2.sh:215: local tool=go126 tc=local bc=/home/lilingfeng/tmp/juicefs-c03-r2-20260817-183244/cache/go-build-126 arm=B-candidate mode=single test_name=TestFullBlockDispatchedWhenSliceIDBecomesReady
+C03R2 run-c03-r2.sh:216: local id=U1
+C03R2 run-c03-r2.sh:217: local log_rel=logs/go126-B-candidate-U1-single.log
+C03R2 run-c03-r2.sh:218: local rc
+C03R2 run-c03-r2.sh:219: cd /home/lilingfeng/tmp/juicefs-c03-r2-20260817-183244/src/B-candidate
+C03R2 run-c03-r2.sh:219: env GOTOOLCHAIN=local GOCACHE=/home/lilingfeng/tmp/juicefs-c03-r2-20260817-183244/cache/go-build-126 GOFLAGS=-mod=readonly GOPROXY=https://goproxy.cn,direct GOMODCACHE=/home/lilingfeng/tmp/juicefs-c03-r2-20260817-183244/cache/go-mod GOTMPDIR=/home/lilingfeng/tmp/juicefs-c03-r2-20260817-183244/cache/go-tmp TMPDIR=/home/lilingfeng/tmp/juicefs-c03-r2-20260817-183244/cache/os-tmp go test ./pkg/vfs -run '^TestFullBlockDispatchedWhenSliceIDBecomesReady$' -count=1 -v -timeout=2m
+C03R2 run-c03-r2.sh:219: rc=0
+C03R2 run-c03-r2.sh:220: printf '%s\n' 0
++C03R2 run-c03-r2.sh:221: grep -c -- '--- PASS: TestFullBlockDispatchedWhenSliceIDBecomesReady' /home/lilingfeng/tmp/juicefs-c03-r2-20260817-183244/logs/go126-B-candidate-U1-single.log
+C03R2 run-c03-r2.sh:221: local pass=1
++C03R2 run-c03-r2.sh:222: grep -c -- '--- FAIL: TestFullBlockDispatchedWhenSliceIDBecomesReady' /home/lilingfeng/tmp/juicefs-c03-r2-20260817-183244/logs/go126-B-candidate-U1-single.log
++C03R2 run-c03-r2.sh:222: true
+C03R2 run-c03-r2.sh:222: local fail=0
+C03R2 run-c03-r2.sh:223: local bad=0
+C03R2 run-c03-r2.sh:223: grep -Eq '\[build failed\]|panic:|fatal error:|test timed out|DATA RACE|no tests to run' /home/lilingfeng/tmp/juicefs-c03-r2-20260817-183244/logs/go126-B-candidate-U1-single.log
+C03R2 run-c03-r2.sh:224: printf '%s\t%s\tsingle\t%s\t%s\t1\t1\t%s\t%s\t0\t%s\t%s\n' B-candidate go126 TestFullBlockDispatchedWhenSliceIDBecomesReady 0 1 0 0 logs/go126-B-candidate-U1-single.log
++C03R2 run-c03-r2.sh:296: tail -1 /home/lilingfeng/tmp/juicefs-c03-r2-20260817-183244/meta/community-results.tsv
++C03R2 run-c03-r2.sh:296: awk '-F\t' '{print $5}'
+C03R2 run-c03-r2.sh:296: '[' 0 = 0 ']'
+C03R2 run-c03-r2.sh:293: for id_tn in "U1:$U1" "U2:$U2" "U3:$U3"
+C03R2 run-c03-r2.sh:294: id=U2
+C03R2 run-c03-r2.sh:294: tn=TestPartialBlockNotDispatchedWhenSliceIDBecomesReady
+C03R2 run-c03-r2.sh:295: run_and_record go126 local /home/lilingfeng/tmp/juicefs-c03-r2-20260817-183244/cache/go-build-126 B-candidate single TestPartialBlockNotDispatchedWhenSliceIDBecomesReady U2
+C03R2 run-c03-r2.sh:215: local tool=go126 tc=local bc=/home/lilingfeng/tmp/juicefs-c03-r2-20260817-183244/cache/go-build-126 arm=B-candidate mode=single test_name=TestPartialBlockNotDispatchedWhenSliceIDBecomesReady
+C03R2 run-c03-r2.sh:216: local id=U2
+C03R2 run-c03-r2.sh:217: local log_rel=logs/go126-B-candidate-U2-single.log
+C03R2 run-c03-r2.sh:218: local rc
+C03R2 run-c03-r2.sh:219: cd /home/lilingfeng/tmp/juicefs-c03-r2-20260817-183244/src/B-candidate
+C03R2 run-c03-r2.sh:219: env GOTOOLCHAIN=local GOCACHE=/home/lilingfeng/tmp/juicefs-c03-r2-20260817-183244/cache/go-build-126 GOFLAGS=-mod=readonly GOPROXY=https://goproxy.cn,direct GOMODCACHE=/home/lilingfeng/tmp/juicefs-c03-r2-20260817-183244/cache/go-mod GOTMPDIR=/home/lilingfeng/tmp/juicefs-c03-r2-20260817-183244/cache/go-tmp TMPDIR=/home/lilingfeng/tmp/juicefs-c03-r2-20260817-183244/cache/os-tmp go test ./pkg/vfs -run '^TestPartialBlockNotDispatchedWhenSliceIDBecomesReady$' -count=1 -v -timeout=2m
+C03R2 run-c03-r2.sh:219: rc=0
+C03R2 run-c03-r2.sh:220: printf '%s\n' 0
++C03R2 run-c03-r2.sh:221: grep -c -- '--- PASS: TestPartialBlockNotDispatchedWhenSliceIDBecomesReady' /home/lilingfeng/tmp/juicefs-c03-r2-20260817-183244/logs/go126-B-candidate-U2-single.log
+C03R2 run-c03-r2.sh:221: local pass=1
++C03R2 run-c03-r2.sh:222: grep -c -- '--- FAIL: TestPartialBlockNotDispatchedWhenSliceIDBecomesReady' /home/lilingfeng/tmp/juicefs-c03-r2-20260817-183244/logs/go126-B-candidate-U2-single.log
++C03R2 run-c03-r2.sh:222: true
+C03R2 run-c03-r2.sh:222: local fail=0
+C03R2 run-c03-r2.sh:223: local bad=0
+C03R2 run-c03-r2.sh:223: grep -Eq '\[build failed\]|panic:|fatal error:|test timed out|DATA RACE|no tests to run' /home/lilingfeng/tmp/juicefs-c03-r2-20260817-183244/logs/go126-B-candidate-U2-single.log
+C03R2 run-c03-r2.sh:224: printf '%s\t%s\tsingle\t%s\t%s\t1\t1\t%s\t%s\t0\t%s\t%s\n' B-candidate go126 TestPartialBlockNotDispatchedWhenSliceIDBecomesReady 0 1 0 0 logs/go126-B-candidate-U2-single.log
++C03R2 run-c03-r2.sh:296: tail -1 /home/lilingfeng/tmp/juicefs-c03-r2-20260817-183244/meta/community-results.tsv
++C03R2 run-c03-r2.sh:296: awk '-F\t' '{print $5}'
+C03R2 run-c03-r2.sh:296: '[' 0 = 0 ']'
+C03R2 run-c03-r2.sh:293: for id_tn in "U1:$U1" "U2:$U2" "U3:$U3"
+C03R2 run-c03-r2.sh:294: id=U3
+C03R2 run-c03-r2.sh:294: tn=TestFlushErrorRecordedWhenSliceIDBecomesReady
+C03R2 run-c03-r2.sh:295: run_and_record go126 local /home/lilingfeng/tmp/juicefs-c03-r2-20260817-183244/cache/go-build-126 B-candidate single TestFlushErrorRecordedWhenSliceIDBecomesReady U3
+C03R2 run-c03-r2.sh:215: local tool=go126 tc=local bc=/home/lilingfeng/tmp/juicefs-c03-r2-20260817-183244/cache/go-build-126 arm=B-candidate mode=single test_name=TestFlushErrorRecordedWhenSliceIDBecomesReady
+C03R2 run-c03-r2.sh:216: local id=U3
+C03R2 run-c03-r2.sh:217: local log_rel=logs/go126-B-candidate-U3-single.log
+C03R2 run-c03-r2.sh:218: local rc
+C03R2 run-c03-r2.sh:219: cd /home/lilingfeng/tmp/juicefs-c03-r2-20260817-183244/src/B-candidate
+C03R2 run-c03-r2.sh:219: env GOTOOLCHAIN=local GOCACHE=/home/lilingfeng/tmp/juicefs-c03-r2-20260817-183244/cache/go-build-126 GOFLAGS=-mod=readonly GOPROXY=https://goproxy.cn,direct GOMODCACHE=/home/lilingfeng/tmp/juicefs-c03-r2-20260817-183244/cache/go-mod GOTMPDIR=/home/lilingfeng/tmp/juicefs-c03-r2-20260817-183244/cache/go-tmp TMPDIR=/home/lilingfeng/tmp/juicefs-c03-r2-20260817-183244/cache/os-tmp go test ./pkg/vfs -run '^TestFlushErrorRecordedWhenSliceIDBecomesReady$' -count=1 -v -timeout=2m
+C03R2 run-c03-r2.sh:219: rc=0
+C03R2 run-c03-r2.sh:220: printf '%s\n' 0
++C03R2 run-c03-r2.sh:221: grep -c -- '--- PASS: TestFlushErrorRecordedWhenSliceIDBecomesReady' /home/lilingfeng/tmp/juicefs-c03-r2-20260817-183244/logs/go126-B-candidate-U3-single.log
+C03R2 run-c03-r2.sh:221: local pass=1
++C03R2 run-c03-r2.sh:222: grep -c -- '--- FAIL: TestFlushErrorRecordedWhenSliceIDBecomesReady' /home/lilingfeng/tmp/juicefs-c03-r2-20260817-183244/logs/go126-B-candidate-U3-single.log
++C03R2 run-c03-r2.sh:222: true
+C03R2 run-c03-r2.sh:222: local fail=0
+C03R2 run-c03-r2.sh:223: local bad=0
+C03R2 run-c03-r2.sh:223: grep -Eq '\[build failed\]|panic:|fatal error:|test timed out|DATA RACE|no tests to run' /home/lilingfeng/tmp/juicefs-c03-r2-20260817-183244/logs/go126-B-candidate-U3-single.log
+C03R2 run-c03-r2.sh:224: printf '%s\t%s\tsingle\t%s\t%s\t1\t1\t%s\t%s\t0\t%s\t%s\n' B-candidate go126 TestFlushErrorRecordedWhenSliceIDBecomesReady 0 1 0 0 logs/go126-B-candidate-U3-single.log
++C03R2 run-c03-r2.sh:296: tail -1 /home/lilingfeng/tmp/juicefs-c03-r2-20260817-183244/meta/community-results.tsv
++C03R2 run-c03-r2.sh:296: awk '-F\t' '{print $5}'
+C03R2 run-c03-r2.sh:296: '[' 0 = 0 ']'
+C03R2 run-c03-r2.sh:298: run_count_and_record go126 local /home/lilingfeng/tmp/juicefs-c03-r2-20260817-183244/cache/go-build-126 B-candidate count100 '^(TestFullBlockDispatchedWhenSliceIDBecomesReady|TestPartialBlockNotDispatchedWhenSliceIDBecomesReady|TestFlushErrorRecordedWhenSliceIDBecomesReady)$' 100 'TestFullBlockDispatchedWhenSliceIDBecomesReady\nTestPartialBlockNotDispatchedWhenSliceIDBecomesReady\nTestFlushErrorRecordedWhenSliceIDBecomesReady'
+C03R2 run-c03-r2.sh:228: local tool=go126 tc=local bc=/home/lilingfeng/tmp/juicefs-c03-r2-20260817-183244/cache/go-build-126 arm=B-candidate mode=count100 're=^(TestFullBlockDispatchedWhenSliceIDBecomesReady|TestPartialBlockNotDispatchedWhenSliceIDBecomesReady|TestFlushErrorRecordedWhenSliceIDBecomesReady)$' count=100 'test_names=TestFullBlockDispatchedWhenSliceIDBecomesReady\nTestPartialBlockNotDispatchedWhenSliceIDBecomesReady\nTestFlushErrorRecordedWhenSliceIDBecomesReady'
+C03R2 run-c03-r2.sh:229: local log_rel=logs/go126-B-candidate-count100.log
+C03R2 run-c03-r2.sh:230: local extra=
+C03R2 run-c03-r2.sh:230: '[' count100 = race20 ']'
+C03R2 run-c03-r2.sh:231: local rc
+C03R2 run-c03-r2.sh:232: cd /home/lilingfeng/tmp/juicefs-c03-r2-20260817-183244/src/B-candidate
+C03R2 run-c03-r2.sh:232: env GOTOOLCHAIN=local GOCACHE=/home/lilingfeng/tmp/juicefs-c03-r2-20260817-183244/cache/go-build-126 GOFLAGS=-mod=readonly GOPROXY=https://goproxy.cn,direct GOMODCACHE=/home/lilingfeng/tmp/juicefs-c03-r2-20260817-183244/cache/go-mod GOTMPDIR=/home/lilingfeng/tmp/juicefs-c03-r2-20260817-183244/cache/go-tmp TMPDIR=/home/lilingfeng/tmp/juicefs-c03-r2-20260817-183244/cache/os-tmp go test ./pkg/vfs -run '^(TestFullBlockDispatchedWhenSliceIDBecomesReady|TestPartialBlockNotDispatchedWhenSliceIDBecomesReady|TestFlushErrorRecordedWhenSliceIDBecomesReady)$' -count=100 -v -timeout=20m
+C03R2 run-c03-r2.sh:232: rc=0
+C03R2 run-c03-r2.sh:233: printf '%s\n' 0
+C03R2 run-c03-r2.sh:234: local bad=0
+C03R2 run-c03-r2.sh:234: grep -Eq '\[build failed\]|panic:|fatal error:|test timed out|DATA RACE|no tests to run' /home/lilingfeng/tmp/juicefs-c03-r2-20260817-183244/logs/go126-B-candidate-count100.log
+C03R2 run-c03-r2.sh:235: IFS=
+C03R2 run-c03-r2.sh:235: read -r tn
++C03R2 run-c03-r2.sh:236: grep -c -- '--- PASS: TestFullBlockDispatchedWhenSliceIDBecomesReady\nTestPartialBlockNotDispatchedWhenSliceIDBecomesReady\nTestFlushErrorRecordedWhenSliceIDBecomesReady' /home/lilingfeng/tmp/juicefs-c03-r2-20260817-183244/logs/go126-B-candidate-count100.log
++C03R2 run-c03-r2.sh:236: true
+C03R2 run-c03-r2.sh:236: local pass=0
++C03R2 run-c03-r2.sh:237: grep -c -- '--- FAIL: TestFullBlockDispatchedWhenSliceIDBecomesReady\nTestPartialBlockNotDispatchedWhenSliceIDBecomesReady\nTestFlushErrorRecordedWhenSliceIDBecomesReady' /home/lilingfeng/tmp/juicefs-c03-r2-20260817-183244/logs/go126-B-candidate-count100.log
++C03R2 run-c03-r2.sh:237: true
+C03R2 run-c03-r2.sh:237: local fail=0
+C03R2 run-c03-r2.sh:238: printf '%s\t%s\t%s\t%s\t%s\t%s\t%s\t%s\t%s\t%s\t%s\n' B-candidate go126 count100 'TestFullBlockDispatchedWhenSliceIDBecomesReady\nTestPartialBlockNotDispatchedWhenSliceIDBecomesReady\nTestFlushErrorRecordedWhenSliceIDBecomesReady' 0 100 100 0 0 0 logs/go126-B-candidate-count100.log
+C03R2 run-c03-r2.sh:235: IFS=
+C03R2 run-c03-r2.sh:235: read -r tn
++C03R2 run-c03-r2.sh:299: cat /home/lilingfeng/tmp/juicefs-c03-r2-20260817-183244/rc/go126-B-candidate-count100.rc
+C03R2 run-c03-r2.sh:299: '[' 0 = 0 ']'
+C03R2 run-c03-r2.sh:300: run_count_and_record go126 local /home/lilingfeng/tmp/juicefs-c03-r2-20260817-183244/cache/go-build-126 B-candidate race20 '^(TestFullBlockDispatchedWhenSliceIDBecomesReady|TestPartialBlockNotDispatchedWhenSliceIDBecomesReady|TestFlushErrorRecordedWhenSliceIDBecomesReady)$' 20 'TestFullBlockDispatchedWhenSliceIDBecomesReady\nTestPartialBlockNotDispatchedWhenSliceIDBecomesReady\nTestFlushErrorRecordedWhenSliceIDBecomesReady'
+C03R2 run-c03-r2.sh:228: local tool=go126 tc=local bc=/home/lilingfeng/tmp/juicefs-c03-r2-20260817-183244/cache/go-build-126 arm=B-candidate mode=race20 're=^(TestFullBlockDispatchedWhenSliceIDBecomesReady|TestPartialBlockNotDispatchedWhenSliceIDBecomesReady|TestFlushErrorRecordedWhenSliceIDBecomesReady)$' count=20 'test_names=TestFullBlockDispatchedWhenSliceIDBecomesReady\nTestPartialBlockNotDispatchedWhenSliceIDBecomesReady\nTestFlushErrorRecordedWhenSliceIDBecomesReady'
+C03R2 run-c03-r2.sh:229: local log_rel=logs/go126-B-candidate-race20.log
+C03R2 run-c03-r2.sh:230: local extra=
+C03R2 run-c03-r2.sh:230: '[' race20 = race20 ']'
+C03R2 run-c03-r2.sh:230: extra=-race
+C03R2 run-c03-r2.sh:231: local rc
+C03R2 run-c03-r2.sh:232: cd /home/lilingfeng/tmp/juicefs-c03-r2-20260817-183244/src/B-candidate
+C03R2 run-c03-r2.sh:232: env GOTOOLCHAIN=local GOCACHE=/home/lilingfeng/tmp/juicefs-c03-r2-20260817-183244/cache/go-build-126 GOFLAGS=-mod=readonly GOPROXY=https://goproxy.cn,direct GOMODCACHE=/home/lilingfeng/tmp/juicefs-c03-r2-20260817-183244/cache/go-mod GOTMPDIR=/home/lilingfeng/tmp/juicefs-c03-r2-20260817-183244/cache/go-tmp TMPDIR=/home/lilingfeng/tmp/juicefs-c03-r2-20260817-183244/cache/os-tmp go test -race ./pkg/vfs -run '^(TestFullBlockDispatchedWhenSliceIDBecomesReady|TestPartialBlockNotDispatchedWhenSliceIDBecomesReady|TestFlushErrorRecordedWhenSliceIDBecomesReady)$' -count=20 -v -timeout=20m
+C03R2 run-c03-r2.sh:232: rc=0
+C03R2 run-c03-r2.sh:233: printf '%s\n' 0
+C03R2 run-c03-r2.sh:234: local bad=0
+C03R2 run-c03-r2.sh:234: grep -Eq '\[build failed\]|panic:|fatal error:|test timed out|DATA RACE|no tests to run' /home/lilingfeng/tmp/juicefs-c03-r2-20260817-183244/logs/go126-B-candidate-race20.log
+C03R2 run-c03-r2.sh:235: IFS=
+C03R2 run-c03-r2.sh:235: read -r tn
++C03R2 run-c03-r2.sh:236: grep -c -- '--- PASS: TestFullBlockDispatchedWhenSliceIDBecomesReady\nTestPartialBlockNotDispatchedWhenSliceIDBecomesReady\nTestFlushErrorRecordedWhenSliceIDBecomesReady' /home/lilingfeng/tmp/juicefs-c03-r2-20260817-183244/logs/go126-B-candidate-race20.log
++C03R2 run-c03-r2.sh:236: true
+C03R2 run-c03-r2.sh:236: local pass=0
++C03R2 run-c03-r2.sh:237: grep -c -- '--- FAIL: TestFullBlockDispatchedWhenSliceIDBecomesReady\nTestPartialBlockNotDispatchedWhenSliceIDBecomesReady\nTestFlushErrorRecordedWhenSliceIDBecomesReady' /home/lilingfeng/tmp/juicefs-c03-r2-20260817-183244/logs/go126-B-candidate-race20.log
++C03R2 run-c03-r2.sh:237: true
+C03R2 run-c03-r2.sh:237: local fail=0
+C03R2 run-c03-r2.sh:238: printf '%s\t%s\t%s\t%s\t%s\t%s\t%s\t%s\t%s\t%s\t%s\n' B-candidate go126 race20 'TestFullBlockDispatchedWhenSliceIDBecomesReady\nTestPartialBlockNotDispatchedWhenSliceIDBecomesReady\nTestFlushErrorRecordedWhenSliceIDBecomesReady' 0 20 20 0 0 0 logs/go126-B-candidate-race20.log
+C03R2 run-c03-r2.sh:235: IFS=
+C03R2 run-c03-r2.sh:235: read -r tn
++C03R2 run-c03-r2.sh:301: cat /home/lilingfeng/tmp/juicefs-c03-r2-20260817-183244/rc/go126-B-candidate-race20.rc
+C03R2 run-c03-r2.sh:301: '[' 0 = 0 ']'
+C03R2 run-c03-r2.sh:302: grep -q 'DATA RACE' /home/lilingfeng/tmp/juicefs-c03-r2-20260817-183244/logs/go126-B-candidate-race20.log
+C03R2 run-c03-r2.sh:304: resolve_gate B_community_single YES meta/community-results.tsv
+C03R2 run-c03-r2.sh:40: local name=B_community_single status=YES evidence=meta/community-results.tsv
+C03R2 run-c03-r2.sh:41: '[' 0 -ge 1 ']'
+C03R2 run-c03-r2.sh:45: GATE_STATUS[$name]=YES
+C03R2 run-c03-r2.sh:46: GATE_EVIDENCE[$name]=meta/community-results.tsv
+C03R2 run-c03-r2.sh:47: GATE_RESOLVED[$name]=1
+C03R2 run-c03-r2.sh:305: resolve_gate B_community_count100 YES meta/community-results.tsv
+C03R2 run-c03-r2.sh:40: local name=B_community_count100 status=YES evidence=meta/community-results.tsv
+C03R2 run-c03-r2.sh:41: '[' 0 -ge 1 ']'
+C03R2 run-c03-r2.sh:45: GATE_STATUS[$name]=YES
+C03R2 run-c03-r2.sh:46: GATE_EVIDENCE[$name]=meta/community-results.tsv
+C03R2 run-c03-r2.sh:47: GATE_RESOLVED[$name]=1
+C03R2 run-c03-r2.sh:306: resolve_gate B_community_race20 YES meta/community-results.tsv
+C03R2 run-c03-r2.sh:40: local name=B_community_race20 status=YES evidence=meta/community-results.tsv
+C03R2 run-c03-r2.sh:41: '[' 0 -ge 1 ']'
+C03R2 run-c03-r2.sh:45: GATE_STATUS[$name]=YES
+C03R2 run-c03-r2.sh:46: GATE_EVIDENCE[$name]=meta/community-results.tsv
+C03R2 run-c03-r2.sh:47: GATE_RESOLVED[$name]=1
+C03R2 run-c03-r2.sh:309: record_anchor C03R2_ANCHOR:SEMANTIC
+C03R2 run-c03-r2.sh:54: printf '%s\n' C03R2_ANCHOR:SEMANTIC
+C03R2 run-c03-r2.sh:54: echo C03R2_ANCHOR:SEMANTIC
+C03R2 run-c03-r2.sh:310: git -C /home/lilingfeng/tmp/juicefs-c03-r2-20260817-183244/src/Q-semantic apply --check /home/lilingfeng/tmp/juicefs-c03-r2-input-20260817-182702/async-catchup-main.patch
+C03R2 run-c03-r2.sh:311: git -C /home/lilingfeng/tmp/juicefs-c03-r2-20260817-183244/src/Q-semantic apply /home/lilingfeng/tmp/juicefs-c03-r2-input-20260817-182702/async-catchup-main.patch
+C03R2 run-c03-r2.sh:312: env GOTOOLCHAIN=local GOCACHE=/home/lilingfeng/tmp/juicefs-c03-r2-20260817-183244/cache/go-build-126 gofmt -w /home/lilingfeng/tmp/juicefs-c03-r2-20260817-183244/src/Q-semantic/pkg/vfs/writer.go
+C03R2 run-c03-r2.sh:313: cp /home/lilingfeng/tmp/juicefs-c03-r2-input-20260817-182702/writer_flush_c02_test.go /home/lilingfeng/tmp/juicefs-c03-r2-20260817-183244/src/Q-semantic/pkg/vfs/writer_flush_c02_test.go
+C03R2 run-c03-r2.sh:314: git -C /home/lilingfeng/tmp/juicefs-c03-r2-20260817-183244/src/Q-semantic add -N pkg/vfs/writer_flush_c02_test.go
+C03R2 run-c03-r2.sh:316: printf 'arm\ttool\tmode\ttest\tactual_rc\texpected_run\texpected_pass\tactual_pass\tactual_fail\tbad\tlog\n'
+C03R2 run-c03-r2.sh:317: Q_SINGLE=YES
+C03R2 run-c03-r2.sh:317: Q_COUNT=YES
+C03R2 run-c03-r2.sh:317: Q_RACE=YES
++C03R2 run-c03-r2.sh:318: printf '%s\n' TestC02FullBlockDispatchAfterDelayedID TestC02MultiBlockDispatchUsesLatestLength TestC02FlushToFailureIsObservable TestC02PartialThenFullAfterIDDispatchesOnce TestC02DelayedNewSliceDoesNotBlockWriteAt TestC02NonEIONewSliceDoesNotRetryBeforeFlush TestC02TransientEIORecoversOnFreeze TestC02PermanentENOSPCAbortsFrozenSlice TestC02FrozenSliceSkipsCatchupFlush TestC02ConcurrentIndependentFullBlocks
+C03R2 run-c03-r2.sh:318: C02_TESTS_STR=$'TestC02FullBlockDispatchAfterDelayedID\nTestC02MultiBlockDispatchUsesLatestLength\nTestC02FlushToFailureIsObservable\nTestC02PartialThenFullAfterIDDispatchesOnce\nTestC02DelayedNewSliceDoesNotBlockWriteAt\nTestC02NonEIONewSliceDoesNotRetryBeforeFlush\nTestC02TransientEIORecoversOnFreeze\nTestC02PermanentENOSPCAbortsFrozenSlice\nTestC02FrozenSliceSkipsCatchupFlush\nTestC02ConcurrentIndependentFullBlocks'
+C03R2 run-c03-r2.sh:319: for TOOL in go125 go126
+C03R2 run-c03-r2.sh:320: '[' go125 = go125 ']'
+C03R2 run-c03-r2.sh:320: TC=go1.25.7
+C03R2 run-c03-r2.sh:320: BC=/home/lilingfeng/tmp/juicefs-c03-r2-20260817-183244/cache/go-build-125
+C03R2 run-c03-r2.sh:321: for tn in "${C02_TESTS[@]}"
+C03R2 run-c03-r2.sh:322: short=FullBlockDispatchAfterDelayedID
+C03R2 run-c03-r2.sh:323: run_and_record go125 go1.25.7 /home/lilingfeng/tmp/juicefs-c03-r2-20260817-183244/cache/go-build-125 Q-semantic single TestC02FullBlockDispatchAfterDelayedID FullBlockDispatchAfterDelayedID
+C03R2 run-c03-r2.sh:215: local tool=go125 tc=go1.25.7 bc=/home/lilingfeng/tmp/juicefs-c03-r2-20260817-183244/cache/go-build-125 arm=Q-semantic mode=single test_name=TestC02FullBlockDispatchAfterDelayedID
+C03R2 run-c03-r2.sh:216: local id=FullBlockDispatchAfterDelayedID
+C03R2 run-c03-r2.sh:217: local log_rel=logs/go125-Q-semantic-FullBlockDispatchAfterDelayedID-single.log
+C03R2 run-c03-r2.sh:218: local rc
+C03R2 run-c03-r2.sh:219: cd /home/lilingfeng/tmp/juicefs-c03-r2-20260817-183244/src/Q-semantic
+C03R2 run-c03-r2.sh:219: env GOTOOLCHAIN=go1.25.7 GOCACHE=/home/lilingfeng/tmp/juicefs-c03-r2-20260817-183244/cache/go-build-125 GOFLAGS=-mod=readonly GOPROXY=https://goproxy.cn,direct GOMODCACHE=/home/lilingfeng/tmp/juicefs-c03-r2-20260817-183244/cache/go-mod GOTMPDIR=/home/lilingfeng/tmp/juicefs-c03-r2-20260817-183244/cache/go-tmp TMPDIR=/home/lilingfeng/tmp/juicefs-c03-r2-20260817-183244/cache/os-tmp go test ./pkg/vfs -run '^TestC02FullBlockDispatchAfterDelayedID$' -count=1 -v -timeout=2m
+C03R2 run-c03-r2.sh:219: rc=0
+C03R2 run-c03-r2.sh:220: printf '%s\n' 0
++C03R2 run-c03-r2.sh:221: grep -c -- '--- PASS: TestC02FullBlockDispatchAfterDelayedID' /home/lilingfeng/tmp/juicefs-c03-r2-20260817-183244/logs/go125-Q-semantic-FullBlockDispatchAfterDelayedID-single.log
+C03R2 run-c03-r2.sh:221: local pass=1
++C03R2 run-c03-r2.sh:222: grep -c -- '--- FAIL: TestC02FullBlockDispatchAfterDelayedID' /home/lilingfeng/tmp/juicefs-c03-r2-20260817-183244/logs/go125-Q-semantic-FullBlockDispatchAfterDelayedID-single.log
++C03R2 run-c03-r2.sh:222: true
+C03R2 run-c03-r2.sh:222: local fail=0
+C03R2 run-c03-r2.sh:223: local bad=0
+C03R2 run-c03-r2.sh:223: grep -Eq '\[build failed\]|panic:|fatal error:|test timed out|DATA RACE|no tests to run' /home/lilingfeng/tmp/juicefs-c03-r2-20260817-183244/logs/go125-Q-semantic-FullBlockDispatchAfterDelayedID-single.log
+C03R2 run-c03-r2.sh:224: printf '%s\t%s\tsingle\t%s\t%s\t1\t1\t%s\t%s\t0\t%s\t%s\n' Q-semantic go125 TestC02FullBlockDispatchAfterDelayedID 0 1 0 0 logs/go125-Q-semantic-FullBlockDispatchAfterDelayedID-single.log
++C03R2 run-c03-r2.sh:324: tail -1 /home/lilingfeng/tmp/juicefs-c03-r2-20260817-183244/meta/semantic-results.tsv
++C03R2 run-c03-r2.sh:324: awk '-F\t' '{print $5}'
+C03R2 run-c03-r2.sh:324: '[' 0 = 0 ']'
+C03R2 run-c03-r2.sh:321: for tn in "${C02_TESTS[@]}"
+C03R2 run-c03-r2.sh:322: short=MultiBlockDispatchUsesLatestLength
+C03R2 run-c03-r2.sh:323: run_and_record go125 go1.25.7 /home/lilingfeng/tmp/juicefs-c03-r2-20260817-183244/cache/go-build-125 Q-semantic single TestC02MultiBlockDispatchUsesLatestLength MultiBlockDispatchUsesLatestLength
+C03R2 run-c03-r2.sh:215: local tool=go125 tc=go1.25.7 bc=/home/lilingfeng/tmp/juicefs-c03-r2-20260817-183244/cache/go-build-125 arm=Q-semantic mode=single test_name=TestC02MultiBlockDispatchUsesLatestLength
+C03R2 run-c03-r2.sh:216: local id=MultiBlockDispatchUsesLatestLength
+C03R2 run-c03-r2.sh:217: local log_rel=logs/go125-Q-semantic-MultiBlockDispatchUsesLatestLength-single.log
+C03R2 run-c03-r2.sh:218: local rc
+C03R2 run-c03-r2.sh:219: cd /home/lilingfeng/tmp/juicefs-c03-r2-20260817-183244/src/Q-semantic
+C03R2 run-c03-r2.sh:219: env GOTOOLCHAIN=go1.25.7 GOCACHE=/home/lilingfeng/tmp/juicefs-c03-r2-20260817-183244/cache/go-build-125 GOFLAGS=-mod=readonly GOPROXY=https://goproxy.cn,direct GOMODCACHE=/home/lilingfeng/tmp/juicefs-c03-r2-20260817-183244/cache/go-mod GOTMPDIR=/home/lilingfeng/tmp/juicefs-c03-r2-20260817-183244/cache/go-tmp TMPDIR=/home/lilingfeng/tmp/juicefs-c03-r2-20260817-183244/cache/os-tmp go test ./pkg/vfs -run '^TestC02MultiBlockDispatchUsesLatestLength$' -count=1 -v -timeout=2m
+C03R2 run-c03-r2.sh:219: rc=0
+C03R2 run-c03-r2.sh:220: printf '%s\n' 0
++C03R2 run-c03-r2.sh:221: grep -c -- '--- PASS: TestC02MultiBlockDispatchUsesLatestLength' /home/lilingfeng/tmp/juicefs-c03-r2-20260817-183244/logs/go125-Q-semantic-MultiBlockDispatchUsesLatestLength-single.log
+C03R2 run-c03-r2.sh:221: local pass=1
++C03R2 run-c03-r2.sh:222: grep -c -- '--- FAIL: TestC02MultiBlockDispatchUsesLatestLength' /home/lilingfeng/tmp/juicefs-c03-r2-20260817-183244/logs/go125-Q-semantic-MultiBlockDispatchUsesLatestLength-single.log
++C03R2 run-c03-r2.sh:222: true
+C03R2 run-c03-r2.sh:222: local fail=0
+C03R2 run-c03-r2.sh:223: local bad=0
+C03R2 run-c03-r2.sh:223: grep -Eq '\[build failed\]|panic:|fatal error:|test timed out|DATA RACE|no tests to run' /home/lilingfeng/tmp/juicefs-c03-r2-20260817-183244/logs/go125-Q-semantic-MultiBlockDispatchUsesLatestLength-single.log
+C03R2 run-c03-r2.sh:224: printf '%s\t%s\tsingle\t%s\t%s\t1\t1\t%s\t%s\t0\t%s\t%s\n' Q-semantic go125 TestC02MultiBlockDispatchUsesLatestLength 0 1 0 0 logs/go125-Q-semantic-MultiBlockDispatchUsesLatestLength-single.log
++C03R2 run-c03-r2.sh:324: tail -1 /home/lilingfeng/tmp/juicefs-c03-r2-20260817-183244/meta/semantic-results.tsv
++C03R2 run-c03-r2.sh:324: awk '-F\t' '{print $5}'
+C03R2 run-c03-r2.sh:324: '[' 0 = 0 ']'
+C03R2 run-c03-r2.sh:321: for tn in "${C02_TESTS[@]}"
+C03R2 run-c03-r2.sh:322: short=FlushToFailureIsObservable
+C03R2 run-c03-r2.sh:323: run_and_record go125 go1.25.7 /home/lilingfeng/tmp/juicefs-c03-r2-20260817-183244/cache/go-build-125 Q-semantic single TestC02FlushToFailureIsObservable FlushToFailureIsObservable
+C03R2 run-c03-r2.sh:215: local tool=go125 tc=go1.25.7 bc=/home/lilingfeng/tmp/juicefs-c03-r2-20260817-183244/cache/go-build-125 arm=Q-semantic mode=single test_name=TestC02FlushToFailureIsObservable
+C03R2 run-c03-r2.sh:216: local id=FlushToFailureIsObservable
+C03R2 run-c03-r2.sh:217: local log_rel=logs/go125-Q-semantic-FlushToFailureIsObservable-single.log
+C03R2 run-c03-r2.sh:218: local rc
+C03R2 run-c03-r2.sh:219: cd /home/lilingfeng/tmp/juicefs-c03-r2-20260817-183244/src/Q-semantic
+C03R2 run-c03-r2.sh:219: env GOTOOLCHAIN=go1.25.7 GOCACHE=/home/lilingfeng/tmp/juicefs-c03-r2-20260817-183244/cache/go-build-125 GOFLAGS=-mod=readonly GOPROXY=https://goproxy.cn,direct GOMODCACHE=/home/lilingfeng/tmp/juicefs-c03-r2-20260817-183244/cache/go-mod GOTMPDIR=/home/lilingfeng/tmp/juicefs-c03-r2-20260817-183244/cache/go-tmp TMPDIR=/home/lilingfeng/tmp/juicefs-c03-r2-20260817-183244/cache/os-tmp go test ./pkg/vfs -run '^TestC02FlushToFailureIsObservable$' -count=1 -v -timeout=2m
+C03R2 run-c03-r2.sh:219: rc=0
+C03R2 run-c03-r2.sh:220: printf '%s\n' 0
++C03R2 run-c03-r2.sh:221: grep -c -- '--- PASS: TestC02FlushToFailureIsObservable' /home/lilingfeng/tmp/juicefs-c03-r2-20260817-183244/logs/go125-Q-semantic-FlushToFailureIsObservable-single.log
+C03R2 run-c03-r2.sh:221: local pass=1
++C03R2 run-c03-r2.sh:222: grep -c -- '--- FAIL: TestC02FlushToFailureIsObservable' /home/lilingfeng/tmp/juicefs-c03-r2-20260817-183244/logs/go125-Q-semantic-FlushToFailureIsObservable-single.log
++C03R2 run-c03-r2.sh:222: true
+C03R2 run-c03-r2.sh:222: local fail=0
+C03R2 run-c03-r2.sh:223: local bad=0
+C03R2 run-c03-r2.sh:223: grep -Eq '\[build failed\]|panic:|fatal error:|test timed out|DATA RACE|no tests to run' /home/lilingfeng/tmp/juicefs-c03-r2-20260817-183244/logs/go125-Q-semantic-FlushToFailureIsObservable-single.log
+C03R2 run-c03-r2.sh:224: printf '%s\t%s\tsingle\t%s\t%s\t1\t1\t%s\t%s\t0\t%s\t%s\n' Q-semantic go125 TestC02FlushToFailureIsObservable 0 1 0 0 logs/go125-Q-semantic-FlushToFailureIsObservable-single.log
++C03R2 run-c03-r2.sh:324: tail -1 /home/lilingfeng/tmp/juicefs-c03-r2-20260817-183244/meta/semantic-results.tsv
++C03R2 run-c03-r2.sh:324: awk '-F\t' '{print $5}'
+C03R2 run-c03-r2.sh:324: '[' 0 = 0 ']'
+C03R2 run-c03-r2.sh:321: for tn in "${C02_TESTS[@]}"
+C03R2 run-c03-r2.sh:322: short=PartialThenFullAfterIDDispatchesOnce
+C03R2 run-c03-r2.sh:323: run_and_record go125 go1.25.7 /home/lilingfeng/tmp/juicefs-c03-r2-20260817-183244/cache/go-build-125 Q-semantic single TestC02PartialThenFullAfterIDDispatchesOnce PartialThenFullAfterIDDispatchesOnce
+C03R2 run-c03-r2.sh:215: local tool=go125 tc=go1.25.7 bc=/home/lilingfeng/tmp/juicefs-c03-r2-20260817-183244/cache/go-build-125 arm=Q-semantic mode=single test_name=TestC02PartialThenFullAfterIDDispatchesOnce
+C03R2 run-c03-r2.sh:216: local id=PartialThenFullAfterIDDispatchesOnce
+C03R2 run-c03-r2.sh:217: local log_rel=logs/go125-Q-semantic-PartialThenFullAfterIDDispatchesOnce-single.log
+C03R2 run-c03-r2.sh:218: local rc
+C03R2 run-c03-r2.sh:219: cd /home/lilingfeng/tmp/juicefs-c03-r2-20260817-183244/src/Q-semantic
+C03R2 run-c03-r2.sh:219: env GOTOOLCHAIN=go1.25.7 GOCACHE=/home/lilingfeng/tmp/juicefs-c03-r2-20260817-183244/cache/go-build-125 GOFLAGS=-mod=readonly GOPROXY=https://goproxy.cn,direct GOMODCACHE=/home/lilingfeng/tmp/juicefs-c03-r2-20260817-183244/cache/go-mod GOTMPDIR=/home/lilingfeng/tmp/juicefs-c03-r2-20260817-183244/cache/go-tmp TMPDIR=/home/lilingfeng/tmp/juicefs-c03-r2-20260817-183244/cache/os-tmp go test ./pkg/vfs -run '^TestC02PartialThenFullAfterIDDispatchesOnce$' -count=1 -v -timeout=2m
+C03R2 run-c03-r2.sh:219: rc=0
+C03R2 run-c03-r2.sh:220: printf '%s\n' 0
++C03R2 run-c03-r2.sh:221: grep -c -- '--- PASS: TestC02PartialThenFullAfterIDDispatchesOnce' /home/lilingfeng/tmp/juicefs-c03-r2-20260817-183244/logs/go125-Q-semantic-PartialThenFullAfterIDDispatchesOnce-single.log
+C03R2 run-c03-r2.sh:221: local pass=1
++C03R2 run-c03-r2.sh:222: grep -c -- '--- FAIL: TestC02PartialThenFullAfterIDDispatchesOnce' /home/lilingfeng/tmp/juicefs-c03-r2-20260817-183244/logs/go125-Q-semantic-PartialThenFullAfterIDDispatchesOnce-single.log
++C03R2 run-c03-r2.sh:222: true
+C03R2 run-c03-r2.sh:222: local fail=0
+C03R2 run-c03-r2.sh:223: local bad=0
+C03R2 run-c03-r2.sh:223: grep -Eq '\[build failed\]|panic:|fatal error:|test timed out|DATA RACE|no tests to run' /home/lilingfeng/tmp/juicefs-c03-r2-20260817-183244/logs/go125-Q-semantic-PartialThenFullAfterIDDispatchesOnce-single.log
+C03R2 run-c03-r2.sh:224: printf '%s\t%s\tsingle\t%s\t%s\t1\t1\t%s\t%s\t0\t%s\t%s\n' Q-semantic go125 TestC02PartialThenFullAfterIDDispatchesOnce 0 1 0 0 logs/go125-Q-semantic-PartialThenFullAfterIDDispatchesOnce-single.log
++C03R2 run-c03-r2.sh:324: tail -1 /home/lilingfeng/tmp/juicefs-c03-r2-20260817-183244/meta/semantic-results.tsv
++C03R2 run-c03-r2.sh:324: awk '-F\t' '{print $5}'
+C03R2 run-c03-r2.sh:324: '[' 0 = 0 ']'
+C03R2 run-c03-r2.sh:321: for tn in "${C02_TESTS[@]}"
+C03R2 run-c03-r2.sh:322: short=DelayedNewSliceDoesNotBlockWriteAt
+C03R2 run-c03-r2.sh:323: run_and_record go125 go1.25.7 /home/lilingfeng/tmp/juicefs-c03-r2-20260817-183244/cache/go-build-125 Q-semantic single TestC02DelayedNewSliceDoesNotBlockWriteAt DelayedNewSliceDoesNotBlockWriteAt
+C03R2 run-c03-r2.sh:215: local tool=go125 tc=go1.25.7 bc=/home/lilingfeng/tmp/juicefs-c03-r2-20260817-183244/cache/go-build-125 arm=Q-semantic mode=single test_name=TestC02DelayedNewSliceDoesNotBlockWriteAt
+C03R2 run-c03-r2.sh:216: local id=DelayedNewSliceDoesNotBlockWriteAt
+C03R2 run-c03-r2.sh:217: local log_rel=logs/go125-Q-semantic-DelayedNewSliceDoesNotBlockWriteAt-single.log
+C03R2 run-c03-r2.sh:218: local rc
+C03R2 run-c03-r2.sh:219: cd /home/lilingfeng/tmp/juicefs-c03-r2-20260817-183244/src/Q-semantic
+C03R2 run-c03-r2.sh:219: env GOTOOLCHAIN=go1.25.7 GOCACHE=/home/lilingfeng/tmp/juicefs-c03-r2-20260817-183244/cache/go-build-125 GOFLAGS=-mod=readonly GOPROXY=https://goproxy.cn,direct GOMODCACHE=/home/lilingfeng/tmp/juicefs-c03-r2-20260817-183244/cache/go-mod GOTMPDIR=/home/lilingfeng/tmp/juicefs-c03-r2-20260817-183244/cache/go-tmp TMPDIR=/home/lilingfeng/tmp/juicefs-c03-r2-20260817-183244/cache/os-tmp go test ./pkg/vfs -run '^TestC02DelayedNewSliceDoesNotBlockWriteAt$' -count=1 -v -timeout=2m
+C03R2 run-c03-r2.sh:219: rc=0
+C03R2 run-c03-r2.sh:220: printf '%s\n' 0
++C03R2 run-c03-r2.sh:221: grep -c -- '--- PASS: TestC02DelayedNewSliceDoesNotBlockWriteAt' /home/lilingfeng/tmp/juicefs-c03-r2-20260817-183244/logs/go125-Q-semantic-DelayedNewSliceDoesNotBlockWriteAt-single.log
+C03R2 run-c03-r2.sh:221: local pass=1
++C03R2 run-c03-r2.sh:222: grep -c -- '--- FAIL: TestC02DelayedNewSliceDoesNotBlockWriteAt' /home/lilingfeng/tmp/juicefs-c03-r2-20260817-183244/logs/go125-Q-semantic-DelayedNewSliceDoesNotBlockWriteAt-single.log
++C03R2 run-c03-r2.sh:222: true
+C03R2 run-c03-r2.sh:222: local fail=0
+C03R2 run-c03-r2.sh:223: local bad=0
+C03R2 run-c03-r2.sh:223: grep -Eq '\[build failed\]|panic:|fatal error:|test timed out|DATA RACE|no tests to run' /home/lilingfeng/tmp/juicefs-c03-r2-20260817-183244/logs/go125-Q-semantic-DelayedNewSliceDoesNotBlockWriteAt-single.log
+C03R2 run-c03-r2.sh:224: printf '%s\t%s\tsingle\t%s\t%s\t1\t1\t%s\t%s\t0\t%s\t%s\n' Q-semantic go125 TestC02DelayedNewSliceDoesNotBlockWriteAt 0 1 0 0 logs/go125-Q-semantic-DelayedNewSliceDoesNotBlockWriteAt-single.log
++C03R2 run-c03-r2.sh:324: tail -1 /home/lilingfeng/tmp/juicefs-c03-r2-20260817-183244/meta/semantic-results.tsv
++C03R2 run-c03-r2.sh:324: awk '-F\t' '{print $5}'
+C03R2 run-c03-r2.sh:324: '[' 0 = 0 ']'
+C03R2 run-c03-r2.sh:321: for tn in "${C02_TESTS[@]}"
+C03R2 run-c03-r2.sh:322: short=NonEIONewSliceDoesNotRetryBeforeFlush
+C03R2 run-c03-r2.sh:323: run_and_record go125 go1.25.7 /home/lilingfeng/tmp/juicefs-c03-r2-20260817-183244/cache/go-build-125 Q-semantic single TestC02NonEIONewSliceDoesNotRetryBeforeFlush NonEIONewSliceDoesNotRetryBeforeFlush
+C03R2 run-c03-r2.sh:215: local tool=go125 tc=go1.25.7 bc=/home/lilingfeng/tmp/juicefs-c03-r2-20260817-183244/cache/go-build-125 arm=Q-semantic mode=single test_name=TestC02NonEIONewSliceDoesNotRetryBeforeFlush
+C03R2 run-c03-r2.sh:216: local id=NonEIONewSliceDoesNotRetryBeforeFlush
+C03R2 run-c03-r2.sh:217: local log_rel=logs/go125-Q-semantic-NonEIONewSliceDoesNotRetryBeforeFlush-single.log
+C03R2 run-c03-r2.sh:218: local rc
+C03R2 run-c03-r2.sh:219: cd /home/lilingfeng/tmp/juicefs-c03-r2-20260817-183244/src/Q-semantic
+C03R2 run-c03-r2.sh:219: env GOTOOLCHAIN=go1.25.7 GOCACHE=/home/lilingfeng/tmp/juicefs-c03-r2-20260817-183244/cache/go-build-125 GOFLAGS=-mod=readonly GOPROXY=https://goproxy.cn,direct GOMODCACHE=/home/lilingfeng/tmp/juicefs-c03-r2-20260817-183244/cache/go-mod GOTMPDIR=/home/lilingfeng/tmp/juicefs-c03-r2-20260817-183244/cache/go-tmp TMPDIR=/home/lilingfeng/tmp/juicefs-c03-r2-20260817-183244/cache/os-tmp go test ./pkg/vfs -run '^TestC02NonEIONewSliceDoesNotRetryBeforeFlush$' -count=1 -v -timeout=2m
+C03R2 run-c03-r2.sh:219: rc=0
+C03R2 run-c03-r2.sh:220: printf '%s\n' 0
++C03R2 run-c03-r2.sh:221: grep -c -- '--- PASS: TestC02NonEIONewSliceDoesNotRetryBeforeFlush' /home/lilingfeng/tmp/juicefs-c03-r2-20260817-183244/logs/go125-Q-semantic-NonEIONewSliceDoesNotRetryBeforeFlush-single.log
+C03R2 run-c03-r2.sh:221: local pass=1
++C03R2 run-c03-r2.sh:222: grep -c -- '--- FAIL: TestC02NonEIONewSliceDoesNotRetryBeforeFlush' /home/lilingfeng/tmp/juicefs-c03-r2-20260817-183244/logs/go125-Q-semantic-NonEIONewSliceDoesNotRetryBeforeFlush-single.log
++C03R2 run-c03-r2.sh:222: true
+C03R2 run-c03-r2.sh:222: local fail=0
+C03R2 run-c03-r2.sh:223: local bad=0
+C03R2 run-c03-r2.sh:223: grep -Eq '\[build failed\]|panic:|fatal error:|test timed out|DATA RACE|no tests to run' /home/lilingfeng/tmp/juicefs-c03-r2-20260817-183244/logs/go125-Q-semantic-NonEIONewSliceDoesNotRetryBeforeFlush-single.log
+C03R2 run-c03-r2.sh:224: printf '%s\t%s\tsingle\t%s\t%s\t1\t1\t%s\t%s\t0\t%s\t%s\n' Q-semantic go125 TestC02NonEIONewSliceDoesNotRetryBeforeFlush 0 1 0 0 logs/go125-Q-semantic-NonEIONewSliceDoesNotRetryBeforeFlush-single.log
++C03R2 run-c03-r2.sh:324: tail -1 /home/lilingfeng/tmp/juicefs-c03-r2-20260817-183244/meta/semantic-results.tsv
++C03R2 run-c03-r2.sh:324: awk '-F\t' '{print $5}'
+C03R2 run-c03-r2.sh:324: '[' 0 = 0 ']'
+C03R2 run-c03-r2.sh:321: for tn in "${C02_TESTS[@]}"
+C03R2 run-c03-r2.sh:322: short=TransientEIORecoversOnFreeze
+C03R2 run-c03-r2.sh:323: run_and_record go125 go1.25.7 /home/lilingfeng/tmp/juicefs-c03-r2-20260817-183244/cache/go-build-125 Q-semantic single TestC02TransientEIORecoversOnFreeze TransientEIORecoversOnFreeze
+C03R2 run-c03-r2.sh:215: local tool=go125 tc=go1.25.7 bc=/home/lilingfeng/tmp/juicefs-c03-r2-20260817-183244/cache/go-build-125 arm=Q-semantic mode=single test_name=TestC02TransientEIORecoversOnFreeze
+C03R2 run-c03-r2.sh:216: local id=TransientEIORecoversOnFreeze
+C03R2 run-c03-r2.sh:217: local log_rel=logs/go125-Q-semantic-TransientEIORecoversOnFreeze-single.log
+C03R2 run-c03-r2.sh:218: local rc
+C03R2 run-c03-r2.sh:219: cd /home/lilingfeng/tmp/juicefs-c03-r2-20260817-183244/src/Q-semantic
+C03R2 run-c03-r2.sh:219: env GOTOOLCHAIN=go1.25.7 GOCACHE=/home/lilingfeng/tmp/juicefs-c03-r2-20260817-183244/cache/go-build-125 GOFLAGS=-mod=readonly GOPROXY=https://goproxy.cn,direct GOMODCACHE=/home/lilingfeng/tmp/juicefs-c03-r2-20260817-183244/cache/go-mod GOTMPDIR=/home/lilingfeng/tmp/juicefs-c03-r2-20260817-183244/cache/go-tmp TMPDIR=/home/lilingfeng/tmp/juicefs-c03-r2-20260817-183244/cache/os-tmp go test ./pkg/vfs -run '^TestC02TransientEIORecoversOnFreeze$' -count=1 -v -timeout=2m
+C03R2 run-c03-r2.sh:219: rc=0
+C03R2 run-c03-r2.sh:220: printf '%s\n' 0
++C03R2 run-c03-r2.sh:221: grep -c -- '--- PASS: TestC02TransientEIORecoversOnFreeze' /home/lilingfeng/tmp/juicefs-c03-r2-20260817-183244/logs/go125-Q-semantic-TransientEIORecoversOnFreeze-single.log
+C03R2 run-c03-r2.sh:221: local pass=1
++C03R2 run-c03-r2.sh:222: grep -c -- '--- FAIL: TestC02TransientEIORecoversOnFreeze' /home/lilingfeng/tmp/juicefs-c03-r2-20260817-183244/logs/go125-Q-semantic-TransientEIORecoversOnFreeze-single.log
++C03R2 run-c03-r2.sh:222: true
+C03R2 run-c03-r2.sh:222: local fail=0
+C03R2 run-c03-r2.sh:223: local bad=0
+C03R2 run-c03-r2.sh:223: grep -Eq '\[build failed\]|panic:|fatal error:|test timed out|DATA RACE|no tests to run' /home/lilingfeng/tmp/juicefs-c03-r2-20260817-183244/logs/go125-Q-semantic-TransientEIORecoversOnFreeze-single.log
+C03R2 run-c03-r2.sh:224: printf '%s\t%s\tsingle\t%s\t%s\t1\t1\t%s\t%s\t0\t%s\t%s\n' Q-semantic go125 TestC02TransientEIORecoversOnFreeze 0 1 0 0 logs/go125-Q-semantic-TransientEIORecoversOnFreeze-single.log
++C03R2 run-c03-r2.sh:324: tail -1 /home/lilingfeng/tmp/juicefs-c03-r2-20260817-183244/meta/semantic-results.tsv
++C03R2 run-c03-r2.sh:324: awk '-F\t' '{print $5}'
+C03R2 run-c03-r2.sh:324: '[' 0 = 0 ']'
+C03R2 run-c03-r2.sh:321: for tn in "${C02_TESTS[@]}"
+C03R2 run-c03-r2.sh:322: short=PermanentENOSPCAbortsFrozenSlice
+C03R2 run-c03-r2.sh:323: run_and_record go125 go1.25.7 /home/lilingfeng/tmp/juicefs-c03-r2-20260817-183244/cache/go-build-125 Q-semantic single TestC02PermanentENOSPCAbortsFrozenSlice PermanentENOSPCAbortsFrozenSlice
+C03R2 run-c03-r2.sh:215: local tool=go125 tc=go1.25.7 bc=/home/lilingfeng/tmp/juicefs-c03-r2-20260817-183244/cache/go-build-125 arm=Q-semantic mode=single test_name=TestC02PermanentENOSPCAbortsFrozenSlice
+C03R2 run-c03-r2.sh:216: local id=PermanentENOSPCAbortsFrozenSlice
+C03R2 run-c03-r2.sh:217: local log_rel=logs/go125-Q-semantic-PermanentENOSPCAbortsFrozenSlice-single.log
+C03R2 run-c03-r2.sh:218: local rc
+C03R2 run-c03-r2.sh:219: cd /home/lilingfeng/tmp/juicefs-c03-r2-20260817-183244/src/Q-semantic
+C03R2 run-c03-r2.sh:219: env GOTOOLCHAIN=go1.25.7 GOCACHE=/home/lilingfeng/tmp/juicefs-c03-r2-20260817-183244/cache/go-build-125 GOFLAGS=-mod=readonly GOPROXY=https://goproxy.cn,direct GOMODCACHE=/home/lilingfeng/tmp/juicefs-c03-r2-20260817-183244/cache/go-mod GOTMPDIR=/home/lilingfeng/tmp/juicefs-c03-r2-20260817-183244/cache/go-tmp TMPDIR=/home/lilingfeng/tmp/juicefs-c03-r2-20260817-183244/cache/os-tmp go test ./pkg/vfs -run '^TestC02PermanentENOSPCAbortsFrozenSlice$' -count=1 -v -timeout=2m
+C03R2 run-c03-r2.sh:219: rc=0
+C03R2 run-c03-r2.sh:220: printf '%s\n' 0
++C03R2 run-c03-r2.sh:221: grep -c -- '--- PASS: TestC02PermanentENOSPCAbortsFrozenSlice' /home/lilingfeng/tmp/juicefs-c03-r2-20260817-183244/logs/go125-Q-semantic-PermanentENOSPCAbortsFrozenSlice-single.log
+C03R2 run-c03-r2.sh:221: local pass=1
++C03R2 run-c03-r2.sh:222: grep -c -- '--- FAIL: TestC02PermanentENOSPCAbortsFrozenSlice' /home/lilingfeng/tmp/juicefs-c03-r2-20260817-183244/logs/go125-Q-semantic-PermanentENOSPCAbortsFrozenSlice-single.log
++C03R2 run-c03-r2.sh:222: true
+C03R2 run-c03-r2.sh:222: local fail=0
+C03R2 run-c03-r2.sh:223: local bad=0
+C03R2 run-c03-r2.sh:223: grep -Eq '\[build failed\]|panic:|fatal error:|test timed out|DATA RACE|no tests to run' /home/lilingfeng/tmp/juicefs-c03-r2-20260817-183244/logs/go125-Q-semantic-PermanentENOSPCAbortsFrozenSlice-single.log
+C03R2 run-c03-r2.sh:224: printf '%s\t%s\tsingle\t%s\t%s\t1\t1\t%s\t%s\t0\t%s\t%s\n' Q-semantic go125 TestC02PermanentENOSPCAbortsFrozenSlice 0 1 0 0 logs/go125-Q-semantic-PermanentENOSPCAbortsFrozenSlice-single.log
++C03R2 run-c03-r2.sh:324: tail -1 /home/lilingfeng/tmp/juicefs-c03-r2-20260817-183244/meta/semantic-results.tsv
++C03R2 run-c03-r2.sh:324: awk '-F\t' '{print $5}'
+C03R2 run-c03-r2.sh:324: '[' 0 = 0 ']'
+C03R2 run-c03-r2.sh:321: for tn in "${C02_TESTS[@]}"
+C03R2 run-c03-r2.sh:322: short=FrozenSliceSkipsCatchupFlush
+C03R2 run-c03-r2.sh:323: run_and_record go125 go1.25.7 /home/lilingfeng/tmp/juicefs-c03-r2-20260817-183244/cache/go-build-125 Q-semantic single TestC02FrozenSliceSkipsCatchupFlush FrozenSliceSkipsCatchupFlush
+C03R2 run-c03-r2.sh:215: local tool=go125 tc=go1.25.7 bc=/home/lilingfeng/tmp/juicefs-c03-r2-20260817-183244/cache/go-build-125 arm=Q-semantic mode=single test_name=TestC02FrozenSliceSkipsCatchupFlush
+C03R2 run-c03-r2.sh:216: local id=FrozenSliceSkipsCatchupFlush
+C03R2 run-c03-r2.sh:217: local log_rel=logs/go125-Q-semantic-FrozenSliceSkipsCatchupFlush-single.log
+C03R2 run-c03-r2.sh:218: local rc
+C03R2 run-c03-r2.sh:219: cd /home/lilingfeng/tmp/juicefs-c03-r2-20260817-183244/src/Q-semantic
+C03R2 run-c03-r2.sh:219: env GOTOOLCHAIN=go1.25.7 GOCACHE=/home/lilingfeng/tmp/juicefs-c03-r2-20260817-183244/cache/go-build-125 GOFLAGS=-mod=readonly GOPROXY=https://goproxy.cn,direct GOMODCACHE=/home/lilingfeng/tmp/juicefs-c03-r2-20260817-183244/cache/go-mod GOTMPDIR=/home/lilingfeng/tmp/juicefs-c03-r2-20260817-183244/cache/go-tmp TMPDIR=/home/lilingfeng/tmp/juicefs-c03-r2-20260817-183244/cache/os-tmp go test ./pkg/vfs -run '^TestC02FrozenSliceSkipsCatchupFlush$' -count=1 -v -timeout=2m
+C03R2 run-c03-r2.sh:219: rc=0
+C03R2 run-c03-r2.sh:220: printf '%s\n' 0
++C03R2 run-c03-r2.sh:221: grep -c -- '--- PASS: TestC02FrozenSliceSkipsCatchupFlush' /home/lilingfeng/tmp/juicefs-c03-r2-20260817-183244/logs/go125-Q-semantic-FrozenSliceSkipsCatchupFlush-single.log
+C03R2 run-c03-r2.sh:221: local pass=1
++C03R2 run-c03-r2.sh:222: grep -c -- '--- FAIL: TestC02FrozenSliceSkipsCatchupFlush' /home/lilingfeng/tmp/juicefs-c03-r2-20260817-183244/logs/go125-Q-semantic-FrozenSliceSkipsCatchupFlush-single.log
++C03R2 run-c03-r2.sh:222: true
+C03R2 run-c03-r2.sh:222: local fail=0
+C03R2 run-c03-r2.sh:223: local bad=0
+C03R2 run-c03-r2.sh:223: grep -Eq '\[build failed\]|panic:|fatal error:|test timed out|DATA RACE|no tests to run' /home/lilingfeng/tmp/juicefs-c03-r2-20260817-183244/logs/go125-Q-semantic-FrozenSliceSkipsCatchupFlush-single.log
+C03R2 run-c03-r2.sh:224: printf '%s\t%s\tsingle\t%s\t%s\t1\t1\t%s\t%s\t0\t%s\t%s\n' Q-semantic go125 TestC02FrozenSliceSkipsCatchupFlush 0 1 0 0 logs/go125-Q-semantic-FrozenSliceSkipsCatchupFlush-single.log
++C03R2 run-c03-r2.sh:324: tail -1 /home/lilingfeng/tmp/juicefs-c03-r2-20260817-183244/meta/semantic-results.tsv
++C03R2 run-c03-r2.sh:324: awk '-F\t' '{print $5}'
+C03R2 run-c03-r2.sh:324: '[' 0 = 0 ']'
+C03R2 run-c03-r2.sh:321: for tn in "${C02_TESTS[@]}"
+C03R2 run-c03-r2.sh:322: short=ConcurrentIndependentFullBlocks
+C03R2 run-c03-r2.sh:323: run_and_record go125 go1.25.7 /home/lilingfeng/tmp/juicefs-c03-r2-20260817-183244/cache/go-build-125 Q-semantic single TestC02ConcurrentIndependentFullBlocks ConcurrentIndependentFullBlocks
+C03R2 run-c03-r2.sh:215: local tool=go125 tc=go1.25.7 bc=/home/lilingfeng/tmp/juicefs-c03-r2-20260817-183244/cache/go-build-125 arm=Q-semantic mode=single test_name=TestC02ConcurrentIndependentFullBlocks
+C03R2 run-c03-r2.sh:216: local id=ConcurrentIndependentFullBlocks
+C03R2 run-c03-r2.sh:217: local log_rel=logs/go125-Q-semantic-ConcurrentIndependentFullBlocks-single.log
+C03R2 run-c03-r2.sh:218: local rc
+C03R2 run-c03-r2.sh:219: cd /home/lilingfeng/tmp/juicefs-c03-r2-20260817-183244/src/Q-semantic
+C03R2 run-c03-r2.sh:219: env GOTOOLCHAIN=go1.25.7 GOCACHE=/home/lilingfeng/tmp/juicefs-c03-r2-20260817-183244/cache/go-build-125 GOFLAGS=-mod=readonly GOPROXY=https://goproxy.cn,direct GOMODCACHE=/home/lilingfeng/tmp/juicefs-c03-r2-20260817-183244/cache/go-mod GOTMPDIR=/home/lilingfeng/tmp/juicefs-c03-r2-20260817-183244/cache/go-tmp TMPDIR=/home/lilingfeng/tmp/juicefs-c03-r2-20260817-183244/cache/os-tmp go test ./pkg/vfs -run '^TestC02ConcurrentIndependentFullBlocks$' -count=1 -v -timeout=2m
+C03R2 run-c03-r2.sh:219: rc=0
+C03R2 run-c03-r2.sh:220: printf '%s\n' 0
++C03R2 run-c03-r2.sh:221: grep -c -- '--- PASS: TestC02ConcurrentIndependentFullBlocks' /home/lilingfeng/tmp/juicefs-c03-r2-20260817-183244/logs/go125-Q-semantic-ConcurrentIndependentFullBlocks-single.log
+C03R2 run-c03-r2.sh:221: local pass=1
++C03R2 run-c03-r2.sh:222: grep -c -- '--- FAIL: TestC02ConcurrentIndependentFullBlocks' /home/lilingfeng/tmp/juicefs-c03-r2-20260817-183244/logs/go125-Q-semantic-ConcurrentIndependentFullBlocks-single.log
++C03R2 run-c03-r2.sh:222: true
+C03R2 run-c03-r2.sh:222: local fail=0
+C03R2 run-c03-r2.sh:223: local bad=0
+C03R2 run-c03-r2.sh:223: grep -Eq '\[build failed\]|panic:|fatal error:|test timed out|DATA RACE|no tests to run' /home/lilingfeng/tmp/juicefs-c03-r2-20260817-183244/logs/go125-Q-semantic-ConcurrentIndependentFullBlocks-single.log
+C03R2 run-c03-r2.sh:224: printf '%s\t%s\tsingle\t%s\t%s\t1\t1\t%s\t%s\t0\t%s\t%s\n' Q-semantic go125 TestC02ConcurrentIndependentFullBlocks 0 1 0 0 logs/go125-Q-semantic-ConcurrentIndependentFullBlocks-single.log
++C03R2 run-c03-r2.sh:324: tail -1 /home/lilingfeng/tmp/juicefs-c03-r2-20260817-183244/meta/semantic-results.tsv
++C03R2 run-c03-r2.sh:324: awk '-F\t' '{print $5}'
+C03R2 run-c03-r2.sh:324: '[' 0 = 0 ']'
+C03R2 run-c03-r2.sh:326: run_count_and_record go125 go1.25.7 /home/lilingfeng/tmp/juicefs-c03-r2-20260817-183244/cache/go-build-125 Q-semantic count100 '^TestC02(FullBlockDispatchAfterDelayedID|MultiBlockDispatchUsesLatestLength|FlushToFailureIsObservable|PartialThenFullAfterIDDispatchesOnce|DelayedNewSliceDoesNotBlockWriteAt|NonEIONewSliceDoesNotRetryBeforeFlush|TransientEIORecoversOnFreeze|PermanentENOSPCAbortsFrozenSlice|FrozenSliceSkipsCatchupFlush|ConcurrentIndependentFullBlocks)$' 100 $'TestC02FullBlockDispatchAfterDelayedID\nTestC02MultiBlockDispatchUsesLatestLength\nTestC02FlushToFailureIsObservable\nTestC02PartialThenFullAfterIDDispatchesOnce\nTestC02DelayedNewSliceDoesNotBlockWriteAt\nTestC02NonEIONewSliceDoesNotRetryBeforeFlush\nTestC02TransientEIORecoversOnFreeze\nTestC02PermanentENOSPCAbortsFrozenSlice\nTestC02FrozenSliceSkipsCatchupFlush\nTestC02ConcurrentIndependentFullBlocks'
+C03R2 run-c03-r2.sh:228: local tool=go125 tc=go1.25.7 bc=/home/lilingfeng/tmp/juicefs-c03-r2-20260817-183244/cache/go-build-125 arm=Q-semantic mode=count100 're=^TestC02(FullBlockDispatchAfterDelayedID|MultiBlockDispatchUsesLatestLength|FlushToFailureIsObservable|PartialThenFullAfterIDDispatchesOnce|DelayedNewSliceDoesNotBlockWriteAt|NonEIONewSliceDoesNotRetryBeforeFlush|TransientEIORecoversOnFreeze|PermanentENOSPCAbortsFrozenSlice|FrozenSliceSkipsCatchupFlush|ConcurrentIndependentFullBlocks)$' count=100 $'test_names=TestC02FullBlockDispatchAfterDelayedID\nTestC02MultiBlockDispatchUsesLatestLength\nTestC02FlushToFailureIsObservable\nTestC02PartialThenFullAfterIDDispatchesOnce\nTestC02DelayedNewSliceDoesNotBlockWriteAt\nTestC02NonEIONewSliceDoesNotRetryBeforeFlush\nTestC02TransientEIORecoversOnFreeze\nTestC02PermanentENOSPCAbortsFrozenSlice\nTestC02FrozenSliceSkipsCatchupFlush\nTestC02ConcurrentIndependentFullBlocks'
+C03R2 run-c03-r2.sh:229: local log_rel=logs/go125-Q-semantic-count100.log
+C03R2 run-c03-r2.sh:230: local extra=
+C03R2 run-c03-r2.sh:230: '[' count100 = race20 ']'
+C03R2 run-c03-r2.sh:231: local rc
+C03R2 run-c03-r2.sh:232: cd /home/lilingfeng/tmp/juicefs-c03-r2-20260817-183244/src/Q-semantic
+C03R2 run-c03-r2.sh:232: env GOTOOLCHAIN=go1.25.7 GOCACHE=/home/lilingfeng/tmp/juicefs-c03-r2-20260817-183244/cache/go-build-125 GOFLAGS=-mod=readonly GOPROXY=https://goproxy.cn,direct GOMODCACHE=/home/lilingfeng/tmp/juicefs-c03-r2-20260817-183244/cache/go-mod GOTMPDIR=/home/lilingfeng/tmp/juicefs-c03-r2-20260817-183244/cache/go-tmp TMPDIR=/home/lilingfeng/tmp/juicefs-c03-r2-20260817-183244/cache/os-tmp go test ./pkg/vfs -run '^TestC02(FullBlockDispatchAfterDelayedID|MultiBlockDispatchUsesLatestLength|FlushToFailureIsObservable|PartialThenFullAfterIDDispatchesOnce|DelayedNewSliceDoesNotBlockWriteAt|NonEIONewSliceDoesNotRetryBeforeFlush|TransientEIORecoversOnFreeze|PermanentENOSPCAbortsFrozenSlice|FrozenSliceSkipsCatchupFlush|ConcurrentIndependentFullBlocks)$' -count=100 -v -timeout=20m
+C03R2 run-c03-r2.sh:232: rc=0
+C03R2 run-c03-r2.sh:233: printf '%s\n' 0
+C03R2 run-c03-r2.sh:234: local bad=0
+C03R2 run-c03-r2.sh:234: grep -Eq '\[build failed\]|panic:|fatal error:|test timed out|DATA RACE|no tests to run' /home/lilingfeng/tmp/juicefs-c03-r2-20260817-183244/logs/go125-Q-semantic-count100.log
+C03R2 run-c03-r2.sh:235: IFS=
+C03R2 run-c03-r2.sh:235: read -r tn
++C03R2 run-c03-r2.sh:236: grep -c -- '--- PASS: TestC02FullBlockDispatchAfterDelayedID' /home/lilingfeng/tmp/juicefs-c03-r2-20260817-183244/logs/go125-Q-semantic-count100.log
+C03R2 run-c03-r2.sh:236: local pass=100
++C03R2 run-c03-r2.sh:237: grep -c -- '--- FAIL: TestC02FullBlockDispatchAfterDelayedID' /home/lilingfeng/tmp/juicefs-c03-r2-20260817-183244/logs/go125-Q-semantic-count100.log
++C03R2 run-c03-r2.sh:237: true
+C03R2 run-c03-r2.sh:237: local fail=0
+C03R2 run-c03-r2.sh:238: printf '%s\t%s\t%s\t%s\t%s\t%s\t%s\t%s\t%s\t%s\t%s\n' Q-semantic go125 count100 TestC02FullBlockDispatchAfterDelayedID 0 100 100 100 0 0 logs/go125-Q-semantic-count100.log
+C03R2 run-c03-r2.sh:235: IFS=
+C03R2 run-c03-r2.sh:235: read -r tn
++C03R2 run-c03-r2.sh:236: grep -c -- '--- PASS: TestC02MultiBlockDispatchUsesLatestLength' /home/lilingfeng/tmp/juicefs-c03-r2-20260817-183244/logs/go125-Q-semantic-count100.log
+C03R2 run-c03-r2.sh:236: local pass=100
++C03R2 run-c03-r2.sh:237: grep -c -- '--- FAIL: TestC02MultiBlockDispatchUsesLatestLength' /home/lilingfeng/tmp/juicefs-c03-r2-20260817-183244/logs/go125-Q-semantic-count100.log
++C03R2 run-c03-r2.sh:237: true
+C03R2 run-c03-r2.sh:237: local fail=0
+C03R2 run-c03-r2.sh:238: printf '%s\t%s\t%s\t%s\t%s\t%s\t%s\t%s\t%s\t%s\t%s\n' Q-semantic go125 count100 TestC02MultiBlockDispatchUsesLatestLength 0 100 100 100 0 0 logs/go125-Q-semantic-count100.log
+C03R2 run-c03-r2.sh:235: IFS=
+C03R2 run-c03-r2.sh:235: read -r tn
++C03R2 run-c03-r2.sh:236: grep -c -- '--- PASS: TestC02FlushToFailureIsObservable' /home/lilingfeng/tmp/juicefs-c03-r2-20260817-183244/logs/go125-Q-semantic-count100.log
+C03R2 run-c03-r2.sh:236: local pass=100
++C03R2 run-c03-r2.sh:237: grep -c -- '--- FAIL: TestC02FlushToFailureIsObservable' /home/lilingfeng/tmp/juicefs-c03-r2-20260817-183244/logs/go125-Q-semantic-count100.log
++C03R2 run-c03-r2.sh:237: true
+C03R2 run-c03-r2.sh:237: local fail=0
+C03R2 run-c03-r2.sh:238: printf '%s\t%s\t%s\t%s\t%s\t%s\t%s\t%s\t%s\t%s\t%s\n' Q-semantic go125 count100 TestC02FlushToFailureIsObservable 0 100 100 100 0 0 logs/go125-Q-semantic-count100.log
+C03R2 run-c03-r2.sh:235: IFS=
+C03R2 run-c03-r2.sh:235: read -r tn
++C03R2 run-c03-r2.sh:236: grep -c -- '--- PASS: TestC02PartialThenFullAfterIDDispatchesOnce' /home/lilingfeng/tmp/juicefs-c03-r2-20260817-183244/logs/go125-Q-semantic-count100.log
+C03R2 run-c03-r2.sh:236: local pass=100
++C03R2 run-c03-r2.sh:237: grep -c -- '--- FAIL: TestC02PartialThenFullAfterIDDispatchesOnce' /home/lilingfeng/tmp/juicefs-c03-r2-20260817-183244/logs/go125-Q-semantic-count100.log
++C03R2 run-c03-r2.sh:237: true
+C03R2 run-c03-r2.sh:237: local fail=0
+C03R2 run-c03-r2.sh:238: printf '%s\t%s\t%s\t%s\t%s\t%s\t%s\t%s\t%s\t%s\t%s\n' Q-semantic go125 count100 TestC02PartialThenFullAfterIDDispatchesOnce 0 100 100 100 0 0 logs/go125-Q-semantic-count100.log
+C03R2 run-c03-r2.sh:235: IFS=
+C03R2 run-c03-r2.sh:235: read -r tn
++C03R2 run-c03-r2.sh:236: grep -c -- '--- PASS: TestC02DelayedNewSliceDoesNotBlockWriteAt' /home/lilingfeng/tmp/juicefs-c03-r2-20260817-183244/logs/go125-Q-semantic-count100.log
+C03R2 run-c03-r2.sh:236: local pass=100
++C03R2 run-c03-r2.sh:237: grep -c -- '--- FAIL: TestC02DelayedNewSliceDoesNotBlockWriteAt' /home/lilingfeng/tmp/juicefs-c03-r2-20260817-183244/logs/go125-Q-semantic-count100.log
++C03R2 run-c03-r2.sh:237: true
+C03R2 run-c03-r2.sh:237: local fail=0
+C03R2 run-c03-r2.sh:238: printf '%s\t%s\t%s\t%s\t%s\t%s\t%s\t%s\t%s\t%s\t%s\n' Q-semantic go125 count100 TestC02DelayedNewSliceDoesNotBlockWriteAt 0 100 100 100 0 0 logs/go125-Q-semantic-count100.log
+C03R2 run-c03-r2.sh:235: IFS=
+C03R2 run-c03-r2.sh:235: read -r tn
++C03R2 run-c03-r2.sh:236: grep -c -- '--- PASS: TestC02NonEIONewSliceDoesNotRetryBeforeFlush' /home/lilingfeng/tmp/juicefs-c03-r2-20260817-183244/logs/go125-Q-semantic-count100.log
+C03R2 run-c03-r2.sh:236: local pass=100
++C03R2 run-c03-r2.sh:237: grep -c -- '--- FAIL: TestC02NonEIONewSliceDoesNotRetryBeforeFlush' /home/lilingfeng/tmp/juicefs-c03-r2-20260817-183244/logs/go125-Q-semantic-count100.log
++C03R2 run-c03-r2.sh:237: true
+C03R2 run-c03-r2.sh:237: local fail=0
+C03R2 run-c03-r2.sh:238: printf '%s\t%s\t%s\t%s\t%s\t%s\t%s\t%s\t%s\t%s\t%s\n' Q-semantic go125 count100 TestC02NonEIONewSliceDoesNotRetryBeforeFlush 0 100 100 100 0 0 logs/go125-Q-semantic-count100.log
+C03R2 run-c03-r2.sh:235: IFS=
+C03R2 run-c03-r2.sh:235: read -r tn
++C03R2 run-c03-r2.sh:236: grep -c -- '--- PASS: TestC02TransientEIORecoversOnFreeze' /home/lilingfeng/tmp/juicefs-c03-r2-20260817-183244/logs/go125-Q-semantic-count100.log
+C03R2 run-c03-r2.sh:236: local pass=100
++C03R2 run-c03-r2.sh:237: grep -c -- '--- FAIL: TestC02TransientEIORecoversOnFreeze' /home/lilingfeng/tmp/juicefs-c03-r2-20260817-183244/logs/go125-Q-semantic-count100.log
++C03R2 run-c03-r2.sh:237: true
+C03R2 run-c03-r2.sh:237: local fail=0
+C03R2 run-c03-r2.sh:238: printf '%s\t%s\t%s\t%s\t%s\t%s\t%s\t%s\t%s\t%s\t%s\n' Q-semantic go125 count100 TestC02TransientEIORecoversOnFreeze 0 100 100 100 0 0 logs/go125-Q-semantic-count100.log
+C03R2 run-c03-r2.sh:235: IFS=
+C03R2 run-c03-r2.sh:235: read -r tn
++C03R2 run-c03-r2.sh:236: grep -c -- '--- PASS: TestC02PermanentENOSPCAbortsFrozenSlice' /home/lilingfeng/tmp/juicefs-c03-r2-20260817-183244/logs/go125-Q-semantic-count100.log
+C03R2 run-c03-r2.sh:236: local pass=100
++C03R2 run-c03-r2.sh:237: grep -c -- '--- FAIL: TestC02PermanentENOSPCAbortsFrozenSlice' /home/lilingfeng/tmp/juicefs-c03-r2-20260817-183244/logs/go125-Q-semantic-count100.log
++C03R2 run-c03-r2.sh:237: true
+C03R2 run-c03-r2.sh:237: local fail=0
+C03R2 run-c03-r2.sh:238: printf '%s\t%s\t%s\t%s\t%s\t%s\t%s\t%s\t%s\t%s\t%s\n' Q-semantic go125 count100 TestC02PermanentENOSPCAbortsFrozenSlice 0 100 100 100 0 0 logs/go125-Q-semantic-count100.log
+C03R2 run-c03-r2.sh:235: IFS=
+C03R2 run-c03-r2.sh:235: read -r tn
++C03R2 run-c03-r2.sh:236: grep -c -- '--- PASS: TestC02FrozenSliceSkipsCatchupFlush' /home/lilingfeng/tmp/juicefs-c03-r2-20260817-183244/logs/go125-Q-semantic-count100.log
+C03R2 run-c03-r2.sh:236: local pass=100
++C03R2 run-c03-r2.sh:237: grep -c -- '--- FAIL: TestC02FrozenSliceSkipsCatchupFlush' /home/lilingfeng/tmp/juicefs-c03-r2-20260817-183244/logs/go125-Q-semantic-count100.log
++C03R2 run-c03-r2.sh:237: true
+C03R2 run-c03-r2.sh:237: local fail=0
+C03R2 run-c03-r2.sh:238: printf '%s\t%s\t%s\t%s\t%s\t%s\t%s\t%s\t%s\t%s\t%s\n' Q-semantic go125 count100 TestC02FrozenSliceSkipsCatchupFlush 0 100 100 100 0 0 logs/go125-Q-semantic-count100.log
+C03R2 run-c03-r2.sh:235: IFS=
+C03R2 run-c03-r2.sh:235: read -r tn
++C03R2 run-c03-r2.sh:236: grep -c -- '--- PASS: TestC02ConcurrentIndependentFullBlocks' /home/lilingfeng/tmp/juicefs-c03-r2-20260817-183244/logs/go125-Q-semantic-count100.log
+C03R2 run-c03-r2.sh:236: local pass=100
++C03R2 run-c03-r2.sh:237: grep -c -- '--- FAIL: TestC02ConcurrentIndependentFullBlocks' /home/lilingfeng/tmp/juicefs-c03-r2-20260817-183244/logs/go125-Q-semantic-count100.log
++C03R2 run-c03-r2.sh:237: true
+C03R2 run-c03-r2.sh:237: local fail=0
+C03R2 run-c03-r2.sh:238: printf '%s\t%s\t%s\t%s\t%s\t%s\t%s\t%s\t%s\t%s\t%s\n' Q-semantic go125 count100 TestC02ConcurrentIndependentFullBlocks 0 100 100 100 0 0 logs/go125-Q-semantic-count100.log
+C03R2 run-c03-r2.sh:235: IFS=
+C03R2 run-c03-r2.sh:235: read -r tn
++C03R2 run-c03-r2.sh:327: cat /home/lilingfeng/tmp/juicefs-c03-r2-20260817-183244/rc/go125-Q-semantic-count100.rc
+C03R2 run-c03-r2.sh:327: '[' 0 = 0 ']'
+C03R2 run-c03-r2.sh:328: run_count_and_record go125 go1.25.7 /home/lilingfeng/tmp/juicefs-c03-r2-20260817-183244/cache/go-build-125 Q-semantic race20 '^TestC02(FullBlockDispatchAfterDelayedID|MultiBlockDispatchUsesLatestLength|FlushToFailureIsObservable|PartialThenFullAfterIDDispatchesOnce|DelayedNewSliceDoesNotBlockWriteAt|NonEIONewSliceDoesNotRetryBeforeFlush|TransientEIORecoversOnFreeze|PermanentENOSPCAbortsFrozenSlice|FrozenSliceSkipsCatchupFlush|ConcurrentIndependentFullBlocks)$' 20 $'TestC02FullBlockDispatchAfterDelayedID\nTestC02MultiBlockDispatchUsesLatestLength\nTestC02FlushToFailureIsObservable\nTestC02PartialThenFullAfterIDDispatchesOnce\nTestC02DelayedNewSliceDoesNotBlockWriteAt\nTestC02NonEIONewSliceDoesNotRetryBeforeFlush\nTestC02TransientEIORecoversOnFreeze\nTestC02PermanentENOSPCAbortsFrozenSlice\nTestC02FrozenSliceSkipsCatchupFlush\nTestC02ConcurrentIndependentFullBlocks'
+C03R2 run-c03-r2.sh:228: local tool=go125 tc=go1.25.7 bc=/home/lilingfeng/tmp/juicefs-c03-r2-20260817-183244/cache/go-build-125 arm=Q-semantic mode=race20 're=^TestC02(FullBlockDispatchAfterDelayedID|MultiBlockDispatchUsesLatestLength|FlushToFailureIsObservable|PartialThenFullAfterIDDispatchesOnce|DelayedNewSliceDoesNotBlockWriteAt|NonEIONewSliceDoesNotRetryBeforeFlush|TransientEIORecoversOnFreeze|PermanentENOSPCAbortsFrozenSlice|FrozenSliceSkipsCatchupFlush|ConcurrentIndependentFullBlocks)$' count=20 $'test_names=TestC02FullBlockDispatchAfterDelayedID\nTestC02MultiBlockDispatchUsesLatestLength\nTestC02FlushToFailureIsObservable\nTestC02PartialThenFullAfterIDDispatchesOnce\nTestC02DelayedNewSliceDoesNotBlockWriteAt\nTestC02NonEIONewSliceDoesNotRetryBeforeFlush\nTestC02TransientEIORecoversOnFreeze\nTestC02PermanentENOSPCAbortsFrozenSlice\nTestC02FrozenSliceSkipsCatchupFlush\nTestC02ConcurrentIndependentFullBlocks'
+C03R2 run-c03-r2.sh:229: local log_rel=logs/go125-Q-semantic-race20.log
+C03R2 run-c03-r2.sh:230: local extra=
+C03R2 run-c03-r2.sh:230: '[' race20 = race20 ']'
+C03R2 run-c03-r2.sh:230: extra=-race
+C03R2 run-c03-r2.sh:231: local rc
+C03R2 run-c03-r2.sh:232: cd /home/lilingfeng/tmp/juicefs-c03-r2-20260817-183244/src/Q-semantic
+C03R2 run-c03-r2.sh:232: env GOTOOLCHAIN=go1.25.7 GOCACHE=/home/lilingfeng/tmp/juicefs-c03-r2-20260817-183244/cache/go-build-125 GOFLAGS=-mod=readonly GOPROXY=https://goproxy.cn,direct GOMODCACHE=/home/lilingfeng/tmp/juicefs-c03-r2-20260817-183244/cache/go-mod GOTMPDIR=/home/lilingfeng/tmp/juicefs-c03-r2-20260817-183244/cache/go-tmp TMPDIR=/home/lilingfeng/tmp/juicefs-c03-r2-20260817-183244/cache/os-tmp go test -race ./pkg/vfs -run '^TestC02(FullBlockDispatchAfterDelayedID|MultiBlockDispatchUsesLatestLength|FlushToFailureIsObservable|PartialThenFullAfterIDDispatchesOnce|DelayedNewSliceDoesNotBlockWriteAt|NonEIONewSliceDoesNotRetryBeforeFlush|TransientEIORecoversOnFreeze|PermanentENOSPCAbortsFrozenSlice|FrozenSliceSkipsCatchupFlush|ConcurrentIndependentFullBlocks)$' -count=20 -v -timeout=20m
+C03R2 run-c03-r2.sh:232: rc=0
+C03R2 run-c03-r2.sh:233: printf '%s\n' 0
+C03R2 run-c03-r2.sh:234: local bad=0
+C03R2 run-c03-r2.sh:234: grep -Eq '\[build failed\]|panic:|fatal error:|test timed out|DATA RACE|no tests to run' /home/lilingfeng/tmp/juicefs-c03-r2-20260817-183244/logs/go125-Q-semantic-race20.log
+C03R2 run-c03-r2.sh:235: IFS=
+C03R2 run-c03-r2.sh:235: read -r tn
++C03R2 run-c03-r2.sh:236: grep -c -- '--- PASS: TestC02FullBlockDispatchAfterDelayedID' /home/lilingfeng/tmp/juicefs-c03-r2-20260817-183244/logs/go125-Q-semantic-race20.log
+C03R2 run-c03-r2.sh:236: local pass=20
++C03R2 run-c03-r2.sh:237: grep -c -- '--- FAIL: TestC02FullBlockDispatchAfterDelayedID' /home/lilingfeng/tmp/juicefs-c03-r2-20260817-183244/logs/go125-Q-semantic-race20.log
++C03R2 run-c03-r2.sh:237: true
+C03R2 run-c03-r2.sh:237: local fail=0
+C03R2 run-c03-r2.sh:238: printf '%s\t%s\t%s\t%s\t%s\t%s\t%s\t%s\t%s\t%s\t%s\n' Q-semantic go125 race20 TestC02FullBlockDispatchAfterDelayedID 0 20 20 20 0 0 logs/go125-Q-semantic-race20.log
+C03R2 run-c03-r2.sh:235: IFS=
+C03R2 run-c03-r2.sh:235: read -r tn
++C03R2 run-c03-r2.sh:236: grep -c -- '--- PASS: TestC02MultiBlockDispatchUsesLatestLength' /home/lilingfeng/tmp/juicefs-c03-r2-20260817-183244/logs/go125-Q-semantic-race20.log
+C03R2 run-c03-r2.sh:236: local pass=20
++C03R2 run-c03-r2.sh:237: grep -c -- '--- FAIL: TestC02MultiBlockDispatchUsesLatestLength' /home/lilingfeng/tmp/juicefs-c03-r2-20260817-183244/logs/go125-Q-semantic-race20.log
++C03R2 run-c03-r2.sh:237: true
+C03R2 run-c03-r2.sh:237: local fail=0
+C03R2 run-c03-r2.sh:238: printf '%s\t%s\t%s\t%s\t%s\t%s\t%s\t%s\t%s\t%s\t%s\n' Q-semantic go125 race20 TestC02MultiBlockDispatchUsesLatestLength 0 20 20 20 0 0 logs/go125-Q-semantic-race20.log
+C03R2 run-c03-r2.sh:235: IFS=
+C03R2 run-c03-r2.sh:235: read -r tn
++C03R2 run-c03-r2.sh:236: grep -c -- '--- PASS: TestC02FlushToFailureIsObservable' /home/lilingfeng/tmp/juicefs-c03-r2-20260817-183244/logs/go125-Q-semantic-race20.log
+C03R2 run-c03-r2.sh:236: local pass=20
++C03R2 run-c03-r2.sh:237: grep -c -- '--- FAIL: TestC02FlushToFailureIsObservable' /home/lilingfeng/tmp/juicefs-c03-r2-20260817-183244/logs/go125-Q-semantic-race20.log
++C03R2 run-c03-r2.sh:237: true
+C03R2 run-c03-r2.sh:237: local fail=0
+C03R2 run-c03-r2.sh:238: printf '%s\t%s\t%s\t%s\t%s\t%s\t%s\t%s\t%s\t%s\t%s\n' Q-semantic go125 race20 TestC02FlushToFailureIsObservable 0 20 20 20 0 0 logs/go125-Q-semantic-race20.log
+C03R2 run-c03-r2.sh:235: IFS=
+C03R2 run-c03-r2.sh:235: read -r tn
++C03R2 run-c03-r2.sh:236: grep -c -- '--- PASS: TestC02PartialThenFullAfterIDDispatchesOnce' /home/lilingfeng/tmp/juicefs-c03-r2-20260817-183244/logs/go125-Q-semantic-race20.log
+C03R2 run-c03-r2.sh:236: local pass=20
++C03R2 run-c03-r2.sh:237: grep -c -- '--- FAIL: TestC02PartialThenFullAfterIDDispatchesOnce' /home/lilingfeng/tmp/juicefs-c03-r2-20260817-183244/logs/go125-Q-semantic-race20.log
++C03R2 run-c03-r2.sh:237: true
+C03R2 run-c03-r2.sh:237: local fail=0
+C03R2 run-c03-r2.sh:238: printf '%s\t%s\t%s\t%s\t%s\t%s\t%s\t%s\t%s\t%s\t%s\n' Q-semantic go125 race20 TestC02PartialThenFullAfterIDDispatchesOnce 0 20 20 20 0 0 logs/go125-Q-semantic-race20.log
+C03R2 run-c03-r2.sh:235: IFS=
+C03R2 run-c03-r2.sh:235: read -r tn
++C03R2 run-c03-r2.sh:236: grep -c -- '--- PASS: TestC02DelayedNewSliceDoesNotBlockWriteAt' /home/lilingfeng/tmp/juicefs-c03-r2-20260817-183244/logs/go125-Q-semantic-race20.log
+C03R2 run-c03-r2.sh:236: local pass=20
++C03R2 run-c03-r2.sh:237: grep -c -- '--- FAIL: TestC02DelayedNewSliceDoesNotBlockWriteAt' /home/lilingfeng/tmp/juicefs-c03-r2-20260817-183244/logs/go125-Q-semantic-race20.log
++C03R2 run-c03-r2.sh:237: true
+C03R2 run-c03-r2.sh:237: local fail=0
+C03R2 run-c03-r2.sh:238: printf '%s\t%s\t%s\t%s\t%s\t%s\t%s\t%s\t%s\t%s\t%s\n' Q-semantic go125 race20 TestC02DelayedNewSliceDoesNotBlockWriteAt 0 20 20 20 0 0 logs/go125-Q-semantic-race20.log
+C03R2 run-c03-r2.sh:235: IFS=
+C03R2 run-c03-r2.sh:235: read -r tn
++C03R2 run-c03-r2.sh:236: grep -c -- '--- PASS: TestC02NonEIONewSliceDoesNotRetryBeforeFlush' /home/lilingfeng/tmp/juicefs-c03-r2-20260817-183244/logs/go125-Q-semantic-race20.log
+C03R2 run-c03-r2.sh:236: local pass=20
++C03R2 run-c03-r2.sh:237: grep -c -- '--- FAIL: TestC02NonEIONewSliceDoesNotRetryBeforeFlush' /home/lilingfeng/tmp/juicefs-c03-r2-20260817-183244/logs/go125-Q-semantic-race20.log
++C03R2 run-c03-r2.sh:237: true
+C03R2 run-c03-r2.sh:237: local fail=0
+C03R2 run-c03-r2.sh:238: printf '%s\t%s\t%s\t%s\t%s\t%s\t%s\t%s\t%s\t%s\t%s\n' Q-semantic go125 race20 TestC02NonEIONewSliceDoesNotRetryBeforeFlush 0 20 20 20 0 0 logs/go125-Q-semantic-race20.log
+C03R2 run-c03-r2.sh:235: IFS=
+C03R2 run-c03-r2.sh:235: read -r tn
++C03R2 run-c03-r2.sh:236: grep -c -- '--- PASS: TestC02TransientEIORecoversOnFreeze' /home/lilingfeng/tmp/juicefs-c03-r2-20260817-183244/logs/go125-Q-semantic-race20.log
+C03R2 run-c03-r2.sh:236: local pass=20
++C03R2 run-c03-r2.sh:237: grep -c -- '--- FAIL: TestC02TransientEIORecoversOnFreeze' /home/lilingfeng/tmp/juicefs-c03-r2-20260817-183244/logs/go125-Q-semantic-race20.log
++C03R2 run-c03-r2.sh:237: true
+C03R2 run-c03-r2.sh:237: local fail=0
+C03R2 run-c03-r2.sh:238: printf '%s\t%s\t%s\t%s\t%s\t%s\t%s\t%s\t%s\t%s\t%s\n' Q-semantic go125 race20 TestC02TransientEIORecoversOnFreeze 0 20 20 20 0 0 logs/go125-Q-semantic-race20.log
+C03R2 run-c03-r2.sh:235: IFS=
+C03R2 run-c03-r2.sh:235: read -r tn
++C03R2 run-c03-r2.sh:236: grep -c -- '--- PASS: TestC02PermanentENOSPCAbortsFrozenSlice' /home/lilingfeng/tmp/juicefs-c03-r2-20260817-183244/logs/go125-Q-semantic-race20.log
+C03R2 run-c03-r2.sh:236: local pass=20
++C03R2 run-c03-r2.sh:237: grep -c -- '--- FAIL: TestC02PermanentENOSPCAbortsFrozenSlice' /home/lilingfeng/tmp/juicefs-c03-r2-20260817-183244/logs/go125-Q-semantic-race20.log
++C03R2 run-c03-r2.sh:237: true
+C03R2 run-c03-r2.sh:237: local fail=0
+C03R2 run-c03-r2.sh:238: printf '%s\t%s\t%s\t%s\t%s\t%s\t%s\t%s\t%s\t%s\t%s\n' Q-semantic go125 race20 TestC02PermanentENOSPCAbortsFrozenSlice 0 20 20 20 0 0 logs/go125-Q-semantic-race20.log
+C03R2 run-c03-r2.sh:235: IFS=
+C03R2 run-c03-r2.sh:235: read -r tn
++C03R2 run-c03-r2.sh:236: grep -c -- '--- PASS: TestC02FrozenSliceSkipsCatchupFlush' /home/lilingfeng/tmp/juicefs-c03-r2-20260817-183244/logs/go125-Q-semantic-race20.log
+C03R2 run-c03-r2.sh:236: local pass=20
++C03R2 run-c03-r2.sh:237: grep -c -- '--- FAIL: TestC02FrozenSliceSkipsCatchupFlush' /home/lilingfeng/tmp/juicefs-c03-r2-20260817-183244/logs/go125-Q-semantic-race20.log
++C03R2 run-c03-r2.sh:237: true
+C03R2 run-c03-r2.sh:237: local fail=0
+C03R2 run-c03-r2.sh:238: printf '%s\t%s\t%s\t%s\t%s\t%s\t%s\t%s\t%s\t%s\t%s\n' Q-semantic go125 race20 TestC02FrozenSliceSkipsCatchupFlush 0 20 20 20 0 0 logs/go125-Q-semantic-race20.log
+C03R2 run-c03-r2.sh:235: IFS=
+C03R2 run-c03-r2.sh:235: read -r tn
++C03R2 run-c03-r2.sh:236: grep -c -- '--- PASS: TestC02ConcurrentIndependentFullBlocks' /home/lilingfeng/tmp/juicefs-c03-r2-20260817-183244/logs/go125-Q-semantic-race20.log
+C03R2 run-c03-r2.sh:236: local pass=20
++C03R2 run-c03-r2.sh:237: grep -c -- '--- FAIL: TestC02ConcurrentIndependentFullBlocks' /home/lilingfeng/tmp/juicefs-c03-r2-20260817-183244/logs/go125-Q-semantic-race20.log
++C03R2 run-c03-r2.sh:237: true
+C03R2 run-c03-r2.sh:237: local fail=0
+C03R2 run-c03-r2.sh:238: printf '%s\t%s\t%s\t%s\t%s\t%s\t%s\t%s\t%s\t%s\t%s\n' Q-semantic go125 race20 TestC02ConcurrentIndependentFullBlocks 0 20 20 20 0 0 logs/go125-Q-semantic-race20.log
+C03R2 run-c03-r2.sh:235: IFS=
+C03R2 run-c03-r2.sh:235: read -r tn
++C03R2 run-c03-r2.sh:329: cat /home/lilingfeng/tmp/juicefs-c03-r2-20260817-183244/rc/go125-Q-semantic-race20.rc
+C03R2 run-c03-r2.sh:329: '[' 0 = 0 ']'
+C03R2 run-c03-r2.sh:330: grep -q 'DATA RACE' /home/lilingfeng/tmp/juicefs-c03-r2-20260817-183244/logs/go125-Q-semantic-race20.log
+C03R2 run-c03-r2.sh:319: for TOOL in go125 go126
+C03R2 run-c03-r2.sh:320: '[' go126 = go125 ']'
+C03R2 run-c03-r2.sh:320: TC=local
+C03R2 run-c03-r2.sh:320: BC=/home/lilingfeng/tmp/juicefs-c03-r2-20260817-183244/cache/go-build-126
+C03R2 run-c03-r2.sh:321: for tn in "${C02_TESTS[@]}"
+C03R2 run-c03-r2.sh:322: short=FullBlockDispatchAfterDelayedID
+C03R2 run-c03-r2.sh:323: run_and_record go126 local /home/lilingfeng/tmp/juicefs-c03-r2-20260817-183244/cache/go-build-126 Q-semantic single TestC02FullBlockDispatchAfterDelayedID FullBlockDispatchAfterDelayedID
+C03R2 run-c03-r2.sh:215: local tool=go126 tc=local bc=/home/lilingfeng/tmp/juicefs-c03-r2-20260817-183244/cache/go-build-126 arm=Q-semantic mode=single test_name=TestC02FullBlockDispatchAfterDelayedID
+C03R2 run-c03-r2.sh:216: local id=FullBlockDispatchAfterDelayedID
+C03R2 run-c03-r2.sh:217: local log_rel=logs/go126-Q-semantic-FullBlockDispatchAfterDelayedID-single.log
+C03R2 run-c03-r2.sh:218: local rc
+C03R2 run-c03-r2.sh:219: cd /home/lilingfeng/tmp/juicefs-c03-r2-20260817-183244/src/Q-semantic
+C03R2 run-c03-r2.sh:219: env GOTOOLCHAIN=local GOCACHE=/home/lilingfeng/tmp/juicefs-c03-r2-20260817-183244/cache/go-build-126 GOFLAGS=-mod=readonly GOPROXY=https://goproxy.cn,direct GOMODCACHE=/home/lilingfeng/tmp/juicefs-c03-r2-20260817-183244/cache/go-mod GOTMPDIR=/home/lilingfeng/tmp/juicefs-c03-r2-20260817-183244/cache/go-tmp TMPDIR=/home/lilingfeng/tmp/juicefs-c03-r2-20260817-183244/cache/os-tmp go test ./pkg/vfs -run '^TestC02FullBlockDispatchAfterDelayedID$' -count=1 -v -timeout=2m
+C03R2 run-c03-r2.sh:219: rc=0
+C03R2 run-c03-r2.sh:220: printf '%s\n' 0
++C03R2 run-c03-r2.sh:221: grep -c -- '--- PASS: TestC02FullBlockDispatchAfterDelayedID' /home/lilingfeng/tmp/juicefs-c03-r2-20260817-183244/logs/go126-Q-semantic-FullBlockDispatchAfterDelayedID-single.log
+C03R2 run-c03-r2.sh:221: local pass=1
++C03R2 run-c03-r2.sh:222: grep -c -- '--- FAIL: TestC02FullBlockDispatchAfterDelayedID' /home/lilingfeng/tmp/juicefs-c03-r2-20260817-183244/logs/go126-Q-semantic-FullBlockDispatchAfterDelayedID-single.log
++C03R2 run-c03-r2.sh:222: true
+C03R2 run-c03-r2.sh:222: local fail=0
+C03R2 run-c03-r2.sh:223: local bad=0
+C03R2 run-c03-r2.sh:223: grep -Eq '\[build failed\]|panic:|fatal error:|test timed out|DATA RACE|no tests to run' /home/lilingfeng/tmp/juicefs-c03-r2-20260817-183244/logs/go126-Q-semantic-FullBlockDispatchAfterDelayedID-single.log
+C03R2 run-c03-r2.sh:224: printf '%s\t%s\tsingle\t%s\t%s\t1\t1\t%s\t%s\t0\t%s\t%s\n' Q-semantic go126 TestC02FullBlockDispatchAfterDelayedID 0 1 0 0 logs/go126-Q-semantic-FullBlockDispatchAfterDelayedID-single.log
++C03R2 run-c03-r2.sh:324: tail -1 /home/lilingfeng/tmp/juicefs-c03-r2-20260817-183244/meta/semantic-results.tsv
++C03R2 run-c03-r2.sh:324: awk '-F\t' '{print $5}'
+C03R2 run-c03-r2.sh:324: '[' 0 = 0 ']'
+C03R2 run-c03-r2.sh:321: for tn in "${C02_TESTS[@]}"
+C03R2 run-c03-r2.sh:322: short=MultiBlockDispatchUsesLatestLength
+C03R2 run-c03-r2.sh:323: run_and_record go126 local /home/lilingfeng/tmp/juicefs-c03-r2-20260817-183244/cache/go-build-126 Q-semantic single TestC02MultiBlockDispatchUsesLatestLength MultiBlockDispatchUsesLatestLength
+C03R2 run-c03-r2.sh:215: local tool=go126 tc=local bc=/home/lilingfeng/tmp/juicefs-c03-r2-20260817-183244/cache/go-build-126 arm=Q-semantic mode=single test_name=TestC02MultiBlockDispatchUsesLatestLength
+C03R2 run-c03-r2.sh:216: local id=MultiBlockDispatchUsesLatestLength
+C03R2 run-c03-r2.sh:217: local log_rel=logs/go126-Q-semantic-MultiBlockDispatchUsesLatestLength-single.log
+C03R2 run-c03-r2.sh:218: local rc
+C03R2 run-c03-r2.sh:219: cd /home/lilingfeng/tmp/juicefs-c03-r2-20260817-183244/src/Q-semantic
+C03R2 run-c03-r2.sh:219: env GOTOOLCHAIN=local GOCACHE=/home/lilingfeng/tmp/juicefs-c03-r2-20260817-183244/cache/go-build-126 GOFLAGS=-mod=readonly GOPROXY=https://goproxy.cn,direct GOMODCACHE=/home/lilingfeng/tmp/juicefs-c03-r2-20260817-183244/cache/go-mod GOTMPDIR=/home/lilingfeng/tmp/juicefs-c03-r2-20260817-183244/cache/go-tmp TMPDIR=/home/lilingfeng/tmp/juicefs-c03-r2-20260817-183244/cache/os-tmp go test ./pkg/vfs -run '^TestC02MultiBlockDispatchUsesLatestLength$' -count=1 -v -timeout=2m
+C03R2 run-c03-r2.sh:219: rc=0
+C03R2 run-c03-r2.sh:220: printf '%s\n' 0
++C03R2 run-c03-r2.sh:221: grep -c -- '--- PASS: TestC02MultiBlockDispatchUsesLatestLength' /home/lilingfeng/tmp/juicefs-c03-r2-20260817-183244/logs/go126-Q-semantic-MultiBlockDispatchUsesLatestLength-single.log
+C03R2 run-c03-r2.sh:221: local pass=1
++C03R2 run-c03-r2.sh:222: grep -c -- '--- FAIL: TestC02MultiBlockDispatchUsesLatestLength' /home/lilingfeng/tmp/juicefs-c03-r2-20260817-183244/logs/go126-Q-semantic-MultiBlockDispatchUsesLatestLength-single.log
++C03R2 run-c03-r2.sh:222: true
+C03R2 run-c03-r2.sh:222: local fail=0
+C03R2 run-c03-r2.sh:223: local bad=0
+C03R2 run-c03-r2.sh:223: grep -Eq '\[build failed\]|panic:|fatal error:|test timed out|DATA RACE|no tests to run' /home/lilingfeng/tmp/juicefs-c03-r2-20260817-183244/logs/go126-Q-semantic-MultiBlockDispatchUsesLatestLength-single.log
+C03R2 run-c03-r2.sh:224: printf '%s\t%s\tsingle\t%s\t%s\t1\t1\t%s\t%s\t0\t%s\t%s\n' Q-semantic go126 TestC02MultiBlockDispatchUsesLatestLength 0 1 0 0 logs/go126-Q-semantic-MultiBlockDispatchUsesLatestLength-single.log
++C03R2 run-c03-r2.sh:324: tail -1 /home/lilingfeng/tmp/juicefs-c03-r2-20260817-183244/meta/semantic-results.tsv
++C03R2 run-c03-r2.sh:324: awk '-F\t' '{print $5}'
+C03R2 run-c03-r2.sh:324: '[' 0 = 0 ']'
+C03R2 run-c03-r2.sh:321: for tn in "${C02_TESTS[@]}"
+C03R2 run-c03-r2.sh:322: short=FlushToFailureIsObservable
+C03R2 run-c03-r2.sh:323: run_and_record go126 local /home/lilingfeng/tmp/juicefs-c03-r2-20260817-183244/cache/go-build-126 Q-semantic single TestC02FlushToFailureIsObservable FlushToFailureIsObservable
+C03R2 run-c03-r2.sh:215: local tool=go126 tc=local bc=/home/lilingfeng/tmp/juicefs-c03-r2-20260817-183244/cache/go-build-126 arm=Q-semantic mode=single test_name=TestC02FlushToFailureIsObservable
+C03R2 run-c03-r2.sh:216: local id=FlushToFailureIsObservable
+C03R2 run-c03-r2.sh:217: local log_rel=logs/go126-Q-semantic-FlushToFailureIsObservable-single.log
+C03R2 run-c03-r2.sh:218: local rc
+C03R2 run-c03-r2.sh:219: cd /home/lilingfeng/tmp/juicefs-c03-r2-20260817-183244/src/Q-semantic
+C03R2 run-c03-r2.sh:219: env GOTOOLCHAIN=local GOCACHE=/home/lilingfeng/tmp/juicefs-c03-r2-20260817-183244/cache/go-build-126 GOFLAGS=-mod=readonly GOPROXY=https://goproxy.cn,direct GOMODCACHE=/home/lilingfeng/tmp/juicefs-c03-r2-20260817-183244/cache/go-mod GOTMPDIR=/home/lilingfeng/tmp/juicefs-c03-r2-20260817-183244/cache/go-tmp TMPDIR=/home/lilingfeng/tmp/juicefs-c03-r2-20260817-183244/cache/os-tmp go test ./pkg/vfs -run '^TestC02FlushToFailureIsObservable$' -count=1 -v -timeout=2m
+C03R2 run-c03-r2.sh:219: rc=0
+C03R2 run-c03-r2.sh:220: printf '%s\n' 0
++C03R2 run-c03-r2.sh:221: grep -c -- '--- PASS: TestC02FlushToFailureIsObservable' /home/lilingfeng/tmp/juicefs-c03-r2-20260817-183244/logs/go126-Q-semantic-FlushToFailureIsObservable-single.log
+C03R2 run-c03-r2.sh:221: local pass=1
++C03R2 run-c03-r2.sh:222: grep -c -- '--- FAIL: TestC02FlushToFailureIsObservable' /home/lilingfeng/tmp/juicefs-c03-r2-20260817-183244/logs/go126-Q-semantic-FlushToFailureIsObservable-single.log
++C03R2 run-c03-r2.sh:222: true
+C03R2 run-c03-r2.sh:222: local fail=0
+C03R2 run-c03-r2.sh:223: local bad=0
+C03R2 run-c03-r2.sh:223: grep -Eq '\[build failed\]|panic:|fatal error:|test timed out|DATA RACE|no tests to run' /home/lilingfeng/tmp/juicefs-c03-r2-20260817-183244/logs/go126-Q-semantic-FlushToFailureIsObservable-single.log
+C03R2 run-c03-r2.sh:224: printf '%s\t%s\tsingle\t%s\t%s\t1\t1\t%s\t%s\t0\t%s\t%s\n' Q-semantic go126 TestC02FlushToFailureIsObservable 0 1 0 0 logs/go126-Q-semantic-FlushToFailureIsObservable-single.log
++C03R2 run-c03-r2.sh:324: tail -1 /home/lilingfeng/tmp/juicefs-c03-r2-20260817-183244/meta/semantic-results.tsv
++C03R2 run-c03-r2.sh:324: awk '-F\t' '{print $5}'
+C03R2 run-c03-r2.sh:324: '[' 0 = 0 ']'
+C03R2 run-c03-r2.sh:321: for tn in "${C02_TESTS[@]}"
+C03R2 run-c03-r2.sh:322: short=PartialThenFullAfterIDDispatchesOnce
+C03R2 run-c03-r2.sh:323: run_and_record go126 local /home/lilingfeng/tmp/juicefs-c03-r2-20260817-183244/cache/go-build-126 Q-semantic single TestC02PartialThenFullAfterIDDispatchesOnce PartialThenFullAfterIDDispatchesOnce
+C03R2 run-c03-r2.sh:215: local tool=go126 tc=local bc=/home/lilingfeng/tmp/juicefs-c03-r2-20260817-183244/cache/go-build-126 arm=Q-semantic mode=single test_name=TestC02PartialThenFullAfterIDDispatchesOnce
+C03R2 run-c03-r2.sh:216: local id=PartialThenFullAfterIDDispatchesOnce
+C03R2 run-c03-r2.sh:217: local log_rel=logs/go126-Q-semantic-PartialThenFullAfterIDDispatchesOnce-single.log
+C03R2 run-c03-r2.sh:218: local rc
+C03R2 run-c03-r2.sh:219: cd /home/lilingfeng/tmp/juicefs-c03-r2-20260817-183244/src/Q-semantic
+C03R2 run-c03-r2.sh:219: env GOTOOLCHAIN=local GOCACHE=/home/lilingfeng/tmp/juicefs-c03-r2-20260817-183244/cache/go-build-126 GOFLAGS=-mod=readonly GOPROXY=https://goproxy.cn,direct GOMODCACHE=/home/lilingfeng/tmp/juicefs-c03-r2-20260817-183244/cache/go-mod GOTMPDIR=/home/lilingfeng/tmp/juicefs-c03-r2-20260817-183244/cache/go-tmp TMPDIR=/home/lilingfeng/tmp/juicefs-c03-r2-20260817-183244/cache/os-tmp go test ./pkg/vfs -run '^TestC02PartialThenFullAfterIDDispatchesOnce$' -count=1 -v -timeout=2m
+C03R2 run-c03-r2.sh:219: rc=0
+C03R2 run-c03-r2.sh:220: printf '%s\n' 0
++C03R2 run-c03-r2.sh:221: grep -c -- '--- PASS: TestC02PartialThenFullAfterIDDispatchesOnce' /home/lilingfeng/tmp/juicefs-c03-r2-20260817-183244/logs/go126-Q-semantic-PartialThenFullAfterIDDispatchesOnce-single.log
+C03R2 run-c03-r2.sh:221: local pass=1
++C03R2 run-c03-r2.sh:222: grep -c -- '--- FAIL: TestC02PartialThenFullAfterIDDispatchesOnce' /home/lilingfeng/tmp/juicefs-c03-r2-20260817-183244/logs/go126-Q-semantic-PartialThenFullAfterIDDispatchesOnce-single.log
++C03R2 run-c03-r2.sh:222: true
+C03R2 run-c03-r2.sh:222: local fail=0
+C03R2 run-c03-r2.sh:223: local bad=0
+C03R2 run-c03-r2.sh:223: grep -Eq '\[build failed\]|panic:|fatal error:|test timed out|DATA RACE|no tests to run' /home/lilingfeng/tmp/juicefs-c03-r2-20260817-183244/logs/go126-Q-semantic-PartialThenFullAfterIDDispatchesOnce-single.log
+C03R2 run-c03-r2.sh:224: printf '%s\t%s\tsingle\t%s\t%s\t1\t1\t%s\t%s\t0\t%s\t%s\n' Q-semantic go126 TestC02PartialThenFullAfterIDDispatchesOnce 0 1 0 0 logs/go126-Q-semantic-PartialThenFullAfterIDDispatchesOnce-single.log
++C03R2 run-c03-r2.sh:324: tail -1 /home/lilingfeng/tmp/juicefs-c03-r2-20260817-183244/meta/semantic-results.tsv
++C03R2 run-c03-r2.sh:324: awk '-F\t' '{print $5}'
+C03R2 run-c03-r2.sh:324: '[' 0 = 0 ']'
+C03R2 run-c03-r2.sh:321: for tn in "${C02_TESTS[@]}"
+C03R2 run-c03-r2.sh:322: short=DelayedNewSliceDoesNotBlockWriteAt
+C03R2 run-c03-r2.sh:323: run_and_record go126 local /home/lilingfeng/tmp/juicefs-c03-r2-20260817-183244/cache/go-build-126 Q-semantic single TestC02DelayedNewSliceDoesNotBlockWriteAt DelayedNewSliceDoesNotBlockWriteAt
+C03R2 run-c03-r2.sh:215: local tool=go126 tc=local bc=/home/lilingfeng/tmp/juicefs-c03-r2-20260817-183244/cache/go-build-126 arm=Q-semantic mode=single test_name=TestC02DelayedNewSliceDoesNotBlockWriteAt
+C03R2 run-c03-r2.sh:216: local id=DelayedNewSliceDoesNotBlockWriteAt
+C03R2 run-c03-r2.sh:217: local log_rel=logs/go126-Q-semantic-DelayedNewSliceDoesNotBlockWriteAt-single.log
+C03R2 run-c03-r2.sh:218: local rc
+C03R2 run-c03-r2.sh:219: cd /home/lilingfeng/tmp/juicefs-c03-r2-20260817-183244/src/Q-semantic
+C03R2 run-c03-r2.sh:219: env GOTOOLCHAIN=local GOCACHE=/home/lilingfeng/tmp/juicefs-c03-r2-20260817-183244/cache/go-build-126 GOFLAGS=-mod=readonly GOPROXY=https://goproxy.cn,direct GOMODCACHE=/home/lilingfeng/tmp/juicefs-c03-r2-20260817-183244/cache/go-mod GOTMPDIR=/home/lilingfeng/tmp/juicefs-c03-r2-20260817-183244/cache/go-tmp TMPDIR=/home/lilingfeng/tmp/juicefs-c03-r2-20260817-183244/cache/os-tmp go test ./pkg/vfs -run '^TestC02DelayedNewSliceDoesNotBlockWriteAt$' -count=1 -v -timeout=2m
+C03R2 run-c03-r2.sh:219: rc=0
+C03R2 run-c03-r2.sh:220: printf '%s\n' 0
++C03R2 run-c03-r2.sh:221: grep -c -- '--- PASS: TestC02DelayedNewSliceDoesNotBlockWriteAt' /home/lilingfeng/tmp/juicefs-c03-r2-20260817-183244/logs/go126-Q-semantic-DelayedNewSliceDoesNotBlockWriteAt-single.log
+C03R2 run-c03-r2.sh:221: local pass=1
++C03R2 run-c03-r2.sh:222: grep -c -- '--- FAIL: TestC02DelayedNewSliceDoesNotBlockWriteAt' /home/lilingfeng/tmp/juicefs-c03-r2-20260817-183244/logs/go126-Q-semantic-DelayedNewSliceDoesNotBlockWriteAt-single.log
++C03R2 run-c03-r2.sh:222: true
+C03R2 run-c03-r2.sh:222: local fail=0
+C03R2 run-c03-r2.sh:223: local bad=0
+C03R2 run-c03-r2.sh:223: grep -Eq '\[build failed\]|panic:|fatal error:|test timed out|DATA RACE|no tests to run' /home/lilingfeng/tmp/juicefs-c03-r2-20260817-183244/logs/go126-Q-semantic-DelayedNewSliceDoesNotBlockWriteAt-single.log
+C03R2 run-c03-r2.sh:224: printf '%s\t%s\tsingle\t%s\t%s\t1\t1\t%s\t%s\t0\t%s\t%s\n' Q-semantic go126 TestC02DelayedNewSliceDoesNotBlockWriteAt 0 1 0 0 logs/go126-Q-semantic-DelayedNewSliceDoesNotBlockWriteAt-single.log
++C03R2 run-c03-r2.sh:324: tail -1 /home/lilingfeng/tmp/juicefs-c03-r2-20260817-183244/meta/semantic-results.tsv
++C03R2 run-c03-r2.sh:324: awk '-F\t' '{print $5}'
+C03R2 run-c03-r2.sh:324: '[' 0 = 0 ']'
+C03R2 run-c03-r2.sh:321: for tn in "${C02_TESTS[@]}"
+C03R2 run-c03-r2.sh:322: short=NonEIONewSliceDoesNotRetryBeforeFlush
+C03R2 run-c03-r2.sh:323: run_and_record go126 local /home/lilingfeng/tmp/juicefs-c03-r2-20260817-183244/cache/go-build-126 Q-semantic single TestC02NonEIONewSliceDoesNotRetryBeforeFlush NonEIONewSliceDoesNotRetryBeforeFlush
+C03R2 run-c03-r2.sh:215: local tool=go126 tc=local bc=/home/lilingfeng/tmp/juicefs-c03-r2-20260817-183244/cache/go-build-126 arm=Q-semantic mode=single test_name=TestC02NonEIONewSliceDoesNotRetryBeforeFlush
+C03R2 run-c03-r2.sh:216: local id=NonEIONewSliceDoesNotRetryBeforeFlush
+C03R2 run-c03-r2.sh:217: local log_rel=logs/go126-Q-semantic-NonEIONewSliceDoesNotRetryBeforeFlush-single.log
+C03R2 run-c03-r2.sh:218: local rc
+C03R2 run-c03-r2.sh:219: cd /home/lilingfeng/tmp/juicefs-c03-r2-20260817-183244/src/Q-semantic
+C03R2 run-c03-r2.sh:219: env GOTOOLCHAIN=local GOCACHE=/home/lilingfeng/tmp/juicefs-c03-r2-20260817-183244/cache/go-build-126 GOFLAGS=-mod=readonly GOPROXY=https://goproxy.cn,direct GOMODCACHE=/home/lilingfeng/tmp/juicefs-c03-r2-20260817-183244/cache/go-mod GOTMPDIR=/home/lilingfeng/tmp/juicefs-c03-r2-20260817-183244/cache/go-tmp TMPDIR=/home/lilingfeng/tmp/juicefs-c03-r2-20260817-183244/cache/os-tmp go test ./pkg/vfs -run '^TestC02NonEIONewSliceDoesNotRetryBeforeFlush$' -count=1 -v -timeout=2m
+C03R2 run-c03-r2.sh:219: rc=0
+C03R2 run-c03-r2.sh:220: printf '%s\n' 0
++C03R2 run-c03-r2.sh:221: grep -c -- '--- PASS: TestC02NonEIONewSliceDoesNotRetryBeforeFlush' /home/lilingfeng/tmp/juicefs-c03-r2-20260817-183244/logs/go126-Q-semantic-NonEIONewSliceDoesNotRetryBeforeFlush-single.log
+C03R2 run-c03-r2.sh:221: local pass=1
++C03R2 run-c03-r2.sh:222: grep -c -- '--- FAIL: TestC02NonEIONewSliceDoesNotRetryBeforeFlush' /home/lilingfeng/tmp/juicefs-c03-r2-20260817-183244/logs/go126-Q-semantic-NonEIONewSliceDoesNotRetryBeforeFlush-single.log
++C03R2 run-c03-r2.sh:222: true
+C03R2 run-c03-r2.sh:222: local fail=0
+C03R2 run-c03-r2.sh:223: local bad=0
+C03R2 run-c03-r2.sh:223: grep -Eq '\[build failed\]|panic:|fatal error:|test timed out|DATA RACE|no tests to run' /home/lilingfeng/tmp/juicefs-c03-r2-20260817-183244/logs/go126-Q-semantic-NonEIONewSliceDoesNotRetryBeforeFlush-single.log
+C03R2 run-c03-r2.sh:224: printf '%s\t%s\tsingle\t%s\t%s\t1\t1\t%s\t%s\t0\t%s\t%s\n' Q-semantic go126 TestC02NonEIONewSliceDoesNotRetryBeforeFlush 0 1 0 0 logs/go126-Q-semantic-NonEIONewSliceDoesNotRetryBeforeFlush-single.log
++C03R2 run-c03-r2.sh:324: tail -1 /home/lilingfeng/tmp/juicefs-c03-r2-20260817-183244/meta/semantic-results.tsv
++C03R2 run-c03-r2.sh:324: awk '-F\t' '{print $5}'
+C03R2 run-c03-r2.sh:324: '[' 0 = 0 ']'
+C03R2 run-c03-r2.sh:321: for tn in "${C02_TESTS[@]}"
+C03R2 run-c03-r2.sh:322: short=TransientEIORecoversOnFreeze
+C03R2 run-c03-r2.sh:323: run_and_record go126 local /home/lilingfeng/tmp/juicefs-c03-r2-20260817-183244/cache/go-build-126 Q-semantic single TestC02TransientEIORecoversOnFreeze TransientEIORecoversOnFreeze
+C03R2 run-c03-r2.sh:215: local tool=go126 tc=local bc=/home/lilingfeng/tmp/juicefs-c03-r2-20260817-183244/cache/go-build-126 arm=Q-semantic mode=single test_name=TestC02TransientEIORecoversOnFreeze
+C03R2 run-c03-r2.sh:216: local id=TransientEIORecoversOnFreeze
+C03R2 run-c03-r2.sh:217: local log_rel=logs/go126-Q-semantic-TransientEIORecoversOnFreeze-single.log
+C03R2 run-c03-r2.sh:218: local rc
+C03R2 run-c03-r2.sh:219: cd /home/lilingfeng/tmp/juicefs-c03-r2-20260817-183244/src/Q-semantic
+C03R2 run-c03-r2.sh:219: env GOTOOLCHAIN=local GOCACHE=/home/lilingfeng/tmp/juicefs-c03-r2-20260817-183244/cache/go-build-126 GOFLAGS=-mod=readonly GOPROXY=https://goproxy.cn,direct GOMODCACHE=/home/lilingfeng/tmp/juicefs-c03-r2-20260817-183244/cache/go-mod GOTMPDIR=/home/lilingfeng/tmp/juicefs-c03-r2-20260817-183244/cache/go-tmp TMPDIR=/home/lilingfeng/tmp/juicefs-c03-r2-20260817-183244/cache/os-tmp go test ./pkg/vfs -run '^TestC02TransientEIORecoversOnFreeze$' -count=1 -v -timeout=2m
+C03R2 run-c03-r2.sh:219: rc=0
+C03R2 run-c03-r2.sh:220: printf '%s\n' 0
++C03R2 run-c03-r2.sh:221: grep -c -- '--- PASS: TestC02TransientEIORecoversOnFreeze' /home/lilingfeng/tmp/juicefs-c03-r2-20260817-183244/logs/go126-Q-semantic-TransientEIORecoversOnFreeze-single.log
+C03R2 run-c03-r2.sh:221: local pass=1
++C03R2 run-c03-r2.sh:222: grep -c -- '--- FAIL: TestC02TransientEIORecoversOnFreeze' /home/lilingfeng/tmp/juicefs-c03-r2-20260817-183244/logs/go126-Q-semantic-TransientEIORecoversOnFreeze-single.log
++C03R2 run-c03-r2.sh:222: true
+C03R2 run-c03-r2.sh:222: local fail=0
+C03R2 run-c03-r2.sh:223: local bad=0
+C03R2 run-c03-r2.sh:223: grep -Eq '\[build failed\]|panic:|fatal error:|test timed out|DATA RACE|no tests to run' /home/lilingfeng/tmp/juicefs-c03-r2-20260817-183244/logs/go126-Q-semantic-TransientEIORecoversOnFreeze-single.log
+C03R2 run-c03-r2.sh:224: printf '%s\t%s\tsingle\t%s\t%s\t1\t1\t%s\t%s\t0\t%s\t%s\n' Q-semantic go126 TestC02TransientEIORecoversOnFreeze 0 1 0 0 logs/go126-Q-semantic-TransientEIORecoversOnFreeze-single.log
++C03R2 run-c03-r2.sh:324: tail -1 /home/lilingfeng/tmp/juicefs-c03-r2-20260817-183244/meta/semantic-results.tsv
++C03R2 run-c03-r2.sh:324: awk '-F\t' '{print $5}'
+C03R2 run-c03-r2.sh:324: '[' 0 = 0 ']'
+C03R2 run-c03-r2.sh:321: for tn in "${C02_TESTS[@]}"
+C03R2 run-c03-r2.sh:322: short=PermanentENOSPCAbortsFrozenSlice
+C03R2 run-c03-r2.sh:323: run_and_record go126 local /home/lilingfeng/tmp/juicefs-c03-r2-20260817-183244/cache/go-build-126 Q-semantic single TestC02PermanentENOSPCAbortsFrozenSlice PermanentENOSPCAbortsFrozenSlice
+C03R2 run-c03-r2.sh:215: local tool=go126 tc=local bc=/home/lilingfeng/tmp/juicefs-c03-r2-20260817-183244/cache/go-build-126 arm=Q-semantic mode=single test_name=TestC02PermanentENOSPCAbortsFrozenSlice
+C03R2 run-c03-r2.sh:216: local id=PermanentENOSPCAbortsFrozenSlice
+C03R2 run-c03-r2.sh:217: local log_rel=logs/go126-Q-semantic-PermanentENOSPCAbortsFrozenSlice-single.log
+C03R2 run-c03-r2.sh:218: local rc
+C03R2 run-c03-r2.sh:219: cd /home/lilingfeng/tmp/juicefs-c03-r2-20260817-183244/src/Q-semantic
+C03R2 run-c03-r2.sh:219: env GOTOOLCHAIN=local GOCACHE=/home/lilingfeng/tmp/juicefs-c03-r2-20260817-183244/cache/go-build-126 GOFLAGS=-mod=readonly GOPROXY=https://goproxy.cn,direct GOMODCACHE=/home/lilingfeng/tmp/juicefs-c03-r2-20260817-183244/cache/go-mod GOTMPDIR=/home/lilingfeng/tmp/juicefs-c03-r2-20260817-183244/cache/go-tmp TMPDIR=/home/lilingfeng/tmp/juicefs-c03-r2-20260817-183244/cache/os-tmp go test ./pkg/vfs -run '^TestC02PermanentENOSPCAbortsFrozenSlice$' -count=1 -v -timeout=2m
+C03R2 run-c03-r2.sh:219: rc=0
+C03R2 run-c03-r2.sh:220: printf '%s\n' 0
++C03R2 run-c03-r2.sh:221: grep -c -- '--- PASS: TestC02PermanentENOSPCAbortsFrozenSlice' /home/lilingfeng/tmp/juicefs-c03-r2-20260817-183244/logs/go126-Q-semantic-PermanentENOSPCAbortsFrozenSlice-single.log
+C03R2 run-c03-r2.sh:221: local pass=1
++C03R2 run-c03-r2.sh:222: grep -c -- '--- FAIL: TestC02PermanentENOSPCAbortsFrozenSlice' /home/lilingfeng/tmp/juicefs-c03-r2-20260817-183244/logs/go126-Q-semantic-PermanentENOSPCAbortsFrozenSlice-single.log
++C03R2 run-c03-r2.sh:222: true
+C03R2 run-c03-r2.sh:222: local fail=0
+C03R2 run-c03-r2.sh:223: local bad=0
+C03R2 run-c03-r2.sh:223: grep -Eq '\[build failed\]|panic:|fatal error:|test timed out|DATA RACE|no tests to run' /home/lilingfeng/tmp/juicefs-c03-r2-20260817-183244/logs/go126-Q-semantic-PermanentENOSPCAbortsFrozenSlice-single.log
+C03R2 run-c03-r2.sh:224: printf '%s\t%s\tsingle\t%s\t%s\t1\t1\t%s\t%s\t0\t%s\t%s\n' Q-semantic go126 TestC02PermanentENOSPCAbortsFrozenSlice 0 1 0 0 logs/go126-Q-semantic-PermanentENOSPCAbortsFrozenSlice-single.log
++C03R2 run-c03-r2.sh:324: tail -1 /home/lilingfeng/tmp/juicefs-c03-r2-20260817-183244/meta/semantic-results.tsv
++C03R2 run-c03-r2.sh:324: awk '-F\t' '{print $5}'
+C03R2 run-c03-r2.sh:324: '[' 0 = 0 ']'
+C03R2 run-c03-r2.sh:321: for tn in "${C02_TESTS[@]}"
+C03R2 run-c03-r2.sh:322: short=FrozenSliceSkipsCatchupFlush
+C03R2 run-c03-r2.sh:323: run_and_record go126 local /home/lilingfeng/tmp/juicefs-c03-r2-20260817-183244/cache/go-build-126 Q-semantic single TestC02FrozenSliceSkipsCatchupFlush FrozenSliceSkipsCatchupFlush
+C03R2 run-c03-r2.sh:215: local tool=go126 tc=local bc=/home/lilingfeng/tmp/juicefs-c03-r2-20260817-183244/cache/go-build-126 arm=Q-semantic mode=single test_name=TestC02FrozenSliceSkipsCatchupFlush
+C03R2 run-c03-r2.sh:216: local id=FrozenSliceSkipsCatchupFlush
+C03R2 run-c03-r2.sh:217: local log_rel=logs/go126-Q-semantic-FrozenSliceSkipsCatchupFlush-single.log
+C03R2 run-c03-r2.sh:218: local rc
+C03R2 run-c03-r2.sh:219: cd /home/lilingfeng/tmp/juicefs-c03-r2-20260817-183244/src/Q-semantic
+C03R2 run-c03-r2.sh:219: env GOTOOLCHAIN=local GOCACHE=/home/lilingfeng/tmp/juicefs-c03-r2-20260817-183244/cache/go-build-126 GOFLAGS=-mod=readonly GOPROXY=https://goproxy.cn,direct GOMODCACHE=/home/lilingfeng/tmp/juicefs-c03-r2-20260817-183244/cache/go-mod GOTMPDIR=/home/lilingfeng/tmp/juicefs-c03-r2-20260817-183244/cache/go-tmp TMPDIR=/home/lilingfeng/tmp/juicefs-c03-r2-20260817-183244/cache/os-tmp go test ./pkg/vfs -run '^TestC02FrozenSliceSkipsCatchupFlush$' -count=1 -v -timeout=2m
+C03R2 run-c03-r2.sh:219: rc=0
+C03R2 run-c03-r2.sh:220: printf '%s\n' 0
++C03R2 run-c03-r2.sh:221: grep -c -- '--- PASS: TestC02FrozenSliceSkipsCatchupFlush' /home/lilingfeng/tmp/juicefs-c03-r2-20260817-183244/logs/go126-Q-semantic-FrozenSliceSkipsCatchupFlush-single.log
+C03R2 run-c03-r2.sh:221: local pass=1
++C03R2 run-c03-r2.sh:222: grep -c -- '--- FAIL: TestC02FrozenSliceSkipsCatchupFlush' /home/lilingfeng/tmp/juicefs-c03-r2-20260817-183244/logs/go126-Q-semantic-FrozenSliceSkipsCatchupFlush-single.log
++C03R2 run-c03-r2.sh:222: true
+C03R2 run-c03-r2.sh:222: local fail=0
+C03R2 run-c03-r2.sh:223: local bad=0
+C03R2 run-c03-r2.sh:223: grep -Eq '\[build failed\]|panic:|fatal error:|test timed out|DATA RACE|no tests to run' /home/lilingfeng/tmp/juicefs-c03-r2-20260817-183244/logs/go126-Q-semantic-FrozenSliceSkipsCatchupFlush-single.log
+C03R2 run-c03-r2.sh:224: printf '%s\t%s\tsingle\t%s\t%s\t1\t1\t%s\t%s\t0\t%s\t%s\n' Q-semantic go126 TestC02FrozenSliceSkipsCatchupFlush 0 1 0 0 logs/go126-Q-semantic-FrozenSliceSkipsCatchupFlush-single.log
++C03R2 run-c03-r2.sh:324: tail -1 /home/lilingfeng/tmp/juicefs-c03-r2-20260817-183244/meta/semantic-results.tsv
++C03R2 run-c03-r2.sh:324: awk '-F\t' '{print $5}'
+C03R2 run-c03-r2.sh:324: '[' 0 = 0 ']'
+C03R2 run-c03-r2.sh:321: for tn in "${C02_TESTS[@]}"
+C03R2 run-c03-r2.sh:322: short=ConcurrentIndependentFullBlocks
+C03R2 run-c03-r2.sh:323: run_and_record go126 local /home/lilingfeng/tmp/juicefs-c03-r2-20260817-183244/cache/go-build-126 Q-semantic single TestC02ConcurrentIndependentFullBlocks ConcurrentIndependentFullBlocks
+C03R2 run-c03-r2.sh:215: local tool=go126 tc=local bc=/home/lilingfeng/tmp/juicefs-c03-r2-20260817-183244/cache/go-build-126 arm=Q-semantic mode=single test_name=TestC02ConcurrentIndependentFullBlocks
+C03R2 run-c03-r2.sh:216: local id=ConcurrentIndependentFullBlocks
+C03R2 run-c03-r2.sh:217: local log_rel=logs/go126-Q-semantic-ConcurrentIndependentFullBlocks-single.log
+C03R2 run-c03-r2.sh:218: local rc
+C03R2 run-c03-r2.sh:219: cd /home/lilingfeng/tmp/juicefs-c03-r2-20260817-183244/src/Q-semantic
+C03R2 run-c03-r2.sh:219: env GOTOOLCHAIN=local GOCACHE=/home/lilingfeng/tmp/juicefs-c03-r2-20260817-183244/cache/go-build-126 GOFLAGS=-mod=readonly GOPROXY=https://goproxy.cn,direct GOMODCACHE=/home/lilingfeng/tmp/juicefs-c03-r2-20260817-183244/cache/go-mod GOTMPDIR=/home/lilingfeng/tmp/juicefs-c03-r2-20260817-183244/cache/go-tmp TMPDIR=/home/lilingfeng/tmp/juicefs-c03-r2-20260817-183244/cache/os-tmp go test ./pkg/vfs -run '^TestC02ConcurrentIndependentFullBlocks$' -count=1 -v -timeout=2m
+C03R2 run-c03-r2.sh:219: rc=0
+C03R2 run-c03-r2.sh:220: printf '%s\n' 0
++C03R2 run-c03-r2.sh:221: grep -c -- '--- PASS: TestC02ConcurrentIndependentFullBlocks' /home/lilingfeng/tmp/juicefs-c03-r2-20260817-183244/logs/go126-Q-semantic-ConcurrentIndependentFullBlocks-single.log
+C03R2 run-c03-r2.sh:221: local pass=1
++C03R2 run-c03-r2.sh:222: grep -c -- '--- FAIL: TestC02ConcurrentIndependentFullBlocks' /home/lilingfeng/tmp/juicefs-c03-r2-20260817-183244/logs/go126-Q-semantic-ConcurrentIndependentFullBlocks-single.log
++C03R2 run-c03-r2.sh:222: true
+C03R2 run-c03-r2.sh:222: local fail=0
+C03R2 run-c03-r2.sh:223: local bad=0
+C03R2 run-c03-r2.sh:223: grep -Eq '\[build failed\]|panic:|fatal error:|test timed out|DATA RACE|no tests to run' /home/lilingfeng/tmp/juicefs-c03-r2-20260817-183244/logs/go126-Q-semantic-ConcurrentIndependentFullBlocks-single.log
+C03R2 run-c03-r2.sh:224: printf '%s\t%s\tsingle\t%s\t%s\t1\t1\t%s\t%s\t0\t%s\t%s\n' Q-semantic go126 TestC02ConcurrentIndependentFullBlocks 0 1 0 0 logs/go126-Q-semantic-ConcurrentIndependentFullBlocks-single.log
++C03R2 run-c03-r2.sh:324: tail -1 /home/lilingfeng/tmp/juicefs-c03-r2-20260817-183244/meta/semantic-results.tsv
++C03R2 run-c03-r2.sh:324: awk '-F\t' '{print $5}'
+C03R2 run-c03-r2.sh:324: '[' 0 = 0 ']'
+C03R2 run-c03-r2.sh:326: run_count_and_record go126 local /home/lilingfeng/tmp/juicefs-c03-r2-20260817-183244/cache/go-build-126 Q-semantic count100 '^TestC02(FullBlockDispatchAfterDelayedID|MultiBlockDispatchUsesLatestLength|FlushToFailureIsObservable|PartialThenFullAfterIDDispatchesOnce|DelayedNewSliceDoesNotBlockWriteAt|NonEIONewSliceDoesNotRetryBeforeFlush|TransientEIORecoversOnFreeze|PermanentENOSPCAbortsFrozenSlice|FrozenSliceSkipsCatchupFlush|ConcurrentIndependentFullBlocks)$' 100 $'TestC02FullBlockDispatchAfterDelayedID\nTestC02MultiBlockDispatchUsesLatestLength\nTestC02FlushToFailureIsObservable\nTestC02PartialThenFullAfterIDDispatchesOnce\nTestC02DelayedNewSliceDoesNotBlockWriteAt\nTestC02NonEIONewSliceDoesNotRetryBeforeFlush\nTestC02TransientEIORecoversOnFreeze\nTestC02PermanentENOSPCAbortsFrozenSlice\nTestC02FrozenSliceSkipsCatchupFlush\nTestC02ConcurrentIndependentFullBlocks'
+C03R2 run-c03-r2.sh:228: local tool=go126 tc=local bc=/home/lilingfeng/tmp/juicefs-c03-r2-20260817-183244/cache/go-build-126 arm=Q-semantic mode=count100 're=^TestC02(FullBlockDispatchAfterDelayedID|MultiBlockDispatchUsesLatestLength|FlushToFailureIsObservable|PartialThenFullAfterIDDispatchesOnce|DelayedNewSliceDoesNotBlockWriteAt|NonEIONewSliceDoesNotRetryBeforeFlush|TransientEIORecoversOnFreeze|PermanentENOSPCAbortsFrozenSlice|FrozenSliceSkipsCatchupFlush|ConcurrentIndependentFullBlocks)$' count=100 $'test_names=TestC02FullBlockDispatchAfterDelayedID\nTestC02MultiBlockDispatchUsesLatestLength\nTestC02FlushToFailureIsObservable\nTestC02PartialThenFullAfterIDDispatchesOnce\nTestC02DelayedNewSliceDoesNotBlockWriteAt\nTestC02NonEIONewSliceDoesNotRetryBeforeFlush\nTestC02TransientEIORecoversOnFreeze\nTestC02PermanentENOSPCAbortsFrozenSlice\nTestC02FrozenSliceSkipsCatchupFlush\nTestC02ConcurrentIndependentFullBlocks'
+C03R2 run-c03-r2.sh:229: local log_rel=logs/go126-Q-semantic-count100.log
+C03R2 run-c03-r2.sh:230: local extra=
+C03R2 run-c03-r2.sh:230: '[' count100 = race20 ']'
+C03R2 run-c03-r2.sh:231: local rc
+C03R2 run-c03-r2.sh:232: cd /home/lilingfeng/tmp/juicefs-c03-r2-20260817-183244/src/Q-semantic
+C03R2 run-c03-r2.sh:232: env GOTOOLCHAIN=local GOCACHE=/home/lilingfeng/tmp/juicefs-c03-r2-20260817-183244/cache/go-build-126 GOFLAGS=-mod=readonly GOPROXY=https://goproxy.cn,direct GOMODCACHE=/home/lilingfeng/tmp/juicefs-c03-r2-20260817-183244/cache/go-mod GOTMPDIR=/home/lilingfeng/tmp/juicefs-c03-r2-20260817-183244/cache/go-tmp TMPDIR=/home/lilingfeng/tmp/juicefs-c03-r2-20260817-183244/cache/os-tmp go test ./pkg/vfs -run '^TestC02(FullBlockDispatchAfterDelayedID|MultiBlockDispatchUsesLatestLength|FlushToFailureIsObservable|PartialThenFullAfterIDDispatchesOnce|DelayedNewSliceDoesNotBlockWriteAt|NonEIONewSliceDoesNotRetryBeforeFlush|TransientEIORecoversOnFreeze|PermanentENOSPCAbortsFrozenSlice|FrozenSliceSkipsCatchupFlush|ConcurrentIndependentFullBlocks)$' -count=100 -v -timeout=20m
+C03R2 run-c03-r2.sh:232: rc=0
+C03R2 run-c03-r2.sh:233: printf '%s\n' 0
+C03R2 run-c03-r2.sh:234: local bad=0
+C03R2 run-c03-r2.sh:234: grep -Eq '\[build failed\]|panic:|fatal error:|test timed out|DATA RACE|no tests to run' /home/lilingfeng/tmp/juicefs-c03-r2-20260817-183244/logs/go126-Q-semantic-count100.log
+C03R2 run-c03-r2.sh:235: IFS=
+C03R2 run-c03-r2.sh:235: read -r tn
++C03R2 run-c03-r2.sh:236: grep -c -- '--- PASS: TestC02FullBlockDispatchAfterDelayedID' /home/lilingfeng/tmp/juicefs-c03-r2-20260817-183244/logs/go126-Q-semantic-count100.log
+C03R2 run-c03-r2.sh:236: local pass=100
++C03R2 run-c03-r2.sh:237: grep -c -- '--- FAIL: TestC02FullBlockDispatchAfterDelayedID' /home/lilingfeng/tmp/juicefs-c03-r2-20260817-183244/logs/go126-Q-semantic-count100.log
++C03R2 run-c03-r2.sh:237: true
+C03R2 run-c03-r2.sh:237: local fail=0
+C03R2 run-c03-r2.sh:238: printf '%s\t%s\t%s\t%s\t%s\t%s\t%s\t%s\t%s\t%s\t%s\n' Q-semantic go126 count100 TestC02FullBlockDispatchAfterDelayedID 0 100 100 100 0 0 logs/go126-Q-semantic-count100.log
+C03R2 run-c03-r2.sh:235: IFS=
+C03R2 run-c03-r2.sh:235: read -r tn
++C03R2 run-c03-r2.sh:236: grep -c -- '--- PASS: TestC02MultiBlockDispatchUsesLatestLength' /home/lilingfeng/tmp/juicefs-c03-r2-20260817-183244/logs/go126-Q-semantic-count100.log
+C03R2 run-c03-r2.sh:236: local pass=100
++C03R2 run-c03-r2.sh:237: grep -c -- '--- FAIL: TestC02MultiBlockDispatchUsesLatestLength' /home/lilingfeng/tmp/juicefs-c03-r2-20260817-183244/logs/go126-Q-semantic-count100.log
++C03R2 run-c03-r2.sh:237: true
+C03R2 run-c03-r2.sh:237: local fail=0
+C03R2 run-c03-r2.sh:238: printf '%s\t%s\t%s\t%s\t%s\t%s\t%s\t%s\t%s\t%s\t%s\n' Q-semantic go126 count100 TestC02MultiBlockDispatchUsesLatestLength 0 100 100 100 0 0 logs/go126-Q-semantic-count100.log
+C03R2 run-c03-r2.sh:235: IFS=
+C03R2 run-c03-r2.sh:235: read -r tn
++C03R2 run-c03-r2.sh:236: grep -c -- '--- PASS: TestC02FlushToFailureIsObservable' /home/lilingfeng/tmp/juicefs-c03-r2-20260817-183244/logs/go126-Q-semantic-count100.log
+C03R2 run-c03-r2.sh:236: local pass=100
++C03R2 run-c03-r2.sh:237: grep -c -- '--- FAIL: TestC02FlushToFailureIsObservable' /home/lilingfeng/tmp/juicefs-c03-r2-20260817-183244/logs/go126-Q-semantic-count100.log
++C03R2 run-c03-r2.sh:237: true
+C03R2 run-c03-r2.sh:237: local fail=0
+C03R2 run-c03-r2.sh:238: printf '%s\t%s\t%s\t%s\t%s\t%s\t%s\t%s\t%s\t%s\t%s\n' Q-semantic go126 count100 TestC02FlushToFailureIsObservable 0 100 100 100 0 0 logs/go126-Q-semantic-count100.log
+C03R2 run-c03-r2.sh:235: IFS=
+C03R2 run-c03-r2.sh:235: read -r tn
++C03R2 run-c03-r2.sh:236: grep -c -- '--- PASS: TestC02PartialThenFullAfterIDDispatchesOnce' /home/lilingfeng/tmp/juicefs-c03-r2-20260817-183244/logs/go126-Q-semantic-count100.log
+C03R2 run-c03-r2.sh:236: local pass=100
++C03R2 run-c03-r2.sh:237: grep -c -- '--- FAIL: TestC02PartialThenFullAfterIDDispatchesOnce' /home/lilingfeng/tmp/juicefs-c03-r2-20260817-183244/logs/go126-Q-semantic-count100.log
++C03R2 run-c03-r2.sh:237: true
+C03R2 run-c03-r2.sh:237: local fail=0
+C03R2 run-c03-r2.sh:238: printf '%s\t%s\t%s\t%s\t%s\t%s\t%s\t%s\t%s\t%s\t%s\n' Q-semantic go126 count100 TestC02PartialThenFullAfterIDDispatchesOnce 0 100 100 100 0 0 logs/go126-Q-semantic-count100.log
+C03R2 run-c03-r2.sh:235: IFS=
+C03R2 run-c03-r2.sh:235: read -r tn
++C03R2 run-c03-r2.sh:236: grep -c -- '--- PASS: TestC02DelayedNewSliceDoesNotBlockWriteAt' /home/lilingfeng/tmp/juicefs-c03-r2-20260817-183244/logs/go126-Q-semantic-count100.log
+C03R2 run-c03-r2.sh:236: local pass=100
++C03R2 run-c03-r2.sh:237: grep -c -- '--- FAIL: TestC02DelayedNewSliceDoesNotBlockWriteAt' /home/lilingfeng/tmp/juicefs-c03-r2-20260817-183244/logs/go126-Q-semantic-count100.log
++C03R2 run-c03-r2.sh:237: true
+C03R2 run-c03-r2.sh:237: local fail=0
+C03R2 run-c03-r2.sh:238: printf '%s\t%s\t%s\t%s\t%s\t%s\t%s\t%s\t%s\t%s\t%s\n' Q-semantic go126 count100 TestC02DelayedNewSliceDoesNotBlockWriteAt 0 100 100 100 0 0 logs/go126-Q-semantic-count100.log
+C03R2 run-c03-r2.sh:235: IFS=
+C03R2 run-c03-r2.sh:235: read -r tn
++C03R2 run-c03-r2.sh:236: grep -c -- '--- PASS: TestC02NonEIONewSliceDoesNotRetryBeforeFlush' /home/lilingfeng/tmp/juicefs-c03-r2-20260817-183244/logs/go126-Q-semantic-count100.log
+C03R2 run-c03-r2.sh:236: local pass=100
++C03R2 run-c03-r2.sh:237: grep -c -- '--- FAIL: TestC02NonEIONewSliceDoesNotRetryBeforeFlush' /home/lilingfeng/tmp/juicefs-c03-r2-20260817-183244/logs/go126-Q-semantic-count100.log
++C03R2 run-c03-r2.sh:237: true
+C03R2 run-c03-r2.sh:237: local fail=0
+C03R2 run-c03-r2.sh:238: printf '%s\t%s\t%s\t%s\t%s\t%s\t%s\t%s\t%s\t%s\t%s\n' Q-semantic go126 count100 TestC02NonEIONewSliceDoesNotRetryBeforeFlush 0 100 100 100 0 0 logs/go126-Q-semantic-count100.log
+C03R2 run-c03-r2.sh:235: IFS=
+C03R2 run-c03-r2.sh:235: read -r tn
++C03R2 run-c03-r2.sh:236: grep -c -- '--- PASS: TestC02TransientEIORecoversOnFreeze' /home/lilingfeng/tmp/juicefs-c03-r2-20260817-183244/logs/go126-Q-semantic-count100.log
+C03R2 run-c03-r2.sh:236: local pass=100
++C03R2 run-c03-r2.sh:237: grep -c -- '--- FAIL: TestC02TransientEIORecoversOnFreeze' /home/lilingfeng/tmp/juicefs-c03-r2-20260817-183244/logs/go126-Q-semantic-count100.log
++C03R2 run-c03-r2.sh:237: true
+C03R2 run-c03-r2.sh:237: local fail=0
+C03R2 run-c03-r2.sh:238: printf '%s\t%s\t%s\t%s\t%s\t%s\t%s\t%s\t%s\t%s\t%s\n' Q-semantic go126 count100 TestC02TransientEIORecoversOnFreeze 0 100 100 100 0 0 logs/go126-Q-semantic-count100.log
+C03R2 run-c03-r2.sh:235: IFS=
+C03R2 run-c03-r2.sh:235: read -r tn
++C03R2 run-c03-r2.sh:236: grep -c -- '--- PASS: TestC02PermanentENOSPCAbortsFrozenSlice' /home/lilingfeng/tmp/juicefs-c03-r2-20260817-183244/logs/go126-Q-semantic-count100.log
+C03R2 run-c03-r2.sh:236: local pass=100
++C03R2 run-c03-r2.sh:237: grep -c -- '--- FAIL: TestC02PermanentENOSPCAbortsFrozenSlice' /home/lilingfeng/tmp/juicefs-c03-r2-20260817-183244/logs/go126-Q-semantic-count100.log
++C03R2 run-c03-r2.sh:237: true
+C03R2 run-c03-r2.sh:237: local fail=0
+C03R2 run-c03-r2.sh:238: printf '%s\t%s\t%s\t%s\t%s\t%s\t%s\t%s\t%s\t%s\t%s\n' Q-semantic go126 count100 TestC02PermanentENOSPCAbortsFrozenSlice 0 100 100 100 0 0 logs/go126-Q-semantic-count100.log
+C03R2 run-c03-r2.sh:235: IFS=
+C03R2 run-c03-r2.sh:235: read -r tn
++C03R2 run-c03-r2.sh:236: grep -c -- '--- PASS: TestC02FrozenSliceSkipsCatchupFlush' /home/lilingfeng/tmp/juicefs-c03-r2-20260817-183244/logs/go126-Q-semantic-count100.log
+C03R2 run-c03-r2.sh:236: local pass=100
++C03R2 run-c03-r2.sh:237: grep -c -- '--- FAIL: TestC02FrozenSliceSkipsCatchupFlush' /home/lilingfeng/tmp/juicefs-c03-r2-20260817-183244/logs/go126-Q-semantic-count100.log
++C03R2 run-c03-r2.sh:237: true
+C03R2 run-c03-r2.sh:237: local fail=0
+C03R2 run-c03-r2.sh:238: printf '%s\t%s\t%s\t%s\t%s\t%s\t%s\t%s\t%s\t%s\t%s\n' Q-semantic go126 count100 TestC02FrozenSliceSkipsCatchupFlush 0 100 100 100 0 0 logs/go126-Q-semantic-count100.log
+C03R2 run-c03-r2.sh:235: IFS=
+C03R2 run-c03-r2.sh:235: read -r tn
++C03R2 run-c03-r2.sh:236: grep -c -- '--- PASS: TestC02ConcurrentIndependentFullBlocks' /home/lilingfeng/tmp/juicefs-c03-r2-20260817-183244/logs/go126-Q-semantic-count100.log
+C03R2 run-c03-r2.sh:236: local pass=100
++C03R2 run-c03-r2.sh:237: grep -c -- '--- FAIL: TestC02ConcurrentIndependentFullBlocks' /home/lilingfeng/tmp/juicefs-c03-r2-20260817-183244/logs/go126-Q-semantic-count100.log
++C03R2 run-c03-r2.sh:237: true
+C03R2 run-c03-r2.sh:237: local fail=0
+C03R2 run-c03-r2.sh:238: printf '%s\t%s\t%s\t%s\t%s\t%s\t%s\t%s\t%s\t%s\t%s\n' Q-semantic go126 count100 TestC02ConcurrentIndependentFullBlocks 0 100 100 100 0 0 logs/go126-Q-semantic-count100.log
+C03R2 run-c03-r2.sh:235: IFS=
+C03R2 run-c03-r2.sh:235: read -r tn
++C03R2 run-c03-r2.sh:327: cat /home/lilingfeng/tmp/juicefs-c03-r2-20260817-183244/rc/go126-Q-semantic-count100.rc
+C03R2 run-c03-r2.sh:327: '[' 0 = 0 ']'
+C03R2 run-c03-r2.sh:328: run_count_and_record go126 local /home/lilingfeng/tmp/juicefs-c03-r2-20260817-183244/cache/go-build-126 Q-semantic race20 '^TestC02(FullBlockDispatchAfterDelayedID|MultiBlockDispatchUsesLatestLength|FlushToFailureIsObservable|PartialThenFullAfterIDDispatchesOnce|DelayedNewSliceDoesNotBlockWriteAt|NonEIONewSliceDoesNotRetryBeforeFlush|TransientEIORecoversOnFreeze|PermanentENOSPCAbortsFrozenSlice|FrozenSliceSkipsCatchupFlush|ConcurrentIndependentFullBlocks)$' 20 $'TestC02FullBlockDispatchAfterDelayedID\nTestC02MultiBlockDispatchUsesLatestLength\nTestC02FlushToFailureIsObservable\nTestC02PartialThenFullAfterIDDispatchesOnce\nTestC02DelayedNewSliceDoesNotBlockWriteAt\nTestC02NonEIONewSliceDoesNotRetryBeforeFlush\nTestC02TransientEIORecoversOnFreeze\nTestC02PermanentENOSPCAbortsFrozenSlice\nTestC02FrozenSliceSkipsCatchupFlush\nTestC02ConcurrentIndependentFullBlocks'
+C03R2 run-c03-r2.sh:228: local tool=go126 tc=local bc=/home/lilingfeng/tmp/juicefs-c03-r2-20260817-183244/cache/go-build-126 arm=Q-semantic mode=race20 're=^TestC02(FullBlockDispatchAfterDelayedID|MultiBlockDispatchUsesLatestLength|FlushToFailureIsObservable|PartialThenFullAfterIDDispatchesOnce|DelayedNewSliceDoesNotBlockWriteAt|NonEIONewSliceDoesNotRetryBeforeFlush|TransientEIORecoversOnFreeze|PermanentENOSPCAbortsFrozenSlice|FrozenSliceSkipsCatchupFlush|ConcurrentIndependentFullBlocks)$' count=20 $'test_names=TestC02FullBlockDispatchAfterDelayedID\nTestC02MultiBlockDispatchUsesLatestLength\nTestC02FlushToFailureIsObservable\nTestC02PartialThenFullAfterIDDispatchesOnce\nTestC02DelayedNewSliceDoesNotBlockWriteAt\nTestC02NonEIONewSliceDoesNotRetryBeforeFlush\nTestC02TransientEIORecoversOnFreeze\nTestC02PermanentENOSPCAbortsFrozenSlice\nTestC02FrozenSliceSkipsCatchupFlush\nTestC02ConcurrentIndependentFullBlocks'
+C03R2 run-c03-r2.sh:229: local log_rel=logs/go126-Q-semantic-race20.log
+C03R2 run-c03-r2.sh:230: local extra=
+C03R2 run-c03-r2.sh:230: '[' race20 = race20 ']'
+C03R2 run-c03-r2.sh:230: extra=-race
+C03R2 run-c03-r2.sh:231: local rc
+C03R2 run-c03-r2.sh:232: cd /home/lilingfeng/tmp/juicefs-c03-r2-20260817-183244/src/Q-semantic
+C03R2 run-c03-r2.sh:232: env GOTOOLCHAIN=local GOCACHE=/home/lilingfeng/tmp/juicefs-c03-r2-20260817-183244/cache/go-build-126 GOFLAGS=-mod=readonly GOPROXY=https://goproxy.cn,direct GOMODCACHE=/home/lilingfeng/tmp/juicefs-c03-r2-20260817-183244/cache/go-mod GOTMPDIR=/home/lilingfeng/tmp/juicefs-c03-r2-20260817-183244/cache/go-tmp TMPDIR=/home/lilingfeng/tmp/juicefs-c03-r2-20260817-183244/cache/os-tmp go test -race ./pkg/vfs -run '^TestC02(FullBlockDispatchAfterDelayedID|MultiBlockDispatchUsesLatestLength|FlushToFailureIsObservable|PartialThenFullAfterIDDispatchesOnce|DelayedNewSliceDoesNotBlockWriteAt|NonEIONewSliceDoesNotRetryBeforeFlush|TransientEIORecoversOnFreeze|PermanentENOSPCAbortsFrozenSlice|FrozenSliceSkipsCatchupFlush|ConcurrentIndependentFullBlocks)$' -count=20 -v -timeout=20m
+C03R2 run-c03-r2.sh:232: rc=0
+C03R2 run-c03-r2.sh:233: printf '%s\n' 0
+C03R2 run-c03-r2.sh:234: local bad=0
+C03R2 run-c03-r2.sh:234: grep -Eq '\[build failed\]|panic:|fatal error:|test timed out|DATA RACE|no tests to run' /home/lilingfeng/tmp/juicefs-c03-r2-20260817-183244/logs/go126-Q-semantic-race20.log
+C03R2 run-c03-r2.sh:235: IFS=
+C03R2 run-c03-r2.sh:235: read -r tn
++C03R2 run-c03-r2.sh:236: grep -c -- '--- PASS: TestC02FullBlockDispatchAfterDelayedID' /home/lilingfeng/tmp/juicefs-c03-r2-20260817-183244/logs/go126-Q-semantic-race20.log
+C03R2 run-c03-r2.sh:236: local pass=20
++C03R2 run-c03-r2.sh:237: grep -c -- '--- FAIL: TestC02FullBlockDispatchAfterDelayedID' /home/lilingfeng/tmp/juicefs-c03-r2-20260817-183244/logs/go126-Q-semantic-race20.log
++C03R2 run-c03-r2.sh:237: true
+C03R2 run-c03-r2.sh:237: local fail=0
+C03R2 run-c03-r2.sh:238: printf '%s\t%s\t%s\t%s\t%s\t%s\t%s\t%s\t%s\t%s\t%s\n' Q-semantic go126 race20 TestC02FullBlockDispatchAfterDelayedID 0 20 20 20 0 0 logs/go126-Q-semantic-race20.log
+C03R2 run-c03-r2.sh:235: IFS=
+C03R2 run-c03-r2.sh:235: read -r tn
++C03R2 run-c03-r2.sh:236: grep -c -- '--- PASS: TestC02MultiBlockDispatchUsesLatestLength' /home/lilingfeng/tmp/juicefs-c03-r2-20260817-183244/logs/go126-Q-semantic-race20.log
+C03R2 run-c03-r2.sh:236: local pass=20
++C03R2 run-c03-r2.sh:237: grep -c -- '--- FAIL: TestC02MultiBlockDispatchUsesLatestLength' /home/lilingfeng/tmp/juicefs-c03-r2-20260817-183244/logs/go126-Q-semantic-race20.log
++C03R2 run-c03-r2.sh:237: true
+C03R2 run-c03-r2.sh:237: local fail=0
+C03R2 run-c03-r2.sh:238: printf '%s\t%s\t%s\t%s\t%s\t%s\t%s\t%s\t%s\t%s\t%s\n' Q-semantic go126 race20 TestC02MultiBlockDispatchUsesLatestLength 0 20 20 20 0 0 logs/go126-Q-semantic-race20.log
+C03R2 run-c03-r2.sh:235: IFS=
+C03R2 run-c03-r2.sh:235: read -r tn
++C03R2 run-c03-r2.sh:236: grep -c -- '--- PASS: TestC02FlushToFailureIsObservable' /home/lilingfeng/tmp/juicefs-c03-r2-20260817-183244/logs/go126-Q-semantic-race20.log
+C03R2 run-c03-r2.sh:236: local pass=20
++C03R2 run-c03-r2.sh:237: grep -c -- '--- FAIL: TestC02FlushToFailureIsObservable' /home/lilingfeng/tmp/juicefs-c03-r2-20260817-183244/logs/go126-Q-semantic-race20.log
++C03R2 run-c03-r2.sh:237: true
+C03R2 run-c03-r2.sh:237: local fail=0
+C03R2 run-c03-r2.sh:238: printf '%s\t%s\t%s\t%s\t%s\t%s\t%s\t%s\t%s\t%s\t%s\n' Q-semantic go126 race20 TestC02FlushToFailureIsObservable 0 20 20 20 0 0 logs/go126-Q-semantic-race20.log
+C03R2 run-c03-r2.sh:235: IFS=
+C03R2 run-c03-r2.sh:235: read -r tn
++C03R2 run-c03-r2.sh:236: grep -c -- '--- PASS: TestC02PartialThenFullAfterIDDispatchesOnce' /home/lilingfeng/tmp/juicefs-c03-r2-20260817-183244/logs/go126-Q-semantic-race20.log
+C03R2 run-c03-r2.sh:236: local pass=20
++C03R2 run-c03-r2.sh:237: grep -c -- '--- FAIL: TestC02PartialThenFullAfterIDDispatchesOnce' /home/lilingfeng/tmp/juicefs-c03-r2-20260817-183244/logs/go126-Q-semantic-race20.log
++C03R2 run-c03-r2.sh:237: true
+C03R2 run-c03-r2.sh:237: local fail=0
+C03R2 run-c03-r2.sh:238: printf '%s\t%s\t%s\t%s\t%s\t%s\t%s\t%s\t%s\t%s\t%s\n' Q-semantic go126 race20 TestC02PartialThenFullAfterIDDispatchesOnce 0 20 20 20 0 0 logs/go126-Q-semantic-race20.log
+C03R2 run-c03-r2.sh:235: IFS=
+C03R2 run-c03-r2.sh:235: read -r tn
++C03R2 run-c03-r2.sh:236: grep -c -- '--- PASS: TestC02DelayedNewSliceDoesNotBlockWriteAt' /home/lilingfeng/tmp/juicefs-c03-r2-20260817-183244/logs/go126-Q-semantic-race20.log
+C03R2 run-c03-r2.sh:236: local pass=20
++C03R2 run-c03-r2.sh:237: grep -c -- '--- FAIL: TestC02DelayedNewSliceDoesNotBlockWriteAt' /home/lilingfeng/tmp/juicefs-c03-r2-20260817-183244/logs/go126-Q-semantic-race20.log
++C03R2 run-c03-r2.sh:237: true
+C03R2 run-c03-r2.sh:237: local fail=0
+C03R2 run-c03-r2.sh:238: printf '%s\t%s\t%s\t%s\t%s\t%s\t%s\t%s\t%s\t%s\t%s\n' Q-semantic go126 race20 TestC02DelayedNewSliceDoesNotBlockWriteAt 0 20 20 20 0 0 logs/go126-Q-semantic-race20.log
+C03R2 run-c03-r2.sh:235: IFS=
+C03R2 run-c03-r2.sh:235: read -r tn
++C03R2 run-c03-r2.sh:236: grep -c -- '--- PASS: TestC02NonEIONewSliceDoesNotRetryBeforeFlush' /home/lilingfeng/tmp/juicefs-c03-r2-20260817-183244/logs/go126-Q-semantic-race20.log
+C03R2 run-c03-r2.sh:236: local pass=20
++C03R2 run-c03-r2.sh:237: grep -c -- '--- FAIL: TestC02NonEIONewSliceDoesNotRetryBeforeFlush' /home/lilingfeng/tmp/juicefs-c03-r2-20260817-183244/logs/go126-Q-semantic-race20.log
++C03R2 run-c03-r2.sh:237: true
+C03R2 run-c03-r2.sh:237: local fail=0
+C03R2 run-c03-r2.sh:238: printf '%s\t%s\t%s\t%s\t%s\t%s\t%s\t%s\t%s\t%s\t%s\n' Q-semantic go126 race20 TestC02NonEIONewSliceDoesNotRetryBeforeFlush 0 20 20 20 0 0 logs/go126-Q-semantic-race20.log
+C03R2 run-c03-r2.sh:235: IFS=
+C03R2 run-c03-r2.sh:235: read -r tn
++C03R2 run-c03-r2.sh:236: grep -c -- '--- PASS: TestC02TransientEIORecoversOnFreeze' /home/lilingfeng/tmp/juicefs-c03-r2-20260817-183244/logs/go126-Q-semantic-race20.log
+C03R2 run-c03-r2.sh:236: local pass=20
++C03R2 run-c03-r2.sh:237: grep -c -- '--- FAIL: TestC02TransientEIORecoversOnFreeze' /home/lilingfeng/tmp/juicefs-c03-r2-20260817-183244/logs/go126-Q-semantic-race20.log
++C03R2 run-c03-r2.sh:237: true
+C03R2 run-c03-r2.sh:237: local fail=0
+C03R2 run-c03-r2.sh:238: printf '%s\t%s\t%s\t%s\t%s\t%s\t%s\t%s\t%s\t%s\t%s\n' Q-semantic go126 race20 TestC02TransientEIORecoversOnFreeze 0 20 20 20 0 0 logs/go126-Q-semantic-race20.log
+C03R2 run-c03-r2.sh:235: IFS=
+C03R2 run-c03-r2.sh:235: read -r tn
++C03R2 run-c03-r2.sh:236: grep -c -- '--- PASS: TestC02PermanentENOSPCAbortsFrozenSlice' /home/lilingfeng/tmp/juicefs-c03-r2-20260817-183244/logs/go126-Q-semantic-race20.log
+C03R2 run-c03-r2.sh:236: local pass=20
++C03R2 run-c03-r2.sh:237: grep -c -- '--- FAIL: TestC02PermanentENOSPCAbortsFrozenSlice' /home/lilingfeng/tmp/juicefs-c03-r2-20260817-183244/logs/go126-Q-semantic-race20.log
++C03R2 run-c03-r2.sh:237: true
+C03R2 run-c03-r2.sh:237: local fail=0
+C03R2 run-c03-r2.sh:238: printf '%s\t%s\t%s\t%s\t%s\t%s\t%s\t%s\t%s\t%s\t%s\n' Q-semantic go126 race20 TestC02PermanentENOSPCAbortsFrozenSlice 0 20 20 20 0 0 logs/go126-Q-semantic-race20.log
+C03R2 run-c03-r2.sh:235: IFS=
+C03R2 run-c03-r2.sh:235: read -r tn
++C03R2 run-c03-r2.sh:236: grep -c -- '--- PASS: TestC02FrozenSliceSkipsCatchupFlush' /home/lilingfeng/tmp/juicefs-c03-r2-20260817-183244/logs/go126-Q-semantic-race20.log
+C03R2 run-c03-r2.sh:236: local pass=20
++C03R2 run-c03-r2.sh:237: grep -c -- '--- FAIL: TestC02FrozenSliceSkipsCatchupFlush' /home/lilingfeng/tmp/juicefs-c03-r2-20260817-183244/logs/go126-Q-semantic-race20.log
++C03R2 run-c03-r2.sh:237: true
+C03R2 run-c03-r2.sh:237: local fail=0
+C03R2 run-c03-r2.sh:238: printf '%s\t%s\t%s\t%s\t%s\t%s\t%s\t%s\t%s\t%s\t%s\n' Q-semantic go126 race20 TestC02FrozenSliceSkipsCatchupFlush 0 20 20 20 0 0 logs/go126-Q-semantic-race20.log
+C03R2 run-c03-r2.sh:235: IFS=
+C03R2 run-c03-r2.sh:235: read -r tn
++C03R2 run-c03-r2.sh:236: grep -c -- '--- PASS: TestC02ConcurrentIndependentFullBlocks' /home/lilingfeng/tmp/juicefs-c03-r2-20260817-183244/logs/go126-Q-semantic-race20.log
+C03R2 run-c03-r2.sh:236: local pass=20
++C03R2 run-c03-r2.sh:237: grep -c -- '--- FAIL: TestC02ConcurrentIndependentFullBlocks' /home/lilingfeng/tmp/juicefs-c03-r2-20260817-183244/logs/go126-Q-semantic-race20.log
++C03R2 run-c03-r2.sh:237: true
+C03R2 run-c03-r2.sh:237: local fail=0
+C03R2 run-c03-r2.sh:238: printf '%s\t%s\t%s\t%s\t%s\t%s\t%s\t%s\t%s\t%s\t%s\n' Q-semantic go126 race20 TestC02ConcurrentIndependentFullBlocks 0 20 20 20 0 0 logs/go126-Q-semantic-race20.log
+C03R2 run-c03-r2.sh:235: IFS=
+C03R2 run-c03-r2.sh:235: read -r tn
++C03R2 run-c03-r2.sh:329: cat /home/lilingfeng/tmp/juicefs-c03-r2-20260817-183244/rc/go126-Q-semantic-race20.rc
+C03R2 run-c03-r2.sh:329: '[' 0 = 0 ']'
+C03R2 run-c03-r2.sh:330: grep -q 'DATA RACE' /home/lilingfeng/tmp/juicefs-c03-r2-20260817-183244/logs/go126-Q-semantic-race20.log
+C03R2 run-c03-r2.sh:332: resolve_gate Q_semantic_single YES meta/semantic-results.tsv
+C03R2 run-c03-r2.sh:40: local name=Q_semantic_single status=YES evidence=meta/semantic-results.tsv
+C03R2 run-c03-r2.sh:41: '[' 0 -ge 1 ']'
+C03R2 run-c03-r2.sh:45: GATE_STATUS[$name]=YES
+C03R2 run-c03-r2.sh:46: GATE_EVIDENCE[$name]=meta/semantic-results.tsv
+C03R2 run-c03-r2.sh:47: GATE_RESOLVED[$name]=1
+C03R2 run-c03-r2.sh:333: resolve_gate Q_semantic_count100 YES meta/semantic-results.tsv
+C03R2 run-c03-r2.sh:40: local name=Q_semantic_count100 status=YES evidence=meta/semantic-results.tsv
+C03R2 run-c03-r2.sh:41: '[' 0 -ge 1 ']'
+C03R2 run-c03-r2.sh:45: GATE_STATUS[$name]=YES
+C03R2 run-c03-r2.sh:46: GATE_EVIDENCE[$name]=meta/semantic-results.tsv
+C03R2 run-c03-r2.sh:47: GATE_RESOLVED[$name]=1
+C03R2 run-c03-r2.sh:334: resolve_gate Q_semantic_race20 YES meta/semantic-results.tsv
+C03R2 run-c03-r2.sh:40: local name=Q_semantic_race20 status=YES evidence=meta/semantic-results.tsv
+C03R2 run-c03-r2.sh:41: '[' 0 -ge 1 ']'
+C03R2 run-c03-r2.sh:45: GATE_STATUS[$name]=YES
+C03R2 run-c03-r2.sh:46: GATE_EVIDENCE[$name]=meta/semantic-results.tsv
+C03R2 run-c03-r2.sh:47: GATE_RESOLVED[$name]=1
+C03R2 run-c03-r2.sh:337: record_anchor C03R2_ANCHOR:FULL_VFS
+C03R2 run-c03-r2.sh:54: printf '%s\n' C03R2_ANCHOR:FULL_VFS
+C03R2 run-c03-r2.sh:54: echo C03R2_ANCHOR:FULL_VFS
+C03R2 run-c03-r2.sh:338: docker version --format '{{.Server.Version}}'
+C03R2 run-c03-r2.sh:339: ss -tlnp
+C03R2 run-c03-r2.sh:339: grep -q ':6379 '
+C03R2 run-c03-r2.sh:343: docker pull redis:7.2-alpine
+C03R2 run-c03-r2.sh:344: docker image inspect redis:7.2-alpine --format '{{.ID}} {{.RepoDigests}}'
+C03R2 run-c03-r2.sh:345: printf 'tool\tstep\texpected_rc\tactual_rc\tcontent_check\tstatus\tevidence\n'
+C03R2 run-c03-r2.sh:346: B_VFS=YES
+C03R2 run-c03-r2.sh:346: REDIS_LIFE=YES
+C03R2 run-c03-r2.sh:347: for TOOL in go125 go126
+C03R2 run-c03-r2.sh:348: '[' go125 = go125 ']'
+C03R2 run-c03-r2.sh:348: TC=go1.25.7
+C03R2 run-c03-r2.sh:348: BC=/home/lilingfeng/tmp/juicefs-c03-r2-20260817-183244/cache/go-build-125
++C03R2 run-c03-r2.sh:349: docker run -d --rm --name juicefs-c03r2-redis-20260817-183244-go125 --label juicefs.c03r2.run=20260817-183244 -p 127.0.0.1:6379:6379 --tmpfs /data redis:7.2-alpine redis-server --save '' --appendonly no
+C03R2 run-c03-r2.sh:349: CID=ba5454c316f458dc4291136767a994bb28cdd2279791087ed46836c9de90ef64
+C03R2 run-c03-r2.sh:350: REDIS_CONTAINERS=' ba5454c316f458dc4291136767a994bb28cdd2279791087ed46836c9de90ef64'
+C03R2 run-c03-r2.sh:351: sleep 2
+C03R2 run-c03-r2.sh:352: PONG_RC=0
+C03R2 run-c03-r2.sh:352: docker exec ba5454c316f458dc4291136767a994bb28cdd2279791087ed46836c9de90ef64 redis-cli ping
+C03R2 run-c03-r2.sh:353: '[' 0 -eq 0 ']'
+C03R2 run-c03-r2.sh:354: docker inspect ba5454c316f458dc4291136767a994bb28cdd2279791087ed46836c9de90ef64
+C03R2 run-c03-r2.sh:355: docker logs ba5454c316f458dc4291136767a994bb28cdd2279791087ed46836c9de90ef64
+C03R2 run-c03-r2.sh:356: cd /home/lilingfeng/tmp/juicefs-c03-r2-20260817-183244/src/B-candidate
+C03R2 run-c03-r2.sh:356: env GOTOOLCHAIN=go1.25.7 GOCACHE=/home/lilingfeng/tmp/juicefs-c03-r2-20260817-183244/cache/go-build-125 GOFLAGS=-mod=readonly GOPROXY=https://goproxy.cn,direct GOMODCACHE=/home/lilingfeng/tmp/juicefs-c03-r2-20260817-183244/cache/go-mod GOTMPDIR=/home/lilingfeng/tmp/juicefs-c03-r2-20260817-183244/cache/go-tmp TMPDIR=/home/lilingfeng/tmp/juicefs-c03-r2-20260817-183244/cache/os-tmp go test ./pkg/vfs -count=1 -v -timeout=15m
+C03R2 run-c03-r2.sh:356: vfs_rc=0
+C03R2 run-c03-r2.sh:357: printf '%s\n' 0
+C03R2 run-c03-r2.sh:358: '[' 0 -eq 0 ']'
+C03R2 run-c03-r2.sh:359: STOP_RC=0
+C03R2 run-c03-r2.sh:359: docker stop ba5454c316f458dc4291136767a994bb28cdd2279791087ed46836c9de90ef64
+C03R2 run-c03-r2.sh:360: '[' 0 -eq 0 ']'
+C03R2 run-c03-r2.sh:361: docker ps -a --filter id=ba5454c316f458dc4291136767a994bb28cdd2279791087ed46836c9de90ef64 --format '{{.ID}}'
+C03R2 run-c03-r2.sh:362: '[' '!' -s /home/lilingfeng/tmp/juicefs-c03-r2-20260817-183244/logs/redis-gone-go125.log ']'
+C03R2 run-c03-r2.sh:363: REDIS_CONTAINERS=
+C03R2 run-c03-r2.sh:365: for step in "pull:0:0:log:logs/redis-pull.log" "run:0:0:cid:$CID" "pong:0:$PONG_RC:PONG:logs/redis-ping-${TOOL}.log" "inspect:0:0:json:logs/redis-inspect-${TOOL}.json" "vfs:0:$vfs_rc:pkg:logs/${TOOL}-B-candidate-full-vfs.log" "stop:0:$STOP_RC:rc:logs/redis-stop-${TOOL}.log" "gone:1:0:none:logs/redis-gone-${TOOL}.log"
+C03R2 run-c03-r2.sh:366: printf '%s\t%s\t%s\n' go125 pull:0:0:log:logs/redis-pull.log
+C03R2 run-c03-r2.sh:365: for step in "pull:0:0:log:logs/redis-pull.log" "run:0:0:cid:$CID" "pong:0:$PONG_RC:PONG:logs/redis-ping-${TOOL}.log" "inspect:0:0:json:logs/redis-inspect-${TOOL}.json" "vfs:0:$vfs_rc:pkg:logs/${TOOL}-B-candidate-full-vfs.log" "stop:0:$STOP_RC:rc:logs/redis-stop-${TOOL}.log" "gone:1:0:none:logs/redis-gone-${TOOL}.log"
+C03R2 run-c03-r2.sh:366: printf '%s\t%s\t%s\n' go125 run:0:0:cid:ba5454c316f458dc4291136767a994bb28cdd2279791087ed46836c9de90ef64
+C03R2 run-c03-r2.sh:365: for step in "pull:0:0:log:logs/redis-pull.log" "run:0:0:cid:$CID" "pong:0:$PONG_RC:PONG:logs/redis-ping-${TOOL}.log" "inspect:0:0:json:logs/redis-inspect-${TOOL}.json" "vfs:0:$vfs_rc:pkg:logs/${TOOL}-B-candidate-full-vfs.log" "stop:0:$STOP_RC:rc:logs/redis-stop-${TOOL}.log" "gone:1:0:none:logs/redis-gone-${TOOL}.log"
+C03R2 run-c03-r2.sh:366: printf '%s\t%s\t%s\n' go125 pong:0:0:PONG:logs/redis-ping-go125.log
+C03R2 run-c03-r2.sh:365: for step in "pull:0:0:log:logs/redis-pull.log" "run:0:0:cid:$CID" "pong:0:$PONG_RC:PONG:logs/redis-ping-${TOOL}.log" "inspect:0:0:json:logs/redis-inspect-${TOOL}.json" "vfs:0:$vfs_rc:pkg:logs/${TOOL}-B-candidate-full-vfs.log" "stop:0:$STOP_RC:rc:logs/redis-stop-${TOOL}.log" "gone:1:0:none:logs/redis-gone-${TOOL}.log"
+C03R2 run-c03-r2.sh:366: printf '%s\t%s\t%s\n' go125 inspect:0:0:json:logs/redis-inspect-go125.json
+C03R2 run-c03-r2.sh:365: for step in "pull:0:0:log:logs/redis-pull.log" "run:0:0:cid:$CID" "pong:0:$PONG_RC:PONG:logs/redis-ping-${TOOL}.log" "inspect:0:0:json:logs/redis-inspect-${TOOL}.json" "vfs:0:$vfs_rc:pkg:logs/${TOOL}-B-candidate-full-vfs.log" "stop:0:$STOP_RC:rc:logs/redis-stop-${TOOL}.log" "gone:1:0:none:logs/redis-gone-${TOOL}.log"
+C03R2 run-c03-r2.sh:366: printf '%s\t%s\t%s\n' go125 vfs:0:0:pkg:logs/go125-B-candidate-full-vfs.log
+C03R2 run-c03-r2.sh:365: for step in "pull:0:0:log:logs/redis-pull.log" "run:0:0:cid:$CID" "pong:0:$PONG_RC:PONG:logs/redis-ping-${TOOL}.log" "inspect:0:0:json:logs/redis-inspect-${TOOL}.json" "vfs:0:$vfs_rc:pkg:logs/${TOOL}-B-candidate-full-vfs.log" "stop:0:$STOP_RC:rc:logs/redis-stop-${TOOL}.log" "gone:1:0:none:logs/redis-gone-${TOOL}.log"
+C03R2 run-c03-r2.sh:366: printf '%s\t%s\t%s\n' go125 stop:0:0:rc:logs/redis-stop-go125.log
+C03R2 run-c03-r2.sh:365: for step in "pull:0:0:log:logs/redis-pull.log" "run:0:0:cid:$CID" "pong:0:$PONG_RC:PONG:logs/redis-ping-${TOOL}.log" "inspect:0:0:json:logs/redis-inspect-${TOOL}.json" "vfs:0:$vfs_rc:pkg:logs/${TOOL}-B-candidate-full-vfs.log" "stop:0:$STOP_RC:rc:logs/redis-stop-${TOOL}.log" "gone:1:0:none:logs/redis-gone-${TOOL}.log"
+C03R2 run-c03-r2.sh:366: printf '%s\t%s\t%s\n' go125 gone:1:0:none:logs/redis-gone-go125.log
+C03R2 run-c03-r2.sh:347: for TOOL in go125 go126
+C03R2 run-c03-r2.sh:348: '[' go126 = go125 ']'
+C03R2 run-c03-r2.sh:348: TC=local
+C03R2 run-c03-r2.sh:348: BC=/home/lilingfeng/tmp/juicefs-c03-r2-20260817-183244/cache/go-build-126
++C03R2 run-c03-r2.sh:349: docker run -d --rm --name juicefs-c03r2-redis-20260817-183244-go126 --label juicefs.c03r2.run=20260817-183244 -p 127.0.0.1:6379:6379 --tmpfs /data redis:7.2-alpine redis-server --save '' --appendonly no
+C03R2 run-c03-r2.sh:349: CID=393893e629e964dafbbfdb36e7d193b51f798af48a4d1d7d4a3f2f09e8c985fc
+C03R2 run-c03-r2.sh:350: REDIS_CONTAINERS=' 393893e629e964dafbbfdb36e7d193b51f798af48a4d1d7d4a3f2f09e8c985fc'
+C03R2 run-c03-r2.sh:351: sleep 2
+C03R2 run-c03-r2.sh:352: PONG_RC=0
+C03R2 run-c03-r2.sh:352: docker exec 393893e629e964dafbbfdb36e7d193b51f798af48a4d1d7d4a3f2f09e8c985fc redis-cli ping
+C03R2 run-c03-r2.sh:353: '[' 0 -eq 0 ']'
+C03R2 run-c03-r2.sh:354: docker inspect 393893e629e964dafbbfdb36e7d193b51f798af48a4d1d7d4a3f2f09e8c985fc
+C03R2 run-c03-r2.sh:355: docker logs 393893e629e964dafbbfdb36e7d193b51f798af48a4d1d7d4a3f2f09e8c985fc
+C03R2 run-c03-r2.sh:356: cd /home/lilingfeng/tmp/juicefs-c03-r2-20260817-183244/src/B-candidate
+C03R2 run-c03-r2.sh:356: env GOTOOLCHAIN=local GOCACHE=/home/lilingfeng/tmp/juicefs-c03-r2-20260817-183244/cache/go-build-126 GOFLAGS=-mod=readonly GOPROXY=https://goproxy.cn,direct GOMODCACHE=/home/lilingfeng/tmp/juicefs-c03-r2-20260817-183244/cache/go-mod GOTMPDIR=/home/lilingfeng/tmp/juicefs-c03-r2-20260817-183244/cache/go-tmp TMPDIR=/home/lilingfeng/tmp/juicefs-c03-r2-20260817-183244/cache/os-tmp go test ./pkg/vfs -count=1 -v -timeout=15m
+C03R2 run-c03-r2.sh:356: vfs_rc=0
+C03R2 run-c03-r2.sh:357: printf '%s\n' 0
+C03R2 run-c03-r2.sh:358: '[' 0 -eq 0 ']'
+C03R2 run-c03-r2.sh:359: STOP_RC=0
+C03R2 run-c03-r2.sh:359: docker stop 393893e629e964dafbbfdb36e7d193b51f798af48a4d1d7d4a3f2f09e8c985fc
+C03R2 run-c03-r2.sh:360: '[' 0 -eq 0 ']'
+C03R2 run-c03-r2.sh:361: docker ps -a --filter id=393893e629e964dafbbfdb36e7d193b51f798af48a4d1d7d4a3f2f09e8c985fc --format '{{.ID}}'
+C03R2 run-c03-r2.sh:362: '[' '!' -s /home/lilingfeng/tmp/juicefs-c03-r2-20260817-183244/logs/redis-gone-go126.log ']'
+C03R2 run-c03-r2.sh:363: REDIS_CONTAINERS=
+C03R2 run-c03-r2.sh:365: for step in "pull:0:0:log:logs/redis-pull.log" "run:0:0:cid:$CID" "pong:0:$PONG_RC:PONG:logs/redis-ping-${TOOL}.log" "inspect:0:0:json:logs/redis-inspect-${TOOL}.json" "vfs:0:$vfs_rc:pkg:logs/${TOOL}-B-candidate-full-vfs.log" "stop:0:$STOP_RC:rc:logs/redis-stop-${TOOL}.log" "gone:1:0:none:logs/redis-gone-${TOOL}.log"
+C03R2 run-c03-r2.sh:366: printf '%s\t%s\t%s\n' go126 pull:0:0:log:logs/redis-pull.log
+C03R2 run-c03-r2.sh:365: for step in "pull:0:0:log:logs/redis-pull.log" "run:0:0:cid:$CID" "pong:0:$PONG_RC:PONG:logs/redis-ping-${TOOL}.log" "inspect:0:0:json:logs/redis-inspect-${TOOL}.json" "vfs:0:$vfs_rc:pkg:logs/${TOOL}-B-candidate-full-vfs.log" "stop:0:$STOP_RC:rc:logs/redis-stop-${TOOL}.log" "gone:1:0:none:logs/redis-gone-${TOOL}.log"
+C03R2 run-c03-r2.sh:366: printf '%s\t%s\t%s\n' go126 run:0:0:cid:393893e629e964dafbbfdb36e7d193b51f798af48a4d1d7d4a3f2f09e8c985fc
+C03R2 run-c03-r2.sh:365: for step in "pull:0:0:log:logs/redis-pull.log" "run:0:0:cid:$CID" "pong:0:$PONG_RC:PONG:logs/redis-ping-${TOOL}.log" "inspect:0:0:json:logs/redis-inspect-${TOOL}.json" "vfs:0:$vfs_rc:pkg:logs/${TOOL}-B-candidate-full-vfs.log" "stop:0:$STOP_RC:rc:logs/redis-stop-${TOOL}.log" "gone:1:0:none:logs/redis-gone-${TOOL}.log"
+C03R2 run-c03-r2.sh:366: printf '%s\t%s\t%s\n' go126 pong:0:0:PONG:logs/redis-ping-go126.log
+C03R2 run-c03-r2.sh:365: for step in "pull:0:0:log:logs/redis-pull.log" "run:0:0:cid:$CID" "pong:0:$PONG_RC:PONG:logs/redis-ping-${TOOL}.log" "inspect:0:0:json:logs/redis-inspect-${TOOL}.json" "vfs:0:$vfs_rc:pkg:logs/${TOOL}-B-candidate-full-vfs.log" "stop:0:$STOP_RC:rc:logs/redis-stop-${TOOL}.log" "gone:1:0:none:logs/redis-gone-${TOOL}.log"
+C03R2 run-c03-r2.sh:366: printf '%s\t%s\t%s\n' go126 inspect:0:0:json:logs/redis-inspect-go126.json
+C03R2 run-c03-r2.sh:365: for step in "pull:0:0:log:logs/redis-pull.log" "run:0:0:cid:$CID" "pong:0:$PONG_RC:PONG:logs/redis-ping-${TOOL}.log" "inspect:0:0:json:logs/redis-inspect-${TOOL}.json" "vfs:0:$vfs_rc:pkg:logs/${TOOL}-B-candidate-full-vfs.log" "stop:0:$STOP_RC:rc:logs/redis-stop-${TOOL}.log" "gone:1:0:none:logs/redis-gone-${TOOL}.log"
+C03R2 run-c03-r2.sh:366: printf '%s\t%s\t%s\n' go126 vfs:0:0:pkg:logs/go126-B-candidate-full-vfs.log
+C03R2 run-c03-r2.sh:365: for step in "pull:0:0:log:logs/redis-pull.log" "run:0:0:cid:$CID" "pong:0:$PONG_RC:PONG:logs/redis-ping-${TOOL}.log" "inspect:0:0:json:logs/redis-inspect-${TOOL}.json" "vfs:0:$vfs_rc:pkg:logs/${TOOL}-B-candidate-full-vfs.log" "stop:0:$STOP_RC:rc:logs/redis-stop-${TOOL}.log" "gone:1:0:none:logs/redis-gone-${TOOL}.log"
+C03R2 run-c03-r2.sh:366: printf '%s\t%s\t%s\n' go126 stop:0:0:rc:logs/redis-stop-go126.log
+C03R2 run-c03-r2.sh:365: for step in "pull:0:0:log:logs/redis-pull.log" "run:0:0:cid:$CID" "pong:0:$PONG_RC:PONG:logs/redis-ping-${TOOL}.log" "inspect:0:0:json:logs/redis-inspect-${TOOL}.json" "vfs:0:$vfs_rc:pkg:logs/${TOOL}-B-candidate-full-vfs.log" "stop:0:$STOP_RC:rc:logs/redis-stop-${TOOL}.log" "gone:1:0:none:logs/redis-gone-${TOOL}.log"
+C03R2 run-c03-r2.sh:366: printf '%s\t%s\t%s\n' go126 gone:1:0:none:logs/redis-gone-go126.log
+C03R2 run-c03-r2.sh:369: resolve_gate B_full_vfs YES 'rc/*-B-candidate-full-vfs.rc'
+C03R2 run-c03-r2.sh:40: local name=B_full_vfs status=YES 'evidence=rc/*-B-candidate-full-vfs.rc'
+C03R2 run-c03-r2.sh:41: '[' 0 -ge 1 ']'
+C03R2 run-c03-r2.sh:45: GATE_STATUS[$name]=YES
+C03R2 run-c03-r2.sh:46: GATE_EVIDENCE[$name]='rc/*-B-candidate-full-vfs.rc'
+C03R2 run-c03-r2.sh:47: GATE_RESOLVED[$name]=1
+C03R2 run-c03-r2.sh:370: resolve_gate redis_lifecycle YES meta/redis-lifecycle.tsv
+C03R2 run-c03-r2.sh:40: local name=redis_lifecycle status=YES evidence=meta/redis-lifecycle.tsv
+C03R2 run-c03-r2.sh:41: '[' 0 -ge 1 ']'
+C03R2 run-c03-r2.sh:45: GATE_STATUS[$name]=YES
+C03R2 run-c03-r2.sh:46: GATE_EVIDENCE[$name]=meta/redis-lifecycle.tsv
+C03R2 run-c03-r2.sh:47: GATE_RESOLVED[$name]=1
+C03R2 run-c03-r2.sh:374: cd /home/lilingfeng/tmp/juicefs-c03-r2-20260817-183244/src/B-candidate
+C03R2 run-c03-r2.sh:375: GOFMT_RC=0
+C03R2 run-c03-r2.sh:375: env GOTOOLCHAIN=local GOCACHE=/home/lilingfeng/tmp/juicefs-c03-r2-20260817-183244/cache/go-build-126 gofmt -d pkg/vfs/writer.go pkg/vfs/writer_flush_test.go
+C03R2 run-c03-r2.sh:376: printf '%s\n' 0
+C03R2 run-c03-r2.sh:377: DIFF_RC=0
+C03R2 run-c03-r2.sh:377: git diff --check
+C03R2 run-c03-r2.sh:378: printf '%s\n' 0
+C03R2 run-c03-r2.sh:379: LICENSE=YES
+C03R2 run-c03-r2.sh:379: head -2 pkg/vfs/writer_flush_test.go
+C03R2 run-c03-r2.sh:379: grep -q JuiceFS
+C03R2 run-c03-r2.sh:381: B_TIDY=YES
+C03R2 run-c03-r2.sh:381: B_VET=YES
+C03R2 run-c03-r2.sh:382: for TOOL in go125 go126
+C03R2 run-c03-r2.sh:383: '[' go125 = go125 ']'
+C03R2 run-c03-r2.sh:383: TC=go1.25.7
+C03R2 run-c03-r2.sh:383: BC=/home/lilingfeng/tmp/juicefs-c03-r2-20260817-183244/cache/go-build-125
+C03R2 run-c03-r2.sh:384: sha256sum go.mod go.sum
+C03R2 run-c03-r2.sh:385: TIDY_RC=0
+C03R2 run-c03-r2.sh:385: env GOTOOLCHAIN=go1.25.7 GOCACHE=/home/lilingfeng/tmp/juicefs-c03-r2-20260817-183244/cache/go-build-125 GOPROXY=https://goproxy.cn,direct GOMODCACHE=/home/lilingfeng/tmp/juicefs-c03-r2-20260817-183244/cache/go-mod GOTMPDIR=/home/lilingfeng/tmp/juicefs-c03-r2-20260817-183244/cache/go-tmp TMPDIR=/home/lilingfeng/tmp/juicefs-c03-r2-20260817-183244/cache/os-tmp go mod tidy
+C03R2 run-c03-r2.sh:386: printf '%s\n' 0
+C03R2 run-c03-r2.sh:387: sha256sum go.mod go.sum
+C03R2 run-c03-r2.sh:388: diff /home/lilingfeng/tmp/juicefs-c03-r2-20260817-183244/meta/gomod-hash-before-go125.txt /home/lilingfeng/tmp/juicefs-c03-r2-20260817-183244/meta/gomod-hash-after-go125.txt
+C03R2 run-c03-r2.sh:389: '[' 0 -eq 0 ']'
+C03R2 run-c03-r2.sh:390: VET_RC=0
+C03R2 run-c03-r2.sh:390: env GOTOOLCHAIN=go1.25.7 GOCACHE=/home/lilingfeng/tmp/juicefs-c03-r2-20260817-183244/cache/go-build-125 GOFLAGS=-mod=readonly GOPROXY=https://goproxy.cn,direct GOMODCACHE=/home/lilingfeng/tmp/juicefs-c03-r2-20260817-183244/cache/go-mod GOTMPDIR=/home/lilingfeng/tmp/juicefs-c03-r2-20260817-183244/cache/go-tmp TMPDIR=/home/lilingfeng/tmp/juicefs-c03-r2-20260817-183244/cache/os-tmp go vet ./pkg/vfs
+C03R2 run-c03-r2.sh:391: printf '%s\n' 0
+C03R2 run-c03-r2.sh:392: '[' 0 -eq 0 ']'
+C03R2 run-c03-r2.sh:382: for TOOL in go125 go126
+C03R2 run-c03-r2.sh:383: '[' go126 = go125 ']'
+C03R2 run-c03-r2.sh:383: TC=local
+C03R2 run-c03-r2.sh:383: BC=/home/lilingfeng/tmp/juicefs-c03-r2-20260817-183244/cache/go-build-126
+C03R2 run-c03-r2.sh:384: sha256sum go.mod go.sum
+C03R2 run-c03-r2.sh:385: TIDY_RC=0
+C03R2 run-c03-r2.sh:385: env GOTOOLCHAIN=local GOCACHE=/home/lilingfeng/tmp/juicefs-c03-r2-20260817-183244/cache/go-build-126 GOPROXY=https://goproxy.cn,direct GOMODCACHE=/home/lilingfeng/tmp/juicefs-c03-r2-20260817-183244/cache/go-mod GOTMPDIR=/home/lilingfeng/tmp/juicefs-c03-r2-20260817-183244/cache/go-tmp TMPDIR=/home/lilingfeng/tmp/juicefs-c03-r2-20260817-183244/cache/os-tmp go mod tidy
+C03R2 run-c03-r2.sh:386: printf '%s\n' 0
+C03R2 run-c03-r2.sh:387: sha256sum go.mod go.sum
+C03R2 run-c03-r2.sh:388: diff /home/lilingfeng/tmp/juicefs-c03-r2-20260817-183244/meta/gomod-hash-before-go126.txt /home/lilingfeng/tmp/juicefs-c03-r2-20260817-183244/meta/gomod-hash-after-go126.txt
+C03R2 run-c03-r2.sh:389: '[' 0 -eq 0 ']'
+C03R2 run-c03-r2.sh:390: VET_RC=0
+C03R2 run-c03-r2.sh:390: env GOTOOLCHAIN=local GOCACHE=/home/lilingfeng/tmp/juicefs-c03-r2-20260817-183244/cache/go-build-126 GOFLAGS=-mod=readonly GOPROXY=https://goproxy.cn,direct GOMODCACHE=/home/lilingfeng/tmp/juicefs-c03-r2-20260817-183244/cache/go-mod GOTMPDIR=/home/lilingfeng/tmp/juicefs-c03-r2-20260817-183244/cache/go-tmp TMPDIR=/home/lilingfeng/tmp/juicefs-c03-r2-20260817-183244/cache/os-tmp go vet ./pkg/vfs
+C03R2 run-c03-r2.sh:391: printf '%s\n' 0
+C03R2 run-c03-r2.sh:392: '[' 0 -eq 0 ']'
+C03R2 run-c03-r2.sh:394: '[' 0 -eq 0 ']'
+C03R2 run-c03-r2.sh:394: '[' YES = YES ']'
+C03R2 run-c03-r2.sh:394: resolve_gate B_gofmt_diff_license YES rc/gofmt-check.rc
+C03R2 run-c03-r2.sh:40: local name=B_gofmt_diff_license status=YES evidence=rc/gofmt-check.rc
+C03R2 run-c03-r2.sh:41: '[' 0 -ge 1 ']'
+C03R2 run-c03-r2.sh:45: GATE_STATUS[$name]=YES
+C03R2 run-c03-r2.sh:46: GATE_EVIDENCE[$name]=rc/gofmt-check.rc
+C03R2 run-c03-r2.sh:47: GATE_RESOLVED[$name]=1
+C03R2 run-c03-r2.sh:395: resolve_gate B_tidy YES 'rc/*-mod-tidy.rc'
+C03R2 run-c03-r2.sh:40: local name=B_tidy status=YES 'evidence=rc/*-mod-tidy.rc'
+C03R2 run-c03-r2.sh:41: '[' 0 -ge 1 ']'
+C03R2 run-c03-r2.sh:45: GATE_STATUS[$name]=YES
+C03R2 run-c03-r2.sh:46: GATE_EVIDENCE[$name]='rc/*-mod-tidy.rc'
+C03R2 run-c03-r2.sh:47: GATE_RESOLVED[$name]=1
+C03R2 run-c03-r2.sh:396: resolve_gate B_vet YES 'rc/*-vet.rc'
+C03R2 run-c03-r2.sh:40: local name=B_vet status=YES 'evidence=rc/*-vet.rc'
+C03R2 run-c03-r2.sh:41: '[' 0 -ge 1 ']'
+C03R2 run-c03-r2.sh:45: GATE_STATUS[$name]=YES
+C03R2 run-c03-r2.sh:46: GATE_EVIDENCE[$name]='rc/*-vet.rc'
+C03R2 run-c03-r2.sh:47: GATE_RESOLVED[$name]=1
+C03R2 run-c03-r2.sh:399: record_anchor C03R2_ANCHOR:LINT_BUILD
+C03R2 run-c03-r2.sh:54: printf '%s\n' C03R2_ANCHOR:LINT_BUILD
+C03R2 run-c03-r2.sh:54: echo C03R2_ANCHOR:LINT_BUILD
+C03R2 run-c03-r2.sh:400: LINT_QUERY_RC=0
+C03R2 run-c03-r2.sh:400: env GOTOOLCHAIN=go1.25.7 GOCACHE=/home/lilingfeng/tmp/juicefs-c03-r2-20260817-183244/cache/go-build-125 GOPROXY=https://goproxy.cn,direct GOMODCACHE=/home/lilingfeng/tmp/juicefs-c03-r2-20260817-183244/cache/go-mod GOTMPDIR=/home/lilingfeng/tmp/juicefs-c03-r2-20260817-183244/cache/go-tmp TMPDIR=/home/lilingfeng/tmp/juicefs-c03-r2-20260817-183244/cache/os-tmp go list -m -versions github.com/golangci/golangci-lint/v2
+C03R2 run-c03-r2.sh:401: printf '%s\n' 0
++C03R2 run-c03-r2.sh:402: sort -V
++C03R2 run-c03-r2.sh:402: tail -1
++C03R2 run-c03-r2.sh:402: grep -oP 'v2\.6\.[0-9]+' /home/lilingfeng/tmp/juicefs-c03-r2-20260817-183244/logs/lint-version-query.log
+C03R2 run-c03-r2.sh:402: LINT_VERSION=v2.6.2
+C03R2 run-c03-r2.sh:403: echo 'Selected: v2.6.2'
+C03R2 run-c03-r2.sh:404: '[' -z v2.6.2 ']'
+C03R2 run-c03-r2.sh:407: LINT_INSTALL_RC=0
+C03R2 run-c03-r2.sh:407: GOBIN=/home/lilingfeng/tmp/juicefs-c03-r2-20260817-183244/tools/bin
+C03R2 run-c03-r2.sh:407: env GOTOOLCHAIN=go1.25.7 GOCACHE=/home/lilingfeng/tmp/juicefs-c03-r2-20260817-183244/cache/go-build-125 GOPROXY=https://goproxy.cn,direct GOMODCACHE=/home/lilingfeng/tmp/juicefs-c03-r2-20260817-183244/cache/go-mod GOTMPDIR=/home/lilingfeng/tmp/juicefs-c03-r2-20260817-183244/cache/go-tmp TMPDIR=/home/lilingfeng/tmp/juicefs-c03-r2-20260817-183244/cache/os-tmp go install github.com/golangci/golangci-lint/v2/cmd/golangci-lint@v2.6.2
+C03R2 run-c03-r2.sh:408: printf '%s\n' 0
+C03R2 run-c03-r2.sh:409: '[' 0 -ne 0 ']'
+C03R2 run-c03-r2.sh:410: LINT_VER_RC=0
+C03R2 run-c03-r2.sh:410: /home/lilingfeng/tmp/juicefs-c03-r2-20260817-183244/tools/bin/golangci-lint version
+C03R2 run-c03-r2.sh:411: printf '%s\n' 0
+C03R2 run-c03-r2.sh:412: sha256sum /home/lilingfeng/tmp/juicefs-c03-r2-20260817-183244/tools/bin/golangci-lint
+C03R2 run-c03-r2.sh:413: sha256sum /home/lilingfeng/tmp/juicefs-c03-r2-20260817-183244/src/B-candidate/.golangci.yml
+C03R2 run-c03-r2.sh:414: git -C /home/lilingfeng/tmp/juicefs-c03-r2-20260817-183244/src/B-candidate status --porcelain
+C03R2 run-c03-r2.sh:415: LINT_RUN_RC=0
+C03R2 run-c03-r2.sh:415: cd /home/lilingfeng/tmp/juicefs-c03-r2-20260817-183244/src/B-candidate
+C03R2 run-c03-r2.sh:415: env GOTOOLCHAIN=go1.25.7 GOCACHE=/home/lilingfeng/tmp/juicefs-c03-r2-20260817-183244/cache/go-build-125 GOPROXY=https://goproxy.cn,direct GOMODCACHE=/home/lilingfeng/tmp/juicefs-c03-r2-20260817-183244/cache/go-mod GOTMPDIR=/home/lilingfeng/tmp/juicefs-c03-r2-20260817-183244/cache/go-tmp TMPDIR=/home/lilingfeng/tmp/juicefs-c03-r2-20260817-183244/cache/os-tmp /home/lilingfeng/tmp/juicefs-c03-r2-20260817-183244/tools/bin/golangci-lint run
+C03R2 run-c03-r2.sh:416: printf '%s\n' 0
+C03R2 run-c03-r2.sh:417: git -C /home/lilingfeng/tmp/juicefs-c03-r2-20260817-183244/src/B-candidate status --porcelain
+C03R2 run-c03-r2.sh:418: diff /home/lilingfeng/tmp/juicefs-c03-r2-20260817-183244/meta/lint-before-status.txt /home/lilingfeng/tmp/juicefs-c03-r2-20260817-183244/meta/lint-after-status.txt
+C03R2 run-c03-r2.sh:419: '[' 0 -eq 0 ']'
+C03R2 run-c03-r2.sh:419: '[' 0 -eq 0 ']'
+C03R2 run-c03-r2.sh:419: resolve_gate B_lint YES rc/lint-run.rc,meta/lint-binary.sha256
+C03R2 run-c03-r2.sh:40: local name=B_lint status=YES evidence=rc/lint-run.rc,meta/lint-binary.sha256
+C03R2 run-c03-r2.sh:41: '[' 0 -ge 1 ']'
+C03R2 run-c03-r2.sh:45: GATE_STATUS[$name]=YES
+C03R2 run-c03-r2.sh:46: GATE_EVIDENCE[$name]=rc/lint-run.rc,meta/lint-binary.sha256
+C03R2 run-c03-r2.sh:47: GATE_RESOLVED[$name]=1
+C03R2 run-c03-r2.sh:424: B_LINUX=YES
+C03R2 run-c03-r2.sh:424: B_LITE=YES
+C03R2 run-c03-r2.sh:425: for TOOL in go125 go126
+C03R2 run-c03-r2.sh:426: '[' go125 = go125 ']'
+C03R2 run-c03-r2.sh:426: TC=go1.25.7
+C03R2 run-c03-r2.sh:426: BC=/home/lilingfeng/tmp/juicefs-c03-r2-20260817-183244/cache/go-build-125
+C03R2 run-c03-r2.sh:427: mkdir -p /home/lilingfeng/tmp/juicefs-c03-r2-20260817-183244/builds/go125
+C03R2 run-c03-r2.sh:428: MK_RC=0
+C03R2 run-c03-r2.sh:428: env GOTOOLCHAIN=go1.25.7 GOCACHE=/home/lilingfeng/tmp/juicefs-c03-r2-20260817-183244/cache/go-build-125 GOPROXY=https://goproxy.cn,direct GOMODCACHE=/home/lilingfeng/tmp/juicefs-c03-r2-20260817-183244/cache/go-mod GOTMPDIR=/home/lilingfeng/tmp/juicefs-c03-r2-20260817-183244/cache/go-tmp TMPDIR=/home/lilingfeng/tmp/juicefs-c03-r2-20260817-183244/cache/os-tmp make -B juicefs
+C03R2 run-c03-r2.sh:429: printf '%s\n' 0
+C03R2 run-c03-r2.sh:430: '[' 0 -eq 0 ']'
+C03R2 run-c03-r2.sh:431: VER_RC=0
+C03R2 run-c03-r2.sh:431: ./juicefs version
+C03R2 run-c03-r2.sh:432: sha256sum ./juicefs
+C03R2 run-c03-r2.sh:433: cp ./juicefs /home/lilingfeng/tmp/juicefs-c03-r2-20260817-183244/builds/go125/juicefs
+C03R2 run-c03-r2.sh:434: MKL_RC=0
+C03R2 run-c03-r2.sh:434: env GOTOOLCHAIN=go1.25.7 GOCACHE=/home/lilingfeng/tmp/juicefs-c03-r2-20260817-183244/cache/go-build-125 GOPROXY=https://goproxy.cn,direct GOMODCACHE=/home/lilingfeng/tmp/juicefs-c03-r2-20260817-183244/cache/go-mod GOTMPDIR=/home/lilingfeng/tmp/juicefs-c03-r2-20260817-183244/cache/go-tmp TMPDIR=/home/lilingfeng/tmp/juicefs-c03-r2-20260817-183244/cache/os-tmp make -B juicefs.lite
+C03R2 run-c03-r2.sh:435: printf '%s\n' 0
+C03R2 run-c03-r2.sh:436: '[' 0 -eq 0 ']'
+C03R2 run-c03-r2.sh:437: ./juicefs.lite version
+C03R2 run-c03-r2.sh:438: sha256sum ./juicefs.lite
+C03R2 run-c03-r2.sh:439: cp ./juicefs.lite /home/lilingfeng/tmp/juicefs-c03-r2-20260817-183244/builds/go125/juicefs.lite
+C03R2 run-c03-r2.sh:425: for TOOL in go125 go126
+C03R2 run-c03-r2.sh:426: '[' go126 = go125 ']'
+C03R2 run-c03-r2.sh:426: TC=local
+C03R2 run-c03-r2.sh:426: BC=/home/lilingfeng/tmp/juicefs-c03-r2-20260817-183244/cache/go-build-126
+C03R2 run-c03-r2.sh:427: mkdir -p /home/lilingfeng/tmp/juicefs-c03-r2-20260817-183244/builds/go126
+C03R2 run-c03-r2.sh:428: MK_RC=0
+C03R2 run-c03-r2.sh:428: env GOTOOLCHAIN=local GOCACHE=/home/lilingfeng/tmp/juicefs-c03-r2-20260817-183244/cache/go-build-126 GOPROXY=https://goproxy.cn,direct GOMODCACHE=/home/lilingfeng/tmp/juicefs-c03-r2-20260817-183244/cache/go-mod GOTMPDIR=/home/lilingfeng/tmp/juicefs-c03-r2-20260817-183244/cache/go-tmp TMPDIR=/home/lilingfeng/tmp/juicefs-c03-r2-20260817-183244/cache/os-tmp make -B juicefs
+C03R2 run-c03-r2.sh:429: printf '%s\n' 0
+C03R2 run-c03-r2.sh:430: '[' 0 -eq 0 ']'
+C03R2 run-c03-r2.sh:431: VER_RC=0
+C03R2 run-c03-r2.sh:431: ./juicefs version
+C03R2 run-c03-r2.sh:432: sha256sum ./juicefs
+C03R2 run-c03-r2.sh:433: cp ./juicefs /home/lilingfeng/tmp/juicefs-c03-r2-20260817-183244/builds/go126/juicefs
+C03R2 run-c03-r2.sh:434: MKL_RC=0
+C03R2 run-c03-r2.sh:434: env GOTOOLCHAIN=local GOCACHE=/home/lilingfeng/tmp/juicefs-c03-r2-20260817-183244/cache/go-build-126 GOPROXY=https://goproxy.cn,direct GOMODCACHE=/home/lilingfeng/tmp/juicefs-c03-r2-20260817-183244/cache/go-mod GOTMPDIR=/home/lilingfeng/tmp/juicefs-c03-r2-20260817-183244/cache/go-tmp TMPDIR=/home/lilingfeng/tmp/juicefs-c03-r2-20260817-183244/cache/os-tmp make -B juicefs.lite
+C03R2 run-c03-r2.sh:435: printf '%s\n' 0
+C03R2 run-c03-r2.sh:436: '[' 0 -eq 0 ']'
+C03R2 run-c03-r2.sh:437: ./juicefs.lite version
+C03R2 run-c03-r2.sh:438: sha256sum ./juicefs.lite
+C03R2 run-c03-r2.sh:439: cp ./juicefs.lite /home/lilingfeng/tmp/juicefs-c03-r2-20260817-183244/builds/go126/juicefs.lite
+C03R2 run-c03-r2.sh:441: resolve_gate B_linux_build YES 'rc/*-make-juicefs.rc'
+C03R2 run-c03-r2.sh:40: local name=B_linux_build status=YES 'evidence=rc/*-make-juicefs.rc'
+C03R2 run-c03-r2.sh:41: '[' 0 -ge 1 ']'
+C03R2 run-c03-r2.sh:45: GATE_STATUS[$name]=YES
+C03R2 run-c03-r2.sh:46: GATE_EVIDENCE[$name]='rc/*-make-juicefs.rc'
+C03R2 run-c03-r2.sh:47: GATE_RESOLVED[$name]=1
+C03R2 run-c03-r2.sh:442: resolve_gate B_lite_build YES 'rc/*-make-juicefs-lite.rc'
+C03R2 run-c03-r2.sh:40: local name=B_lite_build status=YES 'evidence=rc/*-make-juicefs-lite.rc'
+C03R2 run-c03-r2.sh:41: '[' 0 -ge 1 ']'
+C03R2 run-c03-r2.sh:45: GATE_STATUS[$name]=YES
+C03R2 run-c03-r2.sh:46: GATE_EVIDENCE[$name]='rc/*-make-juicefs-lite.rc'
+C03R2 run-c03-r2.sh:47: GATE_RESOLVED[$name]=1
+C03R2 run-c03-r2.sh:445: printf 'path\tsize\tsha256\n'
+C03R2 run-c03-r2.sh:446: find /home/lilingfeng/tmp/juicefs-c03-r2-20260817-183244/builds -type f -exec sha256sum '{}' ';'
+C03R2 run-c03-r2.sh:449: record_anchor C03R2_ANCHOR:REPLAY
+C03R2 run-c03-r2.sh:54: printf '%s\n' C03R2_ANCHOR:REPLAY
+C03R2 run-c03-r2.sh:54: echo C03R2_ANCHOR:REPLAY
+C03R2 run-c03-r2.sh:450: git -C /home/lilingfeng/tmp/juicefs-c03-r2-20260817-183244/src/B-candidate diff --binary --full-index -- pkg/vfs/writer.go pkg/vfs/writer_flush_test.go
+C03R2 run-c03-r2.sh:451: sha256sum /home/lilingfeng/tmp/juicefs-c03-r2-20260817-183244/artifacts/community-candidate.patch
+C03R2 run-c03-r2.sh:452: cd /home/lilingfeng/tmp/juicefs-c03-r2-20260817-183244/src/R-replay
+C03R2 run-c03-r2.sh:453: R_CHECK_RC=0
+C03R2 run-c03-r2.sh:453: git apply --check /home/lilingfeng/tmp/juicefs-c03-r2-20260817-183244/artifacts/community-candidate.patch
+C03R2 run-c03-r2.sh:454: R_APPLY_RC=0
+C03R2 run-c03-r2.sh:454: git apply /home/lilingfeng/tmp/juicefs-c03-r2-20260817-183244/artifacts/community-candidate.patch
+C03R2 run-c03-r2.sh:455: printf '%s\n' 0
+C03R2 run-c03-r2.sh:456: printf '%s\n' 0
+C03R2 run-c03-r2.sh:457: git add -N pkg/vfs/writer_flush_test.go
+C03R2 run-c03-r2.sh:458: git diff --binary --full-index -- pkg/vfs/writer.go pkg/vfs/writer_flush_test.go
+C03R2 run-c03-r2.sh:459: CMP_RC=0
+C03R2 run-c03-r2.sh:459: cmp /home/lilingfeng/tmp/juicefs-c03-r2-20260817-183244/artifacts/community-candidate.patch /home/lilingfeng/tmp/juicefs-c03-r2-20260817-183244/diffs/R-replay-full.diff
+C03R2 run-c03-r2.sh:460: printf '%s\n' 0
+C03R2 run-c03-r2.sh:461: printf 'arm\ttool\tmode\ttest\tactual_rc\texpected_run\texpected_pass\tactual_pass\tactual_fail\tbad\tlog\n'
+C03R2 run-c03-r2.sh:462: for TOOL in go125 go126
+C03R2 run-c03-r2.sh:463: '[' go125 = go125 ']'
+C03R2 run-c03-r2.sh:463: TC=go1.25.7
+C03R2 run-c03-r2.sh:463: BC=/home/lilingfeng/tmp/juicefs-c03-r2-20260817-183244/cache/go-build-125
+C03R2 run-c03-r2.sh:464: for id_tn in "U1:$U1" "U2:$U2" "U3:$U3"
+C03R2 run-c03-r2.sh:465: id=U1
+C03R2 run-c03-r2.sh:465: tn=TestFullBlockDispatchedWhenSliceIDBecomesReady
+C03R2 run-c03-r2.sh:466: run_and_record go125 go1.25.7 /home/lilingfeng/tmp/juicefs-c03-r2-20260817-183244/cache/go-build-125 R-replay single TestFullBlockDispatchedWhenSliceIDBecomesReady U1
+C03R2 run-c03-r2.sh:215: local tool=go125 tc=go1.25.7 bc=/home/lilingfeng/tmp/juicefs-c03-r2-20260817-183244/cache/go-build-125 arm=R-replay mode=single test_name=TestFullBlockDispatchedWhenSliceIDBecomesReady
+C03R2 run-c03-r2.sh:216: local id=U1
+C03R2 run-c03-r2.sh:217: local log_rel=logs/go125-R-replay-U1-single.log
+C03R2 run-c03-r2.sh:218: local rc
+C03R2 run-c03-r2.sh:219: cd /home/lilingfeng/tmp/juicefs-c03-r2-20260817-183244/src/R-replay
+C03R2 run-c03-r2.sh:219: env GOTOOLCHAIN=go1.25.7 GOCACHE=/home/lilingfeng/tmp/juicefs-c03-r2-20260817-183244/cache/go-build-125 GOFLAGS=-mod=readonly GOPROXY=https://goproxy.cn,direct GOMODCACHE=/home/lilingfeng/tmp/juicefs-c03-r2-20260817-183244/cache/go-mod GOTMPDIR=/home/lilingfeng/tmp/juicefs-c03-r2-20260817-183244/cache/go-tmp TMPDIR=/home/lilingfeng/tmp/juicefs-c03-r2-20260817-183244/cache/os-tmp go test ./pkg/vfs -run '^TestFullBlockDispatchedWhenSliceIDBecomesReady$' -count=1 -v -timeout=2m
+C03R2 run-c03-r2.sh:219: rc=0
+C03R2 run-c03-r2.sh:220: printf '%s\n' 0
++C03R2 run-c03-r2.sh:221: grep -c -- '--- PASS: TestFullBlockDispatchedWhenSliceIDBecomesReady' /home/lilingfeng/tmp/juicefs-c03-r2-20260817-183244/logs/go125-R-replay-U1-single.log
+C03R2 run-c03-r2.sh:221: local pass=1
++C03R2 run-c03-r2.sh:222: grep -c -- '--- FAIL: TestFullBlockDispatchedWhenSliceIDBecomesReady' /home/lilingfeng/tmp/juicefs-c03-r2-20260817-183244/logs/go125-R-replay-U1-single.log
++C03R2 run-c03-r2.sh:222: true
+C03R2 run-c03-r2.sh:222: local fail=0
+C03R2 run-c03-r2.sh:223: local bad=0
+C03R2 run-c03-r2.sh:223: grep -Eq '\[build failed\]|panic:|fatal error:|test timed out|DATA RACE|no tests to run' /home/lilingfeng/tmp/juicefs-c03-r2-20260817-183244/logs/go125-R-replay-U1-single.log
+C03R2 run-c03-r2.sh:224: printf '%s\t%s\tsingle\t%s\t%s\t1\t1\t%s\t%s\t0\t%s\t%s\n' R-replay go125 TestFullBlockDispatchedWhenSliceIDBecomesReady 0 1 0 0 logs/go125-R-replay-U1-single.log
+C03R2 run-c03-r2.sh:464: for id_tn in "U1:$U1" "U2:$U2" "U3:$U3"
+C03R2 run-c03-r2.sh:465: id=U2
+C03R2 run-c03-r2.sh:465: tn=TestPartialBlockNotDispatchedWhenSliceIDBecomesReady
+C03R2 run-c03-r2.sh:466: run_and_record go125 go1.25.7 /home/lilingfeng/tmp/juicefs-c03-r2-20260817-183244/cache/go-build-125 R-replay single TestPartialBlockNotDispatchedWhenSliceIDBecomesReady U2
+C03R2 run-c03-r2.sh:215: local tool=go125 tc=go1.25.7 bc=/home/lilingfeng/tmp/juicefs-c03-r2-20260817-183244/cache/go-build-125 arm=R-replay mode=single test_name=TestPartialBlockNotDispatchedWhenSliceIDBecomesReady
+C03R2 run-c03-r2.sh:216: local id=U2
+C03R2 run-c03-r2.sh:217: local log_rel=logs/go125-R-replay-U2-single.log
+C03R2 run-c03-r2.sh:218: local rc
+C03R2 run-c03-r2.sh:219: cd /home/lilingfeng/tmp/juicefs-c03-r2-20260817-183244/src/R-replay
+C03R2 run-c03-r2.sh:219: env GOTOOLCHAIN=go1.25.7 GOCACHE=/home/lilingfeng/tmp/juicefs-c03-r2-20260817-183244/cache/go-build-125 GOFLAGS=-mod=readonly GOPROXY=https://goproxy.cn,direct GOMODCACHE=/home/lilingfeng/tmp/juicefs-c03-r2-20260817-183244/cache/go-mod GOTMPDIR=/home/lilingfeng/tmp/juicefs-c03-r2-20260817-183244/cache/go-tmp TMPDIR=/home/lilingfeng/tmp/juicefs-c03-r2-20260817-183244/cache/os-tmp go test ./pkg/vfs -run '^TestPartialBlockNotDispatchedWhenSliceIDBecomesReady$' -count=1 -v -timeout=2m
+C03R2 run-c03-r2.sh:219: rc=0
+C03R2 run-c03-r2.sh:220: printf '%s\n' 0
++C03R2 run-c03-r2.sh:221: grep -c -- '--- PASS: TestPartialBlockNotDispatchedWhenSliceIDBecomesReady' /home/lilingfeng/tmp/juicefs-c03-r2-20260817-183244/logs/go125-R-replay-U2-single.log
+C03R2 run-c03-r2.sh:221: local pass=1
++C03R2 run-c03-r2.sh:222: grep -c -- '--- FAIL: TestPartialBlockNotDispatchedWhenSliceIDBecomesReady' /home/lilingfeng/tmp/juicefs-c03-r2-20260817-183244/logs/go125-R-replay-U2-single.log
++C03R2 run-c03-r2.sh:222: true
+C03R2 run-c03-r2.sh:222: local fail=0
+C03R2 run-c03-r2.sh:223: local bad=0
+C03R2 run-c03-r2.sh:223: grep -Eq '\[build failed\]|panic:|fatal error:|test timed out|DATA RACE|no tests to run' /home/lilingfeng/tmp/juicefs-c03-r2-20260817-183244/logs/go125-R-replay-U2-single.log
+C03R2 run-c03-r2.sh:224: printf '%s\t%s\tsingle\t%s\t%s\t1\t1\t%s\t%s\t0\t%s\t%s\n' R-replay go125 TestPartialBlockNotDispatchedWhenSliceIDBecomesReady 0 1 0 0 logs/go125-R-replay-U2-single.log
+C03R2 run-c03-r2.sh:464: for id_tn in "U1:$U1" "U2:$U2" "U3:$U3"
+C03R2 run-c03-r2.sh:465: id=U3
+C03R2 run-c03-r2.sh:465: tn=TestFlushErrorRecordedWhenSliceIDBecomesReady
+C03R2 run-c03-r2.sh:466: run_and_record go125 go1.25.7 /home/lilingfeng/tmp/juicefs-c03-r2-20260817-183244/cache/go-build-125 R-replay single TestFlushErrorRecordedWhenSliceIDBecomesReady U3
+C03R2 run-c03-r2.sh:215: local tool=go125 tc=go1.25.7 bc=/home/lilingfeng/tmp/juicefs-c03-r2-20260817-183244/cache/go-build-125 arm=R-replay mode=single test_name=TestFlushErrorRecordedWhenSliceIDBecomesReady
+C03R2 run-c03-r2.sh:216: local id=U3
+C03R2 run-c03-r2.sh:217: local log_rel=logs/go125-R-replay-U3-single.log
+C03R2 run-c03-r2.sh:218: local rc
+C03R2 run-c03-r2.sh:219: cd /home/lilingfeng/tmp/juicefs-c03-r2-20260817-183244/src/R-replay
+C03R2 run-c03-r2.sh:219: env GOTOOLCHAIN=go1.25.7 GOCACHE=/home/lilingfeng/tmp/juicefs-c03-r2-20260817-183244/cache/go-build-125 GOFLAGS=-mod=readonly GOPROXY=https://goproxy.cn,direct GOMODCACHE=/home/lilingfeng/tmp/juicefs-c03-r2-20260817-183244/cache/go-mod GOTMPDIR=/home/lilingfeng/tmp/juicefs-c03-r2-20260817-183244/cache/go-tmp TMPDIR=/home/lilingfeng/tmp/juicefs-c03-r2-20260817-183244/cache/os-tmp go test ./pkg/vfs -run '^TestFlushErrorRecordedWhenSliceIDBecomesReady$' -count=1 -v -timeout=2m
+C03R2 run-c03-r2.sh:219: rc=0
+C03R2 run-c03-r2.sh:220: printf '%s\n' 0
++C03R2 run-c03-r2.sh:221: grep -c -- '--- PASS: TestFlushErrorRecordedWhenSliceIDBecomesReady' /home/lilingfeng/tmp/juicefs-c03-r2-20260817-183244/logs/go125-R-replay-U3-single.log
+C03R2 run-c03-r2.sh:221: local pass=1
++C03R2 run-c03-r2.sh:222: grep -c -- '--- FAIL: TestFlushErrorRecordedWhenSliceIDBecomesReady' /home/lilingfeng/tmp/juicefs-c03-r2-20260817-183244/logs/go125-R-replay-U3-single.log
++C03R2 run-c03-r2.sh:222: true
+C03R2 run-c03-r2.sh:222: local fail=0
+C03R2 run-c03-r2.sh:223: local bad=0
+C03R2 run-c03-r2.sh:223: grep -Eq '\[build failed\]|panic:|fatal error:|test timed out|DATA RACE|no tests to run' /home/lilingfeng/tmp/juicefs-c03-r2-20260817-183244/logs/go125-R-replay-U3-single.log
+C03R2 run-c03-r2.sh:224: printf '%s\t%s\tsingle\t%s\t%s\t1\t1\t%s\t%s\t0\t%s\t%s\n' R-replay go125 TestFlushErrorRecordedWhenSliceIDBecomesReady 0 1 0 0 logs/go125-R-replay-U3-single.log
+C03R2 run-c03-r2.sh:468: run_count_and_record go125 go1.25.7 /home/lilingfeng/tmp/juicefs-c03-r2-20260817-183244/cache/go-build-125 R-replay count20 '^(TestFullBlockDispatchedWhenSliceIDBecomesReady|TestPartialBlockNotDispatchedWhenSliceIDBecomesReady|TestFlushErrorRecordedWhenSliceIDBecomesReady)$' 20 'TestFullBlockDispatchedWhenSliceIDBecomesReady\nTestPartialBlockNotDispatchedWhenSliceIDBecomesReady\nTestFlushErrorRecordedWhenSliceIDBecomesReady'
+C03R2 run-c03-r2.sh:228: local tool=go125 tc=go1.25.7 bc=/home/lilingfeng/tmp/juicefs-c03-r2-20260817-183244/cache/go-build-125 arm=R-replay mode=count20 're=^(TestFullBlockDispatchedWhenSliceIDBecomesReady|TestPartialBlockNotDispatchedWhenSliceIDBecomesReady|TestFlushErrorRecordedWhenSliceIDBecomesReady)$' count=20 'test_names=TestFullBlockDispatchedWhenSliceIDBecomesReady\nTestPartialBlockNotDispatchedWhenSliceIDBecomesReady\nTestFlushErrorRecordedWhenSliceIDBecomesReady'
+C03R2 run-c03-r2.sh:229: local log_rel=logs/go125-R-replay-count20.log
+C03R2 run-c03-r2.sh:230: local extra=
+C03R2 run-c03-r2.sh:230: '[' count20 = race20 ']'
+C03R2 run-c03-r2.sh:231: local rc
+C03R2 run-c03-r2.sh:232: cd /home/lilingfeng/tmp/juicefs-c03-r2-20260817-183244/src/R-replay
+C03R2 run-c03-r2.sh:232: env GOTOOLCHAIN=go1.25.7 GOCACHE=/home/lilingfeng/tmp/juicefs-c03-r2-20260817-183244/cache/go-build-125 GOFLAGS=-mod=readonly GOPROXY=https://goproxy.cn,direct GOMODCACHE=/home/lilingfeng/tmp/juicefs-c03-r2-20260817-183244/cache/go-mod GOTMPDIR=/home/lilingfeng/tmp/juicefs-c03-r2-20260817-183244/cache/go-tmp TMPDIR=/home/lilingfeng/tmp/juicefs-c03-r2-20260817-183244/cache/os-tmp go test ./pkg/vfs -run '^(TestFullBlockDispatchedWhenSliceIDBecomesReady|TestPartialBlockNotDispatchedWhenSliceIDBecomesReady|TestFlushErrorRecordedWhenSliceIDBecomesReady)$' -count=20 -v -timeout=20m
+C03R2 run-c03-r2.sh:232: rc=0
+C03R2 run-c03-r2.sh:233: printf '%s\n' 0
+C03R2 run-c03-r2.sh:234: local bad=0
+C03R2 run-c03-r2.sh:234: grep -Eq '\[build failed\]|panic:|fatal error:|test timed out|DATA RACE|no tests to run' /home/lilingfeng/tmp/juicefs-c03-r2-20260817-183244/logs/go125-R-replay-count20.log
+C03R2 run-c03-r2.sh:235: IFS=
+C03R2 run-c03-r2.sh:235: read -r tn
++C03R2 run-c03-r2.sh:236: grep -c -- '--- PASS: TestFullBlockDispatchedWhenSliceIDBecomesReady\nTestPartialBlockNotDispatchedWhenSliceIDBecomesReady\nTestFlushErrorRecordedWhenSliceIDBecomesReady' /home/lilingfeng/tmp/juicefs-c03-r2-20260817-183244/logs/go125-R-replay-count20.log
++C03R2 run-c03-r2.sh:236: true
+C03R2 run-c03-r2.sh:236: local pass=0
++C03R2 run-c03-r2.sh:237: grep -c -- '--- FAIL: TestFullBlockDispatchedWhenSliceIDBecomesReady\nTestPartialBlockNotDispatchedWhenSliceIDBecomesReady\nTestFlushErrorRecordedWhenSliceIDBecomesReady' /home/lilingfeng/tmp/juicefs-c03-r2-20260817-183244/logs/go125-R-replay-count20.log
++C03R2 run-c03-r2.sh:237: true
+C03R2 run-c03-r2.sh:237: local fail=0
+C03R2 run-c03-r2.sh:238: printf '%s\t%s\t%s\t%s\t%s\t%s\t%s\t%s\t%s\t%s\t%s\n' R-replay go125 count20 'TestFullBlockDispatchedWhenSliceIDBecomesReady\nTestPartialBlockNotDispatchedWhenSliceIDBecomesReady\nTestFlushErrorRecordedWhenSliceIDBecomesReady' 0 20 20 0 0 0 logs/go125-R-replay-count20.log
+C03R2 run-c03-r2.sh:235: IFS=
+C03R2 run-c03-r2.sh:235: read -r tn
+C03R2 run-c03-r2.sh:462: for TOOL in go125 go126
+C03R2 run-c03-r2.sh:463: '[' go126 = go125 ']'
+C03R2 run-c03-r2.sh:463: TC=local
+C03R2 run-c03-r2.sh:463: BC=/home/lilingfeng/tmp/juicefs-c03-r2-20260817-183244/cache/go-build-126
+C03R2 run-c03-r2.sh:464: for id_tn in "U1:$U1" "U2:$U2" "U3:$U3"
+C03R2 run-c03-r2.sh:465: id=U1
+C03R2 run-c03-r2.sh:465: tn=TestFullBlockDispatchedWhenSliceIDBecomesReady
+C03R2 run-c03-r2.sh:466: run_and_record go126 local /home/lilingfeng/tmp/juicefs-c03-r2-20260817-183244/cache/go-build-126 R-replay single TestFullBlockDispatchedWhenSliceIDBecomesReady U1
+C03R2 run-c03-r2.sh:215: local tool=go126 tc=local bc=/home/lilingfeng/tmp/juicefs-c03-r2-20260817-183244/cache/go-build-126 arm=R-replay mode=single test_name=TestFullBlockDispatchedWhenSliceIDBecomesReady
+C03R2 run-c03-r2.sh:216: local id=U1
+C03R2 run-c03-r2.sh:217: local log_rel=logs/go126-R-replay-U1-single.log
+C03R2 run-c03-r2.sh:218: local rc
+C03R2 run-c03-r2.sh:219: cd /home/lilingfeng/tmp/juicefs-c03-r2-20260817-183244/src/R-replay
+C03R2 run-c03-r2.sh:219: env GOTOOLCHAIN=local GOCACHE=/home/lilingfeng/tmp/juicefs-c03-r2-20260817-183244/cache/go-build-126 GOFLAGS=-mod=readonly GOPROXY=https://goproxy.cn,direct GOMODCACHE=/home/lilingfeng/tmp/juicefs-c03-r2-20260817-183244/cache/go-mod GOTMPDIR=/home/lilingfeng/tmp/juicefs-c03-r2-20260817-183244/cache/go-tmp TMPDIR=/home/lilingfeng/tmp/juicefs-c03-r2-20260817-183244/cache/os-tmp go test ./pkg/vfs -run '^TestFullBlockDispatchedWhenSliceIDBecomesReady$' -count=1 -v -timeout=2m
+C03R2 run-c03-r2.sh:219: rc=0
+C03R2 run-c03-r2.sh:220: printf '%s\n' 0
++C03R2 run-c03-r2.sh:221: grep -c -- '--- PASS: TestFullBlockDispatchedWhenSliceIDBecomesReady' /home/lilingfeng/tmp/juicefs-c03-r2-20260817-183244/logs/go126-R-replay-U1-single.log
+C03R2 run-c03-r2.sh:221: local pass=1
++C03R2 run-c03-r2.sh:222: grep -c -- '--- FAIL: TestFullBlockDispatchedWhenSliceIDBecomesReady' /home/lilingfeng/tmp/juicefs-c03-r2-20260817-183244/logs/go126-R-replay-U1-single.log
++C03R2 run-c03-r2.sh:222: true
+C03R2 run-c03-r2.sh:222: local fail=0
+C03R2 run-c03-r2.sh:223: local bad=0
+C03R2 run-c03-r2.sh:223: grep -Eq '\[build failed\]|panic:|fatal error:|test timed out|DATA RACE|no tests to run' /home/lilingfeng/tmp/juicefs-c03-r2-20260817-183244/logs/go126-R-replay-U1-single.log
+C03R2 run-c03-r2.sh:224: printf '%s\t%s\tsingle\t%s\t%s\t1\t1\t%s\t%s\t0\t%s\t%s\n' R-replay go126 TestFullBlockDispatchedWhenSliceIDBecomesReady 0 1 0 0 logs/go126-R-replay-U1-single.log
+C03R2 run-c03-r2.sh:464: for id_tn in "U1:$U1" "U2:$U2" "U3:$U3"
+C03R2 run-c03-r2.sh:465: id=U2
+C03R2 run-c03-r2.sh:465: tn=TestPartialBlockNotDispatchedWhenSliceIDBecomesReady
+C03R2 run-c03-r2.sh:466: run_and_record go126 local /home/lilingfeng/tmp/juicefs-c03-r2-20260817-183244/cache/go-build-126 R-replay single TestPartialBlockNotDispatchedWhenSliceIDBecomesReady U2
+C03R2 run-c03-r2.sh:215: local tool=go126 tc=local bc=/home/lilingfeng/tmp/juicefs-c03-r2-20260817-183244/cache/go-build-126 arm=R-replay mode=single test_name=TestPartialBlockNotDispatchedWhenSliceIDBecomesReady
+C03R2 run-c03-r2.sh:216: local id=U2
+C03R2 run-c03-r2.sh:217: local log_rel=logs/go126-R-replay-U2-single.log
+C03R2 run-c03-r2.sh:218: local rc
+C03R2 run-c03-r2.sh:219: cd /home/lilingfeng/tmp/juicefs-c03-r2-20260817-183244/src/R-replay
+C03R2 run-c03-r2.sh:219: env GOTOOLCHAIN=local GOCACHE=/home/lilingfeng/tmp/juicefs-c03-r2-20260817-183244/cache/go-build-126 GOFLAGS=-mod=readonly GOPROXY=https://goproxy.cn,direct GOMODCACHE=/home/lilingfeng/tmp/juicefs-c03-r2-20260817-183244/cache/go-mod GOTMPDIR=/home/lilingfeng/tmp/juicefs-c03-r2-20260817-183244/cache/go-tmp TMPDIR=/home/lilingfeng/tmp/juicefs-c03-r2-20260817-183244/cache/os-tmp go test ./pkg/vfs -run '^TestPartialBlockNotDispatchedWhenSliceIDBecomesReady$' -count=1 -v -timeout=2m
+C03R2 run-c03-r2.sh:219: rc=0
+C03R2 run-c03-r2.sh:220: printf '%s\n' 0
++C03R2 run-c03-r2.sh:221: grep -c -- '--- PASS: TestPartialBlockNotDispatchedWhenSliceIDBecomesReady' /home/lilingfeng/tmp/juicefs-c03-r2-20260817-183244/logs/go126-R-replay-U2-single.log
+C03R2 run-c03-r2.sh:221: local pass=1
++C03R2 run-c03-r2.sh:222: grep -c -- '--- FAIL: TestPartialBlockNotDispatchedWhenSliceIDBecomesReady' /home/lilingfeng/tmp/juicefs-c03-r2-20260817-183244/logs/go126-R-replay-U2-single.log
++C03R2 run-c03-r2.sh:222: true
+C03R2 run-c03-r2.sh:222: local fail=0
+C03R2 run-c03-r2.sh:223: local bad=0
+C03R2 run-c03-r2.sh:223: grep -Eq '\[build failed\]|panic:|fatal error:|test timed out|DATA RACE|no tests to run' /home/lilingfeng/tmp/juicefs-c03-r2-20260817-183244/logs/go126-R-replay-U2-single.log
+C03R2 run-c03-r2.sh:224: printf '%s\t%s\tsingle\t%s\t%s\t1\t1\t%s\t%s\t0\t%s\t%s\n' R-replay go126 TestPartialBlockNotDispatchedWhenSliceIDBecomesReady 0 1 0 0 logs/go126-R-replay-U2-single.log
+C03R2 run-c03-r2.sh:464: for id_tn in "U1:$U1" "U2:$U2" "U3:$U3"
+C03R2 run-c03-r2.sh:465: id=U3
+C03R2 run-c03-r2.sh:465: tn=TestFlushErrorRecordedWhenSliceIDBecomesReady
+C03R2 run-c03-r2.sh:466: run_and_record go126 local /home/lilingfeng/tmp/juicefs-c03-r2-20260817-183244/cache/go-build-126 R-replay single TestFlushErrorRecordedWhenSliceIDBecomesReady U3
+C03R2 run-c03-r2.sh:215: local tool=go126 tc=local bc=/home/lilingfeng/tmp/juicefs-c03-r2-20260817-183244/cache/go-build-126 arm=R-replay mode=single test_name=TestFlushErrorRecordedWhenSliceIDBecomesReady
+C03R2 run-c03-r2.sh:216: local id=U3
+C03R2 run-c03-r2.sh:217: local log_rel=logs/go126-R-replay-U3-single.log
+C03R2 run-c03-r2.sh:218: local rc
+C03R2 run-c03-r2.sh:219: cd /home/lilingfeng/tmp/juicefs-c03-r2-20260817-183244/src/R-replay
+C03R2 run-c03-r2.sh:219: env GOTOOLCHAIN=local GOCACHE=/home/lilingfeng/tmp/juicefs-c03-r2-20260817-183244/cache/go-build-126 GOFLAGS=-mod=readonly GOPROXY=https://goproxy.cn,direct GOMODCACHE=/home/lilingfeng/tmp/juicefs-c03-r2-20260817-183244/cache/go-mod GOTMPDIR=/home/lilingfeng/tmp/juicefs-c03-r2-20260817-183244/cache/go-tmp TMPDIR=/home/lilingfeng/tmp/juicefs-c03-r2-20260817-183244/cache/os-tmp go test ./pkg/vfs -run '^TestFlushErrorRecordedWhenSliceIDBecomesReady$' -count=1 -v -timeout=2m
+C03R2 run-c03-r2.sh:219: rc=0
+C03R2 run-c03-r2.sh:220: printf '%s\n' 0
++C03R2 run-c03-r2.sh:221: grep -c -- '--- PASS: TestFlushErrorRecordedWhenSliceIDBecomesReady' /home/lilingfeng/tmp/juicefs-c03-r2-20260817-183244/logs/go126-R-replay-U3-single.log
+C03R2 run-c03-r2.sh:221: local pass=1
++C03R2 run-c03-r2.sh:222: grep -c -- '--- FAIL: TestFlushErrorRecordedWhenSliceIDBecomesReady' /home/lilingfeng/tmp/juicefs-c03-r2-20260817-183244/logs/go126-R-replay-U3-single.log
++C03R2 run-c03-r2.sh:222: true
+C03R2 run-c03-r2.sh:222: local fail=0
+C03R2 run-c03-r2.sh:223: local bad=0
+C03R2 run-c03-r2.sh:223: grep -Eq '\[build failed\]|panic:|fatal error:|test timed out|DATA RACE|no tests to run' /home/lilingfeng/tmp/juicefs-c03-r2-20260817-183244/logs/go126-R-replay-U3-single.log
+C03R2 run-c03-r2.sh:224: printf '%s\t%s\tsingle\t%s\t%s\t1\t1\t%s\t%s\t0\t%s\t%s\n' R-replay go126 TestFlushErrorRecordedWhenSliceIDBecomesReady 0 1 0 0 logs/go126-R-replay-U3-single.log
+C03R2 run-c03-r2.sh:468: run_count_and_record go126 local /home/lilingfeng/tmp/juicefs-c03-r2-20260817-183244/cache/go-build-126 R-replay count20 '^(TestFullBlockDispatchedWhenSliceIDBecomesReady|TestPartialBlockNotDispatchedWhenSliceIDBecomesReady|TestFlushErrorRecordedWhenSliceIDBecomesReady)$' 20 'TestFullBlockDispatchedWhenSliceIDBecomesReady\nTestPartialBlockNotDispatchedWhenSliceIDBecomesReady\nTestFlushErrorRecordedWhenSliceIDBecomesReady'
+C03R2 run-c03-r2.sh:228: local tool=go126 tc=local bc=/home/lilingfeng/tmp/juicefs-c03-r2-20260817-183244/cache/go-build-126 arm=R-replay mode=count20 're=^(TestFullBlockDispatchedWhenSliceIDBecomesReady|TestPartialBlockNotDispatchedWhenSliceIDBecomesReady|TestFlushErrorRecordedWhenSliceIDBecomesReady)$' count=20 'test_names=TestFullBlockDispatchedWhenSliceIDBecomesReady\nTestPartialBlockNotDispatchedWhenSliceIDBecomesReady\nTestFlushErrorRecordedWhenSliceIDBecomesReady'
+C03R2 run-c03-r2.sh:229: local log_rel=logs/go126-R-replay-count20.log
+C03R2 run-c03-r2.sh:230: local extra=
+C03R2 run-c03-r2.sh:230: '[' count20 = race20 ']'
+C03R2 run-c03-r2.sh:231: local rc
+C03R2 run-c03-r2.sh:232: cd /home/lilingfeng/tmp/juicefs-c03-r2-20260817-183244/src/R-replay
+C03R2 run-c03-r2.sh:232: env GOTOOLCHAIN=local GOCACHE=/home/lilingfeng/tmp/juicefs-c03-r2-20260817-183244/cache/go-build-126 GOFLAGS=-mod=readonly GOPROXY=https://goproxy.cn,direct GOMODCACHE=/home/lilingfeng/tmp/juicefs-c03-r2-20260817-183244/cache/go-mod GOTMPDIR=/home/lilingfeng/tmp/juicefs-c03-r2-20260817-183244/cache/go-tmp TMPDIR=/home/lilingfeng/tmp/juicefs-c03-r2-20260817-183244/cache/os-tmp go test ./pkg/vfs -run '^(TestFullBlockDispatchedWhenSliceIDBecomesReady|TestPartialBlockNotDispatchedWhenSliceIDBecomesReady|TestFlushErrorRecordedWhenSliceIDBecomesReady)$' -count=20 -v -timeout=20m
+C03R2 run-c03-r2.sh:232: rc=0
+C03R2 run-c03-r2.sh:233: printf '%s\n' 0
+C03R2 run-c03-r2.sh:234: local bad=0
+C03R2 run-c03-r2.sh:234: grep -Eq '\[build failed\]|panic:|fatal error:|test timed out|DATA RACE|no tests to run' /home/lilingfeng/tmp/juicefs-c03-r2-20260817-183244/logs/go126-R-replay-count20.log
+C03R2 run-c03-r2.sh:235: IFS=
+C03R2 run-c03-r2.sh:235: read -r tn
++C03R2 run-c03-r2.sh:236: grep -c -- '--- PASS: TestFullBlockDispatchedWhenSliceIDBecomesReady\nTestPartialBlockNotDispatchedWhenSliceIDBecomesReady\nTestFlushErrorRecordedWhenSliceIDBecomesReady' /home/lilingfeng/tmp/juicefs-c03-r2-20260817-183244/logs/go126-R-replay-count20.log
++C03R2 run-c03-r2.sh:236: true
+C03R2 run-c03-r2.sh:236: local pass=0
++C03R2 run-c03-r2.sh:237: grep -c -- '--- FAIL: TestFullBlockDispatchedWhenSliceIDBecomesReady\nTestPartialBlockNotDispatchedWhenSliceIDBecomesReady\nTestFlushErrorRecordedWhenSliceIDBecomesReady' /home/lilingfeng/tmp/juicefs-c03-r2-20260817-183244/logs/go126-R-replay-count20.log
++C03R2 run-c03-r2.sh:237: true
+C03R2 run-c03-r2.sh:237: local fail=0
+C03R2 run-c03-r2.sh:238: printf '%s\t%s\t%s\t%s\t%s\t%s\t%s\t%s\t%s\t%s\t%s\n' R-replay go126 count20 'TestFullBlockDispatchedWhenSliceIDBecomesReady\nTestPartialBlockNotDispatchedWhenSliceIDBecomesReady\nTestFlushErrorRecordedWhenSliceIDBecomesReady' 0 20 20 0 0 0 logs/go126-R-replay-count20.log
+C03R2 run-c03-r2.sh:235: IFS=
+C03R2 run-c03-r2.sh:235: read -r tn
+C03R2 run-c03-r2.sh:470: '[' 0 -eq 0 ']'
+C03R2 run-c03-r2.sh:470: resolve_gate patch_replay YES rc/R-replay-diff-cmp.rc
+C03R2 run-c03-r2.sh:40: local name=patch_replay status=YES evidence=rc/R-replay-diff-cmp.rc
+C03R2 run-c03-r2.sh:41: '[' 0 -ge 1 ']'
+C03R2 run-c03-r2.sh:45: GATE_STATUS[$name]=YES
+C03R2 run-c03-r2.sh:46: GATE_EVIDENCE[$name]=rc/R-replay-diff-cmp.rc
+C03R2 run-c03-r2.sh:47: GATE_RESOLVED[$name]=1
+C03R2 run-c03-r2.sh:473: record_anchor C03R2_ANCHOR:COMMUNITY_SEARCH
+C03R2 run-c03-r2.sh:54: printf '%s\n' C03R2_ANCHOR:COMMUNITY_SEARCH
+C03R2 run-c03-r2.sh:54: echo C03R2_ANCHOR:COMMUNITY_SEARCH
+C03R2 run-c03-r2.sh:474: QUERIES=("repo:juicedata/juicefs is:issue prepareID FlushTo" "repo:juicedata/juicefs is:pr prepareID FlushTo" 'repo:juicedata/juicefs is:issue "slice ID" writer flush' 'repo:juicedata/juicefs is:pr "full block" FlushTo' "repo:juicedata/juicefs is:issue random write flush block" "repo:juicedata/juicefs is:pr random write flush block")
+C03R2 run-c03-r2.sh:475: SEARCH_OK=YES
+C03R2 run-c03-r2.sh:476: for i in "${!QUERIES[@]}"
+C03R2 run-c03-r2.sh:477: q='repo:juicedata/juicefs is:issue prepareID FlushTo'
+C03R2 run-c03-r2.sh:478: printf '%s\n' 'repo:juicedata/juicefs is:issue prepareID FlushTo'
+C03R2 run-c03-r2.sh:479: date -Iseconds
++C03R2 run-c03-r2.sh:480: python3 -c 'import urllib.parse,sys; print(urllib.parse.quote(sys.argv[1]))' 'repo:juicedata/juicefs is:issue prepareID FlushTo'
+C03R2 run-c03-r2.sh:480: ENCODED=repo%3Ajuicedata/juicefs%20is%3Aissue%20prepareID%20FlushTo
+C03R2 run-c03-r2.sh:481: CURL_RC=0
+C03R2 run-c03-r2.sh:481: curl -s -D /home/lilingfeng/tmp/juicefs-c03-r2-20260817-183244/community-search/query-0.headers.txt -o /home/lilingfeng/tmp/juicefs-c03-r2-20260817-183244/community-search/query-0.body.json -w '%{http_code}' 'https://api.github.com/search/issues?q=repo%3Ajuicedata/juicefs%20is%3Aissue%20prepareID%20FlushTo'
+C03R2 run-c03-r2.sh:482: printf '%s\n' 0
++C03R2 run-c03-r2.sh:483: cat /home/lilingfeng/tmp/juicefs-c03-r2-20260817-183244/community-search/query-0.http-status.txt
+C03R2 run-c03-r2.sh:483: HTTP_STATUS=200
+C03R2 run-c03-r2.sh:484: '[' 0 -eq 0 ']'
+C03R2 run-c03-r2.sh:484: '[' 200 = 200 ']'
+C03R2 run-c03-r2.sh:485: python3 -c 'import json; d=json.load(open('\''/home/lilingfeng/tmp/juicefs-c03-r2-20260817-183244/community-search/query-0.body.json'\'')); assert '\''total_count'\'' in d and '\''items'\'' in d'
+C03R2 run-c03-r2.sh:486: sleep 3
+C03R2 run-c03-r2.sh:476: for i in "${!QUERIES[@]}"
+C03R2 run-c03-r2.sh:477: q='repo:juicedata/juicefs is:pr prepareID FlushTo'
+C03R2 run-c03-r2.sh:478: printf '%s\n' 'repo:juicedata/juicefs is:pr prepareID FlushTo'
+C03R2 run-c03-r2.sh:479: date -Iseconds
++C03R2 run-c03-r2.sh:480: python3 -c 'import urllib.parse,sys; print(urllib.parse.quote(sys.argv[1]))' 'repo:juicedata/juicefs is:pr prepareID FlushTo'
+C03R2 run-c03-r2.sh:480: ENCODED=repo%3Ajuicedata/juicefs%20is%3Apr%20prepareID%20FlushTo
+C03R2 run-c03-r2.sh:481: CURL_RC=0
+C03R2 run-c03-r2.sh:481: curl -s -D /home/lilingfeng/tmp/juicefs-c03-r2-20260817-183244/community-search/query-1.headers.txt -o /home/lilingfeng/tmp/juicefs-c03-r2-20260817-183244/community-search/query-1.body.json -w '%{http_code}' 'https://api.github.com/search/issues?q=repo%3Ajuicedata/juicefs%20is%3Apr%20prepareID%20FlushTo'
+C03R2 run-c03-r2.sh:482: printf '%s\n' 0
++C03R2 run-c03-r2.sh:483: cat /home/lilingfeng/tmp/juicefs-c03-r2-20260817-183244/community-search/query-1.http-status.txt
+C03R2 run-c03-r2.sh:483: HTTP_STATUS=200
+C03R2 run-c03-r2.sh:484: '[' 0 -eq 0 ']'
+C03R2 run-c03-r2.sh:484: '[' 200 = 200 ']'
+C03R2 run-c03-r2.sh:485: python3 -c 'import json; d=json.load(open('\''/home/lilingfeng/tmp/juicefs-c03-r2-20260817-183244/community-search/query-1.body.json'\'')); assert '\''total_count'\'' in d and '\''items'\'' in d'
+C03R2 run-c03-r2.sh:486: sleep 3
+C03R2 run-c03-r2.sh:476: for i in "${!QUERIES[@]}"
+C03R2 run-c03-r2.sh:477: q='repo:juicedata/juicefs is:issue "slice ID" writer flush'
+C03R2 run-c03-r2.sh:478: printf '%s\n' 'repo:juicedata/juicefs is:issue "slice ID" writer flush'
+C03R2 run-c03-r2.sh:479: date -Iseconds
++C03R2 run-c03-r2.sh:480: python3 -c 'import urllib.parse,sys; print(urllib.parse.quote(sys.argv[1]))' 'repo:juicedata/juicefs is:issue "slice ID" writer flush'
+C03R2 run-c03-r2.sh:480: ENCODED=repo%3Ajuicedata/juicefs%20is%3Aissue%20%22slice%20ID%22%20writer%20flush
+C03R2 run-c03-r2.sh:481: CURL_RC=0
+C03R2 run-c03-r2.sh:481: curl -s -D /home/lilingfeng/tmp/juicefs-c03-r2-20260817-183244/community-search/query-2.headers.txt -o /home/lilingfeng/tmp/juicefs-c03-r2-20260817-183244/community-search/query-2.body.json -w '%{http_code}' 'https://api.github.com/search/issues?q=repo%3Ajuicedata/juicefs%20is%3Aissue%20%22slice%20ID%22%20writer%20flush'
+C03R2 run-c03-r2.sh:482: printf '%s\n' 0
++C03R2 run-c03-r2.sh:483: cat /home/lilingfeng/tmp/juicefs-c03-r2-20260817-183244/community-search/query-2.http-status.txt
+C03R2 run-c03-r2.sh:483: HTTP_STATUS=200
+C03R2 run-c03-r2.sh:484: '[' 0 -eq 0 ']'
+C03R2 run-c03-r2.sh:484: '[' 200 = 200 ']'
+C03R2 run-c03-r2.sh:485: python3 -c 'import json; d=json.load(open('\''/home/lilingfeng/tmp/juicefs-c03-r2-20260817-183244/community-search/query-2.body.json'\'')); assert '\''total_count'\'' in d and '\''items'\'' in d'
+C03R2 run-c03-r2.sh:486: sleep 3
+C03R2 run-c03-r2.sh:476: for i in "${!QUERIES[@]}"
+C03R2 run-c03-r2.sh:477: q='repo:juicedata/juicefs is:pr "full block" FlushTo'
+C03R2 run-c03-r2.sh:478: printf '%s\n' 'repo:juicedata/juicefs is:pr "full block" FlushTo'
+C03R2 run-c03-r2.sh:479: date -Iseconds
++C03R2 run-c03-r2.sh:480: python3 -c 'import urllib.parse,sys; print(urllib.parse.quote(sys.argv[1]))' 'repo:juicedata/juicefs is:pr "full block" FlushTo'
+C03R2 run-c03-r2.sh:480: ENCODED=repo%3Ajuicedata/juicefs%20is%3Apr%20%22full%20block%22%20FlushTo
+C03R2 run-c03-r2.sh:481: CURL_RC=0
+C03R2 run-c03-r2.sh:481: curl -s -D /home/lilingfeng/tmp/juicefs-c03-r2-20260817-183244/community-search/query-3.headers.txt -o /home/lilingfeng/tmp/juicefs-c03-r2-20260817-183244/community-search/query-3.body.json -w '%{http_code}' 'https://api.github.com/search/issues?q=repo%3Ajuicedata/juicefs%20is%3Apr%20%22full%20block%22%20FlushTo'
+C03R2 run-c03-r2.sh:482: printf '%s\n' 0
++C03R2 run-c03-r2.sh:483: cat /home/lilingfeng/tmp/juicefs-c03-r2-20260817-183244/community-search/query-3.http-status.txt
+C03R2 run-c03-r2.sh:483: HTTP_STATUS=200
+C03R2 run-c03-r2.sh:484: '[' 0 -eq 0 ']'
+C03R2 run-c03-r2.sh:484: '[' 200 = 200 ']'
+C03R2 run-c03-r2.sh:485: python3 -c 'import json; d=json.load(open('\''/home/lilingfeng/tmp/juicefs-c03-r2-20260817-183244/community-search/query-3.body.json'\'')); assert '\''total_count'\'' in d and '\''items'\'' in d'
+C03R2 run-c03-r2.sh:486: sleep 3
+C03R2 run-c03-r2.sh:476: for i in "${!QUERIES[@]}"
+C03R2 run-c03-r2.sh:477: q='repo:juicedata/juicefs is:issue random write flush block'
+C03R2 run-c03-r2.sh:478: printf '%s\n' 'repo:juicedata/juicefs is:issue random write flush block'
+C03R2 run-c03-r2.sh:479: date -Iseconds
++C03R2 run-c03-r2.sh:480: python3 -c 'import urllib.parse,sys; print(urllib.parse.quote(sys.argv[1]))' 'repo:juicedata/juicefs is:issue random write flush block'
+C03R2 run-c03-r2.sh:480: ENCODED=repo%3Ajuicedata/juicefs%20is%3Aissue%20random%20write%20flush%20block
+C03R2 run-c03-r2.sh:481: CURL_RC=0
+C03R2 run-c03-r2.sh:481: curl -s -D /home/lilingfeng/tmp/juicefs-c03-r2-20260817-183244/community-search/query-4.headers.txt -o /home/lilingfeng/tmp/juicefs-c03-r2-20260817-183244/community-search/query-4.body.json -w '%{http_code}' 'https://api.github.com/search/issues?q=repo%3Ajuicedata/juicefs%20is%3Aissue%20random%20write%20flush%20block'
+C03R2 run-c03-r2.sh:482: printf '%s\n' 0
++C03R2 run-c03-r2.sh:483: cat /home/lilingfeng/tmp/juicefs-c03-r2-20260817-183244/community-search/query-4.http-status.txt
+C03R2 run-c03-r2.sh:483: HTTP_STATUS=200
+C03R2 run-c03-r2.sh:484: '[' 0 -eq 0 ']'
+C03R2 run-c03-r2.sh:484: '[' 200 = 200 ']'
+C03R2 run-c03-r2.sh:485: python3 -c 'import json; d=json.load(open('\''/home/lilingfeng/tmp/juicefs-c03-r2-20260817-183244/community-search/query-4.body.json'\'')); assert '\''total_count'\'' in d and '\''items'\'' in d'
+C03R2 run-c03-r2.sh:486: sleep 3
+C03R2 run-c03-r2.sh:476: for i in "${!QUERIES[@]}"
+C03R2 run-c03-r2.sh:477: q='repo:juicedata/juicefs is:pr random write flush block'
+C03R2 run-c03-r2.sh:478: printf '%s\n' 'repo:juicedata/juicefs is:pr random write flush block'
+C03R2 run-c03-r2.sh:479: date -Iseconds
++C03R2 run-c03-r2.sh:480: python3 -c 'import urllib.parse,sys; print(urllib.parse.quote(sys.argv[1]))' 'repo:juicedata/juicefs is:pr random write flush block'
+C03R2 run-c03-r2.sh:480: ENCODED=repo%3Ajuicedata/juicefs%20is%3Apr%20random%20write%20flush%20block
+C03R2 run-c03-r2.sh:481: CURL_RC=0
+C03R2 run-c03-r2.sh:481: curl -s -D /home/lilingfeng/tmp/juicefs-c03-r2-20260817-183244/community-search/query-5.headers.txt -o /home/lilingfeng/tmp/juicefs-c03-r2-20260817-183244/community-search/query-5.body.json -w '%{http_code}' 'https://api.github.com/search/issues?q=repo%3Ajuicedata/juicefs%20is%3Apr%20random%20write%20flush%20block'
+C03R2 run-c03-r2.sh:482: printf '%s\n' 0
++C03R2 run-c03-r2.sh:483: cat /home/lilingfeng/tmp/juicefs-c03-r2-20260817-183244/community-search/query-5.http-status.txt
+C03R2 run-c03-r2.sh:483: HTTP_STATUS=200
+C03R2 run-c03-r2.sh:484: '[' 0 -eq 0 ']'
+C03R2 run-c03-r2.sh:484: '[' 200 = 200 ']'
+C03R2 run-c03-r2.sh:485: python3 -c 'import json; d=json.load(open('\''/home/lilingfeng/tmp/juicefs-c03-r2-20260817-183244/community-search/query-5.body.json'\'')); assert '\''total_count'\'' in d and '\''items'\'' in d'
+C03R2 run-c03-r2.sh:486: sleep 3
+C03R2 run-c03-r2.sh:488: git -C /home/lilingfeng/tmp/juicefs-c03-r2-20260817-183244/src/S-oracle log --all --oneline '--grep=prepareID\|FlushTo\|slice ID'
+C03R2 run-c03-r2.sh:489: git -C /home/lilingfeng/tmp/juicefs-c03-r2-20260817-183244/src/S-oracle log --all --oneline -S 's.writer.SetID(s.id)'
+C03R2 run-c03-r2.sh:490: printf 'url\tnumber\ttype\tstate\ttitle\tupdated_at\tquery\n'
+C03R2 run-c03-r2.sh:491: for i in "${!QUERIES[@]}"
+C03R2 run-c03-r2.sh:492: python3 -c $'\nimport json\nwith open(\'/home/lilingfeng/tmp/juicefs-c03-r2-20260817-183244/community-search/query-0.body.json\') as f: d=json.load(f)\nfor item in d.get(\'items\',[]):\n  print(f"{item.get(\'html_url\',\'\')}\\t{item.get(\'number\',\'\')}\\t{\'pr\' if \'pull\' in item.get(\'html_url\',\'\') else \'issue\'}\\t{item.get(\'state\',\'\')}\\t{item.get(\'title\',\'\')}\\t{item.get(\'updated_at\',\'\')}\\t0")\n'
+C03R2 run-c03-r2.sh:491: for i in "${!QUERIES[@]}"
+C03R2 run-c03-r2.sh:492: python3 -c $'\nimport json\nwith open(\'/home/lilingfeng/tmp/juicefs-c03-r2-20260817-183244/community-search/query-1.body.json\') as f: d=json.load(f)\nfor item in d.get(\'items\',[]):\n  print(f"{item.get(\'html_url\',\'\')}\\t{item.get(\'number\',\'\')}\\t{\'pr\' if \'pull\' in item.get(\'html_url\',\'\') else \'issue\'}\\t{item.get(\'state\',\'\')}\\t{item.get(\'title\',\'\')}\\t{item.get(\'updated_at\',\'\')}\\t1")\n'
+C03R2 run-c03-r2.sh:491: for i in "${!QUERIES[@]}"
+C03R2 run-c03-r2.sh:492: python3 -c $'\nimport json\nwith open(\'/home/lilingfeng/tmp/juicefs-c03-r2-20260817-183244/community-search/query-2.body.json\') as f: d=json.load(f)\nfor item in d.get(\'items\',[]):\n  print(f"{item.get(\'html_url\',\'\')}\\t{item.get(\'number\',\'\')}\\t{\'pr\' if \'pull\' in item.get(\'html_url\',\'\') else \'issue\'}\\t{item.get(\'state\',\'\')}\\t{item.get(\'title\',\'\')}\\t{item.get(\'updated_at\',\'\')}\\t2")\n'
+C03R2 run-c03-r2.sh:491: for i in "${!QUERIES[@]}"
+C03R2 run-c03-r2.sh:492: python3 -c $'\nimport json\nwith open(\'/home/lilingfeng/tmp/juicefs-c03-r2-20260817-183244/community-search/query-3.body.json\') as f: d=json.load(f)\nfor item in d.get(\'items\',[]):\n  print(f"{item.get(\'html_url\',\'\')}\\t{item.get(\'number\',\'\')}\\t{\'pr\' if \'pull\' in item.get(\'html_url\',\'\') else \'issue\'}\\t{item.get(\'state\',\'\')}\\t{item.get(\'title\',\'\')}\\t{item.get(\'updated_at\',\'\')}\\t3")\n'
+C03R2 run-c03-r2.sh:491: for i in "${!QUERIES[@]}"
+C03R2 run-c03-r2.sh:492: python3 -c $'\nimport json\nwith open(\'/home/lilingfeng/tmp/juicefs-c03-r2-20260817-183244/community-search/query-4.body.json\') as f: d=json.load(f)\nfor item in d.get(\'items\',[]):\n  print(f"{item.get(\'html_url\',\'\')}\\t{item.get(\'number\',\'\')}\\t{\'pr\' if \'pull\' in item.get(\'html_url\',\'\') else \'issue\'}\\t{item.get(\'state\',\'\')}\\t{item.get(\'title\',\'\')}\\t{item.get(\'updated_at\',\'\')}\\t4")\n'
+C03R2 run-c03-r2.sh:491: for i in "${!QUERIES[@]}"
+C03R2 run-c03-r2.sh:492: python3 -c $'\nimport json\nwith open(\'/home/lilingfeng/tmp/juicefs-c03-r2-20260817-183244/community-search/query-5.body.json\') as f: d=json.load(f)\nfor item in d.get(\'items\',[]):\n  print(f"{item.get(\'html_url\',\'\')}\\t{item.get(\'number\',\'\')}\\t{\'pr\' if \'pull\' in item.get(\'html_url\',\'\') else \'issue\'}\\t{item.get(\'state\',\'\')}\\t{item.get(\'title\',\'\')}\\t{item.get(\'updated_at\',\'\')}\\t5")\n'
+C03R2 run-c03-r2.sh:499: printf 'duplicate_review_status\tDEFERRED_TO_CODEX\n'
+C03R2 run-c03-r2.sh:500: resolve_gate community_search YES community-search/
+C03R2 run-c03-r2.sh:40: local name=community_search status=YES evidence=community-search/
+C03R2 run-c03-r2.sh:41: '[' 0 -ge 1 ']'
+C03R2 run-c03-r2.sh:45: GATE_STATUS[$name]=YES
+C03R2 run-c03-r2.sh:46: GATE_EVIDENCE[$name]=community-search/
+C03R2 run-c03-r2.sh:47: GATE_RESOLVED[$name]=1
+C03R2 run-c03-r2.sh:503: cat
+C03R2 run-c03-r2.sh:525: cat
+C03R2 run-c03-r2.sh:545: cat
+C03R2 run-c03-r2.sh:559: SECRET_SCAN_RC=1
+C03R2 run-c03-r2.sh:560: grep -inf /home/lilingfeng/tmp/juicefs-c03-r2-input-20260817-182702/community-secret-patterns.txt /home/lilingfeng/tmp/juicefs-c03-r2-20260817-183244/artifacts/community-candidate.patch /home/lilingfeng/tmp/juicefs-c03-r2-20260817-183244/drafts/commit-message.md /home/lilingfeng/tmp/juicefs-c03-r2-20260817-183244/drafts/issue.md /home/lilingfeng/tmp/juicefs-c03-r2-20260817-183244/drafts/pr.md /home/lilingfeng/tmp/juicefs-c03-r2-20260817-183244/assets/input/writer_flush_test.go
+C03R2 run-c03-r2.sh:560: SECRET_SCAN_RC=1
+C03R2 run-c03-r2.sh:562: '[' 1 -eq 1 ']'
+C03R2 run-c03-r2.sh:562: '[' '!' -s /home/lilingfeng/tmp/juicefs-c03-r2-20260817-183244/logs/community-artifact-secret-scan.log ']'
+C03R2 run-c03-r2.sh:563: resolve_gate community_drafts_secret_scan YES 'logs/community-artifact-secret-scan.log (empty)'
+C03R2 run-c03-r2.sh:40: local name=community_drafts_secret_scan status=YES 'evidence=logs/community-artifact-secret-scan.log (empty)'
+C03R2 run-c03-r2.sh:41: '[' 0 -ge 1 ']'
+C03R2 run-c03-r2.sh:45: GATE_STATUS[$name]=YES
+C03R2 run-c03-r2.sh:46: GATE_EVIDENCE[$name]='logs/community-artifact-secret-scan.log (empty)'
+C03R2 run-c03-r2.sh:47: GATE_RESOLVED[$name]=1
+C03R2 run-c03-r2.sh:569: record_anchor C03R2_ANCHOR:SOURCE_GUARD
+C03R2 run-c03-r2.sh:54: printf '%s\n' C03R2_ANCHOR:SOURCE_GUARD
+C03R2 run-c03-r2.sh:54: echo C03R2_ANCHOR:SOURCE_GUARD
+C03R2 run-c03-r2.sh:570: for ARM in S-oracle B-candidate Q-semantic R-replay
+C03R2 run-c03-r2.sh:571: cd /home/lilingfeng/tmp/juicefs-c03-r2-20260817-183244/src/S-oracle
+C03R2 run-c03-r2.sh:572: git status --short
+C03R2 run-c03-r2.sh:573: git rev-parse HEAD
+C03R2 run-c03-r2.sh:573: awk -v arm=S-oracle '{print arm "\t" $1}'
+C03R2 run-c03-r2.sh:574: git diff --stat
+C03R2 run-c03-r2.sh:575: git diff --full-index
+C03R2 run-c03-r2.sh:576: DC_RC=0
+C03R2 run-c03-r2.sh:576: git diff --check
+C03R2 run-c03-r2.sh:577: printf '%s\n' 0
+C03R2 run-c03-r2.sh:578: case "$ARM" in
+C03R2 run-c03-r2.sh:579: printf 'pkg/vfs/writer_flush_test.go\n'
+C03R2 run-c03-r2.sh:583: LC_ALL=C
+C03R2 run-c03-r2.sh:583: sort -o /home/lilingfeng/tmp/juicefs-c03-r2-20260817-183244/meta/S-oracle-expected-paths.txt /home/lilingfeng/tmp/juicefs-c03-r2-20260817-183244/meta/S-oracle-expected-paths.txt
+C03R2 run-c03-r2.sh:584: git diff --name-only
+C03R2 run-c03-r2.sh:584: LC_ALL=C
+C03R2 run-c03-r2.sh:584: sort
+C03R2 run-c03-r2.sh:585: PG_RC=0
+C03R2 run-c03-r2.sh:585: diff -u /home/lilingfeng/tmp/juicefs-c03-r2-20260817-183244/meta/S-oracle-expected-paths.txt /home/lilingfeng/tmp/juicefs-c03-r2-20260817-183244/meta/S-oracle-changed-paths.txt
+C03R2 run-c03-r2.sh:586: printf '%s\n' 0
+C03R2 run-c03-r2.sh:570: for ARM in S-oracle B-candidate Q-semantic R-replay
+C03R2 run-c03-r2.sh:571: cd /home/lilingfeng/tmp/juicefs-c03-r2-20260817-183244/src/B-candidate
+C03R2 run-c03-r2.sh:572: git status --short
+C03R2 run-c03-r2.sh:573: git rev-parse HEAD
+C03R2 run-c03-r2.sh:573: awk -v arm=B-candidate '{print arm "\t" $1}'
+C03R2 run-c03-r2.sh:574: git diff --stat
+C03R2 run-c03-r2.sh:575: git diff --full-index
+C03R2 run-c03-r2.sh:576: DC_RC=0
+C03R2 run-c03-r2.sh:576: git diff --check
+C03R2 run-c03-r2.sh:577: printf '%s\n' 0
+C03R2 run-c03-r2.sh:578: case "$ARM" in
+C03R2 run-c03-r2.sh:580: printf 'pkg/vfs/writer.go\npkg/vfs/writer_flush_test.go\n'
+C03R2 run-c03-r2.sh:583: LC_ALL=C
+C03R2 run-c03-r2.sh:583: sort -o /home/lilingfeng/tmp/juicefs-c03-r2-20260817-183244/meta/B-candidate-expected-paths.txt /home/lilingfeng/tmp/juicefs-c03-r2-20260817-183244/meta/B-candidate-expected-paths.txt
+C03R2 run-c03-r2.sh:584: git diff --name-only
+C03R2 run-c03-r2.sh:584: LC_ALL=C
+C03R2 run-c03-r2.sh:584: sort
+C03R2 run-c03-r2.sh:585: PG_RC=0
+C03R2 run-c03-r2.sh:585: diff -u /home/lilingfeng/tmp/juicefs-c03-r2-20260817-183244/meta/B-candidate-expected-paths.txt /home/lilingfeng/tmp/juicefs-c03-r2-20260817-183244/meta/B-candidate-changed-paths.txt
+C03R2 run-c03-r2.sh:586: printf '%s\n' 0
+C03R2 run-c03-r2.sh:570: for ARM in S-oracle B-candidate Q-semantic R-replay
+C03R2 run-c03-r2.sh:571: cd /home/lilingfeng/tmp/juicefs-c03-r2-20260817-183244/src/Q-semantic
+C03R2 run-c03-r2.sh:572: git status --short
+C03R2 run-c03-r2.sh:573: git rev-parse HEAD
+C03R2 run-c03-r2.sh:573: awk -v arm=Q-semantic '{print arm "\t" $1}'
+C03R2 run-c03-r2.sh:574: git diff --stat
+C03R2 run-c03-r2.sh:575: git diff --full-index
+C03R2 run-c03-r2.sh:576: DC_RC=0
+C03R2 run-c03-r2.sh:576: git diff --check
+C03R2 run-c03-r2.sh:577: printf '%s\n' 0
+C03R2 run-c03-r2.sh:578: case "$ARM" in
+C03R2 run-c03-r2.sh:581: printf 'pkg/vfs/writer.go\npkg/vfs/writer_flush_c02_test.go\n'
+C03R2 run-c03-r2.sh:583: LC_ALL=C
+C03R2 run-c03-r2.sh:583: sort -o /home/lilingfeng/tmp/juicefs-c03-r2-20260817-183244/meta/Q-semantic-expected-paths.txt /home/lilingfeng/tmp/juicefs-c03-r2-20260817-183244/meta/Q-semantic-expected-paths.txt
+C03R2 run-c03-r2.sh:584: git diff --name-only
+C03R2 run-c03-r2.sh:584: LC_ALL=C
+C03R2 run-c03-r2.sh:584: sort
+C03R2 run-c03-r2.sh:585: PG_RC=0
+C03R2 run-c03-r2.sh:585: diff -u /home/lilingfeng/tmp/juicefs-c03-r2-20260817-183244/meta/Q-semantic-expected-paths.txt /home/lilingfeng/tmp/juicefs-c03-r2-20260817-183244/meta/Q-semantic-changed-paths.txt
+C03R2 run-c03-r2.sh:586: printf '%s\n' 0
+C03R2 run-c03-r2.sh:570: for ARM in S-oracle B-candidate Q-semantic R-replay
+C03R2 run-c03-r2.sh:571: cd /home/lilingfeng/tmp/juicefs-c03-r2-20260817-183244/src/R-replay
+C03R2 run-c03-r2.sh:572: git status --short
+C03R2 run-c03-r2.sh:573: git rev-parse HEAD
+C03R2 run-c03-r2.sh:573: awk -v arm=R-replay '{print arm "\t" $1}'
+C03R2 run-c03-r2.sh:574: git diff --stat
+C03R2 run-c03-r2.sh:575: git diff --full-index
+C03R2 run-c03-r2.sh:576: DC_RC=0
+C03R2 run-c03-r2.sh:576: git diff --check
+C03R2 run-c03-r2.sh:577: printf '%s\n' 0
+C03R2 run-c03-r2.sh:578: case "$ARM" in
+C03R2 run-c03-r2.sh:580: printf 'pkg/vfs/writer.go\npkg/vfs/writer_flush_test.go\n'
+C03R2 run-c03-r2.sh:583: LC_ALL=C
+C03R2 run-c03-r2.sh:583: sort -o /home/lilingfeng/tmp/juicefs-c03-r2-20260817-183244/meta/R-replay-expected-paths.txt /home/lilingfeng/tmp/juicefs-c03-r2-20260817-183244/meta/R-replay-expected-paths.txt
+C03R2 run-c03-r2.sh:584: git diff --name-only
+C03R2 run-c03-r2.sh:584: LC_ALL=C
+C03R2 run-c03-r2.sh:584: sort
+C03R2 run-c03-r2.sh:585: PG_RC=0
+C03R2 run-c03-r2.sh:585: diff -u /home/lilingfeng/tmp/juicefs-c03-r2-20260817-183244/meta/R-replay-expected-paths.txt /home/lilingfeng/tmp/juicefs-c03-r2-20260817-183244/meta/R-replay-changed-paths.txt
+C03R2 run-c03-r2.sh:586: printf '%s\n' 0
+C03R2 run-c03-r2.sh:590: git -C /home/lilingfeng/project/juicefs rev-parse HEAD
+C03R2 run-c03-r2.sh:591: git -C /home/lilingfeng/project/juicefs status --porcelain=v2 --untracked-files=all
+C03R2 run-c03-r2.sh:592: git -C /home/lilingfeng/project/juicefs remote -v
+C03R2 run-c03-r2.sh:595: printf 'path\ttype\tmode\tuid\tgid\tsize\tmtime_ns\tlink_target\n'
+C03R2 run-c03-r2.sh:596: IFS=
+C03R2 run-c03-r2.sh:596: read -r p
+C03R2 run-c03-r2.sh:597: '[' -e /home/lilingfeng/project/juicefs ']'
+C03R2 run-c03-r2.sh:598: '[' -d /home/lilingfeng/project/juicefs ']'
+C03R2 run-c03-r2.sh:599: set +o pipefail
+C03R2 run-c03-r2.sh:599: find /home/lilingfeng/project/juicefs -maxdepth 3 -not -path '*/juicefs-c03-r2-*' -not -path '*/juicefs-c03-r2-verify-*' -not -path '*/.git/*' -not -name .git -printf '%p\tdir\t%m\t%u\t%g\t%s\t%T@\t%l\n'
+C03R2 run-c03-r2.sh:599: head -5000
+C03R2 run-c03-r2.sh:599: set -o pipefail
+C03R2 run-c03-r2.sh:596: IFS=
+C03R2 run-c03-r2.sh:596: read -r p
+C03R2 run-c03-r2.sh:597: '[' -e /home/lilingfeng/tmp/juicefs-c03-input-20260817-082552 ']'
+C03R2 run-c03-r2.sh:598: '[' -d /home/lilingfeng/tmp/juicefs-c03-input-20260817-082552 ']'
+C03R2 run-c03-r2.sh:599: set +o pipefail
+C03R2 run-c03-r2.sh:599: find /home/lilingfeng/tmp/juicefs-c03-input-20260817-082552 -maxdepth 3 -not -path '*/juicefs-c03-r2-*' -not -path '*/juicefs-c03-r2-verify-*' -not -path '*/.git/*' -not -name .git -printf '%p\tdir\t%m\t%u\t%g\t%s\t%T@\t%l\n'
+C03R2 run-c03-r2.sh:599: head -5000
+C03R2 run-c03-r2.sh:599: set -o pipefail
+C03R2 run-c03-r2.sh:596: IFS=
+C03R2 run-c03-r2.sh:596: read -r p
+C03R2 run-c03-r2.sh:597: '[' -e /home/lilingfeng/tmp/juicefs-c03-20260817-082905 ']'
+C03R2 run-c03-r2.sh:598: '[' -d /home/lilingfeng/tmp/juicefs-c03-20260817-082905 ']'
+C03R2 run-c03-r2.sh:599: set +o pipefail
+C03R2 run-c03-r2.sh:599: find /home/lilingfeng/tmp/juicefs-c03-20260817-082905 -maxdepth 3 -not -path '*/juicefs-c03-r2-*' -not -path '*/juicefs-c03-r2-verify-*' -not -path '*/.git/*' -not -name .git -printf '%p\tdir\t%m\t%u\t%g\t%s\t%T@\t%l\n'
+C03R2 run-c03-r2.sh:599: head -5000
+C03R2 run-c03-r2.sh:599: set -o pipefail
+C03R2 run-c03-r2.sh:596: IFS=
+C03R2 run-c03-r2.sh:596: read -r p
+C03R2 run-c03-r2.sh:597: '[' -e /home/lilingfeng/tmp/juicefs-c03-20260817-084643 ']'
+C03R2 run-c03-r2.sh:598: '[' -d /home/lilingfeng/tmp/juicefs-c03-20260817-084643 ']'
+C03R2 run-c03-r2.sh:599: set +o pipefail
+C03R2 run-c03-r2.sh:599: find /home/lilingfeng/tmp/juicefs-c03-20260817-084643 -maxdepth 3 -not -path '*/juicefs-c03-r2-*' -not -path '*/juicefs-c03-r2-verify-*' -not -path '*/.git/*' -not -name .git -printf '%p\tdir\t%m\t%u\t%g\t%s\t%T@\t%l\n'
+C03R2 run-c03-r2.sh:599: head -5000
+C03R2 run-c03-r2.sh:599: set -o pipefail
+C03R2 run-c03-r2.sh:596: IFS=
+C03R2 run-c03-r2.sh:596: read -r p
+C03R2 run-c03-r2.sh:597: '[' -e /home/lilingfeng/tmp/juicefs-c03-20260817-100609 ']'
+C03R2 run-c03-r2.sh:598: '[' -d /home/lilingfeng/tmp/juicefs-c03-20260817-100609 ']'
+C03R2 run-c03-r2.sh:599: set +o pipefail
+C03R2 run-c03-r2.sh:599: head -5000
+C03R2 run-c03-r2.sh:599: find /home/lilingfeng/tmp/juicefs-c03-20260817-100609 -maxdepth 3 -not -path '*/juicefs-c03-r2-*' -not -path '*/juicefs-c03-r2-verify-*' -not -path '*/.git/*' -not -name .git -printf '%p\tdir\t%m\t%u\t%g\t%s\t%T@\t%l\n'
+C03R2 run-c03-r2.sh:599: set -o pipefail
+C03R2 run-c03-r2.sh:596: IFS=
+C03R2 run-c03-r2.sh:596: read -r p
+C03R2 run-c03-r2.sh:597: '[' -e /home/lilingfeng/tmp/juicefs-c03-20260817-100609-artifacts.tar.gz ']'
+C03R2 run-c03-r2.sh:598: '[' -d /home/lilingfeng/tmp/juicefs-c03-20260817-100609-artifacts.tar.gz ']'
+C03R2 run-c03-r2.sh:600: '[' -f /home/lilingfeng/tmp/juicefs-c03-20260817-100609-artifacts.tar.gz ']'
+C03R2 run-c03-r2.sh:601: stat '--printf=%n\tfile\t%a\t%u\t%g\t%s\t%Y\t\n' /home/lilingfeng/tmp/juicefs-c03-20260817-100609-artifacts.tar.gz
+C03R2 run-c03-r2.sh:596: IFS=
+C03R2 run-c03-r2.sh:596: read -r p
+C03R2 run-c03-r2.sh:597: '[' -e /home/lilingfeng/tmp/juicefs-c03-20260817-100609-artifacts.tar.gz.sha256 ']'
+C03R2 run-c03-r2.sh:598: '[' -d /home/lilingfeng/tmp/juicefs-c03-20260817-100609-artifacts.tar.gz.sha256 ']'
+C03R2 run-c03-r2.sh:600: '[' -f /home/lilingfeng/tmp/juicefs-c03-20260817-100609-artifacts.tar.gz.sha256 ']'
+C03R2 run-c03-r2.sh:601: stat '--printf=%n\tfile\t%a\t%u\t%g\t%s\t%Y\t\n' /home/lilingfeng/tmp/juicefs-c03-20260817-100609-artifacts.tar.gz.sha256
+C03R2 run-c03-r2.sh:596: IFS=
+C03R2 run-c03-r2.sh:596: read -r p
+C03R2 run-c03-r2.sh:597: '[' -e /home/lilingfeng/tmp/juicefs-c03-r1-input-20260817-111907 ']'
+C03R2 run-c03-r2.sh:598: '[' -d /home/lilingfeng/tmp/juicefs-c03-r1-input-20260817-111907 ']'
+C03R2 run-c03-r2.sh:599: set +o pipefail
+C03R2 run-c03-r2.sh:599: find /home/lilingfeng/tmp/juicefs-c03-r1-input-20260817-111907 -maxdepth 3 -not -path '*/juicefs-c03-r2-*' -not -path '*/juicefs-c03-r2-verify-*' -not -path '*/.git/*' -not -name .git -printf '%p\tdir\t%m\t%u\t%g\t%s\t%T@\t%l\n'
+C03R2 run-c03-r2.sh:599: head -5000
+C03R2 run-c03-r2.sh:599: set -o pipefail
+C03R2 run-c03-r2.sh:596: IFS=
+C03R2 run-c03-r2.sh:596: read -r p
+C03R2 run-c03-r2.sh:597: '[' -e /home/lilingfeng/tmp/juicefs-c03-r1-20260817-112439 ']'
+C03R2 run-c03-r2.sh:598: '[' -d /home/lilingfeng/tmp/juicefs-c03-r1-20260817-112439 ']'
+C03R2 run-c03-r2.sh:599: set +o pipefail
+C03R2 run-c03-r2.sh:599: find /home/lilingfeng/tmp/juicefs-c03-r1-20260817-112439 -maxdepth 3 -not -path '*/juicefs-c03-r2-*' -not -path '*/juicefs-c03-r2-verify-*' -not -path '*/.git/*' -not -name .git -printf '%p\tdir\t%m\t%u\t%g\t%s\t%T@\t%l\n'
+C03R2 run-c03-r2.sh:599: head -5000
+C03R2 run-c03-r2.sh:599: set -o pipefail
+C03R2 run-c03-r2.sh:596: IFS=
+C03R2 run-c03-r2.sh:596: read -r p
+C03R2 run-c03-r2.sh:597: '[' -e /home/lilingfeng/tmp/juicefs-c03-r1-20260817-131615 ']'
+C03R2 run-c03-r2.sh:598: '[' -d /home/lilingfeng/tmp/juicefs-c03-r1-20260817-131615 ']'
+C03R2 run-c03-r2.sh:599: set +o pipefail
+C03R2 run-c03-r2.sh:599: head -5000
+C03R2 run-c03-r2.sh:599: find /home/lilingfeng/tmp/juicefs-c03-r1-20260817-131615 -maxdepth 3 -not -path '*/juicefs-c03-r2-*' -not -path '*/juicefs-c03-r2-verify-*' -not -path '*/.git/*' -not -name .git -printf '%p\tdir\t%m\t%u\t%g\t%s\t%T@\t%l\n'
+C03R2 run-c03-r2.sh:599: set -o pipefail
+C03R2 run-c03-r2.sh:596: IFS=
+C03R2 run-c03-r2.sh:596: read -r p
+C03R2 run-c03-r2.sh:597: '[' -e /home/lilingfeng/tmp/juicefs-c03-r1-input-20260817-131459 ']'
+C03R2 run-c03-r2.sh:598: '[' -d /home/lilingfeng/tmp/juicefs-c03-r1-input-20260817-131459 ']'
+C03R2 run-c03-r2.sh:599: set +o pipefail
+C03R2 run-c03-r2.sh:599: head -5000
+C03R2 run-c03-r2.sh:599: find /home/lilingfeng/tmp/juicefs-c03-r1-input-20260817-131459 -maxdepth 3 -not -path '*/juicefs-c03-r2-*' -not -path '*/juicefs-c03-r2-verify-*' -not -path '*/.git/*' -not -name .git -printf '%p\tdir\t%m\t%u\t%g\t%s\t%T@\t%l\n'
+C03R2 run-c03-r2.sh:599: set -o pipefail
+C03R2 run-c03-r2.sh:596: IFS=
+C03R2 run-c03-r2.sh:596: read -r p
+C03R2 run-c03-r2.sh:597: '[' -e /home/lilingfeng/tmp/juicefs-c03-r1-20260817-140452 ']'
+C03R2 run-c03-r2.sh:598: '[' -d /home/lilingfeng/tmp/juicefs-c03-r1-20260817-140452 ']'
+C03R2 run-c03-r2.sh:599: set +o pipefail
+C03R2 run-c03-r2.sh:599: find /home/lilingfeng/tmp/juicefs-c03-r1-20260817-140452 -maxdepth 3 -not -path '*/juicefs-c03-r2-*' -not -path '*/juicefs-c03-r2-verify-*' -not -path '*/.git/*' -not -name .git -printf '%p\tdir\t%m\t%u\t%g\t%s\t%T@\t%l\n'
+C03R2 run-c03-r2.sh:599: head -5000
+C03R2 run-c03-r2.sh:599: set -o pipefail
+C03R2 run-c03-r2.sh:596: IFS=
+C03R2 run-c03-r2.sh:596: read -r p
+C03R2 run-c03-r2.sh:597: '[' -e /home/lilingfeng/tmp/juicefs-c03-r1-input-20260817-140321 ']'
+C03R2 run-c03-r2.sh:598: '[' -d /home/lilingfeng/tmp/juicefs-c03-r1-input-20260817-140321 ']'
+C03R2 run-c03-r2.sh:599: set +o pipefail
+C03R2 run-c03-r2.sh:599: find /home/lilingfeng/tmp/juicefs-c03-r1-input-20260817-140321 -maxdepth 3 -not -path '*/juicefs-c03-r2-*' -not -path '*/juicefs-c03-r2-verify-*' -not -path '*/.git/*' -not -name .git -printf '%p\tdir\t%m\t%u\t%g\t%s\t%T@\t%l\n'
+C03R2 run-c03-r2.sh:599: head -5000
+C03R2 run-c03-r2.sh:599: set -o pipefail
+C03R2 run-c03-r2.sh:596: IFS=
+C03R2 run-c03-r2.sh:596: read -r p
+C03R2 run-c03-r2.sh:597: '[' -e /home/lilingfeng/tmp/juicefs-c03-r1-20260817-112439-partial-artifacts.tar.gz ']'
+C03R2 run-c03-r2.sh:598: '[' -d /home/lilingfeng/tmp/juicefs-c03-r1-20260817-112439-partial-artifacts.tar.gz ']'
+C03R2 run-c03-r2.sh:600: '[' -f /home/lilingfeng/tmp/juicefs-c03-r1-20260817-112439-partial-artifacts.tar.gz ']'
+C03R2 run-c03-r2.sh:601: stat '--printf=%n\tfile\t%a\t%u\t%g\t%s\t%Y\t\n' /home/lilingfeng/tmp/juicefs-c03-r1-20260817-112439-partial-artifacts.tar.gz
+C03R2 run-c03-r2.sh:596: IFS=
+C03R2 run-c03-r2.sh:596: read -r p
+C03R2 run-c03-r2.sh:597: '[' -e /home/lilingfeng/tmp/juicefs-c03-r1-20260817-131615-artifacts.tar.gz ']'
+C03R2 run-c03-r2.sh:598: '[' -d /home/lilingfeng/tmp/juicefs-c03-r1-20260817-131615-artifacts.tar.gz ']'
+C03R2 run-c03-r2.sh:600: '[' -f /home/lilingfeng/tmp/juicefs-c03-r1-20260817-131615-artifacts.tar.gz ']'
+C03R2 run-c03-r2.sh:601: stat '--printf=%n\tfile\t%a\t%u\t%g\t%s\t%Y\t\n' /home/lilingfeng/tmp/juicefs-c03-r1-20260817-131615-artifacts.tar.gz
+C03R2 run-c03-r2.sh:596: IFS=
+C03R2 run-c03-r2.sh:596: read -r p
+C03R2 run-c03-r2.sh:597: '[' -e /home/lilingfeng/tmp/juicefs-c03-r1-20260817-131615-artifacts.tar.gz.sha256 ']'
+C03R2 run-c03-r2.sh:598: '[' -d /home/lilingfeng/tmp/juicefs-c03-r1-20260817-131615-artifacts.tar.gz.sha256 ']'
+C03R2 run-c03-r2.sh:600: '[' -f /home/lilingfeng/tmp/juicefs-c03-r1-20260817-131615-artifacts.tar.gz.sha256 ']'
+C03R2 run-c03-r2.sh:601: stat '--printf=%n\tfile\t%a\t%u\t%g\t%s\t%Y\t\n' /home/lilingfeng/tmp/juicefs-c03-r1-20260817-131615-artifacts.tar.gz.sha256
+C03R2 run-c03-r2.sh:596: IFS=
+C03R2 run-c03-r2.sh:596: read -r p
+C03R2 run-c03-r2.sh:597: '[' -e /home/lilingfeng/tmp/juicefs-c03-r1-20260817-131615-artifacts.tar.gz.integrity.tsv ']'
+C03R2 run-c03-r2.sh:598: '[' -d /home/lilingfeng/tmp/juicefs-c03-r1-20260817-131615-artifacts.tar.gz.integrity.tsv ']'
+C03R2 run-c03-r2.sh:600: '[' -f /home/lilingfeng/tmp/juicefs-c03-r1-20260817-131615-artifacts.tar.gz.integrity.tsv ']'
+C03R2 run-c03-r2.sh:601: stat '--printf=%n\tfile\t%a\t%u\t%g\t%s\t%Y\t\n' /home/lilingfeng/tmp/juicefs-c03-r1-20260817-131615-artifacts.tar.gz.integrity.tsv
+C03R2 run-c03-r2.sh:596: IFS=
+C03R2 run-c03-r2.sh:596: read -r p
+C03R2 run-c03-r2.sh:597: '[' -e /home/lilingfeng/tmp/juicefs-c03-r1-20260817-131615-artifacts.tar.gz.final-status.txt ']'
+C03R2 run-c03-r2.sh:598: '[' -d /home/lilingfeng/tmp/juicefs-c03-r1-20260817-131615-artifacts.tar.gz.final-status.txt ']'
+C03R2 run-c03-r2.sh:600: '[' -f /home/lilingfeng/tmp/juicefs-c03-r1-20260817-131615-artifacts.tar.gz.final-status.txt ']'
+C03R2 run-c03-r2.sh:601: stat '--printf=%n\tfile\t%a\t%u\t%g\t%s\t%Y\t\n' /home/lilingfeng/tmp/juicefs-c03-r1-20260817-131615-artifacts.tar.gz.final-status.txt
+C03R2 run-c03-r2.sh:596: IFS=
+C03R2 run-c03-r2.sh:596: read -r p
+C03R2 run-c03-r2.sh:597: '[' -e /home/lilingfeng/tmp/juicefs-c03-r1-20260817-140452-artifacts.tar.gz ']'
+C03R2 run-c03-r2.sh:598: '[' -d /home/lilingfeng/tmp/juicefs-c03-r1-20260817-140452-artifacts.tar.gz ']'
+C03R2 run-c03-r2.sh:600: '[' -f /home/lilingfeng/tmp/juicefs-c03-r1-20260817-140452-artifacts.tar.gz ']'
+C03R2 run-c03-r2.sh:601: stat '--printf=%n\tfile\t%a\t%u\t%g\t%s\t%Y\t\n' /home/lilingfeng/tmp/juicefs-c03-r1-20260817-140452-artifacts.tar.gz
+C03R2 run-c03-r2.sh:596: IFS=
+C03R2 run-c03-r2.sh:596: read -r p
+C03R2 run-c03-r2.sh:597: '[' -e /home/lilingfeng/tmp/juicefs-c03-r1-20260817-140452-artifacts.tar.gz.sha256 ']'
+C03R2 run-c03-r2.sh:598: '[' -d /home/lilingfeng/tmp/juicefs-c03-r1-20260817-140452-artifacts.tar.gz.sha256 ']'
+C03R2 run-c03-r2.sh:600: '[' -f /home/lilingfeng/tmp/juicefs-c03-r1-20260817-140452-artifacts.tar.gz.sha256 ']'
+C03R2 run-c03-r2.sh:601: stat '--printf=%n\tfile\t%a\t%u\t%g\t%s\t%Y\t\n' /home/lilingfeng/tmp/juicefs-c03-r1-20260817-140452-artifacts.tar.gz.sha256
+C03R2 run-c03-r2.sh:596: IFS=
+C03R2 run-c03-r2.sh:596: read -r p
+C03R2 run-c03-r2.sh:597: '[' -e /home/lilingfeng/tmp/juicefs-c03-r1-20260817-140452-artifacts.tar.gz.integrity.tsv ']'
+C03R2 run-c03-r2.sh:598: '[' -d /home/lilingfeng/tmp/juicefs-c03-r1-20260817-140452-artifacts.tar.gz.integrity.tsv ']'
+C03R2 run-c03-r2.sh:600: '[' -f /home/lilingfeng/tmp/juicefs-c03-r1-20260817-140452-artifacts.tar.gz.integrity.tsv ']'
+C03R2 run-c03-r2.sh:601: stat '--printf=%n\tfile\t%a\t%u\t%g\t%s\t%Y\t\n' /home/lilingfeng/tmp/juicefs-c03-r1-20260817-140452-artifacts.tar.gz.integrity.tsv
+C03R2 run-c03-r2.sh:596: IFS=
+C03R2 run-c03-r2.sh:596: read -r p
+C03R2 run-c03-r2.sh:597: '[' -e /home/lilingfeng/tmp/juicefs-c03-r1-20260817-140452-artifacts.tar.gz.final-status.txt ']'
+C03R2 run-c03-r2.sh:598: '[' -d /home/lilingfeng/tmp/juicefs-c03-r1-20260817-140452-artifacts.tar.gz.final-status.txt ']'
+C03R2 run-c03-r2.sh:600: '[' -f /home/lilingfeng/tmp/juicefs-c03-r1-20260817-140452-artifacts.tar.gz.final-status.txt ']'
+C03R2 run-c03-r2.sh:601: stat '--printf=%n\tfile\t%a\t%u\t%g\t%s\t%Y\t\n' /home/lilingfeng/tmp/juicefs-c03-r1-20260817-140452-artifacts.tar.gz.final-status.txt
+C03R2 run-c03-r2.sh:596: IFS=
+C03R2 run-c03-r2.sh:596: read -r p
+C03R2 run-c03-r2.sh:597: '[' -e /home/lilingfeng/demo/production/prod-deploy/debug/juicefs-03-8-flush-race-community/tasks/C02-main-flush-dispatch-semantics-fault-injection.md ']'
+C03R2 run-c03-r2.sh:598: '[' -d /home/lilingfeng/demo/production/prod-deploy/debug/juicefs-03-8-flush-race-community/tasks/C02-main-flush-dispatch-semantics-fault-injection.md ']'
+C03R2 run-c03-r2.sh:600: '[' -f /home/lilingfeng/demo/production/prod-deploy/debug/juicefs-03-8-flush-race-community/tasks/C02-main-flush-dispatch-semantics-fault-injection.md ']'
+C03R2 run-c03-r2.sh:601: stat '--printf=%n\tfile\t%a\t%u\t%g\t%s\t%Y\t\n' /home/lilingfeng/demo/production/prod-deploy/debug/juicefs-03-8-flush-race-community/tasks/C02-main-flush-dispatch-semantics-fault-injection.md
+C03R2 run-c03-r2.sh:596: IFS=
+C03R2 run-c03-r2.sh:596: read -r p
+C03R2 run-c03-r2.sh:597: '[' -e /home/lilingfeng/demo/production/prod-deploy/debug/juicefs-03-8-flush-race-community/tasks/C03-upstream-main-community-ci-readiness.md ']'
+C03R2 run-c03-r2.sh:598: '[' -d /home/lilingfeng/demo/production/prod-deploy/debug/juicefs-03-8-flush-race-community/tasks/C03-upstream-main-community-ci-readiness.md ']'
+C03R2 run-c03-r2.sh:600: '[' -f /home/lilingfeng/demo/production/prod-deploy/debug/juicefs-03-8-flush-race-community/tasks/C03-upstream-main-community-ci-readiness.md ']'
+C03R2 run-c03-r2.sh:601: stat '--printf=%n\tfile\t%a\t%u\t%g\t%s\t%Y\t\n' /home/lilingfeng/demo/production/prod-deploy/debug/juicefs-03-8-flush-race-community/tasks/C03-upstream-main-community-ci-readiness.md
+C03R2 run-c03-r2.sh:596: IFS=
+C03R2 run-c03-r2.sh:596: read -r p
+C03R2 run-c03-r2.sh:597: '[' -e /home/lilingfeng/demo/production/prod-deploy/debug/juicefs-03-8-flush-race-community/tasks/C03-R1-upstream-main-community-ci-clean-rerun.md ']'
+C03R2 run-c03-r2.sh:598: '[' -d /home/lilingfeng/demo/production/prod-deploy/debug/juicefs-03-8-flush-race-community/tasks/C03-R1-upstream-main-community-ci-clean-rerun.md ']'
+C03R2 run-c03-r2.sh:600: '[' -f /home/lilingfeng/demo/production/prod-deploy/debug/juicefs-03-8-flush-race-community/tasks/C03-R1-upstream-main-community-ci-clean-rerun.md ']'
+C03R2 run-c03-r2.sh:601: stat '--printf=%n\tfile\t%a\t%u\t%g\t%s\t%Y\t\n' /home/lilingfeng/demo/production/prod-deploy/debug/juicefs-03-8-flush-race-community/tasks/C03-R1-upstream-main-community-ci-clean-rerun.md
+C03R2 run-c03-r2.sh:596: IFS=
+C03R2 run-c03-r2.sh:596: read -r p
+C03R2 run-c03-r2.sh:597: '[' -e /home/lilingfeng/demo/production/prod-deploy/debug/juicefs-03-8-flush-race-community/report/C02-execution-20260817-015425.md ']'
+C03R2 run-c03-r2.sh:598: '[' -d /home/lilingfeng/demo/production/prod-deploy/debug/juicefs-03-8-flush-race-community/report/C02-execution-20260817-015425.md ']'
+C03R2 run-c03-r2.sh:600: '[' -f /home/lilingfeng/demo/production/prod-deploy/debug/juicefs-03-8-flush-race-community/report/C02-execution-20260817-015425.md ']'
+C03R2 run-c03-r2.sh:601: stat '--printf=%n\tfile\t%a\t%u\t%g\t%s\t%Y\t\n' /home/lilingfeng/demo/production/prod-deploy/debug/juicefs-03-8-flush-race-community/report/C02-execution-20260817-015425.md
+C03R2 run-c03-r2.sh:596: IFS=
+C03R2 run-c03-r2.sh:596: read -r p
+C03R2 run-c03-r2.sh:597: '[' -e /home/lilingfeng/demo/production/prod-deploy/debug/juicefs-03-8-flush-race-community/report/C03-execution-20260817-100609.md ']'
+C03R2 run-c03-r2.sh:598: '[' -d /home/lilingfeng/demo/production/prod-deploy/debug/juicefs-03-8-flush-race-community/report/C03-execution-20260817-100609.md ']'
+C03R2 run-c03-r2.sh:600: '[' -f /home/lilingfeng/demo/production/prod-deploy/debug/juicefs-03-8-flush-race-community/report/C03-execution-20260817-100609.md ']'
+C03R2 run-c03-r2.sh:601: stat '--printf=%n\tfile\t%a\t%u\t%g\t%s\t%Y\t\n' /home/lilingfeng/demo/production/prod-deploy/debug/juicefs-03-8-flush-race-community/report/C03-execution-20260817-100609.md
+C03R2 run-c03-r2.sh:596: IFS=
+C03R2 run-c03-r2.sh:596: read -r p
+C03R2 run-c03-r2.sh:597: '[' -e /home/lilingfeng/demo/production/prod-deploy/debug/juicefs-03-8-flush-race-community/report/C03-R1-execution-20260817-140452.md ']'
+C03R2 run-c03-r2.sh:598: '[' -d /home/lilingfeng/demo/production/prod-deploy/debug/juicefs-03-8-flush-race-community/report/C03-R1-execution-20260817-140452.md ']'
+C03R2 run-c03-r2.sh:600: '[' -f /home/lilingfeng/demo/production/prod-deploy/debug/juicefs-03-8-flush-race-community/report/C03-R1-execution-20260817-140452.md ']'
+C03R2 run-c03-r2.sh:601: stat '--printf=%n\tfile\t%a\t%u\t%g\t%s\t%Y\t\n' /home/lilingfeng/demo/production/prod-deploy/debug/juicefs-03-8-flush-race-community/report/C03-R1-execution-20260817-140452.md
+C03R2 run-c03-r2.sh:596: IFS=
+C03R2 run-c03-r2.sh:596: read -r p
+C03R2 run-c03-r2.sh:604: sha256sum /home/lilingfeng/tmp/juicefs-c03-r2-20260817-183244/meta/protected-after.tsv
+C03R2 run-c03-r2.sh:607: cd /home/lilingfeng/tmp/juicefs-c03-r2-input-20260817-182702
+C03R2 run-c03-r2.sh:607: sha256sum -c input.sha256
+C03R2 run-c03-r2.sh:608: END_INPUT_RC=0
+C03R2 run-c03-r2.sh:609: printf '%s\n' 0
++C03R2 run-c03-r2.sh:610: sha256sum /home/lilingfeng/tmp/juicefs-c03-r2-input-20260817-182702/input.sha256 /home/lilingfeng/tmp/juicefs-c03-r2-input-20260817-182702/input.stat.tsv
++C03R2 run-c03-r2.sh:610: sha256sum
++C03R2 run-c03-r2.sh:610: cut '-d ' -f1
+C03R2 run-c03-r2.sh:610: INPUT_SHA_END=060f147d28c6f46a819ba44688d3e69942fb47646f4a7f6d414e98ed08373902
+C03R2 run-c03-r2.sh:612: SOURCE_GUARDS=YES
+C03R2 run-c03-r2.sh:613: for ARM in S-oracle B-candidate Q-semantic R-replay
++C03R2 run-c03-r2.sh:614: cat /home/lilingfeng/tmp/juicefs-c03-r2-20260817-183244/rc/S-oracle-diffcheck.rc
+C03R2 run-c03-r2.sh:614: '[' 0 = 0 ']'
++C03R2 run-c03-r2.sh:615: cat /home/lilingfeng/tmp/juicefs-c03-r2-20260817-183244/rc/S-oracle-path-guard.rc
+C03R2 run-c03-r2.sh:615: '[' 0 = 0 ']'
+C03R2 run-c03-r2.sh:613: for ARM in S-oracle B-candidate Q-semantic R-replay
++C03R2 run-c03-r2.sh:614: cat /home/lilingfeng/tmp/juicefs-c03-r2-20260817-183244/rc/B-candidate-diffcheck.rc
+C03R2 run-c03-r2.sh:614: '[' 0 = 0 ']'
++C03R2 run-c03-r2.sh:615: cat /home/lilingfeng/tmp/juicefs-c03-r2-20260817-183244/rc/B-candidate-path-guard.rc
+C03R2 run-c03-r2.sh:615: '[' 0 = 0 ']'
+C03R2 run-c03-r2.sh:613: for ARM in S-oracle B-candidate Q-semantic R-replay
++C03R2 run-c03-r2.sh:614: cat /home/lilingfeng/tmp/juicefs-c03-r2-20260817-183244/rc/Q-semantic-diffcheck.rc
+C03R2 run-c03-r2.sh:614: '[' 0 = 0 ']'
++C03R2 run-c03-r2.sh:615: cat /home/lilingfeng/tmp/juicefs-c03-r2-20260817-183244/rc/Q-semantic-path-guard.rc
+C03R2 run-c03-r2.sh:615: '[' 0 = 0 ']'
+C03R2 run-c03-r2.sh:613: for ARM in S-oracle B-candidate Q-semantic R-replay
++C03R2 run-c03-r2.sh:614: cat /home/lilingfeng/tmp/juicefs-c03-r2-20260817-183244/rc/R-replay-diffcheck.rc
+C03R2 run-c03-r2.sh:614: '[' 0 = 0 ']'
++C03R2 run-c03-r2.sh:615: cat /home/lilingfeng/tmp/juicefs-c03-r2-20260817-183244/rc/R-replay-path-guard.rc
+C03R2 run-c03-r2.sh:615: '[' 0 = 0 ']'
+C03R2 run-c03-r2.sh:617: CMP_PROTECTED_RC=0
+C03R2 run-c03-r2.sh:617: cmp /home/lilingfeng/tmp/juicefs-c03-r2-20260817-183244/meta/protected-before.tsv /home/lilingfeng/tmp/juicefs-c03-r2-20260817-183244/meta/protected-after.tsv
+C03R2 run-c03-r2.sh:618: '[' 0 -eq 0 ']'
+C03R2 run-c03-r2.sh:619: diff /home/lilingfeng/tmp/juicefs-c03-r2-20260817-183244/meta/source-head-before.txt /home/lilingfeng/tmp/juicefs-c03-r2-20260817-183244/meta/source-head-after.txt
+C03R2 run-c03-r2.sh:620: '[' 0 -eq 0 ']'
+C03R2 run-c03-r2.sh:621: '[' 060f147d28c6f46a819ba44688d3e69942fb47646f4a7f6d414e98ed08373902 = 060f147d28c6f46a819ba44688d3e69942fb47646f4a7f6d414e98ed08373902 ']'
+C03R2 run-c03-r2.sh:622: resolve_gate source_asset_guards YES 'rc/*-diffcheck,logs/protected-cmp.log'
+C03R2 run-c03-r2.sh:40: local name=source_asset_guards status=YES 'evidence=rc/*-diffcheck,logs/protected-cmp.log'
+C03R2 run-c03-r2.sh:41: '[' 0 -ge 1 ']'
+C03R2 run-c03-r2.sh:45: GATE_STATUS[$name]=YES
+C03R2 run-c03-r2.sh:46: GATE_EVIDENCE[$name]='rc/*-diffcheck,logs/protected-cmp.log'
+C03R2 run-c03-r2.sh:47: GATE_RESOLVED[$name]=1
+C03R2 run-c03-r2.sh:623: '[' 0 -eq 0 ']'
+C03R2 run-c03-r2.sh:623: '[' 060f147d28c6f46a819ba44688d3e69942fb47646f4a7f6d414e98ed08373902 = 060f147d28c6f46a819ba44688d3e69942fb47646f4a7f6d414e98ed08373902 ']'
+C03R2 run-c03-r2.sh:623: resolve_gate input_integrity YES 'meta/input-check-{start,end}.log'
+C03R2 run-c03-r2.sh:40: local name=input_integrity status=YES 'evidence=meta/input-check-{start,end}.log'
+C03R2 run-c03-r2.sh:41: '[' 0 -ge 1 ']'
+C03R2 run-c03-r2.sh:45: GATE_STATUS[$name]=YES
+C03R2 run-c03-r2.sh:46: GATE_EVIDENCE[$name]='meta/input-check-{start,end}.log'
+C03R2 run-c03-r2.sh:47: GATE_RESOLVED[$name]=1
+C03R2 run-c03-r2.sh:626: record_anchor C03R2_ANCHOR:AUDIT
+C03R2 run-c03-r2.sh:54: printf '%s\n' C03R2_ANCHOR:AUDIT
+C03R2 run-c03-r2.sh:54: echo C03R2_ANCHOR:AUDIT
+C03R2 run-c03-r2.sh:629: FORBIDDEN_RC=0
+C03R2 run-c03-r2.sh:629: grep -nf /home/lilingfeng/tmp/juicefs-c03-r2-input-20260817-182702/forbidden-runtime-patterns.txt /home/lilingfeng/tmp/juicefs-c03-r2-20260817-183244/logs/shell-xtrace.log
+C03R2 run-c03-r2.sh:629: FORBIDDEN_RC=1
+C03R2 run-c03-r2.sh:630: grep -v forbidden-runtime-patterns.txt /home/lilingfeng/tmp/juicefs-c03-r2-20260817-183244/logs/forbidden-raw.log
+C03R2 run-c03-r2.sh:630: true
+C03R2 run-c03-r2.sh:631: FORBIDDEN_HIT=NO
+C03R2 run-c03-r2.sh:631: '[' -s /home/lilingfeng/tmp/juicefs-c03-r2-20260817-183244/logs/forbidden-real.log ']'
+C03R2 run-c03-r2.sh:634: ADAPTATIONS_OK=YES
+C03R2 run-c03-r2.sh:635: '[' -s /home/lilingfeng/tmp/juicefs-c03-r2-input-20260817-182702/pre-run-adaptations.md ']'
+C03R2 run-c03-r2.sh:636: '[' -s /home/lilingfeng/tmp/juicefs-c03-r2-20260817-183244/meta/runtime-adaptations.tsv ']'
+C03R2 run-c03-r2.sh:639: record_anchor C03R2_ANCHOR:PACKAGE
+C03R2 run-c03-r2.sh:54: printf '%s\n' C03R2_ANCHOR:PACKAGE
+C03R2 run-c03-r2.sh:54: echo C03R2_ANCHOR:PACKAGE
+C03R2 run-c03-r2.sh:640: set +x
