Linux 5.15.0-181-generic (ceph-node1) 	07/06/2026 	_x86_64_	(64 CPU)

avg-cpu:  %user   %nice %system %iowait  %steal   %idle
           0.31    0.00    0.23    0.29    0.00   99.17

Device            r/s     rkB/s   rrqm/s  %rrqm r_await rareq-sz     w/s     wkB/s   wrqm/s  %wrqm w_await wareq-sz     d/s     dkB/s   drqm/s  %drqm d_await dareq-sz     f/s f_await  aqu-sz  %util
dm-0            14.62    859.38     0.00   0.00   12.94    58.79  350.96   4625.66     0.00   0.00    9.65    13.18    0.00      0.00     0.00   0.00    0.00     0.00    0.00    0.00    3.57  24.92
dm-1            14.36    842.61     0.00   0.00   11.96    58.66  348.00   4557.58     0.00   0.00    9.35    13.10    0.00      0.00     0.00   0.00    0.00     0.00    0.00    0.00    3.43  24.83
dm-2             0.94     24.50     0.00   0.00    0.44    25.93   48.84    574.70     0.00   0.00    1.10    11.77    0.00      0.00     0.00   0.00    0.00     0.00    0.00    0.00    0.05   1.93
loop0            0.00      0.28     0.00   0.00    0.20   125.09    0.00      0.00     0.00   0.00    0.00     0.00    0.00      0.00     0.00   0.00    0.00     0.00    0.00    0.00    0.00   0.00
loop1            0.00      0.28     0.00   0.00    0.17   116.58    0.00      0.00     0.00   0.00    0.00     0.00    0.00      0.00     0.00   0.00    0.00     0.00    0.00    0.00    0.00   0.00
loop2            0.00      0.28     0.00   0.00    0.21   124.87    0.00      0.00     0.00   0.00    0.00     0.00    0.00      0.00     0.00   0.00    0.00     0.00    0.00    0.00    0.00   0.00
loop3            0.00      0.28     0.00   0.00    0.21   124.06    0.00      0.00     0.00   0.00    0.00     0.00    0.00      0.00     0.00   0.00    0.00     0.00    0.00    0.00    0.00   0.00
loop4            0.00      0.28     0.00   0.00    0.19   125.19    0.00      0.00     0.00   0.00    0.00     0.00    0.00      0.00     0.00   0.00    0.00     0.00    0.00    0.00    0.00   0.00
loop5            0.00      0.32     0.00   0.00    0.22    98.81    0.00      0.00     0.00   0.00    0.00     0.00    0.00      0.00     0.00   0.00    0.00     0.00    0.00    0.00    0.00   0.00
loop6            0.00      0.00     0.00   0.00    0.00     1.27    0.00      0.00     0.00   0.00    0.00     0.00    0.00      0.00     0.00   0.00    0.00     0.00    0.00    0.00    0.00   0.00
sda              0.55     26.38     0.41  42.91    0.42    47.88   30.41    574.82    19.55  39.12    2.05    18.90    0.00      0.00     0.00   0.00    0.00     0.00    0.00    0.00    0.06   1.93
sdb             26.63   1703.05     2.41   8.31   11.62    63.96  455.03   9183.25   243.93  34.90    5.90    20.18    0.00      0.00     0.00   0.00    0.00     0.00    0.00    0.00    2.99  26.32


avg-cpu:  %user   %nice %system %iowait  %steal   %idle
           1.31    0.00    1.50    0.05    0.00   97.15

Device            r/s     rkB/s   rrqm/s  %rrqm r_await rareq-sz     w/s     wkB/s   wrqm/s  %wrqm w_await wareq-sz     d/s     dkB/s   drqm/s  %drqm d_await dareq-sz     f/s f_await  aqu-sz  %util
dm-0             0.00      0.00     0.00   0.00    0.00     0.00 1964.00  30176.00     0.00   0.00    0.04    15.36    0.00      0.00     0.00   0.00    0.00     0.00    0.00    0.00    0.08  91.20
dm-1             0.00      0.00     0.00   0.00    0.00     0.00 1972.00  30208.00     0.00   0.00    0.04    15.32    0.00      0.00     0.00   0.00    0.00     0.00    0.00    0.00    0.08  92.00
dm-2             4.00     16.00     0.00   0.00    0.00     4.00   63.00    268.00     0.00   0.00    0.38     4.25    0.00      0.00     0.00   0.00    0.00     0.00    0.00    0.00    0.02   2.40
loop0            0.00      0.00     0.00   0.00    0.00     0.00    0.00      0.00     0.00   0.00    0.00     0.00    0.00      0.00     0.00   0.00    0.00     0.00    0.00    0.00    0.00   0.00
loop1            0.00      0.00     0.00   0.00    0.00     0.00    0.00      0.00     0.00   0.00    0.00     0.00    0.00      0.00     0.00   0.00    0.00     0.00    0.00    0.00    0.00   0.00
loop2            0.00      0.00     0.00   0.00    0.00     0.00    0.00      0.00     0.00   0.00    0.00     0.00    0.00      0.00     0.00   0.00    0.00     0.00    0.00    0.00    0.00   0.00
loop3            0.00      0.00     0.00   0.00    0.00     0.00    0.00      0.00     0.00   0.00    0.00     0.00    0.00      0.00     0.00   0.00    0.00     0.00    0.00    0.00    0.00   0.00
loop4            0.00      0.00     0.00   0.00    0.00     0.00    0.00      0.00     0.00   0.00    0.00     0.00    0.00      0.00     0.00   0.00    0.00     0.00    0.00    0.00    0.00   0.00
loop5            0.00      0.00     0.00   0.00    0.00     0.00    0.00      0.00     0.00   0.00    0.00     0.00    0.00      0.00     0.00   0.00    0.00     0.00    0.00    0.00    0.00   0.00
loop6            0.00      0.00     0.00   0.00    0.00     0.00    0.00      0.00     0.00   0.00    0.00     0.00    0.00      0.00     0.00   0.00    0.00     0.00    0.00    0.00    0.00   0.00
sda              4.00     16.00     0.00   0.00    0.00     4.00   18.00    268.00    45.00  71.43    0.22    14.89    0.00      0.00     0.00   0.00    0.00     0.00    0.00    0.00    0.01   2.40
sdb              0.00      0.00     0.00   0.00    0.00     0.00 3452.00  60384.00   484.00  12.30    0.05    17.49    0.00      0.00     0.00   0.00    0.00     0.00    0.00    0.00    0.17  92.40


avg-cpu:  %user   %nice %system %iowait  %steal   %idle
           0.91    0.00    1.10    1.17    0.00   96.82

Device            r/s     rkB/s   rrqm/s  %rrqm r_await rareq-sz     w/s     wkB/s   wrqm/s  %wrqm w_await wareq-sz     d/s     dkB/s   drqm/s  %drqm d_await dareq-sz     f/s f_await  aqu-sz  %util
dm-0             0.00      0.00     0.00   0.00    0.00     0.00 1700.00  25644.00     0.00   0.00    0.05    15.08    0.00      0.00     0.00   0.00    0.00     0.00    0.00    0.00    0.09  72.80
dm-1             3.00     20.00     0.00   0.00  242.67     6.67 1692.00  25732.00     0.00   0.00    0.04    15.21    0.00      0.00     0.00   0.00    0.00     0.00    0.00    0.00    0.80  98.80
dm-2             0.00      0.00     0.00   0.00    0.00     0.00   40.00    160.00     0.00   0.00    0.10     4.00    0.00      0.00     0.00   0.00    0.00     0.00    0.00    0.00    0.00   1.60
loop0            0.00      0.00     0.00   0.00    0.00     0.00    0.00      0.00     0.00   0.00    0.00     0.00    0.00      0.00     0.00   0.00    0.00     0.00    0.00    0.00    0.00   0.00
loop1            0.00      0.00     0.00   0.00    0.00     0.00    0.00      0.00     0.00   0.00    0.00     0.00    0.00      0.00     0.00   0.00    0.00     0.00    0.00    0.00    0.00   0.00
loop2            0.00      0.00     0.00   0.00    0.00     0.00    0.00      0.00     0.00   0.00    0.00     0.00    0.00      0.00     0.00   0.00    0.00     0.00    0.00    0.00    0.00   0.00
loop3            0.00      0.00     0.00   0.00    0.00     0.00    0.00      0.00     0.00   0.00    0.00     0.00    0.00      0.00     0.00   0.00    0.00     0.00    0.00    0.00    0.00   0.00
loop4            0.00      0.00     0.00   0.00    0.00     0.00    0.00      0.00     0.00   0.00    0.00     0.00    0.00      0.00     0.00   0.00    0.00     0.00    0.00    0.00    0.00   0.00
loop5            0.00      0.00     0.00   0.00    0.00     0.00    0.00      0.00     0.00   0.00    0.00     0.00    0.00      0.00     0.00   0.00    0.00     0.00    0.00    0.00    0.00   0.00
loop6            0.00      0.00     0.00   0.00    0.00     0.00    0.00      0.00     0.00   0.00    0.00     0.00    0.00      0.00     0.00   0.00    0.00     0.00    0.00    0.00    0.00   0.00
sda              0.00      0.00     0.00   0.00    0.00     0.00   14.00    160.00    26.00  65.00    0.07    11.43    0.00      0.00     0.00   0.00    0.00     0.00    0.00    0.00    0.00   1.60
sdb              3.00     20.00     0.00   0.00  243.33     6.67 2972.00  51376.00   420.00  12.38    0.05    17.29    0.00      0.00     0.00   0.00    0.00     0.00    0.00    0.00    0.88  99.20


avg-cpu:  %user   %nice %system %iowait  %steal   %idle
           1.07    0.00    1.17    0.54    0.00   97.23

Device            r/s     rkB/s   rrqm/s  %rrqm r_await rareq-sz     w/s     wkB/s   wrqm/s  %wrqm w_await wareq-sz     d/s     dkB/s   drqm/s  %drqm d_await dareq-sz     f/s f_await  aqu-sz  %util
dm-0             0.00      0.00     0.00   0.00    0.00     0.00 1625.00  27080.00     0.00   0.00    1.33    16.66    0.00      0.00     0.00   0.00    0.00     0.00    0.00    0.00    2.16  96.40
dm-1             0.00      0.00     0.00   0.00    0.00     0.00 1616.00  27044.00     0.00   0.00    1.34    16.74    0.00      0.00     0.00   0.00    0.00     0.00    0.00    0.00    2.16  96.80
dm-2             0.00      0.00     0.00   0.00    0.00     0.00  268.00   1344.00     0.00   0.00    1.28     5.01    0.00      0.00     0.00   0.00    0.00     0.00    0.00    0.00    0.34   3.20
loop0            0.00      0.00     0.00   0.00    0.00     0.00    0.00      0.00     0.00   0.00    0.00     0.00    0.00      0.00     0.00   0.00    0.00     0.00    0.00    0.00    0.00   0.00
loop1            0.00      0.00     0.00   0.00    0.00     0.00    0.00      0.00     0.00   0.00    0.00     0.00    0.00      0.00     0.00   0.00    0.00     0.00    0.00    0.00    0.00   0.00
loop2            0.00      0.00     0.00   0.00    0.00     0.00    0.00      0.00     0.00   0.00    0.00     0.00    0.00      0.00     0.00   0.00    0.00     0.00    0.00    0.00    0.00   0.00
loop3            0.00      0.00     0.00   0.00    0.00     0.00    0.00      0.00     0.00   0.00    0.00     0.00    0.00      0.00     0.00   0.00    0.00     0.00    0.00    0.00    0.00   0.00
loop4            0.00      0.00     0.00   0.00    0.00     0.00    0.00      0.00     0.00   0.00    0.00     0.00    0.00      0.00     0.00   0.00    0.00     0.00    0.00    0.00    0.00   0.00
loop5            0.00      0.00     0.00   0.00    0.00     0.00    0.00      0.00     0.00   0.00    0.00     0.00    0.00      0.00     0.00   0.00    0.00     0.00    0.00    0.00    0.00   0.00
loop6            0.00      0.00     0.00   0.00    0.00     0.00    0.00      0.00     0.00   0.00    0.00     0.00    0.00      0.00     0.00   0.00    0.00     0.00    0.00    0.00    0.00   0.00
sda              0.00      0.00     0.00   0.00    0.00     0.00  246.00   1344.00    22.00   8.21    1.61     5.46    0.00      0.00     0.00   0.00    0.00     0.00    0.00    0.00    0.40   3.20
sdb              0.00      0.00     0.00   0.00    0.00     0.00 2787.00  53348.00   440.00  13.63    1.34    19.14    0.00      0.00     0.00   0.00    0.00     0.00    0.00    0.00    3.72  97.60


avg-cpu:  %user   %nice %system %iowait  %steal   %idle
           0.63    0.00    0.42    1.43    0.00   97.52

Device            r/s     rkB/s   rrqm/s  %rrqm r_await rareq-sz     w/s     wkB/s   wrqm/s  %wrqm w_await wareq-sz     d/s     dkB/s   drqm/s  %drqm d_await dareq-sz     f/s f_await  aqu-sz  %util
dm-0             0.00      0.00     0.00   0.00    0.00     0.00  523.00  13492.00     0.00   0.00   10.75    25.80    0.00      0.00     0.00   0.00    0.00     0.00    0.00    0.00    5.62  93.20
dm-1             0.00      0.00     0.00   0.00    0.00     0.00  526.00  13508.00     0.00   0.00   10.56    25.68    0.00      0.00     0.00   0.00    0.00     0.00    0.00    0.00    5.55  94.00
dm-2             0.00      0.00     0.00   0.00    0.00     0.00   68.00    272.00     0.00   0.00    1.06     4.00    0.00      0.00     0.00   0.00    0.00     0.00    0.00    0.00    0.07   2.00
loop0            0.00      0.00     0.00   0.00    0.00     0.00    0.00      0.00     0.00   0.00    0.00     0.00    0.00      0.00     0.00   0.00    0.00     0.00    0.00    0.00    0.00   0.00
loop1            0.00      0.00     0.00   0.00    0.00     0.00    0.00      0.00     0.00   0.00    0.00     0.00    0.00      0.00     0.00   0.00    0.00     0.00    0.00    0.00    0.00   0.00
loop2            0.00      0.00     0.00   0.00    0.00     0.00    0.00      0.00     0.00   0.00    0.00     0.00    0.00      0.00     0.00   0.00    0.00     0.00    0.00    0.00    0.00   0.00
loop3            0.00      0.00     0.00   0.00    0.00     0.00    0.00      0.00     0.00   0.00    0.00     0.00    0.00      0.00     0.00   0.00    0.00     0.00    0.00    0.00    0.00   0.00
loop4            0.00      0.00     0.00   0.00    0.00     0.00    0.00      0.00     0.00   0.00    0.00     0.00    0.00      0.00     0.00   0.00    0.00     0.00    0.00    0.00    0.00   0.00
loop5            0.00      0.00     0.00   0.00    0.00     0.00    0.00      0.00     0.00   0.00    0.00     0.00    0.00      0.00     0.00   0.00    0.00     0.00    0.00    0.00    0.00   0.00
loop6            0.00      0.00     0.00   0.00    0.00     0.00    0.00      0.00     0.00   0.00    0.00     0.00    0.00      0.00     0.00   0.00    0.00     0.00    0.00    0.00    0.00   0.00
sda              0.00      0.00     0.00   0.00    0.00     0.00   41.00    272.00    27.00  39.71    1.63     6.63    0.00      0.00     0.00   0.00    0.00     0.00    0.00    0.00    0.07   2.00
sdb              0.00      0.00     0.00   0.00    0.00     0.00  817.00  27120.00   234.00  22.26   11.90    33.19    0.00      0.00     0.00   0.00    0.00     0.00    0.00    0.00    9.72  94.00


avg-cpu:  %user   %nice %system %iowait  %steal   %idle
           0.58    0.00    0.57    1.43    0.00   97.42

Device            r/s     rkB/s   rrqm/s  %rrqm r_await rareq-sz     w/s     wkB/s   wrqm/s  %wrqm w_await wareq-sz     d/s     dkB/s   drqm/s  %drqm d_await dareq-sz     f/s f_await  aqu-sz  %util
dm-0             0.00      0.00     0.00   0.00    0.00     0.00  598.00  15296.00     0.00   0.00    8.71    25.58    0.00      0.00     0.00   0.00    0.00     0.00    0.00    0.00    5.21  96.40
dm-1             0.00      0.00     0.00   0.00    0.00     0.00  609.00  15336.00     0.00   0.00    8.93    25.18    0.00      0.00     0.00   0.00    0.00     0.00    0.00    0.00    5.44  96.80
dm-2             0.00      0.00     0.00   0.00    0.00     0.00   19.00     92.00     0.00   0.00    0.63     4.84    0.00      0.00     0.00   0.00    0.00     0.00    0.00    0.00    0.01   1.20
loop0            0.00      0.00     0.00   0.00    0.00     0.00    0.00      0.00     0.00   0.00    0.00     0.00    0.00      0.00     0.00   0.00    0.00     0.00    0.00    0.00    0.00   0.00
loop1            0.00      0.00     0.00   0.00    0.00     0.00    0.00      0.00     0.00   0.00    0.00     0.00    0.00      0.00     0.00   0.00    0.00     0.00    0.00    0.00    0.00   0.00
loop2            0.00      0.00     0.00   0.00    0.00     0.00    0.00      0.00     0.00   0.00    0.00     0.00    0.00      0.00     0.00   0.00    0.00     0.00    0.00    0.00    0.00   0.00
loop3            0.00      0.00     0.00   0.00    0.00     0.00    0.00      0.00     0.00   0.00    0.00     0.00    0.00      0.00     0.00   0.00    0.00     0.00    0.00    0.00    0.00   0.00
loop4            0.00      0.00     0.00   0.00    0.00     0.00    0.00      0.00     0.00   0.00    0.00     0.00    0.00      0.00     0.00   0.00    0.00     0.00    0.00    0.00    0.00   0.00
loop5            0.00      0.00     0.00   0.00    0.00     0.00    0.00      0.00     0.00   0.00    0.00     0.00    0.00      0.00     0.00   0.00    0.00     0.00    0.00    0.00    0.00   0.00
loop6            0.00      0.00     0.00   0.00    0.00     0.00    0.00      0.00     0.00   0.00    0.00     0.00    0.00      0.00     0.00   0.00    0.00     0.00    0.00    0.00    0.00   0.00
sda              0.00      0.00     0.00   0.00    0.00     0.00    6.00     92.00    13.00  68.42    1.00    15.33    0.00      0.00     0.00   0.00    0.00     0.00    0.00    0.00    0.01   1.20
sdb              0.00      0.00     0.00   0.00    0.00     0.00  933.00  30300.00   269.00  22.38    9.54    32.48    0.00      0.00     0.00   0.00    0.00     0.00    0.00    0.00    8.90  97.20


avg-cpu:  %user   %nice %system %iowait  %steal   %idle
           0.74    0.00    0.69    1.19    0.00   97.38

Device            r/s     rkB/s   rrqm/s  %rrqm r_await rareq-sz     w/s     wkB/s   wrqm/s  %wrqm w_await wareq-sz     d/s     dkB/s   drqm/s  %drqm d_await dareq-sz     f/s f_await  aqu-sz  %util
dm-0             0.00      0.00     0.00   0.00    0.00     0.00  662.00  15128.00     0.00   0.00    6.88    22.85    0.00      0.00     0.00   0.00    0.00     0.00    0.00    0.00    4.56  93.20
dm-1             0.00      0.00     0.00   0.00    0.00     0.00  658.00  15052.00     0.00   0.00    6.63    22.88    0.00      0.00     0.00   0.00    0.00     0.00    0.00    0.00    4.36  95.20
dm-2             0.00      0.00     0.00   0.00    0.00     0.00   33.00    132.00     0.00   0.00    1.33     4.00    0.00      0.00     0.00   0.00    0.00     0.00    0.00    0.00    0.04   2.00
loop0            0.00      0.00     0.00   0.00    0.00     0.00    0.00      0.00     0.00   0.00    0.00     0.00    0.00      0.00     0.00   0.00    0.00     0.00    0.00    0.00    0.00   0.00
loop1            0.00      0.00     0.00   0.00    0.00     0.00    0.00      0.00     0.00   0.00    0.00     0.00    0.00      0.00     0.00   0.00    0.00     0.00    0.00    0.00    0.00   0.00
loop2            0.00      0.00     0.00   0.00    0.00     0.00    0.00      0.00     0.00   0.00    0.00     0.00    0.00      0.00     0.00   0.00    0.00     0.00    0.00    0.00    0.00   0.00
loop3            0.00      0.00     0.00   0.00    0.00     0.00    0.00      0.00     0.00   0.00    0.00     0.00    0.00      0.00     0.00   0.00    0.00     0.00    0.00    0.00    0.00   0.00
loop4            0.00      0.00     0.00   0.00    0.00     0.00    0.00      0.00     0.00   0.00    0.00     0.00    0.00      0.00     0.00   0.00    0.00     0.00    0.00    0.00    0.00   0.00
loop5            0.00      0.00     0.00   0.00    0.00     0.00    0.00      0.00     0.00   0.00    0.00     0.00    0.00      0.00     0.00   0.00    0.00     0.00    0.00    0.00    0.00   0.00
loop6            0.00      0.00     0.00   0.00    0.00     0.00    0.00      0.00     0.00   0.00    0.00     0.00    0.00      0.00     0.00   0.00    0.00     0.00    0.00    0.00    0.00   0.00
sda              0.00      0.00     0.00   0.00    0.00     0.00   11.00    132.00    22.00  66.67    1.27    12.00    0.00      0.00     0.00   0.00    0.00     0.00    0.00    0.00    0.01   2.00
sdb              0.00      0.00     0.00   0.00    0.00     0.00 1068.00  31096.00   266.00  19.94    7.29    29.12    0.00      0.00     0.00   0.00    0.00     0.00    0.00    0.00    7.79  95.60


avg-cpu:  %user   %nice %system %iowait  %steal   %idle
           0.50    0.00    0.35    0.90    0.00   98.26

Device            r/s     rkB/s   rrqm/s  %rrqm r_await rareq-sz     w/s     wkB/s   wrqm/s  %wrqm w_await wareq-sz     d/s     dkB/s   drqm/s  %drqm d_await dareq-sz     f/s f_await  aqu-sz  %util
dm-0             0.00      0.00     0.00   0.00    0.00     0.00  547.00  11608.00     0.00   0.00    5.54    21.22    0.00      0.00     0.00   0.00    0.00     0.00    0.00    0.00    3.03  73.20
dm-1             0.00      0.00     0.00   0.00    0.00     0.00  561.00  11724.00     0.00   0.00    5.38    20.90    0.00      0.00     0.00   0.00    0.00     0.00    0.00    0.00    3.02  72.80
dm-2             0.00      0.00     0.00   0.00    0.00     0.00   30.00    148.00     0.00   0.00    0.00     4.93    0.00      0.00     0.00   0.00    0.00     0.00    0.00    0.00    0.00   1.20
loop0            0.00      0.00     0.00   0.00    0.00     0.00    0.00      0.00     0.00   0.00    0.00     0.00    0.00      0.00     0.00   0.00    0.00     0.00    0.00    0.00    0.00   0.00
loop1            0.00      0.00     0.00   0.00    0.00     0.00    0.00      0.00     0.00   0.00    0.00     0.00    0.00      0.00     0.00   0.00    0.00     0.00    0.00    0.00    0.00   0.00
loop2            0.00      0.00     0.00   0.00    0.00     0.00    0.00      0.00     0.00   0.00    0.00     0.00    0.00      0.00     0.00   0.00    0.00     0.00    0.00    0.00    0.00   0.00
loop3            0.00      0.00     0.00   0.00    0.00     0.00    0.00      0.00     0.00   0.00    0.00     0.00    0.00      0.00     0.00   0.00    0.00     0.00    0.00    0.00    0.00   0.00
loop4            0.00      0.00     0.00   0.00    0.00     0.00    0.00      0.00     0.00   0.00    0.00     0.00    0.00      0.00     0.00   0.00    0.00     0.00    0.00    0.00    0.00   0.00
loop5            0.00      0.00     0.00   0.00    0.00     0.00    0.00      0.00     0.00   0.00    0.00     0.00    0.00      0.00     0.00   0.00    0.00     0.00    0.00    0.00    0.00   0.00
loop6            0.00      0.00     0.00   0.00    0.00     0.00    0.00      0.00     0.00   0.00    0.00     0.00    0.00      0.00     0.00   0.00    0.00     0.00    0.00    0.00    0.00   0.00
sda              0.00      0.00     0.00   0.00    0.00     0.00   11.00    148.00    19.00  63.33    0.55    13.45    0.00      0.00     0.00   0.00    0.00     0.00    0.00    0.00    0.01   1.20
sdb              0.00      0.00     0.00   0.00    0.00     0.00  911.00  23404.00   200.00  18.00    5.64    25.69    0.00      0.00     0.00   0.00    0.00     0.00    0.00    0.00    5.13  73.20


avg-cpu:  %user   %nice %system %iowait  %steal   %idle
           0.71    0.00    0.77    0.82    0.00   97.71

Device            r/s     rkB/s   rrqm/s  %rrqm r_await rareq-sz     w/s     wkB/s   wrqm/s  %wrqm w_await wareq-sz     d/s     dkB/s   drqm/s  %drqm d_await dareq-sz     f/s f_await  aqu-sz  %util
dm-0             0.00      0.00     0.00   0.00    0.00     0.00 1080.00  17940.00     0.00   0.00    1.30    16.61    0.00      0.00     0.00   0.00    0.00     0.00    0.00    0.00    1.40  66.40
dm-1             1.00      8.00     0.00   0.00  256.00     8.00 1081.00  17944.00     0.00   0.00    1.32    16.60    0.00      0.00     0.00   0.00    0.00     0.00    0.00    0.00    1.68  66.00
dm-2             0.00      0.00     0.00   0.00    0.00     0.00  117.00    492.00     0.00   0.00    1.40     4.21    0.00      0.00     0.00   0.00    0.00     0.00    0.00    0.00    0.16   3.60
loop0            0.00      0.00     0.00   0.00    0.00     0.00    0.00      0.00     0.00   0.00    0.00     0.00    0.00      0.00     0.00   0.00    0.00     0.00    0.00    0.00    0.00   0.00
loop1            0.00      0.00     0.00   0.00    0.00     0.00    0.00      0.00     0.00   0.00    0.00     0.00    0.00      0.00     0.00   0.00    0.00     0.00    0.00    0.00    0.00   0.00
loop2            0.00      0.00     0.00   0.00    0.00     0.00    0.00      0.00     0.00   0.00    0.00     0.00    0.00      0.00     0.00   0.00    0.00     0.00    0.00    0.00    0.00   0.00
loop3            0.00      0.00     0.00   0.00    0.00     0.00    0.00      0.00     0.00   0.00    0.00     0.00    0.00      0.00     0.00   0.00    0.00     0.00    0.00    0.00    0.00   0.00
loop4            0.00      0.00     0.00   0.00    0.00     0.00    0.00      0.00     0.00   0.00    0.00     0.00    0.00      0.00     0.00   0.00    0.00     0.00    0.00    0.00    0.00   0.00
loop5            0.00      0.00     0.00   0.00    0.00     0.00    0.00      0.00     0.00   0.00    0.00     0.00    0.00      0.00     0.00   0.00    0.00     0.00    0.00    0.00    0.00   0.00
loop6            0.00      0.00     0.00   0.00    0.00     0.00    0.00      0.00     0.00   0.00    0.00     0.00    0.00      0.00     0.00   0.00    0.00     0.00    0.00    0.00    0.00   0.00
sda              0.00      0.00     0.00   0.00    0.00     0.00   96.00    492.00    21.00  17.95    2.19     5.12    0.00      0.00     0.00   0.00    0.00     0.00    0.00    0.00    0.21   3.60
sdb              1.00      8.00     0.00   0.00  255.00     8.00 1858.00  35808.00   300.00  13.90    1.33    19.27    0.00      0.00     0.00   0.00    0.00     0.00    0.00    0.00    2.73  66.40


avg-cpu:  %user   %nice %system %iowait  %steal   %idle
           0.58    0.00    0.63    1.40    0.00   97.39

Device            r/s     rkB/s   rrqm/s  %rrqm r_await rareq-sz     w/s     wkB/s   wrqm/s  %wrqm w_await wareq-sz     d/s     dkB/s   drqm/s  %drqm d_await dareq-sz     f/s f_await  aqu-sz  %util
dm-0             0.00      0.00     0.00   0.00    0.00     0.00  581.00  15404.00     0.00   0.00    9.40    26.51    0.00      0.00     0.00   0.00    0.00     0.00    0.00    0.00    5.46  93.20
dm-1             0.00      0.00     0.00   0.00    0.00     0.00  582.00  15348.00     0.00   0.00    9.20    26.37    0.00      0.00     0.00   0.00    0.00     0.00    0.00    0.00    5.35  95.20
dm-2             0.00      0.00     0.00   0.00    0.00     0.00   20.00    100.00     0.00   0.00    1.20     5.00    0.00      0.00     0.00   0.00    0.00     0.00    0.00    0.00    0.02   2.00
loop0            0.00      0.00     0.00   0.00    0.00     0.00    0.00      0.00     0.00   0.00    0.00     0.00    0.00      0.00     0.00   0.00    0.00     0.00    0.00    0.00    0.00   0.00
loop1            0.00      0.00     0.00   0.00    0.00     0.00    0.00      0.00     0.00   0.00    0.00     0.00    0.00      0.00     0.00   0.00    0.00     0.00    0.00    0.00    0.00   0.00
loop2            0.00      0.00     0.00   0.00    0.00     0.00    0.00      0.00     0.00   0.00    0.00     0.00    0.00      0.00     0.00   0.00    0.00     0.00    0.00    0.00    0.00   0.00
loop3            0.00      0.00     0.00   0.00    0.00     0.00    0.00      0.00     0.00   0.00    0.00     0.00    0.00      0.00     0.00   0.00    0.00     0.00    0.00    0.00    0.00   0.00
loop4            0.00      0.00     0.00   0.00    0.00     0.00    0.00      0.00     0.00   0.00    0.00     0.00    0.00      0.00     0.00   0.00    0.00     0.00    0.00    0.00    0.00   0.00
loop5            0.00      0.00     0.00   0.00    0.00     0.00    0.00      0.00     0.00   0.00    0.00     0.00    0.00      0.00     0.00   0.00    0.00     0.00    0.00    0.00    0.00   0.00
loop6            0.00      0.00     0.00   0.00    0.00     0.00    0.00      0.00     0.00   0.00    0.00     0.00    0.00      0.00     0.00   0.00    0.00     0.00    0.00    0.00    0.00   0.00
sda              0.00      0.00     0.00   0.00    0.00     0.00    7.00    100.00    13.00  65.00    1.14    14.29    0.00      0.00     0.00   0.00    0.00     0.00    0.00    0.00    0.01   2.00
sdb              0.00      0.00     0.00   0.00    0.00     0.00  897.00  30172.00   257.00  22.27   10.23    33.64    0.00      0.00     0.00   0.00    0.00     0.00    0.00    0.00    9.18  96.00


avg-cpu:  %user   %nice %system %iowait  %steal   %idle
           0.67    0.00    0.60    1.47    0.00   97.26

Device            r/s     rkB/s   rrqm/s  %rrqm r_await rareq-sz     w/s     wkB/s   wrqm/s  %wrqm w_await wareq-sz     d/s     dkB/s   drqm/s  %drqm d_await dareq-sz     f/s f_await  aqu-sz  %util
dm-0             0.00      0.00     0.00   0.00    0.00     0.00  609.00  15276.00     0.00   0.00    9.14    25.08    0.00      0.00     0.00   0.00    0.00     0.00    0.00    0.00    5.56  96.80
dm-1             0.00      0.00     0.00   0.00    0.00     0.00  598.00  15236.00     0.00   0.00    9.03    25.48    0.00      0.00     0.00   0.00    0.00     0.00    0.00    0.00    5.40  96.80
dm-2             0.00      0.00     0.00   0.00    0.00     0.00   46.00    184.00     0.00   0.00    1.48     4.00    0.00      0.00     0.00   0.00    0.00     0.00    0.00    0.00    0.07   2.80
loop0            0.00      0.00     0.00   0.00    0.00     0.00    0.00      0.00     0.00   0.00    0.00     0.00    0.00      0.00     0.00   0.00    0.00     0.00    0.00    0.00    0.00   0.00
loop1            0.00      0.00     0.00   0.00    0.00     0.00    0.00      0.00     0.00   0.00    0.00     0.00    0.00      0.00     0.00   0.00    0.00     0.00    0.00    0.00    0.00   0.00
loop2            0.00      0.00     0.00   0.00    0.00     0.00    0.00      0.00     0.00   0.00    0.00     0.00    0.00      0.00     0.00   0.00    0.00     0.00    0.00    0.00    0.00   0.00
loop3            0.00      0.00     0.00   0.00    0.00     0.00    0.00      0.00     0.00   0.00    0.00     0.00    0.00      0.00     0.00   0.00    0.00     0.00    0.00    0.00    0.00   0.00
loop4            0.00      0.00     0.00   0.00    0.00     0.00    0.00      0.00     0.00   0.00    0.00     0.00    0.00      0.00     0.00   0.00    0.00     0.00    0.00    0.00    0.00   0.00
loop5            0.00      0.00     0.00   0.00    0.00     0.00    0.00      0.00     0.00   0.00    0.00     0.00    0.00      0.00     0.00   0.00    0.00     0.00    0.00    0.00    0.00   0.00
loop6            0.00      0.00     0.00   0.00    0.00     0.00    0.00      0.00     0.00   0.00    0.00     0.00    0.00      0.00     0.00   0.00    0.00     0.00    0.00    0.00    0.00   0.00
sda              0.00      0.00     0.00   0.00    0.00     0.00   23.00    184.00    23.00  50.00    3.43     8.00    0.00      0.00     0.00   0.00    0.00     0.00    0.00    0.00    0.08   2.80
sdb              0.00      0.00     0.00   0.00    0.00     0.00  935.00  30708.00   275.00  22.73    9.86    32.84    0.00      0.00     0.00   0.00    0.00     0.00    0.00    0.00    9.22  97.60


avg-cpu:  %user   %nice %system %iowait  %steal   %idle
           0.61    0.00    0.52    1.22    0.00   97.65

Device            r/s     rkB/s   rrqm/s  %rrqm r_await rareq-sz     w/s     wkB/s   wrqm/s  %wrqm w_await wareq-sz     d/s     dkB/s   drqm/s  %drqm d_await dareq-sz     f/s f_await  aqu-sz  %util
dm-0             0.00      0.00     0.00   0.00    0.00     0.00  564.00  14500.00     0.00   0.00    9.69    25.71    0.00      0.00     0.00   0.00    0.00     0.00    0.00    0.00    5.46  95.60
dm-1             0.00      0.00     0.00   0.00    0.00     0.00  565.00  14620.00     0.00   0.00    9.59    25.88    0.00      0.00     0.00   0.00    0.00     0.00    0.00    0.00    5.42  94.80
dm-2             0.00      0.00     0.00   0.00    0.00     0.00   19.00     92.00     0.00   0.00    0.00     4.84    0.00      0.00     0.00   0.00    0.00     0.00    0.00    0.00    0.00   0.80
loop0            0.00      0.00     0.00   0.00    0.00     0.00    0.00      0.00     0.00   0.00    0.00     0.00    0.00      0.00     0.00   0.00    0.00     0.00    0.00    0.00    0.00   0.00
loop1            0.00      0.00     0.00   0.00    0.00     0.00    0.00      0.00     0.00   0.00    0.00     0.00    0.00      0.00     0.00   0.00    0.00     0.00    0.00    0.00    0.00   0.00
loop2            0.00      0.00     0.00   0.00    0.00     0.00    0.00      0.00     0.00   0.00    0.00     0.00    0.00      0.00     0.00   0.00    0.00     0.00    0.00    0.00    0.00   0.00
loop3            0.00      0.00     0.00   0.00    0.00     0.00    0.00      0.00     0.00   0.00    0.00     0.00    0.00      0.00     0.00   0.00    0.00     0.00    0.00    0.00    0.00   0.00
loop4            0.00      0.00     0.00   0.00    0.00     0.00    0.00      0.00     0.00   0.00    0.00     0.00    0.00      0.00     0.00   0.00    0.00     0.00    0.00    0.00    0.00   0.00
loop5            0.00      0.00     0.00   0.00    0.00     0.00    0.00      0.00     0.00   0.00    0.00     0.00    0.00      0.00     0.00   0.00    0.00     0.00    0.00    0.00    0.00   0.00
loop6            0.00      0.00     0.00   0.00    0.00     0.00    0.00      0.00     0.00   0.00    0.00     0.00    0.00      0.00     0.00   0.00    0.00     0.00    0.00    0.00    0.00   0.00
sda              0.00      0.00     0.00   0.00    0.00     0.00    6.00     92.00    13.00  68.42    0.17    15.33    0.00      0.00     0.00   0.00    0.00     0.00    0.00    0.00    0.00   0.80
sdb              0.00      0.00     0.00   0.00    0.00     0.00  885.00  28924.00   240.00  21.33   10.69    32.68    0.00      0.00     0.00   0.00    0.00     0.00    0.00    0.00    9.46  95.20


avg-cpu:  %user   %nice %system %iowait  %steal   %idle
           0.42    0.00    0.41    2.28    0.00   96.89

Device            r/s     rkB/s   rrqm/s  %rrqm r_await rareq-sz     w/s     wkB/s   wrqm/s  %wrqm w_await wareq-sz     d/s     dkB/s   drqm/s  %drqm d_await dareq-sz     f/s f_await  aqu-sz  %util
dm-0             0.00      0.00     0.00   0.00    0.00     0.00  511.00  12844.00     0.00   0.00   10.35    25.14    0.00      0.00     0.00   0.00    0.00     0.00    0.00    0.00    5.29  84.80
dm-1             1.00      8.00     0.00   0.00  244.00     8.00  503.00  12572.00     0.00   0.00   10.55    24.99    0.00      0.00     0.00   0.00    0.00     0.00    0.00    0.00    5.55  96.40
dm-2             0.00      0.00     0.00   0.00    0.00     0.00   40.00    160.00     0.00   0.00    3.40     4.00    0.00      0.00     0.00   0.00    0.00     0.00    0.00    0.00    0.14  14.00
loop0            0.00      0.00     0.00   0.00    0.00     0.00    0.00      0.00     0.00   0.00    0.00     0.00    0.00      0.00     0.00   0.00    0.00     0.00    0.00    0.00    0.00   0.00
loop1            0.00      0.00     0.00   0.00    0.00     0.00    0.00      0.00     0.00   0.00    0.00     0.00    0.00      0.00     0.00   0.00    0.00     0.00    0.00    0.00    0.00   0.00
loop2            0.00      0.00     0.00   0.00    0.00     0.00    0.00      0.00     0.00   0.00    0.00     0.00    0.00      0.00     0.00   0.00    0.00     0.00    0.00    0.00    0.00   0.00
loop3            0.00      0.00     0.00   0.00    0.00     0.00    0.00      0.00     0.00   0.00    0.00     0.00    0.00      0.00     0.00   0.00    0.00     0.00    0.00    0.00    0.00   0.00
loop4            0.00      0.00     0.00   0.00    0.00     0.00    0.00      0.00     0.00   0.00    0.00     0.00    0.00      0.00     0.00   0.00    0.00     0.00    0.00    0.00    0.00   0.00
loop5            0.00      0.00     0.00   0.00    0.00     0.00    0.00      0.00     0.00   0.00    0.00     0.00    0.00      0.00     0.00   0.00    0.00     0.00    0.00    0.00    0.00   0.00
loop6            0.00      0.00     0.00   0.00    0.00     0.00    0.00      0.00     0.00   0.00    0.00     0.00    0.00      0.00     0.00   0.00    0.00     0.00    0.00    0.00    0.00   0.00
sda              0.00      0.00     0.00   0.00    0.00     0.00   14.00    160.00    26.00  65.00    9.14    11.43    0.00      0.00     0.00   0.00    0.00     0.00    0.00    0.00    0.13  14.00
sdb              1.00      8.00     0.00   0.00  246.00     8.00  797.00  26072.00   230.00  22.40   11.43    32.71    0.00      0.00     0.00   0.00    0.00     0.00    0.00    0.00    9.35  98.00


avg-cpu:  %user   %nice %system %iowait  %steal   %idle
           0.68    0.00    0.61    1.15    0.00   97.56

Device            r/s     rkB/s   rrqm/s  %rrqm r_await rareq-sz     w/s     wkB/s   wrqm/s  %wrqm w_await wareq-sz     d/s     dkB/s   drqm/s  %drqm d_await dareq-sz     f/s f_await  aqu-sz  %util
dm-0             0.00      0.00     0.00   0.00    0.00     0.00  820.00  17320.00     0.00   0.00    4.60    21.12    0.00      0.00     0.00   0.00    0.00     0.00    0.00    0.00    3.77  91.60
dm-1             0.00      0.00     0.00   0.00    0.00     0.00  815.00  17360.00     0.00   0.00    5.00    21.30    0.00      0.00     0.00   0.00    0.00     0.00    0.00    0.00    4.08  91.60
dm-2             0.00      0.00     0.00   0.00    0.00     0.00   23.00    120.00     0.00   0.00    0.35     5.22    0.00      0.00     0.00   0.00    0.00     0.00    0.00    0.00    0.01   1.60
loop0            0.00      0.00     0.00   0.00    0.00     0.00    0.00      0.00     0.00   0.00    0.00     0.00    0.00      0.00     0.00   0.00    0.00     0.00    0.00    0.00    0.00   0.00
loop1            0.00      0.00     0.00   0.00    0.00     0.00    0.00      0.00     0.00   0.00    0.00     0.00    0.00      0.00     0.00   0.00    0.00     0.00    0.00    0.00    0.00   0.00
loop2            0.00      0.00     0.00   0.00    0.00     0.00    0.00      0.00     0.00   0.00    0.00     0.00    0.00      0.00     0.00   0.00    0.00     0.00    0.00    0.00    0.00   0.00
loop3            0.00      0.00     0.00   0.00    0.00     0.00    0.00      0.00     0.00   0.00    0.00     0.00    0.00      0.00     0.00   0.00    0.00     0.00    0.00    0.00    0.00   0.00
loop4            0.00      0.00     0.00   0.00    0.00     0.00    0.00      0.00     0.00   0.00    0.00     0.00    0.00      0.00     0.00   0.00    0.00     0.00    0.00    0.00    0.00   0.00
loop5            0.00      0.00     0.00   0.00    0.00     0.00    0.00      0.00     0.00   0.00    0.00     0.00    0.00      0.00     0.00   0.00    0.00     0.00    0.00    0.00    0.00   0.00
loop6            0.00      0.00     0.00   0.00    0.00     0.00    0.00      0.00     0.00   0.00    0.00     0.00    0.00      0.00     0.00   0.00    0.00     0.00    0.00    0.00    0.00   0.00
sda              0.00      0.00     0.00   0.00    0.00     0.00    7.00    120.00    16.00  69.57    1.29    17.14    0.00      0.00     0.00   0.00    0.00     0.00    0.00    0.00    0.01   1.60
sdb              0.00      0.00     0.00   0.00    0.00     0.00 1340.00  34208.00   286.00  17.59    4.93    25.53    0.00      0.00     0.00   0.00    0.00     0.00    0.00    0.00    6.61  92.80


avg-cpu:  %user   %nice %system %iowait  %steal   %idle
           0.60    0.00    0.46    1.45    0.00   97.50

Device            r/s     rkB/s   rrqm/s  %rrqm r_await rareq-sz     w/s     wkB/s   wrqm/s  %wrqm w_await wareq-sz     d/s     dkB/s   drqm/s  %drqm d_await dareq-sz     f/s f_await  aqu-sz  %util
dm-0             0.00      0.00     0.00   0.00    0.00     0.00  590.00  15020.00     0.00   0.00   10.11    25.46    0.00      0.00     0.00   0.00    0.00     0.00    0.00    0.00    5.96  96.80
dm-1             0.00      0.00     0.00   0.00    0.00     0.00  606.00  15084.00     0.00   0.00    9.24    24.89    0.00      0.00     0.00   0.00    0.00     0.00    0.00    0.00    5.60  96.80
dm-2             0.00      0.00     0.00   0.00    0.00     0.00   96.00    416.00     0.00   0.00    4.79     4.33    0.00      0.00     0.00   0.00    0.00     0.00    0.00    0.00    0.46   2.00
loop0            0.00      0.00     0.00   0.00    0.00     0.00    0.00      0.00     0.00   0.00    0.00     0.00    0.00      0.00     0.00   0.00    0.00     0.00    0.00    0.00    0.00   0.00
loop1            0.00      0.00     0.00   0.00    0.00     0.00    0.00      0.00     0.00   0.00    0.00     0.00    0.00      0.00     0.00   0.00    0.00     0.00    0.00    0.00    0.00   0.00
loop2            0.00      0.00     0.00   0.00    0.00     0.00    0.00      0.00     0.00   0.00    0.00     0.00    0.00      0.00     0.00   0.00    0.00     0.00    0.00    0.00    0.00   0.00
loop3            0.00      0.00     0.00   0.00    0.00     0.00    0.00      0.00     0.00   0.00    0.00     0.00    0.00      0.00     0.00   0.00    0.00     0.00    0.00    0.00    0.00   0.00
loop4            0.00      0.00     0.00   0.00    0.00     0.00    0.00      0.00     0.00   0.00    0.00     0.00    0.00      0.00     0.00   0.00    0.00     0.00    0.00    0.00    0.00   0.00
loop5            0.00      0.00     0.00   0.00    0.00     0.00    0.00      0.00     0.00   0.00    0.00     0.00    0.00      0.00     0.00   0.00    0.00     0.00    0.00    0.00    0.00   0.00
loop6            0.00      0.00     0.00   0.00    0.00     0.00    0.00      0.00     0.00   0.00    0.00     0.00    0.00      0.00     0.00   0.00    0.00     0.00    0.00    0.00    0.00   0.00
sda              0.00      0.00     0.00   0.00    0.00     0.00   91.00    416.00     5.00   5.21    6.37     4.57    0.00      0.00     0.00   0.00    0.00     0.00    0.00    0.00    0.58   2.00
sdb              0.00      0.00     0.00   0.00    0.00     0.00  928.00  29736.00   262.00  22.02   10.25    32.04    0.00      0.00     0.00   0.00    0.00     0.00    0.00    0.00    9.52  97.20


avg-cpu:  %user   %nice %system %iowait  %steal   %idle
           0.53    0.00    0.47    1.43    0.00   97.57

Device            r/s     rkB/s   rrqm/s  %rrqm r_await rareq-sz     w/s     wkB/s   wrqm/s  %wrqm w_await wareq-sz     d/s     dkB/s   drqm/s  %drqm d_await dareq-sz     f/s f_await  aqu-sz  %util
dm-0             0.00      0.00     0.00   0.00    0.00     0.00  524.00  13496.00     0.00   0.00   11.33    25.76    0.00      0.00     0.00   0.00    0.00     0.00    0.00    0.00    5.94  92.40
dm-1             0.00      0.00     0.00   0.00    0.00     0.00  517.00  13468.00     0.00   0.00   11.91    26.05    0.00      0.00     0.00   0.00    0.00     0.00    0.00    0.00    6.16  93.60
dm-2             0.00      0.00     0.00   0.00    0.00     0.00   38.00    152.00     0.00   0.00    4.00     4.00    0.00      0.00     0.00   0.00    0.00     0.00    0.00    0.00    0.15   4.00
loop0            0.00      0.00     0.00   0.00    0.00     0.00    0.00      0.00     0.00   0.00    0.00     0.00    0.00      0.00     0.00   0.00    0.00     0.00    0.00    0.00    0.00   0.00
loop1            0.00      0.00     0.00   0.00    0.00     0.00    0.00      0.00     0.00   0.00    0.00     0.00    0.00      0.00     0.00   0.00    0.00     0.00    0.00    0.00    0.00   0.00
loop2            0.00      0.00     0.00   0.00    0.00     0.00    0.00      0.00     0.00   0.00    0.00     0.00    0.00      0.00     0.00   0.00    0.00     0.00    0.00    0.00    0.00   0.00
loop3            0.00      0.00     0.00   0.00    0.00     0.00    0.00      0.00     0.00   0.00    0.00     0.00    0.00      0.00     0.00   0.00    0.00     0.00    0.00    0.00    0.00   0.00
loop4            0.00      0.00     0.00   0.00    0.00     0.00    0.00      0.00     0.00   0.00    0.00     0.00    0.00      0.00     0.00   0.00    0.00     0.00    0.00    0.00    0.00   0.00
loop5            0.00      0.00     0.00   0.00    0.00     0.00    0.00      0.00     0.00   0.00    0.00     0.00    0.00      0.00     0.00   0.00    0.00     0.00    0.00    0.00    0.00   0.00
loop6            0.00      0.00     0.00   0.00    0.00     0.00    0.00      0.00     0.00   0.00    0.00     0.00    0.00      0.00     0.00   0.00    0.00     0.00    0.00    0.00    0.00   0.00
sda              0.00      0.00     0.00   0.00    0.00     0.00   19.00    152.00    19.00  50.00    5.26     8.00    0.00      0.00     0.00   0.00    0.00     0.00    0.00    0.00    0.10   4.00
sdb              0.00      0.00     0.00   0.00    0.00     0.00  814.00  27520.00   236.00  22.48   12.74    33.81    0.00      0.00     0.00   0.00    0.00     0.00    0.00    0.00   10.37  94.40


avg-cpu:  %user   %nice %system %iowait  %steal   %idle
           0.64    0.00    0.47    1.08    0.00   97.80

Device            r/s     rkB/s   rrqm/s  %rrqm r_await rareq-sz     w/s     wkB/s   wrqm/s  %wrqm w_await wareq-sz     d/s     dkB/s   drqm/s  %drqm d_await dareq-sz     f/s f_await  aqu-sz  %util
dm-0             0.00      0.00     0.00   0.00    0.00     0.00  658.00  15172.00     0.00   0.00    6.02    23.06    0.00      0.00     0.00   0.00    0.00     0.00    0.00    0.00    3.96  90.40
dm-1             0.00      0.00     0.00   0.00    0.00     0.00  676.00  15184.00     0.00   0.00    5.80    22.46    0.00      0.00     0.00   0.00    0.00     0.00    0.00    0.00    3.92  91.20
dm-2             0.00      0.00     0.00   0.00    0.00     0.00   23.00    108.00     0.00   0.00    0.70     4.70    0.00      0.00     0.00   0.00    0.00     0.00    0.00    0.00    0.02   1.60
loop0            0.00      0.00     0.00   0.00    0.00     0.00    0.00      0.00     0.00   0.00    0.00     0.00    0.00      0.00     0.00   0.00    0.00     0.00    0.00    0.00    0.00   0.00
loop1            0.00      0.00     0.00   0.00    0.00     0.00    0.00      0.00     0.00   0.00    0.00     0.00    0.00      0.00     0.00   0.00    0.00     0.00    0.00    0.00    0.00   0.00
loop2            0.00      0.00     0.00   0.00    0.00     0.00    0.00      0.00     0.00   0.00    0.00     0.00    0.00      0.00     0.00   0.00    0.00     0.00    0.00    0.00    0.00   0.00
loop3            0.00      0.00     0.00   0.00    0.00     0.00    0.00      0.00     0.00   0.00    0.00     0.00    0.00      0.00     0.00   0.00    0.00     0.00    0.00    0.00    0.00   0.00
loop4            0.00      0.00     0.00   0.00    0.00     0.00    0.00      0.00     0.00   0.00    0.00     0.00    0.00      0.00     0.00   0.00    0.00     0.00    0.00    0.00    0.00   0.00
loop5            0.00      0.00     0.00   0.00    0.00     0.00    0.00      0.00     0.00   0.00    0.00     0.00    0.00      0.00     0.00   0.00    0.00     0.00    0.00    0.00    0.00   0.00
loop6            0.00      0.00     0.00   0.00    0.00     0.00    0.00      0.00     0.00   0.00    0.00     0.00    0.00      0.00     0.00   0.00    0.00     0.00    0.00    0.00    0.00   0.00
sda              0.00      0.00     0.00   0.00    0.00     0.00    6.00    108.00    17.00  73.91    1.33    18.00    0.00      0.00     0.00   0.00    0.00     0.00    0.00    0.00    0.01   1.60
sdb              0.00      0.00     0.00   0.00    0.00     0.00 1067.00  30304.00   266.00  19.95    6.22    28.40    0.00      0.00     0.00   0.00    0.00     0.00    0.00    0.00    6.63  91.20


avg-cpu:  %user   %nice %system %iowait  %steal   %idle
           0.66    0.00    0.50    0.50    0.00   98.33

Device            r/s     rkB/s   rrqm/s  %rrqm r_await rareq-sz     w/s     wkB/s   wrqm/s  %wrqm w_await wareq-sz     d/s     dkB/s   drqm/s  %drqm d_await dareq-sz     f/s f_await  aqu-sz  %util
dm-0             0.00      0.00     0.00   0.00    0.00     0.00  796.00  15428.00     0.00   0.00    1.52    19.38    0.00      0.00     0.00   0.00    0.00     0.00    0.00    0.00    1.21  72.80
dm-1             0.00      0.00     0.00   0.00    0.00     0.00  794.00  15420.00     0.00   0.00    1.47    19.42    0.00      0.00     0.00   0.00    0.00     0.00    0.00    0.00    1.17  72.00
dm-2             0.00      0.00     0.00   0.00    0.00     0.00   42.00    168.00     0.00   0.00    0.00     4.00    0.00      0.00     0.00   0.00    0.00     0.00    0.00    0.00    0.00   1.60
loop0            0.00      0.00     0.00   0.00    0.00     0.00    0.00      0.00     0.00   0.00    0.00     0.00    0.00      0.00     0.00   0.00    0.00     0.00    0.00    0.00    0.00   0.00
loop1            0.00      0.00     0.00   0.00    0.00     0.00    0.00      0.00     0.00   0.00    0.00     0.00    0.00      0.00     0.00   0.00    0.00     0.00    0.00    0.00    0.00   0.00
loop2            0.00      0.00     0.00   0.00    0.00     0.00    0.00      0.00     0.00   0.00    0.00     0.00    0.00      0.00     0.00   0.00    0.00     0.00    0.00    0.00    0.00   0.00
loop3            0.00      0.00     0.00   0.00    0.00     0.00    0.00      0.00     0.00   0.00    0.00     0.00    0.00      0.00     0.00   0.00    0.00     0.00    0.00    0.00    0.00   0.00
loop4            0.00      0.00     0.00   0.00    0.00     0.00    0.00      0.00     0.00   0.00    0.00     0.00    0.00      0.00     0.00   0.00    0.00     0.00    0.00    0.00    0.00   0.00
loop5            0.00      0.00     0.00   0.00    0.00     0.00    0.00      0.00     0.00   0.00    0.00     0.00    0.00      0.00     0.00   0.00    0.00     0.00    0.00    0.00    0.00   0.00
loop6            0.00      0.00     0.00   0.00    0.00     0.00    0.00      0.00     0.00   0.00    0.00     0.00    0.00      0.00     0.00   0.00    0.00     0.00    0.00    0.00    0.00   0.00
sda              0.00      0.00     0.00   0.00    0.00     0.00   14.00    168.00    28.00  66.67    0.07    12.00    0.00      0.00     0.00   0.00    0.00     0.00    0.00    0.00    0.00   1.60
sdb              0.00      0.00     0.00   0.00    0.00     0.00 1343.00  31184.00   254.00  15.90    1.60    23.22    0.00      0.00     0.00   0.00    0.00     0.00    0.00    0.00    2.14  73.60


avg-cpu:  %user   %nice %system %iowait  %steal   %idle
           0.72    0.00    0.53    0.99    0.00   97.75

Device            r/s     rkB/s   rrqm/s  %rrqm r_await rareq-sz     w/s     wkB/s   wrqm/s  %wrqm w_await wareq-sz     d/s     dkB/s   drqm/s  %drqm d_await dareq-sz     f/s f_await  aqu-sz  %util
dm-0             0.00      0.00     0.00   0.00    0.00     0.00  690.00  15480.00     0.00   0.00    4.72    22.43    0.00      0.00     0.00   0.00    0.00     0.00    0.00    0.00    3.26  82.40
dm-1             0.00      0.00     0.00   0.00    0.00     0.00  696.00  15564.00     0.00   0.00    4.50    22.36    0.00      0.00     0.00   0.00    0.00     0.00    0.00    0.00    3.13  82.80
dm-2             0.00      0.00     0.00   0.00    0.00     0.00   19.00     92.00     0.00   0.00    0.84     4.84    0.00      0.00     0.00   0.00    0.00     0.00    0.00    0.00    0.02   1.60
loop0            0.00      0.00     0.00   0.00    0.00     0.00    0.00      0.00     0.00   0.00    0.00     0.00    0.00      0.00     0.00   0.00    0.00     0.00    0.00    0.00    0.00   0.00
loop1            0.00      0.00     0.00   0.00    0.00     0.00    0.00      0.00     0.00   0.00    0.00     0.00    0.00      0.00     0.00   0.00    0.00     0.00    0.00    0.00    0.00   0.00
loop2            0.00      0.00     0.00   0.00    0.00     0.00    0.00      0.00     0.00   0.00    0.00     0.00    0.00      0.00     0.00   0.00    0.00     0.00    0.00    0.00    0.00   0.00
loop3            0.00      0.00     0.00   0.00    0.00     0.00    0.00      0.00     0.00   0.00    0.00     0.00    0.00      0.00     0.00   0.00    0.00     0.00    0.00    0.00    0.00   0.00
loop4            0.00      0.00     0.00   0.00    0.00     0.00    0.00      0.00     0.00   0.00    0.00     0.00    0.00      0.00     0.00   0.00    0.00     0.00    0.00    0.00    0.00   0.00
loop5            0.00      0.00     0.00   0.00    0.00     0.00    0.00      0.00     0.00   0.00    0.00     0.00    0.00      0.00     0.00   0.00    0.00     0.00    0.00    0.00    0.00   0.00
loop6            0.00      0.00     0.00   0.00    0.00     0.00    0.00      0.00     0.00   0.00    0.00     0.00    0.00      0.00     0.00   0.00    0.00     0.00    0.00    0.00    0.00   0.00
sda              0.00      0.00     0.00   0.00    0.00     0.00    6.00     92.00    13.00  68.42    1.33    15.33    0.00      0.00     0.00   0.00    0.00     0.00    0.00    0.00    0.01   1.60
sdb              0.00      0.00     0.00   0.00    0.00     0.00 1116.00  30188.00   255.00  18.60    4.93    27.05    0.00      0.00     0.00   0.00    0.00     0.00    0.00    0.00    5.50  84.00


avg-cpu:  %user   %nice %system %iowait  %steal   %idle
           0.64    0.00    0.53    1.55    0.00   97.27

Device            r/s     rkB/s   rrqm/s  %rrqm r_await rareq-sz     w/s     wkB/s   wrqm/s  %wrqm w_await wareq-sz     d/s     dkB/s   drqm/s  %drqm d_await dareq-sz     f/s f_await  aqu-sz  %util
dm-0             0.00      0.00     0.00   0.00    0.00     0.00  530.00  13880.00     0.00   0.00   11.27    26.19    0.00      0.00     0.00   0.00    0.00     0.00    0.00    0.00    5.97  96.80
dm-1             0.00      0.00     0.00   0.00    0.00     0.00  532.00  13888.00     0.00   0.00   11.28    26.11    0.00      0.00     0.00   0.00    0.00     0.00    0.00    0.00    6.00  96.00
dm-2             0.00      0.00     0.00   0.00    0.00     0.00   31.00    136.00     0.00   0.00    2.97     4.39    0.00      0.00     0.00   0.00    0.00     0.00    0.00    0.00    0.09   2.00
loop0            0.00      0.00     0.00   0.00    0.00     0.00    0.00      0.00     0.00   0.00    0.00     0.00    0.00      0.00     0.00   0.00    0.00     0.00    0.00    0.00    0.00   0.00
loop1            0.00      0.00     0.00   0.00    0.00     0.00    0.00      0.00     0.00   0.00    0.00     0.00    0.00      0.00     0.00   0.00    0.00     0.00    0.00    0.00    0.00   0.00
loop2            0.00      0.00     0.00   0.00    0.00     0.00    0.00      0.00     0.00   0.00    0.00     0.00    0.00      0.00     0.00   0.00    0.00     0.00    0.00    0.00    0.00   0.00
loop3            0.00      0.00     0.00   0.00    0.00     0.00    0.00      0.00     0.00   0.00    0.00     0.00    0.00      0.00     0.00   0.00    0.00     0.00    0.00    0.00    0.00   0.00
loop4            0.00      0.00     0.00   0.00    0.00     0.00    0.00      0.00     0.00   0.00    0.00     0.00    0.00      0.00     0.00   0.00    0.00     0.00    0.00    0.00    0.00   0.00
loop5            0.00      0.00     0.00   0.00    0.00     0.00    0.00      0.00     0.00   0.00    0.00     0.00    0.00      0.00     0.00   0.00    0.00     0.00    0.00    0.00    0.00   0.00
loop6            0.00      0.00     0.00   0.00    0.00     0.00    0.00      0.00     0.00   0.00    0.00     0.00    0.00      0.00     0.00   0.00    0.00     0.00    0.00    0.00    0.00   0.00
sda              0.00      0.00     0.00   0.00    0.00     0.00   13.00    136.00    18.00  58.06    1.62    10.46    0.00      0.00     0.00   0.00    0.00     0.00    0.00    0.00    0.02   2.00
sdb              0.00      0.00     0.00   0.00    0.00     0.00  833.00  28552.00   241.00  22.44   12.01    34.28    0.00      0.00     0.00   0.00    0.00     0.00    0.00    0.00   10.00  97.60


avg-cpu:  %user   %nice %system %iowait  %steal   %idle
           0.58    0.00    0.53    1.29    0.00   97.60

Device            r/s     rkB/s   rrqm/s  %rrqm r_await rareq-sz     w/s     wkB/s   wrqm/s  %wrqm w_await wareq-sz     d/s     dkB/s   drqm/s  %drqm d_await dareq-sz     f/s f_await  aqu-sz  %util
dm-0             0.00      0.00     0.00   0.00    0.00     0.00  622.00  15148.00     0.00   0.00    7.46    24.35    0.00      0.00     0.00   0.00    0.00     0.00    0.00    0.00    4.64  91.60
dm-1             0.00      0.00     0.00   0.00    0.00     0.00  633.00  15192.00     0.00   0.00    7.28    24.00    0.00      0.00     0.00   0.00    0.00     0.00    0.00    0.00    4.61  91.20
dm-2             0.00      0.00     0.00   0.00    0.00     0.00  192.00    860.00     0.00   0.00    2.58     4.48    0.00      0.00     0.00   0.00    0.00     0.00    0.00    0.00    0.50   3.20
loop0            0.00      0.00     0.00   0.00    0.00     0.00    0.00      0.00     0.00   0.00    0.00     0.00    0.00      0.00     0.00   0.00    0.00     0.00    0.00    0.00    0.00   0.00
loop1            0.00      0.00     0.00   0.00    0.00     0.00    0.00      0.00     0.00   0.00    0.00     0.00    0.00      0.00     0.00   0.00    0.00     0.00    0.00    0.00    0.00   0.00
loop2            0.00      0.00     0.00   0.00    0.00     0.00    0.00      0.00     0.00   0.00    0.00     0.00    0.00      0.00     0.00   0.00    0.00     0.00    0.00    0.00    0.00   0.00
loop3            0.00      0.00     0.00   0.00    0.00     0.00    0.00      0.00     0.00   0.00    0.00     0.00    0.00      0.00     0.00   0.00    0.00     0.00    0.00    0.00    0.00   0.00
loop4            0.00      0.00     0.00   0.00    0.00     0.00    0.00      0.00     0.00   0.00    0.00     0.00    0.00      0.00     0.00   0.00    0.00     0.00    0.00    0.00    0.00   0.00
loop5            0.00      0.00     0.00   0.00    0.00     0.00    0.00      0.00     0.00   0.00    0.00     0.00    0.00      0.00     0.00   0.00    0.00     0.00    0.00    0.00    0.00   0.00
loop6            0.00      0.00     0.00   0.00    0.00     0.00    0.00      0.00     0.00   0.00    0.00     0.00    0.00      0.00     0.00   0.00    0.00     0.00    0.00    0.00    0.00   0.00
sda              0.00      0.00     0.00   0.00    0.00     0.00  176.00    860.00    16.00   8.33    3.73     4.89    0.00      0.00     0.00   0.00    0.00     0.00    0.00    0.00    0.66   3.20
sdb              0.00      0.00     0.00   0.00    0.00     0.00  998.00  30264.00   256.00  20.41    7.75    30.32    0.00      0.00     0.00   0.00    0.00     0.00    0.00    0.00    7.73  91.60


avg-cpu:  %user   %nice %system %iowait  %steal   %idle
           0.61    0.00    0.61    0.71    0.00   98.07

Device            r/s     rkB/s   rrqm/s  %rrqm r_await rareq-sz     w/s     wkB/s   wrqm/s  %wrqm w_await wareq-sz     d/s     dkB/s   drqm/s  %drqm d_await dareq-sz     f/s f_await  aqu-sz  %util
dm-0             0.00      0.00     0.00   0.00    0.00     0.00  786.00  15744.00     0.00   0.00    2.54    20.03    0.00      0.00     0.00   0.00    0.00     0.00    0.00    0.00    2.00  80.80
dm-1             0.00      0.00     0.00   0.00    0.00     0.00  775.00  15700.00     0.00   0.00    2.69    20.26    0.00      0.00     0.00   0.00    0.00     0.00    0.00    0.00    2.08  80.80
dm-2             0.00      0.00     0.00   0.00    0.00     0.00   50.00    204.00     0.00   0.00    1.44     4.08    0.00      0.00     0.00   0.00    0.00     0.00    0.00    0.00    0.07   3.60
loop0            0.00      0.00     0.00   0.00    0.00     0.00    0.00      0.00     0.00   0.00    0.00     0.00    0.00      0.00     0.00   0.00    0.00     0.00    0.00    0.00    0.00   0.00
loop1            0.00      0.00     0.00   0.00    0.00     0.00    0.00      0.00     0.00   0.00    0.00     0.00    0.00      0.00     0.00   0.00    0.00     0.00    0.00    0.00    0.00   0.00
loop2            0.00      0.00     0.00   0.00    0.00     0.00    0.00      0.00     0.00   0.00    0.00     0.00    0.00      0.00     0.00   0.00    0.00     0.00    0.00    0.00    0.00   0.00
loop3            0.00      0.00     0.00   0.00    0.00     0.00    0.00      0.00     0.00   0.00    0.00     0.00    0.00      0.00     0.00   0.00    0.00     0.00    0.00    0.00    0.00   0.00
loop4            0.00      0.00     0.00   0.00    0.00     0.00    0.00      0.00     0.00   0.00    0.00     0.00    0.00      0.00     0.00   0.00    0.00     0.00    0.00    0.00    0.00   0.00
loop5            0.00      0.00     0.00   0.00    0.00     0.00    0.00      0.00     0.00   0.00    0.00     0.00    0.00      0.00     0.00   0.00    0.00     0.00    0.00    0.00    0.00   0.00
loop6            0.00      0.00     0.00   0.00    0.00     0.00    0.00      0.00     0.00   0.00    0.00     0.00    0.00      0.00     0.00   0.00    0.00     0.00    0.00    0.00    0.00   0.00
sda              0.00      0.00     0.00   0.00    0.00     0.00   27.00    204.00    23.00  46.00    0.93     7.56    0.00      0.00     0.00   0.00    0.00     0.00    0.00    0.00    0.03   3.60
sdb              0.00      0.00     0.00   0.00    0.00     0.00 1284.00  31592.00   281.00  17.96    2.66    24.60    0.00      0.00     0.00   0.00    0.00     0.00    0.00    0.00    3.42  80.80


avg-cpu:  %user   %nice %system %iowait  %steal   %idle
           0.53    0.00    0.49    1.57    0.00   97.41

Device            r/s     rkB/s   rrqm/s  %rrqm r_await rareq-sz     w/s     wkB/s   wrqm/s  %wrqm w_await wareq-sz     d/s     dkB/s   drqm/s  %drqm d_await dareq-sz     f/s f_await  aqu-sz  %util
dm-0             0.00      0.00     0.00   0.00    0.00     0.00  598.00  13192.00     0.00   0.00    7.11    22.06    0.00      0.00     0.00   0.00    0.00     0.00    0.00    0.00    4.25  84.80
dm-1             1.00      8.00     0.00   0.00  248.00     8.00  610.00  13240.00     0.00   0.00    7.06    21.70    0.00      0.00     0.00   0.00    0.00     0.00    0.00    0.00    4.56  84.40
dm-2           242.00    968.00     0.00   0.00    0.55     4.00   30.00    136.00     0.00   0.00    5.20     4.53    0.00      0.00     0.00   0.00    0.00     0.00    0.00    0.00    0.29  16.80
loop0            0.00      0.00     0.00   0.00    0.00     0.00    0.00      0.00     0.00   0.00    0.00     0.00    0.00      0.00     0.00   0.00    0.00     0.00    0.00    0.00    0.00   0.00
loop1            0.00      0.00     0.00   0.00    0.00     0.00    0.00      0.00     0.00   0.00    0.00     0.00    0.00      0.00     0.00   0.00    0.00     0.00    0.00    0.00    0.00   0.00
loop2            0.00      0.00     0.00   0.00    0.00     0.00    0.00      0.00     0.00   0.00    0.00     0.00    0.00      0.00     0.00   0.00    0.00     0.00    0.00    0.00    0.00   0.00
loop3            0.00      0.00     0.00   0.00    0.00     0.00    0.00      0.00     0.00   0.00    0.00     0.00    0.00      0.00     0.00   0.00    0.00     0.00    0.00    0.00    0.00   0.00
loop4            0.00      0.00     0.00   0.00    0.00     0.00    0.00      0.00     0.00   0.00    0.00     0.00    0.00      0.00     0.00   0.00    0.00     0.00    0.00    0.00    0.00   0.00
loop5            0.00      0.00     0.00   0.00    0.00     0.00    0.00      0.00     0.00   0.00    0.00     0.00    0.00      0.00     0.00   0.00    0.00     0.00    0.00    0.00    0.00   0.00
loop6            0.00      0.00     0.00   0.00    0.00     0.00    0.00      0.00     0.00   0.00    0.00     0.00    0.00      0.00     0.00   0.00    0.00     0.00    0.00    0.00    0.00   0.00
sda             33.00    968.00   209.00  86.36    0.18    29.33    9.00    136.00    21.00  70.00   16.89    15.11    0.00      0.00     0.00   0.00    0.00     0.00    0.00    0.00    0.16  16.80
sdb              1.00      8.00     0.00   0.00  249.00     8.00  991.00  26156.00   211.00  17.55    7.70    26.39    0.00      0.00     0.00   0.00    0.00     0.00    0.00    0.00    7.87  85.60


avg-cpu:  %user   %nice %system %iowait  %steal   %idle
           0.64    0.00    0.61    1.21    0.00   97.53

Device            r/s     rkB/s   rrqm/s  %rrqm r_await rareq-sz     w/s     wkB/s   wrqm/s  %wrqm w_await wareq-sz     d/s     dkB/s   drqm/s  %drqm d_await dareq-sz     f/s f_await  aqu-sz  %util
dm-0             0.00      0.00     0.00   0.00    0.00     0.00  743.00  15756.00     0.00   0.00    6.14    21.21    0.00      0.00     0.00   0.00    0.00     0.00    0.00    0.00    4.56  92.00
dm-1             0.00      0.00     0.00   0.00    0.00     0.00  730.00  15704.00     0.00   0.00    6.18    21.51    0.00      0.00     0.00   0.00    0.00     0.00    0.00    0.00    4.51  93.60
dm-2             0.00      0.00     0.00   0.00    0.00     0.00   33.00    132.00     0.00   0.00    0.00     4.00    0.00      0.00     0.00   0.00    0.00     0.00    0.00    0.00    0.00   0.80
loop0            0.00      0.00     0.00   0.00    0.00     0.00    0.00      0.00     0.00   0.00    0.00     0.00    0.00      0.00     0.00   0.00    0.00     0.00    0.00    0.00    0.00   0.00
loop1            0.00      0.00     0.00   0.00    0.00     0.00    0.00      0.00     0.00   0.00    0.00     0.00    0.00      0.00     0.00   0.00    0.00     0.00    0.00    0.00    0.00   0.00
loop2            0.00      0.00     0.00   0.00    0.00     0.00    0.00      0.00     0.00   0.00    0.00     0.00    0.00      0.00     0.00   0.00    0.00     0.00    0.00    0.00    0.00   0.00
loop3            0.00      0.00     0.00   0.00    0.00     0.00    0.00      0.00     0.00   0.00    0.00     0.00    0.00      0.00     0.00   0.00    0.00     0.00    0.00    0.00    0.00   0.00
loop4            0.00      0.00     0.00   0.00    0.00     0.00    0.00      0.00     0.00   0.00    0.00     0.00    0.00      0.00     0.00   0.00    0.00     0.00    0.00    0.00    0.00   0.00
loop5            0.00      0.00     0.00   0.00    0.00     0.00    0.00      0.00     0.00   0.00    0.00     0.00    0.00      0.00     0.00   0.00    0.00     0.00    0.00    0.00    0.00   0.00
loop6            0.00      0.00     0.00   0.00    0.00     0.00    0.00      0.00     0.00   0.00    0.00     0.00    0.00      0.00     0.00   0.00    0.00     0.00    0.00    0.00    0.00   0.00
sda              0.00      0.00     0.00   0.00    0.00     0.00   11.00    132.00    22.00  66.67    0.09    12.00    0.00      0.00     0.00   0.00    0.00     0.00    0.00    0.00    0.00   0.80
sdb              0.00      0.00     0.00   0.00    0.00     0.00 1199.00  31728.00   278.00  18.82    6.88    26.46    0.00      0.00     0.00   0.00    0.00     0.00    0.00    0.00    8.25  94.80


avg-cpu:  %user   %nice %system %iowait  %steal   %idle
           0.82    0.00    0.68    1.70    0.00   96.81

Device            r/s     rkB/s   rrqm/s  %rrqm r_await rareq-sz     w/s     wkB/s   wrqm/s  %wrqm w_await wareq-sz     d/s     dkB/s   drqm/s  %drqm d_await dareq-sz     f/s f_await  aqu-sz  %util
dm-0             0.00      0.00     0.00   0.00    0.00     0.00  673.00  15052.00     0.00   0.00    7.19    22.37    0.00      0.00     0.00   0.00    0.00     0.00    0.00    0.00    4.84  94.00
dm-1             0.00      0.00     0.00   0.00    0.00     0.00  677.00  15188.00     0.00   0.00    7.00    22.43    0.00      0.00     0.00   0.00    0.00     0.00    0.00    0.00    4.74  94.80
dm-2           343.00  42084.00     0.00   0.00    0.66   122.69  130.00  41508.00     0.00   0.00   18.65   319.29    0.00      0.00     0.00   0.00    0.00     0.00    0.00    0.00    2.65  37.20
loop0            0.00      0.00     0.00   0.00    0.00     0.00    0.00      0.00     0.00   0.00    0.00     0.00    0.00      0.00     0.00   0.00    0.00     0.00    0.00    0.00    0.00   0.00
loop1            0.00      0.00     0.00   0.00    0.00     0.00    0.00      0.00     0.00   0.00    0.00     0.00    0.00      0.00     0.00   0.00    0.00     0.00    0.00    0.00    0.00   0.00
loop2            0.00      0.00     0.00   0.00    0.00     0.00    0.00      0.00     0.00   0.00    0.00     0.00    0.00      0.00     0.00   0.00    0.00     0.00    0.00    0.00    0.00   0.00
loop3            0.00      0.00     0.00   0.00    0.00     0.00    0.00      0.00     0.00   0.00    0.00     0.00    0.00      0.00     0.00   0.00    0.00     0.00    0.00    0.00    0.00   0.00
loop4            0.00      0.00     0.00   0.00    0.00     0.00    0.00      0.00     0.00   0.00    0.00     0.00    0.00      0.00     0.00   0.00    0.00     0.00    0.00    0.00    0.00   0.00
loop5            0.00      0.00     0.00   0.00    0.00     0.00    0.00      0.00     0.00   0.00    0.00     0.00    0.00      0.00     0.00   0.00    0.00     0.00    0.00    0.00    0.00   0.00
loop6            0.00      0.00     0.00   0.00    0.00     0.00    0.00      0.00     0.00   0.00    0.00     0.00    0.00      0.00     0.00   0.00    0.00     0.00    0.00    0.00    0.00   0.00
sda            343.00  42084.00     0.00   0.00    0.63   122.69  195.00  41508.00    62.00  24.12   47.19   212.86    0.00      0.00     0.00   0.00    0.00     0.00    0.00    0.00    9.42  37.20
sdb              0.00      0.00     0.00   0.00    0.00     0.00 1096.00  30248.00   256.00  18.93    7.47    27.60    0.00      0.00     0.00   0.00    0.00     0.00    0.00    0.00    8.19  94.40


avg-cpu:  %user   %nice %system %iowait  %steal   %idle
           0.55    0.00    0.60    1.24    0.00   97.61

Device            r/s     rkB/s   rrqm/s  %rrqm r_await rareq-sz     w/s     wkB/s   wrqm/s  %wrqm w_await wareq-sz     d/s     dkB/s   drqm/s  %drqm d_await dareq-sz     f/s f_await  aqu-sz  %util
dm-0             0.00      0.00     0.00   0.00    0.00     0.00  626.00  15224.00     0.00   0.00    6.24    24.32    0.00      0.00     0.00   0.00    0.00     0.00    0.00    0.00    3.91  93.20
dm-1             0.00      0.00     0.00   0.00    0.00     0.00  634.00  15256.00     0.00   0.00    6.15    24.06    0.00      0.00     0.00   0.00    0.00     0.00    0.00    0.00    3.90  92.40
dm-2             2.00      8.00     0.00   0.00    0.00     4.00   52.00    220.00     0.00   0.00    5.15     4.23    0.00      0.00     0.00   0.00    0.00     0.00    0.00    0.00    0.27   4.80
loop0            0.00      0.00     0.00   0.00    0.00     0.00    0.00      0.00     0.00   0.00    0.00     0.00    0.00      0.00     0.00   0.00    0.00     0.00    0.00    0.00    0.00   0.00
loop1            0.00      0.00     0.00   0.00    0.00     0.00    0.00      0.00     0.00   0.00    0.00     0.00    0.00      0.00     0.00   0.00    0.00     0.00    0.00    0.00    0.00   0.00
loop2            0.00      0.00     0.00   0.00    0.00     0.00    0.00      0.00     0.00   0.00    0.00     0.00    0.00      0.00     0.00   0.00    0.00     0.00    0.00    0.00    0.00   0.00
loop3            0.00      0.00     0.00   0.00    0.00     0.00    0.00      0.00     0.00   0.00    0.00     0.00    0.00      0.00     0.00   0.00    0.00     0.00    0.00    0.00    0.00   0.00
loop4            0.00      0.00     0.00   0.00    0.00     0.00    0.00      0.00     0.00   0.00    0.00     0.00    0.00      0.00     0.00   0.00    0.00     0.00    0.00    0.00    0.00   0.00
loop5            0.00      0.00     0.00   0.00    0.00     0.00    0.00      0.00     0.00   0.00    0.00     0.00    0.00      0.00     0.00   0.00    0.00     0.00    0.00    0.00    0.00   0.00
loop6            0.00      0.00     0.00   0.00    0.00     0.00    0.00      0.00     0.00   0.00    0.00     0.00    0.00      0.00     0.00   0.00    0.00     0.00    0.00    0.00    0.00   0.00
sda              2.00      8.00     0.00   0.00    0.00     4.00   13.00    220.00    39.00  75.00    3.31    16.92    0.00      0.00     0.00   0.00    0.00     0.00    0.00    0.00    0.04   4.80
sdb              0.00      0.00     0.00   0.00    0.00     0.00  991.00  29616.00   254.00  20.40    6.59    29.88    0.00      0.00     0.00   0.00    0.00     0.00    0.00    0.00    6.53  92.80


avg-cpu:  %user   %nice %system %iowait  %steal   %idle
           0.64    0.00    0.52    1.58    0.00   97.26

Device            r/s     rkB/s   rrqm/s  %rrqm r_await rareq-sz     w/s     wkB/s   wrqm/s  %wrqm w_await wareq-sz     d/s     dkB/s   drqm/s  %drqm d_await dareq-sz     f/s f_await  aqu-sz  %util
dm-0             0.00      0.00     0.00   0.00    0.00     0.00  558.00  13992.00     0.00   0.00   10.26    25.08    0.00      0.00     0.00   0.00    0.00     0.00    0.00    0.00    5.72  94.40
dm-1             0.00      0.00     0.00   0.00    0.00     0.00  549.00  13956.00     0.00   0.00   10.86    25.42    0.00      0.00     0.00   0.00    0.00     0.00    0.00    0.00    5.96  96.00
dm-2             0.00      0.00     0.00   0.00    0.00     0.00  230.00   1020.00     0.00   0.00    3.88     4.43    0.00      0.00     0.00   0.00    0.00     0.00    0.00    0.00    0.89   7.20
loop0            0.00      0.00     0.00   0.00    0.00     0.00    0.00      0.00     0.00   0.00    0.00     0.00    0.00      0.00     0.00   0.00    0.00     0.00    0.00    0.00    0.00   0.00
loop1            0.00      0.00     0.00   0.00    0.00     0.00    0.00      0.00     0.00   0.00    0.00     0.00    0.00      0.00     0.00   0.00    0.00     0.00    0.00    0.00    0.00   0.00
loop2            0.00      0.00     0.00   0.00    0.00     0.00    0.00      0.00     0.00   0.00    0.00     0.00    0.00      0.00     0.00   0.00    0.00     0.00    0.00    0.00    0.00   0.00
loop3            0.00      0.00     0.00   0.00    0.00     0.00    0.00      0.00     0.00   0.00    0.00     0.00    0.00      0.00     0.00   0.00    0.00     0.00    0.00    0.00    0.00   0.00
loop4            0.00      0.00     0.00   0.00    0.00     0.00    0.00      0.00     0.00   0.00    0.00     0.00    0.00      0.00     0.00   0.00    0.00     0.00    0.00    0.00    0.00   0.00
loop5            0.00      0.00     0.00   0.00    0.00     0.00    0.00      0.00     0.00   0.00    0.00     0.00    0.00      0.00     0.00   0.00    0.00     0.00    0.00    0.00    0.00   0.00
loop6            0.00      0.00     0.00   0.00    0.00     0.00    0.00      0.00     0.00   0.00    0.00     0.00    0.00      0.00     0.00   0.00    0.00     0.00    0.00    0.00    0.00   0.00
sda              0.00      0.00     0.00   0.00    0.00     0.00  198.00   1020.00    32.00  13.91    4.84     5.15    0.00      0.00     0.00   0.00    0.00     0.00    0.00    0.00    0.96   7.20
sdb              0.00      0.00     0.00   0.00    0.00     0.00  867.00  27956.00   240.00  21.68   11.06    32.24    0.00      0.00     0.00   0.00    0.00     0.00    0.00    0.00    9.59  96.40


avg-cpu:  %user   %nice %system %iowait  %steal   %idle
           0.74    0.00    0.63    0.96    0.00   97.68

Device            r/s     rkB/s   rrqm/s  %rrqm r_await rareq-sz     w/s     wkB/s   wrqm/s  %wrqm w_await wareq-sz     d/s     dkB/s   drqm/s  %drqm d_await dareq-sz     f/s f_await  aqu-sz  %util
dm-0             0.00      0.00     0.00   0.00    0.00     0.00  671.00  14624.00     0.00   0.00    5.10    21.79    0.00      0.00     0.00   0.00    0.00     0.00    0.00    0.00    3.42  84.00
dm-1             0.00      0.00     0.00   0.00    0.00     0.00  658.00  14572.00     0.00   0.00    4.98    22.15    0.00      0.00     0.00   0.00    0.00     0.00    0.00    0.00    3.28  85.20
dm-2             0.00      0.00     0.00   0.00    0.00     0.00   27.00    132.00     0.00   0.00    0.89     4.89    0.00      0.00     0.00   0.00    0.00     0.00    0.00    0.00    0.02   3.20
loop0            0.00      0.00     0.00   0.00    0.00     0.00    0.00      0.00     0.00   0.00    0.00     0.00    0.00      0.00     0.00   0.00    0.00     0.00    0.00    0.00    0.00   0.00
loop1            0.00      0.00     0.00   0.00    0.00     0.00    0.00      0.00     0.00   0.00    0.00     0.00    0.00      0.00     0.00   0.00    0.00     0.00    0.00    0.00    0.00   0.00
loop2            0.00      0.00     0.00   0.00    0.00     0.00    0.00      0.00     0.00   0.00    0.00     0.00    0.00      0.00     0.00   0.00    0.00     0.00    0.00    0.00    0.00   0.00
loop3            0.00      0.00     0.00   0.00    0.00     0.00    0.00      0.00     0.00   0.00    0.00     0.00    0.00      0.00     0.00   0.00    0.00     0.00    0.00    0.00    0.00   0.00
loop4            0.00      0.00     0.00   0.00    0.00     0.00    0.00      0.00     0.00   0.00    0.00     0.00    0.00      0.00     0.00   0.00    0.00     0.00    0.00    0.00    0.00   0.00
loop5            0.00      0.00     0.00   0.00    0.00     0.00    0.00      0.00     0.00   0.00    0.00     0.00    0.00      0.00     0.00   0.00    0.00     0.00    0.00    0.00    0.00   0.00
loop6            0.00      0.00     0.00   0.00    0.00     0.00    0.00      0.00     0.00   0.00    0.00     0.00    0.00      0.00     0.00   0.00    0.00     0.00    0.00    0.00    0.00   0.00
sda              0.00      0.00     0.00   0.00    0.00     0.00   10.00    132.00    17.00  62.96    1.60    13.20    0.00      0.00     0.00   0.00    0.00     0.00    0.00    0.00    0.02   3.20
sdb              0.00      0.00     0.00   0.00    0.00     0.00 1087.00  30052.00   257.00  19.12    5.12    27.65    0.00      0.00     0.00   0.00    0.00     0.00    0.00    0.00    5.57  85.60


avg-cpu:  %user   %nice %system %iowait  %steal   %idle
           0.71    0.00    0.64    0.77    0.00   97.88

Device            r/s     rkB/s   rrqm/s  %rrqm r_await rareq-sz     w/s     wkB/s   wrqm/s  %wrqm w_await wareq-sz     d/s     dkB/s   drqm/s  %drqm d_await dareq-sz     f/s f_await  aqu-sz  %util
dm-0             0.00      0.00     0.00   0.00    0.00     0.00  768.00  15912.00     0.00   0.00    2.43    20.72    0.00      0.00     0.00   0.00    0.00     0.00    0.00    0.00    1.87  77.60
dm-1             0.00      0.00     0.00   0.00    0.00     0.00  785.00  15980.00     0.00   0.00    2.23    20.36    0.00      0.00     0.00   0.00    0.00     0.00    0.00    0.00    1.75  77.60
dm-2             0.00      0.00     0.00   0.00    0.00     0.00   34.00    136.00     0.00   0.00    4.94     4.00    0.00      0.00     0.00   0.00    0.00     0.00    0.00    0.00    0.17   4.40
loop0            0.00      0.00     0.00   0.00    0.00     0.00    0.00      0.00     0.00   0.00    0.00     0.00    0.00      0.00     0.00   0.00    0.00     0.00    0.00    0.00    0.00   0.00
loop1            0.00      0.00     0.00   0.00    0.00     0.00    0.00      0.00     0.00   0.00    0.00     0.00    0.00      0.00     0.00   0.00    0.00     0.00    0.00    0.00    0.00   0.00
loop2            0.00      0.00     0.00   0.00    0.00     0.00    0.00      0.00     0.00   0.00    0.00     0.00    0.00      0.00     0.00   0.00    0.00     0.00    0.00    0.00    0.00   0.00
loop3            0.00      0.00     0.00   0.00    0.00     0.00    0.00      0.00     0.00   0.00    0.00     0.00    0.00      0.00     0.00   0.00    0.00     0.00    0.00    0.00    0.00   0.00
loop4            0.00      0.00     0.00   0.00    0.00     0.00    0.00      0.00     0.00   0.00    0.00     0.00    0.00      0.00     0.00   0.00    0.00     0.00    0.00    0.00    0.00   0.00
loop5            0.00      0.00     0.00   0.00    0.00     0.00    0.00      0.00     0.00   0.00    0.00     0.00    0.00      0.00     0.00   0.00    0.00     0.00    0.00    0.00    0.00   0.00
loop6            0.00      0.00     0.00   0.00    0.00     0.00    0.00      0.00     0.00   0.00    0.00     0.00    0.00      0.00     0.00   0.00    0.00     0.00    0.00    0.00    0.00   0.00
sda              0.00      0.00     0.00   0.00    0.00     0.00   11.00    136.00    23.00  67.65    3.27    12.36    0.00      0.00     0.00   0.00    0.00     0.00    0.00    0.00    0.04   4.40
sdb              0.00      0.00     0.00   0.00    0.00     0.00 1281.00  31548.00   265.00  17.14    2.44    24.63    0.00      0.00     0.00   0.00    0.00     0.00    0.00    0.00    3.13  78.40


avg-cpu:  %user   %nice %system %iowait  %steal   %idle
           0.66    0.00    0.61    1.02    0.00   97.71

Device            r/s     rkB/s   rrqm/s  %rrqm r_await rareq-sz     w/s     wkB/s   wrqm/s  %wrqm w_await wareq-sz     d/s     dkB/s   drqm/s  %drqm d_await dareq-sz     f/s f_await  aqu-sz  %util
dm-0             0.00      0.00     0.00   0.00    0.00     0.00  655.00  14624.00     0.00   0.00    4.87    22.33    0.00      0.00     0.00   0.00    0.00     0.00    0.00    0.00    3.19  85.20
dm-1             0.00      0.00     0.00   0.00    0.00     0.00  654.00  14620.00     0.00   0.00    4.93    22.35    0.00      0.00     0.00   0.00    0.00     0.00    0.00    0.00    3.22  85.20
dm-2             0.00      0.00     0.00   0.00    0.00     0.00   15.00     76.00     0.00   0.00    1.07     5.07    0.00      0.00     0.00   0.00    0.00     0.00    0.00    0.00    0.02   1.60
loop0            0.00      0.00     0.00   0.00    0.00     0.00    0.00      0.00     0.00   0.00    0.00     0.00    0.00      0.00     0.00   0.00    0.00     0.00    0.00    0.00    0.00   0.00
loop1            0.00      0.00     0.00   0.00    0.00     0.00    0.00      0.00     0.00   0.00    0.00     0.00    0.00      0.00     0.00   0.00    0.00     0.00    0.00    0.00    0.00   0.00
loop2            0.00      0.00     0.00   0.00    0.00     0.00    0.00      0.00     0.00   0.00    0.00     0.00    0.00      0.00     0.00   0.00    0.00     0.00    0.00    0.00    0.00   0.00
loop3            0.00      0.00     0.00   0.00    0.00     0.00    0.00      0.00     0.00   0.00    0.00     0.00    0.00      0.00     0.00   0.00    0.00     0.00    0.00    0.00    0.00   0.00
loop4            0.00      0.00     0.00   0.00    0.00     0.00    0.00      0.00     0.00   0.00    0.00     0.00    0.00      0.00     0.00   0.00    0.00     0.00    0.00    0.00    0.00   0.00
loop5            0.00      0.00     0.00   0.00    0.00     0.00    0.00      0.00     0.00   0.00    0.00     0.00    0.00      0.00     0.00   0.00    0.00     0.00    0.00    0.00    0.00   0.00
loop6            0.00      0.00     0.00   0.00    0.00     0.00    0.00      0.00     0.00   0.00    0.00     0.00    0.00      0.00     0.00   0.00    0.00     0.00    0.00    0.00    0.00   0.00
sda              0.00      0.00     0.00   0.00    0.00     0.00    6.00     76.00     9.00  60.00    0.83    12.67    0.00      0.00     0.00   0.00    0.00     0.00    0.00    0.00    0.01   1.60
sdb              0.00      0.00     0.00   0.00    0.00     0.00 1072.00  29516.00   241.00  18.35    5.10    27.53    0.00      0.00     0.00   0.00    0.00     0.00    0.00    0.00    5.46  86.40


avg-cpu:  %user   %nice %system %iowait  %steal   %idle
           0.66    0.00    0.53    1.55    0.00   97.26

Device            r/s     rkB/s   rrqm/s  %rrqm r_await rareq-sz     w/s     wkB/s   wrqm/s  %wrqm w_await wareq-sz     d/s     dkB/s   drqm/s  %drqm d_await dareq-sz     f/s f_await  aqu-sz  %util
dm-0             0.00      0.00     0.00   0.00    0.00     0.00  563.00  14312.00     0.00   0.00   10.25    25.42    0.00      0.00     0.00   0.00    0.00     0.00    0.00    0.00    5.77  97.60
dm-1             0.00      0.00     0.00   0.00    0.00     0.00  579.00  14256.00     0.00   0.00    9.53    24.62    0.00      0.00     0.00   0.00    0.00     0.00    0.00    0.00    5.52  98.40
dm-2             0.00      0.00     0.00   0.00    0.00     0.00   33.00    132.00     0.00   0.00    2.91     4.00    0.00      0.00     0.00   0.00    0.00     0.00    0.00    0.00    0.10   3.20
loop0            0.00      0.00     0.00   0.00    0.00     0.00    0.00      0.00     0.00   0.00    0.00     0.00    0.00      0.00     0.00   0.00    0.00     0.00    0.00    0.00    0.00   0.00
loop1            0.00      0.00     0.00   0.00    0.00     0.00    0.00      0.00     0.00   0.00    0.00     0.00    0.00      0.00     0.00   0.00    0.00     0.00    0.00    0.00    0.00   0.00
loop2            0.00      0.00     0.00   0.00    0.00     0.00    0.00      0.00     0.00   0.00    0.00     0.00    0.00      0.00     0.00   0.00    0.00     0.00    0.00    0.00    0.00   0.00
loop3            0.00      0.00     0.00   0.00    0.00     0.00    0.00      0.00     0.00   0.00    0.00     0.00    0.00      0.00     0.00   0.00    0.00     0.00    0.00    0.00    0.00   0.00
loop4            0.00      0.00     0.00   0.00    0.00     0.00    0.00      0.00     0.00   0.00    0.00     0.00    0.00      0.00     0.00   0.00    0.00     0.00    0.00    0.00    0.00   0.00
loop5            0.00      0.00     0.00   0.00    0.00     0.00    0.00      0.00     0.00   0.00    0.00     0.00    0.00      0.00     0.00   0.00    0.00     0.00    0.00    0.00    0.00   0.00
loop6            0.00      0.00     0.00   0.00    0.00     0.00    0.00      0.00     0.00   0.00    0.00     0.00    0.00      0.00     0.00   0.00    0.00     0.00    0.00    0.00    0.00   0.00
sda              0.00      0.00     0.00   0.00    0.00     0.00   11.00    132.00    22.00  66.67    2.27    12.00    0.00      0.00     0.00   0.00    0.00     0.00    0.00    0.00    0.03   3.20
sdb              0.00      0.00     0.00   0.00    0.00     0.00  873.00  28112.00   262.00  23.08   10.65    32.20    0.00      0.00     0.00   0.00    0.00     0.00    0.00    0.00    9.29  98.00


avg-cpu:  %user   %nice %system %iowait  %steal   %idle
           0.64    0.00    0.52    0.93    0.00   97.91

Device            r/s     rkB/s   rrqm/s  %rrqm r_await rareq-sz     w/s     wkB/s   wrqm/s  %wrqm w_await wareq-sz     d/s     dkB/s   drqm/s  %drqm d_await dareq-sz     f/s f_await  aqu-sz  %util
dm-0             0.00      0.00     0.00   0.00    0.00     0.00  685.00  15040.00     0.00   0.00    5.13    21.96    0.00      0.00     0.00   0.00    0.00     0.00    0.00    0.00    3.52  85.60
dm-1             0.00      0.00     0.00   0.00    0.00     0.00  699.00  15216.00     0.00   0.00    4.76    21.77    0.00      0.00     0.00   0.00    0.00     0.00    0.00    0.00    3.33  86.00
dm-2             0.00      0.00     0.00   0.00    0.00     0.00  112.00    500.00     0.00   0.00    0.64     4.46    0.00      0.00     0.00   0.00    0.00     0.00    0.00    0.00    0.07   2.40
loop0            0.00      0.00     0.00   0.00    0.00     0.00    0.00      0.00     0.00   0.00    0.00     0.00    0.00      0.00     0.00   0.00    0.00     0.00    0.00    0.00    0.00   0.00
loop1            0.00      0.00     0.00   0.00    0.00     0.00    0.00      0.00     0.00   0.00    0.00     0.00    0.00      0.00     0.00   0.00    0.00     0.00    0.00    0.00    0.00   0.00
loop2            0.00      0.00     0.00   0.00    0.00     0.00    0.00      0.00     0.00   0.00    0.00     0.00    0.00      0.00     0.00   0.00    0.00     0.00    0.00    0.00    0.00   0.00
loop3            0.00      0.00     0.00   0.00    0.00     0.00    0.00      0.00     0.00   0.00    0.00     0.00    0.00      0.00     0.00   0.00    0.00     0.00    0.00    0.00    0.00   0.00
loop4            0.00      0.00     0.00   0.00    0.00     0.00    0.00      0.00     0.00   0.00    0.00     0.00    0.00      0.00     0.00   0.00    0.00     0.00    0.00    0.00    0.00   0.00
loop5            0.00      0.00     0.00   0.00    0.00     0.00    0.00      0.00     0.00   0.00    0.00     0.00    0.00      0.00     0.00   0.00    0.00     0.00    0.00    0.00    0.00   0.00
loop6            0.00      0.00     0.00   0.00    0.00     0.00    0.00      0.00     0.00   0.00    0.00     0.00    0.00      0.00     0.00   0.00    0.00     0.00    0.00    0.00    0.00   0.00
sda              0.00      0.00     0.00   0.00    0.00     0.00   94.00    500.00    18.00  16.07    1.80     5.32    0.00      0.00     0.00   0.00    0.00     0.00    0.00    0.00    0.17   2.40
sdb              0.00      0.00     0.00   0.00    0.00     0.00 1140.00  30776.00   252.00  18.10    5.12    27.00    0.00      0.00     0.00   0.00    0.00     0.00    0.00    0.00    5.83  87.20


avg-cpu:  %user   %nice %system %iowait  %steal   %idle
           0.57    0.00    0.47    1.37    0.00   97.60

Device            r/s     rkB/s   rrqm/s  %rrqm r_await rareq-sz     w/s     wkB/s   wrqm/s  %wrqm w_await wareq-sz     d/s     dkB/s   drqm/s  %drqm d_await dareq-sz     f/s f_await  aqu-sz  %util
dm-0             0.00      0.00     0.00   0.00    0.00     0.00  682.00  14248.00     0.00   0.00    5.74    20.89    0.00      0.00     0.00   0.00    0.00     0.00    0.00    0.00    3.91  81.60
dm-1             0.00      0.00     0.00   0.00    0.00     0.00  698.00  14312.00     0.00   0.00    5.42    20.50    0.00      0.00     0.00   0.00    0.00     0.00    0.00    0.00    3.78  83.20
dm-2             0.00      0.00     0.00   0.00    0.00     0.00   45.00    180.00     0.00   0.00    6.22     4.00    0.00      0.00     0.00   0.00    0.00     0.00    0.00    0.00    0.28  16.00
loop0            0.00      0.00     0.00   0.00    0.00     0.00    0.00      0.00     0.00   0.00    0.00     0.00    0.00      0.00     0.00   0.00    0.00     0.00    0.00    0.00    0.00   0.00
loop1            0.00      0.00     0.00   0.00    0.00     0.00    0.00      0.00     0.00   0.00    0.00     0.00    0.00      0.00     0.00   0.00    0.00     0.00    0.00    0.00    0.00   0.00
loop2            0.00      0.00     0.00   0.00    0.00     0.00    0.00      0.00     0.00   0.00    0.00     0.00    0.00      0.00     0.00   0.00    0.00     0.00    0.00    0.00    0.00   0.00
loop3            0.00      0.00     0.00   0.00    0.00     0.00    0.00      0.00     0.00   0.00    0.00     0.00    0.00      0.00     0.00   0.00    0.00     0.00    0.00    0.00    0.00   0.00
loop4            0.00      0.00     0.00   0.00    0.00     0.00    0.00      0.00     0.00   0.00    0.00     0.00    0.00      0.00     0.00   0.00    0.00     0.00    0.00    0.00    0.00   0.00
loop5            0.00      0.00     0.00   0.00    0.00     0.00    0.00      0.00     0.00   0.00    0.00     0.00    0.00      0.00     0.00   0.00    0.00     0.00    0.00    0.00    0.00   0.00
loop6            0.00      0.00     0.00   0.00    0.00     0.00    0.00      0.00     0.00   0.00    0.00     0.00    0.00      0.00     0.00   0.00    0.00     0.00    0.00    0.00    0.00   0.00
sda              0.00      0.00     0.00   0.00    0.00     0.00   15.00    180.00    30.00  66.67    9.67    12.00    0.00      0.00     0.00   0.00    0.00     0.00    0.00    0.00    0.14  16.00
sdb              0.00      0.00     0.00   0.00    0.00     0.00 1128.00  28428.00   250.00  18.14    5.73    25.20    0.00      0.00     0.00   0.00    0.00     0.00    0.00    0.00    6.46  83.60


avg-cpu:  %user   %nice %system %iowait  %steal   %idle
           0.69    0.00    0.63    0.96    0.00   97.72

Device            r/s     rkB/s   rrqm/s  %rrqm r_await rareq-sz     w/s     wkB/s   wrqm/s  %wrqm w_await wareq-sz     d/s     dkB/s   drqm/s  %drqm d_await dareq-sz     f/s f_await  aqu-sz  %util
dm-0             0.00      0.00     0.00   0.00    0.00     0.00  796.00  15904.00     0.00   0.00    3.99    19.98    0.00      0.00     0.00   0.00    0.00     0.00    0.00    0.00    3.18  83.20
dm-1             0.00      0.00     0.00   0.00    0.00     0.00  813.00  15972.00     0.00   0.00    3.69    19.65    0.00      0.00     0.00   0.00    0.00     0.00    0.00    0.00    3.00  83.60
dm-2            36.00    144.00     0.00   0.00    0.00     4.00   13.00     72.00     0.00   0.00    0.00     5.54    0.00      0.00     0.00   0.00    0.00     0.00    0.00    0.00    0.00   1.20
loop0            0.00      0.00     0.00   0.00    0.00     0.00    0.00      0.00     0.00   0.00    0.00     0.00    0.00      0.00     0.00   0.00    0.00     0.00    0.00    0.00    0.00   0.00
loop1            0.00      0.00     0.00   0.00    0.00     0.00    0.00      0.00     0.00   0.00    0.00     0.00    0.00      0.00     0.00   0.00    0.00     0.00    0.00    0.00    0.00   0.00
loop2            0.00      0.00     0.00   0.00    0.00     0.00    0.00      0.00     0.00   0.00    0.00     0.00    0.00      0.00     0.00   0.00    0.00     0.00    0.00    0.00    0.00   0.00
loop3            0.00      0.00     0.00   0.00    0.00     0.00    0.00      0.00     0.00   0.00    0.00     0.00    0.00      0.00     0.00   0.00    0.00     0.00    0.00    0.00    0.00   0.00
loop4            0.00      0.00     0.00   0.00    0.00     0.00    0.00      0.00     0.00   0.00    0.00     0.00    0.00      0.00     0.00   0.00    0.00     0.00    0.00    0.00    0.00   0.00
loop5            0.00      0.00     0.00   0.00    0.00     0.00    0.00      0.00     0.00   0.00    0.00     0.00    0.00      0.00     0.00   0.00    0.00     0.00    0.00    0.00    0.00   0.00
loop6            0.00      0.00     0.00   0.00    0.00     0.00    0.00      0.00     0.00   0.00    0.00     0.00    0.00      0.00     0.00   0.00    0.00     0.00    0.00    0.00    0.00   0.00
sda              6.00    144.00    30.00  83.33    0.50    24.00    6.00     72.00     7.00  53.85    0.17    12.00    0.00      0.00     0.00   0.00    0.00     0.00    0.00    0.00    0.00   1.20
sdb              0.00      0.00     0.00   0.00    0.00     0.00 1339.00  32016.00   274.00  16.99    4.06    23.91    0.00      0.00     0.00   0.00    0.00     0.00    0.00    0.00    5.43  83.60


avg-cpu:  %user   %nice %system %iowait  %steal   %idle
           0.58    0.00    0.55    0.58    0.00   98.29

Device            r/s     rkB/s   rrqm/s  %rrqm r_await rareq-sz     w/s     wkB/s   wrqm/s  %wrqm w_await wareq-sz     d/s     dkB/s   drqm/s  %drqm d_await dareq-sz     f/s f_await  aqu-sz  %util
dm-0             0.00      0.00     0.00   0.00    0.00     0.00  809.00  14576.00     0.00   0.00    2.57    18.02    0.00      0.00     0.00   0.00    0.00     0.00    0.00    0.00    2.08  60.40
dm-1             0.00      0.00     0.00   0.00    0.00     0.00  801.00  14488.00     0.00   0.00    2.53    18.09    0.00      0.00     0.00   0.00    0.00     0.00    0.00    0.00    2.02  62.00
dm-2             0.00      0.00     0.00   0.00    0.00     0.00   32.00    128.00     0.00   0.00    0.38     4.00    0.00      0.00     0.00   0.00    0.00     0.00    0.00    0.00    0.01   1.60
loop0            0.00      0.00     0.00   0.00    0.00     0.00    0.00      0.00     0.00   0.00    0.00     0.00    0.00      0.00     0.00   0.00    0.00     0.00    0.00    0.00    0.00   0.00
loop1            0.00      0.00     0.00   0.00    0.00     0.00    0.00      0.00     0.00   0.00    0.00     0.00    0.00      0.00     0.00   0.00    0.00     0.00    0.00    0.00    0.00   0.00
loop2            0.00      0.00     0.00   0.00    0.00     0.00    0.00      0.00     0.00   0.00    0.00     0.00    0.00      0.00     0.00   0.00    0.00     0.00    0.00    0.00    0.00   0.00
loop3            0.00      0.00     0.00   0.00    0.00     0.00    0.00      0.00     0.00   0.00    0.00     0.00    0.00      0.00     0.00   0.00    0.00     0.00    0.00    0.00    0.00   0.00
loop4            0.00      0.00     0.00   0.00    0.00     0.00    0.00      0.00     0.00   0.00    0.00     0.00    0.00      0.00     0.00   0.00    0.00     0.00    0.00    0.00    0.00   0.00
loop5            0.00      0.00     0.00   0.00    0.00     0.00    0.00      0.00     0.00   0.00    0.00     0.00    0.00      0.00     0.00   0.00    0.00     0.00    0.00    0.00    0.00   0.00
loop6            0.00      0.00     0.00   0.00    0.00     0.00    0.00      0.00     0.00   0.00    0.00     0.00    0.00      0.00     0.00   0.00    0.00     0.00    0.00    0.00    0.00   0.00
sda              0.00      0.00     0.00   0.00    0.00     0.00   11.00    128.00    21.00  65.62    0.64    11.64    0.00      0.00     0.00   0.00    0.00     0.00    0.00    0.00    0.01   1.60
sdb              0.00      0.00     0.00   0.00    0.00     0.00 1366.00  29060.00   243.00  15.10    2.61    21.27    0.00      0.00     0.00   0.00    0.00     0.00    0.00    0.00    3.56  62.40


avg-cpu:  %user   %nice %system %iowait  %steal   %idle
           0.64    0.00    0.52    1.04    0.00   97.80

Device            r/s     rkB/s   rrqm/s  %rrqm r_await rareq-sz     w/s     wkB/s   wrqm/s  %wrqm w_await wareq-sz     d/s     dkB/s   drqm/s  %drqm d_await dareq-sz     f/s f_await  aqu-sz  %util
dm-0             0.00      0.00     0.00   0.00    0.00     0.00  728.00  15936.00     0.00   0.00    4.70    21.89    0.00      0.00     0.00   0.00    0.00     0.00    0.00    0.00    3.42  92.00
dm-1             0.00      0.00     0.00   0.00    0.00     0.00  736.00  16024.00     0.00   0.00    4.56    21.77    0.00      0.00     0.00   0.00    0.00     0.00    0.00    0.00    3.36  93.20
dm-2             0.00      0.00     0.00   0.00    0.00     0.00   16.00     80.00     0.00   0.00    0.75     5.00    0.00      0.00     0.00   0.00    0.00     0.00    0.00    0.00    0.01   1.20
loop0            0.00      0.00     0.00   0.00    0.00     0.00    0.00      0.00     0.00   0.00    0.00     0.00    0.00      0.00     0.00   0.00    0.00     0.00    0.00    0.00    0.00   0.00
loop1            0.00      0.00     0.00   0.00    0.00     0.00    0.00      0.00     0.00   0.00    0.00     0.00    0.00      0.00     0.00   0.00    0.00     0.00    0.00    0.00    0.00   0.00
loop2            0.00      0.00     0.00   0.00    0.00     0.00    0.00      0.00     0.00   0.00    0.00     0.00    0.00      0.00     0.00   0.00    0.00     0.00    0.00    0.00    0.00   0.00
loop3            0.00      0.00     0.00   0.00    0.00     0.00    0.00      0.00     0.00   0.00    0.00     0.00    0.00      0.00     0.00   0.00    0.00     0.00    0.00    0.00    0.00   0.00
loop4            0.00      0.00     0.00   0.00    0.00     0.00    0.00      0.00     0.00   0.00    0.00     0.00    0.00      0.00     0.00   0.00    0.00     0.00    0.00    0.00    0.00   0.00
loop5            0.00      0.00     0.00   0.00    0.00     0.00    0.00      0.00     0.00   0.00    0.00     0.00    0.00      0.00     0.00   0.00    0.00     0.00    0.00    0.00    0.00   0.00
loop6            0.00      0.00     0.00   0.00    0.00     0.00    0.00      0.00     0.00   0.00    0.00     0.00    0.00      0.00     0.00   0.00    0.00     0.00    0.00    0.00    0.00   0.00
sda              0.00      0.00     0.00   0.00    0.00     0.00    6.00     80.00    10.00  62.50    0.67    13.33    0.00      0.00     0.00   0.00    0.00     0.00    0.00    0.00    0.00   1.20
sdb              0.00      0.00     0.00   0.00    0.00     0.00 1178.00  30732.00   266.00  18.42    5.06    26.09    0.00      0.00     0.00   0.00    0.00     0.00    0.00    0.00    5.96  92.80


avg-cpu:  %user   %nice %system %iowait  %steal   %idle
           0.74    0.00    0.56    1.35    0.00   97.35

Device            r/s     rkB/s   rrqm/s  %rrqm r_await rareq-sz     w/s     wkB/s   wrqm/s  %wrqm w_await wareq-sz     d/s     dkB/s   drqm/s  %drqm d_await dareq-sz     f/s f_await  aqu-sz  %util
dm-0             0.00      0.00     0.00   0.00    0.00     0.00  570.00  14460.00     0.00   0.00    9.98    25.37    0.00      0.00     0.00   0.00    0.00     0.00    0.00    0.00    5.69  94.40
dm-1             0.00      0.00     0.00   0.00    0.00     0.00  571.00  14344.00     0.00   0.00    9.48    25.12    0.00      0.00     0.00   0.00    0.00     0.00    0.00    0.00    5.41  96.40
dm-2             0.00      0.00     0.00   0.00    0.00     0.00  110.00    472.00     0.00   0.00    0.91     4.29    0.00      0.00     0.00   0.00    0.00     0.00    0.00    0.00    0.10   4.80
loop0            0.00      0.00     0.00   0.00    0.00     0.00    0.00      0.00     0.00   0.00    0.00     0.00    0.00      0.00     0.00   0.00    0.00     0.00    0.00    0.00    0.00   0.00
loop1            0.00      0.00     0.00   0.00    0.00     0.00    0.00      0.00     0.00   0.00    0.00     0.00    0.00      0.00     0.00   0.00    0.00     0.00    0.00    0.00    0.00   0.00
loop2            0.00      0.00     0.00   0.00    0.00     0.00    0.00      0.00     0.00   0.00    0.00     0.00    0.00      0.00     0.00   0.00    0.00     0.00    0.00    0.00    0.00   0.00
loop3            0.00      0.00     0.00   0.00    0.00     0.00    0.00      0.00     0.00   0.00    0.00     0.00    0.00      0.00     0.00   0.00    0.00     0.00    0.00    0.00    0.00   0.00
loop4            0.00      0.00     0.00   0.00    0.00     0.00    0.00      0.00     0.00   0.00    0.00     0.00    0.00      0.00     0.00   0.00    0.00     0.00    0.00    0.00    0.00   0.00
loop5            0.00      0.00     0.00   0.00    0.00     0.00    0.00      0.00     0.00   0.00    0.00     0.00    0.00      0.00     0.00   0.00    0.00     0.00    0.00    0.00    0.00   0.00
loop6            0.00      0.00     0.00   0.00    0.00     0.00    0.00      0.00     0.00   0.00    0.00     0.00    0.00      0.00     0.00   0.00    0.00     0.00    0.00    0.00    0.00   0.00
sda              0.00      0.00     0.00   0.00    0.00     0.00   83.00    472.00    27.00  24.55    2.27     5.69    0.00      0.00     0.00   0.00    0.00     0.00    0.00    0.00    0.19   4.80
sdb              0.00      0.00     0.00   0.00    0.00     0.00  897.00  29320.00   252.00  21.93   10.57    32.69    0.00      0.00     0.00   0.00    0.00     0.00    0.00    0.00    9.48  96.40


avg-cpu:  %user   %nice %system %iowait  %steal   %idle
           0.96    0.00    0.63    1.77    0.00   96.64

Device            r/s     rkB/s   rrqm/s  %rrqm r_await rareq-sz     w/s     wkB/s   wrqm/s  %wrqm w_await wareq-sz     d/s     dkB/s   drqm/s  %drqm d_await dareq-sz     f/s f_await  aqu-sz  %util
dm-0             0.00      0.00     0.00   0.00    0.00     0.00  507.00  13128.00     0.00   0.00   10.66    25.89    0.00      0.00     0.00   0.00    0.00     0.00    0.00    0.00    5.40  95.20
dm-1             0.00      0.00     0.00   0.00    0.00     0.00  520.00  13180.00     0.00   0.00   10.15    25.35    0.00      0.00     0.00   0.00    0.00     0.00    0.00    0.00    5.28  94.80
dm-2           846.00  29400.00     0.00   0.00    0.42    34.75   84.00    356.00     0.00   0.00    5.33     4.24    0.00      0.00     0.00   0.00    0.00     0.00    0.00    0.00    0.80  50.00
loop0            0.00      0.00     0.00   0.00    0.00     0.00    0.00      0.00     0.00   0.00    0.00     0.00    0.00      0.00     0.00   0.00    0.00     0.00    0.00    0.00    0.00   0.00
loop1            0.00      0.00     0.00   0.00    0.00     0.00    0.00      0.00     0.00   0.00    0.00     0.00    0.00      0.00     0.00   0.00    0.00     0.00    0.00    0.00    0.00   0.00
loop2            0.00      0.00     0.00   0.00    0.00     0.00    0.00      0.00     0.00   0.00    0.00     0.00    0.00      0.00     0.00   0.00    0.00     0.00    0.00    0.00    0.00   0.00
loop3            0.00      0.00     0.00   0.00    0.00     0.00    0.00      0.00     0.00   0.00    0.00     0.00    0.00      0.00     0.00   0.00    0.00     0.00    0.00    0.00    0.00   0.00
loop4            0.00      0.00     0.00   0.00    0.00     0.00    0.00      0.00     0.00   0.00    0.00     0.00    0.00      0.00     0.00   0.00    0.00     0.00    0.00    0.00    0.00   0.00
loop5            0.00      0.00     0.00   0.00    0.00     0.00    0.00      0.00     0.00   0.00    0.00     0.00    0.00      0.00     0.00   0.00    0.00     0.00    0.00    0.00    0.00   0.00
loop6            0.00      0.00     0.00   0.00    0.00     0.00    0.00      0.00     0.00   0.00    0.00     0.00    0.00      0.00     0.00   0.00    0.00     0.00    0.00    0.00    0.00   0.00
sda            586.00  29148.00   257.00  30.49    0.55    49.74   47.00    356.00    37.00  44.05    6.32     7.57    0.00      0.00     0.00   0.00    0.00     0.00    0.00    0.00    0.62  50.40
sdb              0.00      0.00     0.00   0.00    0.00     0.00  813.00  26952.00   223.00  21.53   11.21    33.15    0.00      0.00     0.00   0.00    0.00     0.00    0.00    0.00    9.11  95.20


avg-cpu:  %user   %nice %system %iowait  %steal   %idle
           0.74    0.00    0.71    1.65    0.00   96.91

Device            r/s     rkB/s   rrqm/s  %rrqm r_await rareq-sz     w/s     wkB/s   wrqm/s  %wrqm w_await wareq-sz     d/s     dkB/s   drqm/s  %drqm d_await dareq-sz     f/s f_await  aqu-sz  %util
dm-0             0.00      0.00     0.00   0.00    0.00     0.00  588.00  15132.00     0.00   0.00    9.41    25.73    0.00      0.00     0.00   0.00    0.00     0.00    0.00    0.00    5.53  97.60
dm-1             0.00      0.00     0.00   0.00    0.00     0.00  592.00  15148.00     0.00   0.00    9.11    25.59    0.00      0.00     0.00   0.00    0.00     0.00    0.00    0.00    5.40  97.60
dm-2           284.00  25028.00     0.00   0.00    0.65    88.13   34.00    136.00     0.00   0.00    2.71     4.00    0.00      0.00     0.00   0.00    0.00     0.00    0.00    0.00    0.28  26.40
loop0            0.00      0.00     0.00   0.00    0.00     0.00    0.00      0.00     0.00   0.00    0.00     0.00    0.00      0.00     0.00   0.00    0.00     0.00    0.00    0.00    0.00   0.00
loop1            0.00      0.00     0.00   0.00    0.00     0.00    0.00      0.00     0.00   0.00    0.00     0.00    0.00      0.00     0.00   0.00    0.00     0.00    0.00    0.00    0.00   0.00
loop2            0.00      0.00     0.00   0.00    0.00     0.00    0.00      0.00     0.00   0.00    0.00     0.00    0.00      0.00     0.00   0.00    0.00     0.00    0.00    0.00    0.00   0.00
loop3            0.00      0.00     0.00   0.00    0.00     0.00    0.00      0.00     0.00   0.00    0.00     0.00    0.00      0.00     0.00   0.00    0.00     0.00    0.00    0.00    0.00   0.00
loop4            0.00      0.00     0.00   0.00    0.00     0.00    0.00      0.00     0.00   0.00    0.00     0.00    0.00      0.00     0.00   0.00    0.00     0.00    0.00    0.00    0.00   0.00
loop5            0.00      0.00     0.00   0.00    0.00     0.00    0.00      0.00     0.00   0.00    0.00     0.00    0.00      0.00     0.00   0.00    0.00     0.00    0.00    0.00    0.00   0.00
loop6            0.00      0.00     0.00   0.00    0.00     0.00    0.00      0.00     0.00   0.00    0.00     0.00    0.00      0.00     0.00   0.00    0.00     0.00    0.00    0.00    0.00   0.00
sda            287.00  25280.00     0.00   0.00    0.63    88.08   11.00    136.00    23.00  67.65    2.09    12.36    0.00      0.00     0.00   0.00    0.00     0.00    0.00    0.00    0.20  26.40
sdb              0.00      0.00     0.00   0.00    0.00     0.00  903.00  29504.00   266.00  22.75   10.34    32.67    0.00      0.00     0.00   0.00    0.00     0.00    0.00    0.00    9.34  99.20


avg-cpu:  %user   %nice %system %iowait  %steal   %idle
           0.66    0.00    0.68    1.15    0.00   97.51

Device            r/s     rkB/s   rrqm/s  %rrqm r_await rareq-sz     w/s     wkB/s   wrqm/s  %wrqm w_await wareq-sz     d/s     dkB/s   drqm/s  %drqm d_await dareq-sz     f/s f_await  aqu-sz  %util
dm-0             0.00      0.00     0.00   0.00    0.00     0.00  655.00  14920.00     0.00   0.00    6.33    22.78    0.00      0.00     0.00   0.00    0.00     0.00    0.00    0.00    4.14  96.40
dm-1             0.00      0.00     0.00   0.00    0.00     0.00  661.00  14944.00     0.00   0.00    6.35    22.61    0.00      0.00     0.00   0.00    0.00     0.00    0.00    0.00    4.20  96.00
dm-2             5.00    268.00     0.00   0.00    0.80    53.60   47.00    188.00     0.00   0.00    2.38     4.00    0.00      0.00     0.00   0.00    0.00     0.00    0.00    0.00    0.12   6.80
loop0            0.00      0.00     0.00   0.00    0.00     0.00    0.00      0.00     0.00   0.00    0.00     0.00    0.00      0.00     0.00   0.00    0.00     0.00    0.00    0.00    0.00   0.00
loop1            0.00      0.00     0.00   0.00    0.00     0.00    0.00      0.00     0.00   0.00    0.00     0.00    0.00      0.00     0.00   0.00    0.00     0.00    0.00    0.00    0.00   0.00
loop2            0.00      0.00     0.00   0.00    0.00     0.00    0.00      0.00     0.00   0.00    0.00     0.00    0.00      0.00     0.00   0.00    0.00     0.00    0.00    0.00    0.00   0.00
loop3            0.00      0.00     0.00   0.00    0.00     0.00    0.00      0.00     0.00   0.00    0.00     0.00    0.00      0.00     0.00   0.00    0.00     0.00    0.00    0.00    0.00   0.00
loop4            0.00      0.00     0.00   0.00    0.00     0.00    0.00      0.00     0.00   0.00    0.00     0.00    0.00      0.00     0.00   0.00    0.00     0.00    0.00    0.00    0.00   0.00
loop5            0.00      0.00     0.00   0.00    0.00     0.00    0.00      0.00     0.00   0.00    0.00     0.00    0.00      0.00     0.00   0.00    0.00     0.00    0.00    0.00    0.00   0.00
loop6            0.00      0.00     0.00   0.00    0.00     0.00    0.00      0.00     0.00   0.00    0.00     0.00    0.00      0.00     0.00   0.00    0.00     0.00    0.00    0.00    0.00   0.00
sda              5.00    268.00     0.00   0.00    0.40    53.60   17.00    188.00    30.00  63.83    2.00    11.06    0.00      0.00     0.00   0.00    0.00     0.00    0.00    0.00    0.04   6.80
sdb              0.00      0.00     0.00   0.00    0.00     0.00 1068.00  30712.00   263.00  19.76    6.85    28.76    0.00      0.00     0.00   0.00    0.00     0.00    0.00    0.00    7.32  96.80


avg-cpu:  %user   %nice %system %iowait  %steal   %idle
           0.72    0.00    0.63    1.02    0.00   97.63

Device            r/s     rkB/s   rrqm/s  %rrqm r_await rareq-sz     w/s     wkB/s   wrqm/s  %wrqm w_await wareq-sz     d/s     dkB/s   drqm/s  %drqm d_await dareq-sz     f/s f_await  aqu-sz  %util
dm-0             0.00      0.00     0.00   0.00    0.00     0.00  727.00  15028.00     0.00   0.00    4.58    20.67    0.00      0.00     0.00   0.00    0.00     0.00    0.00    0.00    3.33  79.20
dm-1             0.00      0.00     0.00   0.00    0.00     0.00  747.00  15108.00     0.00   0.00    4.42    20.22    0.00      0.00     0.00   0.00    0.00     0.00    0.00    0.00    3.30  78.80
dm-2             0.00      0.00     0.00   0.00    0.00     0.00   47.00    208.00     0.00   0.00    3.23     4.43    0.00      0.00     0.00   0.00    0.00     0.00    0.00    0.00    0.15   7.60
loop0            0.00      0.00     0.00   0.00    0.00     0.00    0.00      0.00     0.00   0.00    0.00     0.00    0.00      0.00     0.00   0.00    0.00     0.00    0.00    0.00    0.00   0.00
loop1            0.00      0.00     0.00   0.00    0.00     0.00    0.00      0.00     0.00   0.00    0.00     0.00    0.00      0.00     0.00   0.00    0.00     0.00    0.00    0.00    0.00   0.00
loop2            0.00      0.00     0.00   0.00    0.00     0.00    0.00      0.00     0.00   0.00    0.00     0.00    0.00      0.00     0.00   0.00    0.00     0.00    0.00    0.00    0.00   0.00
loop3            0.00      0.00     0.00   0.00    0.00     0.00    0.00      0.00     0.00   0.00    0.00     0.00    0.00      0.00     0.00   0.00    0.00     0.00    0.00    0.00    0.00   0.00
loop4            0.00      0.00     0.00   0.00    0.00     0.00    0.00      0.00     0.00   0.00    0.00     0.00    0.00      0.00     0.00   0.00    0.00     0.00    0.00    0.00    0.00   0.00
loop5            0.00      0.00     0.00   0.00    0.00     0.00    0.00      0.00     0.00   0.00    0.00     0.00    0.00      0.00     0.00   0.00    0.00     0.00    0.00    0.00    0.00   0.00
loop6            0.00      0.00     0.00   0.00    0.00     0.00    0.00      0.00     0.00   0.00    0.00     0.00    0.00      0.00     0.00   0.00    0.00     0.00    0.00    0.00    0.00   0.00
sda              0.00      0.00     0.00   0.00    0.00     0.00   17.00    208.00    30.00  63.83    3.76    12.24    0.00      0.00     0.00   0.00    0.00     0.00    0.00    0.00    0.06   7.60
sdb              0.00      0.00     0.00   0.00    0.00     0.00 1221.00  30064.00   250.00  17.00    4.85    24.62    0.00      0.00     0.00   0.00    0.00     0.00    0.00    0.00    5.92  79.60


avg-cpu:  %user   %nice %system %iowait  %steal   %idle
           0.80    0.00    0.69    1.31    0.00   97.20

Device            r/s     rkB/s   rrqm/s  %rrqm r_await rareq-sz     w/s     wkB/s   wrqm/s  %wrqm w_await wareq-sz     d/s     dkB/s   drqm/s  %drqm d_await dareq-sz     f/s f_await  aqu-sz  %util
dm-0             0.00      0.00     0.00   0.00    0.00     0.00  528.00  14172.00     0.00   0.00   10.92    26.84    0.00      0.00     0.00   0.00    0.00     0.00    0.00    0.00    5.76  96.80
dm-1             0.00      0.00     0.00   0.00    0.00     0.00  549.00  14260.00     0.00   0.00   10.16    25.97    0.00      0.00     0.00   0.00    0.00     0.00    0.00    0.00    5.58  96.80
dm-2             0.00      0.00     0.00   0.00    0.00     0.00   22.00    112.00     0.00   0.00    1.09     5.09    0.00      0.00     0.00   0.00    0.00     0.00    0.00    0.00    0.02   2.40
loop0            0.00      0.00     0.00   0.00    0.00     0.00    0.00      0.00     0.00   0.00    0.00     0.00    0.00      0.00     0.00   0.00    0.00     0.00    0.00    0.00    0.00   0.00
loop1            0.00      0.00     0.00   0.00    0.00     0.00    0.00      0.00     0.00   0.00    0.00     0.00    0.00      0.00     0.00   0.00    0.00     0.00    0.00    0.00    0.00   0.00
loop2            0.00      0.00     0.00   0.00    0.00     0.00    0.00      0.00     0.00   0.00    0.00     0.00    0.00      0.00     0.00   0.00    0.00     0.00    0.00    0.00    0.00   0.00
loop3            0.00      0.00     0.00   0.00    0.00     0.00    0.00      0.00     0.00   0.00    0.00     0.00    0.00      0.00     0.00   0.00    0.00     0.00    0.00    0.00    0.00   0.00
loop4            0.00      0.00     0.00   0.00    0.00     0.00    0.00      0.00     0.00   0.00    0.00     0.00    0.00      0.00     0.00   0.00    0.00     0.00    0.00    0.00    0.00   0.00
loop5            0.00      0.00     0.00   0.00    0.00     0.00    0.00      0.00     0.00   0.00    0.00     0.00    0.00      0.00     0.00   0.00    0.00     0.00    0.00    0.00    0.00   0.00
loop6            0.00      0.00     0.00   0.00    0.00     0.00    0.00      0.00     0.00   0.00    0.00     0.00    0.00      0.00     0.00   0.00    0.00     0.00    0.00    0.00    0.00   0.00
sda              0.00      0.00     0.00   0.00    0.00     0.00    7.00    112.00    15.00  68.18    1.71    16.00    0.00      0.00     0.00   0.00    0.00     0.00    0.00    0.00    0.01   2.40
sdb              0.00      0.00     0.00   0.00    0.00     0.00  831.00  27912.00   238.00  22.26   11.95    33.59    0.00      0.00     0.00   0.00    0.00     0.00    0.00    0.00    9.93  97.60


avg-cpu:  %user   %nice %system %iowait  %steal   %idle
           0.58    0.00    0.56    1.26    0.00   97.60

Device            r/s     rkB/s   rrqm/s  %rrqm r_await rareq-sz     w/s     wkB/s   wrqm/s  %wrqm w_await wareq-sz     d/s     dkB/s   drqm/s  %drqm d_await dareq-sz     f/s f_await  aqu-sz  %util
dm-0             0.00      0.00     0.00   0.00    0.00     0.00  626.00  14088.00     0.00   0.00    7.64    22.50    0.00      0.00     0.00   0.00    0.00     0.00    0.00    0.00    4.78  84.00
dm-1             0.00      0.00     0.00   0.00    0.00     0.00  628.00  14092.00     0.00   0.00    7.57    22.44    0.00      0.00     0.00   0.00    0.00     0.00    0.00    0.00    4.75  87.60
dm-2             0.00      0.00     0.00   0.00    0.00     0.00  185.00    796.00     0.00   0.00    7.20     4.30    0.00      0.00     0.00   0.00    0.00     0.00    0.00    0.00    1.33  13.60
loop0            0.00      0.00     0.00   0.00    0.00     0.00    0.00      0.00     0.00   0.00    0.00     0.00    0.00      0.00     0.00   0.00    0.00     0.00    0.00    0.00    0.00   0.00
loop1            0.00      0.00     0.00   0.00    0.00     0.00    0.00      0.00     0.00   0.00    0.00     0.00    0.00      0.00     0.00   0.00    0.00     0.00    0.00    0.00    0.00   0.00
loop2            0.00      0.00     0.00   0.00    0.00     0.00    0.00      0.00     0.00   0.00    0.00     0.00    0.00      0.00     0.00   0.00    0.00     0.00    0.00    0.00    0.00   0.00
loop3            0.00      0.00     0.00   0.00    0.00     0.00    0.00      0.00     0.00   0.00    0.00     0.00    0.00      0.00     0.00   0.00    0.00     0.00    0.00    0.00    0.00   0.00
loop4            0.00      0.00     0.00   0.00    0.00     0.00    0.00      0.00     0.00   0.00    0.00     0.00    0.00      0.00     0.00   0.00    0.00     0.00    0.00    0.00    0.00   0.00
loop5            0.00      0.00     0.00   0.00    0.00     0.00    0.00      0.00     0.00   0.00    0.00     0.00    0.00      0.00     0.00   0.00    0.00     0.00    0.00    0.00    0.00   0.00
loop6            0.00      0.00     0.00   0.00    0.00     0.00    0.00      0.00     0.00   0.00    0.00     0.00    0.00      0.00     0.00   0.00    0.00     0.00    0.00    0.00    0.00   0.00
sda              0.00      0.00     0.00   0.00    0.00     0.00  151.00    796.00    34.00  18.38    8.10     5.27    0.00      0.00     0.00   0.00    0.00     0.00    0.00    0.00    1.22  13.60
sdb              0.00      0.00     0.00   0.00    0.00     0.00 1004.00  28512.00   256.00  20.32    8.71    28.40    0.00      0.00     0.00   0.00    0.00     0.00    0.00    0.00    8.75  88.40


avg-cpu:  %user   %nice %system %iowait  %steal   %idle
           0.61    0.00    0.68    0.33    0.00   98.38

Device            r/s     rkB/s   rrqm/s  %rrqm r_await rareq-sz     w/s     wkB/s   wrqm/s  %wrqm w_await wareq-sz     d/s     dkB/s   drqm/s  %drqm d_await dareq-sz     f/s f_await  aqu-sz  %util
dm-0             0.00      0.00     0.00   0.00    0.00     0.00  907.00  16348.00     0.00   0.00    1.28    18.02    0.00      0.00     0.00   0.00    0.00     0.00    0.00    0.00    1.16  63.20
dm-1             0.00      0.00     0.00   0.00    0.00     0.00  901.00  16324.00     0.00   0.00    1.34    18.12    0.00      0.00     0.00   0.00    0.00     0.00    0.00    0.00    1.21  62.80
dm-2             0.00      0.00     0.00   0.00    0.00     0.00   16.00     80.00     0.00   0.00    0.00     5.00    0.00      0.00     0.00   0.00    0.00     0.00    0.00    0.00    0.00   0.80
loop0            0.00      0.00     0.00   0.00    0.00     0.00    0.00      0.00     0.00   0.00    0.00     0.00    0.00      0.00     0.00   0.00    0.00     0.00    0.00    0.00    0.00   0.00
loop1            0.00      0.00     0.00   0.00    0.00     0.00    0.00      0.00     0.00   0.00    0.00     0.00    0.00      0.00     0.00   0.00    0.00     0.00    0.00    0.00    0.00   0.00
loop2            0.00      0.00     0.00   0.00    0.00     0.00    0.00      0.00     0.00   0.00    0.00     0.00    0.00      0.00     0.00   0.00    0.00     0.00    0.00    0.00    0.00   0.00
loop3            0.00      0.00     0.00   0.00    0.00     0.00    0.00      0.00     0.00   0.00    0.00     0.00    0.00      0.00     0.00   0.00    0.00     0.00    0.00    0.00    0.00   0.00
loop4            0.00      0.00     0.00   0.00    0.00     0.00    0.00      0.00     0.00   0.00    0.00     0.00    0.00      0.00     0.00   0.00    0.00     0.00    0.00    0.00    0.00   0.00
loop5            0.00      0.00     0.00   0.00    0.00     0.00    0.00      0.00     0.00   0.00    0.00     0.00    0.00      0.00     0.00   0.00    0.00     0.00    0.00    0.00    0.00   0.00
loop6            0.00      0.00     0.00   0.00    0.00     0.00    0.00      0.00     0.00   0.00    0.00     0.00    0.00      0.00     0.00   0.00    0.00     0.00    0.00    0.00    0.00   0.00
sda              0.00      0.00     0.00   0.00    0.00     0.00    6.00     80.00    10.00  62.50    0.00    13.33    0.00      0.00     0.00   0.00    0.00     0.00    0.00    0.00    0.00   0.80
sdb              0.00      0.00     0.00   0.00    0.00     0.00 1546.00  32932.00   267.00  14.73    1.48    21.30    0.00      0.00     0.00   0.00    0.00     0.00    0.00    0.00    2.28  64.00


avg-cpu:  %user   %nice %system %iowait  %steal   %idle
           0.64    0.00    0.49    1.15    0.00   97.72

Device            r/s     rkB/s   rrqm/s  %rrqm r_await rareq-sz     w/s     wkB/s   wrqm/s  %wrqm w_await wareq-sz     d/s     dkB/s   drqm/s  %drqm d_await dareq-sz     f/s f_await  aqu-sz  %util
dm-0             0.00      0.00     0.00   0.00    0.00     0.00  628.00  14872.00     0.00   0.00    7.44    23.68    0.00      0.00     0.00   0.00    0.00     0.00    0.00    0.00    4.67  92.80
dm-1             0.00      0.00     0.00   0.00    0.00     0.00  628.00  14812.00     0.00   0.00    7.00    23.59    0.00      0.00     0.00   0.00    0.00     0.00    0.00    0.00    4.40  91.60
dm-2             0.00      0.00     0.00   0.00    0.00     0.00   31.00    124.00     0.00   0.00    2.32     4.00    0.00      0.00     0.00   0.00    0.00     0.00    0.00    0.00    0.07   2.00
loop0            0.00      0.00     0.00   0.00    0.00     0.00    0.00      0.00     0.00   0.00    0.00     0.00    0.00      0.00     0.00   0.00    0.00     0.00    0.00    0.00    0.00   0.00
loop1            0.00      0.00     0.00   0.00    0.00     0.00    0.00      0.00     0.00   0.00    0.00     0.00    0.00      0.00     0.00   0.00    0.00     0.00    0.00    0.00    0.00   0.00
loop2            0.00      0.00     0.00   0.00    0.00     0.00    0.00      0.00     0.00   0.00    0.00     0.00    0.00      0.00     0.00   0.00    0.00     0.00    0.00    0.00    0.00   0.00
loop3            0.00      0.00     0.00   0.00    0.00     0.00    0.00      0.00     0.00   0.00    0.00     0.00    0.00      0.00     0.00   0.00    0.00     0.00    0.00    0.00    0.00   0.00
loop4            0.00      0.00     0.00   0.00    0.00     0.00    0.00      0.00     0.00   0.00    0.00     0.00    0.00      0.00     0.00   0.00    0.00     0.00    0.00    0.00    0.00   0.00
loop5            0.00      0.00     0.00   0.00    0.00     0.00    0.00      0.00     0.00   0.00    0.00     0.00    0.00      0.00     0.00   0.00    0.00     0.00    0.00    0.00    0.00   0.00
loop6            0.00      0.00     0.00   0.00    0.00     0.00    0.00      0.00     0.00   0.00    0.00     0.00    0.00      0.00     0.00   0.00    0.00     0.00    0.00    0.00    0.00   0.00
sda              0.00      0.00     0.00   0.00    0.00     0.00   11.00    124.00    20.00  64.52    1.27    11.27    0.00      0.00     0.00   0.00    0.00     0.00    0.00    0.00    0.01   2.00
sdb              0.00      0.00     0.00   0.00    0.00     0.00  996.00  29616.00   258.00  20.57    7.87    29.73    0.00      0.00     0.00   0.00    0.00     0.00    0.00    0.00    7.84  92.80


avg-cpu:  %user   %nice %system %iowait  %steal   %idle
           0.66    0.00    0.52    1.47    0.00   97.35

Device            r/s     rkB/s   rrqm/s  %rrqm r_await rareq-sz     w/s     wkB/s   wrqm/s  %wrqm w_await wareq-sz     d/s     dkB/s   drqm/s  %drqm d_await dareq-sz     f/s f_await  aqu-sz  %util
dm-0             0.00      0.00     0.00   0.00    0.00     0.00  544.00  14536.00     0.00   0.00   10.24    26.72    0.00      0.00     0.00   0.00    0.00     0.00    0.00    0.00    5.57  96.80
dm-1             0.00      0.00     0.00   0.00    0.00     0.00  534.00  14556.00     0.00   0.00   10.40    27.26    0.00      0.00     0.00   0.00    0.00     0.00    0.00    0.00    5.56  96.80
dm-2             0.00      0.00     0.00   0.00    0.00     0.00    9.00     44.00     0.00   0.00    1.78     4.89    0.00      0.00     0.00   0.00    0.00     0.00    0.00    0.00    0.02   1.20
loop0            0.00      0.00     0.00   0.00    0.00     0.00    0.00      0.00     0.00   0.00    0.00     0.00    0.00      0.00     0.00   0.00    0.00     0.00    0.00    0.00    0.00   0.00
loop1            0.00      0.00     0.00   0.00    0.00     0.00    0.00      0.00     0.00   0.00    0.00     0.00    0.00      0.00     0.00   0.00    0.00     0.00    0.00    0.00    0.00   0.00
loop2            0.00      0.00     0.00   0.00    0.00     0.00    0.00      0.00     0.00   0.00    0.00     0.00    0.00      0.00     0.00   0.00    0.00     0.00    0.00    0.00    0.00   0.00
loop3            0.00      0.00     0.00   0.00    0.00     0.00    0.00      0.00     0.00   0.00    0.00     0.00    0.00      0.00     0.00   0.00    0.00     0.00    0.00    0.00    0.00   0.00
loop4            0.00      0.00     0.00   0.00    0.00     0.00    0.00      0.00     0.00   0.00    0.00     0.00    0.00      0.00     0.00   0.00    0.00     0.00    0.00    0.00    0.00   0.00
loop5            0.00      0.00     0.00   0.00    0.00     0.00    0.00      0.00     0.00   0.00    0.00     0.00    0.00      0.00     0.00   0.00    0.00     0.00    0.00    0.00    0.00   0.00
loop6            0.00      0.00     0.00   0.00    0.00     0.00    0.00      0.00     0.00   0.00    0.00     0.00    0.00      0.00     0.00   0.00    0.00     0.00    0.00    0.00    0.00   0.00
sda              0.00      0.00     0.00   0.00    0.00     0.00    3.00     44.00     7.00  70.00    1.67    14.67    0.00      0.00     0.00   0.00    0.00     0.00    0.00    0.00    0.01   1.60
sdb              0.00      0.00     0.00   0.00    0.00     0.00  834.00  28568.00   235.00  21.98   11.57    34.25    0.00      0.00     0.00   0.00    0.00     0.00    0.00    0.00    9.64  97.20


avg-cpu:  %user   %nice %system %iowait  %steal   %idle
           0.58    0.00    0.41    0.76    0.00   98.25

Device            r/s     rkB/s   rrqm/s  %rrqm r_await rareq-sz     w/s     wkB/s   wrqm/s  %wrqm w_await wareq-sz     d/s     dkB/s   drqm/s  %drqm d_await dareq-sz     f/s f_await  aqu-sz  %util
dm-0             0.00      0.00     0.00   0.00    0.00     0.00  742.00  15208.00     0.00   0.00    3.20    20.50    0.00      0.00     0.00   0.00    0.00     0.00    0.00    0.00    2.38  72.00
dm-1             0.00      0.00     0.00   0.00    0.00     0.00  739.00  15196.00     0.00   0.00    2.90    20.56    0.00      0.00     0.00   0.00    0.00     0.00    0.00    0.00    2.14  73.20
dm-2             0.00      0.00     0.00   0.00    0.00     0.00    9.00     60.00     0.00   0.00    2.67     6.67    0.00      0.00     0.00   0.00    0.00     0.00    0.00    0.00    0.02   2.00
loop0            0.00      0.00     0.00   0.00    0.00     0.00    0.00      0.00     0.00   0.00    0.00     0.00    0.00      0.00     0.00   0.00    0.00     0.00    0.00    0.00    0.00   0.00
loop1            0.00      0.00     0.00   0.00    0.00     0.00    0.00      0.00     0.00   0.00    0.00     0.00    0.00      0.00     0.00   0.00    0.00     0.00    0.00    0.00    0.00   0.00
loop2            0.00      0.00     0.00   0.00    0.00     0.00    0.00      0.00     0.00   0.00    0.00     0.00    0.00      0.00     0.00   0.00    0.00     0.00    0.00    0.00    0.00   0.00
loop3            0.00      0.00     0.00   0.00    0.00     0.00    0.00      0.00     0.00   0.00    0.00     0.00    0.00      0.00     0.00   0.00    0.00     0.00    0.00    0.00    0.00   0.00
loop4            0.00      0.00     0.00   0.00    0.00     0.00    0.00      0.00     0.00   0.00    0.00     0.00    0.00      0.00     0.00   0.00    0.00     0.00    0.00    0.00    0.00   0.00
loop5            0.00      0.00     0.00   0.00    0.00     0.00    0.00      0.00     0.00   0.00    0.00     0.00    0.00      0.00     0.00   0.00    0.00     0.00    0.00    0.00    0.00   0.00
loop6            0.00      0.00     0.00   0.00    0.00     0.00    0.00      0.00     0.00   0.00    0.00     0.00    0.00      0.00     0.00   0.00    0.00     0.00    0.00    0.00    0.00   0.00
sda              0.00      0.00     0.00   0.00    0.00     0.00    4.00     60.00     4.00  50.00    3.00    15.00    0.00      0.00     0.00   0.00    0.00     0.00    0.00    0.00    0.01   1.60
sdb              0.00      0.00     0.00   0.00    0.00     0.00 1218.00  30968.00   272.00  18.26    3.01    25.43    0.00      0.00     0.00   0.00    0.00     0.00    0.00    0.00    3.67  73.60


avg-cpu:  %user   %nice %system %iowait  %steal   %idle
           0.54    0.00    0.44    0.88    0.00   98.14

Device            r/s     rkB/s   rrqm/s  %rrqm r_await rareq-sz     w/s     wkB/s   wrqm/s  %wrqm w_await wareq-sz     d/s     dkB/s   drqm/s  %drqm d_await dareq-sz     f/s f_await  aqu-sz  %util
dm-0             0.00      0.00     0.00   0.00    0.00     0.00  686.00  15348.00     0.00   0.00    4.20    22.37    0.00      0.00     0.00   0.00    0.00     0.00    0.00    0.00    2.88  83.20
dm-1             0.00      0.00     0.00   0.00    0.00     0.00  696.00  15388.00     0.00   0.00    4.22    22.11    0.00      0.00     0.00   0.00    0.00     0.00    0.00    0.00    2.94  84.00
dm-2             0.00      0.00     0.00   0.00    0.00     0.00  155.00    648.00     0.00   0.00    1.42     4.18    0.00      0.00     0.00   0.00    0.00     0.00    0.00    0.00    0.22   3.60
loop0            0.00      0.00     0.00   0.00    0.00     0.00    0.00      0.00     0.00   0.00    0.00     0.00    0.00      0.00     0.00   0.00    0.00     0.00    0.00    0.00    0.00   0.00
loop1            0.00      0.00     0.00   0.00    0.00     0.00    0.00      0.00     0.00   0.00    0.00     0.00    0.00      0.00     0.00   0.00    0.00     0.00    0.00    0.00    0.00   0.00
loop2            0.00      0.00     0.00   0.00    0.00     0.00    0.00      0.00     0.00   0.00    0.00     0.00    0.00      0.00     0.00   0.00    0.00     0.00    0.00    0.00    0.00   0.00
loop3            0.00      0.00     0.00   0.00    0.00     0.00    0.00      0.00     0.00   0.00    0.00     0.00    0.00      0.00     0.00   0.00    0.00     0.00    0.00    0.00    0.00   0.00
loop4            0.00      0.00     0.00   0.00    0.00     0.00    0.00      0.00     0.00   0.00    0.00     0.00    0.00      0.00     0.00   0.00    0.00     0.00    0.00    0.00    0.00   0.00
loop5            0.00      0.00     0.00   0.00    0.00     0.00    0.00      0.00     0.00   0.00    0.00     0.00    0.00      0.00     0.00   0.00    0.00     0.00    0.00    0.00    0.00   0.00
loop6            0.00      0.00     0.00   0.00    0.00     0.00    0.00      0.00     0.00   0.00    0.00     0.00    0.00      0.00     0.00   0.00    0.00     0.00    0.00    0.00    0.00   0.00
sda              0.00      0.00     0.00   0.00    0.00     0.00  118.00    648.00    37.00  23.87    3.21     5.49    0.00      0.00     0.00   0.00    0.00     0.00    0.00    0.00    0.38   3.60
sdb              0.00      0.00     0.00   0.00    0.00     0.00 1124.00  29716.00   242.00  17.72    4.55    26.44    0.00      0.00     0.00   0.00    0.00     0.00    0.00    0.00    5.11  84.00


avg-cpu:  %user   %nice %system %iowait  %steal   %idle
           0.50    0.00    0.52    1.73    0.00   97.25

Device            r/s     rkB/s   rrqm/s  %rrqm r_await rareq-sz     w/s     wkB/s   wrqm/s  %wrqm w_await wareq-sz     d/s     dkB/s   drqm/s  %drqm d_await dareq-sz     f/s f_await  aqu-sz  %util
dm-0             1.00      8.00     0.00   0.00  276.00     8.00  567.00  13608.00     0.00   0.00    8.71    24.00    0.00      0.00     0.00   0.00    0.00     0.00    0.00    0.00    5.21  95.60
dm-1             0.00      0.00     0.00   0.00    0.00     0.00  541.00  13624.00     0.00   0.00    9.23    25.18    0.00      0.00     0.00   0.00    0.00     0.00    0.00    0.00    4.99  96.00
dm-2             0.00      0.00     0.00   0.00    0.00     0.00   15.00     76.00     0.00   0.00    5.07     5.07    0.00      0.00     0.00   0.00    0.00     0.00    0.00    0.00    0.08   2.80
loop0            0.00      0.00     0.00   0.00    0.00     0.00    0.00      0.00     0.00   0.00    0.00     0.00    0.00      0.00     0.00   0.00    0.00     0.00    0.00    0.00    0.00   0.00
loop1            0.00      0.00     0.00   0.00    0.00     0.00    0.00      0.00     0.00   0.00    0.00     0.00    0.00      0.00     0.00   0.00    0.00     0.00    0.00    0.00    0.00   0.00
loop2            0.00      0.00     0.00   0.00    0.00     0.00    0.00      0.00     0.00   0.00    0.00     0.00    0.00      0.00     0.00   0.00    0.00     0.00    0.00    0.00    0.00   0.00
loop3            0.00      0.00     0.00   0.00    0.00     0.00    0.00      0.00     0.00   0.00    0.00     0.00    0.00      0.00     0.00   0.00    0.00     0.00    0.00    0.00    0.00   0.00
loop4            0.00      0.00     0.00   0.00    0.00     0.00    0.00      0.00     0.00   0.00    0.00     0.00    0.00      0.00     0.00   0.00    0.00     0.00    0.00    0.00    0.00   0.00
loop5            0.00      0.00     0.00   0.00    0.00     0.00    0.00      0.00     0.00   0.00    0.00     0.00    0.00      0.00     0.00   0.00    0.00     0.00    0.00    0.00    0.00   0.00
loop6            0.00      0.00     0.00   0.00    0.00     0.00    0.00      0.00     0.00   0.00    0.00     0.00    0.00      0.00     0.00   0.00    0.00     0.00    0.00    0.00    0.00   0.00
sda              0.00      0.00     0.00   0.00    0.00     0.00    6.00     76.00     9.00  60.00    3.17    12.67    0.00      0.00     0.00   0.00    0.00     0.00    0.00    0.00    0.02   2.80
sdb              1.00      8.00     0.00   0.00  279.00     8.00  886.00  28152.00   238.00  21.17    9.68    31.77    0.00      0.00     0.00   0.00    0.00     0.00    0.00    0.00    8.85  96.40


avg-cpu:  %user   %nice %system %iowait  %steal   %idle
           0.86    0.00    0.69    1.42    0.00   97.02

Device            r/s     rkB/s   rrqm/s  %rrqm r_await rareq-sz     w/s     wkB/s   wrqm/s  %wrqm w_await wareq-sz     d/s     dkB/s   drqm/s  %drqm d_await dareq-sz     f/s f_await  aqu-sz  %util
dm-0             0.00      0.00     0.00   0.00    0.00     0.00  598.00  15412.00     0.00   0.00    8.72    25.77    0.00      0.00     0.00   0.00    0.00     0.00    0.00    0.00    5.22  95.20
dm-1             0.00      0.00     0.00   0.00    0.00     0.00  590.00  15380.00     0.00   0.00    8.85    26.07    0.00      0.00     0.00   0.00    0.00     0.00    0.00    0.00    5.22  93.60
dm-2             0.00      0.00     0.00   0.00    0.00     0.00   33.00    132.00     0.00   0.00    3.88     4.00    0.00      0.00     0.00   0.00    0.00     0.00    0.00    0.00    0.13   3.60
loop0            0.00      0.00     0.00   0.00    0.00     0.00    0.00      0.00     0.00   0.00    0.00     0.00    0.00      0.00     0.00   0.00    0.00     0.00    0.00    0.00    0.00   0.00
loop1            0.00      0.00     0.00   0.00    0.00     0.00    0.00      0.00     0.00   0.00    0.00     0.00    0.00      0.00     0.00   0.00    0.00     0.00    0.00    0.00    0.00   0.00
loop2            0.00      0.00     0.00   0.00    0.00     0.00    0.00      0.00     0.00   0.00    0.00     0.00    0.00      0.00     0.00   0.00    0.00     0.00    0.00    0.00    0.00   0.00
loop3            0.00      0.00     0.00   0.00    0.00     0.00    0.00      0.00     0.00   0.00    0.00     0.00    0.00      0.00     0.00   0.00    0.00     0.00    0.00    0.00    0.00   0.00
loop4            0.00      0.00     0.00   0.00    0.00     0.00    0.00      0.00     0.00   0.00    0.00     0.00    0.00      0.00     0.00   0.00    0.00     0.00    0.00    0.00    0.00   0.00
loop5            0.00      0.00     0.00   0.00    0.00     0.00    0.00      0.00     0.00   0.00    0.00     0.00    0.00      0.00     0.00   0.00    0.00     0.00    0.00    0.00    0.00   0.00
loop6            0.00      0.00     0.00   0.00    0.00     0.00    0.00      0.00     0.00   0.00    0.00     0.00    0.00      0.00     0.00   0.00    0.00     0.00    0.00    0.00    0.00   0.00
sda              0.00      0.00     0.00   0.00    0.00     0.00   11.00    132.00    22.00  66.67    2.55    12.00    0.00      0.00     0.00   0.00    0.00     0.00    0.00    0.00    0.03   3.60
sdb              0.00      0.00     0.00   0.00    0.00     0.00  904.00  30116.00   272.00  23.13    9.85    33.31    0.00      0.00     0.00   0.00    0.00     0.00    0.00    0.00    8.91  94.80


avg-cpu:  %user   %nice %system %iowait  %steal   %idle
           0.58    0.00    0.57    0.83    0.00   98.02

Device            r/s     rkB/s   rrqm/s  %rrqm r_await rareq-sz     w/s     wkB/s   wrqm/s  %wrqm w_await wareq-sz     d/s     dkB/s   drqm/s  %drqm d_await dareq-sz     f/s f_await  aqu-sz  %util
dm-0             1.00      8.00     0.00   0.00    0.00     8.00  742.00  14848.00     0.00   0.00    2.26    20.01    0.00      0.00     0.00   0.00    0.00     0.00    0.00    0.00    1.68  74.80
dm-1             0.00      0.00     0.00   0.00    0.00     0.00  778.00  15112.00     0.00   0.00    2.21    19.42    0.00      0.00     0.00   0.00    0.00     0.00    0.00    0.00    1.72  78.80
dm-2             0.00      0.00     0.00   0.00    0.00     0.00   16.00     80.00     0.00   0.00    0.00     5.00    0.00      0.00     0.00   0.00    0.00     0.00    0.00    0.00    0.00   0.80
loop0            0.00      0.00     0.00   0.00    0.00     0.00    0.00      0.00     0.00   0.00    0.00     0.00    0.00      0.00     0.00   0.00    0.00     0.00    0.00    0.00    0.00   0.00
loop1            0.00      0.00     0.00   0.00    0.00     0.00    0.00      0.00     0.00   0.00    0.00     0.00    0.00      0.00     0.00   0.00    0.00     0.00    0.00    0.00    0.00   0.00
loop2            0.00      0.00     0.00   0.00    0.00     0.00    0.00      0.00     0.00   0.00    0.00     0.00    0.00      0.00     0.00   0.00    0.00     0.00    0.00    0.00    0.00   0.00
loop3            0.00      0.00     0.00   0.00    0.00     0.00    0.00      0.00     0.00   0.00    0.00     0.00    0.00      0.00     0.00   0.00    0.00     0.00    0.00    0.00    0.00   0.00
loop4            0.00      0.00     0.00   0.00    0.00     0.00    0.00      0.00     0.00   0.00    0.00     0.00    0.00      0.00     0.00   0.00    0.00     0.00    0.00    0.00    0.00   0.00
loop5            0.00      0.00     0.00   0.00    0.00     0.00    0.00      0.00     0.00   0.00    0.00     0.00    0.00      0.00     0.00   0.00    0.00     0.00    0.00    0.00    0.00   0.00
loop6            0.00      0.00     0.00   0.00    0.00     0.00    0.00      0.00     0.00   0.00    0.00     0.00    0.00      0.00     0.00   0.00    0.00     0.00    0.00    0.00    0.00   0.00
sda              0.00      0.00     0.00   0.00    0.00     0.00    6.00     80.00    10.00  62.50    0.17    13.33    0.00      0.00     0.00   0.00    0.00     0.00    0.00    0.00    0.00   0.80
sdb              0.00      0.00     0.00   0.00    0.00     0.00 1278.00  30696.00   254.00  16.58    2.22    24.02    0.00      0.00     0.00   0.00    0.00     0.00    0.00    0.00    2.83  79.20


avg-cpu:  %user   %nice %system %iowait  %steal   %idle
           0.57    0.00    0.52    1.01    0.00   97.91

Device            r/s     rkB/s   rrqm/s  %rrqm r_await rareq-sz     w/s     wkB/s   wrqm/s  %wrqm w_await wareq-sz     d/s     dkB/s   drqm/s  %drqm d_await dareq-sz     f/s f_await  aqu-sz  %util
dm-0             0.00      0.00     0.00   0.00    0.00     0.00  702.00  15228.00     0.00   0.00    4.25    21.69    0.00      0.00     0.00   0.00    0.00     0.00    0.00    0.00    3.24  81.60
dm-1             0.00      0.00     0.00   0.00    0.00     0.00  689.00  15056.00     0.00   0.00    4.05    21.85    0.00      0.00     0.00   0.00    0.00     0.00    0.00    0.00    2.79  82.00
dm-2             0.00      0.00     0.00   0.00    0.00     0.00   32.00    132.00     0.00   0.00    0.00     4.12    0.00      0.00     0.00   0.00    0.00     0.00    0.00    0.00    0.00   1.20
loop0            0.00      0.00     0.00   0.00    0.00     0.00    0.00      0.00     0.00   0.00    0.00     0.00    0.00      0.00     0.00   0.00    0.00     0.00    0.00    0.00    0.00   0.00
loop1            0.00      0.00     0.00   0.00    0.00     0.00    0.00      0.00     0.00   0.00    0.00     0.00    0.00      0.00     0.00   0.00    0.00     0.00    0.00    0.00    0.00   0.00
loop2            0.00      0.00     0.00   0.00    0.00     0.00    0.00      0.00     0.00   0.00    0.00     0.00    0.00      0.00     0.00   0.00    0.00     0.00    0.00    0.00    0.00   0.00
loop3            0.00      0.00     0.00   0.00    0.00     0.00    0.00      0.00     0.00   0.00    0.00     0.00    0.00      0.00     0.00   0.00    0.00     0.00    0.00    0.00    0.00   0.00
loop4            0.00      0.00     0.00   0.00    0.00     0.00    0.00      0.00     0.00   0.00    0.00     0.00    0.00      0.00     0.00   0.00    0.00     0.00    0.00    0.00    0.00   0.00
loop5            0.00      0.00     0.00   0.00    0.00     0.00    0.00      0.00     0.00   0.00    0.00     0.00    0.00      0.00     0.00   0.00    0.00     0.00    0.00    0.00    0.00   0.00
loop6            0.00      0.00     0.00   0.00    0.00     0.00    0.00      0.00     0.00   0.00    0.00     0.00    0.00      0.00     0.00   0.00    0.00     0.00    0.00    0.00    0.00   0.00
sda              0.00      0.00     0.00   0.00    0.00     0.00   12.00    132.00    20.00  62.50    0.25    11.00    0.00      0.00     0.00   0.00    0.00     0.00    0.00    0.00    0.00   1.20
sdb              1.00      8.00     0.00   0.00  262.00     8.00 1130.00  30216.00   259.00  18.65    4.40    26.74    0.00      0.00     0.00   0.00    0.00     0.00    0.00    0.00    5.24  83.20


avg-cpu:  %user   %nice %system %iowait  %steal   %idle
           0.55    0.00    0.44    2.23    0.00   96.78

Device            r/s     rkB/s   rrqm/s  %rrqm r_await rareq-sz     w/s     wkB/s   wrqm/s  %wrqm w_await wareq-sz     d/s     dkB/s   drqm/s  %drqm d_await dareq-sz     f/s f_await  aqu-sz  %util
dm-0             0.00      0.00     0.00   0.00    0.00     0.00  503.00  12932.00     0.00   0.00    9.17    25.71    0.00      0.00     0.00   0.00    0.00     0.00    0.00    0.00    4.61  81.20
dm-1             1.00      8.00     0.00   0.00  280.00     8.00  499.00  12916.00     0.00   0.00    8.92    25.88    0.00      0.00     0.00   0.00    0.00     0.00    0.00    0.00    4.73  82.40
dm-2             0.00      0.00     0.00   0.00    0.00     0.00   23.00    108.00     0.00   0.00    0.35     4.70    0.00      0.00     0.00   0.00    0.00     0.00    0.00    0.00    0.01   1.60
loop0            0.00      0.00     0.00   0.00    0.00     0.00    0.00      0.00     0.00   0.00    0.00     0.00    0.00      0.00     0.00   0.00    0.00     0.00    0.00    0.00    0.00   0.00
loop1            0.00      0.00     0.00   0.00    0.00     0.00    0.00      0.00     0.00   0.00    0.00     0.00    0.00      0.00     0.00   0.00    0.00     0.00    0.00    0.00    0.00   0.00
loop2            0.00      0.00     0.00   0.00    0.00     0.00    0.00      0.00     0.00   0.00    0.00     0.00    0.00      0.00     0.00   0.00    0.00     0.00    0.00    0.00    0.00   0.00
loop3            0.00      0.00     0.00   0.00    0.00     0.00    0.00      0.00     0.00   0.00    0.00     0.00    0.00      0.00     0.00   0.00    0.00     0.00    0.00    0.00    0.00   0.00
loop4            0.00      0.00     0.00   0.00    0.00     0.00    0.00      0.00     0.00   0.00    0.00     0.00    0.00      0.00     0.00   0.00    0.00     0.00    0.00    0.00    0.00   0.00
loop5            0.00      0.00     0.00   0.00    0.00     0.00    0.00      0.00     0.00   0.00    0.00     0.00    0.00      0.00     0.00   0.00    0.00     0.00    0.00    0.00    0.00   0.00
loop6            0.00      0.00     0.00   0.00    0.00     0.00    0.00      0.00     0.00   0.00    0.00     0.00    0.00      0.00     0.00   0.00    0.00     0.00    0.00    0.00    0.00   0.00
sda              0.00      0.00     0.00   0.00    0.00     0.00    6.00    100.00    16.00  72.73    1.00    16.67    0.00      0.00     0.00   0.00    0.00     0.00    0.00    0.00    0.01   1.60
sdb              1.00      8.00     0.00   0.00  280.00     8.00  760.00  24052.00   214.00  21.97    9.82    31.65    0.00      0.00     0.00   0.00    0.00     0.00    0.00    0.00    7.74  82.80


avg-cpu:  %user   %nice %system %iowait  %steal   %idle
           0.75    0.00    0.72    0.96    0.00   97.57

Device            r/s     rkB/s   rrqm/s  %rrqm r_await rareq-sz     w/s     wkB/s   wrqm/s  %wrqm w_await wareq-sz     d/s     dkB/s   drqm/s  %drqm d_await dareq-sz     f/s f_await  aqu-sz  %util
dm-0             0.00      0.00     0.00   0.00    0.00     0.00  816.00  16884.00     0.00   0.00    7.52    20.69    0.00      0.00     0.00   0.00    0.00     0.00    0.00    0.00    6.14  96.40
dm-1             0.00      0.00     0.00   0.00    0.00     0.00  821.00  16908.00     0.00   0.00    7.60    20.59    0.00      0.00     0.00   0.00    0.00     0.00    0.00    0.00    6.24  95.60
dm-2             0.00      0.00     0.00   0.00    0.00     0.00  149.00    624.00     0.00   0.00    2.71     4.19    0.00      0.00     0.00   0.00    0.00     0.00    0.00    0.00    0.40  18.00
loop0            0.00      0.00     0.00   0.00    0.00     0.00    0.00      0.00     0.00   0.00    0.00     0.00    0.00      0.00     0.00   0.00    0.00     0.00    0.00    0.00    0.00   0.00
loop1            0.00      0.00     0.00   0.00    0.00     0.00    0.00      0.00     0.00   0.00    0.00     0.00    0.00      0.00     0.00   0.00    0.00     0.00    0.00    0.00    0.00   0.00
loop2            0.00      0.00     0.00   0.00    0.00     0.00    0.00      0.00     0.00   0.00    0.00     0.00    0.00      0.00     0.00   0.00    0.00     0.00    0.00    0.00    0.00   0.00
loop3            0.00      0.00     0.00   0.00    0.00     0.00    0.00      0.00     0.00   0.00    0.00     0.00    0.00      0.00     0.00   0.00    0.00     0.00    0.00    0.00    0.00   0.00
loop4            0.00      0.00     0.00   0.00    0.00     0.00    0.00      0.00     0.00   0.00    0.00     0.00    0.00      0.00     0.00   0.00    0.00     0.00    0.00    0.00    0.00   0.00
loop5            0.00      0.00     0.00   0.00    0.00     0.00    0.00      0.00     0.00   0.00    0.00     0.00    0.00      0.00     0.00   0.00    0.00     0.00    0.00    0.00    0.00   0.00
loop6            0.00      0.00     0.00   0.00    0.00     0.00    0.00      0.00     0.00   0.00    0.00     0.00    0.00      0.00     0.00   0.00    0.00     0.00    0.00    0.00    0.00   0.00
sda              0.00      0.00     0.00   0.00    0.00     0.00  120.00    632.00    30.00  20.00    3.00     5.27    0.00      0.00     0.00   0.00    0.00     0.00    0.00    0.00    0.36  18.00
sdb              0.00      0.00     0.00   0.00    0.00     0.00 1366.00  34884.00   288.00  17.41    8.57    25.54    0.00      0.00     0.00   0.00    0.00     0.00    0.00    0.00   11.71  96.80


avg-cpu:  %user   %nice %system %iowait  %steal   %idle
           0.61    0.00    0.61    0.97    0.00   97.80

Device            r/s     rkB/s   rrqm/s  %rrqm r_await rareq-sz     w/s     wkB/s   wrqm/s  %wrqm w_await wareq-sz     d/s     dkB/s   drqm/s  %drqm d_await dareq-sz     f/s f_await  aqu-sz  %util
dm-0             0.00      0.00     0.00   0.00    0.00     0.00  663.00  14836.00     0.00   0.00    5.39    22.38    0.00      0.00     0.00   0.00    0.00     0.00    0.00    0.00    3.57  88.40
dm-1             0.00      0.00     0.00   0.00    0.00     0.00  673.00  14872.00     0.00   0.00    5.46    22.10    0.00      0.00     0.00   0.00    0.00     0.00    0.00    0.00    3.68  88.40
dm-2             0.00      0.00     0.00   0.00    0.00     0.00   16.00     80.00     0.00   0.00    0.50     5.00    0.00      0.00     0.00   0.00    0.00     0.00    0.00    0.00    0.01   1.60
loop0            0.00      0.00     0.00   0.00    0.00     0.00    0.00      0.00     0.00   0.00    0.00     0.00    0.00      0.00     0.00   0.00    0.00     0.00    0.00    0.00    0.00   0.00
loop1            0.00      0.00     0.00   0.00    0.00     0.00    0.00      0.00     0.00   0.00    0.00     0.00    0.00      0.00     0.00   0.00    0.00     0.00    0.00    0.00    0.00   0.00
loop2            0.00      0.00     0.00   0.00    0.00     0.00    0.00      0.00     0.00   0.00    0.00     0.00    0.00      0.00     0.00   0.00    0.00     0.00    0.00    0.00    0.00   0.00
loop3            0.00      0.00     0.00   0.00    0.00     0.00    0.00      0.00     0.00   0.00    0.00     0.00    0.00      0.00     0.00   0.00    0.00     0.00    0.00    0.00    0.00   0.00
loop4            0.00      0.00     0.00   0.00    0.00     0.00    0.00      0.00     0.00   0.00    0.00     0.00    0.00      0.00     0.00   0.00    0.00     0.00    0.00    0.00    0.00   0.00
loop5            0.00      0.00     0.00   0.00    0.00     0.00    0.00      0.00     0.00   0.00    0.00     0.00    0.00      0.00     0.00   0.00    0.00     0.00    0.00    0.00    0.00   0.00
loop6            0.00      0.00     0.00   0.00    0.00     0.00    0.00      0.00     0.00   0.00    0.00     0.00    0.00      0.00     0.00   0.00    0.00     0.00    0.00    0.00    0.00   0.00
sda              0.00      0.00     0.00   0.00    0.00     0.00    7.00     80.00     9.00  56.25    1.00    11.43    0.00      0.00     0.00   0.00    0.00     0.00    0.00    0.00    0.01   1.60
sdb              0.00      0.00     0.00   0.00    0.00     0.00 1085.00  30156.00   258.00  19.21    5.92    27.79    0.00      0.00     0.00   0.00    0.00     0.00    0.00    0.00    6.42  89.20


avg-cpu:  %user   %nice %system %iowait  %steal   %idle
           0.58    0.00    0.60    1.32    0.00   97.50

Device            r/s     rkB/s   rrqm/s  %rrqm r_await rareq-sz     w/s     wkB/s   wrqm/s  %wrqm w_await wareq-sz     d/s     dkB/s   drqm/s  %drqm d_await dareq-sz     f/s f_await  aqu-sz  %util
dm-0             0.00      0.00     0.00   0.00    0.00     0.00  624.00  15156.00     0.00   0.00    7.38    24.29    0.00      0.00     0.00   0.00    0.00     0.00    0.00    0.00    4.60  92.00
dm-1             0.00      0.00     0.00   0.00    0.00     0.00  626.00  15224.00     0.00   0.00    7.52    24.32    0.00      0.00     0.00   0.00    0.00     0.00    0.00    0.00    4.71  93.60
dm-2             0.00      0.00     0.00   0.00    0.00     0.00   31.00    124.00     0.00   0.00    0.39     4.00    0.00      0.00     0.00   0.00    0.00     0.00    0.00    0.00    0.01   2.00
loop0            0.00      0.00     0.00   0.00    0.00     0.00    0.00      0.00     0.00   0.00    0.00     0.00    0.00      0.00     0.00   0.00    0.00     0.00    0.00    0.00    0.00   0.00
loop1            0.00      0.00     0.00   0.00    0.00     0.00    0.00      0.00     0.00   0.00    0.00     0.00    0.00      0.00     0.00   0.00    0.00     0.00    0.00    0.00    0.00   0.00
loop2            0.00      0.00     0.00   0.00    0.00     0.00    0.00      0.00     0.00   0.00    0.00     0.00    0.00      0.00     0.00   0.00    0.00     0.00    0.00    0.00    0.00   0.00
loop3            0.00      0.00     0.00   0.00    0.00     0.00    0.00      0.00     0.00   0.00    0.00     0.00    0.00      0.00     0.00   0.00    0.00     0.00    0.00    0.00    0.00   0.00
loop4            0.00      0.00     0.00   0.00    0.00     0.00    0.00      0.00     0.00   0.00    0.00     0.00    0.00      0.00     0.00   0.00    0.00     0.00    0.00    0.00    0.00   0.00
loop5            0.00      0.00     0.00   0.00    0.00     0.00    0.00      0.00     0.00   0.00    0.00     0.00    0.00      0.00     0.00   0.00    0.00     0.00    0.00    0.00    0.00   0.00
loop6            0.00      0.00     0.00   0.00    0.00     0.00    0.00      0.00     0.00   0.00    0.00     0.00    0.00      0.00     0.00   0.00    0.00     0.00    0.00    0.00    0.00   0.00
sda              0.00      0.00     0.00   0.00    0.00     0.00   11.00    124.00    20.00  64.52    0.82    11.27    0.00      0.00     0.00   0.00    0.00     0.00    0.00    0.00    0.01   2.00
sdb              0.00      0.00     0.00   0.00    0.00     0.00  979.00  29476.00   257.00  20.79    7.72    30.11    0.00      0.00     0.00   0.00    0.00     0.00    0.00    0.00    7.55  94.40


avg-cpu:  %user   %nice %system %iowait  %steal   %idle
           0.47    0.00    0.61    1.77    0.00   97.14

Device            r/s     rkB/s   rrqm/s  %rrqm r_await rareq-sz     w/s     wkB/s   wrqm/s  %wrqm w_await wareq-sz     d/s     dkB/s   drqm/s  %drqm d_await dareq-sz     f/s f_await  aqu-sz  %util
dm-0             0.00      0.00     0.00   0.00    0.00     0.00  575.00  13460.00     0.00   0.00    8.40    23.41    0.00      0.00     0.00   0.00    0.00     0.00    0.00    0.00    4.83  95.60
dm-1             1.00      8.00     0.00   0.00  304.00     8.00  572.00  13388.00     0.00   0.00    8.54    23.41    0.00      0.00     0.00   0.00    0.00     0.00    0.00    0.00    5.19  94.40
dm-2             0.00      0.00     0.00   0.00    0.00     0.00   18.00    100.00     0.00   0.00    1.33     5.56    0.00      0.00     0.00   0.00    0.00     0.00    0.00    0.00    0.02   2.40
loop0            0.00      0.00     0.00   0.00    0.00     0.00    0.00      0.00     0.00   0.00    0.00     0.00    0.00      0.00     0.00   0.00    0.00     0.00    0.00    0.00    0.00   0.00
loop1            0.00      0.00     0.00   0.00    0.00     0.00    0.00      0.00     0.00   0.00    0.00     0.00    0.00      0.00     0.00   0.00    0.00     0.00    0.00    0.00    0.00   0.00
loop2            0.00      0.00     0.00   0.00    0.00     0.00    0.00      0.00     0.00   0.00    0.00     0.00    0.00      0.00     0.00   0.00    0.00     0.00    0.00    0.00    0.00   0.00
loop3            0.00      0.00     0.00   0.00    0.00     0.00    0.00      0.00     0.00   0.00    0.00     0.00    0.00      0.00     0.00   0.00    0.00     0.00    0.00    0.00    0.00   0.00
loop4            0.00      0.00     0.00   0.00    0.00     0.00    0.00      0.00     0.00   0.00    0.00     0.00    0.00      0.00     0.00   0.00    0.00     0.00    0.00    0.00    0.00   0.00
loop5            0.00      0.00     0.00   0.00    0.00     0.00    0.00      0.00     0.00   0.00    0.00     0.00    0.00      0.00     0.00   0.00    0.00     0.00    0.00    0.00    0.00   0.00
loop6            0.00      0.00     0.00   0.00    0.00     0.00    0.00      0.00     0.00   0.00    0.00     0.00    0.00      0.00     0.00   0.00    0.00     0.00    0.00    0.00    0.00   0.00
sda              0.00      0.00     0.00   0.00    0.00     0.00    7.00    100.00    11.00  61.11    2.29    14.29    0.00      0.00     0.00   0.00    0.00     0.00    0.00    0.00    0.01   2.40
sdb              1.00      8.00     0.00   0.00  306.00     8.00  917.00  27616.00   242.00  20.88    9.24    30.12    0.00      0.00     0.00   0.00    0.00     0.00    0.00    0.00    8.78  94.80


avg-cpu:  %user   %nice %system %iowait  %steal   %idle
           0.63    0.00    0.38    0.19    0.00   98.81

Device            r/s     rkB/s   rrqm/s  %rrqm r_await rareq-sz     w/s     wkB/s   wrqm/s  %wrqm w_await wareq-sz     d/s     dkB/s   drqm/s  %drqm d_await dareq-sz     f/s f_await  aqu-sz  %util
dm-0             0.00      0.00     0.00   0.00    0.00     0.00  819.00  12936.00     0.00   0.00    0.42    15.79    0.00      0.00     0.00   0.00    0.00     0.00    0.00    0.00    0.34  53.20
dm-1             0.00      0.00     0.00   0.00    0.00     0.00  814.00  12916.00     0.00   0.00    0.36    15.87    0.00      0.00     0.00   0.00    0.00     0.00    0.00    0.00    0.30  53.60
dm-2             0.00      0.00     0.00   0.00    0.00     0.00   42.00    168.00     0.00   0.00    0.00     4.00    0.00      0.00     0.00   0.00    0.00     0.00    0.00    0.00    0.00   1.20
loop0            0.00      0.00     0.00   0.00    0.00     0.00    0.00      0.00     0.00   0.00    0.00     0.00    0.00      0.00     0.00   0.00    0.00     0.00    0.00    0.00    0.00   0.00
loop1            0.00      0.00     0.00   0.00    0.00     0.00    0.00      0.00     0.00   0.00    0.00     0.00    0.00      0.00     0.00   0.00    0.00     0.00    0.00    0.00    0.00   0.00
loop2            0.00      0.00     0.00   0.00    0.00     0.00    0.00      0.00     0.00   0.00    0.00     0.00    0.00      0.00     0.00   0.00    0.00     0.00    0.00    0.00    0.00   0.00
loop3            0.00      0.00     0.00   0.00    0.00     0.00    0.00      0.00     0.00   0.00    0.00     0.00    0.00      0.00     0.00   0.00    0.00     0.00    0.00    0.00    0.00   0.00
loop4            0.00      0.00     0.00   0.00    0.00     0.00    0.00      0.00     0.00   0.00    0.00     0.00    0.00      0.00     0.00   0.00    0.00     0.00    0.00    0.00    0.00   0.00
loop5            0.00      0.00     0.00   0.00    0.00     0.00    0.00      0.00     0.00   0.00    0.00     0.00    0.00      0.00     0.00   0.00    0.00     0.00    0.00    0.00    0.00   0.00
loop6            0.00      0.00     0.00   0.00    0.00     0.00    0.00      0.00     0.00   0.00    0.00     0.00    0.00      0.00     0.00   0.00    0.00     0.00    0.00    0.00    0.00   0.00
sda              0.00      0.00     0.00   0.00    0.00     0.00   14.00    168.00    28.00  66.67    0.07    12.00    0.00      0.00     0.00   0.00    0.00     0.00    0.00    0.00    0.00   1.20
sdb              0.00      0.00     0.00   0.00    0.00     0.00 1429.00  26380.00   214.00  13.02    0.39    18.46    0.00      0.00     0.00   0.00    0.00     0.00    0.00    0.00    0.56  54.40


avg-cpu:  %user   %nice %system %iowait  %steal   %idle
           0.57    0.00    0.69    0.60    0.00   98.14

Device            r/s     rkB/s   rrqm/s  %rrqm r_await rareq-sz     w/s     wkB/s   wrqm/s  %wrqm w_await wareq-sz     d/s     dkB/s   drqm/s  %drqm d_await dareq-sz     f/s f_await  aqu-sz  %util
dm-0             0.00      0.00     0.00   0.00    0.00     0.00  942.00  18348.00     0.00   0.00    1.80    19.48    0.00      0.00     0.00   0.00    0.00     0.00    0.00    0.00    1.70  79.20
dm-1             0.00      0.00     0.00   0.00    0.00     0.00  943.00  18356.00     0.00   0.00    1.78    19.47    0.00      0.00     0.00   0.00    0.00     0.00    0.00    0.00    1.68  79.60
dm-2             0.00      0.00     0.00   0.00    0.00     0.00  144.00    616.00     0.00   0.00    0.97     4.28    0.00      0.00     0.00   0.00    0.00     0.00    0.00    0.00    0.14   2.80
loop0            0.00      0.00     0.00   0.00    0.00     0.00    0.00      0.00     0.00   0.00    0.00     0.00    0.00      0.00     0.00   0.00    0.00     0.00    0.00    0.00    0.00   0.00
loop1            0.00      0.00     0.00   0.00    0.00     0.00    0.00      0.00     0.00   0.00    0.00     0.00    0.00      0.00     0.00   0.00    0.00     0.00    0.00    0.00    0.00   0.00
loop2            0.00      0.00     0.00   0.00    0.00     0.00    0.00      0.00     0.00   0.00    0.00     0.00    0.00      0.00     0.00   0.00    0.00     0.00    0.00    0.00    0.00   0.00
loop3            0.00      0.00     0.00   0.00    0.00     0.00    0.00      0.00     0.00   0.00    0.00     0.00    0.00      0.00     0.00   0.00    0.00     0.00    0.00    0.00    0.00   0.00
loop4            0.00      0.00     0.00   0.00    0.00     0.00    0.00      0.00     0.00   0.00    0.00     0.00    0.00      0.00     0.00   0.00    0.00     0.00    0.00    0.00    0.00   0.00
loop5            0.00      0.00     0.00   0.00    0.00     0.00    0.00      0.00     0.00   0.00    0.00     0.00    0.00      0.00     0.00   0.00    0.00     0.00    0.00    0.00    0.00   0.00
loop6            0.00      0.00     0.00   0.00    0.00     0.00    0.00      0.00     0.00   0.00    0.00     0.00    0.00      0.00     0.00   0.00    0.00     0.00    0.00    0.00    0.00   0.00
sda              0.00      0.00     0.00   0.00    0.00     0.00  115.00    616.00    29.00  20.14    1.93     5.36    0.00      0.00     0.00   0.00    0.00     0.00    0.00    0.00    0.22   2.80
sdb              0.00      0.00     0.00   0.00    0.00     0.00 1574.00  35540.00   291.00  15.60    1.84    22.58    0.00      0.00     0.00   0.00    0.00     0.00    0.00    0.00    2.90  81.60


avg-cpu:  %user   %nice %system %iowait  %steal   %idle
           0.50    0.00    0.49    1.24    0.00   97.77

Device            r/s     rkB/s   rrqm/s  %rrqm r_await rareq-sz     w/s     wkB/s   wrqm/s  %wrqm w_await wareq-sz     d/s     dkB/s   drqm/s  %drqm d_await dareq-sz     f/s f_await  aqu-sz  %util
dm-0             0.00      0.00     0.00   0.00    0.00     0.00  529.00  13580.00     0.00   0.00   10.71    25.67    0.00      0.00     0.00   0.00    0.00     0.00    0.00    0.00    5.67  95.60
dm-1             0.00      0.00     0.00   0.00    0.00     0.00  534.00  13596.00     0.00   0.00   10.39    25.46    0.00      0.00     0.00   0.00    0.00     0.00    0.00    0.00    5.55  95.60
dm-2             0.00      0.00     0.00   0.00    0.00     0.00   17.00     84.00     0.00   0.00    6.12     4.94    0.00      0.00     0.00   0.00    0.00     0.00    0.00    0.00    0.10   4.00
loop0            0.00      0.00     0.00   0.00    0.00     0.00    0.00      0.00     0.00   0.00    0.00     0.00    0.00      0.00     0.00   0.00    0.00     0.00    0.00    0.00    0.00   0.00
loop1            0.00      0.00     0.00   0.00    0.00     0.00    0.00      0.00     0.00   0.00    0.00     0.00    0.00      0.00     0.00   0.00    0.00     0.00    0.00    0.00    0.00   0.00
loop2            0.00      0.00     0.00   0.00    0.00     0.00    0.00      0.00     0.00   0.00    0.00     0.00    0.00      0.00     0.00   0.00    0.00     0.00    0.00    0.00    0.00   0.00
loop3            0.00      0.00     0.00   0.00    0.00     0.00    0.00      0.00     0.00   0.00    0.00     0.00    0.00      0.00     0.00   0.00    0.00     0.00    0.00    0.00    0.00   0.00
loop4            0.00      0.00     0.00   0.00    0.00     0.00    0.00      0.00     0.00   0.00    0.00     0.00    0.00      0.00     0.00   0.00    0.00     0.00    0.00    0.00    0.00   0.00
loop5            0.00      0.00     0.00   0.00    0.00     0.00    0.00      0.00     0.00   0.00    0.00     0.00    0.00      0.00     0.00   0.00    0.00     0.00    0.00    0.00    0.00   0.00
loop6            0.00      0.00     0.00   0.00    0.00     0.00    0.00      0.00     0.00   0.00    0.00     0.00    0.00      0.00     0.00   0.00    0.00     0.00    0.00    0.00    0.00   0.00
sda              0.00      0.00     0.00   0.00    0.00     0.00    6.00     84.00    11.00  64.71    5.33    14.00    0.00      0.00     0.00   0.00    0.00     0.00    0.00    0.00    0.03   4.00
sdb              0.00      0.00     0.00   0.00    0.00     0.00  821.00  27364.00   245.00  22.98   12.14    33.33    0.00      0.00     0.00   0.00    0.00     0.00    0.00    0.00    9.96  96.40


avg-cpu:  %user   %nice %system %iowait  %steal   %idle
           0.61    0.00    0.49    1.22    0.00   97.68

Device            r/s     rkB/s   rrqm/s  %rrqm r_await rareq-sz     w/s     wkB/s   wrqm/s  %wrqm w_await wareq-sz     d/s     dkB/s   drqm/s  %drqm d_await dareq-sz     f/s f_await  aqu-sz  %util
dm-0             0.00      0.00     0.00   0.00    0.00     0.00  482.00  11348.00     0.00   0.00    9.91    23.54    0.00      0.00     0.00   0.00    0.00     0.00    0.00    0.00    4.78  76.80
dm-1             0.00      0.00     0.00   0.00    0.00     0.00  478.00  11332.00     0.00   0.00    9.32    23.71    0.00      0.00     0.00   0.00    0.00     0.00    0.00    0.00    4.46  76.40
dm-2            38.00    232.00     0.00   0.00    0.00     6.11   36.00    144.00     0.00   0.00    2.67     4.00    0.00      0.00     0.00   0.00    0.00     0.00    0.00    0.00    0.10   4.00
loop0            0.00      0.00     0.00   0.00    0.00     0.00    0.00      0.00     0.00   0.00    0.00     0.00    0.00      0.00     0.00   0.00    0.00     0.00    0.00    0.00    0.00   0.00
loop1            0.00      0.00     0.00   0.00    0.00     0.00    0.00      0.00     0.00   0.00    0.00     0.00    0.00      0.00     0.00   0.00    0.00     0.00    0.00    0.00    0.00   0.00
loop2            0.00      0.00     0.00   0.00    0.00     0.00    0.00      0.00     0.00   0.00    0.00     0.00    0.00      0.00     0.00   0.00    0.00     0.00    0.00    0.00    0.00   0.00
loop3            0.00      0.00     0.00   0.00    0.00     0.00    0.00      0.00     0.00   0.00    0.00     0.00    0.00      0.00     0.00   0.00    0.00     0.00    0.00    0.00    0.00   0.00
loop4            0.00      0.00     0.00   0.00    0.00     0.00    0.00      0.00     0.00   0.00    0.00     0.00    0.00      0.00     0.00   0.00    0.00     0.00    0.00    0.00    0.00   0.00
loop5            0.00      0.00     0.00   0.00    0.00     0.00    0.00      0.00     0.00   0.00    0.00     0.00    0.00      0.00     0.00   0.00    0.00     0.00    0.00    0.00    0.00   0.00
loop6            0.00      0.00     0.00   0.00    0.00     0.00    0.00      0.00     0.00   0.00    0.00     0.00    0.00      0.00     0.00   0.00    0.00     0.00    0.00    0.00    0.00   0.00
sda              8.00    232.00    30.00  78.95    0.50    29.00   12.00    144.00    24.00  66.67    1.33    12.00    0.00      0.00     0.00   0.00    0.00     0.00    0.00    0.00    0.02   4.00
sdb              0.00      0.00     0.00   0.00    0.00     0.00  760.00  23656.00   217.00  22.21   10.21    31.13    0.00      0.00     0.00   0.00    0.00     0.00    0.00    0.00    7.76  76.80

