Linux 5.15.0-181-generic (ceph-node2) 	07/08/26 	_x86_64_	(64 CPU)

avg-cpu:  %user   %nice %system %iowait  %steal   %idle
           0.36    0.00    0.31    0.38    0.00   98.95

Device            r/s     rkB/s   rrqm/s  %rrqm r_await rareq-sz     w/s     wkB/s   wrqm/s  %wrqm w_await wareq-sz     d/s     dkB/s   drqm/s  %drqm d_await dareq-sz     f/s f_await  aqu-sz  %util
dm-0            11.65    688.35     0.00   0.00   13.96    59.07  318.69   4263.34     0.00   0.00    2.53    13.38    0.00      0.00     0.00   0.00    0.00     0.00    0.00    0.00    0.97  26.80
dm-1            11.86    684.92     0.00   0.00   13.39    57.76  311.19   4204.15     0.00   0.00    2.16    13.51    0.00      0.00     0.00   0.00    0.00     0.00    0.00    0.00    0.83  26.61
loop0            0.00      0.07     0.00   0.00    0.33   117.36    0.00      0.00     0.00   0.00    0.00     0.00    0.00      0.00     0.00   0.00    0.00     0.00    0.00    0.00    0.00   0.00
loop1            0.00      0.07     0.00   0.00    0.34    95.72    0.00      0.00     0.00   0.00    0.00     0.00    0.00      0.00     0.00   0.00    0.00     0.00    0.00    0.00    0.00   0.00
loop10           0.00      0.01     0.00   0.00    0.06    31.21    0.03      0.12     0.00   0.00    0.33     3.85    0.00      0.00     0.00   0.00    0.00     0.00    0.00    0.02    0.00   0.00
loop2            0.00      0.06     0.00   0.00    0.43   114.73    0.00      0.00     0.00   0.00    0.00     0.00    0.00      0.00     0.00   0.00    0.00     0.00    0.00    0.00    0.00   0.00
loop3            0.00      0.07     0.00   0.00    0.42   114.49    0.00      0.00     0.00   0.00    0.00     0.00    0.00      0.00     0.00   0.00    0.00     0.00    0.00    0.00    0.00   0.00
loop4            0.00      0.05     0.00   0.00    0.23    80.22    0.00      0.00     0.00   0.00    0.00     0.00    0.00      0.00     0.00   0.00    0.00     0.00    0.00    0.00    0.00   0.00
loop5            0.00      0.12     0.00   0.00    0.25    65.08    0.00      0.00     0.00   0.00    0.00     0.00    0.00      0.00     0.00   0.00    0.00     0.00    0.00    0.00    0.00   0.00
loop6            0.00      0.05     0.00   0.00    0.28    58.18    0.00      0.00     0.00   0.00    0.00     0.00    0.00      0.00     0.00   0.00    0.00     0.00    0.00    0.00    0.00   0.00
loop7            0.00      0.01     0.00   0.00    0.16    69.34    0.00      0.00     0.00   0.00    0.00     0.00    0.00      0.00     0.00   0.00    0.00     0.00    0.00    0.00    0.00   0.00
sda              0.52     25.21     0.35  40.00    0.33    48.07   37.45    620.38    17.46  31.80    2.38    16.56    0.00      0.00     0.00   0.00    0.00     0.00    0.00    0.00    0.09   2.26
sdb             21.78   1375.66     1.74   7.41   12.71    63.16  397.95   8467.48   231.93  36.82    0.72    21.28    0.00      0.00     0.00   0.00    0.00     0.00    0.00    0.00    0.57  28.02


avg-cpu:  %user   %nice %system %iowait  %steal   %idle
           1.58    0.00    1.85    0.06    0.00   96.50

Device            r/s     rkB/s   rrqm/s  %rrqm r_await rareq-sz     w/s     wkB/s   wrqm/s  %wrqm w_await wareq-sz     d/s     dkB/s   drqm/s  %drqm d_await dareq-sz     f/s f_await  aqu-sz  %util
dm-0             0.00      0.00     0.00   0.00    0.00     0.00  399.01  25536.63     0.00   0.00    0.04    64.00    0.00      0.00     0.00   0.00    0.00     0.00    0.00    0.00    0.02  84.36
dm-1             0.00      0.00     0.00   0.00    0.00     0.00 2143.56  32514.85     0.00   0.00    0.04    15.17    0.00      0.00     0.00   0.00    0.00     0.00    0.00    0.00    0.08  88.71
loop0            0.00      0.00     0.00   0.00    0.00     0.00    0.00      0.00     0.00   0.00    0.00     0.00    0.00      0.00     0.00   0.00    0.00     0.00    0.00    0.00    0.00   0.00
loop1            0.00      0.00     0.00   0.00    0.00     0.00    0.00      0.00     0.00   0.00    0.00     0.00    0.00      0.00     0.00   0.00    0.00     0.00    0.00    0.00    0.00   0.00
loop10           0.00      0.00     0.00   0.00    0.00     0.00 3171.29   6875.25     0.00   0.00    0.02     2.17    0.00      0.00     0.00   0.00    0.00     0.00 1453.47    0.02    0.10  87.52
loop2            0.00      0.00     0.00   0.00    0.00     0.00    0.00      0.00     0.00   0.00    0.00     0.00    0.00      0.00     0.00   0.00    0.00     0.00    0.00    0.00    0.00   0.00
loop3            0.00      0.00     0.00   0.00    0.00     0.00    0.00      0.00     0.00   0.00    0.00     0.00    0.00      0.00     0.00   0.00    0.00     0.00    0.00    0.00    0.00   0.00
loop4            0.00      0.00     0.00   0.00    0.00     0.00    0.00      0.00     0.00   0.00    0.00     0.00    0.00      0.00     0.00   0.00    0.00     0.00    0.00    0.00    0.00   0.00
loop5            0.00      0.00     0.00   0.00    0.00     0.00    0.00      0.00     0.00   0.00    0.00     0.00    0.00      0.00     0.00   0.00    0.00     0.00    0.00    0.00    0.00   0.00
loop6            0.00      0.00     0.00   0.00    0.00     0.00    0.00      0.00     0.00   0.00    0.00     0.00    0.00      0.00     0.00   0.00    0.00     0.00    0.00    0.00    0.00   0.00
loop7            0.00      0.00     0.00   0.00    0.00     0.00    0.00      0.00     0.00   0.00    0.00     0.00    0.00      0.00     0.00   0.00    0.00     0.00    0.00    0.00    0.00   0.00
sda              0.00      0.00     0.00   0.00    0.00     0.00    5.94    118.81    15.84  72.73    0.00    20.00    0.00      0.00     0.00   0.00    0.00     0.00    0.00    0.00    0.00   0.79
sdb              0.00      0.00     0.00   0.00    0.00     0.00 2268.32  58051.49   274.26  10.79    0.05    25.59    0.00      0.00     0.00   0.00    0.00     0.00    0.00    0.00    0.12  89.11


avg-cpu:  %user   %nice %system %iowait  %steal   %idle
           1.54    0.00    1.97    0.08    0.00   96.41

Device            r/s     rkB/s   rrqm/s  %rrqm r_await rareq-sz     w/s     wkB/s   wrqm/s  %wrqm w_await wareq-sz     d/s     dkB/s   drqm/s  %drqm d_await dareq-sz     f/s f_await  aqu-sz  %util
dm-0             0.00      0.00     0.00   0.00    0.00     0.00  448.00  28672.00     0.00   0.00    0.12    64.00    0.00      0.00     0.00   0.00    0.00     0.00    0.00    0.00    0.05  94.80
dm-1             0.00      0.00     0.00   0.00    0.00     0.00 2402.00  36492.00     0.00   0.00    0.05    15.19    0.00      0.00     0.00   0.00    0.00     0.00    0.00    0.00    0.12  98.80
loop0            0.00      0.00     0.00   0.00    0.00     0.00    0.00      0.00     0.00   0.00    0.00     0.00    0.00      0.00     0.00   0.00    0.00     0.00    0.00    0.00    0.00   0.00
loop1            0.00      0.00     0.00   0.00    0.00     0.00    0.00      0.00     0.00   0.00    0.00     0.00    0.00      0.00     0.00   0.00    0.00     0.00    0.00    0.00    0.00   0.00
loop10           0.00      0.00     0.00   0.00    0.00     0.00 3561.00   7708.00     0.00   0.00    0.03     2.16    0.00      0.00     0.00   0.00    0.00     0.00 1634.00    0.02    0.12 100.00
loop2            0.00      0.00     0.00   0.00    0.00     0.00    0.00      0.00     0.00   0.00    0.00     0.00    0.00      0.00     0.00   0.00    0.00     0.00    0.00    0.00    0.00   0.00
loop3            0.00      0.00     0.00   0.00    0.00     0.00    0.00      0.00     0.00   0.00    0.00     0.00    0.00      0.00     0.00   0.00    0.00     0.00    0.00    0.00    0.00   0.00
loop4            0.00      0.00     0.00   0.00    0.00     0.00    0.00      0.00     0.00   0.00    0.00     0.00    0.00      0.00     0.00   0.00    0.00     0.00    0.00    0.00    0.00   0.00
loop5            0.00      0.00     0.00   0.00    0.00     0.00    0.00      0.00     0.00   0.00    0.00     0.00    0.00      0.00     0.00   0.00    0.00     0.00    0.00    0.00    0.00   0.00
loop6            0.00      0.00     0.00   0.00    0.00     0.00    0.00      0.00     0.00   0.00    0.00     0.00    0.00      0.00     0.00   0.00    0.00     0.00    0.00    0.00    0.00   0.00
loop7            0.00      0.00     0.00   0.00    0.00     0.00    0.00      0.00     0.00   0.00    0.00     0.00    0.00      0.00     0.00   0.00    0.00     0.00    0.00    0.00    0.00   0.00
sda              0.00      0.00     0.00   0.00    0.00     0.00   11.00    132.00    22.00  66.67    0.09    12.00    0.00      0.00     0.00   0.00    0.00     0.00    0.00    0.00    0.00   1.20
sdb              0.00      0.00     0.00   0.00    0.00     0.00 2544.00  65164.00   306.00  10.74    0.05    25.61    0.00      0.00     0.00   0.00    0.00     0.00    0.00    0.00    0.14 100.40


avg-cpu:  %user   %nice %system %iowait  %steal   %idle
           1.73    0.00    1.86    0.06    0.00   96.34

Device            r/s     rkB/s   rrqm/s  %rrqm r_await rareq-sz     w/s     wkB/s   wrqm/s  %wrqm w_await wareq-sz     d/s     dkB/s   drqm/s  %drqm d_await dareq-sz     f/s f_await  aqu-sz  %util
dm-0             0.00      0.00     0.00   0.00    0.00     0.00  448.00  28672.00     0.00   0.00    0.07    64.00    0.00      0.00     0.00   0.00    0.00     0.00    0.00    0.00    0.03  92.40
dm-1             0.00      0.00     0.00   0.00    0.00     0.00 2415.00  36484.00     0.00   0.00    0.06    15.11    0.00      0.00     0.00   0.00    0.00     0.00    0.00    0.00    0.15  98.00
loop0            0.00      0.00     0.00   0.00    0.00     0.00    0.00      0.00     0.00   0.00    0.00     0.00    0.00      0.00     0.00   0.00    0.00     0.00    0.00    0.00    0.00   0.00
loop1            0.00      0.00     0.00   0.00    0.00     0.00    0.00      0.00     0.00   0.00    0.00     0.00    0.00      0.00     0.00   0.00    0.00     0.00    0.00    0.00    0.00   0.00
loop10           0.00      0.00     0.00   0.00    0.00     0.00 3530.00   7648.00     0.00   0.00    0.03     2.17    0.00      0.00     0.00   0.00    0.00     0.00 1619.00    0.02    0.12  97.20
loop2            0.00      0.00     0.00   0.00    0.00     0.00    0.00      0.00     0.00   0.00    0.00     0.00    0.00      0.00     0.00   0.00    0.00     0.00    0.00    0.00    0.00   0.00
loop3            0.00      0.00     0.00   0.00    0.00     0.00    0.00      0.00     0.00   0.00    0.00     0.00    0.00      0.00     0.00   0.00    0.00     0.00    0.00    0.00    0.00   0.00
loop4            0.00      0.00     0.00   0.00    0.00     0.00    0.00      0.00     0.00   0.00    0.00     0.00    0.00      0.00     0.00   0.00    0.00     0.00    0.00    0.00    0.00   0.00
loop5            0.00      0.00     0.00   0.00    0.00     0.00    0.00      0.00     0.00   0.00    0.00     0.00    0.00      0.00     0.00   0.00    0.00     0.00    0.00    0.00    0.00   0.00
loop6            0.00      0.00     0.00   0.00    0.00     0.00    0.00      0.00     0.00   0.00    0.00     0.00    0.00      0.00     0.00   0.00    0.00     0.00    0.00    0.00    0.00   0.00
loop7            0.00      0.00     0.00   0.00    0.00     0.00    0.00      0.00     0.00   0.00    0.00     0.00    0.00      0.00     0.00   0.00    0.00     0.00    0.00    0.00    0.00   0.00
sda              0.00      0.00     0.00   0.00    0.00     0.00   17.00    208.00    27.00  61.36    0.06    12.24    0.00      0.00     0.00   0.00    0.00     0.00    0.00    0.00    0.00   2.00
sdb              0.00      0.00     0.00   0.00    0.00     0.00 2561.00  65092.00   301.00  10.52    0.05    25.42    0.00      0.00     0.00   0.00    0.00     0.00    0.00    0.00    0.14  98.80


avg-cpu:  %user   %nice %system %iowait  %steal   %idle
           1.89    0.00    1.84    0.06    0.00   96.21

Device            r/s     rkB/s   rrqm/s  %rrqm r_await rareq-sz     w/s     wkB/s   wrqm/s  %wrqm w_await wareq-sz     d/s     dkB/s   drqm/s  %drqm d_await dareq-sz     f/s f_await  aqu-sz  %util
dm-0             0.00      0.00     0.00   0.00    0.00     0.00  445.00  28480.00     0.00   0.00    0.10    64.00    0.00      0.00     0.00   0.00    0.00     0.00    0.00    0.00    0.04  92.00
dm-1             0.00      0.00     0.00   0.00    0.00     0.00 2388.00  36316.00     0.00   0.00    0.06    15.21    0.00      0.00     0.00   0.00    0.00     0.00    0.00    0.00    0.15  98.40
loop0            0.00      0.00     0.00   0.00    0.00     0.00    0.00      0.00     0.00   0.00    0.00     0.00    0.00      0.00     0.00   0.00    0.00     0.00    0.00    0.00    0.00   0.00
loop1            0.00      0.00     0.00   0.00    0.00     0.00    0.00      0.00     0.00   0.00    0.00     0.00    0.00      0.00     0.00   0.00    0.00     0.00    0.00    0.00    0.00   0.00
loop10           0.00      0.00     0.00   0.00    0.00     0.00 3489.00   7564.00     0.00   0.00    0.03     2.17    0.00      0.00     0.00   0.00    0.00     0.00 1599.00    0.02    0.12  97.20
loop2            0.00      0.00     0.00   0.00    0.00     0.00    0.00      0.00     0.00   0.00    0.00     0.00    0.00      0.00     0.00   0.00    0.00     0.00    0.00    0.00    0.00   0.00
loop3            0.00      0.00     0.00   0.00    0.00     0.00    0.00      0.00     0.00   0.00    0.00     0.00    0.00      0.00     0.00   0.00    0.00     0.00    0.00    0.00    0.00   0.00
loop4            0.00      0.00     0.00   0.00    0.00     0.00    0.00      0.00     0.00   0.00    0.00     0.00    0.00      0.00     0.00   0.00    0.00     0.00    0.00    0.00    0.00   0.00
loop5            0.00      0.00     0.00   0.00    0.00     0.00    0.00      0.00     0.00   0.00    0.00     0.00    0.00      0.00     0.00   0.00    0.00     0.00    0.00    0.00    0.00   0.00
loop6            0.00      0.00     0.00   0.00    0.00     0.00    0.00      0.00     0.00   0.00    0.00     0.00    0.00      0.00     0.00   0.00    0.00     0.00    0.00    0.00    0.00   0.00
loop7            0.00      0.00     0.00   0.00    0.00     0.00    0.00      0.00     0.00   0.00    0.00     0.00    0.00      0.00     0.00   0.00    0.00     0.00    0.00    0.00    0.00   0.00
sda              0.00      0.00     0.00   0.00    0.00     0.00   11.00    152.00    26.00  70.27    0.00    13.82    0.00      0.00     0.00   0.00    0.00     0.00    0.00    0.00    0.00   0.80
sdb              0.00      0.00     0.00   0.00    0.00     0.00 2531.00  64860.00   303.00  10.69    0.05    25.63    0.00      0.00     0.00   0.00    0.00     0.00    0.00    0.00    0.14  98.80


avg-cpu:  %user   %nice %system %iowait  %steal   %idle
           1.78    0.00    1.97    0.08    0.00   96.17

Device            r/s     rkB/s   rrqm/s  %rrqm r_await rareq-sz     w/s     wkB/s   wrqm/s  %wrqm w_await wareq-sz     d/s     dkB/s   drqm/s  %drqm d_await dareq-sz     f/s f_await  aqu-sz  %util
dm-0             0.00      0.00     0.00   0.00    0.00     0.00  449.00  28736.00     0.00   0.00    0.12    64.00    0.00      0.00     0.00   0.00    0.00     0.00    0.00    0.00    0.05  93.20
dm-1             0.00      0.00     0.00   0.00    0.00     0.00 2447.00  36852.00     0.00   0.00    0.04    15.06    0.00      0.00     0.00   0.00    0.00     0.00    0.00    0.00    0.09  96.80
loop0            0.00      0.00     0.00   0.00    0.00     0.00    0.00      0.00     0.00   0.00    0.00     0.00    0.00      0.00     0.00   0.00    0.00     0.00    0.00    0.00    0.00   0.00
loop1            0.00      0.00     0.00   0.00    0.00     0.00    0.00      0.00     0.00   0.00    0.00     0.00    0.00      0.00     0.00   0.00    0.00     0.00    0.00    0.00    0.00   0.00
loop10           0.00      0.00     0.00   0.00    0.00     0.00 3644.00   9916.00     0.00   0.00    0.03     2.72    0.00      0.00     0.00   0.00    0.00     0.00 1673.00    0.02    0.12  98.40
loop2            0.00      0.00     0.00   0.00    0.00     0.00    0.00      0.00     0.00   0.00    0.00     0.00    0.00      0.00     0.00   0.00    0.00     0.00    0.00    0.00    0.00   0.00
loop3            0.00      0.00     0.00   0.00    0.00     0.00    0.00      0.00     0.00   0.00    0.00     0.00    0.00      0.00     0.00   0.00    0.00     0.00    0.00    0.00    0.00   0.00
loop4            0.00      0.00     0.00   0.00    0.00     0.00    0.00      0.00     0.00   0.00    0.00     0.00    0.00      0.00     0.00   0.00    0.00     0.00    0.00    0.00    0.00   0.00
loop5            0.00      0.00     0.00   0.00    0.00     0.00    0.00      0.00     0.00   0.00    0.00     0.00    0.00      0.00     0.00   0.00    0.00     0.00    0.00    0.00    0.00   0.00
loop6            0.00      0.00     0.00   0.00    0.00     0.00    0.00      0.00     0.00   0.00    0.00     0.00    0.00      0.00     0.00   0.00    0.00     0.00    0.00    0.00    0.00   0.00
loop7            0.00      0.00     0.00   0.00    0.00     0.00    0.00      0.00     0.00   0.00    0.00     0.00    0.00      0.00     0.00   0.00    0.00     0.00    0.00    0.00    0.00   0.00
sda              0.00      0.00     0.00   0.00    0.00     0.00  266.00   1588.00    38.00  12.50    0.76     5.97    0.00      0.00     0.00   0.00    0.00     0.00    0.00    0.00    0.20   3.20
sdb              0.00      0.00     0.00   0.00    0.00     0.00 2592.00  65588.00   304.00  10.50    0.06    25.30    0.00      0.00     0.00   0.00    0.00     0.00    0.00    0.00    0.15  98.80


avg-cpu:  %user   %nice %system %iowait  %steal   %idle
           1.35    0.00    1.89    0.06    0.00   96.69

Device            r/s     rkB/s   rrqm/s  %rrqm r_await rareq-sz     w/s     wkB/s   wrqm/s  %wrqm w_await wareq-sz     d/s     dkB/s   drqm/s  %drqm d_await dareq-sz     f/s f_await  aqu-sz  %util
dm-0             0.00      0.00     0.00   0.00    0.00     0.00  448.00  28672.00     0.00   0.00    0.07    64.00    0.00      0.00     0.00   0.00    0.00     0.00    0.00    0.00    0.03  93.20
dm-1             0.00      0.00     0.00   0.00    0.00     0.00 2407.00  36512.00     0.00   0.00    0.02    15.17    0.00      0.00     0.00   0.00    0.00     0.00    0.00    0.00    0.05  99.60
loop0            0.00      0.00     0.00   0.00    0.00     0.00    0.00      0.00     0.00   0.00    0.00     0.00    0.00      0.00     0.00   0.00    0.00     0.00    0.00    0.00    0.00   0.00
loop1            0.00      0.00     0.00   0.00    0.00     0.00    0.00      0.00     0.00   0.00    0.00     0.00    0.00      0.00     0.00   0.00    0.00     0.00    0.00    0.00    0.00   0.00
loop10           0.00      0.00     0.00   0.00    0.00     0.00 3584.00   7764.00     0.00   0.00    0.02     2.17    0.00      0.00     0.00   0.00    0.00     0.00 1644.00    0.02    0.11  98.00
loop2            0.00      0.00     0.00   0.00    0.00     0.00    0.00      0.00     0.00   0.00    0.00     0.00    0.00      0.00     0.00   0.00    0.00     0.00    0.00    0.00    0.00   0.00
loop3            0.00      0.00     0.00   0.00    0.00     0.00    0.00      0.00     0.00   0.00    0.00     0.00    0.00      0.00     0.00   0.00    0.00     0.00    0.00    0.00    0.00   0.00
loop4            0.00      0.00     0.00   0.00    0.00     0.00    0.00      0.00     0.00   0.00    0.00     0.00    0.00      0.00     0.00   0.00    0.00     0.00    0.00    0.00    0.00   0.00
loop5            0.00      0.00     0.00   0.00    0.00     0.00    0.00      0.00     0.00   0.00    0.00     0.00    0.00      0.00     0.00   0.00    0.00     0.00    0.00    0.00    0.00   0.00
loop6            0.00      0.00     0.00   0.00    0.00     0.00    0.00      0.00     0.00   0.00    0.00     0.00    0.00      0.00     0.00   0.00    0.00     0.00    0.00    0.00    0.00   0.00
loop7            0.00      0.00     0.00   0.00    0.00     0.00    0.00      0.00     0.00   0.00    0.00     0.00    0.00      0.00     0.00   0.00    0.00     0.00    0.00    0.00    0.00   0.00
sda              0.00      0.00     0.00   0.00    0.00     0.00   12.00    160.00    24.00  66.67    0.17    13.33    0.00      0.00     0.00   0.00    0.00     0.00    0.00    0.00    0.00   1.20
sdb              0.00      0.00     0.00   0.00    0.00     0.00 2547.00  65184.00   308.00  10.79    0.05    25.59    0.00      0.00     0.00   0.00    0.00     0.00    0.00    0.00    0.14 100.00


avg-cpu:  %user   %nice %system %iowait  %steal   %idle
           1.56    0.00    1.77    0.06    0.00   96.61

Device            r/s     rkB/s   rrqm/s  %rrqm r_await rareq-sz     w/s     wkB/s   wrqm/s  %wrqm w_await wareq-sz     d/s     dkB/s   drqm/s  %drqm d_await dareq-sz     f/s f_await  aqu-sz  %util
dm-0             0.00      0.00     0.00   0.00    0.00     0.00  447.00  28608.00     0.00   0.00    0.08    64.00    0.00      0.00     0.00   0.00    0.00     0.00    0.00    0.00    0.04  90.80
dm-1             0.00      0.00     0.00   0.00    0.00     0.00 2452.00  36628.00     0.00   0.00    0.04    14.94    0.00      0.00     0.00   0.00    0.00     0.00    0.00    0.00    0.10 100.00
loop0            0.00      0.00     0.00   0.00    0.00     0.00    0.00      0.00     0.00   0.00    0.00     0.00    0.00      0.00     0.00   0.00    0.00     0.00    0.00    0.00    0.00   0.00
loop1            0.00      0.00     0.00   0.00    0.00     0.00    0.00      0.00     0.00   0.00    0.00     0.00    0.00      0.00     0.00   0.00    0.00     0.00    0.00    0.00    0.00   0.00
loop10           0.00      0.00     0.00   0.00    0.00     0.00 3663.00   7920.00     0.00   0.00    0.02     2.16    0.00      0.00     0.00   0.00    0.00     0.00 1684.00    0.02    0.11  98.40
loop2            0.00      0.00     0.00   0.00    0.00     0.00    0.00      0.00     0.00   0.00    0.00     0.00    0.00      0.00     0.00   0.00    0.00     0.00    0.00    0.00    0.00   0.00
loop3            0.00      0.00     0.00   0.00    0.00     0.00    0.00      0.00     0.00   0.00    0.00     0.00    0.00      0.00     0.00   0.00    0.00     0.00    0.00    0.00    0.00   0.00
loop4            0.00      0.00     0.00   0.00    0.00     0.00    0.00      0.00     0.00   0.00    0.00     0.00    0.00      0.00     0.00   0.00    0.00     0.00    0.00    0.00    0.00   0.00
loop5            0.00      0.00     0.00   0.00    0.00     0.00    0.00      0.00     0.00   0.00    0.00     0.00    0.00      0.00     0.00   0.00    0.00     0.00    0.00    0.00    0.00   0.00
loop6            0.00      0.00     0.00   0.00    0.00     0.00    0.00      0.00     0.00   0.00    0.00     0.00    0.00      0.00     0.00   0.00    0.00     0.00    0.00    0.00    0.00   0.00
loop7            0.00      0.00     0.00   0.00    0.00     0.00    0.00      0.00     0.00   0.00    0.00     0.00    0.00      0.00     0.00   0.00    0.00     0.00    0.00    0.00    0.00   0.00
sda              0.00      0.00     0.00   0.00    0.00     0.00    6.00     88.00     8.00  57.14    0.00    14.67    0.00      0.00     0.00   0.00    0.00     0.00    0.00    0.00    0.00   0.80
sdb              0.00      0.00     0.00   0.00    0.00     0.00 2594.00  65236.00   305.00  10.52    0.05    25.15    0.00      0.00     0.00   0.00    0.00     0.00    0.00    0.00    0.14 100.00


avg-cpu:  %user   %nice %system %iowait  %steal   %idle
           1.91    0.00    1.97    0.08    0.00   96.05

Device            r/s     rkB/s   rrqm/s  %rrqm r_await rareq-sz     w/s     wkB/s   wrqm/s  %wrqm w_await wareq-sz     d/s     dkB/s   drqm/s  %drqm d_await dareq-sz     f/s f_await  aqu-sz  %util
dm-0             0.00      0.00     0.00   0.00    0.00     0.00  451.00  28864.00     0.00   0.00    0.07    64.00    0.00      0.00     0.00   0.00    0.00     0.00    0.00    0.00    0.03  94.00
dm-1             0.00      0.00     0.00   0.00    0.00     0.00 2451.00  36808.00     0.00   0.00    0.05    15.02    0.00      0.00     0.00   0.00    0.00     0.00    0.00    0.00    0.11  99.60
loop0            0.00      0.00     0.00   0.00    0.00     0.00    0.00      0.00     0.00   0.00    0.00     0.00    0.00      0.00     0.00   0.00    0.00     0.00    0.00    0.00    0.00   0.00
loop1            0.00      0.00     0.00   0.00    0.00     0.00    0.00      0.00     0.00   0.00    0.00     0.00    0.00      0.00     0.00   0.00    0.00     0.00    0.00    0.00    0.00   0.00
loop10           0.00      0.00     0.00   0.00    0.00     0.00 3656.00   7904.00     0.00   0.00    0.03     2.16    0.00      0.00     0.00   0.00    0.00     0.00 1680.00    0.02    0.12  98.00
loop2            0.00      0.00     0.00   0.00    0.00     0.00    0.00      0.00     0.00   0.00    0.00     0.00    0.00      0.00     0.00   0.00    0.00     0.00    0.00    0.00    0.00   0.00
loop3            0.00      0.00     0.00   0.00    0.00     0.00    0.00      0.00     0.00   0.00    0.00     0.00    0.00      0.00     0.00   0.00    0.00     0.00    0.00    0.00    0.00   0.00
loop4            0.00      0.00     0.00   0.00    0.00     0.00    0.00      0.00     0.00   0.00    0.00     0.00    0.00      0.00     0.00   0.00    0.00     0.00    0.00    0.00    0.00   0.00
loop5            0.00      0.00     0.00   0.00    0.00     0.00    0.00      0.00     0.00   0.00    0.00     0.00    0.00      0.00     0.00   0.00    0.00     0.00    0.00    0.00    0.00   0.00
loop6            0.00      0.00     0.00   0.00    0.00     0.00    0.00      0.00     0.00   0.00    0.00     0.00    0.00      0.00     0.00   0.00    0.00     0.00    0.00    0.00    0.00   0.00
loop7            0.00      0.00     0.00   0.00    0.00     0.00    0.00      0.00     0.00   0.00    0.00     0.00    0.00      0.00     0.00   0.00    0.00     0.00    0.00    0.00    0.00   0.00
sda              0.00      0.00     0.00   0.00    0.00     0.00   11.00    140.00    24.00  68.57    0.09    12.73    0.00      0.00     0.00   0.00    0.00     0.00    0.00    0.00    0.00   0.80
sdb              0.00      0.00     0.00   0.00    0.00     0.00 2592.00  65608.00   309.00  10.65    0.06    25.31    0.00      0.00     0.00   0.00    0.00     0.00    0.00    0.00    0.14  99.60


avg-cpu:  %user   %nice %system %iowait  %steal   %idle
           1.91    0.00    1.99    0.06    0.00   96.04

Device            r/s     rkB/s   rrqm/s  %rrqm r_await rareq-sz     w/s     wkB/s   wrqm/s  %wrqm w_await wareq-sz     d/s     dkB/s   drqm/s  %drqm d_await dareq-sz     f/s f_await  aqu-sz  %util
dm-0             0.00      0.00     0.00   0.00    0.00     0.00  449.00  28736.00     0.00   0.00    0.08    64.00    0.00      0.00     0.00   0.00    0.00     0.00    0.00    0.00    0.04  95.60
dm-1             0.00      0.00     0.00   0.00    0.00     0.00 2432.00  36732.00     0.00   0.00    0.05    15.10    0.00      0.00     0.00   0.00    0.00     0.00    0.00    0.00    0.11  99.60
loop0            0.00      0.00     0.00   0.00    0.00     0.00    0.00      0.00     0.00   0.00    0.00     0.00    0.00      0.00     0.00   0.00    0.00     0.00    0.00    0.00    0.00   0.00
loop1            0.00      0.00     0.00   0.00    0.00     0.00    0.00      0.00     0.00   0.00    0.00     0.00    0.00      0.00     0.00   0.00    0.00     0.00    0.00    0.00    0.00   0.00
loop10           0.00      0.00     0.00   0.00    0.00     0.00 3587.00   9804.00     0.00   0.00    0.03     2.73    0.00      0.00     0.00   0.00    0.00     0.00 1645.00    0.02    0.12  99.20
loop2            0.00      0.00     0.00   0.00    0.00     0.00    0.00      0.00     0.00   0.00    0.00     0.00    0.00      0.00     0.00   0.00    0.00     0.00    0.00    0.00    0.00   0.00
loop3            0.00      0.00     0.00   0.00    0.00     0.00    0.00      0.00     0.00   0.00    0.00     0.00    0.00      0.00     0.00   0.00    0.00     0.00    0.00    0.00    0.00   0.00
loop4            0.00      0.00     0.00   0.00    0.00     0.00    0.00      0.00     0.00   0.00    0.00     0.00    0.00      0.00     0.00   0.00    0.00     0.00    0.00    0.00    0.00   0.00
loop5            0.00      0.00     0.00   0.00    0.00     0.00    0.00      0.00     0.00   0.00    0.00     0.00    0.00      0.00     0.00   0.00    0.00     0.00    0.00    0.00    0.00   0.00
loop6            0.00      0.00     0.00   0.00    0.00     0.00    0.00      0.00     0.00   0.00    0.00     0.00    0.00      0.00     0.00   0.00    0.00     0.00    0.00    0.00    0.00   0.00
loop7            0.00      0.00     0.00   0.00    0.00     0.00    0.00      0.00     0.00   0.00    0.00     0.00    0.00      0.00     0.00   0.00    0.00     0.00    0.00    0.00    0.00   0.00
sda              0.00      0.00     0.00   0.00    0.00     0.00   17.00    216.00    29.00  63.04    0.06    12.71    0.00      0.00     0.00   0.00    0.00     0.00    0.00    0.00    0.00   1.60
sdb              0.00      0.00     0.00   0.00    0.00     0.00 2577.00  65532.00   305.00  10.58    0.05    25.43    0.00      0.00     0.00   0.00    0.00     0.00    0.00    0.00    0.14  99.60


avg-cpu:  %user   %nice %system %iowait  %steal   %idle
           1.97    0.00    2.00    0.08    0.00   95.95

Device            r/s     rkB/s   rrqm/s  %rrqm r_await rareq-sz     w/s     wkB/s   wrqm/s  %wrqm w_await wareq-sz     d/s     dkB/s   drqm/s  %drqm d_await dareq-sz     f/s f_await  aqu-sz  %util
dm-0             0.00      0.00     0.00   0.00    0.00     0.00  447.00  28608.00     0.00   0.00    0.11    64.00    0.00      0.00     0.00   0.00    0.00     0.00    0.00    0.00    0.05  93.20
dm-1             0.00      0.00     0.00   0.00    0.00     0.00 2437.00  36692.00     0.00   0.00    0.05    15.06    0.00      0.00     0.00   0.00    0.00     0.00    0.00    0.00    0.12  98.40
loop0            0.00      0.00     0.00   0.00    0.00     0.00    0.00      0.00     0.00   0.00    0.00     0.00    0.00      0.00     0.00   0.00    0.00     0.00    0.00    0.00    0.00   0.00
loop1            0.00      0.00     0.00   0.00    0.00     0.00    0.00      0.00     0.00   0.00    0.00     0.00    0.00      0.00     0.00   0.00    0.00     0.00    0.00    0.00    0.00   0.00
loop10           0.00      0.00     0.00   0.00    0.00     0.00 3576.00   7740.00     0.00   0.00    0.02     2.16    0.00      0.00     0.00   0.00    0.00     0.00 1642.00    0.02    0.11  98.40
loop2            0.00      0.00     0.00   0.00    0.00     0.00    0.00      0.00     0.00   0.00    0.00     0.00    0.00      0.00     0.00   0.00    0.00     0.00    0.00    0.00    0.00   0.00
loop3            0.00      0.00     0.00   0.00    0.00     0.00    0.00      0.00     0.00   0.00    0.00     0.00    0.00      0.00     0.00   0.00    0.00     0.00    0.00    0.00    0.00   0.00
loop4            0.00      0.00     0.00   0.00    0.00     0.00    0.00      0.00     0.00   0.00    0.00     0.00    0.00      0.00     0.00   0.00    0.00     0.00    0.00    0.00    0.00   0.00
loop5            0.00      0.00     0.00   0.00    0.00     0.00    0.00      0.00     0.00   0.00    0.00     0.00    0.00      0.00     0.00   0.00    0.00     0.00    0.00    0.00    0.00   0.00
loop6            0.00      0.00     0.00   0.00    0.00     0.00    0.00      0.00     0.00   0.00    0.00     0.00    0.00      0.00     0.00   0.00    0.00     0.00    0.00    0.00    0.00   0.00
loop7            0.00      0.00     0.00   0.00    0.00     0.00    0.00      0.00     0.00   0.00    0.00     0.00    0.00      0.00     0.00   0.00    0.00     0.00    0.00    0.00    0.00   0.00
sda              0.00      0.00     0.00   0.00    0.00     0.00  191.00   1132.00    35.00  15.49    0.81     5.93    0.00      0.00     0.00   0.00    0.00     0.00    0.00    0.00    0.15   2.00
sdb              0.00      0.00     0.00   0.00    0.00     0.00 2582.00  65300.00   302.00  10.47    0.06    25.29    0.00      0.00     0.00   0.00    0.00     0.00    0.00    0.00    0.15  99.20


avg-cpu:  %user   %nice %system %iowait  %steal   %idle
           1.70    0.00    1.87    0.08    0.00   96.35

Device            r/s     rkB/s   rrqm/s  %rrqm r_await rareq-sz     w/s     wkB/s   wrqm/s  %wrqm w_await wareq-sz     d/s     dkB/s   drqm/s  %drqm d_await dareq-sz     f/s f_await  aqu-sz  %util
dm-0             0.00      0.00     0.00   0.00    0.00     0.00  448.00  28672.00     0.00   0.00    0.08    64.00    0.00      0.00     0.00   0.00    0.00     0.00    0.00    0.00    0.04  93.20
dm-1             0.00      0.00     0.00   0.00    0.00     0.00 2417.00  36552.00     0.00   0.00    0.05    15.12    0.00      0.00     0.00   0.00    0.00     0.00    0.00    0.00    0.12  99.60
loop0            0.00      0.00     0.00   0.00    0.00     0.00    0.00      0.00     0.00   0.00    0.00     0.00    0.00      0.00     0.00   0.00    0.00     0.00    0.00    0.00    0.00   0.00
loop1            0.00      0.00     0.00   0.00    0.00     0.00    0.00      0.00     0.00   0.00    0.00     0.00    0.00      0.00     0.00   0.00    0.00     0.00    0.00    0.00    0.00   0.00
loop10           0.00      0.00     0.00   0.00    0.00     0.00 3506.00   7604.00     0.00   0.00    0.03     2.17    0.00      0.00     0.00   0.00    0.00     0.00 1606.00    0.02    0.12  99.20
loop2            0.00      0.00     0.00   0.00    0.00     0.00    0.00      0.00     0.00   0.00    0.00     0.00    0.00      0.00     0.00   0.00    0.00     0.00    0.00    0.00    0.00   0.00
loop3            0.00      0.00     0.00   0.00    0.00     0.00    0.00      0.00     0.00   0.00    0.00     0.00    0.00      0.00     0.00   0.00    0.00     0.00    0.00    0.00    0.00   0.00
loop4            0.00      0.00     0.00   0.00    0.00     0.00    0.00      0.00     0.00   0.00    0.00     0.00    0.00      0.00     0.00   0.00    0.00     0.00    0.00    0.00    0.00   0.00
loop5            0.00      0.00     0.00   0.00    0.00     0.00    0.00      0.00     0.00   0.00    0.00     0.00    0.00      0.00     0.00   0.00    0.00     0.00    0.00    0.00    0.00   0.00
loop6            0.00      0.00     0.00   0.00    0.00     0.00    0.00      0.00     0.00   0.00    0.00     0.00    0.00      0.00     0.00   0.00    0.00     0.00    0.00    0.00    0.00   0.00
loop7            0.00      0.00     0.00   0.00    0.00     0.00    0.00      0.00     0.00   0.00    0.00     0.00    0.00      0.00     0.00   0.00    0.00     0.00    0.00    0.00    0.00   0.00
sda              0.00      0.00     0.00   0.00    0.00     0.00   17.00    228.00    31.00  64.58    0.06    13.41    0.00      0.00     0.00   0.00    0.00     0.00    0.00    0.00    0.00   1.60
sdb              0.00      0.00     0.00   0.00    0.00     0.00 2560.00  65224.00   305.00  10.65    0.05    25.48    0.00      0.00     0.00   0.00    0.00     0.00    0.00    0.00    0.14  99.60


avg-cpu:  %user   %nice %system %iowait  %steal   %idle
           1.48    0.00    1.83    0.06    0.00   96.62

Device            r/s     rkB/s   rrqm/s  %rrqm r_await rareq-sz     w/s     wkB/s   wrqm/s  %wrqm w_await wareq-sz     d/s     dkB/s   drqm/s  %drqm d_await dareq-sz     f/s f_await  aqu-sz  %util
dm-0             0.00      0.00     0.00   0.00    0.00     0.00  447.00  28608.00     0.00   0.00    0.11    64.00    0.00      0.00     0.00   0.00    0.00     0.00    0.00    0.00    0.05  92.80
dm-1             0.00      0.00     0.00   0.00    0.00     0.00 2424.00  36460.00     0.00   0.00    0.03    15.04    0.00      0.00     0.00   0.00    0.00     0.00    0.00    0.00    0.08  98.40
loop0            0.00      0.00     0.00   0.00    0.00     0.00    0.00      0.00     0.00   0.00    0.00     0.00    0.00      0.00     0.00   0.00    0.00     0.00    0.00    0.00    0.00   0.00
loop1            0.00      0.00     0.00   0.00    0.00     0.00    0.00      0.00     0.00   0.00    0.00     0.00    0.00      0.00     0.00   0.00    0.00     0.00    0.00    0.00    0.00   0.00
loop10           0.00      0.00     0.00   0.00    0.00     0.00 3562.00   7712.00     0.00   0.00    0.02     2.17    0.00      0.00     0.00   0.00    0.00     0.00 1634.00    0.02    0.11  98.00
loop2            0.00      0.00     0.00   0.00    0.00     0.00    0.00      0.00     0.00   0.00    0.00     0.00    0.00      0.00     0.00   0.00    0.00     0.00    0.00    0.00    0.00   0.00
loop3            0.00      0.00     0.00   0.00    0.00     0.00    0.00      0.00     0.00   0.00    0.00     0.00    0.00      0.00     0.00   0.00    0.00     0.00    0.00    0.00    0.00   0.00
loop4            0.00      0.00     0.00   0.00    0.00     0.00    0.00      0.00     0.00   0.00    0.00     0.00    0.00      0.00     0.00   0.00    0.00     0.00    0.00    0.00    0.00   0.00
loop5            0.00      0.00     0.00   0.00    0.00     0.00    0.00      0.00     0.00   0.00    0.00     0.00    0.00      0.00     0.00   0.00    0.00     0.00    0.00    0.00    0.00   0.00
loop6            0.00      0.00     0.00   0.00    0.00     0.00    0.00      0.00     0.00   0.00    0.00     0.00    0.00      0.00     0.00   0.00    0.00     0.00    0.00    0.00    0.00   0.00
loop7            0.00      0.00     0.00   0.00    0.00     0.00    0.00      0.00     0.00   0.00    0.00     0.00    0.00      0.00     0.00   0.00    0.00     0.00    0.00    0.00    0.00   0.00
sda              0.00      0.00     0.00   0.00    0.00     0.00   12.00    164.00    26.00  68.42    0.17    13.67    0.00      0.00     0.00   0.00    0.00     0.00    0.00    0.00    0.00   1.20
sdb              0.00      0.00     0.00   0.00    0.00     0.00 2563.00  65060.00   307.00  10.70    0.05    25.38    0.00      0.00     0.00   0.00    0.00     0.00    0.00    0.00    0.14  98.40


avg-cpu:  %user   %nice %system %iowait  %steal   %idle
           1.78    0.00    1.92    0.06    0.00   96.24

Device            r/s     rkB/s   rrqm/s  %rrqm r_await rareq-sz     w/s     wkB/s   wrqm/s  %wrqm w_await wareq-sz     d/s     dkB/s   drqm/s  %drqm d_await dareq-sz     f/s f_await  aqu-sz  %util
dm-0             0.00      0.00     0.00   0.00    0.00     0.00  447.00  28608.00     0.00   0.00    0.07    64.00    0.00      0.00     0.00   0.00    0.00     0.00    0.00    0.00    0.03  94.00
dm-1             0.00      0.00     0.00   0.00    0.00     0.00 2447.00  36668.00     0.00   0.00    0.05    14.98    0.00      0.00     0.00   0.00    0.00     0.00    0.00    0.00    0.13  99.60
loop0            0.00      0.00     0.00   0.00    0.00     0.00    0.00      0.00     0.00   0.00    0.00     0.00    0.00      0.00     0.00   0.00    0.00     0.00    0.00    0.00    0.00   0.00
loop1            0.00      0.00     0.00   0.00    0.00     0.00    0.00      0.00     0.00   0.00    0.00     0.00    0.00      0.00     0.00   0.00    0.00     0.00    0.00    0.00    0.00   0.00
loop10           0.00      0.00     0.00   0.00    0.00     0.00 3622.00   9872.00     0.00   0.00    0.03     2.73    0.00      0.00     0.00   0.00    0.00     0.00 1663.00    0.01    0.12  98.80
loop2            0.00      0.00     0.00   0.00    0.00     0.00    0.00      0.00     0.00   0.00    0.00     0.00    0.00      0.00     0.00   0.00    0.00     0.00    0.00    0.00    0.00   0.00
loop3            0.00      0.00     0.00   0.00    0.00     0.00    0.00      0.00     0.00   0.00    0.00     0.00    0.00      0.00     0.00   0.00    0.00     0.00    0.00    0.00    0.00   0.00
loop4            0.00      0.00     0.00   0.00    0.00     0.00    0.00      0.00     0.00   0.00    0.00     0.00    0.00      0.00     0.00   0.00    0.00     0.00    0.00    0.00    0.00   0.00
loop5            0.00      0.00     0.00   0.00    0.00     0.00    0.00      0.00     0.00   0.00    0.00     0.00    0.00      0.00     0.00   0.00    0.00     0.00    0.00    0.00    0.00   0.00
loop6            0.00      0.00     0.00   0.00    0.00     0.00    0.00      0.00     0.00   0.00    0.00     0.00    0.00      0.00     0.00   0.00    0.00     0.00    0.00    0.00    0.00   0.00
loop7            0.00      0.00     0.00   0.00    0.00     0.00    0.00      0.00     0.00   0.00    0.00     0.00    0.00      0.00     0.00   0.00    0.00     0.00    0.00    0.00    0.00   0.00
sda              0.00      0.00     0.00   0.00    0.00     0.00    6.00     84.00     8.00  57.14    0.17    14.00    0.00      0.00     0.00   0.00    0.00     0.00    0.00    0.00    0.00   0.80
sdb              0.00      0.00     0.00   0.00    0.00     0.00 2592.00  65284.00   303.00  10.47    0.05    25.19    0.00      0.00     0.00   0.00    0.00     0.00    0.00    0.00    0.14  99.60


avg-cpu:  %user   %nice %system %iowait  %steal   %idle
           1.07    0.00    1.34    0.03    0.00   97.55

Device            r/s     rkB/s   rrqm/s  %rrqm r_await rareq-sz     w/s     wkB/s   wrqm/s  %wrqm w_await wareq-sz     d/s     dkB/s   drqm/s  %drqm d_await dareq-sz     f/s f_await  aqu-sz  %util
dm-0             0.00      0.00     0.00   0.00    0.00     0.00  305.00  19520.00     0.00   0.00    0.10    64.00    0.00      0.00     0.00   0.00    0.00     0.00    0.00    0.00    0.03  63.20
dm-1             0.00      0.00     0.00   0.00    0.00     0.00 1394.00  23880.00     0.00   0.00    0.03    17.13    0.00      0.00     0.00   0.00    0.00     0.00    0.00    0.00    0.04  68.40
loop0            0.00      0.00     0.00   0.00    0.00     0.00    0.00      0.00     0.00   0.00    0.00     0.00    0.00      0.00     0.00   0.00    0.00     0.00    0.00    0.00    0.00   0.00
loop1            0.00      0.00     0.00   0.00    0.00     0.00    0.00      0.00     0.00   0.00    0.00     0.00    0.00      0.00     0.00   0.00    0.00     0.00    0.00    0.00    0.00   0.00
loop10           0.00      0.00     0.00   0.00    0.00     0.00 1940.00   4216.00     0.00   0.00    0.03     2.17    0.00      0.00     0.00   0.00    0.00     0.00  886.00    0.02    0.06  66.00
loop2            0.00      0.00     0.00   0.00    0.00     0.00    0.00      0.00     0.00   0.00    0.00     0.00    0.00      0.00     0.00   0.00    0.00     0.00    0.00    0.00    0.00   0.00
loop3            0.00      0.00     0.00   0.00    0.00     0.00    0.00      0.00     0.00   0.00    0.00     0.00    0.00      0.00     0.00   0.00    0.00     0.00    0.00    0.00    0.00   0.00
loop4            0.00      0.00     0.00   0.00    0.00     0.00    0.00      0.00     0.00   0.00    0.00     0.00    0.00      0.00     0.00   0.00    0.00     0.00    0.00    0.00    0.00   0.00
loop5            0.00      0.00     0.00   0.00    0.00     0.00    0.00      0.00     0.00   0.00    0.00     0.00    0.00      0.00     0.00   0.00    0.00     0.00    0.00    0.00    0.00   0.00
loop6            0.00      0.00     0.00   0.00    0.00     0.00    0.00      0.00     0.00   0.00    0.00     0.00    0.00      0.00     0.00   0.00    0.00     0.00    0.00    0.00    0.00   0.00
loop7            0.00      0.00     0.00   0.00    0.00     0.00    0.00      0.00     0.00   0.00    0.00     0.00    0.00      0.00     0.00   0.00    0.00     0.00    0.00    0.00    0.00   0.00
sda              0.00      0.00     0.00   0.00    0.00     0.00   11.00    136.00    23.00  67.65    0.09    12.36    0.00      0.00     0.00   0.00    0.00     0.00    0.00    0.00    0.00   1.20
sdb              0.00      0.00     0.00   0.00    0.00     0.00 1525.00  43400.00   174.00  10.24    0.06    28.46    0.00      0.00     0.00   0.00    0.00     0.00    0.00    0.00    0.09  69.60


avg-cpu:  %user   %nice %system %iowait  %steal   %idle
           0.79    0.00    0.74    0.03    0.00   98.44

Device            r/s     rkB/s   rrqm/s  %rrqm r_await rareq-sz     w/s     wkB/s   wrqm/s  %wrqm w_await wareq-sz     d/s     dkB/s   drqm/s  %drqm d_await dareq-sz     f/s f_await  aqu-sz  %util
dm-0             0.00      0.00     0.00   0.00    0.00     0.00  214.00  13696.00     0.00   0.00    0.13    64.00    0.00      0.00     0.00   0.00    0.00     0.00    0.00    0.00    0.03  46.80
dm-1             0.00      0.00     0.00   0.00    0.00     0.00  818.00  16112.00     0.00   0.00    0.04    19.70    0.00      0.00     0.00   0.00    0.00     0.00    0.00    0.00    0.03  50.80
loop0            0.00      0.00     0.00   0.00    0.00     0.00    0.00      0.00     0.00   0.00    0.00     0.00    0.00      0.00     0.00   0.00    0.00     0.00    0.00    0.00    0.00   0.00
loop1            0.00      0.00     0.00   0.00    0.00     0.00    0.00      0.00     0.00   0.00    0.00     0.00    0.00      0.00     0.00   0.00    0.00     0.00    0.00    0.00    0.00   0.00
loop10           0.00      0.00     0.00   0.00    0.00     0.00 1069.00   2368.00     0.00   0.00    0.03     2.22    0.00      0.00     0.00   0.00    0.00     0.00  478.00    0.02    0.04  48.40
loop2            0.00      0.00     0.00   0.00    0.00     0.00    0.00      0.00     0.00   0.00    0.00     0.00    0.00      0.00     0.00   0.00    0.00     0.00    0.00    0.00    0.00   0.00
loop3            0.00      0.00     0.00   0.00    0.00     0.00    0.00      0.00     0.00   0.00    0.00     0.00    0.00      0.00     0.00   0.00    0.00     0.00    0.00    0.00    0.00   0.00
loop4            0.00      0.00     0.00   0.00    0.00     0.00    0.00      0.00     0.00   0.00    0.00     0.00    0.00      0.00     0.00   0.00    0.00     0.00    0.00    0.00    0.00   0.00
loop5            0.00      0.00     0.00   0.00    0.00     0.00    0.00      0.00     0.00   0.00    0.00     0.00    0.00      0.00     0.00   0.00    0.00     0.00    0.00    0.00    0.00   0.00
loop6            0.00      0.00     0.00   0.00    0.00     0.00    0.00      0.00     0.00   0.00    0.00     0.00    0.00      0.00     0.00   0.00    0.00     0.00    0.00    0.00    0.00   0.00
loop7            0.00      0.00     0.00   0.00    0.00     0.00    0.00      0.00     0.00   0.00    0.00     0.00    0.00      0.00     0.00   0.00    0.00     0.00    0.00    0.00    0.00   0.00
sda              0.00      0.00     0.00   0.00    0.00     0.00   20.00    232.00    30.00  60.00    0.05    11.60    0.00      0.00     0.00   0.00    0.00     0.00    0.00    0.00    0.00   2.40
sdb              0.00      0.00     0.00   0.00    0.00     0.00  914.00  29808.00   118.00  11.43    0.06    32.61    0.00      0.00     0.00   0.00    0.00     0.00    0.00    0.00    0.06  51.20


avg-cpu:  %user   %nice %system %iowait  %steal   %idle
           0.73    0.00    0.68    0.03    0.00   98.56

Device            r/s     rkB/s   rrqm/s  %rrqm r_await rareq-sz     w/s     wkB/s   wrqm/s  %wrqm w_await wareq-sz     d/s     dkB/s   drqm/s  %drqm d_await dareq-sz     f/s f_await  aqu-sz  %util
dm-0             0.00      0.00     0.00   0.00    0.00     0.00  228.00  14592.00     0.00   0.00    0.02    64.00    0.00      0.00     0.00   0.00    0.00     0.00    0.00    0.00    0.00  49.20
dm-1             0.00      0.00     0.00   0.00    0.00     0.00  818.00  16952.00     0.00   0.00    0.02    20.72    0.00      0.00     0.00   0.00    0.00     0.00    0.00    0.00    0.02  55.60
loop0            0.00      0.00     0.00   0.00    0.00     0.00    0.00      0.00     0.00   0.00    0.00     0.00    0.00      0.00     0.00   0.00    0.00     0.00    0.00    0.00    0.00   0.00
loop1            0.00      0.00     0.00   0.00    0.00     0.00    0.00      0.00     0.00   0.00    0.00     0.00    0.00      0.00     0.00   0.00    0.00     0.00    0.00    0.00    0.00   0.00
loop10           0.00      0.00     0.00   0.00    0.00     0.00 1067.00   2324.00     0.00   0.00    0.04     2.18    0.00      0.00     0.00   0.00    0.00     0.00  486.00    0.02    0.05  54.00
loop2            0.00      0.00     0.00   0.00    0.00     0.00    0.00      0.00     0.00   0.00    0.00     0.00    0.00      0.00     0.00   0.00    0.00     0.00    0.00    0.00    0.00   0.00
loop3            0.00      0.00     0.00   0.00    0.00     0.00    0.00      0.00     0.00   0.00    0.00     0.00    0.00      0.00     0.00   0.00    0.00     0.00    0.00    0.00    0.00   0.00
loop4            0.00      0.00     0.00   0.00    0.00     0.00    0.00      0.00     0.00   0.00    0.00     0.00    0.00      0.00     0.00   0.00    0.00     0.00    0.00    0.00    0.00   0.00
loop5            0.00      0.00     0.00   0.00    0.00     0.00    0.00      0.00     0.00   0.00    0.00     0.00    0.00      0.00     0.00   0.00    0.00     0.00    0.00    0.00    0.00   0.00
loop6            0.00      0.00     0.00   0.00    0.00     0.00    0.00      0.00     0.00   0.00    0.00     0.00    0.00      0.00     0.00   0.00    0.00     0.00    0.00    0.00    0.00   0.00
loop7            0.00      0.00     0.00   0.00    0.00     0.00    0.00      0.00     0.00   0.00    0.00     0.00    0.00      0.00     0.00   0.00    0.00     0.00    0.00    0.00    0.00   0.00
sda              0.00      0.00     0.00   0.00    0.00     0.00  183.00   1032.00    26.00  12.44    1.32     5.64    0.00      0.00     0.00   0.00    0.00     0.00    0.00    0.00    0.24   1.60
sdb              0.00      0.00     0.00   0.00    0.00     0.00  945.00  31544.00   101.00   9.66    0.06    33.38    0.00      0.00     0.00   0.00    0.00     0.00    0.00    0.00    0.06  57.20


avg-cpu:  %user   %nice %system %iowait  %steal   %idle
           0.61    0.00    0.74    0.02    0.00   98.63

Device            r/s     rkB/s   rrqm/s  %rrqm r_await rareq-sz     w/s     wkB/s   wrqm/s  %wrqm w_await wareq-sz     d/s     dkB/s   drqm/s  %drqm d_await dareq-sz     f/s f_await  aqu-sz  %util
dm-0             0.00      0.00     0.00   0.00    0.00     0.00  203.00  12992.00     0.00   0.00    0.14    64.00    0.00      0.00     0.00   0.00    0.00     0.00    0.00    0.00    0.03  45.20
dm-1             0.00      0.00     0.00   0.00    0.00     0.00  742.00  15148.00     0.00   0.00    0.05    20.42    0.00      0.00     0.00   0.00    0.00     0.00    0.00    0.00    0.04  51.20
loop0            0.00      0.00     0.00   0.00    0.00     0.00    0.00      0.00     0.00   0.00    0.00     0.00    0.00      0.00     0.00   0.00    0.00     0.00    0.00    0.00    0.00   0.00
loop1            0.00      0.00     0.00   0.00    0.00     0.00    0.00      0.00     0.00   0.00    0.00     0.00    0.00      0.00     0.00   0.00    0.00     0.00    0.00    0.00    0.00   0.00
loop10           0.00      0.00     0.00   0.00    0.00     0.00  983.00   2148.00     0.00   0.00    0.03     2.19    0.00      0.00     0.00   0.00    0.00     0.00  446.00    0.02    0.04  49.60
loop2            0.00      0.00     0.00   0.00    0.00     0.00    0.00      0.00     0.00   0.00    0.00     0.00    0.00      0.00     0.00   0.00    0.00     0.00    0.00    0.00    0.00   0.00
loop3            0.00      0.00     0.00   0.00    0.00     0.00    0.00      0.00     0.00   0.00    0.00     0.00    0.00      0.00     0.00   0.00    0.00     0.00    0.00    0.00    0.00   0.00
loop4            0.00      0.00     0.00   0.00    0.00     0.00    0.00      0.00     0.00   0.00    0.00     0.00    0.00      0.00     0.00   0.00    0.00     0.00    0.00    0.00    0.00   0.00
loop5            0.00      0.00     0.00   0.00    0.00     0.00    0.00      0.00     0.00   0.00    0.00     0.00    0.00      0.00     0.00   0.00    0.00     0.00    0.00    0.00    0.00   0.00
loop6            0.00      0.00     0.00   0.00    0.00     0.00    0.00      0.00     0.00   0.00    0.00     0.00    0.00      0.00     0.00   0.00    0.00     0.00    0.00    0.00    0.00   0.00
loop7            0.00      0.00     0.00   0.00    0.00     0.00    0.00      0.00     0.00   0.00    0.00     0.00    0.00      0.00     0.00   0.00    0.00     0.00    0.00    0.00    0.00   0.00
sda              0.00      0.00     0.00   0.00    0.00     0.00   17.00    216.00    30.00  63.83    0.06    12.71    0.00      0.00     0.00   0.00    0.00     0.00    0.00    0.00    0.00   1.60
sdb              0.00      0.00     0.00   0.00    0.00     0.00  850.00  28140.00    95.00  10.05    0.06    33.11    0.00      0.00     0.00   0.00    0.00     0.00    0.00    0.00    0.05  52.00


avg-cpu:  %user   %nice %system %iowait  %steal   %idle
           0.54    0.00    0.80    0.03    0.00   98.63

Device            r/s     rkB/s   rrqm/s  %rrqm r_await rareq-sz     w/s     wkB/s   wrqm/s  %wrqm w_await wareq-sz     d/s     dkB/s   drqm/s  %drqm d_await dareq-sz     f/s f_await  aqu-sz  %util
dm-0             0.00      0.00     0.00   0.00    0.00     0.00  218.00  13952.00     0.00   0.00    0.07    64.00    0.00      0.00     0.00   0.00    0.00     0.00    0.00    0.00    0.02  48.00
dm-1             0.00      0.00     0.00   0.00    0.00     0.00  799.00  16400.00     0.00   0.00    0.05    20.53    0.00      0.00     0.00   0.00    0.00     0.00    0.00    0.00    0.04  54.40
loop0            0.00      0.00     0.00   0.00    0.00     0.00    0.00      0.00     0.00   0.00    0.00     0.00    0.00      0.00     0.00   0.00    0.00     0.00    0.00    0.00    0.00   0.00
loop1            0.00      0.00     0.00   0.00    0.00     0.00    0.00      0.00     0.00   0.00    0.00     0.00    0.00      0.00     0.00   0.00    0.00     0.00    0.00    0.00    0.00   0.00
loop10           0.00      0.00     0.00   0.00    0.00     0.00 1020.00   2224.00     0.00   0.00    0.03     2.18    0.00      0.00     0.00   0.00    0.00     0.00  464.00    0.02    0.04  53.60
loop2            0.00      0.00     0.00   0.00    0.00     0.00    0.00      0.00     0.00   0.00    0.00     0.00    0.00      0.00     0.00   0.00    0.00     0.00    0.00    0.00    0.00   0.00
loop3            0.00      0.00     0.00   0.00    0.00     0.00    0.00      0.00     0.00   0.00    0.00     0.00    0.00      0.00     0.00   0.00    0.00     0.00    0.00    0.00    0.00   0.00
loop4            0.00      0.00     0.00   0.00    0.00     0.00    0.00      0.00     0.00   0.00    0.00     0.00    0.00      0.00     0.00   0.00    0.00     0.00    0.00    0.00    0.00   0.00
loop5            0.00      0.00     0.00   0.00    0.00     0.00    0.00      0.00     0.00   0.00    0.00     0.00    0.00      0.00     0.00   0.00    0.00     0.00    0.00    0.00    0.00   0.00
loop6            0.00      0.00     0.00   0.00    0.00     0.00    0.00      0.00     0.00   0.00    0.00     0.00    0.00      0.00     0.00   0.00    0.00     0.00    0.00    0.00    0.00   0.00
loop7            0.00      0.00     0.00   0.00    0.00     0.00    0.00      0.00     0.00   0.00    0.00     0.00    0.00      0.00     0.00   0.00    0.00     0.00    0.00    0.00    0.00   0.00
sda              0.00      0.00     0.00   0.00    0.00     0.00    2.00     20.00     0.00   0.00    2.00    10.00    0.00      0.00     0.00   0.00    0.00     0.00    0.00    0.00    0.00   0.40
sdb              0.00      0.00     0.00   0.00    0.00     0.00  920.00  30352.00    97.00   9.54    0.06    32.99    0.00      0.00     0.00   0.00    0.00     0.00    0.00    0.00    0.06  54.80


avg-cpu:  %user   %nice %system %iowait  %steal   %idle
           0.74    0.00    0.74    0.02    0.00   98.51

Device            r/s     rkB/s   rrqm/s  %rrqm r_await rareq-sz     w/s     wkB/s   wrqm/s  %wrqm w_await wareq-sz     d/s     dkB/s   drqm/s  %drqm d_await dareq-sz     f/s f_await  aqu-sz  %util
dm-0             0.00      0.00     0.00   0.00    0.00     0.00  212.00  13568.00     0.00   0.00    0.11    64.00    0.00      0.00     0.00   0.00    0.00     0.00    0.00    0.00    0.02  47.60
dm-1             0.00      0.00     0.00   0.00    0.00     0.00  797.00  15908.00     0.00   0.00    0.04    19.96    0.00      0.00     0.00   0.00    0.00     0.00    0.00    0.00    0.03  52.00
loop0            0.00      0.00     0.00   0.00    0.00     0.00    0.00      0.00     0.00   0.00    0.00     0.00    0.00      0.00     0.00   0.00    0.00     0.00    0.00    0.00    0.00   0.00
loop1            0.00      0.00     0.00   0.00    0.00     0.00    0.00      0.00     0.00   0.00    0.00     0.00    0.00      0.00     0.00   0.00    0.00     0.00    0.00    0.00    0.00   0.00
loop10           0.00      0.00     0.00   0.00    0.00     0.00 1071.00   2340.00     0.00   0.00    0.03     2.18    0.00      0.00     0.00   0.00    0.00     0.00  486.00    0.02    0.04  52.40
loop2            0.00      0.00     0.00   0.00    0.00     0.00    0.00      0.00     0.00   0.00    0.00     0.00    0.00      0.00     0.00   0.00    0.00     0.00    0.00    0.00    0.00   0.00
loop3            0.00      0.00     0.00   0.00    0.00     0.00    0.00      0.00     0.00   0.00    0.00     0.00    0.00      0.00     0.00   0.00    0.00     0.00    0.00    0.00    0.00   0.00
loop4            0.00      0.00     0.00   0.00    0.00     0.00    0.00      0.00     0.00   0.00    0.00     0.00    0.00      0.00     0.00   0.00    0.00     0.00    0.00    0.00    0.00   0.00
loop5            0.00      0.00     0.00   0.00    0.00     0.00    0.00      0.00     0.00   0.00    0.00     0.00    0.00      0.00     0.00   0.00    0.00     0.00    0.00    0.00    0.00   0.00
loop6            0.00      0.00     0.00   0.00    0.00     0.00    0.00      0.00     0.00   0.00    0.00     0.00    0.00      0.00     0.00   0.00    0.00     0.00    0.00    0.00    0.00   0.00
loop7            0.00      0.00     0.00   0.00    0.00     0.00    0.00      0.00     0.00   0.00    0.00     0.00    0.00      0.00     0.00   0.00    0.00     0.00    0.00    0.00    0.00   0.00
sda              0.00      0.00     0.00   0.00    0.00     0.00    6.00     96.00    10.00  62.50    0.00    16.00    0.00      0.00     0.00   0.00    0.00     0.00    0.00    0.00    0.00   0.80
sdb              0.00      0.00     0.00   0.00    0.00     0.00  906.00  29476.00   103.00  10.21    0.06    32.53    0.00      0.00     0.00   0.00    0.00     0.00    0.00    0.00    0.06  53.20


avg-cpu:  %user   %nice %system %iowait  %steal   %idle
           0.57    0.00    0.83    0.03    0.00   98.57

Device            r/s     rkB/s   rrqm/s  %rrqm r_await rareq-sz     w/s     wkB/s   wrqm/s  %wrqm w_await wareq-sz     d/s     dkB/s   drqm/s  %drqm d_await dareq-sz     f/s f_await  aqu-sz  %util
dm-0             0.00      0.00     0.00   0.00    0.00     0.00  221.00  14144.00     0.00   0.00    0.00    64.00    0.00      0.00     0.00   0.00    0.00     0.00    0.00    0.00    0.00  46.00
dm-1             0.00      0.00     0.00   0.00    0.00     0.00  811.00  16444.00     0.00   0.00    0.05    20.28    0.00      0.00     0.00   0.00    0.00     0.00    0.00    0.00    0.04  51.60
loop0            0.00      0.00     0.00   0.00    0.00     0.00    0.00      0.00     0.00   0.00    0.00     0.00    0.00      0.00     0.00   0.00    0.00     0.00    0.00    0.00    0.00   0.00
loop1            0.00      0.00     0.00   0.00    0.00     0.00    0.00      0.00     0.00   0.00    0.00     0.00    0.00      0.00     0.00   0.00    0.00     0.00    0.00    0.00    0.00   0.00
loop10           0.00      0.00     0.00   0.00    0.00     0.00 1061.00   2316.00     0.00   0.00    0.03     2.18    0.00      0.00     0.00   0.00    0.00     0.00  482.00    0.02    0.04  50.40
loop2            0.00      0.00     0.00   0.00    0.00     0.00    0.00      0.00     0.00   0.00    0.00     0.00    0.00      0.00     0.00   0.00    0.00     0.00    0.00    0.00    0.00   0.00
loop3            0.00      0.00     0.00   0.00    0.00     0.00    0.00      0.00     0.00   0.00    0.00     0.00    0.00      0.00     0.00   0.00    0.00     0.00    0.00    0.00    0.00   0.00
loop4            0.00      0.00     0.00   0.00    0.00     0.00    0.00      0.00     0.00   0.00    0.00     0.00    0.00      0.00     0.00   0.00    0.00     0.00    0.00    0.00    0.00   0.00
loop5            0.00      0.00     0.00   0.00    0.00     0.00    0.00      0.00     0.00   0.00    0.00     0.00    0.00      0.00     0.00   0.00    0.00     0.00    0.00    0.00    0.00   0.00
loop6            0.00      0.00     0.00   0.00    0.00     0.00    0.00      0.00     0.00   0.00    0.00     0.00    0.00      0.00     0.00   0.00    0.00     0.00    0.00    0.00    0.00   0.00
loop7            0.00      0.00     0.00   0.00    0.00     0.00    0.00      0.00     0.00   0.00    0.00     0.00    0.00      0.00     0.00   0.00    0.00     0.00    0.00    0.00    0.00   0.00
sda              0.00      0.00     0.00   0.00    0.00     0.00   14.00    168.00    28.00  66.67    0.07    12.00    0.00      0.00     0.00   0.00    0.00     0.00    0.00    0.00    0.00   1.20
sdb              0.00      0.00     0.00   0.00    0.00     0.00  931.00  30588.00   101.00   9.79    0.06    32.85    0.00      0.00     0.00   0.00    0.00     0.00    0.00    0.00    0.06  52.80


avg-cpu:  %user   %nice %system %iowait  %steal   %idle
           0.76    0.00    0.88    0.02    0.00   98.35

Device            r/s     rkB/s   rrqm/s  %rrqm r_await rareq-sz     w/s     wkB/s   wrqm/s  %wrqm w_await wareq-sz     d/s     dkB/s   drqm/s  %drqm d_await dareq-sz     f/s f_await  aqu-sz  %util
dm-0             0.00      0.00     0.00   0.00    0.00     0.00  220.00  14080.00     0.00   0.00    0.07    64.00    0.00      0.00     0.00   0.00    0.00     0.00    0.00    0.00    0.02  48.00
dm-1             0.00      0.00     0.00   0.00    0.00     0.00  792.00  16428.00     0.00   0.00    0.06    20.74    0.00      0.00     0.00   0.00    0.00     0.00    0.00    0.00    0.04  53.60
loop0            0.00      0.00     0.00   0.00    0.00     0.00    0.00      0.00     0.00   0.00    0.00     0.00    0.00      0.00     0.00   0.00    0.00     0.00    0.00    0.00    0.00   0.00
loop1            0.00      0.00     0.00   0.00    0.00     0.00    0.00      0.00     0.00   0.00    0.00     0.00    0.00      0.00     0.00   0.00    0.00     0.00    0.00    0.00    0.00   0.00
loop10           0.00      0.00     0.00   0.00    0.00     0.00 1028.00   2252.00     0.00   0.00    0.03     2.19    0.00      0.00     0.00   0.00    0.00     0.00  466.00    0.02    0.04  52.80
loop2            0.00      0.00     0.00   0.00    0.00     0.00    0.00      0.00     0.00   0.00    0.00     0.00    0.00      0.00     0.00   0.00    0.00     0.00    0.00    0.00    0.00   0.00
loop3            0.00      0.00     0.00   0.00    0.00     0.00    0.00      0.00     0.00   0.00    0.00     0.00    0.00      0.00     0.00   0.00    0.00     0.00    0.00    0.00    0.00   0.00
loop4            0.00      0.00     0.00   0.00    0.00     0.00    0.00      0.00     0.00   0.00    0.00     0.00    0.00      0.00     0.00   0.00    0.00     0.00    0.00    0.00    0.00   0.00
loop5            0.00      0.00     0.00   0.00    0.00     0.00    0.00      0.00     0.00   0.00    0.00     0.00    0.00      0.00     0.00   0.00    0.00     0.00    0.00    0.00    0.00   0.00
loop6            0.00      0.00     0.00   0.00    0.00     0.00    0.00      0.00     0.00   0.00    0.00     0.00    0.00      0.00     0.00   0.00    0.00     0.00    0.00    0.00    0.00   0.00
loop7            0.00      0.00     0.00   0.00    0.00     0.00    0.00      0.00     0.00   0.00    0.00     0.00    0.00      0.00     0.00   0.00    0.00     0.00    0.00    0.00    0.00   0.00
sda              0.00      0.00     0.00   0.00    0.00     0.00  178.00   1084.00    35.00  16.43    0.88     6.09    0.00      0.00     0.00   0.00    0.00     0.00    0.00    0.00    0.16   2.40
sdb              0.00      0.00     0.00   0.00    0.00     0.00  909.00  30508.00   103.00  10.18    0.06    33.56    0.00      0.00     0.00   0.00    0.00     0.00    0.00    0.00    0.06  54.00


avg-cpu:  %user   %nice %system %iowait  %steal   %idle
           0.71    0.00    0.80    0.03    0.00   98.46

Device            r/s     rkB/s   rrqm/s  %rrqm r_await rareq-sz     w/s     wkB/s   wrqm/s  %wrqm w_await wareq-sz     d/s     dkB/s   drqm/s  %drqm d_await dareq-sz     f/s f_await  aqu-sz  %util
dm-0             0.00      0.00     0.00   0.00    0.00     0.00  213.00  13632.00     0.00   0.00    0.06    64.00    0.00      0.00     0.00   0.00    0.00     0.00    0.00    0.00    0.01  44.40
dm-1             0.00      0.00     0.00   0.00    0.00     0.00  813.00  16036.00     0.00   0.00    0.04    19.72    0.00      0.00     0.00   0.00    0.00     0.00    0.00    0.00    0.03  48.80
loop0            0.00      0.00     0.00   0.00    0.00     0.00    0.00      0.00     0.00   0.00    0.00     0.00    0.00      0.00     0.00   0.00    0.00     0.00    0.00    0.00    0.00   0.00
loop1            0.00      0.00     0.00   0.00    0.00     0.00    0.00      0.00     0.00   0.00    0.00     0.00    0.00      0.00     0.00   0.00    0.00     0.00    0.00    0.00    0.00   0.00
loop10           0.00      0.00     0.00   0.00    0.00     0.00 1065.00   2332.00     0.00   0.00    0.03     2.19    0.00      0.00     0.00   0.00    0.00     0.00  482.00    0.02    0.04  48.00
loop2            0.00      0.00     0.00   0.00    0.00     0.00    0.00      0.00     0.00   0.00    0.00     0.00    0.00      0.00     0.00   0.00    0.00     0.00    0.00    0.00    0.00   0.00
loop3            0.00      0.00     0.00   0.00    0.00     0.00    0.00      0.00     0.00   0.00    0.00     0.00    0.00      0.00     0.00   0.00    0.00     0.00    0.00    0.00    0.00   0.00
loop4            0.00      0.00     0.00   0.00    0.00     0.00    0.00      0.00     0.00   0.00    0.00     0.00    0.00      0.00     0.00   0.00    0.00     0.00    0.00    0.00    0.00   0.00
loop5            0.00      0.00     0.00   0.00    0.00     0.00    0.00      0.00     0.00   0.00    0.00     0.00    0.00      0.00     0.00   0.00    0.00     0.00    0.00    0.00    0.00   0.00
loop6            0.00      0.00     0.00   0.00    0.00     0.00    0.00      0.00     0.00   0.00    0.00     0.00    0.00      0.00     0.00   0.00    0.00     0.00    0.00    0.00    0.00   0.00
loop7            0.00      0.00     0.00   0.00    0.00     0.00    0.00      0.00     0.00   0.00    0.00     0.00    0.00      0.00     0.00   0.00    0.00     0.00    0.00    0.00    0.00   0.00
sda              0.00      0.00     0.00   0.00    0.00     0.00   21.00    196.00    25.00  54.35    0.14     9.33    0.00      0.00     0.00   0.00    0.00     0.00    0.00    0.00    0.00   1.60
sdb              0.00      0.00     0.00   0.00    0.00     0.00  919.00  29668.00   107.00  10.43    0.06    32.28    0.00      0.00     0.00   0.00    0.00     0.00    0.00    0.00    0.06  48.80


avg-cpu:  %user   %nice %system %iowait  %steal   %idle
           0.68    0.00    0.79    0.03    0.00   98.51

Device            r/s     rkB/s   rrqm/s  %rrqm r_await rareq-sz     w/s     wkB/s   wrqm/s  %wrqm w_await wareq-sz     d/s     dkB/s   drqm/s  %drqm d_await dareq-sz     f/s f_await  aqu-sz  %util
dm-0             0.00      0.00     0.00   0.00    0.00     0.00  208.00  13312.00     0.00   0.00    0.08    64.00    0.00      0.00     0.00   0.00    0.00     0.00    0.00    0.00    0.02  44.80
dm-1             0.00      0.00     0.00   0.00    0.00     0.00  773.00  15572.00     0.00   0.00    0.04    20.14    0.00      0.00     0.00   0.00    0.00     0.00    0.00    0.00    0.03  49.20
loop0            0.00      0.00     0.00   0.00    0.00     0.00    0.00      0.00     0.00   0.00    0.00     0.00    0.00      0.00     0.00   0.00    0.00     0.00    0.00    0.00    0.00   0.00
loop1            0.00      0.00     0.00   0.00    0.00     0.00    0.00      0.00     0.00   0.00    0.00     0.00    0.00      0.00     0.00   0.00    0.00     0.00    0.00    0.00    0.00   0.00
loop10           0.00      0.00     0.00   0.00    0.00     0.00 1023.00   2236.00     0.00   0.00    0.03     2.19    0.00      0.00     0.00   0.00    0.00     0.00  464.00    0.02    0.04  48.40
loop2            0.00      0.00     0.00   0.00    0.00     0.00    0.00      0.00     0.00   0.00    0.00     0.00    0.00      0.00     0.00   0.00    0.00     0.00    0.00    0.00    0.00   0.00
loop3            0.00      0.00     0.00   0.00    0.00     0.00    0.00      0.00     0.00   0.00    0.00     0.00    0.00      0.00     0.00   0.00    0.00     0.00    0.00    0.00    0.00   0.00
loop4            0.00      0.00     0.00   0.00    0.00     0.00    0.00      0.00     0.00   0.00    0.00     0.00    0.00      0.00     0.00   0.00    0.00     0.00    0.00    0.00    0.00   0.00
loop5            0.00      0.00     0.00   0.00    0.00     0.00    0.00      0.00     0.00   0.00    0.00     0.00    0.00      0.00     0.00   0.00    0.00     0.00    0.00    0.00    0.00   0.00
loop6            0.00      0.00     0.00   0.00    0.00     0.00    0.00      0.00     0.00   0.00    0.00     0.00    0.00      0.00     0.00   0.00    0.00     0.00    0.00    0.00    0.00   0.00
loop7            0.00      0.00     0.00   0.00    0.00     0.00    0.00      0.00     0.00   0.00    0.00     0.00    0.00      0.00     0.00   0.00    0.00     0.00    0.00    0.00    0.00   0.00
sda              0.00      0.00     0.00   0.00    0.00     0.00    6.00     88.00     8.00  57.14    0.00    14.67    0.00      0.00     0.00   0.00    0.00     0.00    0.00    0.00    0.00   0.40
sdb              0.00      0.00     0.00   0.00    0.00     0.00  882.00  28884.00    99.00  10.09    0.06    32.75    0.00      0.00     0.00   0.00    0.00     0.00    0.00    0.00    0.05  49.60


avg-cpu:  %user   %nice %system %iowait  %steal   %idle
           0.61    0.00    0.98    0.02    0.00   98.40

Device            r/s     rkB/s   rrqm/s  %rrqm r_await rareq-sz     w/s     wkB/s   wrqm/s  %wrqm w_await wareq-sz     d/s     dkB/s   drqm/s  %drqm d_await dareq-sz     f/s f_await  aqu-sz  %util
dm-0             0.00      0.00     0.00   0.00    0.00     0.00  208.00  13312.00     0.00   0.00    0.10    64.00    0.00      0.00     0.00   0.00    0.00     0.00    0.00    0.00    0.02  45.20
dm-1             0.00      0.00     0.00   0.00    0.00     0.00  773.00  15572.00     0.00   0.00    0.04    20.14    0.00      0.00     0.00   0.00    0.00     0.00    0.00    0.00    0.03  48.00
loop0            0.00      0.00     0.00   0.00    0.00     0.00    0.00      0.00     0.00   0.00    0.00     0.00    0.00      0.00     0.00   0.00    0.00     0.00    0.00    0.00    0.00   0.00
loop1            0.00      0.00     0.00   0.00    0.00     0.00    0.00      0.00     0.00   0.00    0.00     0.00    0.00      0.00     0.00   0.00    0.00     0.00    0.00    0.00    0.00   0.00
loop10           0.00      0.00     0.00   0.00    0.00     0.00 1017.00   2244.00     0.00   0.00    0.03     2.21    0.00      0.00     0.00   0.00    0.00     0.00  456.00    0.02    0.04  48.40
loop2            0.00      0.00     0.00   0.00    0.00     0.00    0.00      0.00     0.00   0.00    0.00     0.00    0.00      0.00     0.00   0.00    0.00     0.00    0.00    0.00    0.00   0.00
loop3            0.00      0.00     0.00   0.00    0.00     0.00    0.00      0.00     0.00   0.00    0.00     0.00    0.00      0.00     0.00   0.00    0.00     0.00    0.00    0.00    0.00   0.00
loop4            0.00      0.00     0.00   0.00    0.00     0.00    0.00      0.00     0.00   0.00    0.00     0.00    0.00      0.00     0.00   0.00    0.00     0.00    0.00    0.00    0.00   0.00
loop5            0.00      0.00     0.00   0.00    0.00     0.00    0.00      0.00     0.00   0.00    0.00     0.00    0.00      0.00     0.00   0.00    0.00     0.00    0.00    0.00    0.00   0.00
loop6            0.00      0.00     0.00   0.00    0.00     0.00    0.00      0.00     0.00   0.00    0.00     0.00    0.00      0.00     0.00   0.00    0.00     0.00    0.00    0.00    0.00   0.00
loop7            0.00      0.00     0.00   0.00    0.00     0.00    0.00      0.00     0.00   0.00    0.00     0.00    0.00      0.00     0.00   0.00    0.00     0.00    0.00    0.00    0.00   0.00
sda              0.00      0.00     0.00   0.00    0.00     0.00   13.00    160.00    24.00  64.86    0.38    12.31    0.00      0.00     0.00   0.00    0.00     0.00    0.00    0.00    0.00   1.20
sdb              0.00      0.00     0.00   0.00    0.00     0.00  871.00  28884.00   110.00  11.21    0.06    33.16    0.00      0.00     0.00   0.00    0.00     0.00    0.00    0.00    0.05  48.80


avg-cpu:  %user   %nice %system %iowait  %steal   %idle
           0.55    0.00    0.93    0.03    0.00   98.49

Device            r/s     rkB/s   rrqm/s  %rrqm r_await rareq-sz     w/s     wkB/s   wrqm/s  %wrqm w_await wareq-sz     d/s     dkB/s   drqm/s  %drqm d_await dareq-sz     f/s f_await  aqu-sz  %util
dm-0             0.00      0.00     0.00   0.00    0.00     0.00  208.00  13312.00     0.00   0.00    0.10    64.00    0.00      0.00     0.00   0.00    0.00     0.00    0.00    0.00    0.02  44.00
dm-1             0.00      0.00     0.00   0.00    0.00     0.00  786.00  15624.00     0.00   0.00    0.08    19.88    0.00      0.00     0.00   0.00    0.00     0.00    0.00    0.00    0.06  46.00
loop0            0.00      0.00     0.00   0.00    0.00     0.00    0.00      0.00     0.00   0.00    0.00     0.00    0.00      0.00     0.00   0.00    0.00     0.00    0.00    0.00    0.00   0.00
loop1            0.00      0.00     0.00   0.00    0.00     0.00    0.00      0.00     0.00   0.00    0.00     0.00    0.00      0.00     0.00   0.00    0.00     0.00    0.00    0.00    0.00   0.00
loop10           0.00      0.00     0.00   0.00    0.00     0.00 1059.00   2316.00     0.00   0.00    0.03     2.19    0.00      0.00     0.00   0.00    0.00     0.00  480.00    0.02    0.04  44.80
loop2            0.00      0.00     0.00   0.00    0.00     0.00    0.00      0.00     0.00   0.00    0.00     0.00    0.00      0.00     0.00   0.00    0.00     0.00    0.00    0.00    0.00   0.00
loop3            0.00      0.00     0.00   0.00    0.00     0.00    0.00      0.00     0.00   0.00    0.00     0.00    0.00      0.00     0.00   0.00    0.00     0.00    0.00    0.00    0.00   0.00
loop4            0.00      0.00     0.00   0.00    0.00     0.00    0.00      0.00     0.00   0.00    0.00     0.00    0.00      0.00     0.00   0.00    0.00     0.00    0.00    0.00    0.00   0.00
loop5            0.00      0.00     0.00   0.00    0.00     0.00    0.00      0.00     0.00   0.00    0.00     0.00    0.00      0.00     0.00   0.00    0.00     0.00    0.00    0.00    0.00   0.00
loop6            0.00      0.00     0.00   0.00    0.00     0.00    0.00      0.00     0.00   0.00    0.00     0.00    0.00      0.00     0.00   0.00    0.00     0.00    0.00    0.00    0.00   0.00
loop7            0.00      0.00     0.00   0.00    0.00     0.00    0.00      0.00     0.00   0.00    0.00     0.00    0.00      0.00     0.00   0.00    0.00     0.00    0.00    0.00    0.00   0.00
sda              0.00      0.00     0.00   0.00    0.00     0.00   20.00    224.00    28.00  58.33    0.05    11.20    0.00      0.00     0.00   0.00    0.00     0.00    0.00    0.00    0.00   2.80
sdb              0.00      0.00     0.00   0.00    0.00     0.00  890.00  28936.00   104.00  10.46    0.06    32.51    0.00      0.00     0.00   0.00    0.00     0.00    0.00    0.00    0.06  47.20


avg-cpu:  %user   %nice %system %iowait  %steal   %idle
           0.77    0.00    0.91    0.02    0.00   98.30

Device            r/s     rkB/s   rrqm/s  %rrqm r_await rareq-sz     w/s     wkB/s   wrqm/s  %wrqm w_await wareq-sz     d/s     dkB/s   drqm/s  %drqm d_await dareq-sz     f/s f_await  aqu-sz  %util
dm-0             0.00      0.00     0.00   0.00    0.00     0.00  226.00  14464.00     0.00   0.00    0.07    64.00    0.00      0.00     0.00   0.00    0.00     0.00    0.00    0.00    0.02  48.40
dm-1             0.00      0.00     0.00   0.00    0.00     0.00  826.00  16868.00     0.00   0.00    0.06    20.42    0.00      0.00     0.00   0.00    0.00     0.00    0.00    0.00    0.05  50.80
loop0            0.00      0.00     0.00   0.00    0.00     0.00    0.00      0.00     0.00   0.00    0.00     0.00    0.00      0.00     0.00   0.00    0.00     0.00    0.00    0.00    0.00   0.00
loop1            0.00      0.00     0.00   0.00    0.00     0.00    0.00      0.00     0.00   0.00    0.00     0.00    0.00      0.00     0.00   0.00    0.00     0.00    0.00    0.00    0.00   0.00
loop10           0.00      0.00     0.00   0.00    0.00     0.00 1080.00   2388.00     0.00   0.00    0.03     2.21    0.00      0.00     0.00   0.00    0.00     0.00  484.00    0.02    0.04  52.80
loop2            0.00      0.00     0.00   0.00    0.00     0.00    0.00      0.00     0.00   0.00    0.00     0.00    0.00      0.00     0.00   0.00    0.00     0.00    0.00    0.00    0.00   0.00
loop3            0.00      0.00     0.00   0.00    0.00     0.00    0.00      0.00     0.00   0.00    0.00     0.00    0.00      0.00     0.00   0.00    0.00     0.00    0.00    0.00    0.00   0.00
loop4            0.00      0.00     0.00   0.00    0.00     0.00    0.00      0.00     0.00   0.00    0.00     0.00    0.00      0.00     0.00   0.00    0.00     0.00    0.00    0.00    0.00   0.00
loop5            0.00      0.00     0.00   0.00    0.00     0.00    0.00      0.00     0.00   0.00    0.00     0.00    0.00      0.00     0.00   0.00    0.00     0.00    0.00    0.00    0.00   0.00
loop6            0.00      0.00     0.00   0.00    0.00     0.00    0.00      0.00     0.00   0.00    0.00     0.00    0.00      0.00     0.00   0.00    0.00     0.00    0.00    0.00    0.00   0.00
loop7            0.00      0.00     0.00   0.00    0.00     0.00    0.00      0.00     0.00   0.00    0.00     0.00    0.00      0.00     0.00   0.00    0.00     0.00    0.00    0.00    0.00   0.00
sda              0.00      0.00     0.00   0.00    0.00     0.00  157.00    936.00    29.00  15.59    0.72     5.96    0.00      0.00     0.00   0.00    0.00     0.00    0.00    0.00    0.11   2.00
sdb              0.00      0.00     0.00   0.00    0.00     0.00  936.00  31332.00   116.00  11.03    0.06    33.47    0.00      0.00     0.00   0.00    0.00     0.00    0.00    0.00    0.06  51.60


avg-cpu:  %user   %nice %system %iowait  %steal   %idle
           0.71    0.00    0.82    0.02    0.00   98.46

Device            r/s     rkB/s   rrqm/s  %rrqm r_await rareq-sz     w/s     wkB/s   wrqm/s  %wrqm w_await wareq-sz     d/s     dkB/s   drqm/s  %drqm d_await dareq-sz     f/s f_await  aqu-sz  %util
dm-0             0.00      0.00     0.00   0.00    0.00     0.00  203.00  12992.00     0.00   0.00    0.04    64.00    0.00      0.00     0.00   0.00    0.00     0.00    0.00    0.00    0.01  44.40
dm-1             0.00      0.00     0.00   0.00    0.00     0.00  751.00  15184.00     0.00   0.00    0.04    20.22    0.00      0.00     0.00   0.00    0.00     0.00    0.00    0.00    0.03  46.80
loop0            0.00      0.00     0.00   0.00    0.00     0.00    0.00      0.00     0.00   0.00    0.00     0.00    0.00      0.00     0.00   0.00    0.00     0.00    0.00    0.00    0.00   0.00
loop1            0.00      0.00     0.00   0.00    0.00     0.00    0.00      0.00     0.00   0.00    0.00     0.00    0.00      0.00     0.00   0.00    0.00     0.00    0.00    0.00    0.00   0.00
loop10           0.00      0.00     0.00   0.00    0.00     0.00  966.00   4172.00     0.00   0.00    0.04     4.32    0.00      0.00     0.00   0.00    0.00     0.00  431.00    0.02    0.04  47.60
loop2            0.00      0.00     0.00   0.00    0.00     0.00    0.00      0.00     0.00   0.00    0.00     0.00    0.00      0.00     0.00   0.00    0.00     0.00    0.00    0.00    0.00   0.00
loop3            0.00      0.00     0.00   0.00    0.00     0.00    0.00      0.00     0.00   0.00    0.00     0.00    0.00      0.00     0.00   0.00    0.00     0.00    0.00    0.00    0.00   0.00
loop4            0.00      0.00     0.00   0.00    0.00     0.00    0.00      0.00     0.00   0.00    0.00     0.00    0.00      0.00     0.00   0.00    0.00     0.00    0.00    0.00    0.00   0.00
loop5            0.00      0.00     0.00   0.00    0.00     0.00    0.00      0.00     0.00   0.00    0.00     0.00    0.00      0.00     0.00   0.00    0.00     0.00    0.00    0.00    0.00   0.00
loop6            0.00      0.00     0.00   0.00    0.00     0.00    0.00      0.00     0.00   0.00    0.00     0.00    0.00      0.00     0.00   0.00    0.00     0.00    0.00    0.00    0.00   0.00
loop7            0.00      0.00     0.00   0.00    0.00     0.00    0.00      0.00     0.00   0.00    0.00     0.00    0.00      0.00     0.00   0.00    0.00     0.00    0.00    0.00    0.00   0.00
sda              0.00      0.00     0.00   0.00    0.00     0.00   33.00    296.00    31.00  48.44    0.18     8.97    0.00      0.00     0.00   0.00    0.00     0.00    0.00    0.00    0.01   2.00
sdb              0.00      0.00     0.00   0.00    0.00     0.00  848.00  28176.00   106.00  11.11    0.06    33.23    0.00      0.00     0.00   0.00    0.00     0.00    0.00    0.00    0.05  47.20


avg-cpu:  %user   %nice %system %iowait  %steal   %idle
           0.58    0.00    0.80    0.03    0.00   98.59

Device            r/s     rkB/s   rrqm/s  %rrqm r_await rareq-sz     w/s     wkB/s   wrqm/s  %wrqm w_await wareq-sz     d/s     dkB/s   drqm/s  %drqm d_await dareq-sz     f/s f_await  aqu-sz  %util
dm-0             0.00      0.00     0.00   0.00    0.00     0.00  203.00  12992.00     0.00   0.00    0.14    64.00    0.00      0.00     0.00   0.00    0.00     0.00    0.00    0.00    0.03  43.60
dm-1             0.00      0.00     0.00   0.00    0.00     0.00  727.00  15088.00     0.00   0.00    0.05    20.75    0.00      0.00     0.00   0.00    0.00     0.00    0.00    0.00    0.04  45.60
loop0            0.00      0.00     0.00   0.00    0.00     0.00    0.00      0.00     0.00   0.00    0.00     0.00    0.00      0.00     0.00   0.00    0.00     0.00    0.00    0.00    0.00   0.00
loop1            0.00      0.00     0.00   0.00    0.00     0.00    0.00      0.00     0.00   0.00    0.00     0.00    0.00      0.00     0.00   0.00    0.00     0.00    0.00    0.00    0.00   0.00
loop10           0.00      0.00     0.00   0.00    0.00     0.00  948.00   2072.00     0.00   0.00    0.03     2.19    0.00      0.00     0.00   0.00    0.00     0.00  430.00    0.02    0.04  44.40
loop2            0.00      0.00     0.00   0.00    0.00     0.00    0.00      0.00     0.00   0.00    0.00     0.00    0.00      0.00     0.00   0.00    0.00     0.00    0.00    0.00    0.00   0.00
loop3            0.00      0.00     0.00   0.00    0.00     0.00    0.00      0.00     0.00   0.00    0.00     0.00    0.00      0.00     0.00   0.00    0.00     0.00    0.00    0.00    0.00   0.00
loop4            0.00      0.00     0.00   0.00    0.00     0.00    0.00      0.00     0.00   0.00    0.00     0.00    0.00      0.00     0.00   0.00    0.00     0.00    0.00    0.00    0.00   0.00
loop5            0.00      0.00     0.00   0.00    0.00     0.00    0.00      0.00     0.00   0.00    0.00     0.00    0.00      0.00     0.00   0.00    0.00     0.00    0.00    0.00    0.00   0.00
loop6            0.00      0.00     0.00   0.00    0.00     0.00    0.00      0.00     0.00   0.00    0.00     0.00    0.00      0.00     0.00   0.00    0.00     0.00    0.00    0.00    0.00   0.00
loop7            0.00      0.00     0.00   0.00    0.00     0.00    0.00      0.00     0.00   0.00    0.00     0.00    0.00      0.00     0.00   0.00    0.00     0.00    0.00    0.00    0.00   0.00
sda              0.00      0.00     0.00   0.00    0.00     0.00   11.00    140.00    24.00  68.57    0.09    12.73    0.00      0.00     0.00   0.00    0.00     0.00    0.00    0.00    0.00   1.20
sdb              0.00      0.00     0.00   0.00    0.00     0.00  838.00  28080.00    92.00   9.89    0.06    33.51    0.00      0.00     0.00   0.00    0.00     0.00    0.00    0.00    0.05  46.80


avg-cpu:  %user   %nice %system %iowait  %steal   %idle
           0.66    0.00    0.85    0.02    0.00   98.47

Device            r/s     rkB/s   rrqm/s  %rrqm r_await rareq-sz     w/s     wkB/s   wrqm/s  %wrqm w_await wareq-sz     d/s     dkB/s   drqm/s  %drqm d_await dareq-sz     f/s f_await  aqu-sz  %util
dm-0             0.00      0.00     0.00   0.00    0.00     0.00  211.00  13504.00     0.00   0.00    0.08    64.00    0.00      0.00     0.00   0.00    0.00     0.00    0.00    0.00    0.02  47.60
dm-1             0.00      0.00     0.00   0.00    0.00     0.00  815.00  15920.00     0.00   0.00    0.06    19.53    0.00      0.00     0.00   0.00    0.00     0.00    0.00    0.00    0.05  50.00
loop0            0.00      0.00     0.00   0.00    0.00     0.00    0.00      0.00     0.00   0.00    0.00     0.00    0.00      0.00     0.00   0.00    0.00     0.00    0.00    0.00    0.00   0.00
loop1            0.00      0.00     0.00   0.00    0.00     0.00    0.00      0.00     0.00   0.00    0.00     0.00    0.00      0.00     0.00   0.00    0.00     0.00    0.00    0.00    0.00   0.00
loop10           0.00      0.00     0.00   0.00    0.00     0.00 1091.00   2404.00     0.00   0.00    0.03     2.20    0.00      0.00     0.00   0.00    0.00     0.00  490.00    0.02    0.04  50.80
loop2            0.00      0.00     0.00   0.00    0.00     0.00    0.00      0.00     0.00   0.00    0.00     0.00    0.00      0.00     0.00   0.00    0.00     0.00    0.00    0.00    0.00   0.00
loop3            0.00      0.00     0.00   0.00    0.00     0.00    0.00      0.00     0.00   0.00    0.00     0.00    0.00      0.00     0.00   0.00    0.00     0.00    0.00    0.00    0.00   0.00
loop4            0.00      0.00     0.00   0.00    0.00     0.00    0.00      0.00     0.00   0.00    0.00     0.00    0.00      0.00     0.00   0.00    0.00     0.00    0.00    0.00    0.00   0.00
loop5            0.00      0.00     0.00   0.00    0.00     0.00    0.00      0.00     0.00   0.00    0.00     0.00    0.00      0.00     0.00   0.00    0.00     0.00    0.00    0.00    0.00   0.00
loop6            0.00      0.00     0.00   0.00    0.00     0.00    0.00      0.00     0.00   0.00    0.00     0.00    0.00      0.00     0.00   0.00    0.00     0.00    0.00    0.00    0.00   0.00
loop7            0.00      0.00     0.00   0.00    0.00     0.00    0.00      0.00     0.00   0.00    0.00     0.00    0.00      0.00     0.00   0.00    0.00     0.00    0.00    0.00    0.00   0.00
sda              0.00      0.00     0.00   0.00    0.00     0.00   17.00    216.00    29.00  63.04    0.06    12.71    0.00      0.00     0.00   0.00    0.00     0.00    0.00    0.00    0.00   1.60
sdb              0.00      0.00     0.00   0.00    0.00     0.00  908.00  29424.00   118.00  11.50    0.06    32.41    0.00      0.00     0.00   0.00    0.00     0.00    0.00    0.00    0.06  52.00


avg-cpu:  %user   %nice %system %iowait  %steal   %idle
           0.71    0.00    0.82    0.03    0.00   98.44

Device            r/s     rkB/s   rrqm/s  %rrqm r_await rareq-sz     w/s     wkB/s   wrqm/s  %wrqm w_await wareq-sz     d/s     dkB/s   drqm/s  %drqm d_await dareq-sz     f/s f_await  aqu-sz  %util
dm-0             0.00      0.00     0.00   0.00    0.00     0.00  219.00  14016.00     0.00   0.00    0.09    64.00    0.00      0.00     0.00   0.00    0.00     0.00    0.00    0.00    0.02  48.00
dm-1             0.00      0.00     0.00   0.00    0.00     0.00  807.00  16372.00     0.00   0.00    0.06    20.29    0.00      0.00     0.00   0.00    0.00     0.00    0.00    0.00    0.05  50.00
loop0            0.00      0.00     0.00   0.00    0.00     0.00    0.00      0.00     0.00   0.00    0.00     0.00    0.00      0.00     0.00   0.00    0.00     0.00    0.00    0.00    0.00   0.00
loop1            0.00      0.00     0.00   0.00    0.00     0.00    0.00      0.00     0.00   0.00    0.00     0.00    0.00      0.00     0.00   0.00    0.00     0.00    0.00    0.00    0.00   0.00
loop10           0.00      0.00     0.00   0.00    0.00     0.00 1077.00   2348.00     0.00   0.00    0.03     2.18    0.00      0.00     0.00   0.00    0.00     0.00  490.00    0.02    0.04  49.60
loop2            0.00      0.00     0.00   0.00    0.00     0.00    0.00      0.00     0.00   0.00    0.00     0.00    0.00      0.00     0.00   0.00    0.00     0.00    0.00    0.00    0.00   0.00
loop3            0.00      0.00     0.00   0.00    0.00     0.00    0.00      0.00     0.00   0.00    0.00     0.00    0.00      0.00     0.00   0.00    0.00     0.00    0.00    0.00    0.00   0.00
loop4            0.00      0.00     0.00   0.00    0.00     0.00    0.00      0.00     0.00   0.00    0.00     0.00    0.00      0.00     0.00   0.00    0.00     0.00    0.00    0.00    0.00   0.00
loop5            0.00      0.00     0.00   0.00    0.00     0.00    0.00      0.00     0.00   0.00    0.00     0.00    0.00      0.00     0.00   0.00    0.00     0.00    0.00    0.00    0.00   0.00
loop6            0.00      0.00     0.00   0.00    0.00     0.00    0.00      0.00     0.00   0.00    0.00     0.00    0.00      0.00     0.00   0.00    0.00     0.00    0.00    0.00    0.00   0.00
loop7            0.00      0.00     0.00   0.00    0.00     0.00    0.00      0.00     0.00   0.00    0.00     0.00    0.00      0.00     0.00   0.00    0.00     0.00    0.00    0.00    0.00   0.00
sda              0.00      0.00     0.00   0.00    0.00     0.00   15.00    180.00    26.00  63.41    0.07    12.00    0.00      0.00     0.00   0.00    0.00     0.00    0.00    0.00    0.00   1.60
sdb              0.00      0.00     0.00   0.00    0.00     0.00  923.00  30388.00   103.00  10.04    0.06    32.92    0.00      0.00     0.00   0.00    0.00     0.00    0.00    0.00    0.06  51.60


avg-cpu:  %user   %nice %system %iowait  %steal   %idle
           0.58    0.00    0.74    0.02    0.00   98.66

Device            r/s     rkB/s   rrqm/s  %rrqm r_await rareq-sz     w/s     wkB/s   wrqm/s  %wrqm w_await wareq-sz     d/s     dkB/s   drqm/s  %drqm d_await dareq-sz     f/s f_await  aqu-sz  %util
dm-0             0.00      0.00     0.00   0.00    0.00     0.00  188.00  12032.00     0.00   0.00    0.04    64.00    0.00      0.00     0.00   0.00    0.00     0.00    0.00    0.00    0.01  39.20
dm-1             0.00      0.00     0.00   0.00    0.00     0.00  664.00  13936.00     0.00   0.00    0.04    20.99    0.00      0.00     0.00   0.00    0.00     0.00    0.00    0.00    0.02  42.40
loop0            0.00      0.00     0.00   0.00    0.00     0.00    0.00      0.00     0.00   0.00    0.00     0.00    0.00      0.00     0.00   0.00    0.00     0.00    0.00    0.00    0.00   0.00
loop1            0.00      0.00     0.00   0.00    0.00     0.00    0.00      0.00     0.00   0.00    0.00     0.00    0.00      0.00     0.00   0.00    0.00     0.00    0.00    0.00    0.00   0.00
loop10           0.00      0.00     0.00   0.00    0.00     0.00  868.00   1908.00     0.00   0.00    0.03     2.20    0.00      0.00     0.00   0.00    0.00     0.00  392.00    0.02    0.04  41.60
loop2            0.00      0.00     0.00   0.00    0.00     0.00    0.00      0.00     0.00   0.00    0.00     0.00    0.00      0.00     0.00   0.00    0.00     0.00    0.00    0.00    0.00   0.00
loop3            0.00      0.00     0.00   0.00    0.00     0.00    0.00      0.00     0.00   0.00    0.00     0.00    0.00      0.00     0.00   0.00    0.00     0.00    0.00    0.00    0.00   0.00
loop4            0.00      0.00     0.00   0.00    0.00     0.00    0.00      0.00     0.00   0.00    0.00     0.00    0.00      0.00     0.00   0.00    0.00     0.00    0.00    0.00    0.00   0.00
loop5            0.00      0.00     0.00   0.00    0.00     0.00    0.00      0.00     0.00   0.00    0.00     0.00    0.00      0.00     0.00   0.00    0.00     0.00    0.00    0.00    0.00   0.00
loop6            0.00      0.00     0.00   0.00    0.00     0.00    0.00      0.00     0.00   0.00    0.00     0.00    0.00      0.00     0.00   0.00    0.00     0.00    0.00    0.00    0.00   0.00
loop7            0.00      0.00     0.00   0.00    0.00     0.00    0.00      0.00     0.00   0.00    0.00     0.00    0.00      0.00     0.00   0.00    0.00     0.00    0.00    0.00    0.00   0.00
sda              0.00      0.00     0.00   0.00    0.00     0.00  170.00   1084.00    38.00  18.27    1.11     6.38    0.00      0.00     0.00   0.00    0.00     0.00    0.00    0.00    0.19   2.80
sdb              0.00      0.00     0.00   0.00    0.00     0.00  764.00  25968.00    88.00  10.33    0.07    33.99    0.00      0.00     0.00   0.00    0.00     0.00    0.00    0.00    0.05  43.60


avg-cpu:  %user   %nice %system %iowait  %steal   %idle
           0.74    0.00    0.88    0.03    0.00   98.35

Device            r/s     rkB/s   rrqm/s  %rrqm r_await rareq-sz     w/s     wkB/s   wrqm/s  %wrqm w_await wareq-sz     d/s     dkB/s   drqm/s  %drqm d_await dareq-sz     f/s f_await  aqu-sz  %util
dm-0             0.00      0.00     0.00   0.00    0.00     0.00  232.00  14848.00     0.00   0.00    0.14    64.00    0.00      0.00     0.00   0.00    0.00     0.00    0.00    0.00    0.03  49.60
dm-1             0.00      0.00     0.00   0.00    0.00     0.00  896.00  17444.00     0.00   0.00    0.08    19.47    0.00      0.00     0.00   0.00    0.00     0.00    0.00    0.00    0.07  52.80
loop0            0.00      0.00     0.00   0.00    0.00     0.00    0.00      0.00     0.00   0.00    0.00     0.00    0.00      0.00     0.00   0.00    0.00     0.00    0.00    0.00    0.00   0.00
loop1            0.00      0.00     0.00   0.00    0.00     0.00    0.00      0.00     0.00   0.00    0.00     0.00    0.00      0.00     0.00   0.00    0.00     0.00    0.00    0.00    0.00   0.00
loop10           0.00      0.00     0.00   0.00    0.00     0.00 1171.00   2564.00     0.00   0.00    0.03     2.19    0.00      0.00     0.00   0.00    0.00     0.00  530.00    0.02    0.05  52.00
loop2            0.00      0.00     0.00   0.00    0.00     0.00    0.00      0.00     0.00   0.00    0.00     0.00    0.00      0.00     0.00   0.00    0.00     0.00    0.00    0.00    0.00   0.00
loop3            0.00      0.00     0.00   0.00    0.00     0.00    0.00      0.00     0.00   0.00    0.00     0.00    0.00      0.00     0.00   0.00    0.00     0.00    0.00    0.00    0.00   0.00
loop4            0.00      0.00     0.00   0.00    0.00     0.00    0.00      0.00     0.00   0.00    0.00     0.00    0.00      0.00     0.00   0.00    0.00     0.00    0.00    0.00    0.00   0.00
loop5            0.00      0.00     0.00   0.00    0.00     0.00    0.00      0.00     0.00   0.00    0.00     0.00    0.00      0.00     0.00   0.00    0.00     0.00    0.00    0.00    0.00   0.00
loop6            0.00      0.00     0.00   0.00    0.00     0.00    0.00      0.00     0.00   0.00    0.00     0.00    0.00      0.00     0.00   0.00    0.00     0.00    0.00    0.00    0.00   0.00
loop7            0.00      0.00     0.00   0.00    0.00     0.00    0.00      0.00     0.00   0.00    0.00     0.00    0.00      0.00     0.00   0.00    0.00     0.00    0.00    0.00    0.00   0.00
sda              0.00      0.00     0.00   0.00    0.00     0.00   11.00    144.00    24.00  68.57    0.00    13.09    0.00      0.00     0.00   0.00    0.00     0.00    0.00    0.00    0.00   0.80
sdb              0.00      0.00     0.00   0.00    0.00     0.00 1013.00  32292.00   115.00  10.20    0.06    31.88    0.00      0.00     0.00   0.00    0.00     0.00    0.00    0.00    0.06  53.20


avg-cpu:  %user   %nice %system %iowait  %steal   %idle
           0.50    0.00    0.69    0.03    0.00   98.77

Device            r/s     rkB/s   rrqm/s  %rrqm r_await rareq-sz     w/s     wkB/s   wrqm/s  %wrqm w_await wareq-sz     d/s     dkB/s   drqm/s  %drqm d_await dareq-sz     f/s f_await  aqu-sz  %util
dm-0             0.00      0.00     0.00   0.00    0.00     0.00  201.00  12864.00     0.00   0.00    0.08    64.00    0.00      0.00     0.00   0.00    0.00     0.00    0.00    0.00    0.02  44.00
dm-1             0.00      0.00     0.00   0.00    0.00     0.00  735.00  15060.00     0.00   0.00    0.05    20.49    0.00      0.00     0.00   0.00    0.00     0.00    0.00    0.00    0.04  48.00
loop0            0.00      0.00     0.00   0.00    0.00     0.00    0.00      0.00     0.00   0.00    0.00     0.00    0.00      0.00     0.00   0.00    0.00     0.00    0.00    0.00    0.00   0.00
loop1            0.00      0.00     0.00   0.00    0.00     0.00    0.00      0.00     0.00   0.00    0.00     0.00    0.00      0.00     0.00   0.00    0.00     0.00    0.00    0.00    0.00   0.00
loop10           0.00      0.00     0.00   0.00    0.00     0.00  948.00   2064.00     0.00   0.00    0.03     2.18    0.00      0.00     0.00   0.00    0.00     0.00  432.00    0.02    0.04  47.20
loop2            0.00      0.00     0.00   0.00    0.00     0.00    0.00      0.00     0.00   0.00    0.00     0.00    0.00      0.00     0.00   0.00    0.00     0.00    0.00    0.00    0.00   0.00
loop3            0.00      0.00     0.00   0.00    0.00     0.00    0.00      0.00     0.00   0.00    0.00     0.00    0.00      0.00     0.00   0.00    0.00     0.00    0.00    0.00    0.00   0.00
loop4            0.00      0.00     0.00   0.00    0.00     0.00    0.00      0.00     0.00   0.00    0.00     0.00    0.00      0.00     0.00   0.00    0.00     0.00    0.00    0.00    0.00   0.00
loop5            0.00      0.00     0.00   0.00    0.00     0.00    0.00      0.00     0.00   0.00    0.00     0.00    0.00      0.00     0.00   0.00    0.00     0.00    0.00    0.00    0.00   0.00
loop6            0.00      0.00     0.00   0.00    0.00     0.00    0.00      0.00     0.00   0.00    0.00     0.00    0.00      0.00     0.00   0.00    0.00     0.00    0.00    0.00    0.00   0.00
loop7            0.00      0.00     0.00   0.00    0.00     0.00    0.00      0.00     0.00   0.00    0.00     0.00    0.00      0.00     0.00   0.00    0.00     0.00    0.00    0.00    0.00   0.00
sda              0.00      0.00     0.00   0.00    0.00     0.00   17.00    232.00    31.00  64.58    0.12    13.65    0.00      0.00     0.00   0.00    0.00     0.00    0.00    0.00    0.00   1.60
sdb              0.00      0.00     0.00   0.00    0.00     0.00  846.00  27924.00    90.00   9.62    0.06    33.01    0.00      0.00     0.00   0.00    0.00     0.00    0.00    0.00    0.05  48.40


avg-cpu:  %user   %nice %system %iowait  %steal   %idle
           0.52    0.00    0.74    0.02    0.00   98.72

Device            r/s     rkB/s   rrqm/s  %rrqm r_await rareq-sz     w/s     wkB/s   wrqm/s  %wrqm w_await wareq-sz     d/s     dkB/s   drqm/s  %drqm d_await dareq-sz     f/s f_await  aqu-sz  %util
dm-0             0.00      0.00     0.00   0.00    0.00     0.00  225.00  14400.00     0.00   0.00    0.07    64.00    0.00      0.00     0.00   0.00    0.00     0.00    0.00    0.00    0.02  49.20
dm-1             0.00      0.00     0.00   0.00    0.00     0.00  819.00  16716.00     0.00   0.00    0.04    20.41    0.00      0.00     0.00   0.00    0.00     0.00    0.00    0.00    0.04  53.60
loop0            0.00      0.00     0.00   0.00    0.00     0.00    0.00      0.00     0.00   0.00    0.00     0.00    0.00      0.00     0.00   0.00    0.00     0.00    0.00    0.00    0.00   0.00
loop1            0.00      0.00     0.00   0.00    0.00     0.00    0.00      0.00     0.00   0.00    0.00     0.00    0.00      0.00     0.00   0.00    0.00     0.00    0.00    0.00    0.00   0.00
loop10           0.00      0.00     0.00   0.00    0.00     0.00 1081.00   2356.00     0.00   0.00    0.03     2.18    0.00      0.00     0.00   0.00    0.00     0.00  492.00    0.02    0.04  52.80
loop2            0.00      0.00     0.00   0.00    0.00     0.00    0.00      0.00     0.00   0.00    0.00     0.00    0.00      0.00     0.00   0.00    0.00     0.00    0.00    0.00    0.00   0.00
loop3            0.00      0.00     0.00   0.00    0.00     0.00    0.00      0.00     0.00   0.00    0.00     0.00    0.00      0.00     0.00   0.00    0.00     0.00    0.00    0.00    0.00   0.00
loop4            0.00      0.00     0.00   0.00    0.00     0.00    0.00      0.00     0.00   0.00    0.00     0.00    0.00      0.00     0.00   0.00    0.00     0.00    0.00    0.00    0.00   0.00
loop5            0.00      0.00     0.00   0.00    0.00     0.00    0.00      0.00     0.00   0.00    0.00     0.00    0.00      0.00     0.00   0.00    0.00     0.00    0.00    0.00    0.00   0.00
loop6            0.00      0.00     0.00   0.00    0.00     0.00    0.00      0.00     0.00   0.00    0.00     0.00    0.00      0.00     0.00   0.00    0.00     0.00    0.00    0.00    0.00   0.00
loop7            0.00      0.00     0.00   0.00    0.00     0.00    0.00      0.00     0.00   0.00    0.00     0.00    0.00      0.00     0.00   0.00    0.00     0.00    0.00    0.00    0.00   0.00
sda              0.00      0.00     0.00   0.00    0.00     0.00   18.00     76.00     1.00   5.26    0.28     4.22    0.00      0.00     0.00   0.00    0.00     0.00    0.00    0.00    0.01   0.40
sdb              0.00      0.00     0.00   0.00    0.00     0.00  943.00  31116.00   101.00   9.67    0.06    33.00    0.00      0.00     0.00   0.00    0.00     0.00    0.00    0.00    0.06  54.80


avg-cpu:  %user   %nice %system %iowait  %steal   %idle
           0.61    0.00    0.66    0.03    0.00   98.69

Device            r/s     rkB/s   rrqm/s  %rrqm r_await rareq-sz     w/s     wkB/s   wrqm/s  %wrqm w_await wareq-sz     d/s     dkB/s   drqm/s  %drqm d_await dareq-sz     f/s f_await  aqu-sz  %util
dm-0             0.00      0.00     0.00   0.00    0.00     0.00  191.00  12224.00     0.00   0.00    0.08    64.00    0.00      0.00     0.00   0.00    0.00     0.00    0.00    0.00    0.02  41.60
dm-1             0.00      0.00     0.00   0.00    0.00     0.00  699.00  14260.00     0.00   0.00    0.05    20.40    0.00      0.00     0.00   0.00    0.00     0.00    0.00    0.00    0.04  44.40
loop0            0.00      0.00     0.00   0.00    0.00     0.00    0.00      0.00     0.00   0.00    0.00     0.00    0.00      0.00     0.00   0.00    0.00     0.00    0.00    0.00    0.00   0.00
loop1            0.00      0.00     0.00   0.00    0.00     0.00    0.00      0.00     0.00   0.00    0.00     0.00    0.00      0.00     0.00   0.00    0.00     0.00    0.00    0.00    0.00   0.00
loop10           0.00      0.00     0.00   0.00    0.00     0.00  956.00   2088.00     0.00   0.00    0.03     2.18    0.00      0.00     0.00   0.00    0.00     0.00  434.00    0.02    0.04  44.00
loop2            0.00      0.00     0.00   0.00    0.00     0.00    0.00      0.00     0.00   0.00    0.00     0.00    0.00      0.00     0.00   0.00    0.00     0.00    0.00    0.00    0.00   0.00
loop3            0.00      0.00     0.00   0.00    0.00     0.00    0.00      0.00     0.00   0.00    0.00     0.00    0.00      0.00     0.00   0.00    0.00     0.00    0.00    0.00    0.00   0.00
loop4            0.00      0.00     0.00   0.00    0.00     0.00    0.00      0.00     0.00   0.00    0.00     0.00    0.00      0.00     0.00   0.00    0.00     0.00    0.00    0.00    0.00   0.00
loop5            0.00      0.00     0.00   0.00    0.00     0.00    0.00      0.00     0.00   0.00    0.00     0.00    0.00      0.00     0.00   0.00    0.00     0.00    0.00    0.00    0.00   0.00
loop6            0.00      0.00     0.00   0.00    0.00     0.00    0.00      0.00     0.00   0.00    0.00     0.00    0.00      0.00     0.00   0.00    0.00     0.00    0.00    0.00    0.00   0.00
loop7            0.00      0.00     0.00   0.00    0.00     0.00    0.00      0.00     0.00   0.00    0.00     0.00    0.00      0.00     0.00   0.00    0.00     0.00    0.00    0.00    0.00   0.00
sda              0.00      0.00     0.00   0.00    0.00     0.00    9.00    104.00     9.00  50.00    0.00    11.56    0.00      0.00     0.00   0.00    0.00     0.00    0.00    0.00    0.00   1.20
sdb              0.00      0.00     0.00   0.00    0.00     0.00  798.00  26484.00    92.00  10.34    0.06    33.19    0.00      0.00     0.00   0.00    0.00     0.00    0.00    0.00    0.05  44.80


avg-cpu:  %user   %nice %system %iowait  %steal   %idle
           0.65    0.00    0.83    0.02    0.00   98.51

Device            r/s     rkB/s   rrqm/s  %rrqm r_await rareq-sz     w/s     wkB/s   wrqm/s  %wrqm w_await wareq-sz     d/s     dkB/s   drqm/s  %drqm d_await dareq-sz     f/s f_await  aqu-sz  %util
dm-0             0.00      0.00     0.00   0.00    0.00     0.00  227.00  14528.00     0.00   0.00    0.04    64.00    0.00      0.00     0.00   0.00    0.00     0.00    0.00    0.00    0.01  49.60
dm-1             0.00      0.00     0.00   0.00    0.00     0.00  843.00  17172.00     0.00   0.00    0.04    20.37    0.00      0.00     0.00   0.00    0.00     0.00    0.00    0.00    0.04  56.00
loop0            0.00      0.00     0.00   0.00    0.00     0.00    0.00      0.00     0.00   0.00    0.00     0.00    0.00      0.00     0.00   0.00    0.00     0.00    0.00    0.00    0.00   0.00
loop1            0.00      0.00     0.00   0.00    0.00     0.00    0.00      0.00     0.00   0.00    0.00     0.00    0.00      0.00     0.00   0.00    0.00     0.00    0.00    0.00    0.00   0.00
loop10           0.00      0.00     0.00   0.00    0.00     0.00 1086.00   2380.00     0.00   0.00    0.03     2.19    0.00      0.00     0.00   0.00    0.00     0.00  492.00    0.02    0.05  55.60
loop2            0.00      0.00     0.00   0.00    0.00     0.00    0.00      0.00     0.00   0.00    0.00     0.00    0.00      0.00     0.00   0.00    0.00     0.00    0.00    0.00    0.00   0.00
loop3            0.00      0.00     0.00   0.00    0.00     0.00    0.00      0.00     0.00   0.00    0.00     0.00    0.00      0.00     0.00   0.00    0.00     0.00    0.00    0.00    0.00   0.00
loop4            0.00      0.00     0.00   0.00    0.00     0.00    0.00      0.00     0.00   0.00    0.00     0.00    0.00      0.00     0.00   0.00    0.00     0.00    0.00    0.00    0.00   0.00
loop5            0.00      0.00     0.00   0.00    0.00     0.00    0.00      0.00     0.00   0.00    0.00     0.00    0.00      0.00     0.00   0.00    0.00     0.00    0.00    0.00    0.00   0.00
loop6            0.00      0.00     0.00   0.00    0.00     0.00    0.00      0.00     0.00   0.00    0.00     0.00    0.00      0.00     0.00   0.00    0.00     0.00    0.00    0.00    0.00   0.00
loop7            0.00      0.00     0.00   0.00    0.00     0.00    0.00      0.00     0.00   0.00    0.00     0.00    0.00      0.00     0.00   0.00    0.00     0.00    0.00    0.00    0.00   0.00
sda              0.00      0.00     0.00   0.00    0.00     0.00   12.00    168.00    27.00  69.23    0.08    14.00    0.00      0.00     0.00   0.00    0.00     0.00    0.00    0.00    0.00   1.20
sdb              0.00      0.00     0.00   0.00    0.00     0.00  963.00  31700.00   107.00  10.00    0.06    32.92    0.00      0.00     0.00   0.00    0.00     0.00    0.00    0.00    0.06  56.00


avg-cpu:  %user   %nice %system %iowait  %steal   %idle
           0.65    0.00    0.65    0.03    0.00   98.67

Device            r/s     rkB/s   rrqm/s  %rrqm r_await rareq-sz     w/s     wkB/s   wrqm/s  %wrqm w_await wareq-sz     d/s     dkB/s   drqm/s  %drqm d_await dareq-sz     f/s f_await  aqu-sz  %util
dm-0             0.00      0.00     0.00   0.00    0.00     0.00  222.00  14208.00     0.00   0.00    0.13    64.00    0.00      0.00     0.00   0.00    0.00     0.00    0.00    0.00    0.03  47.60
dm-1             0.00      0.00     0.00   0.00    0.00     0.00  805.00  16540.00     0.00   0.00    0.06    20.55    0.00      0.00     0.00   0.00    0.00     0.00    0.00    0.00    0.05  53.20
loop0            0.00      0.00     0.00   0.00    0.00     0.00    0.00      0.00     0.00   0.00    0.00     0.00    0.00      0.00     0.00   0.00    0.00     0.00    0.00    0.00    0.00   0.00
loop1            0.00      0.00     0.00   0.00    0.00     0.00    0.00      0.00     0.00   0.00    0.00     0.00    0.00      0.00     0.00   0.00    0.00     0.00    0.00    0.00    0.00   0.00
loop10           0.00      0.00     0.00   0.00    0.00     0.00 1033.00   2252.00     0.00   0.00    0.03     2.18    0.00      0.00     0.00   0.00    0.00     0.00  470.00    0.02    0.04  52.40
loop2            0.00      0.00     0.00   0.00    0.00     0.00    0.00      0.00     0.00   0.00    0.00     0.00    0.00      0.00     0.00   0.00    0.00     0.00    0.00    0.00    0.00   0.00
loop3            0.00      0.00     0.00   0.00    0.00     0.00    0.00      0.00     0.00   0.00    0.00     0.00    0.00      0.00     0.00   0.00    0.00     0.00    0.00    0.00    0.00   0.00
loop4            0.00      0.00     0.00   0.00    0.00     0.00    0.00      0.00     0.00   0.00    0.00     0.00    0.00      0.00     0.00   0.00    0.00     0.00    0.00    0.00    0.00   0.00
loop5            0.00      0.00     0.00   0.00    0.00     0.00    0.00      0.00     0.00   0.00    0.00     0.00    0.00      0.00     0.00   0.00    0.00     0.00    0.00    0.00    0.00   0.00
loop6            0.00      0.00     0.00   0.00    0.00     0.00    0.00      0.00     0.00   0.00    0.00     0.00    0.00      0.00     0.00   0.00    0.00     0.00    0.00    0.00    0.00   0.00
loop7            0.00      0.00     0.00   0.00    0.00     0.00    0.00      0.00     0.00   0.00    0.00     0.00    0.00      0.00     0.00   0.00    0.00     0.00    0.00    0.00    0.00   0.00
sda              0.00      0.00     0.00   0.00    0.00     0.00  174.00   1028.00    32.00  15.53    1.37     5.91    0.00      0.00     0.00   0.00    0.00     0.00    0.00    0.00    0.24   2.80
sdb              0.00      0.00     0.00   0.00    0.00     0.00  927.00  30748.00   100.00   9.74    0.06    33.17    0.00      0.00     0.00   0.00    0.00     0.00    0.00    0.00    0.06  54.40


avg-cpu:  %user   %nice %system %iowait  %steal   %idle
           0.66    0.00    0.80    0.02    0.00   98.52

Device            r/s     rkB/s   rrqm/s  %rrqm r_await rareq-sz     w/s     wkB/s   wrqm/s  %wrqm w_await wareq-sz     d/s     dkB/s   drqm/s  %drqm d_await dareq-sz     f/s f_await  aqu-sz  %util
dm-0             0.00      0.00     0.00   0.00    0.00     0.00  199.00  12736.00     0.00   0.00    0.06    64.00    0.00      0.00     0.00   0.00    0.00     0.00    0.00    0.00    0.01  42.80
dm-1             0.00      0.00     0.00   0.00    0.00     0.00  743.00  14912.00     0.00   0.00    0.06    20.07    0.00      0.00     0.00   0.00    0.00     0.00    0.00    0.00    0.05  49.60
loop0            0.00      0.00     0.00   0.00    0.00     0.00    0.00      0.00     0.00   0.00    0.00     0.00    0.00      0.00     0.00   0.00    0.00     0.00    0.00    0.00    0.00   0.00
loop1            0.00      0.00     0.00   0.00    0.00     0.00    0.00      0.00     0.00   0.00    0.00     0.00    0.00      0.00     0.00   0.00    0.00     0.00    0.00    0.00    0.00   0.00
loop10           0.00      0.00     0.00   0.00    0.00     0.00  967.00   2108.00     0.00   0.00    0.03     2.18    0.00      0.00     0.00   0.00    0.00     0.00  440.00    0.02    0.04  50.40
loop2            0.00      0.00     0.00   0.00    0.00     0.00    0.00      0.00     0.00   0.00    0.00     0.00    0.00      0.00     0.00   0.00    0.00     0.00    0.00    0.00    0.00   0.00
loop3            0.00      0.00     0.00   0.00    0.00     0.00    0.00      0.00     0.00   0.00    0.00     0.00    0.00      0.00     0.00   0.00    0.00     0.00    0.00    0.00    0.00   0.00
loop4            0.00      0.00     0.00   0.00    0.00     0.00    0.00      0.00     0.00   0.00    0.00     0.00    0.00      0.00     0.00   0.00    0.00     0.00    0.00    0.00    0.00   0.00
loop5            0.00      0.00     0.00   0.00    0.00     0.00    0.00      0.00     0.00   0.00    0.00     0.00    0.00      0.00     0.00   0.00    0.00     0.00    0.00    0.00    0.00   0.00
loop6            0.00      0.00     0.00   0.00    0.00     0.00    0.00      0.00     0.00   0.00    0.00     0.00    0.00      0.00     0.00   0.00    0.00     0.00    0.00    0.00    0.00   0.00
loop7            0.00      0.00     0.00   0.00    0.00     0.00    0.00      0.00     0.00   0.00    0.00     0.00    0.00      0.00     0.00   0.00    0.00     0.00    0.00    0.00    0.00   0.00
sda              0.00      0.00     0.00   0.00    0.00     0.00   11.00    152.00    25.00  69.44    0.09    13.82    0.00      0.00     0.00   0.00    0.00     0.00    0.00    0.00    0.00   1.20
sdb              0.00      0.00     0.00   0.00    0.00     0.00  852.00  27648.00    90.00   9.55    0.06    32.45    0.00      0.00     0.00   0.00    0.00     0.00    0.00    0.00    0.05  50.80


avg-cpu:  %user   %nice %system %iowait  %steal   %idle
           0.44    0.00    0.60    0.03    0.00   98.93

Device            r/s     rkB/s   rrqm/s  %rrqm r_await rareq-sz     w/s     wkB/s   wrqm/s  %wrqm w_await wareq-sz     d/s     dkB/s   drqm/s  %drqm d_await dareq-sz     f/s f_await  aqu-sz  %util
dm-0             0.00      0.00     0.00   0.00    0.00     0.00  194.00  12416.00     0.00   0.00    0.14    64.00    0.00      0.00     0.00   0.00    0.00     0.00    0.00    0.00    0.03  44.40
dm-1             0.00      0.00     0.00   0.00    0.00     0.00  700.00  14384.00     0.00   0.00    0.01    20.55    0.00      0.00     0.00   0.00    0.00     0.00    0.00    0.00    0.01  51.20
loop0            0.00      0.00     0.00   0.00    0.00     0.00    0.00      0.00     0.00   0.00    0.00     0.00    0.00      0.00     0.00   0.00    0.00     0.00    0.00    0.00    0.00   0.00
loop1            0.00      0.00     0.00   0.00    0.00     0.00    0.00      0.00     0.00   0.00    0.00     0.00    0.00      0.00     0.00   0.00    0.00     0.00    0.00    0.00    0.00   0.00
loop10           0.00      0.00     0.00   0.00    0.00     0.00  952.00   2072.00     0.00   0.00    0.03     2.18    0.00      0.00     0.00   0.00    0.00     0.00  434.00    0.02    0.04  51.20
loop2            0.00      0.00     0.00   0.00    0.00     0.00    0.00      0.00     0.00   0.00    0.00     0.00    0.00      0.00     0.00   0.00    0.00     0.00    0.00    0.00    0.00   0.00
loop3            0.00      0.00     0.00   0.00    0.00     0.00    0.00      0.00     0.00   0.00    0.00     0.00    0.00      0.00     0.00   0.00    0.00     0.00    0.00    0.00    0.00   0.00
loop4            0.00      0.00     0.00   0.00    0.00     0.00    0.00      0.00     0.00   0.00    0.00     0.00    0.00      0.00     0.00   0.00    0.00     0.00    0.00    0.00    0.00   0.00
loop5            0.00      0.00     0.00   0.00    0.00     0.00    0.00      0.00     0.00   0.00    0.00     0.00    0.00      0.00     0.00   0.00    0.00     0.00    0.00    0.00    0.00   0.00
loop6            0.00      0.00     0.00   0.00    0.00     0.00    0.00      0.00     0.00   0.00    0.00     0.00    0.00      0.00     0.00   0.00    0.00     0.00    0.00    0.00    0.00   0.00
loop7            0.00      0.00     0.00   0.00    0.00     0.00    0.00      0.00     0.00   0.00    0.00     0.00    0.00      0.00     0.00   0.00    0.00     0.00    0.00    0.00    0.00   0.00
sda              0.00      0.00     0.00   0.00    0.00     0.00   17.00    220.00    30.00  63.83    0.06    12.94    0.00      0.00     0.00   0.00    0.00     0.00    0.00    0.00    0.00   2.40
sdb              0.00      0.00     0.00   0.00    0.00     0.00  806.00  26800.00    88.00   9.84    0.06    33.25    0.00      0.00     0.00   0.00    0.00     0.00    0.00    0.00    0.05  52.00


avg-cpu:  %user   %nice %system %iowait  %steal   %idle
           0.94    0.00    0.94    0.02    0.00   98.10

Device            r/s     rkB/s   rrqm/s  %rrqm r_await rareq-sz     w/s     wkB/s   wrqm/s  %wrqm w_await wareq-sz     d/s     dkB/s   drqm/s  %drqm d_await dareq-sz     f/s f_await  aqu-sz  %util
dm-0             0.00      0.00     0.00   0.00    0.00     0.00  235.00  15040.00     0.00   0.00    0.09    64.00    0.00      0.00     0.00   0.00    0.00     0.00    0.00    0.00    0.02  52.40
dm-1             0.00      0.00     0.00   0.00    0.00     0.00  861.00  17544.00     0.00   0.00    0.04    20.38    0.00      0.00     0.00   0.00    0.00     0.00    0.00    0.00    0.03  58.80
loop0            0.00      0.00     0.00   0.00    0.00     0.00    0.00      0.00     0.00   0.00    0.00     0.00    0.00      0.00     0.00   0.00    0.00     0.00    0.00    0.00    0.00   0.00
loop1            0.00      0.00     0.00   0.00    0.00     0.00    0.00      0.00     0.00   0.00    0.00     0.00    0.00      0.00     0.00   0.00    0.00     0.00    0.00    0.00    0.00   0.00
loop10           0.00      0.00     0.00   0.00    0.00     0.00 1132.00   2464.00     0.00   0.00    0.03     2.18    0.00      0.00     0.00   0.00    0.00     0.00  516.00    0.02    0.04  58.00
loop2            0.00      0.00     0.00   0.00    0.00     0.00    0.00      0.00     0.00   0.00    0.00     0.00    0.00      0.00     0.00   0.00    0.00     0.00    0.00    0.00    0.00   0.00
loop3            0.00      0.00     0.00   0.00    0.00     0.00    0.00      0.00     0.00   0.00    0.00     0.00    0.00      0.00     0.00   0.00    0.00     0.00    0.00    0.00    0.00   0.00
loop4            0.00      0.00     0.00   0.00    0.00     0.00    0.00      0.00     0.00   0.00    0.00     0.00    0.00      0.00     0.00   0.00    0.00     0.00    0.00    0.00    0.00   0.00
loop5            0.00      0.00     0.00   0.00    0.00     0.00    0.00      0.00     0.00   0.00    0.00     0.00    0.00      0.00     0.00   0.00    0.00     0.00    0.00    0.00    0.00   0.00
loop6            0.00      0.00     0.00   0.00    0.00     0.00    0.00      0.00     0.00   0.00    0.00     0.00    0.00      0.00     0.00   0.00    0.00     0.00    0.00    0.00    0.00   0.00
loop7            0.00      0.00     0.00   0.00    0.00     0.00    0.00      0.00     0.00   0.00    0.00     0.00    0.00      0.00     0.00   0.00    0.00     0.00    0.00    0.00    0.00   0.00
sda              0.00      0.00     0.00   0.00    0.00     0.00   26.00    200.00    24.00  48.00    0.15     7.69    0.00      0.00     0.00   0.00    0.00     0.00    0.00    0.00    0.00   1.60
sdb              0.00      0.00     0.00   0.00    0.00     0.00  989.00  32584.00   107.00   9.76    0.06    32.95    0.00      0.00     0.00   0.00    0.00     0.00    0.00    0.00    0.06  61.20


avg-cpu:  %user   %nice %system %iowait  %steal   %idle
           0.65    0.00    0.77    0.03    0.00   98.55

Device            r/s     rkB/s   rrqm/s  %rrqm r_await rareq-sz     w/s     wkB/s   wrqm/s  %wrqm w_await wareq-sz     d/s     dkB/s   drqm/s  %drqm d_await dareq-sz     f/s f_await  aqu-sz  %util
dm-0             0.00      0.00     0.00   0.00    0.00     0.00  219.00  14016.00     0.00   0.00    0.05    64.00    0.00      0.00     0.00   0.00    0.00     0.00    0.00    0.00    0.01  47.20
dm-1             0.00      0.00     0.00   0.00    0.00     0.00  795.00  16380.00     0.00   0.00    0.06    20.60    0.00      0.00     0.00   0.00    0.00     0.00    0.00    0.00    0.04  52.80
loop0            0.00      0.00     0.00   0.00    0.00     0.00    0.00      0.00     0.00   0.00    0.00     0.00    0.00      0.00     0.00   0.00    0.00     0.00    0.00    0.00    0.00   0.00
loop1            0.00      0.00     0.00   0.00    0.00     0.00    0.00      0.00     0.00   0.00    0.00     0.00    0.00      0.00     0.00   0.00    0.00     0.00    0.00    0.00    0.00   0.00
loop10           0.00      0.00     0.00   0.00    0.00     0.00 1044.00   2280.00     0.00   0.00    0.03     2.18    0.00      0.00     0.00   0.00    0.00     0.00  474.00    0.01    0.04  51.60
loop2            0.00      0.00     0.00   0.00    0.00     0.00    0.00      0.00     0.00   0.00    0.00     0.00    0.00      0.00     0.00   0.00    0.00     0.00    0.00    0.00    0.00   0.00
loop3            0.00      0.00     0.00   0.00    0.00     0.00    0.00      0.00     0.00   0.00    0.00     0.00    0.00      0.00     0.00   0.00    0.00     0.00    0.00    0.00    0.00   0.00
loop4            0.00      0.00     0.00   0.00    0.00     0.00    0.00      0.00     0.00   0.00    0.00     0.00    0.00      0.00     0.00   0.00    0.00     0.00    0.00    0.00    0.00   0.00
loop5            0.00      0.00     0.00   0.00    0.00     0.00    0.00      0.00     0.00   0.00    0.00     0.00    0.00      0.00     0.00   0.00    0.00     0.00    0.00    0.00    0.00   0.00
loop6            0.00      0.00     0.00   0.00    0.00     0.00    0.00      0.00     0.00   0.00    0.00     0.00    0.00      0.00     0.00   0.00    0.00     0.00    0.00    0.00    0.00   0.00
loop7            0.00      0.00     0.00   0.00    0.00     0.00    0.00      0.00     0.00   0.00    0.00     0.00    0.00      0.00     0.00   0.00    0.00     0.00    0.00    0.00    0.00   0.00
sda              0.00      0.00     0.00   0.00    0.00     0.00    6.00     88.00     8.00  57.14    0.00    14.67    0.00      0.00     0.00   0.00    0.00     0.00    0.00    0.00    0.00   0.80
sdb              0.00      0.00     0.00   0.00    0.00     0.00  912.00  30396.00   102.00  10.06    0.06    33.33    0.00      0.00     0.00   0.00    0.00     0.00    0.00    0.00    0.06  54.40


avg-cpu:  %user   %nice %system %iowait  %steal   %idle
           0.44    0.00    0.87    0.02    0.00   98.68

Device            r/s     rkB/s   rrqm/s  %rrqm r_await rareq-sz     w/s     wkB/s   wrqm/s  %wrqm w_await wareq-sz     d/s     dkB/s   drqm/s  %drqm d_await dareq-sz     f/s f_await  aqu-sz  %util
dm-0             0.00      0.00     0.00   0.00    0.00     0.00  198.00  12672.00     0.00   0.00    0.02    64.00    0.00      0.00     0.00   0.00    0.00     0.00    0.00    0.00    0.00  43.20
dm-1             0.00      0.00     0.00   0.00    0.00     0.00  732.00  14808.00     0.00   0.00    0.04    20.23    0.00      0.00     0.00   0.00    0.00     0.00    0.00    0.00    0.03  47.60
loop0            0.00      0.00     0.00   0.00    0.00     0.00    0.00      0.00     0.00   0.00    0.00     0.00    0.00      0.00     0.00   0.00    0.00     0.00    0.00    0.00    0.00   0.00
loop1            0.00      0.00     0.00   0.00    0.00     0.00    0.00      0.00     0.00   0.00    0.00     0.00    0.00      0.00     0.00   0.00    0.00     0.00    0.00    0.00    0.00   0.00
loop10           0.00      0.00     0.00   0.00    0.00     0.00  986.00   2172.00     0.00   0.00    0.03     2.20    0.00      0.00     0.00   0.00    0.00     0.00  444.00    0.02    0.04  47.20
loop2            0.00      0.00     0.00   0.00    0.00     0.00    0.00      0.00     0.00   0.00    0.00     0.00    0.00      0.00     0.00   0.00    0.00     0.00    0.00    0.00    0.00   0.00
loop3            0.00      0.00     0.00   0.00    0.00     0.00    0.00      0.00     0.00   0.00    0.00     0.00    0.00      0.00     0.00   0.00    0.00     0.00    0.00    0.00    0.00   0.00
loop4            0.00      0.00     0.00   0.00    0.00     0.00    0.00      0.00     0.00   0.00    0.00     0.00    0.00      0.00     0.00   0.00    0.00     0.00    0.00    0.00    0.00   0.00
loop5            0.00      0.00     0.00   0.00    0.00     0.00    0.00      0.00     0.00   0.00    0.00     0.00    0.00      0.00     0.00   0.00    0.00     0.00    0.00    0.00    0.00   0.00
loop6            0.00      0.00     0.00   0.00    0.00     0.00    0.00      0.00     0.00   0.00    0.00     0.00    0.00      0.00     0.00   0.00    0.00     0.00    0.00    0.00    0.00   0.00
loop7            0.00      0.00     0.00   0.00    0.00     0.00    0.00      0.00     0.00   0.00    0.00     0.00    0.00      0.00     0.00   0.00    0.00     0.00    0.00    0.00    0.00   0.00
sda              0.00      0.00     0.00   0.00    0.00     0.00  150.00    884.00    29.00  16.20    0.79     5.89    0.00      0.00     0.00   0.00    0.00     0.00    0.00    0.00    0.12   2.00
sdb              0.00      0.00     0.00   0.00    0.00     0.00  828.00  27480.00   102.00  10.97    0.06    33.19    0.00      0.00     0.00   0.00    0.00     0.00    0.00    0.00    0.05  48.40


avg-cpu:  %user   %nice %system %iowait  %steal   %idle
           0.69    0.00    0.79    0.03    0.00   98.49

Device            r/s     rkB/s   rrqm/s  %rrqm r_await rareq-sz     w/s     wkB/s   wrqm/s  %wrqm w_await wareq-sz     d/s     dkB/s   drqm/s  %drqm d_await dareq-sz     f/s f_await  aqu-sz  %util
dm-0             0.00      0.00     0.00   0.00    0.00     0.00  213.00  13632.00     0.00   0.00    0.06    64.00    0.00      0.00     0.00   0.00    0.00     0.00    0.00    0.00    0.01  47.20
dm-1             0.00      0.00     0.00   0.00    0.00     0.00  797.00  15912.00     0.00   0.00    0.06    19.96    0.00      0.00     0.00   0.00    0.00     0.00    0.00    0.00    0.04  51.20
loop0            0.00      0.00     0.00   0.00    0.00     0.00    0.00      0.00     0.00   0.00    0.00     0.00    0.00      0.00     0.00   0.00    0.00     0.00    0.00    0.00    0.00   0.00
loop1            0.00      0.00     0.00   0.00    0.00     0.00    0.00      0.00     0.00   0.00    0.00     0.00    0.00      0.00     0.00   0.00    0.00     0.00    0.00    0.00    0.00   0.00
loop10           0.00      0.00     0.00   0.00    0.00     0.00 1081.00   4412.00     0.00   0.00    0.04     4.08    0.00      0.00     0.00   0.00    0.00     0.00  486.00    0.02    0.05  50.80
loop2            0.00      0.00     0.00   0.00    0.00     0.00    0.00      0.00     0.00   0.00    0.00     0.00    0.00      0.00     0.00   0.00    0.00     0.00    0.00    0.00    0.00   0.00
loop3            0.00      0.00     0.00   0.00    0.00     0.00    0.00      0.00     0.00   0.00    0.00     0.00    0.00      0.00     0.00   0.00    0.00     0.00    0.00    0.00    0.00   0.00
loop4            0.00      0.00     0.00   0.00    0.00     0.00    0.00      0.00     0.00   0.00    0.00     0.00    0.00      0.00     0.00   0.00    0.00     0.00    0.00    0.00    0.00   0.00
loop5            0.00      0.00     0.00   0.00    0.00     0.00    0.00      0.00     0.00   0.00    0.00     0.00    0.00      0.00     0.00   0.00    0.00     0.00    0.00    0.00    0.00   0.00
loop6            0.00      0.00     0.00   0.00    0.00     0.00    0.00      0.00     0.00   0.00    0.00     0.00    0.00      0.00     0.00   0.00    0.00     0.00    0.00    0.00    0.00   0.00
loop7            0.00      0.00     0.00   0.00    0.00     0.00    0.00      0.00     0.00   0.00    0.00     0.00    0.00      0.00     0.00   0.00    0.00     0.00    0.00    0.00    0.00   0.00
sda              0.00      0.00     0.00   0.00    0.00     0.00   17.00    228.00    32.00  65.31    0.06    13.41    0.00      0.00     0.00   0.00    0.00     0.00    0.00    0.00    0.00   2.00
sdb              0.00      0.00     0.00   0.00    0.00     0.00  900.00  29480.00   109.00  10.80    0.06    32.76    0.00      0.00     0.00   0.00    0.00     0.00    0.00    0.00    0.06  51.20


avg-cpu:  %user   %nice %system %iowait  %steal   %idle
           0.57    0.00    0.74    0.03    0.00   98.66

Device            r/s     rkB/s   rrqm/s  %rrqm r_await rareq-sz     w/s     wkB/s   wrqm/s  %wrqm w_await wareq-sz     d/s     dkB/s   drqm/s  %drqm d_await dareq-sz     f/s f_await  aqu-sz  %util
dm-0             0.00      0.00     0.00   0.00    0.00     0.00  215.00  13760.00     0.00   0.00    0.09    64.00    0.00      0.00     0.00   0.00    0.00     0.00    0.00    0.00    0.02  46.00
dm-1             0.00      0.00     0.00   0.00    0.00     0.00  798.00  16092.00     0.00   0.00    0.04    20.17    0.00      0.00     0.00   0.00    0.00     0.00    0.00    0.00    0.03  46.80
loop0            0.00      0.00     0.00   0.00    0.00     0.00    0.00      0.00     0.00   0.00    0.00     0.00    0.00      0.00     0.00   0.00    0.00     0.00    0.00    0.00    0.00   0.00
loop1            0.00      0.00     0.00   0.00    0.00     0.00    0.00      0.00     0.00   0.00    0.00     0.00    0.00      0.00     0.00   0.00    0.00     0.00    0.00    0.00    0.00   0.00
loop10           0.00      0.00     0.00   0.00    0.00     0.00 1061.00   2328.00     0.00   0.00    0.03     2.19    0.00      0.00     0.00   0.00    0.00     0.00  479.00    0.02    0.04  48.80
loop2            0.00      0.00     0.00   0.00    0.00     0.00    0.00      0.00     0.00   0.00    0.00     0.00    0.00      0.00     0.00   0.00    0.00     0.00    0.00    0.00    0.00   0.00
loop3            0.00      0.00     0.00   0.00    0.00     0.00    0.00      0.00     0.00   0.00    0.00     0.00    0.00      0.00     0.00   0.00    0.00     0.00    0.00    0.00    0.00   0.00
loop4            0.00      0.00     0.00   0.00    0.00     0.00    0.00      0.00     0.00   0.00    0.00     0.00    0.00      0.00     0.00   0.00    0.00     0.00    0.00    0.00    0.00   0.00
loop5            0.00      0.00     0.00   0.00    0.00     0.00    0.00      0.00     0.00   0.00    0.00     0.00    0.00      0.00     0.00   0.00    0.00     0.00    0.00    0.00    0.00   0.00
loop6            0.00      0.00     0.00   0.00    0.00     0.00    0.00      0.00     0.00   0.00    0.00     0.00    0.00      0.00     0.00   0.00    0.00     0.00    0.00    0.00    0.00   0.00
loop7            0.00      0.00     0.00   0.00    0.00     0.00    0.00      0.00     0.00   0.00    0.00     0.00    0.00      0.00     0.00   0.00    0.00     0.00    0.00    0.00    0.00   0.00
sda              0.00      0.00     0.00   0.00    0.00     0.00   11.00    152.00    25.00  69.44    0.09    13.82    0.00      0.00     0.00   0.00    0.00     0.00    0.00    0.00    0.00   1.20
sdb              0.00      0.00     0.00   0.00    0.00     0.00  905.00  29916.00   109.00  10.75    0.06    33.06    0.00      0.00     0.00   0.00    0.00     0.00    0.00    0.00    0.05  49.20


avg-cpu:  %user   %nice %system %iowait  %steal   %idle
           0.65    0.00    0.72    0.02    0.00   98.61

Device            r/s     rkB/s   rrqm/s  %rrqm r_await rareq-sz     w/s     wkB/s   wrqm/s  %wrqm w_await wareq-sz     d/s     dkB/s   drqm/s  %drqm d_await dareq-sz     f/s f_await  aqu-sz  %util
dm-0             0.00      0.00     0.00   0.00    0.00     0.00  215.00  13760.00     0.00   0.00    0.06    64.00    0.00      0.00     0.00   0.00    0.00     0.00    0.00    0.00    0.01  44.80
dm-1             0.00      0.00     0.00   0.00    0.00     0.00  787.00  16108.00     0.00   0.00    0.09    20.47    0.00      0.00     0.00   0.00    0.00     0.00    0.00    0.00    0.07  49.20
loop0            0.00      0.00     0.00   0.00    0.00     0.00    0.00      0.00     0.00   0.00    0.00     0.00    0.00      0.00     0.00   0.00    0.00     0.00    0.00    0.00    0.00   0.00
loop1            0.00      0.00     0.00   0.00    0.00     0.00    0.00      0.00     0.00   0.00    0.00     0.00    0.00      0.00     0.00   0.00    0.00     0.00    0.00    0.00    0.00   0.00
loop10           0.00      0.00     0.00   0.00    0.00     0.00 1030.00   2260.00     0.00   0.00    0.03     2.19    0.00      0.00     0.00   0.00    0.00     0.00  465.00    0.02    0.04  48.00
loop2            0.00      0.00     0.00   0.00    0.00     0.00    0.00      0.00     0.00   0.00    0.00     0.00    0.00      0.00     0.00   0.00    0.00     0.00    0.00    0.00    0.00   0.00
loop3            0.00      0.00     0.00   0.00    0.00     0.00    0.00      0.00     0.00   0.00    0.00     0.00    0.00      0.00     0.00   0.00    0.00     0.00    0.00    0.00    0.00   0.00
loop4            0.00      0.00     0.00   0.00    0.00     0.00    0.00      0.00     0.00   0.00    0.00     0.00    0.00      0.00     0.00   0.00    0.00     0.00    0.00    0.00    0.00   0.00
loop5            0.00      0.00     0.00   0.00    0.00     0.00    0.00      0.00     0.00   0.00    0.00     0.00    0.00      0.00     0.00   0.00    0.00     0.00    0.00    0.00    0.00   0.00
loop6            0.00      0.00     0.00   0.00    0.00     0.00    0.00      0.00     0.00   0.00    0.00     0.00    0.00      0.00     0.00   0.00    0.00     0.00    0.00    0.00    0.00   0.00
loop7            0.00      0.00     0.00   0.00    0.00     0.00    0.00      0.00     0.00   0.00    0.00     0.00    0.00      0.00     0.00   0.00    0.00     0.00    0.00    0.00    0.00   0.00
sda              0.00      0.00     0.00   0.00    0.00     0.00   31.00    272.00    30.00  49.18    0.10     8.77    0.00      0.00     0.00   0.00    0.00     0.00    0.00    0.00    0.00   2.40
sdb              0.00      0.00     0.00   0.00    0.00     0.00  899.00  29868.00   103.00  10.28    0.06    33.22    0.00      0.00     0.00   0.00    0.00     0.00    0.00    0.00    0.06  49.20


avg-cpu:  %user   %nice %system %iowait  %steal   %idle
           0.60    0.00    0.83    0.02    0.00   98.55

Device            r/s     rkB/s   rrqm/s  %rrqm r_await rareq-sz     w/s     wkB/s   wrqm/s  %wrqm w_await wareq-sz     d/s     dkB/s   drqm/s  %drqm d_await dareq-sz     f/s f_await  aqu-sz  %util
dm-0             0.00      0.00     0.00   0.00    0.00     0.00  200.00  12800.00     0.00   0.00    0.00    64.00    0.00      0.00     0.00   0.00    0.00     0.00    0.00    0.00    0.00  43.20
dm-1             0.00      0.00     0.00   0.00    0.00     0.00  733.00  14872.00     0.00   0.00    0.04    20.29    0.00      0.00     0.00   0.00    0.00     0.00    0.00    0.00    0.03  45.20
loop0            0.00      0.00     0.00   0.00    0.00     0.00    0.00      0.00     0.00   0.00    0.00     0.00    0.00      0.00     0.00   0.00    0.00     0.00    0.00    0.00    0.00   0.00
loop1            0.00      0.00     0.00   0.00    0.00     0.00    0.00      0.00     0.00   0.00    0.00     0.00    0.00      0.00     0.00   0.00    0.00     0.00    0.00    0.00    0.00   0.00
loop10           0.00      0.00     0.00   0.00    0.00     0.00  972.00   2140.00     0.00   0.00    0.03     2.20    0.00      0.00     0.00   0.00    0.00     0.00  438.00    0.02    0.04  46.80
loop2            0.00      0.00     0.00   0.00    0.00     0.00    0.00      0.00     0.00   0.00    0.00     0.00    0.00      0.00     0.00   0.00    0.00     0.00    0.00    0.00    0.00   0.00
loop3            0.00      0.00     0.00   0.00    0.00     0.00    0.00      0.00     0.00   0.00    0.00     0.00    0.00      0.00     0.00   0.00    0.00     0.00    0.00    0.00    0.00   0.00
loop4            0.00      0.00     0.00   0.00    0.00     0.00    0.00      0.00     0.00   0.00    0.00     0.00    0.00      0.00     0.00   0.00    0.00     0.00    0.00    0.00    0.00   0.00
loop5            0.00      0.00     0.00   0.00    0.00     0.00    0.00      0.00     0.00   0.00    0.00     0.00    0.00      0.00     0.00   0.00    0.00     0.00    0.00    0.00    0.00   0.00
loop6            0.00      0.00     0.00   0.00    0.00     0.00    0.00      0.00     0.00   0.00    0.00     0.00    0.00      0.00     0.00   0.00    0.00     0.00    0.00    0.00    0.00   0.00
loop7            0.00      0.00     0.00   0.00    0.00     0.00    0.00      0.00     0.00   0.00    0.00     0.00    0.00      0.00     0.00   0.00    0.00     0.00    0.00    0.00    0.00   0.00
sda              0.00      0.00     0.00   0.00    0.00     0.00    0.00      0.00     0.00   0.00    0.00     0.00    0.00      0.00     0.00   0.00    0.00     0.00    0.00    0.00    0.00   0.00
sdb              0.00      0.00     0.00   0.00    0.00     0.00  832.00  27608.00   100.00  10.73    0.06    33.18    0.00      0.00     0.00   0.00    0.00     0.00    0.00    0.00    0.05  46.80


avg-cpu:  %user   %nice %system %iowait  %steal   %idle
           0.72    0.00    0.94    0.03    0.00   98.30

Device            r/s     rkB/s   rrqm/s  %rrqm r_await rareq-sz     w/s     wkB/s   wrqm/s  %wrqm w_await wareq-sz     d/s     dkB/s   drqm/s  %drqm d_await dareq-sz     f/s f_await  aqu-sz  %util
dm-0             0.00      0.00     0.00   0.00    0.00     0.00  209.00  13376.00     0.00   0.00    0.04    64.00    0.00      0.00     0.00   0.00    0.00     0.00    0.00    0.00    0.01  46.00
dm-1             0.00      0.00     0.00   0.00    0.00     0.00  779.00  15776.00     0.00   0.00    0.07    20.25    0.00      0.00     0.00   0.00    0.00     0.00    0.00    0.00    0.05  48.00
loop0            0.00      0.00     0.00   0.00    0.00     0.00    0.00      0.00     0.00   0.00    0.00     0.00    0.00      0.00     0.00   0.00    0.00     0.00    0.00    0.00    0.00   0.00
loop1            0.00      0.00     0.00   0.00    0.00     0.00    0.00      0.00     0.00   0.00    0.00     0.00    0.00      0.00     0.00   0.00    0.00     0.00    0.00    0.00    0.00   0.00
loop10           0.00      0.00     0.00   0.00    0.00     0.00 1023.00   2248.00     0.00   0.00    0.03     2.20    0.00      0.00     0.00   0.00    0.00     0.00  461.00    0.02    0.04  48.80
loop2            0.00      0.00     0.00   0.00    0.00     0.00    0.00      0.00     0.00   0.00    0.00     0.00    0.00      0.00     0.00   0.00    0.00     0.00    0.00    0.00    0.00   0.00
loop3            0.00      0.00     0.00   0.00    0.00     0.00    0.00      0.00     0.00   0.00    0.00     0.00    0.00      0.00     0.00   0.00    0.00     0.00    0.00    0.00    0.00   0.00
loop4            0.00      0.00     0.00   0.00    0.00     0.00    0.00      0.00     0.00   0.00    0.00     0.00    0.00      0.00     0.00   0.00    0.00     0.00    0.00    0.00    0.00   0.00
loop5            0.00      0.00     0.00   0.00    0.00     0.00    0.00      0.00     0.00   0.00    0.00     0.00    0.00      0.00     0.00   0.00    0.00     0.00    0.00    0.00    0.00   0.00
loop6            0.00      0.00     0.00   0.00    0.00     0.00    0.00      0.00     0.00   0.00    0.00     0.00    0.00      0.00     0.00   0.00    0.00     0.00    0.00    0.00    0.00   0.00
loop7            0.00      0.00     0.00   0.00    0.00     0.00    0.00      0.00     0.00   0.00    0.00     0.00    0.00      0.00     0.00   0.00    0.00     0.00    0.00    0.00    0.00   0.00
sda              0.00      0.00     0.00   0.00    0.00     0.00  168.00    932.00    10.00   5.62    0.65     5.55    0.00      0.00     0.00   0.00    0.00     0.00    0.00    0.00    0.11   1.60
sdb              0.00      0.00     0.00   0.00    0.00     0.00  881.00  29216.00   108.00  10.92    0.06    33.16    0.00      0.00     0.00   0.00    0.00     0.00    0.00    0.00    0.05  48.80


avg-cpu:  %user   %nice %system %iowait  %steal   %idle
           0.66    0.00    0.79    0.02    0.00   98.54

Device            r/s     rkB/s   rrqm/s  %rrqm r_await rareq-sz     w/s     wkB/s   wrqm/s  %wrqm w_await wareq-sz     d/s     dkB/s   drqm/s  %drqm d_await dareq-sz     f/s f_await  aqu-sz  %util
dm-0             0.00      0.00     0.00   0.00    0.00     0.00  196.00  12544.00     0.00   0.00    0.06    64.00    0.00      0.00     0.00   0.00    0.00     0.00    0.00    0.00    0.01  41.20
dm-1             0.00      0.00     0.00   0.00    0.00     0.00  724.00  14600.00     0.00   0.00    0.03    20.17    0.00      0.00     0.00   0.00    0.00     0.00    0.00    0.00    0.02  44.40
loop0            0.00      0.00     0.00   0.00    0.00     0.00    0.00      0.00     0.00   0.00    0.00     0.00    0.00      0.00     0.00   0.00    0.00     0.00    0.00    0.00    0.00   0.00
loop1            0.00      0.00     0.00   0.00    0.00     0.00    0.00      0.00     0.00   0.00    0.00     0.00    0.00      0.00     0.00   0.00    0.00     0.00    0.00    0.00    0.00   0.00
loop10           0.00      0.00     0.00   0.00    0.00     0.00  950.00   2096.00     0.00   0.00    0.03     2.21    0.00      0.00     0.00   0.00    0.00     0.00  426.00    0.02    0.04  45.60
loop2            0.00      0.00     0.00   0.00    0.00     0.00    0.00      0.00     0.00   0.00    0.00     0.00    0.00      0.00     0.00   0.00    0.00     0.00    0.00    0.00    0.00   0.00
loop3            0.00      0.00     0.00   0.00    0.00     0.00    0.00      0.00     0.00   0.00    0.00     0.00    0.00      0.00     0.00   0.00    0.00     0.00    0.00    0.00    0.00   0.00
loop4            0.00      0.00     0.00   0.00    0.00     0.00    0.00      0.00     0.00   0.00    0.00     0.00    0.00      0.00     0.00   0.00    0.00     0.00    0.00    0.00    0.00   0.00
loop5            0.00      0.00     0.00   0.00    0.00     0.00    0.00      0.00     0.00   0.00    0.00     0.00    0.00      0.00     0.00   0.00    0.00     0.00    0.00    0.00    0.00   0.00
loop6            0.00      0.00     0.00   0.00    0.00     0.00    0.00      0.00     0.00   0.00    0.00     0.00    0.00      0.00     0.00   0.00    0.00     0.00    0.00    0.00    0.00   0.00
loop7            0.00      0.00     0.00   0.00    0.00     0.00    0.00      0.00     0.00   0.00    0.00     0.00    0.00      0.00     0.00   0.00    0.00     0.00    0.00    0.00    0.00   0.00
sda              0.00      0.00     0.00   0.00    0.00     0.00   12.00    196.00    35.00  74.47    0.25    16.33    0.00      0.00     0.00   0.00    0.00     0.00    0.00    0.00    0.00   1.20
sdb              0.00      0.00     0.00   0.00    0.00     0.00  819.00  27144.00   101.00  10.98    0.06    33.14    0.00      0.00     0.00   0.00    0.00     0.00    0.00    0.00    0.05  46.00


avg-cpu:  %user   %nice %system %iowait  %steal   %idle
           0.80    0.00    0.83    0.03    0.00   98.33

Device            r/s     rkB/s   rrqm/s  %rrqm r_await rareq-sz     w/s     wkB/s   wrqm/s  %wrqm w_await wareq-sz     d/s     dkB/s   drqm/s  %drqm d_await dareq-sz     f/s f_await  aqu-sz  %util
dm-0             0.00      0.00     0.00   0.00    0.00     0.00  199.00  12736.00     0.00   0.00    0.02    64.00    0.00      0.00     0.00   0.00    0.00     0.00    0.00    0.00    0.00  41.20
dm-1             0.00      0.00     0.00   0.00    0.00     0.00  741.00  14904.00     0.00   0.00    0.05    20.11    0.00      0.00     0.00   0.00    0.00     0.00    0.00    0.00    0.04  44.00
loop0            0.00      0.00     0.00   0.00    0.00     0.00    0.00      0.00     0.00   0.00    0.00     0.00    0.00      0.00     0.00   0.00    0.00     0.00    0.00    0.00    0.00   0.00
loop1            0.00      0.00     0.00   0.00    0.00     0.00    0.00      0.00     0.00   0.00    0.00     0.00    0.00      0.00     0.00   0.00    0.00     0.00    0.00    0.00    0.00   0.00
loop10           0.00      0.00     0.00   0.00    0.00     0.00  998.00   2184.00     0.00   0.00    0.03     2.19    0.00      0.00     0.00   0.00    0.00     0.00  452.00    0.02    0.04  42.40
loop2            0.00      0.00     0.00   0.00    0.00     0.00    0.00      0.00     0.00   0.00    0.00     0.00    0.00      0.00     0.00   0.00    0.00     0.00    0.00    0.00    0.00   0.00
loop3            0.00      0.00     0.00   0.00    0.00     0.00    0.00      0.00     0.00   0.00    0.00     0.00    0.00      0.00     0.00   0.00    0.00     0.00    0.00    0.00    0.00   0.00
loop4            0.00      0.00     0.00   0.00    0.00     0.00    0.00      0.00     0.00   0.00    0.00     0.00    0.00      0.00     0.00   0.00    0.00     0.00    0.00    0.00    0.00   0.00
loop5            0.00      0.00     0.00   0.00    0.00     0.00    0.00      0.00     0.00   0.00    0.00     0.00    0.00      0.00     0.00   0.00    0.00     0.00    0.00    0.00    0.00   0.00
loop6            0.00      0.00     0.00   0.00    0.00     0.00    0.00      0.00     0.00   0.00    0.00     0.00    0.00      0.00     0.00   0.00    0.00     0.00    0.00    0.00    0.00   0.00
loop7            0.00      0.00     0.00   0.00    0.00     0.00    0.00      0.00     0.00   0.00    0.00     0.00    0.00      0.00     0.00   0.00    0.00     0.00    0.00    0.00    0.00   0.00
sda              0.00      0.00     0.00   0.00    0.00     0.00   17.00    232.00    33.00  66.00    0.06    13.65    0.00      0.00     0.00   0.00    0.00     0.00    0.00    0.00    0.00   1.60
sdb              0.00      0.00     0.00   0.00    0.00     0.00  842.00  27640.00    98.00  10.43    0.06    32.83    0.00      0.00     0.00   0.00    0.00     0.00    0.00    0.00    0.05  44.80


avg-cpu:  %user   %nice %system %iowait  %steal   %idle
           0.52    0.00    0.76    0.02    0.00   98.71

Device            r/s     rkB/s   rrqm/s  %rrqm r_await rareq-sz     w/s     wkB/s   wrqm/s  %wrqm w_await wareq-sz     d/s     dkB/s   drqm/s  %drqm d_await dareq-sz     f/s f_await  aqu-sz  %util
dm-0             0.00      0.00     0.00   0.00    0.00     0.00  197.00  12608.00     0.00   0.00    0.04    64.00    0.00      0.00     0.00   0.00    0.00     0.00    0.00    0.00    0.01  43.20
dm-1             0.00      0.00     0.00   0.00    0.00     0.00  728.00  14732.00     0.00   0.00    0.05    20.24    0.00      0.00     0.00   0.00    0.00     0.00    0.00    0.00    0.04  47.20
loop0            0.00      0.00     0.00   0.00    0.00     0.00    0.00      0.00     0.00   0.00    0.00     0.00    0.00      0.00     0.00   0.00    0.00     0.00    0.00    0.00    0.00   0.00
loop1            0.00      0.00     0.00   0.00    0.00     0.00    0.00      0.00     0.00   0.00    0.00     0.00    0.00      0.00     0.00   0.00    0.00     0.00    0.00    0.00    0.00   0.00
loop10           0.00      0.00     0.00   0.00    0.00     0.00  940.00   2064.00     0.00   0.00    0.03     2.20    0.00      0.00     0.00   0.00    0.00     0.00  424.00    0.02    0.04  46.00
loop2            0.00      0.00     0.00   0.00    0.00     0.00    0.00      0.00     0.00   0.00    0.00     0.00    0.00      0.00     0.00   0.00    0.00     0.00    0.00    0.00    0.00   0.00
loop3            0.00      0.00     0.00   0.00    0.00     0.00    0.00      0.00     0.00   0.00    0.00     0.00    0.00      0.00     0.00   0.00    0.00     0.00    0.00    0.00    0.00   0.00
loop4            0.00      0.00     0.00   0.00    0.00     0.00    0.00      0.00     0.00   0.00    0.00     0.00    0.00      0.00     0.00   0.00    0.00     0.00    0.00    0.00    0.00   0.00
loop5            0.00      0.00     0.00   0.00    0.00     0.00    0.00      0.00     0.00   0.00    0.00     0.00    0.00      0.00     0.00   0.00    0.00     0.00    0.00    0.00    0.00   0.00
loop6            0.00      0.00     0.00   0.00    0.00     0.00    0.00      0.00     0.00   0.00    0.00     0.00    0.00      0.00     0.00   0.00    0.00     0.00    0.00    0.00    0.00   0.00
loop7            0.00      0.00     0.00   0.00    0.00     0.00    0.00      0.00     0.00   0.00    0.00     0.00    0.00      0.00     0.00   0.00    0.00     0.00    0.00    0.00    0.00   0.00
sda              0.00      0.00     0.00   0.00    0.00     0.00   31.00    244.00    28.00  47.46    1.42     7.87    0.00      0.00     0.00   0.00    0.00     0.00    0.00    0.00    0.04   2.00
sdb              0.00      0.00     0.00   0.00    0.00     0.00  828.00  27340.00    97.00  10.49    0.06    33.02    0.00      0.00     0.00   0.00    0.00     0.00    0.00    0.00    0.05  47.60


avg-cpu:  %user   %nice %system %iowait  %steal   %idle
           0.60    0.00    0.76    0.03    0.00   98.61

Device            r/s     rkB/s   rrqm/s  %rrqm r_await rareq-sz     w/s     wkB/s   wrqm/s  %wrqm w_await wareq-sz     d/s     dkB/s   drqm/s  %drqm d_await dareq-sz     f/s f_await  aqu-sz  %util
dm-0             0.00      0.00     0.00   0.00    0.00     0.00  209.00  13376.00     0.00   0.00    0.04    64.00    0.00      0.00     0.00   0.00    0.00     0.00    0.00    0.00    0.01  43.60
dm-1             0.00      0.00     0.00   0.00    0.00     0.00  782.00  15668.00     0.00   0.00    0.07    20.04    0.00      0.00     0.00   0.00    0.00     0.00    0.00    0.00    0.05  46.00
loop0            0.00      0.00     0.00   0.00    0.00     0.00    0.00      0.00     0.00   0.00    0.00     0.00    0.00      0.00     0.00   0.00    0.00     0.00    0.00    0.00    0.00   0.00
loop1            0.00      0.00     0.00   0.00    0.00     0.00    0.00      0.00     0.00   0.00    0.00     0.00    0.00      0.00     0.00   0.00    0.00     0.00    0.00    0.00    0.00   0.00
loop10           0.00      0.00     0.00   0.00    0.00     0.00 1011.00   2220.00     0.00   0.00    0.03     2.20    0.00      0.00     0.00   0.00    0.00     0.00  456.00    0.02    0.04  46.80
loop2            0.00      0.00     0.00   0.00    0.00     0.00    0.00      0.00     0.00   0.00    0.00     0.00    0.00      0.00     0.00   0.00    0.00     0.00    0.00    0.00    0.00   0.00
loop3            0.00      0.00     0.00   0.00    0.00     0.00    0.00      0.00     0.00   0.00    0.00     0.00    0.00      0.00     0.00   0.00    0.00     0.00    0.00    0.00    0.00   0.00
loop4            0.00      0.00     0.00   0.00    0.00     0.00    0.00      0.00     0.00   0.00    0.00     0.00    0.00      0.00     0.00   0.00    0.00     0.00    0.00    0.00    0.00   0.00
loop5            0.00      0.00     0.00   0.00    0.00     0.00    0.00      0.00     0.00   0.00    0.00     0.00    0.00      0.00     0.00   0.00    0.00     0.00    0.00    0.00    0.00   0.00
loop6            0.00      0.00     0.00   0.00    0.00     0.00    0.00      0.00     0.00   0.00    0.00     0.00    0.00      0.00     0.00   0.00    0.00     0.00    0.00    0.00    0.00   0.00
loop7            0.00      0.00     0.00   0.00    0.00     0.00    0.00      0.00     0.00   0.00    0.00     0.00    0.00      0.00     0.00   0.00    0.00     0.00    0.00    0.00    0.00   0.00
sda              0.00      0.00     0.00   0.00    0.00     0.00    6.00     88.00     8.00  57.14    0.00    14.67    0.00      0.00     0.00   0.00    0.00     0.00    0.00    0.00    0.00   1.20
sdb              0.00      0.00     0.00   0.00    0.00     0.00  888.00  29044.00   103.00  10.39    0.06    32.71    0.00      0.00     0.00   0.00    0.00     0.00    0.00    0.00    0.06  46.80


avg-cpu:  %user   %nice %system %iowait  %steal   %idle
           0.63    0.00    0.83    0.02    0.00   98.52

Device            r/s     rkB/s   rrqm/s  %rrqm r_await rareq-sz     w/s     wkB/s   wrqm/s  %wrqm w_await wareq-sz     d/s     dkB/s   drqm/s  %drqm d_await dareq-sz     f/s f_await  aqu-sz  %util
dm-0             0.00      0.00     0.00   0.00    0.00     0.00  211.00  13504.00     0.00   0.00    0.11    64.00    0.00      0.00     0.00   0.00    0.00     0.00    0.00    0.00    0.02  46.00
dm-1             0.00      0.00     0.00   0.00    0.00     0.00  777.00  15768.00     0.00   0.00    0.07    20.29    0.00      0.00     0.00   0.00    0.00     0.00    0.00    0.00    0.05  49.20
loop0            0.00      0.00     0.00   0.00    0.00     0.00    0.00      0.00     0.00   0.00    0.00     0.00    0.00      0.00     0.00   0.00    0.00     0.00    0.00    0.00    0.00   0.00
loop1            0.00      0.00     0.00   0.00    0.00     0.00    0.00      0.00     0.00   0.00    0.00     0.00    0.00      0.00     0.00   0.00    0.00     0.00    0.00    0.00    0.00   0.00
loop10           0.00      0.00     0.00   0.00    0.00     0.00 1060.00   2324.00     0.00   0.00    0.03     2.19    0.00      0.00     0.00   0.00    0.00     0.00  480.00    0.02    0.04  48.40
loop2            0.00      0.00     0.00   0.00    0.00     0.00    0.00      0.00     0.00   0.00    0.00     0.00    0.00      0.00     0.00   0.00    0.00     0.00    0.00    0.00    0.00   0.00
loop3            0.00      0.00     0.00   0.00    0.00     0.00    0.00      0.00     0.00   0.00    0.00     0.00    0.00      0.00     0.00   0.00    0.00     0.00    0.00    0.00    0.00   0.00
loop4            0.00      0.00     0.00   0.00    0.00     0.00    0.00      0.00     0.00   0.00    0.00     0.00    0.00      0.00     0.00   0.00    0.00     0.00    0.00    0.00    0.00   0.00
loop5            0.00      0.00     0.00   0.00    0.00     0.00    0.00      0.00     0.00   0.00    0.00     0.00    0.00      0.00     0.00   0.00    0.00     0.00    0.00    0.00    0.00   0.00
loop6            0.00      0.00     0.00   0.00    0.00     0.00    0.00      0.00     0.00   0.00    0.00     0.00    0.00      0.00     0.00   0.00    0.00     0.00    0.00    0.00    0.00   0.00
loop7            0.00      0.00     0.00   0.00    0.00     0.00    0.00      0.00     0.00   0.00    0.00     0.00    0.00      0.00     0.00   0.00    0.00     0.00    0.00    0.00    0.00   0.00
sda              0.00      0.00     0.00   0.00    0.00     0.00  167.00    960.00    25.00  13.02    1.49     5.75    0.00      0.00     0.00   0.00    0.00     0.00    0.00    0.00    0.25   1.60
sdb              0.00      0.00     0.00   0.00    0.00     0.00  884.00  29272.00   104.00  10.53    0.06    33.11    0.00      0.00     0.00   0.00    0.00     0.00    0.00    0.00    0.06  50.40


avg-cpu:  %user   %nice %system %iowait  %steal   %idle
           0.50    0.00    0.65    0.03    0.00   98.82

Device            r/s     rkB/s   rrqm/s  %rrqm r_await rareq-sz     w/s     wkB/s   wrqm/s  %wrqm w_await wareq-sz     d/s     dkB/s   drqm/s  %drqm d_await dareq-sz     f/s f_await  aqu-sz  %util
dm-0             0.00      0.00     0.00   0.00    0.00     0.00  208.00  13312.00     0.00   0.00    0.06    64.00    0.00      0.00     0.00   0.00    0.00     0.00    0.00    0.00    0.01  46.80
dm-1             0.00      0.00     0.00   0.00    0.00     0.00  771.00  15688.00     0.00   0.00    0.05    20.35    0.00      0.00     0.00   0.00    0.00     0.00    0.00    0.00    0.04  50.00
loop0            0.00      0.00     0.00   0.00    0.00     0.00    0.00      0.00     0.00   0.00    0.00     0.00    0.00      0.00     0.00   0.00    0.00     0.00    0.00    0.00    0.00   0.00
loop1            0.00      0.00     0.00   0.00    0.00     0.00    0.00      0.00     0.00   0.00    0.00     0.00    0.00      0.00     0.00   0.00    0.00     0.00    0.00    0.00    0.00   0.00
loop10           0.00      0.00     0.00   0.00    0.00     0.00 1019.00   2244.00     0.00   0.00    0.03     2.20    0.00      0.00     0.00   0.00    0.00     0.00  458.00    0.02    0.04  49.20
loop2            0.00      0.00     0.00   0.00    0.00     0.00    0.00      0.00     0.00   0.00    0.00     0.00    0.00      0.00     0.00   0.00    0.00     0.00    0.00    0.00    0.00   0.00
loop3            0.00      0.00     0.00   0.00    0.00     0.00    0.00      0.00     0.00   0.00    0.00     0.00    0.00      0.00     0.00   0.00    0.00     0.00    0.00    0.00    0.00   0.00
loop4            0.00      0.00     0.00   0.00    0.00     0.00    0.00      0.00     0.00   0.00    0.00     0.00    0.00      0.00     0.00   0.00    0.00     0.00    0.00    0.00    0.00   0.00
loop5            0.00      0.00     0.00   0.00    0.00     0.00    0.00      0.00     0.00   0.00    0.00     0.00    0.00      0.00     0.00   0.00    0.00     0.00    0.00    0.00    0.00   0.00
loop6            0.00      0.00     0.00   0.00    0.00     0.00    0.00      0.00     0.00   0.00    0.00     0.00    0.00      0.00     0.00   0.00    0.00     0.00    0.00    0.00    0.00   0.00
loop7            0.00      0.00     0.00   0.00    0.00     0.00    0.00      0.00     0.00   0.00    0.00     0.00    0.00      0.00     0.00   0.00    0.00     0.00    0.00    0.00    0.00   0.00
sda              0.00      0.00     0.00   0.00    0.00     0.00   18.00    240.00    31.00  63.27    0.17    13.33    0.00      0.00     0.00   0.00    0.00     0.00    0.00    0.00    0.00   3.20
sdb              0.00      0.00     0.00   0.00    0.00     0.00  872.00  29000.00   107.00  10.93    0.06    33.26    0.00      0.00     0.00   0.00    0.00     0.00    0.00    0.00    0.05  50.00


avg-cpu:  %user   %nice %system %iowait  %steal   %idle
           0.83    0.00    0.90    0.02    0.00   98.25

Device            r/s     rkB/s   rrqm/s  %rrqm r_await rareq-sz     w/s     wkB/s   wrqm/s  %wrqm w_await wareq-sz     d/s     dkB/s   drqm/s  %drqm d_await dareq-sz     f/s f_await  aqu-sz  %util
dm-0             0.00      0.00     0.00   0.00    0.00     0.00  216.00  13824.00     0.00   0.00    0.11    64.00    0.00      0.00     0.00   0.00    0.00     0.00    0.00    0.00    0.02  45.60
dm-1             0.00      0.00     0.00   0.00    0.00     0.00  816.00  16224.00     0.00   0.00    0.06    19.88    0.00      0.00     0.00   0.00    0.00     0.00    0.00    0.00    0.05  49.60
loop0            0.00      0.00     0.00   0.00    0.00     0.00    0.00      0.00     0.00   0.00    0.00     0.00    0.00      0.00     0.00   0.00    0.00     0.00    0.00    0.00    0.00   0.00
loop1            0.00      0.00     0.00   0.00    0.00     0.00    0.00      0.00     0.00   0.00    0.00     0.00    0.00      0.00     0.00   0.00    0.00     0.00    0.00    0.00    0.00   0.00
loop10           0.00      0.00     0.00   0.00    0.00     0.00 1067.00   2348.00     0.00   0.00    0.03     2.20    0.00      0.00     0.00   0.00    0.00     0.00  480.00    0.02    0.04  46.80
loop2            0.00      0.00     0.00   0.00    0.00     0.00    0.00      0.00     0.00   0.00    0.00     0.00    0.00      0.00     0.00   0.00    0.00     0.00    0.00    0.00    0.00   0.00
loop3            0.00      0.00     0.00   0.00    0.00     0.00    0.00      0.00     0.00   0.00    0.00     0.00    0.00      0.00     0.00   0.00    0.00     0.00    0.00    0.00    0.00   0.00
loop4            0.00      0.00     0.00   0.00    0.00     0.00    0.00      0.00     0.00   0.00    0.00     0.00    0.00      0.00     0.00   0.00    0.00     0.00    0.00    0.00    0.00   0.00
loop5            0.00      0.00     0.00   0.00    0.00     0.00    0.00      0.00     0.00   0.00    0.00     0.00    0.00      0.00     0.00   0.00    0.00     0.00    0.00    0.00    0.00   0.00
loop6            0.00      0.00     0.00   0.00    0.00     0.00    0.00      0.00     0.00   0.00    0.00     0.00    0.00      0.00     0.00   0.00    0.00     0.00    0.00    0.00    0.00   0.00
loop7            0.00      0.00     0.00   0.00    0.00     0.00    0.00      0.00     0.00   0.00    0.00     0.00    0.00      0.00     0.00   0.00    0.00     0.00    0.00    0.00    0.00   0.00
sda              0.00      0.00     0.00   0.00    0.00     0.00   11.00    148.00    26.00  70.27    0.09    13.45    0.00      0.00     0.00   0.00    0.00     0.00    0.00    0.00    0.00   0.80
sdb              0.00      0.00     0.00   0.00    0.00     0.00  920.00  30048.00   112.00  10.85    0.06    32.66    0.00      0.00     0.00   0.00    0.00     0.00    0.00    0.00    0.06  50.00


avg-cpu:  %user   %nice %system %iowait  %steal   %idle
           0.95    0.00    0.77    0.03    0.00   98.25

Device            r/s     rkB/s   rrqm/s  %rrqm r_await rareq-sz     w/s     wkB/s   wrqm/s  %wrqm w_await wareq-sz     d/s     dkB/s   drqm/s  %drqm d_await dareq-sz     f/s f_await  aqu-sz  %util
dm-0             0.00      0.00     0.00   0.00    0.00     0.00  210.00  13440.00     0.00   0.00    0.02    64.00    0.00      0.00     0.00   0.00    0.00     0.00    0.00    0.00    0.00  46.00
dm-1             0.00      0.00     0.00   0.00    0.00     0.00  770.00  15680.00     0.00   0.00    0.06    20.36    0.00      0.00     0.00   0.00    0.00     0.00    0.00    0.00    0.05  47.20
loop0            0.00      0.00     0.00   0.00    0.00     0.00    0.00      0.00     0.00   0.00    0.00     0.00    0.00      0.00     0.00   0.00    0.00     0.00    0.00    0.00    0.00   0.00
loop1            0.00      0.00     0.00   0.00    0.00     0.00    0.00      0.00     0.00   0.00    0.00     0.00    0.00      0.00     0.00   0.00    0.00     0.00    0.00    0.00    0.00   0.00
loop10           0.00      0.00     0.00   0.00    0.00     0.00 1001.00   2188.00     0.00   0.00    0.03     2.19    0.00      0.00     0.00   0.00    0.00     0.00  454.00    0.02    0.04  49.20
loop2            0.00      0.00     0.00   0.00    0.00     0.00    0.00      0.00     0.00   0.00    0.00     0.00    0.00      0.00     0.00   0.00    0.00     0.00    0.00    0.00    0.00   0.00
loop3            0.00      0.00     0.00   0.00    0.00     0.00    0.00      0.00     0.00   0.00    0.00     0.00    0.00      0.00     0.00   0.00    0.00     0.00    0.00    0.00    0.00   0.00
loop4            0.00      0.00     0.00   0.00    0.00     0.00    0.00      0.00     0.00   0.00    0.00     0.00    0.00      0.00     0.00   0.00    0.00     0.00    0.00    0.00    0.00   0.00
loop5            0.00      0.00     0.00   0.00    0.00     0.00    0.00      0.00     0.00   0.00    0.00     0.00    0.00      0.00     0.00   0.00    0.00     0.00    0.00    0.00    0.00   0.00
loop6            0.00      0.00     0.00   0.00    0.00     0.00    0.00      0.00     0.00   0.00    0.00     0.00    0.00      0.00     0.00   0.00    0.00     0.00    0.00    0.00    0.00   0.00
loop7            0.00      0.00     0.00   0.00    0.00     0.00    0.00      0.00     0.00   0.00    0.00     0.00    0.00      0.00     0.00   0.00    0.00     0.00    0.00    0.00    0.00   0.00
sda              0.00      0.00     0.00   0.00    0.00     0.00   20.00    248.00    32.00  61.54    0.05    12.40    0.00      0.00     0.00   0.00    0.00     0.00    0.00    0.00    0.00   2.40
sdb              0.00      0.00     0.00   0.00    0.00     0.00  882.00  29120.00    98.00  10.00    0.06    33.02    0.00      0.00     0.00   0.00    0.00     0.00    0.00    0.00    0.06  49.20


avg-cpu:  %user   %nice %system %iowait  %steal   %idle
           1.41    0.00    1.16    0.02    0.00   97.41

Device            r/s     rkB/s   rrqm/s  %rrqm r_await rareq-sz     w/s     wkB/s   wrqm/s  %wrqm w_await wareq-sz     d/s     dkB/s   drqm/s  %drqm d_await dareq-sz     f/s f_await  aqu-sz  %util
dm-0             0.00      0.00     0.00   0.00    0.00     0.00  212.00  13568.00     0.00   0.00    0.09    64.00    0.00      0.00     0.00   0.00    0.00     0.00    0.00    0.00    0.02  42.80
dm-1             0.00      0.00     0.00   0.00    0.00     0.00  798.00  15972.00     0.00   0.00    0.05    20.02    0.00      0.00     0.00   0.00    0.00     0.00    0.00    0.00    0.04  50.00
loop0            0.00      0.00     0.00   0.00    0.00     0.00    0.00      0.00     0.00   0.00    0.00     0.00    0.00      0.00     0.00   0.00    0.00     0.00    0.00    0.00    0.00   0.00
loop1            0.00      0.00     0.00   0.00    0.00     0.00    0.00      0.00     0.00   0.00    0.00     0.00    0.00      0.00     0.00   0.00    0.00     0.00    0.00    0.00    0.00   0.00
loop10           0.00      0.00     0.00   0.00    0.00     0.00 1035.00   2284.00     0.00   0.00    0.03     2.21    0.00      0.00     0.00   0.00    0.00     0.00  464.00    0.02    0.04  46.40
loop2            0.00      0.00     0.00   0.00    0.00     0.00    0.00      0.00     0.00   0.00    0.00     0.00    0.00      0.00     0.00   0.00    0.00     0.00    0.00    0.00    0.00   0.00
loop3            0.00      0.00     0.00   0.00    0.00     0.00    0.00      0.00     0.00   0.00    0.00     0.00    0.00      0.00     0.00   0.00    0.00     0.00    0.00    0.00    0.00   0.00
loop4            0.00      0.00     0.00   0.00    0.00     0.00    0.00      0.00     0.00   0.00    0.00     0.00    0.00      0.00     0.00   0.00    0.00     0.00    0.00    0.00    0.00   0.00
loop5            0.00      0.00     0.00   0.00    0.00     0.00    0.00      0.00     0.00   0.00    0.00     0.00    0.00      0.00     0.00   0.00    0.00     0.00    0.00    0.00    0.00   0.00
loop6            0.00      0.00     0.00   0.00    0.00     0.00    0.00      0.00     0.00   0.00    0.00     0.00    0.00      0.00     0.00   0.00    0.00     0.00    0.00    0.00    0.00   0.00
loop7            0.00      0.00     0.00   0.00    0.00     0.00    0.00      0.00     0.00   0.00    0.00     0.00    0.00      0.00     0.00   0.00    0.00     0.00    0.00    0.00    0.00   0.00
sda              0.00      0.00     0.00   0.00    0.00     0.00   28.00    220.00    27.00  49.09    1.82     7.86    0.00      0.00     0.00   0.00    0.00     0.00    0.00    0.00    0.05   1.60
sdb              0.00      0.00     0.00   0.00    0.00     0.00  899.00  29540.00   111.00  10.99    0.06    32.86    0.00      0.00     0.00   0.00    0.00     0.00    0.00    0.00    0.05  50.00


avg-cpu:  %user   %nice %system %iowait  %steal   %idle
           0.61    0.00    0.72    0.03    0.00   98.63

Device            r/s     rkB/s   rrqm/s  %rrqm r_await rareq-sz     w/s     wkB/s   wrqm/s  %wrqm w_await wareq-sz     d/s     dkB/s   drqm/s  %drqm d_await dareq-sz     f/s f_await  aqu-sz  %util
dm-0             0.00      0.00     0.00   0.00    0.00     0.00  209.00  13376.00     0.00   0.00    0.04    64.00    0.00      0.00     0.00   0.00    0.00     0.00    0.00    0.00    0.01  44.80
dm-1             0.00      0.00     0.00   0.00    0.00     0.00  765.00  15544.00     0.00   0.00    0.06    20.32    0.00      0.00     0.00   0.00    0.00     0.00    0.00    0.00    0.05  48.80
loop0            0.00      0.00     0.00   0.00    0.00     0.00    0.00      0.00     0.00   0.00    0.00     0.00    0.00      0.00     0.00   0.00    0.00     0.00    0.00    0.00    0.00   0.00
loop1            0.00      0.00     0.00   0.00    0.00     0.00    0.00      0.00     0.00   0.00    0.00     0.00    0.00      0.00     0.00   0.00    0.00     0.00    0.00    0.00    0.00   0.00
loop10           0.00      0.00     0.00   0.00    0.00     0.00 1005.00   2208.00     0.00   0.00    0.03     2.20    0.00      0.00     0.00   0.00    0.00     0.00  454.00    0.02    0.04  49.20
loop2            0.00      0.00     0.00   0.00    0.00     0.00    0.00      0.00     0.00   0.00    0.00     0.00    0.00      0.00     0.00   0.00    0.00     0.00    0.00    0.00    0.00   0.00
loop3            0.00      0.00     0.00   0.00    0.00     0.00    0.00      0.00     0.00   0.00    0.00     0.00    0.00      0.00     0.00   0.00    0.00     0.00    0.00    0.00    0.00   0.00
loop4            0.00      0.00     0.00   0.00    0.00     0.00    0.00      0.00     0.00   0.00    0.00     0.00    0.00      0.00     0.00   0.00    0.00     0.00    0.00    0.00    0.00   0.00
loop5            0.00      0.00     0.00   0.00    0.00     0.00    0.00      0.00     0.00   0.00    0.00     0.00    0.00      0.00     0.00   0.00    0.00     0.00    0.00    0.00    0.00   0.00
loop6            0.00      0.00     0.00   0.00    0.00     0.00    0.00      0.00     0.00   0.00    0.00     0.00    0.00      0.00     0.00   0.00    0.00     0.00    0.00    0.00    0.00   0.00
loop7            0.00      0.00     0.00   0.00    0.00     0.00    0.00      0.00     0.00   0.00    0.00     0.00    0.00      0.00     0.00   0.00    0.00     0.00    0.00    0.00    0.00   0.00
sda              0.00      0.00     0.00   0.00    0.00     0.00   17.00    212.00    28.00  62.22    0.06    12.47    0.00      0.00     0.00   0.00    0.00     0.00    0.00    0.00    0.00   1.60
sdb              0.00      0.00     0.00   0.00    0.00     0.00  875.00  28920.00    99.00  10.16    0.06    33.05    0.00      0.00     0.00   0.00    0.00     0.00    0.00    0.00    0.05  49.20


avg-cpu:  %user   %nice %system %iowait  %steal   %idle
           0.87    0.00    0.77    0.02    0.00   98.35

Device            r/s     rkB/s   rrqm/s  %rrqm r_await rareq-sz     w/s     wkB/s   wrqm/s  %wrqm w_await wareq-sz     d/s     dkB/s   drqm/s  %drqm d_await dareq-sz     f/s f_await  aqu-sz  %util
dm-0             0.00      0.00     0.00   0.00    0.00     0.00  209.00  13376.00     0.00   0.00    0.13    64.00    0.00      0.00     0.00   0.00    0.00     0.00    0.00    0.00    0.03  45.60
dm-1             0.00      0.00     0.00   0.00    0.00     0.00  768.00  15612.00     0.00   0.00    0.05    20.33    0.00      0.00     0.00   0.00    0.00     0.00    0.00    0.00    0.04  47.20
loop0            0.00      0.00     0.00   0.00    0.00     0.00    0.00      0.00     0.00   0.00    0.00     0.00    0.00      0.00     0.00   0.00    0.00     0.00    0.00    0.00    0.00   0.00
loop1            0.00      0.00     0.00   0.00    0.00     0.00    0.00      0.00     0.00   0.00    0.00     0.00    0.00      0.00     0.00   0.00    0.00     0.00    0.00    0.00    0.00   0.00
loop10           0.00      0.00     0.00   0.00    0.00     0.00 1001.00   4248.00     0.00   0.00    0.04     4.24    0.00      0.00     0.00   0.00    0.00     0.00  447.00    0.02    0.05  48.00
loop2            0.00      0.00     0.00   0.00    0.00     0.00    0.00      0.00     0.00   0.00    0.00     0.00    0.00      0.00     0.00   0.00    0.00     0.00    0.00    0.00    0.00   0.00
loop3            0.00      0.00     0.00   0.00    0.00     0.00    0.00      0.00     0.00   0.00    0.00     0.00    0.00      0.00     0.00   0.00    0.00     0.00    0.00    0.00    0.00   0.00
loop4            0.00      0.00     0.00   0.00    0.00     0.00    0.00      0.00     0.00   0.00    0.00     0.00    0.00      0.00     0.00   0.00    0.00     0.00    0.00    0.00    0.00   0.00
loop5            0.00      0.00     0.00   0.00    0.00     0.00    0.00      0.00     0.00   0.00    0.00     0.00    0.00      0.00     0.00   0.00    0.00     0.00    0.00    0.00    0.00   0.00
loop6            0.00      0.00     0.00   0.00    0.00     0.00    0.00      0.00     0.00   0.00    0.00     0.00    0.00      0.00     0.00   0.00    0.00     0.00    0.00    0.00    0.00   0.00
loop7            0.00      0.00     0.00   0.00    0.00     0.00    0.00      0.00     0.00   0.00    0.00     0.00    0.00      0.00     0.00   0.00    0.00     0.00    0.00    0.00    0.00   0.00
sda              0.00      0.00     0.00   0.00    0.00     0.00  197.00   1172.00    31.00  13.60    1.81     5.95    0.00      0.00     0.00   0.00    0.00     0.00    0.00    0.00    0.36   2.80
sdb              0.00      0.00     0.00   0.00    0.00     0.00  868.00  28988.00   109.00  11.16    0.06    33.40    0.00      0.00     0.00   0.00    0.00     0.00    0.00    0.00    0.06  48.40


avg-cpu:  %user   %nice %system %iowait  %steal   %idle
           0.61    0.00    0.77    0.03    0.00   98.58

Device            r/s     rkB/s   rrqm/s  %rrqm r_await rareq-sz     w/s     wkB/s   wrqm/s  %wrqm w_await wareq-sz     d/s     dkB/s   drqm/s  %drqm d_await dareq-sz     f/s f_await  aqu-sz  %util
dm-0             0.00      0.00     0.00   0.00    0.00     0.00  210.00  13440.00     0.00   0.00    0.10    64.00    0.00      0.00     0.00   0.00    0.00     0.00    0.00    0.00    0.02  45.60
dm-1             0.00      0.00     0.00   0.00    0.00     0.00  781.00  15724.00     0.00   0.00    0.09    20.13    0.00      0.00     0.00   0.00    0.00     0.00    0.00    0.00    0.07  48.40
loop0            0.00      0.00     0.00   0.00    0.00     0.00    0.00      0.00     0.00   0.00    0.00     0.00    0.00      0.00     0.00   0.00    0.00     0.00    0.00    0.00    0.00   0.00
loop1            0.00      0.00     0.00   0.00    0.00     0.00    0.00      0.00     0.00   0.00    0.00     0.00    0.00      0.00     0.00   0.00    0.00     0.00    0.00    0.00    0.00   0.00
loop10           0.00      0.00     0.00   0.00    0.00     0.00 1037.00   2276.00     0.00   0.00    0.03     2.19    0.00      0.00     0.00   0.00    0.00     0.00  468.00    0.02    0.04  48.00
loop2            0.00      0.00     0.00   0.00    0.00     0.00    0.00      0.00     0.00   0.00    0.00     0.00    0.00      0.00     0.00   0.00    0.00     0.00    0.00    0.00    0.00   0.00
loop3            0.00      0.00     0.00   0.00    0.00     0.00    0.00      0.00     0.00   0.00    0.00     0.00    0.00      0.00     0.00   0.00    0.00     0.00    0.00    0.00    0.00   0.00
loop4            0.00      0.00     0.00   0.00    0.00     0.00    0.00      0.00     0.00   0.00    0.00     0.00    0.00      0.00     0.00   0.00    0.00     0.00    0.00    0.00    0.00   0.00
loop5            0.00      0.00     0.00   0.00    0.00     0.00    0.00      0.00     0.00   0.00    0.00     0.00    0.00      0.00     0.00   0.00    0.00     0.00    0.00    0.00    0.00   0.00
loop6            0.00      0.00     0.00   0.00    0.00     0.00    0.00      0.00     0.00   0.00    0.00     0.00    0.00      0.00     0.00   0.00    0.00     0.00    0.00    0.00    0.00   0.00
loop7            0.00      0.00     0.00   0.00    0.00     0.00    0.00      0.00     0.00   0.00    0.00     0.00    0.00      0.00     0.00   0.00    0.00     0.00    0.00    0.00    0.00   0.00
sda              0.00      0.00     0.00   0.00    0.00     0.00   18.00    244.00    33.00  64.71    0.11    13.56    0.00      0.00     0.00   0.00    0.00     0.00    0.00    0.00    0.00   2.40
sdb              0.00      0.00     0.00   0.00    0.00     0.00  886.00  29164.00   105.00  10.60    0.06    32.92    0.00      0.00     0.00   0.00    0.00     0.00    0.00    0.00    0.06  49.20


avg-cpu:  %user   %nice %system %iowait  %steal   %idle
           0.71    0.00    0.93    0.03    0.00   98.33

Device            r/s     rkB/s   rrqm/s  %rrqm r_await rareq-sz     w/s     wkB/s   wrqm/s  %wrqm w_await wareq-sz     d/s     dkB/s   drqm/s  %drqm d_await dareq-sz     f/s f_await  aqu-sz  %util
dm-0             0.00      0.00     0.00   0.00    0.00     0.00  211.00  13504.00     0.00   0.00    0.06    64.00    0.00      0.00     0.00   0.00    0.00     0.00    0.00    0.00    0.01  45.60
dm-1             0.00      0.00     0.00   0.00    0.00     0.00  759.00  15696.00     0.00   0.00    0.05    20.68    0.00      0.00     0.00   0.00    0.00     0.00    0.00    0.00    0.04  49.20
loop0            0.00      0.00     0.00   0.00    0.00     0.00    0.00      0.00     0.00   0.00    0.00     0.00    0.00      0.00     0.00   0.00    0.00     0.00    0.00    0.00    0.00   0.00
loop1            0.00      0.00     0.00   0.00    0.00     0.00    0.00      0.00     0.00   0.00    0.00     0.00    0.00      0.00     0.00   0.00    0.00     0.00    0.00    0.00    0.00   0.00
loop10           0.00      0.00     0.00   0.00    0.00     0.00 1002.00   2208.00     0.00   0.00    0.04     2.20    0.00      0.00     0.00   0.00    0.00     0.00  450.00    0.02    0.04  48.00
loop2            0.00      0.00     0.00   0.00    0.00     0.00    0.00      0.00     0.00   0.00    0.00     0.00    0.00      0.00     0.00   0.00    0.00     0.00    0.00    0.00    0.00   0.00
loop3            0.00      0.00     0.00   0.00    0.00     0.00    0.00      0.00     0.00   0.00    0.00     0.00    0.00      0.00     0.00   0.00    0.00     0.00    0.00    0.00    0.00   0.00
loop4            0.00      0.00     0.00   0.00    0.00     0.00    0.00      0.00     0.00   0.00    0.00     0.00    0.00      0.00     0.00   0.00    0.00     0.00    0.00    0.00    0.00   0.00
loop5            0.00      0.00     0.00   0.00    0.00     0.00    0.00      0.00     0.00   0.00    0.00     0.00    0.00      0.00     0.00   0.00    0.00     0.00    0.00    0.00    0.00   0.00
loop6            0.00      0.00     0.00   0.00    0.00     0.00    0.00      0.00     0.00   0.00    0.00     0.00    0.00      0.00     0.00   0.00    0.00     0.00    0.00    0.00    0.00   0.00
loop7            0.00      0.00     0.00   0.00    0.00     0.00    0.00      0.00     0.00   0.00    0.00     0.00    0.00      0.00     0.00   0.00    0.00     0.00    0.00    0.00    0.00   0.00
sda              0.00      0.00     0.00   0.00    0.00     0.00   14.00    168.00    27.00  65.85    0.07    12.00    0.00      0.00     0.00   0.00    0.00     0.00    0.00    0.00    0.00   1.20
sdb              0.00      0.00     0.00   0.00    0.00     0.00  862.00  29200.00   108.00  11.13    0.06    33.87    0.00      0.00     0.00   0.00    0.00     0.00    0.00    0.00    0.06  50.40


avg-cpu:  %user   %nice %system %iowait  %steal   %idle
           0.75    0.00    0.86    0.02    0.00   98.37

Device            r/s     rkB/s   rrqm/s  %rrqm r_await rareq-sz     w/s     wkB/s   wrqm/s  %wrqm w_await wareq-sz     d/s     dkB/s   drqm/s  %drqm d_await dareq-sz     f/s f_await  aqu-sz  %util
dm-0             0.00      0.00     0.00   0.00    0.00     0.00  209.00  13376.00     0.00   0.00    0.06    64.00    0.00      0.00     0.00   0.00    0.00     0.00    0.00    0.00    0.01  43.20
dm-1             0.00      0.00     0.00   0.00    0.00     0.00  792.00  15712.00     0.00   0.00    0.05    19.84    0.00      0.00     0.00   0.00    0.00     0.00    0.00    0.00    0.04  46.40
loop0            0.00      0.00     0.00   0.00    0.00     0.00    0.00      0.00     0.00   0.00    0.00     0.00    0.00      0.00     0.00   0.00    0.00     0.00    0.00    0.00    0.00   0.00
loop1            0.00      0.00     0.00   0.00    0.00     0.00    0.00      0.00     0.00   0.00    0.00     0.00    0.00      0.00     0.00   0.00    0.00     0.00    0.00    0.00    0.00   0.00
loop10           0.00      0.00     0.00   0.00    0.00     0.00 1051.00   2308.00     0.00   0.00    0.03     2.20    0.00      0.00     0.00   0.00    0.00     0.00  474.00    0.02    0.04  46.80
loop2            0.00      0.00     0.00   0.00    0.00     0.00    0.00      0.00     0.00   0.00    0.00     0.00    0.00      0.00     0.00   0.00    0.00     0.00    0.00    0.00    0.00   0.00
loop3            0.00      0.00     0.00   0.00    0.00     0.00    0.00      0.00     0.00   0.00    0.00     0.00    0.00      0.00     0.00   0.00    0.00     0.00    0.00    0.00    0.00   0.00
loop4            0.00      0.00     0.00   0.00    0.00     0.00    0.00      0.00     0.00   0.00    0.00     0.00    0.00      0.00     0.00   0.00    0.00     0.00    0.00    0.00    0.00   0.00
loop5            0.00      0.00     0.00   0.00    0.00     0.00    0.00      0.00     0.00   0.00    0.00     0.00    0.00      0.00     0.00   0.00    0.00     0.00    0.00    0.00    0.00   0.00
loop6            0.00      0.00     0.00   0.00    0.00     0.00    0.00      0.00     0.00   0.00    0.00     0.00    0.00      0.00     0.00   0.00    0.00     0.00    0.00    0.00    0.00   0.00
loop7            0.00      0.00     0.00   0.00    0.00     0.00    0.00      0.00     0.00   0.00    0.00     0.00    0.00      0.00     0.00   0.00    0.00     0.00    0.00    0.00    0.00   0.00
sda              0.00      0.00     0.00   0.00    0.00     0.00   23.00    196.00    25.00  52.08    1.26     8.52    0.00      0.00     0.00   0.00    0.00     0.00    0.00    0.00    0.03   2.00
sdb              0.00      0.00     0.00   0.00    0.00     0.00  893.00  29024.00   107.00  10.70    0.06    32.50    0.00      0.00     0.00   0.00    0.00     0.00    0.00    0.00    0.05  47.20


avg-cpu:  %user   %nice %system %iowait  %steal   %idle
           0.61    0.00    0.85    0.03    0.00   98.51

Device            r/s     rkB/s   rrqm/s  %rrqm r_await rareq-sz     w/s     wkB/s   wrqm/s  %wrqm w_await wareq-sz     d/s     dkB/s   drqm/s  %drqm d_await dareq-sz     f/s f_await  aqu-sz  %util
dm-0             0.00      0.00     0.00   0.00    0.00     0.00  205.00  13120.00     0.00   0.00    0.08    64.00    0.00      0.00     0.00   0.00    0.00     0.00    0.00    0.00    0.02  44.80
dm-1             0.00      0.00     0.00   0.00    0.00     0.00  756.00  15324.00     0.00   0.00    0.05    20.27    0.00      0.00     0.00   0.00    0.00     0.00    0.00    0.00    0.04  47.20
loop0            0.00      0.00     0.00   0.00    0.00     0.00    0.00      0.00     0.00   0.00    0.00     0.00    0.00      0.00     0.00   0.00    0.00     0.00    0.00    0.00    0.00   0.00
loop1            0.00      0.00     0.00   0.00    0.00     0.00    0.00      0.00     0.00   0.00    0.00     0.00    0.00      0.00     0.00   0.00    0.00     0.00    0.00    0.00    0.00   0.00
loop10           0.00      0.00     0.00   0.00    0.00     0.00 1028.00   2244.00     0.00   0.00    0.03     2.18    0.00      0.00     0.00   0.00    0.00     0.00  468.00    0.02    0.04  47.20
loop2            0.00      0.00     0.00   0.00    0.00     0.00    0.00      0.00     0.00   0.00    0.00     0.00    0.00      0.00     0.00   0.00    0.00     0.00    0.00    0.00    0.00   0.00
loop3            0.00      0.00     0.00   0.00    0.00     0.00    0.00      0.00     0.00   0.00    0.00     0.00    0.00      0.00     0.00   0.00    0.00     0.00    0.00    0.00    0.00   0.00
loop4            0.00      0.00     0.00   0.00    0.00     0.00    0.00      0.00     0.00   0.00    0.00     0.00    0.00      0.00     0.00   0.00    0.00     0.00    0.00    0.00    0.00   0.00
loop5            0.00      0.00     0.00   0.00    0.00     0.00    0.00      0.00     0.00   0.00    0.00     0.00    0.00      0.00     0.00   0.00    0.00     0.00    0.00    0.00    0.00   0.00
loop6            0.00      0.00     0.00   0.00    0.00     0.00    0.00      0.00     0.00   0.00    0.00     0.00    0.00      0.00     0.00   0.00    0.00     0.00    0.00    0.00    0.00   0.00
loop7            0.00      0.00     0.00   0.00    0.00     0.00    0.00      0.00     0.00   0.00    0.00     0.00    0.00      0.00     0.00   0.00    0.00     0.00    0.00    0.00    0.00   0.00
sda              0.00      0.00     0.00   0.00    0.00     0.00    7.00    120.00     7.00  50.00    0.29    17.14    0.00      0.00     0.00   0.00    0.00     0.00    0.00    0.00    0.00   1.20
sdb              0.00      0.00     0.00   0.00    0.00     0.00  865.00  28508.00    97.00  10.08    0.06    32.96    0.00      0.00     0.00   0.00    0.00     0.00    0.00    0.00    0.05  47.60


avg-cpu:  %user   %nice %system %iowait  %steal   %idle
           0.60    0.00    0.74    0.03    0.00   98.63

Device            r/s     rkB/s   rrqm/s  %rrqm r_await rareq-sz     w/s     wkB/s   wrqm/s  %wrqm w_await wareq-sz     d/s     dkB/s   drqm/s  %drqm d_await dareq-sz     f/s f_await  aqu-sz  %util
dm-0             0.00      0.00     0.00   0.00    0.00     0.00  202.00  12928.00     0.00   0.00    0.14    64.00    0.00      0.00     0.00   0.00    0.00     0.00    0.00    0.00    0.03  44.40
dm-1             0.00      0.00     0.00   0.00    0.00     0.00  765.00  15180.00     0.00   0.00    0.04    19.84    0.00      0.00     0.00   0.00    0.00     0.00    0.00    0.00    0.03  46.00
loop0            0.00      0.00     0.00   0.00    0.00     0.00    0.00      0.00     0.00   0.00    0.00     0.00    0.00      0.00     0.00   0.00    0.00     0.00    0.00    0.00    0.00   0.00
loop1            0.00      0.00     0.00   0.00    0.00     0.00    0.00      0.00     0.00   0.00    0.00     0.00    0.00      0.00     0.00   0.00    0.00     0.00    0.00    0.00    0.00   0.00
loop10           0.00      0.00     0.00   0.00    0.00     0.00 1019.00   2236.00     0.00   0.00    0.03     2.19    0.00      0.00     0.00   0.00    0.00     0.00  460.00    0.02    0.04  46.00
loop2            0.00      0.00     0.00   0.00    0.00     0.00    0.00      0.00     0.00   0.00    0.00     0.00    0.00      0.00     0.00   0.00    0.00     0.00    0.00    0.00    0.00   0.00
loop3            0.00      0.00     0.00   0.00    0.00     0.00    0.00      0.00     0.00   0.00    0.00     0.00    0.00      0.00     0.00   0.00    0.00     0.00    0.00    0.00    0.00   0.00
loop4            0.00      0.00     0.00   0.00    0.00     0.00    0.00      0.00     0.00   0.00    0.00     0.00    0.00      0.00     0.00   0.00    0.00     0.00    0.00    0.00    0.00   0.00
loop5            0.00      0.00     0.00   0.00    0.00     0.00    0.00      0.00     0.00   0.00    0.00     0.00    0.00      0.00     0.00   0.00    0.00     0.00    0.00    0.00    0.00   0.00
loop6            0.00      0.00     0.00   0.00    0.00     0.00    0.00      0.00     0.00   0.00    0.00     0.00    0.00      0.00     0.00   0.00    0.00     0.00    0.00    0.00    0.00   0.00
loop7            0.00      0.00     0.00   0.00    0.00     0.00    0.00      0.00     0.00   0.00    0.00     0.00    0.00      0.00     0.00   0.00    0.00     0.00    0.00    0.00    0.00   0.00
sda              0.00      0.00     0.00   0.00    0.00     0.00  181.00   1024.00    14.00   7.18    1.09     5.66    0.00      0.00     0.00   0.00    0.00     0.00    0.00    0.00    0.20   2.00
sdb              0.00      0.00     0.00   0.00    0.00     0.00  864.00  28108.00   103.00  10.65    0.06    32.53    0.00      0.00     0.00   0.00    0.00     0.00    0.00    0.00    0.06  47.20


avg-cpu:  %user   %nice %system %iowait  %steal   %idle
           0.72    0.00    0.75    0.02    0.00   98.51

Device            r/s     rkB/s   rrqm/s  %rrqm r_await rareq-sz     w/s     wkB/s   wrqm/s  %wrqm w_await wareq-sz     d/s     dkB/s   drqm/s  %drqm d_await dareq-sz     f/s f_await  aqu-sz  %util
dm-0             0.00      0.00     0.00   0.00    0.00     0.00  213.00  13632.00     0.00   0.00    0.04    64.00    0.00      0.00     0.00   0.00    0.00     0.00    0.00    0.00    0.01  46.40
dm-1             0.00      0.00     0.00   0.00    0.00     0.00  798.00  15972.00     0.00   0.00    0.07    20.02    0.00      0.00     0.00   0.00    0.00     0.00    0.00    0.00    0.05  50.40
loop0            0.00      0.00     0.00   0.00    0.00     0.00    0.00      0.00     0.00   0.00    0.00     0.00    0.00      0.00     0.00   0.00    0.00     0.00    0.00    0.00    0.00   0.00
loop1            0.00      0.00     0.00   0.00    0.00     0.00    0.00      0.00     0.00   0.00    0.00     0.00    0.00      0.00     0.00   0.00    0.00     0.00    0.00    0.00    0.00   0.00
loop10           0.00      0.00     0.00   0.00    0.00     0.00 1065.00   2340.00     0.00   0.00    0.04     2.20    0.00      0.00     0.00   0.00    0.00     0.00  480.00    0.02    0.05  49.60
loop2            0.00      0.00     0.00   0.00    0.00     0.00    0.00      0.00     0.00   0.00    0.00     0.00    0.00      0.00     0.00   0.00    0.00     0.00    0.00    0.00    0.00   0.00
loop3            0.00      0.00     0.00   0.00    0.00     0.00    0.00      0.00     0.00   0.00    0.00     0.00    0.00      0.00     0.00   0.00    0.00     0.00    0.00    0.00    0.00   0.00
loop4            0.00      0.00     0.00   0.00    0.00     0.00    0.00      0.00     0.00   0.00    0.00     0.00    0.00      0.00     0.00   0.00    0.00     0.00    0.00    0.00    0.00   0.00
loop5            0.00      0.00     0.00   0.00    0.00     0.00    0.00      0.00     0.00   0.00    0.00     0.00    0.00      0.00     0.00   0.00    0.00     0.00    0.00    0.00    0.00   0.00
loop6            0.00      0.00     0.00   0.00    0.00     0.00    0.00      0.00     0.00   0.00    0.00     0.00    0.00      0.00     0.00   0.00    0.00     0.00    0.00    0.00    0.00   0.00
loop7            0.00      0.00     0.00   0.00    0.00     0.00    0.00      0.00     0.00   0.00    0.00     0.00    0.00      0.00     0.00   0.00    0.00     0.00    0.00    0.00    0.00   0.00
sda              0.00      0.00     0.00   0.00    0.00     0.00   11.00    144.00    25.00  69.44    0.09    13.09    0.00      0.00     0.00   0.00    0.00     0.00    0.00    0.00    0.00   1.20
sdb              0.00      0.00     0.00   0.00    0.00     0.00  902.00  29604.00   109.00  10.78    0.06    32.82    0.00      0.00     0.00   0.00    0.00     0.00    0.00    0.00    0.06  50.80


avg-cpu:  %user   %nice %system %iowait  %steal   %idle
           0.72    0.00    0.77    0.03    0.00   98.47

Device            r/s     rkB/s   rrqm/s  %rrqm r_await rareq-sz     w/s     wkB/s   wrqm/s  %wrqm w_await wareq-sz     d/s     dkB/s   drqm/s  %drqm d_await dareq-sz     f/s f_await  aqu-sz  %util
dm-0             0.00      0.00     0.00   0.00    0.00     0.00  215.00  13760.00     0.00   0.00    0.06    64.00    0.00      0.00     0.00   0.00    0.00     0.00    0.00    0.00    0.01  44.00
dm-1             0.00      0.00     0.00   0.00    0.00     0.00  808.00  16132.00     0.00   0.00    0.06    19.97    0.00      0.00     0.00   0.00    0.00     0.00    0.00    0.00    0.05  50.80
loop0            0.00      0.00     0.00   0.00    0.00     0.00    0.00      0.00     0.00   0.00    0.00     0.00    0.00      0.00     0.00   0.00    0.00     0.00    0.00    0.00    0.00   0.00
loop1            0.00      0.00     0.00   0.00    0.00     0.00    0.00      0.00     0.00   0.00    0.00     0.00    0.00      0.00     0.00   0.00    0.00     0.00    0.00    0.00    0.00   0.00
loop10           0.00      0.00     0.00   0.00    0.00     0.00 1060.00   2328.00     0.00   0.00    0.03     2.20    0.00      0.00     0.00   0.00    0.00     0.00  478.00    0.02    0.04  48.00
loop2            0.00      0.00     0.00   0.00    0.00     0.00    0.00      0.00     0.00   0.00    0.00     0.00    0.00      0.00     0.00   0.00    0.00     0.00    0.00    0.00    0.00   0.00
loop3            0.00      0.00     0.00   0.00    0.00     0.00    0.00      0.00     0.00   0.00    0.00     0.00    0.00      0.00     0.00   0.00    0.00     0.00    0.00    0.00    0.00   0.00
loop4            0.00      0.00     0.00   0.00    0.00     0.00    0.00      0.00     0.00   0.00    0.00     0.00    0.00      0.00     0.00   0.00    0.00     0.00    0.00    0.00    0.00   0.00
loop5            0.00      0.00     0.00   0.00    0.00     0.00    0.00      0.00     0.00   0.00    0.00     0.00    0.00      0.00     0.00   0.00    0.00     0.00    0.00    0.00    0.00   0.00
loop6            0.00      0.00     0.00   0.00    0.00     0.00    0.00      0.00     0.00   0.00    0.00     0.00    0.00      0.00     0.00   0.00    0.00     0.00    0.00    0.00    0.00   0.00
loop7            0.00      0.00     0.00   0.00    0.00     0.00    0.00      0.00     0.00   0.00    0.00     0.00    0.00      0.00     0.00   0.00    0.00     0.00    0.00    0.00    0.00   0.00
sda              0.00      0.00     0.00   0.00    0.00     0.00   21.00    272.00    36.00  63.16    0.14    12.95    0.00      0.00     0.00   0.00    0.00     0.00    0.00    0.00    0.00   2.40
sdb              0.00      0.00     0.00   0.00    0.00     0.00  914.00  29892.00   109.00  10.65    0.06    32.70    0.00      0.00     0.00   0.00    0.00     0.00    0.00    0.00    0.06  51.60


avg-cpu:  %user   %nice %system %iowait  %steal   %idle
           0.63    0.00    0.69    0.02    0.00   98.66

Device            r/s     rkB/s   rrqm/s  %rrqm r_await rareq-sz     w/s     wkB/s   wrqm/s  %wrqm w_await wareq-sz     d/s     dkB/s   drqm/s  %drqm d_await dareq-sz     f/s f_await  aqu-sz  %util
dm-0             0.00      0.00     0.00   0.00    0.00     0.00  202.00  12928.00     0.00   0.00    0.12    64.00    0.00      0.00     0.00   0.00    0.00     0.00    0.00    0.00    0.02  43.20
dm-1             0.00      0.00     0.00   0.00    0.00     0.00  737.00  15072.00     0.00   0.00    0.10    20.45    0.00      0.00     0.00   0.00    0.00     0.00    0.00    0.00    0.07  47.20
loop0            0.00      0.00     0.00   0.00    0.00     0.00    0.00      0.00     0.00   0.00    0.00     0.00    0.00      0.00     0.00   0.00    0.00     0.00    0.00    0.00    0.00   0.00
loop1            0.00      0.00     0.00   0.00    0.00     0.00    0.00      0.00     0.00   0.00    0.00     0.00    0.00      0.00     0.00   0.00    0.00     0.00    0.00    0.00    0.00   0.00
loop10           0.00      0.00     0.00   0.00    0.00     0.00  955.00   2108.00     0.00   0.00    0.03     2.21    0.00      0.00     0.00   0.00    0.00     0.00  428.00    0.02    0.04  46.00
loop2            0.00      0.00     0.00   0.00    0.00     0.00    0.00      0.00     0.00   0.00    0.00     0.00    0.00      0.00     0.00   0.00    0.00     0.00    0.00    0.00    0.00   0.00
loop3            0.00      0.00     0.00   0.00    0.00     0.00    0.00      0.00     0.00   0.00    0.00     0.00    0.00      0.00     0.00   0.00    0.00     0.00    0.00    0.00    0.00   0.00
loop4            0.00      0.00     0.00   0.00    0.00     0.00    0.00      0.00     0.00   0.00    0.00     0.00    0.00      0.00     0.00   0.00    0.00     0.00    0.00    0.00    0.00   0.00
loop5            0.00      0.00     0.00   0.00    0.00     0.00    0.00      0.00     0.00   0.00    0.00     0.00    0.00      0.00     0.00   0.00    0.00     0.00    0.00    0.00    0.00   0.00
loop6            0.00      0.00     0.00   0.00    0.00     0.00    0.00      0.00     0.00   0.00    0.00     0.00    0.00      0.00     0.00   0.00    0.00     0.00    0.00    0.00    0.00   0.00
loop7            0.00      0.00     0.00   0.00    0.00     0.00    0.00      0.00     0.00   0.00    0.00     0.00    0.00      0.00     0.00   0.00    0.00     0.00    0.00    0.00    0.00   0.00
sda              0.00      0.00     0.00   0.00    0.00     0.00   11.00    148.00    24.00  68.57    0.00    13.45    0.00      0.00     0.00   0.00    0.00     0.00    0.00    0.00    0.00   0.80
sdb              0.00      0.00     0.00   0.00    0.00     0.00  836.00  28000.00   103.00  10.97    0.06    33.49    0.00      0.00     0.00   0.00    0.00     0.00    0.00    0.00    0.05  47.60


avg-cpu:  %user   %nice %system %iowait  %steal   %idle
           0.66    0.00    0.80    0.03    0.00   98.51

Device            r/s     rkB/s   rrqm/s  %rrqm r_await rareq-sz     w/s     wkB/s   wrqm/s  %wrqm w_await wareq-sz     d/s     dkB/s   drqm/s  %drqm d_await dareq-sz     f/s f_await  aqu-sz  %util
dm-0             0.00      0.00     0.00   0.00    0.00     0.00  208.00  13312.00     0.00   0.00    0.10    64.00    0.00      0.00     0.00   0.00    0.00     0.00    0.00    0.00    0.02  44.00
dm-1             0.00      0.00     0.00   0.00    0.00     0.00  781.00  15604.00     0.00   0.00    0.04    19.98    0.00      0.00     0.00   0.00    0.00     0.00    0.00    0.00    0.03  46.80
loop0            0.00      0.00     0.00   0.00    0.00     0.00    0.00      0.00     0.00   0.00    0.00     0.00    0.00      0.00     0.00   0.00    0.00     0.00    0.00    0.00    0.00   0.00
loop1            0.00      0.00     0.00   0.00    0.00     0.00    0.00      0.00     0.00   0.00    0.00     0.00    0.00      0.00     0.00   0.00    0.00     0.00    0.00    0.00    0.00   0.00
loop10           0.00      0.00     0.00   0.00    0.00     0.00 1035.00   2280.00     0.00   0.00    0.03     2.20    0.00      0.00     0.00   0.00    0.00     0.00  466.00    0.02    0.04  46.80
loop2            0.00      0.00     0.00   0.00    0.00     0.00    0.00      0.00     0.00   0.00    0.00     0.00    0.00      0.00     0.00   0.00    0.00     0.00    0.00    0.00    0.00   0.00
loop3            0.00      0.00     0.00   0.00    0.00     0.00    0.00      0.00     0.00   0.00    0.00     0.00    0.00      0.00     0.00   0.00    0.00     0.00    0.00    0.00    0.00   0.00
loop4            0.00      0.00     0.00   0.00    0.00     0.00    0.00      0.00     0.00   0.00    0.00     0.00    0.00      0.00     0.00   0.00    0.00     0.00    0.00    0.00    0.00   0.00
loop5            0.00      0.00     0.00   0.00    0.00     0.00    0.00      0.00     0.00   0.00    0.00     0.00    0.00      0.00     0.00   0.00    0.00     0.00    0.00    0.00    0.00   0.00
loop6            0.00      0.00     0.00   0.00    0.00     0.00    0.00      0.00     0.00   0.00    0.00     0.00    0.00      0.00     0.00   0.00    0.00     0.00    0.00    0.00    0.00   0.00
loop7            0.00      0.00     0.00   0.00    0.00     0.00    0.00      0.00     0.00   0.00    0.00     0.00    0.00      0.00     0.00   0.00    0.00     0.00    0.00    0.00    0.00   0.00
sda              0.00      0.00     0.00   0.00    0.00     0.00   33.00    280.00    30.00  47.62    1.15     8.48    0.00      0.00     0.00   0.00    0.00     0.00    0.00    0.00    0.04   2.80
sdb              0.00      0.00     0.00   0.00    0.00     0.00  882.00  28916.00   107.00  10.82    0.06    32.78    0.00      0.00     0.00   0.00    0.00     0.00    0.00    0.00    0.05  48.40


avg-cpu:  %user   %nice %system %iowait  %steal   %idle
           0.63    0.00    0.76    0.03    0.00   98.58

Device            r/s     rkB/s   rrqm/s  %rrqm r_await rareq-sz     w/s     wkB/s   wrqm/s  %wrqm w_await wareq-sz     d/s     dkB/s   drqm/s  %drqm d_await dareq-sz     f/s f_await  aqu-sz  %util
dm-0             0.00      0.00     0.00   0.00    0.00     0.00  225.00  14400.00     0.00   0.00    0.11    64.00    0.00      0.00     0.00   0.00    0.00     0.00    0.00    0.00    0.02  49.60
dm-1             0.00      0.00     0.00   0.00    0.00     0.00  848.00  16832.00     0.00   0.00    0.04    19.85    0.00      0.00     0.00   0.00    0.00     0.00    0.00    0.00    0.04  51.20
loop0            0.00      0.00     0.00   0.00    0.00     0.00    0.00      0.00     0.00   0.00    0.00     0.00    0.00      0.00     0.00   0.00    0.00     0.00    0.00    0.00    0.00   0.00
loop1            0.00      0.00     0.00   0.00    0.00     0.00    0.00      0.00     0.00   0.00    0.00     0.00    0.00      0.00     0.00   0.00    0.00     0.00    0.00    0.00    0.00   0.00
loop10           0.00      0.00     0.00   0.00    0.00     0.00 1123.00   2460.00     0.00   0.00    0.03     2.19    0.00      0.00     0.00   0.00    0.00     0.00  508.00    0.02    0.04  51.60
loop2            0.00      0.00     0.00   0.00    0.00     0.00    0.00      0.00     0.00   0.00    0.00     0.00    0.00      0.00     0.00   0.00    0.00     0.00    0.00    0.00    0.00   0.00
loop3            0.00      0.00     0.00   0.00    0.00     0.00    0.00      0.00     0.00   0.00    0.00     0.00    0.00      0.00     0.00   0.00    0.00     0.00    0.00    0.00    0.00   0.00
loop4            0.00      0.00     0.00   0.00    0.00     0.00    0.00      0.00     0.00   0.00    0.00     0.00    0.00      0.00     0.00   0.00    0.00     0.00    0.00    0.00    0.00   0.00
loop5            0.00      0.00     0.00   0.00    0.00     0.00    0.00      0.00     0.00   0.00    0.00     0.00    0.00      0.00     0.00   0.00    0.00     0.00    0.00    0.00    0.00   0.00
loop6            0.00      0.00     0.00   0.00    0.00     0.00    0.00      0.00     0.00   0.00    0.00     0.00    0.00      0.00     0.00   0.00    0.00     0.00    0.00    0.00    0.00   0.00
loop7            0.00      0.00     0.00   0.00    0.00     0.00    0.00      0.00     0.00   0.00    0.00     0.00    0.00      0.00     0.00   0.00    0.00     0.00    0.00    0.00    0.00   0.00
sda              0.00      0.00     0.00   0.00    0.00     0.00  172.00   1000.00    27.00  13.57    1.44     5.81    0.00      0.00     0.00   0.00    0.00     0.00    0.00    0.00    0.25   1.60
sdb              0.00      0.00     0.00   0.00    0.00     0.00  961.00  31232.00   112.00  10.44    0.06    32.50    0.00      0.00     0.00   0.00    0.00     0.00    0.00    0.00    0.06  52.00


avg-cpu:  %user   %nice %system %iowait  %steal   %idle
           0.72    0.00    0.74    0.02    0.00   98.52

Device            r/s     rkB/s   rrqm/s  %rrqm r_await rareq-sz     w/s     wkB/s   wrqm/s  %wrqm w_await wareq-sz     d/s     dkB/s   drqm/s  %drqm d_await dareq-sz     f/s f_await  aqu-sz  %util
dm-0             0.00      0.00     0.00   0.00    0.00     0.00  208.00  13312.00     0.00   0.00    0.15    64.00    0.00      0.00     0.00   0.00    0.00     0.00    0.00    0.00    0.03  44.40
dm-1             0.00      0.00     0.00   0.00    0.00     0.00  791.00  15704.00     0.00   0.00    0.05    19.85    0.00      0.00     0.00   0.00    0.00     0.00    0.00    0.00    0.04  48.40
loop0            0.00      0.00     0.00   0.00    0.00     0.00    0.00      0.00     0.00   0.00    0.00     0.00    0.00      0.00     0.00   0.00    0.00     0.00    0.00    0.00    0.00   0.00
loop1            0.00      0.00     0.00   0.00    0.00     0.00    0.00      0.00     0.00   0.00    0.00     0.00    0.00      0.00     0.00   0.00    0.00     0.00    0.00    0.00    0.00   0.00
loop10           0.00      0.00     0.00   0.00    0.00     0.00 1053.00   2300.00     0.00   0.00    0.03     2.18    0.00      0.00     0.00   0.00    0.00     0.00  478.00    0.02    0.05  46.80
loop2            0.00      0.00     0.00   0.00    0.00     0.00    0.00      0.00     0.00   0.00    0.00     0.00    0.00      0.00     0.00   0.00    0.00     0.00    0.00    0.00    0.00   0.00
loop3            0.00      0.00     0.00   0.00    0.00     0.00    0.00      0.00     0.00   0.00    0.00     0.00    0.00      0.00     0.00   0.00    0.00     0.00    0.00    0.00    0.00   0.00
loop4            0.00      0.00     0.00   0.00    0.00     0.00    0.00      0.00     0.00   0.00    0.00     0.00    0.00      0.00     0.00   0.00    0.00     0.00    0.00    0.00    0.00   0.00
loop5            0.00      0.00     0.00   0.00    0.00     0.00    0.00      0.00     0.00   0.00    0.00     0.00    0.00      0.00     0.00   0.00    0.00     0.00    0.00    0.00    0.00   0.00
loop6            0.00      0.00     0.00   0.00    0.00     0.00    0.00      0.00     0.00   0.00    0.00     0.00    0.00      0.00     0.00   0.00    0.00     0.00    0.00    0.00    0.00   0.00
loop7            0.00      0.00     0.00   0.00    0.00     0.00    0.00      0.00     0.00   0.00    0.00     0.00    0.00      0.00     0.00   0.00    0.00     0.00    0.00    0.00    0.00   0.00
sda              0.00      0.00     0.00   0.00    0.00     0.00   17.00    212.00    29.00  63.04    0.06    12.47    0.00      0.00     0.00   0.00    0.00     0.00    0.00    0.00    0.00   2.40
sdb              0.00      0.00     0.00   0.00    0.00     0.00  896.00  29016.00   103.00  10.31    0.06    32.38    0.00      0.00     0.00   0.00    0.00     0.00    0.00    0.00    0.06  49.60


avg-cpu:  %user   %nice %system %iowait  %steal   %idle
           0.63    0.00    0.75    0.03    0.00   98.58

Device            r/s     rkB/s   rrqm/s  %rrqm r_await rareq-sz     w/s     wkB/s   wrqm/s  %wrqm w_await wareq-sz     d/s     dkB/s   drqm/s  %drqm d_await dareq-sz     f/s f_await  aqu-sz  %util
dm-0             0.00      0.00     0.00   0.00    0.00     0.00  200.00  12800.00     0.00   0.00    0.14    64.00    0.00      0.00     0.00   0.00    0.00     0.00    0.00    0.00    0.03  44.00
dm-1             0.00      0.00     0.00   0.00    0.00     0.00  808.00  15236.00     0.00   0.00    0.04    18.86    0.00      0.00     0.00   0.00    0.00     0.00    0.00    0.00    0.04  46.40
loop0            0.00      0.00     0.00   0.00    0.00     0.00    0.00      0.00     0.00   0.00    0.00     0.00    0.00      0.00     0.00   0.00    0.00     0.00    0.00    0.00    0.00   0.00
loop1            0.00      0.00     0.00   0.00    0.00     0.00    0.00      0.00     0.00   0.00    0.00     0.00    0.00      0.00     0.00   0.00    0.00     0.00    0.00    0.00    0.00   0.00
loop10           0.00      0.00     0.00   0.00    0.00     0.00 1116.00   2440.00     0.00   0.00    0.03     2.19    0.00      0.00     0.00   0.00    0.00     0.00  506.00    0.02    0.04  45.60
loop2            0.00      0.00     0.00   0.00    0.00     0.00    0.00      0.00     0.00   0.00    0.00     0.00    0.00      0.00     0.00   0.00    0.00     0.00    0.00    0.00    0.00   0.00
loop3            0.00      0.00     0.00   0.00    0.00     0.00    0.00      0.00     0.00   0.00    0.00     0.00    0.00      0.00     0.00   0.00    0.00     0.00    0.00    0.00    0.00   0.00
loop4            0.00      0.00     0.00   0.00    0.00     0.00    0.00      0.00     0.00   0.00    0.00     0.00    0.00      0.00     0.00   0.00    0.00     0.00    0.00    0.00    0.00   0.00
loop5            0.00      0.00     0.00   0.00    0.00     0.00    0.00      0.00     0.00   0.00    0.00     0.00    0.00      0.00     0.00   0.00    0.00     0.00    0.00    0.00    0.00   0.00
loop6            0.00      0.00     0.00   0.00    0.00     0.00    0.00      0.00     0.00   0.00    0.00     0.00    0.00      0.00     0.00   0.00    0.00     0.00    0.00    0.00    0.00   0.00
loop7            0.00      0.00     0.00   0.00    0.00     0.00    0.00      0.00     0.00   0.00    0.00     0.00    0.00      0.00     0.00   0.00    0.00     0.00    0.00    0.00    0.00   0.00
sda              0.00      0.00     0.00   0.00    0.00     0.00   14.00    156.00    25.00  64.10    0.07    11.14    0.00      0.00     0.00   0.00    0.00     0.00    0.00    0.00    0.00   1.20
sdb              0.00      0.00     0.00   0.00    0.00     0.00  899.00  28036.00   109.00  10.81    0.06    31.19    0.00      0.00     0.00   0.00    0.00     0.00    0.00    0.00    0.05  47.60


avg-cpu:  %user   %nice %system %iowait  %steal   %idle
           0.57    0.00    0.76    0.03    0.00   98.65

Device            r/s     rkB/s   rrqm/s  %rrqm r_await rareq-sz     w/s     wkB/s   wrqm/s  %wrqm w_await wareq-sz     d/s     dkB/s   drqm/s  %drqm d_await dareq-sz     f/s f_await  aqu-sz  %util
dm-0             0.00      0.00     0.00   0.00    0.00     0.00  206.00  13184.00     0.00   0.00    0.06    64.00    0.00      0.00     0.00   0.00    0.00     0.00    0.00    0.00    0.01  43.60
dm-1             0.00      0.00     0.00   0.00    0.00     0.00  771.00  15564.00     0.00   0.00    0.03    20.19    0.00      0.00     0.00   0.00    0.00     0.00    0.00    0.00    0.02  47.20
loop0            0.00      0.00     0.00   0.00    0.00     0.00    0.00      0.00     0.00   0.00    0.00     0.00    0.00      0.00     0.00   0.00    0.00     0.00    0.00    0.00    0.00   0.00
loop1            0.00      0.00     0.00   0.00    0.00     0.00    0.00      0.00     0.00   0.00    0.00     0.00    0.00      0.00     0.00   0.00    0.00     0.00    0.00    0.00    0.00   0.00
loop10           0.00      0.00     0.00   0.00    0.00     0.00 1007.00   2212.00     0.00   0.00    0.03     2.20    0.00      0.00     0.00   0.00    0.00     0.00  454.00    0.02    0.04  46.80
loop2            0.00      0.00     0.00   0.00    0.00     0.00    0.00      0.00     0.00   0.00    0.00     0.00    0.00      0.00     0.00   0.00    0.00     0.00    0.00    0.00    0.00   0.00
loop3            0.00      0.00     0.00   0.00    0.00     0.00    0.00      0.00     0.00   0.00    0.00     0.00    0.00      0.00     0.00   0.00    0.00     0.00    0.00    0.00    0.00   0.00
loop4            0.00      0.00     0.00   0.00    0.00     0.00    0.00      0.00     0.00   0.00    0.00     0.00    0.00      0.00     0.00   0.00    0.00     0.00    0.00    0.00    0.00   0.00
loop5            0.00      0.00     0.00   0.00    0.00     0.00    0.00      0.00     0.00   0.00    0.00     0.00    0.00      0.00     0.00   0.00    0.00     0.00    0.00    0.00    0.00   0.00
loop6            0.00      0.00     0.00   0.00    0.00     0.00    0.00      0.00     0.00   0.00    0.00     0.00    0.00      0.00     0.00   0.00    0.00     0.00    0.00    0.00    0.00   0.00
loop7            0.00      0.00     0.00   0.00    0.00     0.00    0.00      0.00     0.00   0.00    0.00     0.00    0.00      0.00     0.00   0.00    0.00     0.00    0.00    0.00    0.00   0.00
sda              0.00      0.00     0.00   0.00    0.00     0.00   18.00    260.00    35.00  66.04    0.06    14.44    0.00      0.00     0.00   0.00    0.00     0.00    0.00    0.00    0.00   2.40
sdb              0.00      0.00     0.00   0.00    0.00     0.00  874.00  28748.00   103.00  10.54    0.06    32.89    0.00      0.00     0.00   0.00    0.00     0.00    0.00    0.00    0.05  48.80


avg-cpu:  %user   %nice %system %iowait  %steal   %idle
           0.63    0.00    0.79    0.02    0.00   98.57

Device            r/s     rkB/s   rrqm/s  %rrqm r_await rareq-sz     w/s     wkB/s   wrqm/s  %wrqm w_await wareq-sz     d/s     dkB/s   drqm/s  %drqm d_await dareq-sz     f/s f_await  aqu-sz  %util
dm-0             0.00      0.00     0.00   0.00    0.00     0.00  212.00  13568.00     0.00   0.00    0.15    64.00    0.00      0.00     0.00   0.00    0.00     0.00    0.00    0.00    0.03  43.60
dm-1             0.00      0.00     0.00   0.00    0.00     0.00  800.00  15920.00     0.00   0.00    0.04    19.90    0.00      0.00     0.00   0.00    0.00     0.00    0.00    0.00    0.03  46.00
loop0            0.00      0.00     0.00   0.00    0.00     0.00    0.00      0.00     0.00   0.00    0.00     0.00    0.00      0.00     0.00   0.00    0.00     0.00    0.00    0.00    0.00   0.00
loop1            0.00      0.00     0.00   0.00    0.00     0.00    0.00      0.00     0.00   0.00    0.00     0.00    0.00      0.00     0.00   0.00    0.00     0.00    0.00    0.00    0.00   0.00
loop10           0.00      0.00     0.00   0.00    0.00     0.00 1055.00   2324.00     0.00   0.00    0.03     2.20    0.00      0.00     0.00   0.00    0.00     0.00  474.00    0.02    0.04  46.00
loop2            0.00      0.00     0.00   0.00    0.00     0.00    0.00      0.00     0.00   0.00    0.00     0.00    0.00      0.00     0.00   0.00    0.00     0.00    0.00    0.00    0.00   0.00
loop3            0.00      0.00     0.00   0.00    0.00     0.00    0.00      0.00     0.00   0.00    0.00     0.00    0.00      0.00     0.00   0.00    0.00     0.00    0.00    0.00    0.00   0.00
loop4            0.00      0.00     0.00   0.00    0.00     0.00    0.00      0.00     0.00   0.00    0.00     0.00    0.00      0.00     0.00   0.00    0.00     0.00    0.00    0.00    0.00   0.00
loop5            0.00      0.00     0.00   0.00    0.00     0.00    0.00      0.00     0.00   0.00    0.00     0.00    0.00      0.00     0.00   0.00    0.00     0.00    0.00    0.00    0.00   0.00
loop6            0.00      0.00     0.00   0.00    0.00     0.00    0.00      0.00     0.00   0.00    0.00     0.00    0.00      0.00     0.00   0.00    0.00     0.00    0.00    0.00    0.00   0.00
loop7            0.00      0.00     0.00   0.00    0.00     0.00    0.00      0.00     0.00   0.00    0.00     0.00    0.00      0.00     0.00   0.00    0.00     0.00    0.00    0.00    0.00   0.00
sda              0.00      0.00     0.00   0.00    0.00     0.00   26.00    216.00    25.00  49.02    1.00     8.31    0.00      0.00     0.00   0.00    0.00     0.00    0.00    0.00    0.03   2.00
sdb              0.00      0.00     0.00   0.00    0.00     0.00  898.00  29424.00   113.00  11.18    0.06    32.77    0.00      0.00     0.00   0.00    0.00     0.00    0.00    0.00    0.06  47.60


avg-cpu:  %user   %nice %system %iowait  %steal   %idle
           0.63    0.00    0.76    0.03    0.00   98.58

Device            r/s     rkB/s   rrqm/s  %rrqm r_await rareq-sz     w/s     wkB/s   wrqm/s  %wrqm w_await wareq-sz     d/s     dkB/s   drqm/s  %drqm d_await dareq-sz     f/s f_await  aqu-sz  %util
dm-0             0.00      0.00     0.00   0.00    0.00     0.00  208.00  13312.00     0.00   0.00    0.02    64.00    0.00      0.00     0.00   0.00    0.00     0.00    0.00    0.00    0.00  45.60
dm-1             0.00      0.00     0.00   0.00    0.00     0.00  764.00  15536.00     0.00   0.00    0.07    20.34    0.00      0.00     0.00   0.00    0.00     0.00    0.00    0.00    0.05  47.20
loop0            0.00      0.00     0.00   0.00    0.00     0.00    0.00      0.00     0.00   0.00    0.00     0.00    0.00      0.00     0.00   0.00    0.00     0.00    0.00    0.00    0.00   0.00
loop1            0.00      0.00     0.00   0.00    0.00     0.00    0.00      0.00     0.00   0.00    0.00     0.00    0.00      0.00     0.00   0.00    0.00     0.00    0.00    0.00    0.00   0.00
loop10           0.00      0.00     0.00   0.00    0.00     0.00 1002.00   2204.00     0.00   0.00    0.03     2.20    0.00      0.00     0.00   0.00    0.00     0.00  452.00    0.02    0.04  47.60
loop2            0.00      0.00     0.00   0.00    0.00     0.00    0.00      0.00     0.00   0.00    0.00     0.00    0.00      0.00     0.00   0.00    0.00     0.00    0.00    0.00    0.00   0.00
loop3            0.00      0.00     0.00   0.00    0.00     0.00    0.00      0.00     0.00   0.00    0.00     0.00    0.00      0.00     0.00   0.00    0.00     0.00    0.00    0.00    0.00   0.00
loop4            0.00      0.00     0.00   0.00    0.00     0.00    0.00      0.00     0.00   0.00    0.00     0.00    0.00      0.00     0.00   0.00    0.00     0.00    0.00    0.00    0.00   0.00
loop5            0.00      0.00     0.00   0.00    0.00     0.00    0.00      0.00     0.00   0.00    0.00     0.00    0.00      0.00     0.00   0.00    0.00     0.00    0.00    0.00    0.00   0.00
loop6            0.00      0.00     0.00   0.00    0.00     0.00    0.00      0.00     0.00   0.00    0.00     0.00    0.00      0.00     0.00   0.00    0.00     0.00    0.00    0.00    0.00   0.00
loop7            0.00      0.00     0.00   0.00    0.00     0.00    0.00      0.00     0.00   0.00    0.00     0.00    0.00      0.00     0.00   0.00    0.00     0.00    0.00    0.00    0.00   0.00
sda              0.00      0.00     0.00   0.00    0.00     0.00  181.00   1060.00    31.00  14.62    1.36     5.86    0.00      0.00     0.00   0.00    0.00     0.00    0.00    0.00    0.25   2.40
sdb              0.00      0.00     0.00   0.00    0.00     0.00  871.00  28912.00   102.00  10.48    0.06    33.19    0.00      0.00     0.00   0.00    0.00     0.00    0.00    0.00    0.05  48.40


avg-cpu:  %user   %nice %system %iowait  %steal   %idle
           0.60    0.00    0.82    0.02    0.00   98.57

Device            r/s     rkB/s   rrqm/s  %rrqm r_await rareq-sz     w/s     wkB/s   wrqm/s  %wrqm w_await wareq-sz     d/s     dkB/s   drqm/s  %drqm d_await dareq-sz     f/s f_await  aqu-sz  %util
dm-0             0.00      0.00     0.00   0.00    0.00     0.00  202.00  12928.00     0.00   0.00    0.10    64.00    0.00      0.00     0.00   0.00    0.00     0.00    0.00    0.00    0.02  44.40
dm-1             0.00      0.00     0.00   0.00    0.00     0.00  746.00  15108.00     0.00   0.00    0.05    20.25    0.00      0.00     0.00   0.00    0.00     0.00    0.00    0.00    0.04  46.80
loop0            0.00      0.00     0.00   0.00    0.00     0.00    0.00      0.00     0.00   0.00    0.00     0.00    0.00      0.00     0.00   0.00    0.00     0.00    0.00    0.00    0.00   0.00
loop1            0.00      0.00     0.00   0.00    0.00     0.00    0.00      0.00     0.00   0.00    0.00     0.00    0.00      0.00     0.00   0.00    0.00     0.00    0.00    0.00    0.00   0.00
loop10           0.00      0.00     0.00   0.00    0.00     0.00 1013.00   4264.00     0.00   0.00    0.04     4.21    0.00      0.00     0.00   0.00    0.00     0.00  455.00    0.02    0.05  47.60
loop2            0.00      0.00     0.00   0.00    0.00     0.00    0.00      0.00     0.00   0.00    0.00     0.00    0.00      0.00     0.00   0.00    0.00     0.00    0.00    0.00    0.00   0.00
loop3            0.00      0.00     0.00   0.00    0.00     0.00    0.00      0.00     0.00   0.00    0.00     0.00    0.00      0.00     0.00   0.00    0.00     0.00    0.00    0.00    0.00   0.00
loop4            0.00      0.00     0.00   0.00    0.00     0.00    0.00      0.00     0.00   0.00    0.00     0.00    0.00      0.00     0.00   0.00    0.00     0.00    0.00    0.00    0.00   0.00
loop5            0.00      0.00     0.00   0.00    0.00     0.00    0.00      0.00     0.00   0.00    0.00     0.00    0.00      0.00     0.00   0.00    0.00     0.00    0.00    0.00    0.00   0.00
loop6            0.00      0.00     0.00   0.00    0.00     0.00    0.00      0.00     0.00   0.00    0.00     0.00    0.00      0.00     0.00   0.00    0.00     0.00    0.00    0.00    0.00   0.00
loop7            0.00      0.00     0.00   0.00    0.00     0.00    0.00      0.00     0.00   0.00    0.00     0.00    0.00      0.00     0.00   0.00    0.00     0.00    0.00    0.00    0.00   0.00
sda              0.00      0.00     0.00   0.00    0.00     0.00    0.00      0.00     0.00   0.00    0.00     0.00    0.00      0.00     0.00   0.00    0.00     0.00    0.00    0.00    0.00   0.00
sdb              0.00      0.00     0.00   0.00    0.00     0.00  844.00  28036.00   104.00  10.97    0.06    33.22    0.00      0.00     0.00   0.00    0.00     0.00    0.00    0.00    0.05  48.40


avg-cpu:  %user   %nice %system %iowait  %steal   %idle
           0.54    0.00    0.65    0.02    0.00   98.80

Device            r/s     rkB/s   rrqm/s  %rrqm r_await rareq-sz     w/s     wkB/s   wrqm/s  %wrqm w_await wareq-sz     d/s     dkB/s   drqm/s  %drqm d_await dareq-sz     f/s f_await  aqu-sz  %util
dm-0             0.00      0.00     0.00   0.00    0.00     0.00  203.00  12992.00     0.00   0.00    0.06    64.00    0.00      0.00     0.00   0.00    0.00     0.00    0.00    0.00    0.01  44.00
dm-1             0.00      0.00     0.00   0.00    0.00     0.00  740.00  15140.00     0.00   0.00    0.05    20.46    0.00      0.00     0.00   0.00    0.00     0.00    0.00    0.00    0.04  47.20
loop0            0.00      0.00     0.00   0.00    0.00     0.00    0.00      0.00     0.00   0.00    0.00     0.00    0.00      0.00     0.00   0.00    0.00     0.00    0.00    0.00    0.00   0.00
loop1            0.00      0.00     0.00   0.00    0.00     0.00    0.00      0.00     0.00   0.00    0.00     0.00    0.00      0.00     0.00   0.00    0.00     0.00    0.00    0.00    0.00   0.00
loop10           0.00      0.00     0.00   0.00    0.00     0.00  959.00   2100.00     0.00   0.00    0.03     2.19    0.00      0.00     0.00   0.00    0.00     0.00  434.00    0.02    0.04  44.00
loop2            0.00      0.00     0.00   0.00    0.00     0.00    0.00      0.00     0.00   0.00    0.00     0.00    0.00      0.00     0.00   0.00    0.00     0.00    0.00    0.00    0.00   0.00
loop3            0.00      0.00     0.00   0.00    0.00     0.00    0.00      0.00     0.00   0.00    0.00     0.00    0.00      0.00     0.00   0.00    0.00     0.00    0.00    0.00    0.00   0.00
loop4            0.00      0.00     0.00   0.00    0.00     0.00    0.00      0.00     0.00   0.00    0.00     0.00    0.00      0.00     0.00   0.00    0.00     0.00    0.00    0.00    0.00   0.00
loop5            0.00      0.00     0.00   0.00    0.00     0.00    0.00      0.00     0.00   0.00    0.00     0.00    0.00      0.00     0.00   0.00    0.00     0.00    0.00    0.00    0.00   0.00
loop6            0.00      0.00     0.00   0.00    0.00     0.00    0.00      0.00     0.00   0.00    0.00     0.00    0.00      0.00     0.00   0.00    0.00     0.00    0.00    0.00    0.00   0.00
loop7            0.00      0.00     0.00   0.00    0.00     0.00    0.00      0.00     0.00   0.00    0.00     0.00    0.00      0.00     0.00   0.00    0.00     0.00    0.00    0.00    0.00   0.00
sda              0.00      0.00     0.00   0.00    0.00     0.00   14.00    168.00    28.00  66.67    0.07    12.00    0.00      0.00     0.00   0.00    0.00     0.00    0.00    0.00    0.00   1.20
sdb              0.00      0.00     0.00   0.00    0.00     0.00  848.00  28132.00    95.00  10.07    0.06    33.17    0.00      0.00     0.00   0.00    0.00     0.00    0.00    0.00    0.05  47.60


avg-cpu:  %user   %nice %system %iowait  %steal   %idle
           0.66    0.00    0.76    0.03    0.00   98.55

Device            r/s     rkB/s   rrqm/s  %rrqm r_await rareq-sz     w/s     wkB/s   wrqm/s  %wrqm w_await wareq-sz     d/s     dkB/s   drqm/s  %drqm d_await dareq-sz     f/s f_await  aqu-sz  %util
dm-0             0.00      0.00     0.00   0.00    0.00     0.00  211.00  13504.00     0.00   0.00    0.04    64.00    0.00      0.00     0.00   0.00    0.00     0.00    0.00    0.00    0.01  45.20
dm-1             0.00      0.00     0.00   0.00    0.00     0.00  789.00  15816.00     0.00   0.00    0.06    20.05    0.00      0.00     0.00   0.00    0.00     0.00    0.00    0.00    0.05  47.20
loop0            0.00      0.00     0.00   0.00    0.00     0.00    0.00      0.00     0.00   0.00    0.00     0.00    0.00      0.00     0.00   0.00    0.00     0.00    0.00    0.00    0.00   0.00
loop1            0.00      0.00     0.00   0.00    0.00     0.00    0.00      0.00     0.00   0.00    0.00     0.00    0.00      0.00     0.00   0.00    0.00     0.00    0.00    0.00    0.00   0.00
loop10           0.00      0.00     0.00   0.00    0.00     0.00 1052.00   2296.00     0.00   0.00    0.03     2.18    0.00      0.00     0.00   0.00    0.00     0.00  478.00    0.02    0.04  47.60
loop2            0.00      0.00     0.00   0.00    0.00     0.00    0.00      0.00     0.00   0.00    0.00     0.00    0.00      0.00     0.00   0.00    0.00     0.00    0.00    0.00    0.00   0.00
loop3            0.00      0.00     0.00   0.00    0.00     0.00    0.00      0.00     0.00   0.00    0.00     0.00    0.00      0.00     0.00   0.00    0.00     0.00    0.00    0.00    0.00   0.00
loop4            0.00      0.00     0.00   0.00    0.00     0.00    0.00      0.00     0.00   0.00    0.00     0.00    0.00      0.00     0.00   0.00    0.00     0.00    0.00    0.00    0.00   0.00
loop5            0.00      0.00     0.00   0.00    0.00     0.00    0.00      0.00     0.00   0.00    0.00     0.00    0.00      0.00     0.00   0.00    0.00     0.00    0.00    0.00    0.00   0.00
loop6            0.00      0.00     0.00   0.00    0.00     0.00    0.00      0.00     0.00   0.00    0.00     0.00    0.00      0.00     0.00   0.00    0.00     0.00    0.00    0.00    0.00   0.00
loop7            0.00      0.00     0.00   0.00    0.00     0.00    0.00      0.00     0.00   0.00    0.00     0.00    0.00      0.00     0.00   0.00    0.00     0.00    0.00    0.00    0.00   0.00
sda              0.00      0.00     0.00   0.00    0.00     0.00   17.00    200.00    25.00  59.52    0.06    11.76    0.00      0.00     0.00   0.00    0.00     0.00    0.00    0.00    0.00   2.40
sdb              0.00      0.00     0.00   0.00    0.00     0.00  898.00  29320.00   102.00  10.20    0.06    32.65    0.00      0.00     0.00   0.00    0.00     0.00    0.00    0.00    0.06  50.00


avg-cpu:  %user   %nice %system %iowait  %steal   %idle
           0.75    0.00    0.82    0.02    0.00   98.41

Device            r/s     rkB/s   rrqm/s  %rrqm r_await rareq-sz     w/s     wkB/s   wrqm/s  %wrqm w_await wareq-sz     d/s     dkB/s   drqm/s  %drqm d_await dareq-sz     f/s f_await  aqu-sz  %util
dm-0             0.00      0.00     0.00   0.00    0.00     0.00  200.00  12800.00     0.00   0.00    0.10    64.00    0.00      0.00     0.00   0.00    0.00     0.00    0.00    0.00    0.02  43.20
dm-1             0.00      0.00     0.00   0.00    0.00     0.00  725.00  14900.00     0.00   0.00    0.04    20.55    0.00      0.00     0.00   0.00    0.00     0.00    0.00    0.00    0.03  46.40
loop0            0.00      0.00     0.00   0.00    0.00     0.00    0.00      0.00     0.00   0.00    0.00     0.00    0.00      0.00     0.00   0.00    0.00     0.00    0.00    0.00    0.00   0.00
loop1            0.00      0.00     0.00   0.00    0.00     0.00    0.00      0.00     0.00   0.00    0.00     0.00    0.00      0.00     0.00   0.00    0.00     0.00    0.00    0.00    0.00   0.00
loop10           0.00      0.00     0.00   0.00    0.00     0.00  951.00   2088.00     0.00   0.00    0.03     2.20    0.00      0.00     0.00   0.00    0.00     0.00  430.00    0.02    0.03  46.00
loop2            0.00      0.00     0.00   0.00    0.00     0.00    0.00      0.00     0.00   0.00    0.00     0.00    0.00      0.00     0.00   0.00    0.00     0.00    0.00    0.00    0.00   0.00
loop3            0.00      0.00     0.00   0.00    0.00     0.00    0.00      0.00     0.00   0.00    0.00     0.00    0.00      0.00     0.00   0.00    0.00     0.00    0.00    0.00    0.00   0.00
loop4            0.00      0.00     0.00   0.00    0.00     0.00    0.00      0.00     0.00   0.00    0.00     0.00    0.00      0.00     0.00   0.00    0.00     0.00    0.00    0.00    0.00   0.00
loop5            0.00      0.00     0.00   0.00    0.00     0.00    0.00      0.00     0.00   0.00    0.00     0.00    0.00      0.00     0.00   0.00    0.00     0.00    0.00    0.00    0.00   0.00
loop6            0.00      0.00     0.00   0.00    0.00     0.00    0.00      0.00     0.00   0.00    0.00     0.00    0.00      0.00     0.00   0.00    0.00     0.00    0.00    0.00    0.00   0.00
loop7            0.00      0.00     0.00   0.00    0.00     0.00    0.00      0.00     0.00   0.00    0.00     0.00    0.00      0.00     0.00   0.00    0.00     0.00    0.00    0.00    0.00   0.00
sda              0.00      0.00     0.00   0.00    0.00     0.00   12.00    172.00    28.00  70.00    0.08    14.33    0.00      0.00     0.00   0.00    0.00     0.00    0.00    0.00    0.00   1.20
sdb              0.00      0.00     0.00   0.00    0.00     0.00  829.00  27700.00    96.00  10.38    0.06    33.41    0.00      0.00     0.00   0.00    0.00     0.00    0.00    0.00    0.05  46.80


avg-cpu:  %user   %nice %system %iowait  %steal   %idle
           0.63    0.00    0.76    0.03    0.00   98.58

Device            r/s     rkB/s   rrqm/s  %rrqm r_await rareq-sz     w/s     wkB/s   wrqm/s  %wrqm w_await wareq-sz     d/s     dkB/s   drqm/s  %drqm d_await dareq-sz     f/s f_await  aqu-sz  %util
dm-0             0.00      0.00     0.00   0.00    0.00     0.00  210.00  13440.00     0.00   0.00    0.10    64.00    0.00      0.00     0.00   0.00    0.00     0.00    0.00    0.00    0.02  43.60
dm-1             0.00      0.00     0.00   0.00    0.00     0.00  804.00  15816.00     0.00   0.00    0.03    19.67    0.00      0.00     0.00   0.00    0.00     0.00    0.00    0.00    0.03  48.00
loop0            0.00      0.00     0.00   0.00    0.00     0.00    0.00      0.00     0.00   0.00    0.00     0.00    0.00      0.00     0.00   0.00    0.00     0.00    0.00    0.00    0.00   0.00
loop1            0.00      0.00     0.00   0.00    0.00     0.00    0.00      0.00     0.00   0.00    0.00     0.00    0.00      0.00     0.00   0.00    0.00     0.00    0.00    0.00    0.00   0.00
loop10           0.00      0.00     0.00   0.00    0.00     0.00 1077.00   2356.00     0.00   0.00    0.03     2.19    0.00      0.00     0.00   0.00    0.00     0.00  488.00    0.02    0.04  47.60
loop2            0.00      0.00     0.00   0.00    0.00     0.00    0.00      0.00     0.00   0.00    0.00     0.00    0.00      0.00     0.00   0.00    0.00     0.00    0.00    0.00    0.00   0.00
loop3            0.00      0.00     0.00   0.00    0.00     0.00    0.00      0.00     0.00   0.00    0.00     0.00    0.00      0.00     0.00   0.00    0.00     0.00    0.00    0.00    0.00   0.00
loop4            0.00      0.00     0.00   0.00    0.00     0.00    0.00      0.00     0.00   0.00    0.00     0.00    0.00      0.00     0.00   0.00    0.00     0.00    0.00    0.00    0.00   0.00
loop5            0.00      0.00     0.00   0.00    0.00     0.00    0.00      0.00     0.00   0.00    0.00     0.00    0.00      0.00     0.00   0.00    0.00     0.00    0.00    0.00    0.00   0.00
loop6            0.00      0.00     0.00   0.00    0.00     0.00    0.00      0.00     0.00   0.00    0.00     0.00    0.00      0.00     0.00   0.00    0.00     0.00    0.00    0.00    0.00   0.00
loop7            0.00      0.00     0.00   0.00    0.00     0.00    0.00      0.00     0.00   0.00    0.00     0.00    0.00      0.00     0.00   0.00    0.00     0.00    0.00    0.00    0.00   0.00
sda              0.00      0.00     0.00   0.00    0.00     0.00   17.00    228.00    29.00  63.04    0.06    13.41    0.00      0.00     0.00   0.00    0.00     0.00    0.00    0.00    0.00   2.00
sdb              0.00      0.00     0.00   0.00    0.00     0.00  907.00  29256.00   107.00  10.55    0.06    32.26    0.00      0.00     0.00   0.00    0.00     0.00    0.00    0.00    0.06  49.20


avg-cpu:  %user   %nice %system %iowait  %steal   %idle
           0.61    0.00    0.60    0.02    0.00   98.77

Device            r/s     rkB/s   rrqm/s  %rrqm r_await rareq-sz     w/s     wkB/s   wrqm/s  %wrqm w_await wareq-sz     d/s     dkB/s   drqm/s  %drqm d_await dareq-sz     f/s f_await  aqu-sz  %util
dm-0             0.00      0.00     0.00   0.00    0.00     0.00  221.00  14144.00     0.00   0.00    0.02    64.00    0.00      0.00     0.00   0.00    0.00     0.00    0.00    0.00    0.00  48.80
dm-1             0.00      0.00     0.00   0.00    0.00     0.00  798.00  16456.00     0.00   0.00    0.05    20.62    0.00      0.00     0.00   0.00    0.00     0.00    0.00    0.00    0.04  52.40
loop0            0.00      0.00     0.00   0.00    0.00     0.00    0.00      0.00     0.00   0.00    0.00     0.00    0.00      0.00     0.00   0.00    0.00     0.00    0.00    0.00    0.00   0.00
loop1            0.00      0.00     0.00   0.00    0.00     0.00    0.00      0.00     0.00   0.00    0.00     0.00    0.00      0.00     0.00   0.00    0.00     0.00    0.00    0.00    0.00   0.00
loop10           0.00      0.00     0.00   0.00    0.00     0.00 1077.00   2364.00     0.00   0.00    0.03     2.19    0.00      0.00     0.00   0.00    0.00     0.00  486.00    0.02    0.04  51.60
loop2            0.00      0.00     0.00   0.00    0.00     0.00    0.00      0.00     0.00   0.00    0.00     0.00    0.00      0.00     0.00   0.00    0.00     0.00    0.00    0.00    0.00   0.00
loop3            0.00      0.00     0.00   0.00    0.00     0.00    0.00      0.00     0.00   0.00    0.00     0.00    0.00      0.00     0.00   0.00    0.00     0.00    0.00    0.00    0.00   0.00
loop4            0.00      0.00     0.00   0.00    0.00     0.00    0.00      0.00     0.00   0.00    0.00     0.00    0.00      0.00     0.00   0.00    0.00     0.00    0.00    0.00    0.00   0.00
loop5            0.00      0.00     0.00   0.00    0.00     0.00    0.00      0.00     0.00   0.00    0.00     0.00    0.00      0.00     0.00   0.00    0.00     0.00    0.00    0.00    0.00   0.00
loop6            0.00      0.00     0.00   0.00    0.00     0.00    0.00      0.00     0.00   0.00    0.00     0.00    0.00      0.00     0.00   0.00    0.00     0.00    0.00    0.00    0.00   0.00
loop7            0.00      0.00     0.00   0.00    0.00     0.00    0.00      0.00     0.00   0.00    0.00     0.00    0.00      0.00     0.00   0.00    0.00     0.00    0.00    0.00    0.00   0.00
sda              0.00      0.00     0.00   0.00    0.00     0.00  183.00   1052.00    11.00   5.67    0.88     5.75    0.00      0.00     0.00   0.00    0.00     0.00    0.00    0.00    0.16   1.60
sdb              0.00      0.00     0.00   0.00    0.00     0.00  910.00  30600.00   109.00  10.70    0.06    33.63    0.00      0.00     0.00   0.00    0.00     0.00    0.00    0.00    0.06  54.00


avg-cpu:  %user   %nice %system %iowait  %steal   %idle
           0.72    0.00    0.80    0.03    0.00   98.44

Device            r/s     rkB/s   rrqm/s  %rrqm r_await rareq-sz     w/s     wkB/s   wrqm/s  %wrqm w_await wareq-sz     d/s     dkB/s   drqm/s  %drqm d_await dareq-sz     f/s f_await  aqu-sz  %util
dm-0             0.00      0.00     0.00   0.00    0.00     0.00  212.00  13568.00     0.00   0.00    0.02    64.00    0.00      0.00     0.00   0.00    0.00     0.00    0.00    0.00    0.00  44.00
dm-1             0.00      0.00     0.00   0.00    0.00     0.00  786.00  15864.00     0.00   0.00    0.09    20.18    0.00      0.00     0.00   0.00    0.00     0.00    0.00    0.00    0.07  49.60
loop0            0.00      0.00     0.00   0.00    0.00     0.00    0.00      0.00     0.00   0.00    0.00     0.00    0.00      0.00     0.00   0.00    0.00     0.00    0.00    0.00    0.00   0.00
loop1            0.00      0.00     0.00   0.00    0.00     0.00    0.00      0.00     0.00   0.00    0.00     0.00    0.00      0.00     0.00   0.00    0.00     0.00    0.00    0.00    0.00   0.00
loop10           0.00      0.00     0.00   0.00    0.00     0.00  991.00   2188.00     0.00   0.00    0.03     2.21    0.00      0.00     0.00   0.00    0.00     0.00  444.00    0.02    0.04  46.00
loop2            0.00      0.00     0.00   0.00    0.00     0.00    0.00      0.00     0.00   0.00    0.00     0.00    0.00      0.00     0.00   0.00    0.00     0.00    0.00    0.00    0.00   0.00
loop3            0.00      0.00     0.00   0.00    0.00     0.00    0.00      0.00     0.00   0.00    0.00     0.00    0.00      0.00     0.00   0.00    0.00     0.00    0.00    0.00    0.00   0.00
loop4            0.00      0.00     0.00   0.00    0.00     0.00    0.00      0.00     0.00   0.00    0.00     0.00    0.00      0.00     0.00   0.00    0.00     0.00    0.00    0.00    0.00   0.00
loop5            0.00      0.00     0.00   0.00    0.00     0.00    0.00      0.00     0.00   0.00    0.00     0.00    0.00      0.00     0.00   0.00    0.00     0.00    0.00    0.00    0.00   0.00
loop6            0.00      0.00     0.00   0.00    0.00     0.00    0.00      0.00     0.00   0.00    0.00     0.00    0.00      0.00     0.00   0.00    0.00     0.00    0.00    0.00    0.00   0.00
loop7            0.00      0.00     0.00   0.00    0.00     0.00    0.00      0.00     0.00   0.00    0.00     0.00    0.00      0.00     0.00   0.00    0.00     0.00    0.00    0.00    0.00   0.00
sda              0.00      0.00     0.00   0.00    0.00     0.00   14.00    160.00    26.00  65.00    0.00    11.43    0.00      0.00     0.00   0.00    0.00     0.00    0.00    0.00    0.00   1.20
sdb              0.00      0.00     0.00   0.00    0.00     0.00  890.00  29432.00   108.00  10.82    0.06    33.07    0.00      0.00     0.00   0.00    0.00     0.00    0.00    0.00    0.06  50.00


avg-cpu:  %user   %nice %system %iowait  %steal   %idle
           0.61    0.00    0.88    0.02    0.00   98.49

Device            r/s     rkB/s   rrqm/s  %rrqm r_await rareq-sz     w/s     wkB/s   wrqm/s  %wrqm w_await wareq-sz     d/s     dkB/s   drqm/s  %drqm d_await dareq-sz     f/s f_await  aqu-sz  %util
dm-0             0.00      0.00     0.00   0.00    0.00     0.00  217.00  13888.00     0.00   0.00    0.13    64.00    0.00      0.00     0.00   0.00    0.00     0.00    0.00    0.00    0.03  45.20
dm-1             0.00      0.00     0.00   0.00    0.00     0.00  791.00  16184.00     0.00   0.00    0.07    20.46    0.00      0.00     0.00   0.00    0.00     0.00    0.00    0.00    0.05  49.20
loop0            0.00      0.00     0.00   0.00    0.00     0.00    0.00      0.00     0.00   0.00    0.00     0.00    0.00      0.00     0.00   0.00    0.00     0.00    0.00    0.00    0.00   0.00
loop1            0.00      0.00     0.00   0.00    0.00     0.00    0.00      0.00     0.00   0.00    0.00     0.00    0.00      0.00     0.00   0.00    0.00     0.00    0.00    0.00    0.00   0.00
loop10           0.00      0.00     0.00   0.00    0.00     0.00 1062.00   2336.00     0.00   0.00    0.03     2.20    0.00      0.00     0.00   0.00    0.00     0.00  478.00    0.02    0.04  49.60
loop2            0.00      0.00     0.00   0.00    0.00     0.00    0.00      0.00     0.00   0.00    0.00     0.00    0.00      0.00     0.00   0.00    0.00     0.00    0.00    0.00    0.00   0.00
loop3            0.00      0.00     0.00   0.00    0.00     0.00    0.00      0.00     0.00   0.00    0.00     0.00    0.00      0.00     0.00   0.00    0.00     0.00    0.00    0.00    0.00   0.00
loop4            0.00      0.00     0.00   0.00    0.00     0.00    0.00      0.00     0.00   0.00    0.00     0.00    0.00      0.00     0.00   0.00    0.00     0.00    0.00    0.00    0.00   0.00
loop5            0.00      0.00     0.00   0.00    0.00     0.00    0.00      0.00     0.00   0.00    0.00     0.00    0.00      0.00     0.00   0.00    0.00     0.00    0.00    0.00    0.00   0.00
loop6            0.00      0.00     0.00   0.00    0.00     0.00    0.00      0.00     0.00   0.00    0.00     0.00    0.00      0.00     0.00   0.00    0.00     0.00    0.00    0.00    0.00   0.00
loop7            0.00      0.00     0.00   0.00    0.00     0.00    0.00      0.00     0.00   0.00    0.00     0.00    0.00      0.00     0.00   0.00    0.00     0.00    0.00    0.00    0.00   0.00
sda              0.00      0.00     0.00   0.00    0.00     0.00   17.00    216.00    29.00  63.04    0.12    12.71    0.00      0.00     0.00   0.00    0.00     0.00    0.00    0.00    0.00   1.60
sdb              0.00      0.00     0.00   0.00    0.00     0.00  897.00  30072.00   111.00  11.01    0.06    33.53    0.00      0.00     0.00   0.00    0.00     0.00    0.00    0.00    0.06  50.00


avg-cpu:  %user   %nice %system %iowait  %steal   %idle
           0.58    0.00    0.66    0.03    0.00   98.73

Device            r/s     rkB/s   rrqm/s  %rrqm r_await rareq-sz     w/s     wkB/s   wrqm/s  %wrqm w_await wareq-sz     d/s     dkB/s   drqm/s  %drqm d_await dareq-sz     f/s f_await  aqu-sz  %util
dm-0             0.00      0.00     0.00   0.00    0.00     0.00  194.00  12416.00     0.00   0.00    0.04    64.00    0.00      0.00     0.00   0.00    0.00     0.00    0.00    0.00    0.01  39.20
dm-1             0.00      0.00     0.00   0.00    0.00     0.00  735.00  14580.00     0.00   0.00    0.05    19.84    0.00      0.00     0.00   0.00    0.00     0.00    0.00    0.00    0.04  43.60
loop0            0.00      0.00     0.00   0.00    0.00     0.00    0.00      0.00     0.00   0.00    0.00     0.00    0.00      0.00     0.00   0.00    0.00     0.00    0.00    0.00    0.00   0.00
loop1            0.00      0.00     0.00   0.00    0.00     0.00    0.00      0.00     0.00   0.00    0.00     0.00    0.00      0.00     0.00   0.00    0.00     0.00    0.00    0.00    0.00   0.00
loop10           0.00      0.00     0.00   0.00    0.00     0.00  999.00   2188.00     0.00   0.00    0.03     2.19    0.00      0.00     0.00   0.00    0.00     0.00  452.00    0.02    0.04  42.00
loop2            0.00      0.00     0.00   0.00    0.00     0.00    0.00      0.00     0.00   0.00    0.00     0.00    0.00      0.00     0.00   0.00    0.00     0.00    0.00    0.00    0.00   0.00
loop3            0.00      0.00     0.00   0.00    0.00     0.00    0.00      0.00     0.00   0.00    0.00     0.00    0.00      0.00     0.00   0.00    0.00     0.00    0.00    0.00    0.00   0.00
loop4            0.00      0.00     0.00   0.00    0.00     0.00    0.00      0.00     0.00   0.00    0.00     0.00    0.00      0.00     0.00   0.00    0.00     0.00    0.00    0.00    0.00   0.00
loop5            0.00      0.00     0.00   0.00    0.00     0.00    0.00      0.00     0.00   0.00    0.00     0.00    0.00      0.00     0.00   0.00    0.00     0.00    0.00    0.00    0.00   0.00
loop6            0.00      0.00     0.00   0.00    0.00     0.00    0.00      0.00     0.00   0.00    0.00     0.00    0.00      0.00     0.00   0.00    0.00     0.00    0.00    0.00    0.00   0.00
loop7            0.00      0.00     0.00   0.00    0.00     0.00    0.00      0.00     0.00   0.00    0.00     0.00    0.00      0.00     0.00   0.00    0.00     0.00    0.00    0.00    0.00   0.00
sda              0.00      0.00     0.00   0.00    0.00     0.00   11.00    140.00    24.00  68.57    0.00    12.73    0.00      0.00     0.00   0.00    0.00     0.00    0.00    0.00    0.00   0.80
sdb              0.00      0.00     0.00   0.00    0.00     0.00  830.00  26996.00    99.00  10.66    0.06    32.53    0.00      0.00     0.00   0.00    0.00     0.00    0.00    0.00    0.05  44.80


avg-cpu:  %user   %nice %system %iowait  %steal   %idle
           0.61    0.00    0.69    0.02    0.00   98.68

Device            r/s     rkB/s   rrqm/s  %rrqm r_await rareq-sz     w/s     wkB/s   wrqm/s  %wrqm w_await wareq-sz     d/s     dkB/s   drqm/s  %drqm d_await dareq-sz     f/s f_await  aqu-sz  %util
dm-0             0.00      0.00     0.00   0.00    0.00     0.00  214.00  13696.00     0.00   0.00    0.07    64.00    0.00      0.00     0.00   0.00    0.00     0.00    0.00    0.00    0.02  44.80
dm-1             0.00      0.00     0.00   0.00    0.00     0.00  814.00  16160.00     0.00   0.00    0.04    19.85    0.00      0.00     0.00   0.00    0.00     0.00    0.00    0.00    0.04  49.20
loop0            0.00      0.00     0.00   0.00    0.00     0.00    0.00      0.00     0.00   0.00    0.00     0.00    0.00      0.00     0.00   0.00    0.00     0.00    0.00    0.00    0.00   0.00
loop1            0.00      0.00     0.00   0.00    0.00     0.00    0.00      0.00     0.00   0.00    0.00     0.00    0.00      0.00     0.00   0.00    0.00     0.00    0.00    0.00    0.00   0.00
loop10           0.00      0.00     0.00   0.00    0.00     0.00 1050.00   2316.00     0.00   0.00    0.03     2.21    0.00      0.00     0.00   0.00    0.00     0.00  472.00    0.02    0.04  48.40
loop2            0.00      0.00     0.00   0.00    0.00     0.00    0.00      0.00     0.00   0.00    0.00     0.00    0.00      0.00     0.00   0.00    0.00     0.00    0.00    0.00    0.00   0.00
loop3            0.00      0.00     0.00   0.00    0.00     0.00    0.00      0.00     0.00   0.00    0.00     0.00    0.00      0.00     0.00   0.00    0.00     0.00    0.00    0.00    0.00   0.00
loop4            0.00      0.00     0.00   0.00    0.00     0.00    0.00      0.00     0.00   0.00    0.00     0.00    0.00      0.00     0.00   0.00    0.00     0.00    0.00    0.00    0.00   0.00
loop5            0.00      0.00     0.00   0.00    0.00     0.00    0.00      0.00     0.00   0.00    0.00     0.00    0.00      0.00     0.00   0.00    0.00     0.00    0.00    0.00    0.00   0.00
loop6            0.00      0.00     0.00   0.00    0.00     0.00    0.00      0.00     0.00   0.00    0.00     0.00    0.00      0.00     0.00   0.00    0.00     0.00    0.00    0.00    0.00   0.00
loop7            0.00      0.00     0.00   0.00    0.00     0.00    0.00      0.00     0.00   0.00    0.00     0.00    0.00      0.00     0.00   0.00    0.00     0.00    0.00    0.00    0.00   0.00
sda              0.00      0.00     0.00   0.00    0.00     0.00   18.00    264.00    34.00  65.38    0.17    14.67    0.00      0.00     0.00   0.00    0.00     0.00    0.00    0.00    0.00   2.00
sdb              0.00      0.00     0.00   0.00    0.00     0.00  917.00  29856.00   111.00  10.80    0.06    32.56    0.00      0.00     0.00   0.00    0.00     0.00    0.00    0.00    0.06  50.00


avg-cpu:  %user   %nice %system %iowait  %steal   %idle
           0.66    0.00    0.68    0.03    0.00   98.63

Device            r/s     rkB/s   rrqm/s  %rrqm r_await rareq-sz     w/s     wkB/s   wrqm/s  %wrqm w_await wareq-sz     d/s     dkB/s   drqm/s  %drqm d_await dareq-sz     f/s f_await  aqu-sz  %util
dm-0             0.00      0.00     0.00   0.00    0.00     0.00  202.00  12928.00     0.00   0.00    0.08    64.00    0.00      0.00     0.00   0.00    0.00     0.00    0.00    0.00    0.02  43.60
dm-1             0.00      0.00     0.00   0.00    0.00     0.00  748.00  15052.00     0.00   0.00    0.07    20.12    0.00      0.00     0.00   0.00    0.00     0.00    0.00    0.00    0.06  47.20
loop0            0.00      0.00     0.00   0.00    0.00     0.00    0.00      0.00     0.00   0.00    0.00     0.00    0.00      0.00     0.00   0.00    0.00     0.00    0.00    0.00    0.00   0.00
loop1            0.00      0.00     0.00   0.00    0.00     0.00    0.00      0.00     0.00   0.00    0.00     0.00    0.00      0.00     0.00   0.00    0.00     0.00    0.00    0.00    0.00   0.00
loop10           0.00      0.00     0.00   0.00    0.00     0.00 1017.00   2228.00     0.00   0.00    0.03     2.19    0.00      0.00     0.00   0.00    0.00     0.00  460.00    0.02    0.04  46.80
loop2            0.00      0.00     0.00   0.00    0.00     0.00    0.00      0.00     0.00   0.00    0.00     0.00    0.00      0.00     0.00   0.00    0.00     0.00    0.00    0.00    0.00   0.00
loop3            0.00      0.00     0.00   0.00    0.00     0.00    0.00      0.00     0.00   0.00    0.00     0.00    0.00      0.00     0.00   0.00    0.00     0.00    0.00    0.00    0.00   0.00
loop4            0.00      0.00     0.00   0.00    0.00     0.00    0.00      0.00     0.00   0.00    0.00     0.00    0.00      0.00     0.00   0.00    0.00     0.00    0.00    0.00    0.00   0.00
loop5            0.00      0.00     0.00   0.00    0.00     0.00    0.00      0.00     0.00   0.00    0.00     0.00    0.00      0.00     0.00   0.00    0.00     0.00    0.00    0.00    0.00   0.00
loop6            0.00      0.00     0.00   0.00    0.00     0.00    0.00      0.00     0.00   0.00    0.00     0.00    0.00      0.00     0.00   0.00    0.00     0.00    0.00    0.00    0.00   0.00
loop7            0.00      0.00     0.00   0.00    0.00     0.00    0.00      0.00     0.00   0.00    0.00     0.00    0.00      0.00     0.00   0.00    0.00     0.00    0.00    0.00    0.00   0.00
sda              0.00      0.00     0.00   0.00    0.00     0.00  180.00    964.00    25.00  12.20    0.98     5.36    0.00      0.00     0.00   0.00    0.00     0.00    0.00    0.00    0.18   2.00
sdb              0.00      0.00     0.00   0.00    0.00     0.00  849.00  27980.00   101.00  10.63    0.06    32.96    0.00      0.00     0.00   0.00    0.00     0.00    0.00    0.00    0.05  47.60


avg-cpu:  %user   %nice %system %iowait  %steal   %idle
           0.66    0.00    0.79    0.03    0.00   98.52

Device            r/s     rkB/s   rrqm/s  %rrqm r_await rareq-sz     w/s     wkB/s   wrqm/s  %wrqm w_await wareq-sz     d/s     dkB/s   drqm/s  %drqm d_await dareq-sz     f/s f_await  aqu-sz  %util
dm-0             0.00      0.00     0.00   0.00    0.00     0.00  211.00  13504.00     0.00   0.00    0.08    64.00    0.00      0.00     0.00   0.00    0.00     0.00    0.00    0.00    0.02  45.20
dm-1             0.00      0.00     0.00   0.00    0.00     0.00  780.00  15720.00     0.00   0.00    0.05    20.15    0.00      0.00     0.00   0.00    0.00     0.00    0.00    0.00    0.04  48.80
loop0            0.00      0.00     0.00   0.00    0.00     0.00    0.00      0.00     0.00   0.00    0.00     0.00    0.00      0.00     0.00   0.00    0.00     0.00    0.00    0.00    0.00   0.00
loop1            0.00      0.00     0.00   0.00    0.00     0.00    0.00      0.00     0.00   0.00    0.00     0.00    0.00      0.00     0.00   0.00    0.00     0.00    0.00    0.00    0.00   0.00
loop10           0.00      0.00     0.00   0.00    0.00     0.00 1041.00   2284.00     0.00   0.00    0.03     2.19    0.00      0.00     0.00   0.00    0.00     0.00  470.00    0.02    0.04  48.40
loop2            0.00      0.00     0.00   0.00    0.00     0.00    0.00      0.00     0.00   0.00    0.00     0.00    0.00      0.00     0.00   0.00    0.00     0.00    0.00    0.00    0.00   0.00
loop3            0.00      0.00     0.00   0.00    0.00     0.00    0.00      0.00     0.00   0.00    0.00     0.00    0.00      0.00     0.00   0.00    0.00     0.00    0.00    0.00    0.00   0.00
loop4            0.00      0.00     0.00   0.00    0.00     0.00    0.00      0.00     0.00   0.00    0.00     0.00    0.00      0.00     0.00   0.00    0.00     0.00    0.00    0.00    0.00   0.00
loop5            0.00      0.00     0.00   0.00    0.00     0.00    0.00      0.00     0.00   0.00    0.00     0.00    0.00      0.00     0.00   0.00    0.00     0.00    0.00    0.00    0.00   0.00
loop6            0.00      0.00     0.00   0.00    0.00     0.00    0.00      0.00     0.00   0.00    0.00     0.00    0.00      0.00     0.00   0.00    0.00     0.00    0.00    0.00    0.00   0.00
loop7            0.00      0.00     0.00   0.00    0.00     0.00    0.00      0.00     0.00   0.00    0.00     0.00    0.00      0.00     0.00   0.00    0.00     0.00    0.00    0.00    0.00   0.00
sda              0.00      0.00     0.00   0.00    0.00     0.00   20.00    224.00    29.00  59.18    0.05    11.20    0.00      0.00     0.00   0.00    0.00     0.00    0.00    0.00    0.00   2.00
sdb              0.00      0.00     0.00   0.00    0.00     0.00  887.00  29224.00   104.00  10.49    0.06    32.95    0.00      0.00     0.00   0.00    0.00     0.00    0.00    0.00    0.05  49.20


avg-cpu:  %user   %nice %system %iowait  %steal   %idle
           0.58    0.00    0.64    0.02    0.00   98.76

Device            r/s     rkB/s   rrqm/s  %rrqm r_await rareq-sz     w/s     wkB/s   wrqm/s  %wrqm w_await wareq-sz     d/s     dkB/s   drqm/s  %drqm d_await dareq-sz     f/s f_await  aqu-sz  %util
dm-0             0.00      0.00     0.00   0.00    0.00     0.00  188.00  12032.00     0.00   0.00    0.02    64.00    0.00      0.00     0.00   0.00    0.00     0.00    0.00    0.00    0.00  42.00
dm-1             0.00      0.00     0.00   0.00    0.00     0.00  710.00  14180.00     0.00   0.00    0.05    19.97    0.00      0.00     0.00   0.00    0.00     0.00    0.00    0.00    0.03  44.80
loop0            0.00      0.00     0.00   0.00    0.00     0.00    0.00      0.00     0.00   0.00    0.00     0.00    0.00      0.00     0.00   0.00    0.00     0.00    0.00    0.00    0.00   0.00
loop1            0.00      0.00     0.00   0.00    0.00     0.00    0.00      0.00     0.00   0.00    0.00     0.00    0.00      0.00     0.00   0.00    0.00     0.00    0.00    0.00    0.00   0.00
loop10           0.00      0.00     0.00   0.00    0.00     0.00  929.00   2044.00     0.00   0.00    0.03     2.20    0.00      0.00     0.00   0.00    0.00     0.00  418.00    0.02    0.04  45.20
loop2            0.00      0.00     0.00   0.00    0.00     0.00    0.00      0.00     0.00   0.00    0.00     0.00    0.00      0.00     0.00   0.00    0.00     0.00    0.00    0.00    0.00   0.00
loop3            0.00      0.00     0.00   0.00    0.00     0.00    0.00      0.00     0.00   0.00    0.00     0.00    0.00      0.00     0.00   0.00    0.00     0.00    0.00    0.00    0.00   0.00
loop4            0.00      0.00     0.00   0.00    0.00     0.00    0.00      0.00     0.00   0.00    0.00     0.00    0.00      0.00     0.00   0.00    0.00     0.00    0.00    0.00    0.00   0.00
loop5            0.00      0.00     0.00   0.00    0.00     0.00    0.00      0.00     0.00   0.00    0.00     0.00    0.00      0.00     0.00   0.00    0.00     0.00    0.00    0.00    0.00   0.00
loop6            0.00      0.00     0.00   0.00    0.00     0.00    0.00      0.00     0.00   0.00    0.00     0.00    0.00      0.00     0.00   0.00    0.00     0.00    0.00    0.00    0.00   0.00
loop7            0.00      0.00     0.00   0.00    0.00     0.00    0.00      0.00     0.00   0.00    0.00     0.00    0.00      0.00     0.00   0.00    0.00     0.00    0.00    0.00    0.00   0.00
sda              0.00      0.00     0.00   0.00    0.00     0.00   11.00    140.00    24.00  68.57    0.09    12.73    0.00      0.00     0.00   0.00    0.00     0.00    0.00    0.00    0.00   0.80
sdb              0.00      0.00     0.00   0.00    0.00     0.00  801.00  26212.00    97.00  10.80    0.06    32.72    0.00      0.00     0.00   0.00    0.00     0.00    0.00    0.00    0.05  45.60


avg-cpu:  %user   %nice %system %iowait  %steal   %idle
           0.63    0.00    0.86    0.02    0.00   98.49

Device            r/s     rkB/s   rrqm/s  %rrqm r_await rareq-sz     w/s     wkB/s   wrqm/s  %wrqm w_await wareq-sz     d/s     dkB/s   drqm/s  %drqm d_await dareq-sz     f/s f_await  aqu-sz  %util
dm-0             0.00      0.00     0.00   0.00    0.00     0.00  210.00  13440.00     0.00   0.00    0.08    64.00    0.00      0.00     0.00   0.00    0.00     0.00    0.00    0.00    0.02  44.00
dm-1             0.00      0.00     0.00   0.00    0.00     0.00  764.00  15656.00     0.00   0.00    0.04    20.49    0.00      0.00     0.00   0.00    0.00     0.00    0.00    0.00    0.03  48.40
loop0            0.00      0.00     0.00   0.00    0.00     0.00    0.00      0.00     0.00   0.00    0.00     0.00    0.00      0.00     0.00   0.00    0.00     0.00    0.00    0.00    0.00   0.00
loop1            0.00      0.00     0.00   0.00    0.00     0.00    0.00      0.00     0.00   0.00    0.00     0.00    0.00      0.00     0.00   0.00    0.00     0.00    0.00    0.00    0.00   0.00
loop10           0.00      0.00     0.00   0.00    0.00     0.00  997.00   2188.00     0.00   0.00    0.03     2.19    0.00      0.00     0.00   0.00    0.00     0.00  450.00    0.02    0.04  47.60
loop2            0.00      0.00     0.00   0.00    0.00     0.00    0.00      0.00     0.00   0.00    0.00     0.00    0.00      0.00     0.00   0.00    0.00     0.00    0.00    0.00    0.00   0.00
loop3            0.00      0.00     0.00   0.00    0.00     0.00    0.00      0.00     0.00   0.00    0.00     0.00    0.00      0.00     0.00   0.00    0.00     0.00    0.00    0.00    0.00   0.00
loop4            0.00      0.00     0.00   0.00    0.00     0.00    0.00      0.00     0.00   0.00    0.00     0.00    0.00      0.00     0.00   0.00    0.00     0.00    0.00    0.00    0.00   0.00
loop5            0.00      0.00     0.00   0.00    0.00     0.00    0.00      0.00     0.00   0.00    0.00     0.00    0.00      0.00     0.00   0.00    0.00     0.00    0.00    0.00    0.00   0.00
loop6            0.00      0.00     0.00   0.00    0.00     0.00    0.00      0.00     0.00   0.00    0.00     0.00    0.00      0.00     0.00   0.00    0.00     0.00    0.00    0.00    0.00   0.00
loop7            0.00      0.00     0.00   0.00    0.00     0.00    0.00      0.00     0.00   0.00    0.00     0.00    0.00      0.00     0.00   0.00    0.00     0.00    0.00    0.00    0.00   0.00
sda              0.00      0.00     0.00   0.00    0.00     0.00   17.00    224.00    31.00  64.58    0.06    13.18    0.00      0.00     0.00   0.00    0.00     0.00    0.00    0.00    0.00   2.00
sdb              0.00      0.00     0.00   0.00    0.00     0.00  872.00  29096.00   102.00  10.47    0.06    33.37    0.00      0.00     0.00   0.00    0.00     0.00    0.00    0.00    0.05  48.80


avg-cpu:  %user   %nice %system %iowait  %steal   %idle
           0.88    0.00    0.69    0.03    0.00   98.39

Device            r/s     rkB/s   rrqm/s  %rrqm r_await rareq-sz     w/s     wkB/s   wrqm/s  %wrqm w_await wareq-sz     d/s     dkB/s   drqm/s  %drqm d_await dareq-sz     f/s f_await  aqu-sz  %util
dm-0             0.00      0.00     0.00   0.00    0.00     0.00  211.00  13504.00     0.00   0.00    0.04    64.00    0.00      0.00     0.00   0.00    0.00     0.00    0.00    0.00    0.01  44.80
dm-1             0.00      0.00     0.00   0.00    0.00     0.00  790.00  15944.00     0.00   0.00    0.07    20.18    0.00      0.00     0.00   0.00    0.00     0.00    0.00    0.00    0.06  48.00
loop0            0.00      0.00     0.00   0.00    0.00     0.00    0.00      0.00     0.00   0.00    0.00     0.00    0.00      0.00     0.00   0.00    0.00     0.00    0.00    0.00    0.00   0.00
loop1            0.00      0.00     0.00   0.00    0.00     0.00    0.00      0.00     0.00   0.00    0.00     0.00    0.00      0.00     0.00   0.00    0.00     0.00    0.00    0.00    0.00   0.00
loop10           0.00      0.00     0.00   0.00    0.00     0.00 1069.00   2344.00     0.00   0.00    0.03     2.19    0.00      0.00     0.00   0.00    0.00     0.00  484.00    0.02    0.04  47.60
loop2            0.00      0.00     0.00   0.00    0.00     0.00    0.00      0.00     0.00   0.00    0.00     0.00    0.00      0.00     0.00   0.00    0.00     0.00    0.00    0.00    0.00   0.00
loop3            0.00      0.00     0.00   0.00    0.00     0.00    0.00      0.00     0.00   0.00    0.00     0.00    0.00      0.00     0.00   0.00    0.00     0.00    0.00    0.00    0.00   0.00
loop4            0.00      0.00     0.00   0.00    0.00     0.00    0.00      0.00     0.00   0.00    0.00     0.00    0.00      0.00     0.00   0.00    0.00     0.00    0.00    0.00    0.00   0.00
loop5            0.00      0.00     0.00   0.00    0.00     0.00    0.00      0.00     0.00   0.00    0.00     0.00    0.00      0.00     0.00   0.00    0.00     0.00    0.00    0.00    0.00   0.00
loop6            0.00      0.00     0.00   0.00    0.00     0.00    0.00      0.00     0.00   0.00    0.00     0.00    0.00      0.00     0.00   0.00    0.00     0.00    0.00    0.00    0.00   0.00
loop7            0.00      0.00     0.00   0.00    0.00     0.00    0.00      0.00     0.00   0.00    0.00     0.00    0.00      0.00     0.00   0.00    0.00     0.00    0.00    0.00    0.00   0.00
sda              0.00      0.00     0.00   0.00    0.00     0.00   11.00    148.00    25.00  69.44    0.09    13.45    0.00      0.00     0.00   0.00    0.00     0.00    0.00    0.00    0.00   1.20
sdb              0.00      0.00     0.00   0.00    0.00     0.00  896.00  29448.00   105.00  10.49    0.06    32.87    0.00      0.00     0.00   0.00    0.00     0.00    0.00    0.00    0.06  48.00


avg-cpu:  %user   %nice %system %iowait  %steal   %idle
           0.64    0.00    0.88    0.03    0.00   98.44

Device            r/s     rkB/s   rrqm/s  %rrqm r_await rareq-sz     w/s     wkB/s   wrqm/s  %wrqm w_await wareq-sz     d/s     dkB/s   drqm/s  %drqm d_await dareq-sz     f/s f_await  aqu-sz  %util
dm-0             0.00      0.00     0.00   0.00    0.00     0.00  210.00  13440.00     0.00   0.00    0.10    64.00    0.00      0.00     0.00   0.00    0.00     0.00    0.00    0.00    0.02  43.20
dm-1             0.00      0.00     0.00   0.00    0.00     0.00  764.00  15656.00     0.00   0.00    0.05    20.49    0.00      0.00     0.00   0.00    0.00     0.00    0.00    0.00    0.04  47.20
loop0            0.00      0.00     0.00   0.00    0.00     0.00    0.00      0.00     0.00   0.00    0.00     0.00    0.00      0.00     0.00   0.00    0.00     0.00    0.00    0.00    0.00   0.00
loop1            0.00      0.00     0.00   0.00    0.00     0.00    0.00      0.00     0.00   0.00    0.00     0.00    0.00      0.00     0.00   0.00    0.00     0.00    0.00    0.00    0.00   0.00
loop10           0.00      0.00     0.00   0.00    0.00     0.00 1001.00   4248.00     0.00   0.00    0.04     4.24    0.00      0.00     0.00   0.00    0.00     0.00  447.00    0.02    0.04  46.40
loop2            0.00      0.00     0.00   0.00    0.00     0.00    0.00      0.00     0.00   0.00    0.00     0.00    0.00      0.00     0.00   0.00    0.00     0.00    0.00    0.00    0.00   0.00
loop3            0.00      0.00     0.00   0.00    0.00     0.00    0.00      0.00     0.00   0.00    0.00     0.00    0.00      0.00     0.00   0.00    0.00     0.00    0.00    0.00    0.00   0.00
loop4            0.00      0.00     0.00   0.00    0.00     0.00    0.00      0.00     0.00   0.00    0.00     0.00    0.00      0.00     0.00   0.00    0.00     0.00    0.00    0.00    0.00   0.00
loop5            0.00      0.00     0.00   0.00    0.00     0.00    0.00      0.00     0.00   0.00    0.00     0.00    0.00      0.00     0.00   0.00    0.00     0.00    0.00    0.00    0.00   0.00
loop6            0.00      0.00     0.00   0.00    0.00     0.00    0.00      0.00     0.00   0.00    0.00     0.00    0.00      0.00     0.00   0.00    0.00     0.00    0.00    0.00    0.00   0.00
loop7            0.00      0.00     0.00   0.00    0.00     0.00    0.00      0.00     0.00   0.00    0.00     0.00    0.00      0.00     0.00   0.00    0.00     0.00    0.00    0.00    0.00   0.00
sda              0.00      0.00     0.00   0.00    0.00     0.00  166.00    844.00     2.00   1.19    0.81     5.08    0.00      0.00     0.00   0.00    0.00     0.00    0.00    0.00    0.14   1.20
sdb              0.00      0.00     0.00   0.00    0.00     0.00  865.00  29096.00   109.00  11.19    0.06    33.64    0.00      0.00     0.00   0.00    0.00     0.00    0.00    0.00    0.06  47.60


avg-cpu:  %user   %nice %system %iowait  %steal   %idle
           0.72    0.00    0.85    0.02    0.00   98.41

Device            r/s     rkB/s   rrqm/s  %rrqm r_await rareq-sz     w/s     wkB/s   wrqm/s  %wrqm w_await wareq-sz     d/s     dkB/s   drqm/s  %drqm d_await dareq-sz     f/s f_await  aqu-sz  %util
dm-0             0.00      0.00     0.00   0.00    0.00     0.00  211.00  13504.00     0.00   0.00    0.06    64.00    0.00      0.00     0.00   0.00    0.00     0.00    0.00    0.00    0.01  44.40
dm-1             0.00      0.00     0.00   0.00    0.00     0.00  794.00  15836.00     0.00   0.00    0.07    19.94    0.00      0.00     0.00   0.00    0.00     0.00    0.00    0.00    0.05  47.60
loop0            0.00      0.00     0.00   0.00    0.00     0.00    0.00      0.00     0.00   0.00    0.00     0.00    0.00      0.00     0.00   0.00    0.00     0.00    0.00    0.00    0.00   0.00
loop1            0.00      0.00     0.00   0.00    0.00     0.00    0.00      0.00     0.00   0.00    0.00     0.00    0.00      0.00     0.00   0.00    0.00     0.00    0.00    0.00    0.00   0.00
loop10           0.00      0.00     0.00   0.00    0.00     0.00 1064.00   2328.00     0.00   0.00    0.03     2.19    0.00      0.00     0.00   0.00    0.00     0.00  482.00    0.02    0.04  46.80
loop2            0.00      0.00     0.00   0.00    0.00     0.00    0.00      0.00     0.00   0.00    0.00     0.00    0.00      0.00     0.00   0.00    0.00     0.00    0.00    0.00    0.00   0.00
loop3            0.00      0.00     0.00   0.00    0.00     0.00    0.00      0.00     0.00   0.00    0.00     0.00    0.00      0.00     0.00   0.00    0.00     0.00    0.00    0.00    0.00   0.00
loop4            0.00      0.00     0.00   0.00    0.00     0.00    0.00      0.00     0.00   0.00    0.00     0.00    0.00      0.00     0.00   0.00    0.00     0.00    0.00    0.00    0.00   0.00
loop5            0.00      0.00     0.00   0.00    0.00     0.00    0.00      0.00     0.00   0.00    0.00     0.00    0.00      0.00     0.00   0.00    0.00     0.00    0.00    0.00    0.00   0.00
loop6            0.00      0.00     0.00   0.00    0.00     0.00    0.00      0.00     0.00   0.00    0.00     0.00    0.00      0.00     0.00   0.00    0.00     0.00    0.00    0.00    0.00   0.00
loop7            0.00      0.00     0.00   0.00    0.00     0.00    0.00      0.00     0.00   0.00    0.00     0.00    0.00      0.00     0.00   0.00    0.00     0.00    0.00    0.00    0.00   0.00
sda              0.00      0.00     0.00   0.00    0.00     0.00   20.00    256.00    36.00  64.29    0.05    12.80    0.00      0.00     0.00   0.00    0.00     0.00    0.00    0.00    0.00   2.80
sdb              0.00      0.00     0.00   0.00    0.00     0.00  900.00  29340.00   105.00  10.45    0.06    32.60    0.00      0.00     0.00   0.00    0.00     0.00    0.00    0.00    0.06  48.80


avg-cpu:  %user   %nice %system %iowait  %steal   %idle
           0.68    0.00    0.68    0.03    0.00   98.62

Device            r/s     rkB/s   rrqm/s  %rrqm r_await rareq-sz     w/s     wkB/s   wrqm/s  %wrqm w_await wareq-sz     d/s     dkB/s   drqm/s  %drqm d_await dareq-sz     f/s f_await  aqu-sz  %util
dm-0             0.00      0.00     0.00   0.00    0.00     0.00  201.00  12864.00     0.00   0.00    0.06    64.00    0.00      0.00     0.00   0.00    0.00     0.00    0.00    0.00    0.01  42.80
dm-1             0.00      0.00     0.00   0.00    0.00     0.00  729.00  14976.00     0.00   0.00    0.06    20.54    0.00      0.00     0.00   0.00    0.00     0.00    0.00    0.00    0.04  44.80
loop0            0.00      0.00     0.00   0.00    0.00     0.00    0.00      0.00     0.00   0.00    0.00     0.00    0.00      0.00     0.00   0.00    0.00     0.00    0.00    0.00    0.00   0.00
loop1            0.00      0.00     0.00   0.00    0.00     0.00    0.00      0.00     0.00   0.00    0.00     0.00    0.00      0.00     0.00   0.00    0.00     0.00    0.00    0.00    0.00   0.00
loop10           0.00      0.00     0.00   0.00    0.00     0.00  955.00   2108.00     0.00   0.00    0.03     2.21    0.00      0.00     0.00   0.00    0.00     0.00  428.00    0.02    0.04  44.80
loop2            0.00      0.00     0.00   0.00    0.00     0.00    0.00      0.00     0.00   0.00    0.00     0.00    0.00      0.00     0.00   0.00    0.00     0.00    0.00    0.00    0.00   0.00
loop3            0.00      0.00     0.00   0.00    0.00     0.00    0.00      0.00     0.00   0.00    0.00     0.00    0.00      0.00     0.00   0.00    0.00     0.00    0.00    0.00    0.00   0.00
loop4            0.00      0.00     0.00   0.00    0.00     0.00    0.00      0.00     0.00   0.00    0.00     0.00    0.00      0.00     0.00   0.00    0.00     0.00    0.00    0.00    0.00   0.00
loop5            0.00      0.00     0.00   0.00    0.00     0.00    0.00      0.00     0.00   0.00    0.00     0.00    0.00      0.00     0.00   0.00    0.00     0.00    0.00    0.00    0.00   0.00
loop6            0.00      0.00     0.00   0.00    0.00     0.00    0.00      0.00     0.00   0.00    0.00     0.00    0.00      0.00     0.00   0.00    0.00     0.00    0.00    0.00    0.00   0.00
loop7            0.00      0.00     0.00   0.00    0.00     0.00    0.00      0.00     0.00   0.00    0.00     0.00    0.00      0.00     0.00   0.00    0.00     0.00    0.00    0.00    0.00   0.00
sda              0.00      0.00     0.00   0.00    0.00     0.00    6.00     84.00     7.00  53.85    0.17    14.00    0.00      0.00     0.00   0.00    0.00     0.00    0.00    0.00    0.00   0.80
sdb              0.00      0.00     0.00   0.00    0.00     0.00  826.00  27840.00   104.00  11.18    0.06    33.70    0.00      0.00     0.00   0.00    0.00     0.00    0.00    0.00    0.05  46.00


avg-cpu:  %user   %nice %system %iowait  %steal   %idle
           0.52    0.00    0.72    0.02    0.00   98.74

Device            r/s     rkB/s   rrqm/s  %rrqm r_await rareq-sz     w/s     wkB/s   wrqm/s  %wrqm w_await wareq-sz     d/s     dkB/s   drqm/s  %drqm d_await dareq-sz     f/s f_await  aqu-sz  %util
dm-0             0.00      0.00     0.00   0.00    0.00     0.00  201.00  12864.00     0.00   0.00    0.04    64.00    0.00      0.00     0.00   0.00    0.00     0.00    0.00    0.00    0.01  44.40
dm-1             0.00      0.00     0.00   0.00    0.00     0.00  791.00  15228.00     0.00   0.00    0.04    19.25    0.00      0.00     0.00   0.00    0.00     0.00    0.00    0.00    0.03  46.40
loop0            0.00      0.00     0.00   0.00    0.00     0.00    0.00      0.00     0.00   0.00    0.00     0.00    0.00      0.00     0.00   0.00    0.00     0.00    0.00    0.00    0.00   0.00
loop1            0.00      0.00     0.00   0.00    0.00     0.00    0.00      0.00     0.00   0.00    0.00     0.00    0.00      0.00     0.00   0.00    0.00     0.00    0.00    0.00    0.00   0.00
loop10           0.00      0.00     0.00   0.00    0.00     0.00 1058.00   2320.00     0.00   0.00    0.03     2.19    0.00      0.00     0.00   0.00    0.00     0.00  478.00    0.02    0.04  46.40
loop2            0.00      0.00     0.00   0.00    0.00     0.00    0.00      0.00     0.00   0.00    0.00     0.00    0.00      0.00     0.00   0.00    0.00     0.00    0.00    0.00    0.00   0.00
loop3            0.00      0.00     0.00   0.00    0.00     0.00    0.00      0.00     0.00   0.00    0.00     0.00    0.00      0.00     0.00   0.00    0.00     0.00    0.00    0.00    0.00   0.00
loop4            0.00      0.00     0.00   0.00    0.00     0.00    0.00      0.00     0.00   0.00    0.00     0.00    0.00      0.00     0.00   0.00    0.00     0.00    0.00    0.00    0.00   0.00
loop5            0.00      0.00     0.00   0.00    0.00     0.00    0.00      0.00     0.00   0.00    0.00     0.00    0.00      0.00     0.00   0.00    0.00     0.00    0.00    0.00    0.00   0.00
loop6            0.00      0.00     0.00   0.00    0.00     0.00    0.00      0.00     0.00   0.00    0.00     0.00    0.00      0.00     0.00   0.00    0.00     0.00    0.00    0.00    0.00   0.00
loop7            0.00      0.00     0.00   0.00    0.00     0.00    0.00      0.00     0.00   0.00    0.00     0.00    0.00      0.00     0.00   0.00    0.00     0.00    0.00    0.00    0.00   0.00
sda              0.00      0.00     0.00   0.00    0.00     0.00   12.00    180.00    26.00  68.42    0.33    15.00    0.00      0.00     0.00   0.00    0.00     0.00    0.00    0.00    0.00   1.60
sdb              0.00      0.00     0.00   0.00    0.00     0.00  886.00  28092.00   106.00  10.69    0.06    31.71    0.00      0.00     0.00   0.00    0.00     0.00    0.00    0.00    0.05  47.20


avg-cpu:  %user   %nice %system %iowait  %steal   %idle
           0.82    0.00    0.74    0.03    0.00   98.41

Device            r/s     rkB/s   rrqm/s  %rrqm r_await rareq-sz     w/s     wkB/s   wrqm/s  %wrqm w_await wareq-sz     d/s     dkB/s   drqm/s  %drqm d_await dareq-sz     f/s f_await  aqu-sz  %util
dm-0             0.00      0.00     0.00   0.00    0.00     0.00  219.00  14016.00     0.00   0.00    0.05    64.00    0.00      0.00     0.00   0.00    0.00     0.00    0.00    0.00    0.01  47.20
dm-1             0.00      0.00     0.00   0.00    0.00     0.00  798.00  16332.00     0.00   0.00    0.06    20.47    0.00      0.00     0.00   0.00    0.00     0.00    0.00    0.00    0.04  50.80
loop0            0.00      0.00     0.00   0.00    0.00     0.00    0.00      0.00     0.00   0.00    0.00     0.00    0.00      0.00     0.00   0.00    0.00     0.00    0.00    0.00    0.00   0.00
loop1            0.00      0.00     0.00   0.00    0.00     0.00    0.00      0.00     0.00   0.00    0.00     0.00    0.00      0.00     0.00   0.00    0.00     0.00    0.00    0.00    0.00   0.00
loop10           0.00      0.00     0.00   0.00    0.00     0.00 1041.00   2288.00     0.00   0.00    0.03     2.20    0.00      0.00     0.00   0.00    0.00     0.00  470.00    0.02    0.04  50.80
loop2            0.00      0.00     0.00   0.00    0.00     0.00    0.00      0.00     0.00   0.00    0.00     0.00    0.00      0.00     0.00   0.00    0.00     0.00    0.00    0.00    0.00   0.00
loop3            0.00      0.00     0.00   0.00    0.00     0.00    0.00      0.00     0.00   0.00    0.00     0.00    0.00      0.00     0.00   0.00    0.00     0.00    0.00    0.00    0.00   0.00
loop4            0.00      0.00     0.00   0.00    0.00     0.00    0.00      0.00     0.00   0.00    0.00     0.00    0.00      0.00     0.00   0.00    0.00     0.00    0.00    0.00    0.00   0.00
loop5            0.00      0.00     0.00   0.00    0.00     0.00    0.00      0.00     0.00   0.00    0.00     0.00    0.00      0.00     0.00   0.00    0.00     0.00    0.00    0.00    0.00   0.00
loop6            0.00      0.00     0.00   0.00    0.00     0.00    0.00      0.00     0.00   0.00    0.00     0.00    0.00      0.00     0.00   0.00    0.00     0.00    0.00    0.00    0.00   0.00
loop7            0.00      0.00     0.00   0.00    0.00     0.00    0.00      0.00     0.00   0.00    0.00     0.00    0.00      0.00     0.00   0.00    0.00     0.00    0.00    0.00    0.00   0.00
sda              0.00      0.00     0.00   0.00    0.00     0.00   17.00    224.00    32.00  65.31    0.06    13.18    0.00      0.00     0.00   0.00    0.00     0.00    0.00    0.00    0.00   1.60
sdb              0.00      0.00     0.00   0.00    0.00     0.00  912.00  30348.00   105.00  10.32    0.06    33.28    0.00      0.00     0.00   0.00    0.00     0.00    0.00    0.00    0.06  51.60


avg-cpu:  %user   %nice %system %iowait  %steal   %idle
           0.85    0.00    0.89    0.02    0.00   98.24

Device            r/s     rkB/s   rrqm/s  %rrqm r_await rareq-sz     w/s     wkB/s   wrqm/s  %wrqm w_await wareq-sz     d/s     dkB/s   drqm/s  %drqm d_await dareq-sz     f/s f_await  aqu-sz  %util
dm-0             0.00      0.00     0.00   0.00    0.00     0.00  217.00  13888.00     0.00   0.00    0.09    64.00    0.00      0.00     0.00   0.00    0.00     0.00    0.00    0.00    0.02  47.60
dm-1             0.00      0.00     0.00   0.00    0.00     0.00  798.00  16212.00     0.00   0.00    0.05    20.32    0.00      0.00     0.00   0.00    0.00     0.00    0.00    0.00    0.04  49.20
loop0            0.00      0.00     0.00   0.00    0.00     0.00    0.00      0.00     0.00   0.00    0.00     0.00    0.00      0.00     0.00   0.00    0.00     0.00    0.00    0.00    0.00   0.00
loop1            0.00      0.00     0.00   0.00    0.00     0.00    0.00      0.00     0.00   0.00    0.00     0.00    0.00      0.00     0.00   0.00    0.00     0.00    0.00    0.00    0.00   0.00
loop10           0.00      0.00     0.00   0.00    0.00     0.00 1060.00   2328.00     0.00   0.00    0.04     2.20    0.00      0.00     0.00   0.00    0.00     0.00  478.00    0.02    0.05  50.40
loop2            0.00      0.00     0.00   0.00    0.00     0.00    0.00      0.00     0.00   0.00    0.00     0.00    0.00      0.00     0.00   0.00    0.00     0.00    0.00    0.00    0.00   0.00
loop3            0.00      0.00     0.00   0.00    0.00     0.00    0.00      0.00     0.00   0.00    0.00     0.00    0.00      0.00     0.00   0.00    0.00     0.00    0.00    0.00    0.00   0.00
loop4            0.00      0.00     0.00   0.00    0.00     0.00    0.00      0.00     0.00   0.00    0.00     0.00    0.00      0.00     0.00   0.00    0.00     0.00    0.00    0.00    0.00   0.00
loop5            0.00      0.00     0.00   0.00    0.00     0.00    0.00      0.00     0.00   0.00    0.00     0.00    0.00      0.00     0.00   0.00    0.00     0.00    0.00    0.00    0.00   0.00
loop6            0.00      0.00     0.00   0.00    0.00     0.00    0.00      0.00     0.00   0.00    0.00     0.00    0.00      0.00     0.00   0.00    0.00     0.00    0.00    0.00    0.00   0.00
loop7            0.00      0.00     0.00   0.00    0.00     0.00    0.00      0.00     0.00   0.00    0.00     0.00    0.00      0.00     0.00   0.00    0.00     0.00    0.00    0.00    0.00   0.00
sda              0.00      0.00     0.00   0.00    0.00     0.00  178.00    984.00    26.00  12.75    1.72     5.53    0.00      0.00     0.00   0.00    0.00     0.00    0.00    0.00    0.31   2.00
sdb              0.00      0.00     0.00   0.00    0.00     0.00  905.00  30100.00   110.00  10.84    0.06    33.26    0.00      0.00     0.00   0.00    0.00     0.00    0.00    0.00    0.06  52.40


avg-cpu:  %user   %nice %system %iowait  %steal   %idle
           0.69    0.00    0.82    0.03    0.00   98.46

Device            r/s     rkB/s   rrqm/s  %rrqm r_await rareq-sz     w/s     wkB/s   wrqm/s  %wrqm w_await wareq-sz     d/s     dkB/s   drqm/s  %drqm d_await dareq-sz     f/s f_await  aqu-sz  %util
dm-0             0.00      0.00     0.00   0.00    0.00     0.00  206.00  13184.00     0.00   0.00    0.04    64.00    0.00      0.00     0.00   0.00    0.00     0.00    0.00    0.00    0.01  44.80
dm-1             0.00      0.00     0.00   0.00    0.00     0.00  766.00  15424.00     0.00   0.00    0.02    20.14    0.00      0.00     0.00   0.00    0.00     0.00    0.00    0.00    0.02  48.00
loop0            0.00      0.00     0.00   0.00    0.00     0.00    0.00      0.00     0.00   0.00    0.00     0.00    0.00      0.00     0.00   0.00    0.00     0.00    0.00    0.00    0.00   0.00
loop1            0.00      0.00     0.00   0.00    0.00     0.00    0.00      0.00     0.00   0.00    0.00     0.00    0.00      0.00     0.00   0.00    0.00     0.00    0.00    0.00    0.00   0.00
loop10           0.00      0.00     0.00   0.00    0.00     0.00 1009.00   2220.00     0.00   0.00    0.03     2.20    0.00      0.00     0.00   0.00    0.00     0.00  454.00    0.02    0.04  46.40
loop2            0.00      0.00     0.00   0.00    0.00     0.00    0.00      0.00     0.00   0.00    0.00     0.00    0.00      0.00     0.00   0.00    0.00     0.00    0.00    0.00    0.00   0.00
loop3            0.00      0.00     0.00   0.00    0.00     0.00    0.00      0.00     0.00   0.00    0.00     0.00    0.00      0.00     0.00   0.00    0.00     0.00    0.00    0.00    0.00   0.00
loop4            0.00      0.00     0.00   0.00    0.00     0.00    0.00      0.00     0.00   0.00    0.00     0.00    0.00      0.00     0.00   0.00    0.00     0.00    0.00    0.00    0.00   0.00
loop5            0.00      0.00     0.00   0.00    0.00     0.00    0.00      0.00     0.00   0.00    0.00     0.00    0.00      0.00     0.00   0.00    0.00     0.00    0.00    0.00    0.00   0.00
loop6            0.00      0.00     0.00   0.00    0.00     0.00    0.00      0.00     0.00   0.00    0.00     0.00    0.00      0.00     0.00   0.00    0.00     0.00    0.00    0.00    0.00   0.00
loop7            0.00      0.00     0.00   0.00    0.00     0.00    0.00      0.00     0.00   0.00    0.00     0.00    0.00      0.00     0.00   0.00    0.00     0.00    0.00    0.00    0.00   0.00
sda              0.00      0.00     0.00   0.00    0.00     0.00   33.00    320.00    37.00  52.86    0.61     9.70    0.00      0.00     0.00   0.00    0.00     0.00    0.00    0.00    0.02   2.40
sdb              0.00      0.00     0.00   0.00    0.00     0.00  865.00  28608.00   107.00  11.01    0.06    33.07    0.00      0.00     0.00   0.00    0.00     0.00    0.00    0.00    0.05  48.40


avg-cpu:  %user   %nice %system %iowait  %steal   %idle
           0.64    0.00    0.79    0.02    0.00   98.55

Device            r/s     rkB/s   rrqm/s  %rrqm r_await rareq-sz     w/s     wkB/s   wrqm/s  %wrqm w_await wareq-sz     d/s     dkB/s   drqm/s  %drqm d_await dareq-sz     f/s f_await  aqu-sz  %util
dm-0             0.00      0.00     0.00   0.00    0.00     0.00  207.00  13248.00     0.00   0.00    0.10    64.00    0.00      0.00     0.00   0.00    0.00     0.00    0.00    0.00    0.02  43.60
dm-1             0.00      0.00     0.00   0.00    0.00     0.00  768.00  15496.00     0.00   0.00    0.04    20.18    0.00      0.00     0.00   0.00    0.00     0.00    0.00    0.00    0.03  47.60
loop0            0.00      0.00     0.00   0.00    0.00     0.00    0.00      0.00     0.00   0.00    0.00     0.00    0.00      0.00     0.00   0.00    0.00     0.00    0.00    0.00    0.00   0.00
loop1            0.00      0.00     0.00   0.00    0.00     0.00    0.00      0.00     0.00   0.00    0.00     0.00    0.00      0.00     0.00   0.00    0.00     0.00    0.00    0.00    0.00   0.00
loop10           0.00      0.00     0.00   0.00    0.00     0.00 1025.00   2252.00     0.00   0.00    0.03     2.20    0.00      0.00     0.00   0.00    0.00     0.00  462.00    0.02    0.04  46.80
loop2            0.00      0.00     0.00   0.00    0.00     0.00    0.00      0.00     0.00   0.00    0.00     0.00    0.00      0.00     0.00   0.00    0.00     0.00    0.00    0.00    0.00   0.00
loop3            0.00      0.00     0.00   0.00    0.00     0.00    0.00      0.00     0.00   0.00    0.00     0.00    0.00      0.00     0.00   0.00    0.00     0.00    0.00    0.00    0.00   0.00
loop4            0.00      0.00     0.00   0.00    0.00     0.00    0.00      0.00     0.00   0.00    0.00     0.00    0.00      0.00     0.00   0.00    0.00     0.00    0.00    0.00    0.00   0.00
loop5            0.00      0.00     0.00   0.00    0.00     0.00    0.00      0.00     0.00   0.00    0.00     0.00    0.00      0.00     0.00   0.00    0.00     0.00    0.00    0.00    0.00   0.00
loop6            0.00      0.00     0.00   0.00    0.00     0.00    0.00      0.00     0.00   0.00    0.00     0.00    0.00      0.00     0.00   0.00    0.00     0.00    0.00    0.00    0.00   0.00
loop7            0.00      0.00     0.00   0.00    0.00     0.00    0.00      0.00     0.00   0.00    0.00     0.00    0.00      0.00     0.00   0.00    0.00     0.00    0.00    0.00    0.00   0.00
sda              0.00      0.00     0.00   0.00    0.00     0.00   11.00    128.00    21.00  65.62    0.09    11.64    0.00      0.00     0.00   0.00    0.00     0.00    0.00    0.00    0.00   1.20
sdb              0.00      0.00     0.00   0.00    0.00     0.00  870.00  28744.00   105.00  10.77    0.06    33.04    0.00      0.00     0.00   0.00    0.00     0.00    0.00    0.00    0.05  48.80


avg-cpu:  %user   %nice %system %iowait  %steal   %idle
           0.54    0.00    0.73    0.03    0.00   98.71

Device            r/s     rkB/s   rrqm/s  %rrqm r_await rareq-sz     w/s     wkB/s   wrqm/s  %wrqm w_await wareq-sz     d/s     dkB/s   drqm/s  %drqm d_await dareq-sz     f/s f_await  aqu-sz  %util
dm-0             0.00      0.00     0.00   0.00    0.00     0.00  210.00  13440.00     0.00   0.00    0.08    64.00    0.00      0.00     0.00   0.00    0.00     0.00    0.00    0.00    0.02  44.80
dm-1             0.00      0.00     0.00   0.00    0.00     0.00  778.00  15712.00     0.00   0.00    0.05    20.20    0.00      0.00     0.00   0.00    0.00     0.00    0.00    0.00    0.04  46.40
loop0            0.00      0.00     0.00   0.00    0.00     0.00    0.00      0.00     0.00   0.00    0.00     0.00    0.00      0.00     0.00   0.00    0.00     0.00    0.00    0.00    0.00   0.00
loop1            0.00      0.00     0.00   0.00    0.00     0.00    0.00      0.00     0.00   0.00    0.00     0.00    0.00      0.00     0.00   0.00    0.00     0.00    0.00    0.00    0.00   0.00
loop10           0.00      0.00     0.00   0.00    0.00     0.00 1040.00   2280.00     0.00   0.00    0.03     2.19    0.00      0.00     0.00   0.00    0.00     0.00  470.00    0.02    0.04  48.00
loop2            0.00      0.00     0.00   0.00    0.00     0.00    0.00      0.00     0.00   0.00    0.00     0.00    0.00      0.00     0.00   0.00    0.00     0.00    0.00    0.00    0.00   0.00
loop3            0.00      0.00     0.00   0.00    0.00     0.00    0.00      0.00     0.00   0.00    0.00     0.00    0.00      0.00     0.00   0.00    0.00     0.00    0.00    0.00    0.00   0.00
loop4            0.00      0.00     0.00   0.00    0.00     0.00    0.00      0.00     0.00   0.00    0.00     0.00    0.00      0.00     0.00   0.00    0.00     0.00    0.00    0.00    0.00   0.00
loop5            0.00      0.00     0.00   0.00    0.00     0.00    0.00      0.00     0.00   0.00    0.00     0.00    0.00      0.00     0.00   0.00    0.00     0.00    0.00    0.00    0.00   0.00
loop6            0.00      0.00     0.00   0.00    0.00     0.00    0.00      0.00     0.00   0.00    0.00     0.00    0.00      0.00     0.00   0.00    0.00     0.00    0.00    0.00    0.00   0.00
loop7            0.00      0.00     0.00   0.00    0.00     0.00    0.00      0.00     0.00   0.00    0.00     0.00    0.00      0.00     0.00   0.00    0.00     0.00    0.00    0.00    0.00   0.00
sda              0.00      0.00     0.00   0.00    0.00     0.00   17.00    212.00    28.00  62.22    0.06    12.47    0.00      0.00     0.00   0.00    0.00     0.00    0.00    0.00    0.00   2.00
sdb              0.00      0.00     0.00   0.00    0.00     0.00  884.00  29152.00   104.00  10.53    0.06    32.98    0.00      0.00     0.00   0.00    0.00     0.00    0.00    0.00    0.05  48.00


avg-cpu:  %user   %nice %system %iowait  %steal   %idle
           0.58    0.00    0.83    0.02    0.00   98.57

Device            r/s     rkB/s   rrqm/s  %rrqm r_await rareq-sz     w/s     wkB/s   wrqm/s  %wrqm w_await wareq-sz     d/s     dkB/s   drqm/s  %drqm d_await dareq-sz     f/s f_await  aqu-sz  %util
dm-0             0.00      0.00     0.00   0.00    0.00     0.00  201.00  12864.00     0.00   0.00    0.12    64.00    0.00      0.00     0.00   0.00    0.00     0.00    0.00    0.00    0.02  44.00
dm-1             0.00      0.00     0.00   0.00    0.00     0.00  737.00  15008.00     0.00   0.00    0.10    20.36    0.00      0.00     0.00   0.00    0.00     0.00    0.00    0.00    0.08  47.20
loop0            0.00      0.00     0.00   0.00    0.00     0.00    0.00      0.00     0.00   0.00    0.00     0.00    0.00      0.00     0.00   0.00    0.00     0.00    0.00    0.00    0.00   0.00
loop1            0.00      0.00     0.00   0.00    0.00     0.00    0.00      0.00     0.00   0.00    0.00     0.00    0.00      0.00     0.00   0.00    0.00     0.00    0.00    0.00    0.00   0.00
loop10           0.00      0.00     0.00   0.00    0.00     0.00 1004.00   2188.00     0.00   0.00    0.03     2.18    0.00      0.00     0.00   0.00    0.00     0.00  458.00    0.02    0.04  46.80
loop2            0.00      0.00     0.00   0.00    0.00     0.00    0.00      0.00     0.00   0.00    0.00     0.00    0.00      0.00     0.00   0.00    0.00     0.00    0.00    0.00    0.00   0.00
loop3            0.00      0.00     0.00   0.00    0.00     0.00    0.00      0.00     0.00   0.00    0.00     0.00    0.00      0.00     0.00   0.00    0.00     0.00    0.00    0.00    0.00   0.00
loop4            0.00      0.00     0.00   0.00    0.00     0.00    0.00      0.00     0.00   0.00    0.00     0.00    0.00      0.00     0.00   0.00    0.00     0.00    0.00    0.00    0.00   0.00
loop5            0.00      0.00     0.00   0.00    0.00     0.00    0.00      0.00     0.00   0.00    0.00     0.00    0.00      0.00     0.00   0.00    0.00     0.00    0.00    0.00    0.00   0.00
loop6            0.00      0.00     0.00   0.00    0.00     0.00    0.00      0.00     0.00   0.00    0.00     0.00    0.00      0.00     0.00   0.00    0.00     0.00    0.00    0.00    0.00   0.00
loop7            0.00      0.00     0.00   0.00    0.00     0.00    0.00      0.00     0.00   0.00    0.00     0.00    0.00      0.00     0.00   0.00    0.00     0.00    0.00    0.00    0.00   0.00
sda              0.00      0.00     0.00   0.00    0.00     0.00   11.00    136.00    23.00  67.65    0.09    12.36    0.00      0.00     0.00   0.00    0.00     0.00    0.00    0.00    0.00   0.80
sdb              0.00      0.00     0.00   0.00    0.00     0.00  845.00  27872.00    93.00   9.91    0.06    32.98    0.00      0.00     0.00   0.00    0.00     0.00    0.00    0.00    0.05  48.80


avg-cpu:  %user   %nice %system %iowait  %steal   %idle
           0.76    0.00    0.80    0.03    0.00   98.41

Device            r/s     rkB/s   rrqm/s  %rrqm r_await rareq-sz     w/s     wkB/s   wrqm/s  %wrqm w_await wareq-sz     d/s     dkB/s   drqm/s  %drqm d_await dareq-sz     f/s f_await  aqu-sz  %util
dm-0             0.00      0.00     0.00   0.00    0.00     0.00  213.00  13632.00     0.00   0.00    0.09    64.00    0.00      0.00     0.00   0.00    0.00     0.00    0.00    0.00    0.02  46.80
dm-1             0.00      0.00     0.00   0.00    0.00     0.00  793.00  15952.00     0.00   0.00    0.03    20.12    0.00      0.00     0.00   0.00    0.00     0.00    0.00    0.00    0.02  50.00
loop0            0.00      0.00     0.00   0.00    0.00     0.00    0.00      0.00     0.00   0.00    0.00     0.00    0.00      0.00     0.00   0.00    0.00     0.00    0.00    0.00    0.00   0.00
loop1            0.00      0.00     0.00   0.00    0.00     0.00    0.00      0.00     0.00   0.00    0.00     0.00    0.00      0.00     0.00   0.00    0.00     0.00    0.00    0.00    0.00   0.00
loop10           0.00      0.00     0.00   0.00    0.00     0.00 1039.00   2292.00     0.00   0.00    0.03     2.21    0.00      0.00     0.00   0.00    0.00     0.00  466.00    0.02    0.04  49.60
loop2            0.00      0.00     0.00   0.00    0.00     0.00    0.00      0.00     0.00   0.00    0.00     0.00    0.00      0.00     0.00   0.00    0.00     0.00    0.00    0.00    0.00   0.00
loop3            0.00      0.00     0.00   0.00    0.00     0.00    0.00      0.00     0.00   0.00    0.00     0.00    0.00      0.00     0.00   0.00    0.00     0.00    0.00    0.00    0.00   0.00
loop4            0.00      0.00     0.00   0.00    0.00     0.00    0.00      0.00     0.00   0.00    0.00     0.00    0.00      0.00     0.00   0.00    0.00     0.00    0.00    0.00    0.00   0.00
loop5            0.00      0.00     0.00   0.00    0.00     0.00    0.00      0.00     0.00   0.00    0.00     0.00    0.00      0.00     0.00   0.00    0.00     0.00    0.00    0.00    0.00   0.00
loop6            0.00      0.00     0.00   0.00    0.00     0.00    0.00      0.00     0.00   0.00    0.00     0.00    0.00      0.00     0.00   0.00    0.00     0.00    0.00    0.00    0.00   0.00
loop7            0.00      0.00     0.00   0.00    0.00     0.00    0.00      0.00     0.00   0.00    0.00     0.00    0.00      0.00     0.00   0.00    0.00     0.00    0.00    0.00    0.00   0.00
sda              0.00      0.00     0.00   0.00    0.00     0.00   17.00    232.00    32.00  65.31    0.06    13.65    0.00      0.00     0.00   0.00    0.00     0.00    0.00    0.00    0.00   1.60
sdb              0.00      0.00     0.00   0.00    0.00     0.00  894.00  29584.00   112.00  11.13    0.06    33.09    0.00      0.00     0.00   0.00    0.00     0.00    0.00    0.00    0.06  50.80


avg-cpu:  %user   %nice %system %iowait  %steal   %idle
           0.60    0.00    0.76    0.03    0.00   98.61

Device            r/s     rkB/s   rrqm/s  %rrqm r_await rareq-sz     w/s     wkB/s   wrqm/s  %wrqm w_await wareq-sz     d/s     dkB/s   drqm/s  %drqm d_await dareq-sz     f/s f_await  aqu-sz  %util
dm-0             0.00      0.00     0.00   0.00    0.00     0.00  212.00  13568.00     0.00   0.00    0.13    64.00    0.00      0.00     0.00   0.00    0.00     0.00    0.00    0.00    0.03  44.00
dm-1             0.00      0.00     0.00   0.00    0.00     0.00  782.00  15848.00     0.00   0.00    0.06    20.27    0.00      0.00     0.00   0.00    0.00     0.00    0.00    0.00    0.05  46.80
loop0            0.00      0.00     0.00   0.00    0.00     0.00    0.00      0.00     0.00   0.00    0.00     0.00    0.00      0.00     0.00   0.00    0.00     0.00    0.00    0.00    0.00   0.00
loop1            0.00      0.00     0.00   0.00    0.00     0.00    0.00      0.00     0.00   0.00    0.00     0.00    0.00      0.00     0.00   0.00    0.00     0.00    0.00    0.00    0.00   0.00
loop10           0.00      0.00     0.00   0.00    0.00     0.00 1018.00   2232.00     0.00   0.00    0.03     2.19    0.00      0.00     0.00   0.00    0.00     0.00  460.00    0.02    0.04  48.00
loop2            0.00      0.00     0.00   0.00    0.00     0.00    0.00      0.00     0.00   0.00    0.00     0.00    0.00      0.00     0.00   0.00    0.00     0.00    0.00    0.00    0.00   0.00
loop3            0.00      0.00     0.00   0.00    0.00     0.00    0.00      0.00     0.00   0.00    0.00     0.00    0.00      0.00     0.00   0.00    0.00     0.00    0.00    0.00    0.00   0.00
loop4            0.00      0.00     0.00   0.00    0.00     0.00    0.00      0.00     0.00   0.00    0.00     0.00    0.00      0.00     0.00   0.00    0.00     0.00    0.00    0.00    0.00   0.00
loop5            0.00      0.00     0.00   0.00    0.00     0.00    0.00      0.00     0.00   0.00    0.00     0.00    0.00      0.00     0.00   0.00    0.00     0.00    0.00    0.00    0.00   0.00
loop6            0.00      0.00     0.00   0.00    0.00     0.00    0.00      0.00     0.00   0.00    0.00     0.00    0.00      0.00     0.00   0.00    0.00     0.00    0.00    0.00    0.00   0.00
loop7            0.00      0.00     0.00   0.00    0.00     0.00    0.00      0.00     0.00   0.00    0.00     0.00    0.00      0.00     0.00   0.00    0.00     0.00    0.00    0.00    0.00   0.00
sda              0.00      0.00     0.00   0.00    0.00     0.00  179.00   1036.00    35.00  16.36    0.80     5.79    0.00      0.00     0.00   0.00    0.00     0.00    0.00    0.00    0.14   2.00
sdb              0.00      0.00     0.00   0.00    0.00     0.00  890.00  29352.00   103.00  10.37    0.06    32.98    0.00      0.00     0.00   0.00    0.00     0.00    0.00    0.00    0.06  48.40


avg-cpu:  %user   %nice %system %iowait  %steal   %idle
           0.53    0.00    0.99    0.02    0.00   98.46

Device            r/s     rkB/s   rrqm/s  %rrqm r_await rareq-sz     w/s     wkB/s   wrqm/s  %wrqm w_await wareq-sz     d/s     dkB/s   drqm/s  %drqm d_await dareq-sz     f/s f_await  aqu-sz  %util
dm-0             0.00      0.00     0.00   0.00    0.00     0.00  205.00  13120.00     0.00   0.00    0.04    64.00    0.00      0.00     0.00   0.00    0.00     0.00    0.00    0.00    0.01  44.80
dm-1             0.00      0.00     0.00   0.00    0.00     0.00  743.00  15276.00     0.00   0.00    0.10    20.56    0.00      0.00     0.00   0.00    0.00     0.00    0.00    0.00    0.08  46.80
loop0            0.00      0.00     0.00   0.00    0.00     0.00    0.00      0.00     0.00   0.00    0.00     0.00    0.00      0.00     0.00   0.00    0.00     0.00    0.00    0.00    0.00   0.00
loop1            0.00      0.00     0.00   0.00    0.00     0.00    0.00      0.00     0.00   0.00    0.00     0.00    0.00      0.00     0.00   0.00    0.00     0.00    0.00    0.00    0.00   0.00
loop10           0.00      0.00     0.00   0.00    0.00     0.00  982.00   2160.00     0.00   0.00    0.03     2.20    0.00      0.00     0.00   0.00    0.00     0.00  442.00    0.02    0.04  47.60
loop2            0.00      0.00     0.00   0.00    0.00     0.00    0.00      0.00     0.00   0.00    0.00     0.00    0.00      0.00     0.00   0.00    0.00     0.00    0.00    0.00    0.00   0.00
loop3            0.00      0.00     0.00   0.00    0.00     0.00    0.00      0.00     0.00   0.00    0.00     0.00    0.00      0.00     0.00   0.00    0.00     0.00    0.00    0.00    0.00   0.00
loop4            0.00      0.00     0.00   0.00    0.00     0.00    0.00      0.00     0.00   0.00    0.00     0.00    0.00      0.00     0.00   0.00    0.00     0.00    0.00    0.00    0.00   0.00
loop5            0.00      0.00     0.00   0.00    0.00     0.00    0.00      0.00     0.00   0.00    0.00     0.00    0.00      0.00     0.00   0.00    0.00     0.00    0.00    0.00    0.00   0.00
loop6            0.00      0.00     0.00   0.00    0.00     0.00    0.00      0.00     0.00   0.00    0.00     0.00    0.00      0.00     0.00   0.00    0.00     0.00    0.00    0.00    0.00   0.00
loop7            0.00      0.00     0.00   0.00    0.00     0.00    0.00      0.00     0.00   0.00    0.00     0.00    0.00      0.00     0.00   0.00    0.00     0.00    0.00    0.00    0.00   0.00
sda              0.00      0.00     0.00   0.00    0.00     0.00   17.00    216.00    29.00  63.04    0.06    12.71    0.00      0.00     0.00   0.00    0.00     0.00    0.00    0.00    0.00   1.60
sdb              0.00      0.00     0.00   0.00    0.00     0.00  847.00  28460.00   102.00  10.75    0.06    33.60    0.00      0.00     0.00   0.00    0.00     0.00    0.00    0.00    0.05  47.60


avg-cpu:  %user   %nice %system %iowait  %steal   %idle
           0.54    0.00    0.91    0.02    0.00   98.54

Device            r/s     rkB/s   rrqm/s  %rrqm r_await rareq-sz     w/s     wkB/s   wrqm/s  %wrqm w_await wareq-sz     d/s     dkB/s   drqm/s  %drqm d_await dareq-sz     f/s f_await  aqu-sz  %util
dm-0             0.00      0.00     0.00   0.00    0.00     0.00  221.00  14144.00     0.00   0.00    0.05    64.00    0.00      0.00     0.00   0.00    0.00     0.00    0.00    0.00    0.01  46.80
dm-1             0.00      0.00     0.00   0.00    0.00     0.00  831.00  16584.00     0.00   0.00    0.05    19.96    0.00      0.00     0.00   0.00    0.00     0.00    0.00    0.00    0.04  50.80
loop0            0.00      0.00     0.00   0.00    0.00     0.00    0.00      0.00     0.00   0.00    0.00     0.00    0.00      0.00     0.00   0.00    0.00     0.00    0.00    0.00    0.00   0.00
loop1            0.00      0.00     0.00   0.00    0.00     0.00    0.00      0.00     0.00   0.00    0.00     0.00    0.00      0.00     0.00   0.00    0.00     0.00    0.00    0.00    0.00   0.00
loop10           0.00      0.00     0.00   0.00    0.00     0.00 1111.00   2436.00     0.00   0.00    0.03     2.19    0.00      0.00     0.00   0.00    0.00     0.00  502.00    0.02    0.04  50.00
loop2            0.00      0.00     0.00   0.00    0.00     0.00    0.00      0.00     0.00   0.00    0.00     0.00    0.00      0.00     0.00   0.00    0.00     0.00    0.00    0.00    0.00   0.00
loop3            0.00      0.00     0.00   0.00    0.00     0.00    0.00      0.00     0.00   0.00    0.00     0.00    0.00      0.00     0.00   0.00    0.00     0.00    0.00    0.00    0.00   0.00
loop4            0.00      0.00     0.00   0.00    0.00     0.00    0.00      0.00     0.00   0.00    0.00     0.00    0.00      0.00     0.00   0.00    0.00     0.00    0.00    0.00    0.00   0.00
loop5            0.00      0.00     0.00   0.00    0.00     0.00    0.00      0.00     0.00   0.00    0.00     0.00    0.00      0.00     0.00   0.00    0.00     0.00    0.00    0.00    0.00   0.00
loop6            0.00      0.00     0.00   0.00    0.00     0.00    0.00      0.00     0.00   0.00    0.00     0.00    0.00      0.00     0.00   0.00    0.00     0.00    0.00    0.00    0.00   0.00
loop7            0.00      0.00     0.00   0.00    0.00     0.00    0.00      0.00     0.00   0.00    0.00     0.00    0.00      0.00     0.00   0.00    0.00     0.00    0.00    0.00    0.00   0.00
sda              0.00      0.00     0.00   0.00    0.00     0.00    0.00      0.00     0.00   0.00    0.00     0.00    0.00      0.00     0.00   0.00    0.00     0.00    0.00    0.00    0.00   0.00
sdb              0.00      0.00     0.00   0.00    0.00     0.00  939.00  30728.00   113.00  10.74    0.06    32.72    0.00      0.00     0.00   0.00    0.00     0.00    0.00    0.00    0.06  51.60


avg-cpu:  %user   %nice %system %iowait  %steal   %idle
           0.69    0.00    0.82    0.03    0.00   98.46

Device            r/s     rkB/s   rrqm/s  %rrqm r_await rareq-sz     w/s     wkB/s   wrqm/s  %wrqm w_await wareq-sz     d/s     dkB/s   drqm/s  %drqm d_await dareq-sz     f/s f_await  aqu-sz  %util
dm-0             0.00      0.00     0.00   0.00    0.00     0.00  209.00  13376.00     0.00   0.00    0.08    64.00    0.00      0.00     0.00   0.00    0.00     0.00    0.00    0.00    0.02  43.20
dm-1             0.00      0.00     0.00   0.00    0.00     0.00  774.00  15636.00     0.00   0.00    0.04    20.20    0.00      0.00     0.00   0.00    0.00     0.00    0.00    0.00    0.03  48.40
loop0            0.00      0.00     0.00   0.00    0.00     0.00    0.00      0.00     0.00   0.00    0.00     0.00    0.00      0.00     0.00   0.00    0.00     0.00    0.00    0.00    0.00   0.00
loop1            0.00      0.00     0.00   0.00    0.00     0.00    0.00      0.00     0.00   0.00    0.00     0.00    0.00      0.00     0.00   0.00    0.00     0.00    0.00    0.00    0.00   0.00
loop10           0.00      0.00     0.00   0.00    0.00     0.00 1011.00   2220.00     0.00   0.00    0.03     2.20    0.00      0.00     0.00   0.00    0.00     0.00  456.00    0.02    0.04  46.80
loop2            0.00      0.00     0.00   0.00    0.00     0.00    0.00      0.00     0.00   0.00    0.00     0.00    0.00      0.00     0.00   0.00    0.00     0.00    0.00    0.00    0.00   0.00
loop3            0.00      0.00     0.00   0.00    0.00     0.00    0.00      0.00     0.00   0.00    0.00     0.00    0.00      0.00     0.00   0.00    0.00     0.00    0.00    0.00    0.00   0.00
loop4            0.00      0.00     0.00   0.00    0.00     0.00    0.00      0.00     0.00   0.00    0.00     0.00    0.00      0.00     0.00   0.00    0.00     0.00    0.00    0.00    0.00   0.00
loop5            0.00      0.00     0.00   0.00    0.00     0.00    0.00      0.00     0.00   0.00    0.00     0.00    0.00      0.00     0.00   0.00    0.00     0.00    0.00    0.00    0.00   0.00
loop6            0.00      0.00     0.00   0.00    0.00     0.00    0.00      0.00     0.00   0.00    0.00     0.00    0.00      0.00     0.00   0.00    0.00     0.00    0.00    0.00    0.00   0.00
loop7            0.00      0.00     0.00   0.00    0.00     0.00    0.00      0.00     0.00   0.00    0.00     0.00    0.00      0.00     0.00   0.00    0.00     0.00    0.00    0.00    0.00   0.00
sda              0.00      0.00     0.00   0.00    0.00     0.00   11.00    140.00    24.00  68.57    0.09    12.73    0.00      0.00     0.00   0.00    0.00     0.00    0.00    0.00    0.00   0.80
sdb              0.00      0.00     0.00   0.00    0.00     0.00  880.00  29012.00   103.00  10.48    0.06    32.97    0.00      0.00     0.00   0.00    0.00     0.00    0.00    0.00    0.05  48.40


avg-cpu:  %user   %nice %system %iowait  %steal   %idle
           0.79    0.00    0.82    0.03    0.00   98.36

Device            r/s     rkB/s   rrqm/s  %rrqm r_await rareq-sz     w/s     wkB/s   wrqm/s  %wrqm w_await wareq-sz     d/s     dkB/s   drqm/s  %drqm d_await dareq-sz     f/s f_await  aqu-sz  %util
dm-0             0.00      0.00     0.00   0.00    0.00     0.00  217.00  13888.00     0.00   0.00    0.11    64.00    0.00      0.00     0.00   0.00    0.00     0.00    0.00    0.00    0.02  46.40
dm-1             0.00      0.00     0.00   0.00    0.00     0.00  816.00  16284.00     0.00   0.00    0.04    19.96    0.00      0.00     0.00   0.00    0.00     0.00    0.00    0.00    0.04  48.80
loop0            0.00      0.00     0.00   0.00    0.00     0.00    0.00      0.00     0.00   0.00    0.00     0.00    0.00      0.00     0.00   0.00    0.00     0.00    0.00    0.00    0.00   0.00
loop1            0.00      0.00     0.00   0.00    0.00     0.00    0.00      0.00     0.00   0.00    0.00     0.00    0.00      0.00     0.00   0.00    0.00     0.00    0.00    0.00    0.00   0.00
loop10           0.00      0.00     0.00   0.00    0.00     0.00 1056.00   2332.00     0.00   0.00    0.03     2.21    0.00      0.00     0.00   0.00    0.00     0.00  474.00    0.02    0.04  50.00
loop2            0.00      0.00     0.00   0.00    0.00     0.00    0.00      0.00     0.00   0.00    0.00     0.00    0.00      0.00     0.00   0.00    0.00     0.00    0.00    0.00    0.00   0.00
loop3            0.00      0.00     0.00   0.00    0.00     0.00    0.00      0.00     0.00   0.00    0.00     0.00    0.00      0.00     0.00   0.00    0.00     0.00    0.00    0.00    0.00   0.00
loop4            0.00      0.00     0.00   0.00    0.00     0.00    0.00      0.00     0.00   0.00    0.00     0.00    0.00      0.00     0.00   0.00    0.00     0.00    0.00    0.00    0.00   0.00
loop5            0.00      0.00     0.00   0.00    0.00     0.00    0.00      0.00     0.00   0.00    0.00     0.00    0.00      0.00     0.00   0.00    0.00     0.00    0.00    0.00    0.00   0.00
loop6            0.00      0.00     0.00   0.00    0.00     0.00    0.00      0.00     0.00   0.00    0.00     0.00    0.00      0.00     0.00   0.00    0.00     0.00    0.00    0.00    0.00   0.00
loop7            0.00      0.00     0.00   0.00    0.00     0.00    0.00      0.00     0.00   0.00    0.00     0.00    0.00      0.00     0.00   0.00    0.00     0.00    0.00    0.00    0.00   0.00
sda              0.00      0.00     0.00   0.00    0.00     0.00   17.00    216.00    29.00  63.04    0.12    12.71    0.00      0.00     0.00   0.00    0.00     0.00    0.00    0.00    0.00   1.60
sdb              0.00      0.00     0.00   0.00    0.00     0.00  920.00  30172.00   113.00  10.94    0.06    32.80    0.00      0.00     0.00   0.00    0.00     0.00    0.00    0.00    0.06  50.40


avg-cpu:  %user   %nice %system %iowait  %steal   %idle
           0.57    0.00    0.91    0.02    0.00   98.51

Device            r/s     rkB/s   rrqm/s  %rrqm r_await rareq-sz     w/s     wkB/s   wrqm/s  %wrqm w_await wareq-sz     d/s     dkB/s   drqm/s  %drqm d_await dareq-sz     f/s f_await  aqu-sz  %util
dm-0             0.00      0.00     0.00   0.00    0.00     0.00  202.00  12928.00     0.00   0.00    0.06    64.00    0.00      0.00     0.00   0.00    0.00     0.00    0.00    0.00    0.01  44.00
dm-1             0.00      0.00     0.00   0.00    0.00     0.00  757.00  15152.00     0.00   0.00    0.06    20.02    0.00      0.00     0.00   0.00    0.00     0.00    0.00    0.00    0.04  47.20
loop0            0.00      0.00     0.00   0.00    0.00     0.00    0.00      0.00     0.00   0.00    0.00     0.00    0.00      0.00     0.00   0.00    0.00     0.00    0.00    0.00    0.00   0.00
loop1            0.00      0.00     0.00   0.00    0.00     0.00    0.00      0.00     0.00   0.00    0.00     0.00    0.00      0.00     0.00   0.00    0.00     0.00    0.00    0.00    0.00   0.00
loop10           0.00      0.00     0.00   0.00    0.00     0.00 1003.00   4224.00     0.00   0.00    0.03     4.21    0.00      0.00     0.00   0.00    0.00     0.00  455.00    0.02    0.04  47.60
loop2            0.00      0.00     0.00   0.00    0.00     0.00    0.00      0.00     0.00   0.00    0.00     0.00    0.00      0.00     0.00   0.00    0.00     0.00    0.00    0.00    0.00   0.00
loop3            0.00      0.00     0.00   0.00    0.00     0.00    0.00      0.00     0.00   0.00    0.00     0.00    0.00      0.00     0.00   0.00    0.00     0.00    0.00    0.00    0.00   0.00
loop4            0.00      0.00     0.00   0.00    0.00     0.00    0.00      0.00     0.00   0.00    0.00     0.00    0.00      0.00     0.00   0.00    0.00     0.00    0.00    0.00    0.00   0.00
loop5            0.00      0.00     0.00   0.00    0.00     0.00    0.00      0.00     0.00   0.00    0.00     0.00    0.00      0.00     0.00   0.00    0.00     0.00    0.00    0.00    0.00   0.00
loop6            0.00      0.00     0.00   0.00    0.00     0.00    0.00      0.00     0.00   0.00    0.00     0.00    0.00      0.00     0.00   0.00    0.00     0.00    0.00    0.00    0.00   0.00
loop7            0.00      0.00     0.00   0.00    0.00     0.00    0.00      0.00     0.00   0.00    0.00     0.00    0.00      0.00     0.00   0.00    0.00     0.00    0.00    0.00    0.00   0.00
sda              0.00      0.00     0.00   0.00    0.00     0.00  184.00   1044.00    32.00  14.81    1.73     5.67    0.00      0.00     0.00   0.00    0.00     0.00    0.00    0.00    0.32   2.80
sdb              0.00      0.00     0.00   0.00    0.00     0.00  863.00  28080.00    96.00  10.01    0.06    32.54    0.00      0.00     0.00   0.00    0.00     0.00    0.00    0.00    0.05  48.00


avg-cpu:  %user   %nice %system %iowait  %steal   %idle
           0.66    0.00    0.93    0.03    0.00   98.38

Device            r/s     rkB/s   rrqm/s  %rrqm r_await rareq-sz     w/s     wkB/s   wrqm/s  %wrqm w_await wareq-sz     d/s     dkB/s   drqm/s  %drqm d_await dareq-sz     f/s f_await  aqu-sz  %util
dm-0             0.00      0.00     0.00   0.00    0.00     0.00  222.00  14208.00     0.00   0.00    0.02    64.00    0.00      0.00     0.00   0.00    0.00     0.00    0.00    0.00    0.00  48.00
dm-1             0.00      0.00     0.00   0.00    0.00     0.00  843.00  16872.00     0.00   0.00    0.01    20.01    0.00      0.00     0.00   0.00    0.00     0.00    0.00    0.00    0.01  50.80
loop0            0.00      0.00     0.00   0.00    0.00     0.00    0.00      0.00     0.00   0.00    0.00     0.00    0.00      0.00     0.00   0.00    0.00     0.00    0.00    0.00    0.00   0.00
loop1            0.00      0.00     0.00   0.00    0.00     0.00    0.00      0.00     0.00   0.00    0.00     0.00    0.00      0.00     0.00   0.00    0.00     0.00    0.00    0.00    0.00   0.00
loop10           0.00      0.00     0.00   0.00    0.00     0.00 1127.00   2476.00     0.00   0.00    0.03     2.20    0.00      0.00     0.00   0.00    0.00     0.00  508.00    0.02    0.04  51.60
loop2            0.00      0.00     0.00   0.00    0.00     0.00    0.00      0.00     0.00   0.00    0.00     0.00    0.00      0.00     0.00   0.00    0.00     0.00    0.00    0.00    0.00   0.00
loop3            0.00      0.00     0.00   0.00    0.00     0.00    0.00      0.00     0.00   0.00    0.00     0.00    0.00      0.00     0.00   0.00    0.00     0.00    0.00    0.00    0.00   0.00
loop4            0.00      0.00     0.00   0.00    0.00     0.00    0.00      0.00     0.00   0.00    0.00     0.00    0.00      0.00     0.00   0.00    0.00     0.00    0.00    0.00    0.00   0.00
loop5            0.00      0.00     0.00   0.00    0.00     0.00    0.00      0.00     0.00   0.00    0.00     0.00    0.00      0.00     0.00   0.00    0.00     0.00    0.00    0.00    0.00   0.00
loop6            0.00      0.00     0.00   0.00    0.00     0.00    0.00      0.00     0.00   0.00    0.00     0.00    0.00      0.00     0.00   0.00    0.00     0.00    0.00    0.00    0.00   0.00
loop7            0.00      0.00     0.00   0.00    0.00     0.00    0.00      0.00     0.00   0.00    0.00     0.00    0.00      0.00     0.00   0.00    0.00     0.00    0.00    0.00    0.00   0.00
sda              0.00      0.00     0.00   0.00    0.00     0.00   18.00    248.00    32.00  64.00    0.17    13.78    0.00      0.00     0.00   0.00    0.00     0.00    0.00    0.00    0.00   2.40
sdb              0.00      0.00     0.00   0.00    0.00     0.00  949.00  31080.00   116.00  10.89    0.06    32.75    0.00      0.00     0.00   0.00    0.00     0.00    0.00    0.00    0.06  52.40


avg-cpu:  %user   %nice %system %iowait  %steal   %idle
           0.64    0.00    0.77    0.02    0.00   98.57

Device            r/s     rkB/s   rrqm/s  %rrqm r_await rareq-sz     w/s     wkB/s   wrqm/s  %wrqm w_await wareq-sz     d/s     dkB/s   drqm/s  %drqm d_await dareq-sz     f/s f_await  aqu-sz  %util
dm-0             0.00      0.00     0.00   0.00    0.00     0.00  215.00  13760.00     0.00   0.00    0.07    64.00    0.00      0.00     0.00   0.00    0.00     0.00    0.00    0.00    0.02  46.40
dm-1             0.00      0.00     0.00   0.00    0.00     0.00  791.00  16004.00     0.00   0.00    0.06    20.23    0.00      0.00     0.00   0.00    0.00     0.00    0.00    0.00    0.04  50.40
loop0            0.00      0.00     0.00   0.00    0.00     0.00    0.00      0.00     0.00   0.00    0.00     0.00    0.00      0.00     0.00   0.00    0.00     0.00    0.00    0.00    0.00   0.00
loop1            0.00      0.00     0.00   0.00    0.00     0.00    0.00      0.00     0.00   0.00    0.00     0.00    0.00      0.00     0.00   0.00    0.00     0.00    0.00    0.00    0.00   0.00
loop10           0.00      0.00     0.00   0.00    0.00     0.00 1046.00   2296.00     0.00   0.00    0.03     2.20    0.00      0.00     0.00   0.00    0.00     0.00  472.00    0.02    0.04  48.40
loop2            0.00      0.00     0.00   0.00    0.00     0.00    0.00      0.00     0.00   0.00    0.00     0.00    0.00      0.00     0.00   0.00    0.00     0.00    0.00    0.00    0.00   0.00
loop3            0.00      0.00     0.00   0.00    0.00     0.00    0.00      0.00     0.00   0.00    0.00     0.00    0.00      0.00     0.00   0.00    0.00     0.00    0.00    0.00    0.00   0.00
loop4            0.00      0.00     0.00   0.00    0.00     0.00    0.00      0.00     0.00   0.00    0.00     0.00    0.00      0.00     0.00   0.00    0.00     0.00    0.00    0.00    0.00   0.00
loop5            0.00      0.00     0.00   0.00    0.00     0.00    0.00      0.00     0.00   0.00    0.00     0.00    0.00      0.00     0.00   0.00    0.00     0.00    0.00    0.00    0.00   0.00
loop6            0.00      0.00     0.00   0.00    0.00     0.00    0.00      0.00     0.00   0.00    0.00     0.00    0.00      0.00     0.00   0.00    0.00     0.00    0.00    0.00    0.00   0.00
loop7            0.00      0.00     0.00   0.00    0.00     0.00    0.00      0.00     0.00   0.00    0.00     0.00    0.00      0.00     0.00   0.00    0.00     0.00    0.00    0.00    0.00   0.00
sda              0.00      0.00     0.00   0.00    0.00     0.00    6.00     88.00     8.00  57.14    0.00    14.67    0.00      0.00     0.00   0.00    0.00     0.00    0.00    0.00    0.00   0.80
sdb              0.00      0.00     0.00   0.00    0.00     0.00  901.00  29764.00   105.00  10.44    0.06    33.03    0.00      0.00     0.00   0.00    0.00     0.00    0.00    0.00    0.05  51.20


avg-cpu:  %user   %nice %system %iowait  %steal   %idle
           0.66    0.00    0.90    0.03    0.00   98.41

Device            r/s     rkB/s   rrqm/s  %rrqm r_await rareq-sz     w/s     wkB/s   wrqm/s  %wrqm w_await wareq-sz     d/s     dkB/s   drqm/s  %drqm d_await dareq-sz     f/s f_await  aqu-sz  %util
dm-0             0.00      0.00     0.00   0.00    0.00     0.00  214.00  13696.00     0.00   0.00    0.11    64.00    0.00      0.00     0.00   0.00    0.00     0.00    0.00    0.00    0.02  46.80
dm-1             0.00      0.00     0.00   0.00    0.00     0.00  798.00  16032.00     0.00   0.00    0.05    20.09    0.00      0.00     0.00   0.00    0.00     0.00    0.00    0.00    0.04  50.00
loop0            0.00      0.00     0.00   0.00    0.00     0.00    0.00      0.00     0.00   0.00    0.00     0.00    0.00      0.00     0.00   0.00    0.00     0.00    0.00    0.00    0.00   0.00
loop1            0.00      0.00     0.00   0.00    0.00     0.00    0.00      0.00     0.00   0.00    0.00     0.00    0.00      0.00     0.00   0.00    0.00     0.00    0.00    0.00    0.00   0.00
loop10           0.00      0.00     0.00   0.00    0.00     0.00 1053.00   2320.00     0.00   0.00    0.03     2.20    0.00      0.00     0.00   0.00    0.00     0.00  474.00    0.02    0.04  49.60
loop2            0.00      0.00     0.00   0.00    0.00     0.00    0.00      0.00     0.00   0.00    0.00     0.00    0.00      0.00     0.00   0.00    0.00     0.00    0.00    0.00    0.00   0.00
loop3            0.00      0.00     0.00   0.00    0.00     0.00    0.00      0.00     0.00   0.00    0.00     0.00    0.00      0.00     0.00   0.00    0.00     0.00    0.00    0.00    0.00   0.00
loop4            0.00      0.00     0.00   0.00    0.00     0.00    0.00      0.00     0.00   0.00    0.00     0.00    0.00      0.00     0.00   0.00    0.00     0.00    0.00    0.00    0.00   0.00
loop5            0.00      0.00     0.00   0.00    0.00     0.00    0.00      0.00     0.00   0.00    0.00     0.00    0.00      0.00     0.00   0.00    0.00     0.00    0.00    0.00    0.00   0.00
loop6            0.00      0.00     0.00   0.00    0.00     0.00    0.00      0.00     0.00   0.00    0.00     0.00    0.00      0.00     0.00   0.00    0.00     0.00    0.00    0.00    0.00   0.00
loop7            0.00      0.00     0.00   0.00    0.00     0.00    0.00      0.00     0.00   0.00    0.00     0.00    0.00      0.00     0.00   0.00    0.00     0.00    0.00    0.00    0.00   0.00
sda              0.00      0.00     0.00   0.00    0.00     0.00   11.00    140.00    24.00  68.57    0.09    12.73    0.00      0.00     0.00   0.00    0.00     0.00    0.00    0.00    0.00   1.60
sdb              0.00      0.00     0.00   0.00    0.00     0.00  901.00  29728.00   111.00  10.97    0.06    32.99    0.00      0.00     0.00   0.00    0.00     0.00    0.00    0.00    0.06  50.80


avg-cpu:  %user   %nice %system %iowait  %steal   %idle
           0.68    0.00    0.79    0.02    0.00   98.52

Device            r/s     rkB/s   rrqm/s  %rrqm r_await rareq-sz     w/s     wkB/s   wrqm/s  %wrqm w_await wareq-sz     d/s     dkB/s   drqm/s  %drqm d_await dareq-sz     f/s f_await  aqu-sz  %util
dm-0             0.00      0.00     0.00   0.00    0.00     0.00  199.00  12736.00     0.00   0.00    0.10    64.00    0.00      0.00     0.00   0.00    0.00     0.00    0.00    0.00    0.02  41.60
dm-1             0.00      0.00     0.00   0.00    0.00     0.00  752.00  14952.00     0.00   0.00    0.01    19.88    0.00      0.00     0.00   0.00    0.00     0.00    0.00    0.00    0.01  46.40
loop0            0.00      0.00     0.00   0.00    0.00     0.00    0.00      0.00     0.00   0.00    0.00     0.00    0.00      0.00     0.00   0.00    0.00     0.00    0.00    0.00    0.00   0.00
loop1            0.00      0.00     0.00   0.00    0.00     0.00    0.00      0.00     0.00   0.00    0.00     0.00    0.00      0.00     0.00   0.00    0.00     0.00    0.00    0.00    0.00   0.00
loop10           0.00      0.00     0.00   0.00    0.00     0.00  959.00   2116.00     0.00   0.00    0.03     2.21    0.00      0.00     0.00   0.00    0.00     0.00  430.00    0.02    0.04  46.40
loop2            0.00      0.00     0.00   0.00    0.00     0.00    0.00      0.00     0.00   0.00    0.00     0.00    0.00      0.00     0.00   0.00    0.00     0.00    0.00    0.00    0.00   0.00
loop3            0.00      0.00     0.00   0.00    0.00     0.00    0.00      0.00     0.00   0.00    0.00     0.00    0.00      0.00     0.00   0.00    0.00     0.00    0.00    0.00    0.00   0.00
loop4            0.00      0.00     0.00   0.00    0.00     0.00    0.00      0.00     0.00   0.00    0.00     0.00    0.00      0.00     0.00   0.00    0.00     0.00    0.00    0.00    0.00   0.00
loop5            0.00      0.00     0.00   0.00    0.00     0.00    0.00      0.00     0.00   0.00    0.00     0.00    0.00      0.00     0.00   0.00    0.00     0.00    0.00    0.00    0.00   0.00
loop6            0.00      0.00     0.00   0.00    0.00     0.00    0.00      0.00     0.00   0.00    0.00     0.00    0.00      0.00     0.00   0.00    0.00     0.00    0.00    0.00    0.00   0.00
loop7            0.00      0.00     0.00   0.00    0.00     0.00    0.00      0.00     0.00   0.00    0.00     0.00    0.00      0.00     0.00   0.00    0.00     0.00    0.00    0.00    0.00   0.00
sda              0.00      0.00     0.00   0.00    0.00     0.00   17.00    212.00    29.00  63.04    0.06    12.47    0.00      0.00     0.00   0.00    0.00     0.00    0.00    0.00    0.00   2.00
sdb              0.00      0.00     0.00   0.00    0.00     0.00  848.00  27688.00   103.00  10.83    0.06    32.65    0.00      0.00     0.00   0.00    0.00     0.00    0.00    0.00    0.05  47.60


avg-cpu:  %user   %nice %system %iowait  %steal   %idle
           0.72    0.00    0.69    0.03    0.00   98.55

Device            r/s     rkB/s   rrqm/s  %rrqm r_await rareq-sz     w/s     wkB/s   wrqm/s  %wrqm w_await wareq-sz     d/s     dkB/s   drqm/s  %drqm d_await dareq-sz     f/s f_await  aqu-sz  %util
dm-0             0.00      0.00     0.00   0.00    0.00     0.00  200.00  12800.00     0.00   0.00    0.06    64.00    0.00      0.00     0.00   0.00    0.00     0.00    0.00    0.00    0.01  41.20
dm-1             0.00      0.00     0.00   0.00    0.00     0.00  821.00  15284.00     0.00   0.00    0.09    18.62    0.00      0.00     0.00   0.00    0.00     0.00    0.00    0.00    0.07  47.20
loop0            0.00      0.00     0.00   0.00    0.00     0.00    0.00      0.00     0.00   0.00    0.00     0.00    0.00      0.00     0.00   0.00    0.00     0.00    0.00    0.00    0.00   0.00
loop1            0.00      0.00     0.00   0.00    0.00     0.00    0.00      0.00     0.00   0.00    0.00     0.00    0.00      0.00     0.00   0.00    0.00     0.00    0.00    0.00    0.00   0.00
loop10           0.00      0.00     0.00   0.00    0.00     0.00 1082.00   2368.00     0.00   0.00    0.03     2.19    0.00      0.00     0.00   0.00    0.00     0.00  490.00    0.02    0.04  43.60
loop2            0.00      0.00     0.00   0.00    0.00     0.00    0.00      0.00     0.00   0.00    0.00     0.00    0.00      0.00     0.00   0.00    0.00     0.00    0.00    0.00    0.00   0.00
loop3            0.00      0.00     0.00   0.00    0.00     0.00    0.00      0.00     0.00   0.00    0.00     0.00    0.00      0.00     0.00   0.00    0.00     0.00    0.00    0.00    0.00   0.00
loop4            0.00      0.00     0.00   0.00    0.00     0.00    0.00      0.00     0.00   0.00    0.00     0.00    0.00      0.00     0.00   0.00    0.00     0.00    0.00    0.00    0.00   0.00
loop5            0.00      0.00     0.00   0.00    0.00     0.00    0.00      0.00     0.00   0.00    0.00     0.00    0.00      0.00     0.00   0.00    0.00     0.00    0.00    0.00    0.00   0.00
loop6            0.00      0.00     0.00   0.00    0.00     0.00    0.00      0.00     0.00   0.00    0.00     0.00    0.00      0.00     0.00   0.00    0.00     0.00    0.00    0.00    0.00   0.00
loop7            0.00      0.00     0.00   0.00    0.00     0.00    0.00      0.00     0.00   0.00    0.00     0.00    0.00      0.00     0.00   0.00    0.00     0.00    0.00    0.00    0.00   0.00
sda              0.00      0.00     0.00   0.00    0.00     0.00  172.00    988.00    31.00  15.27    0.70     5.74    0.00      0.00     0.00   0.00    0.00     0.00    0.00    0.00    0.12   2.40
sdb              0.00      0.00     0.00   0.00    0.00     0.00  914.00  28084.00   107.00  10.48    0.06    30.73    0.00      0.00     0.00   0.00    0.00     0.00    0.00    0.00    0.06  47.60


avg-cpu:  %user   %nice %system %iowait  %steal   %idle
           0.65    0.00    0.79    0.03    0.00   98.54

Device            r/s     rkB/s   rrqm/s  %rrqm r_await rareq-sz     w/s     wkB/s   wrqm/s  %wrqm w_await wareq-sz     d/s     dkB/s   drqm/s  %drqm d_await dareq-sz     f/s f_await  aqu-sz  %util
dm-0             0.00      0.00     0.00   0.00    0.00     0.00  213.00  13632.00     0.00   0.00    0.06    64.00    0.00      0.00     0.00   0.00    0.00     0.00    0.00    0.00    0.01  48.00
dm-1             0.00      0.00     0.00   0.00    0.00     0.00  773.00  15872.00     0.00   0.00    0.06    20.53    0.00      0.00     0.00   0.00    0.00     0.00    0.00    0.00    0.05  51.20
loop0            0.00      0.00     0.00   0.00    0.00     0.00    0.00      0.00     0.00   0.00    0.00     0.00    0.00      0.00     0.00   0.00    0.00     0.00    0.00    0.00    0.00   0.00
loop1            0.00      0.00     0.00   0.00    0.00     0.00    0.00      0.00     0.00   0.00    0.00     0.00    0.00      0.00     0.00   0.00    0.00     0.00    0.00    0.00    0.00   0.00
loop10           0.00      0.00     0.00   0.00    0.00     0.00 1005.00   2196.00     0.00   0.00    0.03     2.19    0.00      0.00     0.00   0.00    0.00     0.00  456.00    0.02    0.04  51.60
loop2            0.00      0.00     0.00   0.00    0.00     0.00    0.00      0.00     0.00   0.00    0.00     0.00    0.00      0.00     0.00   0.00    0.00     0.00    0.00    0.00    0.00   0.00
loop3            0.00      0.00     0.00   0.00    0.00     0.00    0.00      0.00     0.00   0.00    0.00     0.00    0.00      0.00     0.00   0.00    0.00     0.00    0.00    0.00    0.00   0.00
loop4            0.00      0.00     0.00   0.00    0.00     0.00    0.00      0.00     0.00   0.00    0.00     0.00    0.00      0.00     0.00   0.00    0.00     0.00    0.00    0.00    0.00   0.00
loop5            0.00      0.00     0.00   0.00    0.00     0.00    0.00      0.00     0.00   0.00    0.00     0.00    0.00      0.00     0.00   0.00    0.00     0.00    0.00    0.00    0.00   0.00
loop6            0.00      0.00     0.00   0.00    0.00     0.00    0.00      0.00     0.00   0.00    0.00     0.00    0.00      0.00     0.00   0.00    0.00     0.00    0.00    0.00    0.00   0.00
loop7            0.00      0.00     0.00   0.00    0.00     0.00    0.00      0.00     0.00   0.00    0.00     0.00    0.00      0.00     0.00   0.00    0.00     0.00    0.00    0.00    0.00   0.00
sda              0.00      0.00     0.00   0.00    0.00     0.00   28.00    284.00    33.00  54.10    1.07    10.14    0.00      0.00     0.00   0.00    0.00     0.00    0.00    0.00    0.03   2.40
sdb              0.00      0.00     0.00   0.00    0.00     0.00  890.00  29504.00    96.00   9.74    0.06    33.15    0.00      0.00     0.00   0.00    0.00     0.00    0.00    0.00    0.06  53.20


avg-cpu:  %user   %nice %system %iowait  %steal   %idle
           0.69    0.00    0.90    0.02    0.00   98.39

Device            r/s     rkB/s   rrqm/s  %rrqm r_await rareq-sz     w/s     wkB/s   wrqm/s  %wrqm w_await wareq-sz     d/s     dkB/s   drqm/s  %drqm d_await dareq-sz     f/s f_await  aqu-sz  %util
dm-0             0.00      0.00     0.00   0.00    0.00     0.00  224.00  14336.00     0.00   0.00    0.12    64.00    0.00      0.00     0.00   0.00    0.00     0.00    0.00    0.00    0.03  48.80
dm-1             0.00      0.00     0.00   0.00    0.00     0.00  881.00  16964.00     0.00   0.00    0.06    19.26    0.00      0.00     0.00   0.00    0.00     0.00    0.00    0.00    0.06  51.20
loop0            0.00      0.00     0.00   0.00    0.00     0.00    0.00      0.00     0.00   0.00    0.00     0.00    0.00      0.00     0.00   0.00    0.00     0.00    0.00    0.00    0.00   0.00
loop1            0.00      0.00     0.00   0.00    0.00     0.00    0.00      0.00     0.00   0.00    0.00     0.00    0.00      0.00     0.00   0.00    0.00     0.00    0.00    0.00    0.00   0.00
loop10           0.00      0.00     0.00   0.00    0.00     0.00 1187.00   2604.00     0.00   0.00    0.03     2.19    0.00      0.00     0.00   0.00    0.00     0.00  536.00    0.02    0.05  51.20
loop2            0.00      0.00     0.00   0.00    0.00     0.00    0.00      0.00     0.00   0.00    0.00     0.00    0.00      0.00     0.00   0.00    0.00     0.00    0.00    0.00    0.00   0.00
loop3            0.00      0.00     0.00   0.00    0.00     0.00    0.00      0.00     0.00   0.00    0.00     0.00    0.00      0.00     0.00   0.00    0.00     0.00    0.00    0.00    0.00   0.00
loop4            0.00      0.00     0.00   0.00    0.00     0.00    0.00      0.00     0.00   0.00    0.00     0.00    0.00      0.00     0.00   0.00    0.00     0.00    0.00    0.00    0.00   0.00
loop5            0.00      0.00     0.00   0.00    0.00     0.00    0.00      0.00     0.00   0.00    0.00     0.00    0.00      0.00     0.00   0.00    0.00     0.00    0.00    0.00    0.00   0.00
loop6            0.00      0.00     0.00   0.00    0.00     0.00    0.00      0.00     0.00   0.00    0.00     0.00    0.00      0.00     0.00   0.00    0.00     0.00    0.00    0.00    0.00   0.00
loop7            0.00      0.00     0.00   0.00    0.00     0.00    0.00      0.00     0.00   0.00    0.00     0.00    0.00      0.00     0.00   0.00    0.00     0.00    0.00    0.00    0.00   0.00
sda              0.00      0.00     0.00   0.00    0.00     0.00   12.00    160.00    25.00  67.57    0.00    13.33    0.00      0.00     0.00   0.00    0.00     0.00    0.00    0.00    0.00   1.20
sdb              0.00      0.00     0.00   0.00    0.00     0.00  986.00  31300.00   119.00  10.77    0.06    31.74    0.00      0.00     0.00   0.00    0.00     0.00    0.00    0.00    0.06  52.40


avg-cpu:  %user   %nice %system %iowait  %steal   %idle
           0.74    0.00    0.75    0.03    0.00   98.48

Device            r/s     rkB/s   rrqm/s  %rrqm r_await rareq-sz     w/s     wkB/s   wrqm/s  %wrqm w_await wareq-sz     d/s     dkB/s   drqm/s  %drqm d_await dareq-sz     f/s f_await  aqu-sz  %util
dm-0             0.00      0.00     0.00   0.00    0.00     0.00  209.00  13376.00     0.00   0.00    0.11    64.00    0.00      0.00     0.00   0.00    0.00     0.00    0.00    0.00    0.02  42.40
dm-1             0.00      0.00     0.00   0.00    0.00     0.00  787.00  15692.00     0.00   0.00    0.07    19.94    0.00      0.00     0.00   0.00    0.00     0.00    0.00    0.00    0.05  46.00
loop0            0.00      0.00     0.00   0.00    0.00     0.00    0.00      0.00     0.00   0.00    0.00     0.00    0.00      0.00     0.00   0.00    0.00     0.00    0.00    0.00    0.00   0.00
loop1            0.00      0.00     0.00   0.00    0.00     0.00    0.00      0.00     0.00   0.00    0.00     0.00    0.00      0.00     0.00   0.00    0.00     0.00    0.00    0.00    0.00   0.00
loop10           0.00      0.00     0.00   0.00    0.00     0.00 1041.00   2288.00     0.00   0.00    0.03     2.20    0.00      0.00     0.00   0.00    0.00     0.00  470.00    0.02    0.04  43.60
loop2            0.00      0.00     0.00   0.00    0.00     0.00    0.00      0.00     0.00   0.00    0.00     0.00    0.00      0.00     0.00   0.00    0.00     0.00    0.00    0.00    0.00   0.00
loop3            0.00      0.00     0.00   0.00    0.00     0.00    0.00      0.00     0.00   0.00    0.00     0.00    0.00      0.00     0.00   0.00    0.00     0.00    0.00    0.00    0.00   0.00
loop4            0.00      0.00     0.00   0.00    0.00     0.00    0.00      0.00     0.00   0.00    0.00     0.00    0.00      0.00     0.00   0.00    0.00     0.00    0.00    0.00    0.00   0.00
loop5            0.00      0.00     0.00   0.00    0.00     0.00    0.00      0.00     0.00   0.00    0.00     0.00    0.00      0.00     0.00   0.00    0.00     0.00    0.00    0.00    0.00   0.00
loop6            0.00      0.00     0.00   0.00    0.00     0.00    0.00      0.00     0.00   0.00    0.00     0.00    0.00      0.00     0.00   0.00    0.00     0.00    0.00    0.00    0.00   0.00
loop7            0.00      0.00     0.00   0.00    0.00     0.00    0.00      0.00     0.00   0.00    0.00     0.00    0.00      0.00     0.00   0.00    0.00     0.00    0.00    0.00    0.00   0.00
sda              0.00      0.00     0.00   0.00    0.00     0.00   17.00    208.00    27.00  61.36    0.06    12.24    0.00      0.00     0.00   0.00    0.00     0.00    0.00    0.00    0.00   2.40
sdb              0.00      0.00     0.00   0.00    0.00     0.00  890.00  29068.00   106.00  10.64    0.06    32.66    0.00      0.00     0.00   0.00    0.00     0.00    0.00    0.00    0.06  46.40


avg-cpu:  %user   %nice %system %iowait  %steal   %idle
           0.71    0.00    0.74    0.03    0.00   98.52

Device            r/s     rkB/s   rrqm/s  %rrqm r_await rareq-sz     w/s     wkB/s   wrqm/s  %wrqm w_await wareq-sz     d/s     dkB/s   drqm/s  %drqm d_await dareq-sz     f/s f_await  aqu-sz  %util
dm-0             0.00      0.00     0.00   0.00    0.00     0.00  208.00  13312.00     0.00   0.00    0.02    64.00    0.00      0.00     0.00   0.00    0.00     0.00    0.00    0.00    0.00  44.80
dm-1             0.00      0.00     0.00   0.00    0.00     0.00  761.00  15524.00     0.00   0.00    0.03    20.40    0.00      0.00     0.00   0.00    0.00     0.00    0.00    0.00    0.02  48.00
loop0            0.00      0.00     0.00   0.00    0.00     0.00    0.00      0.00     0.00   0.00    0.00     0.00    0.00      0.00     0.00   0.00    0.00     0.00    0.00    0.00    0.00   0.00
loop1            0.00      0.00     0.00   0.00    0.00     0.00    0.00      0.00     0.00   0.00    0.00     0.00    0.00      0.00     0.00   0.00    0.00     0.00    0.00    0.00    0.00   0.00
loop10           0.00      0.00     0.00   0.00    0.00     0.00  993.00   2188.00     0.00   0.00    0.03     2.20    0.00      0.00     0.00   0.00    0.00     0.00  446.00    0.02    0.04  46.80
loop2            0.00      0.00     0.00   0.00    0.00     0.00    0.00      0.00     0.00   0.00    0.00     0.00    0.00      0.00     0.00   0.00    0.00     0.00    0.00    0.00    0.00   0.00
loop3            0.00      0.00     0.00   0.00    0.00     0.00    0.00      0.00     0.00   0.00    0.00     0.00    0.00      0.00     0.00   0.00    0.00     0.00    0.00    0.00    0.00   0.00
loop4            0.00      0.00     0.00   0.00    0.00     0.00    0.00      0.00     0.00   0.00    0.00     0.00    0.00      0.00     0.00   0.00    0.00     0.00    0.00    0.00    0.00   0.00
loop5            0.00      0.00     0.00   0.00    0.00     0.00    0.00      0.00     0.00   0.00    0.00     0.00    0.00      0.00     0.00   0.00    0.00     0.00    0.00    0.00    0.00   0.00
loop6            0.00      0.00     0.00   0.00    0.00     0.00    0.00      0.00     0.00   0.00    0.00     0.00    0.00      0.00     0.00   0.00    0.00     0.00    0.00    0.00    0.00   0.00
loop7            0.00      0.00     0.00   0.00    0.00     0.00    0.00      0.00     0.00   0.00    0.00     0.00    0.00      0.00     0.00   0.00    0.00     0.00    0.00    0.00    0.00   0.00
sda              0.00      0.00     0.00   0.00    0.00     0.00   11.00    128.00    21.00  65.62    0.09    11.64    0.00      0.00     0.00   0.00    0.00     0.00    0.00    0.00    0.00   0.80
sdb              0.00      0.00     0.00   0.00    0.00     0.00  863.00  28836.00   106.00  10.94    0.06    33.41    0.00      0.00     0.00   0.00    0.00     0.00    0.00    0.00    0.05  48.40


avg-cpu:  %user   %nice %system %iowait  %steal   %idle
           0.63    0.00    0.79    0.02    0.00   98.57

Device            r/s     rkB/s   rrqm/s  %rrqm r_await rareq-sz     w/s     wkB/s   wrqm/s  %wrqm w_await wareq-sz     d/s     dkB/s   drqm/s  %drqm d_await dareq-sz     f/s f_await  aqu-sz  %util
dm-0             0.00      0.00     0.00   0.00    0.00     0.00  208.00  13312.00     0.00   0.00    0.06    64.00    0.00      0.00     0.00   0.00    0.00     0.00    0.00    0.00    0.01  44.40
dm-1             0.00      0.00     0.00   0.00    0.00     0.00  770.00  15560.00     0.00   0.00    0.09    20.21    0.00      0.00     0.00   0.00    0.00     0.00    0.00    0.00    0.07  47.60
loop0            0.00      0.00     0.00   0.00    0.00     0.00    0.00      0.00     0.00   0.00    0.00     0.00    0.00      0.00     0.00   0.00    0.00     0.00    0.00    0.00    0.00   0.00
loop1            0.00      0.00     0.00   0.00    0.00     0.00    0.00      0.00     0.00   0.00    0.00     0.00    0.00      0.00     0.00   0.00    0.00     0.00    0.00    0.00    0.00   0.00
loop10           0.00      0.00     0.00   0.00    0.00     0.00 1007.00   2220.00     0.00   0.00    0.03     2.20    0.00      0.00     0.00   0.00    0.00     0.00  452.00    0.02    0.04  46.80
loop2            0.00      0.00     0.00   0.00    0.00     0.00    0.00      0.00     0.00   0.00    0.00     0.00    0.00      0.00     0.00   0.00    0.00     0.00    0.00    0.00    0.00   0.00
loop3            0.00      0.00     0.00   0.00    0.00     0.00    0.00      0.00     0.00   0.00    0.00     0.00    0.00      0.00     0.00   0.00    0.00     0.00    0.00    0.00    0.00   0.00
loop4            0.00      0.00     0.00   0.00    0.00     0.00    0.00      0.00     0.00   0.00    0.00     0.00    0.00      0.00     0.00   0.00    0.00     0.00    0.00    0.00    0.00   0.00
loop5            0.00      0.00     0.00   0.00    0.00     0.00    0.00      0.00     0.00   0.00    0.00     0.00    0.00      0.00     0.00   0.00    0.00     0.00    0.00    0.00    0.00   0.00
loop6            0.00      0.00     0.00   0.00    0.00     0.00    0.00      0.00     0.00   0.00    0.00     0.00    0.00      0.00     0.00   0.00    0.00     0.00    0.00    0.00    0.00   0.00
loop7            0.00      0.00     0.00   0.00    0.00     0.00    0.00      0.00     0.00   0.00    0.00     0.00    0.00      0.00     0.00   0.00    0.00     0.00    0.00    0.00    0.00   0.00
sda              0.00      0.00     0.00   0.00    0.00     0.00  197.00   1164.00    33.00  14.35    1.29     5.91    0.00      0.00     0.00   0.00    0.00     0.00    0.00    0.00    0.25   3.60
sdb              0.00      0.00     0.00   0.00    0.00     0.00  870.00  28872.00   108.00  11.04    0.07    33.19    0.00      0.00     0.00   0.00    0.00     0.00    0.00    0.00    0.06  48.40


avg-cpu:  %user   %nice %system %iowait  %steal   %idle
           0.89    0.00    0.94    0.03    0.00   98.13

Device            r/s     rkB/s   rrqm/s  %rrqm r_await rareq-sz     w/s     wkB/s   wrqm/s  %wrqm w_await wareq-sz     d/s     dkB/s   drqm/s  %drqm d_await dareq-sz     f/s f_await  aqu-sz  %util
dm-0             0.00      0.00     0.00   0.00    0.00     0.00  216.00  13824.00     0.00   0.00    0.11    64.00    0.00      0.00     0.00   0.00    0.00     0.00    0.00    0.00    0.02  45.60
dm-1             0.00      0.00     0.00   0.00    0.00     0.00  804.00  16176.00     0.00   0.00    0.04    20.12    0.00      0.00     0.00   0.00    0.00     0.00    0.00    0.00    0.04  48.00
loop0            0.00      0.00     0.00   0.00    0.00     0.00    0.00      0.00     0.00   0.00    0.00     0.00    0.00      0.00     0.00   0.00    0.00     0.00    0.00    0.00    0.00   0.00
loop1            0.00      0.00     0.00   0.00    0.00     0.00    0.00      0.00     0.00   0.00    0.00     0.00    0.00      0.00     0.00   0.00    0.00     0.00    0.00    0.00    0.00   0.00
loop10           0.00      0.00     0.00   0.00    0.00     0.00 1084.00   2376.00     0.00   0.00    0.03     2.19    0.00      0.00     0.00   0.00    0.00     0.00  490.00    0.02    0.04  49.20
loop2            0.00      0.00     0.00   0.00    0.00     0.00    0.00      0.00     0.00   0.00    0.00     0.00    0.00      0.00     0.00   0.00    0.00     0.00    0.00    0.00    0.00   0.00
loop3            0.00      0.00     0.00   0.00    0.00     0.00    0.00      0.00     0.00   0.00    0.00     0.00    0.00      0.00     0.00   0.00    0.00     0.00    0.00    0.00    0.00   0.00
loop4            0.00      0.00     0.00   0.00    0.00     0.00    0.00      0.00     0.00   0.00    0.00     0.00    0.00      0.00     0.00   0.00    0.00     0.00    0.00    0.00    0.00   0.00
loop5            0.00      0.00     0.00   0.00    0.00     0.00    0.00      0.00     0.00   0.00    0.00     0.00    0.00      0.00     0.00   0.00    0.00     0.00    0.00    0.00    0.00   0.00
loop6            0.00      0.00     0.00   0.00    0.00     0.00    0.00      0.00     0.00   0.00    0.00     0.00    0.00      0.00     0.00   0.00    0.00     0.00    0.00    0.00    0.00   0.00
loop7            0.00      0.00     0.00   0.00    0.00     0.00    0.00      0.00     0.00   0.00    0.00     0.00    0.00      0.00     0.00   0.00    0.00     0.00    0.00    0.00    0.00   0.00
sda              0.00      0.00     0.00   0.00    0.00     0.00   24.00    212.00    28.00  53.85    0.17     8.83    0.00      0.00     0.00   0.00    0.00     0.00    0.00    0.00    0.00   1.60
sdb              0.00      0.00     0.00   0.00    0.00     0.00  911.00  30000.00   109.00  10.69    0.06    32.93    0.00      0.00     0.00   0.00    0.00     0.00    0.00    0.00    0.06  49.20


avg-cpu:  %user   %nice %system %iowait  %steal   %idle
           0.64    0.00    0.88    0.03    0.00   98.45

Device            r/s     rkB/s   rrqm/s  %rrqm r_await rareq-sz     w/s     wkB/s   wrqm/s  %wrqm w_await wareq-sz     d/s     dkB/s   drqm/s  %drqm d_await dareq-sz     f/s f_await  aqu-sz  %util
dm-0             0.00      0.00     0.00   0.00    0.00     0.00  198.00  12672.00     0.00   0.00    0.04    64.00    0.00      0.00     0.00   0.00    0.00     0.00    0.00    0.00    0.01  42.40
dm-1             0.00      0.00     0.00   0.00    0.00     0.00  756.00  14904.00     0.00   0.00    0.03    19.71    0.00      0.00     0.00   0.00    0.00     0.00    0.00    0.00    0.02  47.60
loop0            0.00      0.00     0.00   0.00    0.00     0.00    0.00      0.00     0.00   0.00    0.00     0.00    0.00      0.00     0.00   0.00    0.00     0.00    0.00    0.00    0.00   0.00
loop1            0.00      0.00     0.00   0.00    0.00     0.00    0.00      0.00     0.00   0.00    0.00     0.00    0.00      0.00     0.00   0.00    0.00     0.00    0.00    0.00    0.00   0.00
loop10           0.00      0.00     0.00   0.00    0.00     0.00 1023.00   2252.00     0.00   0.00    0.03     2.20    0.00      0.00     0.00   0.00    0.00     0.00  460.00    0.02    0.04  47.60
loop2            0.00      0.00     0.00   0.00    0.00     0.00    0.00      0.00     0.00   0.00    0.00     0.00    0.00      0.00     0.00   0.00    0.00     0.00    0.00    0.00    0.00   0.00
loop3            0.00      0.00     0.00   0.00    0.00     0.00    0.00      0.00     0.00   0.00    0.00     0.00    0.00      0.00     0.00   0.00    0.00     0.00    0.00    0.00    0.00   0.00
loop4            0.00      0.00     0.00   0.00    0.00     0.00    0.00      0.00     0.00   0.00    0.00     0.00    0.00      0.00     0.00   0.00    0.00     0.00    0.00    0.00    0.00   0.00
loop5            0.00      0.00     0.00   0.00    0.00     0.00    0.00      0.00     0.00   0.00    0.00     0.00    0.00      0.00     0.00   0.00    0.00     0.00    0.00    0.00    0.00   0.00
loop6            0.00      0.00     0.00   0.00    0.00     0.00    0.00      0.00     0.00   0.00    0.00     0.00    0.00      0.00     0.00   0.00    0.00     0.00    0.00    0.00    0.00   0.00
loop7            0.00      0.00     0.00   0.00    0.00     0.00    0.00      0.00     0.00   0.00    0.00     0.00    0.00      0.00     0.00   0.00    0.00     0.00    0.00    0.00    0.00   0.00
sda              0.00      0.00     0.00   0.00    0.00     0.00   17.00    224.00    30.00  63.83    0.06    13.18    0.00      0.00     0.00   0.00    0.00     0.00    0.00    0.00    0.00   2.80
sdb              0.00      0.00     0.00   0.00    0.00     0.00  848.00  27576.00   106.00  11.11    0.06    32.52    0.00      0.00     0.00   0.00    0.00     0.00    0.00    0.00    0.05  48.40


avg-cpu:  %user   %nice %system %iowait  %steal   %idle
           0.96    0.00    0.94    0.02    0.00   98.08

Device            r/s     rkB/s   rrqm/s  %rrqm r_await rareq-sz     w/s     wkB/s   wrqm/s  %wrqm w_await wareq-sz     d/s     dkB/s   drqm/s  %drqm d_await dareq-sz     f/s f_await  aqu-sz  %util
dm-0             0.00      0.00     0.00   0.00    0.00     0.00  219.00  14016.00     0.00   0.00    0.05    64.00    0.00      0.00     0.00   0.00    0.00     0.00    0.00    0.00    0.01  48.80
dm-1             0.00      0.00     0.00   0.00    0.00     0.00  817.00  16412.00     0.00   0.00    0.07    20.09    0.00      0.00     0.00   0.00    0.00     0.00    0.00    0.00    0.06  51.60
loop0            0.00      0.00     0.00   0.00    0.00     0.00    0.00      0.00     0.00   0.00    0.00     0.00    0.00      0.00     0.00   0.00    0.00     0.00    0.00    0.00    0.00   0.00
loop1            0.00      0.00     0.00   0.00    0.00     0.00    0.00      0.00     0.00   0.00    0.00     0.00    0.00      0.00     0.00   0.00    0.00     0.00    0.00    0.00    0.00   0.00
loop10           0.00      0.00     0.00   0.00    0.00     0.00 1089.00   2388.00     0.00   0.00    0.03     2.19    0.00      0.00     0.00   0.00    0.00     0.00  492.00    0.02    0.04  52.00
loop2            0.00      0.00     0.00   0.00    0.00     0.00    0.00      0.00     0.00   0.00    0.00     0.00    0.00      0.00     0.00   0.00    0.00     0.00    0.00    0.00    0.00   0.00
loop3            0.00      0.00     0.00   0.00    0.00     0.00    0.00      0.00     0.00   0.00    0.00     0.00    0.00      0.00     0.00   0.00    0.00     0.00    0.00    0.00    0.00   0.00
loop4            0.00      0.00     0.00   0.00    0.00     0.00    0.00      0.00     0.00   0.00    0.00     0.00    0.00      0.00     0.00   0.00    0.00     0.00    0.00    0.00    0.00   0.00
loop5            0.00      0.00     0.00   0.00    0.00     0.00    0.00      0.00     0.00   0.00    0.00     0.00    0.00      0.00     0.00   0.00    0.00     0.00    0.00    0.00    0.00   0.00
loop6            0.00      0.00     0.00   0.00    0.00     0.00    0.00      0.00     0.00   0.00    0.00     0.00    0.00      0.00     0.00   0.00    0.00     0.00    0.00    0.00    0.00   0.00
loop7            0.00      0.00     0.00   0.00    0.00     0.00    0.00      0.00     0.00   0.00    0.00     0.00    0.00      0.00     0.00   0.00    0.00     0.00    0.00    0.00    0.00   0.00
sda              0.00      0.00     0.00   0.00    0.00     0.00   12.00    160.00    24.00  66.67    0.08    13.33    0.00      0.00     0.00   0.00    0.00     0.00    0.00    0.00    0.00   1.60
sdb              0.00      0.00     0.00   0.00    0.00     0.00  925.00  30428.00   111.00  10.71    0.06    32.90    0.00      0.00     0.00   0.00    0.00     0.00    0.00    0.00    0.06  53.60


avg-cpu:  %user   %nice %system %iowait  %steal   %idle
           1.18    0.00    0.93    0.03    0.00   97.86

Device            r/s     rkB/s   rrqm/s  %rrqm r_await rareq-sz     w/s     wkB/s   wrqm/s  %wrqm w_await wareq-sz     d/s     dkB/s   drqm/s  %drqm d_await dareq-sz     f/s f_await  aqu-sz  %util
dm-0             0.00      0.00     0.00   0.00    0.00     0.00  213.00  13632.00     0.00   0.00    0.04    64.00    0.00      0.00     0.00   0.00    0.00     0.00    0.00    0.00    0.01  42.80
dm-1             0.00      0.00     0.00   0.00    0.00     0.00  808.00  16012.00     0.00   0.00    0.07    19.82    0.00      0.00     0.00   0.00    0.00     0.00    0.00    0.00    0.06  48.00
loop0            0.00      0.00     0.00   0.00    0.00     0.00    0.00      0.00     0.00   0.00    0.00     0.00    0.00      0.00     0.00   0.00    0.00     0.00    0.00    0.00    0.00   0.00
loop1            0.00      0.00     0.00   0.00    0.00     0.00    0.00      0.00     0.00   0.00    0.00     0.00    0.00      0.00     0.00   0.00    0.00     0.00    0.00    0.00    0.00   0.00
loop10           0.00      0.00     0.00   0.00    0.00     0.00 1058.00   2332.00     0.00   0.00    0.03     2.20    0.00      0.00     0.00   0.00    0.00     0.00  476.00    0.01    0.04  46.80
loop2            0.00      0.00     0.00   0.00    0.00     0.00    0.00      0.00     0.00   0.00    0.00     0.00    0.00      0.00     0.00   0.00    0.00     0.00    0.00    0.00    0.00   0.00
loop3            0.00      0.00     0.00   0.00    0.00     0.00    0.00      0.00     0.00   0.00    0.00     0.00    0.00      0.00     0.00   0.00    0.00     0.00    0.00    0.00    0.00   0.00
loop4            0.00      0.00     0.00   0.00    0.00     0.00    0.00      0.00     0.00   0.00    0.00     0.00    0.00      0.00     0.00   0.00    0.00     0.00    0.00    0.00    0.00   0.00
loop5            0.00      0.00     0.00   0.00    0.00     0.00    0.00      0.00     0.00   0.00    0.00     0.00    0.00      0.00     0.00   0.00    0.00     0.00    0.00    0.00    0.00   0.00
loop6            0.00      0.00     0.00   0.00    0.00     0.00    0.00      0.00     0.00   0.00    0.00     0.00    0.00      0.00     0.00   0.00    0.00     0.00    0.00    0.00    0.00   0.00
loop7            0.00      0.00     0.00   0.00    0.00     0.00    0.00      0.00     0.00   0.00    0.00     0.00    0.00      0.00     0.00   0.00    0.00     0.00    0.00    0.00    0.00   0.00
sda              0.00      0.00     0.00   0.00    0.00     0.00    9.00    100.00    16.00  64.00    0.00    11.11    0.00      0.00     0.00   0.00    0.00     0.00    0.00    0.00    0.00   1.20
sdb              0.00      0.00     0.00   0.00    0.00     0.00  909.00  29644.00   112.00  10.97    0.06    32.61    0.00      0.00     0.00   0.00    0.00     0.00    0.00    0.00    0.06  48.80


avg-cpu:  %user   %nice %system %iowait  %steal   %idle
           1.23    0.00    1.24    0.03    0.00   97.50

Device            r/s     rkB/s   rrqm/s  %rrqm r_await rareq-sz     w/s     wkB/s   wrqm/s  %wrqm w_await wareq-sz     d/s     dkB/s   drqm/s  %drqm d_await dareq-sz     f/s f_await  aqu-sz  %util
dm-0             0.00      0.00     0.00   0.00    0.00     0.00  197.00  12608.00     0.00   0.00    0.08    64.00    0.00      0.00     0.00   0.00    0.00     0.00    0.00    0.00    0.02  43.20
dm-1             0.00      0.00     0.00   0.00    0.00     0.00  776.00  14924.00     0.00   0.00    0.08    19.23    0.00      0.00     0.00   0.00    0.00     0.00    0.00    0.00    0.06  46.40
loop0            0.00      0.00     0.00   0.00    0.00     0.00    0.00      0.00     0.00   0.00    0.00     0.00    0.00      0.00     0.00   0.00    0.00     0.00    0.00    0.00    0.00   0.00
loop1            0.00      0.00     0.00   0.00    0.00     0.00    0.00      0.00     0.00   0.00    0.00     0.00    0.00      0.00     0.00   0.00    0.00     0.00    0.00    0.00    0.00   0.00
loop10           0.00      0.00     0.00   0.00    0.00     0.00 1064.00   4364.00     0.00   0.00    0.03     4.10    0.00      0.00     0.00   0.00    0.00     0.00  481.00    0.02    0.04  45.60
loop2            0.00      0.00     0.00   0.00    0.00     0.00    0.00      0.00     0.00   0.00    0.00     0.00    0.00      0.00     0.00   0.00    0.00     0.00    0.00    0.00    0.00   0.00
loop3            0.00      0.00     0.00   0.00    0.00     0.00    0.00      0.00     0.00   0.00    0.00     0.00    0.00      0.00     0.00   0.00    0.00     0.00    0.00    0.00    0.00   0.00
loop4            0.00      0.00     0.00   0.00    0.00     0.00    0.00      0.00     0.00   0.00    0.00     0.00    0.00      0.00     0.00   0.00    0.00     0.00    0.00    0.00    0.00   0.00
loop5            0.00      0.00     0.00   0.00    0.00     0.00    0.00      0.00     0.00   0.00    0.00     0.00    0.00      0.00     0.00   0.00    0.00     0.00    0.00    0.00    0.00   0.00
loop6            0.00      0.00     0.00   0.00    0.00     0.00    0.00      0.00     0.00   0.00    0.00     0.00    0.00      0.00     0.00   0.00    0.00     0.00    0.00    0.00    0.00   0.00
loop7            0.00      0.00     0.00   0.00    0.00     0.00    0.00      0.00     0.00   0.00    0.00     0.00    0.00      0.00     0.00   0.00    0.00     0.00    0.00    0.00    0.00   0.00
sda              1.00      4.00     0.00   0.00    0.00     4.00  218.00  45260.00    72.00  24.83    0.68   207.61    0.00      0.00     0.00   0.00    0.00     0.00    0.00    0.00    0.15   5.20
sdb              0.00      0.00     0.00   0.00    0.00     0.00  870.00  27532.00   103.00  10.59    0.08    31.65    0.00      0.00     0.00   0.00    0.00     0.00    0.00    0.00    0.07  46.80


avg-cpu:  %user   %nice %system %iowait  %steal   %idle
           0.06    0.00    0.05    0.00    0.00   99.89

Device            r/s     rkB/s   rrqm/s  %rrqm r_await rareq-sz     w/s     wkB/s   wrqm/s  %wrqm w_await wareq-sz     d/s     dkB/s   drqm/s  %drqm d_await dareq-sz     f/s f_await  aqu-sz  %util
dm-0             0.00      0.00     0.00   0.00    0.00     0.00    2.00    128.00     0.00   0.00    0.00    64.00    0.00      0.00     0.00   0.00    0.00     0.00    0.00    0.00    0.00   0.80
dm-1             0.00      0.00     0.00   0.00    0.00     0.00   25.00    220.00     0.00   0.00    0.00     8.80    0.00      0.00     0.00   0.00    0.00     0.00    0.00    0.00    0.00   1.60
loop0            0.00      0.00     0.00   0.00    0.00     0.00    0.00      0.00     0.00   0.00    0.00     0.00    0.00      0.00     0.00   0.00    0.00     0.00    0.00    0.00    0.00   0.00
loop1            0.00      0.00     0.00   0.00    0.00     0.00    0.00      0.00     0.00   0.00    0.00     0.00    0.00      0.00     0.00   0.00    0.00     0.00    0.00    0.00    0.00   0.00
loop10           0.00      0.00     0.00   0.00    0.00     0.00   40.00     96.00     0.00   0.00    0.05     2.40    0.00      0.00     0.00   0.00    0.00     0.00   16.00    0.06    0.00   1.60
loop2            0.00      0.00     0.00   0.00    0.00     0.00    0.00      0.00     0.00   0.00    0.00     0.00    0.00      0.00     0.00   0.00    0.00     0.00    0.00    0.00    0.00   0.00
loop3            0.00      0.00     0.00   0.00    0.00     0.00    0.00      0.00     0.00   0.00    0.00     0.00    0.00      0.00     0.00   0.00    0.00     0.00    0.00    0.00    0.00   0.00
loop4            0.00      0.00     0.00   0.00    0.00     0.00    0.00      0.00     0.00   0.00    0.00     0.00    0.00      0.00     0.00   0.00    0.00     0.00    0.00    0.00    0.00   0.00
loop5            0.00      0.00     0.00   0.00    0.00     0.00    0.00      0.00     0.00   0.00    0.00     0.00    0.00      0.00     0.00   0.00    0.00     0.00    0.00    0.00    0.00   0.00
loop6            0.00      0.00     0.00   0.00    0.00     0.00    0.00      0.00     0.00   0.00    0.00     0.00    0.00      0.00     0.00   0.00    0.00     0.00    0.00    0.00    0.00   0.00
loop7            0.00      0.00     0.00   0.00    0.00     0.00    0.00      0.00     0.00   0.00    0.00     0.00    0.00      0.00     0.00   0.00    0.00     0.00    0.00    0.00    0.00   0.00
sda              0.00      0.00     0.00   0.00    0.00     0.00  221.00   1292.00    24.00   9.80    1.60     5.85    0.00      0.00     0.00   0.00    0.00     0.00    0.00    0.00    0.35   1.60
sdb              0.00      0.00     0.00   0.00    0.00     0.00   18.00    348.00     9.00  33.33    0.06    19.33    0.00      0.00     0.00   0.00    0.00     0.00    0.00    0.00    0.00   1.60


avg-cpu:  %user   %nice %system %iowait  %steal   %idle
           4.73    0.00    2.88    0.11    0.00   92.27

Device            r/s     rkB/s   rrqm/s  %rrqm r_await rareq-sz     w/s     wkB/s   wrqm/s  %wrqm w_await wareq-sz     d/s     dkB/s   drqm/s  %drqm d_await dareq-sz     f/s f_await  aqu-sz  %util
dm-0             0.00      0.00     0.00   0.00    0.00     0.00    1.00      4.00     0.00   0.00    0.00     4.00    0.00      0.00     0.00   0.00    0.00     0.00    0.00    0.00    0.00   0.40
dm-1             0.00      0.00     0.00   0.00    0.00     0.00 5336.00  21472.00     0.00   0.00    0.04     4.02    0.00      0.00     0.00   0.00    0.00     0.00    0.00    0.00    0.20  41.60
loop0            0.00      0.00     0.00   0.00    0.00     0.00    0.00      0.00     0.00   0.00    0.00     0.00    0.00      0.00     0.00   0.00    0.00     0.00    0.00    0.00    0.00   0.00
loop1            0.00      0.00     0.00   0.00    0.00     0.00    0.00      0.00     0.00   0.00    0.00     0.00    0.00      0.00     0.00   0.00    0.00     0.00    0.00    0.00    0.00   0.00
loop10           0.00      0.00     0.00   0.00    0.00     0.00 8909.00  21616.00     0.00   0.00    0.02     2.43    0.00      0.00     0.00   0.00    0.00     0.00 3506.00    0.01    0.21  41.60
loop2            0.00      0.00     0.00   0.00    0.00     0.00    0.00      0.00     0.00   0.00    0.00     0.00    0.00      0.00     0.00   0.00    0.00     0.00    0.00    0.00    0.00   0.00
loop3            0.00      0.00     0.00   0.00    0.00     0.00    0.00      0.00     0.00   0.00    0.00     0.00    0.00      0.00     0.00   0.00    0.00     0.00    0.00    0.00    0.00   0.00
loop4            0.00      0.00     0.00   0.00    0.00     0.00    0.00      0.00     0.00   0.00    0.00     0.00    0.00      0.00     0.00   0.00    0.00     0.00    0.00    0.00    0.00   0.00
loop5            0.00      0.00     0.00   0.00    0.00     0.00    0.00      0.00     0.00   0.00    0.00     0.00    0.00      0.00     0.00   0.00    0.00     0.00    0.00    0.00    0.00   0.00
loop6            0.00      0.00     0.00   0.00    0.00     0.00    0.00      0.00     0.00   0.00    0.00     0.00    0.00      0.00     0.00   0.00    0.00     0.00    0.00    0.00    0.00   0.00
loop7            0.00      0.00     0.00   0.00    0.00     0.00    0.00      0.00     0.00   0.00    0.00     0.00    0.00      0.00     0.00   0.00    0.00     0.00    0.00    0.00    0.00   0.00
sda              0.00      0.00     0.00   0.00    0.00     0.00   17.00    228.00    31.00  64.58    0.06    13.41    0.00      0.00     0.00   0.00    0.00     0.00    0.00    0.00    0.00   1.60
sdb              0.00      0.00     0.00   0.00    0.00     0.00 3385.00  21476.00  1952.00  36.57    0.04     6.34    0.00      0.00     0.00   0.00    0.00     0.00    0.00    0.00    0.12  41.60


avg-cpu:  %user   %nice %system %iowait  %steal   %idle
           6.84    0.00    3.90    0.14    0.00   89.12

Device            r/s     rkB/s   rrqm/s  %rrqm r_await rareq-sz     w/s     wkB/s   wrqm/s  %wrqm w_await wareq-sz     d/s     dkB/s   drqm/s  %drqm d_await dareq-sz     f/s f_await  aqu-sz  %util
dm-0             0.00      0.00     0.00   0.00    0.00     0.00    0.00      0.00     0.00   0.00    0.00     0.00    0.00      0.00     0.00   0.00    0.00     0.00    0.00    0.00    0.00   0.00
dm-1             0.00      0.00     0.00   0.00    0.00     0.00 6434.00  25744.00     0.00   0.00    0.03     4.00    0.00      0.00     0.00   0.00    0.00     0.00    0.00    0.00    0.20  92.40
loop0            0.00      0.00     0.00   0.00    0.00     0.00    0.00      0.00     0.00   0.00    0.00     0.00    0.00      0.00     0.00   0.00    0.00     0.00    0.00    0.00    0.00   0.00
loop1            0.00      0.00     0.00   0.00    0.00     0.00    0.00      0.00     0.00   0.00    0.00     0.00    0.00      0.00     0.00   0.00    0.00     0.00    0.00    0.00    0.00   0.00
loop10           0.00      0.00     0.00   0.00    0.00     0.00 11165.00  29100.00     0.00   0.00    0.02     2.61    0.00      0.00     0.00   0.00    0.00     0.00 4400.00    0.01    0.31  93.60
loop2            0.00      0.00     0.00   0.00    0.00     0.00    0.00      0.00     0.00   0.00    0.00     0.00    0.00      0.00     0.00   0.00    0.00     0.00    0.00    0.00    0.00   0.00
loop3            0.00      0.00     0.00   0.00    0.00     0.00    0.00      0.00     0.00   0.00    0.00     0.00    0.00      0.00     0.00   0.00    0.00     0.00    0.00    0.00    0.00   0.00
loop4            0.00      0.00     0.00   0.00    0.00     0.00    0.00      0.00     0.00   0.00    0.00     0.00    0.00      0.00     0.00   0.00    0.00     0.00    0.00    0.00    0.00   0.00
loop5            0.00      0.00     0.00   0.00    0.00     0.00    0.00      0.00     0.00   0.00    0.00     0.00    0.00      0.00     0.00   0.00    0.00     0.00    0.00    0.00    0.00   0.00
loop6            0.00      0.00     0.00   0.00    0.00     0.00    0.00      0.00     0.00   0.00    0.00     0.00    0.00      0.00     0.00   0.00    0.00     0.00    0.00    0.00    0.00   0.00
loop7            0.00      0.00     0.00   0.00    0.00     0.00    0.00      0.00     0.00   0.00    0.00     0.00    0.00      0.00     0.00   0.00    0.00     0.00    0.00    0.00    0.00   0.00
sda              0.00      0.00     0.00   0.00    0.00     0.00   12.00    200.00    26.00  68.42    0.25    16.67    0.00      0.00     0.00   0.00    0.00     0.00    0.00    0.00    0.00   1.20
sdb              0.00      0.00     0.00   0.00    0.00     0.00 4005.00  25744.00  2429.00  37.75    0.04     6.43    0.00      0.00     0.00   0.00    0.00     0.00    0.00    0.00    0.15  92.40


avg-cpu:  %user   %nice %system %iowait  %steal   %idle
           6.47    0.00    3.55    0.13    0.00   89.85

Device            r/s     rkB/s   rrqm/s  %rrqm r_await rareq-sz     w/s     wkB/s   wrqm/s  %wrqm w_await wareq-sz     d/s     dkB/s   drqm/s  %drqm d_await dareq-sz     f/s f_await  aqu-sz  %util
dm-0             0.00      0.00     0.00   0.00    0.00     0.00    0.00      0.00     0.00   0.00    0.00     0.00    0.00      0.00     0.00   0.00    0.00     0.00    0.00    0.00    0.00   0.00
dm-1             0.00      0.00     0.00   0.00    0.00     0.00 5988.00  24080.00     0.00   0.00    0.03     4.02    0.00      0.00     0.00   0.00    0.00     0.00    0.00    0.00    0.20  95.60
loop0            0.00      0.00     0.00   0.00    0.00     0.00    0.00      0.00     0.00   0.00    0.00     0.00    0.00      0.00     0.00   0.00    0.00     0.00    0.00    0.00    0.00   0.00
loop1            0.00      0.00     0.00   0.00    0.00     0.00    0.00      0.00     0.00   0.00    0.00     0.00    0.00      0.00     0.00   0.00    0.00     0.00    0.00    0.00    0.00   0.00
loop10           0.00      0.00     0.00   0.00    0.00     0.00 9758.00  23648.00     0.00   0.00    0.02     2.42    0.00      0.00     0.00   0.00    0.00     0.00 3848.00    0.01    0.29  95.60
loop2            0.00      0.00     0.00   0.00    0.00     0.00    0.00      0.00     0.00   0.00    0.00     0.00    0.00      0.00     0.00   0.00    0.00     0.00    0.00    0.00    0.00   0.00
loop3            0.00      0.00     0.00   0.00    0.00     0.00    0.00      0.00     0.00   0.00    0.00     0.00    0.00      0.00     0.00   0.00    0.00     0.00    0.00    0.00    0.00   0.00
loop4            0.00      0.00     0.00   0.00    0.00     0.00    0.00      0.00     0.00   0.00    0.00     0.00    0.00      0.00     0.00   0.00    0.00     0.00    0.00    0.00    0.00   0.00
loop5            0.00      0.00     0.00   0.00    0.00     0.00    0.00      0.00     0.00   0.00    0.00     0.00    0.00      0.00     0.00   0.00    0.00     0.00    0.00    0.00    0.00   0.00
loop6            0.00      0.00     0.00   0.00    0.00     0.00    0.00      0.00     0.00   0.00    0.00     0.00    0.00      0.00     0.00   0.00    0.00     0.00    0.00    0.00    0.00   0.00
loop7            0.00      0.00     0.00   0.00    0.00     0.00    0.00      0.00     0.00   0.00    0.00     0.00    0.00      0.00     0.00   0.00    0.00     0.00    0.00    0.00    0.00   0.00
sda              0.00      0.00     0.00   0.00    0.00     0.00   19.00    252.00    33.00  63.46    0.26    13.26    0.00      0.00     0.00   0.00    0.00     0.00    0.00    0.00    0.01   2.00
sdb              0.00      0.00     0.00   0.00    0.00     0.00 3870.00  24080.00  2118.00  35.37    0.04     6.22    0.00      0.00     0.00   0.00    0.00     0.00    0.00    0.00    0.15  95.60


avg-cpu:  %user   %nice %system %iowait  %steal   %idle
           6.72    0.00    3.84    0.14    0.00   89.29

Device            r/s     rkB/s   rrqm/s  %rrqm r_await rareq-sz     w/s     wkB/s   wrqm/s  %wrqm w_await wareq-sz     d/s     dkB/s   drqm/s  %drqm d_await dareq-sz     f/s f_await  aqu-sz  %util
dm-0             0.00      0.00     0.00   0.00    0.00     0.00    0.00      0.00     0.00   0.00    0.00     0.00    0.00      0.00     0.00   0.00    0.00     0.00    0.00    0.00    0.00   0.00
dm-1             0.00      0.00     0.00   0.00    0.00     0.00 5971.00  23892.00     0.00   0.00    0.03     4.00    0.00      0.00     0.00   0.00    0.00     0.00    0.00    0.00    0.16  97.20
loop0            0.00      0.00     0.00   0.00    0.00     0.00    0.00      0.00     0.00   0.00    0.00     0.00    0.00      0.00     0.00   0.00    0.00     0.00    0.00    0.00    0.00   0.00
loop1            0.00      0.00     0.00   0.00    0.00     0.00    0.00      0.00     0.00   0.00    0.00     0.00    0.00      0.00     0.00   0.00    0.00     0.00    0.00    0.00    0.00   0.00
loop10           0.00      0.00     0.00   0.00    0.00     0.00 9835.00  25844.00     0.00   0.00    0.02     2.63    0.00      0.00     0.00   0.00    0.00     0.00 3884.00    0.01    0.30  96.00
loop2            0.00      0.00     0.00   0.00    0.00     0.00    0.00      0.00     0.00   0.00    0.00     0.00    0.00      0.00     0.00   0.00    0.00     0.00    0.00    0.00    0.00   0.00
loop3            0.00      0.00     0.00   0.00    0.00     0.00    0.00      0.00     0.00   0.00    0.00     0.00    0.00      0.00     0.00   0.00    0.00     0.00    0.00    0.00    0.00   0.00
loop4            0.00      0.00     0.00   0.00    0.00     0.00    0.00      0.00     0.00   0.00    0.00     0.00    0.00      0.00     0.00   0.00    0.00     0.00    0.00    0.00    0.00   0.00
loop5            0.00      0.00     0.00   0.00    0.00     0.00    0.00      0.00     0.00   0.00    0.00     0.00    0.00      0.00     0.00   0.00    0.00     0.00    0.00    0.00    0.00   0.00
loop6            0.00      0.00     0.00   0.00    0.00     0.00    0.00      0.00     0.00   0.00    0.00     0.00    0.00      0.00     0.00   0.00    0.00     0.00    0.00    0.00    0.00   0.00
loop7            0.00      0.00     0.00   0.00    0.00     0.00    0.00      0.00     0.00   0.00    0.00     0.00    0.00      0.00     0.00   0.00    0.00     0.00    0.00    0.00    0.00   0.00
sda              0.00      0.00     0.00   0.00    0.00     0.00   20.00    232.00    31.00  60.78    0.05    11.60    0.00      0.00     0.00   0.00    0.00     0.00    0.00    0.00    0.00   2.40
sdb              0.00      0.00     0.00   0.00    0.00     0.00 3846.00  23892.00  2125.00  35.59    0.04     6.21    0.00      0.00     0.00   0.00    0.00     0.00    0.00    0.00    0.15  97.20


avg-cpu:  %user   %nice %system %iowait  %steal   %idle
           6.21    0.00    3.43    0.14    0.00   90.22

Device            r/s     rkB/s   rrqm/s  %rrqm r_await rareq-sz     w/s     wkB/s   wrqm/s  %wrqm w_await wareq-sz     d/s     dkB/s   drqm/s  %drqm d_await dareq-sz     f/s f_await  aqu-sz  %util
dm-0             0.00      0.00     0.00   0.00    0.00     0.00    0.00      0.00     0.00   0.00    0.00     0.00    0.00      0.00     0.00   0.00    0.00     0.00    0.00    0.00    0.00   0.00
dm-1             0.00      0.00     0.00   0.00    0.00     0.00 5661.00  22768.00     0.00   0.00    0.04     4.02    0.00      0.00     0.00   0.00    0.00     0.00    0.00    0.00    0.21  93.20
loop0            0.00      0.00     0.00   0.00    0.00     0.00    0.00      0.00     0.00   0.00    0.00     0.00    0.00      0.00     0.00   0.00    0.00     0.00    0.00    0.00    0.00   0.00
loop1            0.00      0.00     0.00   0.00    0.00     0.00    0.00      0.00     0.00   0.00    0.00     0.00    0.00      0.00     0.00   0.00    0.00     0.00    0.00    0.00    0.00   0.00
loop10           0.00      0.00     0.00   0.00    0.00     0.00 8798.00  21708.00     0.00   0.00    0.03     2.47    0.00      0.00     0.00   0.00    0.00     0.00 3372.00    0.02    0.29  92.80
loop2            0.00      0.00     0.00   0.00    0.00     0.00    0.00      0.00     0.00   0.00    0.00     0.00    0.00      0.00     0.00   0.00    0.00     0.00    0.00    0.00    0.00   0.00
loop3            0.00      0.00     0.00   0.00    0.00     0.00    0.00      0.00     0.00   0.00    0.00     0.00    0.00      0.00     0.00   0.00    0.00     0.00    0.00    0.00    0.00   0.00
loop4            0.00      0.00     0.00   0.00    0.00     0.00    0.00      0.00     0.00   0.00    0.00     0.00    0.00      0.00     0.00   0.00    0.00     0.00    0.00    0.00    0.00   0.00
loop5            0.00      0.00     0.00   0.00    0.00     0.00    0.00      0.00     0.00   0.00    0.00     0.00    0.00      0.00     0.00   0.00    0.00     0.00    0.00    0.00    0.00   0.00
loop6            0.00      0.00     0.00   0.00    0.00     0.00    0.00      0.00     0.00   0.00    0.00     0.00    0.00      0.00     0.00   0.00    0.00     0.00    0.00    0.00    0.00   0.00
loop7            0.00      0.00     0.00   0.00    0.00     0.00    0.00      0.00     0.00   0.00    0.00     0.00    0.00      0.00     0.00   0.00    0.00     0.00    0.00    0.00    0.00   0.00
sda              0.00      0.00     0.00   0.00    0.00     0.00  166.00    908.00    24.00  12.63    0.97     5.47    0.00      0.00     0.00   0.00    0.00     0.00    0.00    0.00    0.16   1.20
sdb              0.00      0.00     0.00   0.00    0.00     0.00 3549.00  22768.00  2112.00  37.31    0.04     6.42    0.00      0.00     0.00   0.00    0.00     0.00    0.00    0.00    0.14  93.20


avg-cpu:  %user   %nice %system %iowait  %steal   %idle
           6.83    0.00    3.76    0.14    0.00   89.27

Device            r/s     rkB/s   rrqm/s  %rrqm r_await rareq-sz     w/s     wkB/s   wrqm/s  %wrqm w_await wareq-sz     d/s     dkB/s   drqm/s  %drqm d_await dareq-sz     f/s f_await  aqu-sz  %util
dm-0             0.00      0.00     0.00   0.00    0.00     0.00    0.00      0.00     0.00   0.00    0.00     0.00    0.00      0.00     0.00   0.00    0.00     0.00    0.00    0.00    0.00   0.00
dm-1             0.00      0.00     0.00   0.00    0.00     0.00 6036.00  24152.00     0.00   0.00    0.04     4.00    0.00      0.00     0.00   0.00    0.00     0.00    0.00    0.00    0.25  94.40
loop0            0.00      0.00     0.00   0.00    0.00     0.00    0.00      0.00     0.00   0.00    0.00     0.00    0.00      0.00     0.00   0.00    0.00     0.00    0.00    0.00    0.00   0.00
loop1            0.00      0.00     0.00   0.00    0.00     0.00    0.00      0.00     0.00   0.00    0.00     0.00    0.00      0.00     0.00   0.00    0.00     0.00    0.00    0.00    0.00   0.00
loop10           0.00      0.00     0.00   0.00    0.00     0.00 9775.00  25860.00     0.00   0.00    0.03     2.65    0.00      0.00     0.00   0.00    0.00     0.00 3821.00    0.01    0.31  94.80
loop2            0.00      0.00     0.00   0.00    0.00     0.00    0.00      0.00     0.00   0.00    0.00     0.00    0.00      0.00     0.00   0.00    0.00     0.00    0.00    0.00    0.00   0.00
loop3            0.00      0.00     0.00   0.00    0.00     0.00    0.00      0.00     0.00   0.00    0.00     0.00    0.00      0.00     0.00   0.00    0.00     0.00    0.00    0.00    0.00   0.00
loop4            0.00      0.00     0.00   0.00    0.00     0.00    0.00      0.00     0.00   0.00    0.00     0.00    0.00      0.00     0.00   0.00    0.00     0.00    0.00    0.00    0.00   0.00
loop5            0.00      0.00     0.00   0.00    0.00     0.00    0.00      0.00     0.00   0.00    0.00     0.00    0.00      0.00     0.00   0.00    0.00     0.00    0.00    0.00    0.00   0.00
loop6            0.00      0.00     0.00   0.00    0.00     0.00    0.00      0.00     0.00   0.00    0.00     0.00    0.00      0.00     0.00   0.00    0.00     0.00    0.00    0.00    0.00   0.00
loop7            0.00      0.00     0.00   0.00    0.00     0.00    0.00      0.00     0.00   0.00    0.00     0.00    0.00      0.00     0.00   0.00    0.00     0.00    0.00    0.00    0.00   0.00
sda              0.00      0.00     0.00   0.00    0.00     0.00   17.00    232.00    32.00  65.31    0.06    13.65    0.00      0.00     0.00   0.00    0.00     0.00    0.00    0.00    0.00   2.00
sdb              0.00      0.00     0.00   0.00    0.00     0.00 3843.00  24152.00  2194.00  36.34    0.04     6.28    0.00      0.00     0.00   0.00    0.00     0.00    0.00    0.00    0.15  94.40


avg-cpu:  %user   %nice %system %iowait  %steal   %idle
           6.16    0.00    3.05    0.14    0.00   90.65

Device            r/s     rkB/s   rrqm/s  %rrqm r_await rareq-sz     w/s     wkB/s   wrqm/s  %wrqm w_await wareq-sz     d/s     dkB/s   drqm/s  %drqm d_await dareq-sz     f/s f_await  aqu-sz  %util
dm-0             0.00      0.00     0.00   0.00    0.00     0.00    0.00      0.00     0.00   0.00    0.00     0.00    0.00      0.00     0.00   0.00    0.00     0.00    0.00    0.00    0.00   0.00
dm-1             0.00      0.00     0.00   0.00    0.00     0.00 5457.00  21956.00     0.00   0.00    0.03     4.02    0.00      0.00     0.00   0.00    0.00     0.00    0.00    0.00    0.18  92.80
loop0            0.00      0.00     0.00   0.00    0.00     0.00    0.00      0.00     0.00   0.00    0.00     0.00    0.00      0.00     0.00   0.00    0.00     0.00    0.00    0.00    0.00   0.00
loop1            0.00      0.00     0.00   0.00    0.00     0.00    0.00      0.00     0.00   0.00    0.00     0.00    0.00      0.00     0.00   0.00    0.00     0.00    0.00    0.00    0.00   0.00
loop10           0.00      0.00     0.00   0.00    0.00     0.00 9441.00  22864.00     0.00   0.00    0.03     2.42    0.00      0.00     0.00   0.00    0.00     0.00 3726.00    0.01    0.29  94.00
loop2            0.00      0.00     0.00   0.00    0.00     0.00    0.00      0.00     0.00   0.00    0.00     0.00    0.00      0.00     0.00   0.00    0.00     0.00    0.00    0.00    0.00   0.00
loop3            0.00      0.00     0.00   0.00    0.00     0.00    0.00      0.00     0.00   0.00    0.00     0.00    0.00      0.00     0.00   0.00    0.00     0.00    0.00    0.00    0.00   0.00
loop4            0.00      0.00     0.00   0.00    0.00     0.00    0.00      0.00     0.00   0.00    0.00     0.00    0.00      0.00     0.00   0.00    0.00     0.00    0.00    0.00    0.00   0.00
loop5            0.00      0.00     0.00   0.00    0.00     0.00    0.00      0.00     0.00   0.00    0.00     0.00    0.00      0.00     0.00   0.00    0.00     0.00    0.00    0.00    0.00   0.00
loop6            0.00      0.00     0.00   0.00    0.00     0.00    0.00      0.00     0.00   0.00    0.00     0.00    0.00      0.00     0.00   0.00    0.00     0.00    0.00    0.00    0.00   0.00
loop7            0.00      0.00     0.00   0.00    0.00     0.00    0.00      0.00     0.00   0.00    0.00     0.00    0.00      0.00     0.00   0.00    0.00     0.00    0.00    0.00    0.00   0.00
sda              0.00      0.00     0.00   0.00    0.00     0.00   11.00    152.00    25.00  69.44    0.09    13.82    0.00      0.00     0.00   0.00    0.00     0.00    0.00    0.00    0.00   0.80
sdb              0.00      0.00     0.00   0.00    0.00     0.00 3410.00  21956.00  2046.00  37.50    0.04     6.44    0.00      0.00     0.00   0.00    0.00     0.00    0.00    0.00    0.13  92.80


avg-cpu:  %user   %nice %system %iowait  %steal   %idle
           6.47    0.00    3.39    0.13    0.00   90.02

Device            r/s     rkB/s   rrqm/s  %rrqm r_await rareq-sz     w/s     wkB/s   wrqm/s  %wrqm w_await wareq-sz     d/s     dkB/s   drqm/s  %drqm d_await dareq-sz     f/s f_await  aqu-sz  %util
dm-0             0.00      0.00     0.00   0.00    0.00     0.00    0.00      0.00     0.00   0.00    0.00     0.00    0.00      0.00     0.00   0.00    0.00     0.00    0.00    0.00    0.00   0.00
dm-1             0.00      0.00     0.00   0.00    0.00     0.00 5754.00  23024.00     0.00   0.00    0.04     4.00    0.00      0.00     0.00   0.00    0.00     0.00    0.00    0.00    0.25  93.20
loop0            0.00      0.00     0.00   0.00    0.00     0.00    0.00      0.00     0.00   0.00    0.00     0.00    0.00      0.00     0.00   0.00    0.00     0.00    0.00    0.00    0.00   0.00
loop1            0.00      0.00     0.00   0.00    0.00     0.00    0.00      0.00     0.00   0.00    0.00     0.00    0.00      0.00     0.00   0.00    0.00     0.00    0.00    0.00    0.00   0.00
loop10           0.00      0.00     0.00   0.00    0.00     0.00 9972.00  26232.00     0.00   0.00    0.02     2.63    0.00      0.00     0.00   0.00    0.00     0.00 3925.00    0.01    0.30  93.20
loop2            0.00      0.00     0.00   0.00    0.00     0.00    0.00      0.00     0.00   0.00    0.00     0.00    0.00      0.00     0.00   0.00    0.00     0.00    0.00    0.00    0.00   0.00
loop3            0.00      0.00     0.00   0.00    0.00     0.00    0.00      0.00     0.00   0.00    0.00     0.00    0.00      0.00     0.00   0.00    0.00     0.00    0.00    0.00    0.00   0.00
loop4            0.00      0.00     0.00   0.00    0.00     0.00    0.00      0.00     0.00   0.00    0.00     0.00    0.00      0.00     0.00   0.00    0.00     0.00    0.00    0.00    0.00   0.00
loop5            0.00      0.00     0.00   0.00    0.00     0.00    0.00      0.00     0.00   0.00    0.00     0.00    0.00      0.00     0.00   0.00    0.00     0.00    0.00    0.00    0.00   0.00
loop6            0.00      0.00     0.00   0.00    0.00     0.00    0.00      0.00     0.00   0.00    0.00     0.00    0.00      0.00     0.00   0.00    0.00     0.00    0.00    0.00    0.00   0.00
loop7            0.00      0.00     0.00   0.00    0.00     0.00    0.00      0.00     0.00   0.00    0.00     0.00    0.00      0.00     0.00   0.00    0.00     0.00    0.00    0.00    0.00   0.00
sda              0.00      0.00     0.00   0.00    0.00     0.00    6.00     84.00     8.00  57.14    0.00    14.00    0.00      0.00     0.00   0.00    0.00     0.00    0.00    0.00    0.00   0.80
sdb              0.00      0.00     0.00   0.00    0.00     0.00 3574.00  23024.00  2180.00  37.89    0.04     6.44    0.00      0.00     0.00   0.00    0.00     0.00    0.00    0.00    0.14  93.20


