Linux 5.15.0-181-generic (ceph-node1) 	07/08/26 	_x86_64_	(64 CPU)

avg-cpu:  %user   %nice %system %iowait  %steal   %idle
           0.30    0.00    0.22    0.30    0.00   99.17

Device            r/s     rkB/s   rrqm/s  %rrqm r_await rareq-sz     w/s     wkB/s   wrqm/s  %wrqm w_await wareq-sz     d/s     dkB/s   drqm/s  %drqm d_await dareq-sz     f/s f_await  aqu-sz  %util
dm-0            13.00    759.10     0.00   0.00   13.43    58.37  331.03   4327.63     0.00   0.00    9.75    13.07    0.00      0.00     0.00   0.00    0.00     0.00    0.00    0.00    0.01  23.34
dm-1            12.82    745.59     0.00   0.00   12.62    58.15  328.21   4272.49     0.00   0.00    9.57    13.02    0.00      0.00     0.00   0.00    0.00     0.00    0.00    0.00    3.30  23.29
dm-2             0.96     25.78     0.00   0.00    0.44    26.92   52.99    606.95     0.00   0.00    0.98    11.45    0.00      0.00     0.00   0.00    0.00     0.00    0.00    0.00    0.05   1.91
loop0            0.00      0.28     0.00   0.00    0.21   125.25    0.00      0.00     0.00   0.00    0.00     0.00    0.00      0.00     0.00   0.00    0.00     0.00    0.00    0.00    0.00   0.00
loop1            0.00      0.28     0.00   0.00    0.18   117.82    0.00      0.00     0.00   0.00    0.00     0.00    0.00      0.00     0.00   0.00    0.00     0.00    0.00    0.00    0.00   0.00
loop2            0.00      0.28     0.00   0.00    0.22   125.06    0.00      0.00     0.00   0.00    0.00     0.00    0.00      0.00     0.00   0.00    0.00     0.00    0.00    0.00    0.00   0.00
loop3            0.00      0.28     0.00   0.00    0.22   124.38    0.00      0.00     0.00   0.00    0.00     0.00    0.00      0.00     0.00   0.00    0.00     0.00    0.00    0.00    0.00   0.00
loop4            0.00      0.25     0.00   0.00    0.21   124.77    0.00      0.00     0.00   0.00    0.00     0.00    0.00      0.00     0.00   0.00    0.00     0.00    0.00    0.00    0.00   0.00
loop5            0.00      0.31     0.00   0.00    0.22   100.47    0.00      0.00     0.00   0.00    0.00     0.00    0.00      0.00     0.00   0.00    0.00     0.00    0.00    0.00    0.00   0.00
loop6            0.00      0.04     0.00   0.00    0.10    72.31    0.00      0.00     0.00   0.00    0.00     0.00    0.00      0.00     0.00   0.00    0.00     0.00    0.00    0.00    0.00   0.00
loop7            0.00      0.00     0.00   0.00    0.00     1.27    0.00      0.00     0.00   0.00    0.00     0.00    0.00      0.00     0.00   0.00    0.00     0.00    0.00    0.00    0.00   0.00
sda              0.56     27.65     0.41  42.29    0.43    49.01   33.19    607.06    20.97  38.72    1.86    18.29    0.00      0.00     0.00   0.00    0.00     0.00    0.00    0.00    0.06   1.91
sdb             23.82   1505.72     2.06   7.96   12.28    63.22  426.07   8600.12   233.16  35.37    6.34    20.18    0.00      0.00     0.00   0.00    0.00     0.00    0.00    0.00    2.99  24.64


avg-cpu:  %user   %nice %system %iowait  %steal   %idle
           0.14    0.00    0.06    0.00    0.00   99.80

Device            r/s     rkB/s   rrqm/s  %rrqm r_await rareq-sz     w/s     wkB/s   wrqm/s  %wrqm w_await wareq-sz     d/s     dkB/s   drqm/s  %drqm d_await dareq-sz     f/s f_await  aqu-sz  %util
dm-0             0.00      0.00     0.00   0.00    0.00     0.00    0.00      0.00     0.00   0.00    0.00     0.00    0.00      0.00     0.00   0.00    0.00     0.00    0.00    0.00    0.00   0.00
dm-1             0.00      0.00     0.00   0.00    0.00     0.00    0.00      0.00     0.00   0.00    0.00     0.00    0.00      0.00     0.00   0.00    0.00     0.00    0.00    0.00    0.00   0.00
dm-2             7.00    212.00     0.00   0.00    0.00    30.29   61.00    244.00     0.00   0.00    0.00     4.00    0.00      0.00     0.00   0.00    0.00     0.00    0.00    0.00    0.00   2.40
loop0            0.00      0.00     0.00   0.00    0.00     0.00    0.00      0.00     0.00   0.00    0.00     0.00    0.00      0.00     0.00   0.00    0.00     0.00    0.00    0.00    0.00   0.00
loop1            0.00      0.00     0.00   0.00    0.00     0.00    0.00      0.00     0.00   0.00    0.00     0.00    0.00      0.00     0.00   0.00    0.00     0.00    0.00    0.00    0.00   0.00
loop2            0.00      0.00     0.00   0.00    0.00     0.00    0.00      0.00     0.00   0.00    0.00     0.00    0.00      0.00     0.00   0.00    0.00     0.00    0.00    0.00    0.00   0.00
loop3            0.00      0.00     0.00   0.00    0.00     0.00    0.00      0.00     0.00   0.00    0.00     0.00    0.00      0.00     0.00   0.00    0.00     0.00    0.00    0.00    0.00   0.00
loop4            0.00      0.00     0.00   0.00    0.00     0.00    0.00      0.00     0.00   0.00    0.00     0.00    0.00      0.00     0.00   0.00    0.00     0.00    0.00    0.00    0.00   0.00
loop5            0.00      0.00     0.00   0.00    0.00     0.00    0.00      0.00     0.00   0.00    0.00     0.00    0.00      0.00     0.00   0.00    0.00     0.00    0.00    0.00    0.00   0.00
loop6            0.00      0.00     0.00   0.00    0.00     0.00    0.00      0.00     0.00   0.00    0.00     0.00    0.00      0.00     0.00   0.00    0.00     0.00    0.00    0.00    0.00   0.00
loop7            0.00      0.00     0.00   0.00    0.00     0.00    0.00      0.00     0.00   0.00    0.00     0.00    0.00      0.00     0.00   0.00    0.00     0.00    0.00    0.00    0.00   0.00
sda              7.00    212.00     0.00   0.00    0.43    30.29   17.00    244.00    44.00  72.13    0.06    14.35    0.00      0.00     0.00   0.00    0.00     0.00    0.00    0.00    0.01   2.40
sdb              0.00      0.00     0.00   0.00    0.00     0.00    0.00      0.00     0.00   0.00    0.00     0.00    0.00      0.00     0.00   0.00    0.00     0.00    0.00    0.00    0.00   0.00


avg-cpu:  %user   %nice %system %iowait  %steal   %idle
           0.17    0.00    0.06    0.00    0.00   99.77

Device            r/s     rkB/s   rrqm/s  %rrqm r_await rareq-sz     w/s     wkB/s   wrqm/s  %wrqm w_await wareq-sz     d/s     dkB/s   drqm/s  %drqm d_await dareq-sz     f/s f_await  aqu-sz  %util
dm-0             0.00      0.00     0.00   0.00    0.00     0.00    0.00      0.00     0.00   0.00    0.00     0.00    0.00      0.00     0.00   0.00    0.00     0.00    0.00    0.00    0.00   0.00
dm-1             0.00      0.00     0.00   0.00    0.00     0.00    0.00      0.00     0.00   0.00    0.00     0.00    0.00      0.00     0.00   0.00    0.00     0.00    0.00    0.00    0.00   0.00
dm-2             0.00      0.00     0.00   0.00    0.00     0.00   65.00    276.00     0.00   0.00    0.00     4.25    0.00      0.00     0.00   0.00    0.00     0.00    0.00    0.00    0.00   1.60
loop0            0.00      0.00     0.00   0.00    0.00     0.00    0.00      0.00     0.00   0.00    0.00     0.00    0.00      0.00     0.00   0.00    0.00     0.00    0.00    0.00    0.00   0.00
loop1            0.00      0.00     0.00   0.00    0.00     0.00    0.00      0.00     0.00   0.00    0.00     0.00    0.00      0.00     0.00   0.00    0.00     0.00    0.00    0.00    0.00   0.00
loop2            0.00      0.00     0.00   0.00    0.00     0.00    0.00      0.00     0.00   0.00    0.00     0.00    0.00      0.00     0.00   0.00    0.00     0.00    0.00    0.00    0.00   0.00
loop3            0.00      0.00     0.00   0.00    0.00     0.00    0.00      0.00     0.00   0.00    0.00     0.00    0.00      0.00     0.00   0.00    0.00     0.00    0.00    0.00    0.00   0.00
loop4            0.00      0.00     0.00   0.00    0.00     0.00    0.00      0.00     0.00   0.00    0.00     0.00    0.00      0.00     0.00   0.00    0.00     0.00    0.00    0.00    0.00   0.00
loop5            0.00      0.00     0.00   0.00    0.00     0.00    0.00      0.00     0.00   0.00    0.00     0.00    0.00      0.00     0.00   0.00    0.00     0.00    0.00    0.00    0.00   0.00
loop6            0.00      0.00     0.00   0.00    0.00     0.00    0.00      0.00     0.00   0.00    0.00     0.00    0.00      0.00     0.00   0.00    0.00     0.00    0.00    0.00    0.00   0.00
loop7            0.00      0.00     0.00   0.00    0.00     0.00    0.00      0.00     0.00   0.00    0.00     0.00    0.00      0.00     0.00   0.00    0.00     0.00    0.00    0.00    0.00   0.00
sda              0.00      0.00     0.00   0.00    0.00     0.00   20.00    276.00    45.00  69.23    0.20    13.80    0.00      0.00     0.00   0.00    0.00     0.00    0.00    0.00    0.00   1.60
sdb              0.00      0.00     0.00   0.00    0.00     0.00    0.00      0.00     0.00   0.00    0.00     0.00    0.00      0.00     0.00   0.00    0.00     0.00    0.00    0.00    0.00   0.00


avg-cpu:  %user   %nice %system %iowait  %steal   %idle
           1.27    0.00    1.38    0.03    0.00   97.31

Device            r/s     rkB/s   rrqm/s  %rrqm r_await rareq-sz     w/s     wkB/s   wrqm/s  %wrqm w_await wareq-sz     d/s     dkB/s   drqm/s  %drqm d_await dareq-sz     f/s f_await  aqu-sz  %util
dm-0             0.00      0.00     0.00   0.00    0.00     0.00 1535.00  23004.00     0.00   0.00    0.05    14.99    0.00      0.00     0.00   0.00    0.00     0.00    0.00    0.00    0.08  61.20
dm-1             0.00      0.00     0.00   0.00    0.00     0.00 1496.00  22728.00     0.00   0.00    0.07    15.19    0.00      0.00     0.00   0.00    0.00     0.00    0.00    0.00    0.10  60.00
dm-2             0.00      0.00     0.00   0.00    0.00     0.00   43.00    172.00     0.00   0.00    0.00     4.00    0.00      0.00     0.00   0.00    0.00     0.00    0.00    0.00    0.00   0.80
loop0            0.00      0.00     0.00   0.00    0.00     0.00    0.00      0.00     0.00   0.00    0.00     0.00    0.00      0.00     0.00   0.00    0.00     0.00    0.00    0.00    0.00   0.00
loop1            0.00      0.00     0.00   0.00    0.00     0.00    0.00      0.00     0.00   0.00    0.00     0.00    0.00      0.00     0.00   0.00    0.00     0.00    0.00    0.00    0.00   0.00
loop2            0.00      0.00     0.00   0.00    0.00     0.00    0.00      0.00     0.00   0.00    0.00     0.00    0.00      0.00     0.00   0.00    0.00     0.00    0.00    0.00    0.00   0.00
loop3            0.00      0.00     0.00   0.00    0.00     0.00    0.00      0.00     0.00   0.00    0.00     0.00    0.00      0.00     0.00   0.00    0.00     0.00    0.00    0.00    0.00   0.00
loop4            0.00      0.00     0.00   0.00    0.00     0.00    0.00      0.00     0.00   0.00    0.00     0.00    0.00      0.00     0.00   0.00    0.00     0.00    0.00    0.00    0.00   0.00
loop5            0.00      0.00     0.00   0.00    0.00     0.00    0.00      0.00     0.00   0.00    0.00     0.00    0.00      0.00     0.00   0.00    0.00     0.00    0.00    0.00    0.00   0.00
loop6            0.00      0.00     0.00   0.00    0.00     0.00    0.00      0.00     0.00   0.00    0.00     0.00    0.00      0.00     0.00   0.00    0.00     0.00    0.00    0.00    0.00   0.00
loop7            0.00      0.00     0.00   0.00    0.00     0.00    0.00      0.00     0.00   0.00    0.00     0.00    0.00      0.00     0.00   0.00    0.00     0.00    0.00    0.00    0.00   0.00
sda              0.00      0.00     0.00   0.00    0.00     0.00   11.00    172.00    32.00  74.42    0.09    15.64    0.00      0.00     0.00   0.00    0.00     0.00    0.00    0.00    0.00   0.80
sdb              0.00      0.00     0.00   0.00    0.00     0.00 2643.00  45732.00   388.00  12.80    0.05    17.30    0.00      0.00     0.00   0.00    0.00     0.00    0.00    0.00    0.13  61.20


avg-cpu:  %user   %nice %system %iowait  %steal   %idle
           1.90    0.00    1.69    0.06    0.00   96.34

Device            r/s     rkB/s   rrqm/s  %rrqm r_await rareq-sz     w/s     wkB/s   wrqm/s  %wrqm w_await wareq-sz     d/s     dkB/s   drqm/s  %drqm d_await dareq-sz     f/s f_await  aqu-sz  %util
dm-0             0.00      0.00     0.00   0.00    0.00     0.00 2465.00  36624.00     0.00   0.00    0.06    14.86    0.00      0.00     0.00   0.00    0.00     0.00    0.00    0.00    0.14  99.60
dm-1             0.00      0.00     0.00   0.00    0.00     0.00 2427.00  36472.00     0.00   0.00    0.05    15.03    0.00      0.00     0.00   0.00    0.00     0.00    0.00    0.00    0.13  99.20
dm-2             0.00      0.00     0.00   0.00    0.00     0.00  413.00   1880.00     0.00   0.00    0.36     4.55    0.00      0.00     0.00   0.00    0.00     0.00    0.00    0.00    0.15   2.80
loop0            0.00      0.00     0.00   0.00    0.00     0.00    0.00      0.00     0.00   0.00    0.00     0.00    0.00      0.00     0.00   0.00    0.00     0.00    0.00    0.00    0.00   0.00
loop1            0.00      0.00     0.00   0.00    0.00     0.00    0.00      0.00     0.00   0.00    0.00     0.00    0.00      0.00     0.00   0.00    0.00     0.00    0.00    0.00    0.00   0.00
loop2            0.00      0.00     0.00   0.00    0.00     0.00    0.00      0.00     0.00   0.00    0.00     0.00    0.00      0.00     0.00   0.00    0.00     0.00    0.00    0.00    0.00   0.00
loop3            0.00      0.00     0.00   0.00    0.00     0.00    0.00      0.00     0.00   0.00    0.00     0.00    0.00      0.00     0.00   0.00    0.00     0.00    0.00    0.00    0.00   0.00
loop4            0.00      0.00     0.00   0.00    0.00     0.00    0.00      0.00     0.00   0.00    0.00     0.00    0.00      0.00     0.00   0.00    0.00     0.00    0.00    0.00    0.00   0.00
loop5            0.00      0.00     0.00   0.00    0.00     0.00    0.00      0.00     0.00   0.00    0.00     0.00    0.00      0.00     0.00   0.00    0.00     0.00    0.00    0.00    0.00   0.00
loop6            0.00      0.00     0.00   0.00    0.00     0.00    0.00      0.00     0.00   0.00    0.00     0.00    0.00      0.00     0.00   0.00    0.00     0.00    0.00    0.00    0.00   0.00
loop7            0.00      0.00     0.00   0.00    0.00     0.00    0.00      0.00     0.00   0.00    0.00     0.00    0.00      0.00     0.00   0.00    0.00     0.00    0.00    0.00    0.00   0.00
sda              0.00      0.00     0.00   0.00    0.00     0.00  367.00   1880.00    46.00  11.14    0.71     5.12    0.00      0.00     0.00   0.00    0.00     0.00    0.00    0.00    0.26   2.80
sdb              0.00      0.00     0.00   0.00    0.00     0.00 4283.00  73096.00   609.00  12.45    0.05    17.07    0.00      0.00     0.00   0.00    0.00     0.00    0.00    0.00    0.22  99.60


avg-cpu:  %user   %nice %system %iowait  %steal   %idle
           2.02    0.00    1.81    0.05    0.00   96.12

Device            r/s     rkB/s   rrqm/s  %rrqm r_await rareq-sz     w/s     wkB/s   wrqm/s  %wrqm w_await wareq-sz     d/s     dkB/s   drqm/s  %drqm d_await dareq-sz     f/s f_await  aqu-sz  %util
dm-0             0.00      0.00     0.00   0.00    0.00     0.00 2417.00  36432.00     0.00   0.00    0.05    15.07    0.00      0.00     0.00   0.00    0.00     0.00    0.00    0.00    0.13  98.40
dm-1             0.00      0.00     0.00   0.00    0.00     0.00 2420.00  36500.00     0.00   0.00    0.04    15.08    0.00      0.00     0.00   0.00    0.00     0.00    0.00    0.00    0.11  98.80
dm-2             0.00      0.00     0.00   0.00    0.00     0.00   40.00    160.00     0.00   0.00    0.00     4.00    0.00      0.00     0.00   0.00    0.00     0.00    0.00    0.00    0.00   1.20
loop0            0.00      0.00     0.00   0.00    0.00     0.00    0.00      0.00     0.00   0.00    0.00     0.00    0.00      0.00     0.00   0.00    0.00     0.00    0.00    0.00    0.00   0.00
loop1            0.00      0.00     0.00   0.00    0.00     0.00    0.00      0.00     0.00   0.00    0.00     0.00    0.00      0.00     0.00   0.00    0.00     0.00    0.00    0.00    0.00   0.00
loop2            0.00      0.00     0.00   0.00    0.00     0.00    0.00      0.00     0.00   0.00    0.00     0.00    0.00      0.00     0.00   0.00    0.00     0.00    0.00    0.00    0.00   0.00
loop3            0.00      0.00     0.00   0.00    0.00     0.00    0.00      0.00     0.00   0.00    0.00     0.00    0.00      0.00     0.00   0.00    0.00     0.00    0.00    0.00    0.00   0.00
loop4            0.00      0.00     0.00   0.00    0.00     0.00    0.00      0.00     0.00   0.00    0.00     0.00    0.00      0.00     0.00   0.00    0.00     0.00    0.00    0.00    0.00   0.00
loop5            0.00      0.00     0.00   0.00    0.00     0.00    0.00      0.00     0.00   0.00    0.00     0.00    0.00      0.00     0.00   0.00    0.00     0.00    0.00    0.00    0.00   0.00
loop6            0.00      0.00     0.00   0.00    0.00     0.00    0.00      0.00     0.00   0.00    0.00     0.00    0.00      0.00     0.00   0.00    0.00     0.00    0.00    0.00    0.00   0.00
loop7            0.00      0.00     0.00   0.00    0.00     0.00    0.00      0.00     0.00   0.00    0.00     0.00    0.00      0.00     0.00   0.00    0.00     0.00    0.00    0.00    0.00   0.00
sda              0.00      0.00     0.00   0.00    0.00     0.00   11.00    160.00    29.00  72.50    0.09    14.55    0.00      0.00     0.00   0.00    0.00     0.00    0.00    0.00    0.00   1.20
sdb              0.00      0.00     0.00   0.00    0.00     0.00 4232.00  72928.00   603.00  12.47    0.05    17.23    0.00      0.00     0.00   0.00    0.00     0.00    0.00    0.00    0.21  99.20


avg-cpu:  %user   %nice %system %iowait  %steal   %idle
           1.86    0.00    1.80    0.05    0.00   96.29

Device            r/s     rkB/s   rrqm/s  %rrqm r_await rareq-sz     w/s     wkB/s   wrqm/s  %wrqm w_await wareq-sz     d/s     dkB/s   drqm/s  %drqm d_await dareq-sz     f/s f_await  aqu-sz  %util
dm-0             0.00      0.00     0.00   0.00    0.00     0.00 2446.00  36664.00     0.00   0.00    0.05    14.99    0.00      0.00     0.00   0.00    0.00     0.00    0.00    0.00    0.13  99.20
dm-1             0.00      0.00     0.00   0.00    0.00     0.00 2434.00  36680.00     0.00   0.00    0.04    15.07    0.00      0.00     0.00   0.00    0.00     0.00    0.00    0.00    0.10  98.80
dm-2             0.00      0.00     0.00   0.00    0.00     0.00   58.00    268.00     0.00   0.00    0.00     4.62    0.00      0.00     0.00   0.00    0.00     0.00    0.00    0.00    0.00   2.40
loop0            0.00      0.00     0.00   0.00    0.00     0.00    0.00      0.00     0.00   0.00    0.00     0.00    0.00      0.00     0.00   0.00    0.00     0.00    0.00    0.00    0.00   0.00
loop1            0.00      0.00     0.00   0.00    0.00     0.00    0.00      0.00     0.00   0.00    0.00     0.00    0.00      0.00     0.00   0.00    0.00     0.00    0.00    0.00    0.00   0.00
loop2            0.00      0.00     0.00   0.00    0.00     0.00    0.00      0.00     0.00   0.00    0.00     0.00    0.00      0.00     0.00   0.00    0.00     0.00    0.00    0.00    0.00   0.00
loop3            0.00      0.00     0.00   0.00    0.00     0.00    0.00      0.00     0.00   0.00    0.00     0.00    0.00      0.00     0.00   0.00    0.00     0.00    0.00    0.00    0.00   0.00
loop4            0.00      0.00     0.00   0.00    0.00     0.00    0.00      0.00     0.00   0.00    0.00     0.00    0.00      0.00     0.00   0.00    0.00     0.00    0.00    0.00    0.00   0.00
loop5            0.00      0.00     0.00   0.00    0.00     0.00    0.00      0.00     0.00   0.00    0.00     0.00    0.00      0.00     0.00   0.00    0.00     0.00    0.00    0.00    0.00   0.00
loop6            0.00      0.00     0.00   0.00    0.00     0.00    0.00      0.00     0.00   0.00    0.00     0.00    0.00      0.00     0.00   0.00    0.00     0.00    0.00    0.00    0.00   0.00
loop7            0.00      0.00     0.00   0.00    0.00     0.00    0.00      0.00     0.00   0.00    0.00     0.00    0.00      0.00     0.00   0.00    0.00     0.00    0.00    0.00    0.00   0.00
sda              0.00      0.00     0.00   0.00    0.00     0.00   18.00    268.00    40.00  68.97    0.17    14.89    0.00      0.00     0.00   0.00    0.00     0.00    0.00    0.00    0.00   2.40
sdb              0.00      0.00     0.00   0.00    0.00     0.00 4279.00  73348.00   603.00  12.35    0.05    17.14    0.00      0.00     0.00   0.00    0.00     0.00    0.00    0.00    0.21  99.60


avg-cpu:  %user   %nice %system %iowait  %steal   %idle
           1.82    0.00    1.63    0.05    0.00   96.50

Device            r/s     rkB/s   rrqm/s  %rrqm r_await rareq-sz     w/s     wkB/s   wrqm/s  %wrqm w_await wareq-sz     d/s     dkB/s   drqm/s  %drqm d_await dareq-sz     f/s f_await  aqu-sz  %util
dm-0             0.00      0.00     0.00   0.00    0.00     0.00 2470.00  36644.00     0.00   0.00    0.04    14.84    0.00      0.00     0.00   0.00    0.00     0.00    0.00    0.00    0.09  98.80
dm-1             0.00      0.00     0.00   0.00    0.00     0.00 2434.00  36500.00     0.00   0.00    0.04    15.00    0.00      0.00     0.00   0.00    0.00     0.00    0.00    0.00    0.10  99.20
dm-2             0.00      0.00     0.00   0.00    0.00     0.00   46.00    192.00     0.00   0.00    0.00     4.17    0.00      0.00     0.00   0.00    0.00     0.00    0.00    0.00    0.00   1.20
loop0            0.00      0.00     0.00   0.00    0.00     0.00    0.00      0.00     0.00   0.00    0.00     0.00    0.00      0.00     0.00   0.00    0.00     0.00    0.00    0.00    0.00   0.00
loop1            0.00      0.00     0.00   0.00    0.00     0.00    0.00      0.00     0.00   0.00    0.00     0.00    0.00      0.00     0.00   0.00    0.00     0.00    0.00    0.00    0.00   0.00
loop2            0.00      0.00     0.00   0.00    0.00     0.00    0.00      0.00     0.00   0.00    0.00     0.00    0.00      0.00     0.00   0.00    0.00     0.00    0.00    0.00    0.00   0.00
loop3            0.00      0.00     0.00   0.00    0.00     0.00    0.00      0.00     0.00   0.00    0.00     0.00    0.00      0.00     0.00   0.00    0.00     0.00    0.00    0.00    0.00   0.00
loop4            0.00      0.00     0.00   0.00    0.00     0.00    0.00      0.00     0.00   0.00    0.00     0.00    0.00      0.00     0.00   0.00    0.00     0.00    0.00    0.00    0.00   0.00
loop5            0.00      0.00     0.00   0.00    0.00     0.00    0.00      0.00     0.00   0.00    0.00     0.00    0.00      0.00     0.00   0.00    0.00     0.00    0.00    0.00    0.00   0.00
loop6            0.00      0.00     0.00   0.00    0.00     0.00    0.00      0.00     0.00   0.00    0.00     0.00    0.00      0.00     0.00   0.00    0.00     0.00    0.00    0.00    0.00   0.00
loop7            0.00      0.00     0.00   0.00    0.00     0.00    0.00      0.00     0.00   0.00    0.00     0.00    0.00      0.00     0.00   0.00    0.00     0.00    0.00    0.00    0.00   0.00
sda              0.00      0.00     0.00   0.00    0.00     0.00   14.00    192.00    32.00  69.57    0.14    13.71    0.00      0.00     0.00   0.00    0.00     0.00    0.00    0.00    0.00   1.20
sdb              0.00      0.00     0.00   0.00    0.00     0.00 4294.00  73144.00   610.00  12.44    0.05    17.03    0.00      0.00     0.00   0.00    0.00     0.00    0.00    0.00    0.21  99.20


avg-cpu:  %user   %nice %system %iowait  %steal   %idle
           1.87    0.00    1.90    0.05    0.00   96.19

Device            r/s     rkB/s   rrqm/s  %rrqm r_await rareq-sz     w/s     wkB/s   wrqm/s  %wrqm w_await wareq-sz     d/s     dkB/s   drqm/s  %drqm d_await dareq-sz     f/s f_await  aqu-sz  %util
dm-0             0.00      0.00     0.00   0.00    0.00     0.00 2461.00  36728.00     0.00   0.00    0.02    14.92    0.00      0.00     0.00   0.00    0.00     0.00    0.00    0.00    0.06  99.20
dm-1             0.00      0.00     0.00   0.00    0.00     0.00 2423.00  36396.00     0.00   0.00    0.04    15.02    0.00      0.00     0.00   0.00    0.00     0.00    0.00    0.00    0.10  99.20
dm-2             0.00      0.00     0.00   0.00    0.00     0.00   84.00   3220.00     0.00   0.00    0.00    38.33    0.00      0.00     0.00   0.00    0.00     0.00    0.00    0.00    0.00   2.00
loop0            0.00      0.00     0.00   0.00    0.00     0.00    0.00      0.00     0.00   0.00    0.00     0.00    0.00      0.00     0.00   0.00    0.00     0.00    0.00    0.00    0.00   0.00
loop1            0.00      0.00     0.00   0.00    0.00     0.00    0.00      0.00     0.00   0.00    0.00     0.00    0.00      0.00     0.00   0.00    0.00     0.00    0.00    0.00    0.00   0.00
loop2            0.00      0.00     0.00   0.00    0.00     0.00    0.00      0.00     0.00   0.00    0.00     0.00    0.00      0.00     0.00   0.00    0.00     0.00    0.00    0.00    0.00   0.00
loop3            0.00      0.00     0.00   0.00    0.00     0.00    0.00      0.00     0.00   0.00    0.00     0.00    0.00      0.00     0.00   0.00    0.00     0.00    0.00    0.00    0.00   0.00
loop4            0.00      0.00     0.00   0.00    0.00     0.00    0.00      0.00     0.00   0.00    0.00     0.00    0.00      0.00     0.00   0.00    0.00     0.00    0.00    0.00    0.00   0.00
loop5            0.00      0.00     0.00   0.00    0.00     0.00    0.00      0.00     0.00   0.00    0.00     0.00    0.00      0.00     0.00   0.00    0.00     0.00    0.00    0.00    0.00   0.00
loop6            0.00      0.00     0.00   0.00    0.00     0.00    0.00      0.00     0.00   0.00    0.00     0.00    0.00      0.00     0.00   0.00    0.00     0.00    0.00    0.00    0.00   0.00
loop7            0.00      0.00     0.00   0.00    0.00     0.00    0.00      0.00     0.00   0.00    0.00     0.00    0.00      0.00     0.00   0.00    0.00     0.00    0.00    0.00    0.00   0.00
sda              0.00      0.00     0.00   0.00    0.00     0.00   36.00   3220.00    57.00  61.29    0.11    89.44    0.00      0.00     0.00   0.00    0.00     0.00    0.00    0.00    0.00   2.00
sdb              0.00      0.00     0.00   0.00    0.00     0.00 4275.00  73112.00   606.00  12.42    0.05    17.10    0.00      0.00     0.00   0.00    0.00     0.00    0.00    0.00    0.21  99.60


avg-cpu:  %user   %nice %system %iowait  %steal   %idle
           1.71    0.00    1.57    0.06    0.00   96.66

Device            r/s     rkB/s   rrqm/s  %rrqm r_await rareq-sz     w/s     wkB/s   wrqm/s  %wrqm w_await wareq-sz     d/s     dkB/s   drqm/s  %drqm d_await dareq-sz     f/s f_await  aqu-sz  %util
dm-0             0.00      0.00     0.00   0.00    0.00     0.00 2443.00  36656.00     0.00   0.00    0.04    15.00    0.00      0.00     0.00   0.00    0.00     0.00    0.00    0.00    0.10  98.00
dm-1             0.00      0.00     0.00   0.00    0.00     0.00 2422.00  36632.00     0.00   0.00    0.05    15.12    0.00      0.00     0.00   0.00    0.00     0.00    0.00    0.00    0.13  97.20
dm-2             0.00      0.00     0.00   0.00    0.00     0.00  131.00  40636.00     0.00   0.00    0.43   310.20    0.00      0.00     0.00   0.00    0.00     0.00    0.00    0.00    0.06   3.20
loop0            0.00      0.00     0.00   0.00    0.00     0.00    0.00      0.00     0.00   0.00    0.00     0.00    0.00      0.00     0.00   0.00    0.00     0.00    0.00    0.00    0.00   0.00
loop1            0.00      0.00     0.00   0.00    0.00     0.00    0.00      0.00     0.00   0.00    0.00     0.00    0.00      0.00     0.00   0.00    0.00     0.00    0.00    0.00    0.00   0.00
loop2            0.00      0.00     0.00   0.00    0.00     0.00    0.00      0.00     0.00   0.00    0.00     0.00    0.00      0.00     0.00   0.00    0.00     0.00    0.00    0.00    0.00   0.00
loop3            0.00      0.00     0.00   0.00    0.00     0.00    0.00      0.00     0.00   0.00    0.00     0.00    0.00      0.00     0.00   0.00    0.00     0.00    0.00    0.00    0.00   0.00
loop4            0.00      0.00     0.00   0.00    0.00     0.00    0.00      0.00     0.00   0.00    0.00     0.00    0.00      0.00     0.00   0.00    0.00     0.00    0.00    0.00    0.00   0.00
loop5            0.00      0.00     0.00   0.00    0.00     0.00    0.00      0.00     0.00   0.00    0.00     0.00    0.00      0.00     0.00   0.00    0.00     0.00    0.00    0.00    0.00   0.00
loop6            0.00      0.00     0.00   0.00    0.00     0.00    0.00      0.00     0.00   0.00    0.00     0.00    0.00      0.00     0.00   0.00    0.00     0.00    0.00    0.00    0.00   0.00
loop7            0.00      0.00     0.00   0.00    0.00     0.00    0.00      0.00     0.00   0.00    0.00     0.00    0.00      0.00     0.00   0.00    0.00     0.00    0.00    0.00    0.00   0.00
sda              0.00      0.00     0.00   0.00    0.00     0.00  186.00  40636.00    71.00  27.63    1.22   218.47    0.00      0.00     0.00   0.00    0.00     0.00    0.00    0.00    0.23   3.20
sdb              0.00      0.00     0.00   0.00    0.00     0.00 4253.00  73300.00   615.00  12.63    0.05    17.23    0.00      0.00     0.00   0.00    0.00     0.00    0.00    0.00    0.23  98.00


avg-cpu:  %user   %nice %system %iowait  %steal   %idle
           1.80    0.00    1.78    0.06    0.00   96.35

Device            r/s     rkB/s   rrqm/s  %rrqm r_await rareq-sz     w/s     wkB/s   wrqm/s  %wrqm w_await wareq-sz     d/s     dkB/s   drqm/s  %drqm d_await dareq-sz     f/s f_await  aqu-sz  %util
dm-0             0.00      0.00     0.00   0.00    0.00     0.00 2449.00  36500.00     0.00   0.00    0.05    14.90    0.00      0.00     0.00   0.00    0.00     0.00    0.00    0.00    0.12  99.20
dm-1             0.00      0.00     0.00   0.00    0.00     0.00 2412.00  36412.00     0.00   0.00    0.06    15.10    0.00      0.00     0.00   0.00    0.00     0.00    0.00    0.00    0.14  99.20
dm-2             0.00      0.00     0.00   0.00    0.00     0.00  306.00   1464.00     0.00   0.00    1.05     4.78    0.00      0.00     0.00   0.00    0.00     0.00    0.00    0.00    0.32   2.00
loop0            0.00      0.00     0.00   0.00    0.00     0.00    0.00      0.00     0.00   0.00    0.00     0.00    0.00      0.00     0.00   0.00    0.00     0.00    0.00    0.00    0.00   0.00
loop1            0.00      0.00     0.00   0.00    0.00     0.00    0.00      0.00     0.00   0.00    0.00     0.00    0.00      0.00     0.00   0.00    0.00     0.00    0.00    0.00    0.00   0.00
loop2            0.00      0.00     0.00   0.00    0.00     0.00    0.00      0.00     0.00   0.00    0.00     0.00    0.00      0.00     0.00   0.00    0.00     0.00    0.00    0.00    0.00   0.00
loop3            0.00      0.00     0.00   0.00    0.00     0.00    0.00      0.00     0.00   0.00    0.00     0.00    0.00      0.00     0.00   0.00    0.00     0.00    0.00    0.00    0.00   0.00
loop4            0.00      0.00     0.00   0.00    0.00     0.00    0.00      0.00     0.00   0.00    0.00     0.00    0.00      0.00     0.00   0.00    0.00     0.00    0.00    0.00    0.00   0.00
loop5            0.00      0.00     0.00   0.00    0.00     0.00    0.00      0.00     0.00   0.00    0.00     0.00    0.00      0.00     0.00   0.00    0.00     0.00    0.00    0.00    0.00   0.00
loop6            0.00      0.00     0.00   0.00    0.00     0.00    0.00      0.00     0.00   0.00    0.00     0.00    0.00      0.00     0.00   0.00    0.00     0.00    0.00    0.00    0.00   0.00
loop7            0.00      0.00     0.00   0.00    0.00     0.00    0.00      0.00     0.00   0.00    0.00     0.00    0.00      0.00     0.00   0.00    0.00     0.00    0.00    0.00    0.00   0.00
sda              0.00      0.00     0.00   0.00    0.00     0.00  270.00   1464.00    36.00  11.76    1.46     5.42    0.00      0.00     0.00   0.00    0.00     0.00    0.00    0.00    0.39   2.00
sdb              0.00      0.00     0.00   0.00    0.00     0.00 4255.00  72848.00   605.00  12.45    0.05    17.12    0.00      0.00     0.00   0.00    0.00     0.00    0.00    0.00    0.22  99.20


avg-cpu:  %user   %nice %system %iowait  %steal   %idle
           1.75    0.00    1.86    0.05    0.00   96.34

Device            r/s     rkB/s   rrqm/s  %rrqm r_await rareq-sz     w/s     wkB/s   wrqm/s  %wrqm w_await wareq-sz     d/s     dkB/s   drqm/s  %drqm d_await dareq-sz     f/s f_await  aqu-sz  %util
dm-0             0.00      0.00     0.00   0.00    0.00     0.00 2451.00  36748.00     0.00   0.00    0.05    14.99    0.00      0.00     0.00   0.00    0.00     0.00    0.00    0.00    0.11  99.20
dm-1             0.00      0.00     0.00   0.00    0.00     0.00 2460.00  36720.00     0.00   0.00    0.06    14.93    0.00      0.00     0.00   0.00    0.00     0.00    0.00    0.00    0.14  99.60
dm-2             0.00      0.00     0.00   0.00    0.00     0.00   38.00    152.00     0.00   0.00    0.11     4.00    0.00      0.00     0.00   0.00    0.00     0.00    0.00    0.00    0.00   0.80
loop0            0.00      0.00     0.00   0.00    0.00     0.00    0.00      0.00     0.00   0.00    0.00     0.00    0.00      0.00     0.00   0.00    0.00     0.00    0.00    0.00    0.00   0.00
loop1            0.00      0.00     0.00   0.00    0.00     0.00    0.00      0.00     0.00   0.00    0.00     0.00    0.00      0.00     0.00   0.00    0.00     0.00    0.00    0.00    0.00   0.00
loop2            0.00      0.00     0.00   0.00    0.00     0.00    0.00      0.00     0.00   0.00    0.00     0.00    0.00      0.00     0.00   0.00    0.00     0.00    0.00    0.00    0.00   0.00
loop3            0.00      0.00     0.00   0.00    0.00     0.00    0.00      0.00     0.00   0.00    0.00     0.00    0.00      0.00     0.00   0.00    0.00     0.00    0.00    0.00    0.00   0.00
loop4            0.00      0.00     0.00   0.00    0.00     0.00    0.00      0.00     0.00   0.00    0.00     0.00    0.00      0.00     0.00   0.00    0.00     0.00    0.00    0.00    0.00   0.00
loop5            0.00      0.00     0.00   0.00    0.00     0.00    0.00      0.00     0.00   0.00    0.00     0.00    0.00      0.00     0.00   0.00    0.00     0.00    0.00    0.00    0.00   0.00
loop6            0.00      0.00     0.00   0.00    0.00     0.00    0.00      0.00     0.00   0.00    0.00     0.00    0.00      0.00     0.00   0.00    0.00     0.00    0.00    0.00    0.00   0.00
loop7            0.00      0.00     0.00   0.00    0.00     0.00    0.00      0.00     0.00   0.00    0.00     0.00    0.00      0.00     0.00   0.00    0.00     0.00    0.00    0.00    0.00   0.00
sda              0.00      0.00     0.00   0.00    0.00     0.00   11.00    152.00    27.00  71.05    0.09    13.82    0.00      0.00     0.00   0.00    0.00     0.00    0.00    0.00    0.00   0.80
sdb              0.00      0.00     0.00   0.00    0.00     0.00 4304.00  73468.00   607.00  12.36    0.05    17.07    0.00      0.00     0.00   0.00    0.00     0.00    0.00    0.00    0.21  99.60


avg-cpu:  %user   %nice %system %iowait  %steal   %idle
           1.71    0.00    1.65    0.05    0.00   96.59

Device            r/s     rkB/s   rrqm/s  %rrqm r_await rareq-sz     w/s     wkB/s   wrqm/s  %wrqm w_await wareq-sz     d/s     dkB/s   drqm/s  %drqm d_await dareq-sz     f/s f_await  aqu-sz  %util
dm-0             0.00      0.00     0.00   0.00    0.00     0.00 2440.00  36460.00     0.00   0.00    0.04    14.94    0.00      0.00     0.00   0.00    0.00     0.00    0.00    0.00    0.10  99.20
dm-1             0.00      0.00     0.00   0.00    0.00     0.00 2428.00  36536.00     0.00   0.00    0.03    15.05    0.00      0.00     0.00   0.00    0.00     0.00    0.00    0.00    0.08  98.80
dm-2             0.00      0.00     0.00   0.00    0.00     0.00   60.00    268.00     0.00   0.00    0.07     4.47    0.00      0.00     0.00   0.00    0.00     0.00    0.00    0.00    0.00   2.00
loop0            0.00      0.00     0.00   0.00    0.00     0.00    0.00      0.00     0.00   0.00    0.00     0.00    0.00      0.00     0.00   0.00    0.00     0.00    0.00    0.00    0.00   0.00
loop1            0.00      0.00     0.00   0.00    0.00     0.00    0.00      0.00     0.00   0.00    0.00     0.00    0.00      0.00     0.00   0.00    0.00     0.00    0.00    0.00    0.00   0.00
loop2            0.00      0.00     0.00   0.00    0.00     0.00    0.00      0.00     0.00   0.00    0.00     0.00    0.00      0.00     0.00   0.00    0.00     0.00    0.00    0.00    0.00   0.00
loop3            0.00      0.00     0.00   0.00    0.00     0.00    0.00      0.00     0.00   0.00    0.00     0.00    0.00      0.00     0.00   0.00    0.00     0.00    0.00    0.00    0.00   0.00
loop4            0.00      0.00     0.00   0.00    0.00     0.00    0.00      0.00     0.00   0.00    0.00     0.00    0.00      0.00     0.00   0.00    0.00     0.00    0.00    0.00    0.00   0.00
loop5            0.00      0.00     0.00   0.00    0.00     0.00    0.00      0.00     0.00   0.00    0.00     0.00    0.00      0.00     0.00   0.00    0.00     0.00    0.00    0.00    0.00   0.00
loop6            0.00      0.00     0.00   0.00    0.00     0.00    0.00      0.00     0.00   0.00    0.00     0.00    0.00      0.00     0.00   0.00    0.00     0.00    0.00    0.00    0.00   0.00
loop7            0.00      0.00     0.00   0.00    0.00     0.00    0.00      0.00     0.00   0.00    0.00     0.00    0.00      0.00     0.00   0.00    0.00     0.00    0.00    0.00    0.00   0.00
sda              0.00      0.00     0.00   0.00    0.00     0.00   20.00    268.00    40.00  66.67    0.15    13.40    0.00      0.00     0.00   0.00    0.00     0.00    0.00    0.00    0.00   2.00
sdb              0.00      0.00     0.00   0.00    0.00     0.00 4259.00  73060.00   610.00  12.53    0.05    17.15    0.00      0.00     0.00   0.00    0.00     0.00    0.00    0.00    0.21  99.60


avg-cpu:  %user   %nice %system %iowait  %steal   %idle
           1.70    0.00    1.57    0.05    0.00   96.69

Device            r/s     rkB/s   rrqm/s  %rrqm r_await rareq-sz     w/s     wkB/s   wrqm/s  %wrqm w_await wareq-sz     d/s     dkB/s   drqm/s  %drqm d_await dareq-sz     f/s f_await  aqu-sz  %util
dm-0             0.00      0.00     0.00   0.00    0.00     0.00 2435.00  36804.00     0.00   0.00    0.05    15.11    0.00      0.00     0.00   0.00    0.00     0.00    0.00    0.00    0.11  98.40
dm-1             0.00      0.00     0.00   0.00    0.00     0.00 2442.00  36712.00     0.00   0.00    0.05    15.03    0.00      0.00     0.00   0.00    0.00     0.00    0.00    0.00    0.12  98.00
dm-2             0.00      0.00     0.00   0.00    0.00     0.00   46.00    188.00     0.00   0.00    0.00     4.09    0.00      0.00     0.00   0.00    0.00     0.00    0.00    0.00    0.00   1.20
loop0            0.00      0.00     0.00   0.00    0.00     0.00    0.00      0.00     0.00   0.00    0.00     0.00    0.00      0.00     0.00   0.00    0.00     0.00    0.00    0.00    0.00   0.00
loop1            0.00      0.00     0.00   0.00    0.00     0.00    0.00      0.00     0.00   0.00    0.00     0.00    0.00      0.00     0.00   0.00    0.00     0.00    0.00    0.00    0.00   0.00
loop2            0.00      0.00     0.00   0.00    0.00     0.00    0.00      0.00     0.00   0.00    0.00     0.00    0.00      0.00     0.00   0.00    0.00     0.00    0.00    0.00    0.00   0.00
loop3            0.00      0.00     0.00   0.00    0.00     0.00    0.00      0.00     0.00   0.00    0.00     0.00    0.00      0.00     0.00   0.00    0.00     0.00    0.00    0.00    0.00   0.00
loop4            0.00      0.00     0.00   0.00    0.00     0.00    0.00      0.00     0.00   0.00    0.00     0.00    0.00      0.00     0.00   0.00    0.00     0.00    0.00    0.00    0.00   0.00
loop5            0.00      0.00     0.00   0.00    0.00     0.00    0.00      0.00     0.00   0.00    0.00     0.00    0.00      0.00     0.00   0.00    0.00     0.00    0.00    0.00    0.00   0.00
loop6            0.00      0.00     0.00   0.00    0.00     0.00    0.00      0.00     0.00   0.00    0.00     0.00    0.00      0.00     0.00   0.00    0.00     0.00    0.00    0.00    0.00   0.00
loop7            0.00      0.00     0.00   0.00    0.00     0.00    0.00      0.00     0.00   0.00    0.00     0.00    0.00      0.00     0.00   0.00    0.00     0.00    0.00    0.00    0.00   0.00
sda              0.00      0.00     0.00   0.00    0.00     0.00   14.00    188.00    32.00  69.57    0.36    13.43    0.00      0.00     0.00   0.00    0.00     0.00    0.00    0.00    0.01   1.20
sdb              0.00      0.00     0.00   0.00    0.00     0.00 4264.00  73520.00   614.00  12.59    0.05    17.24    0.00      0.00     0.00   0.00    0.00     0.00    0.00    0.00    0.21  98.80


avg-cpu:  %user   %nice %system %iowait  %steal   %idle
           1.93    0.00    1.64    0.05    0.00   96.38

Device            r/s     rkB/s   rrqm/s  %rrqm r_await rareq-sz     w/s     wkB/s   wrqm/s  %wrqm w_await wareq-sz     d/s     dkB/s   drqm/s  %drqm d_await dareq-sz     f/s f_await  aqu-sz  %util
dm-0             0.00      0.00     0.00   0.00    0.00     0.00 2412.00  36232.00     0.00   0.00    0.05    15.02    0.00      0.00     0.00   0.00    0.00     0.00    0.00    0.00    0.12 100.00
dm-1             0.00      0.00     0.00   0.00    0.00     0.00 2390.00  36264.00     0.00   0.00    0.05    15.17    0.00      0.00     0.00   0.00    0.00     0.00    0.00    0.00    0.12 100.00
dm-2             0.00      0.00     0.00   0.00    0.00     0.00   66.00    280.00     0.00   0.00    0.00     4.24    0.00      0.00     0.00   0.00    0.00     0.00    0.00    0.00    0.00   2.00
loop0            0.00      0.00     0.00   0.00    0.00     0.00    0.00      0.00     0.00   0.00    0.00     0.00    0.00      0.00     0.00   0.00    0.00     0.00    0.00    0.00    0.00   0.00
loop1            0.00      0.00     0.00   0.00    0.00     0.00    0.00      0.00     0.00   0.00    0.00     0.00    0.00      0.00     0.00   0.00    0.00     0.00    0.00    0.00    0.00   0.00
loop2            0.00      0.00     0.00   0.00    0.00     0.00    0.00      0.00     0.00   0.00    0.00     0.00    0.00      0.00     0.00   0.00    0.00     0.00    0.00    0.00    0.00   0.00
loop3            0.00      0.00     0.00   0.00    0.00     0.00    0.00      0.00     0.00   0.00    0.00     0.00    0.00      0.00     0.00   0.00    0.00     0.00    0.00    0.00    0.00   0.00
loop4            0.00      0.00     0.00   0.00    0.00     0.00    0.00      0.00     0.00   0.00    0.00     0.00    0.00      0.00     0.00   0.00    0.00     0.00    0.00    0.00    0.00   0.00
loop5            0.00      0.00     0.00   0.00    0.00     0.00    0.00      0.00     0.00   0.00    0.00     0.00    0.00      0.00     0.00   0.00    0.00     0.00    0.00    0.00    0.00   0.00
loop6            0.00      0.00     0.00   0.00    0.00     0.00    0.00      0.00     0.00   0.00    0.00     0.00    0.00      0.00     0.00   0.00    0.00     0.00    0.00    0.00    0.00   0.00
loop7            0.00      0.00     0.00   0.00    0.00     0.00    0.00      0.00     0.00   0.00    0.00     0.00    0.00      0.00     0.00   0.00    0.00     0.00    0.00    0.00    0.00   0.00
sda              0.00      0.00     0.00   0.00    0.00     0.00   20.00    280.00    46.00  69.70    0.10    14.00    0.00      0.00     0.00   0.00    0.00     0.00    0.00    0.00    0.00   2.00
sdb              0.00      0.00     0.00   0.00    0.00     0.00 4196.00  72480.00   602.00  12.55    0.05    17.27    0.00      0.00     0.00   0.00    0.00     0.00    0.00    0.00    0.21 100.00


avg-cpu:  %user   %nice %system %iowait  %steal   %idle
           1.81    0.00    1.55    0.08    0.00   96.56

Device            r/s     rkB/s   rrqm/s  %rrqm r_await rareq-sz     w/s     wkB/s   wrqm/s  %wrqm w_await wareq-sz     d/s     dkB/s   drqm/s  %drqm d_await dareq-sz     f/s f_await  aqu-sz  %util
dm-0             0.00      0.00     0.00   0.00    0.00     0.00 2405.00  36384.00     0.00   0.00    0.05    15.13    0.00      0.00     0.00   0.00    0.00     0.00    0.00    0.00    0.11  98.80
dm-1             0.00      0.00     0.00   0.00    0.00     0.00 2403.00  36376.00     0.00   0.00    0.06    15.14    0.00      0.00     0.00   0.00    0.00     0.00    0.00    0.00    0.14  98.00
dm-2             0.00      0.00     0.00   0.00    0.00     0.00  464.00  42104.00     0.00   0.00    0.93    90.74    0.00      0.00     0.00   0.00    0.00     0.00    0.00    0.00    0.43   4.40
loop0            0.00      0.00     0.00   0.00    0.00     0.00    0.00      0.00     0.00   0.00    0.00     0.00    0.00      0.00     0.00   0.00    0.00     0.00    0.00    0.00    0.00   0.00
loop1            0.00      0.00     0.00   0.00    0.00     0.00    0.00      0.00     0.00   0.00    0.00     0.00    0.00      0.00     0.00   0.00    0.00     0.00    0.00    0.00    0.00   0.00
loop2            0.00      0.00     0.00   0.00    0.00     0.00    0.00      0.00     0.00   0.00    0.00     0.00    0.00      0.00     0.00   0.00    0.00     0.00    0.00    0.00    0.00   0.00
loop3            0.00      0.00     0.00   0.00    0.00     0.00    0.00      0.00     0.00   0.00    0.00     0.00    0.00      0.00     0.00   0.00    0.00     0.00    0.00    0.00    0.00   0.00
loop4            0.00      0.00     0.00   0.00    0.00     0.00    0.00      0.00     0.00   0.00    0.00     0.00    0.00      0.00     0.00   0.00    0.00     0.00    0.00    0.00    0.00   0.00
loop5            0.00      0.00     0.00   0.00    0.00     0.00    0.00      0.00     0.00   0.00    0.00     0.00    0.00      0.00     0.00   0.00    0.00     0.00    0.00    0.00    0.00   0.00
loop6            0.00      0.00     0.00   0.00    0.00     0.00    0.00      0.00     0.00   0.00    0.00     0.00    0.00      0.00     0.00   0.00    0.00     0.00    0.00    0.00    0.00   0.00
loop7            0.00      0.00     0.00   0.00    0.00     0.00    0.00      0.00     0.00   0.00    0.00     0.00    0.00      0.00     0.00   0.00    0.00     0.00    0.00    0.00    0.00   0.00
sda              0.00      0.00     0.00   0.00    0.00     0.00  488.00  42104.00    96.00  16.44    0.92    86.28    0.00      0.00     0.00   0.00    0.00     0.00    0.00    0.00    0.45   4.40
sdb              0.00      0.00     0.00   0.00    0.00     0.00 4208.00  72772.00   603.00  12.53    0.06    17.29    0.00      0.00     0.00   0.00    0.00     0.00    0.00    0.00    0.24  99.60


avg-cpu:  %user   %nice %system %iowait  %steal   %idle
           1.79    0.00    1.55    0.05    0.00   96.62

Device            r/s     rkB/s   rrqm/s  %rrqm r_await rareq-sz     w/s     wkB/s   wrqm/s  %wrqm w_await wareq-sz     d/s     dkB/s   drqm/s  %drqm d_await dareq-sz     f/s f_await  aqu-sz  %util
dm-0             0.00      0.00     0.00   0.00    0.00     0.00 2444.00  36540.00     0.00   0.00    0.03    14.95    0.00      0.00     0.00   0.00    0.00     0.00    0.00    0.00    0.08  99.60
dm-1             0.00      0.00     0.00   0.00    0.00     0.00 2414.00  36356.00     0.00   0.00    0.03    15.06    0.00      0.00     0.00   0.00    0.00     0.00    0.00    0.00    0.08  99.20
dm-2             0.00      0.00     0.00   0.00    0.00     0.00   37.00    148.00     0.00   0.00    0.00     4.00    0.00      0.00     0.00   0.00    0.00     0.00    0.00    0.00    0.00   0.80
loop0            0.00      0.00     0.00   0.00    0.00     0.00    0.00      0.00     0.00   0.00    0.00     0.00    0.00      0.00     0.00   0.00    0.00     0.00    0.00    0.00    0.00   0.00
loop1            0.00      0.00     0.00   0.00    0.00     0.00    0.00      0.00     0.00   0.00    0.00     0.00    0.00      0.00     0.00   0.00    0.00     0.00    0.00    0.00    0.00   0.00
loop2            0.00      0.00     0.00   0.00    0.00     0.00    0.00      0.00     0.00   0.00    0.00     0.00    0.00      0.00     0.00   0.00    0.00     0.00    0.00    0.00    0.00   0.00
loop3            0.00      0.00     0.00   0.00    0.00     0.00    0.00      0.00     0.00   0.00    0.00     0.00    0.00      0.00     0.00   0.00    0.00     0.00    0.00    0.00    0.00   0.00
loop4            0.00      0.00     0.00   0.00    0.00     0.00    0.00      0.00     0.00   0.00    0.00     0.00    0.00      0.00     0.00   0.00    0.00     0.00    0.00    0.00    0.00   0.00
loop5            0.00      0.00     0.00   0.00    0.00     0.00    0.00      0.00     0.00   0.00    0.00     0.00    0.00      0.00     0.00   0.00    0.00     0.00    0.00    0.00    0.00   0.00
loop6            0.00      0.00     0.00   0.00    0.00     0.00    0.00      0.00     0.00   0.00    0.00     0.00    0.00      0.00     0.00   0.00    0.00     0.00    0.00    0.00    0.00   0.00
loop7            0.00      0.00     0.00   0.00    0.00     0.00    0.00      0.00     0.00   0.00    0.00     0.00    0.00      0.00     0.00   0.00    0.00     0.00    0.00    0.00    0.00   0.00
sda              0.00      0.00     0.00   0.00    0.00     0.00   11.00    148.00    26.00  70.27    0.00    13.45    0.00      0.00     0.00   0.00    0.00     0.00    0.00    0.00    0.00   0.80
sdb              0.00      0.00     0.00   0.00    0.00     0.00 4249.00  72896.00   609.00  12.54    0.05    17.16    0.00      0.00     0.00   0.00    0.00     0.00    0.00    0.00    0.21  99.60


avg-cpu:  %user   %nice %system %iowait  %steal   %idle
           1.72    0.00    1.57    0.05    0.00   96.66

Device            r/s     rkB/s   rrqm/s  %rrqm r_await rareq-sz     w/s     wkB/s   wrqm/s  %wrqm w_await wareq-sz     d/s     dkB/s   drqm/s  %drqm d_await dareq-sz     f/s f_await  aqu-sz  %util
dm-0             0.00      0.00     0.00   0.00    0.00     0.00 2441.00  36408.00     0.00   0.00    0.03    14.92    0.00      0.00     0.00   0.00    0.00     0.00    0.00    0.00    0.07  99.60
dm-1             0.00      0.00     0.00   0.00    0.00     0.00 2435.00  36444.00     0.00   0.00    0.05    14.97    0.00      0.00     0.00   0.00    0.00     0.00    0.00    0.00    0.13 100.00
dm-2             0.00      0.00     0.00   0.00    0.00     0.00   20.00     96.00     0.00   0.00    0.00     4.80    0.00      0.00     0.00   0.00    0.00     0.00    0.00    0.00    0.00   0.40
loop0            0.00      0.00     0.00   0.00    0.00     0.00    0.00      0.00     0.00   0.00    0.00     0.00    0.00      0.00     0.00   0.00    0.00     0.00    0.00    0.00    0.00   0.00
loop1            0.00      0.00     0.00   0.00    0.00     0.00    0.00      0.00     0.00   0.00    0.00     0.00    0.00      0.00     0.00   0.00    0.00     0.00    0.00    0.00    0.00   0.00
loop2            0.00      0.00     0.00   0.00    0.00     0.00    0.00      0.00     0.00   0.00    0.00     0.00    0.00      0.00     0.00   0.00    0.00     0.00    0.00    0.00    0.00   0.00
loop3            0.00      0.00     0.00   0.00    0.00     0.00    0.00      0.00     0.00   0.00    0.00     0.00    0.00      0.00     0.00   0.00    0.00     0.00    0.00    0.00    0.00   0.00
loop4            0.00      0.00     0.00   0.00    0.00     0.00    0.00      0.00     0.00   0.00    0.00     0.00    0.00      0.00     0.00   0.00    0.00     0.00    0.00    0.00    0.00   0.00
loop5            0.00      0.00     0.00   0.00    0.00     0.00    0.00      0.00     0.00   0.00    0.00     0.00    0.00      0.00     0.00   0.00    0.00     0.00    0.00    0.00    0.00   0.00
loop6            0.00      0.00     0.00   0.00    0.00     0.00    0.00      0.00     0.00   0.00    0.00     0.00    0.00      0.00     0.00   0.00    0.00     0.00    0.00    0.00    0.00   0.00
loop7            0.00      0.00     0.00   0.00    0.00     0.00    0.00      0.00     0.00   0.00    0.00     0.00    0.00      0.00     0.00   0.00    0.00     0.00    0.00    0.00    0.00   0.00
sda              0.00      0.00     0.00   0.00    0.00     0.00    6.00     96.00    14.00  70.00    0.17    16.00    0.00      0.00     0.00   0.00    0.00     0.00    0.00    0.00    0.00   0.40
sdb              0.00      0.00     0.00   0.00    0.00     0.00 4273.00  72852.00   603.00  12.37    0.05    17.05    0.00      0.00     0.00   0.00    0.00     0.00    0.00    0.00    0.21 100.00


avg-cpu:  %user   %nice %system %iowait  %steal   %idle
           1.92    0.00    1.36    0.05    0.00   96.67

Device            r/s     rkB/s   rrqm/s  %rrqm r_await rareq-sz     w/s     wkB/s   wrqm/s  %wrqm w_await wareq-sz     d/s     dkB/s   drqm/s  %drqm d_await dareq-sz     f/s f_await  aqu-sz  %util
dm-0             0.00      0.00     0.00   0.00    0.00     0.00 2431.00  36728.00     0.00   0.00    0.05    15.11    0.00      0.00     0.00   0.00    0.00     0.00    0.00    0.00    0.12  99.60
dm-1             0.00      0.00     0.00   0.00    0.00     0.00 2456.00  36708.00     0.00   0.00    0.03    14.95    0.00      0.00     0.00   0.00    0.00     0.00    0.00    0.00    0.07  98.80
dm-2             0.00      0.00     0.00   0.00    0.00     0.00   47.00    200.00     0.00   0.00    0.00     4.26    0.00      0.00     0.00   0.00    0.00     0.00    0.00    0.00    0.00   1.20
loop0            0.00      0.00     0.00   0.00    0.00     0.00    0.00      0.00     0.00   0.00    0.00     0.00    0.00      0.00     0.00   0.00    0.00     0.00    0.00    0.00    0.00   0.00
loop1            0.00      0.00     0.00   0.00    0.00     0.00    0.00      0.00     0.00   0.00    0.00     0.00    0.00      0.00     0.00   0.00    0.00     0.00    0.00    0.00    0.00   0.00
loop2            0.00      0.00     0.00   0.00    0.00     0.00    0.00      0.00     0.00   0.00    0.00     0.00    0.00      0.00     0.00   0.00    0.00     0.00    0.00    0.00    0.00   0.00
loop3            0.00      0.00     0.00   0.00    0.00     0.00    0.00      0.00     0.00   0.00    0.00     0.00    0.00      0.00     0.00   0.00    0.00     0.00    0.00    0.00    0.00   0.00
loop4            0.00      0.00     0.00   0.00    0.00     0.00    0.00      0.00     0.00   0.00    0.00     0.00    0.00      0.00     0.00   0.00    0.00     0.00    0.00    0.00    0.00   0.00
loop5            0.00      0.00     0.00   0.00    0.00     0.00    0.00      0.00     0.00   0.00    0.00     0.00    0.00      0.00     0.00   0.00    0.00     0.00    0.00    0.00    0.00   0.00
loop6            0.00      0.00     0.00   0.00    0.00     0.00    0.00      0.00     0.00   0.00    0.00     0.00    0.00      0.00     0.00   0.00    0.00     0.00    0.00    0.00    0.00   0.00
loop7            0.00      0.00     0.00   0.00    0.00     0.00    0.00      0.00     0.00   0.00    0.00     0.00    0.00      0.00     0.00   0.00    0.00     0.00    0.00    0.00    0.00   0.00
sda              0.00      0.00     0.00   0.00    0.00     0.00   16.00    200.00    31.00  65.96    0.62    12.50    0.00      0.00     0.00   0.00    0.00     0.00    0.00    0.00    0.01   1.20
sdb              0.00      0.00     0.00   0.00    0.00     0.00 4279.00  73372.00   606.00  12.41    0.05    17.15    0.00      0.00     0.00   0.00    0.00     0.00    0.00    0.00    0.21  99.60


avg-cpu:  %user   %nice %system %iowait  %steal   %idle
           1.48    0.00    1.23    0.05    0.00   97.24

Device            r/s     rkB/s   rrqm/s  %rrqm r_await rareq-sz     w/s     wkB/s   wrqm/s  %wrqm w_await wareq-sz     d/s     dkB/s   drqm/s  %drqm d_await dareq-sz     f/s f_await  aqu-sz  %util
dm-0             0.00      0.00     0.00   0.00    0.00     0.00 1870.00  29500.00     0.00   0.00    0.05    15.78    0.00      0.00     0.00   0.00    0.00     0.00    0.00    0.00    0.10  82.00
dm-1             0.00      0.00     0.00   0.00    0.00     0.00 1873.00  29636.00     0.00   0.00    0.05    15.82    0.00      0.00     0.00   0.00    0.00     0.00    0.00    0.00    0.10  81.60
dm-2             0.00      0.00     0.00   0.00    0.00     0.00   61.00    260.00     0.00   0.00    0.26     4.26    0.00      0.00     0.00   0.00    0.00     0.00    0.00    0.00    0.02   2.00
loop0            0.00      0.00     0.00   0.00    0.00     0.00    0.00      0.00     0.00   0.00    0.00     0.00    0.00      0.00     0.00   0.00    0.00     0.00    0.00    0.00    0.00   0.00
loop1            0.00      0.00     0.00   0.00    0.00     0.00    0.00      0.00     0.00   0.00    0.00     0.00    0.00      0.00     0.00   0.00    0.00     0.00    0.00    0.00    0.00   0.00
loop2            0.00      0.00     0.00   0.00    0.00     0.00    0.00      0.00     0.00   0.00    0.00     0.00    0.00      0.00     0.00   0.00    0.00     0.00    0.00    0.00    0.00   0.00
loop3            0.00      0.00     0.00   0.00    0.00     0.00    0.00      0.00     0.00   0.00    0.00     0.00    0.00      0.00     0.00   0.00    0.00     0.00    0.00    0.00    0.00   0.00
loop4            0.00      0.00     0.00   0.00    0.00     0.00    0.00      0.00     0.00   0.00    0.00     0.00    0.00      0.00     0.00   0.00    0.00     0.00    0.00    0.00    0.00   0.00
loop5            0.00      0.00     0.00   0.00    0.00     0.00    0.00      0.00     0.00   0.00    0.00     0.00    0.00      0.00     0.00   0.00    0.00     0.00    0.00    0.00    0.00   0.00
loop6            0.00      0.00     0.00   0.00    0.00     0.00    0.00      0.00     0.00   0.00    0.00     0.00    0.00      0.00     0.00   0.00    0.00     0.00    0.00    0.00    0.00   0.00
loop7            0.00      0.00     0.00   0.00    0.00     0.00    0.00      0.00     0.00   0.00    0.00     0.00    0.00      0.00     0.00   0.00    0.00     0.00    0.00    0.00    0.00   0.00
sda              0.00      0.00     0.00   0.00    0.00     0.00   20.00    260.00    41.00  67.21    0.05    13.00    0.00      0.00     0.00   0.00    0.00     0.00    0.00    0.00    0.00   2.00
sdb              0.00      0.00     0.00   0.00    0.00     0.00 3273.00  59200.00   472.00  12.60    0.05    18.09    0.00      0.00     0.00   0.00    0.00     0.00    0.00    0.00    0.17  82.00


avg-cpu:  %user   %nice %system %iowait  %steal   %idle
           0.67    0.00    0.61    0.02    0.00   98.70

Device            r/s     rkB/s   rrqm/s  %rrqm r_await rareq-sz     w/s     wkB/s   wrqm/s  %wrqm w_await wareq-sz     d/s     dkB/s   drqm/s  %drqm d_await dareq-sz     f/s f_await  aqu-sz  %util
dm-0             0.00      0.00     0.00   0.00    0.00     0.00  709.00  14716.00     0.00   0.00    0.08    20.76    0.00      0.00     0.00   0.00    0.00     0.00    0.00    0.00    0.06  42.80
dm-1             0.00      0.00     0.00   0.00    0.00     0.00  707.00  14708.00     0.00   0.00    0.06    20.80    0.00      0.00     0.00   0.00    0.00     0.00    0.00    0.00    0.04  40.80
dm-2             0.00      0.00     0.00   0.00    0.00     0.00  255.00   1112.00     0.00   0.00    0.20     4.36    0.00      0.00     0.00   0.00    0.00     0.00    0.00    0.00    0.05   1.60
loop0            0.00      0.00     0.00   0.00    0.00     0.00    0.00      0.00     0.00   0.00    0.00     0.00    0.00      0.00     0.00   0.00    0.00     0.00    0.00    0.00    0.00   0.00
loop1            0.00      0.00     0.00   0.00    0.00     0.00    0.00      0.00     0.00   0.00    0.00     0.00    0.00      0.00     0.00   0.00    0.00     0.00    0.00    0.00    0.00   0.00
loop2            0.00      0.00     0.00   0.00    0.00     0.00    0.00      0.00     0.00   0.00    0.00     0.00    0.00      0.00     0.00   0.00    0.00     0.00    0.00    0.00    0.00   0.00
loop3            0.00      0.00     0.00   0.00    0.00     0.00    0.00      0.00     0.00   0.00    0.00     0.00    0.00      0.00     0.00   0.00    0.00     0.00    0.00    0.00    0.00   0.00
loop4            0.00      0.00     0.00   0.00    0.00     0.00    0.00      0.00     0.00   0.00    0.00     0.00    0.00      0.00     0.00   0.00    0.00     0.00    0.00    0.00    0.00   0.00
loop5            0.00      0.00     0.00   0.00    0.00     0.00    0.00      0.00     0.00   0.00    0.00     0.00    0.00      0.00     0.00   0.00    0.00     0.00    0.00    0.00    0.00   0.00
loop6            0.00      0.00     0.00   0.00    0.00     0.00    0.00      0.00     0.00   0.00    0.00     0.00    0.00      0.00     0.00   0.00    0.00     0.00    0.00    0.00    0.00   0.00
loop7            0.00      0.00     0.00   0.00    0.00     0.00    0.00      0.00     0.00   0.00    0.00     0.00    0.00      0.00     0.00   0.00    0.00     0.00    0.00    0.00    0.00   0.00
sda              0.00      0.00     0.00   0.00    0.00     0.00  223.00   1112.00    32.00  12.55    0.83     4.99    0.00      0.00     0.00   0.00    0.00     0.00    0.00    0.00    0.18   1.60
sdb              0.00      0.00     0.00   0.00    0.00     0.00 1238.00  29424.00   178.00  12.57    0.06    23.77    0.00      0.00     0.00   0.00    0.00     0.00    0.00    0.00    0.08  43.60


avg-cpu:  %user   %nice %system %iowait  %steal   %idle
           0.80    0.00    0.86    0.00    0.00   98.34

Device            r/s     rkB/s   rrqm/s  %rrqm r_await rareq-sz     w/s     wkB/s   wrqm/s  %wrqm w_await wareq-sz     d/s     dkB/s   drqm/s  %drqm d_await dareq-sz     f/s f_await  aqu-sz  %util
dm-0             0.00      0.00     0.00   0.00    0.00     0.00  777.00  15892.00     0.00   0.00    0.05    20.45    0.00      0.00     0.00   0.00    0.00     0.00    0.00    0.00    0.04  48.00
dm-1             0.00      0.00     0.00   0.00    0.00     0.00  763.00  15832.00     0.00   0.00    0.04    20.75    0.00      0.00     0.00   0.00    0.00     0.00    0.00    0.00    0.03  47.60
dm-2             0.00      0.00     0.00   0.00    0.00     0.00   59.00    256.00     0.00   0.00    0.14     4.34    0.00      0.00     0.00   0.00    0.00     0.00    0.00    0.00    0.01   2.00
loop0            0.00      0.00     0.00   0.00    0.00     0.00    0.00      0.00     0.00   0.00    0.00     0.00    0.00      0.00     0.00   0.00    0.00     0.00    0.00    0.00    0.00   0.00
loop1            0.00      0.00     0.00   0.00    0.00     0.00    0.00      0.00     0.00   0.00    0.00     0.00    0.00      0.00     0.00   0.00    0.00     0.00    0.00    0.00    0.00   0.00
loop2            0.00      0.00     0.00   0.00    0.00     0.00    0.00      0.00     0.00   0.00    0.00     0.00    0.00      0.00     0.00   0.00    0.00     0.00    0.00    0.00    0.00   0.00
loop3            0.00      0.00     0.00   0.00    0.00     0.00    0.00      0.00     0.00   0.00    0.00     0.00    0.00      0.00     0.00   0.00    0.00     0.00    0.00    0.00    0.00   0.00
loop4            0.00      0.00     0.00   0.00    0.00     0.00    0.00      0.00     0.00   0.00    0.00     0.00    0.00      0.00     0.00   0.00    0.00     0.00    0.00    0.00    0.00   0.00
loop5            0.00      0.00     0.00   0.00    0.00     0.00    0.00      0.00     0.00   0.00    0.00     0.00    0.00      0.00     0.00   0.00    0.00     0.00    0.00    0.00    0.00   0.00
loop6            0.00      0.00     0.00   0.00    0.00     0.00    0.00      0.00     0.00   0.00    0.00     0.00    0.00      0.00     0.00   0.00    0.00     0.00    0.00    0.00    0.00   0.00
loop7            0.00      0.00     0.00   0.00    0.00     0.00    0.00      0.00     0.00   0.00    0.00     0.00    0.00      0.00     0.00   0.00    0.00     0.00    0.00    0.00    0.00   0.00
sda              0.00      0.00     0.00   0.00    0.00     0.00   17.00    256.00    42.00  71.19    0.06    15.06    0.00      0.00     0.00   0.00    0.00     0.00    0.00    0.00    0.00   2.00
sdb              0.00      0.00     0.00   0.00    0.00     0.00 1331.00  31724.00   209.00  13.57    0.06    23.83    0.00      0.00     0.00   0.00    0.00     0.00    0.00    0.00    0.08  48.40


avg-cpu:  %user   %nice %system %iowait  %steal   %idle
           0.68    0.00    0.71    0.02    0.00   98.60

Device            r/s     rkB/s   rrqm/s  %rrqm r_await rareq-sz     w/s     wkB/s   wrqm/s  %wrqm w_await wareq-sz     d/s     dkB/s   drqm/s  %drqm d_await dareq-sz     f/s f_await  aqu-sz  %util
dm-0             0.00      0.00     0.00   0.00    0.00     0.00  806.00  16244.00     0.00   0.00    0.05    20.15    0.00      0.00     0.00   0.00    0.00     0.00    0.00    0.00    0.04  44.40
dm-1             0.00      0.00     0.00   0.00    0.00     0.00  800.00  16220.00     0.00   0.00    0.08    20.27    0.00      0.00     0.00   0.00    0.00     0.00    0.00    0.00    0.06  45.20
dm-2             0.00      0.00     0.00   0.00    0.00     0.00   39.00    156.00     0.00   0.00    0.00     4.00    0.00      0.00     0.00   0.00    0.00     0.00    0.00    0.00    0.00   1.20
loop0            0.00      0.00     0.00   0.00    0.00     0.00    0.00      0.00     0.00   0.00    0.00     0.00    0.00      0.00     0.00   0.00    0.00     0.00    0.00    0.00    0.00   0.00
loop1            0.00      0.00     0.00   0.00    0.00     0.00    0.00      0.00     0.00   0.00    0.00     0.00    0.00      0.00     0.00   0.00    0.00     0.00    0.00    0.00    0.00   0.00
loop2            0.00      0.00     0.00   0.00    0.00     0.00    0.00      0.00     0.00   0.00    0.00     0.00    0.00      0.00     0.00   0.00    0.00     0.00    0.00    0.00    0.00   0.00
loop3            0.00      0.00     0.00   0.00    0.00     0.00    0.00      0.00     0.00   0.00    0.00     0.00    0.00      0.00     0.00   0.00    0.00     0.00    0.00    0.00    0.00   0.00
loop4            0.00      0.00     0.00   0.00    0.00     0.00    0.00      0.00     0.00   0.00    0.00     0.00    0.00      0.00     0.00   0.00    0.00     0.00    0.00    0.00    0.00   0.00
loop5            0.00      0.00     0.00   0.00    0.00     0.00    0.00      0.00     0.00   0.00    0.00     0.00    0.00      0.00     0.00   0.00    0.00     0.00    0.00    0.00    0.00   0.00
loop6            0.00      0.00     0.00   0.00    0.00     0.00    0.00      0.00     0.00   0.00    0.00     0.00    0.00      0.00     0.00   0.00    0.00     0.00    0.00    0.00    0.00   0.00
loop7            0.00      0.00     0.00   0.00    0.00     0.00    0.00      0.00     0.00   0.00    0.00     0.00    0.00      0.00     0.00   0.00    0.00     0.00    0.00    0.00    0.00   0.00
sda              0.00      0.00     0.00   0.00    0.00     0.00   11.00    156.00    28.00  71.79    0.09    14.18    0.00      0.00     0.00   0.00    0.00     0.00    0.00    0.00    0.00   1.20
sdb              0.00      0.00     0.00   0.00    0.00     0.00 1378.00  32464.00   228.00  14.20    0.06    23.56    0.00      0.00     0.00   0.00    0.00     0.00    0.00    0.00    0.08  46.00


avg-cpu:  %user   %nice %system %iowait  %steal   %idle
           0.71    0.00    0.69    0.02    0.00   98.59

Device            r/s     rkB/s   rrqm/s  %rrqm r_await rareq-sz     w/s     wkB/s   wrqm/s  %wrqm w_await wareq-sz     d/s     dkB/s   drqm/s  %drqm d_await dareq-sz     f/s f_await  aqu-sz  %util
dm-0             0.00      0.00     0.00   0.00    0.00     0.00  789.00  15636.00     0.00   0.00    0.04    19.82    0.00      0.00     0.00   0.00    0.00     0.00    0.00    0.00    0.03  44.40
dm-1             0.00      0.00     0.00   0.00    0.00     0.00  785.00  15624.00     0.00   0.00    0.04    19.90    0.00      0.00     0.00   0.00    0.00     0.00    0.00    0.00    0.03  45.60
dm-2             0.00      0.00     0.00   0.00    0.00     0.00   61.00    260.00     0.00   0.00    0.00     4.26    0.00      0.00     0.00   0.00    0.00     0.00    0.00    0.00    0.00   2.40
loop0            0.00      0.00     0.00   0.00    0.00     0.00    0.00      0.00     0.00   0.00    0.00     0.00    0.00      0.00     0.00   0.00    0.00     0.00    0.00    0.00    0.00   0.00
loop1            0.00      0.00     0.00   0.00    0.00     0.00    0.00      0.00     0.00   0.00    0.00     0.00    0.00      0.00     0.00   0.00    0.00     0.00    0.00    0.00    0.00   0.00
loop2            0.00      0.00     0.00   0.00    0.00     0.00    0.00      0.00     0.00   0.00    0.00     0.00    0.00      0.00     0.00   0.00    0.00     0.00    0.00    0.00    0.00   0.00
loop3            0.00      0.00     0.00   0.00    0.00     0.00    0.00      0.00     0.00   0.00    0.00     0.00    0.00      0.00     0.00   0.00    0.00     0.00    0.00    0.00    0.00   0.00
loop4            0.00      0.00     0.00   0.00    0.00     0.00    0.00      0.00     0.00   0.00    0.00     0.00    0.00      0.00     0.00   0.00    0.00     0.00    0.00    0.00    0.00   0.00
loop5            0.00      0.00     0.00   0.00    0.00     0.00    0.00      0.00     0.00   0.00    0.00     0.00    0.00      0.00     0.00   0.00    0.00     0.00    0.00    0.00    0.00   0.00
loop6            0.00      0.00     0.00   0.00    0.00     0.00    0.00      0.00     0.00   0.00    0.00     0.00    0.00      0.00     0.00   0.00    0.00     0.00    0.00    0.00    0.00   0.00
loop7            0.00      0.00     0.00   0.00    0.00     0.00    0.00      0.00     0.00   0.00    0.00     0.00    0.00      0.00     0.00   0.00    0.00     0.00    0.00    0.00    0.00   0.00
sda              0.00      0.00     0.00   0.00    0.00     0.00   17.00    260.00    44.00  72.13    0.06    15.29    0.00      0.00     0.00   0.00    0.00     0.00    0.00    0.00    0.00   2.40
sdb              0.00      0.00     0.00   0.00    0.00     0.00 1366.00  31260.00   208.00  13.21    0.06    22.88    0.00      0.00     0.00   0.00    0.00     0.00    0.00    0.00    0.08  45.60


avg-cpu:  %user   %nice %system %iowait  %steal   %idle
           0.68    0.00    0.60    0.02    0.00   98.71

Device            r/s     rkB/s   rrqm/s  %rrqm r_await rareq-sz     w/s     wkB/s   wrqm/s  %wrqm w_await wareq-sz     d/s     dkB/s   drqm/s  %drqm d_await dareq-sz     f/s f_await  aqu-sz  %util
dm-0             0.00      0.00     0.00   0.00    0.00     0.00  757.00  15328.00     0.00   0.00    0.05    20.25    0.00      0.00     0.00   0.00    0.00     0.00    0.00    0.00    0.04  44.80
dm-1             0.00      0.00     0.00   0.00    0.00     0.00  749.00  15236.00     0.00   0.00    0.06    20.34    0.00      0.00     0.00   0.00    0.00     0.00    0.00    0.00    0.04  46.40
dm-2             0.00      0.00     0.00   0.00    0.00     0.00   60.00    256.00     0.00   0.00    0.00     4.27    0.00      0.00     0.00   0.00    0.00     0.00    0.00    0.00    0.00   2.00
loop0            0.00      0.00     0.00   0.00    0.00     0.00    0.00      0.00     0.00   0.00    0.00     0.00    0.00      0.00     0.00   0.00    0.00     0.00    0.00    0.00    0.00   0.00
loop1            0.00      0.00     0.00   0.00    0.00     0.00    0.00      0.00     0.00   0.00    0.00     0.00    0.00      0.00     0.00   0.00    0.00     0.00    0.00    0.00    0.00   0.00
loop2            0.00      0.00     0.00   0.00    0.00     0.00    0.00      0.00     0.00   0.00    0.00     0.00    0.00      0.00     0.00   0.00    0.00     0.00    0.00    0.00    0.00   0.00
loop3            0.00      0.00     0.00   0.00    0.00     0.00    0.00      0.00     0.00   0.00    0.00     0.00    0.00      0.00     0.00   0.00    0.00     0.00    0.00    0.00    0.00   0.00
loop4            0.00      0.00     0.00   0.00    0.00     0.00    0.00      0.00     0.00   0.00    0.00     0.00    0.00      0.00     0.00   0.00    0.00     0.00    0.00    0.00    0.00   0.00
loop5            0.00      0.00     0.00   0.00    0.00     0.00    0.00      0.00     0.00   0.00    0.00     0.00    0.00      0.00     0.00   0.00    0.00     0.00    0.00    0.00    0.00   0.00
loop6            0.00      0.00     0.00   0.00    0.00     0.00    0.00      0.00     0.00   0.00    0.00     0.00    0.00      0.00     0.00   0.00    0.00     0.00    0.00    0.00    0.00   0.00
loop7            0.00      0.00     0.00   0.00    0.00     0.00    0.00      0.00     0.00   0.00    0.00     0.00    0.00      0.00     0.00   0.00    0.00     0.00    0.00    0.00    0.00   0.00
sda              0.00      0.00     0.00   0.00    0.00     0.00   20.00    256.00    40.00  66.67    0.35    12.80    0.00      0.00     0.00   0.00    0.00     0.00    0.00    0.00    0.01   2.00
sdb              0.00      0.00     0.00   0.00    0.00     0.00 1304.00  30556.00   200.00  13.30    0.06    23.43    0.00      0.00     0.00   0.00    0.00     0.00    0.00    0.00    0.07  46.80


avg-cpu:  %user   %nice %system %iowait  %steal   %idle
           0.69    0.00    0.50    0.00    0.00   98.81

Device            r/s     rkB/s   rrqm/s  %rrqm r_await rareq-sz     w/s     wkB/s   wrqm/s  %wrqm w_await wareq-sz     d/s     dkB/s   drqm/s  %drqm d_await dareq-sz     f/s f_await  aqu-sz  %util
dm-0             0.00      0.00     0.00   0.00    0.00     0.00  556.00  10684.00     0.00   0.00    0.04    19.22    0.00      0.00     0.00   0.00    0.00     0.00    0.00    0.00    0.02  32.00
dm-1             0.00      0.00     0.00   0.00    0.00     0.00  553.00  10732.00     0.00   0.00    0.06    19.41    0.00      0.00     0.00   0.00    0.00     0.00    0.00    0.00    0.03  33.20
dm-2             0.00      0.00     0.00   0.00    0.00     0.00   61.00    260.00     0.00   0.00    0.00     4.26    0.00      0.00     0.00   0.00    0.00     0.00    0.00    0.00    0.00   1.60
loop0            0.00      0.00     0.00   0.00    0.00     0.00    0.00      0.00     0.00   0.00    0.00     0.00    0.00      0.00     0.00   0.00    0.00     0.00    0.00    0.00    0.00   0.00
loop1            0.00      0.00     0.00   0.00    0.00     0.00    0.00      0.00     0.00   0.00    0.00     0.00    0.00      0.00     0.00   0.00    0.00     0.00    0.00    0.00    0.00   0.00
loop2            0.00      0.00     0.00   0.00    0.00     0.00    0.00      0.00     0.00   0.00    0.00     0.00    0.00      0.00     0.00   0.00    0.00     0.00    0.00    0.00    0.00   0.00
loop3            0.00      0.00     0.00   0.00    0.00     0.00    0.00      0.00     0.00   0.00    0.00     0.00    0.00      0.00     0.00   0.00    0.00     0.00    0.00    0.00    0.00   0.00
loop4            0.00      0.00     0.00   0.00    0.00     0.00    0.00      0.00     0.00   0.00    0.00     0.00    0.00      0.00     0.00   0.00    0.00     0.00    0.00    0.00    0.00   0.00
loop5            0.00      0.00     0.00   0.00    0.00     0.00    0.00      0.00     0.00   0.00    0.00     0.00    0.00      0.00     0.00   0.00    0.00     0.00    0.00    0.00    0.00   0.00
loop6            0.00      0.00     0.00   0.00    0.00     0.00    0.00      0.00     0.00   0.00    0.00     0.00    0.00      0.00     0.00   0.00    0.00     0.00    0.00    0.00    0.00   0.00
loop7            0.00      0.00     0.00   0.00    0.00     0.00    0.00      0.00     0.00   0.00    0.00     0.00    0.00      0.00     0.00   0.00    0.00     0.00    0.00    0.00    0.00   0.00
sda              0.00      0.00     0.00   0.00    0.00     0.00   17.00    260.00    44.00  72.13    0.06    15.29    0.00      0.00     0.00   0.00    0.00     0.00    0.00    0.00    0.00   1.60
sdb              0.00      0.00     0.00   0.00    0.00     0.00  944.00  21424.00   167.00  15.03    0.06    22.69    0.00      0.00     0.00   0.00    0.00     0.00    0.00    0.00    0.06  33.60


avg-cpu:  %user   %nice %system %iowait  %steal   %idle
           0.66    0.00    0.60    0.02    0.00   98.73

Device            r/s     rkB/s   rrqm/s  %rrqm r_await rareq-sz     w/s     wkB/s   wrqm/s  %wrqm w_await wareq-sz     d/s     dkB/s   drqm/s  %drqm d_await dareq-sz     f/s f_await  aqu-sz  %util
dm-0             0.00      0.00     0.00   0.00    0.00     0.00  859.00  17960.00     0.00   0.00    0.06    20.91    0.00      0.00     0.00   0.00    0.00     0.00    0.00    0.00    0.05  52.80
dm-1             0.00      0.00     0.00   0.00    0.00     0.00  868.00  17992.00     0.00   0.00    0.04    20.73    0.00      0.00     0.00   0.00    0.00     0.00    0.00    0.00    0.03  54.40
dm-2             0.00      0.00     0.00   0.00    0.00     0.00  294.00   1308.00     0.00   0.00    0.00     4.45    0.00      0.00     0.00   0.00    0.00     0.00    0.00    0.00    0.00   1.20
loop0            0.00      0.00     0.00   0.00    0.00     0.00    0.00      0.00     0.00   0.00    0.00     0.00    0.00      0.00     0.00   0.00    0.00     0.00    0.00    0.00    0.00   0.00
loop1            0.00      0.00     0.00   0.00    0.00     0.00    0.00      0.00     0.00   0.00    0.00     0.00    0.00      0.00     0.00   0.00    0.00     0.00    0.00    0.00    0.00   0.00
loop2            0.00      0.00     0.00   0.00    0.00     0.00    0.00      0.00     0.00   0.00    0.00     0.00    0.00      0.00     0.00   0.00    0.00     0.00    0.00    0.00    0.00   0.00
loop3            0.00      0.00     0.00   0.00    0.00     0.00    0.00      0.00     0.00   0.00    0.00     0.00    0.00      0.00     0.00   0.00    0.00     0.00    0.00    0.00    0.00   0.00
loop4            0.00      0.00     0.00   0.00    0.00     0.00    0.00      0.00     0.00   0.00    0.00     0.00    0.00      0.00     0.00   0.00    0.00     0.00    0.00    0.00    0.00   0.00
loop5            0.00      0.00     0.00   0.00    0.00     0.00    0.00      0.00     0.00   0.00    0.00     0.00    0.00      0.00     0.00   0.00    0.00     0.00    0.00    0.00    0.00   0.00
loop6            0.00      0.00     0.00   0.00    0.00     0.00    0.00      0.00     0.00   0.00    0.00     0.00    0.00      0.00     0.00   0.00    0.00     0.00    0.00    0.00    0.00   0.00
loop7            0.00      0.00     0.00   0.00    0.00     0.00    0.00      0.00     0.00   0.00    0.00     0.00    0.00      0.00     0.00   0.00    0.00     0.00    0.00    0.00    0.00   0.00
sda              0.00      0.00     0.00   0.00    0.00     0.00  260.00   1308.00    34.00  11.56    0.71     5.03    0.00      0.00     0.00   0.00    0.00     0.00    0.00    0.00    0.18   1.20
sdb              0.00      0.00     0.00   0.00    0.00     0.00 1503.00  35952.00   224.00  12.97    0.06    23.92    0.00      0.00     0.00   0.00    0.00     0.00    0.00    0.00    0.09  55.60


avg-cpu:  %user   %nice %system %iowait  %steal   %idle
           0.72    0.00    0.64    0.02    0.00   98.62

Device            r/s     rkB/s   rrqm/s  %rrqm r_await rareq-sz     w/s     wkB/s   wrqm/s  %wrqm w_await wareq-sz     d/s     dkB/s   drqm/s  %drqm d_await dareq-sz     f/s f_await  aqu-sz  %util
dm-0             0.00      0.00     0.00   0.00    0.00     0.00  749.00  15116.00     0.00   0.00    0.07    20.18    0.00      0.00     0.00   0.00    0.00     0.00    0.00    0.00    0.06  44.80
dm-1             0.00      0.00     0.00   0.00    0.00     0.00  761.00  15168.00     0.00   0.00    0.05    19.93    0.00      0.00     0.00   0.00    0.00     0.00    0.00    0.00    0.04  44.80
dm-2             0.00      0.00     0.00   0.00    0.00     0.00   59.00    256.00     0.00   0.00    0.00     4.34    0.00      0.00     0.00   0.00    0.00     0.00    0.00    0.00    0.00   1.60
loop0            0.00      0.00     0.00   0.00    0.00     0.00    0.00      0.00     0.00   0.00    0.00     0.00    0.00      0.00     0.00   0.00    0.00     0.00    0.00    0.00    0.00   0.00
loop1            0.00      0.00     0.00   0.00    0.00     0.00    0.00      0.00     0.00   0.00    0.00     0.00    0.00      0.00     0.00   0.00    0.00     0.00    0.00    0.00    0.00   0.00
loop2            0.00      0.00     0.00   0.00    0.00     0.00    0.00      0.00     0.00   0.00    0.00     0.00    0.00      0.00     0.00   0.00    0.00     0.00    0.00    0.00    0.00   0.00
loop3            0.00      0.00     0.00   0.00    0.00     0.00    0.00      0.00     0.00   0.00    0.00     0.00    0.00      0.00     0.00   0.00    0.00     0.00    0.00    0.00    0.00   0.00
loop4            0.00      0.00     0.00   0.00    0.00     0.00    0.00      0.00     0.00   0.00    0.00     0.00    0.00      0.00     0.00   0.00    0.00     0.00    0.00    0.00    0.00   0.00
loop5            0.00      0.00     0.00   0.00    0.00     0.00    0.00      0.00     0.00   0.00    0.00     0.00    0.00      0.00     0.00   0.00    0.00     0.00    0.00    0.00    0.00   0.00
loop6            0.00      0.00     0.00   0.00    0.00     0.00    0.00      0.00     0.00   0.00    0.00     0.00    0.00      0.00     0.00   0.00    0.00     0.00    0.00    0.00    0.00   0.00
loop7            0.00      0.00     0.00   0.00    0.00     0.00    0.00      0.00     0.00   0.00    0.00     0.00    0.00      0.00     0.00   0.00    0.00     0.00    0.00    0.00    0.00   0.00
sda              0.00      0.00     0.00   0.00    0.00     0.00   17.00    256.00    42.00  71.19    0.06    15.06    0.00      0.00     0.00   0.00    0.00     0.00    0.00    0.00    0.00   1.60
sdb              0.00      0.00     0.00   0.00    0.00     0.00 1304.00  30284.00   206.00  13.64    0.06    23.22    0.00      0.00     0.00   0.00    0.00     0.00    0.00    0.00    0.07  45.60


avg-cpu:  %user   %nice %system %iowait  %steal   %idle
           0.49    0.00    0.64    0.02    0.00   98.85

Device            r/s     rkB/s   rrqm/s  %rrqm r_await rareq-sz     w/s     wkB/s   wrqm/s  %wrqm w_await wareq-sz     d/s     dkB/s   drqm/s  %drqm d_await dareq-sz     f/s f_await  aqu-sz  %util
dm-0             0.00      0.00     0.00   0.00    0.00     0.00  771.00  15504.00     0.00   0.00    0.04    20.11    0.00      0.00     0.00   0.00    0.00     0.00    0.00    0.00    0.03  46.40
dm-1             0.00      0.00     0.00   0.00    0.00     0.00  755.00  15440.00     0.00   0.00    0.06    20.45    0.00      0.00     0.00   0.00    0.00     0.00    0.00    0.00    0.04  46.40
dm-2             0.00      0.00     0.00   0.00    0.00     0.00   33.00    132.00     0.00   0.00    0.00     4.00    0.00      0.00     0.00   0.00    0.00     0.00    0.00    0.00    0.00   0.80
loop0            0.00      0.00     0.00   0.00    0.00     0.00    0.00      0.00     0.00   0.00    0.00     0.00    0.00      0.00     0.00   0.00    0.00     0.00    0.00    0.00    0.00   0.00
loop1            0.00      0.00     0.00   0.00    0.00     0.00    0.00      0.00     0.00   0.00    0.00     0.00    0.00      0.00     0.00   0.00    0.00     0.00    0.00    0.00    0.00   0.00
loop2            0.00      0.00     0.00   0.00    0.00     0.00    0.00      0.00     0.00   0.00    0.00     0.00    0.00      0.00     0.00   0.00    0.00     0.00    0.00    0.00    0.00   0.00
loop3            0.00      0.00     0.00   0.00    0.00     0.00    0.00      0.00     0.00   0.00    0.00     0.00    0.00      0.00     0.00   0.00    0.00     0.00    0.00    0.00    0.00   0.00
loop4            0.00      0.00     0.00   0.00    0.00     0.00    0.00      0.00     0.00   0.00    0.00     0.00    0.00      0.00     0.00   0.00    0.00     0.00    0.00    0.00    0.00   0.00
loop5            0.00      0.00     0.00   0.00    0.00     0.00    0.00      0.00     0.00   0.00    0.00     0.00    0.00      0.00     0.00   0.00    0.00     0.00    0.00    0.00    0.00   0.00
loop6            0.00      0.00     0.00   0.00    0.00     0.00    0.00      0.00     0.00   0.00    0.00     0.00    0.00      0.00     0.00   0.00    0.00     0.00    0.00    0.00    0.00   0.00
loop7            0.00      0.00     0.00   0.00    0.00     0.00    0.00      0.00     0.00   0.00    0.00     0.00    0.00      0.00     0.00   0.00    0.00     0.00    0.00    0.00    0.00   0.00
sda              0.00      0.00     0.00   0.00    0.00     0.00   11.00    132.00    22.00  66.67    0.09    12.00    0.00      0.00     0.00   0.00    0.00     0.00    0.00    0.00    0.00   0.80
sdb              0.00      0.00     0.00   0.00    0.00     0.00 1322.00  30944.00   204.00  13.37    0.06    23.41    0.00      0.00     0.00   0.00    0.00     0.00    0.00    0.00    0.07  47.20


avg-cpu:  %user   %nice %system %iowait  %steal   %idle
           0.71    0.00    0.52    0.02    0.00   98.76

Device            r/s     rkB/s   rrqm/s  %rrqm r_await rareq-sz     w/s     wkB/s   wrqm/s  %wrqm w_await wareq-sz     d/s     dkB/s   drqm/s  %drqm d_await dareq-sz     f/s f_await  aqu-sz  %util
dm-0             0.00      0.00     0.00   0.00    0.00     0.00  745.00  15040.00     0.00   0.00    0.05    20.19    0.00      0.00     0.00   0.00    0.00     0.00    0.00    0.00    0.04  44.40
dm-1             0.00      0.00     0.00   0.00    0.00     0.00  735.00  15000.00     0.00   0.00    0.05    20.41    0.00      0.00     0.00   0.00    0.00     0.00    0.00    0.00    0.04  45.20
dm-2             0.00      0.00     0.00   0.00    0.00     0.00   65.00    336.00     0.00   0.00    0.00     5.17    0.00      0.00     0.00   0.00    0.00     0.00    0.00    0.00    0.00   2.40
loop0            0.00      0.00     0.00   0.00    0.00     0.00    0.00      0.00     0.00   0.00    0.00     0.00    0.00      0.00     0.00   0.00    0.00     0.00    0.00    0.00    0.00   0.00
loop1            0.00      0.00     0.00   0.00    0.00     0.00    0.00      0.00     0.00   0.00    0.00     0.00    0.00      0.00     0.00   0.00    0.00     0.00    0.00    0.00    0.00   0.00
loop2            0.00      0.00     0.00   0.00    0.00     0.00    0.00      0.00     0.00   0.00    0.00     0.00    0.00      0.00     0.00   0.00    0.00     0.00    0.00    0.00    0.00   0.00
loop3            0.00      0.00     0.00   0.00    0.00     0.00    0.00      0.00     0.00   0.00    0.00     0.00    0.00      0.00     0.00   0.00    0.00     0.00    0.00    0.00    0.00   0.00
loop4            0.00      0.00     0.00   0.00    0.00     0.00    0.00      0.00     0.00   0.00    0.00     0.00    0.00      0.00     0.00   0.00    0.00     0.00    0.00    0.00    0.00   0.00
loop5            0.00      0.00     0.00   0.00    0.00     0.00    0.00      0.00     0.00   0.00    0.00     0.00    0.00      0.00     0.00   0.00    0.00     0.00    0.00    0.00    0.00   0.00
loop6            0.00      0.00     0.00   0.00    0.00     0.00    0.00      0.00     0.00   0.00    0.00     0.00    0.00      0.00     0.00   0.00    0.00     0.00    0.00    0.00    0.00   0.00
loop7            0.00      0.00     0.00   0.00    0.00     0.00    0.00      0.00     0.00   0.00    0.00     0.00    0.00      0.00     0.00   0.00    0.00     0.00    0.00    0.00    0.00   0.00
sda              0.00      0.00     0.00   0.00    0.00     0.00   24.00    336.00    41.00  63.08    0.38    14.00    0.00      0.00     0.00   0.00    0.00     0.00    0.00    0.00    0.01   2.40
sdb              0.00      0.00     0.00   0.00    0.00     0.00 1283.00  30040.00   197.00  13.31    0.06    23.41    0.00      0.00     0.00   0.00    0.00     0.00    0.00    0.00    0.07  45.60


avg-cpu:  %user   %nice %system %iowait  %steal   %idle
           0.71    0.00    0.57    0.00    0.00   98.73

Device            r/s     rkB/s   rrqm/s  %rrqm r_await rareq-sz     w/s     wkB/s   wrqm/s  %wrqm w_await wareq-sz     d/s     dkB/s   drqm/s  %drqm d_await dareq-sz     f/s f_await  aqu-sz  %util
dm-0             0.00      0.00     0.00   0.00    0.00     0.00  730.00  14800.00     0.00   0.00    0.04    20.27    0.00      0.00     0.00   0.00    0.00     0.00    0.00    0.00    0.03  46.00
dm-1             0.00      0.00     0.00   0.00    0.00     0.00  729.00  14796.00     0.00   0.00    0.04    20.30    0.00      0.00     0.00   0.00    0.00     0.00    0.00    0.00    0.03  48.00
dm-2             0.00      0.00     0.00   0.00    0.00     0.00   60.00    256.00     0.00   0.00    0.00     4.27    0.00      0.00     0.00   0.00    0.00     0.00    0.00    0.00    0.00   1.20
loop0            0.00      0.00     0.00   0.00    0.00     0.00    0.00      0.00     0.00   0.00    0.00     0.00    0.00      0.00     0.00   0.00    0.00     0.00    0.00    0.00    0.00   0.00
loop1            0.00      0.00     0.00   0.00    0.00     0.00    0.00      0.00     0.00   0.00    0.00     0.00    0.00      0.00     0.00   0.00    0.00     0.00    0.00    0.00    0.00   0.00
loop2            0.00      0.00     0.00   0.00    0.00     0.00    0.00      0.00     0.00   0.00    0.00     0.00    0.00      0.00     0.00   0.00    0.00     0.00    0.00    0.00    0.00   0.00
loop3            0.00      0.00     0.00   0.00    0.00     0.00    0.00      0.00     0.00   0.00    0.00     0.00    0.00      0.00     0.00   0.00    0.00     0.00    0.00    0.00    0.00   0.00
loop4            0.00      0.00     0.00   0.00    0.00     0.00    0.00      0.00     0.00   0.00    0.00     0.00    0.00      0.00     0.00   0.00    0.00     0.00    0.00    0.00    0.00   0.00
loop5            0.00      0.00     0.00   0.00    0.00     0.00    0.00      0.00     0.00   0.00    0.00     0.00    0.00      0.00     0.00   0.00    0.00     0.00    0.00    0.00    0.00   0.00
loop6            0.00      0.00     0.00   0.00    0.00     0.00    0.00      0.00     0.00   0.00    0.00     0.00    0.00      0.00     0.00   0.00    0.00     0.00    0.00    0.00    0.00   0.00
loop7            0.00      0.00     0.00   0.00    0.00     0.00    0.00      0.00     0.00   0.00    0.00     0.00    0.00      0.00     0.00   0.00    0.00     0.00    0.00    0.00    0.00   0.00
sda              0.00      0.00     0.00   0.00    0.00     0.00   14.00    256.00    46.00  76.67    0.50    18.29    0.00      0.00     0.00   0.00    0.00     0.00    0.00    0.00    0.01   1.20
sdb              0.00      0.00     0.00   0.00    0.00     0.00 1281.00  29596.00   178.00  12.20    0.06    23.10    0.00      0.00     0.00   0.00    0.00     0.00    0.00    0.00    0.07  48.40


avg-cpu:  %user   %nice %system %iowait  %steal   %idle
           0.63    0.00    0.58    0.02    0.00   98.77

Device            r/s     rkB/s   rrqm/s  %rrqm r_await rareq-sz     w/s     wkB/s   wrqm/s  %wrqm w_await wareq-sz     d/s     dkB/s   drqm/s  %drqm d_await dareq-sz     f/s f_await  aqu-sz  %util
dm-0             0.00      0.00     0.00   0.00    0.00     0.00  721.00  15008.00     0.00   0.00    0.06    20.82    0.00      0.00     0.00   0.00    0.00     0.00    0.00    0.00    0.04  46.00
dm-1             0.00      0.00     0.00   0.00    0.00     0.00  726.00  14904.00     0.00   0.00    0.04    20.53    0.00      0.00     0.00   0.00    0.00     0.00    0.00    0.00    0.03  46.00
dm-2             0.00      0.00     0.00   0.00    0.00     0.00  324.00   1420.00     0.00   0.00    0.40     4.38    0.00      0.00     0.00   0.00    0.00     0.00    0.00    0.00    0.13   2.80
loop0            0.00      0.00     0.00   0.00    0.00     0.00    0.00      0.00     0.00   0.00    0.00     0.00    0.00      0.00     0.00   0.00    0.00     0.00    0.00    0.00    0.00   0.00
loop1            0.00      0.00     0.00   0.00    0.00     0.00    0.00      0.00     0.00   0.00    0.00     0.00    0.00      0.00     0.00   0.00    0.00     0.00    0.00    0.00    0.00   0.00
loop2            0.00      0.00     0.00   0.00    0.00     0.00    0.00      0.00     0.00   0.00    0.00     0.00    0.00      0.00     0.00   0.00    0.00     0.00    0.00    0.00    0.00   0.00
loop3            0.00      0.00     0.00   0.00    0.00     0.00    0.00      0.00     0.00   0.00    0.00     0.00    0.00      0.00     0.00   0.00    0.00     0.00    0.00    0.00    0.00   0.00
loop4            0.00      0.00     0.00   0.00    0.00     0.00    0.00      0.00     0.00   0.00    0.00     0.00    0.00      0.00     0.00   0.00    0.00     0.00    0.00    0.00    0.00   0.00
loop5            0.00      0.00     0.00   0.00    0.00     0.00    0.00      0.00     0.00   0.00    0.00     0.00    0.00      0.00     0.00   0.00    0.00     0.00    0.00    0.00    0.00   0.00
loop6            0.00      0.00     0.00   0.00    0.00     0.00    0.00      0.00     0.00   0.00    0.00     0.00    0.00      0.00     0.00   0.00    0.00     0.00    0.00    0.00    0.00   0.00
loop7            0.00      0.00     0.00   0.00    0.00     0.00    0.00      0.00     0.00   0.00    0.00     0.00    0.00      0.00     0.00   0.00    0.00     0.00    0.00    0.00    0.00   0.00
sda              0.00      0.00     0.00   0.00    0.00     0.00  273.00   1420.00    51.00  15.74    0.66     5.20    0.00      0.00     0.00   0.00    0.00     0.00    0.00    0.00    0.18   2.80
sdb              0.00      0.00     0.00   0.00    0.00     0.00 1266.00  29912.00   181.00  12.51    0.06    23.63    0.00      0.00     0.00   0.00    0.00     0.00    0.00    0.00    0.07  47.20


avg-cpu:  %user   %nice %system %iowait  %steal   %idle
           0.79    0.00    0.74    0.02    0.00   98.46

Device            r/s     rkB/s   rrqm/s  %rrqm r_await rareq-sz     w/s     wkB/s   wrqm/s  %wrqm w_await wareq-sz     d/s     dkB/s   drqm/s  %drqm d_await dareq-sz     f/s f_await  aqu-sz  %util
dm-0             0.00      0.00     0.00   0.00    0.00     0.00  843.00  16992.00     0.00   0.00    0.04    20.16    0.00      0.00     0.00   0.00    0.00     0.00    0.00    0.00    0.04  56.00
dm-1             0.00      0.00     0.00   0.00    0.00     0.00  843.00  16996.00     0.00   0.00    0.07    20.16    0.00      0.00     0.00   0.00    0.00     0.00    0.00    0.00    0.06  56.80
dm-2             0.00      0.00     0.00   0.00    0.00     0.00   39.00    156.00     0.00   0.00    0.00     4.00    0.00      0.00     0.00   0.00    0.00     0.00    0.00    0.00    0.00   0.80
loop0            0.00      0.00     0.00   0.00    0.00     0.00    0.00      0.00     0.00   0.00    0.00     0.00    0.00      0.00     0.00   0.00    0.00     0.00    0.00    0.00    0.00   0.00
loop1            0.00      0.00     0.00   0.00    0.00     0.00    0.00      0.00     0.00   0.00    0.00     0.00    0.00      0.00     0.00   0.00    0.00     0.00    0.00    0.00    0.00   0.00
loop2            0.00      0.00     0.00   0.00    0.00     0.00    0.00      0.00     0.00   0.00    0.00     0.00    0.00      0.00     0.00   0.00    0.00     0.00    0.00    0.00    0.00   0.00
loop3            0.00      0.00     0.00   0.00    0.00     0.00    0.00      0.00     0.00   0.00    0.00     0.00    0.00      0.00     0.00   0.00    0.00     0.00    0.00    0.00    0.00   0.00
loop4            0.00      0.00     0.00   0.00    0.00     0.00    0.00      0.00     0.00   0.00    0.00     0.00    0.00      0.00     0.00   0.00    0.00     0.00    0.00    0.00    0.00   0.00
loop5            0.00      0.00     0.00   0.00    0.00     0.00    0.00      0.00     0.00   0.00    0.00     0.00    0.00      0.00     0.00   0.00    0.00     0.00    0.00    0.00    0.00   0.00
loop6            0.00      0.00     0.00   0.00    0.00     0.00    0.00      0.00     0.00   0.00    0.00     0.00    0.00      0.00     0.00   0.00    0.00     0.00    0.00    0.00    0.00   0.00
loop7            0.00      0.00     0.00   0.00    0.00     0.00    0.00      0.00     0.00   0.00    0.00     0.00    0.00      0.00     0.00   0.00    0.00     0.00    0.00    0.00    0.00   0.00
sda              0.00      0.00     0.00   0.00    0.00     0.00   11.00    156.00    28.00  71.79    0.00    14.18    0.00      0.00     0.00   0.00    0.00     0.00    0.00    0.00    0.00   0.80
sdb              0.00      0.00     0.00   0.00    0.00     0.00 1478.00  33988.00   208.00  12.34    0.06    23.00    0.00      0.00     0.00   0.00    0.00     0.00    0.00    0.00    0.08  58.00


avg-cpu:  %user   %nice %system %iowait  %steal   %idle
           0.64    0.00    0.55    0.02    0.00   98.79

Device            r/s     rkB/s   rrqm/s  %rrqm r_await rareq-sz     w/s     wkB/s   wrqm/s  %wrqm w_await wareq-sz     d/s     dkB/s   drqm/s  %drqm d_await dareq-sz     f/s f_await  aqu-sz  %util
dm-0             0.00      0.00     0.00   0.00    0.00     0.00  767.00  15848.00     0.00   0.00    0.03    20.66    0.00      0.00     0.00   0.00    0.00     0.00    0.00    0.00    0.02  48.40
dm-1             0.00      0.00     0.00   0.00    0.00     0.00  759.00  15816.00     0.00   0.00    0.05    20.84    0.00      0.00     0.00   0.00    0.00     0.00    0.00    0.00    0.04  48.80
dm-2             0.00      0.00     0.00   0.00    0.00     0.00   54.00    232.00     0.00   0.00    0.07     4.30    0.00      0.00     0.00   0.00    0.00     0.00    0.00    0.00    0.00   2.00
loop0            0.00      0.00     0.00   0.00    0.00     0.00    0.00      0.00     0.00   0.00    0.00     0.00    0.00      0.00     0.00   0.00    0.00     0.00    0.00    0.00    0.00   0.00
loop1            0.00      0.00     0.00   0.00    0.00     0.00    0.00      0.00     0.00   0.00    0.00     0.00    0.00      0.00     0.00   0.00    0.00     0.00    0.00    0.00    0.00   0.00
loop2            0.00      0.00     0.00   0.00    0.00     0.00    0.00      0.00     0.00   0.00    0.00     0.00    0.00      0.00     0.00   0.00    0.00     0.00    0.00    0.00    0.00   0.00
loop3            0.00      0.00     0.00   0.00    0.00     0.00    0.00      0.00     0.00   0.00    0.00     0.00    0.00      0.00     0.00   0.00    0.00     0.00    0.00    0.00    0.00   0.00
loop4            0.00      0.00     0.00   0.00    0.00     0.00    0.00      0.00     0.00   0.00    0.00     0.00    0.00      0.00     0.00   0.00    0.00     0.00    0.00    0.00    0.00   0.00
loop5            0.00      0.00     0.00   0.00    0.00     0.00    0.00      0.00     0.00   0.00    0.00     0.00    0.00      0.00     0.00   0.00    0.00     0.00    0.00    0.00    0.00   0.00
loop6            0.00      0.00     0.00   0.00    0.00     0.00    0.00      0.00     0.00   0.00    0.00     0.00    0.00      0.00     0.00   0.00    0.00     0.00    0.00    0.00    0.00   0.00
loop7            0.00      0.00     0.00   0.00    0.00     0.00    0.00      0.00     0.00   0.00    0.00     0.00    0.00      0.00     0.00   0.00    0.00     0.00    0.00    0.00    0.00   0.00
sda              0.00      0.00     0.00   0.00    0.00     0.00   17.00    232.00    37.00  68.52    0.12    13.65    0.00      0.00     0.00   0.00    0.00     0.00    0.00    0.00    0.00   2.00
sdb              0.00      0.00     0.00   0.00    0.00     0.00 1333.00  31664.00   193.00  12.65    0.06    23.75    0.00      0.00     0.00   0.00    0.00     0.00    0.00    0.00    0.08  50.40


avg-cpu:  %user   %nice %system %iowait  %steal   %idle
           0.78    0.00    0.64    0.02    0.00   98.56

Device            r/s     rkB/s   rrqm/s  %rrqm r_await rareq-sz     w/s     wkB/s   wrqm/s  %wrqm w_await wareq-sz     d/s     dkB/s   drqm/s  %drqm d_await dareq-sz     f/s f_await  aqu-sz  %util
dm-0             0.00      0.00     0.00   0.00    0.00     0.00  706.00  14344.00     0.00   0.00    0.05    20.32    0.00      0.00     0.00   0.00    0.00     0.00    0.00    0.00    0.03  44.80
dm-1             0.00      0.00     0.00   0.00    0.00     0.00  699.00  14316.00     0.00   0.00    0.07    20.48    0.00      0.00     0.00   0.00    0.00     0.00    0.00    0.00    0.05  44.80
dm-2             0.00      0.00     0.00   0.00    0.00     0.00   62.00    264.00     0.00   0.00    0.00     4.26    0.00      0.00     0.00   0.00    0.00     0.00    0.00    0.00    0.00   2.80
loop0            0.00      0.00     0.00   0.00    0.00     0.00    0.00      0.00     0.00   0.00    0.00     0.00    0.00      0.00     0.00   0.00    0.00     0.00    0.00    0.00    0.00   0.00
loop1            0.00      0.00     0.00   0.00    0.00     0.00    0.00      0.00     0.00   0.00    0.00     0.00    0.00      0.00     0.00   0.00    0.00     0.00    0.00    0.00    0.00   0.00
loop2            0.00      0.00     0.00   0.00    0.00     0.00    0.00      0.00     0.00   0.00    0.00     0.00    0.00      0.00     0.00   0.00    0.00     0.00    0.00    0.00    0.00   0.00
loop3            0.00      0.00     0.00   0.00    0.00     0.00    0.00      0.00     0.00   0.00    0.00     0.00    0.00      0.00     0.00   0.00    0.00     0.00    0.00    0.00    0.00   0.00
loop4            0.00      0.00     0.00   0.00    0.00     0.00    0.00      0.00     0.00   0.00    0.00     0.00    0.00      0.00     0.00   0.00    0.00     0.00    0.00    0.00    0.00   0.00
loop5            0.00      0.00     0.00   0.00    0.00     0.00    0.00      0.00     0.00   0.00    0.00     0.00    0.00      0.00     0.00   0.00    0.00     0.00    0.00    0.00    0.00   0.00
loop6            0.00      0.00     0.00   0.00    0.00     0.00    0.00      0.00     0.00   0.00    0.00     0.00    0.00      0.00     0.00   0.00    0.00     0.00    0.00    0.00    0.00   0.00
loop7            0.00      0.00     0.00   0.00    0.00     0.00    0.00      0.00     0.00   0.00    0.00     0.00    0.00      0.00     0.00   0.00    0.00     0.00    0.00    0.00    0.00   0.00
sda              0.00      0.00     0.00   0.00    0.00     0.00   21.00    264.00    41.00  66.13    0.14    12.57    0.00      0.00     0.00   0.00    0.00     0.00    0.00    0.00    0.00   2.80
sdb              0.00      0.00     0.00   0.00    0.00     0.00 1225.00  28660.00   180.00  12.81    0.06    23.40    0.00      0.00     0.00   0.00    0.00     0.00    0.00    0.00    0.07  46.00


avg-cpu:  %user   %nice %system %iowait  %steal   %idle
           0.61    0.00    0.55    0.02    0.00   98.82

Device            r/s     rkB/s   rrqm/s  %rrqm r_await rareq-sz     w/s     wkB/s   wrqm/s  %wrqm w_await wareq-sz     d/s     dkB/s   drqm/s  %drqm d_await dareq-sz     f/s f_await  aqu-sz  %util
dm-0             0.00      0.00     0.00   0.00    0.00     0.00  696.00  14308.00     0.00   0.00    0.06    20.56    0.00      0.00     0.00   0.00    0.00     0.00    0.00    0.00    0.04  46.80
dm-1             0.00      0.00     0.00   0.00    0.00     0.00  704.00  14336.00     0.00   0.00    0.05    20.36    0.00      0.00     0.00   0.00    0.00     0.00    0.00    0.00    0.04  46.80
dm-2             0.00      0.00     0.00   0.00    0.00     0.00   57.00    240.00     0.00   0.00    0.00     4.21    0.00      0.00     0.00   0.00    0.00     0.00    0.00    0.00    0.00   1.20
loop0            0.00      0.00     0.00   0.00    0.00     0.00    0.00      0.00     0.00   0.00    0.00     0.00    0.00      0.00     0.00   0.00    0.00     0.00    0.00    0.00    0.00   0.00
loop1            0.00      0.00     0.00   0.00    0.00     0.00    0.00      0.00     0.00   0.00    0.00     0.00    0.00      0.00     0.00   0.00    0.00     0.00    0.00    0.00    0.00   0.00
loop2            0.00      0.00     0.00   0.00    0.00     0.00    0.00      0.00     0.00   0.00    0.00     0.00    0.00      0.00     0.00   0.00    0.00     0.00    0.00    0.00    0.00   0.00
loop3            0.00      0.00     0.00   0.00    0.00     0.00    0.00      0.00     0.00   0.00    0.00     0.00    0.00      0.00     0.00   0.00    0.00     0.00    0.00    0.00    0.00   0.00
loop4            0.00      0.00     0.00   0.00    0.00     0.00    0.00      0.00     0.00   0.00    0.00     0.00    0.00      0.00     0.00   0.00    0.00     0.00    0.00    0.00    0.00   0.00
loop5            0.00      0.00     0.00   0.00    0.00     0.00    0.00      0.00     0.00   0.00    0.00     0.00    0.00      0.00     0.00   0.00    0.00     0.00    0.00    0.00    0.00   0.00
loop6            0.00      0.00     0.00   0.00    0.00     0.00    0.00      0.00     0.00   0.00    0.00     0.00    0.00      0.00     0.00   0.00    0.00     0.00    0.00    0.00    0.00   0.00
loop7            0.00      0.00     0.00   0.00    0.00     0.00    0.00      0.00     0.00   0.00    0.00     0.00    0.00      0.00     0.00   0.00    0.00     0.00    0.00    0.00    0.00   0.00
sda              0.00      0.00     0.00   0.00    0.00     0.00   17.00    240.00    40.00  70.18    0.29    14.12    0.00      0.00     0.00   0.00    0.00     0.00    0.00    0.00    0.01   1.20
sdb              0.00      0.00     0.00   0.00    0.00     0.00 1224.00  28644.00   176.00  12.57    0.06    23.40    0.00      0.00     0.00   0.00    0.00     0.00    0.00    0.00    0.07  48.00


avg-cpu:  %user   %nice %system %iowait  %steal   %idle
           0.88    0.00    0.74    0.02    0.00   98.37

Device            r/s     rkB/s   rrqm/s  %rrqm r_await rareq-sz     w/s     wkB/s   wrqm/s  %wrqm w_await wareq-sz     d/s     dkB/s   drqm/s  %drqm d_await dareq-sz     f/s f_await  aqu-sz  %util
dm-0             0.00      0.00     0.00   0.00    0.00     0.00  918.00  17772.00     0.00   0.00    0.03    19.36    0.00      0.00     0.00   0.00    0.00     0.00    0.00    0.00    0.03  51.20
dm-1             0.00      0.00     0.00   0.00    0.00     0.00  912.00  17748.00     0.00   0.00    0.07    19.46    0.00      0.00     0.00   0.00    0.00     0.00    0.00    0.00    0.07  52.40
dm-2             0.00      0.00     0.00   0.00    0.00     0.00  271.00   1220.00     0.00   0.00    0.65     4.50    0.00      0.00     0.00   0.00    0.00     0.00    0.00    0.00    0.18   2.40
loop0            0.00      0.00     0.00   0.00    0.00     0.00    0.00      0.00     0.00   0.00    0.00     0.00    0.00      0.00     0.00   0.00    0.00     0.00    0.00    0.00    0.00   0.00
loop1            0.00      0.00     0.00   0.00    0.00     0.00    0.00      0.00     0.00   0.00    0.00     0.00    0.00      0.00     0.00   0.00    0.00     0.00    0.00    0.00    0.00   0.00
loop2            0.00      0.00     0.00   0.00    0.00     0.00    0.00      0.00     0.00   0.00    0.00     0.00    0.00      0.00     0.00   0.00    0.00     0.00    0.00    0.00    0.00   0.00
loop3            0.00      0.00     0.00   0.00    0.00     0.00    0.00      0.00     0.00   0.00    0.00     0.00    0.00      0.00     0.00   0.00    0.00     0.00    0.00    0.00    0.00   0.00
loop4            0.00      0.00     0.00   0.00    0.00     0.00    0.00      0.00     0.00   0.00    0.00     0.00    0.00      0.00     0.00   0.00    0.00     0.00    0.00    0.00    0.00   0.00
loop5            0.00      0.00     0.00   0.00    0.00     0.00    0.00      0.00     0.00   0.00    0.00     0.00    0.00      0.00     0.00   0.00    0.00     0.00    0.00    0.00    0.00   0.00
loop6            0.00      0.00     0.00   0.00    0.00     0.00    0.00      0.00     0.00   0.00    0.00     0.00    0.00      0.00     0.00   0.00    0.00     0.00    0.00    0.00    0.00   0.00
loop7            0.00      0.00     0.00   0.00    0.00     0.00    0.00      0.00     0.00   0.00    0.00     0.00    0.00      0.00     0.00   0.00    0.00     0.00    0.00    0.00    0.00   0.00
sda              0.00      0.00     0.00   0.00    0.00     0.00  229.00   1220.00    42.00  15.50    1.04     5.33    0.00      0.00     0.00   0.00    0.00     0.00    0.00    0.00    0.24   2.40
sdb              0.00      0.00     0.00   0.00    0.00     0.00 1584.00  35520.00   246.00  13.44    0.05    22.42    0.00      0.00     0.00   0.00    0.00     0.00    0.00    0.00    0.09  52.80


avg-cpu:  %user   %nice %system %iowait  %steal   %idle
           0.75    0.00    0.57    0.00    0.00   98.68

Device            r/s     rkB/s   rrqm/s  %rrqm r_await rareq-sz     w/s     wkB/s   wrqm/s  %wrqm w_await wareq-sz     d/s     dkB/s   drqm/s  %drqm d_await dareq-sz     f/s f_await  aqu-sz  %util
dm-0             0.00      0.00     0.00   0.00    0.00     0.00  760.00  15340.00     0.00   0.00    0.04    20.18    0.00      0.00     0.00   0.00    0.00     0.00    0.00    0.00    0.03  44.40
dm-1             0.00      0.00     0.00   0.00    0.00     0.00  755.00  15444.00     0.00   0.00    0.03    20.46    0.00      0.00     0.00   0.00    0.00     0.00    0.00    0.00    0.02  44.40
dm-2             0.00      0.00     0.00   0.00    0.00     0.00   68.00    272.00     0.00   0.00    0.00     4.00    0.00      0.00     0.00   0.00    0.00     0.00    0.00    0.00    0.00   1.20
loop0            0.00      0.00     0.00   0.00    0.00     0.00    0.00      0.00     0.00   0.00    0.00     0.00    0.00      0.00     0.00   0.00    0.00     0.00    0.00    0.00    0.00   0.00
loop1            0.00      0.00     0.00   0.00    0.00     0.00    0.00      0.00     0.00   0.00    0.00     0.00    0.00      0.00     0.00   0.00    0.00     0.00    0.00    0.00    0.00   0.00
loop2            0.00      0.00     0.00   0.00    0.00     0.00    0.00      0.00     0.00   0.00    0.00     0.00    0.00      0.00     0.00   0.00    0.00     0.00    0.00    0.00    0.00   0.00
loop3            0.00      0.00     0.00   0.00    0.00     0.00    0.00      0.00     0.00   0.00    0.00     0.00    0.00      0.00     0.00   0.00    0.00     0.00    0.00    0.00    0.00   0.00
loop4            0.00      0.00     0.00   0.00    0.00     0.00    0.00      0.00     0.00   0.00    0.00     0.00    0.00      0.00     0.00   0.00    0.00     0.00    0.00    0.00    0.00   0.00
loop5            0.00      0.00     0.00   0.00    0.00     0.00    0.00      0.00     0.00   0.00    0.00     0.00    0.00      0.00     0.00   0.00    0.00     0.00    0.00    0.00    0.00   0.00
loop6            0.00      0.00     0.00   0.00    0.00     0.00    0.00      0.00     0.00   0.00    0.00     0.00    0.00      0.00     0.00   0.00    0.00     0.00    0.00    0.00    0.00   0.00
loop7            0.00      0.00     0.00   0.00    0.00     0.00    0.00      0.00     0.00   0.00    0.00     0.00    0.00      0.00     0.00   0.00    0.00     0.00    0.00    0.00    0.00   0.00
sda              0.00      0.00     0.00   0.00    0.00     0.00   29.00    272.00    39.00  57.35    1.59     9.38    0.00      0.00     0.00   0.00    0.00     0.00    0.00    0.00    0.05   1.20
sdb              0.00      0.00     0.00   0.00    0.00     0.00 1310.00  30784.00   205.00  13.53    0.06    23.50    0.00      0.00     0.00   0.00    0.00     0.00    0.00    0.00    0.08  45.20


avg-cpu:  %user   %nice %system %iowait  %steal   %idle
           0.72    0.00    0.60    0.02    0.00   98.67

Device            r/s     rkB/s   rrqm/s  %rrqm r_await rareq-sz     w/s     wkB/s   wrqm/s  %wrqm w_await wareq-sz     d/s     dkB/s   drqm/s  %drqm d_await dareq-sz     f/s f_await  aqu-sz  %util
dm-0             0.00      0.00     0.00   0.00    0.00     0.00  733.66  14875.25     0.00   0.00    0.05    20.28    0.00      0.00     0.00   0.00    0.00     0.00    0.00    0.00    0.04  44.36
dm-1             0.00      0.00     0.00   0.00    0.00     0.00  736.63  14887.13     0.00   0.00    0.06    20.21    0.00      0.00     0.00   0.00    0.00     0.00    0.00    0.00    0.05  43.56
dm-2             0.00      0.00     0.00   0.00    0.00     0.00   56.44    241.58     0.00   0.00    0.00     4.28    0.00      0.00     0.00   0.00    0.00     0.00    0.00    0.00    0.00   1.58
loop0            0.00      0.00     0.00   0.00    0.00     0.00    0.00      0.00     0.00   0.00    0.00     0.00    0.00      0.00     0.00   0.00    0.00     0.00    0.00    0.00    0.00   0.00
loop1            0.00      0.00     0.00   0.00    0.00     0.00    0.00      0.00     0.00   0.00    0.00     0.00    0.00      0.00     0.00   0.00    0.00     0.00    0.00    0.00    0.00   0.00
loop2            0.00      0.00     0.00   0.00    0.00     0.00    0.00      0.00     0.00   0.00    0.00     0.00    0.00      0.00     0.00   0.00    0.00     0.00    0.00    0.00    0.00   0.00
loop3            0.00      0.00     0.00   0.00    0.00     0.00    0.00      0.00     0.00   0.00    0.00     0.00    0.00      0.00     0.00   0.00    0.00     0.00    0.00    0.00    0.00   0.00
loop4            0.00      0.00     0.00   0.00    0.00     0.00    0.00      0.00     0.00   0.00    0.00     0.00    0.00      0.00     0.00   0.00    0.00     0.00    0.00    0.00    0.00   0.00
loop5            0.00      0.00     0.00   0.00    0.00     0.00    0.00      0.00     0.00   0.00    0.00     0.00    0.00      0.00     0.00   0.00    0.00     0.00    0.00    0.00    0.00   0.00
loop6            0.00      0.00     0.00   0.00    0.00     0.00    0.00      0.00     0.00   0.00    0.00     0.00    0.00      0.00     0.00   0.00    0.00     0.00    0.00    0.00    0.00   0.00
loop7            0.00      0.00     0.00   0.00    0.00     0.00    0.00      0.00     0.00   0.00    0.00     0.00    0.00      0.00     0.00   0.00    0.00     0.00    0.00    0.00    0.00   0.00
sda              0.00      0.00     0.00   0.00    0.00     0.00   16.83    241.58    39.60  70.18    0.06    14.35    0.00      0.00     0.00   0.00    0.00     0.00    0.00    0.00    0.00   1.58
sdb              0.00      0.00     0.00   0.00    0.00     0.00 1269.31  29762.38   200.99  13.67    0.06    23.45    0.00      0.00     0.00   0.00    0.00     0.00    0.00    0.00    0.07  44.75


avg-cpu:  %user   %nice %system %iowait  %steal   %idle
           0.77    0.00    0.58    0.02    0.00   98.63

Device            r/s     rkB/s   rrqm/s  %rrqm r_await rareq-sz     w/s     wkB/s   wrqm/s  %wrqm w_await wareq-sz     d/s     dkB/s   drqm/s  %drqm d_await dareq-sz     f/s f_await  aqu-sz  %util
dm-0             0.00      0.00     0.00   0.00    0.00     0.00  755.00  15144.00     0.00   0.00    0.05    20.06    0.00      0.00     0.00   0.00    0.00     0.00    0.00    0.00    0.04  44.40
dm-1             0.00      0.00     0.00   0.00    0.00     0.00  760.00  15160.00     0.00   0.00    0.04    19.95    0.00      0.00     0.00   0.00    0.00     0.00    0.00    0.00    0.03  45.20
dm-2             0.00      0.00     0.00   0.00    0.00     0.00   42.00    168.00     0.00   0.00    0.00     4.00    0.00      0.00     0.00   0.00    0.00     0.00    0.00    0.00    0.00   1.60
loop0            0.00      0.00     0.00   0.00    0.00     0.00    0.00      0.00     0.00   0.00    0.00     0.00    0.00      0.00     0.00   0.00    0.00     0.00    0.00    0.00    0.00   0.00
loop1            0.00      0.00     0.00   0.00    0.00     0.00    0.00      0.00     0.00   0.00    0.00     0.00    0.00      0.00     0.00   0.00    0.00     0.00    0.00    0.00    0.00   0.00
loop2            0.00      0.00     0.00   0.00    0.00     0.00    0.00      0.00     0.00   0.00    0.00     0.00    0.00      0.00     0.00   0.00    0.00     0.00    0.00    0.00    0.00   0.00
loop3            0.00      0.00     0.00   0.00    0.00     0.00    0.00      0.00     0.00   0.00    0.00     0.00    0.00      0.00     0.00   0.00    0.00     0.00    0.00    0.00    0.00   0.00
loop4            0.00      0.00     0.00   0.00    0.00     0.00    0.00      0.00     0.00   0.00    0.00     0.00    0.00      0.00     0.00   0.00    0.00     0.00    0.00    0.00    0.00   0.00
loop5            0.00      0.00     0.00   0.00    0.00     0.00    0.00      0.00     0.00   0.00    0.00     0.00    0.00      0.00     0.00   0.00    0.00     0.00    0.00    0.00    0.00   0.00
loop6            0.00      0.00     0.00   0.00    0.00     0.00    0.00      0.00     0.00   0.00    0.00     0.00    0.00      0.00     0.00   0.00    0.00     0.00    0.00    0.00    0.00   0.00
loop7            0.00      0.00     0.00   0.00    0.00     0.00    0.00      0.00     0.00   0.00    0.00     0.00    0.00      0.00     0.00   0.00    0.00     0.00    0.00    0.00    0.00   0.00
sda              0.00      0.00     0.00   0.00    0.00     0.00   14.00    168.00    28.00  66.67    0.07    12.00    0.00      0.00     0.00   0.00    0.00     0.00    0.00    0.00    0.00   1.60
sdb              0.00      0.00     0.00   0.00    0.00     0.00 1304.00  30304.00   211.00  13.93    0.06    23.24    0.00      0.00     0.00   0.00    0.00     0.00    0.00    0.00    0.07  45.60


avg-cpu:  %user   %nice %system %iowait  %steal   %idle
           0.78    0.00    0.64    0.02    0.00   98.56

Device            r/s     rkB/s   rrqm/s  %rrqm r_await rareq-sz     w/s     wkB/s   wrqm/s  %wrqm w_await wareq-sz     d/s     dkB/s   drqm/s  %drqm d_await dareq-sz     f/s f_await  aqu-sz  %util
dm-0             0.00      0.00     0.00   0.00    0.00     0.00  811.00  16024.00     0.00   0.00    0.03    19.76    0.00      0.00     0.00   0.00    0.00     0.00    0.00    0.00    0.02  45.20
dm-1             0.00      0.00     0.00   0.00    0.00     0.00  803.00  15992.00     0.00   0.00    0.04    19.92    0.00      0.00     0.00   0.00    0.00     0.00    0.00    0.00    0.04  46.40
dm-2             0.00      0.00     0.00   0.00    0.00     0.00   75.00    332.00     0.00   0.00    0.00     4.43    0.00      0.00     0.00   0.00    0.00     0.00    0.00    0.00    0.00   2.40
loop0            0.00      0.00     0.00   0.00    0.00     0.00    0.00      0.00     0.00   0.00    0.00     0.00    0.00      0.00     0.00   0.00    0.00     0.00    0.00    0.00    0.00   0.00
loop1            0.00      0.00     0.00   0.00    0.00     0.00    0.00      0.00     0.00   0.00    0.00     0.00    0.00      0.00     0.00   0.00    0.00     0.00    0.00    0.00    0.00   0.00
loop2            0.00      0.00     0.00   0.00    0.00     0.00    0.00      0.00     0.00   0.00    0.00     0.00    0.00      0.00     0.00   0.00    0.00     0.00    0.00    0.00    0.00   0.00
loop3            0.00      0.00     0.00   0.00    0.00     0.00    0.00      0.00     0.00   0.00    0.00     0.00    0.00      0.00     0.00   0.00    0.00     0.00    0.00    0.00    0.00   0.00
loop4            0.00      0.00     0.00   0.00    0.00     0.00    0.00      0.00     0.00   0.00    0.00     0.00    0.00      0.00     0.00   0.00    0.00     0.00    0.00    0.00    0.00   0.00
loop5            0.00      0.00     0.00   0.00    0.00     0.00    0.00      0.00     0.00   0.00    0.00     0.00    0.00      0.00     0.00   0.00    0.00     0.00    0.00    0.00    0.00   0.00
loop6            0.00      0.00     0.00   0.00    0.00     0.00    0.00      0.00     0.00   0.00    0.00     0.00    0.00      0.00     0.00   0.00    0.00     0.00    0.00    0.00    0.00   0.00
loop7            0.00      0.00     0.00   0.00    0.00     0.00    0.00      0.00     0.00   0.00    0.00     0.00    0.00      0.00     0.00   0.00    0.00     0.00    0.00    0.00    0.00   0.00
sda              0.00      0.00     0.00   0.00    0.00     0.00   23.00    332.00    52.00  69.33    0.35    14.43    0.00      0.00     0.00   0.00    0.00     0.00    0.00    0.00    0.01   2.40
sdb              0.00      0.00     0.00   0.00    0.00     0.00 1394.00  32016.00   220.00  13.63    0.05    22.97    0.00      0.00     0.00   0.00    0.00     0.00    0.00    0.00    0.08  46.80


avg-cpu:  %user   %nice %system %iowait  %steal   %idle
           0.58    0.00    0.50    0.00    0.00   98.92

Device            r/s     rkB/s   rrqm/s  %rrqm r_await rareq-sz     w/s     wkB/s   wrqm/s  %wrqm w_await wareq-sz     d/s     dkB/s   drqm/s  %drqm d_await dareq-sz     f/s f_await  aqu-sz  %util
dm-0             0.00      0.00     0.00   0.00    0.00     0.00  646.00  12724.00     0.00   0.00    0.02    19.70    0.00      0.00     0.00   0.00    0.00     0.00    0.00    0.00    0.01  39.20
dm-1             0.00      0.00     0.00   0.00    0.00     0.00  634.00  12680.00     0.00   0.00    0.04    20.00    0.00      0.00     0.00   0.00    0.00     0.00    0.00    0.00    0.03  39.60
dm-2             0.00      0.00     0.00   0.00    0.00     0.00   44.00    176.00     0.00   0.00    0.00     4.00    0.00      0.00     0.00   0.00    0.00     0.00    0.00    0.00    0.00   0.80
loop0            0.00      0.00     0.00   0.00    0.00     0.00    0.00      0.00     0.00   0.00    0.00     0.00    0.00      0.00     0.00   0.00    0.00     0.00    0.00    0.00    0.00   0.00
loop1            0.00      0.00     0.00   0.00    0.00     0.00    0.00      0.00     0.00   0.00    0.00     0.00    0.00      0.00     0.00   0.00    0.00     0.00    0.00    0.00    0.00   0.00
loop2            0.00      0.00     0.00   0.00    0.00     0.00    0.00      0.00     0.00   0.00    0.00     0.00    0.00      0.00     0.00   0.00    0.00     0.00    0.00    0.00    0.00   0.00
loop3            0.00      0.00     0.00   0.00    0.00     0.00    0.00      0.00     0.00   0.00    0.00     0.00    0.00      0.00     0.00   0.00    0.00     0.00    0.00    0.00    0.00   0.00
loop4            0.00      0.00     0.00   0.00    0.00     0.00    0.00      0.00     0.00   0.00    0.00     0.00    0.00      0.00     0.00   0.00    0.00     0.00    0.00    0.00    0.00   0.00
loop5            0.00      0.00     0.00   0.00    0.00     0.00    0.00      0.00     0.00   0.00    0.00     0.00    0.00      0.00     0.00   0.00    0.00     0.00    0.00    0.00    0.00   0.00
loop6            0.00      0.00     0.00   0.00    0.00     0.00    0.00      0.00     0.00   0.00    0.00     0.00    0.00      0.00     0.00   0.00    0.00     0.00    0.00    0.00    0.00   0.00
loop7            0.00      0.00     0.00   0.00    0.00     0.00    0.00      0.00     0.00   0.00    0.00     0.00    0.00      0.00     0.00   0.00    0.00     0.00    0.00    0.00    0.00   0.00
sda              0.00      0.00     0.00   0.00    0.00     0.00   11.00    176.00    33.00  75.00    0.09    16.00    0.00      0.00     0.00   0.00    0.00     0.00    0.00    0.00    0.00   0.80
sdb              0.00      0.00     0.00   0.00    0.00     0.00 1094.00  25404.00   186.00  14.53    0.05    23.22    0.00      0.00     0.00   0.00    0.00     0.00    0.00    0.00    0.06  40.00


avg-cpu:  %user   %nice %system %iowait  %steal   %idle
           0.77    0.00    0.63    0.03    0.00   98.57

Device            r/s     rkB/s   rrqm/s  %rrqm r_await rareq-sz     w/s     wkB/s   wrqm/s  %wrqm w_await wareq-sz     d/s     dkB/s   drqm/s  %drqm d_await dareq-sz     f/s f_await  aqu-sz  %util
dm-0             0.00      0.00     0.00   0.00    0.00     0.00  781.00  15844.00     0.00   0.00    0.05    20.29    0.00      0.00     0.00   0.00    0.00     0.00    0.00    0.00    0.04  46.00
dm-1             0.00      0.00     0.00   0.00    0.00     0.00  771.00  15804.00     0.00   0.00    0.03    20.50    0.00      0.00     0.00   0.00    0.00     0.00    0.00    0.00    0.02  47.20
dm-2             0.00      0.00     0.00   0.00    0.00     0.00  287.00   1336.00     0.00   0.00    0.36     4.66    0.00      0.00     0.00   0.00    0.00     0.00    0.00    0.00    0.10   2.40
loop0            0.00      0.00     0.00   0.00    0.00     0.00    0.00      0.00     0.00   0.00    0.00     0.00    0.00      0.00     0.00   0.00    0.00     0.00    0.00    0.00    0.00   0.00
loop1            0.00      0.00     0.00   0.00    0.00     0.00    0.00      0.00     0.00   0.00    0.00     0.00    0.00      0.00     0.00   0.00    0.00     0.00    0.00    0.00    0.00   0.00
loop2            0.00      0.00     0.00   0.00    0.00     0.00    0.00      0.00     0.00   0.00    0.00     0.00    0.00      0.00     0.00   0.00    0.00     0.00    0.00    0.00    0.00   0.00
loop3            0.00      0.00     0.00   0.00    0.00     0.00    0.00      0.00     0.00   0.00    0.00     0.00    0.00      0.00     0.00   0.00    0.00     0.00    0.00    0.00    0.00   0.00
loop4            0.00      0.00     0.00   0.00    0.00     0.00    0.00      0.00     0.00   0.00    0.00     0.00    0.00      0.00     0.00   0.00    0.00     0.00    0.00    0.00    0.00   0.00
loop5            0.00      0.00     0.00   0.00    0.00     0.00    0.00      0.00     0.00   0.00    0.00     0.00    0.00      0.00     0.00   0.00    0.00     0.00    0.00    0.00    0.00   0.00
loop6            0.00      0.00     0.00   0.00    0.00     0.00    0.00      0.00     0.00   0.00    0.00     0.00    0.00      0.00     0.00   0.00    0.00     0.00    0.00    0.00    0.00   0.00
loop7            0.00      0.00     0.00   0.00    0.00     0.00    0.00      0.00     0.00   0.00    0.00     0.00    0.00      0.00     0.00   0.00    0.00     0.00    0.00    0.00    0.00   0.00
sda              0.00      0.00     0.00   0.00    0.00     0.00  243.00   1336.00    44.00  15.33    0.72     5.50    0.00      0.00     0.00   0.00    0.00     0.00    0.00    0.00    0.17   2.40
sdb              0.00      0.00     0.00   0.00    0.00     0.00 1349.00  31648.00   203.00  13.08    0.06    23.46    0.00      0.00     0.00   0.00    0.00     0.00    0.00    0.00    0.08  47.20


avg-cpu:  %user   %nice %system %iowait  %steal   %idle
           0.60    0.00    0.52    0.00    0.00   98.88

Device            r/s     rkB/s   rrqm/s  %rrqm r_await rareq-sz     w/s     wkB/s   wrqm/s  %wrqm w_await wareq-sz     d/s     dkB/s   drqm/s  %drqm d_await dareq-sz     f/s f_await  aqu-sz  %util
dm-0             0.00      0.00     0.00   0.00    0.00     0.00  771.00  15564.00     0.00   0.00    0.05    20.19    0.00      0.00     0.00   0.00    0.00     0.00    0.00    0.00    0.04  48.40
dm-1             0.00      0.00     0.00   0.00    0.00     0.00  754.00  15496.00     0.00   0.00    0.05    20.55    0.00      0.00     0.00   0.00    0.00     0.00    0.00    0.00    0.04  47.20
dm-2             0.00      0.00     0.00   0.00    0.00     0.00   65.00    260.00     0.00   0.00    0.06     4.00    0.00      0.00     0.00   0.00    0.00     0.00    0.00    0.00    0.00   1.60
loop0            0.00      0.00     0.00   0.00    0.00     0.00    0.00      0.00     0.00   0.00    0.00     0.00    0.00      0.00     0.00   0.00    0.00     0.00    0.00    0.00    0.00   0.00
loop1            0.00      0.00     0.00   0.00    0.00     0.00    0.00      0.00     0.00   0.00    0.00     0.00    0.00      0.00     0.00   0.00    0.00     0.00    0.00    0.00    0.00   0.00
loop2            0.00      0.00     0.00   0.00    0.00     0.00    0.00      0.00     0.00   0.00    0.00     0.00    0.00      0.00     0.00   0.00    0.00     0.00    0.00    0.00    0.00   0.00
loop3            0.00      0.00     0.00   0.00    0.00     0.00    0.00      0.00     0.00   0.00    0.00     0.00    0.00      0.00     0.00   0.00    0.00     0.00    0.00    0.00    0.00   0.00
loop4            0.00      0.00     0.00   0.00    0.00     0.00    0.00      0.00     0.00   0.00    0.00     0.00    0.00      0.00     0.00   0.00    0.00     0.00    0.00    0.00    0.00   0.00
loop5            0.00      0.00     0.00   0.00    0.00     0.00    0.00      0.00     0.00   0.00    0.00     0.00    0.00      0.00     0.00   0.00    0.00     0.00    0.00    0.00    0.00   0.00
loop6            0.00      0.00     0.00   0.00    0.00     0.00    0.00      0.00     0.00   0.00    0.00     0.00    0.00      0.00     0.00   0.00    0.00     0.00    0.00    0.00    0.00   0.00
loop7            0.00      0.00     0.00   0.00    0.00     0.00    0.00      0.00     0.00   0.00    0.00     0.00    0.00      0.00     0.00   0.00    0.00     0.00    0.00    0.00    0.00   0.00
sda              0.00      0.00     0.00   0.00    0.00     0.00   30.00    260.00    35.00  53.85    1.63     8.67    0.00      0.00     0.00   0.00    0.00     0.00    0.00    0.00    0.05   1.60
sdb              0.00      0.00     0.00   0.00    0.00     0.00 1324.00  31060.00   201.00  13.18    0.06    23.46    0.00      0.00     0.00   0.00    0.00     0.00    0.00    0.00    0.07  49.20


avg-cpu:  %user   %nice %system %iowait  %steal   %idle
           0.81    0.00    0.66    0.02    0.00   98.51

Device            r/s     rkB/s   rrqm/s  %rrqm r_await rareq-sz     w/s     wkB/s   wrqm/s  %wrqm w_await wareq-sz     d/s     dkB/s   drqm/s  %drqm d_await dareq-sz     f/s f_await  aqu-sz  %util
dm-0             0.00      0.00     0.00   0.00    0.00     0.00  738.00  15196.00     0.00   0.00    0.04    20.59    0.00      0.00     0.00   0.00    0.00     0.00    0.00    0.00    0.03  48.40
dm-1             0.00      0.00     0.00   0.00    0.00     0.00  742.00  15208.00     0.00   0.00    0.06    20.50    0.00      0.00     0.00   0.00    0.00     0.00    0.00    0.00    0.05  47.60
dm-2             0.00      0.00     0.00   0.00    0.00     0.00   58.00    252.00     0.00   0.00    0.07     4.34    0.00      0.00     0.00   0.00    0.00     0.00    0.00    0.00    0.00   2.40
loop0            0.00      0.00     0.00   0.00    0.00     0.00    0.00      0.00     0.00   0.00    0.00     0.00    0.00      0.00     0.00   0.00    0.00     0.00    0.00    0.00    0.00   0.00
loop1            0.00      0.00     0.00   0.00    0.00     0.00    0.00      0.00     0.00   0.00    0.00     0.00    0.00      0.00     0.00   0.00    0.00     0.00    0.00    0.00    0.00   0.00
loop2            0.00      0.00     0.00   0.00    0.00     0.00    0.00      0.00     0.00   0.00    0.00     0.00    0.00      0.00     0.00   0.00    0.00     0.00    0.00    0.00    0.00   0.00
loop3            0.00      0.00     0.00   0.00    0.00     0.00    0.00      0.00     0.00   0.00    0.00     0.00    0.00      0.00     0.00   0.00    0.00     0.00    0.00    0.00    0.00   0.00
loop4            0.00      0.00     0.00   0.00    0.00     0.00    0.00      0.00     0.00   0.00    0.00     0.00    0.00      0.00     0.00   0.00    0.00     0.00    0.00    0.00    0.00   0.00
loop5            0.00      0.00     0.00   0.00    0.00     0.00    0.00      0.00     0.00   0.00    0.00     0.00    0.00      0.00     0.00   0.00    0.00     0.00    0.00    0.00    0.00   0.00
loop6            0.00      0.00     0.00   0.00    0.00     0.00    0.00      0.00     0.00   0.00    0.00     0.00    0.00      0.00     0.00   0.00    0.00     0.00    0.00    0.00    0.00   0.00
loop7            0.00      0.00     0.00   0.00    0.00     0.00    0.00      0.00     0.00   0.00    0.00     0.00    0.00      0.00     0.00   0.00    0.00     0.00    0.00    0.00    0.00   0.00
sda              0.00      0.00     0.00   0.00    0.00     0.00   20.00    252.00    38.00  65.52    0.05    12.60    0.00      0.00     0.00   0.00    0.00     0.00    0.00    0.00    0.00   2.40
sdb              0.00      0.00     0.00   0.00    0.00     0.00 1295.00  30404.00   185.00  12.50    0.06    23.48    0.00      0.00     0.00   0.00    0.00     0.00    0.00    0.00    0.07  49.60


avg-cpu:  %user   %nice %system %iowait  %steal   %idle
           0.63    0.00    0.67    0.02    0.00   98.68

Device            r/s     rkB/s   rrqm/s  %rrqm r_await rareq-sz     w/s     wkB/s   wrqm/s  %wrqm w_await wareq-sz     d/s     dkB/s   drqm/s  %drqm d_await dareq-sz     f/s f_await  aqu-sz  %util
dm-0             0.00      0.00     0.00   0.00    0.00     0.00  668.00  13712.00     0.00   0.00    0.05    20.53    0.00      0.00     0.00   0.00    0.00     0.00    0.00    0.00    0.04  43.60
dm-1             0.00      0.00     0.00   0.00    0.00     0.00  666.00  13704.00     0.00   0.00    0.07    20.58    0.00      0.00     0.00   0.00    0.00     0.00    0.00    0.00    0.05  42.80
dm-2             0.00      0.00     0.00   0.00    0.00     0.00   47.00    196.00     0.00   0.00    0.00     4.17    0.00      0.00     0.00   0.00    0.00     0.00    0.00    0.00    0.00   1.60
loop0            0.00      0.00     0.00   0.00    0.00     0.00    0.00      0.00     0.00   0.00    0.00     0.00    0.00      0.00     0.00   0.00    0.00     0.00    0.00    0.00    0.00   0.00
loop1            0.00      0.00     0.00   0.00    0.00     0.00    0.00      0.00     0.00   0.00    0.00     0.00    0.00      0.00     0.00   0.00    0.00     0.00    0.00    0.00    0.00   0.00
loop2            0.00      0.00     0.00   0.00    0.00     0.00    0.00      0.00     0.00   0.00    0.00     0.00    0.00      0.00     0.00   0.00    0.00     0.00    0.00    0.00    0.00   0.00
loop3            0.00      0.00     0.00   0.00    0.00     0.00    0.00      0.00     0.00   0.00    0.00     0.00    0.00      0.00     0.00   0.00    0.00     0.00    0.00    0.00    0.00   0.00
loop4            0.00      0.00     0.00   0.00    0.00     0.00    0.00      0.00     0.00   0.00    0.00     0.00    0.00      0.00     0.00   0.00    0.00     0.00    0.00    0.00    0.00   0.00
loop5            0.00      0.00     0.00   0.00    0.00     0.00    0.00      0.00     0.00   0.00    0.00     0.00    0.00      0.00     0.00   0.00    0.00     0.00    0.00    0.00    0.00   0.00
loop6            0.00      0.00     0.00   0.00    0.00     0.00    0.00      0.00     0.00   0.00    0.00     0.00    0.00      0.00     0.00   0.00    0.00     0.00    0.00    0.00    0.00   0.00
loop7            0.00      0.00     0.00   0.00    0.00     0.00    0.00      0.00     0.00   0.00    0.00     0.00    0.00      0.00     0.00   0.00    0.00     0.00    0.00    0.00    0.00   0.00
sda              0.00      0.00     0.00   0.00    0.00     0.00   14.00    196.00    33.00  70.21    0.50    14.00    0.00      0.00     0.00   0.00    0.00     0.00    0.00    0.00    0.01   1.60
sdb              0.00      0.00     0.00   0.00    0.00     0.00 1162.00  27416.00   172.00  12.89    0.06    23.59    0.00      0.00     0.00   0.00    0.00     0.00    0.00    0.00    0.07  44.80


avg-cpu:  %user   %nice %system %iowait  %steal   %idle
           0.74    0.00    0.77    0.02    0.00   98.48

Device            r/s     rkB/s   rrqm/s  %rrqm r_await rareq-sz     w/s     wkB/s   wrqm/s  %wrqm w_await wareq-sz     d/s     dkB/s   drqm/s  %drqm d_await dareq-sz     f/s f_await  aqu-sz  %util
dm-0             0.00      0.00     0.00   0.00    0.00     0.00  817.00  16048.00     0.00   0.00    0.07    19.64    0.00      0.00     0.00   0.00    0.00     0.00    0.00    0.00    0.06  48.40
dm-1             0.00      0.00     0.00   0.00    0.00     0.00  809.00  16020.00     0.00   0.00    0.03    19.80    0.00      0.00     0.00   0.00    0.00     0.00    0.00    0.00    0.02  47.20
dm-2             0.00      0.00     0.00   0.00    0.00     0.00   66.00    288.00     0.00   0.00    0.00     4.36    0.00      0.00     0.00   0.00    0.00     0.00    0.00    0.00    0.00   2.40
loop0            0.00      0.00     0.00   0.00    0.00     0.00    0.00      0.00     0.00   0.00    0.00     0.00    0.00      0.00     0.00   0.00    0.00     0.00    0.00    0.00    0.00   0.00
loop1            0.00      0.00     0.00   0.00    0.00     0.00    0.00      0.00     0.00   0.00    0.00     0.00    0.00      0.00     0.00   0.00    0.00     0.00    0.00    0.00    0.00   0.00
loop2            0.00      0.00     0.00   0.00    0.00     0.00    0.00      0.00     0.00   0.00    0.00     0.00    0.00      0.00     0.00   0.00    0.00     0.00    0.00    0.00    0.00   0.00
loop3            0.00      0.00     0.00   0.00    0.00     0.00    0.00      0.00     0.00   0.00    0.00     0.00    0.00      0.00     0.00   0.00    0.00     0.00    0.00    0.00    0.00   0.00
loop4            0.00      0.00     0.00   0.00    0.00     0.00    0.00      0.00     0.00   0.00    0.00     0.00    0.00      0.00     0.00   0.00    0.00     0.00    0.00    0.00    0.00   0.00
loop5            0.00      0.00     0.00   0.00    0.00     0.00    0.00      0.00     0.00   0.00    0.00     0.00    0.00      0.00     0.00   0.00    0.00     0.00    0.00    0.00    0.00   0.00
loop6            0.00      0.00     0.00   0.00    0.00     0.00    0.00      0.00     0.00   0.00    0.00     0.00    0.00      0.00     0.00   0.00    0.00     0.00    0.00    0.00    0.00   0.00
loop7            0.00      0.00     0.00   0.00    0.00     0.00    0.00      0.00     0.00   0.00    0.00     0.00    0.00      0.00     0.00   0.00    0.00     0.00    0.00    0.00    0.00   0.00
sda              0.00      0.00     0.00   0.00    0.00     0.00   20.00    288.00    46.00  69.70    0.40    14.40    0.00      0.00     0.00   0.00    0.00     0.00    0.00    0.00    0.01   2.40
sdb              0.00      0.00     0.00   0.00    0.00     0.00 1406.00  32068.00   220.00  13.53    0.05    22.81    0.00      0.00     0.00   0.00    0.00     0.00    0.00    0.00    0.08  48.40


avg-cpu:  %user   %nice %system %iowait  %steal   %idle
           0.80    0.00    0.72    0.02    0.00   98.46

Device            r/s     rkB/s   rrqm/s  %rrqm r_await rareq-sz     w/s     wkB/s   wrqm/s  %wrqm w_await wareq-sz     d/s     dkB/s   drqm/s  %drqm d_await dareq-sz     f/s f_await  aqu-sz  %util
dm-0             0.00      0.00     0.00   0.00    0.00     0.00  803.00  15872.00     0.00   0.00    0.05    19.77    0.00      0.00     0.00   0.00    0.00     0.00    0.00    0.00    0.04  48.40
dm-1             0.00      0.00     0.00   0.00    0.00     0.00  796.00  15844.00     0.00   0.00    0.08    19.90    0.00      0.00     0.00   0.00    0.00     0.00    0.00    0.00    0.06  48.80
dm-2             0.00      0.00     0.00   0.00    0.00     0.00  267.00   1180.00     0.00   0.00    0.54     4.42    0.00      0.00     0.00   0.00    0.00     0.00    0.00    0.00    0.14   2.00
loop0            0.00      0.00     0.00   0.00    0.00     0.00    0.00      0.00     0.00   0.00    0.00     0.00    0.00      0.00     0.00   0.00    0.00     0.00    0.00    0.00    0.00   0.00
loop1            0.00      0.00     0.00   0.00    0.00     0.00    0.00      0.00     0.00   0.00    0.00     0.00    0.00      0.00     0.00   0.00    0.00     0.00    0.00    0.00    0.00   0.00
loop2            0.00      0.00     0.00   0.00    0.00     0.00    0.00      0.00     0.00   0.00    0.00     0.00    0.00      0.00     0.00   0.00    0.00     0.00    0.00    0.00    0.00   0.00
loop3            0.00      0.00     0.00   0.00    0.00     0.00    0.00      0.00     0.00   0.00    0.00     0.00    0.00      0.00     0.00   0.00    0.00     0.00    0.00    0.00    0.00   0.00
loop4            0.00      0.00     0.00   0.00    0.00     0.00    0.00      0.00     0.00   0.00    0.00     0.00    0.00      0.00     0.00   0.00    0.00     0.00    0.00    0.00    0.00   0.00
loop5            0.00      0.00     0.00   0.00    0.00     0.00    0.00      0.00     0.00   0.00    0.00     0.00    0.00      0.00     0.00   0.00    0.00     0.00    0.00    0.00    0.00   0.00
loop6            0.00      0.00     0.00   0.00    0.00     0.00    0.00      0.00     0.00   0.00    0.00     0.00    0.00      0.00     0.00   0.00    0.00     0.00    0.00    0.00    0.00   0.00
loop7            0.00      0.00     0.00   0.00    0.00     0.00    0.00      0.00     0.00   0.00    0.00     0.00    0.00      0.00     0.00   0.00    0.00     0.00    0.00    0.00    0.00   0.00
sda              0.00      0.00     0.00   0.00    0.00     0.00  235.00   1180.00    32.00  11.99    0.87     5.02    0.00      0.00     0.00   0.00    0.00     0.00    0.00    0.00    0.20   2.00
sdb              0.00      0.00     0.00   0.00    0.00     0.00 1389.00  31716.00   210.00  13.13    0.06    22.83    0.00      0.00     0.00   0.00    0.00     0.00    0.00    0.00    0.08  49.60


avg-cpu:  %user   %nice %system %iowait  %steal   %idle
           0.77    0.00    0.66    0.00    0.00   98.57

Device            r/s     rkB/s   rrqm/s  %rrqm r_await rareq-sz     w/s     wkB/s   wrqm/s  %wrqm w_await wareq-sz     d/s     dkB/s   drqm/s  %drqm d_await dareq-sz     f/s f_await  aqu-sz  %util
dm-0             0.00      0.00     0.00   0.00    0.00     0.00  771.00  15448.00     0.00   0.00    0.04    20.04    0.00      0.00     0.00   0.00    0.00     0.00    0.00    0.00    0.03  46.40
dm-1             0.00      0.00     0.00   0.00    0.00     0.00  776.00  15464.00     0.00   0.00    0.06    19.93    0.00      0.00     0.00   0.00    0.00     0.00    0.00    0.00    0.04  46.40
dm-2             0.00      0.00     0.00   0.00    0.00     0.00   57.00    248.00     0.00   0.00    0.00     4.35    0.00      0.00     0.00   0.00    0.00     0.00    0.00    0.00    0.00   1.60
loop0            0.00      0.00     0.00   0.00    0.00     0.00    0.00      0.00     0.00   0.00    0.00     0.00    0.00      0.00     0.00   0.00    0.00     0.00    0.00    0.00    0.00   0.00
loop1            0.00      0.00     0.00   0.00    0.00     0.00    0.00      0.00     0.00   0.00    0.00     0.00    0.00      0.00     0.00   0.00    0.00     0.00    0.00    0.00    0.00   0.00
loop2            0.00      0.00     0.00   0.00    0.00     0.00    0.00      0.00     0.00   0.00    0.00     0.00    0.00      0.00     0.00   0.00    0.00     0.00    0.00    0.00    0.00   0.00
loop3            0.00      0.00     0.00   0.00    0.00     0.00    0.00      0.00     0.00   0.00    0.00     0.00    0.00      0.00     0.00   0.00    0.00     0.00    0.00    0.00    0.00   0.00
loop4            0.00      0.00     0.00   0.00    0.00     0.00    0.00      0.00     0.00   0.00    0.00     0.00    0.00      0.00     0.00   0.00    0.00     0.00    0.00    0.00    0.00   0.00
loop5            0.00      0.00     0.00   0.00    0.00     0.00    0.00      0.00     0.00   0.00    0.00     0.00    0.00      0.00     0.00   0.00    0.00     0.00    0.00    0.00    0.00   0.00
loop6            0.00      0.00     0.00   0.00    0.00     0.00    0.00      0.00     0.00   0.00    0.00     0.00    0.00      0.00     0.00   0.00    0.00     0.00    0.00    0.00    0.00   0.00
loop7            0.00      0.00     0.00   0.00    0.00     0.00    0.00      0.00     0.00   0.00    0.00     0.00    0.00      0.00     0.00   0.00    0.00     0.00    0.00    0.00    0.00   0.00
sda              0.00      0.00     0.00   0.00    0.00     0.00   17.00    248.00    40.00  70.18    0.12    14.59    0.00      0.00     0.00   0.00    0.00     0.00    0.00    0.00    0.00   1.60
sdb              0.00      0.00     0.00   0.00    0.00     0.00 1338.00  30912.00   209.00  13.51    0.06    23.10    0.00      0.00     0.00   0.00    0.00     0.00    0.00    0.00    0.08  48.00


avg-cpu:  %user   %nice %system %iowait  %steal   %idle
           0.75    0.00    0.61    0.02    0.00   98.62

Device            r/s     rkB/s   rrqm/s  %rrqm r_await rareq-sz     w/s     wkB/s   wrqm/s  %wrqm w_await wareq-sz     d/s     dkB/s   drqm/s  %drqm d_await dareq-sz     f/s f_await  aqu-sz  %util
dm-0             0.00      0.00     0.00   0.00    0.00     0.00  789.00  15876.00     0.00   0.00    0.05    20.12    0.00      0.00     0.00   0.00    0.00     0.00    0.00    0.00    0.04  46.40
dm-1             0.00      0.00     0.00   0.00    0.00     0.00  779.00  15716.00     0.00   0.00    0.06    20.17    0.00      0.00     0.00   0.00    0.00     0.00    0.00    0.00    0.04  47.60
dm-2             0.00      0.00     0.00   0.00    0.00     0.00   68.00    272.00     0.00   0.00    0.06     4.00    0.00      0.00     0.00   0.00    0.00     0.00    0.00    0.00    0.00   2.40
loop0            0.00      0.00     0.00   0.00    0.00     0.00    0.00      0.00     0.00   0.00    0.00     0.00    0.00      0.00     0.00   0.00    0.00     0.00    0.00    0.00    0.00   0.00
loop1            0.00      0.00     0.00   0.00    0.00     0.00    0.00      0.00     0.00   0.00    0.00     0.00    0.00      0.00     0.00   0.00    0.00     0.00    0.00    0.00    0.00   0.00
loop2            0.00      0.00     0.00   0.00    0.00     0.00    0.00      0.00     0.00   0.00    0.00     0.00    0.00      0.00     0.00   0.00    0.00     0.00    0.00    0.00    0.00   0.00
loop3            0.00      0.00     0.00   0.00    0.00     0.00    0.00      0.00     0.00   0.00    0.00     0.00    0.00      0.00     0.00   0.00    0.00     0.00    0.00    0.00    0.00   0.00
loop4            0.00      0.00     0.00   0.00    0.00     0.00    0.00      0.00     0.00   0.00    0.00     0.00    0.00      0.00     0.00   0.00    0.00     0.00    0.00    0.00    0.00   0.00
loop5            0.00      0.00     0.00   0.00    0.00     0.00    0.00      0.00     0.00   0.00    0.00     0.00    0.00      0.00     0.00   0.00    0.00     0.00    0.00    0.00    0.00   0.00
loop6            0.00      0.00     0.00   0.00    0.00     0.00    0.00      0.00     0.00   0.00    0.00     0.00    0.00      0.00     0.00   0.00    0.00     0.00    0.00    0.00    0.00   0.00
loop7            0.00      0.00     0.00   0.00    0.00     0.00    0.00      0.00     0.00   0.00    0.00     0.00    0.00      0.00     0.00   0.00    0.00     0.00    0.00    0.00    0.00   0.00
sda              0.00      0.00     0.00   0.00    0.00     0.00   34.00    272.00    34.00  50.00    1.50     8.00    0.00      0.00     0.00   0.00    0.00     0.00    0.00    0.00    0.05   2.40
sdb              0.00      0.00     0.00   0.00    0.00     0.00 1349.00  31592.00   219.00  13.97    0.06    23.42    0.00      0.00     0.00   0.00    0.00     0.00    0.00    0.00    0.08  49.60


avg-cpu:  %user   %nice %system %iowait  %steal   %idle
           0.77    0.00    0.57    0.02    0.00   98.65

Device            r/s     rkB/s   rrqm/s  %rrqm r_await rareq-sz     w/s     wkB/s   wrqm/s  %wrqm w_await wareq-sz     d/s     dkB/s   drqm/s  %drqm d_await dareq-sz     f/s f_await  aqu-sz  %util
dm-0             0.00      0.00     0.00   0.00    0.00     0.00  799.00  16096.00     0.00   0.00    0.04    20.15    0.00      0.00     0.00   0.00    0.00     0.00    0.00    0.00    0.03  47.20
dm-1             0.00      0.00     0.00   0.00    0.00     0.00  809.00  16140.00     0.00   0.00    0.03    19.95    0.00      0.00     0.00   0.00    0.00     0.00    0.00    0.00    0.02  46.80
dm-2             0.00      0.00     0.00   0.00    0.00     0.00   31.00    152.00     0.00   0.00    0.13     4.90    0.00      0.00     0.00   0.00    0.00     0.00    0.00    0.00    0.00   1.60
loop0            0.00      0.00     0.00   0.00    0.00     0.00    0.00      0.00     0.00   0.00    0.00     0.00    0.00      0.00     0.00   0.00    0.00     0.00    0.00    0.00    0.00   0.00
loop1            0.00      0.00     0.00   0.00    0.00     0.00    0.00      0.00     0.00   0.00    0.00     0.00    0.00      0.00     0.00   0.00    0.00     0.00    0.00    0.00    0.00   0.00
loop2            0.00      0.00     0.00   0.00    0.00     0.00    0.00      0.00     0.00   0.00    0.00     0.00    0.00      0.00     0.00   0.00    0.00     0.00    0.00    0.00    0.00   0.00
loop3            0.00      0.00     0.00   0.00    0.00     0.00    0.00      0.00     0.00   0.00    0.00     0.00    0.00      0.00     0.00   0.00    0.00     0.00    0.00    0.00    0.00   0.00
loop4            0.00      0.00     0.00   0.00    0.00     0.00    0.00      0.00     0.00   0.00    0.00     0.00    0.00      0.00     0.00   0.00    0.00     0.00    0.00    0.00    0.00   0.00
loop5            0.00      0.00     0.00   0.00    0.00     0.00    0.00      0.00     0.00   0.00    0.00     0.00    0.00      0.00     0.00   0.00    0.00     0.00    0.00    0.00    0.00   0.00
loop6            0.00      0.00     0.00   0.00    0.00     0.00    0.00      0.00     0.00   0.00    0.00     0.00    0.00      0.00     0.00   0.00    0.00     0.00    0.00    0.00    0.00   0.00
loop7            0.00      0.00     0.00   0.00    0.00     0.00    0.00      0.00     0.00   0.00    0.00     0.00    0.00      0.00     0.00   0.00    0.00     0.00    0.00    0.00    0.00   0.00
sda              0.00      0.00     0.00   0.00    0.00     0.00    8.00    152.00    23.00  74.19    0.38    19.00    0.00      0.00     0.00   0.00    0.00     0.00    0.00    0.00    0.00   1.60
sdb              0.00      0.00     0.00   0.00    0.00     0.00 1388.00  32236.00   220.00  13.68    0.06    23.22    0.00      0.00     0.00   0.00    0.00     0.00    0.00    0.00    0.08  47.60


avg-cpu:  %user   %nice %system %iowait  %steal   %idle
           0.82    0.00    0.63    0.02    0.00   98.54

Device            r/s     rkB/s   rrqm/s  %rrqm r_await rareq-sz     w/s     wkB/s   wrqm/s  %wrqm w_await wareq-sz     d/s     dkB/s   drqm/s  %drqm d_await dareq-sz     f/s f_await  aqu-sz  %util
dm-0             0.00      0.00     0.00   0.00    0.00     0.00  785.00  15800.00     0.00   0.00    0.06    20.13    0.00      0.00     0.00   0.00    0.00     0.00    0.00    0.00    0.04  47.60
dm-1             0.00      0.00     0.00   0.00    0.00     0.00  789.00  15816.00     0.00   0.00    0.07    20.05    0.00      0.00     0.00   0.00    0.00     0.00    0.00    0.00    0.06  47.60
dm-2             0.00      0.00     0.00   0.00    0.00     0.00   50.00    200.00     0.00   0.00    0.08     4.00    0.00      0.00     0.00   0.00    0.00     0.00    0.00    0.00    0.00   1.60
loop0            0.00      0.00     0.00   0.00    0.00     0.00    0.00      0.00     0.00   0.00    0.00     0.00    0.00      0.00     0.00   0.00    0.00     0.00    0.00    0.00    0.00   0.00
loop1            0.00      0.00     0.00   0.00    0.00     0.00    0.00      0.00     0.00   0.00    0.00     0.00    0.00      0.00     0.00   0.00    0.00     0.00    0.00    0.00    0.00   0.00
loop2            0.00      0.00     0.00   0.00    0.00     0.00    0.00      0.00     0.00   0.00    0.00     0.00    0.00      0.00     0.00   0.00    0.00     0.00    0.00    0.00    0.00   0.00
loop3            0.00      0.00     0.00   0.00    0.00     0.00    0.00      0.00     0.00   0.00    0.00     0.00    0.00      0.00     0.00   0.00    0.00     0.00    0.00    0.00    0.00   0.00
loop4            0.00      0.00     0.00   0.00    0.00     0.00    0.00      0.00     0.00   0.00    0.00     0.00    0.00      0.00     0.00   0.00    0.00     0.00    0.00    0.00    0.00   0.00
loop5            0.00      0.00     0.00   0.00    0.00     0.00    0.00      0.00     0.00   0.00    0.00     0.00    0.00      0.00     0.00   0.00    0.00     0.00    0.00    0.00    0.00   0.00
loop6            0.00      0.00     0.00   0.00    0.00     0.00    0.00      0.00     0.00   0.00    0.00     0.00    0.00      0.00     0.00   0.00    0.00     0.00    0.00    0.00    0.00   0.00
loop7            0.00      0.00     0.00   0.00    0.00     0.00    0.00      0.00     0.00   0.00    0.00     0.00    0.00      0.00     0.00   0.00    0.00     0.00    0.00    0.00    0.00   0.00
sda              0.00      0.00     0.00   0.00    0.00     0.00   14.00    200.00    36.00  72.00    0.43    14.29    0.00      0.00     0.00   0.00    0.00     0.00    0.00    0.00    0.01   1.60
sdb              0.00      0.00     0.00   0.00    0.00     0.00 1357.00  31616.00   217.00  13.79    0.06    23.30    0.00      0.00     0.00   0.00    0.00     0.00    0.00    0.00    0.08  48.40


avg-cpu:  %user   %nice %system %iowait  %steal   %idle
           0.72    0.00    0.53    0.02    0.00   98.73

Device            r/s     rkB/s   rrqm/s  %rrqm r_await rareq-sz     w/s     wkB/s   wrqm/s  %wrqm w_await wareq-sz     d/s     dkB/s   drqm/s  %drqm d_await dareq-sz     f/s f_await  aqu-sz  %util
dm-0             0.00      0.00     0.00   0.00    0.00     0.00  636.00  12564.00     0.00   0.00    0.08    19.75    0.00      0.00     0.00   0.00    0.00     0.00    0.00    0.00    0.05  39.60
dm-1             0.00      0.00     0.00   0.00    0.00     0.00  624.00  12516.00     0.00   0.00    0.09    20.06    0.00      0.00     0.00   0.00    0.00     0.00    0.00    0.00    0.06  38.80
dm-2             0.00      0.00     0.00   0.00    0.00     0.00  274.00   1224.00     0.00   0.00    0.85     4.47    0.00      0.00     0.00   0.00    0.00     0.00    0.00    0.00    0.23   2.80
loop0            0.00      0.00     0.00   0.00    0.00     0.00    0.00      0.00     0.00   0.00    0.00     0.00    0.00      0.00     0.00   0.00    0.00     0.00    0.00    0.00    0.00   0.00
loop1            0.00      0.00     0.00   0.00    0.00     0.00    0.00      0.00     0.00   0.00    0.00     0.00    0.00      0.00     0.00   0.00    0.00     0.00    0.00    0.00    0.00   0.00
loop2            0.00      0.00     0.00   0.00    0.00     0.00    0.00      0.00     0.00   0.00    0.00     0.00    0.00      0.00     0.00   0.00    0.00     0.00    0.00    0.00    0.00   0.00
loop3            0.00      0.00     0.00   0.00    0.00     0.00    0.00      0.00     0.00   0.00    0.00     0.00    0.00      0.00     0.00   0.00    0.00     0.00    0.00    0.00    0.00   0.00
loop4            0.00      0.00     0.00   0.00    0.00     0.00    0.00      0.00     0.00   0.00    0.00     0.00    0.00      0.00     0.00   0.00    0.00     0.00    0.00    0.00    0.00   0.00
loop5            0.00      0.00     0.00   0.00    0.00     0.00    0.00      0.00     0.00   0.00    0.00     0.00    0.00      0.00     0.00   0.00    0.00     0.00    0.00    0.00    0.00   0.00
loop6            0.00      0.00     0.00   0.00    0.00     0.00    0.00      0.00     0.00   0.00    0.00     0.00    0.00      0.00     0.00   0.00    0.00     0.00    0.00    0.00    0.00   0.00
loop7            0.00      0.00     0.00   0.00    0.00     0.00    0.00      0.00     0.00   0.00    0.00     0.00    0.00      0.00     0.00   0.00    0.00     0.00    0.00    0.00    0.00   0.00
sda              0.00      0.00     0.00   0.00    0.00     0.00  231.00   1224.00    43.00  15.69    1.17     5.30    0.00      0.00     0.00   0.00    0.00     0.00    0.00    0.00    0.27   2.80
sdb              0.00      0.00     0.00   0.00    0.00     0.00 1077.00  25080.00   183.00  14.52    0.06    23.29    0.00      0.00     0.00   0.00    0.00     0.00    0.00    0.00    0.07  39.60


avg-cpu:  %user   %nice %system %iowait  %steal   %idle
           0.67    0.00    0.55    0.00    0.00   98.78

Device            r/s     rkB/s   rrqm/s  %rrqm r_await rareq-sz     w/s     wkB/s   wrqm/s  %wrqm w_await wareq-sz     d/s     dkB/s   drqm/s  %drqm d_await dareq-sz     f/s f_await  aqu-sz  %util
dm-0             0.00      0.00     0.00   0.00    0.00     0.00  675.00  13444.00     0.00   0.00    0.06    19.92    0.00      0.00     0.00   0.00    0.00     0.00    0.00    0.00    0.04  40.40
dm-1             0.00      0.00     0.00   0.00    0.00     0.00  664.00  13396.00     0.00   0.00    0.05    20.17    0.00      0.00     0.00   0.00    0.00     0.00    0.00    0.00    0.04  38.40
dm-2             0.00      0.00     0.00   0.00    0.00     0.00   45.00    180.00     0.00   0.00    0.09     4.00    0.00      0.00     0.00   0.00    0.00     0.00    0.00    0.00    0.00   1.20
loop0            0.00      0.00     0.00   0.00    0.00     0.00    0.00      0.00     0.00   0.00    0.00     0.00    0.00      0.00     0.00   0.00    0.00     0.00    0.00    0.00    0.00   0.00
loop1            0.00      0.00     0.00   0.00    0.00     0.00    0.00      0.00     0.00   0.00    0.00     0.00    0.00      0.00     0.00   0.00    0.00     0.00    0.00    0.00    0.00   0.00
loop2            0.00      0.00     0.00   0.00    0.00     0.00    0.00      0.00     0.00   0.00    0.00     0.00    0.00      0.00     0.00   0.00    0.00     0.00    0.00    0.00    0.00   0.00
loop3            0.00      0.00     0.00   0.00    0.00     0.00    0.00      0.00     0.00   0.00    0.00     0.00    0.00      0.00     0.00   0.00    0.00     0.00    0.00    0.00    0.00   0.00
loop4            0.00      0.00     0.00   0.00    0.00     0.00    0.00      0.00     0.00   0.00    0.00     0.00    0.00      0.00     0.00   0.00    0.00     0.00    0.00    0.00    0.00   0.00
loop5            0.00      0.00     0.00   0.00    0.00     0.00    0.00      0.00     0.00   0.00    0.00     0.00    0.00      0.00     0.00   0.00    0.00     0.00    0.00    0.00    0.00   0.00
loop6            0.00      0.00     0.00   0.00    0.00     0.00    0.00      0.00     0.00   0.00    0.00     0.00    0.00      0.00     0.00   0.00    0.00     0.00    0.00    0.00    0.00   0.00
loop7            0.00      0.00     0.00   0.00    0.00     0.00    0.00      0.00     0.00   0.00    0.00     0.00    0.00      0.00     0.00   0.00    0.00     0.00    0.00    0.00    0.00   0.00
sda              0.00      0.00     0.00   0.00    0.00     0.00   11.00    180.00    34.00  75.56    0.09    16.36    0.00      0.00     0.00   0.00    0.00     0.00    0.00    0.00    0.00   1.20
sdb              0.00      0.00     0.00   0.00    0.00     0.00 1150.00  26840.00   189.00  14.12    0.06    23.34    0.00      0.00     0.00   0.00    0.00     0.00    0.00    0.00    0.07  40.80


avg-cpu:  %user   %nice %system %iowait  %steal   %idle
           0.74    0.00    0.53    0.02    0.00   98.71

Device            r/s     rkB/s   rrqm/s  %rrqm r_await rareq-sz     w/s     wkB/s   wrqm/s  %wrqm w_await wareq-sz     d/s     dkB/s   drqm/s  %drqm d_await dareq-sz     f/s f_await  aqu-sz  %util
dm-0             0.00      0.00     0.00   0.00    0.00     0.00  766.00  15784.00     0.00   0.00    0.05    20.61    0.00      0.00     0.00   0.00    0.00     0.00    0.00    0.00    0.04  44.80
dm-1             0.00      0.00     0.00   0.00    0.00     0.00  770.00  15800.00     0.00   0.00    0.04    20.52    0.00      0.00     0.00   0.00    0.00     0.00    0.00    0.00    0.03  44.80
dm-2             0.00      0.00     0.00   0.00    0.00     0.00   84.00    352.00     0.00   0.00    0.10     4.19    0.00      0.00     0.00   0.00    0.00     0.00    0.00    0.00    0.01   2.80
loop0            0.00      0.00     0.00   0.00    0.00     0.00    0.00      0.00     0.00   0.00    0.00     0.00    0.00      0.00     0.00   0.00    0.00     0.00    0.00    0.00    0.00   0.00
loop1            0.00      0.00     0.00   0.00    0.00     0.00    0.00      0.00     0.00   0.00    0.00     0.00    0.00      0.00     0.00   0.00    0.00     0.00    0.00    0.00    0.00   0.00
loop2            0.00      0.00     0.00   0.00    0.00     0.00    0.00      0.00     0.00   0.00    0.00     0.00    0.00      0.00     0.00   0.00    0.00     0.00    0.00    0.00    0.00   0.00
loop3            0.00      0.00     0.00   0.00    0.00     0.00    0.00      0.00     0.00   0.00    0.00     0.00    0.00      0.00     0.00   0.00    0.00     0.00    0.00    0.00    0.00   0.00
loop4            0.00      0.00     0.00   0.00    0.00     0.00    0.00      0.00     0.00   0.00    0.00     0.00    0.00      0.00     0.00   0.00    0.00     0.00    0.00    0.00    0.00   0.00
loop5            0.00      0.00     0.00   0.00    0.00     0.00    0.00      0.00     0.00   0.00    0.00     0.00    0.00      0.00     0.00   0.00    0.00     0.00    0.00    0.00    0.00   0.00
loop6            0.00      0.00     0.00   0.00    0.00     0.00    0.00      0.00     0.00   0.00    0.00     0.00    0.00      0.00     0.00   0.00    0.00     0.00    0.00    0.00    0.00   0.00
loop7            0.00      0.00     0.00   0.00    0.00     0.00    0.00      0.00     0.00   0.00    0.00     0.00    0.00      0.00     0.00   0.00    0.00     0.00    0.00    0.00    0.00   0.00
sda              0.00      0.00     0.00   0.00    0.00     0.00   37.00    352.00    47.00  55.95    1.08     9.51    0.00      0.00     0.00   0.00    0.00     0.00    0.00    0.00    0.04   2.80
sdb              0.00      0.00     0.00   0.00    0.00     0.00 1327.00  31584.00   209.00  13.61    0.06    23.80    0.00      0.00     0.00   0.00    0.00     0.00    0.00    0.00    0.08  45.60


avg-cpu:  %user   %nice %system %iowait  %steal   %idle
           0.77    0.00    0.57    0.02    0.00   98.65

Device            r/s     rkB/s   rrqm/s  %rrqm r_await rareq-sz     w/s     wkB/s   wrqm/s  %wrqm w_await wareq-sz     d/s     dkB/s   drqm/s  %drqm d_await dareq-sz     f/s f_await  aqu-sz  %util
dm-0             0.00      0.00     0.00   0.00    0.00     0.00  752.00  15188.00     0.00   0.00    0.05    20.20    0.00      0.00     0.00   0.00    0.00     0.00    0.00    0.00    0.04  44.80
dm-1             0.00      0.00     0.00   0.00    0.00     0.00  744.00  15160.00     0.00   0.00    0.05    20.38    0.00      0.00     0.00   0.00    0.00     0.00    0.00    0.00    0.04  44.80
dm-2             0.00      0.00     0.00   0.00    0.00     0.00   52.00    216.00     0.00   0.00    0.00     4.15    0.00      0.00     0.00   0.00    0.00     0.00    0.00    0.00    0.00   1.60
loop0            0.00      0.00     0.00   0.00    0.00     0.00    0.00      0.00     0.00   0.00    0.00     0.00    0.00      0.00     0.00   0.00    0.00     0.00    0.00    0.00    0.00   0.00
loop1            0.00      0.00     0.00   0.00    0.00     0.00    0.00      0.00     0.00   0.00    0.00     0.00    0.00      0.00     0.00   0.00    0.00     0.00    0.00    0.00    0.00   0.00
loop2            0.00      0.00     0.00   0.00    0.00     0.00    0.00      0.00     0.00   0.00    0.00     0.00    0.00      0.00     0.00   0.00    0.00     0.00    0.00    0.00    0.00   0.00
loop3            0.00      0.00     0.00   0.00    0.00     0.00    0.00      0.00     0.00   0.00    0.00     0.00    0.00      0.00     0.00   0.00    0.00     0.00    0.00    0.00    0.00   0.00
loop4            0.00      0.00     0.00   0.00    0.00     0.00    0.00      0.00     0.00   0.00    0.00     0.00    0.00      0.00     0.00   0.00    0.00     0.00    0.00    0.00    0.00   0.00
loop5            0.00      0.00     0.00   0.00    0.00     0.00    0.00      0.00     0.00   0.00    0.00     0.00    0.00      0.00     0.00   0.00    0.00     0.00    0.00    0.00    0.00   0.00
loop6            0.00      0.00     0.00   0.00    0.00     0.00    0.00      0.00     0.00   0.00    0.00     0.00    0.00      0.00     0.00   0.00    0.00     0.00    0.00    0.00    0.00   0.00
loop7            0.00      0.00     0.00   0.00    0.00     0.00    0.00      0.00     0.00   0.00    0.00     0.00    0.00      0.00     0.00   0.00    0.00     0.00    0.00    0.00    0.00   0.00
sda              0.00      0.00     0.00   0.00    0.00     0.00   14.00    216.00    38.00  73.08    0.50    15.43    0.00      0.00     0.00   0.00    0.00     0.00    0.00    0.00    0.01   1.60
sdb              0.00      0.00     0.00   0.00    0.00     0.00 1294.00  30348.00   202.00  13.50    0.06    23.45    0.00      0.00     0.00   0.00    0.00     0.00    0.00    0.00    0.07  46.40


avg-cpu:  %user   %nice %system %iowait  %steal   %idle
           0.90    0.00    0.53    0.02    0.00   98.56

Device            r/s     rkB/s   rrqm/s  %rrqm r_await rareq-sz     w/s     wkB/s   wrqm/s  %wrqm w_await wareq-sz     d/s     dkB/s   drqm/s  %drqm d_await dareq-sz     f/s f_await  aqu-sz  %util
dm-0             0.00      0.00     0.00   0.00    0.00     0.00  795.00  15960.00     0.00   0.00    0.07    20.08    0.00      0.00     0.00   0.00    0.00     0.00    0.00    0.00    0.06  48.40
dm-1             0.00      0.00     0.00   0.00    0.00     0.00  805.00  16120.00     0.00   0.00    0.05    20.02    0.00      0.00     0.00   0.00    0.00     0.00    0.00    0.00    0.04  49.60
dm-2             0.00      0.00     0.00   0.00    0.00     0.00   48.00    200.00     0.00   0.00    0.00     4.17    0.00      0.00     0.00   0.00    0.00     0.00    0.00    0.00    0.00   1.60
loop0            0.00      0.00     0.00   0.00    0.00     0.00    0.00      0.00     0.00   0.00    0.00     0.00    0.00      0.00     0.00   0.00    0.00     0.00    0.00    0.00    0.00   0.00
loop1            0.00      0.00     0.00   0.00    0.00     0.00    0.00      0.00     0.00   0.00    0.00     0.00    0.00      0.00     0.00   0.00    0.00     0.00    0.00    0.00    0.00   0.00
loop2            0.00      0.00     0.00   0.00    0.00     0.00    0.00      0.00     0.00   0.00    0.00     0.00    0.00      0.00     0.00   0.00    0.00     0.00    0.00    0.00    0.00   0.00
loop3            0.00      0.00     0.00   0.00    0.00     0.00    0.00      0.00     0.00   0.00    0.00     0.00    0.00      0.00     0.00   0.00    0.00     0.00    0.00    0.00    0.00   0.00
loop4            0.00      0.00     0.00   0.00    0.00     0.00    0.00      0.00     0.00   0.00    0.00     0.00    0.00      0.00     0.00   0.00    0.00     0.00    0.00    0.00    0.00   0.00
loop5            0.00      0.00     0.00   0.00    0.00     0.00    0.00      0.00     0.00   0.00    0.00     0.00    0.00      0.00     0.00   0.00    0.00     0.00    0.00    0.00    0.00   0.00
loop6            0.00      0.00     0.00   0.00    0.00     0.00    0.00      0.00     0.00   0.00    0.00     0.00    0.00      0.00     0.00   0.00    0.00     0.00    0.00    0.00    0.00   0.00
loop7            0.00      0.00     0.00   0.00    0.00     0.00    0.00      0.00     0.00   0.00    0.00     0.00    0.00      0.00     0.00   0.00    0.00     0.00    0.00    0.00    0.00   0.00
sda              0.00      0.00     0.00   0.00    0.00     0.00   14.00    200.00    34.00  70.83    0.07    14.29    0.00      0.00     0.00   0.00    0.00     0.00    0.00    0.00    0.00   1.60
sdb              0.00      0.00     0.00   0.00    0.00     0.00 1384.00  32080.00   216.00  13.50    0.06    23.18    0.00      0.00     0.00   0.00    0.00     0.00    0.00    0.00    0.08  50.40


avg-cpu:  %user   %nice %system %iowait  %steal   %idle
           0.71    0.00    0.52    0.02    0.00   98.76

Device            r/s     rkB/s   rrqm/s  %rrqm r_await rareq-sz     w/s     wkB/s   wrqm/s  %wrqm w_await wareq-sz     d/s     dkB/s   drqm/s  %drqm d_await dareq-sz     f/s f_await  aqu-sz  %util
dm-0             0.00      0.00     0.00   0.00    0.00     0.00  784.00  15620.00     0.00   0.00    0.04    19.92    0.00      0.00     0.00   0.00    0.00     0.00    0.00    0.00    0.03  48.00
dm-1             0.00      0.00     0.00   0.00    0.00     0.00  768.00  15552.00     0.00   0.00    0.08    20.25    0.00      0.00     0.00   0.00    0.00     0.00    0.00    0.00    0.06  46.00
dm-2             0.00      0.00     0.00   0.00    0.00     0.00  238.00   1112.00     0.00   0.00    0.84     4.67    0.00      0.00     0.00   0.00    0.00     0.00    0.00    0.00    0.20   1.60
loop0            0.00      0.00     0.00   0.00    0.00     0.00    0.00      0.00     0.00   0.00    0.00     0.00    0.00      0.00     0.00   0.00    0.00     0.00    0.00    0.00    0.00   0.00
loop1            0.00      0.00     0.00   0.00    0.00     0.00    0.00      0.00     0.00   0.00    0.00     0.00    0.00      0.00     0.00   0.00    0.00     0.00    0.00    0.00    0.00   0.00
loop2            0.00      0.00     0.00   0.00    0.00     0.00    0.00      0.00     0.00   0.00    0.00     0.00    0.00      0.00     0.00   0.00    0.00     0.00    0.00    0.00    0.00   0.00
loop3            0.00      0.00     0.00   0.00    0.00     0.00    0.00      0.00     0.00   0.00    0.00     0.00    0.00      0.00     0.00   0.00    0.00     0.00    0.00    0.00    0.00   0.00
loop4            0.00      0.00     0.00   0.00    0.00     0.00    0.00      0.00     0.00   0.00    0.00     0.00    0.00      0.00     0.00   0.00    0.00     0.00    0.00    0.00    0.00   0.00
loop5            0.00      0.00     0.00   0.00    0.00     0.00    0.00      0.00     0.00   0.00    0.00     0.00    0.00      0.00     0.00   0.00    0.00     0.00    0.00    0.00    0.00   0.00
loop6            0.00      0.00     0.00   0.00    0.00     0.00    0.00      0.00     0.00   0.00    0.00     0.00    0.00      0.00     0.00   0.00    0.00     0.00    0.00    0.00    0.00   0.00
loop7            0.00      0.00     0.00   0.00    0.00     0.00    0.00      0.00     0.00   0.00    0.00     0.00    0.00      0.00     0.00   0.00    0.00     0.00    0.00    0.00    0.00   0.00
sda              0.00      0.00     0.00   0.00    0.00     0.00  229.00   1112.00     9.00   3.78    1.01     4.86    0.00      0.00     0.00   0.00    0.00     0.00    0.00    0.00    0.23   1.60
sdb              0.00      0.00     0.00   0.00    0.00     0.00 1336.00  31172.00   216.00  13.92    0.06    23.33    0.00      0.00     0.00   0.00    0.00     0.00    0.00    0.00    0.08  48.40


avg-cpu:  %user   %nice %system %iowait  %steal   %idle
           0.57    0.00    0.53    0.00    0.00   98.90

Device            r/s     rkB/s   rrqm/s  %rrqm r_await rareq-sz     w/s     wkB/s   wrqm/s  %wrqm w_await wareq-sz     d/s     dkB/s   drqm/s  %drqm d_await dareq-sz     f/s f_await  aqu-sz  %util
dm-0             0.00      0.00     0.00   0.00    0.00     0.00  737.00  14948.00     0.00   0.00    0.09    20.28    0.00      0.00     0.00   0.00    0.00     0.00    0.00    0.00    0.06  49.20
dm-1             0.00      0.00     0.00   0.00    0.00     0.00  737.00  14948.00     0.00   0.00    0.04    20.28    0.00      0.00     0.00   0.00    0.00     0.00    0.00    0.00    0.03  48.40
dm-2             0.00      0.00     0.00   0.00    0.00     0.00   45.00    180.00     0.00   0.00    0.00     4.00    0.00      0.00     0.00   0.00    0.00     0.00    0.00    0.00    0.00   0.80
loop0            0.00      0.00     0.00   0.00    0.00     0.00    0.00      0.00     0.00   0.00    0.00     0.00    0.00      0.00     0.00   0.00    0.00     0.00    0.00    0.00    0.00   0.00
loop1            0.00      0.00     0.00   0.00    0.00     0.00    0.00      0.00     0.00   0.00    0.00     0.00    0.00      0.00     0.00   0.00    0.00     0.00    0.00    0.00    0.00   0.00
loop2            0.00      0.00     0.00   0.00    0.00     0.00    0.00      0.00     0.00   0.00    0.00     0.00    0.00      0.00     0.00   0.00    0.00     0.00    0.00    0.00    0.00   0.00
loop3            0.00      0.00     0.00   0.00    0.00     0.00    0.00      0.00     0.00   0.00    0.00     0.00    0.00      0.00     0.00   0.00    0.00     0.00    0.00    0.00    0.00   0.00
loop4            0.00      0.00     0.00   0.00    0.00     0.00    0.00      0.00     0.00   0.00    0.00     0.00    0.00      0.00     0.00   0.00    0.00     0.00    0.00    0.00    0.00   0.00
loop5            0.00      0.00     0.00   0.00    0.00     0.00    0.00      0.00     0.00   0.00    0.00     0.00    0.00      0.00     0.00   0.00    0.00     0.00    0.00    0.00    0.00   0.00
loop6            0.00      0.00     0.00   0.00    0.00     0.00    0.00      0.00     0.00   0.00    0.00     0.00    0.00      0.00     0.00   0.00    0.00     0.00    0.00    0.00    0.00   0.00
loop7            0.00      0.00     0.00   0.00    0.00     0.00    0.00      0.00     0.00   0.00    0.00     0.00    0.00      0.00     0.00   0.00    0.00     0.00    0.00    0.00    0.00   0.00
sda              0.00      0.00     0.00   0.00    0.00     0.00   11.00    180.00    34.00  75.56    0.09    16.36    0.00      0.00     0.00   0.00    0.00     0.00    0.00    0.00    0.00   0.80
sdb              0.00      0.00     0.00   0.00    0.00     0.00 1291.00  29896.00   183.00  12.42    0.06    23.16    0.00      0.00     0.00   0.00    0.00     0.00    0.00    0.00    0.07  49.60


avg-cpu:  %user   %nice %system %iowait  %steal   %idle
           0.72    0.00    0.53    0.02    0.00   98.73

Device            r/s     rkB/s   rrqm/s  %rrqm r_await rareq-sz     w/s     wkB/s   wrqm/s  %wrqm w_await wareq-sz     d/s     dkB/s   drqm/s  %drqm d_await dareq-sz     f/s f_await  aqu-sz  %util
dm-0             0.00      0.00     0.00   0.00    0.00     0.00  699.00  14316.00     0.00   0.00    0.09    20.48    0.00      0.00     0.00   0.00    0.00     0.00    0.00    0.00    0.06  46.40
dm-1             0.00      0.00     0.00   0.00    0.00     0.00  691.00  14288.00     0.00   0.00    0.03    20.68    0.00      0.00     0.00   0.00    0.00     0.00    0.00    0.00    0.02  46.40
dm-2             0.00      0.00     0.00   0.00    0.00     0.00   67.00    284.00     0.00   0.00    0.00     4.24    0.00      0.00     0.00   0.00    0.00     0.00    0.00    0.00    0.00   2.80
loop0            0.00      0.00     0.00   0.00    0.00     0.00    0.00      0.00     0.00   0.00    0.00     0.00    0.00      0.00     0.00   0.00    0.00     0.00    0.00    0.00    0.00   0.00
loop1            0.00      0.00     0.00   0.00    0.00     0.00    0.00      0.00     0.00   0.00    0.00     0.00    0.00      0.00     0.00   0.00    0.00     0.00    0.00    0.00    0.00   0.00
loop2            0.00      0.00     0.00   0.00    0.00     0.00    0.00      0.00     0.00   0.00    0.00     0.00    0.00      0.00     0.00   0.00    0.00     0.00    0.00    0.00    0.00   0.00
loop3            0.00      0.00     0.00   0.00    0.00     0.00    0.00      0.00     0.00   0.00    0.00     0.00    0.00      0.00     0.00   0.00    0.00     0.00    0.00    0.00    0.00   0.00
loop4            0.00      0.00     0.00   0.00    0.00     0.00    0.00      0.00     0.00   0.00    0.00     0.00    0.00      0.00     0.00   0.00    0.00     0.00    0.00    0.00    0.00   0.00
loop5            0.00      0.00     0.00   0.00    0.00     0.00    0.00      0.00     0.00   0.00    0.00     0.00    0.00      0.00     0.00   0.00    0.00     0.00    0.00    0.00    0.00   0.00
loop6            0.00      0.00     0.00   0.00    0.00     0.00    0.00      0.00     0.00   0.00    0.00     0.00    0.00      0.00     0.00   0.00    0.00     0.00    0.00    0.00    0.00   0.00
loop7            0.00      0.00     0.00   0.00    0.00     0.00    0.00      0.00     0.00   0.00    0.00     0.00    0.00      0.00     0.00   0.00    0.00     0.00    0.00    0.00    0.00   0.00
sda              0.00      0.00     0.00   0.00    0.00     0.00   20.00    284.00    47.00  70.15    0.05    14.20    0.00      0.00     0.00   0.00    0.00     0.00    0.00    0.00    0.00   2.80
sdb              0.00      0.00     0.00   0.00    0.00     0.00 1215.00  28604.00   175.00  12.59    0.06    23.54    0.00      0.00     0.00   0.00    0.00     0.00    0.00    0.00    0.07  47.20


avg-cpu:  %user   %nice %system %iowait  %steal   %idle
           0.71    0.00    0.50    0.02    0.00   98.77

Device            r/s     rkB/s   rrqm/s  %rrqm r_await rareq-sz     w/s     wkB/s   wrqm/s  %wrqm w_await wareq-sz     d/s     dkB/s   drqm/s  %drqm d_await dareq-sz     f/s f_await  aqu-sz  %util
dm-0             0.00      0.00     0.00   0.00    0.00     0.00  752.00  15188.00     0.00   0.00    0.05    20.20    0.00      0.00     0.00   0.00    0.00     0.00    0.00    0.00    0.04  46.40
dm-1             0.00      0.00     0.00   0.00    0.00     0.00  753.00  15192.00     0.00   0.00    0.05    20.18    0.00      0.00     0.00   0.00    0.00     0.00    0.00    0.00    0.04  46.40
dm-2             0.00      0.00     0.00   0.00    0.00     0.00   50.00    256.00     0.00   0.00    0.00     5.12    0.00      0.00     0.00   0.00    0.00     0.00    0.00    0.00    0.00   1.60
loop0            0.00      0.00     0.00   0.00    0.00     0.00    0.00      0.00     0.00   0.00    0.00     0.00    0.00      0.00     0.00   0.00    0.00     0.00    0.00    0.00    0.00   0.00
loop1            0.00      0.00     0.00   0.00    0.00     0.00    0.00      0.00     0.00   0.00    0.00     0.00    0.00      0.00     0.00   0.00    0.00     0.00    0.00    0.00    0.00   0.00
loop2            0.00      0.00     0.00   0.00    0.00     0.00    0.00      0.00     0.00   0.00    0.00     0.00    0.00      0.00     0.00   0.00    0.00     0.00    0.00    0.00    0.00   0.00
loop3            0.00      0.00     0.00   0.00    0.00     0.00    0.00      0.00     0.00   0.00    0.00     0.00    0.00      0.00     0.00   0.00    0.00     0.00    0.00    0.00    0.00   0.00
loop4            0.00      0.00     0.00   0.00    0.00     0.00    0.00      0.00     0.00   0.00    0.00     0.00    0.00      0.00     0.00   0.00    0.00     0.00    0.00    0.00    0.00   0.00
loop5            0.00      0.00     0.00   0.00    0.00     0.00    0.00      0.00     0.00   0.00    0.00     0.00    0.00      0.00     0.00   0.00    0.00     0.00    0.00    0.00    0.00   0.00
loop6            0.00      0.00     0.00   0.00    0.00     0.00    0.00      0.00     0.00   0.00    0.00     0.00    0.00      0.00     0.00   0.00    0.00     0.00    0.00    0.00    0.00   0.00
loop7            0.00      0.00     0.00   0.00    0.00     0.00    0.00      0.00     0.00   0.00    0.00     0.00    0.00      0.00     0.00   0.00    0.00     0.00    0.00    0.00    0.00   0.00
sda              0.00      0.00     0.00   0.00    0.00     0.00   14.00    256.00    36.00  72.00    0.50    18.29    0.00      0.00     0.00   0.00    0.00     0.00    0.00    0.00    0.01   1.60
sdb              0.00      0.00     0.00   0.00    0.00     0.00 1298.00  30380.00   207.00  13.75    0.06    23.41    0.00      0.00     0.00   0.00    0.00     0.00    0.00    0.00    0.07  47.20


avg-cpu:  %user   %nice %system %iowait  %steal   %idle
           1.22    0.00    0.77    0.02    0.00   97.99

Device            r/s     rkB/s   rrqm/s  %rrqm r_await rareq-sz     w/s     wkB/s   wrqm/s  %wrqm w_await wareq-sz     d/s     dkB/s   drqm/s  %drqm d_await dareq-sz     f/s f_await  aqu-sz  %util
dm-0             0.00      0.00     0.00   0.00    0.00     0.00  803.00  16052.00     0.00   0.00    0.05    19.99    0.00      0.00     0.00   0.00    0.00     0.00    0.00    0.00    0.04  47.20
dm-1             0.00      0.00     0.00   0.00    0.00     0.00  804.00  16056.00     0.00   0.00    0.05    19.97    0.00      0.00     0.00   0.00    0.00     0.00    0.00    0.00    0.04  47.60
dm-2             0.00      0.00     0.00   0.00    0.00     0.00   81.00    340.00     0.00   0.00    0.30     4.20    0.00      0.00     0.00   0.00    0.00     0.00    0.00    0.00    0.02   2.40
loop0            0.00      0.00     0.00   0.00    0.00     0.00    0.00      0.00     0.00   0.00    0.00     0.00    0.00      0.00     0.00   0.00    0.00     0.00    0.00    0.00    0.00   0.00
loop1            0.00      0.00     0.00   0.00    0.00     0.00    0.00      0.00     0.00   0.00    0.00     0.00    0.00      0.00     0.00   0.00    0.00     0.00    0.00    0.00    0.00   0.00
loop2            0.00      0.00     0.00   0.00    0.00     0.00    0.00      0.00     0.00   0.00    0.00     0.00    0.00      0.00     0.00   0.00    0.00     0.00    0.00    0.00    0.00   0.00
loop3            0.00      0.00     0.00   0.00    0.00     0.00    0.00      0.00     0.00   0.00    0.00     0.00    0.00      0.00     0.00   0.00    0.00     0.00    0.00    0.00    0.00   0.00
loop4            0.00      0.00     0.00   0.00    0.00     0.00    0.00      0.00     0.00   0.00    0.00     0.00    0.00      0.00     0.00   0.00    0.00     0.00    0.00    0.00    0.00   0.00
loop5            0.00      0.00     0.00   0.00    0.00     0.00    0.00      0.00     0.00   0.00    0.00     0.00    0.00      0.00     0.00   0.00    0.00     0.00    0.00    0.00    0.00   0.00
loop6            0.00      0.00     0.00   0.00    0.00     0.00    0.00      0.00     0.00   0.00    0.00     0.00    0.00      0.00     0.00   0.00    0.00     0.00    0.00    0.00    0.00   0.00
loop7            0.00      0.00     0.00   0.00    0.00     0.00    0.00      0.00     0.00   0.00    0.00     0.00    0.00      0.00     0.00   0.00    0.00     0.00    0.00    0.00    0.00   0.00
sda              0.00      0.00     0.00   0.00    0.00     0.00   28.00    340.00    53.00  65.43    0.86    12.14    0.00      0.00     0.00   0.00    0.00     0.00    0.00    0.00    0.02   2.40
sdb              0.00      0.00     0.00   0.00    0.00     0.00 1389.00  32108.00   218.00  13.57    0.05    23.12    0.00      0.00     0.00   0.00    0.00     0.00    0.00    0.00    0.07  48.80


avg-cpu:  %user   %nice %system %iowait  %steal   %idle
           0.71    0.00    0.64    0.02    0.00   98.63

Device            r/s     rkB/s   rrqm/s  %rrqm r_await rareq-sz     w/s     wkB/s   wrqm/s  %wrqm w_await wareq-sz     d/s     dkB/s   drqm/s  %drqm d_await dareq-sz     f/s f_await  aqu-sz  %util
dm-0             0.00      0.00     0.00   0.00    0.00     0.00  747.00  15112.00     0.00   0.00    0.04    20.23    0.00      0.00     0.00   0.00    0.00     0.00    0.00    0.00    0.03  44.80
dm-1             0.00      0.00     0.00   0.00    0.00     0.00  741.00  15084.00     0.00   0.00    0.06    20.36    0.00      0.00     0.00   0.00    0.00     0.00    0.00    0.00    0.04  43.60
dm-2             0.00      0.00     0.00   0.00    0.00     0.00  277.00   1228.00     0.00   0.00    0.43     4.43    0.00      0.00     0.00   0.00    0.00     0.00    0.00    0.00    0.12   2.00
loop0            0.00      0.00     0.00   0.00    0.00     0.00    0.00      0.00     0.00   0.00    0.00     0.00    0.00      0.00     0.00   0.00    0.00     0.00    0.00    0.00    0.00   0.00
loop1            0.00      0.00     0.00   0.00    0.00     0.00    0.00      0.00     0.00   0.00    0.00     0.00    0.00      0.00     0.00   0.00    0.00     0.00    0.00    0.00    0.00   0.00
loop2            0.00      0.00     0.00   0.00    0.00     0.00    0.00      0.00     0.00   0.00    0.00     0.00    0.00      0.00     0.00   0.00    0.00     0.00    0.00    0.00    0.00   0.00
loop3            0.00      0.00     0.00   0.00    0.00     0.00    0.00      0.00     0.00   0.00    0.00     0.00    0.00      0.00     0.00   0.00    0.00     0.00    0.00    0.00    0.00   0.00
loop4            0.00      0.00     0.00   0.00    0.00     0.00    0.00      0.00     0.00   0.00    0.00     0.00    0.00      0.00     0.00   0.00    0.00     0.00    0.00    0.00    0.00   0.00
loop5            0.00      0.00     0.00   0.00    0.00     0.00    0.00      0.00     0.00   0.00    0.00     0.00    0.00      0.00     0.00   0.00    0.00     0.00    0.00    0.00    0.00   0.00
loop6            0.00      0.00     0.00   0.00    0.00     0.00    0.00      0.00     0.00   0.00    0.00     0.00    0.00      0.00     0.00   0.00    0.00     0.00    0.00    0.00    0.00   0.00
loop7            0.00      0.00     0.00   0.00    0.00     0.00    0.00      0.00     0.00   0.00    0.00     0.00    0.00      0.00     0.00   0.00    0.00     0.00    0.00    0.00    0.00   0.00
sda              0.00      0.00     0.00   0.00    0.00     0.00  243.00   1228.00    34.00  12.27    0.75     5.05    0.00      0.00     0.00   0.00    0.00     0.00    0.00    0.00    0.18   2.00
sdb              0.00      0.00     0.00   0.00    0.00     0.00 1282.00  30196.00   206.00  13.84    0.06    23.55    0.00      0.00     0.00   0.00    0.00     0.00    0.00    0.00    0.07  45.20


avg-cpu:  %user   %nice %system %iowait  %steal   %idle
           0.77    0.00    0.77    0.00    0.00   98.46

Device            r/s     rkB/s   rrqm/s  %rrqm r_await rareq-sz     w/s     wkB/s   wrqm/s  %wrqm w_await wareq-sz     d/s     dkB/s   drqm/s  %drqm d_await dareq-sz     f/s f_await  aqu-sz  %util
dm-0             0.00      0.00     0.00   0.00    0.00     0.00  722.00  14828.00     0.00   0.00    0.08    20.54    0.00      0.00     0.00   0.00    0.00     0.00    0.00    0.00    0.06  44.40
dm-1             0.00      0.00     0.00   0.00    0.00     0.00  727.00  14848.00     0.00   0.00    0.02    20.42    0.00      0.00     0.00   0.00    0.00     0.00    0.00    0.00    0.02  43.60
dm-2             0.00      0.00     0.00   0.00    0.00     0.00   77.00    328.00     0.00   0.00    0.21     4.26    0.00      0.00     0.00   0.00    0.00     0.00    0.00    0.00    0.02   3.60
loop0            0.00      0.00     0.00   0.00    0.00     0.00    0.00      0.00     0.00   0.00    0.00     0.00    0.00      0.00     0.00   0.00    0.00     0.00    0.00    0.00    0.00   0.00
loop1            0.00      0.00     0.00   0.00    0.00     0.00    0.00      0.00     0.00   0.00    0.00     0.00    0.00      0.00     0.00   0.00    0.00     0.00    0.00    0.00    0.00   0.00
loop2            0.00      0.00     0.00   0.00    0.00     0.00    0.00      0.00     0.00   0.00    0.00     0.00    0.00      0.00     0.00   0.00    0.00     0.00    0.00    0.00    0.00   0.00
loop3            0.00      0.00     0.00   0.00    0.00     0.00    0.00      0.00     0.00   0.00    0.00     0.00    0.00      0.00     0.00   0.00    0.00     0.00    0.00    0.00    0.00   0.00
loop4            0.00      0.00     0.00   0.00    0.00     0.00    0.00      0.00     0.00   0.00    0.00     0.00    0.00      0.00     0.00   0.00    0.00     0.00    0.00    0.00    0.00   0.00
loop5            0.00      0.00     0.00   0.00    0.00     0.00    0.00      0.00     0.00   0.00    0.00     0.00    0.00      0.00     0.00   0.00    0.00     0.00    0.00    0.00    0.00   0.00
loop6            0.00      0.00     0.00   0.00    0.00     0.00    0.00      0.00     0.00   0.00    0.00     0.00    0.00      0.00     0.00   0.00    0.00     0.00    0.00    0.00    0.00   0.00
loop7            0.00      0.00     0.00   0.00    0.00     0.00    0.00      0.00     0.00   0.00    0.00     0.00    0.00      0.00     0.00   0.00    0.00     0.00    0.00    0.00    0.00   0.00
sda              0.00      0.00     0.00   0.00    0.00     0.00   26.00    328.00    51.00  66.23    0.08    12.62    0.00      0.00     0.00   0.00    0.00     0.00    0.00    0.00    0.00   3.60
sdb              0.00      0.00     0.00   0.00    0.00     0.00 1251.00  29676.00   198.00  13.66    0.06    23.72    0.00      0.00     0.00   0.00    0.00     0.00    0.00    0.00    0.07  45.20


avg-cpu:  %user   %nice %system %iowait  %steal   %idle
           0.66    0.00    0.55    0.02    0.00   98.78

Device            r/s     rkB/s   rrqm/s  %rrqm r_await rareq-sz     w/s     wkB/s   wrqm/s  %wrqm w_await wareq-sz     d/s     dkB/s   drqm/s  %drqm d_await dareq-sz     f/s f_await  aqu-sz  %util
dm-0             0.00      0.00     0.00   0.00    0.00     0.00  704.00  14396.00     0.00   0.00    0.05    20.45    0.00      0.00     0.00   0.00    0.00     0.00    0.00    0.00    0.04  46.00
dm-1             0.00      0.00     0.00   0.00    0.00     0.00  695.00  14364.00     0.00   0.00    0.03    20.67    0.00      0.00     0.00   0.00    0.00     0.00    0.00    0.00    0.02  46.00
dm-2             0.00      0.00     0.00   0.00    0.00     0.00   50.00    200.00     0.00   0.00    0.00     4.00    0.00      0.00     0.00   0.00    0.00     0.00    0.00    0.00    0.00   1.60
loop0            0.00      0.00     0.00   0.00    0.00     0.00    0.00      0.00     0.00   0.00    0.00     0.00    0.00      0.00     0.00   0.00    0.00     0.00    0.00    0.00    0.00   0.00
loop1            0.00      0.00     0.00   0.00    0.00     0.00    0.00      0.00     0.00   0.00    0.00     0.00    0.00      0.00     0.00   0.00    0.00     0.00    0.00    0.00    0.00   0.00
loop2            0.00      0.00     0.00   0.00    0.00     0.00    0.00      0.00     0.00   0.00    0.00     0.00    0.00      0.00     0.00   0.00    0.00     0.00    0.00    0.00    0.00   0.00
loop3            0.00      0.00     0.00   0.00    0.00     0.00    0.00      0.00     0.00   0.00    0.00     0.00    0.00      0.00     0.00   0.00    0.00     0.00    0.00    0.00    0.00   0.00
loop4            0.00      0.00     0.00   0.00    0.00     0.00    0.00      0.00     0.00   0.00    0.00     0.00    0.00      0.00     0.00   0.00    0.00     0.00    0.00    0.00    0.00   0.00
loop5            0.00      0.00     0.00   0.00    0.00     0.00    0.00      0.00     0.00   0.00    0.00     0.00    0.00      0.00     0.00   0.00    0.00     0.00    0.00    0.00    0.00   0.00
loop6            0.00      0.00     0.00   0.00    0.00     0.00    0.00      0.00     0.00   0.00    0.00     0.00    0.00      0.00     0.00   0.00    0.00     0.00    0.00    0.00    0.00   0.00
loop7            0.00      0.00     0.00   0.00    0.00     0.00    0.00      0.00     0.00   0.00    0.00     0.00    0.00      0.00     0.00   0.00    0.00     0.00    0.00    0.00    0.00   0.00
sda              0.00      0.00     0.00   0.00    0.00     0.00   14.00    200.00    36.00  72.00    0.07    14.29    0.00      0.00     0.00   0.00    0.00     0.00    0.00    0.00    0.00   1.60
sdb              0.00      0.00     0.00   0.00    0.00     0.00 1224.00  28760.00   175.00  12.51    0.06    23.50    0.00      0.00     0.00   0.00    0.00     0.00    0.00    0.00    0.07  47.20


avg-cpu:  %user   %nice %system %iowait  %steal   %idle
           0.78    0.00    0.61    0.02    0.00   98.59

Device            r/s     rkB/s   rrqm/s  %rrqm r_await rareq-sz     w/s     wkB/s   wrqm/s  %wrqm w_await wareq-sz     d/s     dkB/s   drqm/s  %drqm d_await dareq-sz     f/s f_await  aqu-sz  %util
dm-0             0.00      0.00     0.00   0.00    0.00     0.00  708.00  14592.00     0.00   0.00    0.04    20.61    0.00      0.00     0.00   0.00    0.00     0.00    0.00    0.00    0.03  44.40
dm-1             0.00      0.00     0.00   0.00    0.00     0.00  707.00  14588.00     0.00   0.00    0.05    20.63    0.00      0.00     0.00   0.00    0.00     0.00    0.00    0.00    0.03  45.20
dm-2             0.00      0.00     0.00   0.00    0.00     0.00   67.00    292.00     0.00   0.00    0.00     4.36    0.00      0.00     0.00   0.00    0.00     0.00    0.00    0.00    0.00   2.80
loop0            0.00      0.00     0.00   0.00    0.00     0.00    0.00      0.00     0.00   0.00    0.00     0.00    0.00      0.00     0.00   0.00    0.00     0.00    0.00    0.00    0.00   0.00
loop1            0.00      0.00     0.00   0.00    0.00     0.00    0.00      0.00     0.00   0.00    0.00     0.00    0.00      0.00     0.00   0.00    0.00     0.00    0.00    0.00    0.00   0.00
loop2            0.00      0.00     0.00   0.00    0.00     0.00    0.00      0.00     0.00   0.00    0.00     0.00    0.00      0.00     0.00   0.00    0.00     0.00    0.00    0.00    0.00   0.00
loop3            0.00      0.00     0.00   0.00    0.00     0.00    0.00      0.00     0.00   0.00    0.00     0.00    0.00      0.00     0.00   0.00    0.00     0.00    0.00    0.00    0.00   0.00
loop4            0.00      0.00     0.00   0.00    0.00     0.00    0.00      0.00     0.00   0.00    0.00     0.00    0.00      0.00     0.00   0.00    0.00     0.00    0.00    0.00    0.00   0.00
loop5            0.00      0.00     0.00   0.00    0.00     0.00    0.00      0.00     0.00   0.00    0.00     0.00    0.00      0.00     0.00   0.00    0.00     0.00    0.00    0.00    0.00   0.00
loop6            0.00      0.00     0.00   0.00    0.00     0.00    0.00      0.00     0.00   0.00    0.00     0.00    0.00      0.00     0.00   0.00    0.00     0.00    0.00    0.00    0.00   0.00
loop7            0.00      0.00     0.00   0.00    0.00     0.00    0.00      0.00     0.00   0.00    0.00     0.00    0.00      0.00     0.00   0.00    0.00     0.00    0.00    0.00    0.00   0.00
sda              0.00      0.00     0.00   0.00    0.00     0.00   20.00    292.00    47.00  70.15    0.10    14.60    0.00      0.00     0.00   0.00    0.00     0.00    0.00    0.00    0.00   2.80
sdb              0.00      0.00     0.00   0.00    0.00     0.00 1238.00  29180.00   177.00  12.51    0.06    23.57    0.00      0.00     0.00   0.00    0.00     0.00    0.00    0.00    0.07  46.40


avg-cpu:  %user   %nice %system %iowait  %steal   %idle
           0.55    0.00    0.58    0.02    0.00   98.85

Device            r/s     rkB/s   rrqm/s  %rrqm r_await rareq-sz     w/s     wkB/s   wrqm/s  %wrqm w_await wareq-sz     d/s     dkB/s   drqm/s  %drqm d_await dareq-sz     f/s f_await  aqu-sz  %util
dm-0             0.00      0.00     0.00   0.00    0.00     0.00  761.00  15524.00     0.00   0.00    0.05    20.40    0.00      0.00     0.00   0.00    0.00     0.00    0.00    0.00    0.04  46.80
dm-1             0.00      0.00     0.00   0.00    0.00     0.00  766.00  15544.00     0.00   0.00    0.05    20.29    0.00      0.00     0.00   0.00    0.00     0.00    0.00    0.00    0.04  46.40
dm-2             0.00      0.00     0.00   0.00    0.00     0.00   65.00    260.00     0.00   0.00    0.00     4.00    0.00      0.00     0.00   0.00    0.00     0.00    0.00    0.00    0.00   2.00
loop0            0.00      0.00     0.00   0.00    0.00     0.00    0.00      0.00     0.00   0.00    0.00     0.00    0.00      0.00     0.00   0.00    0.00     0.00    0.00    0.00    0.00   0.00
loop1            0.00      0.00     0.00   0.00    0.00     0.00    0.00      0.00     0.00   0.00    0.00     0.00    0.00      0.00     0.00   0.00    0.00     0.00    0.00    0.00    0.00   0.00
loop2            0.00      0.00     0.00   0.00    0.00     0.00    0.00      0.00     0.00   0.00    0.00     0.00    0.00      0.00     0.00   0.00    0.00     0.00    0.00    0.00    0.00   0.00
loop3            0.00      0.00     0.00   0.00    0.00     0.00    0.00      0.00     0.00   0.00    0.00     0.00    0.00      0.00     0.00   0.00    0.00     0.00    0.00    0.00    0.00   0.00
loop4            0.00      0.00     0.00   0.00    0.00     0.00    0.00      0.00     0.00   0.00    0.00     0.00    0.00      0.00     0.00   0.00    0.00     0.00    0.00    0.00    0.00   0.00
loop5            0.00      0.00     0.00   0.00    0.00     0.00    0.00      0.00     0.00   0.00    0.00     0.00    0.00      0.00     0.00   0.00    0.00     0.00    0.00    0.00    0.00   0.00
loop6            0.00      0.00     0.00   0.00    0.00     0.00    0.00      0.00     0.00   0.00    0.00     0.00    0.00      0.00     0.00   0.00    0.00     0.00    0.00    0.00    0.00   0.00
loop7            0.00      0.00     0.00   0.00    0.00     0.00    0.00      0.00     0.00   0.00    0.00     0.00    0.00      0.00     0.00   0.00    0.00     0.00    0.00    0.00    0.00   0.00
sda              0.00      0.00     0.00   0.00    0.00     0.00   29.00    260.00    36.00  55.38    1.07     8.97    0.00      0.00     0.00   0.00    0.00     0.00    0.00    0.00    0.03   2.00
sdb              0.00      0.00     0.00   0.00    0.00     0.00 1317.00  31068.00   210.00  13.75    0.06    23.59    0.00      0.00     0.00   0.00    0.00     0.00    0.00    0.00    0.08  47.20


avg-cpu:  %user   %nice %system %iowait  %steal   %idle
           0.77    0.00    0.49    0.00    0.00   98.74

Device            r/s     rkB/s   rrqm/s  %rrqm r_await rareq-sz     w/s     wkB/s   wrqm/s  %wrqm w_await wareq-sz     d/s     dkB/s   drqm/s  %drqm d_await dareq-sz     f/s f_await  aqu-sz  %util
dm-0             0.00      0.00     0.00   0.00    0.00     0.00  761.00  15528.00     0.00   0.00    0.03    20.40    0.00      0.00     0.00   0.00    0.00     0.00    0.00    0.00    0.02  46.00
dm-1             0.00      0.00     0.00   0.00    0.00     0.00  755.00  15380.00     0.00   0.00    0.06    20.37    0.00      0.00     0.00   0.00    0.00     0.00    0.00    0.00    0.05  46.80
dm-2             0.00      0.00     0.00   0.00    0.00     0.00   50.00    220.00     0.00   0.00    0.00     4.40    0.00      0.00     0.00   0.00    0.00     0.00    0.00    0.00    0.00   1.60
loop0            0.00      0.00     0.00   0.00    0.00     0.00    0.00      0.00     0.00   0.00    0.00     0.00    0.00      0.00     0.00   0.00    0.00     0.00    0.00    0.00    0.00   0.00
loop1            0.00      0.00     0.00   0.00    0.00     0.00    0.00      0.00     0.00   0.00    0.00     0.00    0.00      0.00     0.00   0.00    0.00     0.00    0.00    0.00    0.00   0.00
loop2            0.00      0.00     0.00   0.00    0.00     0.00    0.00      0.00     0.00   0.00    0.00     0.00    0.00      0.00     0.00   0.00    0.00     0.00    0.00    0.00    0.00   0.00
loop3            0.00      0.00     0.00   0.00    0.00     0.00    0.00      0.00     0.00   0.00    0.00     0.00    0.00      0.00     0.00   0.00    0.00     0.00    0.00    0.00    0.00   0.00
loop4            0.00      0.00     0.00   0.00    0.00     0.00    0.00      0.00     0.00   0.00    0.00     0.00    0.00      0.00     0.00   0.00    0.00     0.00    0.00    0.00    0.00   0.00
loop5            0.00      0.00     0.00   0.00    0.00     0.00    0.00      0.00     0.00   0.00    0.00     0.00    0.00      0.00     0.00   0.00    0.00     0.00    0.00    0.00    0.00   0.00
loop6            0.00      0.00     0.00   0.00    0.00     0.00    0.00      0.00     0.00   0.00    0.00     0.00    0.00      0.00     0.00   0.00    0.00     0.00    0.00    0.00    0.00   0.00
loop7            0.00      0.00     0.00   0.00    0.00     0.00    0.00      0.00     0.00   0.00    0.00     0.00    0.00      0.00     0.00   0.00    0.00     0.00    0.00    0.00    0.00   0.00
sda              0.00      0.00     0.00   0.00    0.00     0.00   17.00    220.00    33.00  66.00    0.06    12.94    0.00      0.00     0.00   0.00    0.00     0.00    0.00    0.00    0.00   1.60
sdb              0.00      0.00     0.00   0.00    0.00     0.00 1317.00  30908.00   199.00  13.13    0.06    23.47    0.00      0.00     0.00   0.00    0.00     0.00    0.00    0.00    0.07  47.20


avg-cpu:  %user   %nice %system %iowait  %steal   %idle
           0.63    0.00    0.58    0.03    0.00   98.76

Device            r/s     rkB/s   rrqm/s  %rrqm r_await rareq-sz     w/s     wkB/s   wrqm/s  %wrqm w_await wareq-sz     d/s     dkB/s   drqm/s  %drqm d_await dareq-sz     f/s f_await  aqu-sz  %util
dm-0             0.00      0.00     0.00   0.00    0.00     0.00  780.00  15600.00     0.00   0.00    0.07    20.00    0.00      0.00     0.00   0.00    0.00     0.00    0.00    0.00    0.05  48.00
dm-1             0.00      0.00     0.00   0.00    0.00     0.00  784.00  15620.00     0.00   0.00    0.04    19.92    0.00      0.00     0.00   0.00    0.00     0.00    0.00    0.00    0.03  46.80
dm-2             0.00      0.00     0.00   0.00    0.00     0.00  327.00   1460.00     0.00   0.00    0.35     4.46    0.00      0.00     0.00   0.00    0.00     0.00    0.00    0.00    0.12   2.00
loop0            0.00      0.00     0.00   0.00    0.00     0.00    0.00      0.00     0.00   0.00    0.00     0.00    0.00      0.00     0.00   0.00    0.00     0.00    0.00    0.00    0.00   0.00
loop1            0.00      0.00     0.00   0.00    0.00     0.00    0.00      0.00     0.00   0.00    0.00     0.00    0.00      0.00     0.00   0.00    0.00     0.00    0.00    0.00    0.00   0.00
loop2            0.00      0.00     0.00   0.00    0.00     0.00    0.00      0.00     0.00   0.00    0.00     0.00    0.00      0.00     0.00   0.00    0.00     0.00    0.00    0.00    0.00   0.00
loop3            0.00      0.00     0.00   0.00    0.00     0.00    0.00      0.00     0.00   0.00    0.00     0.00    0.00      0.00     0.00   0.00    0.00     0.00    0.00    0.00    0.00   0.00
loop4            0.00      0.00     0.00   0.00    0.00     0.00    0.00      0.00     0.00   0.00    0.00     0.00    0.00      0.00     0.00   0.00    0.00     0.00    0.00    0.00    0.00   0.00
loop5            0.00      0.00     0.00   0.00    0.00     0.00    0.00      0.00     0.00   0.00    0.00     0.00    0.00      0.00     0.00   0.00    0.00     0.00    0.00    0.00    0.00   0.00
loop6            0.00      0.00     0.00   0.00    0.00     0.00    0.00      0.00     0.00   0.00    0.00     0.00    0.00      0.00     0.00   0.00    0.00     0.00    0.00    0.00    0.00   0.00
loop7            0.00      0.00     0.00   0.00    0.00     0.00    0.00      0.00     0.00   0.00    0.00     0.00    0.00      0.00     0.00   0.00    0.00     0.00    0.00    0.00    0.00   0.00
sda              0.00      0.00     0.00   0.00    0.00     0.00  297.00   1460.00    30.00   9.17    0.65     4.92    0.00      0.00     0.00   0.00    0.00     0.00    0.00    0.00    0.19   2.00
sdb              0.00      0.00     0.00   0.00    0.00     0.00 1359.00  31220.00   205.00  13.11    0.06    22.97    0.00      0.00     0.00   0.00    0.00     0.00    0.00    0.00    0.08  48.00


avg-cpu:  %user   %nice %system %iowait  %steal   %idle
           0.79    0.00    0.61    0.00    0.00   98.60

Device            r/s     rkB/s   rrqm/s  %rrqm r_await rareq-sz     w/s     wkB/s   wrqm/s  %wrqm w_await wareq-sz     d/s     dkB/s   drqm/s  %drqm d_await dareq-sz     f/s f_await  aqu-sz  %util
dm-0             0.00      0.00     0.00   0.00    0.00     0.00  802.00  16108.00     0.00   0.00    0.06    20.08    0.00      0.00     0.00   0.00    0.00     0.00    0.00    0.00    0.05  46.80
dm-1             0.00      0.00     0.00   0.00    0.00     0.00  794.00  16076.00     0.00   0.00    0.04    20.25    0.00      0.00     0.00   0.00    0.00     0.00    0.00    0.00    0.03  46.00
dm-2             0.00      0.00     0.00   0.00    0.00     0.00   68.00    296.00     0.00   0.00    0.00     4.35    0.00      0.00     0.00   0.00    0.00     0.00    0.00    0.00    0.00   2.40
loop0            0.00      0.00     0.00   0.00    0.00     0.00    0.00      0.00     0.00   0.00    0.00     0.00    0.00      0.00     0.00   0.00    0.00     0.00    0.00    0.00    0.00   0.00
loop1            0.00      0.00     0.00   0.00    0.00     0.00    0.00      0.00     0.00   0.00    0.00     0.00    0.00      0.00     0.00   0.00    0.00     0.00    0.00    0.00    0.00   0.00
loop2            0.00      0.00     0.00   0.00    0.00     0.00    0.00      0.00     0.00   0.00    0.00     0.00    0.00      0.00     0.00   0.00    0.00     0.00    0.00    0.00    0.00   0.00
loop3            0.00      0.00     0.00   0.00    0.00     0.00    0.00      0.00     0.00   0.00    0.00     0.00    0.00      0.00     0.00   0.00    0.00     0.00    0.00    0.00    0.00   0.00
loop4            0.00      0.00     0.00   0.00    0.00     0.00    0.00      0.00     0.00   0.00    0.00     0.00    0.00      0.00     0.00   0.00    0.00     0.00    0.00    0.00    0.00   0.00
loop5            0.00      0.00     0.00   0.00    0.00     0.00    0.00      0.00     0.00   0.00    0.00     0.00    0.00      0.00     0.00   0.00    0.00     0.00    0.00    0.00    0.00   0.00
loop6            0.00      0.00     0.00   0.00    0.00     0.00    0.00      0.00     0.00   0.00    0.00     0.00    0.00      0.00     0.00   0.00    0.00     0.00    0.00    0.00    0.00   0.00
loop7            0.00      0.00     0.00   0.00    0.00     0.00    0.00      0.00     0.00   0.00    0.00     0.00    0.00      0.00     0.00   0.00    0.00     0.00    0.00    0.00    0.00   0.00
sda              0.00      0.00     0.00   0.00    0.00     0.00   23.00    296.00    45.00  66.18    0.30    12.87    0.00      0.00     0.00   0.00    0.00     0.00    0.00    0.00    0.01   2.40
sdb              0.00      0.00     0.00   0.00    0.00     0.00 1369.00  32184.00   227.00  14.22    0.06    23.51    0.00      0.00     0.00   0.00    0.00     0.00    0.00    0.00    0.08  48.00


avg-cpu:  %user   %nice %system %iowait  %steal   %idle
           0.66    0.00    0.61    0.02    0.00   98.71

Device            r/s     rkB/s   rrqm/s  %rrqm r_await rareq-sz     w/s     wkB/s   wrqm/s  %wrqm w_await wareq-sz     d/s     dkB/s   drqm/s  %drqm d_await dareq-sz     f/s f_await  aqu-sz  %util
dm-0             0.00      0.00     0.00   0.00    0.00     0.00  693.00  13872.00     0.00   0.00    0.05    20.02    0.00      0.00     0.00   0.00    0.00     0.00    0.00    0.00    0.04  42.80
dm-1             0.00      0.00     0.00   0.00    0.00     0.00  703.00  13912.00     0.00   0.00    0.09    19.79    0.00      0.00     0.00   0.00    0.00     0.00    0.00    0.00    0.06  42.00
dm-2             0.00      0.00     0.00   0.00    0.00     0.00   49.00    208.00     0.00   0.00    0.16     4.24    0.00      0.00     0.00   0.00    0.00     0.00    0.00    0.00    0.01   1.60
loop0            0.00      0.00     0.00   0.00    0.00     0.00    0.00      0.00     0.00   0.00    0.00     0.00    0.00      0.00     0.00   0.00    0.00     0.00    0.00    0.00    0.00   0.00
loop1            0.00      0.00     0.00   0.00    0.00     0.00    0.00      0.00     0.00   0.00    0.00     0.00    0.00      0.00     0.00   0.00    0.00     0.00    0.00    0.00    0.00   0.00
loop2            0.00      0.00     0.00   0.00    0.00     0.00    0.00      0.00     0.00   0.00    0.00     0.00    0.00      0.00     0.00   0.00    0.00     0.00    0.00    0.00    0.00   0.00
loop3            0.00      0.00     0.00   0.00    0.00     0.00    0.00      0.00     0.00   0.00    0.00     0.00    0.00      0.00     0.00   0.00    0.00     0.00    0.00    0.00    0.00   0.00
loop4            0.00      0.00     0.00   0.00    0.00     0.00    0.00      0.00     0.00   0.00    0.00     0.00    0.00      0.00     0.00   0.00    0.00     0.00    0.00    0.00    0.00   0.00
loop5            0.00      0.00     0.00   0.00    0.00     0.00    0.00      0.00     0.00   0.00    0.00     0.00    0.00      0.00     0.00   0.00    0.00     0.00    0.00    0.00    0.00   0.00
loop6            0.00      0.00     0.00   0.00    0.00     0.00    0.00      0.00     0.00   0.00    0.00     0.00    0.00      0.00     0.00   0.00    0.00     0.00    0.00    0.00    0.00   0.00
loop7            0.00      0.00     0.00   0.00    0.00     0.00    0.00      0.00     0.00   0.00    0.00     0.00    0.00      0.00     0.00   0.00    0.00     0.00    0.00    0.00    0.00   0.00
sda              0.00      0.00     0.00   0.00    0.00     0.00   13.00    208.00    36.00  73.47    0.08    16.00    0.00      0.00     0.00   0.00    0.00     0.00    0.00    0.00    0.00   1.60
sdb              0.00      0.00     0.00   0.00    0.00     0.00 1196.00  27784.00   200.00  14.33    0.06    23.23    0.00      0.00     0.00   0.00    0.00     0.00    0.00    0.00    0.07  43.60


avg-cpu:  %user   %nice %system %iowait  %steal   %idle
           0.60    0.00    0.61    0.02    0.00   98.78

Device            r/s     rkB/s   rrqm/s  %rrqm r_await rareq-sz     w/s     wkB/s   wrqm/s  %wrqm w_await wareq-sz     d/s     dkB/s   drqm/s  %drqm d_await dareq-sz     f/s f_await  aqu-sz  %util
dm-0             0.00      0.00     0.00   0.00    0.00     0.00  721.00  14648.00     0.00   0.00    0.03    20.32    0.00      0.00     0.00   0.00    0.00     0.00    0.00    0.00    0.02  43.60
dm-1             0.00      0.00     0.00   0.00    0.00     0.00  730.00  14620.00     0.00   0.00    0.07    20.03    0.00      0.00     0.00   0.00    0.00     0.00    0.00    0.00    0.05  44.00
dm-2             0.00      0.00     0.00   0.00    0.00     0.00   76.00    320.00     0.00   0.00    0.00     4.21    0.00      0.00     0.00   0.00    0.00     0.00    0.00    0.00    0.00   2.00
loop0            0.00      0.00     0.00   0.00    0.00     0.00    0.00      0.00     0.00   0.00    0.00     0.00    0.00      0.00     0.00   0.00    0.00     0.00    0.00    0.00    0.00   0.00
loop1            0.00      0.00     0.00   0.00    0.00     0.00    0.00      0.00     0.00   0.00    0.00     0.00    0.00      0.00     0.00   0.00    0.00     0.00    0.00    0.00    0.00   0.00
loop2            0.00      0.00     0.00   0.00    0.00     0.00    0.00      0.00     0.00   0.00    0.00     0.00    0.00      0.00     0.00   0.00    0.00     0.00    0.00    0.00    0.00   0.00
loop3            0.00      0.00     0.00   0.00    0.00     0.00    0.00      0.00     0.00   0.00    0.00     0.00    0.00      0.00     0.00   0.00    0.00     0.00    0.00    0.00    0.00   0.00
loop4            0.00      0.00     0.00   0.00    0.00     0.00    0.00      0.00     0.00   0.00    0.00     0.00    0.00      0.00     0.00   0.00    0.00     0.00    0.00    0.00    0.00   0.00
loop5            0.00      0.00     0.00   0.00    0.00     0.00    0.00      0.00     0.00   0.00    0.00     0.00    0.00      0.00     0.00   0.00    0.00     0.00    0.00    0.00    0.00   0.00
loop6            0.00      0.00     0.00   0.00    0.00     0.00    0.00      0.00     0.00   0.00    0.00     0.00    0.00      0.00     0.00   0.00    0.00     0.00    0.00    0.00    0.00   0.00
loop7            0.00      0.00     0.00   0.00    0.00     0.00    0.00      0.00     0.00   0.00    0.00     0.00    0.00      0.00     0.00   0.00    0.00     0.00    0.00    0.00    0.00   0.00
sda              0.00      0.00     0.00   0.00    0.00     0.00   30.00    320.00    46.00  60.53    1.03    10.67    0.00      0.00     0.00   0.00    0.00     0.00    0.00    0.00    0.03   2.00
sdb              0.00      0.00     0.00   0.00    0.00     0.00 1249.00  29260.00   200.00  13.80    0.06    23.43    0.00      0.00     0.00   0.00    0.00     0.00    0.00    0.00    0.07  44.80


avg-cpu:  %user   %nice %system %iowait  %steal   %idle
           0.72    0.00    0.55    0.02    0.00   98.71

Device            r/s     rkB/s   rrqm/s  %rrqm r_await rareq-sz     w/s     wkB/s   wrqm/s  %wrqm w_await wareq-sz     d/s     dkB/s   drqm/s  %drqm d_await dareq-sz     f/s f_await  aqu-sz  %util
dm-0             0.00      0.00     0.00   0.00    0.00     0.00  726.00  14904.00     0.00   0.00    0.08    20.53    0.00      0.00     0.00   0.00    0.00     0.00    0.00    0.00    0.06  44.40
dm-1             0.00      0.00     0.00   0.00    0.00     0.00  741.00  15024.00     0.00   0.00    0.03    20.28    0.00      0.00     0.00   0.00    0.00     0.00    0.00    0.00    0.02  44.80
dm-2             0.00      0.00     0.00   0.00    0.00     0.00   56.00    244.00     0.00   0.00    0.00     4.36    0.00      0.00     0.00   0.00    0.00     0.00    0.00    0.00    0.00   1.60
loop0            0.00      0.00     0.00   0.00    0.00     0.00    0.00      0.00     0.00   0.00    0.00     0.00    0.00      0.00     0.00   0.00    0.00     0.00    0.00    0.00    0.00   0.00
loop1            0.00      0.00     0.00   0.00    0.00     0.00    0.00      0.00     0.00   0.00    0.00     0.00    0.00      0.00     0.00   0.00    0.00     0.00    0.00    0.00    0.00   0.00
loop2            0.00      0.00     0.00   0.00    0.00     0.00    0.00      0.00     0.00   0.00    0.00     0.00    0.00      0.00     0.00   0.00    0.00     0.00    0.00    0.00    0.00   0.00
loop3            0.00      0.00     0.00   0.00    0.00     0.00    0.00      0.00     0.00   0.00    0.00     0.00    0.00      0.00     0.00   0.00    0.00     0.00    0.00    0.00    0.00   0.00
loop4            0.00      0.00     0.00   0.00    0.00     0.00    0.00      0.00     0.00   0.00    0.00     0.00    0.00      0.00     0.00   0.00    0.00     0.00    0.00    0.00    0.00   0.00
loop5            0.00      0.00     0.00   0.00    0.00     0.00    0.00      0.00     0.00   0.00    0.00     0.00    0.00      0.00     0.00   0.00    0.00     0.00    0.00    0.00    0.00   0.00
loop6            0.00      0.00     0.00   0.00    0.00     0.00    0.00      0.00     0.00   0.00    0.00     0.00    0.00      0.00     0.00   0.00    0.00     0.00    0.00    0.00    0.00   0.00
loop7            0.00      0.00     0.00   0.00    0.00     0.00    0.00      0.00     0.00   0.00    0.00     0.00    0.00      0.00     0.00   0.00    0.00     0.00    0.00    0.00    0.00   0.00
sda              0.00      0.00     0.00   0.00    0.00     0.00   17.00    244.00    39.00  69.64    0.06    14.35    0.00      0.00     0.00   0.00    0.00     0.00    0.00    0.00    0.00   1.60
sdb              0.00      0.00     0.00   0.00    0.00     0.00 1272.00  29936.00   197.00  13.41    0.06    23.53    0.00      0.00     0.00   0.00    0.00     0.00    0.00    0.00    0.07  46.00


avg-cpu:  %user   %nice %system %iowait  %steal   %idle
           0.69    0.00    0.63    0.02    0.00   98.66

Device            r/s     rkB/s   rrqm/s  %rrqm r_await rareq-sz     w/s     wkB/s   wrqm/s  %wrqm w_await wareq-sz     d/s     dkB/s   drqm/s  %drqm d_await dareq-sz     f/s f_await  aqu-sz  %util
dm-0             0.00      0.00     0.00   0.00    0.00     0.00  792.00  16008.00     0.00   0.00    0.07    20.21    0.00      0.00     0.00   0.00    0.00     0.00    0.00    0.00    0.05  47.20
dm-1             0.00      0.00     0.00   0.00    0.00     0.00  795.00  16024.00     0.00   0.00    0.07    20.16    0.00      0.00     0.00   0.00    0.00     0.00    0.00    0.00    0.06  48.80
dm-2             0.00      0.00     0.00   0.00    0.00     0.00  263.00   1164.00     0.00   0.00    0.82     4.43    0.00      0.00     0.00   0.00    0.00     0.00    0.00    0.00    0.22   1.60
loop0            0.00      0.00     0.00   0.00    0.00     0.00    0.00      0.00     0.00   0.00    0.00     0.00    0.00      0.00     0.00   0.00    0.00     0.00    0.00    0.00    0.00   0.00
loop1            0.00      0.00     0.00   0.00    0.00     0.00    0.00      0.00     0.00   0.00    0.00     0.00    0.00      0.00     0.00   0.00    0.00     0.00    0.00    0.00    0.00   0.00
loop2            0.00      0.00     0.00   0.00    0.00     0.00    0.00      0.00     0.00   0.00    0.00     0.00    0.00      0.00     0.00   0.00    0.00     0.00    0.00    0.00    0.00   0.00
loop3            0.00      0.00     0.00   0.00    0.00     0.00    0.00      0.00     0.00   0.00    0.00     0.00    0.00      0.00     0.00   0.00    0.00     0.00    0.00    0.00    0.00   0.00
loop4            0.00      0.00     0.00   0.00    0.00     0.00    0.00      0.00     0.00   0.00    0.00     0.00    0.00      0.00     0.00   0.00    0.00     0.00    0.00    0.00    0.00   0.00
loop5            0.00      0.00     0.00   0.00    0.00     0.00    0.00      0.00     0.00   0.00    0.00     0.00    0.00      0.00     0.00   0.00    0.00     0.00    0.00    0.00    0.00   0.00
loop6            0.00      0.00     0.00   0.00    0.00     0.00    0.00      0.00     0.00   0.00    0.00     0.00    0.00      0.00     0.00   0.00    0.00     0.00    0.00    0.00    0.00   0.00
loop7            0.00      0.00     0.00   0.00    0.00     0.00    0.00      0.00     0.00   0.00    0.00     0.00    0.00      0.00     0.00   0.00    0.00     0.00    0.00    0.00    0.00   0.00
sda              0.00      0.00     0.00   0.00    0.00     0.00  232.00   1164.00    31.00  11.79    1.18     5.02    0.00      0.00     0.00   0.00    0.00     0.00    0.00    0.00    0.27   1.60
sdb              0.00      0.00     0.00   0.00    0.00     0.00 1366.00  32032.00   221.00  13.93    0.06    23.45    0.00      0.00     0.00   0.00    0.00     0.00    0.00    0.00    0.08  48.80


avg-cpu:  %user   %nice %system %iowait  %steal   %idle
           0.64    0.00    0.60    0.00    0.00   98.76

Device            r/s     rkB/s   rrqm/s  %rrqm r_await rareq-sz     w/s     wkB/s   wrqm/s  %wrqm w_await wareq-sz     d/s     dkB/s   drqm/s  %drqm d_await dareq-sz     f/s f_await  aqu-sz  %util
dm-0             0.00      0.00     0.00   0.00    0.00     0.00  778.00  15532.00     0.00   0.00    0.05    19.96    0.00      0.00     0.00   0.00    0.00     0.00    0.00    0.00    0.04  46.00
dm-1             0.00      0.00     0.00   0.00    0.00     0.00  773.00  15632.00     0.00   0.00    0.05    20.22    0.00      0.00     0.00   0.00    0.00     0.00    0.00    0.00    0.04  46.00
dm-2             0.00      0.00     0.00   0.00    0.00     0.00   60.00    256.00     0.00   0.00    0.00     4.27    0.00      0.00     0.00   0.00    0.00     0.00    0.00    0.00    0.00   2.00
loop0            0.00      0.00     0.00   0.00    0.00     0.00    0.00      0.00     0.00   0.00    0.00     0.00    0.00      0.00     0.00   0.00    0.00     0.00    0.00    0.00    0.00   0.00
loop1            0.00      0.00     0.00   0.00    0.00     0.00    0.00      0.00     0.00   0.00    0.00     0.00    0.00      0.00     0.00   0.00    0.00     0.00    0.00    0.00    0.00   0.00
loop2            0.00      0.00     0.00   0.00    0.00     0.00    0.00      0.00     0.00   0.00    0.00     0.00    0.00      0.00     0.00   0.00    0.00     0.00    0.00    0.00    0.00   0.00
loop3            0.00      0.00     0.00   0.00    0.00     0.00    0.00      0.00     0.00   0.00    0.00     0.00    0.00      0.00     0.00   0.00    0.00     0.00    0.00    0.00    0.00   0.00
loop4            0.00      0.00     0.00   0.00    0.00     0.00    0.00      0.00     0.00   0.00    0.00     0.00    0.00      0.00     0.00   0.00    0.00     0.00    0.00    0.00    0.00   0.00
loop5            0.00      0.00     0.00   0.00    0.00     0.00    0.00      0.00     0.00   0.00    0.00     0.00    0.00      0.00     0.00   0.00    0.00     0.00    0.00    0.00    0.00   0.00
loop6            0.00      0.00     0.00   0.00    0.00     0.00    0.00      0.00     0.00   0.00    0.00     0.00    0.00      0.00     0.00   0.00    0.00     0.00    0.00    0.00    0.00   0.00
loop7            0.00      0.00     0.00   0.00    0.00     0.00    0.00      0.00     0.00   0.00    0.00     0.00    0.00      0.00     0.00   0.00    0.00     0.00    0.00    0.00    0.00   0.00
sda              0.00      0.00     0.00   0.00    0.00     0.00   20.00    256.00    40.00  66.67    0.10    12.80    0.00      0.00     0.00   0.00    0.00     0.00    0.00    0.00    0.00   2.00
sdb              0.00      0.00     0.00   0.00    0.00     0.00 1346.00  31164.00   205.00  13.22    0.05    23.15    0.00      0.00     0.00   0.00    0.00     0.00    0.00    0.00    0.07  46.40


avg-cpu:  %user   %nice %system %iowait  %steal   %idle
           0.77    0.00    0.47    0.02    0.00   98.75

Device            r/s     rkB/s   rrqm/s  %rrqm r_await rareq-sz     w/s     wkB/s   wrqm/s  %wrqm w_await wareq-sz     d/s     dkB/s   drqm/s  %drqm d_await dareq-sz     f/s f_await  aqu-sz  %util
dm-0             0.00      0.00     0.00   0.00    0.00     0.00  587.00  11408.00     0.00   0.00    0.03    19.43    0.00      0.00     0.00   0.00    0.00     0.00    0.00    0.00    0.02  34.00
dm-1             0.00      0.00     0.00   0.00    0.00     0.00  585.00  11400.00     0.00   0.00    0.01    19.49    0.00      0.00     0.00   0.00    0.00     0.00    0.00    0.00    0.01  33.20
dm-2             0.00      0.00     0.00   0.00    0.00     0.00   45.00    184.00     0.00   0.00    0.00     4.09    0.00      0.00     0.00   0.00    0.00     0.00    0.00    0.00    0.00   1.20
loop0            0.00      0.00     0.00   0.00    0.00     0.00    0.00      0.00     0.00   0.00    0.00     0.00    0.00      0.00     0.00   0.00    0.00     0.00    0.00    0.00    0.00   0.00
loop1            0.00      0.00     0.00   0.00    0.00     0.00    0.00      0.00     0.00   0.00    0.00     0.00    0.00      0.00     0.00   0.00    0.00     0.00    0.00    0.00    0.00   0.00
loop2            0.00      0.00     0.00   0.00    0.00     0.00    0.00      0.00     0.00   0.00    0.00     0.00    0.00      0.00     0.00   0.00    0.00     0.00    0.00    0.00    0.00   0.00
loop3            0.00      0.00     0.00   0.00    0.00     0.00    0.00      0.00     0.00   0.00    0.00     0.00    0.00      0.00     0.00   0.00    0.00     0.00    0.00    0.00    0.00   0.00
loop4            0.00      0.00     0.00   0.00    0.00     0.00    0.00      0.00     0.00   0.00    0.00     0.00    0.00      0.00     0.00   0.00    0.00     0.00    0.00    0.00    0.00   0.00
loop5            0.00      0.00     0.00   0.00    0.00     0.00    0.00      0.00     0.00   0.00    0.00     0.00    0.00      0.00     0.00   0.00    0.00     0.00    0.00    0.00    0.00   0.00
loop6            0.00      0.00     0.00   0.00    0.00     0.00    0.00      0.00     0.00   0.00    0.00     0.00    0.00      0.00     0.00   0.00    0.00     0.00    0.00    0.00    0.00   0.00
loop7            0.00      0.00     0.00   0.00    0.00     0.00    0.00      0.00     0.00   0.00    0.00     0.00    0.00      0.00     0.00   0.00    0.00     0.00    0.00    0.00    0.00   0.00
sda              0.00      0.00     0.00   0.00    0.00     0.00   14.00    184.00    31.00  68.89    0.50    13.14    0.00      0.00     0.00   0.00    0.00     0.00    0.00    0.00    0.01   1.20
sdb              0.00      0.00     0.00   0.00    0.00     0.00 1004.00  22808.00   168.00  14.33    0.06    22.72    0.00      0.00     0.00   0.00    0.00     0.00    0.00    0.00    0.06  34.00


avg-cpu:  %user   %nice %system %iowait  %steal   %idle
           0.86    0.00    0.68    0.02    0.00   98.44

Device            r/s     rkB/s   rrqm/s  %rrqm r_await rareq-sz     w/s     wkB/s   wrqm/s  %wrqm w_await wareq-sz     d/s     dkB/s   drqm/s  %drqm d_await dareq-sz     f/s f_await  aqu-sz  %util
dm-0             0.00      0.00     0.00   0.00    0.00     0.00  883.00  18056.00     0.00   0.00    0.06    20.45    0.00      0.00     0.00   0.00    0.00     0.00    0.00    0.00    0.06  55.20
dm-1             0.00      0.00     0.00   0.00    0.00     0.00  867.00  17928.00     0.00   0.00    0.05    20.68    0.00      0.00     0.00   0.00    0.00     0.00    0.00    0.00    0.04  54.40
dm-2             0.00      0.00     0.00   0.00    0.00     0.00   78.00    340.00     0.00   0.00    0.00     4.36    0.00      0.00     0.00   0.00    0.00     0.00    0.00    0.00    0.00   2.40
loop0            0.00      0.00     0.00   0.00    0.00     0.00    0.00      0.00     0.00   0.00    0.00     0.00    0.00      0.00     0.00   0.00    0.00     0.00    0.00    0.00    0.00   0.00
loop1            0.00      0.00     0.00   0.00    0.00     0.00    0.00      0.00     0.00   0.00    0.00     0.00    0.00      0.00     0.00   0.00    0.00     0.00    0.00    0.00    0.00   0.00
loop2            0.00      0.00     0.00   0.00    0.00     0.00    0.00      0.00     0.00   0.00    0.00     0.00    0.00      0.00     0.00   0.00    0.00     0.00    0.00    0.00    0.00   0.00
loop3            0.00      0.00     0.00   0.00    0.00     0.00    0.00      0.00     0.00   0.00    0.00     0.00    0.00      0.00     0.00   0.00    0.00     0.00    0.00    0.00    0.00   0.00
loop4            0.00      0.00     0.00   0.00    0.00     0.00    0.00      0.00     0.00   0.00    0.00     0.00    0.00      0.00     0.00   0.00    0.00     0.00    0.00    0.00    0.00   0.00
loop5            0.00      0.00     0.00   0.00    0.00     0.00    0.00      0.00     0.00   0.00    0.00     0.00    0.00      0.00     0.00   0.00    0.00     0.00    0.00    0.00    0.00   0.00
loop6            0.00      0.00     0.00   0.00    0.00     0.00    0.00      0.00     0.00   0.00    0.00     0.00    0.00      0.00     0.00   0.00    0.00     0.00    0.00    0.00    0.00   0.00
loop7            0.00      0.00     0.00   0.00    0.00     0.00    0.00      0.00     0.00   0.00    0.00     0.00    0.00      0.00     0.00   0.00    0.00     0.00    0.00    0.00    0.00   0.00
sda              0.00      0.00     0.00   0.00    0.00     0.00   31.00    340.00    47.00  60.26    0.74    10.97    0.00      0.00     0.00   0.00    0.00     0.00    0.00    0.00    0.02   2.40
sdb              0.00      0.00     0.00   0.00    0.00     0.00 1516.00  35984.00   234.00  13.37    0.06    23.74    0.00      0.00     0.00   0.00    0.00     0.00    0.00    0.00    0.09  56.00


avg-cpu:  %user   %nice %system %iowait  %steal   %idle
           0.61    0.00    0.60    0.02    0.00   98.78

Device            r/s     rkB/s   rrqm/s  %rrqm r_await rareq-sz     w/s     wkB/s   wrqm/s  %wrqm w_await wareq-sz     d/s     dkB/s   drqm/s  %drqm d_await dareq-sz     f/s f_await  aqu-sz  %util
dm-0             0.00      0.00     0.00   0.00    0.00     0.00  768.00  15432.00     0.00   0.00    0.06    20.09    0.00      0.00     0.00   0.00    0.00     0.00    0.00    0.00    0.05  43.60
dm-1             0.00      0.00     0.00   0.00    0.00     0.00  773.00  15516.00     0.00   0.00    0.08    20.07    0.00      0.00     0.00   0.00    0.00     0.00    0.00    0.00    0.06  43.20
dm-2             0.00      0.00     0.00   0.00    0.00     0.00   45.00    180.00     0.00   0.00    0.98     4.00    0.00      0.00     0.00   0.00    0.00     0.00    0.00    0.00    0.04   1.20
loop0            0.00      0.00     0.00   0.00    0.00     0.00    0.00      0.00     0.00   0.00    0.00     0.00    0.00      0.00     0.00   0.00    0.00     0.00    0.00    0.00    0.00   0.00
loop1            0.00      0.00     0.00   0.00    0.00     0.00    0.00      0.00     0.00   0.00    0.00     0.00    0.00      0.00     0.00   0.00    0.00     0.00    0.00    0.00    0.00   0.00
loop2            0.00      0.00     0.00   0.00    0.00     0.00    0.00      0.00     0.00   0.00    0.00     0.00    0.00      0.00     0.00   0.00    0.00     0.00    0.00    0.00    0.00   0.00
loop3            0.00      0.00     0.00   0.00    0.00     0.00    0.00      0.00     0.00   0.00    0.00     0.00    0.00      0.00     0.00   0.00    0.00     0.00    0.00    0.00    0.00   0.00
loop4            0.00      0.00     0.00   0.00    0.00     0.00    0.00      0.00     0.00   0.00    0.00     0.00    0.00      0.00     0.00   0.00    0.00     0.00    0.00    0.00    0.00   0.00
loop5            0.00      0.00     0.00   0.00    0.00     0.00    0.00      0.00     0.00   0.00    0.00     0.00    0.00      0.00     0.00   0.00    0.00     0.00    0.00    0.00    0.00   0.00
loop6            0.00      0.00     0.00   0.00    0.00     0.00    0.00      0.00     0.00   0.00    0.00     0.00    0.00      0.00     0.00   0.00    0.00     0.00    0.00    0.00    0.00   0.00
loop7            0.00      0.00     0.00   0.00    0.00     0.00    0.00      0.00     0.00   0.00    0.00     0.00    0.00      0.00     0.00   0.00    0.00     0.00    0.00    0.00    0.00   0.00
sda              0.00      0.00     0.00   0.00    0.00     0.00   11.00    180.00    34.00  75.56    0.09    16.36    0.00      0.00     0.00   0.00    0.00     0.00    0.00    0.00    0.00   1.20
sdb              0.00      0.00     0.00   0.00    0.00     0.00 1327.00  30948.00   214.00  13.89    0.06    23.32    0.00      0.00     0.00   0.00    0.00     0.00    0.00    0.00    0.07  44.00


avg-cpu:  %user   %nice %system %iowait  %steal   %idle
           0.72    0.00    0.61    0.02    0.00   98.65

Device            r/s     rkB/s   rrqm/s  %rrqm r_await rareq-sz     w/s     wkB/s   wrqm/s  %wrqm w_await wareq-sz     d/s     dkB/s   drqm/s  %drqm d_await dareq-sz     f/s f_await  aqu-sz  %util
dm-0             0.00      0.00     0.00   0.00    0.00     0.00  744.00  15156.00     0.00   0.00    0.06    20.37    0.00      0.00     0.00   0.00    0.00     0.00    0.00    0.00    0.04  46.40
dm-1             0.00      0.00     0.00   0.00    0.00     0.00  749.00  15176.00     0.00   0.00    0.06    20.26    0.00      0.00     0.00   0.00    0.00     0.00    0.00    0.00    0.05  46.80
dm-2             0.00      0.00     0.00   0.00    0.00     0.00  252.00   1152.00     0.00   0.00    0.08     4.57    0.00      0.00     0.00   0.00    0.00     0.00    0.00    0.00    0.02   2.00
loop0            0.00      0.00     0.00   0.00    0.00     0.00    0.00      0.00     0.00   0.00    0.00     0.00    0.00      0.00     0.00   0.00    0.00     0.00    0.00    0.00    0.00   0.00
loop1            0.00      0.00     0.00   0.00    0.00     0.00    0.00      0.00     0.00   0.00    0.00     0.00    0.00      0.00     0.00   0.00    0.00     0.00    0.00    0.00    0.00   0.00
loop2            0.00      0.00     0.00   0.00    0.00     0.00    0.00      0.00     0.00   0.00    0.00     0.00    0.00      0.00     0.00   0.00    0.00     0.00    0.00    0.00    0.00   0.00
loop3            0.00      0.00     0.00   0.00    0.00     0.00    0.00      0.00     0.00   0.00    0.00     0.00    0.00      0.00     0.00   0.00    0.00     0.00    0.00    0.00    0.00   0.00
loop4            0.00      0.00     0.00   0.00    0.00     0.00    0.00      0.00     0.00   0.00    0.00     0.00    0.00      0.00     0.00   0.00    0.00     0.00    0.00    0.00    0.00   0.00
loop5            0.00      0.00     0.00   0.00    0.00     0.00    0.00      0.00     0.00   0.00    0.00     0.00    0.00      0.00     0.00   0.00    0.00     0.00    0.00    0.00    0.00   0.00
loop6            0.00      0.00     0.00   0.00    0.00     0.00    0.00      0.00     0.00   0.00    0.00     0.00    0.00      0.00     0.00   0.00    0.00     0.00    0.00    0.00    0.00   0.00
loop7            0.00      0.00     0.00   0.00    0.00     0.00    0.00      0.00     0.00   0.00    0.00     0.00    0.00      0.00     0.00   0.00    0.00     0.00    0.00    0.00    0.00   0.00
sda              0.00      0.00     0.00   0.00    0.00     0.00  235.00   1152.00    17.00   6.75    0.77     4.90    0.00      0.00     0.00   0.00    0.00     0.00    0.00    0.00    0.18   2.00
sdb              0.00      0.00     0.00   0.00    0.00     0.00 1300.00  30332.00   193.00  12.93    0.06    23.33    0.00      0.00     0.00   0.00    0.00     0.00    0.00    0.00    0.07  47.60


avg-cpu:  %user   %nice %system %iowait  %steal   %idle
           0.61    0.00    0.58    0.00    0.00   98.81

Device            r/s     rkB/s   rrqm/s  %rrqm r_await rareq-sz     w/s     wkB/s   wrqm/s  %wrqm w_await wareq-sz     d/s     dkB/s   drqm/s  %drqm d_await dareq-sz     f/s f_await  aqu-sz  %util
dm-0             0.00      0.00     0.00   0.00    0.00     0.00  728.00  14972.00     0.00   0.00    0.05    20.57    0.00      0.00     0.00   0.00    0.00     0.00    0.00    0.00    0.04  44.00
dm-1             0.00      0.00     0.00   0.00    0.00     0.00  725.00  14960.00     0.00   0.00    0.07    20.63    0.00      0.00     0.00   0.00    0.00     0.00    0.00    0.00    0.05  44.00
dm-2             0.00      0.00     0.00   0.00    0.00     0.00   45.00    180.00     0.00   0.00    0.00     4.00    0.00      0.00     0.00   0.00    0.00     0.00    0.00    0.00    0.00   1.20
loop0            0.00      0.00     0.00   0.00    0.00     0.00    0.00      0.00     0.00   0.00    0.00     0.00    0.00      0.00     0.00   0.00    0.00     0.00    0.00    0.00    0.00   0.00
loop1            0.00      0.00     0.00   0.00    0.00     0.00    0.00      0.00     0.00   0.00    0.00     0.00    0.00      0.00     0.00   0.00    0.00     0.00    0.00    0.00    0.00   0.00
loop2            0.00      0.00     0.00   0.00    0.00     0.00    0.00      0.00     0.00   0.00    0.00     0.00    0.00      0.00     0.00   0.00    0.00     0.00    0.00    0.00    0.00   0.00
loop3            0.00      0.00     0.00   0.00    0.00     0.00    0.00      0.00     0.00   0.00    0.00     0.00    0.00      0.00     0.00   0.00    0.00     0.00    0.00    0.00    0.00   0.00
loop4            0.00      0.00     0.00   0.00    0.00     0.00    0.00      0.00     0.00   0.00    0.00     0.00    0.00      0.00     0.00   0.00    0.00     0.00    0.00    0.00    0.00   0.00
loop5            0.00      0.00     0.00   0.00    0.00     0.00    0.00      0.00     0.00   0.00    0.00     0.00    0.00      0.00     0.00   0.00    0.00     0.00    0.00    0.00    0.00   0.00
loop6            0.00      0.00     0.00   0.00    0.00     0.00    0.00      0.00     0.00   0.00    0.00     0.00    0.00      0.00     0.00   0.00    0.00     0.00    0.00    0.00    0.00   0.00
loop7            0.00      0.00     0.00   0.00    0.00     0.00    0.00      0.00     0.00   0.00    0.00     0.00    0.00      0.00     0.00   0.00    0.00     0.00    0.00    0.00    0.00   0.00
sda              0.00      0.00     0.00   0.00    0.00     0.00   14.00    180.00    31.00  68.89    0.07    12.86    0.00      0.00     0.00   0.00    0.00     0.00    0.00    0.00    0.00   1.20
sdb              0.00      0.00     0.00   0.00    0.00     0.00 1272.00  29932.00   181.00  12.46    0.06    23.53    0.00      0.00     0.00   0.00    0.00     0.00    0.00    0.00    0.07  44.80


avg-cpu:  %user   %nice %system %iowait  %steal   %idle
           0.80    0.00    0.66    0.02    0.00   98.52

Device            r/s     rkB/s   rrqm/s  %rrqm r_await rareq-sz     w/s     wkB/s   wrqm/s  %wrqm w_await wareq-sz     d/s     dkB/s   drqm/s  %drqm d_await dareq-sz     f/s f_await  aqu-sz  %util
dm-0             0.00      0.00     0.00   0.00    0.00     0.00  769.00  15560.00     0.00   0.00    0.07    20.23    0.00      0.00     0.00   0.00    0.00     0.00    0.00    0.00    0.06  46.40
dm-1             0.00      0.00     0.00   0.00    0.00     0.00  769.00  15556.00     0.00   0.00    0.03    20.23    0.00      0.00     0.00   0.00    0.00     0.00    0.00    0.00    0.02  44.80
dm-2             0.00      0.00     0.00   0.00    0.00     0.00   58.00    248.00     0.00   0.00    0.00     4.28    0.00      0.00     0.00   0.00    0.00     0.00    0.00    0.00    0.00   1.60
loop0            0.00      0.00     0.00   0.00    0.00     0.00    0.00      0.00     0.00   0.00    0.00     0.00    0.00      0.00     0.00   0.00    0.00     0.00    0.00    0.00    0.00   0.00
loop1            0.00      0.00     0.00   0.00    0.00     0.00    0.00      0.00     0.00   0.00    0.00     0.00    0.00      0.00     0.00   0.00    0.00     0.00    0.00    0.00    0.00   0.00
loop2            0.00      0.00     0.00   0.00    0.00     0.00    0.00      0.00     0.00   0.00    0.00     0.00    0.00      0.00     0.00   0.00    0.00     0.00    0.00    0.00    0.00   0.00
loop3            0.00      0.00     0.00   0.00    0.00     0.00    0.00      0.00     0.00   0.00    0.00     0.00    0.00      0.00     0.00   0.00    0.00     0.00    0.00    0.00    0.00   0.00
loop4            0.00      0.00     0.00   0.00    0.00     0.00    0.00      0.00     0.00   0.00    0.00     0.00    0.00      0.00     0.00   0.00    0.00     0.00    0.00    0.00    0.00   0.00
loop5            0.00      0.00     0.00   0.00    0.00     0.00    0.00      0.00     0.00   0.00    0.00     0.00    0.00      0.00     0.00   0.00    0.00     0.00    0.00    0.00    0.00   0.00
loop6            0.00      0.00     0.00   0.00    0.00     0.00    0.00      0.00     0.00   0.00    0.00     0.00    0.00      0.00     0.00   0.00    0.00     0.00    0.00    0.00    0.00   0.00
loop7            0.00      0.00     0.00   0.00    0.00     0.00    0.00      0.00     0.00   0.00    0.00     0.00    0.00      0.00     0.00   0.00    0.00     0.00    0.00    0.00    0.00   0.00
sda              0.00      0.00     0.00   0.00    0.00     0.00   17.00    248.00    41.00  70.69    0.06    14.59    0.00      0.00     0.00   0.00    0.00     0.00    0.00    0.00    0.00   1.60
sdb              0.00      0.00     0.00   0.00    0.00     0.00 1320.00  31116.00   218.00  14.17    0.06    23.57    0.00      0.00     0.00   0.00    0.00     0.00    0.00    0.00    0.07  46.40


avg-cpu:  %user   %nice %system %iowait  %steal   %idle
           0.71    0.00    0.57    0.02    0.00   98.71

Device            r/s     rkB/s   rrqm/s  %rrqm r_await rareq-sz     w/s     wkB/s   wrqm/s  %wrqm w_await wareq-sz     d/s     dkB/s   drqm/s  %drqm d_await dareq-sz     f/s f_await  aqu-sz  %util
dm-0             0.00      0.00     0.00   0.00    0.00     0.00  757.00  15148.00     0.00   0.00    0.07    20.01    0.00      0.00     0.00   0.00    0.00     0.00    0.00    0.00    0.05  44.40
dm-1             0.00      0.00     0.00   0.00    0.00     0.00  747.00  15048.00     0.00   0.00    0.04    20.14    0.00      0.00     0.00   0.00    0.00     0.00    0.00    0.00    0.03  44.40
dm-2             0.00      0.00     0.00   0.00    0.00     0.00   74.00    312.00     0.00   0.00    0.00     4.22    0.00      0.00     0.00   0.00    0.00     0.00    0.00    0.00    0.00   1.60
loop0            0.00      0.00     0.00   0.00    0.00     0.00    0.00      0.00     0.00   0.00    0.00     0.00    0.00      0.00     0.00   0.00    0.00     0.00    0.00    0.00    0.00   0.00
loop1            0.00      0.00     0.00   0.00    0.00     0.00    0.00      0.00     0.00   0.00    0.00     0.00    0.00      0.00     0.00   0.00    0.00     0.00    0.00    0.00    0.00   0.00
loop2            0.00      0.00     0.00   0.00    0.00     0.00    0.00      0.00     0.00   0.00    0.00     0.00    0.00      0.00     0.00   0.00    0.00     0.00    0.00    0.00    0.00   0.00
loop3            0.00      0.00     0.00   0.00    0.00     0.00    0.00      0.00     0.00   0.00    0.00     0.00    0.00      0.00     0.00   0.00    0.00     0.00    0.00    0.00    0.00   0.00
loop4            0.00      0.00     0.00   0.00    0.00     0.00    0.00      0.00     0.00   0.00    0.00     0.00    0.00      0.00     0.00   0.00    0.00     0.00    0.00    0.00    0.00   0.00
loop5            0.00      0.00     0.00   0.00    0.00     0.00    0.00      0.00     0.00   0.00    0.00     0.00    0.00      0.00     0.00   0.00    0.00     0.00    0.00    0.00    0.00   0.00
loop6            0.00      0.00     0.00   0.00    0.00     0.00    0.00      0.00     0.00   0.00    0.00     0.00    0.00      0.00     0.00   0.00    0.00     0.00    0.00    0.00    0.00   0.00
loop7            0.00      0.00     0.00   0.00    0.00     0.00    0.00      0.00     0.00   0.00    0.00     0.00    0.00      0.00     0.00   0.00    0.00     0.00    0.00    0.00    0.00   0.00
sda              0.00      0.00     0.00   0.00    0.00     0.00   26.00    312.00    48.00  64.86    0.69    12.00    0.00      0.00     0.00   0.00    0.00     0.00    0.00    0.00    0.02   1.60
sdb              0.00      0.00     0.00   0.00    0.00     0.00 1296.00  30196.00   207.00  13.77    0.06    23.30    0.00      0.00     0.00   0.00    0.00     0.00    0.00    0.00    0.07  45.20


avg-cpu:  %user   %nice %system %iowait  %steal   %idle
           0.60    0.00    0.72    0.02    0.00   98.67

Device            r/s     rkB/s   rrqm/s  %rrqm r_await rareq-sz     w/s     wkB/s   wrqm/s  %wrqm w_await wareq-sz     d/s     dkB/s   drqm/s  %drqm d_await dareq-sz     f/s f_await  aqu-sz  %util
dm-0             0.00      0.00     0.00   0.00    0.00     0.00  727.00  14668.00     0.00   0.00    0.07    20.18    0.00      0.00     0.00   0.00    0.00     0.00    0.00    0.00    0.05  44.00
dm-1             0.00      0.00     0.00   0.00    0.00     0.00  723.00  14716.00     0.00   0.00    0.06    20.35    0.00      0.00     0.00   0.00    0.00     0.00    0.00    0.00    0.04  44.40
dm-2             0.00      0.00     0.00   0.00    0.00     0.00   57.00    248.00     0.00   0.00    0.00     4.35    0.00      0.00     0.00   0.00    0.00     0.00    0.00    0.00    0.00   2.00
loop0            0.00      0.00     0.00   0.00    0.00     0.00    0.00      0.00     0.00   0.00    0.00     0.00    0.00      0.00     0.00   0.00    0.00     0.00    0.00    0.00    0.00   0.00
loop1            0.00      0.00     0.00   0.00    0.00     0.00    0.00      0.00     0.00   0.00    0.00     0.00    0.00      0.00     0.00   0.00    0.00     0.00    0.00    0.00    0.00   0.00
loop2            0.00      0.00     0.00   0.00    0.00     0.00    0.00      0.00     0.00   0.00    0.00     0.00    0.00      0.00     0.00   0.00    0.00     0.00    0.00    0.00    0.00   0.00
loop3            0.00      0.00     0.00   0.00    0.00     0.00    0.00      0.00     0.00   0.00    0.00     0.00    0.00      0.00     0.00   0.00    0.00     0.00    0.00    0.00    0.00   0.00
loop4            0.00      0.00     0.00   0.00    0.00     0.00    0.00      0.00     0.00   0.00    0.00     0.00    0.00      0.00     0.00   0.00    0.00     0.00    0.00    0.00    0.00   0.00
loop5            0.00      0.00     0.00   0.00    0.00     0.00    0.00      0.00     0.00   0.00    0.00     0.00    0.00      0.00     0.00   0.00    0.00     0.00    0.00    0.00    0.00   0.00
loop6            0.00      0.00     0.00   0.00    0.00     0.00    0.00      0.00     0.00   0.00    0.00     0.00    0.00      0.00     0.00   0.00    0.00     0.00    0.00    0.00    0.00   0.00
loop7            0.00      0.00     0.00   0.00    0.00     0.00    0.00      0.00     0.00   0.00    0.00     0.00    0.00      0.00     0.00   0.00    0.00     0.00    0.00    0.00    0.00   0.00
sda              0.00      0.00     0.00   0.00    0.00     0.00   17.00    248.00    40.00  70.18    0.06    14.59    0.00      0.00     0.00   0.00    0.00     0.00    0.00    0.00    0.00   2.00
sdb              0.00      0.00     0.00   0.00    0.00     0.00 1248.00  29372.00   200.00  13.81    0.06    23.54    0.00      0.00     0.00   0.00    0.00     0.00    0.00    0.00    0.07  44.80


avg-cpu:  %user   %nice %system %iowait  %steal   %idle
           0.71    0.00    0.61    0.00    0.00   98.68

Device            r/s     rkB/s   rrqm/s  %rrqm r_await rareq-sz     w/s     wkB/s   wrqm/s  %wrqm w_await wareq-sz     d/s     dkB/s   drqm/s  %drqm d_await dareq-sz     f/s f_await  aqu-sz  %util
dm-0             0.00      0.00     0.00   0.00    0.00     0.00  842.00  17048.00     0.00   0.00    0.06    20.25    0.00      0.00     0.00   0.00    0.00     0.00    0.00    0.00    0.05  50.80
dm-1             0.00      0.00     0.00   0.00    0.00     0.00  833.00  17012.00     0.00   0.00    0.06    20.42    0.00      0.00     0.00   0.00    0.00     0.00    0.00    0.00    0.05  48.80
dm-2             0.00      0.00     0.00   0.00    0.00     0.00   40.00    160.00     0.00   0.00    0.10     4.00    0.00      0.00     0.00   0.00    0.00     0.00    0.00    0.00    0.00   1.60
loop0            0.00      0.00     0.00   0.00    0.00     0.00    0.00      0.00     0.00   0.00    0.00     0.00    0.00      0.00     0.00   0.00    0.00     0.00    0.00    0.00    0.00   0.00
loop1            0.00      0.00     0.00   0.00    0.00     0.00    0.00      0.00     0.00   0.00    0.00     0.00    0.00      0.00     0.00   0.00    0.00     0.00    0.00    0.00    0.00   0.00
loop2            0.00      0.00     0.00   0.00    0.00     0.00    0.00      0.00     0.00   0.00    0.00     0.00    0.00      0.00     0.00   0.00    0.00     0.00    0.00    0.00    0.00   0.00
loop3            0.00      0.00     0.00   0.00    0.00     0.00    0.00      0.00     0.00   0.00    0.00     0.00    0.00      0.00     0.00   0.00    0.00     0.00    0.00    0.00    0.00   0.00
loop4            0.00      0.00     0.00   0.00    0.00     0.00    0.00      0.00     0.00   0.00    0.00     0.00    0.00      0.00     0.00   0.00    0.00     0.00    0.00    0.00    0.00   0.00
loop5            0.00      0.00     0.00   0.00    0.00     0.00    0.00      0.00     0.00   0.00    0.00     0.00    0.00      0.00     0.00   0.00    0.00     0.00    0.00    0.00    0.00   0.00
loop6            0.00      0.00     0.00   0.00    0.00     0.00    0.00      0.00     0.00   0.00    0.00     0.00    0.00      0.00     0.00   0.00    0.00     0.00    0.00    0.00    0.00   0.00
loop7            0.00      0.00     0.00   0.00    0.00     0.00    0.00      0.00     0.00   0.00    0.00     0.00    0.00      0.00     0.00   0.00    0.00     0.00    0.00    0.00    0.00   0.00
sda              0.00      0.00     0.00   0.00    0.00     0.00   11.00    160.00    29.00  72.50    0.09    14.55    0.00      0.00     0.00   0.00    0.00     0.00    0.00    0.00    0.00   1.60
sdb              0.00      0.00     0.00   0.00    0.00     0.00 1448.00  34072.00   230.00  13.71    0.06    23.53    0.00      0.00     0.00   0.00    0.00     0.00    0.00    0.00    0.08  50.80


avg-cpu:  %user   %nice %system %iowait  %steal   %idle
           0.56    0.00    0.58    0.02    0.00   98.84

Device            r/s     rkB/s   rrqm/s  %rrqm r_await rareq-sz     w/s     wkB/s   wrqm/s  %wrqm w_await wareq-sz     d/s     dkB/s   drqm/s  %drqm d_await dareq-sz     f/s f_await  aqu-sz  %util
dm-0             0.00      0.00     0.00   0.00    0.00     0.00  543.00  11232.00     0.00   0.00    0.04    20.69    0.00      0.00     0.00   0.00    0.00     0.00    0.00    0.00    0.02  32.40
dm-1             0.00      0.00     0.00   0.00    0.00     0.00  541.00  11224.00     0.00   0.00    0.08    20.75    0.00      0.00     0.00   0.00    0.00     0.00    0.00    0.00    0.04  33.60
dm-2             0.00      0.00     0.00   0.00    0.00     0.00  307.00   1400.00     0.00   0.00    0.56     4.56    0.00      0.00     0.00   0.00    0.00     0.00    0.00    0.00    0.17   2.80
loop0            0.00      0.00     0.00   0.00    0.00     0.00    0.00      0.00     0.00   0.00    0.00     0.00    0.00      0.00     0.00   0.00    0.00     0.00    0.00    0.00    0.00   0.00
loop1            0.00      0.00     0.00   0.00    0.00     0.00    0.00      0.00     0.00   0.00    0.00     0.00    0.00      0.00     0.00   0.00    0.00     0.00    0.00    0.00    0.00   0.00
loop2            0.00      0.00     0.00   0.00    0.00     0.00    0.00      0.00     0.00   0.00    0.00     0.00    0.00      0.00     0.00   0.00    0.00     0.00    0.00    0.00    0.00   0.00
loop3            0.00      0.00     0.00   0.00    0.00     0.00    0.00      0.00     0.00   0.00    0.00     0.00    0.00      0.00     0.00   0.00    0.00     0.00    0.00    0.00    0.00   0.00
loop4            0.00      0.00     0.00   0.00    0.00     0.00    0.00      0.00     0.00   0.00    0.00     0.00    0.00      0.00     0.00   0.00    0.00     0.00    0.00    0.00    0.00   0.00
loop5            0.00      0.00     0.00   0.00    0.00     0.00    0.00      0.00     0.00   0.00    0.00     0.00    0.00      0.00     0.00   0.00    0.00     0.00    0.00    0.00    0.00   0.00
loop6            0.00      0.00     0.00   0.00    0.00     0.00    0.00      0.00     0.00   0.00    0.00     0.00    0.00      0.00     0.00   0.00    0.00     0.00    0.00    0.00    0.00   0.00
loop7            0.00      0.00     0.00   0.00    0.00     0.00    0.00      0.00     0.00   0.00    0.00     0.00    0.00      0.00     0.00   0.00    0.00     0.00    0.00    0.00    0.00   0.00
sda              0.00      0.00     0.00   0.00    0.00     0.00  264.00   1400.00    43.00  14.01    0.95     5.30    0.00      0.00     0.00   0.00    0.00     0.00    0.00    0.00    0.25   2.80
sdb              0.00      0.00     0.00   0.00    0.00     0.00  928.00  22456.00   156.00  14.39    0.06    24.20    0.00      0.00     0.00   0.00    0.00     0.00    0.00    0.00    0.05  34.40


avg-cpu:  %user   %nice %system %iowait  %steal   %idle
           0.66    0.00    0.66    0.02    0.00   98.66

Device            r/s     rkB/s   rrqm/s  %rrqm r_await rareq-sz     w/s     wkB/s   wrqm/s  %wrqm w_await wareq-sz     d/s     dkB/s   drqm/s  %drqm d_await dareq-sz     f/s f_await  aqu-sz  %util
dm-0             0.00      0.00     0.00   0.00    0.00     0.00  774.00  15700.00     0.00   0.00    0.04    20.28    0.00      0.00     0.00   0.00    0.00     0.00    0.00    0.00    0.03  47.20
dm-1             0.00      0.00     0.00   0.00    0.00     0.00  774.00  15696.00     0.00   0.00    0.06    20.28    0.00      0.00     0.00   0.00    0.00     0.00    0.00    0.00    0.04  46.40
dm-2             0.00      0.00     0.00   0.00    0.00     0.00   39.00    156.00     0.00   0.00    0.10     4.00    0.00      0.00     0.00   0.00    0.00     0.00    0.00    0.00    0.00   1.60
loop0            0.00      0.00     0.00   0.00    0.00     0.00    0.00      0.00     0.00   0.00    0.00     0.00    0.00      0.00     0.00   0.00    0.00     0.00    0.00    0.00    0.00   0.00
loop1            0.00      0.00     0.00   0.00    0.00     0.00    0.00      0.00     0.00   0.00    0.00     0.00    0.00      0.00     0.00   0.00    0.00     0.00    0.00    0.00    0.00   0.00
loop2            0.00      0.00     0.00   0.00    0.00     0.00    0.00      0.00     0.00   0.00    0.00     0.00    0.00      0.00     0.00   0.00    0.00     0.00    0.00    0.00    0.00   0.00
loop3            0.00      0.00     0.00   0.00    0.00     0.00    0.00      0.00     0.00   0.00    0.00     0.00    0.00      0.00     0.00   0.00    0.00     0.00    0.00    0.00    0.00   0.00
loop4            0.00      0.00     0.00   0.00    0.00     0.00    0.00      0.00     0.00   0.00    0.00     0.00    0.00      0.00     0.00   0.00    0.00     0.00    0.00    0.00    0.00   0.00
loop5            0.00      0.00     0.00   0.00    0.00     0.00    0.00      0.00     0.00   0.00    0.00     0.00    0.00      0.00     0.00   0.00    0.00     0.00    0.00    0.00    0.00   0.00
loop6            0.00      0.00     0.00   0.00    0.00     0.00    0.00      0.00     0.00   0.00    0.00     0.00    0.00      0.00     0.00   0.00    0.00     0.00    0.00    0.00    0.00   0.00
loop7            0.00      0.00     0.00   0.00    0.00     0.00    0.00      0.00     0.00   0.00    0.00     0.00    0.00      0.00     0.00   0.00    0.00     0.00    0.00    0.00    0.00   0.00
sda              0.00      0.00     0.00   0.00    0.00     0.00   11.00    156.00    28.00  71.79    0.09    14.18    0.00      0.00     0.00   0.00    0.00     0.00    0.00    0.00    0.00   1.60
sdb              0.00      0.00     0.00   0.00    0.00     0.00 1332.00  31396.00   216.00  13.95    0.06    23.57    0.00      0.00     0.00   0.00    0.00     0.00    0.00    0.00    0.07  47.20


avg-cpu:  %user   %nice %system %iowait  %steal   %idle
           0.77    0.00    0.60    0.02    0.00   98.62

Device            r/s     rkB/s   rrqm/s  %rrqm r_await rareq-sz     w/s     wkB/s   wrqm/s  %wrqm w_await wareq-sz     d/s     dkB/s   drqm/s  %drqm d_await dareq-sz     f/s f_await  aqu-sz  %util
dm-0             0.00      0.00     0.00   0.00    0.00     0.00  744.00  15336.00     0.00   0.00    0.02    20.61    0.00      0.00     0.00   0.00    0.00     0.00    0.00    0.00    0.02  42.80
dm-1             0.00      0.00     0.00   0.00    0.00     0.00  745.00  15220.00     0.00   0.00    0.06    20.43    0.00      0.00     0.00   0.00    0.00     0.00    0.00    0.00    0.04  43.20
dm-2             0.00      0.00     0.00   0.00    0.00     0.00   78.00    336.00     0.00   0.00    0.10     4.31    0.00      0.00     0.00   0.00    0.00     0.00    0.00    0.00    0.01   2.80
loop0            0.00      0.00     0.00   0.00    0.00     0.00    0.00      0.00     0.00   0.00    0.00     0.00    0.00      0.00     0.00   0.00    0.00     0.00    0.00    0.00    0.00   0.00
loop1            0.00      0.00     0.00   0.00    0.00     0.00    0.00      0.00     0.00   0.00    0.00     0.00    0.00      0.00     0.00   0.00    0.00     0.00    0.00    0.00    0.00   0.00
loop2            0.00      0.00     0.00   0.00    0.00     0.00    0.00      0.00     0.00   0.00    0.00     0.00    0.00      0.00     0.00   0.00    0.00     0.00    0.00    0.00    0.00   0.00
loop3            0.00      0.00     0.00   0.00    0.00     0.00    0.00      0.00     0.00   0.00    0.00     0.00    0.00      0.00     0.00   0.00    0.00     0.00    0.00    0.00    0.00   0.00
loop4            0.00      0.00     0.00   0.00    0.00     0.00    0.00      0.00     0.00   0.00    0.00     0.00    0.00      0.00     0.00   0.00    0.00     0.00    0.00    0.00    0.00   0.00
loop5            0.00      0.00     0.00   0.00    0.00     0.00    0.00      0.00     0.00   0.00    0.00     0.00    0.00      0.00     0.00   0.00    0.00     0.00    0.00    0.00    0.00   0.00
loop6            0.00      0.00     0.00   0.00    0.00     0.00    0.00      0.00     0.00   0.00    0.00     0.00    0.00      0.00     0.00   0.00    0.00     0.00    0.00    0.00    0.00   0.00
loop7            0.00      0.00     0.00   0.00    0.00     0.00    0.00      0.00     0.00   0.00    0.00     0.00    0.00      0.00     0.00   0.00    0.00     0.00    0.00    0.00    0.00   0.00
sda              0.00      0.00     0.00   0.00    0.00     0.00   33.00    336.00    45.00  57.69    0.91    10.18    0.00      0.00     0.00   0.00    0.00     0.00    0.00    0.00    0.03   2.80
sdb              0.00      0.00     0.00   0.00    0.00     0.00 1285.00  30556.00   204.00  13.70    0.06    23.78    0.00      0.00     0.00   0.00    0.00     0.00    0.00    0.00    0.07  43.20


avg-cpu:  %user   %nice %system %iowait  %steal   %idle
           0.82    0.00    0.56    0.00    0.00   98.62

Device            r/s     rkB/s   rrqm/s  %rrqm r_await rareq-sz     w/s     wkB/s   wrqm/s  %wrqm w_await wareq-sz     d/s     dkB/s   drqm/s  %drqm d_await dareq-sz     f/s f_await  aqu-sz  %util
dm-0             0.00      0.00     0.00   0.00    0.00     0.00  785.00  15620.00     0.00   0.00    0.04    19.90    0.00      0.00     0.00   0.00    0.00     0.00    0.00    0.00    0.03  46.00
dm-1             0.00      0.00     0.00   0.00    0.00     0.00  781.00  15608.00     0.00   0.00    0.08    19.98    0.00      0.00     0.00   0.00    0.00     0.00    0.00    0.00    0.06  45.60
dm-2             0.00      0.00     0.00   0.00    0.00     0.00   49.00    204.00     0.00   0.00    0.00     4.16    0.00      0.00     0.00   0.00    0.00     0.00    0.00    0.00    0.00   1.20
loop0            0.00      0.00     0.00   0.00    0.00     0.00    0.00      0.00     0.00   0.00    0.00     0.00    0.00      0.00     0.00   0.00    0.00     0.00    0.00    0.00    0.00   0.00
loop1            0.00      0.00     0.00   0.00    0.00     0.00    0.00      0.00     0.00   0.00    0.00     0.00    0.00      0.00     0.00   0.00    0.00     0.00    0.00    0.00    0.00   0.00
loop2            0.00      0.00     0.00   0.00    0.00     0.00    0.00      0.00     0.00   0.00    0.00     0.00    0.00      0.00     0.00   0.00    0.00     0.00    0.00    0.00    0.00   0.00
loop3            0.00      0.00     0.00   0.00    0.00     0.00    0.00      0.00     0.00   0.00    0.00     0.00    0.00      0.00     0.00   0.00    0.00     0.00    0.00    0.00    0.00   0.00
loop4            0.00      0.00     0.00   0.00    0.00     0.00    0.00      0.00     0.00   0.00    0.00     0.00    0.00      0.00     0.00   0.00    0.00     0.00    0.00    0.00    0.00   0.00
loop5            0.00      0.00     0.00   0.00    0.00     0.00    0.00      0.00     0.00   0.00    0.00     0.00    0.00      0.00     0.00   0.00    0.00     0.00    0.00    0.00    0.00   0.00
loop6            0.00      0.00     0.00   0.00    0.00     0.00    0.00      0.00     0.00   0.00    0.00     0.00    0.00      0.00     0.00   0.00    0.00     0.00    0.00    0.00    0.00   0.00
loop7            0.00      0.00     0.00   0.00    0.00     0.00    0.00      0.00     0.00   0.00    0.00     0.00    0.00      0.00     0.00   0.00    0.00     0.00    0.00    0.00    0.00   0.00
sda              0.00      0.00     0.00   0.00    0.00     0.00   14.00    204.00    35.00  71.43    0.43    14.57    0.00      0.00     0.00   0.00    0.00     0.00    0.00    0.00    0.01   1.20
sdb              0.00      0.00     0.00   0.00    0.00     0.00 1351.00  31228.00   215.00  13.73    0.06    23.11    0.00      0.00     0.00   0.00    0.00     0.00    0.00    0.00    0.07  47.20


avg-cpu:  %user   %nice %system %iowait  %steal   %idle
           0.78    0.00    0.61    0.02    0.00   98.59

Device            r/s     rkB/s   rrqm/s  %rrqm r_await rareq-sz     w/s     wkB/s   wrqm/s  %wrqm w_await wareq-sz     d/s     dkB/s   drqm/s  %drqm d_await dareq-sz     f/s f_await  aqu-sz  %util
dm-0             0.00      0.00     0.00   0.00    0.00     0.00  778.00  15832.00     0.00   0.00    0.05    20.35    0.00      0.00     0.00   0.00    0.00     0.00    0.00    0.00    0.04  46.40
dm-1             0.00      0.00     0.00   0.00    0.00     0.00  778.00  15832.00     0.00   0.00    0.08    20.35    0.00      0.00     0.00   0.00    0.00     0.00    0.00    0.00    0.06  48.40
dm-2             0.00      0.00     0.00   0.00    0.00     0.00   54.00    232.00     0.00   0.00    0.00     4.30    0.00      0.00     0.00   0.00    0.00     0.00    0.00    0.00    0.00   1.60
loop0            0.00      0.00     0.00   0.00    0.00     0.00    0.00      0.00     0.00   0.00    0.00     0.00    0.00      0.00     0.00   0.00    0.00     0.00    0.00    0.00    0.00   0.00
loop1            0.00      0.00     0.00   0.00    0.00     0.00    0.00      0.00     0.00   0.00    0.00     0.00    0.00      0.00     0.00   0.00    0.00     0.00    0.00    0.00    0.00   0.00
loop2            0.00      0.00     0.00   0.00    0.00     0.00    0.00      0.00     0.00   0.00    0.00     0.00    0.00      0.00     0.00   0.00    0.00     0.00    0.00    0.00    0.00   0.00
loop3            0.00      0.00     0.00   0.00    0.00     0.00    0.00      0.00     0.00   0.00    0.00     0.00    0.00      0.00     0.00   0.00    0.00     0.00    0.00    0.00    0.00   0.00
loop4            0.00      0.00     0.00   0.00    0.00     0.00    0.00      0.00     0.00   0.00    0.00     0.00    0.00      0.00     0.00   0.00    0.00     0.00    0.00    0.00    0.00   0.00
loop5            0.00      0.00     0.00   0.00    0.00     0.00    0.00      0.00     0.00   0.00    0.00     0.00    0.00      0.00     0.00   0.00    0.00     0.00    0.00    0.00    0.00   0.00
loop6            0.00      0.00     0.00   0.00    0.00     0.00    0.00      0.00     0.00   0.00    0.00     0.00    0.00      0.00     0.00   0.00    0.00     0.00    0.00    0.00    0.00   0.00
loop7            0.00      0.00     0.00   0.00    0.00     0.00    0.00      0.00     0.00   0.00    0.00     0.00    0.00      0.00     0.00   0.00    0.00     0.00    0.00    0.00    0.00   0.00
sda              0.00      0.00     0.00   0.00    0.00     0.00   17.00    232.00    37.00  68.52    0.06    13.65    0.00      0.00     0.00   0.00    0.00     0.00    0.00    0.00    0.00   1.60
sdb              0.00      0.00     0.00   0.00    0.00     0.00 1344.00  31664.00   212.00  13.62    0.06    23.56    0.00      0.00     0.00   0.00    0.00     0.00    0.00    0.00    0.07  49.20


avg-cpu:  %user   %nice %system %iowait  %steal   %idle
           0.77    0.00    0.64    0.03    0.00   98.56

Device            r/s     rkB/s   rrqm/s  %rrqm r_await rareq-sz     w/s     wkB/s   wrqm/s  %wrqm w_await wareq-sz     d/s     dkB/s   drqm/s  %drqm d_await dareq-sz     f/s f_await  aqu-sz  %util
dm-0             0.00      0.00     0.00   0.00    0.00     0.00  763.00  15416.00     0.00   0.00    0.49    20.20    0.00      0.00     0.00   0.00    0.00     0.00    0.00    0.00    0.38  49.20
dm-1             0.00      0.00     0.00   0.00    0.00     0.00  757.00  15388.00     0.00   0.00    0.50    20.33    0.00      0.00     0.00   0.00    0.00     0.00    0.00    0.00    0.38  50.40
dm-2             0.00      0.00     0.00   0.00    0.00     0.00  270.00   1164.00     0.00   0.00    0.81     4.31    0.00      0.00     0.00   0.00    0.00     0.00    0.00    0.00    0.22   2.40
loop0            0.00      0.00     0.00   0.00    0.00     0.00    0.00      0.00     0.00   0.00    0.00     0.00    0.00      0.00     0.00   0.00    0.00     0.00    0.00    0.00    0.00   0.00
loop1            0.00      0.00     0.00   0.00    0.00     0.00    0.00      0.00     0.00   0.00    0.00     0.00    0.00      0.00     0.00   0.00    0.00     0.00    0.00    0.00    0.00   0.00
loop2            0.00      0.00     0.00   0.00    0.00     0.00    0.00      0.00     0.00   0.00    0.00     0.00    0.00      0.00     0.00   0.00    0.00     0.00    0.00    0.00    0.00   0.00
loop3            0.00      0.00     0.00   0.00    0.00     0.00    0.00      0.00     0.00   0.00    0.00     0.00    0.00      0.00     0.00   0.00    0.00     0.00    0.00    0.00    0.00   0.00
loop4            0.00      0.00     0.00   0.00    0.00     0.00    0.00      0.00     0.00   0.00    0.00     0.00    0.00      0.00     0.00   0.00    0.00     0.00    0.00    0.00    0.00   0.00
loop5            0.00      0.00     0.00   0.00    0.00     0.00    0.00      0.00     0.00   0.00    0.00     0.00    0.00      0.00     0.00   0.00    0.00     0.00    0.00    0.00    0.00   0.00
loop6            0.00      0.00     0.00   0.00    0.00     0.00    0.00      0.00     0.00   0.00    0.00     0.00    0.00      0.00     0.00   0.00    0.00     0.00    0.00    0.00    0.00   0.00
loop7            0.00      0.00     0.00   0.00    0.00     0.00    0.00      0.00     0.00   0.00    0.00     0.00    0.00      0.00     0.00   0.00    0.00     0.00    0.00    0.00    0.00   0.00
sda              0.00      0.00     0.00   0.00    0.00     0.00  238.00   1164.00    32.00  11.85    1.48     4.89    0.00      0.00     0.00   0.00    0.00     0.00    0.00    0.00    0.35   2.40
sdb              0.00      0.00     0.00   0.00    0.00     0.00 1310.00  30804.00   210.00  13.82    0.60    23.51    0.00      0.00     0.00   0.00    0.00     0.00    0.00    0.00    0.79  51.20


avg-cpu:  %user   %nice %system %iowait  %steal   %idle
           0.79    0.00    0.58    0.08    0.00   98.55

Device            r/s     rkB/s   rrqm/s  %rrqm r_await rareq-sz     w/s     wkB/s   wrqm/s  %wrqm w_await wareq-sz     d/s     dkB/s   drqm/s  %drqm d_await dareq-sz     f/s f_await  aqu-sz  %util
dm-0             0.00      0.00     0.00   0.00    0.00     0.00  777.00  16128.00     0.00   0.00    0.19    20.76    0.00      0.00     0.00   0.00    0.00     0.00    0.00    0.00    0.15  50.80
dm-1             0.00      0.00     0.00   0.00    0.00     0.00  779.00  16136.00     0.00   0.00    0.20    20.71    0.00      0.00     0.00   0.00    0.00     0.00    0.00    0.00    0.16  50.80
dm-2             0.00      0.00     0.00   0.00    0.00     0.00   59.00    252.00     0.00   0.00    0.00     4.27    0.00      0.00     0.00   0.00    0.00     0.00    0.00    0.00    0.00   2.00
loop0            0.00      0.00     0.00   0.00    0.00     0.00    0.00      0.00     0.00   0.00    0.00     0.00    0.00      0.00     0.00   0.00    0.00     0.00    0.00    0.00    0.00   0.00
loop1            0.00      0.00     0.00   0.00    0.00     0.00    0.00      0.00     0.00   0.00    0.00     0.00    0.00      0.00     0.00   0.00    0.00     0.00    0.00    0.00    0.00   0.00
loop2            0.00      0.00     0.00   0.00    0.00     0.00    0.00      0.00     0.00   0.00    0.00     0.00    0.00      0.00     0.00   0.00    0.00     0.00    0.00    0.00    0.00   0.00
loop3            0.00      0.00     0.00   0.00    0.00     0.00    0.00      0.00     0.00   0.00    0.00     0.00    0.00      0.00     0.00   0.00    0.00     0.00    0.00    0.00    0.00   0.00
loop4            0.00      0.00     0.00   0.00    0.00     0.00    0.00      0.00     0.00   0.00    0.00     0.00    0.00      0.00     0.00   0.00    0.00     0.00    0.00    0.00    0.00   0.00
loop5            0.00      0.00     0.00   0.00    0.00     0.00    0.00      0.00     0.00   0.00    0.00     0.00    0.00      0.00     0.00   0.00    0.00     0.00    0.00    0.00    0.00   0.00
loop6            0.00      0.00     0.00   0.00    0.00     0.00    0.00      0.00     0.00   0.00    0.00     0.00    0.00      0.00     0.00   0.00    0.00     0.00    0.00    0.00    0.00   0.00
loop7            0.00      0.00     0.00   0.00    0.00     0.00    0.00      0.00     0.00   0.00    0.00     0.00    0.00      0.00     0.00   0.00    0.00     0.00    0.00    0.00    0.00   0.00
sda              0.00      0.00     0.00   0.00    0.00     0.00   17.00    252.00    42.00  71.19    0.12    14.82    0.00      0.00     0.00   0.00    0.00     0.00    0.00    0.00    0.00   2.00
sdb              0.00      0.00     0.00   0.00    0.00     0.00 1320.00  31472.00   222.00  14.40    0.23    23.84    0.00      0.00     0.00   0.00    0.00     0.00    0.00    0.00    0.30  52.00


avg-cpu:  %user   %nice %system %iowait  %steal   %idle
           0.66    0.00    0.57    0.05    0.00   98.73

Device            r/s     rkB/s   rrqm/s  %rrqm r_await rareq-sz     w/s     wkB/s   wrqm/s  %wrqm w_await wareq-sz     d/s     dkB/s   drqm/s  %drqm d_await dareq-sz     f/s f_await  aqu-sz  %util
dm-0             0.00      0.00     0.00   0.00    0.00     0.00  693.00  13752.00     0.00   0.00    0.31    19.84    0.00      0.00     0.00   0.00    0.00     0.00    0.00    0.00    0.22  44.40
dm-1             0.00      0.00     0.00   0.00    0.00     0.00  679.00  13696.00     0.00   0.00    0.31    20.17    0.00      0.00     0.00   0.00    0.00     0.00    0.00    0.00    0.21  44.00
dm-2             0.00      0.00     0.00   0.00    0.00     0.00   70.00    328.00     0.00   0.00    0.00     4.69    0.00      0.00     0.00   0.00    0.00     0.00    0.00    0.00    0.00   2.00
loop0            0.00      0.00     0.00   0.00    0.00     0.00    0.00      0.00     0.00   0.00    0.00     0.00    0.00      0.00     0.00   0.00    0.00     0.00    0.00    0.00    0.00   0.00
loop1            0.00      0.00     0.00   0.00    0.00     0.00    0.00      0.00     0.00   0.00    0.00     0.00    0.00      0.00     0.00   0.00    0.00     0.00    0.00    0.00    0.00   0.00
loop2            0.00      0.00     0.00   0.00    0.00     0.00    0.00      0.00     0.00   0.00    0.00     0.00    0.00      0.00     0.00   0.00    0.00     0.00    0.00    0.00    0.00   0.00
loop3            0.00      0.00     0.00   0.00    0.00     0.00    0.00      0.00     0.00   0.00    0.00     0.00    0.00      0.00     0.00   0.00    0.00     0.00    0.00    0.00    0.00   0.00
loop4            0.00      0.00     0.00   0.00    0.00     0.00    0.00      0.00     0.00   0.00    0.00     0.00    0.00      0.00     0.00   0.00    0.00     0.00    0.00    0.00    0.00   0.00
loop5            0.00      0.00     0.00   0.00    0.00     0.00    0.00      0.00     0.00   0.00    0.00     0.00    0.00      0.00     0.00   0.00    0.00     0.00    0.00    0.00    0.00   0.00
loop6            0.00      0.00     0.00   0.00    0.00     0.00    0.00      0.00     0.00   0.00    0.00     0.00    0.00      0.00     0.00   0.00    0.00     0.00    0.00    0.00    0.00   0.00
loop7            0.00      0.00     0.00   0.00    0.00     0.00    0.00      0.00     0.00   0.00    0.00     0.00    0.00      0.00     0.00   0.00    0.00     0.00    0.00    0.00    0.00   0.00
sda              0.00      0.00     0.00   0.00    0.00     0.00   26.00    328.00    44.00  62.86    1.00    12.62    0.00      0.00     0.00   0.00    0.00     0.00    0.00    0.00    0.03   2.00
sdb              0.00      0.00     0.00   0.00    0.00     0.00 1191.00  28240.00   195.00  14.07    0.31    23.71    0.00      0.00     0.00   0.00    0.00     0.00    0.00    0.00    0.37  44.40


avg-cpu:  %user   %nice %system %iowait  %steal   %idle
           0.64    0.00    0.57    0.02    0.00   98.77

Device            r/s     rkB/s   rrqm/s  %rrqm r_await rareq-sz     w/s     wkB/s   wrqm/s  %wrqm w_await wareq-sz     d/s     dkB/s   drqm/s  %drqm d_await dareq-sz     f/s f_await  aqu-sz  %util
dm-0             0.00      0.00     0.00   0.00    0.00     0.00  753.00  15252.00     0.00   0.00    0.04    20.25    0.00      0.00     0.00   0.00    0.00     0.00    0.00    0.00    0.03  48.40
dm-1             0.00      0.00     0.00   0.00    0.00     0.00  768.00  15436.00     0.00   0.00    0.08    20.10    0.00      0.00     0.00   0.00    0.00     0.00    0.00    0.00    0.06  46.40
dm-2             0.00      0.00     0.00   0.00    0.00     0.00   64.00    276.00     0.00   0.00    0.00     4.31    0.00      0.00     0.00   0.00    0.00     0.00    0.00    0.00    0.00   2.80
loop0            0.00      0.00     0.00   0.00    0.00     0.00    0.00      0.00     0.00   0.00    0.00     0.00    0.00      0.00     0.00   0.00    0.00     0.00    0.00    0.00    0.00   0.00
loop1            0.00      0.00     0.00   0.00    0.00     0.00    0.00      0.00     0.00   0.00    0.00     0.00    0.00      0.00     0.00   0.00    0.00     0.00    0.00    0.00    0.00   0.00
loop2            0.00      0.00     0.00   0.00    0.00     0.00    0.00      0.00     0.00   0.00    0.00     0.00    0.00      0.00     0.00   0.00    0.00     0.00    0.00    0.00    0.00   0.00
loop3            0.00      0.00     0.00   0.00    0.00     0.00    0.00      0.00     0.00   0.00    0.00     0.00    0.00      0.00     0.00   0.00    0.00     0.00    0.00    0.00    0.00   0.00
loop4            0.00      0.00     0.00   0.00    0.00     0.00    0.00      0.00     0.00   0.00    0.00     0.00    0.00      0.00     0.00   0.00    0.00     0.00    0.00    0.00    0.00   0.00
loop5            0.00      0.00     0.00   0.00    0.00     0.00    0.00      0.00     0.00   0.00    0.00     0.00    0.00      0.00     0.00   0.00    0.00     0.00    0.00    0.00    0.00   0.00
loop6            0.00      0.00     0.00   0.00    0.00     0.00    0.00      0.00     0.00   0.00    0.00     0.00    0.00      0.00     0.00   0.00    0.00     0.00    0.00    0.00    0.00   0.00
loop7            0.00      0.00     0.00   0.00    0.00     0.00    0.00      0.00     0.00   0.00    0.00     0.00    0.00      0.00     0.00   0.00    0.00     0.00    0.00    0.00    0.00   0.00
sda              0.00      0.00     0.00   0.00    0.00     0.00   20.00    276.00    44.00  68.75    0.25    13.80    0.00      0.00     0.00   0.00    0.00     0.00    0.00    0.00    0.01   2.80
sdb              0.00      0.00     0.00   0.00    0.00     0.00 1327.00  30688.00   194.00  12.75    0.06    23.13    0.00      0.00     0.00   0.00    0.00     0.00    0.00    0.00    0.07  48.40


avg-cpu:  %user   %nice %system %iowait  %steal   %idle
           0.74    0.00    0.55    0.20    0.00   98.51

Device            r/s     rkB/s   rrqm/s  %rrqm r_await rareq-sz     w/s     wkB/s   wrqm/s  %wrqm w_await wareq-sz     d/s     dkB/s   drqm/s  %drqm d_await dareq-sz     f/s f_await  aqu-sz  %util
dm-0             0.00      0.00     0.00   0.00    0.00     0.00  717.00  15708.00     0.00   0.00    0.88    21.91    0.00      0.00     0.00   0.00    0.00     0.00    0.00    0.00    0.63  57.20
dm-1             0.00      0.00     0.00   0.00    0.00     0.00  700.00  15640.00     0.00   0.00    0.96    22.34    0.00      0.00     0.00   0.00    0.00     0.00    0.00    0.00    0.67  57.20
dm-2             0.00      0.00     0.00   0.00    0.00     0.00   38.00    152.00     0.00   0.00    0.00     4.00    0.00      0.00     0.00   0.00    0.00     0.00    0.00    0.00    0.00   1.20
loop0            0.00      0.00     0.00   0.00    0.00     0.00    0.00      0.00     0.00   0.00    0.00     0.00    0.00      0.00     0.00   0.00    0.00     0.00    0.00    0.00    0.00   0.00
loop1            0.00      0.00     0.00   0.00    0.00     0.00    0.00      0.00     0.00   0.00    0.00     0.00    0.00      0.00     0.00   0.00    0.00     0.00    0.00    0.00    0.00   0.00
loop2            0.00      0.00     0.00   0.00    0.00     0.00    0.00      0.00     0.00   0.00    0.00     0.00    0.00      0.00     0.00   0.00    0.00     0.00    0.00    0.00    0.00   0.00
loop3            0.00      0.00     0.00   0.00    0.00     0.00    0.00      0.00     0.00   0.00    0.00     0.00    0.00      0.00     0.00   0.00    0.00     0.00    0.00    0.00    0.00   0.00
loop4            0.00      0.00     0.00   0.00    0.00     0.00    0.00      0.00     0.00   0.00    0.00     0.00    0.00      0.00     0.00   0.00    0.00     0.00    0.00    0.00    0.00   0.00
loop5            0.00      0.00     0.00   0.00    0.00     0.00    0.00      0.00     0.00   0.00    0.00     0.00    0.00      0.00     0.00   0.00    0.00     0.00    0.00    0.00    0.00   0.00
loop6            0.00      0.00     0.00   0.00    0.00     0.00    0.00      0.00     0.00   0.00    0.00     0.00    0.00      0.00     0.00   0.00    0.00     0.00    0.00    0.00    0.00   0.00
loop7            0.00      0.00     0.00   0.00    0.00     0.00    0.00      0.00     0.00   0.00    0.00     0.00    0.00      0.00     0.00   0.00    0.00     0.00    0.00    0.00    0.00   0.00
sda              0.00      0.00     0.00   0.00    0.00     0.00   11.00    152.00    27.00  71.05    0.09    13.82    0.00      0.00     0.00   0.00    0.00     0.00    0.00    0.00    0.00   1.20
sdb              0.00      0.00     0.00   0.00    0.00     0.00 1212.00  29804.00   179.00  12.87    1.03    24.59    0.00      0.00     0.00   0.00    0.00     0.00    0.00    0.00    1.24  58.00


avg-cpu:  %user   %nice %system %iowait  %steal   %idle
           0.63    0.00    0.50    0.99    0.00   97.88

Device            r/s     rkB/s   rrqm/s  %rrqm r_await rareq-sz     w/s     wkB/s   wrqm/s  %wrqm w_await wareq-sz     d/s     dkB/s   drqm/s  %drqm d_await dareq-sz     f/s f_await  aqu-sz  %util
dm-0             0.00      0.00     0.00   0.00    0.00     0.00  511.00  13928.00     0.00   0.00   14.57    27.26    0.00      0.00     0.00   0.00    0.00     0.00    0.00    0.00    7.44  81.20
dm-1             0.00      0.00     0.00   0.00    0.00     0.00  505.00  13900.00     0.00   0.00   14.54    27.52    0.00      0.00     0.00   0.00    0.00     0.00    0.00    0.00    7.34  81.60
dm-2             0.00      0.00     0.00   0.00    0.00     0.00  317.00   1448.00     0.00   0.00    1.73     4.57    0.00      0.00     0.00   0.00    0.00     0.00    0.00    0.00    0.55   6.40
loop0            0.00      0.00     0.00   0.00    0.00     0.00    0.00      0.00     0.00   0.00    0.00     0.00    0.00      0.00     0.00   0.00    0.00     0.00    0.00    0.00    0.00   0.00
loop1            0.00      0.00     0.00   0.00    0.00     0.00    0.00      0.00     0.00   0.00    0.00     0.00    0.00      0.00     0.00   0.00    0.00     0.00    0.00    0.00    0.00   0.00
loop2            0.00      0.00     0.00   0.00    0.00     0.00    0.00      0.00     0.00   0.00    0.00     0.00    0.00      0.00     0.00   0.00    0.00     0.00    0.00    0.00    0.00   0.00
loop3            0.00      0.00     0.00   0.00    0.00     0.00    0.00      0.00     0.00   0.00    0.00     0.00    0.00      0.00     0.00   0.00    0.00     0.00    0.00    0.00    0.00   0.00
loop4            0.00      0.00     0.00   0.00    0.00     0.00    0.00      0.00     0.00   0.00    0.00     0.00    0.00      0.00     0.00   0.00    0.00     0.00    0.00    0.00    0.00   0.00
loop5            0.00      0.00     0.00   0.00    0.00     0.00    0.00      0.00     0.00   0.00    0.00     0.00    0.00      0.00     0.00   0.00    0.00     0.00    0.00    0.00    0.00   0.00
loop6            0.00      0.00     0.00   0.00    0.00     0.00    0.00      0.00     0.00   0.00    0.00     0.00    0.00      0.00     0.00   0.00    0.00     0.00    0.00    0.00    0.00   0.00
loop7            0.00      0.00     0.00   0.00    0.00     0.00    0.00      0.00     0.00   0.00    0.00     0.00    0.00      0.00     0.00   0.00    0.00     0.00    0.00    0.00    0.00   0.00
sda              0.00      0.00     0.00   0.00    0.00     0.00  269.00   1448.00    48.00  15.14    1.87     5.38    0.00      0.00     0.00   0.00    0.00     0.00    0.00    0.00    0.50   6.40
sdb              0.00      0.00     0.00   0.00    0.00     0.00  838.00  29372.00   204.00  19.58   14.01    35.05    0.00      0.00     0.00   0.00    0.00     0.00    0.00    0.00   11.74  83.60


avg-cpu:  %user   %nice %system %iowait  %steal   %idle
           0.61    0.00    0.61    0.00    0.00   98.78

Device            r/s     rkB/s   rrqm/s  %rrqm r_await rareq-sz     w/s     wkB/s   wrqm/s  %wrqm w_await wareq-sz     d/s     dkB/s   drqm/s  %drqm d_await dareq-sz     f/s f_await  aqu-sz  %util
dm-0             0.00      0.00     0.00   0.00    0.00     0.00  635.00  12440.00     0.00   0.00    0.09    19.59    0.00      0.00     0.00   0.00    0.00     0.00    0.00    0.00    0.06  41.20
dm-1             0.00      0.00     0.00   0.00    0.00     0.00  629.00  12416.00     0.00   0.00    0.07    19.74    0.00      0.00     0.00   0.00    0.00     0.00    0.00    0.00    0.04  41.60
dm-2             0.00      0.00     0.00   0.00    0.00     0.00   37.00    148.00     0.00   0.00    0.00     4.00    0.00      0.00     0.00   0.00    0.00     0.00    0.00    0.00    0.00   0.80
loop0            0.00      0.00     0.00   0.00    0.00     0.00    0.00      0.00     0.00   0.00    0.00     0.00    0.00      0.00     0.00   0.00    0.00     0.00    0.00    0.00    0.00   0.00
loop1            0.00      0.00     0.00   0.00    0.00     0.00    0.00      0.00     0.00   0.00    0.00     0.00    0.00      0.00     0.00   0.00    0.00     0.00    0.00    0.00    0.00   0.00
loop2            0.00      0.00     0.00   0.00    0.00     0.00    0.00      0.00     0.00   0.00    0.00     0.00    0.00      0.00     0.00   0.00    0.00     0.00    0.00    0.00    0.00   0.00
loop3            0.00      0.00     0.00   0.00    0.00     0.00    0.00      0.00     0.00   0.00    0.00     0.00    0.00      0.00     0.00   0.00    0.00     0.00    0.00    0.00    0.00   0.00
loop4            0.00      0.00     0.00   0.00    0.00     0.00    0.00      0.00     0.00   0.00    0.00     0.00    0.00      0.00     0.00   0.00    0.00     0.00    0.00    0.00    0.00   0.00
loop5            0.00      0.00     0.00   0.00    0.00     0.00    0.00      0.00     0.00   0.00    0.00     0.00    0.00      0.00     0.00   0.00    0.00     0.00    0.00    0.00    0.00   0.00
loop6            0.00      0.00     0.00   0.00    0.00     0.00    0.00      0.00     0.00   0.00    0.00     0.00    0.00      0.00     0.00   0.00    0.00     0.00    0.00    0.00    0.00   0.00
loop7            0.00      0.00     0.00   0.00    0.00     0.00    0.00      0.00     0.00   0.00    0.00     0.00    0.00      0.00     0.00   0.00    0.00     0.00    0.00    0.00    0.00   0.00
sda              0.00      0.00     0.00   0.00    0.00     0.00   11.00    148.00    26.00  70.27    0.09    13.45    0.00      0.00     0.00   0.00    0.00     0.00    0.00    0.00    0.00   0.80
sdb              0.00      0.00     0.00   0.00    0.00     0.00 1103.00  24856.00   161.00  12.74    0.06    22.53    0.00      0.00     0.00   0.00    0.00     0.00    0.00    0.00    0.07  42.40


avg-cpu:  %user   %nice %system %iowait  %steal   %idle
           0.64    0.00    0.57    0.38    0.00   98.41

Device            r/s     rkB/s   rrqm/s  %rrqm r_await rareq-sz     w/s     wkB/s   wrqm/s  %wrqm w_await wareq-sz     d/s     dkB/s   drqm/s  %drqm d_await dareq-sz     f/s f_await  aqu-sz  %util
dm-0             0.00      0.00     0.00   0.00    0.00     0.00  748.00  16192.00     0.00   0.00    3.32    21.65    0.00      0.00     0.00   0.00    0.00     0.00    0.00    0.00    2.48  64.80
dm-1             0.00      0.00     0.00   0.00    0.00     0.00  724.00  16096.00     0.00   0.00    3.40    22.23    0.00      0.00     0.00   0.00    0.00     0.00    0.00    0.00    2.46  63.20
dm-2             0.00      0.00     0.00   0.00    0.00     0.00   73.00    320.00     0.00   0.00    0.00     4.38    0.00      0.00     0.00   0.00    0.00     0.00    0.00    0.00    0.00   2.40
loop0            0.00      0.00     0.00   0.00    0.00     0.00    0.00      0.00     0.00   0.00    0.00     0.00    0.00      0.00     0.00   0.00    0.00     0.00    0.00    0.00    0.00   0.00
loop1            0.00      0.00     0.00   0.00    0.00     0.00    0.00      0.00     0.00   0.00    0.00     0.00    0.00      0.00     0.00   0.00    0.00     0.00    0.00    0.00    0.00   0.00
loop2            0.00      0.00     0.00   0.00    0.00     0.00    0.00      0.00     0.00   0.00    0.00     0.00    0.00      0.00     0.00   0.00    0.00     0.00    0.00    0.00    0.00   0.00
loop3            0.00      0.00     0.00   0.00    0.00     0.00    0.00      0.00     0.00   0.00    0.00     0.00    0.00      0.00     0.00   0.00    0.00     0.00    0.00    0.00    0.00   0.00
loop4            0.00      0.00     0.00   0.00    0.00     0.00    0.00      0.00     0.00   0.00    0.00     0.00    0.00      0.00     0.00   0.00    0.00     0.00    0.00    0.00    0.00   0.00
loop5            0.00      0.00     0.00   0.00    0.00     0.00    0.00      0.00     0.00   0.00    0.00     0.00    0.00      0.00     0.00   0.00    0.00     0.00    0.00    0.00    0.00   0.00
loop6            0.00      0.00     0.00   0.00    0.00     0.00    0.00      0.00     0.00   0.00    0.00     0.00    0.00      0.00     0.00   0.00    0.00     0.00    0.00    0.00    0.00   0.00
loop7            0.00      0.00     0.00   0.00    0.00     0.00    0.00      0.00     0.00   0.00    0.00     0.00    0.00      0.00     0.00   0.00    0.00     0.00    0.00    0.00    0.00   0.00
sda              0.00      0.00     0.00   0.00    0.00     0.00   33.00    320.00    40.00  54.79    0.27     9.70    0.00      0.00     0.00   0.00    0.00     0.00    0.00    0.00    0.01   2.40
sdb              0.00      0.00     0.00   0.00    0.00     0.00 1236.00  32288.00   236.00  16.03    3.59    26.12    0.00      0.00     0.00   0.00    0.00     0.00    0.00    0.00    4.44  64.80


avg-cpu:  %user   %nice %system %iowait  %steal   %idle
           0.69    0.00    0.64    0.83    0.00   97.83

Device            r/s     rkB/s   rrqm/s  %rrqm r_await rareq-sz     w/s     wkB/s   wrqm/s  %wrqm w_await wareq-sz     d/s     dkB/s   drqm/s  %drqm d_await dareq-sz     f/s f_await  aqu-sz  %util
dm-0             0.00      0.00     0.00   0.00    0.00     0.00  551.00  15044.00     0.00   0.00   14.53    27.30    0.00      0.00     0.00   0.00    0.00     0.00    0.00    0.00    8.01  77.20
dm-1             0.00      0.00     0.00   0.00    0.00     0.00  542.00  15012.00     0.00   0.00   15.37    27.70    0.00      0.00     0.00   0.00    0.00     0.00    0.00    0.00    8.33  78.00
dm-2             0.00      0.00     0.00   0.00    0.00     0.00   14.00     56.00     0.00   0.00    0.57     4.00    0.00      0.00     0.00   0.00    0.00     0.00    0.00    0.00    0.01   1.20
loop0            0.00      0.00     0.00   0.00    0.00     0.00    0.00      0.00     0.00   0.00    0.00     0.00    0.00      0.00     0.00   0.00    0.00     0.00    0.00    0.00    0.00   0.00
loop1            0.00      0.00     0.00   0.00    0.00     0.00    0.00      0.00     0.00   0.00    0.00     0.00    0.00      0.00     0.00   0.00    0.00     0.00    0.00    0.00    0.00   0.00
loop2            0.00      0.00     0.00   0.00    0.00     0.00    0.00      0.00     0.00   0.00    0.00     0.00    0.00      0.00     0.00   0.00    0.00     0.00    0.00    0.00    0.00   0.00
loop3            0.00      0.00     0.00   0.00    0.00     0.00    0.00      0.00     0.00   0.00    0.00     0.00    0.00      0.00     0.00   0.00    0.00     0.00    0.00    0.00    0.00   0.00
loop4            0.00      0.00     0.00   0.00    0.00     0.00    0.00      0.00     0.00   0.00    0.00     0.00    0.00      0.00     0.00   0.00    0.00     0.00    0.00    0.00    0.00   0.00
loop5            0.00      0.00     0.00   0.00    0.00     0.00    0.00      0.00     0.00   0.00    0.00     0.00    0.00      0.00     0.00   0.00    0.00     0.00    0.00    0.00    0.00   0.00
loop6            0.00      0.00     0.00   0.00    0.00     0.00    0.00      0.00     0.00   0.00    0.00     0.00    0.00      0.00     0.00   0.00    0.00     0.00    0.00    0.00    0.00   0.00
loop7            0.00      0.00     0.00   0.00    0.00     0.00    0.00      0.00     0.00   0.00    0.00     0.00    0.00      0.00     0.00   0.00    0.00     0.00    0.00    0.00    0.00   0.00
sda              0.00      0.00     0.00   0.00    0.00     0.00    3.00     48.00    10.00  76.92    1.67    16.00    0.00      0.00     0.00   0.00    0.00     0.00    0.00    0.00    0.01   1.20
sdb              0.00      0.00     0.00   0.00    0.00     0.00  871.00  28620.00   198.00  18.52   16.01    32.86    0.00      0.00     0.00   0.00    0.00     0.00    0.00    0.00   13.94  78.80


avg-cpu:  %user   %nice %system %iowait  %steal   %idle
           0.71    0.00    0.56    0.99    0.00   97.74

Device            r/s     rkB/s   rrqm/s  %rrqm r_await rareq-sz     w/s     wkB/s   wrqm/s  %wrqm w_await wareq-sz     d/s     dkB/s   drqm/s  %drqm d_await dareq-sz     f/s f_await  aqu-sz  %util
dm-0             0.00      0.00     0.00   0.00    0.00     0.00  536.00  14624.00     0.00   0.00   21.04    27.28    0.00      0.00     0.00   0.00    0.00     0.00    0.00    0.00   11.28  82.00
dm-1             0.00      0.00     0.00   0.00    0.00     0.00  524.00  14576.00     0.00   0.00   21.19    27.82    0.00      0.00     0.00   0.00    0.00     0.00    0.00    0.00   11.10  82.80
dm-2             0.00      0.00     0.00   0.00    0.00     0.00   37.00    148.00     0.00   0.00    3.03     4.00    0.00      0.00     0.00   0.00    0.00     0.00    0.00    0.00    0.11   3.20
loop0            0.00      0.00     0.00   0.00    0.00     0.00    0.00      0.00     0.00   0.00    0.00     0.00    0.00      0.00     0.00   0.00    0.00     0.00    0.00    0.00    0.00   0.00
loop1            0.00      0.00     0.00   0.00    0.00     0.00    0.00      0.00     0.00   0.00    0.00     0.00    0.00      0.00     0.00   0.00    0.00     0.00    0.00    0.00    0.00   0.00
loop2            0.00      0.00     0.00   0.00    0.00     0.00    0.00      0.00     0.00   0.00    0.00     0.00    0.00      0.00     0.00   0.00    0.00     0.00    0.00    0.00    0.00   0.00
loop3            0.00      0.00     0.00   0.00    0.00     0.00    0.00      0.00     0.00   0.00    0.00     0.00    0.00      0.00     0.00   0.00    0.00     0.00    0.00    0.00    0.00   0.00
loop4            0.00      0.00     0.00   0.00    0.00     0.00    0.00      0.00     0.00   0.00    0.00     0.00    0.00      0.00     0.00   0.00    0.00     0.00    0.00    0.00    0.00   0.00
loop5            0.00      0.00     0.00   0.00    0.00     0.00    0.00      0.00     0.00   0.00    0.00     0.00    0.00      0.00     0.00   0.00    0.00     0.00    0.00    0.00    0.00   0.00
loop6            0.00      0.00     0.00   0.00    0.00     0.00    0.00      0.00     0.00   0.00    0.00     0.00    0.00      0.00     0.00   0.00    0.00     0.00    0.00    0.00    0.00   0.00
loop7            0.00      0.00     0.00   0.00    0.00     0.00    0.00      0.00     0.00   0.00    0.00     0.00    0.00      0.00     0.00   0.00    0.00     0.00    0.00    0.00    0.00   0.00
sda              0.00      0.00     0.00   0.00    0.00     0.00   11.00    156.00    27.00  71.05    3.36    14.18    0.00      0.00     0.00   0.00    0.00     0.00    0.00    0.00    0.04   3.20
sdb              0.00      0.00     0.00   0.00    0.00     0.00  845.00  29856.00   225.00  21.03   21.00    35.33    0.00      0.00     0.00   0.00    0.00     0.00    0.00    0.00   17.75  84.00


avg-cpu:  %user   %nice %system %iowait  %steal   %idle
           0.63    0.00    0.47    1.32    0.00   97.58

Device            r/s     rkB/s   rrqm/s  %rrqm r_await rareq-sz     w/s     wkB/s   wrqm/s  %wrqm w_await wareq-sz     d/s     dkB/s   drqm/s  %drqm d_await dareq-sz     f/s f_await  aqu-sz  %util
dm-0             0.00      0.00     0.00   0.00    0.00     0.00  425.00  12560.00     0.00   0.00   29.92    29.55    0.00      0.00     0.00   0.00    0.00     0.00    0.00    0.00   12.72  77.60
dm-1             0.00      0.00     0.00   0.00    0.00     0.00  414.00  12516.00     0.00   0.00   31.64    30.23    0.00      0.00     0.00   0.00    0.00     0.00    0.00    0.00   13.10  78.40
dm-2             0.00      0.00     0.00   0.00    0.00     0.00  312.00   1392.00     0.00   0.00    1.14     4.46    0.00      0.00     0.00   0.00    0.00     0.00    0.00    0.00    0.36   7.20
loop0            0.00      0.00     0.00   0.00    0.00     0.00    0.00      0.00     0.00   0.00    0.00     0.00    0.00      0.00     0.00   0.00    0.00     0.00    0.00    0.00    0.00   0.00
loop1            0.00      0.00     0.00   0.00    0.00     0.00    0.00      0.00     0.00   0.00    0.00     0.00    0.00      0.00     0.00   0.00    0.00     0.00    0.00    0.00    0.00   0.00
loop2            0.00      0.00     0.00   0.00    0.00     0.00    0.00      0.00     0.00   0.00    0.00     0.00    0.00      0.00     0.00   0.00    0.00     0.00    0.00    0.00    0.00   0.00
loop3            0.00      0.00     0.00   0.00    0.00     0.00    0.00      0.00     0.00   0.00    0.00     0.00    0.00      0.00     0.00   0.00    0.00     0.00    0.00    0.00    0.00   0.00
loop4            0.00      0.00     0.00   0.00    0.00     0.00    0.00      0.00     0.00   0.00    0.00     0.00    0.00      0.00     0.00   0.00    0.00     0.00    0.00    0.00    0.00   0.00
loop5            0.00      0.00     0.00   0.00    0.00     0.00    0.00      0.00     0.00   0.00    0.00     0.00    0.00      0.00     0.00   0.00    0.00     0.00    0.00    0.00    0.00   0.00
loop6            0.00      0.00     0.00   0.00    0.00     0.00    0.00      0.00     0.00   0.00    0.00     0.00    0.00      0.00     0.00   0.00    0.00     0.00    0.00    0.00    0.00   0.00
loop7            0.00      0.00     0.00   0.00    0.00     0.00    0.00      0.00     0.00   0.00    0.00     0.00    0.00      0.00     0.00   0.00    0.00     0.00    0.00    0.00    0.00   0.00
sda              0.00      0.00     0.00   0.00    0.00     0.00  260.00   1392.00    52.00  16.67    1.50     5.35    0.00      0.00     0.00   0.00    0.00     0.00    0.00    0.00    0.39   7.20
sdb              0.00      0.00     0.00   0.00    0.00     0.00  663.00  25856.00   190.00  22.27   31.91    39.00    0.00      0.00     0.00   0.00    0.00     0.00    0.00    0.00   21.16  78.80


avg-cpu:  %user   %nice %system %iowait  %steal   %idle
           0.55    0.00    0.47    0.99    0.00   97.99

Device            r/s     rkB/s   rrqm/s  %rrqm r_await rareq-sz     w/s     wkB/s   wrqm/s  %wrqm w_await wareq-sz     d/s     dkB/s   drqm/s  %drqm d_await dareq-sz     f/s f_await  aqu-sz  %util
dm-0             0.00      0.00     0.00   0.00    0.00     0.00  480.00  14040.00     0.00   0.00   23.88    29.25    0.00      0.00     0.00   0.00    0.00     0.00    0.00    0.00   11.46  86.00
dm-1             0.00      0.00     0.00   0.00    0.00     0.00  484.00  14056.00     0.00   0.00   24.03    29.04    0.00      0.00     0.00   0.00    0.00     0.00    0.00    0.00   11.63  83.60
dm-2             0.00      0.00     0.00   0.00    0.00     0.00   42.00    168.00     0.00   0.00    3.90     4.00    0.00      0.00     0.00   0.00    0.00     0.00    0.00    0.00    0.16   5.20
loop0            0.00      0.00     0.00   0.00    0.00     0.00    0.00      0.00     0.00   0.00    0.00     0.00    0.00      0.00     0.00   0.00    0.00     0.00    0.00    0.00    0.00   0.00
loop1            0.00      0.00     0.00   0.00    0.00     0.00    0.00      0.00     0.00   0.00    0.00     0.00    0.00      0.00     0.00   0.00    0.00     0.00    0.00    0.00    0.00   0.00
loop2            0.00      0.00     0.00   0.00    0.00     0.00    0.00      0.00     0.00   0.00    0.00     0.00    0.00      0.00     0.00   0.00    0.00     0.00    0.00    0.00    0.00   0.00
loop3            0.00      0.00     0.00   0.00    0.00     0.00    0.00      0.00     0.00   0.00    0.00     0.00    0.00      0.00     0.00   0.00    0.00     0.00    0.00    0.00    0.00   0.00
loop4            0.00      0.00     0.00   0.00    0.00     0.00    0.00      0.00     0.00   0.00    0.00     0.00    0.00      0.00     0.00   0.00    0.00     0.00    0.00    0.00    0.00   0.00
loop5            0.00      0.00     0.00   0.00    0.00     0.00    0.00      0.00     0.00   0.00    0.00     0.00    0.00      0.00     0.00   0.00    0.00     0.00    0.00    0.00    0.00   0.00
loop6            0.00      0.00     0.00   0.00    0.00     0.00    0.00      0.00     0.00   0.00    0.00     0.00    0.00      0.00     0.00   0.00    0.00     0.00    0.00    0.00    0.00   0.00
loop7            0.00      0.00     0.00   0.00    0.00     0.00    0.00      0.00     0.00   0.00    0.00     0.00    0.00      0.00     0.00   0.00    0.00     0.00    0.00    0.00    0.00   0.00
sda              0.00      0.00     0.00   0.00    0.00     0.00   11.00    168.00    31.00  73.81    3.36    15.27    0.00      0.00     0.00   0.00    0.00     0.00    0.00    0.00    0.04   5.20
sdb              0.00      0.00     0.00   0.00    0.00     0.00  772.00  28096.00   192.00  19.92   25.63    36.39    0.00      0.00     0.00   0.00    0.00     0.00    0.00    0.00   19.78  86.00


avg-cpu:  %user   %nice %system %iowait  %steal   %idle
           0.63    0.00    0.52    1.51    0.00   97.34

Device            r/s     rkB/s   rrqm/s  %rrqm r_await rareq-sz     w/s     wkB/s   wrqm/s  %wrqm w_await wareq-sz     d/s     dkB/s   drqm/s  %drqm d_await dareq-sz     f/s f_await  aqu-sz  %util
dm-0             0.00      0.00     0.00   0.00    0.00     0.00  395.00  15440.00     0.00   0.00   58.90    39.09    0.00      0.00     0.00   0.00    0.00     0.00    0.00    0.00   23.26  98.00
dm-1             0.00      0.00     0.00   0.00    0.00     0.00  390.00  15360.00     0.00   0.00   51.90    39.38    0.00      0.00     0.00   0.00    0.00     0.00    0.00    0.00   20.24  99.20
dm-2             0.00      0.00     0.00   0.00    0.00     0.00   76.00    332.00     0.00   0.00    1.89     4.37    0.00      0.00     0.00   0.00    0.00     0.00    0.00    0.00    0.14   7.20
loop0            0.00      0.00     0.00   0.00    0.00     0.00    0.00      0.00     0.00   0.00    0.00     0.00    0.00      0.00     0.00   0.00    0.00     0.00    0.00    0.00    0.00   0.00
loop1            0.00      0.00     0.00   0.00    0.00     0.00    0.00      0.00     0.00   0.00    0.00     0.00    0.00      0.00     0.00   0.00    0.00     0.00    0.00    0.00    0.00   0.00
loop2            0.00      0.00     0.00   0.00    0.00     0.00    0.00      0.00     0.00   0.00    0.00     0.00    0.00      0.00     0.00   0.00    0.00     0.00    0.00    0.00    0.00   0.00
loop3            0.00      0.00     0.00   0.00    0.00     0.00    0.00      0.00     0.00   0.00    0.00     0.00    0.00      0.00     0.00   0.00    0.00     0.00    0.00    0.00    0.00   0.00
loop4            0.00      0.00     0.00   0.00    0.00     0.00    0.00      0.00     0.00   0.00    0.00     0.00    0.00      0.00     0.00   0.00    0.00     0.00    0.00    0.00    0.00   0.00
loop5            0.00      0.00     0.00   0.00    0.00     0.00    0.00      0.00     0.00   0.00    0.00     0.00    0.00      0.00     0.00   0.00    0.00     0.00    0.00    0.00    0.00   0.00
loop6            0.00      0.00     0.00   0.00    0.00     0.00    0.00      0.00     0.00   0.00    0.00     0.00    0.00      0.00     0.00   0.00    0.00     0.00    0.00    0.00    0.00   0.00
loop7            0.00      0.00     0.00   0.00    0.00     0.00    0.00      0.00     0.00   0.00    0.00     0.00    0.00      0.00     0.00   0.00    0.00     0.00    0.00    0.00    0.00   0.00
sda              0.00      0.00     0.00   0.00    0.00     0.00   32.00    332.00    44.00  57.89    2.66    10.38    0.00      0.00     0.00   0.00    0.00     0.00    0.00    0.00    0.09   7.20
sdb              0.00      0.00     0.00   0.00    0.00     0.00  557.00  29384.00   204.00  26.81   62.96    52.75    0.00      0.00     0.00   0.00    0.00     0.00    0.00    0.00   35.07  99.20


avg-cpu:  %user   %nice %system %iowait  %steal   %idle
           0.52    0.00    0.52    1.24    0.00   97.73

Device            r/s     rkB/s   rrqm/s  %rrqm r_await rareq-sz     w/s     wkB/s   wrqm/s  %wrqm w_await wareq-sz     d/s     dkB/s   drqm/s  %drqm d_await dareq-sz     f/s f_await  aqu-sz  %util
dm-0             0.00      0.00     0.00   0.00    0.00     0.00  418.00  12712.00     0.00   0.00   33.45    30.41    0.00      0.00     0.00   0.00    0.00     0.00    0.00    0.00   13.98  82.80
dm-1             0.00      0.00     0.00   0.00    0.00     0.00  417.00  12768.00     0.00   0.00   34.45    30.62    0.00      0.00     0.00   0.00    0.00     0.00    0.00    0.00   14.36  83.20
dm-2             0.00      0.00     0.00   0.00    0.00     0.00   47.00    188.00     0.00   0.00    2.21     4.00    0.00      0.00     0.00   0.00    0.00     0.00    0.00    0.00    0.10   3.60
loop0            0.00      0.00     0.00   0.00    0.00     0.00    0.00      0.00     0.00   0.00    0.00     0.00    0.00      0.00     0.00   0.00    0.00     0.00    0.00    0.00    0.00   0.00
loop1            0.00      0.00     0.00   0.00    0.00     0.00    0.00      0.00     0.00   0.00    0.00     0.00    0.00      0.00     0.00   0.00    0.00     0.00    0.00    0.00    0.00   0.00
loop2            0.00      0.00     0.00   0.00    0.00     0.00    0.00      0.00     0.00   0.00    0.00     0.00    0.00      0.00     0.00   0.00    0.00     0.00    0.00    0.00    0.00   0.00
loop3            0.00      0.00     0.00   0.00    0.00     0.00    0.00      0.00     0.00   0.00    0.00     0.00    0.00      0.00     0.00   0.00    0.00     0.00    0.00    0.00    0.00   0.00
loop4            0.00      0.00     0.00   0.00    0.00     0.00    0.00      0.00     0.00   0.00    0.00     0.00    0.00      0.00     0.00   0.00    0.00     0.00    0.00    0.00    0.00   0.00
loop5            0.00      0.00     0.00   0.00    0.00     0.00    0.00      0.00     0.00   0.00    0.00     0.00    0.00      0.00     0.00   0.00    0.00     0.00    0.00    0.00    0.00   0.00
loop6            0.00      0.00     0.00   0.00    0.00     0.00    0.00      0.00     0.00   0.00    0.00     0.00    0.00      0.00     0.00   0.00    0.00     0.00    0.00    0.00    0.00   0.00
loop7            0.00      0.00     0.00   0.00    0.00     0.00    0.00      0.00     0.00   0.00    0.00     0.00    0.00      0.00     0.00   0.00    0.00     0.00    0.00    0.00    0.00   0.00
sda              0.00      0.00     0.00   0.00    0.00     0.00   11.00    188.00    36.00  76.60    2.27    17.09    0.00      0.00     0.00   0.00    0.00     0.00    0.00    0.00    0.03   3.60
sdb              0.00      0.00     0.00   0.00    0.00     0.00  659.00  26896.00   200.00  23.28   32.94    40.81    0.00      0.00     0.00   0.00    0.00     0.00    0.00    0.00   21.71  84.00


avg-cpu:  %user   %nice %system %iowait  %steal   %idle
           0.71    0.00    0.60    1.25    0.00   97.44

Device            r/s     rkB/s   rrqm/s  %rrqm r_await rareq-sz     w/s     wkB/s   wrqm/s  %wrqm w_await wareq-sz     d/s     dkB/s   drqm/s  %drqm d_await dareq-sz     f/s f_await  aqu-sz  %util
dm-0             0.00      0.00     0.00   0.00    0.00     0.00  506.00  14324.00     0.00   0.00   19.53    28.31    0.00      0.00     0.00   0.00    0.00     0.00    0.00    0.00    9.88  85.20
dm-1             0.00      0.00     0.00   0.00    0.00     0.00  507.00  14328.00     0.00   0.00   21.18    28.26    0.00      0.00     0.00   0.00    0.00     0.00    0.00    0.00   10.74  86.00
dm-2             0.00      0.00     0.00   0.00    0.00     0.00   65.00    280.00     0.00   0.00    2.09     4.31    0.00      0.00     0.00   0.00    0.00     0.00    0.00    0.00    0.14   6.40
loop0            0.00      0.00     0.00   0.00    0.00     0.00    0.00      0.00     0.00   0.00    0.00     0.00    0.00      0.00     0.00   0.00    0.00     0.00    0.00    0.00    0.00   0.00
loop1            0.00      0.00     0.00   0.00    0.00     0.00    0.00      0.00     0.00   0.00    0.00     0.00    0.00      0.00     0.00   0.00    0.00     0.00    0.00    0.00    0.00   0.00
loop2            0.00      0.00     0.00   0.00    0.00     0.00    0.00      0.00     0.00   0.00    0.00     0.00    0.00      0.00     0.00   0.00    0.00     0.00    0.00    0.00    0.00   0.00
loop3            0.00      0.00     0.00   0.00    0.00     0.00    0.00      0.00     0.00   0.00    0.00     0.00    0.00      0.00     0.00   0.00    0.00     0.00    0.00    0.00    0.00   0.00
loop4            0.00      0.00     0.00   0.00    0.00     0.00    0.00      0.00     0.00   0.00    0.00     0.00    0.00      0.00     0.00   0.00    0.00     0.00    0.00    0.00    0.00   0.00
loop5            0.00      0.00     0.00   0.00    0.00     0.00    0.00      0.00     0.00   0.00    0.00     0.00    0.00      0.00     0.00   0.00    0.00     0.00    0.00    0.00    0.00   0.00
loop6            0.00      0.00     0.00   0.00    0.00     0.00    0.00      0.00     0.00   0.00    0.00     0.00    0.00      0.00     0.00   0.00    0.00     0.00    0.00    0.00    0.00   0.00
loop7            0.00      0.00     0.00   0.00    0.00     0.00    0.00      0.00     0.00   0.00    0.00     0.00    0.00      0.00     0.00   0.00    0.00     0.00    0.00    0.00    0.00   0.00
sda              0.00      0.00     0.00   0.00    0.00     0.00   20.00    280.00    45.00  69.23    2.50    14.00    0.00      0.00     0.00   0.00    0.00     0.00    0.00    0.00    0.05   6.40
sdb              0.00      0.00     0.00   0.00    0.00     0.00  821.00  28388.00   186.00  18.47   19.05    34.58    0.00      0.00     0.00   0.00    0.00     0.00    0.00    0.00   15.64  86.40


avg-cpu:  %user   %nice %system %iowait  %steal   %idle
           0.60    0.00    0.50    1.58    0.00   97.32

Device            r/s     rkB/s   rrqm/s  %rrqm r_await rareq-sz     w/s     wkB/s   wrqm/s  %wrqm w_await wareq-sz     d/s     dkB/s   drqm/s  %drqm d_await dareq-sz     f/s f_await  aqu-sz  %util
dm-0             0.00      0.00     0.00   0.00    0.00     0.00  352.00  13888.00     0.00   0.00   58.73    39.45    0.00      0.00     0.00   0.00    0.00     0.00    0.00    0.00   20.67  98.40
dm-1             0.00      0.00     0.00   0.00    0.00     0.00  354.00  13836.00     0.00   0.00   60.77    39.08    0.00      0.00     0.00   0.00    0.00     0.00    0.00    0.00   21.51  98.00
dm-2             0.00      0.00     0.00   0.00    0.00     0.00   48.00    192.00     0.00   0.00    2.25     4.00    0.00      0.00     0.00   0.00    0.00     0.00    0.00    0.00    0.11   4.40
loop0            0.00      0.00     0.00   0.00    0.00     0.00    0.00      0.00     0.00   0.00    0.00     0.00    0.00      0.00     0.00   0.00    0.00     0.00    0.00    0.00    0.00   0.00
loop1            0.00      0.00     0.00   0.00    0.00     0.00    0.00      0.00     0.00   0.00    0.00     0.00    0.00      0.00     0.00   0.00    0.00     0.00    0.00    0.00    0.00   0.00
loop2            0.00      0.00     0.00   0.00    0.00     0.00    0.00      0.00     0.00   0.00    0.00     0.00    0.00      0.00     0.00   0.00    0.00     0.00    0.00    0.00    0.00   0.00
loop3            0.00      0.00     0.00   0.00    0.00     0.00    0.00      0.00     0.00   0.00    0.00     0.00    0.00      0.00     0.00   0.00    0.00     0.00    0.00    0.00    0.00   0.00
loop4            0.00      0.00     0.00   0.00    0.00     0.00    0.00      0.00     0.00   0.00    0.00     0.00    0.00      0.00     0.00   0.00    0.00     0.00    0.00    0.00    0.00   0.00
loop5            0.00      0.00     0.00   0.00    0.00     0.00    0.00      0.00     0.00   0.00    0.00     0.00    0.00      0.00     0.00   0.00    0.00     0.00    0.00    0.00    0.00   0.00
loop6            0.00      0.00     0.00   0.00    0.00     0.00    0.00      0.00     0.00   0.00    0.00     0.00    0.00      0.00     0.00   0.00    0.00     0.00    0.00    0.00    0.00   0.00
loop7            0.00      0.00     0.00   0.00    0.00     0.00    0.00      0.00     0.00   0.00    0.00     0.00    0.00      0.00     0.00   0.00    0.00     0.00    0.00    0.00    0.00   0.00
sda              0.00      0.00     0.00   0.00    0.00     0.00   14.00    192.00    34.00  70.83    1.79    13.71    0.00      0.00     0.00   0.00    0.00     0.00    0.00    0.00    0.03   4.40
sdb              0.00      0.00     0.00   0.00    0.00     0.00  500.00  27404.00   201.00  28.67   65.52    54.81    0.00      0.00     0.00   0.00    0.00     0.00    0.00    0.00   32.76  98.80


avg-cpu:  %user   %nice %system %iowait  %steal   %idle
           0.61    0.00    0.42    1.43    0.00   97.54

Device            r/s     rkB/s   rrqm/s  %rrqm r_await rareq-sz     w/s     wkB/s   wrqm/s  %wrqm w_await wareq-sz     d/s     dkB/s   drqm/s  %drqm d_await dareq-sz     f/s f_await  aqu-sz  %util
dm-0             0.00      0.00     0.00   0.00    0.00     0.00  364.00  13700.00     0.00   0.00   55.62    37.64    0.00      0.00     0.00   0.00    0.00     0.00    0.00    0.00   20.24  92.40
dm-1             0.00      0.00     0.00   0.00    0.00     0.00  363.00  13752.00     0.00   0.00   56.04    37.88    0.00      0.00     0.00   0.00    0.00     0.00    0.00    0.00   20.34  92.80
dm-2             0.00      0.00     0.00   0.00    0.00     0.00  291.00   1300.00     0.00   0.00    2.12     4.47    0.00      0.00     0.00   0.00    0.00     0.00    0.00    0.00    0.62   8.80
loop0            0.00      0.00     0.00   0.00    0.00     0.00    0.00      0.00     0.00   0.00    0.00     0.00    0.00      0.00     0.00   0.00    0.00     0.00    0.00    0.00    0.00   0.00
loop1            0.00      0.00     0.00   0.00    0.00     0.00    0.00      0.00     0.00   0.00    0.00     0.00    0.00      0.00     0.00   0.00    0.00     0.00    0.00    0.00    0.00   0.00
loop2            0.00      0.00     0.00   0.00    0.00     0.00    0.00      0.00     0.00   0.00    0.00     0.00    0.00      0.00     0.00   0.00    0.00     0.00    0.00    0.00    0.00   0.00
loop3            0.00      0.00     0.00   0.00    0.00     0.00    0.00      0.00     0.00   0.00    0.00     0.00    0.00      0.00     0.00   0.00    0.00     0.00    0.00    0.00    0.00   0.00
loop4            0.00      0.00     0.00   0.00    0.00     0.00    0.00      0.00     0.00   0.00    0.00     0.00    0.00      0.00     0.00   0.00    0.00     0.00    0.00    0.00    0.00   0.00
loop5            0.00      0.00     0.00   0.00    0.00     0.00    0.00      0.00     0.00   0.00    0.00     0.00    0.00      0.00     0.00   0.00    0.00     0.00    0.00    0.00    0.00   0.00
loop6            0.00      0.00     0.00   0.00    0.00     0.00    0.00      0.00     0.00   0.00    0.00     0.00    0.00      0.00     0.00   0.00    0.00     0.00    0.00    0.00    0.00   0.00
loop7            0.00      0.00     0.00   0.00    0.00     0.00    0.00      0.00     0.00   0.00    0.00     0.00    0.00      0.00     0.00   0.00    0.00     0.00    0.00    0.00    0.00   0.00
sda              0.00      0.00     0.00   0.00    0.00     0.00  245.00   1300.00    46.00  15.81    1.80     5.31    0.00      0.00     0.00   0.00    0.00     0.00    0.00    0.00    0.44   8.80
sdb              0.00      0.00     0.00   0.00    0.00     0.00  530.00  28036.00   208.00  28.18   63.08    52.90    0.00      0.00     0.00   0.00    0.00     0.00    0.00    0.00   33.43  93.20


avg-cpu:  %user   %nice %system %iowait  %steal   %idle
           0.55    0.00    0.63    0.88    0.00   97.94

Device            r/s     rkB/s   rrqm/s  %rrqm r_await rareq-sz     w/s     wkB/s   wrqm/s  %wrqm w_await wareq-sz     d/s     dkB/s   drqm/s  %drqm d_await dareq-sz     f/s f_await  aqu-sz  %util
dm-0             0.00      0.00     0.00   0.00    0.00     0.00  602.00  15668.00     0.00   0.00   12.65    26.03    0.00      0.00     0.00   0.00    0.00     0.00    0.00    0.00    7.62  76.40
dm-1             0.00      0.00     0.00   0.00    0.00     0.00  606.00  15684.00     0.00   0.00   13.35    25.88    0.00      0.00     0.00   0.00    0.00     0.00    0.00    0.00    8.09  76.00
dm-2             0.00      0.00     0.00   0.00    0.00     0.00   23.00    116.00     0.00   0.00    0.00     5.04    0.00      0.00     0.00   0.00    0.00     0.00    0.00    0.00    0.00   1.20
loop0            0.00      0.00     0.00   0.00    0.00     0.00    0.00      0.00     0.00   0.00    0.00     0.00    0.00      0.00     0.00   0.00    0.00     0.00    0.00    0.00    0.00   0.00
loop1            0.00      0.00     0.00   0.00    0.00     0.00    0.00      0.00     0.00   0.00    0.00     0.00    0.00      0.00     0.00   0.00    0.00     0.00    0.00    0.00    0.00   0.00
loop2            0.00      0.00     0.00   0.00    0.00     0.00    0.00      0.00     0.00   0.00    0.00     0.00    0.00      0.00     0.00   0.00    0.00     0.00    0.00    0.00    0.00   0.00
loop3            0.00      0.00     0.00   0.00    0.00     0.00    0.00      0.00     0.00   0.00    0.00     0.00    0.00      0.00     0.00   0.00    0.00     0.00    0.00    0.00    0.00   0.00
loop4            0.00      0.00     0.00   0.00    0.00     0.00    0.00      0.00     0.00   0.00    0.00     0.00    0.00      0.00     0.00   0.00    0.00     0.00    0.00    0.00    0.00   0.00
loop5            0.00      0.00     0.00   0.00    0.00     0.00    0.00      0.00     0.00   0.00    0.00     0.00    0.00      0.00     0.00   0.00    0.00     0.00    0.00    0.00    0.00   0.00
loop6            0.00      0.00     0.00   0.00    0.00     0.00    0.00      0.00     0.00   0.00    0.00     0.00    0.00      0.00     0.00   0.00    0.00     0.00    0.00    0.00    0.00   0.00
loop7            0.00      0.00     0.00   0.00    0.00     0.00    0.00      0.00     0.00   0.00    0.00     0.00    0.00      0.00     0.00   0.00    0.00     0.00    0.00    0.00    0.00   0.00
sda              0.00      0.00     0.00   0.00    0.00     0.00    8.00    116.00    15.00  65.22    0.38    14.50    0.00      0.00     0.00   0.00    0.00     0.00    0.00    0.00    0.00   1.20
sdb              0.00      0.00     0.00   0.00    0.00     0.00  974.00  29272.00   200.00  17.04   13.54    30.05    0.00      0.00     0.00   0.00    0.00     0.00    0.00    0.00   13.19  77.20


avg-cpu:  %user   %nice %system %iowait  %steal   %idle
           0.72    0.00    0.60    0.78    0.00   97.90

Device            r/s     rkB/s   rrqm/s  %rrqm r_await rareq-sz     w/s     wkB/s   wrqm/s  %wrqm w_await wareq-sz     d/s     dkB/s   drqm/s  %drqm d_await dareq-sz     f/s f_await  aqu-sz  %util
dm-0             0.00      0.00     0.00   0.00    0.00     0.00  506.00  14384.00     0.00   0.00   18.02    28.43    0.00      0.00     0.00   0.00    0.00     0.00    0.00    0.00    9.12  80.80
dm-1             0.00      0.00     0.00   0.00    0.00     0.00  499.00  14356.00     0.00   0.00   19.24    28.77    0.00      0.00     0.00   0.00    0.00     0.00    0.00    0.00    9.60  80.00
dm-2             0.00      0.00     0.00   0.00    0.00     0.00   59.00    236.00     0.00   0.00    3.25     4.00    0.00      0.00     0.00   0.00    0.00     0.00    0.00    0.00    0.19   4.80
loop0            0.00      0.00     0.00   0.00    0.00     0.00    0.00      0.00     0.00   0.00    0.00     0.00    0.00      0.00     0.00   0.00    0.00     0.00    0.00    0.00    0.00   0.00
loop1            0.00      0.00     0.00   0.00    0.00     0.00    0.00      0.00     0.00   0.00    0.00     0.00    0.00      0.00     0.00   0.00    0.00     0.00    0.00    0.00    0.00   0.00
loop2            0.00      0.00     0.00   0.00    0.00     0.00    0.00      0.00     0.00   0.00    0.00     0.00    0.00      0.00     0.00   0.00    0.00     0.00    0.00    0.00    0.00   0.00
loop3            0.00      0.00     0.00   0.00    0.00     0.00    0.00      0.00     0.00   0.00    0.00     0.00    0.00      0.00     0.00   0.00    0.00     0.00    0.00    0.00    0.00   0.00
loop4            0.00      0.00     0.00   0.00    0.00     0.00    0.00      0.00     0.00   0.00    0.00     0.00    0.00      0.00     0.00   0.00    0.00     0.00    0.00    0.00    0.00   0.00
loop5            0.00      0.00     0.00   0.00    0.00     0.00    0.00      0.00     0.00   0.00    0.00     0.00    0.00      0.00     0.00   0.00    0.00     0.00    0.00    0.00    0.00   0.00
loop6            0.00      0.00     0.00   0.00    0.00     0.00    0.00      0.00     0.00   0.00    0.00     0.00    0.00      0.00     0.00   0.00    0.00     0.00    0.00    0.00    0.00   0.00
loop7            0.00      0.00     0.00   0.00    0.00     0.00    0.00      0.00     0.00   0.00    0.00     0.00    0.00      0.00     0.00   0.00    0.00     0.00    0.00    0.00    0.00   0.00
sda              0.00      0.00     0.00   0.00    0.00     0.00   24.00    236.00    35.00  59.32    4.83     9.83    0.00      0.00     0.00   0.00    0.00     0.00    0.00    0.00    0.12   4.80
sdb              0.00      0.00     0.00   0.00    0.00     0.00  782.00  27196.00   199.00  20.29   21.01    34.78    0.00      0.00     0.00   0.00    0.00     0.00    0.00    0.00   16.43  81.20


avg-cpu:  %user   %nice %system %iowait  %steal   %idle
           0.83    0.00    0.63    1.36    0.00   97.18

Device            r/s     rkB/s   rrqm/s  %rrqm r_await rareq-sz     w/s     wkB/s   wrqm/s  %wrqm w_await wareq-sz     d/s     dkB/s   drqm/s  %drqm d_await dareq-sz     f/s f_await  aqu-sz  %util
dm-0             0.00      0.00     0.00   0.00    0.00     0.00  380.00  14540.00     0.00   0.00   50.37    38.26    0.00      0.00     0.00   0.00    0.00     0.00    0.00    0.00   19.14  98.00
dm-1             0.00      0.00     0.00   0.00    0.00     0.00  371.00  14504.00     0.00   0.00   53.62    39.09    0.00      0.00     0.00   0.00    0.00     0.00    0.00    0.00   19.89  97.20
dm-2             0.00      0.00     0.00   0.00    0.00     0.00   56.00    240.00     0.00   0.00    3.93     4.29    0.00      0.00     0.00   0.00    0.00     0.00    0.00    0.00    0.22   6.00
loop0            0.00      0.00     0.00   0.00    0.00     0.00    0.00      0.00     0.00   0.00    0.00     0.00    0.00      0.00     0.00   0.00    0.00     0.00    0.00    0.00    0.00   0.00
loop1            0.00      0.00     0.00   0.00    0.00     0.00    0.00      0.00     0.00   0.00    0.00     0.00    0.00      0.00     0.00   0.00    0.00     0.00    0.00    0.00    0.00   0.00
loop2            0.00      0.00     0.00   0.00    0.00     0.00    0.00      0.00     0.00   0.00    0.00     0.00    0.00      0.00     0.00   0.00    0.00     0.00    0.00    0.00    0.00   0.00
loop3            0.00      0.00     0.00   0.00    0.00     0.00    0.00      0.00     0.00   0.00    0.00     0.00    0.00      0.00     0.00   0.00    0.00     0.00    0.00    0.00    0.00   0.00
loop4            0.00      0.00     0.00   0.00    0.00     0.00    0.00      0.00     0.00   0.00    0.00     0.00    0.00      0.00     0.00   0.00    0.00     0.00    0.00    0.00    0.00   0.00
loop5            0.00      0.00     0.00   0.00    0.00     0.00    0.00      0.00     0.00   0.00    0.00     0.00    0.00      0.00     0.00   0.00    0.00     0.00    0.00    0.00    0.00   0.00
loop6            0.00      0.00     0.00   0.00    0.00     0.00    0.00      0.00     0.00   0.00    0.00     0.00    0.00      0.00     0.00   0.00    0.00     0.00    0.00    0.00    0.00   0.00
loop7            0.00      0.00     0.00   0.00    0.00     0.00    0.00      0.00     0.00   0.00    0.00     0.00    0.00      0.00     0.00   0.00    0.00     0.00    0.00    0.00    0.00   0.00
sda              0.00      0.00     0.00   0.00    0.00     0.00   17.00    240.00    39.00  69.64    2.41    14.12    0.00      0.00     0.00   0.00    0.00     0.00    0.00    0.00    0.04   6.00
sdb              0.00      0.00     0.00   0.00    0.00     0.00  543.00  28660.00   202.00  27.11   60.20    52.78    0.00      0.00     0.00   0.00    0.00     0.00    0.00    0.00   32.69  97.60


avg-cpu:  %user   %nice %system %iowait  %steal   %idle
           0.72    0.00    0.44    1.21    0.00   97.63

Device            r/s     rkB/s   rrqm/s  %rrqm r_await rareq-sz     w/s     wkB/s   wrqm/s  %wrqm w_await wareq-sz     d/s     dkB/s   drqm/s  %drqm d_await dareq-sz     f/s f_await  aqu-sz  %util
dm-0             0.00      0.00     0.00   0.00    0.00     0.00  379.00  11416.00     0.00   0.00   35.50    30.12    0.00      0.00     0.00   0.00    0.00     0.00    0.00    0.00   13.46  74.80
dm-1             0.00      0.00     0.00   0.00    0.00     0.00  371.00  11384.00     0.00   0.00   39.92    30.68    0.00      0.00     0.00   0.00    0.00     0.00    0.00    0.00   14.81  75.60
dm-2             0.00      0.00     0.00   0.00    0.00     0.00   58.00    244.00     0.00   0.00    8.69     4.21    0.00      0.00     0.00   0.00    0.00     0.00    0.00    0.00    0.50  16.80
loop0            0.00      0.00     0.00   0.00    0.00     0.00    0.00      0.00     0.00   0.00    0.00     0.00    0.00      0.00     0.00   0.00    0.00     0.00    0.00    0.00    0.00   0.00
loop1            0.00      0.00     0.00   0.00    0.00     0.00    0.00      0.00     0.00   0.00    0.00     0.00    0.00      0.00     0.00   0.00    0.00     0.00    0.00    0.00    0.00   0.00
loop2            0.00      0.00     0.00   0.00    0.00     0.00    0.00      0.00     0.00   0.00    0.00     0.00    0.00      0.00     0.00   0.00    0.00     0.00    0.00    0.00    0.00   0.00
loop3            0.00      0.00     0.00   0.00    0.00     0.00    0.00      0.00     0.00   0.00    0.00     0.00    0.00      0.00     0.00   0.00    0.00     0.00    0.00    0.00    0.00   0.00
loop4            0.00      0.00     0.00   0.00    0.00     0.00    0.00      0.00     0.00   0.00    0.00     0.00    0.00      0.00     0.00   0.00    0.00     0.00    0.00    0.00    0.00   0.00
loop5            0.00      0.00     0.00   0.00    0.00     0.00    0.00      0.00     0.00   0.00    0.00     0.00    0.00      0.00     0.00   0.00    0.00     0.00    0.00    0.00    0.00   0.00
loop6            0.00      0.00     0.00   0.00    0.00     0.00    0.00      0.00     0.00   0.00    0.00     0.00    0.00      0.00     0.00   0.00    0.00     0.00    0.00    0.00    0.00   0.00
loop7            0.00      0.00     0.00   0.00    0.00     0.00    0.00      0.00     0.00   0.00    0.00     0.00    0.00      0.00     0.00   0.00    0.00     0.00    0.00    0.00    0.00   0.00
sda              0.00      0.00     0.00   0.00    0.00     0.00   17.00    244.00    41.00  70.69   19.12    14.35    0.00      0.00     0.00   0.00    0.00     0.00    0.00    0.00    0.33  16.80
sdb              0.00      0.00     0.00   0.00    0.00     0.00  611.00  26808.00   203.00  24.94   37.92    43.88    0.00      0.00     0.00   0.00    0.00     0.00    0.00    0.00   23.17  76.00


avg-cpu:  %user   %nice %system %iowait  %steal   %idle
           0.92    0.00    0.61    0.45    0.00   98.01

Device            r/s     rkB/s   rrqm/s  %rrqm r_await rareq-sz     w/s     wkB/s   wrqm/s  %wrqm w_await wareq-sz     d/s     dkB/s   drqm/s  %drqm d_await dareq-sz     f/s f_await  aqu-sz  %util
dm-0             0.00      0.00     0.00   0.00    0.00     0.00  646.00  14284.00     0.00   0.00    2.07    22.11    0.00      0.00     0.00   0.00    0.00     0.00    0.00    0.00    1.34  56.00
dm-1             0.00      0.00     0.00   0.00    0.00     0.00  642.00  14272.00     0.00   0.00    2.01    22.23    0.00      0.00     0.00   0.00    0.00     0.00    0.00    0.00    1.29  56.00
dm-2             0.00      0.00     0.00   0.00    0.00     0.00  297.00   1300.00     0.00   0.00    3.15     4.38    0.00      0.00     0.00   0.00    0.00     0.00    0.00    0.00    0.94   5.60
loop0            0.00      0.00     0.00   0.00    0.00     0.00    0.00      0.00     0.00   0.00    0.00     0.00    0.00      0.00     0.00   0.00    0.00     0.00    0.00    0.00    0.00   0.00
loop1            0.00      0.00     0.00   0.00    0.00     0.00    0.00      0.00     0.00   0.00    0.00     0.00    0.00      0.00     0.00   0.00    0.00     0.00    0.00    0.00    0.00   0.00
loop2            0.00      0.00     0.00   0.00    0.00     0.00    0.00      0.00     0.00   0.00    0.00     0.00    0.00      0.00     0.00   0.00    0.00     0.00    0.00    0.00    0.00   0.00
loop3            0.00      0.00     0.00   0.00    0.00     0.00    0.00      0.00     0.00   0.00    0.00     0.00    0.00      0.00     0.00   0.00    0.00     0.00    0.00    0.00    0.00   0.00
loop4            0.00      0.00     0.00   0.00    0.00     0.00    0.00      0.00     0.00   0.00    0.00     0.00    0.00      0.00     0.00   0.00    0.00     0.00    0.00    0.00    0.00   0.00
loop5            0.00      0.00     0.00   0.00    0.00     0.00    0.00      0.00     0.00   0.00    0.00     0.00    0.00      0.00     0.00   0.00    0.00     0.00    0.00    0.00    0.00   0.00
loop6            0.00      0.00     0.00   0.00    0.00     0.00    0.00      0.00     0.00   0.00    0.00     0.00    0.00      0.00     0.00   0.00    0.00     0.00    0.00    0.00    0.00   0.00
loop7            0.00      0.00     0.00   0.00    0.00     0.00    0.00      0.00     0.00   0.00    0.00     0.00    0.00      0.00     0.00   0.00    0.00     0.00    0.00    0.00    0.00   0.00
sda              0.00      0.00     0.00   0.00    0.00     0.00  259.00   1300.00    38.00  12.79    4.32     5.02    0.00      0.00     0.00   0.00    0.00     0.00    0.00    0.00    1.12   5.60
sdb              0.00      0.00     0.00   0.00    0.00     0.00 1105.00  28556.00   183.00  14.21    1.96    25.84    0.00      0.00     0.00   0.00    0.00     0.00    0.00    0.00    2.16  56.40


avg-cpu:  %user   %nice %system %iowait  %steal   %idle
           0.69    0.00    0.66    0.63    0.00   98.02

Device            r/s     rkB/s   rrqm/s  %rrqm r_await rareq-sz     w/s     wkB/s   wrqm/s  %wrqm w_await wareq-sz     d/s     dkB/s   drqm/s  %drqm d_await dareq-sz     f/s f_await  aqu-sz  %util
dm-0             0.00      0.00     0.00   0.00    0.00     0.00  670.00  15640.00     0.00   0.00    4.73    23.34    0.00      0.00     0.00   0.00    0.00     0.00    0.00    0.00    3.17  70.40
dm-1             0.00      0.00     0.00   0.00    0.00     0.00  663.00  15612.00     0.00   0.00    4.84    23.55    0.00      0.00     0.00   0.00    0.00     0.00    0.00    0.00    3.21  70.40
dm-2             0.00      0.00     0.00   0.00    0.00     0.00   44.00    188.00     0.00   0.00    2.00     4.27    0.00      0.00     0.00   0.00    0.00     0.00    0.00    0.00    0.09   4.80
loop0            0.00      0.00     0.00   0.00    0.00     0.00    0.00      0.00     0.00   0.00    0.00     0.00    0.00      0.00     0.00   0.00    0.00     0.00    0.00    0.00    0.00   0.00
loop1            0.00      0.00     0.00   0.00    0.00     0.00    0.00      0.00     0.00   0.00    0.00     0.00    0.00      0.00     0.00   0.00    0.00     0.00    0.00    0.00    0.00   0.00
loop2            0.00      0.00     0.00   0.00    0.00     0.00    0.00      0.00     0.00   0.00    0.00     0.00    0.00      0.00     0.00   0.00    0.00     0.00    0.00    0.00    0.00   0.00
loop3            0.00      0.00     0.00   0.00    0.00     0.00    0.00      0.00     0.00   0.00    0.00     0.00    0.00      0.00     0.00   0.00    0.00     0.00    0.00    0.00    0.00   0.00
loop4            0.00      0.00     0.00   0.00    0.00     0.00    0.00      0.00     0.00   0.00    0.00     0.00    0.00      0.00     0.00   0.00    0.00     0.00    0.00    0.00    0.00   0.00
loop5            0.00      0.00     0.00   0.00    0.00     0.00    0.00      0.00     0.00   0.00    0.00     0.00    0.00      0.00     0.00   0.00    0.00     0.00    0.00    0.00    0.00   0.00
loop6            0.00      0.00     0.00   0.00    0.00     0.00    0.00      0.00     0.00   0.00    0.00     0.00    0.00      0.00     0.00   0.00    0.00     0.00    0.00    0.00    0.00   0.00
loop7            0.00      0.00     0.00   0.00    0.00     0.00    0.00      0.00     0.00   0.00    0.00     0.00    0.00      0.00     0.00   0.00    0.00     0.00    0.00    0.00    0.00   0.00
sda              0.00      0.00     0.00   0.00    0.00     0.00   13.00    188.00    31.00  70.45    2.92    14.46    0.00      0.00     0.00   0.00    0.00     0.00    0.00    0.00    0.04   4.80
sdb              0.00      0.00     0.00   0.00    0.00     0.00 1122.00  31252.00   211.00  15.83    5.14    27.85    0.00      0.00     0.00   0.00    0.00     0.00    0.00    0.00    5.76  71.20


avg-cpu:  %user   %nice %system %iowait  %steal   %idle
           0.60    0.00    0.52    1.26    0.00   97.63

Device            r/s     rkB/s   rrqm/s  %rrqm r_await rareq-sz     w/s     wkB/s   wrqm/s  %wrqm w_await wareq-sz     d/s     dkB/s   drqm/s  %drqm d_await dareq-sz     f/s f_await  aqu-sz  %util
dm-0             0.00      0.00     0.00   0.00    0.00     0.00  532.00  15028.00     0.00   0.00   20.80    28.25    0.00      0.00     0.00   0.00    0.00     0.00    0.00    0.00   11.07  81.60
dm-1             0.00      0.00     0.00   0.00    0.00     0.00  539.00  15056.00     0.00   0.00   19.57    27.93    0.00      0.00     0.00   0.00    0.00     0.00    0.00    0.00   10.55  82.80
dm-2             0.00      0.00     0.00   0.00    0.00     0.00   76.00    320.00     0.00   0.00    1.79     4.21    0.00      0.00     0.00   0.00    0.00     0.00    0.00    0.00    0.14   6.00
loop0            0.00      0.00     0.00   0.00    0.00     0.00    0.00      0.00     0.00   0.00    0.00     0.00    0.00      0.00     0.00   0.00    0.00     0.00    0.00    0.00    0.00   0.00
loop1            0.00      0.00     0.00   0.00    0.00     0.00    0.00      0.00     0.00   0.00    0.00     0.00    0.00      0.00     0.00   0.00    0.00     0.00    0.00    0.00    0.00   0.00
loop2            0.00      0.00     0.00   0.00    0.00     0.00    0.00      0.00     0.00   0.00    0.00     0.00    0.00      0.00     0.00   0.00    0.00     0.00    0.00    0.00    0.00   0.00
loop3            0.00      0.00     0.00   0.00    0.00     0.00    0.00      0.00     0.00   0.00    0.00     0.00    0.00      0.00     0.00   0.00    0.00     0.00    0.00    0.00    0.00   0.00
loop4            0.00      0.00     0.00   0.00    0.00     0.00    0.00      0.00     0.00   0.00    0.00     0.00    0.00      0.00     0.00   0.00    0.00     0.00    0.00    0.00    0.00   0.00
loop5            0.00      0.00     0.00   0.00    0.00     0.00    0.00      0.00     0.00   0.00    0.00     0.00    0.00      0.00     0.00   0.00    0.00     0.00    0.00    0.00    0.00   0.00
loop6            0.00      0.00     0.00   0.00    0.00     0.00    0.00      0.00     0.00   0.00    0.00     0.00    0.00      0.00     0.00   0.00    0.00     0.00    0.00    0.00    0.00   0.00
loop7            0.00      0.00     0.00   0.00    0.00     0.00    0.00      0.00     0.00   0.00    0.00     0.00    0.00      0.00     0.00   0.00    0.00     0.00    0.00    0.00    0.00   0.00
sda              0.00      0.00     0.00   0.00    0.00     0.00   29.00    320.00    47.00  61.84    2.21    11.03    0.00      0.00     0.00   0.00    0.00     0.00    0.00    0.00    0.06   6.00
sdb              0.00      0.00     0.00   0.00    0.00     0.00  859.00  29892.00   208.00  19.49   20.42    34.80    0.00      0.00     0.00   0.00    0.00     0.00    0.00    0.00   17.54  83.20


avg-cpu:  %user   %nice %system %iowait  %steal   %idle
           0.79    0.00    0.53    0.68    0.00   98.01

Device            r/s     rkB/s   rrqm/s  %rrqm r_await rareq-sz     w/s     wkB/s   wrqm/s  %wrqm w_await wareq-sz     d/s     dkB/s   drqm/s  %drqm d_await dareq-sz     f/s f_await  aqu-sz  %util
dm-0             0.00      0.00     0.00   0.00    0.00     0.00  633.00  14472.00     0.00   0.00    7.25    22.86    0.00      0.00     0.00   0.00    0.00     0.00    0.00    0.00    4.59  64.40
dm-1             0.00      0.00     0.00   0.00    0.00     0.00  621.00  14424.00     0.00   0.00    7.60    23.23    0.00      0.00     0.00   0.00    0.00     0.00    0.00    0.00    4.72  64.40
dm-2             0.00      0.00     0.00   0.00    0.00     0.00   38.00    152.00     0.00   0.00    0.53     4.00    0.00      0.00     0.00   0.00    0.00     0.00    0.00    0.00    0.02   2.00
loop0            0.00      0.00     0.00   0.00    0.00     0.00    0.00      0.00     0.00   0.00    0.00     0.00    0.00      0.00     0.00   0.00    0.00     0.00    0.00    0.00    0.00   0.00
loop1            0.00      0.00     0.00   0.00    0.00     0.00    0.00      0.00     0.00   0.00    0.00     0.00    0.00      0.00     0.00   0.00    0.00     0.00    0.00    0.00    0.00   0.00
loop2            0.00      0.00     0.00   0.00    0.00     0.00    0.00      0.00     0.00   0.00    0.00     0.00    0.00      0.00     0.00   0.00    0.00     0.00    0.00    0.00    0.00   0.00
loop3            0.00      0.00     0.00   0.00    0.00     0.00    0.00      0.00     0.00   0.00    0.00     0.00    0.00      0.00     0.00   0.00    0.00     0.00    0.00    0.00    0.00   0.00
loop4            0.00      0.00     0.00   0.00    0.00     0.00    0.00      0.00     0.00   0.00    0.00     0.00    0.00      0.00     0.00   0.00    0.00     0.00    0.00    0.00    0.00   0.00
loop5            0.00      0.00     0.00   0.00    0.00     0.00    0.00      0.00     0.00   0.00    0.00     0.00    0.00      0.00     0.00   0.00    0.00     0.00    0.00    0.00    0.00   0.00
loop6            0.00      0.00     0.00   0.00    0.00     0.00    0.00      0.00     0.00   0.00    0.00     0.00    0.00      0.00     0.00   0.00    0.00     0.00    0.00    0.00    0.00   0.00
loop7            0.00      0.00     0.00   0.00    0.00     0.00    0.00      0.00     0.00   0.00    0.00     0.00    0.00      0.00     0.00   0.00    0.00     0.00    0.00    0.00    0.00   0.00
sda              0.00      0.00     0.00   0.00    0.00     0.00   11.00    152.00    27.00  71.05    1.09    13.82    0.00      0.00     0.00   0.00    0.00     0.00    0.00    0.00    0.01   2.00
sdb              0.00      0.00     0.00   0.00    0.00     0.00 1031.00  29088.00   227.00  18.04    7.08    28.21    0.00      0.00     0.00   0.00    0.00     0.00    0.00    0.00    7.30  66.80


avg-cpu:  %user   %nice %system %iowait  %steal   %idle
           0.71    0.00    0.69    0.50    0.00   98.10

Device            r/s     rkB/s   rrqm/s  %rrqm r_await rareq-sz     w/s     wkB/s   wrqm/s  %wrqm w_await wareq-sz     d/s     dkB/s   drqm/s  %drqm d_await dareq-sz     f/s f_await  aqu-sz  %util
dm-0             0.00      0.00     0.00   0.00    0.00     0.00  672.00  15352.00     0.00   0.00    2.20    22.85    0.00      0.00     0.00   0.00    0.00     0.00    0.00    0.00    1.48  57.60
dm-1             0.00      0.00     0.00   0.00    0.00     0.00  668.00  15332.00     0.00   0.00    2.23    22.95    0.00      0.00     0.00   0.00    0.00     0.00    0.00    0.00    1.49  57.60
dm-2             0.00      0.00     0.00   0.00    0.00     0.00   70.00    296.00     0.00   0.00    1.71     4.23    0.00      0.00     0.00   0.00    0.00     0.00    0.00    0.00    0.12   7.20
loop0            0.00      0.00     0.00   0.00    0.00     0.00    0.00      0.00     0.00   0.00    0.00     0.00    0.00      0.00     0.00   0.00    0.00     0.00    0.00    0.00    0.00   0.00
loop1            0.00      0.00     0.00   0.00    0.00     0.00    0.00      0.00     0.00   0.00    0.00     0.00    0.00      0.00     0.00   0.00    0.00     0.00    0.00    0.00    0.00   0.00
loop2            0.00      0.00     0.00   0.00    0.00     0.00    0.00      0.00     0.00   0.00    0.00     0.00    0.00      0.00     0.00   0.00    0.00     0.00    0.00    0.00    0.00   0.00
loop3            0.00      0.00     0.00   0.00    0.00     0.00    0.00      0.00     0.00   0.00    0.00     0.00    0.00      0.00     0.00   0.00    0.00     0.00    0.00    0.00    0.00   0.00
loop4            0.00      0.00     0.00   0.00    0.00     0.00    0.00      0.00     0.00   0.00    0.00     0.00    0.00      0.00     0.00   0.00    0.00     0.00    0.00    0.00    0.00   0.00
loop5            0.00      0.00     0.00   0.00    0.00     0.00    0.00      0.00     0.00   0.00    0.00     0.00    0.00      0.00     0.00   0.00    0.00     0.00    0.00    0.00    0.00   0.00
loop6            0.00      0.00     0.00   0.00    0.00     0.00    0.00      0.00     0.00   0.00    0.00     0.00    0.00      0.00     0.00   0.00    0.00     0.00    0.00    0.00    0.00   0.00
loop7            0.00      0.00     0.00   0.00    0.00     0.00    0.00      0.00     0.00   0.00    0.00     0.00    0.00      0.00     0.00   0.00    0.00     0.00    0.00    0.00    0.00   0.00
sda              0.00      0.00     0.00   0.00    0.00     0.00   23.00    296.00    47.00  67.14    2.39    12.87    0.00      0.00     0.00   0.00    0.00     0.00    0.00    0.00    0.06   7.20
sdb              0.00      0.00     0.00   0.00    0.00     0.00 1111.00  29056.00   202.00  15.38    2.15    26.15    0.00      0.00     0.00   0.00    0.00     0.00    0.00    0.00    2.39  58.00


avg-cpu:  %user   %nice %system %iowait  %steal   %idle
           0.58    0.00    0.50    0.63    0.00   98.29

Device            r/s     rkB/s   rrqm/s  %rrqm r_await rareq-sz     w/s     wkB/s   wrqm/s  %wrqm w_await wareq-sz     d/s     dkB/s   drqm/s  %drqm d_await dareq-sz     f/s f_await  aqu-sz  %util
dm-0             0.00      0.00     0.00   0.00    0.00     0.00  460.00  11380.00     0.00   0.00   11.85    24.74    0.00      0.00     0.00   0.00    0.00     0.00    0.00    0.00    5.45  62.80
dm-1             0.00      0.00     0.00   0.00    0.00     0.00  447.00  11208.00     0.00   0.00   12.55    25.07    0.00      0.00     0.00   0.00    0.00     0.00    0.00    0.00    5.61  62.40
dm-2             0.00      0.00     0.00   0.00    0.00     0.00  266.00   1212.00     0.00   0.00    1.28     4.56    0.00      0.00     0.00   0.00    0.00     0.00    0.00    0.00    0.34   4.00
loop0            0.00      0.00     0.00   0.00    0.00     0.00    0.00      0.00     0.00   0.00    0.00     0.00    0.00      0.00     0.00   0.00    0.00     0.00    0.00    0.00    0.00   0.00
loop1            0.00      0.00     0.00   0.00    0.00     0.00    0.00      0.00     0.00   0.00    0.00     0.00    0.00      0.00     0.00   0.00    0.00     0.00    0.00    0.00    0.00   0.00
loop2            0.00      0.00     0.00   0.00    0.00     0.00    0.00      0.00     0.00   0.00    0.00     0.00    0.00      0.00     0.00   0.00    0.00     0.00    0.00    0.00    0.00   0.00
loop3            0.00      0.00     0.00   0.00    0.00     0.00    0.00      0.00     0.00   0.00    0.00     0.00    0.00      0.00     0.00   0.00    0.00     0.00    0.00    0.00    0.00   0.00
loop4            0.00      0.00     0.00   0.00    0.00     0.00    0.00      0.00     0.00   0.00    0.00     0.00    0.00      0.00     0.00   0.00    0.00     0.00    0.00    0.00    0.00   0.00
loop5            0.00      0.00     0.00   0.00    0.00     0.00    0.00      0.00     0.00   0.00    0.00     0.00    0.00      0.00     0.00   0.00    0.00     0.00    0.00    0.00    0.00   0.00
loop6            0.00      0.00     0.00   0.00    0.00     0.00    0.00      0.00     0.00   0.00    0.00     0.00    0.00      0.00     0.00   0.00    0.00     0.00    0.00    0.00    0.00   0.00
loop7            0.00      0.00     0.00   0.00    0.00     0.00    0.00      0.00     0.00   0.00    0.00     0.00    0.00      0.00     0.00   0.00    0.00     0.00    0.00    0.00    0.00   0.00
sda              0.00      0.00     0.00   0.00    0.00     0.00  234.00   1212.00    32.00  12.03    1.54     5.18    0.00      0.00     0.00   0.00    0.00     0.00    0.00    0.00    0.36   4.00
sdb              0.00      0.00     0.00   0.00    0.00     0.00  765.00  24216.00   169.00  18.09   12.98    31.65    0.00      0.00     0.00   0.00    0.00     0.00    0.00    0.00    9.93  63.60


avg-cpu:  %user   %nice %system %iowait  %steal   %idle
           0.75    0.00    0.68    0.79    0.00   97.78

Device            r/s     rkB/s   rrqm/s  %rrqm r_await rareq-sz     w/s     wkB/s   wrqm/s  %wrqm w_await wareq-sz     d/s     dkB/s   drqm/s  %drqm d_await dareq-sz     f/s f_await  aqu-sz  %util
dm-0             0.00      0.00     0.00   0.00    0.00     0.00  741.00  17604.00     0.00   0.00    9.55    23.76    0.00      0.00     0.00   0.00    0.00     0.00    0.00    0.00    7.08  82.00
dm-1             0.00      0.00     0.00   0.00    0.00     0.00  722.00  17528.00     0.00   0.00    9.52    24.28    0.00      0.00     0.00   0.00    0.00     0.00    0.00    0.00    6.88  80.80
dm-2             0.00      0.00     0.00   0.00    0.00     0.00   57.00    244.00     0.00   0.00    0.00     4.28    0.00      0.00     0.00   0.00    0.00     0.00    0.00    0.00    0.00   1.60
loop0            0.00      0.00     0.00   0.00    0.00     0.00    0.00      0.00     0.00   0.00    0.00     0.00    0.00      0.00     0.00   0.00    0.00     0.00    0.00    0.00    0.00   0.00
loop1            0.00      0.00     0.00   0.00    0.00     0.00    0.00      0.00     0.00   0.00    0.00     0.00    0.00      0.00     0.00   0.00    0.00     0.00    0.00    0.00    0.00   0.00
loop2            0.00      0.00     0.00   0.00    0.00     0.00    0.00      0.00     0.00   0.00    0.00     0.00    0.00      0.00     0.00   0.00    0.00     0.00    0.00    0.00    0.00   0.00
loop3            0.00      0.00     0.00   0.00    0.00     0.00    0.00      0.00     0.00   0.00    0.00     0.00    0.00      0.00     0.00   0.00    0.00     0.00    0.00    0.00    0.00   0.00
loop4            0.00      0.00     0.00   0.00    0.00     0.00    0.00      0.00     0.00   0.00    0.00     0.00    0.00      0.00     0.00   0.00    0.00     0.00    0.00    0.00    0.00   0.00
loop5            0.00      0.00     0.00   0.00    0.00     0.00    0.00      0.00     0.00   0.00    0.00     0.00    0.00      0.00     0.00   0.00    0.00     0.00    0.00    0.00    0.00   0.00
loop6            0.00      0.00     0.00   0.00    0.00     0.00    0.00      0.00     0.00   0.00    0.00     0.00    0.00      0.00     0.00   0.00    0.00     0.00    0.00    0.00    0.00   0.00
loop7            0.00      0.00     0.00   0.00    0.00     0.00    0.00      0.00     0.00   0.00    0.00     0.00    0.00      0.00     0.00   0.00    0.00     0.00    0.00    0.00    0.00   0.00
sda              0.00      0.00     0.00   0.00    0.00     0.00   17.00    244.00    40.00  70.18    0.06    14.35    0.00      0.00     0.00   0.00    0.00     0.00    0.00    0.00    0.00   1.60
sdb              0.00      0.00     0.00   0.00    0.00     0.00 1213.00  34676.00   241.00  16.57    9.91    28.59    0.00      0.00     0.00   0.00    0.00     0.00    0.00    0.00   12.02  82.80


avg-cpu:  %user   %nice %system %iowait  %steal   %idle
           0.80    0.00    0.50    0.64    0.00   98.05

Device            r/s     rkB/s   rrqm/s  %rrqm r_await rareq-sz     w/s     wkB/s   wrqm/s  %wrqm w_await wareq-sz     d/s     dkB/s   drqm/s  %drqm d_await dareq-sz     f/s f_await  aqu-sz  %util
dm-0             0.00      0.00     0.00   0.00    0.00     0.00  615.00  14640.00     0.00   0.00    5.11    23.80    0.00      0.00     0.00   0.00    0.00     0.00    0.00    0.00    3.14  64.00
dm-1             0.00      0.00     0.00   0.00    0.00     0.00  640.00  14684.00     0.00   0.00    5.03    22.94    0.00      0.00     0.00   0.00    0.00     0.00    0.00    0.00    3.22  64.00
dm-2             0.00      0.00     0.00   0.00    0.00     0.00   68.00    288.00     0.00   0.00    0.00     4.24    0.00      0.00     0.00   0.00    0.00     0.00    0.00    0.00    0.00   1.60
loop0            0.00      0.00     0.00   0.00    0.00     0.00    0.00      0.00     0.00   0.00    0.00     0.00    0.00      0.00     0.00   0.00    0.00     0.00    0.00    0.00    0.00   0.00
loop1            0.00      0.00     0.00   0.00    0.00     0.00    0.00      0.00     0.00   0.00    0.00     0.00    0.00      0.00     0.00   0.00    0.00     0.00    0.00    0.00    0.00   0.00
loop2            0.00      0.00     0.00   0.00    0.00     0.00    0.00      0.00     0.00   0.00    0.00     0.00    0.00      0.00     0.00   0.00    0.00     0.00    0.00    0.00    0.00   0.00
loop3            0.00      0.00     0.00   0.00    0.00     0.00    0.00      0.00     0.00   0.00    0.00     0.00    0.00      0.00     0.00   0.00    0.00     0.00    0.00    0.00    0.00   0.00
loop4            0.00      0.00     0.00   0.00    0.00     0.00    0.00      0.00     0.00   0.00    0.00     0.00    0.00      0.00     0.00   0.00    0.00     0.00    0.00    0.00    0.00   0.00
loop5            0.00      0.00     0.00   0.00    0.00     0.00    0.00      0.00     0.00   0.00    0.00     0.00    0.00      0.00     0.00   0.00    0.00     0.00    0.00    0.00    0.00   0.00
loop6            0.00      0.00     0.00   0.00    0.00     0.00    0.00      0.00     0.00   0.00    0.00     0.00    0.00      0.00     0.00   0.00    0.00     0.00    0.00    0.00    0.00   0.00
loop7            0.00      0.00     0.00   0.00    0.00     0.00    0.00      0.00     0.00   0.00    0.00     0.00    0.00      0.00     0.00   0.00    0.00     0.00    0.00    0.00    0.00   0.00
sda              0.00      0.00     0.00   0.00    0.00     0.00   29.00    288.00    39.00  57.35    1.31     9.93    0.00      0.00     0.00   0.00    0.00     0.00    0.00    0.00    0.04   1.60
sdb              0.00      0.00     0.00   0.00    0.00     0.00 1002.00  27004.00   217.00  17.80    5.52    26.95    0.00      0.00     0.00   0.00    0.00     0.00    0.00    0.00    5.53  64.40


avg-cpu:  %user   %nice %system %iowait  %steal   %idle
           0.25    0.00    0.20    0.66    0.00   98.89

Device            r/s     rkB/s   rrqm/s  %rrqm r_await rareq-sz     w/s     wkB/s   wrqm/s  %wrqm w_await wareq-sz     d/s     dkB/s   drqm/s  %drqm d_await dareq-sz     f/s f_await  aqu-sz  %util
dm-0             0.00      0.00     0.00   0.00    0.00     0.00  170.00   5120.00     0.00   0.00   52.99    30.12    0.00      0.00     0.00   0.00    0.00     0.00    0.00    0.00    9.01  45.60
dm-1             0.00      0.00     0.00   0.00    0.00     0.00  173.00   5192.00     0.00   0.00   53.09    30.01    0.00      0.00     0.00   0.00    0.00     0.00    0.00    0.00    9.18  45.60
dm-2             0.00      0.00     0.00   0.00    0.00     0.00    8.00     32.00     0.00   0.00    0.00     4.00    0.00      0.00     0.00   0.00    0.00     0.00    0.00    0.00    0.00   0.40
loop0            0.00      0.00     0.00   0.00    0.00     0.00    0.00      0.00     0.00   0.00    0.00     0.00    0.00      0.00     0.00   0.00    0.00     0.00    0.00    0.00    0.00   0.00
loop1            0.00      0.00     0.00   0.00    0.00     0.00    0.00      0.00     0.00   0.00    0.00     0.00    0.00      0.00     0.00   0.00    0.00     0.00    0.00    0.00    0.00   0.00
loop2            0.00      0.00     0.00   0.00    0.00     0.00    0.00      0.00     0.00   0.00    0.00     0.00    0.00      0.00     0.00   0.00    0.00     0.00    0.00    0.00    0.00   0.00
loop3            0.00      0.00     0.00   0.00    0.00     0.00    0.00      0.00     0.00   0.00    0.00     0.00    0.00      0.00     0.00   0.00    0.00     0.00    0.00    0.00    0.00   0.00
loop4            0.00      0.00     0.00   0.00    0.00     0.00    0.00      0.00     0.00   0.00    0.00     0.00    0.00      0.00     0.00   0.00    0.00     0.00    0.00    0.00    0.00   0.00
loop5            0.00      0.00     0.00   0.00    0.00     0.00    0.00      0.00     0.00   0.00    0.00     0.00    0.00      0.00     0.00   0.00    0.00     0.00    0.00    0.00    0.00   0.00
loop6            0.00      0.00     0.00   0.00    0.00     0.00    0.00      0.00     0.00   0.00    0.00     0.00    0.00      0.00     0.00   0.00    0.00     0.00    0.00    0.00    0.00   0.00
loop7            0.00      0.00     0.00   0.00    0.00     0.00    0.00      0.00     0.00   0.00    0.00     0.00    0.00      0.00     0.00   0.00    0.00     0.00    0.00    0.00    0.00   0.00
sda              0.00      0.00     0.00   0.00    0.00     0.00    3.00     32.00     5.00  62.50    0.33    10.67    0.00      0.00     0.00   0.00    0.00     0.00    0.00    0.00    0.00   0.40
sdb              0.00      0.00     0.00   0.00    0.00     0.00  290.00  13088.00    98.00  25.26   51.65    45.13    0.00      0.00     0.00   0.00    0.00     0.00    0.00    0.00   14.98  46.80


avg-cpu:  %user   %nice %system %iowait  %steal   %idle
           0.77    0.00    0.78    0.02    0.00   98.43

Device            r/s     rkB/s   rrqm/s  %rrqm r_await rareq-sz     w/s     wkB/s   wrqm/s  %wrqm w_await wareq-sz     d/s     dkB/s   drqm/s  %drqm d_await dareq-sz     f/s f_await  aqu-sz  %util
dm-0             0.00      0.00     0.00   0.00    0.00     0.00  753.00  15012.00     0.00   0.00    0.05    19.94    0.00      0.00     0.00   0.00    0.00     0.00    0.00    0.00    0.04  46.40
dm-1             0.00      0.00     0.00   0.00    0.00     0.00  749.00  14996.00     0.00   0.00    0.03    20.02    0.00      0.00     0.00   0.00    0.00     0.00    0.00    0.00    0.02  47.20
dm-2             0.00      0.00     0.00   0.00    0.00     0.00   59.00    252.00     0.00   0.00    0.00     4.27    0.00      0.00     0.00   0.00    0.00     0.00    0.00    0.00    0.00   1.60
loop0            0.00      0.00     0.00   0.00    0.00     0.00    0.00      0.00     0.00   0.00    0.00     0.00    0.00      0.00     0.00   0.00    0.00     0.00    0.00    0.00    0.00   0.00
loop1            0.00      0.00     0.00   0.00    0.00     0.00    0.00      0.00     0.00   0.00    0.00     0.00    0.00      0.00     0.00   0.00    0.00     0.00    0.00    0.00    0.00   0.00
loop2            0.00      0.00     0.00   0.00    0.00     0.00    0.00      0.00     0.00   0.00    0.00     0.00    0.00      0.00     0.00   0.00    0.00     0.00    0.00    0.00    0.00   0.00
loop3            0.00      0.00     0.00   0.00    0.00     0.00    0.00      0.00     0.00   0.00    0.00     0.00    0.00      0.00     0.00   0.00    0.00     0.00    0.00    0.00    0.00   0.00
loop4            0.00      0.00     0.00   0.00    0.00     0.00    0.00      0.00     0.00   0.00    0.00     0.00    0.00      0.00     0.00   0.00    0.00     0.00    0.00    0.00    0.00   0.00
loop5            0.00      0.00     0.00   0.00    0.00     0.00    0.00      0.00     0.00   0.00    0.00     0.00    0.00      0.00     0.00   0.00    0.00     0.00    0.00    0.00    0.00   0.00
loop6            0.00      0.00     0.00   0.00    0.00     0.00    0.00      0.00     0.00   0.00    0.00     0.00    0.00      0.00     0.00   0.00    0.00     0.00    0.00    0.00    0.00   0.00
loop7            0.00      0.00     0.00   0.00    0.00     0.00    0.00      0.00     0.00   0.00    0.00     0.00    0.00      0.00     0.00   0.00    0.00     0.00    0.00    0.00    0.00   0.00
sda              0.00      0.00     0.00   0.00    0.00     0.00   17.00    252.00    42.00  71.19    0.06    14.82    0.00      0.00     0.00   0.00    0.00     0.00    0.00    0.00    0.00   1.60
sdb              0.00      0.00     0.00   0.00    0.00     0.00 1310.00  30008.00   192.00  12.78    0.06    22.91    0.00      0.00     0.00   0.00    0.00     0.00    0.00    0.00    0.07  48.40


avg-cpu:  %user   %nice %system %iowait  %steal   %idle
           0.72    0.00    0.60    0.02    0.00   98.67

Device            r/s     rkB/s   rrqm/s  %rrqm r_await rareq-sz     w/s     wkB/s   wrqm/s  %wrqm w_await wareq-sz     d/s     dkB/s   drqm/s  %drqm d_await dareq-sz     f/s f_await  aqu-sz  %util
dm-0             0.00      0.00     0.00   0.00    0.00     0.00  786.00  15808.00     0.00   0.00    0.05    20.11    0.00      0.00     0.00   0.00    0.00     0.00    0.00    0.00    0.04  49.20
dm-1             0.00      0.00     0.00   0.00    0.00     0.00  793.00  15832.00     0.00   0.00    0.03    19.96    0.00      0.00     0.00   0.00    0.00     0.00    0.00    0.00    0.02  49.60
dm-2             0.00      0.00     0.00   0.00    0.00     0.00  286.00   1288.00     0.00   0.00    1.09     4.50    0.00      0.00     0.00   0.00    0.00     0.00    0.00    0.00    0.31   2.00
loop0            0.00      0.00     0.00   0.00    0.00     0.00    0.00      0.00     0.00   0.00    0.00     0.00    0.00      0.00     0.00   0.00    0.00     0.00    0.00    0.00    0.00   0.00
loop1            0.00      0.00     0.00   0.00    0.00     0.00    0.00      0.00     0.00   0.00    0.00     0.00    0.00      0.00     0.00   0.00    0.00     0.00    0.00    0.00    0.00   0.00
loop2            0.00      0.00     0.00   0.00    0.00     0.00    0.00      0.00     0.00   0.00    0.00     0.00    0.00      0.00     0.00   0.00    0.00     0.00    0.00    0.00    0.00   0.00
loop3            0.00      0.00     0.00   0.00    0.00     0.00    0.00      0.00     0.00   0.00    0.00     0.00    0.00      0.00     0.00   0.00    0.00     0.00    0.00    0.00    0.00   0.00
loop4            0.00      0.00     0.00   0.00    0.00     0.00    0.00      0.00     0.00   0.00    0.00     0.00    0.00      0.00     0.00   0.00    0.00     0.00    0.00    0.00    0.00   0.00
loop5            0.00      0.00     0.00   0.00    0.00     0.00    0.00      0.00     0.00   0.00    0.00     0.00    0.00      0.00     0.00   0.00    0.00     0.00    0.00    0.00    0.00   0.00
loop6            0.00      0.00     0.00   0.00    0.00     0.00    0.00      0.00     0.00   0.00    0.00     0.00    0.00      0.00     0.00   0.00    0.00     0.00    0.00    0.00    0.00   0.00
loop7            0.00      0.00     0.00   0.00    0.00     0.00    0.00      0.00     0.00   0.00    0.00     0.00    0.00      0.00     0.00   0.00    0.00     0.00    0.00    0.00    0.00   0.00
sda              0.00      0.00     0.00   0.00    0.00     0.00  251.00   1288.00    35.00  12.24    1.45     5.13    0.00      0.00     0.00   0.00    0.00     0.00    0.00    0.00    0.36   2.00
sdb              0.00      0.00     0.00   0.00    0.00     0.00 1376.00  31640.00   203.00  12.86    0.06    22.99    0.00      0.00     0.00   0.00    0.00     0.00    0.00    0.00    0.08  50.40


avg-cpu:  %user   %nice %system %iowait  %steal   %idle
           0.71    0.00    0.60    0.00    0.00   98.70

Device            r/s     rkB/s   rrqm/s  %rrqm r_await rareq-sz     w/s     wkB/s   wrqm/s  %wrqm w_await wareq-sz     d/s     dkB/s   drqm/s  %drqm d_await dareq-sz     f/s f_await  aqu-sz  %util
dm-0             0.00      0.00     0.00   0.00    0.00     0.00  732.00  14628.00     0.00   0.00    0.05    19.98    0.00      0.00     0.00   0.00    0.00     0.00    0.00    0.00    0.04  44.80
dm-1             0.00      0.00     0.00   0.00    0.00     0.00  734.00  14576.00     0.00   0.00    0.05    19.86    0.00      0.00     0.00   0.00    0.00     0.00    0.00    0.00    0.04  45.60
dm-2             0.00      0.00     0.00   0.00    0.00     0.00   65.00    276.00     0.00   0.00    0.00     4.25    0.00      0.00     0.00   0.00    0.00     0.00    0.00    0.00    0.00   1.60
loop0            0.00      0.00     0.00   0.00    0.00     0.00    0.00      0.00     0.00   0.00    0.00     0.00    0.00      0.00     0.00   0.00    0.00     0.00    0.00    0.00    0.00   0.00
loop1            0.00      0.00     0.00   0.00    0.00     0.00    0.00      0.00     0.00   0.00    0.00     0.00    0.00      0.00     0.00   0.00    0.00     0.00    0.00    0.00    0.00   0.00
loop2            0.00      0.00     0.00   0.00    0.00     0.00    0.00      0.00     0.00   0.00    0.00     0.00    0.00      0.00     0.00   0.00    0.00     0.00    0.00    0.00    0.00   0.00
loop3            0.00      0.00     0.00   0.00    0.00     0.00    0.00      0.00     0.00   0.00    0.00     0.00    0.00      0.00     0.00   0.00    0.00     0.00    0.00    0.00    0.00   0.00
loop4            0.00      0.00     0.00   0.00    0.00     0.00    0.00      0.00     0.00   0.00    0.00     0.00    0.00      0.00     0.00   0.00    0.00     0.00    0.00    0.00    0.00   0.00
loop5            0.00      0.00     0.00   0.00    0.00     0.00    0.00      0.00     0.00   0.00    0.00     0.00    0.00      0.00     0.00   0.00    0.00     0.00    0.00    0.00    0.00   0.00
loop6            0.00      0.00     0.00   0.00    0.00     0.00    0.00      0.00     0.00   0.00    0.00     0.00    0.00      0.00     0.00   0.00    0.00     0.00    0.00    0.00    0.00   0.00
loop7            0.00      0.00     0.00   0.00    0.00     0.00    0.00      0.00     0.00   0.00    0.00     0.00    0.00      0.00     0.00   0.00    0.00     0.00    0.00    0.00    0.00   0.00
sda              0.00      0.00     0.00   0.00    0.00     0.00   17.00    276.00    48.00  73.85    0.06    16.24    0.00      0.00     0.00   0.00    0.00     0.00    0.00    0.00    0.00   1.60
sdb              0.00      0.00     0.00   0.00    0.00     0.00 1265.00  29204.00   201.00  13.71    0.06    23.09    0.00      0.00     0.00   0.00    0.00     0.00    0.00    0.00    0.07  46.40


avg-cpu:  %user   %nice %system %iowait  %steal   %idle
           0.55    0.00    0.60    0.02    0.00   98.84

Device            r/s     rkB/s   rrqm/s  %rrqm r_await rareq-sz     w/s     wkB/s   wrqm/s  %wrqm w_await wareq-sz     d/s     dkB/s   drqm/s  %drqm d_await dareq-sz     f/s f_await  aqu-sz  %util
dm-0             0.00      0.00     0.00   0.00    0.00     0.00  734.00  14096.00     0.00   0.00    0.04    19.20    0.00      0.00     0.00   0.00    0.00     0.00    0.00    0.00    0.03  43.20
dm-1             0.00      0.00     0.00   0.00    0.00     0.00  743.00  14192.00     0.00   0.00    0.08    19.10    0.00      0.00     0.00   0.00    0.00     0.00    0.00    0.00    0.06  45.60
dm-2             0.00      0.00     0.00   0.00    0.00     0.00   46.00    236.00     0.00   0.00    0.00     5.13    0.00      0.00     0.00   0.00    0.00     0.00    0.00    0.00    0.00   1.60
loop0            0.00      0.00     0.00   0.00    0.00     0.00    0.00      0.00     0.00   0.00    0.00     0.00    0.00      0.00     0.00   0.00    0.00     0.00    0.00    0.00    0.00   0.00
loop1            0.00      0.00     0.00   0.00    0.00     0.00    0.00      0.00     0.00   0.00    0.00     0.00    0.00      0.00     0.00   0.00    0.00     0.00    0.00    0.00    0.00   0.00
loop2            0.00      0.00     0.00   0.00    0.00     0.00    0.00      0.00     0.00   0.00    0.00     0.00    0.00      0.00     0.00   0.00    0.00     0.00    0.00    0.00    0.00   0.00
loop3            0.00      0.00     0.00   0.00    0.00     0.00    0.00      0.00     0.00   0.00    0.00     0.00    0.00      0.00     0.00   0.00    0.00     0.00    0.00    0.00    0.00   0.00
loop4            0.00      0.00     0.00   0.00    0.00     0.00    0.00      0.00     0.00   0.00    0.00     0.00    0.00      0.00     0.00   0.00    0.00     0.00    0.00    0.00    0.00   0.00
loop5            0.00      0.00     0.00   0.00    0.00     0.00    0.00      0.00     0.00   0.00    0.00     0.00    0.00      0.00     0.00   0.00    0.00     0.00    0.00    0.00    0.00   0.00
loop6            0.00      0.00     0.00   0.00    0.00     0.00    0.00      0.00     0.00   0.00    0.00     0.00    0.00      0.00     0.00   0.00    0.00     0.00    0.00    0.00    0.00   0.00
loop7            0.00      0.00     0.00   0.00    0.00     0.00    0.00      0.00     0.00   0.00    0.00     0.00    0.00      0.00     0.00   0.00    0.00     0.00    0.00    0.00    0.00   0.00
sda              0.00      0.00     0.00   0.00    0.00     0.00   14.00    236.00    32.00  69.57    0.50    16.86    0.00      0.00     0.00   0.00    0.00     0.00    0.00    0.00    0.01   1.60
sdb              0.00      0.00     0.00   0.00    0.00     0.00 1267.00  28288.00   210.00  14.22    0.06    22.33    0.00      0.00     0.00   0.00    0.00     0.00    0.00    0.00    0.07  45.60


avg-cpu:  %user   %nice %system %iowait  %steal   %idle
           1.18    0.00    0.71    0.02    0.00   98.10

Device            r/s     rkB/s   rrqm/s  %rrqm r_await rareq-sz     w/s     wkB/s   wrqm/s  %wrqm w_await wareq-sz     d/s     dkB/s   drqm/s  %drqm d_await dareq-sz     f/s f_await  aqu-sz  %util
dm-0             0.00      0.00     0.00   0.00    0.00     0.00  793.00  15712.00     0.00   0.00    0.08    19.81    0.00      0.00     0.00   0.00    0.00     0.00    0.00    0.00    0.06  46.40
dm-1             0.00      0.00     0.00   0.00    0.00     0.00  806.00  15888.00     0.00   0.00    0.06    19.71    0.00      0.00     0.00   0.00    0.00     0.00    0.00    0.00    0.05  46.40
dm-2             0.00      0.00     0.00   0.00    0.00     0.00   88.00    372.00     0.00   0.00    0.00     4.23    0.00      0.00     0.00   0.00    0.00     0.00    0.00    0.00    0.00   2.00
loop0            0.00      0.00     0.00   0.00    0.00     0.00    0.00      0.00     0.00   0.00    0.00     0.00    0.00      0.00     0.00   0.00    0.00     0.00    0.00    0.00    0.00   0.00
loop1            0.00      0.00     0.00   0.00    0.00     0.00    0.00      0.00     0.00   0.00    0.00     0.00    0.00      0.00     0.00   0.00    0.00     0.00    0.00    0.00    0.00   0.00
loop2            0.00      0.00     0.00   0.00    0.00     0.00    0.00      0.00     0.00   0.00    0.00     0.00    0.00      0.00     0.00   0.00    0.00     0.00    0.00    0.00    0.00   0.00
loop3            0.00      0.00     0.00   0.00    0.00     0.00    0.00      0.00     0.00   0.00    0.00     0.00    0.00      0.00     0.00   0.00    0.00     0.00    0.00    0.00    0.00   0.00
loop4            0.00      0.00     0.00   0.00    0.00     0.00    0.00      0.00     0.00   0.00    0.00     0.00    0.00      0.00     0.00   0.00    0.00     0.00    0.00    0.00    0.00   0.00
loop5            0.00      0.00     0.00   0.00    0.00     0.00    0.00      0.00     0.00   0.00    0.00     0.00    0.00      0.00     0.00   0.00    0.00     0.00    0.00    0.00    0.00   0.00
loop6            0.00      0.00     0.00   0.00    0.00     0.00    0.00      0.00     0.00   0.00    0.00     0.00    0.00      0.00     0.00   0.00    0.00     0.00    0.00    0.00    0.00   0.00
loop7            0.00      0.00     0.00   0.00    0.00     0.00    0.00      0.00     0.00   0.00    0.00     0.00    0.00      0.00     0.00   0.00    0.00     0.00    0.00    0.00    0.00   0.00
sda              0.00      0.00     0.00   0.00    0.00     0.00   37.00    372.00    51.00  57.95    1.32    10.05    0.00      0.00     0.00   0.00    0.00     0.00    0.00    0.00    0.05   2.00
sdb              0.00      0.00     0.00   0.00    0.00     0.00 1381.00  31600.00   218.00  13.63    0.06    22.88    0.00      0.00     0.00   0.00    0.00     0.00    0.00    0.00    0.08  48.40


avg-cpu:  %user   %nice %system %iowait  %steal   %idle
           0.79    0.00    0.74    0.02    0.00   98.46

Device            r/s     rkB/s   rrqm/s  %rrqm r_await rareq-sz     w/s     wkB/s   wrqm/s  %wrqm w_await wareq-sz     d/s     dkB/s   drqm/s  %drqm d_await dareq-sz     f/s f_await  aqu-sz  %util
dm-0             0.00      0.00     0.00   0.00    0.00     0.00  736.00  15184.00     0.00   0.00    0.04    20.63    0.00      0.00     0.00   0.00    0.00     0.00    0.00    0.00    0.03  44.00
dm-1             0.00      0.00     0.00   0.00    0.00     0.00  732.00  15168.00     0.00   0.00    0.08    20.72    0.00      0.00     0.00   0.00    0.00     0.00    0.00    0.00    0.06  42.40
dm-2             0.00      0.00     0.00   0.00    0.00     0.00   47.00    188.00     0.00   0.00    0.00     4.00    0.00      0.00     0.00   0.00    0.00     0.00    0.00    0.00    0.00   1.60
loop0            0.00      0.00     0.00   0.00    0.00     0.00    0.00      0.00     0.00   0.00    0.00     0.00    0.00      0.00     0.00   0.00    0.00     0.00    0.00    0.00    0.00   0.00
loop1            0.00      0.00     0.00   0.00    0.00     0.00    0.00      0.00     0.00   0.00    0.00     0.00    0.00      0.00     0.00   0.00    0.00     0.00    0.00    0.00    0.00   0.00
loop2            0.00      0.00     0.00   0.00    0.00     0.00    0.00      0.00     0.00   0.00    0.00     0.00    0.00      0.00     0.00   0.00    0.00     0.00    0.00    0.00    0.00   0.00
loop3            0.00      0.00     0.00   0.00    0.00     0.00    0.00      0.00     0.00   0.00    0.00     0.00    0.00      0.00     0.00   0.00    0.00     0.00    0.00    0.00    0.00   0.00
loop4            0.00      0.00     0.00   0.00    0.00     0.00    0.00      0.00     0.00   0.00    0.00     0.00    0.00      0.00     0.00   0.00    0.00     0.00    0.00    0.00    0.00   0.00
loop5            0.00      0.00     0.00   0.00    0.00     0.00    0.00      0.00     0.00   0.00    0.00     0.00    0.00      0.00     0.00   0.00    0.00     0.00    0.00    0.00    0.00   0.00
loop6            0.00      0.00     0.00   0.00    0.00     0.00    0.00      0.00     0.00   0.00    0.00     0.00    0.00      0.00     0.00   0.00    0.00     0.00    0.00    0.00    0.00   0.00
loop7            0.00      0.00     0.00   0.00    0.00     0.00    0.00      0.00     0.00   0.00    0.00     0.00    0.00      0.00     0.00   0.00    0.00     0.00    0.00    0.00    0.00   0.00
sda              0.00      0.00     0.00   0.00    0.00     0.00   14.00    188.00    33.00  70.21    0.07    13.43    0.00      0.00     0.00   0.00    0.00     0.00    0.00    0.00    0.00   1.60
sdb              0.00      0.00     0.00   0.00    0.00     0.00 1272.00  30352.00   196.00  13.35    0.06    23.86    0.00      0.00     0.00   0.00    0.00     0.00    0.00    0.00    0.07  45.20


avg-cpu:  %user   %nice %system %iowait  %steal   %idle
           0.77    0.00    0.64    0.00    0.00   98.58

Device            r/s     rkB/s   rrqm/s  %rrqm r_await rareq-sz     w/s     wkB/s   wrqm/s  %wrqm w_await wareq-sz     d/s     dkB/s   drqm/s  %drqm d_await dareq-sz     f/s f_await  aqu-sz  %util
dm-0             0.00      0.00     0.00   0.00    0.00     0.00  757.00  15212.00     0.00   0.00    0.06    20.10    0.00      0.00     0.00   0.00    0.00     0.00    0.00    0.00    0.05  46.00
dm-1             0.00      0.00     0.00   0.00    0.00     0.00  771.00  15264.00     0.00   0.00    0.05    19.80    0.00      0.00     0.00   0.00    0.00     0.00    0.00    0.00    0.04  45.60
dm-2             0.00      0.00     0.00   0.00    0.00     0.00  308.00   1420.00     0.00   0.00    1.27     4.61    0.00      0.00     0.00   0.00    0.00     0.00    0.00    0.00    0.39   4.40
loop0            0.00      0.00     0.00   0.00    0.00     0.00    0.00      0.00     0.00   0.00    0.00     0.00    0.00      0.00     0.00   0.00    0.00     0.00    0.00    0.00    0.00   0.00
loop1            0.00      0.00     0.00   0.00    0.00     0.00    0.00      0.00     0.00   0.00    0.00     0.00    0.00      0.00     0.00   0.00    0.00     0.00    0.00    0.00    0.00   0.00
loop2            0.00      0.00     0.00   0.00    0.00     0.00    0.00      0.00     0.00   0.00    0.00     0.00    0.00      0.00     0.00   0.00    0.00     0.00    0.00    0.00    0.00   0.00
loop3            0.00      0.00     0.00   0.00    0.00     0.00    0.00      0.00     0.00   0.00    0.00     0.00    0.00      0.00     0.00   0.00    0.00     0.00    0.00    0.00    0.00   0.00
loop4            0.00      0.00     0.00   0.00    0.00     0.00    0.00      0.00     0.00   0.00    0.00     0.00    0.00      0.00     0.00   0.00    0.00     0.00    0.00    0.00    0.00   0.00
loop5            0.00      0.00     0.00   0.00    0.00     0.00    0.00      0.00     0.00   0.00    0.00     0.00    0.00      0.00     0.00   0.00    0.00     0.00    0.00    0.00    0.00   0.00
loop6            0.00      0.00     0.00   0.00    0.00     0.00    0.00      0.00     0.00   0.00    0.00     0.00    0.00      0.00     0.00   0.00    0.00     0.00    0.00    0.00    0.00   0.00
loop7            0.00      0.00     0.00   0.00    0.00     0.00    0.00      0.00     0.00   0.00    0.00     0.00    0.00      0.00     0.00   0.00    0.00     0.00    0.00    0.00    0.00   0.00
sda              0.00      0.00     0.00   0.00    0.00     0.00  256.00   1420.00    52.00  16.88    1.15     5.55    0.00      0.00     0.00   0.00    0.00     0.00    0.00    0.00    0.29   4.40
sdb              0.00      0.00     0.00   0.00    0.00     0.00 1316.00  30476.00   212.00  13.87    0.07    23.16    0.00      0.00     0.00   0.00    0.00     0.00    0.00    0.00    0.09  47.20


avg-cpu:  %user   %nice %system %iowait  %steal   %idle
           0.71    0.00    0.61    0.02    0.00   98.66

Device            r/s     rkB/s   rrqm/s  %rrqm r_await rareq-sz     w/s     wkB/s   wrqm/s  %wrqm w_await wareq-sz     d/s     dkB/s   drqm/s  %drqm d_await dareq-sz     f/s f_await  aqu-sz  %util
dm-0             0.00      0.00     0.00   0.00    0.00     0.00  816.00  16164.00     0.00   0.00    0.05    19.81    0.00      0.00     0.00   0.00    0.00     0.00    0.00    0.00    0.04  46.00
dm-1             0.00      0.00     0.00   0.00    0.00     0.00  813.00  16152.00     0.00   0.00    0.07    19.87    0.00      0.00     0.00   0.00    0.00     0.00    0.00    0.00    0.06  46.00
dm-2             0.00      0.00     0.00   0.00    0.00     0.00   48.00    192.00     0.00   0.00    0.25     4.00    0.00      0.00     0.00   0.00    0.00     0.00    0.00    0.00    0.01   1.20
loop0            0.00      0.00     0.00   0.00    0.00     0.00    0.00      0.00     0.00   0.00    0.00     0.00    0.00      0.00     0.00   0.00    0.00     0.00    0.00    0.00    0.00   0.00
loop1            0.00      0.00     0.00   0.00    0.00     0.00    0.00      0.00     0.00   0.00    0.00     0.00    0.00      0.00     0.00   0.00    0.00     0.00    0.00    0.00    0.00   0.00
loop2            0.00      0.00     0.00   0.00    0.00     0.00    0.00      0.00     0.00   0.00    0.00     0.00    0.00      0.00     0.00   0.00    0.00     0.00    0.00    0.00    0.00   0.00
loop3            0.00      0.00     0.00   0.00    0.00     0.00    0.00      0.00     0.00   0.00    0.00     0.00    0.00      0.00     0.00   0.00    0.00     0.00    0.00    0.00    0.00   0.00
loop4            0.00      0.00     0.00   0.00    0.00     0.00    0.00      0.00     0.00   0.00    0.00     0.00    0.00      0.00     0.00   0.00    0.00     0.00    0.00    0.00    0.00   0.00
loop5            0.00      0.00     0.00   0.00    0.00     0.00    0.00      0.00     0.00   0.00    0.00     0.00    0.00      0.00     0.00   0.00    0.00     0.00    0.00    0.00    0.00   0.00
loop6            0.00      0.00     0.00   0.00    0.00     0.00    0.00      0.00     0.00   0.00    0.00     0.00    0.00      0.00     0.00   0.00    0.00     0.00    0.00    0.00    0.00   0.00
loop7            0.00      0.00     0.00   0.00    0.00     0.00    0.00      0.00     0.00   0.00    0.00     0.00    0.00      0.00     0.00   0.00    0.00     0.00    0.00    0.00    0.00   0.00
sda              0.00      0.00     0.00   0.00    0.00     0.00   11.00    192.00    37.00  77.08    0.09    17.45    0.00      0.00     0.00   0.00    0.00     0.00    0.00    0.00    0.00   1.20
sdb              0.00      0.00     0.00   0.00    0.00     0.00 1404.00  32316.00   225.00  13.81    0.06    23.02    0.00      0.00     0.00   0.00    0.00     0.00    0.00    0.00    0.08  46.80


avg-cpu:  %user   %nice %system %iowait  %steal   %idle
           0.71    0.00    0.71    0.02    0.00   98.57

Device            r/s     rkB/s   rrqm/s  %rrqm r_await rareq-sz     w/s     wkB/s   wrqm/s  %wrqm w_await wareq-sz     d/s     dkB/s   drqm/s  %drqm d_await dareq-sz     f/s f_await  aqu-sz  %util
dm-0             0.00      0.00     0.00   0.00    0.00     0.00  751.00  15064.00     0.00   0.00    0.07    20.06    0.00      0.00     0.00   0.00    0.00     0.00    0.00    0.00    0.06  44.40
dm-1             0.00      0.00     0.00   0.00    0.00     0.00  741.00  15028.00     0.00   0.00    0.04    20.28    0.00      0.00     0.00   0.00    0.00     0.00    0.00    0.00    0.03  45.20
dm-2             0.00      0.00     0.00   0.00    0.00     0.00   63.00    276.00     0.00   0.00    0.44     4.38    0.00      0.00     0.00   0.00    0.00     0.00    0.00    0.00    0.03   2.80
loop0            0.00      0.00     0.00   0.00    0.00     0.00    0.00      0.00     0.00   0.00    0.00     0.00    0.00      0.00     0.00   0.00    0.00     0.00    0.00    0.00    0.00   0.00
loop1            0.00      0.00     0.00   0.00    0.00     0.00    0.00      0.00     0.00   0.00    0.00     0.00    0.00      0.00     0.00   0.00    0.00     0.00    0.00    0.00    0.00   0.00
loop2            0.00      0.00     0.00   0.00    0.00     0.00    0.00      0.00     0.00   0.00    0.00     0.00    0.00      0.00     0.00   0.00    0.00     0.00    0.00    0.00    0.00   0.00
loop3            0.00      0.00     0.00   0.00    0.00     0.00    0.00      0.00     0.00   0.00    0.00     0.00    0.00      0.00     0.00   0.00    0.00     0.00    0.00    0.00    0.00   0.00
loop4            0.00      0.00     0.00   0.00    0.00     0.00    0.00      0.00     0.00   0.00    0.00     0.00    0.00      0.00     0.00   0.00    0.00     0.00    0.00    0.00    0.00   0.00
loop5            0.00      0.00     0.00   0.00    0.00     0.00    0.00      0.00     0.00   0.00    0.00     0.00    0.00      0.00     0.00   0.00    0.00     0.00    0.00    0.00    0.00   0.00
loop6            0.00      0.00     0.00   0.00    0.00     0.00    0.00      0.00     0.00   0.00    0.00     0.00    0.00      0.00     0.00   0.00    0.00     0.00    0.00    0.00    0.00   0.00
loop7            0.00      0.00     0.00   0.00    0.00     0.00    0.00      0.00     0.00   0.00    0.00     0.00    0.00      0.00     0.00   0.00    0.00     0.00    0.00    0.00    0.00   0.00
sda              0.00      0.00     0.00   0.00    0.00     0.00   20.00    276.00    43.00  68.25    0.40    13.80    0.00      0.00     0.00   0.00    0.00     0.00    0.00    0.00    0.01   2.80
sdb              0.00      0.00     0.00   0.00    0.00     0.00 1298.00  30092.00   194.00  13.00    0.06    23.18    0.00      0.00     0.00   0.00    0.00     0.00    0.00    0.00    0.07  46.40


avg-cpu:  %user   %nice %system %iowait  %steal   %idle
           0.74    0.00    0.69    0.05    0.00   98.52

Device            r/s     rkB/s   rrqm/s  %rrqm r_await rareq-sz     w/s     wkB/s   wrqm/s  %wrqm w_await wareq-sz     d/s     dkB/s   drqm/s  %drqm d_await dareq-sz     f/s f_await  aqu-sz  %util
dm-0             0.00      0.00     0.00   0.00    0.00     0.00  778.00  15832.00     0.00   0.00    0.17    20.35    0.00      0.00     0.00   0.00    0.00     0.00    0.00    0.00    0.14  48.00
dm-1             0.00      0.00     0.00   0.00    0.00     0.00  767.00  15788.00     0.00   0.00    0.18    20.58    0.00      0.00     0.00   0.00    0.00     0.00    0.00    0.00    0.14  48.40
dm-2             0.00      0.00     0.00   0.00    0.00     0.00   45.00    180.00     0.00   0.00    0.00     4.00    0.00      0.00     0.00   0.00    0.00     0.00    0.00    0.00    0.00   1.60
loop0            0.00      0.00     0.00   0.00    0.00     0.00    0.00      0.00     0.00   0.00    0.00     0.00    0.00      0.00     0.00   0.00    0.00     0.00    0.00    0.00    0.00   0.00
loop1            0.00      0.00     0.00   0.00    0.00     0.00    0.00      0.00     0.00   0.00    0.00     0.00    0.00      0.00     0.00   0.00    0.00     0.00    0.00    0.00    0.00   0.00
loop2            0.00      0.00     0.00   0.00    0.00     0.00    0.00      0.00     0.00   0.00    0.00     0.00    0.00      0.00     0.00   0.00    0.00     0.00    0.00    0.00    0.00   0.00
loop3            0.00      0.00     0.00   0.00    0.00     0.00    0.00      0.00     0.00   0.00    0.00     0.00    0.00      0.00     0.00   0.00    0.00     0.00    0.00    0.00    0.00   0.00
loop4            0.00      0.00     0.00   0.00    0.00     0.00    0.00      0.00     0.00   0.00    0.00     0.00    0.00      0.00     0.00   0.00    0.00     0.00    0.00    0.00    0.00   0.00
loop5            0.00      0.00     0.00   0.00    0.00     0.00    0.00      0.00     0.00   0.00    0.00     0.00    0.00      0.00     0.00   0.00    0.00     0.00    0.00    0.00    0.00   0.00
loop6            0.00      0.00     0.00   0.00    0.00     0.00    0.00      0.00     0.00   0.00    0.00     0.00    0.00      0.00     0.00   0.00    0.00     0.00    0.00    0.00    0.00   0.00
loop7            0.00      0.00     0.00   0.00    0.00     0.00    0.00      0.00     0.00   0.00    0.00     0.00    0.00      0.00     0.00   0.00    0.00     0.00    0.00    0.00    0.00   0.00
sda              0.00      0.00     0.00   0.00    0.00     0.00   12.00    180.00    33.00  73.33    0.33    15.00    0.00      0.00     0.00   0.00    0.00     0.00    0.00    0.00    0.00   1.60
sdb              0.00      0.00     0.00   0.00    0.00     0.00 1325.00  31620.00   220.00  14.24    0.22    23.86    0.00      0.00     0.00   0.00    0.00     0.00    0.00    0.00    0.29  50.00


avg-cpu:  %user   %nice %system %iowait  %steal   %idle
           0.71    0.00    0.63    0.89    0.00   97.77

Device            r/s     rkB/s   rrqm/s  %rrqm r_await rareq-sz     w/s     wkB/s   wrqm/s  %wrqm w_await wareq-sz     d/s     dkB/s   drqm/s  %drqm d_await dareq-sz     f/s f_await  aqu-sz  %util
dm-0             0.00      0.00     0.00   0.00    0.00     0.00  586.00  14764.00     0.00   0.00    9.52    25.19    0.00      0.00     0.00   0.00    0.00     0.00    0.00    0.00    5.58  60.80
dm-1             0.00      0.00     0.00   0.00    0.00     0.00  576.00  14664.00     0.00   0.00   10.03    25.46    0.00      0.00     0.00   0.00    0.00     0.00    0.00    0.00    5.78  60.00
dm-2             0.00      0.00     0.00   0.00    0.00     0.00   84.00    352.00     0.00   0.00    2.10     4.19    0.00      0.00     0.00   0.00    0.00     0.00    0.00    0.00    0.18  15.60
loop0            0.00      0.00     0.00   0.00    0.00     0.00    0.00      0.00     0.00   0.00    0.00     0.00    0.00      0.00     0.00   0.00    0.00     0.00    0.00    0.00    0.00   0.00
loop1            0.00      0.00     0.00   0.00    0.00     0.00    0.00      0.00     0.00   0.00    0.00     0.00    0.00      0.00     0.00   0.00    0.00     0.00    0.00    0.00    0.00   0.00
loop2            0.00      0.00     0.00   0.00    0.00     0.00    0.00      0.00     0.00   0.00    0.00     0.00    0.00      0.00     0.00   0.00    0.00     0.00    0.00    0.00    0.00   0.00
loop3            0.00      0.00     0.00   0.00    0.00     0.00    0.00      0.00     0.00   0.00    0.00     0.00    0.00      0.00     0.00   0.00    0.00     0.00    0.00    0.00    0.00   0.00
loop4            0.00      0.00     0.00   0.00    0.00     0.00    0.00      0.00     0.00   0.00    0.00     0.00    0.00      0.00     0.00   0.00    0.00     0.00    0.00    0.00    0.00   0.00
loop5            0.00      0.00     0.00   0.00    0.00     0.00    0.00      0.00     0.00   0.00    0.00     0.00    0.00      0.00     0.00   0.00    0.00     0.00    0.00    0.00    0.00   0.00
loop6            0.00      0.00     0.00   0.00    0.00     0.00    0.00      0.00     0.00   0.00    0.00     0.00    0.00      0.00     0.00   0.00    0.00     0.00    0.00    0.00    0.00   0.00
loop7            0.00      0.00     0.00   0.00    0.00     0.00    0.00      0.00     0.00   0.00    0.00     0.00    0.00      0.00     0.00   0.00    0.00     0.00    0.00    0.00    0.00   0.00
sda              0.00      0.00     0.00   0.00    0.00     0.00   42.00    352.00    42.00  50.00    4.14     8.38    0.00      0.00     0.00   0.00    0.00     0.00    0.00    0.00    0.17  15.60
sdb              0.00      0.00     0.00   0.00    0.00     0.00  936.00  28256.00   205.00  17.97   10.88    30.19    0.00      0.00     0.00   0.00    0.00     0.00    0.00    0.00   10.19  61.20


avg-cpu:  %user   %nice %system %iowait  %steal   %idle
           0.74    0.00    0.47    0.46    0.00   98.34

Device            r/s     rkB/s   rrqm/s  %rrqm r_await rareq-sz     w/s     wkB/s   wrqm/s  %wrqm w_await wareq-sz     d/s     dkB/s   drqm/s  %drqm d_await dareq-sz     f/s f_await  aqu-sz  %util
dm-0             0.00      0.00     0.00   0.00    0.00     0.00  606.00  13408.00     0.00   0.00    4.92    22.13    0.00      0.00     0.00   0.00    0.00     0.00    0.00    0.00    2.98  60.80
dm-1             0.00      0.00     0.00   0.00    0.00     0.00  595.00  13420.00     0.00   0.00    5.18    22.55    0.00      0.00     0.00   0.00    0.00     0.00    0.00    0.00    3.08  60.00
dm-2             0.00      0.00     0.00   0.00    0.00     0.00   59.00    252.00     0.00   0.00    1.76     4.27    0.00      0.00     0.00   0.00    0.00     0.00    0.00    0.00    0.10   4.40
loop0            0.00      0.00     0.00   0.00    0.00     0.00    0.00      0.00     0.00   0.00    0.00     0.00    0.00      0.00     0.00   0.00    0.00     0.00    0.00    0.00    0.00   0.00
loop1            0.00      0.00     0.00   0.00    0.00     0.00    0.00      0.00     0.00   0.00    0.00     0.00    0.00      0.00     0.00   0.00    0.00     0.00    0.00    0.00    0.00   0.00
loop2            0.00      0.00     0.00   0.00    0.00     0.00    0.00      0.00     0.00   0.00    0.00     0.00    0.00      0.00     0.00   0.00    0.00     0.00    0.00    0.00    0.00   0.00
loop3            0.00      0.00     0.00   0.00    0.00     0.00    0.00      0.00     0.00   0.00    0.00     0.00    0.00      0.00     0.00   0.00    0.00     0.00    0.00    0.00    0.00   0.00
loop4            0.00      0.00     0.00   0.00    0.00     0.00    0.00      0.00     0.00   0.00    0.00     0.00    0.00      0.00     0.00   0.00    0.00     0.00    0.00    0.00    0.00   0.00
loop5            0.00      0.00     0.00   0.00    0.00     0.00    0.00      0.00     0.00   0.00    0.00     0.00    0.00      0.00     0.00   0.00    0.00     0.00    0.00    0.00    0.00   0.00
loop6            0.00      0.00     0.00   0.00    0.00     0.00    0.00      0.00     0.00   0.00    0.00     0.00    0.00      0.00     0.00   0.00    0.00     0.00    0.00    0.00    0.00   0.00
loop7            0.00      0.00     0.00   0.00    0.00     0.00    0.00      0.00     0.00   0.00    0.00     0.00    0.00      0.00     0.00   0.00    0.00     0.00    0.00    0.00    0.00   0.00
sda              0.00      0.00     0.00   0.00    0.00     0.00   17.00    252.00    42.00  71.19    1.47    14.82    0.00      0.00     0.00   0.00    0.00     0.00    0.00    0.00    0.03   4.40
sdb              0.00      0.00     0.00   0.00    0.00     0.00 1014.00  28000.00   208.00  17.02    5.21    27.61    0.00      0.00     0.00   0.00    0.00     0.00    0.00    0.00    5.28  61.20


avg-cpu:  %user   %nice %system %iowait  %steal   %idle
           0.64    0.00    0.67    0.85    0.00   97.84

Device            r/s     rkB/s   rrqm/s  %rrqm r_await rareq-sz     w/s     wkB/s   wrqm/s  %wrqm w_await wareq-sz     d/s     dkB/s   drqm/s  %drqm d_await dareq-sz     f/s f_await  aqu-sz  %util
dm-0             0.00      0.00     0.00   0.00    0.00     0.00  560.00  14240.00     0.00   0.00   10.63    25.43    0.00      0.00     0.00   0.00    0.00     0.00    0.00    0.00    5.95  70.40
dm-1             0.00      0.00     0.00   0.00    0.00     0.00  547.00  14188.00     0.00   0.00   10.82    25.94    0.00      0.00     0.00   0.00    0.00     0.00    0.00    0.00    5.92  71.60
dm-2             0.00      0.00     0.00   0.00    0.00     0.00  281.00   1240.00     0.00   0.00    1.96     4.41    0.00      0.00     0.00   0.00    0.00     0.00    0.00    0.00    0.55   5.20
loop0            0.00      0.00     0.00   0.00    0.00     0.00    0.00      0.00     0.00   0.00    0.00     0.00    0.00      0.00     0.00   0.00    0.00     0.00    0.00    0.00    0.00   0.00
loop1            0.00      0.00     0.00   0.00    0.00     0.00    0.00      0.00     0.00   0.00    0.00     0.00    0.00      0.00     0.00   0.00    0.00     0.00    0.00    0.00    0.00   0.00
loop2            0.00      0.00     0.00   0.00    0.00     0.00    0.00      0.00     0.00   0.00    0.00     0.00    0.00      0.00     0.00   0.00    0.00     0.00    0.00    0.00    0.00   0.00
loop3            0.00      0.00     0.00   0.00    0.00     0.00    0.00      0.00     0.00   0.00    0.00     0.00    0.00      0.00     0.00   0.00    0.00     0.00    0.00    0.00    0.00   0.00
loop4            0.00      0.00     0.00   0.00    0.00     0.00    0.00      0.00     0.00   0.00    0.00     0.00    0.00      0.00     0.00   0.00    0.00     0.00    0.00    0.00    0.00   0.00
loop5            0.00      0.00     0.00   0.00    0.00     0.00    0.00      0.00     0.00   0.00    0.00     0.00    0.00      0.00     0.00   0.00    0.00     0.00    0.00    0.00    0.00   0.00
loop6            0.00      0.00     0.00   0.00    0.00     0.00    0.00      0.00     0.00   0.00    0.00     0.00    0.00      0.00     0.00   0.00    0.00     0.00    0.00    0.00    0.00   0.00
loop7            0.00      0.00     0.00   0.00    0.00     0.00    0.00      0.00     0.00   0.00    0.00     0.00    0.00      0.00     0.00   0.00    0.00     0.00    0.00    0.00    0.00   0.00
sda              0.00      0.00     0.00   0.00    0.00     0.00  243.00   1240.00    38.00  13.52    2.02     5.10    0.00      0.00     0.00   0.00    0.00     0.00    0.00    0.00    0.49   5.20
sdb              0.00      0.00     0.00   0.00    0.00     0.00  924.00  28428.00   183.00  16.53   10.49    30.77    0.00      0.00     0.00   0.00    0.00     0.00    0.00    0.00    9.70  72.00


avg-cpu:  %user   %nice %system %iowait  %steal   %idle
           0.82    0.00    0.67    0.86    0.00   97.65

Device            r/s     rkB/s   rrqm/s  %rrqm r_await rareq-sz     w/s     wkB/s   wrqm/s  %wrqm w_await wareq-sz     d/s     dkB/s   drqm/s  %drqm d_await dareq-sz     f/s f_await  aqu-sz  %util
dm-0             0.00      0.00     0.00   0.00    0.00     0.00  572.00  15488.00     0.00   0.00   15.31    27.08    0.00      0.00     0.00   0.00    0.00     0.00    0.00    0.00    8.76  79.20
dm-1             0.00      0.00     0.00   0.00    0.00     0.00  563.00  15452.00     0.00   0.00   15.72    27.45    0.00      0.00     0.00   0.00    0.00     0.00    0.00    0.00    8.85  80.00
dm-2             0.00      0.00     0.00   0.00    0.00     0.00   66.00    292.00     0.00   0.00    0.00     4.42    0.00      0.00     0.00   0.00    0.00     0.00    0.00    0.00    0.00   2.00
loop0            0.00      0.00     0.00   0.00    0.00     0.00    0.00      0.00     0.00   0.00    0.00     0.00    0.00      0.00     0.00   0.00    0.00     0.00    0.00    0.00    0.00   0.00
loop1            0.00      0.00     0.00   0.00    0.00     0.00    0.00      0.00     0.00   0.00    0.00     0.00    0.00      0.00     0.00   0.00    0.00     0.00    0.00    0.00    0.00   0.00
loop2            0.00      0.00     0.00   0.00    0.00     0.00    0.00      0.00     0.00   0.00    0.00     0.00    0.00      0.00     0.00   0.00    0.00     0.00    0.00    0.00    0.00   0.00
loop3            0.00      0.00     0.00   0.00    0.00     0.00    0.00      0.00     0.00   0.00    0.00     0.00    0.00      0.00     0.00   0.00    0.00     0.00    0.00    0.00    0.00   0.00
loop4            0.00      0.00     0.00   0.00    0.00     0.00    0.00      0.00     0.00   0.00    0.00     0.00    0.00      0.00     0.00   0.00    0.00     0.00    0.00    0.00    0.00   0.00
loop5            0.00      0.00     0.00   0.00    0.00     0.00    0.00      0.00     0.00   0.00    0.00     0.00    0.00      0.00     0.00   0.00    0.00     0.00    0.00    0.00    0.00   0.00
loop6            0.00      0.00     0.00   0.00    0.00     0.00    0.00      0.00     0.00   0.00    0.00     0.00    0.00      0.00     0.00   0.00    0.00     0.00    0.00    0.00    0.00   0.00
loop7            0.00      0.00     0.00   0.00    0.00     0.00    0.00      0.00     0.00   0.00    0.00     0.00    0.00      0.00     0.00   0.00    0.00     0.00    0.00    0.00    0.00   0.00
sda              0.00      0.00     0.00   0.00    0.00     0.00   19.00    292.00    47.00  71.21    0.32    15.37    0.00      0.00     0.00   0.00    0.00     0.00    0.00    0.00    0.01   2.00
sdb              0.00      0.00     0.00   0.00    0.00     0.00  890.00  28596.00   207.00  18.87   16.84    32.13    0.00      0.00     0.00   0.00    0.00     0.00    0.00    0.00   14.99  80.00


avg-cpu:  %user   %nice %system %iowait  %steal   %idle
           0.53    0.00    0.61    1.18    0.00   97.68

Device            r/s     rkB/s   rrqm/s  %rrqm r_await rareq-sz     w/s     wkB/s   wrqm/s  %wrqm w_await wareq-sz     d/s     dkB/s   drqm/s  %drqm d_await dareq-sz     f/s f_await  aqu-sz  %util
dm-0             0.00      0.00     0.00   0.00    0.00     0.00  520.00  14800.00     0.00   0.00   23.57    28.46    0.00      0.00     0.00   0.00    0.00     0.00    0.00    0.00   12.26  83.20
dm-1             0.00      0.00     0.00   0.00    0.00     0.00  515.00  14784.00     0.00   0.00   22.54    28.71    0.00      0.00     0.00   0.00    0.00     0.00    0.00    0.00   11.61  84.40
dm-2             0.00      0.00     0.00   0.00    0.00     0.00   44.00    176.00     0.00   0.00    0.00     4.00    0.00      0.00     0.00   0.00    0.00     0.00    0.00    0.00    0.00   0.80
loop0            0.00      0.00     0.00   0.00    0.00     0.00    0.00      0.00     0.00   0.00    0.00     0.00    0.00      0.00     0.00   0.00    0.00     0.00    0.00    0.00    0.00   0.00
loop1            0.00      0.00     0.00   0.00    0.00     0.00    0.00      0.00     0.00   0.00    0.00     0.00    0.00      0.00     0.00   0.00    0.00     0.00    0.00    0.00    0.00   0.00
loop2            0.00      0.00     0.00   0.00    0.00     0.00    0.00      0.00     0.00   0.00    0.00     0.00    0.00      0.00     0.00   0.00    0.00     0.00    0.00    0.00    0.00   0.00
loop3            0.00      0.00     0.00   0.00    0.00     0.00    0.00      0.00     0.00   0.00    0.00     0.00    0.00      0.00     0.00   0.00    0.00     0.00    0.00    0.00    0.00   0.00
loop4            0.00      0.00     0.00   0.00    0.00     0.00    0.00      0.00     0.00   0.00    0.00     0.00    0.00      0.00     0.00   0.00    0.00     0.00    0.00    0.00    0.00   0.00
loop5            0.00      0.00     0.00   0.00    0.00     0.00    0.00      0.00     0.00   0.00    0.00     0.00    0.00      0.00     0.00   0.00    0.00     0.00    0.00    0.00    0.00   0.00
loop6            0.00      0.00     0.00   0.00    0.00     0.00    0.00      0.00     0.00   0.00    0.00     0.00    0.00      0.00     0.00   0.00    0.00     0.00    0.00    0.00    0.00   0.00
loop7            0.00      0.00     0.00   0.00    0.00     0.00    0.00      0.00     0.00   0.00    0.00     0.00    0.00      0.00     0.00   0.00    0.00     0.00    0.00    0.00    0.00   0.00
sda              0.00      0.00     0.00   0.00    0.00     0.00   11.00    176.00    33.00  75.00    0.09    16.00    0.00      0.00     0.00   0.00    0.00     0.00    0.00    0.00    0.00   0.80
sdb              0.00      0.00     0.00   0.00    0.00     0.00  823.00  29616.00   212.00  20.48   22.78    35.99    0.00      0.00     0.00   0.00    0.00     0.00    0.00    0.00   18.75  84.40


avg-cpu:  %user   %nice %system %iowait  %steal   %idle
           0.63    0.00    0.52    0.80    0.00   98.05

Device            r/s     rkB/s   rrqm/s  %rrqm r_await rareq-sz     w/s     wkB/s   wrqm/s  %wrqm w_await wareq-sz     d/s     dkB/s   drqm/s  %drqm d_await dareq-sz     f/s f_await  aqu-sz  %util
dm-0             0.00      0.00     0.00   0.00    0.00     0.00  535.00  14440.00     0.00   0.00   13.38    26.99    0.00      0.00     0.00   0.00    0.00     0.00    0.00    0.00    7.16  78.40
dm-1             0.00      0.00     0.00   0.00    0.00     0.00  532.00  14428.00     0.00   0.00   13.93    27.12    0.00      0.00     0.00   0.00    0.00     0.00    0.00    0.00    7.41  79.60
dm-2             0.00      0.00     0.00   0.00    0.00     0.00   79.00    336.00     0.00   0.00    0.30     4.25    0.00      0.00     0.00   0.00    0.00     0.00    0.00    0.00    0.02   2.40
loop0            0.00      0.00     0.00   0.00    0.00     0.00    0.00      0.00     0.00   0.00    0.00     0.00    0.00      0.00     0.00   0.00    0.00     0.00    0.00    0.00    0.00   0.00
loop1            0.00      0.00     0.00   0.00    0.00     0.00    0.00      0.00     0.00   0.00    0.00     0.00    0.00      0.00     0.00   0.00    0.00     0.00    0.00    0.00    0.00   0.00
loop2            0.00      0.00     0.00   0.00    0.00     0.00    0.00      0.00     0.00   0.00    0.00     0.00    0.00      0.00     0.00   0.00    0.00     0.00    0.00    0.00    0.00   0.00
loop3            0.00      0.00     0.00   0.00    0.00     0.00    0.00      0.00     0.00   0.00    0.00     0.00    0.00      0.00     0.00   0.00    0.00     0.00    0.00    0.00    0.00   0.00
loop4            0.00      0.00     0.00   0.00    0.00     0.00    0.00      0.00     0.00   0.00    0.00     0.00    0.00      0.00     0.00   0.00    0.00     0.00    0.00    0.00    0.00   0.00
loop5            0.00      0.00     0.00   0.00    0.00     0.00    0.00      0.00     0.00   0.00    0.00     0.00    0.00      0.00     0.00   0.00    0.00     0.00    0.00    0.00    0.00   0.00
loop6            0.00      0.00     0.00   0.00    0.00     0.00    0.00      0.00     0.00   0.00    0.00     0.00    0.00      0.00     0.00   0.00    0.00     0.00    0.00    0.00    0.00   0.00
loop7            0.00      0.00     0.00   0.00    0.00     0.00    0.00      0.00     0.00   0.00    0.00     0.00    0.00      0.00     0.00   0.00    0.00     0.00    0.00    0.00    0.00   0.00
sda              0.00      0.00     0.00   0.00    0.00     0.00   37.00    336.00    42.00  53.16    1.49     9.08    0.00      0.00     0.00   0.00    0.00     0.00    0.00    0.00    0.06   2.40
sdb              0.00      0.00     0.00   0.00    0.00     0.00  876.00  29080.00   196.00  18.28   15.24    33.20    0.00      0.00     0.00   0.00    0.00     0.00    0.00    0.00   13.35  80.40


avg-cpu:  %user   %nice %system %iowait  %steal   %idle
           0.58    0.00    0.55    0.74    0.00   98.14

Device            r/s     rkB/s   rrqm/s  %rrqm r_await rareq-sz     w/s     wkB/s   wrqm/s  %wrqm w_await wareq-sz     d/s     dkB/s   drqm/s  %drqm d_await dareq-sz     f/s f_await  aqu-sz  %util
dm-0             0.00      0.00     0.00   0.00    0.00     0.00  458.00  10892.00     0.00   0.00   20.85    23.78    0.00      0.00     0.00   0.00    0.00     0.00    0.00    0.00    9.55  67.20
dm-1             0.00      0.00     0.00   0.00    0.00     0.00  436.00  10804.00     0.00   0.00   22.55    24.78    0.00      0.00     0.00   0.00    0.00     0.00    0.00    0.00    9.83  67.60
dm-2             0.00      0.00     0.00   0.00    0.00     0.00   40.00    160.00     0.00   0.00    0.00     4.00    0.00      0.00     0.00   0.00    0.00     0.00    0.00    0.00    0.00   0.80
loop0            0.00      0.00     0.00   0.00    0.00     0.00    0.00      0.00     0.00   0.00    0.00     0.00    0.00      0.00     0.00   0.00    0.00     0.00    0.00    0.00    0.00   0.00
loop1            0.00      0.00     0.00   0.00    0.00     0.00    0.00      0.00     0.00   0.00    0.00     0.00    0.00      0.00     0.00   0.00    0.00     0.00    0.00    0.00    0.00   0.00
loop2            0.00      0.00     0.00   0.00    0.00     0.00    0.00      0.00     0.00   0.00    0.00     0.00    0.00      0.00     0.00   0.00    0.00     0.00    0.00    0.00    0.00   0.00
loop3            0.00      0.00     0.00   0.00    0.00     0.00    0.00      0.00     0.00   0.00    0.00     0.00    0.00      0.00     0.00   0.00    0.00     0.00    0.00    0.00    0.00   0.00
loop4            0.00      0.00     0.00   0.00    0.00     0.00    0.00      0.00     0.00   0.00    0.00     0.00    0.00      0.00     0.00   0.00    0.00     0.00    0.00    0.00    0.00   0.00
loop5            0.00      0.00     0.00   0.00    0.00     0.00    0.00      0.00     0.00   0.00    0.00     0.00    0.00      0.00     0.00   0.00    0.00     0.00    0.00    0.00    0.00   0.00
loop6            0.00      0.00     0.00   0.00    0.00     0.00    0.00      0.00     0.00   0.00    0.00     0.00    0.00      0.00     0.00   0.00    0.00     0.00    0.00    0.00    0.00   0.00
loop7            0.00      0.00     0.00   0.00    0.00     0.00    0.00      0.00     0.00   0.00    0.00     0.00    0.00      0.00     0.00   0.00    0.00     0.00    0.00    0.00    0.00   0.00
sda              0.00      0.00     0.00   0.00    0.00     0.00   11.00    160.00    29.00  72.50    0.09    14.55    0.00      0.00     0.00   0.00    0.00     0.00    0.00    0.00    0.00   0.80
sdb              0.00      0.00     0.00   0.00    0.00     0.00  736.00  23796.00   191.00  20.60   21.47    32.33    0.00      0.00     0.00   0.00    0.00     0.00    0.00    0.00   15.81  68.40


avg-cpu:  %user   %nice %system %iowait  %steal   %idle
           0.74    0.00    0.58    1.07    0.00   97.61

Device            r/s     rkB/s   rrqm/s  %rrqm r_await rareq-sz     w/s     wkB/s   wrqm/s  %wrqm w_await wareq-sz     d/s     dkB/s   drqm/s  %drqm d_await dareq-sz     f/s f_await  aqu-sz  %util
dm-0             0.00      0.00     0.00   0.00    0.00     0.00  540.00  15960.00     0.00   0.00   25.10    29.56    0.00      0.00     0.00   0.00    0.00     0.00    0.00    0.00   13.56  90.80
dm-1             0.00      0.00     0.00   0.00    0.00     0.00  552.00  16008.00     0.00   0.00   24.38    29.00    0.00      0.00     0.00   0.00    0.00     0.00    0.00    0.00   13.46  90.00
dm-2             0.00      0.00     0.00   0.00    0.00     0.00  285.00   1300.00     0.00   0.00    1.22     4.56    0.00      0.00     0.00   0.00    0.00     0.00    0.00    0.00    0.35   5.60
loop0            0.00      0.00     0.00   0.00    0.00     0.00    0.00      0.00     0.00   0.00    0.00     0.00    0.00      0.00     0.00   0.00    0.00     0.00    0.00    0.00    0.00   0.00
loop1            0.00      0.00     0.00   0.00    0.00     0.00    0.00      0.00     0.00   0.00    0.00     0.00    0.00      0.00     0.00   0.00    0.00     0.00    0.00    0.00    0.00   0.00
loop2            0.00      0.00     0.00   0.00    0.00     0.00    0.00      0.00     0.00   0.00    0.00     0.00    0.00      0.00     0.00   0.00    0.00     0.00    0.00    0.00    0.00   0.00
loop3            0.00      0.00     0.00   0.00    0.00     0.00    0.00      0.00     0.00   0.00    0.00     0.00    0.00      0.00     0.00   0.00    0.00     0.00    0.00    0.00    0.00   0.00
loop4            0.00      0.00     0.00   0.00    0.00     0.00    0.00      0.00     0.00   0.00    0.00     0.00    0.00      0.00     0.00   0.00    0.00     0.00    0.00    0.00    0.00   0.00
loop5            0.00      0.00     0.00   0.00    0.00     0.00    0.00      0.00     0.00   0.00    0.00     0.00    0.00      0.00     0.00   0.00    0.00     0.00    0.00    0.00    0.00   0.00
loop6            0.00      0.00     0.00   0.00    0.00     0.00    0.00      0.00     0.00   0.00    0.00     0.00    0.00      0.00     0.00   0.00    0.00     0.00    0.00    0.00    0.00   0.00
loop7            0.00      0.00     0.00   0.00    0.00     0.00    0.00      0.00     0.00   0.00    0.00     0.00    0.00      0.00     0.00   0.00    0.00     0.00    0.00    0.00    0.00   0.00
sda              0.00      0.00     0.00   0.00    0.00     0.00  239.00   1300.00    46.00  16.14    1.23     5.44    0.00      0.00     0.00   0.00    0.00     0.00    0.00    0.00    0.29   5.60
sdb              0.00      0.00     0.00   0.00    0.00     0.00  870.00  31968.00   222.00  20.33   25.59    36.74    0.00      0.00     0.00   0.00    0.00     0.00    0.00    0.00   22.26  90.80


avg-cpu:  %user   %nice %system %iowait  %steal   %idle
           0.61    0.00    0.49    1.02    0.00   97.88

Device            r/s     rkB/s   rrqm/s  %rrqm r_await rareq-sz     w/s     wkB/s   wrqm/s  %wrqm w_await wareq-sz     d/s     dkB/s   drqm/s  %drqm d_await dareq-sz     f/s f_await  aqu-sz  %util
dm-0             0.00      0.00     0.00   0.00    0.00     0.00  588.00  15552.00     0.00   0.00   13.57    26.45    0.00      0.00     0.00   0.00    0.00     0.00    0.00    0.00    7.98  79.60
dm-1             0.00      0.00     0.00   0.00    0.00     0.00  577.00  15448.00     0.00   0.00   15.48    26.77    0.00      0.00     0.00   0.00    0.00     0.00    0.00    0.00    8.93  80.00
dm-2             0.00      0.00     0.00   0.00    0.00     0.00   53.00    224.00     0.00   0.00    4.15     4.23    0.00      0.00     0.00   0.00    0.00     0.00    0.00    0.00    0.22   4.80
loop0            0.00      0.00     0.00   0.00    0.00     0.00    0.00      0.00     0.00   0.00    0.00     0.00    0.00      0.00     0.00   0.00    0.00     0.00    0.00    0.00    0.00   0.00
loop1            0.00      0.00     0.00   0.00    0.00     0.00    0.00      0.00     0.00   0.00    0.00     0.00    0.00      0.00     0.00   0.00    0.00     0.00    0.00    0.00    0.00   0.00
loop2            0.00      0.00     0.00   0.00    0.00     0.00    0.00      0.00     0.00   0.00    0.00     0.00    0.00      0.00     0.00   0.00    0.00     0.00    0.00    0.00    0.00   0.00
loop3            0.00      0.00     0.00   0.00    0.00     0.00    0.00      0.00     0.00   0.00    0.00     0.00    0.00      0.00     0.00   0.00    0.00     0.00    0.00    0.00    0.00   0.00
loop4            0.00      0.00     0.00   0.00    0.00     0.00    0.00      0.00     0.00   0.00    0.00     0.00    0.00      0.00     0.00   0.00    0.00     0.00    0.00    0.00    0.00   0.00
loop5            0.00      0.00     0.00   0.00    0.00     0.00    0.00      0.00     0.00   0.00    0.00     0.00    0.00      0.00     0.00   0.00    0.00     0.00    0.00    0.00    0.00   0.00
loop6            0.00      0.00     0.00   0.00    0.00     0.00    0.00      0.00     0.00   0.00    0.00     0.00    0.00      0.00     0.00   0.00    0.00     0.00    0.00    0.00    0.00   0.00
loop7            0.00      0.00     0.00   0.00    0.00     0.00    0.00      0.00     0.00   0.00    0.00     0.00    0.00      0.00     0.00   0.00    0.00     0.00    0.00    0.00    0.00   0.00
sda              0.00      0.00     0.00   0.00    0.00     0.00   13.00    224.00    40.00  75.47    3.54    17.23    0.00      0.00     0.00   0.00    0.00     0.00    0.00    0.00    0.05   4.80
sdb              0.00      0.00     0.00   0.00    0.00     0.00  932.00  30480.00   223.00  19.31   15.16    32.70    0.00      0.00     0.00   0.00    0.00     0.00    0.00    0.00   14.13  80.40


avg-cpu:  %user   %nice %system %iowait  %steal   %idle
           0.67    0.00    0.64    1.08    0.00   97.60

Device            r/s     rkB/s   rrqm/s  %rrqm r_await rareq-sz     w/s     wkB/s   wrqm/s  %wrqm w_await wareq-sz     d/s     dkB/s   drqm/s  %drqm d_await dareq-sz     f/s f_await  aqu-sz  %util
dm-0             0.00      0.00     0.00   0.00    0.00     0.00  476.00  14748.00     0.00   0.00   25.06    30.98    0.00      0.00     0.00   0.00    0.00     0.00    0.00    0.00   11.93  86.80
dm-1             0.00      0.00     0.00   0.00    0.00     0.00  490.00  14860.00     0.00   0.00   25.64    30.33    0.00      0.00     0.00   0.00    0.00     0.00    0.00    0.00   12.56  86.80
dm-2             0.00      0.00     0.00   0.00    0.00     0.00   57.00    244.00     0.00   0.00    1.89     4.28    0.00      0.00     0.00   0.00    0.00     0.00    0.00    0.00    0.11   4.80
loop0            0.00      0.00     0.00   0.00    0.00     0.00    0.00      0.00     0.00   0.00    0.00     0.00    0.00      0.00     0.00   0.00    0.00     0.00    0.00    0.00    0.00   0.00
loop1            0.00      0.00     0.00   0.00    0.00     0.00    0.00      0.00     0.00   0.00    0.00     0.00    0.00      0.00     0.00   0.00    0.00     0.00    0.00    0.00    0.00   0.00
loop2            0.00      0.00     0.00   0.00    0.00     0.00    0.00      0.00     0.00   0.00    0.00     0.00    0.00      0.00     0.00   0.00    0.00     0.00    0.00    0.00    0.00   0.00
loop3            0.00      0.00     0.00   0.00    0.00     0.00    0.00      0.00     0.00   0.00    0.00     0.00    0.00      0.00     0.00   0.00    0.00     0.00    0.00    0.00    0.00   0.00
loop4            0.00      0.00     0.00   0.00    0.00     0.00    0.00      0.00     0.00   0.00    0.00     0.00    0.00      0.00     0.00   0.00    0.00     0.00    0.00    0.00    0.00   0.00
loop5            0.00      0.00     0.00   0.00    0.00     0.00    0.00      0.00     0.00   0.00    0.00     0.00    0.00      0.00     0.00   0.00    0.00     0.00    0.00    0.00    0.00   0.00
loop6            0.00      0.00     0.00   0.00    0.00     0.00    0.00      0.00     0.00   0.00    0.00     0.00    0.00      0.00     0.00   0.00    0.00     0.00    0.00    0.00    0.00   0.00
loop7            0.00      0.00     0.00   0.00    0.00     0.00    0.00      0.00     0.00   0.00    0.00     0.00    0.00      0.00     0.00   0.00    0.00     0.00    0.00    0.00    0.00   0.00
sda              0.00      0.00     0.00   0.00    0.00     0.00   17.00    244.00    40.00  70.18    1.71    14.35    0.00      0.00     0.00   0.00    0.00     0.00    0.00    0.00    0.03   4.80
sdb              0.00      0.00     0.00   0.00    0.00     0.00  747.00  27568.00   188.00  20.11   28.68    36.90    0.00      0.00     0.00   0.00    0.00     0.00    0.00    0.00   21.43  87.60


avg-cpu:  %user   %nice %system %iowait  %steal   %idle
           0.50    0.00    0.47    1.43    0.00   97.60

Device            r/s     rkB/s   rrqm/s  %rrqm r_await rareq-sz     w/s     wkB/s   wrqm/s  %wrqm w_await wareq-sz     d/s     dkB/s   drqm/s  %drqm d_await dareq-sz     f/s f_await  aqu-sz  %util
dm-0             0.00      0.00     0.00   0.00    0.00     0.00  408.00  12852.00     0.00   0.00   50.44    31.50    0.00      0.00     0.00   0.00    0.00     0.00    0.00    0.00   20.58  95.20
dm-1             0.00      0.00     0.00   0.00    0.00     0.00  380.00  12740.00     0.00   0.00   46.19    33.53    0.00      0.00     0.00   0.00    0.00     0.00    0.00    0.00   17.55  96.00
dm-2             0.00      0.00     0.00   0.00    0.00     0.00   66.00    264.00     0.00   0.00    4.42     4.00    0.00      0.00     0.00   0.00    0.00     0.00    0.00    0.00    0.29   5.20
loop0            0.00      0.00     0.00   0.00    0.00     0.00    0.00      0.00     0.00   0.00    0.00     0.00    0.00      0.00     0.00   0.00    0.00     0.00    0.00    0.00    0.00   0.00
loop1            0.00      0.00     0.00   0.00    0.00     0.00    0.00      0.00     0.00   0.00    0.00     0.00    0.00      0.00     0.00   0.00    0.00     0.00    0.00    0.00    0.00   0.00
loop2            0.00      0.00     0.00   0.00    0.00     0.00    0.00      0.00     0.00   0.00    0.00     0.00    0.00      0.00     0.00   0.00    0.00     0.00    0.00    0.00    0.00   0.00
loop3            0.00      0.00     0.00   0.00    0.00     0.00    0.00      0.00     0.00   0.00    0.00     0.00    0.00      0.00     0.00   0.00    0.00     0.00    0.00    0.00    0.00   0.00
loop4            0.00      0.00     0.00   0.00    0.00     0.00    0.00      0.00     0.00   0.00    0.00     0.00    0.00      0.00     0.00   0.00    0.00     0.00    0.00    0.00    0.00   0.00
loop5            0.00      0.00     0.00   0.00    0.00     0.00    0.00      0.00     0.00   0.00    0.00     0.00    0.00      0.00     0.00   0.00    0.00     0.00    0.00    0.00    0.00   0.00
loop6            0.00      0.00     0.00   0.00    0.00     0.00    0.00      0.00     0.00   0.00    0.00     0.00    0.00      0.00     0.00   0.00    0.00     0.00    0.00    0.00    0.00   0.00
loop7            0.00      0.00     0.00   0.00    0.00     0.00    0.00      0.00     0.00   0.00    0.00     0.00    0.00      0.00     0.00   0.00    0.00     0.00    0.00    0.00    0.00   0.00
sda              0.00      0.00     0.00   0.00    0.00     0.00   34.00    264.00    32.00  48.48    7.50     7.76    0.00      0.00     0.00   0.00    0.00     0.00    0.00    0.00    0.26   5.20
sdb              0.00      0.00     0.00   0.00    0.00     0.00  576.00  26148.00   220.00  27.64   50.31    45.40    0.00      0.00     0.00   0.00    0.00     0.00    0.00    0.00   28.98  96.00


avg-cpu:  %user   %nice %system %iowait  %steal   %idle
           0.74    0.00    0.64    1.36    0.00   97.26

Device            r/s     rkB/s   rrqm/s  %rrqm r_await rareq-sz     w/s     wkB/s   wrqm/s  %wrqm w_await wareq-sz     d/s     dkB/s   drqm/s  %drqm d_await dareq-sz     f/s f_await  aqu-sz  %util
dm-0             0.00      0.00     0.00   0.00    0.00     0.00  416.00  14024.00     0.00   0.00   45.62    33.71    0.00      0.00     0.00   0.00    0.00     0.00    0.00    0.00   18.98  93.20
dm-1             0.00      0.00     0.00   0.00    0.00     0.00  417.00  14028.00     0.00   0.00   45.08    33.64    0.00      0.00     0.00   0.00    0.00     0.00    0.00    0.00   18.80  91.60
dm-2             0.00      0.00     0.00   0.00    0.00     0.00   58.00    248.00     0.00   0.00    2.34     4.28    0.00      0.00     0.00   0.00    0.00     0.00    0.00    0.00    0.14   5.20
loop0            0.00      0.00     0.00   0.00    0.00     0.00    0.00      0.00     0.00   0.00    0.00     0.00    0.00      0.00     0.00   0.00    0.00     0.00    0.00    0.00    0.00   0.00
loop1            0.00      0.00     0.00   0.00    0.00     0.00    0.00      0.00     0.00   0.00    0.00     0.00    0.00      0.00     0.00   0.00    0.00     0.00    0.00    0.00    0.00   0.00
loop2            0.00      0.00     0.00   0.00    0.00     0.00    0.00      0.00     0.00   0.00    0.00     0.00    0.00      0.00     0.00   0.00    0.00     0.00    0.00    0.00    0.00   0.00
loop3            0.00      0.00     0.00   0.00    0.00     0.00    0.00      0.00     0.00   0.00    0.00     0.00    0.00      0.00     0.00   0.00    0.00     0.00    0.00    0.00    0.00   0.00
loop4            0.00      0.00     0.00   0.00    0.00     0.00    0.00      0.00     0.00   0.00    0.00     0.00    0.00      0.00     0.00   0.00    0.00     0.00    0.00    0.00    0.00   0.00
loop5            0.00      0.00     0.00   0.00    0.00     0.00    0.00      0.00     0.00   0.00    0.00     0.00    0.00      0.00     0.00   0.00    0.00     0.00    0.00    0.00    0.00   0.00
loop6            0.00      0.00     0.00   0.00    0.00     0.00    0.00      0.00     0.00   0.00    0.00     0.00    0.00      0.00     0.00   0.00    0.00     0.00    0.00    0.00    0.00   0.00
loop7            0.00      0.00     0.00   0.00    0.00     0.00    0.00      0.00     0.00   0.00    0.00     0.00    0.00      0.00     0.00   0.00    0.00     0.00    0.00    0.00    0.00   0.00
sda              0.00      0.00     0.00   0.00    0.00     0.00   17.00    248.00    41.00  70.69    2.06    14.59    0.00      0.00     0.00   0.00    0.00     0.00    0.00    0.00    0.04   5.20
sdb              0.00      0.00     0.00   0.00    0.00     0.00  631.00  28684.00   212.00  25.15   50.35    45.46    0.00      0.00     0.00   0.00    0.00     0.00    0.00    0.00   31.77  93.60


avg-cpu:  %user   %nice %system %iowait  %steal   %idle
           0.77    0.00    0.58    1.35    0.00   97.30

Device            r/s     rkB/s   rrqm/s  %rrqm r_await rareq-sz     w/s     wkB/s   wrqm/s  %wrqm w_await wareq-sz     d/s     dkB/s   drqm/s  %drqm d_await dareq-sz     f/s f_await  aqu-sz  %util
dm-0             0.00      0.00     0.00   0.00    0.00     0.00  459.00  15516.00     0.00   0.00   28.49    33.80    0.00      0.00     0.00   0.00    0.00     0.00    0.00    0.00   13.08  90.40
dm-1             0.00      0.00     0.00   0.00    0.00     0.00  444.00  15336.00     0.00   0.00   30.05    34.54    0.00      0.00     0.00   0.00    0.00     0.00    0.00    0.00   13.34  89.60
dm-2             0.00      0.00     0.00   0.00    0.00     0.00  286.00   1264.00     0.00   0.00    1.13     4.42    0.00      0.00     0.00   0.00    0.00     0.00    0.00    0.00    0.32   4.80
loop0            0.00      0.00     0.00   0.00    0.00     0.00    0.00      0.00     0.00   0.00    0.00     0.00    0.00      0.00     0.00   0.00    0.00     0.00    0.00    0.00    0.00   0.00
loop1            0.00      0.00     0.00   0.00    0.00     0.00    0.00      0.00     0.00   0.00    0.00     0.00    0.00      0.00     0.00   0.00    0.00     0.00    0.00    0.00    0.00   0.00
loop2            0.00      0.00     0.00   0.00    0.00     0.00    0.00      0.00     0.00   0.00    0.00     0.00    0.00      0.00     0.00   0.00    0.00     0.00    0.00    0.00    0.00   0.00
loop3            0.00      0.00     0.00   0.00    0.00     0.00    0.00      0.00     0.00   0.00    0.00     0.00    0.00      0.00     0.00   0.00    0.00     0.00    0.00    0.00    0.00   0.00
loop4            0.00      0.00     0.00   0.00    0.00     0.00    0.00      0.00     0.00   0.00    0.00     0.00    0.00      0.00     0.00   0.00    0.00     0.00    0.00    0.00    0.00   0.00
loop5            0.00      0.00     0.00   0.00    0.00     0.00    0.00      0.00     0.00   0.00    0.00     0.00    0.00      0.00     0.00   0.00    0.00     0.00    0.00    0.00    0.00   0.00
loop6            0.00      0.00     0.00   0.00    0.00     0.00    0.00      0.00     0.00   0.00    0.00     0.00    0.00      0.00     0.00   0.00    0.00     0.00    0.00    0.00    0.00   0.00
loop7            0.00      0.00     0.00   0.00    0.00     0.00    0.00      0.00     0.00   0.00    0.00     0.00    0.00      0.00     0.00   0.00    0.00     0.00    0.00    0.00    0.00   0.00
sda              0.00      0.00     0.00   0.00    0.00     0.00  254.00   1264.00    32.00  11.19    1.30     4.98    0.00      0.00     0.00   0.00    0.00     0.00    0.00    0.00    0.33   4.80
sdb              0.00      0.00     0.00   0.00    0.00     0.00  684.00  28896.00   189.00  21.65   31.11    42.25    0.00      0.00     0.00   0.00    0.00     0.00    0.00    0.00   21.28  90.80


avg-cpu:  %user   %nice %system %iowait  %steal   %idle
           0.60    0.00    0.53    1.65    0.00   97.22

Device            r/s     rkB/s   rrqm/s  %rrqm r_await rareq-sz     w/s     wkB/s   wrqm/s  %wrqm w_await wareq-sz     d/s     dkB/s   drqm/s  %drqm d_await dareq-sz     f/s f_await  aqu-sz  %util
dm-0             0.00      0.00     0.00   0.00    0.00     0.00  304.00  12436.00     0.00   0.00   69.42    40.91    0.00      0.00     0.00   0.00    0.00     0.00    0.00    0.00   21.10  98.80
dm-1             0.00      0.00     0.00   0.00    0.00     0.00  302.00  12368.00     0.00   0.00   70.50    40.95    0.00      0.00     0.00   0.00    0.00     0.00    0.00    0.00   21.29  98.80
dm-2             0.00      0.00     0.00   0.00    0.00     0.00   79.00    348.00     0.00   0.00    1.72     4.41    0.00      0.00     0.00   0.00    0.00     0.00    0.00    0.00    0.14   6.40
loop0            0.00      0.00     0.00   0.00    0.00     0.00    0.00      0.00     0.00   0.00    0.00     0.00    0.00      0.00     0.00   0.00    0.00     0.00    0.00    0.00    0.00   0.00
loop1            0.00      0.00     0.00   0.00    0.00     0.00    0.00      0.00     0.00   0.00    0.00     0.00    0.00      0.00     0.00   0.00    0.00     0.00    0.00    0.00    0.00   0.00
loop2            0.00      0.00     0.00   0.00    0.00     0.00    0.00      0.00     0.00   0.00    0.00     0.00    0.00      0.00     0.00   0.00    0.00     0.00    0.00    0.00    0.00   0.00
loop3            0.00      0.00     0.00   0.00    0.00     0.00    0.00      0.00     0.00   0.00    0.00     0.00    0.00      0.00     0.00   0.00    0.00     0.00    0.00    0.00    0.00   0.00
loop4            0.00      0.00     0.00   0.00    0.00     0.00    0.00      0.00     0.00   0.00    0.00     0.00    0.00      0.00     0.00   0.00    0.00     0.00    0.00    0.00    0.00   0.00
loop5            0.00      0.00     0.00   0.00    0.00     0.00    0.00      0.00     0.00   0.00    0.00     0.00    0.00      0.00     0.00   0.00    0.00     0.00    0.00    0.00    0.00   0.00
loop6            0.00      0.00     0.00   0.00    0.00     0.00    0.00      0.00     0.00   0.00    0.00     0.00    0.00      0.00     0.00   0.00    0.00     0.00    0.00    0.00    0.00   0.00
loop7            0.00      0.00     0.00   0.00    0.00     0.00    0.00      0.00     0.00   0.00    0.00     0.00    0.00      0.00     0.00   0.00    0.00     0.00    0.00    0.00    0.00   0.00
sda              0.00      0.00     0.00   0.00    0.00     0.00   22.00    348.00    57.00  72.15    2.59    15.82    0.00      0.00     0.00   0.00    0.00     0.00    0.00    0.00    0.06   6.40
sdb              0.00      0.00     0.00   0.00    0.00     0.00  422.00  24592.00   180.00  29.90   77.20    58.27    0.00      0.00     0.00   0.00    0.00     0.00    0.00    0.00   32.58  98.80


avg-cpu:  %user   %nice %system %iowait  %steal   %idle
           0.63    0.00    0.47    1.74    0.00   97.16

Device            r/s     rkB/s   rrqm/s  %rrqm r_await rareq-sz     w/s     wkB/s   wrqm/s  %wrqm w_await wareq-sz     d/s     dkB/s   drqm/s  %drqm d_await dareq-sz     f/s f_await  aqu-sz  %util
dm-0             0.00      0.00     0.00   0.00    0.00     0.00  361.00  13384.00     0.00   0.00   67.21    37.07    0.00      0.00     0.00   0.00    0.00     0.00    0.00    0.00   24.26  97.60
dm-1             0.00      0.00     0.00   0.00    0.00     0.00  370.00  13420.00     0.00   0.00   64.77    36.27    0.00      0.00     0.00   0.00    0.00     0.00    0.00    0.00   23.96  98.40
dm-2             0.00      0.00     0.00   0.00    0.00     0.00   40.00    160.00     0.00   0.00    2.60     4.00    0.00      0.00     0.00   0.00    0.00     0.00    0.00    0.00    0.10   3.60
loop0            0.00      0.00     0.00   0.00    0.00     0.00    0.00      0.00     0.00   0.00    0.00     0.00    0.00      0.00     0.00   0.00    0.00     0.00    0.00    0.00    0.00   0.00
loop1            0.00      0.00     0.00   0.00    0.00     0.00    0.00      0.00     0.00   0.00    0.00     0.00    0.00      0.00     0.00   0.00    0.00     0.00    0.00    0.00    0.00   0.00
loop2            0.00      0.00     0.00   0.00    0.00     0.00    0.00      0.00     0.00   0.00    0.00     0.00    0.00      0.00     0.00   0.00    0.00     0.00    0.00    0.00    0.00   0.00
loop3            0.00      0.00     0.00   0.00    0.00     0.00    0.00      0.00     0.00   0.00    0.00     0.00    0.00      0.00     0.00   0.00    0.00     0.00    0.00    0.00    0.00   0.00
loop4            0.00      0.00     0.00   0.00    0.00     0.00    0.00      0.00     0.00   0.00    0.00     0.00    0.00      0.00     0.00   0.00    0.00     0.00    0.00    0.00    0.00   0.00
loop5            0.00      0.00     0.00   0.00    0.00     0.00    0.00      0.00     0.00   0.00    0.00     0.00    0.00      0.00     0.00   0.00    0.00     0.00    0.00    0.00    0.00   0.00
loop6            0.00      0.00     0.00   0.00    0.00     0.00    0.00      0.00     0.00   0.00    0.00     0.00    0.00      0.00     0.00   0.00    0.00     0.00    0.00    0.00    0.00   0.00
loop7            0.00      0.00     0.00   0.00    0.00     0.00    0.00      0.00     0.00   0.00    0.00     0.00    0.00      0.00     0.00   0.00    0.00     0.00    0.00    0.00    0.00   0.00
sda              0.00      0.00     0.00   0.00    0.00     0.00   11.00    160.00    29.00  72.50    2.09    14.55    0.00      0.00     0.00   0.00    0.00     0.00    0.00    0.00    0.02   3.60
sdb              0.00      0.00     0.00   0.00    0.00     0.00  533.00  27440.00   208.00  28.07   71.42    51.48    0.00      0.00     0.00   0.00    0.00     0.00    0.00    0.00   38.06  98.80


avg-cpu:  %user   %nice %system %iowait  %steal   %idle
           0.58    0.00    0.61    1.54    0.00   97.27

Device            r/s     rkB/s   rrqm/s  %rrqm r_await rareq-sz     w/s     wkB/s   wrqm/s  %wrqm w_await wareq-sz     d/s     dkB/s   drqm/s  %drqm d_await dareq-sz     f/s f_await  aqu-sz  %util
dm-0             0.00      0.00     0.00   0.00    0.00     0.00  358.00  15292.00     0.00   0.00   59.97    42.72    0.00      0.00     0.00   0.00    0.00     0.00    0.00    0.00   21.47  96.00
dm-1             0.00      0.00     0.00   0.00    0.00     0.00  357.00  15348.00     0.00   0.00   57.71    42.99    0.00      0.00     0.00   0.00    0.00     0.00    0.00    0.00   20.60  96.40
dm-2             0.00      0.00     0.00   0.00    0.00     0.00   83.00    348.00     0.00   0.00    2.51     4.19    0.00      0.00     0.00   0.00    0.00     0.00    0.00    0.00    0.21   6.00
loop0            0.00      0.00     0.00   0.00    0.00     0.00    0.00      0.00     0.00   0.00    0.00     0.00    0.00      0.00     0.00   0.00    0.00     0.00    0.00    0.00    0.00   0.00
loop1            0.00      0.00     0.00   0.00    0.00     0.00    0.00      0.00     0.00   0.00    0.00     0.00    0.00      0.00     0.00   0.00    0.00     0.00    0.00    0.00    0.00   0.00
loop2            0.00      0.00     0.00   0.00    0.00     0.00    0.00      0.00     0.00   0.00    0.00     0.00    0.00      0.00     0.00   0.00    0.00     0.00    0.00    0.00    0.00   0.00
loop3            0.00      0.00     0.00   0.00    0.00     0.00    0.00      0.00     0.00   0.00    0.00     0.00    0.00      0.00     0.00   0.00    0.00     0.00    0.00    0.00    0.00   0.00
loop4            0.00      0.00     0.00   0.00    0.00     0.00    0.00      0.00     0.00   0.00    0.00     0.00    0.00      0.00     0.00   0.00    0.00     0.00    0.00    0.00    0.00   0.00
loop5            0.00      0.00     0.00   0.00    0.00     0.00    0.00      0.00     0.00   0.00    0.00     0.00    0.00      0.00     0.00   0.00    0.00     0.00    0.00    0.00    0.00   0.00
loop6            0.00      0.00     0.00   0.00    0.00     0.00    0.00      0.00     0.00   0.00    0.00     0.00    0.00      0.00     0.00   0.00    0.00     0.00    0.00    0.00    0.00   0.00
loop7            0.00      0.00     0.00   0.00    0.00     0.00    0.00      0.00     0.00   0.00    0.00     0.00    0.00      0.00     0.00   0.00    0.00     0.00    0.00    0.00    0.00   0.00
sda              0.00      0.00     0.00   0.00    0.00     0.00   38.00    348.00    45.00  54.22    2.66     9.16    0.00      0.00     0.00   0.00    0.00     0.00    0.00    0.00    0.10   6.00
sdb              0.00      0.00     0.00   0.00    0.00     0.00  504.00  29632.00   195.00  27.90   65.80    58.79    0.00      0.00     0.00   0.00    0.00     0.00    0.00    0.00   33.16  97.20


avg-cpu:  %user   %nice %system %iowait  %steal   %idle
           0.60    0.00    0.50    1.40    0.00   97.51

Device            r/s     rkB/s   rrqm/s  %rrqm r_await rareq-sz     w/s     wkB/s   wrqm/s  %wrqm w_await wareq-sz     d/s     dkB/s   drqm/s  %drqm d_await dareq-sz     f/s f_await  aqu-sz  %util
dm-0             0.00      0.00     0.00   0.00    0.00     0.00  341.00  13664.00     0.00   0.00   62.17    40.07    0.00      0.00     0.00   0.00    0.00     0.00    0.00    0.00   21.20  96.80
dm-1             0.00      0.00     0.00   0.00    0.00     0.00  343.00  13672.00     0.00   0.00   63.55    39.86    0.00      0.00     0.00   0.00    0.00     0.00    0.00    0.00   21.80  96.40
dm-2             0.00      0.00     0.00   0.00    0.00     0.00   40.00    160.00     0.00   0.00    2.60     4.00    0.00      0.00     0.00   0.00    0.00     0.00    0.00    0.00    0.10   3.60
loop0            0.00      0.00     0.00   0.00    0.00     0.00    0.00      0.00     0.00   0.00    0.00     0.00    0.00      0.00     0.00   0.00    0.00     0.00    0.00    0.00    0.00   0.00
loop1            0.00      0.00     0.00   0.00    0.00     0.00    0.00      0.00     0.00   0.00    0.00     0.00    0.00      0.00     0.00   0.00    0.00     0.00    0.00    0.00    0.00   0.00
loop2            0.00      0.00     0.00   0.00    0.00     0.00    0.00      0.00     0.00   0.00    0.00     0.00    0.00      0.00     0.00   0.00    0.00     0.00    0.00    0.00    0.00   0.00
loop3            0.00      0.00     0.00   0.00    0.00     0.00    0.00      0.00     0.00   0.00    0.00     0.00    0.00      0.00     0.00   0.00    0.00     0.00    0.00    0.00    0.00   0.00
loop4            0.00      0.00     0.00   0.00    0.00     0.00    0.00      0.00     0.00   0.00    0.00     0.00    0.00      0.00     0.00   0.00    0.00     0.00    0.00    0.00    0.00   0.00
loop5            0.00      0.00     0.00   0.00    0.00     0.00    0.00      0.00     0.00   0.00    0.00     0.00    0.00      0.00     0.00   0.00    0.00     0.00    0.00    0.00    0.00   0.00
loop6            0.00      0.00     0.00   0.00    0.00     0.00    0.00      0.00     0.00   0.00    0.00     0.00    0.00      0.00     0.00   0.00    0.00     0.00    0.00    0.00    0.00   0.00
loop7            0.00      0.00     0.00   0.00    0.00     0.00    0.00      0.00     0.00   0.00    0.00     0.00    0.00      0.00     0.00   0.00    0.00     0.00    0.00    0.00    0.00   0.00
sda              0.00      0.00     0.00   0.00    0.00     0.00   11.00    160.00    29.00  72.50    2.45    14.55    0.00      0.00     0.00   0.00    0.00     0.00    0.00    0.00    0.03   3.60
sdb              0.00      0.00     0.00   0.00    0.00     0.00  494.00  27208.00   188.00  27.57   72.83    55.08    0.00      0.00     0.00   0.00    0.00     0.00    0.00    0.00   35.98  97.60


avg-cpu:  %user   %nice %system %iowait  %steal   %idle
           0.50    0.00    0.46    1.66    0.00   97.38

Device            r/s     rkB/s   rrqm/s  %rrqm r_await rareq-sz     w/s     wkB/s   wrqm/s  %wrqm w_await wareq-sz     d/s     dkB/s   drqm/s  %drqm d_await dareq-sz     f/s f_await  aqu-sz  %util
dm-0             0.00      0.00     0.00   0.00    0.00     0.00  345.00  12360.00     0.00   0.00   73.74    35.83    0.00      0.00     0.00   0.00    0.00     0.00    0.00    0.00   25.44  97.60
dm-1             0.00      0.00     0.00   0.00    0.00     0.00  338.00  12332.00     0.00   0.00   71.49    36.49    0.00      0.00     0.00   0.00    0.00     0.00    0.00    0.00   24.16  98.80
dm-2             0.00      0.00     0.00   0.00    0.00     0.00  279.00   1248.00     0.00   0.00    1.76     4.47    0.00      0.00     0.00   0.00    0.00     0.00    0.00    0.00    0.49   5.20
loop0            0.00      0.00     0.00   0.00    0.00     0.00    0.00      0.00     0.00   0.00    0.00     0.00    0.00      0.00     0.00   0.00    0.00     0.00    0.00    0.00    0.00   0.00
loop1            0.00      0.00     0.00   0.00    0.00     0.00    0.00      0.00     0.00   0.00    0.00     0.00    0.00      0.00     0.00   0.00    0.00     0.00    0.00    0.00    0.00   0.00
loop2            0.00      0.00     0.00   0.00    0.00     0.00    0.00      0.00     0.00   0.00    0.00     0.00    0.00      0.00     0.00   0.00    0.00     0.00    0.00    0.00    0.00   0.00
loop3            0.00      0.00     0.00   0.00    0.00     0.00    0.00      0.00     0.00   0.00    0.00     0.00    0.00      0.00     0.00   0.00    0.00     0.00    0.00    0.00    0.00   0.00
loop4            0.00      0.00     0.00   0.00    0.00     0.00    0.00      0.00     0.00   0.00    0.00     0.00    0.00      0.00     0.00   0.00    0.00     0.00    0.00    0.00    0.00   0.00
loop5            0.00      0.00     0.00   0.00    0.00     0.00    0.00      0.00     0.00   0.00    0.00     0.00    0.00      0.00     0.00   0.00    0.00     0.00    0.00    0.00    0.00   0.00
loop6            0.00      0.00     0.00   0.00    0.00     0.00    0.00      0.00     0.00   0.00    0.00     0.00    0.00      0.00     0.00   0.00    0.00     0.00    0.00    0.00    0.00   0.00
loop7            0.00      0.00     0.00   0.00    0.00     0.00    0.00      0.00     0.00   0.00    0.00     0.00    0.00      0.00     0.00   0.00    0.00     0.00    0.00    0.00    0.00   0.00
sda              0.00      0.00     0.00   0.00    0.00     0.00  245.00   1208.00    33.00  11.87    1.93     4.93    0.00      0.00     0.00   0.00    0.00     0.00    0.00    0.00    0.47   5.20
sdb              0.00      0.00     0.00   0.00    0.00     0.00  487.00  25944.00   216.00  30.73   81.29    53.27    0.00      0.00     0.00   0.00    0.00     0.00    0.00    0.00   39.59  98.40


avg-cpu:  %user   %nice %system %iowait  %steal   %idle
           0.68    0.00    0.50    1.48    0.00   97.35

Device            r/s     rkB/s   rrqm/s  %rrqm r_await rareq-sz     w/s     wkB/s   wrqm/s  %wrqm w_await wareq-sz     d/s     dkB/s   drqm/s  %drqm d_await dareq-sz     f/s f_await  aqu-sz  %util
dm-0             0.00      0.00     0.00   0.00    0.00     0.00  383.00  14252.00     0.00   0.00   58.56    37.21    0.00      0.00     0.00   0.00    0.00     0.00    0.00    0.00   22.43  97.20
dm-1             0.00      0.00     0.00   0.00    0.00     0.00  382.00  14248.00     0.00   0.00   57.81    37.30    0.00      0.00     0.00   0.00    0.00     0.00    0.00    0.00   22.08  98.00
dm-2             0.00      0.00     0.00   0.00    0.00     0.00   25.00    124.00     0.00   0.00    7.04     4.96    0.00      0.00     0.00   0.00    0.00     0.00    0.00    0.00    0.18   4.80
loop0            0.00      0.00     0.00   0.00    0.00     0.00    0.00      0.00     0.00   0.00    0.00     0.00    0.00      0.00     0.00   0.00    0.00     0.00    0.00    0.00    0.00   0.00
loop1            0.00      0.00     0.00   0.00    0.00     0.00    0.00      0.00     0.00   0.00    0.00     0.00    0.00      0.00     0.00   0.00    0.00     0.00    0.00    0.00    0.00   0.00
loop2            0.00      0.00     0.00   0.00    0.00     0.00    0.00      0.00     0.00   0.00    0.00     0.00    0.00      0.00     0.00   0.00    0.00     0.00    0.00    0.00    0.00   0.00
loop3            0.00      0.00     0.00   0.00    0.00     0.00    0.00      0.00     0.00   0.00    0.00     0.00    0.00      0.00     0.00   0.00    0.00     0.00    0.00    0.00    0.00   0.00
loop4            0.00      0.00     0.00   0.00    0.00     0.00    0.00      0.00     0.00   0.00    0.00     0.00    0.00      0.00     0.00   0.00    0.00     0.00    0.00    0.00    0.00   0.00
loop5            0.00      0.00     0.00   0.00    0.00     0.00    0.00      0.00     0.00   0.00    0.00     0.00    0.00      0.00     0.00   0.00    0.00     0.00    0.00    0.00    0.00   0.00
loop6            0.00      0.00     0.00   0.00    0.00     0.00    0.00      0.00     0.00   0.00    0.00     0.00    0.00      0.00     0.00   0.00    0.00     0.00    0.00    0.00    0.00   0.00
loop7            0.00      0.00     0.00   0.00    0.00     0.00    0.00      0.00     0.00   0.00    0.00     0.00    0.00      0.00     0.00   0.00    0.00     0.00    0.00    0.00    0.00   0.00
sda              0.00      0.00     0.00   0.00    0.00     0.00   13.00    164.00    13.00  50.00    4.15    12.62    0.00      0.00     0.00   0.00    0.00     0.00    0.00    0.00    0.05   4.80
sdb              0.00      0.00     0.00   0.00    0.00     0.00  553.00  28912.00   218.00  28.27   66.94    52.28    0.00      0.00     0.00   0.00    0.00     0.00    0.00    0.00   37.02  98.00


avg-cpu:  %user   %nice %system %iowait  %steal   %idle
           0.75    0.00    0.69    1.54    0.00   97.02

Device            r/s     rkB/s   rrqm/s  %rrqm r_await rareq-sz     w/s     wkB/s   wrqm/s  %wrqm w_await wareq-sz     d/s     dkB/s   drqm/s  %drqm d_await dareq-sz     f/s f_await  aqu-sz  %util
dm-0             0.00      0.00     0.00   0.00    0.00     0.00  370.00  14980.00     0.00   0.00   56.17    40.49    0.00      0.00     0.00   0.00    0.00     0.00    0.00    0.00   20.78  98.40
dm-1             0.00      0.00     0.00   0.00    0.00     0.00  365.00  14840.00     0.00   0.00   57.79    40.66    0.00      0.00     0.00   0.00    0.00     0.00    0.00    0.00   21.09  98.00
dm-2             0.00      0.00     0.00   0.00    0.00     0.00   49.00    196.00     0.00   0.00    2.12     4.00    0.00      0.00     0.00   0.00    0.00     0.00    0.00    0.00    0.10   3.20
loop0            0.00      0.00     0.00   0.00    0.00     0.00    0.00      0.00     0.00   0.00    0.00     0.00    0.00      0.00     0.00   0.00    0.00     0.00    0.00    0.00    0.00   0.00
loop1            0.00      0.00     0.00   0.00    0.00     0.00    0.00      0.00     0.00   0.00    0.00     0.00    0.00      0.00     0.00   0.00    0.00     0.00    0.00    0.00    0.00   0.00
loop2            0.00      0.00     0.00   0.00    0.00     0.00    0.00      0.00     0.00   0.00    0.00     0.00    0.00      0.00     0.00   0.00    0.00     0.00    0.00    0.00    0.00   0.00
loop3            0.00      0.00     0.00   0.00    0.00     0.00    0.00      0.00     0.00   0.00    0.00     0.00    0.00      0.00     0.00   0.00    0.00     0.00    0.00    0.00    0.00   0.00
loop4            0.00      0.00     0.00   0.00    0.00     0.00    0.00      0.00     0.00   0.00    0.00     0.00    0.00      0.00     0.00   0.00    0.00     0.00    0.00    0.00    0.00   0.00
loop5            0.00      0.00     0.00   0.00    0.00     0.00    0.00      0.00     0.00   0.00    0.00     0.00    0.00      0.00     0.00   0.00    0.00     0.00    0.00    0.00    0.00   0.00
loop6            0.00      0.00     0.00   0.00    0.00     0.00    0.00      0.00     0.00   0.00    0.00     0.00    0.00      0.00     0.00   0.00    0.00     0.00    0.00    0.00    0.00   0.00
loop7            0.00      0.00     0.00   0.00    0.00     0.00    0.00      0.00     0.00   0.00    0.00     0.00    0.00      0.00     0.00   0.00    0.00     0.00    0.00    0.00    0.00   0.00
sda              0.00      0.00     0.00   0.00    0.00     0.00   11.00    196.00    38.00  77.55    2.18    17.82    0.00      0.00     0.00   0.00    0.00     0.00    0.00    0.00    0.02   3.20
sdb              0.00      0.00     0.00   0.00    0.00     0.00  525.00  28860.00   195.00  27.08   66.13    54.97    0.00      0.00     0.00   0.00    0.00     0.00    0.00    0.00   34.72  99.20


avg-cpu:  %user   %nice %system %iowait  %steal   %idle
           0.61    0.00    0.38    2.25    0.00   96.77

Device            r/s     rkB/s   rrqm/s  %rrqm r_await rareq-sz     w/s     wkB/s   wrqm/s  %wrqm w_await wareq-sz     d/s     dkB/s   drqm/s  %drqm d_await dareq-sz     f/s f_await  aqu-sz  %util
dm-0             0.00      0.00     0.00   0.00    0.00     0.00  444.00  13116.00     0.00   0.00   56.59    29.54    0.00      0.00     0.00   0.00    0.00     0.00    0.00    0.00   25.13  98.00
dm-1             0.00      0.00     0.00   0.00    0.00     0.00  449.00  13256.00     0.00   0.00   53.99    29.52    0.00      0.00     0.00   0.00    0.00     0.00    0.00    0.00   24.24  98.40
dm-2             0.00      0.00     0.00   0.00    0.00     0.00   83.00    352.00     0.00   0.00    7.47     4.24    0.00      0.00     0.00   0.00    0.00     0.00    0.00    0.00    0.62  29.20
loop0            0.00      0.00     0.00   0.00    0.00     0.00    0.00      0.00     0.00   0.00    0.00     0.00    0.00      0.00     0.00   0.00    0.00     0.00    0.00    0.00    0.00   0.00
loop1            0.00      0.00     0.00   0.00    0.00     0.00    0.00      0.00     0.00   0.00    0.00     0.00    0.00      0.00     0.00   0.00    0.00     0.00    0.00    0.00    0.00   0.00
loop2            0.00      0.00     0.00   0.00    0.00     0.00    0.00      0.00     0.00   0.00    0.00     0.00    0.00      0.00     0.00   0.00    0.00     0.00    0.00    0.00    0.00   0.00
loop3            0.00      0.00     0.00   0.00    0.00     0.00    0.00      0.00     0.00   0.00    0.00     0.00    0.00      0.00     0.00   0.00    0.00     0.00    0.00    0.00    0.00   0.00
loop4            0.00      0.00     0.00   0.00    0.00     0.00    0.00      0.00     0.00   0.00    0.00     0.00    0.00      0.00     0.00   0.00    0.00     0.00    0.00    0.00    0.00   0.00
loop5            0.00      0.00     0.00   0.00    0.00     0.00    0.00      0.00     0.00   0.00    0.00     0.00    0.00      0.00     0.00   0.00    0.00     0.00    0.00    0.00    0.00   0.00
loop6            0.00      0.00     0.00   0.00    0.00     0.00    0.00      0.00     0.00   0.00    0.00     0.00    0.00      0.00     0.00   0.00    0.00     0.00    0.00    0.00    0.00   0.00
loop7            0.00      0.00     0.00   0.00    0.00     0.00    0.00      0.00     0.00   0.00    0.00     0.00    0.00      0.00     0.00   0.00    0.00     0.00    0.00    0.00    0.00   0.00
sda              0.00      0.00     0.00   0.00    0.00     0.00   34.00    352.00    49.00  59.04   10.38    10.35    0.00      0.00     0.00   0.00    0.00     0.00    0.00    0.00    0.35  29.20
sdb              0.00      0.00     0.00   0.00    0.00     0.00  684.00  26180.00   206.00  23.15   53.69    38.27    0.00      0.00     0.00   0.00    0.00     0.00    0.00    0.00   36.73  98.40


avg-cpu:  %user   %nice %system %iowait  %steal   %idle
           0.70    0.00    0.64    1.30    0.00   97.35

Device            r/s     rkB/s   rrqm/s  %rrqm r_await rareq-sz     w/s     wkB/s   wrqm/s  %wrqm w_await wareq-sz     d/s     dkB/s   drqm/s  %drqm d_await dareq-sz     f/s f_await  aqu-sz  %util
dm-0             0.00      0.00     0.00   0.00    0.00     0.00  377.00  13928.00     0.00   0.00   52.13    36.94    0.00      0.00     0.00   0.00    0.00     0.00    0.00    0.00   19.65  98.40
dm-1             0.00      0.00     0.00   0.00    0.00     0.00  381.00  13944.00     0.00   0.00   54.86    36.60    0.00      0.00     0.00   0.00    0.00     0.00    0.00    0.00   20.90  97.60
dm-2             0.00      0.00     0.00   0.00    0.00     0.00   41.00    164.00     0.00   0.00    3.41     4.00    0.00      0.00     0.00   0.00    0.00     0.00    0.00    0.00    0.14   4.00
loop0            0.00      0.00     0.00   0.00    0.00     0.00    0.00      0.00     0.00   0.00    0.00     0.00    0.00      0.00     0.00   0.00    0.00     0.00    0.00    0.00    0.00   0.00
loop1            0.00      0.00     0.00   0.00    0.00     0.00    0.00      0.00     0.00   0.00    0.00     0.00    0.00      0.00     0.00   0.00    0.00     0.00    0.00    0.00    0.00   0.00
loop2            0.00      0.00     0.00   0.00    0.00     0.00    0.00      0.00     0.00   0.00    0.00     0.00    0.00      0.00     0.00   0.00    0.00     0.00    0.00    0.00    0.00   0.00
loop3            0.00      0.00     0.00   0.00    0.00     0.00    0.00      0.00     0.00   0.00    0.00     0.00    0.00      0.00     0.00   0.00    0.00     0.00    0.00    0.00    0.00   0.00
loop4            0.00      0.00     0.00   0.00    0.00     0.00    0.00      0.00     0.00   0.00    0.00     0.00    0.00      0.00     0.00   0.00    0.00     0.00    0.00    0.00    0.00   0.00
loop5            0.00      0.00     0.00   0.00    0.00     0.00    0.00      0.00     0.00   0.00    0.00     0.00    0.00      0.00     0.00   0.00    0.00     0.00    0.00    0.00    0.00   0.00
loop6            0.00      0.00     0.00   0.00    0.00     0.00    0.00      0.00     0.00   0.00    0.00     0.00    0.00      0.00     0.00   0.00    0.00     0.00    0.00    0.00    0.00   0.00
loop7            0.00      0.00     0.00   0.00    0.00     0.00    0.00      0.00     0.00   0.00    0.00     0.00    0.00      0.00     0.00   0.00    0.00     0.00    0.00    0.00    0.00   0.00
sda              0.00      0.00     0.00   0.00    0.00     0.00   11.00    164.00    30.00  73.17    3.09    14.91    0.00      0.00     0.00   0.00    0.00     0.00    0.00    0.00    0.03   4.00
sdb              0.00      0.00     0.00   0.00    0.00     0.00  537.00  27696.00   219.00  28.97   64.75    51.58    0.00      0.00     0.00   0.00    0.00     0.00    0.00    0.00   34.77  98.40


avg-cpu:  %user   %nice %system %iowait  %steal   %idle
           0.74    0.00    0.58    1.21    0.00   97.47

Device            r/s     rkB/s   rrqm/s  %rrqm r_await rareq-sz     w/s     wkB/s   wrqm/s  %wrqm w_await wareq-sz     d/s     dkB/s   drqm/s  %drqm d_await dareq-sz     f/s f_await  aqu-sz  %util
dm-0             0.00      0.00     0.00   0.00    0.00     0.00  482.00  14228.00     0.00   0.00   29.19    29.52    0.00      0.00     0.00   0.00    0.00     0.00    0.00    0.00   14.07  88.80
dm-1             0.00      0.00     0.00   0.00    0.00     0.00  474.00  14196.00     0.00   0.00   31.13    29.95    0.00      0.00     0.00   0.00    0.00     0.00    0.00    0.00   14.76  89.20
dm-2             0.00      0.00     0.00   0.00    0.00     0.00   57.00    244.00     0.00   0.00    2.04     4.28    0.00      0.00     0.00   0.00    0.00     0.00    0.00    0.00    0.12   5.20
loop0            0.00      0.00     0.00   0.00    0.00     0.00    0.00      0.00     0.00   0.00    0.00     0.00    0.00      0.00     0.00   0.00    0.00     0.00    0.00    0.00    0.00   0.00
loop1            0.00      0.00     0.00   0.00    0.00     0.00    0.00      0.00     0.00   0.00    0.00     0.00    0.00      0.00     0.00   0.00    0.00     0.00    0.00    0.00    0.00   0.00
loop2            0.00      0.00     0.00   0.00    0.00     0.00    0.00      0.00     0.00   0.00    0.00     0.00    0.00      0.00     0.00   0.00    0.00     0.00    0.00    0.00    0.00   0.00
loop3            0.00      0.00     0.00   0.00    0.00     0.00    0.00      0.00     0.00   0.00    0.00     0.00    0.00      0.00     0.00   0.00    0.00     0.00    0.00    0.00    0.00   0.00
loop4            0.00      0.00     0.00   0.00    0.00     0.00    0.00      0.00     0.00   0.00    0.00     0.00    0.00      0.00     0.00   0.00    0.00     0.00    0.00    0.00    0.00   0.00
loop5            0.00      0.00     0.00   0.00    0.00     0.00    0.00      0.00     0.00   0.00    0.00     0.00    0.00      0.00     0.00   0.00    0.00     0.00    0.00    0.00    0.00   0.00
loop6            0.00      0.00     0.00   0.00    0.00     0.00    0.00      0.00     0.00   0.00    0.00     0.00    0.00      0.00     0.00   0.00    0.00     0.00    0.00    0.00    0.00   0.00
loop7            0.00      0.00     0.00   0.00    0.00     0.00    0.00      0.00     0.00   0.00    0.00     0.00    0.00      0.00     0.00   0.00    0.00     0.00    0.00    0.00    0.00   0.00
sda              0.00      0.00     0.00   0.00    0.00     0.00   17.00    244.00    40.00  70.18    1.94    14.35    0.00      0.00     0.00   0.00    0.00     0.00    0.00    0.00    0.03   5.20
sdb              0.00      0.00     0.00   0.00    0.00     0.00  760.00  30184.00   223.00  22.69   31.50    39.72    0.00      0.00     0.00   0.00    0.00     0.00    0.00    0.00   23.94  89.60


avg-cpu:  %user   %nice %system %iowait  %steal   %idle
           0.64    0.00    0.55    1.16    0.00   97.65

Device            r/s     rkB/s   rrqm/s  %rrqm r_await rareq-sz     w/s     wkB/s   wrqm/s  %wrqm w_await wareq-sz     d/s     dkB/s   drqm/s  %drqm d_await dareq-sz     f/s f_await  aqu-sz  %util
dm-0             0.00      0.00     0.00   0.00    0.00     0.00  477.00  14388.00     0.00   0.00   26.76    30.16    0.00      0.00     0.00   0.00    0.00     0.00    0.00    0.00   12.76  87.60
dm-1             0.00      0.00     0.00   0.00    0.00     0.00  490.00  14384.00     0.00   0.00   26.45    29.36    0.00      0.00     0.00   0.00    0.00     0.00    0.00    0.00   12.96  86.80
dm-2             0.00      0.00     0.00   0.00    0.00     0.00  288.00   1280.00     0.00   0.00    3.65     4.44    0.00      0.00     0.00   0.00    0.00     0.00    0.00    0.00    1.05   4.00
loop0            0.00      0.00     0.00   0.00    0.00     0.00    0.00      0.00     0.00   0.00    0.00     0.00    0.00      0.00     0.00   0.00    0.00     0.00    0.00    0.00    0.00   0.00
loop1            0.00      0.00     0.00   0.00    0.00     0.00    0.00      0.00     0.00   0.00    0.00     0.00    0.00      0.00     0.00   0.00    0.00     0.00    0.00    0.00    0.00   0.00
loop2            0.00      0.00     0.00   0.00    0.00     0.00    0.00      0.00     0.00   0.00    0.00     0.00    0.00      0.00     0.00   0.00    0.00     0.00    0.00    0.00    0.00   0.00
loop3            0.00      0.00     0.00   0.00    0.00     0.00    0.00      0.00     0.00   0.00    0.00     0.00    0.00      0.00     0.00   0.00    0.00     0.00    0.00    0.00    0.00   0.00
loop4            0.00      0.00     0.00   0.00    0.00     0.00    0.00      0.00     0.00   0.00    0.00     0.00    0.00      0.00     0.00   0.00    0.00     0.00    0.00    0.00    0.00   0.00
loop5            0.00      0.00     0.00   0.00    0.00     0.00    0.00      0.00     0.00   0.00    0.00     0.00    0.00      0.00     0.00   0.00    0.00     0.00    0.00    0.00    0.00   0.00
loop6            0.00      0.00     0.00   0.00    0.00     0.00    0.00      0.00     0.00   0.00    0.00     0.00    0.00      0.00     0.00   0.00    0.00     0.00    0.00    0.00    0.00   0.00
loop7            0.00      0.00     0.00   0.00    0.00     0.00    0.00      0.00     0.00   0.00    0.00     0.00    0.00      0.00     0.00   0.00    0.00     0.00    0.00    0.00    0.00   0.00
sda              0.00      0.00     0.00   0.00    0.00     0.00  254.00   1280.00    34.00  11.81    4.11     5.04    0.00      0.00     0.00   0.00    0.00     0.00    0.00    0.00    1.04   4.00
sdb              0.00      0.00     0.00   0.00    0.00     0.00  757.00  29284.00   218.00  22.36   27.59    38.68    0.00      0.00     0.00   0.00    0.00     0.00    0.00    0.00   20.89  87.60


avg-cpu:  %user   %nice %system %iowait  %steal   %idle
           0.69    0.00    0.53    1.10    0.00   97.68

Device            r/s     rkB/s   rrqm/s  %rrqm r_await rareq-sz     w/s     wkB/s   wrqm/s  %wrqm w_await wareq-sz     d/s     dkB/s   drqm/s  %drqm d_await dareq-sz     f/s f_await  aqu-sz  %util
dm-0             0.00      0.00     0.00   0.00    0.00     0.00  423.00  12612.00     0.00   0.00   30.14    29.82    0.00      0.00     0.00   0.00    0.00     0.00    0.00    0.00   12.75  81.60
dm-1             0.00      0.00     0.00   0.00    0.00     0.00  420.00  12660.00     0.00   0.00   30.72    30.14    0.00      0.00     0.00   0.00    0.00     0.00    0.00    0.00   12.90  82.80
dm-2             0.00      0.00     0.00   0.00    0.00     0.00   72.00    360.00     0.00   0.00    0.78     5.00    0.00      0.00     0.00   0.00    0.00     0.00    0.00    0.00    0.06   3.60
loop0            0.00      0.00     0.00   0.00    0.00     0.00    0.00      0.00     0.00   0.00    0.00     0.00    0.00      0.00     0.00   0.00    0.00     0.00    0.00    0.00    0.00   0.00
loop1            0.00      0.00     0.00   0.00    0.00     0.00    0.00      0.00     0.00   0.00    0.00     0.00    0.00      0.00     0.00   0.00    0.00     0.00    0.00    0.00    0.00   0.00
loop2            0.00      0.00     0.00   0.00    0.00     0.00    0.00      0.00     0.00   0.00    0.00     0.00    0.00      0.00     0.00   0.00    0.00     0.00    0.00    0.00    0.00   0.00
loop3            0.00      0.00     0.00   0.00    0.00     0.00    0.00      0.00     0.00   0.00    0.00     0.00    0.00      0.00     0.00   0.00    0.00     0.00    0.00    0.00    0.00   0.00
loop4            0.00      0.00     0.00   0.00    0.00     0.00    0.00      0.00     0.00   0.00    0.00     0.00    0.00      0.00     0.00   0.00    0.00     0.00    0.00    0.00    0.00   0.00
loop5            0.00      0.00     0.00   0.00    0.00     0.00    0.00      0.00     0.00   0.00    0.00     0.00    0.00      0.00     0.00   0.00    0.00     0.00    0.00    0.00    0.00   0.00
loop6            0.00      0.00     0.00   0.00    0.00     0.00    0.00      0.00     0.00   0.00    0.00     0.00    0.00      0.00     0.00   0.00    0.00     0.00    0.00    0.00    0.00   0.00
loop7            0.00      0.00     0.00   0.00    0.00     0.00    0.00      0.00     0.00   0.00    0.00     0.00    0.00      0.00     0.00   0.00    0.00     0.00    0.00    0.00    0.00   0.00
sda              0.00      0.00     0.00   0.00    0.00     0.00   21.00    360.00    51.00  70.83    0.76    17.14    0.00      0.00     0.00   0.00    0.00     0.00    0.00    0.00    0.02   3.60
sdb              0.00      0.00     0.00   0.00    0.00     0.00  675.00  26704.00   192.00  22.15   30.56    39.56    0.00      0.00     0.00   0.00    0.00     0.00    0.00    0.00   20.63  83.20


avg-cpu:  %user   %nice %system %iowait  %steal   %idle
           0.71    0.00    0.55    1.34    0.00   97.41

Device            r/s     rkB/s   rrqm/s  %rrqm r_await rareq-sz     w/s     wkB/s   wrqm/s  %wrqm w_await wareq-sz     d/s     dkB/s   drqm/s  %drqm d_await dareq-sz     f/s f_await  aqu-sz  %util
dm-0             0.00      0.00     0.00   0.00    0.00     0.00  485.00  15140.00     0.00   0.00   31.49    31.22    0.00      0.00     0.00   0.00    0.00     0.00    0.00    0.00   15.27  90.00
dm-1             0.00      0.00     0.00   0.00    0.00     0.00  474.00  15096.00     0.00   0.00   32.36    31.85    0.00      0.00     0.00   0.00    0.00     0.00    0.00    0.00   15.34  91.20
dm-2             0.00      0.00     0.00   0.00    0.00     0.00   49.00    200.00     0.00   0.00    3.76     4.08    0.00      0.00     0.00   0.00    0.00     0.00    0.00    0.00    0.18   5.20
loop0            0.00      0.00     0.00   0.00    0.00     0.00    0.00      0.00     0.00   0.00    0.00     0.00    0.00      0.00     0.00   0.00    0.00     0.00    0.00    0.00    0.00   0.00
loop1            0.00      0.00     0.00   0.00    0.00     0.00    0.00      0.00     0.00   0.00    0.00     0.00    0.00      0.00     0.00   0.00    0.00     0.00    0.00    0.00    0.00   0.00
loop2            0.00      0.00     0.00   0.00    0.00     0.00    0.00      0.00     0.00   0.00    0.00     0.00    0.00      0.00     0.00   0.00    0.00     0.00    0.00    0.00    0.00   0.00
loop3            0.00      0.00     0.00   0.00    0.00     0.00    0.00      0.00     0.00   0.00    0.00     0.00    0.00      0.00     0.00   0.00    0.00     0.00    0.00    0.00    0.00   0.00
loop4            0.00      0.00     0.00   0.00    0.00     0.00    0.00      0.00     0.00   0.00    0.00     0.00    0.00      0.00     0.00   0.00    0.00     0.00    0.00    0.00    0.00   0.00
loop5            0.00      0.00     0.00   0.00    0.00     0.00    0.00      0.00     0.00   0.00    0.00     0.00    0.00      0.00     0.00   0.00    0.00     0.00    0.00    0.00    0.00   0.00
loop6            0.00      0.00     0.00   0.00    0.00     0.00    0.00      0.00     0.00   0.00    0.00     0.00    0.00      0.00     0.00   0.00    0.00     0.00    0.00    0.00    0.00   0.00
loop7            0.00      0.00     0.00   0.00    0.00     0.00    0.00      0.00     0.00   0.00    0.00     0.00    0.00      0.00     0.00   0.00    0.00     0.00    0.00    0.00    0.00   0.00
sda              0.00      0.00     0.00   0.00    0.00     0.00   14.00    200.00    35.00  71.43    2.71    14.29    0.00      0.00     0.00   0.00    0.00     0.00    0.00    0.00    0.04   5.20
sdb              0.00      0.00     0.00   0.00    0.00     0.00  752.00  28948.00   185.00  19.74   33.44    38.49    0.00      0.00     0.00   0.00    0.00     0.00    0.00    0.00   25.15  91.60


avg-cpu:  %user   %nice %system %iowait  %steal   %idle
           0.63    0.00    0.74    1.08    0.00   97.56

Device            r/s     rkB/s   rrqm/s  %rrqm r_await rareq-sz     w/s     wkB/s   wrqm/s  %wrqm w_await wareq-sz     d/s     dkB/s   drqm/s  %drqm d_await dareq-sz     f/s f_await  aqu-sz  %util
dm-0             0.00      0.00     0.00   0.00    0.00     0.00  494.00  14576.00     0.00   0.00   28.40    29.51    0.00      0.00     0.00   0.00    0.00     0.00    0.00    0.00   14.03  90.40
dm-1             0.00      0.00     0.00   0.00    0.00     0.00  503.00  14612.00     0.00   0.00   28.15    29.05    0.00      0.00     0.00   0.00    0.00     0.00    0.00    0.00   14.16  90.80
dm-2             0.00      0.00     0.00   0.00    0.00     0.00   82.00    344.00     0.00   0.00    3.61     4.20    0.00      0.00     0.00   0.00    0.00     0.00    0.00    0.00    0.30   6.00
loop0            0.00      0.00     0.00   0.00    0.00     0.00    0.00      0.00     0.00   0.00    0.00     0.00    0.00      0.00     0.00   0.00    0.00     0.00    0.00    0.00    0.00   0.00
loop1            0.00      0.00     0.00   0.00    0.00     0.00    0.00      0.00     0.00   0.00    0.00     0.00    0.00      0.00     0.00   0.00    0.00     0.00    0.00    0.00    0.00   0.00
loop2            0.00      0.00     0.00   0.00    0.00     0.00    0.00      0.00     0.00   0.00    0.00     0.00    0.00      0.00     0.00   0.00    0.00     0.00    0.00    0.00    0.00   0.00
loop3            0.00      0.00     0.00   0.00    0.00     0.00    0.00      0.00     0.00   0.00    0.00     0.00    0.00      0.00     0.00   0.00    0.00     0.00    0.00    0.00    0.00   0.00
loop4            0.00      0.00     0.00   0.00    0.00     0.00    0.00      0.00     0.00   0.00    0.00     0.00    0.00      0.00     0.00   0.00    0.00     0.00    0.00    0.00    0.00   0.00
loop5            0.00      0.00     0.00   0.00    0.00     0.00    0.00      0.00     0.00   0.00    0.00     0.00    0.00      0.00     0.00   0.00    0.00     0.00    0.00    0.00    0.00   0.00
loop6            0.00      0.00     0.00   0.00    0.00     0.00    0.00      0.00     0.00   0.00    0.00     0.00    0.00      0.00     0.00   0.00    0.00     0.00    0.00    0.00    0.00   0.00
loop7            0.00      0.00     0.00   0.00    0.00     0.00    0.00      0.00     0.00   0.00    0.00     0.00    0.00      0.00     0.00   0.00    0.00     0.00    0.00    0.00    0.00   0.00
sda              0.00      0.00     0.00   0.00    0.00     0.00   35.00    344.00    47.00  57.32    5.71     9.83    0.00      0.00     0.00   0.00    0.00     0.00    0.00    0.00    0.20   6.00
sdb              0.00      0.00     0.00   0.00    0.00     0.00  755.00  29640.00   251.00  24.95   32.08    39.26    0.00      0.00     0.00   0.00    0.00     0.00    0.00    0.00   24.22  91.20


avg-cpu:  %user   %nice %system %iowait  %steal   %idle
           0.78    0.00    0.67    1.50    0.00   97.04

Device            r/s     rkB/s   rrqm/s  %rrqm r_await rareq-sz     w/s     wkB/s   wrqm/s  %wrqm w_await wareq-sz     d/s     dkB/s   drqm/s  %drqm d_await dareq-sz     f/s f_await  aqu-sz  %util
dm-0             0.00      0.00     0.00   0.00    0.00     0.00  432.00  14508.00     0.00   0.00   37.22    33.58    0.00      0.00     0.00   0.00    0.00     0.00    0.00    0.00   16.08  92.40
dm-1             0.00      0.00     0.00   0.00    0.00     0.00  418.00  14452.00     0.00   0.00   39.40    34.57    0.00      0.00     0.00   0.00    0.00     0.00    0.00    0.00   16.47  92.40
dm-2             0.00      0.00     0.00   0.00    0.00     0.00   56.00    240.00     0.00   0.00    5.57     4.29    0.00      0.00     0.00   0.00    0.00     0.00    0.00    0.00    0.31   8.00
loop0            0.00      0.00     0.00   0.00    0.00     0.00    0.00      0.00     0.00   0.00    0.00     0.00    0.00      0.00     0.00   0.00    0.00     0.00    0.00    0.00    0.00   0.00
loop1            0.00      0.00     0.00   0.00    0.00     0.00    0.00      0.00     0.00   0.00    0.00     0.00    0.00      0.00     0.00   0.00    0.00     0.00    0.00    0.00    0.00   0.00
loop2            0.00      0.00     0.00   0.00    0.00     0.00    0.00      0.00     0.00   0.00    0.00     0.00    0.00      0.00     0.00   0.00    0.00     0.00    0.00    0.00    0.00   0.00
loop3            0.00      0.00     0.00   0.00    0.00     0.00    0.00      0.00     0.00   0.00    0.00     0.00    0.00      0.00     0.00   0.00    0.00     0.00    0.00    0.00    0.00   0.00
loop4            0.00      0.00     0.00   0.00    0.00     0.00    0.00      0.00     0.00   0.00    0.00     0.00    0.00      0.00     0.00   0.00    0.00     0.00    0.00    0.00    0.00   0.00
loop5            0.00      0.00     0.00   0.00    0.00     0.00    0.00      0.00     0.00   0.00    0.00     0.00    0.00      0.00     0.00   0.00    0.00     0.00    0.00    0.00    0.00   0.00
loop6            0.00      0.00     0.00   0.00    0.00     0.00    0.00      0.00     0.00   0.00    0.00     0.00    0.00      0.00     0.00   0.00    0.00     0.00    0.00    0.00    0.00   0.00
loop7            0.00      0.00     0.00   0.00    0.00     0.00    0.00      0.00     0.00   0.00    0.00     0.00    0.00      0.00     0.00   0.00    0.00     0.00    0.00    0.00    0.00   0.00
sda              0.00      0.00     0.00   0.00    0.00     0.00   17.00    240.00    39.00  69.64    3.35    14.12    0.00      0.00     0.00   0.00    0.00     0.00    0.00    0.00    0.06   8.00
sdb              0.00      0.00     0.00   0.00    0.00     0.00  638.00  27292.00   184.00  22.38   40.36    42.78    0.00      0.00     0.00   0.00    0.00     0.00    0.00    0.00   25.75  93.20


avg-cpu:  %user   %nice %system %iowait  %steal   %idle
           0.58    0.00    0.46    1.35    0.00   97.61

Device            r/s     rkB/s   rrqm/s  %rrqm r_await rareq-sz     w/s     wkB/s   wrqm/s  %wrqm w_await wareq-sz     d/s     dkB/s   drqm/s  %drqm d_await dareq-sz     f/s f_await  aqu-sz  %util
dm-0             0.00      0.00     0.00   0.00    0.00     0.00  342.00  13428.00     0.00   0.00   61.84    39.26    0.00      0.00     0.00   0.00    0.00     0.00    0.00    0.00   21.15  98.00
dm-1             0.00      0.00     0.00   0.00    0.00     0.00  337.00  13408.00     0.00   0.00   68.78    39.79    0.00      0.00     0.00   0.00    0.00     0.00    0.00    0.00   23.18  97.60
dm-2             0.00      0.00     0.00   0.00    0.00     0.00  263.00   1168.00     0.00   0.00    2.11     4.44    0.00      0.00     0.00   0.00    0.00     0.00    0.00    0.00    0.56   5.20
loop0            0.00      0.00     0.00   0.00    0.00     0.00    0.00      0.00     0.00   0.00    0.00     0.00    0.00      0.00     0.00   0.00    0.00     0.00    0.00    0.00    0.00   0.00
loop1            0.00      0.00     0.00   0.00    0.00     0.00    0.00      0.00     0.00   0.00    0.00     0.00    0.00      0.00     0.00   0.00    0.00     0.00    0.00    0.00    0.00   0.00
loop2            0.00      0.00     0.00   0.00    0.00     0.00    0.00      0.00     0.00   0.00    0.00     0.00    0.00      0.00     0.00   0.00    0.00     0.00    0.00    0.00    0.00   0.00
loop3            0.00      0.00     0.00   0.00    0.00     0.00    0.00      0.00     0.00   0.00    0.00     0.00    0.00      0.00     0.00   0.00    0.00     0.00    0.00    0.00    0.00   0.00
loop4            0.00      0.00     0.00   0.00    0.00     0.00    0.00      0.00     0.00   0.00    0.00     0.00    0.00      0.00     0.00   0.00    0.00     0.00    0.00    0.00    0.00   0.00
loop5            0.00      0.00     0.00   0.00    0.00     0.00    0.00      0.00     0.00   0.00    0.00     0.00    0.00      0.00     0.00   0.00    0.00     0.00    0.00    0.00    0.00   0.00
loop6            0.00      0.00     0.00   0.00    0.00     0.00    0.00      0.00     0.00   0.00    0.00     0.00    0.00      0.00     0.00   0.00    0.00     0.00    0.00    0.00    0.00   0.00
loop7            0.00      0.00     0.00   0.00    0.00     0.00    0.00      0.00     0.00   0.00    0.00     0.00    0.00      0.00     0.00   0.00    0.00     0.00    0.00    0.00    0.00   0.00
sda              0.00      0.00     0.00   0.00    0.00     0.00  237.00   1168.00    26.00   9.89    2.61     4.93    0.00      0.00     0.00   0.00    0.00     0.00    0.00    0.00    0.62   5.20
sdb              0.00      0.00     0.00   0.00    0.00     0.00  459.00  25760.00   204.00  30.77   83.87    56.12    0.00      0.00     0.00   0.00    0.00     0.00    0.00    0.00   38.49  98.80


avg-cpu:  %user   %nice %system %iowait  %steal   %idle
           0.80    0.00    0.59    1.64    0.00   96.96

Device            r/s     rkB/s   rrqm/s  %rrqm r_await rareq-sz     w/s     wkB/s   wrqm/s  %wrqm w_await wareq-sz     d/s     dkB/s   drqm/s  %drqm d_await dareq-sz     f/s f_await  aqu-sz  %util
dm-0             0.00      0.00     0.00   0.00    0.00     0.00  342.00  13672.00     0.00   0.00   67.99    39.98    0.00      0.00     0.00   0.00    0.00     0.00    0.00    0.00   23.25  96.00
dm-1             0.00      0.00     0.00   0.00    0.00     0.00  348.00  13692.00     0.00   0.00   66.05    39.34    0.00      0.00     0.00   0.00    0.00     0.00    0.00    0.00   22.98  96.40
dm-2             0.00      0.00     0.00   0.00    0.00     0.00   73.00    328.00     0.00   0.00    2.03     4.49    0.00      0.00     0.00   0.00    0.00     0.00    0.00    0.00    0.15   7.20
loop0            0.00      0.00     0.00   0.00    0.00     0.00    0.00      0.00     0.00   0.00    0.00     0.00    0.00      0.00     0.00   0.00    0.00     0.00    0.00    0.00    0.00   0.00
loop1            0.00      0.00     0.00   0.00    0.00     0.00    0.00      0.00     0.00   0.00    0.00     0.00    0.00      0.00     0.00   0.00    0.00     0.00    0.00    0.00    0.00   0.00
loop2            0.00      0.00     0.00   0.00    0.00     0.00    0.00      0.00     0.00   0.00    0.00     0.00    0.00      0.00     0.00   0.00    0.00     0.00    0.00    0.00    0.00   0.00
loop3            0.00      0.00     0.00   0.00    0.00     0.00    0.00      0.00     0.00   0.00    0.00     0.00    0.00      0.00     0.00   0.00    0.00     0.00    0.00    0.00    0.00   0.00
loop4            0.00      0.00     0.00   0.00    0.00     0.00    0.00      0.00     0.00   0.00    0.00     0.00    0.00      0.00     0.00   0.00    0.00     0.00    0.00    0.00    0.00   0.00
loop5            0.00      0.00     0.00   0.00    0.00     0.00    0.00      0.00     0.00   0.00    0.00     0.00    0.00      0.00     0.00   0.00    0.00     0.00    0.00    0.00    0.00   0.00
loop6            0.00      0.00     0.00   0.00    0.00     0.00    0.00      0.00     0.00   0.00    0.00     0.00    0.00      0.00     0.00   0.00    0.00     0.00    0.00    0.00    0.00   0.00
loop7            0.00      0.00     0.00   0.00    0.00     0.00    0.00      0.00     0.00   0.00    0.00     0.00    0.00      0.00     0.00   0.00    0.00     0.00    0.00    0.00    0.00   0.00
sda              0.00      0.00     0.00   0.00    0.00     0.00   22.00    328.00    51.00  69.86    2.55    14.91    0.00      0.00     0.00   0.00    0.00     0.00    0.00    0.00    0.06   7.20
sdb              0.00      0.00     0.00   0.00    0.00     0.00  503.00  28292.00   202.00  28.65   74.56    56.25    0.00      0.00     0.00   0.00    0.00     0.00    0.00    0.00   37.50  97.20


avg-cpu:  %user   %nice %system %iowait  %steal   %idle
           0.55    0.00    0.60    1.57    0.00   97.29

Device            r/s     rkB/s   rrqm/s  %rrqm r_await rareq-sz     w/s     wkB/s   wrqm/s  %wrqm w_await wareq-sz     d/s     dkB/s   drqm/s  %drqm d_await dareq-sz     f/s f_await  aqu-sz  %util
dm-0             0.00      0.00     0.00   0.00    0.00     0.00  419.00  13016.00     0.00   0.00   48.31    31.06    0.00      0.00     0.00   0.00    0.00     0.00    0.00    0.00   20.24  97.60
dm-1             0.00      0.00     0.00   0.00    0.00     0.00  421.00  13024.00     0.00   0.00   48.11    30.94    0.00      0.00     0.00   0.00    0.00     0.00    0.00    0.00   20.26  97.60
dm-2             0.00      0.00     0.00   0.00    0.00     0.00   50.00    204.00     0.00   0.00    2.96     4.08    0.00      0.00     0.00   0.00    0.00     0.00    0.00    0.00    0.15   8.40
loop0            0.00      0.00     0.00   0.00    0.00     0.00    0.00      0.00     0.00   0.00    0.00     0.00    0.00      0.00     0.00   0.00    0.00     0.00    0.00    0.00    0.00   0.00
loop1            0.00      0.00     0.00   0.00    0.00     0.00    0.00      0.00     0.00   0.00    0.00     0.00    0.00      0.00     0.00   0.00    0.00     0.00    0.00    0.00    0.00   0.00
loop2            0.00      0.00     0.00   0.00    0.00     0.00    0.00      0.00     0.00   0.00    0.00     0.00    0.00      0.00     0.00   0.00    0.00     0.00    0.00    0.00    0.00   0.00
loop3            0.00      0.00     0.00   0.00    0.00     0.00    0.00      0.00     0.00   0.00    0.00     0.00    0.00      0.00     0.00   0.00    0.00     0.00    0.00    0.00    0.00   0.00
loop4            0.00      0.00     0.00   0.00    0.00     0.00    0.00      0.00     0.00   0.00    0.00     0.00    0.00      0.00     0.00   0.00    0.00     0.00    0.00    0.00    0.00   0.00
loop5            0.00      0.00     0.00   0.00    0.00     0.00    0.00      0.00     0.00   0.00    0.00     0.00    0.00      0.00     0.00   0.00    0.00     0.00    0.00    0.00    0.00   0.00
loop6            0.00      0.00     0.00   0.00    0.00     0.00    0.00      0.00     0.00   0.00    0.00     0.00    0.00      0.00     0.00   0.00    0.00     0.00    0.00    0.00    0.00   0.00
loop7            0.00      0.00     0.00   0.00    0.00     0.00    0.00      0.00     0.00   0.00    0.00     0.00    0.00      0.00     0.00   0.00    0.00     0.00    0.00    0.00    0.00   0.00
sda              0.00      0.00     0.00   0.00    0.00     0.00   14.00    204.00    36.00  72.00    4.64    14.57    0.00      0.00     0.00   0.00    0.00     0.00    0.00    0.00    0.07   8.40
sdb              0.00      0.00     0.00   0.00    0.00     0.00  679.00  28692.00   203.00  23.02   48.35    42.26    0.00      0.00     0.00   0.00    0.00     0.00    0.00    0.00   32.83  98.40


avg-cpu:  %user   %nice %system %iowait  %steal   %idle
           0.46    0.00    0.52    1.73    0.00   97.30

Device            r/s     rkB/s   rrqm/s  %rrqm r_await rareq-sz     w/s     wkB/s   wrqm/s  %wrqm w_await wareq-sz     d/s     dkB/s   drqm/s  %drqm d_await dareq-sz     f/s f_await  aqu-sz  %util
dm-0             0.00      0.00     0.00   0.00    0.00     0.00  348.00  13332.00     0.00   0.00   62.72    38.31    0.00      0.00     0.00   0.00    0.00     0.00    0.00    0.00   21.83  97.20
dm-1             0.00      0.00     0.00   0.00    0.00     0.00  340.00  13300.00     0.00   0.00   69.96    39.12    0.00      0.00     0.00   0.00    0.00     0.00    0.00    0.00   23.79  96.40
dm-2             0.00      0.00     0.00   0.00    0.00     0.00   71.00    304.00     0.00   0.00    2.76     4.28    0.00      0.00     0.00   0.00    0.00     0.00    0.00    0.00    0.20   6.40
loop0            0.00      0.00     0.00   0.00    0.00     0.00    0.00      0.00     0.00   0.00    0.00     0.00    0.00      0.00     0.00   0.00    0.00     0.00    0.00    0.00    0.00   0.00
loop1            0.00      0.00     0.00   0.00    0.00     0.00    0.00      0.00     0.00   0.00    0.00     0.00    0.00      0.00     0.00   0.00    0.00     0.00    0.00    0.00    0.00   0.00
loop2            0.00      0.00     0.00   0.00    0.00     0.00    0.00      0.00     0.00   0.00    0.00     0.00    0.00      0.00     0.00   0.00    0.00     0.00    0.00    0.00    0.00   0.00
loop3            0.00      0.00     0.00   0.00    0.00     0.00    0.00      0.00     0.00   0.00    0.00     0.00    0.00      0.00     0.00   0.00    0.00     0.00    0.00    0.00    0.00   0.00
loop4            0.00      0.00     0.00   0.00    0.00     0.00    0.00      0.00     0.00   0.00    0.00     0.00    0.00      0.00     0.00   0.00    0.00     0.00    0.00    0.00    0.00   0.00
loop5            0.00      0.00     0.00   0.00    0.00     0.00    0.00      0.00     0.00   0.00    0.00     0.00    0.00      0.00     0.00   0.00    0.00     0.00    0.00    0.00    0.00   0.00
loop6            0.00      0.00     0.00   0.00    0.00     0.00    0.00      0.00     0.00   0.00    0.00     0.00    0.00      0.00     0.00   0.00    0.00     0.00    0.00    0.00    0.00   0.00
loop7            0.00      0.00     0.00   0.00    0.00     0.00    0.00      0.00     0.00   0.00    0.00     0.00    0.00      0.00     0.00   0.00    0.00     0.00    0.00    0.00    0.00   0.00
sda              0.00      0.00     0.00   0.00    0.00     0.00   33.00    304.00    38.00  53.52    4.12     9.21    0.00      0.00     0.00   0.00    0.00     0.00    0.00    0.00    0.14   6.40
sdb              0.00      0.00     0.00   0.00    0.00     0.00  476.00  25344.00   190.00  28.53   77.25    53.24    0.00      0.00     0.00   0.00    0.00     0.00    0.00    0.00   36.77  98.00


avg-cpu:  %user   %nice %system %iowait  %steal   %idle
           0.60    0.00    0.42    1.24    0.00   97.74

Device            r/s     rkB/s   rrqm/s  %rrqm r_await rareq-sz     w/s     wkB/s   wrqm/s  %wrqm w_await wareq-sz     d/s     dkB/s   drqm/s  %drqm d_await dareq-sz     f/s f_await  aqu-sz  %util
dm-0             0.00      0.00     0.00   0.00    0.00     0.00  410.00  14420.00     0.00   0.00   46.12    35.17    0.00      0.00     0.00   0.00    0.00     0.00    0.00    0.00   18.91  96.00
dm-1             0.00      0.00     0.00   0.00    0.00     0.00  406.00  14404.00     0.00   0.00   48.22    35.48    0.00      0.00     0.00   0.00    0.00     0.00    0.00    0.00   19.58  97.20
dm-2             0.00      0.00     0.00   0.00    0.00     0.00   41.00    164.00     0.00   0.00    2.63     4.00    0.00      0.00     0.00   0.00    0.00     0.00    0.00    0.00    0.11   3.60
loop0            0.00      0.00     0.00   0.00    0.00     0.00    0.00      0.00     0.00   0.00    0.00     0.00    0.00      0.00     0.00   0.00    0.00     0.00    0.00    0.00    0.00   0.00
loop1            0.00      0.00     0.00   0.00    0.00     0.00    0.00      0.00     0.00   0.00    0.00     0.00    0.00      0.00     0.00   0.00    0.00     0.00    0.00    0.00    0.00   0.00
loop2            0.00      0.00     0.00   0.00    0.00     0.00    0.00      0.00     0.00   0.00    0.00     0.00    0.00      0.00     0.00   0.00    0.00     0.00    0.00    0.00    0.00   0.00
loop3            0.00      0.00     0.00   0.00    0.00     0.00    0.00      0.00     0.00   0.00    0.00     0.00    0.00      0.00     0.00   0.00    0.00     0.00    0.00    0.00    0.00   0.00
loop4            0.00      0.00     0.00   0.00    0.00     0.00    0.00      0.00     0.00   0.00    0.00     0.00    0.00      0.00     0.00   0.00    0.00     0.00    0.00    0.00    0.00   0.00
loop5            0.00      0.00     0.00   0.00    0.00     0.00    0.00      0.00     0.00   0.00    0.00     0.00    0.00      0.00     0.00   0.00    0.00     0.00    0.00    0.00    0.00   0.00
loop6            0.00      0.00     0.00   0.00    0.00     0.00    0.00      0.00     0.00   0.00    0.00     0.00    0.00      0.00     0.00   0.00    0.00     0.00    0.00    0.00    0.00   0.00
loop7            0.00      0.00     0.00   0.00    0.00     0.00    0.00      0.00     0.00   0.00    0.00     0.00    0.00      0.00     0.00   0.00    0.00     0.00    0.00    0.00    0.00   0.00
sda              0.00      0.00     0.00   0.00    0.00     0.00   11.00    164.00    30.00  73.17    2.55    14.91    0.00      0.00     0.00   0.00    0.00     0.00    0.00    0.00    0.03   3.60
sdb              0.00      0.00     0.00   0.00    0.00     0.00  567.00  27724.00   233.00  29.12   60.67    48.90    0.00      0.00     0.00   0.00    0.00     0.00    0.00    0.00   34.40  97.60


avg-cpu:  %user   %nice %system %iowait  %steal   %idle
           0.66    0.00    0.50    1.32    0.00   97.52

Device            r/s     rkB/s   rrqm/s  %rrqm r_await rareq-sz     w/s     wkB/s   wrqm/s  %wrqm w_await wareq-sz     d/s     dkB/s   drqm/s  %drqm d_await dareq-sz     f/s f_await  aqu-sz  %util
dm-0             0.00      0.00     0.00   0.00    0.00     0.00  505.00  14560.00     0.00   0.00   27.86    28.83    0.00      0.00     0.00   0.00    0.00     0.00    0.00    0.00   14.07  84.80
dm-1             0.00      0.00     0.00   0.00    0.00     0.00  494.00  14516.00     0.00   0.00   27.83    29.38    0.00      0.00     0.00   0.00    0.00     0.00    0.00    0.00   13.75  84.40
dm-2             0.00      0.00     0.00   0.00    0.00     0.00  289.00   1284.00     0.00   0.00    2.20     4.44    0.00      0.00     0.00   0.00    0.00     0.00    0.00    0.00    0.64   7.20
loop0            0.00      0.00     0.00   0.00    0.00     0.00    0.00      0.00     0.00   0.00    0.00     0.00    0.00      0.00     0.00   0.00    0.00     0.00    0.00    0.00    0.00   0.00
loop1            0.00      0.00     0.00   0.00    0.00     0.00    0.00      0.00     0.00   0.00    0.00     0.00    0.00      0.00     0.00   0.00    0.00     0.00    0.00    0.00    0.00   0.00
loop2            0.00      0.00     0.00   0.00    0.00     0.00    0.00      0.00     0.00   0.00    0.00     0.00    0.00      0.00     0.00   0.00    0.00     0.00    0.00    0.00    0.00   0.00
loop3            0.00      0.00     0.00   0.00    0.00     0.00    0.00      0.00     0.00   0.00    0.00     0.00    0.00      0.00     0.00   0.00    0.00     0.00    0.00    0.00    0.00   0.00
loop4            0.00      0.00     0.00   0.00    0.00     0.00    0.00      0.00     0.00   0.00    0.00     0.00    0.00      0.00     0.00   0.00    0.00     0.00    0.00    0.00    0.00   0.00
loop5            0.00      0.00     0.00   0.00    0.00     0.00    0.00      0.00     0.00   0.00    0.00     0.00    0.00      0.00     0.00   0.00    0.00     0.00    0.00    0.00    0.00   0.00
loop6            0.00      0.00     0.00   0.00    0.00     0.00    0.00      0.00     0.00   0.00    0.00     0.00    0.00      0.00     0.00   0.00    0.00     0.00    0.00    0.00    0.00   0.00
loop7            0.00      0.00     0.00   0.00    0.00     0.00    0.00      0.00     0.00   0.00    0.00     0.00    0.00      0.00     0.00   0.00    0.00     0.00    0.00    0.00    0.00   0.00
sda              0.00      0.00     0.00   0.00    0.00     0.00  248.00   1284.00    41.00  14.19    2.09     5.18    0.00      0.00     0.00   0.00    0.00     0.00    0.00    0.00    0.52   7.20
sdb              0.00      0.00     0.00   0.00    0.00     0.00  794.00  29536.00   212.00  21.07   26.69    37.20    0.00      0.00     0.00   0.00    0.00     0.00    0.00    0.00   21.19  85.20


avg-cpu:  %user   %nice %system %iowait  %steal   %idle
           0.47    0.00    0.60    1.27    0.00   97.66

Device            r/s     rkB/s   rrqm/s  %rrqm r_await rareq-sz     w/s     wkB/s   wrqm/s  %wrqm w_await wareq-sz     d/s     dkB/s   drqm/s  %drqm d_await dareq-sz     f/s f_await  aqu-sz  %util
dm-0             0.00      0.00     0.00   0.00    0.00     0.00  449.00  13796.00     0.00   0.00   28.35    30.73    0.00      0.00     0.00   0.00    0.00     0.00    0.00    0.00   12.73  86.80
dm-1             0.00      0.00     0.00   0.00    0.00     0.00  461.00  13844.00     0.00   0.00   28.13    30.03    0.00      0.00     0.00   0.00    0.00     0.00    0.00    0.00   12.97  86.40
dm-2             0.00      0.00     0.00   0.00    0.00     0.00   50.00    208.00     0.00   0.00    0.00     4.16    0.00      0.00     0.00   0.00    0.00     0.00    0.00    0.00    0.00   1.20
loop0            0.00      0.00     0.00   0.00    0.00     0.00    0.00      0.00     0.00   0.00    0.00     0.00    0.00      0.00     0.00   0.00    0.00     0.00    0.00    0.00    0.00   0.00
loop1            0.00      0.00     0.00   0.00    0.00     0.00    0.00      0.00     0.00   0.00    0.00     0.00    0.00      0.00     0.00   0.00    0.00     0.00    0.00    0.00    0.00   0.00
loop2            0.00      0.00     0.00   0.00    0.00     0.00    0.00      0.00     0.00   0.00    0.00     0.00    0.00      0.00     0.00   0.00    0.00     0.00    0.00    0.00    0.00   0.00
loop3            0.00      0.00     0.00   0.00    0.00     0.00    0.00      0.00     0.00   0.00    0.00     0.00    0.00      0.00     0.00   0.00    0.00     0.00    0.00    0.00    0.00   0.00
loop4            0.00      0.00     0.00   0.00    0.00     0.00    0.00      0.00     0.00   0.00    0.00     0.00    0.00      0.00     0.00   0.00    0.00     0.00    0.00    0.00    0.00   0.00
loop5            0.00      0.00     0.00   0.00    0.00     0.00    0.00      0.00     0.00   0.00    0.00     0.00    0.00      0.00     0.00   0.00    0.00     0.00    0.00    0.00    0.00   0.00
loop6            0.00      0.00     0.00   0.00    0.00     0.00    0.00      0.00     0.00   0.00    0.00     0.00    0.00      0.00     0.00   0.00    0.00     0.00    0.00    0.00    0.00   0.00
loop7            0.00      0.00     0.00   0.00    0.00     0.00    0.00      0.00     0.00   0.00    0.00     0.00    0.00      0.00     0.00   0.00    0.00     0.00    0.00    0.00    0.00   0.00
sda              0.00      0.00     0.00   0.00    0.00     0.00   13.00    208.00    37.00  74.00    0.31    16.00    0.00      0.00     0.00   0.00    0.00     0.00    0.00    0.00    0.00   1.20
sdb              0.00      0.00     0.00   0.00    0.00     0.00  725.00  27832.00   187.00  20.50   28.73    38.39    0.00      0.00     0.00   0.00    0.00     0.00    0.00    0.00   20.83  87.20


avg-cpu:  %user   %nice %system %iowait  %steal   %idle
           0.61    0.00    0.53    1.13    0.00   97.73

Device            r/s     rkB/s   rrqm/s  %rrqm r_await rareq-sz     w/s     wkB/s   wrqm/s  %wrqm w_await wareq-sz     d/s     dkB/s   drqm/s  %drqm d_await dareq-sz     f/s f_await  aqu-sz  %util
dm-0             0.00      0.00     0.00   0.00    0.00     0.00  414.00  14076.00     0.00   0.00   39.47    34.00    0.00      0.00     0.00   0.00    0.00     0.00    0.00    0.00   16.34  91.20
dm-1             0.00      0.00     0.00   0.00    0.00     0.00  396.00  14004.00     0.00   0.00   42.67    35.36    0.00      0.00     0.00   0.00    0.00     0.00    0.00    0.00   16.90  92.40
dm-2             0.00      0.00     0.00   0.00    0.00     0.00   66.00    292.00     0.00   0.00    2.67     4.42    0.00      0.00     0.00   0.00    0.00     0.00    0.00    0.00    0.18   6.80
loop0            0.00      0.00     0.00   0.00    0.00     0.00    0.00      0.00     0.00   0.00    0.00     0.00    0.00      0.00     0.00   0.00    0.00     0.00    0.00    0.00    0.00   0.00
loop1            0.00      0.00     0.00   0.00    0.00     0.00    0.00      0.00     0.00   0.00    0.00     0.00    0.00      0.00     0.00   0.00    0.00     0.00    0.00    0.00    0.00   0.00
loop2            0.00      0.00     0.00   0.00    0.00     0.00    0.00      0.00     0.00   0.00    0.00     0.00    0.00      0.00     0.00   0.00    0.00     0.00    0.00    0.00    0.00   0.00
loop3            0.00      0.00     0.00   0.00    0.00     0.00    0.00      0.00     0.00   0.00    0.00     0.00    0.00      0.00     0.00   0.00    0.00     0.00    0.00    0.00    0.00   0.00
loop4            0.00      0.00     0.00   0.00    0.00     0.00    0.00      0.00     0.00   0.00    0.00     0.00    0.00      0.00     0.00   0.00    0.00     0.00    0.00    0.00    0.00   0.00
loop5            0.00      0.00     0.00   0.00    0.00     0.00    0.00      0.00     0.00   0.00    0.00     0.00    0.00      0.00     0.00   0.00    0.00     0.00    0.00    0.00    0.00   0.00
loop6            0.00      0.00     0.00   0.00    0.00     0.00    0.00      0.00     0.00   0.00    0.00     0.00    0.00      0.00     0.00   0.00    0.00     0.00    0.00    0.00    0.00   0.00
loop7            0.00      0.00     0.00   0.00    0.00     0.00    0.00      0.00     0.00   0.00    0.00     0.00    0.00      0.00     0.00   0.00    0.00     0.00    0.00    0.00    0.00   0.00
sda              0.00      0.00     0.00   0.00    0.00     0.00   23.00    292.00    43.00  65.15    2.17    12.70    0.00      0.00     0.00   0.00    0.00     0.00    0.00    0.00    0.05   6.80
sdb              0.00      0.00     0.00   0.00    0.00     0.00  588.00  26700.00   201.00  25.48   49.75    45.41    0.00      0.00     0.00   0.00    0.00     0.00    0.00    0.00   29.25  92.40


avg-cpu:  %user   %nice %system %iowait  %steal   %idle
           0.57    0.00    0.49    1.70    0.00   97.25

Device            r/s     rkB/s   rrqm/s  %rrqm r_await rareq-sz     w/s     wkB/s   wrqm/s  %wrqm w_await wareq-sz     d/s     dkB/s   drqm/s  %drqm d_await dareq-sz     f/s f_await  aqu-sz  %util
dm-0             0.00      0.00     0.00   0.00    0.00     0.00  362.00  13448.00     0.00   0.00   53.72    37.15    0.00      0.00     0.00   0.00    0.00     0.00    0.00    0.00   19.45  94.40
dm-1             0.00      0.00     0.00   0.00    0.00     0.00  370.00  13480.00     0.00   0.00   53.75    36.43    0.00      0.00     0.00   0.00    0.00     0.00    0.00    0.00   19.89  96.00
dm-2             0.00      0.00     0.00   0.00    0.00     0.00   56.00    224.00     0.00   0.00    1.57     4.00    0.00      0.00     0.00   0.00    0.00     0.00    0.00    0.00    0.09   3.60
loop0            0.00      0.00     0.00   0.00    0.00     0.00    0.00      0.00     0.00   0.00    0.00     0.00    0.00      0.00     0.00   0.00    0.00     0.00    0.00    0.00    0.00   0.00
loop1            0.00      0.00     0.00   0.00    0.00     0.00    0.00      0.00     0.00   0.00    0.00     0.00    0.00      0.00     0.00   0.00    0.00     0.00    0.00    0.00    0.00   0.00
loop2            0.00      0.00     0.00   0.00    0.00     0.00    0.00      0.00     0.00   0.00    0.00     0.00    0.00      0.00     0.00   0.00    0.00     0.00    0.00    0.00    0.00   0.00
loop3            0.00      0.00     0.00   0.00    0.00     0.00    0.00      0.00     0.00   0.00    0.00     0.00    0.00      0.00     0.00   0.00    0.00     0.00    0.00    0.00    0.00   0.00
loop4            0.00      0.00     0.00   0.00    0.00     0.00    0.00      0.00     0.00   0.00    0.00     0.00    0.00      0.00     0.00   0.00    0.00     0.00    0.00    0.00    0.00   0.00
loop5            0.00      0.00     0.00   0.00    0.00     0.00    0.00      0.00     0.00   0.00    0.00     0.00    0.00      0.00     0.00   0.00    0.00     0.00    0.00    0.00    0.00   0.00
loop6            0.00      0.00     0.00   0.00    0.00     0.00    0.00      0.00     0.00   0.00    0.00     0.00    0.00      0.00     0.00   0.00    0.00     0.00    0.00    0.00    0.00   0.00
loop7            0.00      0.00     0.00   0.00    0.00     0.00    0.00      0.00     0.00   0.00    0.00     0.00    0.00      0.00     0.00   0.00    0.00     0.00    0.00    0.00    0.00   0.00
sda              0.00      0.00     0.00   0.00    0.00     0.00   24.00    224.00    32.00  57.14    1.12     9.33    0.00      0.00     0.00   0.00    0.00     0.00    0.00    0.00    0.03   3.60
sdb              0.00      0.00     0.00   0.00    0.00     0.00  559.00  28532.00   198.00  26.16   54.84    51.04    0.00      0.00     0.00   0.00    0.00     0.00    0.00    0.00   30.66  96.00


avg-cpu:  %user   %nice %system %iowait  %steal   %idle
           0.63    0.00    0.58    1.04    0.00   97.75

Device            r/s     rkB/s   rrqm/s  %rrqm r_await rareq-sz     w/s     wkB/s   wrqm/s  %wrqm w_await wareq-sz     d/s     dkB/s   drqm/s  %drqm d_await dareq-sz     f/s f_await  aqu-sz  %util
dm-0             0.00      0.00     0.00   0.00    0.00     0.00  522.00  14448.00     0.00   0.00   19.53    27.68    0.00      0.00     0.00   0.00    0.00     0.00    0.00    0.00   10.20  82.40
dm-1             0.00      0.00     0.00   0.00    0.00     0.00  517.00  14428.00     0.00   0.00   22.13    27.91    0.00      0.00     0.00   0.00    0.00     0.00    0.00    0.00   11.44  82.40
dm-2             0.00      0.00     0.00   0.00    0.00     0.00   45.00    196.00     0.00   0.00    0.98     4.36    0.00      0.00     0.00   0.00    0.00     0.00    0.00    0.00    0.04   4.40
loop0            0.00      0.00     0.00   0.00    0.00     0.00    0.00      0.00     0.00   0.00    0.00     0.00    0.00      0.00     0.00   0.00    0.00     0.00    0.00    0.00    0.00   0.00
loop1            0.00      0.00     0.00   0.00    0.00     0.00    0.00      0.00     0.00   0.00    0.00     0.00    0.00      0.00     0.00   0.00    0.00     0.00    0.00    0.00    0.00   0.00
loop2            0.00      0.00     0.00   0.00    0.00     0.00    0.00      0.00     0.00   0.00    0.00     0.00    0.00      0.00     0.00   0.00    0.00     0.00    0.00    0.00    0.00   0.00
loop3            0.00      0.00     0.00   0.00    0.00     0.00    0.00      0.00     0.00   0.00    0.00     0.00    0.00      0.00     0.00   0.00    0.00     0.00    0.00    0.00    0.00   0.00
loop4            0.00      0.00     0.00   0.00    0.00     0.00    0.00      0.00     0.00   0.00    0.00     0.00    0.00      0.00     0.00   0.00    0.00     0.00    0.00    0.00    0.00   0.00
loop5            0.00      0.00     0.00   0.00    0.00     0.00    0.00      0.00     0.00   0.00    0.00     0.00    0.00      0.00     0.00   0.00    0.00     0.00    0.00    0.00    0.00   0.00
loop6            0.00      0.00     0.00   0.00    0.00     0.00    0.00      0.00     0.00   0.00    0.00     0.00    0.00      0.00     0.00   0.00    0.00     0.00    0.00    0.00    0.00   0.00
loop7            0.00      0.00     0.00   0.00    0.00     0.00    0.00      0.00     0.00   0.00    0.00     0.00    0.00      0.00     0.00   0.00    0.00     0.00    0.00    0.00    0.00   0.00
sda              0.00      0.00     0.00   0.00    0.00     0.00   13.00    148.00    31.00  70.45    2.15    11.38    0.00      0.00     0.00   0.00    0.00     0.00    0.00    0.00    0.03   4.40
sdb              0.00      0.00     0.00   0.00    0.00     0.00  819.00  29348.00   228.00  21.78   22.45    35.83    0.00      0.00     0.00   0.00    0.00     0.00    0.00    0.00   18.39  82.80


avg-cpu:  %user   %nice %system %iowait  %steal   %idle
           0.75    0.00    0.52    1.39    0.00   97.34

Device            r/s     rkB/s   rrqm/s  %rrqm r_await rareq-sz     w/s     wkB/s   wrqm/s  %wrqm w_await wareq-sz     d/s     dkB/s   drqm/s  %drqm d_await dareq-sz     f/s f_await  aqu-sz  %util
dm-0             0.00      0.00     0.00   0.00    0.00     0.00  392.00  14048.00     0.00   0.00   44.52    35.84    0.00      0.00     0.00   0.00    0.00     0.00    0.00    0.00   17.45  91.60
dm-1             0.00      0.00     0.00   0.00    0.00     0.00  389.00  14036.00     0.00   0.00   47.95    36.08    0.00      0.00     0.00   0.00    0.00     0.00    0.00    0.00   18.65  91.60
dm-2             0.00      0.00     0.00   0.00    0.00     0.00  275.00   1212.00     0.00   0.00    4.19     4.41    0.00      0.00     0.00   0.00    0.00     0.00    0.00    0.00    1.15   5.20
loop0            0.00      0.00     0.00   0.00    0.00     0.00    0.00      0.00     0.00   0.00    0.00     0.00    0.00      0.00     0.00   0.00    0.00     0.00    0.00    0.00    0.00   0.00
loop1            0.00      0.00     0.00   0.00    0.00     0.00    0.00      0.00     0.00   0.00    0.00     0.00    0.00      0.00     0.00   0.00    0.00     0.00    0.00    0.00    0.00   0.00
loop2            0.00      0.00     0.00   0.00    0.00     0.00    0.00      0.00     0.00   0.00    0.00     0.00    0.00      0.00     0.00   0.00    0.00     0.00    0.00    0.00    0.00   0.00
loop3            0.00      0.00     0.00   0.00    0.00     0.00    0.00      0.00     0.00   0.00    0.00     0.00    0.00      0.00     0.00   0.00    0.00     0.00    0.00    0.00    0.00   0.00
loop4            0.00      0.00     0.00   0.00    0.00     0.00    0.00      0.00     0.00   0.00    0.00     0.00    0.00      0.00     0.00   0.00    0.00     0.00    0.00    0.00    0.00   0.00
loop5            0.00      0.00     0.00   0.00    0.00     0.00    0.00      0.00     0.00   0.00    0.00     0.00    0.00      0.00     0.00   0.00    0.00     0.00    0.00    0.00    0.00   0.00
loop6            0.00      0.00     0.00   0.00    0.00     0.00    0.00      0.00     0.00   0.00    0.00     0.00    0.00      0.00     0.00   0.00    0.00     0.00    0.00    0.00    0.00   0.00
loop7            0.00      0.00     0.00   0.00    0.00     0.00    0.00      0.00     0.00   0.00    0.00     0.00    0.00      0.00     0.00   0.00    0.00     0.00    0.00    0.00    0.00   0.00
sda              0.00      0.00     0.00   0.00    0.00     0.00  253.00   1256.00    22.00   8.00    4.20     4.96    0.00      0.00     0.00   0.00    0.00     0.00    0.00    0.00    1.06   5.20
sdb              0.00      0.00     0.00   0.00    0.00     0.00  552.00  25020.00   180.00  24.59   52.21    45.33    0.00      0.00     0.00   0.00    0.00     0.00    0.00    0.00   28.82  92.40


avg-cpu:  %user   %nice %system %iowait  %steal   %idle
           0.52    0.00    0.60    1.68    0.00   97.21

Device            r/s     rkB/s   rrqm/s  %rrqm r_await rareq-sz     w/s     wkB/s   wrqm/s  %wrqm w_await wareq-sz     d/s     dkB/s   drqm/s  %drqm d_await dareq-sz     f/s f_await  aqu-sz  %util
dm-0             0.00      0.00     0.00   0.00    0.00     0.00  367.00  13648.00     0.00   0.00   59.48    37.19    0.00      0.00     0.00   0.00    0.00     0.00    0.00    0.00   21.83  98.00
dm-1             0.00      0.00     0.00   0.00    0.00     0.00  361.00  13564.00     0.00   0.00   56.73    37.57    0.00      0.00     0.00   0.00    0.00     0.00    0.00    0.00   20.48  97.60
dm-2             0.00      0.00     0.00   0.00    0.00     0.00   33.00    144.00     0.00   0.00    8.00     4.36    0.00      0.00     0.00   0.00    0.00     0.00    0.00    0.00    0.26   4.00
loop0            0.00      0.00     0.00   0.00    0.00     0.00    0.00      0.00     0.00   0.00    0.00     0.00    0.00      0.00     0.00   0.00    0.00     0.00    0.00    0.00    0.00   0.00
loop1            0.00      0.00     0.00   0.00    0.00     0.00    0.00      0.00     0.00   0.00    0.00     0.00    0.00      0.00     0.00   0.00    0.00     0.00    0.00    0.00    0.00   0.00
loop2            0.00      0.00     0.00   0.00    0.00     0.00    0.00      0.00     0.00   0.00    0.00     0.00    0.00      0.00     0.00   0.00    0.00     0.00    0.00    0.00    0.00   0.00
loop3            0.00      0.00     0.00   0.00    0.00     0.00    0.00      0.00     0.00   0.00    0.00     0.00    0.00      0.00     0.00   0.00    0.00     0.00    0.00    0.00    0.00   0.00
loop4            0.00      0.00     0.00   0.00    0.00     0.00    0.00      0.00     0.00   0.00    0.00     0.00    0.00      0.00     0.00   0.00    0.00     0.00    0.00    0.00    0.00   0.00
loop5            0.00      0.00     0.00   0.00    0.00     0.00    0.00      0.00     0.00   0.00    0.00     0.00    0.00      0.00     0.00   0.00    0.00     0.00    0.00    0.00    0.00   0.00
loop6            0.00      0.00     0.00   0.00    0.00     0.00    0.00      0.00     0.00   0.00    0.00     0.00    0.00      0.00     0.00   0.00    0.00     0.00    0.00    0.00    0.00   0.00
loop7            0.00      0.00     0.00   0.00    0.00     0.00    0.00      0.00     0.00   0.00    0.00     0.00    0.00      0.00     0.00   0.00    0.00     0.00    0.00    0.00    0.00   0.00
sda              0.00      0.00     0.00   0.00    0.00     0.00   10.00    148.00    24.00  70.59    4.60    14.80    0.00      0.00     0.00   0.00    0.00     0.00    0.00    0.00    0.05   4.00
sdb              0.00      0.00     0.00   0.00    0.00     0.00  536.00  27724.00   200.00  27.17   62.86    51.72    0.00      0.00     0.00   0.00    0.00     0.00    0.00    0.00   33.69  98.40


avg-cpu:  %user   %nice %system %iowait  %steal   %idle
           0.64    0.00    0.49    1.37    0.00   97.50

Device            r/s     rkB/s   rrqm/s  %rrqm r_await rareq-sz     w/s     wkB/s   wrqm/s  %wrqm w_await wareq-sz     d/s     dkB/s   drqm/s  %drqm d_await dareq-sz     f/s f_await  aqu-sz  %util
dm-0             0.00      0.00     0.00   0.00    0.00     0.00  497.00  12728.00     0.00   0.00   35.83    25.61    0.00      0.00     0.00   0.00    0.00     0.00    0.00    0.00   17.81  92.80
dm-1             0.00      0.00     0.00   0.00    0.00     0.00  496.00  12788.00     0.00   0.00   36.90    25.78    0.00      0.00     0.00   0.00    0.00     0.00    0.00    0.00   18.30  93.20
dm-2             0.00      0.00     0.00   0.00    0.00     0.00   68.00    288.00     0.00   0.00    4.71     4.24    0.00      0.00     0.00   0.00    0.00     0.00    0.00    0.00    0.32  10.80
loop0            0.00      0.00     0.00   0.00    0.00     0.00    0.00      0.00     0.00   0.00    0.00     0.00    0.00      0.00     0.00   0.00    0.00     0.00    0.00    0.00    0.00   0.00
loop1            0.00      0.00     0.00   0.00    0.00     0.00    0.00      0.00     0.00   0.00    0.00     0.00    0.00      0.00     0.00   0.00    0.00     0.00    0.00    0.00    0.00   0.00
loop2            0.00      0.00     0.00   0.00    0.00     0.00    0.00      0.00     0.00   0.00    0.00     0.00    0.00      0.00     0.00   0.00    0.00     0.00    0.00    0.00    0.00   0.00
loop3            0.00      0.00     0.00   0.00    0.00     0.00    0.00      0.00     0.00   0.00    0.00     0.00    0.00      0.00     0.00   0.00    0.00     0.00    0.00    0.00    0.00   0.00
loop4            0.00      0.00     0.00   0.00    0.00     0.00    0.00      0.00     0.00   0.00    0.00     0.00    0.00      0.00     0.00   0.00    0.00     0.00    0.00    0.00    0.00   0.00
loop5            0.00      0.00     0.00   0.00    0.00     0.00    0.00      0.00     0.00   0.00    0.00     0.00    0.00      0.00     0.00   0.00    0.00     0.00    0.00    0.00    0.00   0.00
loop6            0.00      0.00     0.00   0.00    0.00     0.00    0.00      0.00     0.00   0.00    0.00     0.00    0.00      0.00     0.00   0.00    0.00     0.00    0.00    0.00    0.00   0.00
loop7            0.00      0.00     0.00   0.00    0.00     0.00    0.00      0.00     0.00   0.00    0.00     0.00    0.00      0.00     0.00   0.00    0.00     0.00    0.00    0.00    0.00   0.00
sda              0.00      0.00     0.00   0.00    0.00     0.00   20.00    288.00    48.00  70.59    4.35    14.40    0.00      0.00     0.00   0.00    0.00     0.00    0.00    0.00    0.09  10.80
sdb              0.00      0.00     0.00   0.00    0.00     0.00  823.00  29108.00   228.00  21.69   35.64    35.37    0.00      0.00     0.00   0.00    0.00     0.00    0.00    0.00   29.33  93.20


avg-cpu:  %user   %nice %system %iowait  %steal   %idle
           0.55    0.00    0.53    1.37    0.00   97.55

Device            r/s     rkB/s   rrqm/s  %rrqm r_await rareq-sz     w/s     wkB/s   wrqm/s  %wrqm w_await wareq-sz     d/s     dkB/s   drqm/s  %drqm d_await dareq-sz     f/s f_await  aqu-sz  %util
dm-0             0.00      0.00     0.00   0.00    0.00     0.00  447.52  14265.35     0.00   0.00   32.34    31.88    0.00      0.00     0.00   0.00    0.00     0.00    0.00    0.00   14.47  87.52
dm-1             0.00      0.00     0.00   0.00    0.00     0.00  447.52  14265.35     0.00   0.00   32.02    31.88    0.00      0.00     0.00   0.00    0.00     0.00    0.00    0.00   14.33  87.52
dm-2             0.00      0.00     0.00   0.00    0.00     0.00   42.57    170.30     0.00   0.00    0.00     4.00    0.00      0.00     0.00   0.00    0.00     0.00    0.00    0.00    0.00   1.58
loop0            0.00      0.00     0.00   0.00    0.00     0.00    0.00      0.00     0.00   0.00    0.00     0.00    0.00      0.00     0.00   0.00    0.00     0.00    0.00    0.00    0.00   0.00
loop1            0.00      0.00     0.00   0.00    0.00     0.00    0.00      0.00     0.00   0.00    0.00     0.00    0.00      0.00     0.00   0.00    0.00     0.00    0.00    0.00    0.00   0.00
loop2            0.00      0.00     0.00   0.00    0.00     0.00    0.00      0.00     0.00   0.00    0.00     0.00    0.00      0.00     0.00   0.00    0.00     0.00    0.00    0.00    0.00   0.00
loop3            0.00      0.00     0.00   0.00    0.00     0.00    0.00      0.00     0.00   0.00    0.00     0.00    0.00      0.00     0.00   0.00    0.00     0.00    0.00    0.00    0.00   0.00
loop4            0.00      0.00     0.00   0.00    0.00     0.00    0.00      0.00     0.00   0.00    0.00     0.00    0.00      0.00     0.00   0.00    0.00     0.00    0.00    0.00    0.00   0.00
loop5            0.00      0.00     0.00   0.00    0.00     0.00    0.00      0.00     0.00   0.00    0.00     0.00    0.00      0.00     0.00   0.00    0.00     0.00    0.00    0.00    0.00   0.00
loop6            0.00      0.00     0.00   0.00    0.00     0.00    0.00      0.00     0.00   0.00    0.00     0.00    0.00      0.00     0.00   0.00    0.00     0.00    0.00    0.00    0.00   0.00
loop7            0.00      0.00     0.00   0.00    0.00     0.00    0.00      0.00     0.00   0.00    0.00     0.00    0.00      0.00     0.00   0.00    0.00     0.00    0.00    0.00    0.00   0.00
sda              0.00      0.00     0.00   0.00    0.00     0.00   13.86    170.30    28.71  67.44    0.64    12.29    0.00      0.00     0.00   0.00    0.00     0.00    0.00    0.00    0.01   1.58
sdb              0.00      0.00     0.00   0.00    0.00     0.00  711.88  28142.57   175.25  19.75   33.18    39.53    0.00      0.00     0.00   0.00    0.00     0.00    0.00    0.00   23.62  87.92


avg-cpu:  %user   %nice %system %iowait  %steal   %idle
           0.64    0.00    0.60    1.14    0.00   97.62

Device            r/s     rkB/s   rrqm/s  %rrqm r_await rareq-sz     w/s     wkB/s   wrqm/s  %wrqm w_await wareq-sz     d/s     dkB/s   drqm/s  %drqm d_await dareq-sz     f/s f_await  aqu-sz  %util
dm-0             0.00      0.00     0.00   0.00    0.00     0.00  468.00  14112.00     0.00   0.00   31.26    30.15    0.00      0.00     0.00   0.00    0.00     0.00    0.00    0.00   14.63  89.60
dm-1             0.00      0.00     0.00   0.00    0.00     0.00  450.00  14160.00     0.00   0.00   32.66    31.47    0.00      0.00     0.00   0.00    0.00     0.00    0.00    0.00   14.70  88.80
dm-2             0.00      0.00     0.00   0.00    0.00     0.00   78.00    332.00     0.00   0.00    3.49     4.26    0.00      0.00     0.00   0.00    0.00     0.00    0.00    0.00    0.27   5.20
loop0            0.00      0.00     0.00   0.00    0.00     0.00    0.00      0.00     0.00   0.00    0.00     0.00    0.00      0.00     0.00   0.00    0.00     0.00    0.00    0.00    0.00   0.00
loop1            0.00      0.00     0.00   0.00    0.00     0.00    0.00      0.00     0.00   0.00    0.00     0.00    0.00      0.00     0.00   0.00    0.00     0.00    0.00    0.00    0.00   0.00
loop2            0.00      0.00     0.00   0.00    0.00     0.00    0.00      0.00     0.00   0.00    0.00     0.00    0.00      0.00     0.00   0.00    0.00     0.00    0.00    0.00    0.00   0.00
loop3            0.00      0.00     0.00   0.00    0.00     0.00    0.00      0.00     0.00   0.00    0.00     0.00    0.00      0.00     0.00   0.00    0.00     0.00    0.00    0.00    0.00   0.00
loop4            0.00      0.00     0.00   0.00    0.00     0.00    0.00      0.00     0.00   0.00    0.00     0.00    0.00      0.00     0.00   0.00    0.00     0.00    0.00    0.00    0.00   0.00
loop5            0.00      0.00     0.00   0.00    0.00     0.00    0.00      0.00     0.00   0.00    0.00     0.00    0.00      0.00     0.00   0.00    0.00     0.00    0.00    0.00    0.00   0.00
loop6            0.00      0.00     0.00   0.00    0.00     0.00    0.00      0.00     0.00   0.00    0.00     0.00    0.00      0.00     0.00   0.00    0.00     0.00    0.00    0.00    0.00   0.00
loop7            0.00      0.00     0.00   0.00    0.00     0.00    0.00      0.00     0.00   0.00    0.00     0.00    0.00      0.00     0.00   0.00    0.00     0.00    0.00    0.00    0.00   0.00
sda              0.00      0.00     0.00   0.00    0.00     0.00   31.00    332.00    47.00  60.26    5.58    10.71    0.00      0.00     0.00   0.00    0.00     0.00    0.00    0.00    0.17   5.20
sdb              0.00      0.00     0.00   0.00    0.00     0.00  679.00  26820.00   217.00  24.22   37.11    39.50    0.00      0.00     0.00   0.00    0.00     0.00    0.00    0.00   25.20  89.20


avg-cpu:  %user   %nice %system %iowait  %steal   %idle
           0.74    0.00    0.56    1.22    0.00   97.48

Device            r/s     rkB/s   rrqm/s  %rrqm r_await rareq-sz     w/s     wkB/s   wrqm/s  %wrqm w_await wareq-sz     d/s     dkB/s   drqm/s  %drqm d_await dareq-sz     f/s f_await  aqu-sz  %util
dm-0             0.00      0.00     0.00   0.00    0.00     0.00  459.00  13896.00     0.00   0.00   32.69    30.27    0.00      0.00     0.00   0.00    0.00     0.00    0.00    0.00   15.00  88.80
dm-1             0.00      0.00     0.00   0.00    0.00     0.00  464.00  13916.00     0.00   0.00   30.04    29.99    0.00      0.00     0.00   0.00    0.00     0.00    0.00    0.00   13.94  89.20
dm-2             0.00      0.00     0.00   0.00    0.00     0.00   42.00    168.00     0.00   0.00    0.00     4.00    0.00      0.00     0.00   0.00    0.00     0.00    0.00    0.00    0.00   0.80
loop0            0.00      0.00     0.00   0.00    0.00     0.00    0.00      0.00     0.00   0.00    0.00     0.00    0.00      0.00     0.00   0.00    0.00     0.00    0.00    0.00    0.00   0.00
loop1            0.00      0.00     0.00   0.00    0.00     0.00    0.00      0.00     0.00   0.00    0.00     0.00    0.00      0.00     0.00   0.00    0.00     0.00    0.00    0.00    0.00   0.00
loop2            0.00      0.00     0.00   0.00    0.00     0.00    0.00      0.00     0.00   0.00    0.00     0.00    0.00      0.00     0.00   0.00    0.00     0.00    0.00    0.00    0.00   0.00
loop3            0.00      0.00     0.00   0.00    0.00     0.00    0.00      0.00     0.00   0.00    0.00     0.00    0.00      0.00     0.00   0.00    0.00     0.00    0.00    0.00    0.00   0.00
loop4            0.00      0.00     0.00   0.00    0.00     0.00    0.00      0.00     0.00   0.00    0.00     0.00    0.00      0.00     0.00   0.00    0.00     0.00    0.00    0.00    0.00   0.00
loop5            0.00      0.00     0.00   0.00    0.00     0.00    0.00      0.00     0.00   0.00    0.00     0.00    0.00      0.00     0.00   0.00    0.00     0.00    0.00    0.00    0.00   0.00
loop6            0.00      0.00     0.00   0.00    0.00     0.00    0.00      0.00     0.00   0.00    0.00     0.00    0.00      0.00     0.00   0.00    0.00     0.00    0.00    0.00    0.00   0.00
loop7            0.00      0.00     0.00   0.00    0.00     0.00    0.00      0.00     0.00   0.00    0.00     0.00    0.00      0.00     0.00   0.00    0.00     0.00    0.00    0.00    0.00   0.00
sda              0.00      0.00     0.00   0.00    0.00     0.00   11.00    168.00    31.00  73.81    0.09    15.27    0.00      0.00     0.00   0.00    0.00     0.00    0.00    0.00    0.00   0.80
sdb              0.00      0.00     0.00   0.00    0.00     0.00  737.00  29136.00   206.00  21.85   31.95    39.53    0.00      0.00     0.00   0.00    0.00     0.00    0.00    0.00   23.55  89.60


avg-cpu:  %user   %nice %system %iowait  %steal   %idle
           0.86    0.00    0.53    1.02    0.00   97.59

Device            r/s     rkB/s   rrqm/s  %rrqm r_await rareq-sz     w/s     wkB/s   wrqm/s  %wrqm w_await wareq-sz     d/s     dkB/s   drqm/s  %drqm d_await dareq-sz     f/s f_await  aqu-sz  %util
dm-0             0.00      0.00     0.00   0.00    0.00     0.00  554.00  14936.00     0.00   0.00   15.85    26.96    0.00      0.00     0.00   0.00    0.00     0.00    0.00    0.00    8.78  77.60
dm-1             0.00      0.00     0.00   0.00    0.00     0.00  547.00  14908.00     0.00   0.00   15.08    27.25    0.00      0.00     0.00   0.00    0.00     0.00    0.00    0.00    8.25  77.60
dm-2             0.00      0.00     0.00   0.00    0.00     0.00  324.00   1468.00     0.00   0.00    1.42     4.53    0.00      0.00     0.00   0.00    0.00     0.00    0.00    0.00    0.46   2.80
loop0            0.00      0.00     0.00   0.00    0.00     0.00    0.00      0.00     0.00   0.00    0.00     0.00    0.00      0.00     0.00   0.00    0.00     0.00    0.00    0.00    0.00   0.00
loop1            0.00      0.00     0.00   0.00    0.00     0.00    0.00      0.00     0.00   0.00    0.00     0.00    0.00      0.00     0.00   0.00    0.00     0.00    0.00    0.00    0.00   0.00
loop2            0.00      0.00     0.00   0.00    0.00     0.00    0.00      0.00     0.00   0.00    0.00     0.00    0.00      0.00     0.00   0.00    0.00     0.00    0.00    0.00    0.00   0.00
loop3            0.00      0.00     0.00   0.00    0.00     0.00    0.00      0.00     0.00   0.00    0.00     0.00    0.00      0.00     0.00   0.00    0.00     0.00    0.00    0.00    0.00   0.00
loop4            0.00      0.00     0.00   0.00    0.00     0.00    0.00      0.00     0.00   0.00    0.00     0.00    0.00      0.00     0.00   0.00    0.00     0.00    0.00    0.00    0.00   0.00
loop5            0.00      0.00     0.00   0.00    0.00     0.00    0.00      0.00     0.00   0.00    0.00     0.00    0.00      0.00     0.00   0.00    0.00     0.00    0.00    0.00    0.00   0.00
loop6            0.00      0.00     0.00   0.00    0.00     0.00    0.00      0.00     0.00   0.00    0.00     0.00    0.00      0.00     0.00   0.00    0.00     0.00    0.00    0.00    0.00   0.00
loop7            0.00      0.00     0.00   0.00    0.00     0.00    0.00      0.00     0.00   0.00    0.00     0.00    0.00      0.00     0.00   0.00    0.00     0.00    0.00    0.00    0.00   0.00
sda              0.00      0.00     0.00   0.00    0.00     0.00  279.00   1468.00    45.00  13.89    1.53     5.26    0.00      0.00     0.00   0.00    0.00     0.00    0.00    0.00    0.43   2.80
sdb              0.00      0.00     0.00   0.00    0.00     0.00  890.00  29780.00   210.00  19.09   15.71    33.46    0.00      0.00     0.00   0.00    0.00     0.00    0.00    0.00   13.98  78.00


avg-cpu:  %user   %nice %system %iowait  %steal   %idle
           0.56    0.00    0.47    1.35    0.00   97.62

Device            r/s     rkB/s   rrqm/s  %rrqm r_await rareq-sz     w/s     wkB/s   wrqm/s  %wrqm w_await wareq-sz     d/s     dkB/s   drqm/s  %drqm d_await dareq-sz     f/s f_await  aqu-sz  %util
dm-0             0.00      0.00     0.00   0.00    0.00     0.00  371.00  13488.00     0.00   0.00   40.68    36.36    0.00      0.00     0.00   0.00    0.00     0.00    0.00    0.00   15.09  92.40
dm-1             0.00      0.00     0.00   0.00    0.00     0.00  365.00  13460.00     0.00   0.00   45.26    36.88    0.00      0.00     0.00   0.00    0.00     0.00    0.00    0.00   16.52  91.60
dm-2             0.00      0.00     0.00   0.00    0.00     0.00   47.00    188.00     0.00   0.00    2.89     4.00    0.00      0.00     0.00   0.00    0.00     0.00    0.00    0.00    0.14   3.20
loop0            0.00      0.00     0.00   0.00    0.00     0.00    0.00      0.00     0.00   0.00    0.00     0.00    0.00      0.00     0.00   0.00    0.00     0.00    0.00    0.00    0.00   0.00
loop1            0.00      0.00     0.00   0.00    0.00     0.00    0.00      0.00     0.00   0.00    0.00     0.00    0.00      0.00     0.00   0.00    0.00     0.00    0.00    0.00    0.00   0.00
loop2            0.00      0.00     0.00   0.00    0.00     0.00    0.00      0.00     0.00   0.00    0.00     0.00    0.00      0.00     0.00   0.00    0.00     0.00    0.00    0.00    0.00   0.00
loop3            0.00      0.00     0.00   0.00    0.00     0.00    0.00      0.00     0.00   0.00    0.00     0.00    0.00      0.00     0.00   0.00    0.00     0.00    0.00    0.00    0.00   0.00
loop4            0.00      0.00     0.00   0.00    0.00     0.00    0.00      0.00     0.00   0.00    0.00     0.00    0.00      0.00     0.00   0.00    0.00     0.00    0.00    0.00    0.00   0.00
loop5            0.00      0.00     0.00   0.00    0.00     0.00    0.00      0.00     0.00   0.00    0.00     0.00    0.00      0.00     0.00   0.00    0.00     0.00    0.00    0.00    0.00   0.00
loop6            0.00      0.00     0.00   0.00    0.00     0.00    0.00      0.00     0.00   0.00    0.00     0.00    0.00      0.00     0.00   0.00    0.00     0.00    0.00    0.00    0.00   0.00
loop7            0.00      0.00     0.00   0.00    0.00     0.00    0.00      0.00     0.00   0.00    0.00     0.00    0.00      0.00     0.00   0.00    0.00     0.00    0.00    0.00    0.00   0.00
sda              0.00      0.00     0.00   0.00    0.00     0.00   14.00    188.00    33.00  70.21    1.43    13.43    0.00      0.00     0.00   0.00    0.00     0.00    0.00    0.00    0.02   3.20
sdb              0.00      0.00     0.00   0.00    0.00     0.00  536.00  24992.00   170.00  24.08   48.87    46.63    0.00      0.00     0.00   0.00    0.00     0.00    0.00    0.00   26.20  92.40


avg-cpu:  %user   %nice %system %iowait  %steal   %idle
           0.72    0.00    0.58    1.64    0.00   97.06

Device            r/s     rkB/s   rrqm/s  %rrqm r_await rareq-sz     w/s     wkB/s   wrqm/s  %wrqm w_await wareq-sz     d/s     dkB/s   drqm/s  %drqm d_await dareq-sz     f/s f_await  aqu-sz  %util
dm-0             0.00      0.00     0.00   0.00    0.00     0.00  310.00  12760.00     0.00   0.00   74.37    41.16    0.00      0.00     0.00   0.00    0.00     0.00    0.00    0.00   23.06  97.60
dm-1             0.00      0.00     0.00   0.00    0.00     0.00  309.00  12756.00     0.00   0.00   77.00    41.28    0.00      0.00     0.00   0.00    0.00     0.00    0.00    0.00   23.79  97.20
dm-2             0.00      0.00     0.00   0.00    0.00     0.00  145.00    616.00     0.00   0.00    5.93     4.25    0.00      0.00     0.00   0.00    0.00     0.00    0.00    0.00    0.86   6.40
loop0            0.00      0.00     0.00   0.00    0.00     0.00    0.00      0.00     0.00   0.00    0.00     0.00    0.00      0.00     0.00   0.00    0.00     0.00    0.00    0.00    0.00   0.00
loop1            0.00      0.00     0.00   0.00    0.00     0.00    0.00      0.00     0.00   0.00    0.00     0.00    0.00      0.00     0.00   0.00    0.00     0.00    0.00    0.00    0.00   0.00
loop2            0.00      0.00     0.00   0.00    0.00     0.00    0.00      0.00     0.00   0.00    0.00     0.00    0.00      0.00     0.00   0.00    0.00     0.00    0.00    0.00    0.00   0.00
loop3            0.00      0.00     0.00   0.00    0.00     0.00    0.00      0.00     0.00   0.00    0.00     0.00    0.00      0.00     0.00   0.00    0.00     0.00    0.00    0.00    0.00   0.00
loop4            0.00      0.00     0.00   0.00    0.00     0.00    0.00      0.00     0.00   0.00    0.00     0.00    0.00      0.00     0.00   0.00    0.00     0.00    0.00    0.00    0.00   0.00
loop5            0.00      0.00     0.00   0.00    0.00     0.00    0.00      0.00     0.00   0.00    0.00     0.00    0.00      0.00     0.00   0.00    0.00     0.00    0.00    0.00    0.00   0.00
loop6            0.00      0.00     0.00   0.00    0.00     0.00    0.00      0.00     0.00   0.00    0.00     0.00    0.00      0.00     0.00   0.00    0.00     0.00    0.00    0.00    0.00   0.00
loop7            0.00      0.00     0.00   0.00    0.00     0.00    0.00      0.00     0.00   0.00    0.00     0.00    0.00      0.00     0.00   0.00    0.00     0.00    0.00    0.00    0.00   0.00
sda              0.00      0.00     0.00   0.00    0.00     0.00   98.00    616.00    47.00  32.41    7.24     6.29    0.00      0.00     0.00   0.00    0.00     0.00    0.00    0.00    0.71   6.40
sdb              0.00      0.00     0.00   0.00    0.00     0.00  453.00  27748.00   201.00  30.73   79.54    61.25    0.00      0.00     0.00   0.00    0.00     0.00    0.00    0.00   36.03  98.40


avg-cpu:  %user   %nice %system %iowait  %steal   %idle
           0.61    0.00    0.67    1.13    0.00   97.58

Device            r/s     rkB/s   rrqm/s  %rrqm r_await rareq-sz     w/s     wkB/s   wrqm/s  %wrqm w_await wareq-sz     d/s     dkB/s   drqm/s  %drqm d_await dareq-sz     f/s f_await  aqu-sz  %util
dm-0             0.00      0.00     0.00   0.00    0.00     0.00  501.00  15144.00     0.00   0.00   29.34    30.23    0.00      0.00     0.00   0.00    0.00     0.00    0.00    0.00   14.70  86.80
dm-1             0.00      0.00     0.00   0.00    0.00     0.00  500.00  15140.00     0.00   0.00   26.75    30.28    0.00      0.00     0.00   0.00    0.00     0.00    0.00    0.00   13.38  86.40
dm-2             0.00      0.00     0.00   0.00    0.00     0.00   65.00    264.00     0.00   0.00    3.20     4.06    0.00      0.00     0.00   0.00    0.00     0.00    0.00    0.00    0.21   3.20
loop0            0.00      0.00     0.00   0.00    0.00     0.00    0.00      0.00     0.00   0.00    0.00     0.00    0.00      0.00     0.00   0.00    0.00     0.00    0.00    0.00    0.00   0.00
loop1            0.00      0.00     0.00   0.00    0.00     0.00    0.00      0.00     0.00   0.00    0.00     0.00    0.00      0.00     0.00   0.00    0.00     0.00    0.00    0.00    0.00   0.00
loop2            0.00      0.00     0.00   0.00    0.00     0.00    0.00      0.00     0.00   0.00    0.00     0.00    0.00      0.00     0.00   0.00    0.00     0.00    0.00    0.00    0.00   0.00
loop3            0.00      0.00     0.00   0.00    0.00     0.00    0.00      0.00     0.00   0.00    0.00     0.00    0.00      0.00     0.00   0.00    0.00     0.00    0.00    0.00    0.00   0.00
loop4            0.00      0.00     0.00   0.00    0.00     0.00    0.00      0.00     0.00   0.00    0.00     0.00    0.00      0.00     0.00   0.00    0.00     0.00    0.00    0.00    0.00   0.00
loop5            0.00      0.00     0.00   0.00    0.00     0.00    0.00      0.00     0.00   0.00    0.00     0.00    0.00      0.00     0.00   0.00    0.00     0.00    0.00    0.00    0.00   0.00
loop6            0.00      0.00     0.00   0.00    0.00     0.00    0.00      0.00     0.00   0.00    0.00     0.00    0.00      0.00     0.00   0.00    0.00     0.00    0.00    0.00    0.00   0.00
loop7            0.00      0.00     0.00   0.00    0.00     0.00    0.00      0.00     0.00   0.00    0.00     0.00    0.00      0.00     0.00   0.00    0.00     0.00    0.00    0.00    0.00   0.00
sda              0.00      0.00     0.00   0.00    0.00     0.00   25.00    264.00    40.00  61.54    3.88    10.56    0.00      0.00     0.00   0.00    0.00     0.00    0.00    0.00    0.10   3.20
sdb              0.00      0.00     0.00   0.00    0.00     0.00  780.00  29368.00   206.00  20.89   30.54    37.65    0.00      0.00     0.00   0.00    0.00     0.00    0.00    0.00   23.82  86.80


avg-cpu:  %user   %nice %system %iowait  %steal   %idle
           0.72    0.00    0.63    1.18    0.00   97.48

Device            r/s     rkB/s   rrqm/s  %rrqm r_await rareq-sz     w/s     wkB/s   wrqm/s  %wrqm w_await wareq-sz     d/s     dkB/s   drqm/s  %drqm d_await dareq-sz     f/s f_await  aqu-sz  %util
dm-0             0.00      0.00     0.00   0.00    0.00     0.00  478.00  14692.00     0.00   0.00   22.61    30.74    0.00      0.00     0.00   0.00    0.00     0.00    0.00    0.00   10.81  85.20
dm-1             0.00      0.00     0.00   0.00    0.00     0.00  474.00  14676.00     0.00   0.00   23.41    30.96    0.00      0.00     0.00   0.00    0.00     0.00    0.00    0.00   11.10  85.60
dm-2             0.00      0.00     0.00   0.00    0.00     0.00   57.00    244.00     0.00   0.00    2.04     4.28    0.00      0.00     0.00   0.00    0.00     0.00    0.00    0.00    0.12   4.80
loop0            0.00      0.00     0.00   0.00    0.00     0.00    0.00      0.00     0.00   0.00    0.00     0.00    0.00      0.00     0.00   0.00    0.00     0.00    0.00    0.00    0.00   0.00
loop1            0.00      0.00     0.00   0.00    0.00     0.00    0.00      0.00     0.00   0.00    0.00     0.00    0.00      0.00     0.00   0.00    0.00     0.00    0.00    0.00    0.00   0.00
loop2            0.00      0.00     0.00   0.00    0.00     0.00    0.00      0.00     0.00   0.00    0.00     0.00    0.00      0.00     0.00   0.00    0.00     0.00    0.00    0.00    0.00   0.00
loop3            0.00      0.00     0.00   0.00    0.00     0.00    0.00      0.00     0.00   0.00    0.00     0.00    0.00      0.00     0.00   0.00    0.00     0.00    0.00    0.00    0.00   0.00
loop4            0.00      0.00     0.00   0.00    0.00     0.00    0.00      0.00     0.00   0.00    0.00     0.00    0.00      0.00     0.00   0.00    0.00     0.00    0.00    0.00    0.00   0.00
loop5            0.00      0.00     0.00   0.00    0.00     0.00    0.00      0.00     0.00   0.00    0.00     0.00    0.00      0.00     0.00   0.00    0.00     0.00    0.00    0.00    0.00   0.00
loop6            0.00      0.00     0.00   0.00    0.00     0.00    0.00      0.00     0.00   0.00    0.00     0.00    0.00      0.00     0.00   0.00    0.00     0.00    0.00    0.00    0.00   0.00
loop7            0.00      0.00     0.00   0.00    0.00     0.00    0.00      0.00     0.00   0.00    0.00     0.00    0.00      0.00     0.00   0.00    0.00     0.00    0.00    0.00    0.00   0.00
sda              0.00      0.00     0.00   0.00    0.00     0.00   17.00    244.00    40.00  70.18    1.47    14.35    0.00      0.00     0.00   0.00    0.00     0.00    0.00    0.00    0.03   4.80
sdb              0.00      0.00     0.00   0.00    0.00     0.00  716.00  27496.00   208.00  22.51   25.67    38.40    0.00      0.00     0.00   0.00    0.00     0.00    0.00    0.00   18.38  86.40


avg-cpu:  %user   %nice %system %iowait  %steal   %idle
           0.50    0.00    0.46    1.67    0.00   97.38

Device            r/s     rkB/s   rrqm/s  %rrqm r_await rareq-sz     w/s     wkB/s   wrqm/s  %wrqm w_await wareq-sz     d/s     dkB/s   drqm/s  %drqm d_await dareq-sz     f/s f_await  aqu-sz  %util
dm-0             0.00      0.00     0.00   0.00    0.00     0.00  362.00  13808.00     0.00   0.00   66.66    38.14    0.00      0.00     0.00   0.00    0.00     0.00    0.00    0.00   24.13  98.00
dm-1             0.00      0.00     0.00   0.00    0.00     0.00  370.00  13840.00     0.00   0.00   64.36    37.41    0.00      0.00     0.00   0.00    0.00     0.00    0.00    0.00   23.81  98.00
dm-2             0.00      0.00     0.00   0.00    0.00     0.00  239.00   1060.00     0.00   0.00    4.79     4.44    0.00      0.00     0.00   0.00    0.00     0.00    0.00    0.00    1.14   6.40
loop0            0.00      0.00     0.00   0.00    0.00     0.00    0.00      0.00     0.00   0.00    0.00     0.00    0.00      0.00     0.00   0.00    0.00     0.00    0.00    0.00    0.00   0.00
loop1            0.00      0.00     0.00   0.00    0.00     0.00    0.00      0.00     0.00   0.00    0.00     0.00    0.00      0.00     0.00   0.00    0.00     0.00    0.00    0.00    0.00   0.00
loop2            0.00      0.00     0.00   0.00    0.00     0.00    0.00      0.00     0.00   0.00    0.00     0.00    0.00      0.00     0.00   0.00    0.00     0.00    0.00    0.00    0.00   0.00
loop3            0.00      0.00     0.00   0.00    0.00     0.00    0.00      0.00     0.00   0.00    0.00     0.00    0.00      0.00     0.00   0.00    0.00     0.00    0.00    0.00    0.00   0.00
loop4            0.00      0.00     0.00   0.00    0.00     0.00    0.00      0.00     0.00   0.00    0.00     0.00    0.00      0.00     0.00   0.00    0.00     0.00    0.00    0.00    0.00   0.00
loop5            0.00      0.00     0.00   0.00    0.00     0.00    0.00      0.00     0.00   0.00    0.00     0.00    0.00      0.00     0.00   0.00    0.00     0.00    0.00    0.00    0.00   0.00
loop6            0.00      0.00     0.00   0.00    0.00     0.00    0.00      0.00     0.00   0.00    0.00     0.00    0.00      0.00     0.00   0.00    0.00     0.00    0.00    0.00    0.00   0.00
loop7            0.00      0.00     0.00   0.00    0.00     0.00    0.00      0.00     0.00   0.00    0.00     0.00    0.00      0.00     0.00   0.00    0.00     0.00    0.00    0.00    0.00   0.00
sda              0.00      0.00     0.00   0.00    0.00     0.00  205.00   1060.00    34.00  14.23    5.23     5.17    0.00      0.00     0.00   0.00    0.00     0.00    0.00    0.00    1.07   6.40
sdb              0.00      0.00     0.00   0.00    0.00     0.00  505.00  26736.00   212.00  29.57   73.79    52.94    0.00      0.00     0.00   0.00    0.00     0.00    0.00    0.00   37.27  98.00


avg-cpu:  %user   %nice %system %iowait  %steal   %idle
           0.71    0.00    0.69    1.85    0.00   96.75

Device            r/s     rkB/s   rrqm/s  %rrqm r_await rareq-sz     w/s     wkB/s   wrqm/s  %wrqm w_await wareq-sz     d/s     dkB/s   drqm/s  %drqm d_await dareq-sz     f/s f_await  aqu-sz  %util
dm-0             0.00      0.00     0.00   0.00    0.00     0.00  383.00  12212.00     0.00   0.00   48.88    31.89    0.00      0.00     0.00   0.00    0.00     0.00    0.00    0.00   18.72  88.40
dm-1             0.00      0.00     0.00   0.00    0.00     0.00  391.00  12244.00     0.00   0.00   48.08    31.31    0.00      0.00     0.00   0.00    0.00     0.00    0.00    0.00   18.80  87.20
dm-2             0.00      0.00     0.00   0.00    0.00     0.00  146.00  44576.00     0.00   0.00    5.48   305.32    0.00      0.00     0.00   0.00    0.00     0.00    0.00    0.00    0.80  28.00
loop0            0.00      0.00     0.00   0.00    0.00     0.00    0.00      0.00     0.00   0.00    0.00     0.00    0.00      0.00     0.00   0.00    0.00     0.00    0.00    0.00    0.00   0.00
loop1            0.00      0.00     0.00   0.00    0.00     0.00    0.00      0.00     0.00   0.00    0.00     0.00    0.00      0.00     0.00   0.00    0.00     0.00    0.00    0.00    0.00   0.00
loop2            0.00      0.00     0.00   0.00    0.00     0.00    0.00      0.00     0.00   0.00    0.00     0.00    0.00      0.00     0.00   0.00    0.00     0.00    0.00    0.00    0.00   0.00
loop3            0.00      0.00     0.00   0.00    0.00     0.00    0.00      0.00     0.00   0.00    0.00     0.00    0.00      0.00     0.00   0.00    0.00     0.00    0.00    0.00    0.00   0.00
loop4            0.00      0.00     0.00   0.00    0.00     0.00    0.00      0.00     0.00   0.00    0.00     0.00    0.00      0.00     0.00   0.00    0.00     0.00    0.00    0.00    0.00   0.00
loop5            0.00      0.00     0.00   0.00    0.00     0.00    0.00      0.00     0.00   0.00    0.00     0.00    0.00      0.00     0.00   0.00    0.00     0.00    0.00    0.00    0.00   0.00
loop6            0.00      0.00     0.00   0.00    0.00     0.00    0.00      0.00     0.00   0.00    0.00     0.00    0.00      0.00     0.00   0.00    0.00     0.00    0.00    0.00    0.00   0.00
loop7            0.00      0.00     0.00   0.00    0.00     0.00    0.00      0.00     0.00   0.00    0.00     0.00    0.00      0.00     0.00   0.00    0.00     0.00    0.00    0.00    0.00   0.00
sda              0.00      0.00     0.00   0.00    0.00     0.00  214.00  44576.00    97.00  31.19   47.49   208.30    0.00      0.00     0.00   0.00    0.00     0.00    0.00    0.00   10.16  28.00
sdb              0.00      0.00     0.00   0.00    0.00     0.00  631.00  28076.00   200.00  24.07   47.60    44.49    0.00      0.00     0.00   0.00    0.00     0.00    0.00    0.00   30.04  87.60


avg-cpu:  %user   %nice %system %iowait  %steal   %idle
           0.61    0.00    0.47    0.93    0.00   97.99

Device            r/s     rkB/s   rrqm/s  %rrqm r_await rareq-sz     w/s     wkB/s   wrqm/s  %wrqm w_await wareq-sz     d/s     dkB/s   drqm/s  %drqm d_await dareq-sz     f/s f_await  aqu-sz  %util
dm-0             0.00      0.00     0.00   0.00    0.00     0.00  537.00  14388.00     0.00   0.00   17.53    26.79    0.00      0.00     0.00   0.00    0.00     0.00    0.00    0.00    9.41  76.00
dm-1             0.00      0.00     0.00   0.00    0.00     0.00  525.00  14340.00     0.00   0.00   19.30    27.31    0.00      0.00     0.00   0.00    0.00     0.00    0.00    0.00   10.13  80.00
dm-2             0.00      0.00     0.00   0.00    0.00     0.00   66.00    280.00     0.00   0.00    0.06     4.24    0.00      0.00     0.00   0.00    0.00     0.00    0.00    0.00    0.00   2.00
loop0            0.00      0.00     0.00   0.00    0.00     0.00    0.00      0.00     0.00   0.00    0.00     0.00    0.00      0.00     0.00   0.00    0.00     0.00    0.00    0.00    0.00   0.00
loop1            0.00      0.00     0.00   0.00    0.00     0.00    0.00      0.00     0.00   0.00    0.00     0.00    0.00      0.00     0.00   0.00    0.00     0.00    0.00    0.00    0.00   0.00
loop2            0.00      0.00     0.00   0.00    0.00     0.00    0.00      0.00     0.00   0.00    0.00     0.00    0.00      0.00     0.00   0.00    0.00     0.00    0.00    0.00    0.00   0.00
loop3            0.00      0.00     0.00   0.00    0.00     0.00    0.00      0.00     0.00   0.00    0.00     0.00    0.00      0.00     0.00   0.00    0.00     0.00    0.00    0.00    0.00   0.00
loop4            0.00      0.00     0.00   0.00    0.00     0.00    0.00      0.00     0.00   0.00    0.00     0.00    0.00      0.00     0.00   0.00    0.00     0.00    0.00    0.00    0.00   0.00
loop5            0.00      0.00     0.00   0.00    0.00     0.00    0.00      0.00     0.00   0.00    0.00     0.00    0.00      0.00     0.00   0.00    0.00     0.00    0.00    0.00    0.00   0.00
loop6            0.00      0.00     0.00   0.00    0.00     0.00    0.00      0.00     0.00   0.00    0.00     0.00    0.00      0.00     0.00   0.00    0.00     0.00    0.00    0.00    0.00   0.00
loop7            0.00      0.00     0.00   0.00    0.00     0.00    0.00      0.00     0.00   0.00    0.00     0.00    0.00      0.00     0.00   0.00    0.00     0.00    0.00    0.00    0.00   0.00
sda              0.00      0.00     0.00   0.00    0.00     0.00   17.00    280.00    49.00  74.24    0.24    16.47    0.00      0.00     0.00   0.00    0.00     0.00    0.00    0.00    0.00   2.00
sdb              0.00      0.00     0.00   0.00    0.00     0.00  841.00  29116.00   228.00  21.33   18.59    34.62    0.00      0.00     0.00   0.00    0.00     0.00    0.00    0.00   15.63  79.60


avg-cpu:  %user   %nice %system %iowait  %steal   %idle
           0.92    0.00    0.66    1.17    0.00   97.24

Device            r/s     rkB/s   rrqm/s  %rrqm r_await rareq-sz     w/s     wkB/s   wrqm/s  %wrqm w_await wareq-sz     d/s     dkB/s   drqm/s  %drqm d_await dareq-sz     f/s f_await  aqu-sz  %util
dm-0             0.00      0.00     0.00   0.00    0.00     0.00  504.00  14856.00     0.00   0.00   22.88    29.48    0.00      0.00     0.00   0.00    0.00     0.00    0.00    0.00   11.53  83.60
dm-1             0.00      0.00     0.00   0.00    0.00     0.00  500.00  14840.00     0.00   0.00   23.20    29.68    0.00      0.00     0.00   0.00    0.00     0.00    0.00    0.00   11.60  82.80
dm-2             0.00      0.00     0.00   0.00    0.00     0.00   41.00    164.00     0.00   0.00    3.02     4.00    0.00      0.00     0.00   0.00    0.00     0.00    0.00    0.00    0.12   2.80
loop0            0.00      0.00     0.00   0.00    0.00     0.00    0.00      0.00     0.00   0.00    0.00     0.00    0.00      0.00     0.00   0.00    0.00     0.00    0.00    0.00    0.00   0.00
loop1            0.00      0.00     0.00   0.00    0.00     0.00    0.00      0.00     0.00   0.00    0.00     0.00    0.00      0.00     0.00   0.00    0.00     0.00    0.00    0.00    0.00   0.00
loop2            0.00      0.00     0.00   0.00    0.00     0.00    0.00      0.00     0.00   0.00    0.00     0.00    0.00      0.00     0.00   0.00    0.00     0.00    0.00    0.00    0.00   0.00
loop3            0.00      0.00     0.00   0.00    0.00     0.00    0.00      0.00     0.00   0.00    0.00     0.00    0.00      0.00     0.00   0.00    0.00     0.00    0.00    0.00    0.00   0.00
loop4            0.00      0.00     0.00   0.00    0.00     0.00    0.00      0.00     0.00   0.00    0.00     0.00    0.00      0.00     0.00   0.00    0.00     0.00    0.00    0.00    0.00   0.00
loop5            0.00      0.00     0.00   0.00    0.00     0.00    0.00      0.00     0.00   0.00    0.00     0.00    0.00      0.00     0.00   0.00    0.00     0.00    0.00    0.00    0.00   0.00
loop6            0.00      0.00     0.00   0.00    0.00     0.00    0.00      0.00     0.00   0.00    0.00     0.00    0.00      0.00     0.00   0.00    0.00     0.00    0.00    0.00    0.00   0.00
loop7            0.00      0.00     0.00   0.00    0.00     0.00    0.00      0.00     0.00   0.00    0.00     0.00    0.00      0.00     0.00   0.00    0.00     0.00    0.00    0.00    0.00   0.00
sda              0.00      0.00     0.00   0.00    0.00     0.00   11.00    164.00    30.00  73.17    1.82    14.91    0.00      0.00     0.00   0.00    0.00     0.00    0.00    0.00    0.02   2.80
sdb              0.00      0.00     0.00   0.00    0.00     0.00  796.00  29696.00   208.00  20.72   24.10    37.31    0.00      0.00     0.00   0.00    0.00     0.00    0.00    0.00   19.19  83.60


avg-cpu:  %user   %nice %system %iowait  %steal   %idle
           0.53    0.00    0.44    0.83    0.00   98.19

Device            r/s     rkB/s   rrqm/s  %rrqm r_await rareq-sz     w/s     wkB/s   wrqm/s  %wrqm w_await wareq-sz     d/s     dkB/s   drqm/s  %drqm d_await dareq-sz     f/s f_await  aqu-sz  %util
dm-0             0.00      0.00     0.00   0.00    0.00     0.00  550.00  14440.00     0.00   0.00   14.66    26.25    0.00      0.00     0.00   0.00    0.00     0.00    0.00    0.00    8.06  76.80
dm-1             0.00      0.00     0.00   0.00    0.00     0.00  545.00  14424.00     0.00   0.00   15.24    26.47    0.00      0.00     0.00   0.00    0.00     0.00    0.00    0.00    8.31  77.20
dm-2             0.00      0.00     0.00   0.00    0.00     0.00   67.00    296.00     0.00   0.00    3.22     4.42    0.00      0.00     0.00   0.00    0.00     0.00    0.00    0.00    0.22   6.00
loop0            0.00      0.00     0.00   0.00    0.00     0.00    0.00      0.00     0.00   0.00    0.00     0.00    0.00      0.00     0.00   0.00    0.00     0.00    0.00    0.00    0.00   0.00
loop1            0.00      0.00     0.00   0.00    0.00     0.00    0.00      0.00     0.00   0.00    0.00     0.00    0.00      0.00     0.00   0.00    0.00     0.00    0.00    0.00    0.00   0.00
loop2            0.00      0.00     0.00   0.00    0.00     0.00    0.00      0.00     0.00   0.00    0.00     0.00    0.00      0.00     0.00   0.00    0.00     0.00    0.00    0.00    0.00   0.00
loop3            0.00      0.00     0.00   0.00    0.00     0.00    0.00      0.00     0.00   0.00    0.00     0.00    0.00      0.00     0.00   0.00    0.00     0.00    0.00    0.00    0.00   0.00
loop4            0.00      0.00     0.00   0.00    0.00     0.00    0.00      0.00     0.00   0.00    0.00     0.00    0.00      0.00     0.00   0.00    0.00     0.00    0.00    0.00    0.00   0.00
loop5            0.00      0.00     0.00   0.00    0.00     0.00    0.00      0.00     0.00   0.00    0.00     0.00    0.00      0.00     0.00   0.00    0.00     0.00    0.00    0.00    0.00   0.00
loop6            0.00      0.00     0.00   0.00    0.00     0.00    0.00      0.00     0.00   0.00    0.00     0.00    0.00      0.00     0.00   0.00    0.00     0.00    0.00    0.00    0.00   0.00
loop7            0.00      0.00     0.00   0.00    0.00     0.00    0.00      0.00     0.00   0.00    0.00     0.00    0.00      0.00     0.00   0.00    0.00     0.00    0.00    0.00    0.00   0.00
sda              0.00      0.00     0.00   0.00    0.00     0.00   20.00    296.00    47.00  70.15    2.55    14.80    0.00      0.00     0.00   0.00    0.00     0.00    0.00    0.00    0.05   6.00
sdb              0.00      0.00     0.00   0.00    0.00     0.00  885.00  28864.00   210.00  19.18   16.26    32.61    0.00      0.00     0.00   0.00    0.00     0.00    0.00    0.00   14.39  78.00


avg-cpu:  %user   %nice %system %iowait  %steal   %idle
           0.83    0.00    0.69    0.41    0.00   98.07

Device            r/s     rkB/s   rrqm/s  %rrqm r_await rareq-sz     w/s     wkB/s   wrqm/s  %wrqm w_await wareq-sz     d/s     dkB/s   drqm/s  %drqm d_await dareq-sz     f/s f_await  aqu-sz  %util
dm-0             0.00      0.00     0.00   0.00    0.00     0.00  649.00  14836.00     0.00   0.00    3.14    22.86    0.00      0.00     0.00   0.00    0.00     0.00    0.00    0.00    2.04  56.40
dm-1             0.00      0.00     0.00   0.00    0.00     0.00  644.00  14816.00     0.00   0.00    3.10    23.01    0.00      0.00     0.00   0.00    0.00     0.00    0.00    0.00    2.00  57.60
dm-2             0.00      0.00     0.00   0.00    0.00     0.00  391.00   1888.00     0.00   0.00    3.40     4.83    0.00      0.00     0.00   0.00    0.00     0.00    0.00    0.00    1.33   3.20
loop0            0.00      0.00     0.00   0.00    0.00     0.00    0.00      0.00     0.00   0.00    0.00     0.00    0.00      0.00     0.00   0.00    0.00     0.00    0.00    0.00    0.00   0.00
loop1            0.00      0.00     0.00   0.00    0.00     0.00    0.00      0.00     0.00   0.00    0.00     0.00    0.00      0.00     0.00   0.00    0.00     0.00    0.00    0.00    0.00   0.00
loop2            0.00      0.00     0.00   0.00    0.00     0.00    0.00      0.00     0.00   0.00    0.00     0.00    0.00      0.00     0.00   0.00    0.00     0.00    0.00    0.00    0.00   0.00
loop3            0.00      0.00     0.00   0.00    0.00     0.00    0.00      0.00     0.00   0.00    0.00     0.00    0.00      0.00     0.00   0.00    0.00     0.00    0.00    0.00    0.00   0.00
loop4            0.00      0.00     0.00   0.00    0.00     0.00    0.00      0.00     0.00   0.00    0.00     0.00    0.00      0.00     0.00   0.00    0.00     0.00    0.00    0.00    0.00   0.00
loop5            0.00      0.00     0.00   0.00    0.00     0.00    0.00      0.00     0.00   0.00    0.00     0.00    0.00      0.00     0.00   0.00    0.00     0.00    0.00    0.00    0.00   0.00
loop6            0.00      0.00     0.00   0.00    0.00     0.00    0.00      0.00     0.00   0.00    0.00     0.00    0.00      0.00     0.00   0.00    0.00     0.00    0.00    0.00    0.00   0.00
loop7            0.00      0.00     0.00   0.00    0.00     0.00    0.00      0.00     0.00   0.00    0.00     0.00    0.00      0.00     0.00   0.00    0.00     0.00    0.00    0.00    0.00   0.00
sda              0.00      0.00     0.00   0.00    0.00     0.00  352.00   1888.00    39.00   9.97    4.27     5.36    0.00      0.00     0.00   0.00    0.00     0.00    0.00    0.00    1.50   3.20
sdb              0.00      0.00     0.00   0.00    0.00     0.00 1086.00  29188.00   198.00  15.42    3.37    26.88    0.00      0.00     0.00   0.00    0.00     0.00    0.00    0.00    3.66  58.40


avg-cpu:  %user   %nice %system %iowait  %steal   %idle
           0.60    0.00    0.61    0.55    0.00   98.24

Device            r/s     rkB/s   rrqm/s  %rrqm r_await rareq-sz     w/s     wkB/s   wrqm/s  %wrqm w_await wareq-sz     d/s     dkB/s   drqm/s  %drqm d_await dareq-sz     f/s f_await  aqu-sz  %util
dm-0             0.00      0.00     0.00   0.00    0.00     0.00  650.00  14660.00     0.00   0.00    3.29    22.55    0.00      0.00     0.00   0.00    0.00     0.00    0.00    0.00    2.14  58.00
dm-1             0.00      0.00     0.00   0.00    0.00     0.00  637.00  14608.00     0.00   0.00    3.52    22.93    0.00      0.00     0.00   0.00    0.00     0.00    0.00    0.00    2.24  59.20
dm-2             0.00      0.00     0.00   0.00    0.00     0.00   72.00    304.00     0.00   0.00    1.28     4.22    0.00      0.00     0.00   0.00    0.00     0.00    0.00    0.00    0.09   4.40
loop0            0.00      0.00     0.00   0.00    0.00     0.00    0.00      0.00     0.00   0.00    0.00     0.00    0.00      0.00     0.00   0.00    0.00     0.00    0.00    0.00    0.00   0.00
loop1            0.00      0.00     0.00   0.00    0.00     0.00    0.00      0.00     0.00   0.00    0.00     0.00    0.00      0.00     0.00   0.00    0.00     0.00    0.00    0.00    0.00   0.00
loop2            0.00      0.00     0.00   0.00    0.00     0.00    0.00      0.00     0.00   0.00    0.00     0.00    0.00      0.00     0.00   0.00    0.00     0.00    0.00    0.00    0.00   0.00
loop3            0.00      0.00     0.00   0.00    0.00     0.00    0.00      0.00     0.00   0.00    0.00     0.00    0.00      0.00     0.00   0.00    0.00     0.00    0.00    0.00    0.00   0.00
loop4            0.00      0.00     0.00   0.00    0.00     0.00    0.00      0.00     0.00   0.00    0.00     0.00    0.00      0.00     0.00   0.00    0.00     0.00    0.00    0.00    0.00   0.00
loop5            0.00      0.00     0.00   0.00    0.00     0.00    0.00      0.00     0.00   0.00    0.00     0.00    0.00      0.00     0.00   0.00    0.00     0.00    0.00    0.00    0.00   0.00
loop6            0.00      0.00     0.00   0.00    0.00     0.00    0.00      0.00     0.00   0.00    0.00     0.00    0.00      0.00     0.00   0.00    0.00     0.00    0.00    0.00    0.00   0.00
loop7            0.00      0.00     0.00   0.00    0.00     0.00    0.00      0.00     0.00   0.00    0.00     0.00    0.00      0.00     0.00   0.00    0.00     0.00    0.00    0.00    0.00   0.00
sda              0.00      0.00     0.00   0.00    0.00     0.00   20.00    304.00    52.00  72.22    1.15    15.20    0.00      0.00     0.00   0.00    0.00     0.00    0.00    0.00    0.02   4.40
sdb              0.00      0.00     0.00   0.00    0.00     0.00 1087.00  29424.00   203.00  15.74    3.33    27.07    0.00      0.00     0.00   0.00    0.00     0.00    0.00    0.00    3.62  60.40


avg-cpu:  %user   %nice %system %iowait  %steal   %idle
           1.32    0.00    0.91    0.96    0.00   96.81

Device            r/s     rkB/s   rrqm/s  %rrqm r_await rareq-sz     w/s     wkB/s   wrqm/s  %wrqm w_await wareq-sz     d/s     dkB/s   drqm/s  %drqm d_await dareq-sz     f/s f_await  aqu-sz  %util
dm-0             0.00      0.00     0.00   0.00    0.00     0.00  529.00  14660.00     0.00   0.00   16.05    27.71    0.00      0.00     0.00   0.00    0.00     0.00    0.00    0.00    8.49  80.00
dm-1             0.00      0.00     0.00   0.00    0.00     0.00  534.00  14676.00     0.00   0.00   16.10    27.48    0.00      0.00     0.00   0.00    0.00     0.00    0.00    0.00    8.60  80.40
dm-2             0.00      0.00     0.00   0.00    0.00     0.00   44.00    176.00     0.00   0.00    2.64     4.00    0.00      0.00     0.00   0.00    0.00     0.00    0.00    0.00    0.12   4.00
loop0            0.00      0.00     0.00   0.00    0.00     0.00    0.00      0.00     0.00   0.00    0.00     0.00    0.00      0.00     0.00   0.00    0.00     0.00    0.00    0.00    0.00   0.00
loop1            0.00      0.00     0.00   0.00    0.00     0.00    0.00      0.00     0.00   0.00    0.00     0.00    0.00      0.00     0.00   0.00    0.00     0.00    0.00    0.00    0.00   0.00
loop2            0.00      0.00     0.00   0.00    0.00     0.00    0.00      0.00     0.00   0.00    0.00     0.00    0.00      0.00     0.00   0.00    0.00     0.00    0.00    0.00    0.00   0.00
loop3            0.00      0.00     0.00   0.00    0.00     0.00    0.00      0.00     0.00   0.00    0.00     0.00    0.00      0.00     0.00   0.00    0.00     0.00    0.00    0.00    0.00   0.00
loop4            0.00      0.00     0.00   0.00    0.00     0.00    0.00      0.00     0.00   0.00    0.00     0.00    0.00      0.00     0.00   0.00    0.00     0.00    0.00    0.00    0.00   0.00
loop5            0.00      0.00     0.00   0.00    0.00     0.00    0.00      0.00     0.00   0.00    0.00     0.00    0.00      0.00     0.00   0.00    0.00     0.00    0.00    0.00    0.00   0.00
loop6            0.00      0.00     0.00   0.00    0.00     0.00    0.00      0.00     0.00   0.00    0.00     0.00    0.00      0.00     0.00   0.00    0.00     0.00    0.00    0.00    0.00   0.00
loop7            0.00      0.00     0.00   0.00    0.00     0.00    0.00      0.00     0.00   0.00    0.00     0.00    0.00      0.00     0.00   0.00    0.00     0.00    0.00    0.00    0.00   0.00
sda              0.00      0.00     0.00   0.00    0.00     0.00   11.00    176.00    33.00  75.00    2.91    16.00    0.00      0.00     0.00   0.00    0.00     0.00    0.00    0.00    0.03   4.00
sdb              0.00      0.00     0.00   0.00    0.00     0.00  859.00  28356.00   188.00  17.96   15.92    33.01    0.00      0.00     0.00   0.00    0.00     0.00    0.00    0.00   13.67  80.80


avg-cpu:  %user   %nice %system %iowait  %steal   %idle
           0.91    0.00    0.72    0.78    0.00   97.59

Device            r/s     rkB/s   rrqm/s  %rrqm r_await rareq-sz     w/s     wkB/s   wrqm/s  %wrqm w_await wareq-sz     d/s     dkB/s   drqm/s  %drqm d_await dareq-sz     f/s f_await  aqu-sz  %util
dm-0             0.00      0.00     0.00   0.00    0.00     0.00  573.00  14892.00     0.00   0.00   10.04    25.99    0.00      0.00     0.00   0.00    0.00     0.00    0.00    0.00    5.75  69.20
dm-1             0.00      0.00     0.00   0.00    0.00     0.00  578.00  14912.00     0.00   0.00   10.55    25.80    0.00      0.00     0.00   0.00    0.00     0.00    0.00    0.00    6.10  69.60
dm-2             0.00      0.00     0.00   0.00    0.00     0.00   88.00    380.00     0.00   0.00    3.05     4.32    0.00      0.00     0.00   0.00    0.00     0.00    0.00    0.00    0.27   9.60
loop0            0.00      0.00     0.00   0.00    0.00     0.00    0.00      0.00     0.00   0.00    0.00     0.00    0.00      0.00     0.00   0.00    0.00     0.00    0.00    0.00    0.00   0.00
loop1            0.00      0.00     0.00   0.00    0.00     0.00    0.00      0.00     0.00   0.00    0.00     0.00    0.00      0.00     0.00   0.00    0.00     0.00    0.00    0.00    0.00   0.00
loop2            0.00      0.00     0.00   0.00    0.00     0.00    0.00      0.00     0.00   0.00    0.00     0.00    0.00      0.00     0.00   0.00    0.00     0.00    0.00    0.00    0.00   0.00
loop3            0.00      0.00     0.00   0.00    0.00     0.00    0.00      0.00     0.00   0.00    0.00     0.00    0.00      0.00     0.00   0.00    0.00     0.00    0.00    0.00    0.00   0.00
loop4            0.00      0.00     0.00   0.00    0.00     0.00    0.00      0.00     0.00   0.00    0.00     0.00    0.00      0.00     0.00   0.00    0.00     0.00    0.00    0.00    0.00   0.00
loop5            0.00      0.00     0.00   0.00    0.00     0.00    0.00      0.00     0.00   0.00    0.00     0.00    0.00      0.00     0.00   0.00    0.00     0.00    0.00    0.00    0.00   0.00
loop6            0.00      0.00     0.00   0.00    0.00     0.00    0.00      0.00     0.00   0.00    0.00     0.00    0.00      0.00     0.00   0.00    0.00     0.00    0.00    0.00    0.00   0.00
loop7            0.00      0.00     0.00   0.00    0.00     0.00    0.00      0.00     0.00   0.00    0.00     0.00    0.00      0.00     0.00   0.00    0.00     0.00    0.00    0.00    0.00   0.00
sda              0.00      0.00     0.00   0.00    0.00     0.00   29.00    380.00    59.00  67.05    2.28    13.10    0.00      0.00     0.00   0.00    0.00     0.00    0.00    0.00    0.07   9.60
sdb              0.00      0.00     0.00   0.00    0.00     0.00  923.00  28716.00   211.00  18.61   11.22    31.11    0.00      0.00     0.00   0.00    0.00     0.00    0.00    0.00   10.36  71.60


avg-cpu:  %user   %nice %system %iowait  %steal   %idle
           0.75    0.00    0.61    0.28    0.00   98.35

Device            r/s     rkB/s   rrqm/s  %rrqm r_await rareq-sz     w/s     wkB/s   wrqm/s  %wrqm w_await wareq-sz     d/s     dkB/s   drqm/s  %drqm d_await dareq-sz     f/s f_await  aqu-sz  %util
dm-0             0.00      0.00     0.00   0.00    0.00     0.00  691.00  14884.00     0.00   0.00    3.80    21.54    0.00      0.00     0.00   0.00    0.00     0.00    0.00    0.00    2.62  61.60
dm-1             0.00      0.00     0.00   0.00    0.00     0.00  685.00  14860.00     0.00   0.00    3.85    21.69    0.00      0.00     0.00   0.00    0.00     0.00    0.00    0.00    2.64  62.00
dm-2             0.00      0.00     0.00   0.00    0.00     0.00   70.00    292.00     0.00   0.00    1.77     4.17    0.00      0.00     0.00   0.00    0.00     0.00    0.00    0.00    0.12   6.40
loop0            0.00      0.00     0.00   0.00    0.00     0.00    0.00      0.00     0.00   0.00    0.00     0.00    0.00      0.00     0.00   0.00    0.00     0.00    0.00    0.00    0.00   0.00
loop1            0.00      0.00     0.00   0.00    0.00     0.00    0.00      0.00     0.00   0.00    0.00     0.00    0.00      0.00     0.00   0.00    0.00     0.00    0.00    0.00    0.00   0.00
loop2            0.00      0.00     0.00   0.00    0.00     0.00    0.00      0.00     0.00   0.00    0.00     0.00    0.00      0.00     0.00   0.00    0.00     0.00    0.00    0.00    0.00   0.00
loop3            0.00      0.00     0.00   0.00    0.00     0.00    0.00      0.00     0.00   0.00    0.00     0.00    0.00      0.00     0.00   0.00    0.00     0.00    0.00    0.00    0.00   0.00
loop4            0.00      0.00     0.00   0.00    0.00     0.00    0.00      0.00     0.00   0.00    0.00     0.00    0.00      0.00     0.00   0.00    0.00     0.00    0.00    0.00    0.00   0.00
loop5            0.00      0.00     0.00   0.00    0.00     0.00    0.00      0.00     0.00   0.00    0.00     0.00    0.00      0.00     0.00   0.00    0.00     0.00    0.00    0.00    0.00   0.00
loop6            0.00      0.00     0.00   0.00    0.00     0.00    0.00      0.00     0.00   0.00    0.00     0.00    0.00      0.00     0.00   0.00    0.00     0.00    0.00    0.00    0.00   0.00
loop7            0.00      0.00     0.00   0.00    0.00     0.00    0.00      0.00     0.00   0.00    0.00     0.00    0.00      0.00     0.00   0.00    0.00     0.00    0.00    0.00    0.00   0.00
sda              0.00      0.00     0.00   0.00    0.00     0.00   23.00    292.00    47.00  67.14    1.65    12.70    0.00      0.00     0.00   0.00    0.00     0.00    0.00    0.00    0.04   6.40
sdb              0.00      0.00     0.00   0.00    0.00     0.00 1177.00  31280.00   223.00  15.93    4.21    26.58    0.00      0.00     0.00   0.00    0.00     0.00    0.00    0.00    4.96  62.80


avg-cpu:  %user   %nice %system %iowait  %steal   %idle
           0.74    0.00    0.60    0.61    0.00   98.05

Device            r/s     rkB/s   rrqm/s  %rrqm r_await rareq-sz     w/s     wkB/s   wrqm/s  %wrqm w_await wareq-sz     d/s     dkB/s   drqm/s  %drqm d_await dareq-sz     f/s f_await  aqu-sz  %util
dm-0             0.00      0.00     0.00   0.00    0.00     0.00  622.00  14908.00     0.00   0.00    4.48    23.97    0.00      0.00     0.00   0.00    0.00     0.00    0.00    0.00    2.78  64.00
dm-1             0.00      0.00     0.00   0.00    0.00     0.00  618.00  14892.00     0.00   0.00    4.39    24.10    0.00      0.00     0.00   0.00    0.00     0.00    0.00    0.00    2.72  63.60
dm-2             0.00      0.00     0.00   0.00    0.00     0.00   64.00    284.00     0.00   0.00    2.94     4.44    0.00      0.00     0.00   0.00    0.00     0.00    0.00    0.00    0.19   6.80
loop0            0.00      0.00     0.00   0.00    0.00     0.00    0.00      0.00     0.00   0.00    0.00     0.00    0.00      0.00     0.00   0.00    0.00     0.00    0.00    0.00    0.00   0.00
loop1            0.00      0.00     0.00   0.00    0.00     0.00    0.00      0.00     0.00   0.00    0.00     0.00    0.00      0.00     0.00   0.00    0.00     0.00    0.00    0.00    0.00   0.00
loop2            0.00      0.00     0.00   0.00    0.00     0.00    0.00      0.00     0.00   0.00    0.00     0.00    0.00      0.00     0.00   0.00    0.00     0.00    0.00    0.00    0.00   0.00
loop3            0.00      0.00     0.00   0.00    0.00     0.00    0.00      0.00     0.00   0.00    0.00     0.00    0.00      0.00     0.00   0.00    0.00     0.00    0.00    0.00    0.00   0.00
loop4            0.00      0.00     0.00   0.00    0.00     0.00    0.00      0.00     0.00   0.00    0.00     0.00    0.00      0.00     0.00   0.00    0.00     0.00    0.00    0.00    0.00   0.00
loop5            0.00      0.00     0.00   0.00    0.00     0.00    0.00      0.00     0.00   0.00    0.00     0.00    0.00      0.00     0.00   0.00    0.00     0.00    0.00    0.00    0.00   0.00
loop6            0.00      0.00     0.00   0.00    0.00     0.00    0.00      0.00     0.00   0.00    0.00     0.00    0.00      0.00     0.00   0.00    0.00     0.00    0.00    0.00    0.00   0.00
loop7            0.00      0.00     0.00   0.00    0.00     0.00    0.00      0.00     0.00   0.00    0.00     0.00    0.00      0.00     0.00   0.00    0.00     0.00    0.00    0.00    0.00   0.00
sda              0.00      0.00     0.00   0.00    0.00     0.00   22.00    284.00    42.00  65.62    2.41    12.91    0.00      0.00     0.00   0.00    0.00     0.00    0.00    0.00    0.05   6.80
sdb              0.00      0.00     0.00   0.00    0.00     0.00 1022.00  28856.00   204.00  16.64    4.98    28.23    0.00      0.00     0.00   0.00    0.00     0.00    0.00    0.00    5.09  65.60


avg-cpu:  %user   %nice %system %iowait  %steal   %idle
           0.63    0.00    0.56    1.36    0.00   97.45

Device            r/s     rkB/s   rrqm/s  %rrqm r_await rareq-sz     w/s     wkB/s   wrqm/s  %wrqm w_await wareq-sz     d/s     dkB/s   drqm/s  %drqm d_await dareq-sz     f/s f_await  aqu-sz  %util
dm-0             0.00      0.00     0.00   0.00    0.00     0.00  431.00  13004.00     0.00   0.00   36.44    30.17    0.00      0.00     0.00   0.00    0.00     0.00    0.00    0.00   15.70  85.20
dm-1             0.00      0.00     0.00   0.00    0.00     0.00  423.00  12972.00     0.00   0.00   36.57    30.67    0.00      0.00     0.00   0.00    0.00     0.00    0.00    0.00   15.47  85.60
dm-2             0.00      0.00     0.00   0.00    0.00     0.00  351.00   1688.00     0.00   0.00    3.40     4.81    0.00      0.00     0.00   0.00    0.00     0.00    0.00    0.00    1.19   8.40
loop0            0.00      0.00     0.00   0.00    0.00     0.00    0.00      0.00     0.00   0.00    0.00     0.00    0.00      0.00     0.00   0.00    0.00     0.00    0.00    0.00    0.00   0.00
loop1            0.00      0.00     0.00   0.00    0.00     0.00    0.00      0.00     0.00   0.00    0.00     0.00    0.00      0.00     0.00   0.00    0.00     0.00    0.00    0.00    0.00   0.00
loop2            0.00      0.00     0.00   0.00    0.00     0.00    0.00      0.00     0.00   0.00    0.00     0.00    0.00      0.00     0.00   0.00    0.00     0.00    0.00    0.00    0.00   0.00
loop3            0.00      0.00     0.00   0.00    0.00     0.00    0.00      0.00     0.00   0.00    0.00     0.00    0.00      0.00     0.00   0.00    0.00     0.00    0.00    0.00    0.00   0.00
loop4            0.00      0.00     0.00   0.00    0.00     0.00    0.00      0.00     0.00   0.00    0.00     0.00    0.00      0.00     0.00   0.00    0.00     0.00    0.00    0.00    0.00   0.00
loop5            0.00      0.00     0.00   0.00    0.00     0.00    0.00      0.00     0.00   0.00    0.00     0.00    0.00      0.00     0.00   0.00    0.00     0.00    0.00    0.00    0.00   0.00
loop6            0.00      0.00     0.00   0.00    0.00     0.00    0.00      0.00     0.00   0.00    0.00     0.00    0.00      0.00     0.00   0.00    0.00     0.00    0.00    0.00    0.00   0.00
loop7            0.00      0.00     0.00   0.00    0.00     0.00    0.00      0.00     0.00   0.00    0.00     0.00    0.00      0.00     0.00   0.00    0.00     0.00    0.00    0.00    0.00   0.00
sda              0.00      0.00     0.00   0.00    0.00     0.00  306.00   1688.00    45.00  12.82    4.22     5.52    0.00      0.00     0.00   0.00    0.00     0.00    0.00    0.00    1.29   8.40
sdb              0.00      0.00     0.00   0.00    0.00     0.00  673.00  26472.00   188.00  21.84   36.01    39.33    0.00      0.00     0.00   0.00    0.00     0.00    0.00    0.00   24.24  86.00


avg-cpu:  %user   %nice %system %iowait  %steal   %idle
           0.71    0.00    0.64    0.78    0.00   97.87

Device            r/s     rkB/s   rrqm/s  %rrqm r_await rareq-sz     w/s     wkB/s   wrqm/s  %wrqm w_await wareq-sz     d/s     dkB/s   drqm/s  %drqm d_await dareq-sz     f/s f_await  aqu-sz  %util
dm-0             0.00      0.00     0.00   0.00    0.00     0.00  556.00  14524.00     0.00   0.00   12.76    26.12    0.00      0.00     0.00   0.00    0.00     0.00    0.00    0.00    7.09  70.80
dm-1             0.00      0.00     0.00   0.00    0.00     0.00  561.00  14548.00     0.00   0.00   12.78    25.93    0.00      0.00     0.00   0.00    0.00     0.00    0.00    0.00    7.17  71.60
dm-2             0.00      0.00     0.00   0.00    0.00     0.00   52.00    224.00     0.00   0.00    0.15     4.31    0.00      0.00     0.00   0.00    0.00     0.00    0.00    0.00    0.01   2.80
loop0            0.00      0.00     0.00   0.00    0.00     0.00    0.00      0.00     0.00   0.00    0.00     0.00    0.00      0.00     0.00   0.00    0.00     0.00    0.00    0.00    0.00   0.00
loop1            0.00      0.00     0.00   0.00    0.00     0.00    0.00      0.00     0.00   0.00    0.00     0.00    0.00      0.00     0.00   0.00    0.00     0.00    0.00    0.00    0.00   0.00
loop2            0.00      0.00     0.00   0.00    0.00     0.00    0.00      0.00     0.00   0.00    0.00     0.00    0.00      0.00     0.00   0.00    0.00     0.00    0.00    0.00    0.00   0.00
loop3            0.00      0.00     0.00   0.00    0.00     0.00    0.00      0.00     0.00   0.00    0.00     0.00    0.00      0.00     0.00   0.00    0.00     0.00    0.00    0.00    0.00   0.00
loop4            0.00      0.00     0.00   0.00    0.00     0.00    0.00      0.00     0.00   0.00    0.00     0.00    0.00      0.00     0.00   0.00    0.00     0.00    0.00    0.00    0.00   0.00
loop5            0.00      0.00     0.00   0.00    0.00     0.00    0.00      0.00     0.00   0.00    0.00     0.00    0.00      0.00     0.00   0.00    0.00     0.00    0.00    0.00    0.00   0.00
loop6            0.00      0.00     0.00   0.00    0.00     0.00    0.00      0.00     0.00   0.00    0.00     0.00    0.00      0.00     0.00   0.00    0.00     0.00    0.00    0.00    0.00   0.00
loop7            0.00      0.00     0.00   0.00    0.00     0.00    0.00      0.00     0.00   0.00    0.00     0.00    0.00      0.00     0.00   0.00    0.00     0.00    0.00    0.00    0.00   0.00
sda              0.00      0.00     0.00   0.00    0.00     0.00   18.00    224.00    34.00  65.38    0.28    12.44    0.00      0.00     0.00   0.00    0.00     0.00    0.00    0.00    0.01   2.80
sdb              0.00      0.00     0.00   0.00    0.00     0.00  897.00  28752.00   215.00  19.33   13.50    32.05    0.00      0.00     0.00   0.00    0.00     0.00    0.00    0.00   12.11  72.40


avg-cpu:  %user   %nice %system %iowait  %steal   %idle
           0.63    0.00    0.58    0.57    0.00   98.22

Device            r/s     rkB/s   rrqm/s  %rrqm r_await rareq-sz     w/s     wkB/s   wrqm/s  %wrqm w_await wareq-sz     d/s     dkB/s   drqm/s  %drqm d_await dareq-sz     f/s f_await  aqu-sz  %util
dm-0             0.00      0.00     0.00   0.00    0.00     0.00  641.00  15164.00     0.00   0.00    5.24    23.66    0.00      0.00     0.00   0.00    0.00     0.00    0.00    0.00    3.36  68.40
dm-1             0.00      0.00     0.00   0.00    0.00     0.00  646.00  15184.00     0.00   0.00    4.79    23.50    0.00      0.00     0.00   0.00    0.00     0.00    0.00    0.00    3.09  68.00
dm-2             0.00      0.00     0.00   0.00    0.00     0.00   74.00    296.00     0.00   0.00    0.00     4.00    0.00      0.00     0.00   0.00    0.00     0.00    0.00    0.00    0.00   1.20
loop0            0.00      0.00     0.00   0.00    0.00     0.00    0.00      0.00     0.00   0.00    0.00     0.00    0.00      0.00     0.00   0.00    0.00     0.00    0.00    0.00    0.00   0.00
loop1            0.00      0.00     0.00   0.00    0.00     0.00    0.00      0.00     0.00   0.00    0.00     0.00    0.00      0.00     0.00   0.00    0.00     0.00    0.00    0.00    0.00   0.00
loop2            0.00      0.00     0.00   0.00    0.00     0.00    0.00      0.00     0.00   0.00    0.00     0.00    0.00      0.00     0.00   0.00    0.00     0.00    0.00    0.00    0.00   0.00
loop3            0.00      0.00     0.00   0.00    0.00     0.00    0.00      0.00     0.00   0.00    0.00     0.00    0.00      0.00     0.00   0.00    0.00     0.00    0.00    0.00    0.00   0.00
loop4            0.00      0.00     0.00   0.00    0.00     0.00    0.00      0.00     0.00   0.00    0.00     0.00    0.00      0.00     0.00   0.00    0.00     0.00    0.00    0.00    0.00   0.00
loop5            0.00      0.00     0.00   0.00    0.00     0.00    0.00      0.00     0.00   0.00    0.00     0.00    0.00      0.00     0.00   0.00    0.00     0.00    0.00    0.00    0.00   0.00
loop6            0.00      0.00     0.00   0.00    0.00     0.00    0.00      0.00     0.00   0.00    0.00     0.00    0.00      0.00     0.00   0.00    0.00     0.00    0.00    0.00    0.00   0.00
loop7            0.00      0.00     0.00   0.00    0.00     0.00    0.00      0.00     0.00   0.00    0.00     0.00    0.00      0.00     0.00   0.00    0.00     0.00    0.00    0.00    0.00   0.00
sda              0.00      0.00     0.00   0.00    0.00     0.00   39.00    296.00    35.00  47.30    1.36     7.59    0.00      0.00     0.00   0.00    0.00     0.00    0.00    0.00    0.05   1.20
sdb              0.00      0.00     0.00   0.00    0.00     0.00 1068.00  30392.00   220.00  17.08    4.99    28.46    0.00      0.00     0.00   0.00    0.00     0.00    0.00    0.00    5.33  68.80


avg-cpu:  %user   %nice %system %iowait  %steal   %idle
           0.77    0.00    0.49    1.11    0.00   97.63

Device            r/s     rkB/s   rrqm/s  %rrqm r_await rareq-sz     w/s     wkB/s   wrqm/s  %wrqm w_await wareq-sz     d/s     dkB/s   drqm/s  %drqm d_await dareq-sz     f/s f_await  aqu-sz  %util
dm-0             0.00      0.00     0.00   0.00    0.00     0.00  447.00  14508.00     0.00   0.00   27.70    32.46    0.00      0.00     0.00   0.00    0.00     0.00    0.00    0.00   12.38  86.00
dm-1             0.00      0.00     0.00   0.00    0.00     0.00  433.00  14452.00     0.00   0.00   29.19    33.38    0.00      0.00     0.00   0.00    0.00     0.00    0.00    0.00   12.64  86.80
dm-2             0.00      0.00     0.00   0.00    0.00     0.00   60.00    256.00     0.00   0.00    0.67     4.27    0.00      0.00     0.00   0.00    0.00     0.00    0.00    0.00    0.04   3.60
loop0            0.00      0.00     0.00   0.00    0.00     0.00    0.00      0.00     0.00   0.00    0.00     0.00    0.00      0.00     0.00   0.00    0.00     0.00    0.00    0.00    0.00   0.00
loop1            0.00      0.00     0.00   0.00    0.00     0.00    0.00      0.00     0.00   0.00    0.00     0.00    0.00      0.00     0.00   0.00    0.00     0.00    0.00    0.00    0.00   0.00
loop2            0.00      0.00     0.00   0.00    0.00     0.00    0.00      0.00     0.00   0.00    0.00     0.00    0.00      0.00     0.00   0.00    0.00     0.00    0.00    0.00    0.00   0.00
loop3            0.00      0.00     0.00   0.00    0.00     0.00    0.00      0.00     0.00   0.00    0.00     0.00    0.00      0.00     0.00   0.00    0.00     0.00    0.00    0.00    0.00   0.00
loop4            0.00      0.00     0.00   0.00    0.00     0.00    0.00      0.00     0.00   0.00    0.00     0.00    0.00      0.00     0.00   0.00    0.00     0.00    0.00    0.00    0.00   0.00
loop5            0.00      0.00     0.00   0.00    0.00     0.00    0.00      0.00     0.00   0.00    0.00     0.00    0.00      0.00     0.00   0.00    0.00     0.00    0.00    0.00    0.00   0.00
loop6            0.00      0.00     0.00   0.00    0.00     0.00    0.00      0.00     0.00   0.00    0.00     0.00    0.00      0.00     0.00   0.00    0.00     0.00    0.00    0.00    0.00   0.00
loop7            0.00      0.00     0.00   0.00    0.00     0.00    0.00      0.00     0.00   0.00    0.00     0.00    0.00      0.00     0.00   0.00    0.00     0.00    0.00    0.00    0.00   0.00
sda              0.00      0.00     0.00   0.00    0.00     0.00   17.00    256.00    43.00  71.67    1.35    15.06    0.00      0.00     0.00   0.00    0.00     0.00    0.00    0.00    0.02   3.60
sdb              0.00      0.00     0.00   0.00    0.00     0.00  640.00  26164.00   197.00  23.54   35.02    40.88    0.00      0.00     0.00   0.00    0.00     0.00    0.00    0.00   22.42  86.80


avg-cpu:  %user   %nice %system %iowait  %steal   %idle
           0.55    0.00    0.49    1.16    0.00   97.80

Device            r/s     rkB/s   rrqm/s  %rrqm r_await rareq-sz     w/s     wkB/s   wrqm/s  %wrqm w_await wareq-sz     d/s     dkB/s   drqm/s  %drqm d_await dareq-sz     f/s f_await  aqu-sz  %util
dm-0             0.00      0.00     0.00   0.00    0.00     0.00  480.00  12420.00     0.00   0.00   27.27    25.88    0.00      0.00     0.00   0.00    0.00     0.00    0.00    0.00   13.09  84.40
dm-1             0.00      0.00     0.00   0.00    0.00     0.00  480.00  12420.00     0.00   0.00   26.88    25.88    0.00      0.00     0.00   0.00    0.00     0.00    0.00    0.00   12.90  84.00
dm-2             0.00      0.00     0.00   0.00    0.00     0.00   48.00    204.00     0.00   0.00    0.33     4.25    0.00      0.00     0.00   0.00    0.00     0.00    0.00    0.00    0.02   2.00
loop0            0.00      0.00     0.00   0.00    0.00     0.00    0.00      0.00     0.00   0.00    0.00     0.00    0.00      0.00     0.00   0.00    0.00     0.00    0.00    0.00    0.00   0.00
loop1            0.00      0.00     0.00   0.00    0.00     0.00    0.00      0.00     0.00   0.00    0.00     0.00    0.00      0.00     0.00   0.00    0.00     0.00    0.00    0.00    0.00   0.00
loop2            0.00      0.00     0.00   0.00    0.00     0.00    0.00      0.00     0.00   0.00    0.00     0.00    0.00      0.00     0.00   0.00    0.00     0.00    0.00    0.00    0.00   0.00
loop3            0.00      0.00     0.00   0.00    0.00     0.00    0.00      0.00     0.00   0.00    0.00     0.00    0.00      0.00     0.00   0.00    0.00     0.00    0.00    0.00    0.00   0.00
loop4            0.00      0.00     0.00   0.00    0.00     0.00    0.00      0.00     0.00   0.00    0.00     0.00    0.00      0.00     0.00   0.00    0.00     0.00    0.00    0.00    0.00   0.00
loop5            0.00      0.00     0.00   0.00    0.00     0.00    0.00      0.00     0.00   0.00    0.00     0.00    0.00      0.00     0.00   0.00    0.00     0.00    0.00    0.00    0.00   0.00
loop6            0.00      0.00     0.00   0.00    0.00     0.00    0.00      0.00     0.00   0.00    0.00     0.00    0.00      0.00     0.00   0.00    0.00     0.00    0.00    0.00    0.00   0.00
loop7            0.00      0.00     0.00   0.00    0.00     0.00    0.00      0.00     0.00   0.00    0.00     0.00    0.00      0.00     0.00   0.00    0.00     0.00    0.00    0.00    0.00   0.00
sda              0.00      0.00     0.00   0.00    0.00     0.00   13.00    204.00    35.00  72.92    0.85    15.69    0.00      0.00     0.00   0.00    0.00     0.00    0.00    0.00    0.01   2.00
sdb              0.00      0.00     0.00   0.00    0.00     0.00  811.00  28552.00   206.00  20.26   26.41    35.21    0.00      0.00     0.00   0.00    0.00     0.00    0.00    0.00   21.42  84.80


avg-cpu:  %user   %nice %system %iowait  %steal   %idle
           0.83    0.00    0.58    0.63    0.00   97.96

Device            r/s     rkB/s   rrqm/s  %rrqm r_await rareq-sz     w/s     wkB/s   wrqm/s  %wrqm w_await wareq-sz     d/s     dkB/s   drqm/s  %drqm d_await dareq-sz     f/s f_await  aqu-sz  %util
dm-0             0.00      0.00     0.00   0.00    0.00     0.00  587.00  14772.00     0.00   0.00    9.77    25.17    0.00      0.00     0.00   0.00    0.00     0.00    0.00    0.00    5.74  71.20
dm-1             0.00      0.00     0.00   0.00    0.00     0.00  585.00  14760.00     0.00   0.00   10.01    25.23    0.00      0.00     0.00   0.00    0.00     0.00    0.00    0.00    5.86  71.60
dm-2             0.00      0.00     0.00   0.00    0.00     0.00  351.00   1604.00     0.00   0.00    1.06     4.57    0.00      0.00     0.00   0.00    0.00     0.00    0.00    0.00    0.37   3.60
loop0            0.00      0.00     0.00   0.00    0.00     0.00    0.00      0.00     0.00   0.00    0.00     0.00    0.00      0.00     0.00   0.00    0.00     0.00    0.00    0.00    0.00   0.00
loop1            0.00      0.00     0.00   0.00    0.00     0.00    0.00      0.00     0.00   0.00    0.00     0.00    0.00      0.00     0.00   0.00    0.00     0.00    0.00    0.00    0.00   0.00
loop2            0.00      0.00     0.00   0.00    0.00     0.00    0.00      0.00     0.00   0.00    0.00     0.00    0.00      0.00     0.00   0.00    0.00     0.00    0.00    0.00    0.00   0.00
loop3            0.00      0.00     0.00   0.00    0.00     0.00    0.00      0.00     0.00   0.00    0.00     0.00    0.00      0.00     0.00   0.00    0.00     0.00    0.00    0.00    0.00   0.00
loop4            0.00      0.00     0.00   0.00    0.00     0.00    0.00      0.00     0.00   0.00    0.00     0.00    0.00      0.00     0.00   0.00    0.00     0.00    0.00    0.00    0.00   0.00
loop5            0.00      0.00     0.00   0.00    0.00     0.00    0.00      0.00     0.00   0.00    0.00     0.00    0.00      0.00     0.00   0.00    0.00     0.00    0.00    0.00    0.00   0.00
loop6            0.00      0.00     0.00   0.00    0.00     0.00    0.00      0.00     0.00   0.00    0.00     0.00    0.00      0.00     0.00   0.00    0.00     0.00    0.00    0.00    0.00   0.00
loop7            0.00      0.00     0.00   0.00    0.00     0.00    0.00      0.00     0.00   0.00    0.00     0.00    0.00      0.00     0.00   0.00    0.00     0.00    0.00    0.00    0.00   0.00
sda              0.00      0.00     0.00   0.00    0.00     0.00  292.00   1604.00    59.00  16.81    1.43     5.49    0.00      0.00     0.00   0.00    0.00     0.00    0.00    0.00    0.42   3.60
sdb              0.00      0.00     0.00   0.00    0.00     0.00  971.00  30168.00   211.00  17.85   10.21    31.07    0.00      0.00     0.00   0.00    0.00     0.00    0.00    0.00    9.91  72.40


avg-cpu:  %user   %nice %system %iowait  %steal   %idle
           0.53    0.00    0.52    0.77    0.00   98.18

Device            r/s     rkB/s   rrqm/s  %rrqm r_await rareq-sz     w/s     wkB/s   wrqm/s  %wrqm w_await wareq-sz     d/s     dkB/s   drqm/s  %drqm d_await dareq-sz     f/s f_await  aqu-sz  %util
dm-0             0.00      0.00     0.00   0.00    0.00     0.00  444.00  12576.00     0.00   0.00   15.96    28.32    0.00      0.00     0.00   0.00    0.00     0.00    0.00    0.00    7.09  68.40
dm-1             0.00      0.00     0.00   0.00    0.00     0.00  446.00  12464.00     0.00   0.00   16.19    27.95    0.00      0.00     0.00   0.00    0.00     0.00    0.00    0.00    7.22  68.00
dm-2             0.00      0.00     0.00   0.00    0.00     0.00   39.00    156.00     0.00   0.00    0.00     4.00    0.00      0.00     0.00   0.00    0.00     0.00    0.00    0.00    0.00   0.80
loop0            0.00      0.00     0.00   0.00    0.00     0.00    0.00      0.00     0.00   0.00    0.00     0.00    0.00      0.00     0.00   0.00    0.00     0.00    0.00    0.00    0.00   0.00
loop1            0.00      0.00     0.00   0.00    0.00     0.00    0.00      0.00     0.00   0.00    0.00     0.00    0.00      0.00     0.00   0.00    0.00     0.00    0.00    0.00    0.00   0.00
loop2            0.00      0.00     0.00   0.00    0.00     0.00    0.00      0.00     0.00   0.00    0.00     0.00    0.00      0.00     0.00   0.00    0.00     0.00    0.00    0.00    0.00   0.00
loop3            0.00      0.00     0.00   0.00    0.00     0.00    0.00      0.00     0.00   0.00    0.00     0.00    0.00      0.00     0.00   0.00    0.00     0.00    0.00    0.00    0.00   0.00
loop4            0.00      0.00     0.00   0.00    0.00     0.00    0.00      0.00     0.00   0.00    0.00     0.00    0.00      0.00     0.00   0.00    0.00     0.00    0.00    0.00    0.00   0.00
loop5            0.00      0.00     0.00   0.00    0.00     0.00    0.00      0.00     0.00   0.00    0.00     0.00    0.00      0.00     0.00   0.00    0.00     0.00    0.00    0.00    0.00   0.00
loop6            0.00      0.00     0.00   0.00    0.00     0.00    0.00      0.00     0.00   0.00    0.00     0.00    0.00      0.00     0.00   0.00    0.00     0.00    0.00    0.00    0.00   0.00
loop7            0.00      0.00     0.00   0.00    0.00     0.00    0.00      0.00     0.00   0.00    0.00     0.00    0.00      0.00     0.00   0.00    0.00     0.00    0.00    0.00    0.00   0.00
sda              0.00      0.00     0.00   0.00    0.00     0.00   11.00    156.00    28.00  71.79    0.00    14.18    0.00      0.00     0.00   0.00    0.00     0.00    0.00    0.00    0.00   0.80
sdb              0.00      0.00     0.00   0.00    0.00     0.00  725.00  25052.00   167.00  18.72   17.58    34.55    0.00      0.00     0.00   0.00    0.00     0.00    0.00    0.00   12.75  70.00


avg-cpu:  %user   %nice %system %iowait  %steal   %idle
           0.66    0.00    0.58    1.21    0.00   97.55

Device            r/s     rkB/s   rrqm/s  %rrqm r_await rareq-sz     w/s     wkB/s   wrqm/s  %wrqm w_await wareq-sz     d/s     dkB/s   drqm/s  %drqm d_await dareq-sz     f/s f_await  aqu-sz  %util
dm-0             0.00      0.00     0.00   0.00    0.00     0.00  619.00  16936.00     0.00   0.00   26.14    27.36    0.00      0.00     0.00   0.00    0.00     0.00    0.00    0.00   16.18  93.60
dm-1             0.00      0.00     0.00   0.00    0.00     0.00  611.00  16904.00     0.00   0.00   24.03    27.67    0.00      0.00     0.00   0.00    0.00     0.00    0.00    0.00   14.68  93.60
dm-2             0.00      0.00     0.00   0.00    0.00     0.00   70.00    296.00     0.00   0.00    2.91     4.23    0.00      0.00     0.00   0.00    0.00     0.00    0.00    0.00    0.20   5.20
loop0            0.00      0.00     0.00   0.00    0.00     0.00    0.00      0.00     0.00   0.00    0.00     0.00    0.00      0.00     0.00   0.00    0.00     0.00    0.00    0.00    0.00   0.00
loop1            0.00      0.00     0.00   0.00    0.00     0.00    0.00      0.00     0.00   0.00    0.00     0.00    0.00      0.00     0.00   0.00    0.00     0.00    0.00    0.00    0.00   0.00
loop2            0.00      0.00     0.00   0.00    0.00     0.00    0.00      0.00     0.00   0.00    0.00     0.00    0.00      0.00     0.00   0.00    0.00     0.00    0.00    0.00    0.00   0.00
loop3            0.00      0.00     0.00   0.00    0.00     0.00    0.00      0.00     0.00   0.00    0.00     0.00    0.00      0.00     0.00   0.00    0.00     0.00    0.00    0.00    0.00   0.00
loop4            0.00      0.00     0.00   0.00    0.00     0.00    0.00      0.00     0.00   0.00    0.00     0.00    0.00      0.00     0.00   0.00    0.00     0.00    0.00    0.00    0.00   0.00
loop5            0.00      0.00     0.00   0.00    0.00     0.00    0.00      0.00     0.00   0.00    0.00     0.00    0.00      0.00     0.00   0.00    0.00     0.00    0.00    0.00    0.00   0.00
loop6            0.00      0.00     0.00   0.00    0.00     0.00    0.00      0.00     0.00   0.00    0.00     0.00    0.00      0.00     0.00   0.00    0.00     0.00    0.00    0.00    0.00   0.00
loop7            0.00      0.00     0.00   0.00    0.00     0.00    0.00      0.00     0.00   0.00    0.00     0.00    0.00      0.00     0.00   0.00    0.00     0.00    0.00    0.00    0.00   0.00
sda              0.00      0.00     0.00   0.00    0.00     0.00   29.00    296.00    41.00  58.57    4.21    10.21    0.00      0.00     0.00   0.00    0.00     0.00    0.00    0.00    0.12   5.20
sdb              0.00      0.00     0.00   0.00    0.00     0.00  952.00  31444.00   239.00  20.07   27.73    33.03    0.00      0.00     0.00   0.00    0.00     0.00    0.00    0.00   26.40  94.80


avg-cpu:  %user   %nice %system %iowait  %steal   %idle
           0.63    0.00    0.50    1.24    0.00   97.63

Device            r/s     rkB/s   rrqm/s  %rrqm r_await rareq-sz     w/s     wkB/s   wrqm/s  %wrqm w_await wareq-sz     d/s     dkB/s   drqm/s  %drqm d_await dareq-sz     f/s f_await  aqu-sz  %util
dm-0             0.00      0.00     0.00   0.00    0.00     0.00  457.00  14248.00     0.00   0.00   30.65    31.18    0.00      0.00     0.00   0.00    0.00     0.00    0.00    0.00   14.01  88.40
dm-1             0.00      0.00     0.00   0.00    0.00     0.00  433.00  14152.00     0.00   0.00   34.24    32.68    0.00      0.00     0.00   0.00    0.00     0.00    0.00    0.00   14.82  88.40
dm-2             0.00      0.00     0.00   0.00    0.00     0.00    8.00     32.00     0.00   0.00    1.00     4.00    0.00      0.00     0.00   0.00    0.00     0.00    0.00    0.00    0.01   1.20
loop0            0.00      0.00     0.00   0.00    0.00     0.00    0.00      0.00     0.00   0.00    0.00     0.00    0.00      0.00     0.00   0.00    0.00     0.00    0.00    0.00    0.00   0.00
loop1            0.00      0.00     0.00   0.00    0.00     0.00    0.00      0.00     0.00   0.00    0.00     0.00    0.00      0.00     0.00   0.00    0.00     0.00    0.00    0.00    0.00   0.00
loop2            0.00      0.00     0.00   0.00    0.00     0.00    0.00      0.00     0.00   0.00    0.00     0.00    0.00      0.00     0.00   0.00    0.00     0.00    0.00    0.00    0.00   0.00
loop3            0.00      0.00     0.00   0.00    0.00     0.00    0.00      0.00     0.00   0.00    0.00     0.00    0.00      0.00     0.00   0.00    0.00     0.00    0.00    0.00    0.00   0.00
loop4            0.00      0.00     0.00   0.00    0.00     0.00    0.00      0.00     0.00   0.00    0.00     0.00    0.00      0.00     0.00   0.00    0.00     0.00    0.00    0.00    0.00   0.00
loop5            0.00      0.00     0.00   0.00    0.00     0.00    0.00      0.00     0.00   0.00    0.00     0.00    0.00      0.00     0.00   0.00    0.00     0.00    0.00    0.00    0.00   0.00
loop6            0.00      0.00     0.00   0.00    0.00     0.00    0.00      0.00     0.00   0.00    0.00     0.00    0.00      0.00     0.00   0.00    0.00     0.00    0.00    0.00    0.00   0.00
loop7            0.00      0.00     0.00   0.00    0.00     0.00    0.00      0.00     0.00   0.00    0.00     0.00    0.00      0.00     0.00   0.00    0.00     0.00    0.00    0.00    0.00   0.00
sda              0.00      0.00     0.00   0.00    0.00     0.00    3.00     32.00     5.00  62.50    2.33    10.67    0.00      0.00     0.00   0.00    0.00     0.00    0.00    0.00    0.01   1.20
sdb              0.00      0.00     0.00   0.00    0.00     0.00  683.00  27736.00   197.00  22.39   33.58    40.61    0.00      0.00     0.00   0.00    0.00     0.00    0.00    0.00   22.93  89.60


avg-cpu:  %user   %nice %system %iowait  %steal   %idle
           0.66    0.00    0.47    1.35    0.00   97.52

Device            r/s     rkB/s   rrqm/s  %rrqm r_await rareq-sz     w/s     wkB/s   wrqm/s  %wrqm w_await wareq-sz     d/s     dkB/s   drqm/s  %drqm d_await dareq-sz     f/s f_await  aqu-sz  %util
dm-0             0.00      0.00     0.00   0.00    0.00     0.00  426.00  15144.00     0.00   0.00   45.03    35.55    0.00      0.00     0.00   0.00    0.00     0.00    0.00    0.00   19.18  94.80
dm-1             0.00      0.00     0.00   0.00    0.00     0.00  426.00  15144.00     0.00   0.00   42.97    35.55    0.00      0.00     0.00   0.00    0.00     0.00    0.00    0.00   18.30  94.00
dm-2             0.00      0.00     0.00   0.00    0.00     0.00   37.00    156.00     0.00   0.00    1.62     4.22    0.00      0.00     0.00   0.00    0.00     0.00    0.00    0.00    0.06   3.20
loop0            0.00      0.00     0.00   0.00    0.00     0.00    0.00      0.00     0.00   0.00    0.00     0.00    0.00      0.00     0.00   0.00    0.00     0.00    0.00    0.00    0.00   0.00
loop1            0.00      0.00     0.00   0.00    0.00     0.00    0.00      0.00     0.00   0.00    0.00     0.00    0.00      0.00     0.00   0.00    0.00     0.00    0.00    0.00    0.00   0.00
loop2            0.00      0.00     0.00   0.00    0.00     0.00    0.00      0.00     0.00   0.00    0.00     0.00    0.00      0.00     0.00   0.00    0.00     0.00    0.00    0.00    0.00   0.00
loop3            0.00      0.00     0.00   0.00    0.00     0.00    0.00      0.00     0.00   0.00    0.00     0.00    0.00      0.00     0.00   0.00    0.00     0.00    0.00    0.00    0.00   0.00
loop4            0.00      0.00     0.00   0.00    0.00     0.00    0.00      0.00     0.00   0.00    0.00     0.00    0.00      0.00     0.00   0.00    0.00     0.00    0.00    0.00    0.00   0.00
loop5            0.00      0.00     0.00   0.00    0.00     0.00    0.00      0.00     0.00   0.00    0.00     0.00    0.00      0.00     0.00   0.00    0.00     0.00    0.00    0.00    0.00   0.00
loop6            0.00      0.00     0.00   0.00    0.00     0.00    0.00      0.00     0.00   0.00    0.00     0.00    0.00      0.00     0.00   0.00    0.00     0.00    0.00    0.00    0.00   0.00
loop7            0.00      0.00     0.00   0.00    0.00     0.00    0.00      0.00     0.00   0.00    0.00     0.00    0.00      0.00     0.00   0.00    0.00     0.00    0.00    0.00    0.00   0.00
sda              0.00      0.00     0.00   0.00    0.00     0.00   10.00    156.00    27.00  72.97    2.50    15.60    0.00      0.00     0.00   0.00    0.00     0.00    0.00    0.00    0.03   3.20
sdb              0.00      0.00     0.00   0.00    0.00     0.00  624.00  29116.00   209.00  25.09   47.93    46.66    0.00      0.00     0.00   0.00    0.00     0.00    0.00    0.00   29.91  95.20


avg-cpu:  %user   %nice %system %iowait  %steal   %idle
           0.63    0.00    0.49    1.59    0.00   97.30

Device            r/s     rkB/s   rrqm/s  %rrqm r_await rareq-sz     w/s     wkB/s   wrqm/s  %wrqm w_await wareq-sz     d/s     dkB/s   drqm/s  %drqm d_await dareq-sz     f/s f_await  aqu-sz  %util
dm-0             0.00      0.00     0.00   0.00    0.00     0.00  493.00  12952.00     0.00   0.00   40.87    26.27    0.00      0.00     0.00   0.00    0.00     0.00    0.00    0.00   20.15  90.40
dm-1             0.00      0.00     0.00   0.00    0.00     0.00  487.00  12928.00     0.00   0.00   41.70    26.55    0.00      0.00     0.00   0.00    0.00     0.00    0.00    0.00   20.31  90.80
dm-2             0.00      0.00     0.00   0.00    0.00     0.00   78.00    336.00     0.00   0.00    4.82     4.31    0.00      0.00     0.00   0.00    0.00     0.00    0.00    0.00    0.38  12.40
loop0            0.00      0.00     0.00   0.00    0.00     0.00    0.00      0.00     0.00   0.00    0.00     0.00    0.00      0.00     0.00   0.00    0.00     0.00    0.00    0.00    0.00   0.00
loop1            0.00      0.00     0.00   0.00    0.00     0.00    0.00      0.00     0.00   0.00    0.00     0.00    0.00      0.00     0.00   0.00    0.00     0.00    0.00    0.00    0.00   0.00
loop2            0.00      0.00     0.00   0.00    0.00     0.00    0.00      0.00     0.00   0.00    0.00     0.00    0.00      0.00     0.00   0.00    0.00     0.00    0.00    0.00    0.00   0.00
loop3            0.00      0.00     0.00   0.00    0.00     0.00    0.00      0.00     0.00   0.00    0.00     0.00    0.00      0.00     0.00   0.00    0.00     0.00    0.00    0.00    0.00   0.00
loop4            0.00      0.00     0.00   0.00    0.00     0.00    0.00      0.00     0.00   0.00    0.00     0.00    0.00      0.00     0.00   0.00    0.00     0.00    0.00    0.00    0.00   0.00
loop5            0.00      0.00     0.00   0.00    0.00     0.00    0.00      0.00     0.00   0.00    0.00     0.00    0.00      0.00     0.00   0.00    0.00     0.00    0.00    0.00    0.00   0.00
loop6            0.00      0.00     0.00   0.00    0.00     0.00    0.00      0.00     0.00   0.00    0.00     0.00    0.00      0.00     0.00   0.00    0.00     0.00    0.00    0.00    0.00   0.00
loop7            0.00      0.00     0.00   0.00    0.00     0.00    0.00      0.00     0.00   0.00    0.00     0.00    0.00      0.00     0.00   0.00    0.00     0.00    0.00    0.00    0.00   0.00
sda              0.00      0.00     0.00   0.00    0.00     0.00   23.00    336.00    55.00  70.51    9.83    14.61    0.00      0.00     0.00   0.00    0.00     0.00    0.00    0.00    0.23  12.40
sdb              0.00      0.00     0.00   0.00    0.00     0.00  797.00  27480.00   208.00  20.70   40.06    34.48    0.00      0.00     0.00   0.00    0.00     0.00    0.00    0.00   31.93  90.80


avg-cpu:  %user   %nice %system %iowait  %steal   %idle
           0.63    0.00    0.50    1.44    0.00   97.43

Device            r/s     rkB/s   rrqm/s  %rrqm r_await rareq-sz     w/s     wkB/s   wrqm/s  %wrqm w_await wareq-sz     d/s     dkB/s   drqm/s  %drqm d_await dareq-sz     f/s f_await  aqu-sz  %util
dm-0             0.00      0.00     0.00   0.00    0.00     0.00  387.00  13968.00     0.00   0.00   56.75    36.09    0.00      0.00     0.00   0.00    0.00     0.00    0.00    0.00   21.96  98.00
dm-1             0.00      0.00     0.00   0.00    0.00     0.00  389.00  13980.00     0.00   0.00   57.98    35.94    0.00      0.00     0.00   0.00    0.00     0.00    0.00    0.00   22.56  98.40
dm-2             0.00      0.00     0.00   0.00    0.00     0.00  221.00    964.00     0.00   0.00    2.59     4.36    0.00      0.00     0.00   0.00    0.00     0.00    0.00    0.00    0.57   4.80
loop0            0.00      0.00     0.00   0.00    0.00     0.00    0.00      0.00     0.00   0.00    0.00     0.00    0.00      0.00     0.00   0.00    0.00     0.00    0.00    0.00    0.00   0.00
loop1            0.00      0.00     0.00   0.00    0.00     0.00    0.00      0.00     0.00   0.00    0.00     0.00    0.00      0.00     0.00   0.00    0.00     0.00    0.00    0.00    0.00   0.00
loop2            0.00      0.00     0.00   0.00    0.00     0.00    0.00      0.00     0.00   0.00    0.00     0.00    0.00      0.00     0.00   0.00    0.00     0.00    0.00    0.00    0.00   0.00
loop3            0.00      0.00     0.00   0.00    0.00     0.00    0.00      0.00     0.00   0.00    0.00     0.00    0.00      0.00     0.00   0.00    0.00     0.00    0.00    0.00    0.00   0.00
loop4            0.00      0.00     0.00   0.00    0.00     0.00    0.00      0.00     0.00   0.00    0.00     0.00    0.00      0.00     0.00   0.00    0.00     0.00    0.00    0.00    0.00   0.00
loop5            0.00      0.00     0.00   0.00    0.00     0.00    0.00      0.00     0.00   0.00    0.00     0.00    0.00      0.00     0.00   0.00    0.00     0.00    0.00    0.00    0.00   0.00
loop6            0.00      0.00     0.00   0.00    0.00     0.00    0.00      0.00     0.00   0.00    0.00     0.00    0.00      0.00     0.00   0.00    0.00     0.00    0.00    0.00    0.00   0.00
loop7            0.00      0.00     0.00   0.00    0.00     0.00    0.00      0.00     0.00   0.00    0.00     0.00    0.00      0.00     0.00   0.00    0.00     0.00    0.00    0.00    0.00   0.00
sda              0.00      0.00     0.00   0.00    0.00     0.00  188.00    964.00    33.00  14.93    3.12     5.13    0.00      0.00     0.00   0.00    0.00     0.00    0.00    0.00    0.59   4.80
sdb              0.00      0.00     0.00   0.00    0.00     0.00  544.00  26156.00   204.00  27.27   69.78    48.08    0.00      0.00     0.00   0.00    0.00     0.00    0.00    0.00   37.96  98.40


avg-cpu:  %user   %nice %system %iowait  %steal   %idle
           0.63    0.00    0.50    1.18    0.00   97.69

Device            r/s     rkB/s   rrqm/s  %rrqm r_await rareq-sz     w/s     wkB/s   wrqm/s  %wrqm w_await wareq-sz     d/s     dkB/s   drqm/s  %drqm d_await dareq-sz     f/s f_await  aqu-sz  %util
dm-0             0.00      0.00     0.00   0.00    0.00     0.00  417.00  12408.00     0.00   0.00   46.36    29.76    0.00      0.00     0.00   0.00    0.00     0.00    0.00    0.00   19.33  93.20
dm-1             0.00      0.00     0.00   0.00    0.00     0.00  415.00  12400.00     0.00   0.00   46.18    29.88    0.00      0.00     0.00   0.00    0.00     0.00    0.00    0.00   19.16  94.00
dm-2             0.00      0.00     0.00   0.00    0.00     0.00   62.00    264.00     0.00   0.00    1.55     4.26    0.00      0.00     0.00   0.00    0.00     0.00    0.00    0.00    0.10   3.60
loop0            0.00      0.00     0.00   0.00    0.00     0.00    0.00      0.00     0.00   0.00    0.00     0.00    0.00      0.00     0.00   0.00    0.00     0.00    0.00    0.00    0.00   0.00
loop1            0.00      0.00     0.00   0.00    0.00     0.00    0.00      0.00     0.00   0.00    0.00     0.00    0.00      0.00     0.00   0.00    0.00     0.00    0.00    0.00    0.00   0.00
loop2            0.00      0.00     0.00   0.00    0.00     0.00    0.00      0.00     0.00   0.00    0.00     0.00    0.00      0.00     0.00   0.00    0.00     0.00    0.00    0.00    0.00   0.00
loop3            0.00      0.00     0.00   0.00    0.00     0.00    0.00      0.00     0.00   0.00    0.00     0.00    0.00      0.00     0.00   0.00    0.00     0.00    0.00    0.00    0.00   0.00
loop4            0.00      0.00     0.00   0.00    0.00     0.00    0.00      0.00     0.00   0.00    0.00     0.00    0.00      0.00     0.00   0.00    0.00     0.00    0.00    0.00    0.00   0.00
loop5            0.00      0.00     0.00   0.00    0.00     0.00    0.00      0.00     0.00   0.00    0.00     0.00    0.00      0.00     0.00   0.00    0.00     0.00    0.00    0.00    0.00   0.00
loop6            0.00      0.00     0.00   0.00    0.00     0.00    0.00      0.00     0.00   0.00    0.00     0.00    0.00      0.00     0.00   0.00    0.00     0.00    0.00    0.00    0.00   0.00
loop7            0.00      0.00     0.00   0.00    0.00     0.00    0.00      0.00     0.00   0.00    0.00     0.00    0.00      0.00     0.00   0.00    0.00     0.00    0.00    0.00    0.00   0.00
sda              0.00      0.00     0.00   0.00    0.00     0.00   17.00    264.00    45.00  72.58    1.41    15.53    0.00      0.00     0.00   0.00    0.00     0.00    0.00    0.00    0.02   3.60
sdb              0.00      0.00     0.00   0.00    0.00     0.00  661.00  27816.00   218.00  24.80   50.12    42.08    0.00      0.00     0.00   0.00    0.00     0.00    0.00    0.00   33.13  94.40


avg-cpu:  %user   %nice %system %iowait  %steal   %idle
           0.67    0.00    0.52    1.10    0.00   97.71

Device            r/s     rkB/s   rrqm/s  %rrqm r_await rareq-sz     w/s     wkB/s   wrqm/s  %wrqm w_await wareq-sz     d/s     dkB/s   drqm/s  %drqm d_await dareq-sz     f/s f_await  aqu-sz  %util
dm-0             0.00      0.00     0.00   0.00    0.00     0.00  507.00  14688.00     0.00   0.00   23.36    28.97    0.00      0.00     0.00   0.00    0.00     0.00    0.00    0.00   11.84  83.20
dm-1             0.00      0.00     0.00   0.00    0.00     0.00  499.00  14656.00     0.00   0.00   23.04    29.37    0.00      0.00     0.00   0.00    0.00     0.00    0.00    0.00   11.50  84.00
dm-2             0.00      0.00     0.00   0.00    0.00     0.00   54.00    216.00     0.00   0.00    2.07     4.00    0.00      0.00     0.00   0.00    0.00     0.00    0.00    0.00    0.11   3.60
loop0            0.00      0.00     0.00   0.00    0.00     0.00    0.00      0.00     0.00   0.00    0.00     0.00    0.00      0.00     0.00   0.00    0.00     0.00    0.00    0.00    0.00   0.00
loop1            0.00      0.00     0.00   0.00    0.00     0.00    0.00      0.00     0.00   0.00    0.00     0.00    0.00      0.00     0.00   0.00    0.00     0.00    0.00    0.00    0.00   0.00
loop2            0.00      0.00     0.00   0.00    0.00     0.00    0.00      0.00     0.00   0.00    0.00     0.00    0.00      0.00     0.00   0.00    0.00     0.00    0.00    0.00    0.00   0.00
loop3            0.00      0.00     0.00   0.00    0.00     0.00    0.00      0.00     0.00   0.00    0.00     0.00    0.00      0.00     0.00   0.00    0.00     0.00    0.00    0.00    0.00   0.00
loop4            0.00      0.00     0.00   0.00    0.00     0.00    0.00      0.00     0.00   0.00    0.00     0.00    0.00      0.00     0.00   0.00    0.00     0.00    0.00    0.00    0.00   0.00
loop5            0.00      0.00     0.00   0.00    0.00     0.00    0.00      0.00     0.00   0.00    0.00     0.00    0.00      0.00     0.00   0.00    0.00     0.00    0.00    0.00    0.00   0.00
loop6            0.00      0.00     0.00   0.00    0.00     0.00    0.00      0.00     0.00   0.00    0.00     0.00    0.00      0.00     0.00   0.00    0.00     0.00    0.00    0.00    0.00   0.00
loop7            0.00      0.00     0.00   0.00    0.00     0.00    0.00      0.00     0.00   0.00    0.00     0.00    0.00      0.00     0.00   0.00    0.00     0.00    0.00    0.00    0.00   0.00
sda              0.00      0.00     0.00   0.00    0.00     0.00   27.00    216.00    27.00  50.00    2.89     8.00    0.00      0.00     0.00   0.00    0.00     0.00    0.00    0.00    0.08   3.60
sdb              0.00      0.00     0.00   0.00    0.00     0.00  793.00  29456.00   215.00  21.33   23.64    37.15    0.00      0.00     0.00   0.00    0.00     0.00    0.00    0.00   18.75  84.00


avg-cpu:  %user   %nice %system %iowait  %steal   %idle
           0.52    0.00    0.49    1.52    0.00   97.47

Device            r/s     rkB/s   rrqm/s  %rrqm r_await rareq-sz     w/s     wkB/s   wrqm/s  %wrqm w_await wareq-sz     d/s     dkB/s   drqm/s  %drqm d_await dareq-sz     f/s f_await  aqu-sz  %util
dm-0             0.00      0.00     0.00   0.00    0.00     0.00  336.00  13104.00     0.00   0.00   52.92    39.00    0.00      0.00     0.00   0.00    0.00     0.00    0.00    0.00   17.78  98.80
dm-1             0.00      0.00     0.00   0.00    0.00     0.00  329.00  13016.00     0.00   0.00   56.80    39.56    0.00      0.00     0.00   0.00    0.00     0.00    0.00    0.00   18.69  98.00
dm-2             0.00      0.00     0.00   0.00    0.00     0.00   53.00    232.00     0.00   0.00    0.83     4.38    0.00      0.00     0.00   0.00    0.00     0.00    0.00    0.00    0.04   6.00
loop0            0.00      0.00     0.00   0.00    0.00     0.00    0.00      0.00     0.00   0.00    0.00     0.00    0.00      0.00     0.00   0.00    0.00     0.00    0.00    0.00    0.00   0.00
loop1            0.00      0.00     0.00   0.00    0.00     0.00    0.00      0.00     0.00   0.00    0.00     0.00    0.00      0.00     0.00   0.00    0.00     0.00    0.00    0.00    0.00   0.00
loop2            0.00      0.00     0.00   0.00    0.00     0.00    0.00      0.00     0.00   0.00    0.00     0.00    0.00      0.00     0.00   0.00    0.00     0.00    0.00    0.00    0.00   0.00
loop3            0.00      0.00     0.00   0.00    0.00     0.00    0.00      0.00     0.00   0.00    0.00     0.00    0.00      0.00     0.00   0.00    0.00     0.00    0.00    0.00    0.00   0.00
loop4            0.00      0.00     0.00   0.00    0.00     0.00    0.00      0.00     0.00   0.00    0.00     0.00    0.00      0.00     0.00   0.00    0.00     0.00    0.00    0.00    0.00   0.00
loop5            0.00      0.00     0.00   0.00    0.00     0.00    0.00      0.00     0.00   0.00    0.00     0.00    0.00      0.00     0.00   0.00    0.00     0.00    0.00    0.00    0.00   0.00
loop6            0.00      0.00     0.00   0.00    0.00     0.00    0.00      0.00     0.00   0.00    0.00     0.00    0.00      0.00     0.00   0.00    0.00     0.00    0.00    0.00    0.00   0.00
loop7            0.00      0.00     0.00   0.00    0.00     0.00    0.00      0.00     0.00   0.00    0.00     0.00    0.00      0.00     0.00   0.00    0.00     0.00    0.00    0.00    0.00   0.00
sda              0.00      0.00     0.00   0.00    0.00     0.00   17.00    232.00    36.00  67.92    2.41    13.65    0.00      0.00     0.00   0.00    0.00     0.00    0.00    0.00    0.04   6.00
sdb              0.00      0.00     0.00   0.00    0.00     0.00  476.00  25488.00   180.00  27.44   60.29    53.55    0.00      0.00     0.00   0.00    0.00     0.00    0.00    0.00   28.70  98.40


avg-cpu:  %user   %nice %system %iowait  %steal   %idle
           0.53    0.00    0.52    0.80    0.00   98.15

Device            r/s     rkB/s   rrqm/s  %rrqm r_await rareq-sz     w/s     wkB/s   wrqm/s  %wrqm w_await wareq-sz     d/s     dkB/s   drqm/s  %drqm d_await dareq-sz     f/s f_await  aqu-sz  %util
dm-0             0.00      0.00     0.00   0.00    0.00     0.00  517.00  13768.00     0.00   0.00   16.60    26.63    0.00      0.00     0.00   0.00    0.00     0.00    0.00    0.00    8.58  76.80
dm-1             0.00      0.00     0.00   0.00    0.00     0.00  522.00  13848.00     0.00   0.00   16.90    26.53    0.00      0.00     0.00   0.00    0.00     0.00    0.00    0.00    8.82  75.60
dm-2             0.00      0.00     0.00   0.00    0.00     0.00   58.00    244.00     0.00   0.00    0.34     4.21    0.00      0.00     0.00   0.00    0.00     0.00    0.00    0.00    0.02   2.40
loop0            0.00      0.00     0.00   0.00    0.00     0.00    0.00      0.00     0.00   0.00    0.00     0.00    0.00      0.00     0.00   0.00    0.00     0.00    0.00    0.00    0.00   0.00
loop1            0.00      0.00     0.00   0.00    0.00     0.00    0.00      0.00     0.00   0.00    0.00     0.00    0.00      0.00     0.00   0.00    0.00     0.00    0.00    0.00    0.00   0.00
loop2            0.00      0.00     0.00   0.00    0.00     0.00    0.00      0.00     0.00   0.00    0.00     0.00    0.00      0.00     0.00   0.00    0.00     0.00    0.00    0.00    0.00   0.00
loop3            0.00      0.00     0.00   0.00    0.00     0.00    0.00      0.00     0.00   0.00    0.00     0.00    0.00      0.00     0.00   0.00    0.00     0.00    0.00    0.00    0.00   0.00
loop4            0.00      0.00     0.00   0.00    0.00     0.00    0.00      0.00     0.00   0.00    0.00     0.00    0.00      0.00     0.00   0.00    0.00     0.00    0.00    0.00    0.00   0.00
loop5            0.00      0.00     0.00   0.00    0.00     0.00    0.00      0.00     0.00   0.00    0.00     0.00    0.00      0.00     0.00   0.00    0.00     0.00    0.00    0.00    0.00   0.00
loop6            0.00      0.00     0.00   0.00    0.00     0.00    0.00      0.00     0.00   0.00    0.00     0.00    0.00      0.00     0.00   0.00    0.00     0.00    0.00    0.00    0.00   0.00
loop7            0.00      0.00     0.00   0.00    0.00     0.00    0.00      0.00     0.00   0.00    0.00     0.00    0.00      0.00     0.00   0.00    0.00     0.00    0.00    0.00    0.00   0.00
sda              0.00      0.00     0.00   0.00    0.00     0.00   16.00    244.00    42.00  72.41    1.00    15.25    0.00      0.00     0.00   0.00    0.00     0.00    0.00    0.00    0.02   2.40
sdb              0.00      0.00     0.00   0.00    0.00     0.00  876.00  29472.00   190.00  17.82   16.20    33.64    0.00      0.00     0.00   0.00    0.00     0.00    0.00    0.00   14.19  78.00


avg-cpu:  %user   %nice %system %iowait  %steal   %idle
           0.47    0.00    0.49    0.57    0.00   98.48

Device            r/s     rkB/s   rrqm/s  %rrqm r_await rareq-sz     w/s     wkB/s   wrqm/s  %wrqm w_await wareq-sz     d/s     dkB/s   drqm/s  %drqm d_await dareq-sz     f/s f_await  aqu-sz  %util
dm-0             0.00      0.00     0.00   0.00    0.00     0.00  467.00  11652.00     0.00   0.00    7.60    24.95    0.00      0.00     0.00   0.00    0.00     0.00    0.00    0.00    3.55  55.60
dm-1             0.00      0.00     0.00   0.00    0.00     0.00  465.00  11640.00     0.00   0.00    7.42    25.03    0.00      0.00     0.00   0.00    0.00     0.00    0.00    0.00    3.45  56.80
dm-2             0.00      0.00     0.00   0.00    0.00     0.00  295.00   1324.00     0.00   0.00    1.80     4.49    0.00      0.00     0.00   0.00    0.00     0.00    0.00    0.00    0.53   3.60
loop0            0.00      0.00     0.00   0.00    0.00     0.00    0.00      0.00     0.00   0.00    0.00     0.00    0.00      0.00     0.00   0.00    0.00     0.00    0.00    0.00    0.00   0.00
loop1            0.00      0.00     0.00   0.00    0.00     0.00    0.00      0.00     0.00   0.00    0.00     0.00    0.00      0.00     0.00   0.00    0.00     0.00    0.00    0.00    0.00   0.00
loop2            0.00      0.00     0.00   0.00    0.00     0.00    0.00      0.00     0.00   0.00    0.00     0.00    0.00      0.00     0.00   0.00    0.00     0.00    0.00    0.00    0.00   0.00
loop3            0.00      0.00     0.00   0.00    0.00     0.00    0.00      0.00     0.00   0.00    0.00     0.00    0.00      0.00     0.00   0.00    0.00     0.00    0.00    0.00    0.00   0.00
loop4            0.00      0.00     0.00   0.00    0.00     0.00    0.00      0.00     0.00   0.00    0.00     0.00    0.00      0.00     0.00   0.00    0.00     0.00    0.00    0.00    0.00   0.00
loop5            0.00      0.00     0.00   0.00    0.00     0.00    0.00      0.00     0.00   0.00    0.00     0.00    0.00      0.00     0.00   0.00    0.00     0.00    0.00    0.00    0.00   0.00
loop6            0.00      0.00     0.00   0.00    0.00     0.00    0.00      0.00     0.00   0.00    0.00     0.00    0.00      0.00     0.00   0.00    0.00     0.00    0.00    0.00    0.00   0.00
loop7            0.00      0.00     0.00   0.00    0.00     0.00    0.00      0.00     0.00   0.00    0.00     0.00    0.00      0.00     0.00   0.00    0.00     0.00    0.00    0.00    0.00   0.00
sda              0.00      0.00     0.00   0.00    0.00     0.00  249.00   1324.00    46.00  15.59    2.67     5.32    0.00      0.00     0.00   0.00    0.00     0.00    0.00    0.00    0.67   3.60
sdb              0.00      0.00     0.00   0.00    0.00     0.00  792.00  23372.00   144.00  15.38    7.56    29.51    0.00      0.00     0.00   0.00    0.00     0.00    0.00    0.00    5.99  56.80


avg-cpu:  %user   %nice %system %iowait  %steal   %idle
           0.74    0.00    0.74    0.22    0.00   98.30

Device            r/s     rkB/s   rrqm/s  %rrqm r_await rareq-sz     w/s     wkB/s   wrqm/s  %wrqm w_await wareq-sz     d/s     dkB/s   drqm/s  %drqm d_await dareq-sz     f/s f_await  aqu-sz  %util
dm-0             0.00      0.00     0.00   0.00    0.00     0.00  938.00  18512.00     0.00   0.00    0.70    19.74    0.00      0.00     0.00   0.00    0.00     0.00    0.00    0.00    0.66  62.00
dm-1             0.00      0.00     0.00   0.00    0.00     0.00  934.00  18496.00     0.00   0.00    0.69    19.80    0.00      0.00     0.00   0.00    0.00     0.00    0.00    0.00    0.64  60.40
dm-2             0.00      0.00     0.00   0.00    0.00     0.00   44.00    176.00     0.00   0.00    3.00     4.00    0.00      0.00     0.00   0.00    0.00     0.00    0.00    0.00    0.13   3.20
loop0            0.00      0.00     0.00   0.00    0.00     0.00    0.00      0.00     0.00   0.00    0.00     0.00    0.00      0.00     0.00   0.00    0.00     0.00    0.00    0.00    0.00   0.00
loop1            0.00      0.00     0.00   0.00    0.00     0.00    0.00      0.00     0.00   0.00    0.00     0.00    0.00      0.00     0.00   0.00    0.00     0.00    0.00    0.00    0.00   0.00
loop2            0.00      0.00     0.00   0.00    0.00     0.00    0.00      0.00     0.00   0.00    0.00     0.00    0.00      0.00     0.00   0.00    0.00     0.00    0.00    0.00    0.00   0.00
loop3            0.00      0.00     0.00   0.00    0.00     0.00    0.00      0.00     0.00   0.00    0.00     0.00    0.00      0.00     0.00   0.00    0.00     0.00    0.00    0.00    0.00   0.00
loop4            0.00      0.00     0.00   0.00    0.00     0.00    0.00      0.00     0.00   0.00    0.00     0.00    0.00      0.00     0.00   0.00    0.00     0.00    0.00    0.00    0.00   0.00
loop5            0.00      0.00     0.00   0.00    0.00     0.00    0.00      0.00     0.00   0.00    0.00     0.00    0.00      0.00     0.00   0.00    0.00     0.00    0.00    0.00    0.00   0.00
loop6            0.00      0.00     0.00   0.00    0.00     0.00    0.00      0.00     0.00   0.00    0.00     0.00    0.00      0.00     0.00   0.00    0.00     0.00    0.00    0.00    0.00   0.00
loop7            0.00      0.00     0.00   0.00    0.00     0.00    0.00      0.00     0.00   0.00    0.00     0.00    0.00      0.00     0.00   0.00    0.00     0.00    0.00    0.00    0.00   0.00
sda              0.00      0.00     0.00   0.00    0.00     0.00   11.00    176.00    33.00  75.00    2.18    16.00    0.00      0.00     0.00   0.00    0.00     0.00    0.00    0.00    0.02   3.20
sdb              0.00      0.00     0.00   0.00    0.00     0.00 1603.00  37008.00   269.00  14.37    0.73    23.09    0.00      0.00     0.00   0.00    0.00     0.00    0.00    0.00    1.16  62.80


avg-cpu:  %user   %nice %system %iowait  %steal   %idle
           0.64    0.00    0.55    0.02    0.00   98.79

Device            r/s     rkB/s   rrqm/s  %rrqm r_await rareq-sz     w/s     wkB/s   wrqm/s  %wrqm w_await wareq-sz     d/s     dkB/s   drqm/s  %drqm d_await dareq-sz     f/s f_await  aqu-sz  %util
dm-0             0.00      0.00     0.00   0.00    0.00     0.00  710.00  14840.00     0.00   0.00    0.03    20.90    0.00      0.00     0.00   0.00    0.00     0.00    0.00    0.00    0.02  46.00
dm-1             0.00      0.00     0.00   0.00    0.00     0.00  718.00  14872.00     0.00   0.00    0.04    20.71    0.00      0.00     0.00   0.00    0.00     0.00    0.00    0.00    0.03  46.40
dm-2             0.00      0.00     0.00   0.00    0.00     0.00   75.00    316.00     0.00   0.00    0.00     4.21    0.00      0.00     0.00   0.00    0.00     0.00    0.00    0.00    0.00   2.80
loop0            0.00      0.00     0.00   0.00    0.00     0.00    0.00      0.00     0.00   0.00    0.00     0.00    0.00      0.00     0.00   0.00    0.00     0.00    0.00    0.00    0.00   0.00
loop1            0.00      0.00     0.00   0.00    0.00     0.00    0.00      0.00     0.00   0.00    0.00     0.00    0.00      0.00     0.00   0.00    0.00     0.00    0.00    0.00    0.00   0.00
loop2            0.00      0.00     0.00   0.00    0.00     0.00    0.00      0.00     0.00   0.00    0.00     0.00    0.00      0.00     0.00   0.00    0.00     0.00    0.00    0.00    0.00   0.00
loop3            0.00      0.00     0.00   0.00    0.00     0.00    0.00      0.00     0.00   0.00    0.00     0.00    0.00      0.00     0.00   0.00    0.00     0.00    0.00    0.00    0.00   0.00
loop4            0.00      0.00     0.00   0.00    0.00     0.00    0.00      0.00     0.00   0.00    0.00     0.00    0.00      0.00     0.00   0.00    0.00     0.00    0.00    0.00    0.00   0.00
loop5            0.00      0.00     0.00   0.00    0.00     0.00    0.00      0.00     0.00   0.00    0.00     0.00    0.00      0.00     0.00   0.00    0.00     0.00    0.00    0.00    0.00   0.00
loop6            0.00      0.00     0.00   0.00    0.00     0.00    0.00      0.00     0.00   0.00    0.00     0.00    0.00      0.00     0.00   0.00    0.00     0.00    0.00    0.00    0.00   0.00
loop7            0.00      0.00     0.00   0.00    0.00     0.00    0.00      0.00     0.00   0.00    0.00     0.00    0.00      0.00     0.00   0.00    0.00     0.00    0.00    0.00    0.00   0.00
sda              0.00      0.00     0.00   0.00    0.00     0.00   33.00    316.00    42.00  56.00    0.94     9.58    0.00      0.00     0.00   0.00    0.00     0.00    0.00    0.00    0.03   2.80
sdb              0.00      0.00     0.00   0.00    0.00     0.00 1247.00  29712.00   181.00  12.68    0.06    23.83    0.00      0.00     0.00   0.00    0.00     0.00    0.00    0.00    0.07  48.00


avg-cpu:  %user   %nice %system %iowait  %steal   %idle
           0.68    0.00    0.46    0.02    0.00   98.85

Device            r/s     rkB/s   rrqm/s  %rrqm r_await rareq-sz     w/s     wkB/s   wrqm/s  %wrqm w_await wareq-sz     d/s     dkB/s   drqm/s  %drqm d_await dareq-sz     f/s f_await  aqu-sz  %util
dm-0             0.00      0.00     0.00   0.00    0.00     0.00  689.00  14396.00     0.00   0.00    0.06    20.89    0.00      0.00     0.00   0.00    0.00     0.00    0.00    0.00    0.04  43.60
dm-1             0.00      0.00     0.00   0.00    0.00     0.00  688.00  14456.00     0.00   0.00    0.05    21.01    0.00      0.00     0.00   0.00    0.00     0.00    0.00    0.00    0.03  42.80
dm-2             0.00      0.00     0.00   0.00    0.00     0.00   38.00    152.00     0.00   0.00    0.00     4.00    0.00      0.00     0.00   0.00    0.00     0.00    0.00    0.00    0.00   0.80
loop0            0.00      0.00     0.00   0.00    0.00     0.00    0.00      0.00     0.00   0.00    0.00     0.00    0.00      0.00     0.00   0.00    0.00     0.00    0.00    0.00    0.00   0.00
loop1            0.00      0.00     0.00   0.00    0.00     0.00    0.00      0.00     0.00   0.00    0.00     0.00    0.00      0.00     0.00   0.00    0.00     0.00    0.00    0.00    0.00   0.00
loop2            0.00      0.00     0.00   0.00    0.00     0.00    0.00      0.00     0.00   0.00    0.00     0.00    0.00      0.00     0.00   0.00    0.00     0.00    0.00    0.00    0.00   0.00
loop3            0.00      0.00     0.00   0.00    0.00     0.00    0.00      0.00     0.00   0.00    0.00     0.00    0.00      0.00     0.00   0.00    0.00     0.00    0.00    0.00    0.00   0.00
loop4            0.00      0.00     0.00   0.00    0.00     0.00    0.00      0.00     0.00   0.00    0.00     0.00    0.00      0.00     0.00   0.00    0.00     0.00    0.00    0.00    0.00   0.00
loop5            0.00      0.00     0.00   0.00    0.00     0.00    0.00      0.00     0.00   0.00    0.00     0.00    0.00      0.00     0.00   0.00    0.00     0.00    0.00    0.00    0.00   0.00
loop6            0.00      0.00     0.00   0.00    0.00     0.00    0.00      0.00     0.00   0.00    0.00     0.00    0.00      0.00     0.00   0.00    0.00     0.00    0.00    0.00    0.00   0.00
loop7            0.00      0.00     0.00   0.00    0.00     0.00    0.00      0.00     0.00   0.00    0.00     0.00    0.00      0.00     0.00   0.00    0.00     0.00    0.00    0.00    0.00   0.00
sda              0.00      0.00     0.00   0.00    0.00     0.00   11.00    152.00    27.00  71.05    0.09    13.82    0.00      0.00     0.00   0.00    0.00     0.00    0.00    0.00    0.00   0.80
sdb              0.00      0.00     0.00   0.00    0.00     0.00 1201.00  28788.00   175.00  12.72    0.06    23.97    0.00      0.00     0.00   0.00    0.00     0.00    0.00    0.00    0.07  44.80


avg-cpu:  %user   %nice %system %iowait  %steal   %idle
           0.68    0.00    0.53    0.02    0.00   98.77

Device            r/s     rkB/s   rrqm/s  %rrqm r_await rareq-sz     w/s     wkB/s   wrqm/s  %wrqm w_await wareq-sz     d/s     dkB/s   drqm/s  %drqm d_await dareq-sz     f/s f_await  aqu-sz  %util
dm-0             0.00      0.00     0.00   0.00    0.00     0.00  687.00  14448.00     0.00   0.00    0.76    21.03    0.00      0.00     0.00   0.00    0.00     0.00    0.00    0.00    0.52  48.80
dm-1             0.00      0.00     0.00   0.00    0.00     0.00  694.00  14536.00     0.00   0.00    0.69    20.95    0.00      0.00     0.00   0.00    0.00     0.00    0.00    0.00    0.48  49.60
dm-2             0.00      0.00     0.00   0.00    0.00     0.00   70.00    308.00     0.00   0.00    0.00     4.40    0.00      0.00     0.00   0.00    0.00     0.00    0.00    0.00    0.00   2.80
loop0            0.00      0.00     0.00   0.00    0.00     0.00    0.00      0.00     0.00   0.00    0.00     0.00    0.00      0.00     0.00   0.00    0.00     0.00    0.00    0.00    0.00   0.00
loop1            0.00      0.00     0.00   0.00    0.00     0.00    0.00      0.00     0.00   0.00    0.00     0.00    0.00      0.00     0.00   0.00    0.00     0.00    0.00    0.00    0.00   0.00
loop2            0.00      0.00     0.00   0.00    0.00     0.00    0.00      0.00     0.00   0.00    0.00     0.00    0.00      0.00     0.00   0.00    0.00     0.00    0.00    0.00    0.00   0.00
loop3            0.00      0.00     0.00   0.00    0.00     0.00    0.00      0.00     0.00   0.00    0.00     0.00    0.00      0.00     0.00   0.00    0.00     0.00    0.00    0.00    0.00   0.00
loop4            0.00      0.00     0.00   0.00    0.00     0.00    0.00      0.00     0.00   0.00    0.00     0.00    0.00      0.00     0.00   0.00    0.00     0.00    0.00    0.00    0.00   0.00
loop5            0.00      0.00     0.00   0.00    0.00     0.00    0.00      0.00     0.00   0.00    0.00     0.00    0.00      0.00     0.00   0.00    0.00     0.00    0.00    0.00    0.00   0.00
loop6            0.00      0.00     0.00   0.00    0.00     0.00    0.00      0.00     0.00   0.00    0.00     0.00    0.00      0.00     0.00   0.00    0.00     0.00    0.00    0.00    0.00   0.00
loop7            0.00      0.00     0.00   0.00    0.00     0.00    0.00      0.00     0.00   0.00    0.00     0.00    0.00      0.00     0.00   0.00    0.00     0.00    0.00    0.00    0.00   0.00
sda              0.00      0.00     0.00   0.00    0.00     0.00   22.00    308.00    48.00  68.57    0.23    14.00    0.00      0.00     0.00   0.00    0.00     0.00    0.00    0.00    0.01   2.80
sdb              0.00      0.00     0.00   0.00    0.00     0.00 1206.00  29048.00   176.00  12.74    0.82    24.09    0.00      0.00     0.00   0.00    0.00     0.00    0.00    0.00    0.99  49.60


avg-cpu:  %user   %nice %system %iowait  %steal   %idle
           0.75    0.00    0.63    0.25    0.00   98.37

Device            r/s     rkB/s   rrqm/s  %rrqm r_await rareq-sz     w/s     wkB/s   wrqm/s  %wrqm w_await wareq-sz     d/s     dkB/s   drqm/s  %drqm d_await dareq-sz     f/s f_await  aqu-sz  %util
dm-0             0.00      0.00     0.00   0.00    0.00     0.00  687.00  14572.00     0.00   0.00    1.01    21.21    0.00      0.00     0.00   0.00    0.00     0.00    0.00    0.00    0.70  52.40
dm-1             0.00      0.00     0.00   0.00    0.00     0.00  679.00  14536.00     0.00   0.00    1.14    21.41    0.00      0.00     0.00   0.00    0.00     0.00    0.00    0.00    0.77  52.40
dm-2             0.00      0.00     0.00   0.00    0.00     0.00  272.00   1244.00     0.00   0.00    0.75     4.57    0.00      0.00     0.00   0.00    0.00     0.00    0.00    0.00    0.20   2.00
loop0            0.00      0.00     0.00   0.00    0.00     0.00    0.00      0.00     0.00   0.00    0.00     0.00    0.00      0.00     0.00   0.00    0.00     0.00    0.00    0.00    0.00   0.00
loop1            0.00      0.00     0.00   0.00    0.00     0.00    0.00      0.00     0.00   0.00    0.00     0.00    0.00      0.00     0.00   0.00    0.00     0.00    0.00    0.00    0.00   0.00
loop2            0.00      0.00     0.00   0.00    0.00     0.00    0.00      0.00     0.00   0.00    0.00     0.00    0.00      0.00     0.00   0.00    0.00     0.00    0.00    0.00    0.00   0.00
loop3            0.00      0.00     0.00   0.00    0.00     0.00    0.00      0.00     0.00   0.00    0.00     0.00    0.00      0.00     0.00   0.00    0.00     0.00    0.00    0.00    0.00   0.00
loop4            0.00      0.00     0.00   0.00    0.00     0.00    0.00      0.00     0.00   0.00    0.00     0.00    0.00      0.00     0.00   0.00    0.00     0.00    0.00    0.00    0.00   0.00
loop5            0.00      0.00     0.00   0.00    0.00     0.00    0.00      0.00     0.00   0.00    0.00     0.00    0.00      0.00     0.00   0.00    0.00     0.00    0.00    0.00    0.00   0.00
loop6            0.00      0.00     0.00   0.00    0.00     0.00    0.00      0.00     0.00   0.00    0.00     0.00    0.00      0.00     0.00   0.00    0.00     0.00    0.00    0.00    0.00   0.00
loop7            0.00      0.00     0.00   0.00    0.00     0.00    0.00      0.00     0.00   0.00    0.00     0.00    0.00      0.00     0.00   0.00    0.00     0.00    0.00    0.00    0.00   0.00
sda              0.00      0.00     0.00   0.00    0.00     0.00  236.00   1244.00    36.00  13.24    1.33     5.27    0.00      0.00     0.00   0.00    0.00     0.00    0.00    0.00    0.31   2.00
sdb              0.00      0.00     0.00   0.00    0.00     0.00 1177.00  29108.00   189.00  13.84    1.02    24.73    0.00      0.00     0.00   0.00    0.00     0.00    0.00    0.00    1.20  53.60


avg-cpu:  %user   %nice %system %iowait  %steal   %idle
           0.61    0.00    0.68    0.27    0.00   98.45

Device            r/s     rkB/s   rrqm/s  %rrqm r_await rareq-sz     w/s     wkB/s   wrqm/s  %wrqm w_await wareq-sz     d/s     dkB/s   drqm/s  %drqm d_await dareq-sz     f/s f_await  aqu-sz  %util
dm-0             0.00      0.00     0.00   0.00    0.00     0.00  735.00  15720.00     0.00   0.00    1.38    21.39    0.00      0.00     0.00   0.00    0.00     0.00    0.00    0.00    1.02  54.40
dm-1             0.00      0.00     0.00   0.00    0.00     0.00  735.00  15720.00     0.00   0.00    1.21    21.39    0.00      0.00     0.00   0.00    0.00     0.00    0.00    0.00    0.89  54.80
dm-2             0.00      0.00     0.00   0.00    0.00     0.00   56.00    240.00     0.00   0.00    0.00     4.29    0.00      0.00     0.00   0.00    0.00     0.00    0.00    0.00    0.00   1.60
loop0            0.00      0.00     0.00   0.00    0.00     0.00    0.00      0.00     0.00   0.00    0.00     0.00    0.00      0.00     0.00   0.00    0.00     0.00    0.00    0.00    0.00   0.00
loop1            0.00      0.00     0.00   0.00    0.00     0.00    0.00      0.00     0.00   0.00    0.00     0.00    0.00      0.00     0.00   0.00    0.00     0.00    0.00    0.00    0.00   0.00
loop2            0.00      0.00     0.00   0.00    0.00     0.00    0.00      0.00     0.00   0.00    0.00     0.00    0.00      0.00     0.00   0.00    0.00     0.00    0.00    0.00    0.00   0.00
loop3            0.00      0.00     0.00   0.00    0.00     0.00    0.00      0.00     0.00   0.00    0.00     0.00    0.00      0.00     0.00   0.00    0.00     0.00    0.00    0.00    0.00   0.00
loop4            0.00      0.00     0.00   0.00    0.00     0.00    0.00      0.00     0.00   0.00    0.00     0.00    0.00      0.00     0.00   0.00    0.00     0.00    0.00    0.00    0.00   0.00
loop5            0.00      0.00     0.00   0.00    0.00     0.00    0.00      0.00     0.00   0.00    0.00     0.00    0.00      0.00     0.00   0.00    0.00     0.00    0.00    0.00    0.00   0.00
loop6            0.00      0.00     0.00   0.00    0.00     0.00    0.00      0.00     0.00   0.00    0.00     0.00    0.00      0.00     0.00   0.00    0.00     0.00    0.00    0.00    0.00   0.00
loop7            0.00      0.00     0.00   0.00    0.00     0.00    0.00      0.00     0.00   0.00    0.00     0.00    0.00      0.00     0.00   0.00    0.00     0.00    0.00    0.00    0.00   0.00
sda              0.00      0.00     0.00   0.00    0.00     0.00   17.00    240.00    39.00  69.64    0.06    14.12    0.00      0.00     0.00   0.00    0.00     0.00    0.00    0.00    0.00   1.60
sdb              0.00      0.00     0.00   0.00    0.00     0.00 1251.00  31304.00   215.00  14.67    1.32    25.02    0.00      0.00     0.00   0.00    0.00     0.00    0.00    0.00    1.65  56.00


avg-cpu:  %user   %nice %system %iowait  %steal   %idle
           0.61    0.00    0.49    0.75    0.00   98.15

Device            r/s     rkB/s   rrqm/s  %rrqm r_await rareq-sz     w/s     wkB/s   wrqm/s  %wrqm w_await wareq-sz     d/s     dkB/s   drqm/s  %drqm d_await dareq-sz     f/s f_await  aqu-sz  %util
dm-0             0.00      0.00     0.00   0.00    0.00     0.00  579.00  14676.00     0.00   0.00    8.55    25.35    0.00      0.00     0.00   0.00    0.00     0.00    0.00    0.00    4.95  68.80
dm-1             0.00      0.00     0.00   0.00    0.00     0.00  581.00  14684.00     0.00   0.00    7.93    25.27    0.00      0.00     0.00   0.00    0.00     0.00    0.00    0.00    4.61  68.40
dm-2             0.00      0.00     0.00   0.00    0.00     0.00   67.00    288.00     0.00   0.00    0.06     4.30    0.00      0.00     0.00   0.00    0.00     0.00    0.00    0.00    0.00   2.40
loop0            0.00      0.00     0.00   0.00    0.00     0.00    0.00      0.00     0.00   0.00    0.00     0.00    0.00      0.00     0.00   0.00    0.00     0.00    0.00    0.00    0.00   0.00
loop1            0.00      0.00     0.00   0.00    0.00     0.00    0.00      0.00     0.00   0.00    0.00     0.00    0.00      0.00     0.00   0.00    0.00     0.00    0.00    0.00    0.00   0.00
loop2            0.00      0.00     0.00   0.00    0.00     0.00    0.00      0.00     0.00   0.00    0.00     0.00    0.00      0.00     0.00   0.00    0.00     0.00    0.00    0.00    0.00   0.00
loop3            0.00      0.00     0.00   0.00    0.00     0.00    0.00      0.00     0.00   0.00    0.00     0.00    0.00      0.00     0.00   0.00    0.00     0.00    0.00    0.00    0.00   0.00
loop4            0.00      0.00     0.00   0.00    0.00     0.00    0.00      0.00     0.00   0.00    0.00     0.00    0.00      0.00     0.00   0.00    0.00     0.00    0.00    0.00    0.00   0.00
loop5            0.00      0.00     0.00   0.00    0.00     0.00    0.00      0.00     0.00   0.00    0.00     0.00    0.00      0.00     0.00   0.00    0.00     0.00    0.00    0.00    0.00   0.00
loop6            0.00      0.00     0.00   0.00    0.00     0.00    0.00      0.00     0.00   0.00    0.00     0.00    0.00      0.00     0.00   0.00    0.00     0.00    0.00    0.00    0.00   0.00
loop7            0.00      0.00     0.00   0.00    0.00     0.00    0.00      0.00     0.00   0.00    0.00     0.00    0.00      0.00     0.00   0.00    0.00     0.00    0.00    0.00    0.00   0.00
sda              0.00      0.00     0.00   0.00    0.00     0.00   30.00    288.00    37.00  55.22    1.20     9.60    0.00      0.00     0.00   0.00    0.00     0.00    0.00    0.00    0.04   2.40
sdb              0.00      0.00     0.00   0.00    0.00     0.00  953.00  28564.00   195.00  16.99    8.39    29.97    0.00      0.00     0.00   0.00    0.00     0.00    0.00    0.00    7.99  69.20


avg-cpu:  %user   %nice %system %iowait  %steal   %idle
           0.61    0.00    0.60    0.71    0.00   98.08

Device            r/s     rkB/s   rrqm/s  %rrqm r_await rareq-sz     w/s     wkB/s   wrqm/s  %wrqm w_await wareq-sz     d/s     dkB/s   drqm/s  %drqm d_await dareq-sz     f/s f_await  aqu-sz  %util
dm-0             0.00      0.00     0.00   0.00    0.00     0.00  603.00  15552.00     0.00   0.00    9.80    25.79    0.00      0.00     0.00   0.00    0.00     0.00    0.00    0.00    5.91  72.80
dm-1             0.00      0.00     0.00   0.00    0.00     0.00  606.00  15568.00     0.00   0.00   10.33    25.69    0.00      0.00     0.00   0.00    0.00     0.00    0.00    0.00    6.26  72.80
dm-2             0.00      0.00     0.00   0.00    0.00     0.00   40.00    160.00     0.00   0.00    2.50     4.00    0.00      0.00     0.00   0.00    0.00     0.00    0.00    0.00    0.10   3.60
loop0            0.00      0.00     0.00   0.00    0.00     0.00    0.00      0.00     0.00   0.00    0.00     0.00    0.00      0.00     0.00   0.00    0.00     0.00    0.00    0.00    0.00   0.00
loop1            0.00      0.00     0.00   0.00    0.00     0.00    0.00      0.00     0.00   0.00    0.00     0.00    0.00      0.00     0.00   0.00    0.00     0.00    0.00    0.00    0.00   0.00
loop2            0.00      0.00     0.00   0.00    0.00     0.00    0.00      0.00     0.00   0.00    0.00     0.00    0.00      0.00     0.00   0.00    0.00     0.00    0.00    0.00    0.00   0.00
loop3            0.00      0.00     0.00   0.00    0.00     0.00    0.00      0.00     0.00   0.00    0.00     0.00    0.00      0.00     0.00   0.00    0.00     0.00    0.00    0.00    0.00   0.00
loop4            0.00      0.00     0.00   0.00    0.00     0.00    0.00      0.00     0.00   0.00    0.00     0.00    0.00      0.00     0.00   0.00    0.00     0.00    0.00    0.00    0.00   0.00
loop5            0.00      0.00     0.00   0.00    0.00     0.00    0.00      0.00     0.00   0.00    0.00     0.00    0.00      0.00     0.00   0.00    0.00     0.00    0.00    0.00    0.00   0.00
loop6            0.00      0.00     0.00   0.00    0.00     0.00    0.00      0.00     0.00   0.00    0.00     0.00    0.00      0.00     0.00   0.00    0.00     0.00    0.00    0.00    0.00   0.00
loop7            0.00      0.00     0.00   0.00    0.00     0.00    0.00      0.00     0.00   0.00    0.00     0.00    0.00      0.00     0.00   0.00    0.00     0.00    0.00    0.00    0.00   0.00
sda              0.00      0.00     0.00   0.00    0.00     0.00   11.00    160.00    29.00  72.50    2.27    14.55    0.00      0.00     0.00   0.00    0.00     0.00    0.00    0.00    0.03   3.60
sdb              0.00      0.00     0.00   0.00    0.00     0.00  963.00  29552.00   222.00  18.73   10.71    30.69    0.00      0.00     0.00   0.00    0.00     0.00    0.00    0.00   10.32  74.00


avg-cpu:  %user   %nice %system %iowait  %steal   %idle
           0.68    0.00    0.42    0.38    0.00   98.52

Device            r/s     rkB/s   rrqm/s  %rrqm r_await rareq-sz     w/s     wkB/s   wrqm/s  %wrqm w_await wareq-sz     d/s     dkB/s   drqm/s  %drqm d_await dareq-sz     f/s f_await  aqu-sz  %util
dm-0             0.00      0.00     0.00   0.00    0.00     0.00  539.00  10796.00     0.00   0.00    6.08    20.03    0.00      0.00     0.00   0.00    0.00     0.00    0.00    0.00    3.28  45.20
dm-1             0.00      0.00     0.00   0.00    0.00     0.00  535.00  10780.00     0.00   0.00    6.43    20.15    0.00      0.00     0.00   0.00    0.00     0.00    0.00    0.00    3.44  46.00
dm-2             0.00      0.00     0.00   0.00    0.00     0.00   72.00    356.00     0.00   0.00    0.22     4.94    0.00      0.00     0.00   0.00    0.00     0.00    0.00    0.00    0.02   3.60
loop0            0.00      0.00     0.00   0.00    0.00     0.00    0.00      0.00     0.00   0.00    0.00     0.00    0.00      0.00     0.00   0.00    0.00     0.00    0.00    0.00    0.00   0.00
loop1            0.00      0.00     0.00   0.00    0.00     0.00    0.00      0.00     0.00   0.00    0.00     0.00    0.00      0.00     0.00   0.00    0.00     0.00    0.00    0.00    0.00   0.00
loop2            0.00      0.00     0.00   0.00    0.00     0.00    0.00      0.00     0.00   0.00    0.00     0.00    0.00      0.00     0.00   0.00    0.00     0.00    0.00    0.00    0.00   0.00
loop3            0.00      0.00     0.00   0.00    0.00     0.00    0.00      0.00     0.00   0.00    0.00     0.00    0.00      0.00     0.00   0.00    0.00     0.00    0.00    0.00    0.00   0.00
loop4            0.00      0.00     0.00   0.00    0.00     0.00    0.00      0.00     0.00   0.00    0.00     0.00    0.00      0.00     0.00   0.00    0.00     0.00    0.00    0.00    0.00   0.00
loop5            0.00      0.00     0.00   0.00    0.00     0.00    0.00      0.00     0.00   0.00    0.00     0.00    0.00      0.00     0.00   0.00    0.00     0.00    0.00    0.00    0.00   0.00
loop6            0.00      0.00     0.00   0.00    0.00     0.00    0.00      0.00     0.00   0.00    0.00     0.00    0.00      0.00     0.00   0.00    0.00     0.00    0.00    0.00    0.00   0.00
loop7            0.00      0.00     0.00   0.00    0.00     0.00    0.00      0.00     0.00   0.00    0.00     0.00    0.00      0.00     0.00   0.00    0.00     0.00    0.00    0.00    0.00   0.00
sda              0.00      0.00     0.00   0.00    0.00     0.00   23.00    356.00    49.00  68.06    0.61    15.48    0.00      0.00     0.00   0.00    0.00     0.00    0.00    0.00    0.01   3.60
sdb              0.00      0.00     0.00   0.00    0.00     0.00  952.00  24076.00   162.00  14.54    4.95    25.29    0.00      0.00     0.00   0.00    0.00     0.00    0.00    0.00    4.71  46.00


avg-cpu:  %user   %nice %system %iowait  %steal   %idle
           0.64    0.00    0.66    0.38    0.00   98.32

Device            r/s     rkB/s   rrqm/s  %rrqm r_await rareq-sz     w/s     wkB/s   wrqm/s  %wrqm w_await wareq-sz     d/s     dkB/s   drqm/s  %drqm d_await dareq-sz     f/s f_await  aqu-sz  %util
dm-0             0.00      0.00     0.00   0.00    0.00     0.00  719.00  15416.00     0.00   0.00    1.57    21.44    0.00      0.00     0.00   0.00    0.00     0.00    0.00    0.00    1.13  57.60
dm-1             0.00      0.00     0.00   0.00    0.00     0.00  712.00  15388.00     0.00   0.00    1.63    21.61    0.00      0.00     0.00   0.00    0.00     0.00    0.00    0.00    1.16  57.60
dm-2             0.00      0.00     0.00   0.00    0.00     0.00  319.00   1428.00     0.00   0.00    1.64     4.48    0.00      0.00     0.00   0.00    0.00     0.00    0.00    0.00    0.52   5.60
loop0            0.00      0.00     0.00   0.00    0.00     0.00    0.00      0.00     0.00   0.00    0.00     0.00    0.00      0.00     0.00   0.00    0.00     0.00    0.00    0.00    0.00   0.00
loop1            0.00      0.00     0.00   0.00    0.00     0.00    0.00      0.00     0.00   0.00    0.00     0.00    0.00      0.00     0.00   0.00    0.00     0.00    0.00    0.00    0.00   0.00
loop2            0.00      0.00     0.00   0.00    0.00     0.00    0.00      0.00     0.00   0.00    0.00     0.00    0.00      0.00     0.00   0.00    0.00     0.00    0.00    0.00    0.00   0.00
loop3            0.00      0.00     0.00   0.00    0.00     0.00    0.00      0.00     0.00   0.00    0.00     0.00    0.00      0.00     0.00   0.00    0.00     0.00    0.00    0.00    0.00   0.00
loop4            0.00      0.00     0.00   0.00    0.00     0.00    0.00      0.00     0.00   0.00    0.00     0.00    0.00      0.00     0.00   0.00    0.00     0.00    0.00    0.00    0.00   0.00
loop5            0.00      0.00     0.00   0.00    0.00     0.00    0.00      0.00     0.00   0.00    0.00     0.00    0.00      0.00     0.00   0.00    0.00     0.00    0.00    0.00    0.00   0.00
loop6            0.00      0.00     0.00   0.00    0.00     0.00    0.00      0.00     0.00   0.00    0.00     0.00    0.00      0.00     0.00   0.00    0.00     0.00    0.00    0.00    0.00   0.00
loop7            0.00      0.00     0.00   0.00    0.00     0.00    0.00      0.00     0.00   0.00    0.00     0.00    0.00      0.00     0.00   0.00    0.00     0.00    0.00    0.00    0.00   0.00
sda              0.00      0.00     0.00   0.00    0.00     0.00  276.00   1428.00    43.00  13.48    1.66     5.17    0.00      0.00     0.00   0.00    0.00     0.00    0.00    0.00    0.46   5.60
sdb              0.00      0.00     0.00   0.00    0.00     0.00 1213.00  30804.00   218.00  15.23    1.53    25.39    0.00      0.00     0.00   0.00    0.00     0.00    0.00    0.00    1.85  58.00


avg-cpu:  %user   %nice %system %iowait  %steal   %idle
           0.83    0.00    0.56    0.34    0.00   98.26

Device            r/s     rkB/s   rrqm/s  %rrqm r_await rareq-sz     w/s     wkB/s   wrqm/s  %wrqm w_await wareq-sz     d/s     dkB/s   drqm/s  %drqm d_await dareq-sz     f/s f_await  aqu-sz  %util
dm-0             0.00      0.00     0.00   0.00    0.00     0.00  699.00  15220.00     0.00   0.00    1.49    21.77    0.00      0.00     0.00   0.00    0.00     0.00    0.00    0.00    1.04  53.60
dm-1             0.00      0.00     0.00   0.00    0.00     0.00  699.00  15216.00     0.00   0.00    1.58    21.77    0.00      0.00     0.00   0.00    0.00     0.00    0.00    0.00    1.10  55.20
dm-2             0.00      0.00     0.00   0.00    0.00     0.00   64.00    276.00     0.00   0.00    0.50     4.31    0.00      0.00     0.00   0.00    0.00     0.00    0.00    0.00    0.03   3.60
loop0            0.00      0.00     0.00   0.00    0.00     0.00    0.00      0.00     0.00   0.00    0.00     0.00    0.00      0.00     0.00   0.00    0.00     0.00    0.00    0.00    0.00   0.00
loop1            0.00      0.00     0.00   0.00    0.00     0.00    0.00      0.00     0.00   0.00    0.00     0.00    0.00      0.00     0.00   0.00    0.00     0.00    0.00    0.00    0.00   0.00
loop2            0.00      0.00     0.00   0.00    0.00     0.00    0.00      0.00     0.00   0.00    0.00     0.00    0.00      0.00     0.00   0.00    0.00     0.00    0.00    0.00    0.00   0.00
loop3            0.00      0.00     0.00   0.00    0.00     0.00    0.00      0.00     0.00   0.00    0.00     0.00    0.00      0.00     0.00   0.00    0.00     0.00    0.00    0.00    0.00   0.00
loop4            0.00      0.00     0.00   0.00    0.00     0.00    0.00      0.00     0.00   0.00    0.00     0.00    0.00      0.00     0.00   0.00    0.00     0.00    0.00    0.00    0.00   0.00
loop5            0.00      0.00     0.00   0.00    0.00     0.00    0.00      0.00     0.00   0.00    0.00     0.00    0.00      0.00     0.00   0.00    0.00     0.00    0.00    0.00    0.00   0.00
loop6            0.00      0.00     0.00   0.00    0.00     0.00    0.00      0.00     0.00   0.00    0.00     0.00    0.00      0.00     0.00   0.00    0.00     0.00    0.00    0.00    0.00   0.00
loop7            0.00      0.00     0.00   0.00    0.00     0.00    0.00      0.00     0.00   0.00    0.00     0.00    0.00      0.00     0.00   0.00    0.00     0.00    0.00    0.00    0.00   0.00
sda              0.00      0.00     0.00   0.00    0.00     0.00   20.00    276.00    44.00  68.75    1.15    13.80    0.00      0.00     0.00   0.00    0.00     0.00    0.00    0.00    0.02   3.60
sdb              0.00      0.00     0.00   0.00    0.00     0.00 1190.00  30436.00   208.00  14.88    1.55    25.58    0.00      0.00     0.00   0.00    0.00     0.00    0.00    0.00    1.85  55.60


avg-cpu:  %user   %nice %system %iowait  %steal   %idle
           0.64    0.00    0.42    0.36    0.00   98.57

Device            r/s     rkB/s   rrqm/s  %rrqm r_await rareq-sz     w/s     wkB/s   wrqm/s  %wrqm w_await wareq-sz     d/s     dkB/s   drqm/s  %drqm d_await dareq-sz     f/s f_await  aqu-sz  %util
dm-0             0.00      0.00     0.00   0.00    0.00     0.00  491.00  10724.00     0.00   0.00    3.74    21.84    0.00      0.00     0.00   0.00    0.00     0.00    0.00    0.00    1.84  46.40
dm-1             0.00      0.00     0.00   0.00    0.00     0.00  483.00  10692.00     0.00   0.00    3.94    22.14    0.00      0.00     0.00   0.00    0.00     0.00    0.00    0.00    1.90  45.20
dm-2             0.00      0.00     0.00   0.00    0.00     0.00   65.00    260.00     0.00   0.00    2.46     4.00    0.00      0.00     0.00   0.00    0.00     0.00    0.00    0.00    0.16   2.00
loop0            0.00      0.00     0.00   0.00    0.00     0.00    0.00      0.00     0.00   0.00    0.00     0.00    0.00      0.00     0.00   0.00    0.00     0.00    0.00    0.00    0.00   0.00
loop1            0.00      0.00     0.00   0.00    0.00     0.00    0.00      0.00     0.00   0.00    0.00     0.00    0.00      0.00     0.00   0.00    0.00     0.00    0.00    0.00    0.00   0.00
loop2            0.00      0.00     0.00   0.00    0.00     0.00    0.00      0.00     0.00   0.00    0.00     0.00    0.00      0.00     0.00   0.00    0.00     0.00    0.00    0.00    0.00   0.00
loop3            0.00      0.00     0.00   0.00    0.00     0.00    0.00      0.00     0.00   0.00    0.00     0.00    0.00      0.00     0.00   0.00    0.00     0.00    0.00    0.00    0.00   0.00
loop4            0.00      0.00     0.00   0.00    0.00     0.00    0.00      0.00     0.00   0.00    0.00     0.00    0.00      0.00     0.00   0.00    0.00     0.00    0.00    0.00    0.00   0.00
loop5            0.00      0.00     0.00   0.00    0.00     0.00    0.00      0.00     0.00   0.00    0.00     0.00    0.00      0.00     0.00   0.00    0.00     0.00    0.00    0.00    0.00   0.00
loop6            0.00      0.00     0.00   0.00    0.00     0.00    0.00      0.00     0.00   0.00    0.00     0.00    0.00      0.00     0.00   0.00    0.00     0.00    0.00    0.00    0.00   0.00
loop7            0.00      0.00     0.00   0.00    0.00     0.00    0.00      0.00     0.00   0.00    0.00     0.00    0.00      0.00     0.00   0.00    0.00     0.00    0.00    0.00    0.00   0.00
sda              0.00      0.00     0.00   0.00    0.00     0.00   29.00    260.00    36.00  55.38    4.59     8.97    0.00      0.00     0.00   0.00    0.00     0.00    0.00    0.00    0.13   2.00
sdb              0.00      0.00     0.00   0.00    0.00     0.00  808.00  21416.00   166.00  17.04    3.89    26.50    0.00      0.00     0.00   0.00    0.00     0.00    0.00    0.00    3.15  46.00


avg-cpu:  %user   %nice %system %iowait  %steal   %idle
           0.57    0.00    0.52    0.02    0.00   98.90

Device            r/s     rkB/s   rrqm/s  %rrqm r_await rareq-sz     w/s     wkB/s   wrqm/s  %wrqm w_await wareq-sz     d/s     dkB/s   drqm/s  %drqm d_await dareq-sz     f/s f_await  aqu-sz  %util
dm-0             0.00      0.00     0.00   0.00    0.00     0.00  741.00  15324.00     0.00   0.00    0.05    20.68    0.00      0.00     0.00   0.00    0.00     0.00    0.00    0.00    0.04  44.80
dm-1             0.00      0.00     0.00   0.00    0.00     0.00  741.00  15324.00     0.00   0.00    0.03    20.68    0.00      0.00     0.00   0.00    0.00     0.00    0.00    0.00    0.02  44.40
dm-2             0.00      0.00     0.00   0.00    0.00     0.00   51.00    220.00     0.00   0.00    0.00     4.31    0.00      0.00     0.00   0.00    0.00     0.00    0.00    0.00    0.00   1.60
loop0            0.00      0.00     0.00   0.00    0.00     0.00    0.00      0.00     0.00   0.00    0.00     0.00    0.00      0.00     0.00   0.00    0.00     0.00    0.00    0.00    0.00   0.00
loop1            0.00      0.00     0.00   0.00    0.00     0.00    0.00      0.00     0.00   0.00    0.00     0.00    0.00      0.00     0.00   0.00    0.00     0.00    0.00    0.00    0.00   0.00
loop2            0.00      0.00     0.00   0.00    0.00     0.00    0.00      0.00     0.00   0.00    0.00     0.00    0.00      0.00     0.00   0.00    0.00     0.00    0.00    0.00    0.00   0.00
loop3            0.00      0.00     0.00   0.00    0.00     0.00    0.00      0.00     0.00   0.00    0.00     0.00    0.00      0.00     0.00   0.00    0.00     0.00    0.00    0.00    0.00   0.00
loop4            0.00      0.00     0.00   0.00    0.00     0.00    0.00      0.00     0.00   0.00    0.00     0.00    0.00      0.00     0.00   0.00    0.00     0.00    0.00    0.00    0.00   0.00
loop5            0.00      0.00     0.00   0.00    0.00     0.00    0.00      0.00     0.00   0.00    0.00     0.00    0.00      0.00     0.00   0.00    0.00     0.00    0.00    0.00    0.00   0.00
loop6            0.00      0.00     0.00   0.00    0.00     0.00    0.00      0.00     0.00   0.00    0.00     0.00    0.00      0.00     0.00   0.00    0.00     0.00    0.00    0.00    0.00   0.00
loop7            0.00      0.00     0.00   0.00    0.00     0.00    0.00      0.00     0.00   0.00    0.00     0.00    0.00      0.00     0.00   0.00    0.00     0.00    0.00    0.00    0.00   0.00
sda              0.00      0.00     0.00   0.00    0.00     0.00   17.00    220.00    34.00  66.67    0.06    12.94    0.00      0.00     0.00   0.00    0.00     0.00    0.00    0.00    0.00   1.60
sdb              0.00      0.00     0.00   0.00    0.00     0.00 1291.00  30648.00   191.00  12.89    0.06    23.74    0.00      0.00     0.00   0.00    0.00     0.00    0.00    0.00    0.07  46.40


avg-cpu:  %user   %nice %system %iowait  %steal   %idle
           0.72    0.00    0.57    0.05    0.00   98.66

Device            r/s     rkB/s   rrqm/s  %rrqm r_await rareq-sz     w/s     wkB/s   wrqm/s  %wrqm w_await wareq-sz     d/s     dkB/s   drqm/s  %drqm d_await dareq-sz     f/s f_await  aqu-sz  %util
dm-0             0.00      0.00     0.00   0.00    0.00     0.00  767.00  16028.00     0.00   0.00    1.44    20.90    0.00      0.00     0.00   0.00    0.00     0.00    0.00    0.00    1.10  52.40
dm-1             0.00      0.00     0.00   0.00    0.00     0.00  755.00  15984.00     0.00   0.00    1.44    21.17    0.00      0.00     0.00   0.00    0.00     0.00    0.00    0.00    1.08  52.80
dm-2             0.00      0.00     0.00   0.00    0.00     0.00   54.00    228.00     0.00   0.00    0.00     4.22    0.00      0.00     0.00   0.00    0.00     0.00    0.00    0.00    0.00   1.60
loop0            0.00      0.00     0.00   0.00    0.00     0.00    0.00      0.00     0.00   0.00    0.00     0.00    0.00      0.00     0.00   0.00    0.00     0.00    0.00    0.00    0.00   0.00
loop1            0.00      0.00     0.00   0.00    0.00     0.00    0.00      0.00     0.00   0.00    0.00     0.00    0.00      0.00     0.00   0.00    0.00     0.00    0.00    0.00    0.00   0.00
loop2            0.00      0.00     0.00   0.00    0.00     0.00    0.00      0.00     0.00   0.00    0.00     0.00    0.00      0.00     0.00   0.00    0.00     0.00    0.00    0.00    0.00   0.00
loop3            0.00      0.00     0.00   0.00    0.00     0.00    0.00      0.00     0.00   0.00    0.00     0.00    0.00      0.00     0.00   0.00    0.00     0.00    0.00    0.00    0.00   0.00
loop4            0.00      0.00     0.00   0.00    0.00     0.00    0.00      0.00     0.00   0.00    0.00     0.00    0.00      0.00     0.00   0.00    0.00     0.00    0.00    0.00    0.00   0.00
loop5            0.00      0.00     0.00   0.00    0.00     0.00    0.00      0.00     0.00   0.00    0.00     0.00    0.00      0.00     0.00   0.00    0.00     0.00    0.00    0.00    0.00   0.00
loop6            0.00      0.00     0.00   0.00    0.00     0.00    0.00      0.00     0.00   0.00    0.00     0.00    0.00      0.00     0.00   0.00    0.00     0.00    0.00    0.00    0.00   0.00
loop7            0.00      0.00     0.00   0.00    0.00     0.00    0.00      0.00     0.00   0.00    0.00     0.00    0.00      0.00     0.00   0.00    0.00     0.00    0.00    0.00    0.00   0.00
sda              0.00      0.00     0.00   0.00    0.00     0.00   16.00    228.00    38.00  70.37    0.38    14.25    0.00      0.00     0.00   0.00    0.00     0.00    0.00    0.00    0.01   1.60
sdb              0.00      0.00     0.00   0.00    0.00     0.00 1303.00  32012.00   219.00  14.39    1.67    24.57    0.00      0.00     0.00   0.00    0.00     0.00    0.00    0.00    2.18  54.40


avg-cpu:  %user   %nice %system %iowait  %steal   %idle
           0.63    0.00    0.57    0.24    0.00   98.57

Device            r/s     rkB/s   rrqm/s  %rrqm r_await rareq-sz     w/s     wkB/s   wrqm/s  %wrqm w_await wareq-sz     d/s     dkB/s   drqm/s  %drqm d_await dareq-sz     f/s f_await  aqu-sz  %util
dm-0             0.00      0.00     0.00   0.00    0.00     0.00  713.00  15392.00     0.00   0.00    1.23    21.59    0.00      0.00     0.00   0.00    0.00     0.00    0.00    0.00    0.88  56.80
dm-1             0.00      0.00     0.00   0.00    0.00     0.00  719.00  15416.00     0.00   0.00    1.27    21.44    0.00      0.00     0.00   0.00    0.00     0.00    0.00    0.00    0.92  56.40
dm-2             0.00      0.00     0.00   0.00    0.00     0.00  282.00   1252.00     0.00   0.00    0.71     4.44    0.00      0.00     0.00   0.00    0.00     0.00    0.00    0.00    0.20   2.80
loop0            0.00      0.00     0.00   0.00    0.00     0.00    0.00      0.00     0.00   0.00    0.00     0.00    0.00      0.00     0.00   0.00    0.00     0.00    0.00    0.00    0.00   0.00
loop1            0.00      0.00     0.00   0.00    0.00     0.00    0.00      0.00     0.00   0.00    0.00     0.00    0.00      0.00     0.00   0.00    0.00     0.00    0.00    0.00    0.00   0.00
loop2            0.00      0.00     0.00   0.00    0.00     0.00    0.00      0.00     0.00   0.00    0.00     0.00    0.00      0.00     0.00   0.00    0.00     0.00    0.00    0.00    0.00   0.00
loop3            0.00      0.00     0.00   0.00    0.00     0.00    0.00      0.00     0.00   0.00    0.00     0.00    0.00      0.00     0.00   0.00    0.00     0.00    0.00    0.00    0.00   0.00
loop4            0.00      0.00     0.00   0.00    0.00     0.00    0.00      0.00     0.00   0.00    0.00     0.00    0.00      0.00     0.00   0.00    0.00     0.00    0.00    0.00    0.00   0.00
loop5            0.00      0.00     0.00   0.00    0.00     0.00    0.00      0.00     0.00   0.00    0.00     0.00    0.00      0.00     0.00   0.00    0.00     0.00    0.00    0.00    0.00   0.00
loop6            0.00      0.00     0.00   0.00    0.00     0.00    0.00      0.00     0.00   0.00    0.00     0.00    0.00      0.00     0.00   0.00    0.00     0.00    0.00    0.00    0.00   0.00
loop7            0.00      0.00     0.00   0.00    0.00     0.00    0.00      0.00     0.00   0.00    0.00     0.00    0.00      0.00     0.00   0.00    0.00     0.00    0.00    0.00    0.00   0.00
sda              0.00      0.00     0.00   0.00    0.00     0.00  241.00   1252.00    41.00  14.54    1.46     5.20    0.00      0.00     0.00   0.00    0.00     0.00    0.00    0.00    0.35   2.80
sdb              0.00      0.00     0.00   0.00    0.00     0.00 1220.00  30808.00   212.00  14.80    1.35    25.25    0.00      0.00     0.00   0.00    0.00     0.00    0.00    0.00    1.65  57.20


avg-cpu:  %user   %nice %system %iowait  %steal   %idle
           0.53    0.00    0.52    0.00    0.00   98.95

Device            r/s     rkB/s   rrqm/s  %rrqm r_await rareq-sz     w/s     wkB/s   wrqm/s  %wrqm w_await wareq-sz     d/s     dkB/s   drqm/s  %drqm d_await dareq-sz     f/s f_await  aqu-sz  %util
dm-0             0.00      0.00     0.00   0.00    0.00     0.00  561.00  11188.00     0.00   0.00    0.07    19.94    0.00      0.00     0.00   0.00    0.00     0.00    0.00    0.00    0.04  32.40
dm-1             0.00      0.00     0.00   0.00    0.00     0.00  557.00  11168.00     0.00   0.00    0.03    20.05    0.00      0.00     0.00   0.00    0.00     0.00    0.00    0.00    0.02  32.80
dm-2             0.00      0.00     0.00   0.00    0.00     0.00   51.00    212.00     0.00   0.00    0.08     4.16    0.00      0.00     0.00   0.00    0.00     0.00    0.00    0.00    0.00   1.60
loop0            0.00      0.00     0.00   0.00    0.00     0.00    0.00      0.00     0.00   0.00    0.00     0.00    0.00      0.00     0.00   0.00    0.00     0.00    0.00    0.00    0.00   0.00
loop1            0.00      0.00     0.00   0.00    0.00     0.00    0.00      0.00     0.00   0.00    0.00     0.00    0.00      0.00     0.00   0.00    0.00     0.00    0.00    0.00    0.00   0.00
loop2            0.00      0.00     0.00   0.00    0.00     0.00    0.00      0.00     0.00   0.00    0.00     0.00    0.00      0.00     0.00   0.00    0.00     0.00    0.00    0.00    0.00   0.00
loop3            0.00      0.00     0.00   0.00    0.00     0.00    0.00      0.00     0.00   0.00    0.00     0.00    0.00      0.00     0.00   0.00    0.00     0.00    0.00    0.00    0.00   0.00
loop4            0.00      0.00     0.00   0.00    0.00     0.00    0.00      0.00     0.00   0.00    0.00     0.00    0.00      0.00     0.00   0.00    0.00     0.00    0.00    0.00    0.00   0.00
loop5            0.00      0.00     0.00   0.00    0.00     0.00    0.00      0.00     0.00   0.00    0.00     0.00    0.00      0.00     0.00   0.00    0.00     0.00    0.00    0.00    0.00   0.00
loop6            0.00      0.00     0.00   0.00    0.00     0.00    0.00      0.00     0.00   0.00    0.00     0.00    0.00      0.00     0.00   0.00    0.00     0.00    0.00    0.00    0.00   0.00
loop7            0.00      0.00     0.00   0.00    0.00     0.00    0.00      0.00     0.00   0.00    0.00     0.00    0.00      0.00     0.00   0.00    0.00     0.00    0.00    0.00    0.00   0.00
sda              0.00      0.00     0.00   0.00    0.00     0.00   14.00    212.00    37.00  72.55    0.43    15.14    0.00      0.00     0.00   0.00    0.00     0.00    0.00    0.00    0.01   1.60
sdb              0.00      0.00     0.00   0.00    0.00     0.00  961.00  22356.00   157.00  14.04    0.06    23.26    0.00      0.00     0.00   0.00    0.00     0.00    0.00    0.00    0.06  34.00


avg-cpu:  %user   %nice %system %iowait  %steal   %idle
           0.77    0.00    0.71    0.22    0.00   98.31

Device            r/s     rkB/s   rrqm/s  %rrqm r_await rareq-sz     w/s     wkB/s   wrqm/s  %wrqm w_await wareq-sz     d/s     dkB/s   drqm/s  %drqm d_await dareq-sz     f/s f_await  aqu-sz  %util
dm-0             0.00      0.00     0.00   0.00    0.00     0.00  736.00  15304.00     0.00   0.00    0.57    20.79    0.00      0.00     0.00   0.00    0.00     0.00    0.00    0.00    0.42  50.80
dm-1             0.00      0.00     0.00   0.00    0.00     0.00  716.00  15104.00     0.00   0.00    0.65    21.09    0.00      0.00     0.00   0.00    0.00     0.00    0.00    0.00    0.46  50.40
dm-2             0.00      0.00     0.00   0.00    0.00     0.00   75.00    316.00     0.00   0.00    1.28     4.21    0.00      0.00     0.00   0.00    0.00     0.00    0.00    0.00    0.10   4.80
loop0            0.00      0.00     0.00   0.00    0.00     0.00    0.00      0.00     0.00   0.00    0.00     0.00    0.00      0.00     0.00   0.00    0.00     0.00    0.00    0.00    0.00   0.00
loop1            0.00      0.00     0.00   0.00    0.00     0.00    0.00      0.00     0.00   0.00    0.00     0.00    0.00      0.00     0.00   0.00    0.00     0.00    0.00    0.00    0.00   0.00
loop2            0.00      0.00     0.00   0.00    0.00     0.00    0.00      0.00     0.00   0.00    0.00     0.00    0.00      0.00     0.00   0.00    0.00     0.00    0.00    0.00    0.00   0.00
loop3            0.00      0.00     0.00   0.00    0.00     0.00    0.00      0.00     0.00   0.00    0.00     0.00    0.00      0.00     0.00   0.00    0.00     0.00    0.00    0.00    0.00   0.00
loop4            0.00      0.00     0.00   0.00    0.00     0.00    0.00      0.00     0.00   0.00    0.00     0.00    0.00      0.00     0.00   0.00    0.00     0.00    0.00    0.00    0.00   0.00
loop5            0.00      0.00     0.00   0.00    0.00     0.00    0.00      0.00     0.00   0.00    0.00     0.00    0.00      0.00     0.00   0.00    0.00     0.00    0.00    0.00    0.00   0.00
loop6            0.00      0.00     0.00   0.00    0.00     0.00    0.00      0.00     0.00   0.00    0.00     0.00    0.00      0.00     0.00   0.00    0.00     0.00    0.00    0.00    0.00   0.00
loop7            0.00      0.00     0.00   0.00    0.00     0.00    0.00      0.00     0.00   0.00    0.00     0.00    0.00      0.00     0.00   0.00    0.00     0.00    0.00    0.00    0.00   0.00
sda              0.00      0.00     0.00   0.00    0.00     0.00   33.00    316.00    42.00  56.00    2.12     9.58    0.00      0.00     0.00   0.00    0.00     0.00    0.00    0.00    0.07   4.80
sdb              0.00      0.00     0.00   0.00    0.00     0.00 1243.00  30408.00   209.00  14.39    0.60    24.46    0.00      0.00     0.00   0.00    0.00     0.00    0.00    0.00    0.75  51.20


avg-cpu:  %user   %nice %system %iowait  %steal   %idle
           0.66    0.00    0.55    0.36    0.00   98.43

Device            r/s     rkB/s   rrqm/s  %rrqm r_await rareq-sz     w/s     wkB/s   wrqm/s  %wrqm w_await wareq-sz     d/s     dkB/s   drqm/s  %drqm d_await dareq-sz     f/s f_await  aqu-sz  %util
dm-0             0.00      0.00     0.00   0.00    0.00     0.00  712.00  15388.00     0.00   0.00    1.57    21.61    0.00      0.00     0.00   0.00    0.00     0.00    0.00    0.00    1.12  54.80
dm-1             0.00      0.00     0.00   0.00    0.00     0.00  706.00  15364.00     0.00   0.00    1.50    21.76    0.00      0.00     0.00   0.00    0.00     0.00    0.00    0.00    1.06  54.80
dm-2             0.00      0.00     0.00   0.00    0.00     0.00   39.00    156.00     0.00   0.00    0.51     4.00    0.00      0.00     0.00   0.00    0.00     0.00    0.00    0.00    0.02   2.00
loop0            0.00      0.00     0.00   0.00    0.00     0.00    0.00      0.00     0.00   0.00    0.00     0.00    0.00      0.00     0.00   0.00    0.00     0.00    0.00    0.00    0.00   0.00
loop1            0.00      0.00     0.00   0.00    0.00     0.00    0.00      0.00     0.00   0.00    0.00     0.00    0.00      0.00     0.00   0.00    0.00     0.00    0.00    0.00    0.00   0.00
loop2            0.00      0.00     0.00   0.00    0.00     0.00    0.00      0.00     0.00   0.00    0.00     0.00    0.00      0.00     0.00   0.00    0.00     0.00    0.00    0.00    0.00   0.00
loop3            0.00      0.00     0.00   0.00    0.00     0.00    0.00      0.00     0.00   0.00    0.00     0.00    0.00      0.00     0.00   0.00    0.00     0.00    0.00    0.00    0.00   0.00
loop4            0.00      0.00     0.00   0.00    0.00     0.00    0.00      0.00     0.00   0.00    0.00     0.00    0.00      0.00     0.00   0.00    0.00     0.00    0.00    0.00    0.00   0.00
loop5            0.00      0.00     0.00   0.00    0.00     0.00    0.00      0.00     0.00   0.00    0.00     0.00    0.00      0.00     0.00   0.00    0.00     0.00    0.00    0.00    0.00   0.00
loop6            0.00      0.00     0.00   0.00    0.00     0.00    0.00      0.00     0.00   0.00    0.00     0.00    0.00      0.00     0.00   0.00    0.00     0.00    0.00    0.00    0.00   0.00
loop7            0.00      0.00     0.00   0.00    0.00     0.00    0.00      0.00     0.00   0.00    0.00     0.00    0.00      0.00     0.00   0.00    0.00     0.00    0.00    0.00    0.00   0.00
sda              0.00      0.00     0.00   0.00    0.00     0.00   11.00    156.00    28.00  71.79    0.82    14.18    0.00      0.00     0.00   0.00    0.00     0.00    0.00    0.00    0.01   2.00
sdb              0.00      0.00     0.00   0.00    0.00     0.00 1209.00  30752.00   209.00  14.74    1.44    25.44    0.00      0.00     0.00   0.00    0.00     0.00    0.00    0.00    1.74  56.00


avg-cpu:  %user   %nice %system %iowait  %steal   %idle
           0.60    0.00    0.52    0.30    0.00   98.59

Device            r/s     rkB/s   rrqm/s  %rrqm r_await rareq-sz     w/s     wkB/s   wrqm/s  %wrqm w_await wareq-sz     d/s     dkB/s   drqm/s  %drqm d_await dareq-sz     f/s f_await  aqu-sz  %util
dm-0             0.00      0.00     0.00   0.00    0.00     0.00  625.00  13660.00     0.00   0.00    3.03    21.86    0.00      0.00     0.00   0.00    0.00     0.00    0.00    0.00    1.89  53.20
dm-1             0.00      0.00     0.00   0.00    0.00     0.00  615.00  13560.00     0.00   0.00    3.07    22.05    0.00      0.00     0.00   0.00    0.00     0.00    0.00    0.00    1.89  52.80
dm-2             0.00      0.00     0.00   0.00    0.00     0.00   75.00    324.00     0.00   0.00    0.53     4.32    0.00      0.00     0.00   0.00    0.00     0.00    0.00    0.00    0.04   3.60
loop0            0.00      0.00     0.00   0.00    0.00     0.00    0.00      0.00     0.00   0.00    0.00     0.00    0.00      0.00     0.00   0.00    0.00     0.00    0.00    0.00    0.00   0.00
loop1            0.00      0.00     0.00   0.00    0.00     0.00    0.00      0.00     0.00   0.00    0.00     0.00    0.00      0.00     0.00   0.00    0.00     0.00    0.00    0.00    0.00   0.00
loop2            0.00      0.00     0.00   0.00    0.00     0.00    0.00      0.00     0.00   0.00    0.00     0.00    0.00      0.00     0.00   0.00    0.00     0.00    0.00    0.00    0.00   0.00
loop3            0.00      0.00     0.00   0.00    0.00     0.00    0.00      0.00     0.00   0.00    0.00     0.00    0.00      0.00     0.00   0.00    0.00     0.00    0.00    0.00    0.00   0.00
loop4            0.00      0.00     0.00   0.00    0.00     0.00    0.00      0.00     0.00   0.00    0.00     0.00    0.00      0.00     0.00   0.00    0.00     0.00    0.00    0.00    0.00   0.00
loop5            0.00      0.00     0.00   0.00    0.00     0.00    0.00      0.00     0.00   0.00    0.00     0.00    0.00      0.00     0.00   0.00    0.00     0.00    0.00    0.00    0.00   0.00
loop6            0.00      0.00     0.00   0.00    0.00     0.00    0.00      0.00     0.00   0.00    0.00     0.00    0.00      0.00     0.00   0.00    0.00     0.00    0.00    0.00    0.00   0.00
loop7            0.00      0.00     0.00   0.00    0.00     0.00    0.00      0.00     0.00   0.00    0.00     0.00    0.00      0.00     0.00   0.00    0.00     0.00    0.00    0.00    0.00   0.00
sda              0.00      0.00     0.00   0.00    0.00     0.00   22.00    324.00    53.00  70.67    0.27    14.73    0.00      0.00     0.00   0.00    0.00     0.00    0.00    0.00    0.01   3.60
sdb              0.00      0.00     0.00   0.00    0.00     0.00 1055.00  27216.00   184.00  14.85    3.15    25.80    0.00      0.00     0.00   0.00    0.00     0.00    0.00    0.00    3.32  54.00


avg-cpu:  %user   %nice %system %iowait  %steal   %idle
           0.57    0.00    0.38    0.02    0.00   99.04

Device            r/s     rkB/s   rrqm/s  %rrqm r_await rareq-sz     w/s     wkB/s   wrqm/s  %wrqm w_await wareq-sz     d/s     dkB/s   drqm/s  %drqm d_await dareq-sz     f/s f_await  aqu-sz  %util
dm-0             0.00      0.00     0.00   0.00    0.00     0.00  582.00  11868.00     0.00   0.00    0.01    20.39    0.00      0.00     0.00   0.00    0.00     0.00    0.00    0.00    0.01  34.80
dm-1             0.00      0.00     0.00   0.00    0.00     0.00  576.00  11908.00     0.00   0.00    0.03    20.67    0.00      0.00     0.00   0.00    0.00     0.00    0.00    0.00    0.02  35.20
dm-2             0.00      0.00     0.00   0.00    0.00     0.00  257.00   1140.00     0.00   0.00    0.92     4.44    0.00      0.00     0.00   0.00    0.00     0.00    0.00    0.00    0.24   2.00
loop0            0.00      0.00     0.00   0.00    0.00     0.00    0.00      0.00     0.00   0.00    0.00     0.00    0.00      0.00     0.00   0.00    0.00     0.00    0.00    0.00    0.00   0.00
loop1            0.00      0.00     0.00   0.00    0.00     0.00    0.00      0.00     0.00   0.00    0.00     0.00    0.00      0.00     0.00   0.00    0.00     0.00    0.00    0.00    0.00   0.00
loop2            0.00      0.00     0.00   0.00    0.00     0.00    0.00      0.00     0.00   0.00    0.00     0.00    0.00      0.00     0.00   0.00    0.00     0.00    0.00    0.00    0.00   0.00
loop3            0.00      0.00     0.00   0.00    0.00     0.00    0.00      0.00     0.00   0.00    0.00     0.00    0.00      0.00     0.00   0.00    0.00     0.00    0.00    0.00    0.00   0.00
loop4            0.00      0.00     0.00   0.00    0.00     0.00    0.00      0.00     0.00   0.00    0.00     0.00    0.00      0.00     0.00   0.00    0.00     0.00    0.00    0.00    0.00   0.00
loop5            0.00      0.00     0.00   0.00    0.00     0.00    0.00      0.00     0.00   0.00    0.00     0.00    0.00      0.00     0.00   0.00    0.00     0.00    0.00    0.00    0.00   0.00
loop6            0.00      0.00     0.00   0.00    0.00     0.00    0.00      0.00     0.00   0.00    0.00     0.00    0.00      0.00     0.00   0.00    0.00     0.00    0.00    0.00    0.00   0.00
loop7            0.00      0.00     0.00   0.00    0.00     0.00    0.00      0.00     0.00   0.00    0.00     0.00    0.00      0.00     0.00   0.00    0.00     0.00    0.00    0.00    0.00   0.00
sda              0.00      0.00     0.00   0.00    0.00     0.00  228.00   1140.00    29.00  11.28    1.33     5.00    0.00      0.00     0.00   0.00    0.00     0.00    0.00    0.00    0.30   2.00
sdb              0.00      0.00     0.00   0.00    0.00     0.00 1004.00  23780.00   155.00  13.37    0.06    23.69    0.00      0.00     0.00   0.00    0.00     0.00    0.00    0.00    0.06  36.40


avg-cpu:  %user   %nice %system %iowait  %steal   %idle
           0.72    0.00    0.57    0.02    0.00   98.69

Device            r/s     rkB/s   rrqm/s  %rrqm r_await rareq-sz     w/s     wkB/s   wrqm/s  %wrqm w_await wareq-sz     d/s     dkB/s   drqm/s  %drqm d_await dareq-sz     f/s f_await  aqu-sz  %util
dm-0             0.00      0.00     0.00   0.00    0.00     0.00  841.00  16448.00     0.00   0.00    0.04    19.56    0.00      0.00     0.00   0.00    0.00     0.00    0.00    0.00    0.04  48.00
dm-1             0.00      0.00     0.00   0.00    0.00     0.00  835.00  16420.00     0.00   0.00    0.04    19.66    0.00      0.00     0.00   0.00    0.00     0.00    0.00    0.00    0.04  46.80
dm-2             0.00      0.00     0.00   0.00    0.00     0.00   55.00    228.00     0.00   0.00    0.00     4.15    0.00      0.00     0.00   0.00    0.00     0.00    0.00    0.00    0.00   1.60
loop0            0.00      0.00     0.00   0.00    0.00     0.00    0.00      0.00     0.00   0.00    0.00     0.00    0.00      0.00     0.00   0.00    0.00     0.00    0.00    0.00    0.00   0.00
loop1            0.00      0.00     0.00   0.00    0.00     0.00    0.00      0.00     0.00   0.00    0.00     0.00    0.00      0.00     0.00   0.00    0.00     0.00    0.00    0.00    0.00   0.00
loop2            0.00      0.00     0.00   0.00    0.00     0.00    0.00      0.00     0.00   0.00    0.00     0.00    0.00      0.00     0.00   0.00    0.00     0.00    0.00    0.00    0.00   0.00
loop3            0.00      0.00     0.00   0.00    0.00     0.00    0.00      0.00     0.00   0.00    0.00     0.00    0.00      0.00     0.00   0.00    0.00     0.00    0.00    0.00    0.00   0.00
loop4            0.00      0.00     0.00   0.00    0.00     0.00    0.00      0.00     0.00   0.00    0.00     0.00    0.00      0.00     0.00   0.00    0.00     0.00    0.00    0.00    0.00   0.00
loop5            0.00      0.00     0.00   0.00    0.00     0.00    0.00      0.00     0.00   0.00    0.00     0.00    0.00      0.00     0.00   0.00    0.00     0.00    0.00    0.00    0.00   0.00
loop6            0.00      0.00     0.00   0.00    0.00     0.00    0.00      0.00     0.00   0.00    0.00     0.00    0.00      0.00     0.00   0.00    0.00     0.00    0.00    0.00    0.00   0.00
loop7            0.00      0.00     0.00   0.00    0.00     0.00    0.00      0.00     0.00   0.00    0.00     0.00    0.00      0.00     0.00   0.00    0.00     0.00    0.00    0.00    0.00   0.00
sda              0.00      0.00     0.00   0.00    0.00     0.00   14.00    228.00    41.00  74.55    0.07    16.29    0.00      0.00     0.00   0.00    0.00     0.00    0.00    0.00    0.00   1.60
sdb              0.00      0.00     0.00   0.00    0.00     0.00 1444.00  32868.00   232.00  13.84    0.05    22.76    0.00      0.00     0.00   0.00    0.00     0.00    0.00    0.00    0.08  48.40


avg-cpu:  %user   %nice %system %iowait  %steal   %idle
           0.77    0.00    0.55    0.00    0.00   98.68

Device            r/s     rkB/s   rrqm/s  %rrqm r_await rareq-sz     w/s     wkB/s   wrqm/s  %wrqm w_await wareq-sz     d/s     dkB/s   drqm/s  %drqm d_await dareq-sz     f/s f_await  aqu-sz  %util
dm-0             0.00      0.00     0.00   0.00    0.00     0.00  796.00  15784.00     0.00   0.00    0.07    19.83    0.00      0.00     0.00   0.00    0.00     0.00    0.00    0.00    0.06  48.80
dm-1             0.00      0.00     0.00   0.00    0.00     0.00  796.00  15784.00     0.00   0.00    0.08    19.83    0.00      0.00     0.00   0.00    0.00     0.00    0.00    0.00    0.06  48.40
dm-2             0.00      0.00     0.00   0.00    0.00     0.00   27.00    120.00     0.00   0.00    0.00     4.44    0.00      0.00     0.00   0.00    0.00     0.00    0.00    0.00    0.00   1.20
loop0            0.00      0.00     0.00   0.00    0.00     0.00    0.00      0.00     0.00   0.00    0.00     0.00    0.00      0.00     0.00   0.00    0.00     0.00    0.00    0.00    0.00   0.00
loop1            0.00      0.00     0.00   0.00    0.00     0.00    0.00      0.00     0.00   0.00    0.00     0.00    0.00      0.00     0.00   0.00    0.00     0.00    0.00    0.00    0.00   0.00
loop2            0.00      0.00     0.00   0.00    0.00     0.00    0.00      0.00     0.00   0.00    0.00     0.00    0.00      0.00     0.00   0.00    0.00     0.00    0.00    0.00    0.00   0.00
loop3            0.00      0.00     0.00   0.00    0.00     0.00    0.00      0.00     0.00   0.00    0.00     0.00    0.00      0.00     0.00   0.00    0.00     0.00    0.00    0.00    0.00   0.00
loop4            0.00      0.00     0.00   0.00    0.00     0.00    0.00      0.00     0.00   0.00    0.00     0.00    0.00      0.00     0.00   0.00    0.00     0.00    0.00    0.00    0.00   0.00
loop5            0.00      0.00     0.00   0.00    0.00     0.00    0.00      0.00     0.00   0.00    0.00     0.00    0.00      0.00     0.00   0.00    0.00     0.00    0.00    0.00    0.00   0.00
loop6            0.00      0.00     0.00   0.00    0.00     0.00    0.00      0.00     0.00   0.00    0.00     0.00    0.00      0.00     0.00   0.00    0.00     0.00    0.00    0.00    0.00   0.00
loop7            0.00      0.00     0.00   0.00    0.00     0.00    0.00      0.00     0.00   0.00    0.00     0.00    0.00      0.00     0.00   0.00    0.00     0.00    0.00    0.00    0.00   0.00
sda              0.00      0.00     0.00   0.00    0.00     0.00   19.00    120.00     8.00  29.63    0.21     6.32    0.00      0.00     0.00   0.00    0.00     0.00    0.00    0.00    0.00   1.20
sdb              0.00      0.00     0.00   0.00    0.00     0.00 1372.00  31568.00   220.00  13.82    0.06    23.01    0.00      0.00     0.00   0.00    0.00     0.00    0.00    0.00    0.08  49.20


avg-cpu:  %user   %nice %system %iowait  %steal   %idle
           0.45    0.00    0.41    0.02    0.00   99.12

Device            r/s     rkB/s   rrqm/s  %rrqm r_await rareq-sz     w/s     wkB/s   wrqm/s  %wrqm w_await wareq-sz     d/s     dkB/s   drqm/s  %drqm d_await dareq-sz     f/s f_await  aqu-sz  %util
dm-0             0.00      0.00     0.00   0.00    0.00     0.00  517.00  10588.00     0.00   0.00    0.05    20.48    0.00      0.00     0.00   0.00    0.00     0.00    0.00    0.00    0.02  32.00
dm-1             0.00      0.00     0.00   0.00    0.00     0.00  517.00  10588.00     0.00   0.00    0.04    20.48    0.00      0.00     0.00   0.00    0.00     0.00    0.00    0.00    0.02  31.60
dm-2             0.00      0.00     0.00   0.00    0.00     0.00   43.00    172.00     0.00   0.00    0.00     4.00    0.00      0.00     0.00   0.00    0.00     0.00    0.00    0.00    0.00   0.80
loop0            0.00      0.00     0.00   0.00    0.00     0.00    0.00      0.00     0.00   0.00    0.00     0.00    0.00      0.00     0.00   0.00    0.00     0.00    0.00    0.00    0.00   0.00
loop1            0.00      0.00     0.00   0.00    0.00     0.00    0.00      0.00     0.00   0.00    0.00     0.00    0.00      0.00     0.00   0.00    0.00     0.00    0.00    0.00    0.00   0.00
loop2            0.00      0.00     0.00   0.00    0.00     0.00    0.00      0.00     0.00   0.00    0.00     0.00    0.00      0.00     0.00   0.00    0.00     0.00    0.00    0.00    0.00   0.00
loop3            0.00      0.00     0.00   0.00    0.00     0.00    0.00      0.00     0.00   0.00    0.00     0.00    0.00      0.00     0.00   0.00    0.00     0.00    0.00    0.00    0.00   0.00
loop4            0.00      0.00     0.00   0.00    0.00     0.00    0.00      0.00     0.00   0.00    0.00     0.00    0.00      0.00     0.00   0.00    0.00     0.00    0.00    0.00    0.00   0.00
loop5            0.00      0.00     0.00   0.00    0.00     0.00    0.00      0.00     0.00   0.00    0.00     0.00    0.00      0.00     0.00   0.00    0.00     0.00    0.00    0.00    0.00   0.00
loop6            0.00      0.00     0.00   0.00    0.00     0.00    0.00      0.00     0.00   0.00    0.00     0.00    0.00      0.00     0.00   0.00    0.00     0.00    0.00    0.00    0.00   0.00
loop7            0.00      0.00     0.00   0.00    0.00     0.00    0.00      0.00     0.00   0.00    0.00     0.00    0.00      0.00     0.00   0.00    0.00     0.00    0.00    0.00    0.00   0.00
sda              0.00      0.00     0.00   0.00    0.00     0.00   11.00    172.00    32.00  74.42    0.00    15.64    0.00      0.00     0.00   0.00    0.00     0.00    0.00    0.00    0.00   0.80
sdb              0.00      0.00     0.00   0.00    0.00     0.00  908.00  21176.00   126.00  12.19    0.06    23.32    0.00      0.00     0.00   0.00    0.00     0.00    0.00    0.00    0.05  32.00


avg-cpu:  %user   %nice %system %iowait  %steal   %idle
           0.75    0.00    0.58    0.02    0.00   98.65

Device            r/s     rkB/s   rrqm/s  %rrqm r_await rareq-sz     w/s     wkB/s   wrqm/s  %wrqm w_await wareq-sz     d/s     dkB/s   drqm/s  %drqm d_await dareq-sz     f/s f_await  aqu-sz  %util
dm-0             0.00      0.00     0.00   0.00    0.00     0.00  742.00  14728.00     0.00   0.00    0.04    19.85    0.00      0.00     0.00   0.00    0.00     0.00    0.00    0.00    0.03  44.00
dm-1             0.00      0.00     0.00   0.00    0.00     0.00  731.00  14624.00     0.00   0.00    0.04    20.01    0.00      0.00     0.00   0.00    0.00     0.00    0.00    0.00    0.03  44.40
dm-2             0.00      0.00     0.00   0.00    0.00     0.00   67.00    296.00     0.00   0.00    0.00     4.42    0.00      0.00     0.00   0.00    0.00     0.00    0.00    0.00    0.00   3.20
loop0            0.00      0.00     0.00   0.00    0.00     0.00    0.00      0.00     0.00   0.00    0.00     0.00    0.00      0.00     0.00   0.00    0.00     0.00    0.00    0.00    0.00   0.00
loop1            0.00      0.00     0.00   0.00    0.00     0.00    0.00      0.00     0.00   0.00    0.00     0.00    0.00      0.00     0.00   0.00    0.00     0.00    0.00    0.00    0.00   0.00
loop2            0.00      0.00     0.00   0.00    0.00     0.00    0.00      0.00     0.00   0.00    0.00     0.00    0.00      0.00     0.00   0.00    0.00     0.00    0.00    0.00    0.00   0.00
loop3            0.00      0.00     0.00   0.00    0.00     0.00    0.00      0.00     0.00   0.00    0.00     0.00    0.00      0.00     0.00   0.00    0.00     0.00    0.00    0.00    0.00   0.00
loop4            0.00      0.00     0.00   0.00    0.00     0.00    0.00      0.00     0.00   0.00    0.00     0.00    0.00      0.00     0.00   0.00    0.00     0.00    0.00    0.00    0.00   0.00
loop5            0.00      0.00     0.00   0.00    0.00     0.00    0.00      0.00     0.00   0.00    0.00     0.00    0.00      0.00     0.00   0.00    0.00     0.00    0.00    0.00    0.00   0.00
loop6            0.00      0.00     0.00   0.00    0.00     0.00    0.00      0.00     0.00   0.00    0.00     0.00    0.00      0.00     0.00   0.00    0.00     0.00    0.00    0.00    0.00   0.00
loop7            0.00      0.00     0.00   0.00    0.00     0.00    0.00      0.00     0.00   0.00    0.00     0.00    0.00      0.00     0.00   0.00    0.00     0.00    0.00    0.00    0.00   0.00
sda              0.00      0.00     0.00   0.00    0.00     0.00   22.00    296.00    45.00  67.16    0.32    13.45    0.00      0.00     0.00   0.00    0.00     0.00    0.00    0.00    0.01   3.20
sdb              0.00      0.00     0.00   0.00    0.00     0.00 1264.00  29288.00   208.00  14.13    0.06    23.17    0.00      0.00     0.00   0.00    0.00     0.00    0.00    0.00    0.07  46.00


avg-cpu:  %user   %nice %system %iowait  %steal   %idle
           0.67    0.00    0.71    0.02    0.00   98.60

Device            r/s     rkB/s   rrqm/s  %rrqm r_await rareq-sz     w/s     wkB/s   wrqm/s  %wrqm w_await wareq-sz     d/s     dkB/s   drqm/s  %drqm d_await dareq-sz     f/s f_await  aqu-sz  %util
dm-0             0.00      0.00     0.00   0.00    0.00     0.00  783.00  15612.00     0.00   0.00    0.04    19.94    0.00      0.00     0.00   0.00    0.00     0.00    0.00    0.00    0.03  44.00
dm-1             0.00      0.00     0.00   0.00    0.00     0.00  791.00  15828.00     0.00   0.00    0.08    20.01    0.00      0.00     0.00   0.00    0.00     0.00    0.00    0.00    0.06  45.60
dm-2             0.00      0.00     0.00   0.00    0.00     0.00  293.00   1288.00     0.00   0.00    0.51     4.40    0.00      0.00     0.00   0.00    0.00     0.00    0.00    0.00    0.15   1.60
loop0            0.00      0.00     0.00   0.00    0.00     0.00    0.00      0.00     0.00   0.00    0.00     0.00    0.00      0.00     0.00   0.00    0.00     0.00    0.00    0.00    0.00   0.00
loop1            0.00      0.00     0.00   0.00    0.00     0.00    0.00      0.00     0.00   0.00    0.00     0.00    0.00      0.00     0.00   0.00    0.00     0.00    0.00    0.00    0.00   0.00
loop2            0.00      0.00     0.00   0.00    0.00     0.00    0.00      0.00     0.00   0.00    0.00     0.00    0.00      0.00     0.00   0.00    0.00     0.00    0.00    0.00    0.00   0.00
loop3            0.00      0.00     0.00   0.00    0.00     0.00    0.00      0.00     0.00   0.00    0.00     0.00    0.00      0.00     0.00   0.00    0.00     0.00    0.00    0.00    0.00   0.00
loop4            0.00      0.00     0.00   0.00    0.00     0.00    0.00      0.00     0.00   0.00    0.00     0.00    0.00      0.00     0.00   0.00    0.00     0.00    0.00    0.00    0.00   0.00
loop5            0.00      0.00     0.00   0.00    0.00     0.00    0.00      0.00     0.00   0.00    0.00     0.00    0.00      0.00     0.00   0.00    0.00     0.00    0.00    0.00    0.00   0.00
loop6            0.00      0.00     0.00   0.00    0.00     0.00    0.00      0.00     0.00   0.00    0.00     0.00    0.00      0.00     0.00   0.00    0.00     0.00    0.00    0.00    0.00   0.00
loop7            0.00      0.00     0.00   0.00    0.00     0.00    0.00      0.00     0.00   0.00    0.00     0.00    0.00      0.00     0.00   0.00    0.00     0.00    0.00    0.00    0.00   0.00
sda              0.00      0.00     0.00   0.00    0.00     0.00  258.00   1288.00    35.00  11.95    1.02     4.99    0.00      0.00     0.00   0.00    0.00     0.00    0.00    0.00    0.26   1.60
sdb              0.00      0.00     0.00   0.00    0.00     0.00 1364.00  31504.00   211.00  13.40    0.06    23.10    0.00      0.00     0.00   0.00    0.00     0.00    0.00    0.00    0.08  45.60


avg-cpu:  %user   %nice %system %iowait  %steal   %idle
           0.71    0.00    0.45    0.00    0.00   98.84

Device            r/s     rkB/s   rrqm/s  %rrqm r_await rareq-sz     w/s     wkB/s   wrqm/s  %wrqm w_await wareq-sz     d/s     dkB/s   drqm/s  %drqm d_await dareq-sz     f/s f_await  aqu-sz  %util
dm-0             0.00      0.00     0.00   0.00    0.00     0.00  570.00  11704.00     0.00   0.00    0.04    20.53    0.00      0.00     0.00   0.00    0.00     0.00    0.00    0.00    0.02  34.00
dm-1             0.00      0.00     0.00   0.00    0.00     0.00  573.00  11712.00     0.00   0.00    0.07    20.44    0.00      0.00     0.00   0.00    0.00     0.00    0.00    0.00    0.04  34.80
dm-2             0.00      0.00     0.00   0.00    0.00     0.00   59.00    252.00     0.00   0.00    0.00     4.27    0.00      0.00     0.00   0.00    0.00     0.00    0.00    0.00    0.00   1.60
loop0            0.00      0.00     0.00   0.00    0.00     0.00    0.00      0.00     0.00   0.00    0.00     0.00    0.00      0.00     0.00   0.00    0.00     0.00    0.00    0.00    0.00   0.00
loop1            0.00      0.00     0.00   0.00    0.00     0.00    0.00      0.00     0.00   0.00    0.00     0.00    0.00      0.00     0.00   0.00    0.00     0.00    0.00    0.00    0.00   0.00
loop2            0.00      0.00     0.00   0.00    0.00     0.00    0.00      0.00     0.00   0.00    0.00     0.00    0.00      0.00     0.00   0.00    0.00     0.00    0.00    0.00    0.00   0.00
loop3            0.00      0.00     0.00   0.00    0.00     0.00    0.00      0.00     0.00   0.00    0.00     0.00    0.00      0.00     0.00   0.00    0.00     0.00    0.00    0.00    0.00   0.00
loop4            0.00      0.00     0.00   0.00    0.00     0.00    0.00      0.00     0.00   0.00    0.00     0.00    0.00      0.00     0.00   0.00    0.00     0.00    0.00    0.00    0.00   0.00
loop5            0.00      0.00     0.00   0.00    0.00     0.00    0.00      0.00     0.00   0.00    0.00     0.00    0.00      0.00     0.00   0.00    0.00     0.00    0.00    0.00    0.00   0.00
loop6            0.00      0.00     0.00   0.00    0.00     0.00    0.00      0.00     0.00   0.00    0.00     0.00    0.00      0.00     0.00   0.00    0.00     0.00    0.00    0.00    0.00   0.00
loop7            0.00      0.00     0.00   0.00    0.00     0.00    0.00      0.00     0.00   0.00    0.00     0.00    0.00      0.00     0.00   0.00    0.00     0.00    0.00    0.00    0.00   0.00
sda              0.00      0.00     0.00   0.00    0.00     0.00   17.00    252.00    42.00  71.19    0.12    14.82    0.00      0.00     0.00   0.00    0.00     0.00    0.00    0.00    0.00   1.60
sdb              0.00      0.00     0.00   0.00    0.00     0.00  994.00  23416.00   149.00  13.04    0.06    23.56    0.00      0.00     0.00   0.00    0.00     0.00    0.00    0.00    0.06  34.80


avg-cpu:  %user   %nice %system %iowait  %steal   %idle
           0.64    0.00    0.58    0.02    0.00   98.76

Device            r/s     rkB/s   rrqm/s  %rrqm r_await rareq-sz     w/s     wkB/s   wrqm/s  %wrqm w_await wareq-sz     d/s     dkB/s   drqm/s  %drqm d_await dareq-sz     f/s f_await  aqu-sz  %util
dm-0             0.00      0.00     0.00   0.00    0.00     0.00  734.00  14996.00     0.00   0.00    0.04    20.43    0.00      0.00     0.00   0.00    0.00     0.00    0.00    0.00    0.03  46.00
dm-1             0.00      0.00     0.00   0.00    0.00     0.00  742.00  15028.00     0.00   0.00    0.03    20.25    0.00      0.00     0.00   0.00    0.00     0.00    0.00    0.00    0.02  44.40
dm-2             0.00      0.00     0.00   0.00    0.00     0.00   50.00    204.00     0.00   0.00    0.00     4.08    0.00      0.00     0.00   0.00    0.00     0.00    0.00    0.00    0.00   1.60
loop0            0.00      0.00     0.00   0.00    0.00     0.00    0.00      0.00     0.00   0.00    0.00     0.00    0.00      0.00     0.00   0.00    0.00     0.00    0.00    0.00    0.00   0.00
loop1            0.00      0.00     0.00   0.00    0.00     0.00    0.00      0.00     0.00   0.00    0.00     0.00    0.00      0.00     0.00   0.00    0.00     0.00    0.00    0.00    0.00   0.00
loop2            0.00      0.00     0.00   0.00    0.00     0.00    0.00      0.00     0.00   0.00    0.00     0.00    0.00      0.00     0.00   0.00    0.00     0.00    0.00    0.00    0.00   0.00
loop3            0.00      0.00     0.00   0.00    0.00     0.00    0.00      0.00     0.00   0.00    0.00     0.00    0.00      0.00     0.00   0.00    0.00     0.00    0.00    0.00    0.00   0.00
loop4            0.00      0.00     0.00   0.00    0.00     0.00    0.00      0.00     0.00   0.00    0.00     0.00    0.00      0.00     0.00   0.00    0.00     0.00    0.00    0.00    0.00   0.00
loop5            0.00      0.00     0.00   0.00    0.00     0.00    0.00      0.00     0.00   0.00    0.00     0.00    0.00      0.00     0.00   0.00    0.00     0.00    0.00    0.00    0.00   0.00
loop6            0.00      0.00     0.00   0.00    0.00     0.00    0.00      0.00     0.00   0.00    0.00     0.00    0.00      0.00     0.00   0.00    0.00     0.00    0.00    0.00    0.00   0.00
loop7            0.00      0.00     0.00   0.00    0.00     0.00    0.00      0.00     0.00   0.00    0.00     0.00    0.00      0.00     0.00   0.00    0.00     0.00    0.00    0.00    0.00   0.00
sda              0.00      0.00     0.00   0.00    0.00     0.00   14.00    204.00    36.00  72.00    0.07    14.57    0.00      0.00     0.00   0.00    0.00     0.00    0.00    0.00    0.00   1.60
sdb              0.00      0.00     0.00   0.00    0.00     0.00 1274.00  30024.00   202.00  13.69    0.06    23.57    0.00      0.00     0.00   0.00    0.00     0.00    0.00    0.00    0.07  46.00


avg-cpu:  %user   %nice %system %iowait  %steal   %idle
           0.60    0.00    0.55    0.02    0.00   98.84

Device            r/s     rkB/s   rrqm/s  %rrqm r_await rareq-sz     w/s     wkB/s   wrqm/s  %wrqm w_await wareq-sz     d/s     dkB/s   drqm/s  %drqm d_await dareq-sz     f/s f_await  aqu-sz  %util
dm-0             0.00      0.00     0.00   0.00    0.00     0.00  715.00  14320.00     0.00   0.00    0.07    20.03    0.00      0.00     0.00   0.00    0.00     0.00    0.00    0.00    0.05  44.00
dm-1             0.00      0.00     0.00   0.00    0.00     0.00  718.00  14332.00     0.00   0.00    0.10    19.96    0.00      0.00     0.00   0.00    0.00     0.00    0.00    0.00    0.07  43.60
dm-2             0.00      0.00     0.00   0.00    0.00     0.00   77.00    324.00     0.00   0.00    0.00     4.21    0.00      0.00     0.00   0.00    0.00     0.00    0.00    0.00    0.00   2.00
loop0            0.00      0.00     0.00   0.00    0.00     0.00    0.00      0.00     0.00   0.00    0.00     0.00    0.00      0.00     0.00   0.00    0.00     0.00    0.00    0.00    0.00   0.00
loop1            0.00      0.00     0.00   0.00    0.00     0.00    0.00      0.00     0.00   0.00    0.00     0.00    0.00      0.00     0.00   0.00    0.00     0.00    0.00    0.00    0.00   0.00
loop2            0.00      0.00     0.00   0.00    0.00     0.00    0.00      0.00     0.00   0.00    0.00     0.00    0.00      0.00     0.00   0.00    0.00     0.00    0.00    0.00    0.00   0.00
loop3            0.00      0.00     0.00   0.00    0.00     0.00    0.00      0.00     0.00   0.00    0.00     0.00    0.00      0.00     0.00   0.00    0.00     0.00    0.00    0.00    0.00   0.00
loop4            0.00      0.00     0.00   0.00    0.00     0.00    0.00      0.00     0.00   0.00    0.00     0.00    0.00      0.00     0.00   0.00    0.00     0.00    0.00    0.00    0.00   0.00
loop5            0.00      0.00     0.00   0.00    0.00     0.00    0.00      0.00     0.00   0.00    0.00     0.00    0.00      0.00     0.00   0.00    0.00     0.00    0.00    0.00    0.00   0.00
loop6            0.00      0.00     0.00   0.00    0.00     0.00    0.00      0.00     0.00   0.00    0.00     0.00    0.00      0.00     0.00   0.00    0.00     0.00    0.00    0.00    0.00   0.00
loop7            0.00      0.00     0.00   0.00    0.00     0.00    0.00      0.00     0.00   0.00    0.00     0.00    0.00      0.00     0.00   0.00    0.00     0.00    0.00    0.00    0.00   0.00
sda              0.00      0.00     0.00   0.00    0.00     0.00   30.00    324.00    47.00  61.04    1.13    10.80    0.00      0.00     0.00   0.00    0.00     0.00    0.00    0.00    0.03   2.00
sdb              0.00      0.00     0.00   0.00    0.00     0.00 1226.00  28644.00   205.00  14.33    0.06    23.36    0.00      0.00     0.00   0.00    0.00     0.00    0.00    0.00    0.07  44.40


avg-cpu:  %user   %nice %system %iowait  %steal   %idle
           0.85    0.00    0.63    0.02    0.00   98.51

Device            r/s     rkB/s   rrqm/s  %rrqm r_await rareq-sz     w/s     wkB/s   wrqm/s  %wrqm w_await wareq-sz     d/s     dkB/s   drqm/s  %drqm d_await dareq-sz     f/s f_await  aqu-sz  %util
dm-0             0.00      0.00     0.00   0.00    0.00     0.00  799.00  16096.00     0.00   0.00    0.07    20.15    0.00      0.00     0.00   0.00    0.00     0.00    0.00    0.00    0.06  46.80
dm-1             0.00      0.00     0.00   0.00    0.00     0.00  779.00  16020.00     0.00   0.00    0.07    20.56    0.00      0.00     0.00   0.00    0.00     0.00    0.00    0.00    0.05  46.00
dm-2             0.00      0.00     0.00   0.00    0.00     0.00   53.00    220.00     0.00   0.00    0.15     4.15    0.00      0.00     0.00   0.00    0.00     0.00    0.00    0.00    0.01   2.00
loop0            0.00      0.00     0.00   0.00    0.00     0.00    0.00      0.00     0.00   0.00    0.00     0.00    0.00      0.00     0.00   0.00    0.00     0.00    0.00    0.00    0.00   0.00
loop1            0.00      0.00     0.00   0.00    0.00     0.00    0.00      0.00     0.00   0.00    0.00     0.00    0.00      0.00     0.00   0.00    0.00     0.00    0.00    0.00    0.00   0.00
loop2            0.00      0.00     0.00   0.00    0.00     0.00    0.00      0.00     0.00   0.00    0.00     0.00    0.00      0.00     0.00   0.00    0.00     0.00    0.00    0.00    0.00   0.00
loop3            0.00      0.00     0.00   0.00    0.00     0.00    0.00      0.00     0.00   0.00    0.00     0.00    0.00      0.00     0.00   0.00    0.00     0.00    0.00    0.00    0.00   0.00
loop4            0.00      0.00     0.00   0.00    0.00     0.00    0.00      0.00     0.00   0.00    0.00     0.00    0.00      0.00     0.00   0.00    0.00     0.00    0.00    0.00    0.00   0.00
loop5            0.00      0.00     0.00   0.00    0.00     0.00    0.00      0.00     0.00   0.00    0.00     0.00    0.00      0.00     0.00   0.00    0.00     0.00    0.00    0.00    0.00   0.00
loop6            0.00      0.00     0.00   0.00    0.00     0.00    0.00      0.00     0.00   0.00    0.00     0.00    0.00      0.00     0.00   0.00    0.00     0.00    0.00    0.00    0.00   0.00
loop7            0.00      0.00     0.00   0.00    0.00     0.00    0.00      0.00     0.00   0.00    0.00     0.00    0.00      0.00     0.00   0.00    0.00     0.00    0.00    0.00    0.00   0.00
sda              0.00      0.00     0.00   0.00    0.00     0.00   16.00    220.00    37.00  69.81    0.19    13.75    0.00      0.00     0.00   0.00    0.00     0.00    0.00    0.00    0.00   2.00
sdb              0.00      0.00     0.00   0.00    0.00     0.00 1364.00  32124.00   216.00  13.67    0.06    23.55    0.00      0.00     0.00   0.00    0.00     0.00    0.00    0.00    0.08  47.60


avg-cpu:  %user   %nice %system %iowait  %steal   %idle
           0.33    0.00    0.34    0.00    0.00   99.33

Device            r/s     rkB/s   rrqm/s  %rrqm r_await rareq-sz     w/s     wkB/s   wrqm/s  %wrqm w_await wareq-sz     d/s     dkB/s   drqm/s  %drqm d_await dareq-sz     f/s f_await  aqu-sz  %util
dm-0             0.00      0.00     0.00   0.00    0.00     0.00  371.00   7484.00     0.00   0.00    0.05    20.17    0.00      0.00     0.00   0.00    0.00     0.00    0.00    0.00    0.02  24.80
dm-1             0.00      0.00     0.00   0.00    0.00     0.00  372.00   7488.00     0.00   0.00    0.09    20.13    0.00      0.00     0.00   0.00    0.00     0.00    0.00    0.00    0.03  24.00
dm-2             0.00      0.00     0.00   0.00    0.00     0.00   65.00    276.00     0.00   0.00    0.00     4.25    0.00      0.00     0.00   0.00    0.00     0.00    0.00    0.00    0.00   1.60
loop0            0.00      0.00     0.00   0.00    0.00     0.00    0.00      0.00     0.00   0.00    0.00     0.00    0.00      0.00     0.00   0.00    0.00     0.00    0.00    0.00    0.00   0.00
loop1            0.00      0.00     0.00   0.00    0.00     0.00    0.00      0.00     0.00   0.00    0.00     0.00    0.00      0.00     0.00   0.00    0.00     0.00    0.00    0.00    0.00   0.00
loop2            0.00      0.00     0.00   0.00    0.00     0.00    0.00      0.00     0.00   0.00    0.00     0.00    0.00      0.00     0.00   0.00    0.00     0.00    0.00    0.00    0.00   0.00
loop3            0.00      0.00     0.00   0.00    0.00     0.00    0.00      0.00     0.00   0.00    0.00     0.00    0.00      0.00     0.00   0.00    0.00     0.00    0.00    0.00    0.00   0.00
loop4            0.00      0.00     0.00   0.00    0.00     0.00    0.00      0.00     0.00   0.00    0.00     0.00    0.00      0.00     0.00   0.00    0.00     0.00    0.00    0.00    0.00   0.00
loop5            0.00      0.00     0.00   0.00    0.00     0.00    0.00      0.00     0.00   0.00    0.00     0.00    0.00      0.00     0.00   0.00    0.00     0.00    0.00    0.00    0.00   0.00
loop6            0.00      0.00     0.00   0.00    0.00     0.00    0.00      0.00     0.00   0.00    0.00     0.00    0.00      0.00     0.00   0.00    0.00     0.00    0.00    0.00    0.00   0.00
loop7            0.00      0.00     0.00   0.00    0.00     0.00    0.00      0.00     0.00   0.00    0.00     0.00    0.00      0.00     0.00   0.00    0.00     0.00    0.00    0.00    0.00   0.00
sda              0.00      0.00     0.00   0.00    0.00     0.00   17.00    276.00    48.00  73.85    0.06    16.24    0.00      0.00     0.00   0.00    0.00     0.00    0.00    0.00    0.00   1.60
sdb              0.00      0.00     0.00   0.00    0.00     0.00  642.00  14972.00   101.00  13.59    0.06    23.32    0.00      0.00     0.00   0.00    0.00     0.00    0.00    0.00    0.04  25.20


avg-cpu:  %user   %nice %system %iowait  %steal   %idle
           0.82    0.00    0.77    0.02    0.00   98.40

Device            r/s     rkB/s   rrqm/s  %rrqm r_await rareq-sz     w/s     wkB/s   wrqm/s  %wrqm w_await wareq-sz     d/s     dkB/s   drqm/s  %drqm d_await dareq-sz     f/s f_await  aqu-sz  %util
dm-0             0.00      0.00     0.00   0.00    0.00     0.00  864.00  17020.00     0.00   0.00    0.06    19.70    0.00      0.00     0.00   0.00    0.00     0.00    0.00    0.00    0.05  50.00
dm-1             0.00      0.00     0.00   0.00    0.00     0.00  849.00  16956.00     0.00   0.00    0.06    19.97    0.00      0.00     0.00   0.00    0.00     0.00    0.00    0.00    0.05  49.20
dm-2             0.00      0.00     0.00   0.00    0.00     0.00  263.00   1184.00     0.00   0.00    0.79     4.50    0.00      0.00     0.00   0.00    0.00     0.00    0.00    0.00    0.21   2.00
loop0            0.00      0.00     0.00   0.00    0.00     0.00    0.00      0.00     0.00   0.00    0.00     0.00    0.00      0.00     0.00   0.00    0.00     0.00    0.00    0.00    0.00   0.00
loop1            0.00      0.00     0.00   0.00    0.00     0.00    0.00      0.00     0.00   0.00    0.00     0.00    0.00      0.00     0.00   0.00    0.00     0.00    0.00    0.00    0.00   0.00
loop2            0.00      0.00     0.00   0.00    0.00     0.00    0.00      0.00     0.00   0.00    0.00     0.00    0.00      0.00     0.00   0.00    0.00     0.00    0.00    0.00    0.00   0.00
loop3            0.00      0.00     0.00   0.00    0.00     0.00    0.00      0.00     0.00   0.00    0.00     0.00    0.00      0.00     0.00   0.00    0.00     0.00    0.00    0.00    0.00   0.00
loop4            0.00      0.00     0.00   0.00    0.00     0.00    0.00      0.00     0.00   0.00    0.00     0.00    0.00      0.00     0.00   0.00    0.00     0.00    0.00    0.00    0.00   0.00
loop5            0.00      0.00     0.00   0.00    0.00     0.00    0.00      0.00     0.00   0.00    0.00     0.00    0.00      0.00     0.00   0.00    0.00     0.00    0.00    0.00    0.00   0.00
loop6            0.00      0.00     0.00   0.00    0.00     0.00    0.00      0.00     0.00   0.00    0.00     0.00    0.00      0.00     0.00   0.00    0.00     0.00    0.00    0.00    0.00   0.00
loop7            0.00      0.00     0.00   0.00    0.00     0.00    0.00      0.00     0.00   0.00    0.00     0.00    0.00      0.00     0.00   0.00    0.00     0.00    0.00    0.00    0.00   0.00
sda              0.00      0.00     0.00   0.00    0.00     0.00  233.00   1184.00    30.00  11.41    1.07     5.08    0.00      0.00     0.00   0.00    0.00     0.00    0.00    0.00    0.25   2.00
sdb              0.00      0.00     0.00   0.00    0.00     0.00 1480.00  33976.00   233.00  13.60    0.06    22.96    0.00      0.00     0.00   0.00    0.00     0.00    0.00    0.00    0.08  49.60


avg-cpu:  %user   %nice %system %iowait  %steal   %idle
           0.82    0.00    0.75    0.02    0.00   98.42

Device            r/s     rkB/s   rrqm/s  %rrqm r_await rareq-sz     w/s     wkB/s   wrqm/s  %wrqm w_await wareq-sz     d/s     dkB/s   drqm/s  %drqm d_await dareq-sz     f/s f_await  aqu-sz  %util
dm-0             0.00      0.00     0.00   0.00    0.00     0.00  777.00  15408.00     0.00   0.00    0.07    19.83    0.00      0.00     0.00   0.00    0.00     0.00    0.00    0.00    0.05  44.80
dm-1             0.00      0.00     0.00   0.00    0.00     0.00  763.00  15352.00     0.00   0.00    0.07    20.12    0.00      0.00     0.00   0.00    0.00     0.00    0.00    0.00    0.05  45.60
dm-2             0.00      0.00     0.00   0.00    0.00     0.00   57.00    248.00     0.00   0.00    0.07     4.35    0.00      0.00     0.00   0.00    0.00     0.00    0.00    0.00    0.00   2.00
loop0            0.00      0.00     0.00   0.00    0.00     0.00    0.00      0.00     0.00   0.00    0.00     0.00    0.00      0.00     0.00   0.00    0.00     0.00    0.00    0.00    0.00   0.00
loop1            0.00      0.00     0.00   0.00    0.00     0.00    0.00      0.00     0.00   0.00    0.00     0.00    0.00      0.00     0.00   0.00    0.00     0.00    0.00    0.00    0.00   0.00
loop2            0.00      0.00     0.00   0.00    0.00     0.00    0.00      0.00     0.00   0.00    0.00     0.00    0.00      0.00     0.00   0.00    0.00     0.00    0.00    0.00    0.00   0.00
loop3            0.00      0.00     0.00   0.00    0.00     0.00    0.00      0.00     0.00   0.00    0.00     0.00    0.00      0.00     0.00   0.00    0.00     0.00    0.00    0.00    0.00   0.00
loop4            0.00      0.00     0.00   0.00    0.00     0.00    0.00      0.00     0.00   0.00    0.00     0.00    0.00      0.00     0.00   0.00    0.00     0.00    0.00    0.00    0.00   0.00
loop5            0.00      0.00     0.00   0.00    0.00     0.00    0.00      0.00     0.00   0.00    0.00     0.00    0.00      0.00     0.00   0.00    0.00     0.00    0.00    0.00    0.00   0.00
loop6            0.00      0.00     0.00   0.00    0.00     0.00    0.00      0.00     0.00   0.00    0.00     0.00    0.00      0.00     0.00   0.00    0.00     0.00    0.00    0.00    0.00   0.00
loop7            0.00      0.00     0.00   0.00    0.00     0.00    0.00      0.00     0.00   0.00    0.00     0.00    0.00      0.00     0.00   0.00    0.00     0.00    0.00    0.00    0.00   0.00
sda              0.00      0.00     0.00   0.00    0.00     0.00   17.00    248.00    40.00  70.18    0.06    14.59    0.00      0.00     0.00   0.00    0.00     0.00    0.00    0.00    0.00   2.00
sdb              0.00      0.00     0.00   0.00    0.00     0.00 1327.00  30760.00   213.00  13.83    0.06    23.18    0.00      0.00     0.00   0.00    0.00     0.00    0.00    0.00    0.07  46.40


avg-cpu:  %user   %nice %system %iowait  %steal   %idle
           0.60    0.00    0.45    0.02    0.00   98.94

Device            r/s     rkB/s   rrqm/s  %rrqm r_await rareq-sz     w/s     wkB/s   wrqm/s  %wrqm w_await wareq-sz     d/s     dkB/s   drqm/s  %drqm d_await dareq-sz     f/s f_await  aqu-sz  %util
dm-0             0.00      0.00     0.00   0.00    0.00     0.00  505.00  10180.00     0.00   0.00    0.04    20.16    0.00      0.00     0.00   0.00    0.00     0.00    0.00    0.00    0.02  31.60
dm-1             0.00      0.00     0.00   0.00    0.00     0.00  507.00  10188.00     0.00   0.00    0.02    20.09    0.00      0.00     0.00   0.00    0.00     0.00    0.00    0.00    0.01  31.60
dm-2             0.00      0.00     0.00   0.00    0.00     0.00   67.00    276.00     0.00   0.00    0.00     4.12    0.00      0.00     0.00   0.00    0.00     0.00    0.00    0.00    0.00   1.60
loop0            0.00      0.00     0.00   0.00    0.00     0.00    0.00      0.00     0.00   0.00    0.00     0.00    0.00      0.00     0.00   0.00    0.00     0.00    0.00    0.00    0.00   0.00
loop1            0.00      0.00     0.00   0.00    0.00     0.00    0.00      0.00     0.00   0.00    0.00     0.00    0.00      0.00     0.00   0.00    0.00     0.00    0.00    0.00    0.00   0.00
loop2            0.00      0.00     0.00   0.00    0.00     0.00    0.00      0.00     0.00   0.00    0.00     0.00    0.00      0.00     0.00   0.00    0.00     0.00    0.00    0.00    0.00   0.00
loop3            0.00      0.00     0.00   0.00    0.00     0.00    0.00      0.00     0.00   0.00    0.00     0.00    0.00      0.00     0.00   0.00    0.00     0.00    0.00    0.00    0.00   0.00
loop4            0.00      0.00     0.00   0.00    0.00     0.00    0.00      0.00     0.00   0.00    0.00     0.00    0.00      0.00     0.00   0.00    0.00     0.00    0.00    0.00    0.00   0.00
loop5            0.00      0.00     0.00   0.00    0.00     0.00    0.00      0.00     0.00   0.00    0.00     0.00    0.00      0.00     0.00   0.00    0.00     0.00    0.00    0.00    0.00   0.00
loop6            0.00      0.00     0.00   0.00    0.00     0.00    0.00      0.00     0.00   0.00    0.00     0.00    0.00      0.00     0.00   0.00    0.00     0.00    0.00    0.00    0.00   0.00
loop7            0.00      0.00     0.00   0.00    0.00     0.00    0.00      0.00     0.00   0.00    0.00     0.00    0.00      0.00     0.00   0.00    0.00     0.00    0.00    0.00    0.00   0.00
sda              0.00      0.00     0.00   0.00    0.00     0.00   32.00    276.00    35.00  52.24    1.53     8.62    0.00      0.00     0.00   0.00    0.00     0.00    0.00    0.00    0.05   1.60
sdb              0.00      0.00     0.00   0.00    0.00     0.00  885.00  20368.00   127.00  12.55    0.06    23.01    0.00      0.00     0.00   0.00    0.00     0.00    0.00    0.00    0.05  32.00


avg-cpu:  %user   %nice %system %iowait  %steal   %idle
           0.74    0.00    0.49    0.00    0.00   98.78

Device            r/s     rkB/s   rrqm/s  %rrqm r_await rareq-sz     w/s     wkB/s   wrqm/s  %wrqm w_await wareq-sz     d/s     dkB/s   drqm/s  %drqm d_await dareq-sz     f/s f_await  aqu-sz  %util
dm-0             0.00      0.00     0.00   0.00    0.00     0.00  661.00  13264.00     0.00   0.00    0.04    20.07    0.00      0.00     0.00   0.00    0.00     0.00    0.00    0.00    0.02  39.60
dm-1             0.00      0.00     0.00   0.00    0.00     0.00  663.00  13216.00     0.00   0.00    0.05    19.93    0.00      0.00     0.00   0.00    0.00     0.00    0.00    0.00    0.04  38.00
dm-2             0.00      0.00     0.00   0.00    0.00     0.00   71.00    312.00     0.00   0.00    0.00     4.39    0.00      0.00     0.00   0.00    0.00     0.00    0.00    0.00    0.00   2.40
loop0            0.00      0.00     0.00   0.00    0.00     0.00    0.00      0.00     0.00   0.00    0.00     0.00    0.00      0.00     0.00   0.00    0.00     0.00    0.00    0.00    0.00   0.00
loop1            0.00      0.00     0.00   0.00    0.00     0.00    0.00      0.00     0.00   0.00    0.00     0.00    0.00      0.00     0.00   0.00    0.00     0.00    0.00    0.00    0.00   0.00
loop2            0.00      0.00     0.00   0.00    0.00     0.00    0.00      0.00     0.00   0.00    0.00     0.00    0.00      0.00     0.00   0.00    0.00     0.00    0.00    0.00    0.00   0.00
loop3            0.00      0.00     0.00   0.00    0.00     0.00    0.00      0.00     0.00   0.00    0.00     0.00    0.00      0.00     0.00   0.00    0.00     0.00    0.00    0.00    0.00   0.00
loop4            0.00      0.00     0.00   0.00    0.00     0.00    0.00      0.00     0.00   0.00    0.00     0.00    0.00      0.00     0.00   0.00    0.00     0.00    0.00    0.00    0.00   0.00
loop5            0.00      0.00     0.00   0.00    0.00     0.00    0.00      0.00     0.00   0.00    0.00     0.00    0.00      0.00     0.00   0.00    0.00     0.00    0.00    0.00    0.00   0.00
loop6            0.00      0.00     0.00   0.00    0.00     0.00    0.00      0.00     0.00   0.00    0.00     0.00    0.00      0.00     0.00   0.00    0.00     0.00    0.00    0.00    0.00   0.00
loop7            0.00      0.00     0.00   0.00    0.00     0.00    0.00      0.00     0.00   0.00    0.00     0.00    0.00      0.00     0.00   0.00    0.00     0.00    0.00    0.00    0.00   0.00
sda              0.00      0.00     0.00   0.00    0.00     0.00   22.00    312.00    49.00  69.01    0.23    14.18    0.00      0.00     0.00   0.00    0.00     0.00    0.00    0.00    0.01   2.40
sdb              0.00      0.00     0.00   0.00    0.00     0.00 1132.00  26416.00   191.00  14.44    0.06    23.34    0.00      0.00     0.00   0.00    0.00     0.00    0.00    0.00    0.06  39.60


avg-cpu:  %user   %nice %system %iowait  %steal   %idle
           0.72    0.00    0.50    0.02    0.00   98.76

Device            r/s     rkB/s   rrqm/s  %rrqm r_await rareq-sz     w/s     wkB/s   wrqm/s  %wrqm w_await wareq-sz     d/s     dkB/s   drqm/s  %drqm d_await dareq-sz     f/s f_await  aqu-sz  %util
dm-0             0.00      0.00     0.00   0.00    0.00     0.00  738.00  14892.00     0.00   0.00    0.05    20.18    0.00      0.00     0.00   0.00    0.00     0.00    0.00    0.00    0.04  43.20
dm-1             0.00      0.00     0.00   0.00    0.00     0.00  737.00  14948.00     0.00   0.00    0.07    20.28    0.00      0.00     0.00   0.00    0.00     0.00    0.00    0.00    0.05  43.20
dm-2             0.00      0.00     0.00   0.00    0.00     0.00   47.00    188.00     0.00   0.00    0.00     4.00    0.00      0.00     0.00   0.00    0.00     0.00    0.00    0.00    0.00   1.20
loop0            0.00      0.00     0.00   0.00    0.00     0.00    0.00      0.00     0.00   0.00    0.00     0.00    0.00      0.00     0.00   0.00    0.00     0.00    0.00    0.00    0.00   0.00
loop1            0.00      0.00     0.00   0.00    0.00     0.00    0.00      0.00     0.00   0.00    0.00     0.00    0.00      0.00     0.00   0.00    0.00     0.00    0.00    0.00    0.00   0.00
loop2            0.00      0.00     0.00   0.00    0.00     0.00    0.00      0.00     0.00   0.00    0.00     0.00    0.00      0.00     0.00   0.00    0.00     0.00    0.00    0.00    0.00   0.00
loop3            0.00      0.00     0.00   0.00    0.00     0.00    0.00      0.00     0.00   0.00    0.00     0.00    0.00      0.00     0.00   0.00    0.00     0.00    0.00    0.00    0.00   0.00
loop4            0.00      0.00     0.00   0.00    0.00     0.00    0.00      0.00     0.00   0.00    0.00     0.00    0.00      0.00     0.00   0.00    0.00     0.00    0.00    0.00    0.00   0.00
loop5            0.00      0.00     0.00   0.00    0.00     0.00    0.00      0.00     0.00   0.00    0.00     0.00    0.00      0.00     0.00   0.00    0.00     0.00    0.00    0.00    0.00   0.00
loop6            0.00      0.00     0.00   0.00    0.00     0.00    0.00      0.00     0.00   0.00    0.00     0.00    0.00      0.00     0.00   0.00    0.00     0.00    0.00    0.00    0.00   0.00
loop7            0.00      0.00     0.00   0.00    0.00     0.00    0.00      0.00     0.00   0.00    0.00     0.00    0.00      0.00     0.00   0.00    0.00     0.00    0.00    0.00    0.00   0.00
sda              0.00      0.00     0.00   0.00    0.00     0.00   11.00    188.00    36.00  76.60    0.09    17.09    0.00      0.00     0.00   0.00    0.00     0.00    0.00    0.00    0.00   1.20
sdb              0.00      0.00     0.00   0.00    0.00     0.00 1266.00  29904.00   210.00  14.23    0.06    23.62    0.00      0.00     0.00   0.00    0.00     0.00    0.00    0.00    0.07  43.60


avg-cpu:  %user   %nice %system %iowait  %steal   %idle
           0.61    0.00    0.50    0.02    0.00   98.87

Device            r/s     rkB/s   rrqm/s  %rrqm r_await rareq-sz     w/s     wkB/s   wrqm/s  %wrqm w_await wareq-sz     d/s     dkB/s   drqm/s  %drqm d_await dareq-sz     f/s f_await  aqu-sz  %util
dm-0             0.00      0.00     0.00   0.00    0.00     0.00  723.00  14956.00     0.00   0.00    0.05    20.69    0.00      0.00     0.00   0.00    0.00     0.00    0.00    0.00    0.04  43.60
dm-1             0.00      0.00     0.00   0.00    0.00     0.00  715.00  14920.00     0.00   0.00    0.03    20.87    0.00      0.00     0.00   0.00    0.00     0.00    0.00    0.00    0.02  43.20
dm-2             0.00      0.00     0.00   0.00    0.00     0.00  289.00   1308.00     0.00   0.00    0.44     4.53    0.00      0.00     0.00   0.00    0.00     0.00    0.00    0.00    0.13   2.40
loop0            0.00      0.00     0.00   0.00    0.00     0.00    0.00      0.00     0.00   0.00    0.00     0.00    0.00      0.00     0.00   0.00    0.00     0.00    0.00    0.00    0.00   0.00
loop1            0.00      0.00     0.00   0.00    0.00     0.00    0.00      0.00     0.00   0.00    0.00     0.00    0.00      0.00     0.00   0.00    0.00     0.00    0.00    0.00    0.00   0.00
loop2            0.00      0.00     0.00   0.00    0.00     0.00    0.00      0.00     0.00   0.00    0.00     0.00    0.00      0.00     0.00   0.00    0.00     0.00    0.00    0.00    0.00   0.00
loop3            0.00      0.00     0.00   0.00    0.00     0.00    0.00      0.00     0.00   0.00    0.00     0.00    0.00      0.00     0.00   0.00    0.00     0.00    0.00    0.00    0.00   0.00
loop4            0.00      0.00     0.00   0.00    0.00     0.00    0.00      0.00     0.00   0.00    0.00     0.00    0.00      0.00     0.00   0.00    0.00     0.00    0.00    0.00    0.00   0.00
loop5            0.00      0.00     0.00   0.00    0.00     0.00    0.00      0.00     0.00   0.00    0.00     0.00    0.00      0.00     0.00   0.00    0.00     0.00    0.00    0.00    0.00   0.00
loop6            0.00      0.00     0.00   0.00    0.00     0.00    0.00      0.00     0.00   0.00    0.00     0.00    0.00      0.00     0.00   0.00    0.00     0.00    0.00    0.00    0.00   0.00
loop7            0.00      0.00     0.00   0.00    0.00     0.00    0.00      0.00     0.00   0.00    0.00     0.00    0.00      0.00     0.00   0.00    0.00     0.00    0.00    0.00    0.00   0.00
sda              0.00      0.00     0.00   0.00    0.00     0.00  250.00   1308.00    39.00  13.49    0.68     5.23    0.00      0.00     0.00   0.00    0.00     0.00    0.00    0.00    0.17   2.40
sdb              0.00      0.00     0.00   0.00    0.00     0.00 1248.00  29876.00   190.00  13.21    0.06    23.94    0.00      0.00     0.00   0.00    0.00     0.00    0.00    0.00    0.07  44.80


avg-cpu:  %user   %nice %system %iowait  %steal   %idle
           0.70    0.00    0.42    0.00    0.00   98.87

Device            r/s     rkB/s   rrqm/s  %rrqm r_await rareq-sz     w/s     wkB/s   wrqm/s  %wrqm w_await wareq-sz     d/s     dkB/s   drqm/s  %drqm d_await dareq-sz     f/s f_await  aqu-sz  %util
dm-0             0.00      0.00     0.00   0.00    0.00     0.00  504.00  10236.00     0.00   0.00    0.06    20.31    0.00      0.00     0.00   0.00    0.00     0.00    0.00    0.00    0.03  30.00
dm-1             0.00      0.00     0.00   0.00    0.00     0.00  495.00  10080.00     0.00   0.00    0.06    20.36    0.00      0.00     0.00   0.00    0.00     0.00    0.00    0.00    0.03  30.40
dm-2             0.00      0.00     0.00   0.00    0.00     0.00   55.00    236.00     0.00   0.00    0.07     4.29    0.00      0.00     0.00   0.00    0.00     0.00    0.00    0.00    0.00   2.00
loop0            0.00      0.00     0.00   0.00    0.00     0.00    0.00      0.00     0.00   0.00    0.00     0.00    0.00      0.00     0.00   0.00    0.00     0.00    0.00    0.00    0.00   0.00
loop1            0.00      0.00     0.00   0.00    0.00     0.00    0.00      0.00     0.00   0.00    0.00     0.00    0.00      0.00     0.00   0.00    0.00     0.00    0.00    0.00    0.00   0.00
loop2            0.00      0.00     0.00   0.00    0.00     0.00    0.00      0.00     0.00   0.00    0.00     0.00    0.00      0.00     0.00   0.00    0.00     0.00    0.00    0.00    0.00   0.00
loop3            0.00      0.00     0.00   0.00    0.00     0.00    0.00      0.00     0.00   0.00    0.00     0.00    0.00      0.00     0.00   0.00    0.00     0.00    0.00    0.00    0.00   0.00
loop4            0.00      0.00     0.00   0.00    0.00     0.00    0.00      0.00     0.00   0.00    0.00     0.00    0.00      0.00     0.00   0.00    0.00     0.00    0.00    0.00    0.00   0.00
loop5            0.00      0.00     0.00   0.00    0.00     0.00    0.00      0.00     0.00   0.00    0.00     0.00    0.00      0.00     0.00   0.00    0.00     0.00    0.00    0.00    0.00   0.00
loop6            0.00      0.00     0.00   0.00    0.00     0.00    0.00      0.00     0.00   0.00    0.00     0.00    0.00      0.00     0.00   0.00    0.00     0.00    0.00    0.00    0.00   0.00
loop7            0.00      0.00     0.00   0.00    0.00     0.00    0.00      0.00     0.00   0.00    0.00     0.00    0.00      0.00     0.00   0.00    0.00     0.00    0.00    0.00    0.00   0.00
sda              0.00      0.00     0.00   0.00    0.00     0.00   17.00    236.00    38.00  69.09    0.06    13.88    0.00      0.00     0.00   0.00    0.00     0.00    0.00    0.00    0.00   2.00
sdb              0.00      0.00     0.00   0.00    0.00     0.00  853.00  20316.00   146.00  14.61    0.06    23.82    0.00      0.00     0.00   0.00    0.00     0.00    0.00    0.00    0.05  30.80


avg-cpu:  %user   %nice %system %iowait  %steal   %idle
           0.69    0.00    0.58    0.02    0.00   98.71

Device            r/s     rkB/s   rrqm/s  %rrqm r_await rareq-sz     w/s     wkB/s   wrqm/s  %wrqm w_await wareq-sz     d/s     dkB/s   drqm/s  %drqm d_await dareq-sz     f/s f_await  aqu-sz  %util
dm-0             0.00      0.00     0.00   0.00    0.00     0.00  705.00  14160.00     0.00   0.00    0.05    20.09    0.00      0.00     0.00   0.00    0.00     0.00    0.00    0.00    0.03  39.60
dm-1             0.00      0.00     0.00   0.00    0.00     0.00  700.00  14140.00     0.00   0.00    0.05    20.20    0.00      0.00     0.00   0.00    0.00     0.00    0.00    0.00    0.03  39.60
dm-2             0.00      0.00     0.00   0.00    0.00     0.00   49.00    200.00     0.00   0.00    0.00     4.08    0.00      0.00     0.00   0.00    0.00     0.00    0.00    0.00    0.00   1.20
loop0            0.00      0.00     0.00   0.00    0.00     0.00    0.00      0.00     0.00   0.00    0.00     0.00    0.00      0.00     0.00   0.00    0.00     0.00    0.00    0.00    0.00   0.00
loop1            0.00      0.00     0.00   0.00    0.00     0.00    0.00      0.00     0.00   0.00    0.00     0.00    0.00      0.00     0.00   0.00    0.00     0.00    0.00    0.00    0.00   0.00
loop2            0.00      0.00     0.00   0.00    0.00     0.00    0.00      0.00     0.00   0.00    0.00     0.00    0.00      0.00     0.00   0.00    0.00     0.00    0.00    0.00    0.00   0.00
loop3            0.00      0.00     0.00   0.00    0.00     0.00    0.00      0.00     0.00   0.00    0.00     0.00    0.00      0.00     0.00   0.00    0.00     0.00    0.00    0.00    0.00   0.00
loop4            0.00      0.00     0.00   0.00    0.00     0.00    0.00      0.00     0.00   0.00    0.00     0.00    0.00      0.00     0.00   0.00    0.00     0.00    0.00    0.00    0.00   0.00
loop5            0.00      0.00     0.00   0.00    0.00     0.00    0.00      0.00     0.00   0.00    0.00     0.00    0.00      0.00     0.00   0.00    0.00     0.00    0.00    0.00    0.00   0.00
loop6            0.00      0.00     0.00   0.00    0.00     0.00    0.00      0.00     0.00   0.00    0.00     0.00    0.00      0.00     0.00   0.00    0.00     0.00    0.00    0.00    0.00   0.00
loop7            0.00      0.00     0.00   0.00    0.00     0.00    0.00      0.00     0.00   0.00    0.00     0.00    0.00      0.00     0.00   0.00    0.00     0.00    0.00    0.00    0.00   0.00
sda              0.00      0.00     0.00   0.00    0.00     0.00   14.00    200.00    35.00  71.43    0.43    14.29    0.00      0.00     0.00   0.00    0.00     0.00    0.00    0.00    0.01   1.20
sdb              0.00      0.00     0.00   0.00    0.00     0.00 1209.00  28296.00   195.00  13.89    0.06    23.40    0.00      0.00     0.00   0.00    0.00     0.00    0.00    0.00    0.07  40.00


avg-cpu:  %user   %nice %system %iowait  %steal   %idle
           0.68    0.00    0.64    0.02    0.00   98.66

Device            r/s     rkB/s   rrqm/s  %rrqm r_await rareq-sz     w/s     wkB/s   wrqm/s  %wrqm w_await wareq-sz     d/s     dkB/s   drqm/s  %drqm d_await dareq-sz     f/s f_await  aqu-sz  %util
dm-0             0.00      0.00     0.00   0.00    0.00     0.00  704.00  14036.00     0.00   0.00    0.06    19.94    0.00      0.00     0.00   0.00    0.00     0.00    0.00    0.00    0.04  42.80
dm-1             0.00      0.00     0.00   0.00    0.00     0.00  679.00  13936.00     0.00   0.00    0.04    20.52    0.00      0.00     0.00   0.00    0.00     0.00    0.00    0.00    0.02  43.60
dm-2             0.00      0.00     0.00   0.00    0.00     0.00   80.00    336.00     0.00   0.00    0.00     4.20    0.00      0.00     0.00   0.00    0.00     0.00    0.00    0.00    0.00   2.80
loop0            0.00      0.00     0.00   0.00    0.00     0.00    0.00      0.00     0.00   0.00    0.00     0.00    0.00      0.00     0.00   0.00    0.00     0.00    0.00    0.00    0.00   0.00
loop1            0.00      0.00     0.00   0.00    0.00     0.00    0.00      0.00     0.00   0.00    0.00     0.00    0.00      0.00     0.00   0.00    0.00     0.00    0.00    0.00    0.00   0.00
loop2            0.00      0.00     0.00   0.00    0.00     0.00    0.00      0.00     0.00   0.00    0.00     0.00    0.00      0.00     0.00   0.00    0.00     0.00    0.00    0.00    0.00   0.00
loop3            0.00      0.00     0.00   0.00    0.00     0.00    0.00      0.00     0.00   0.00    0.00     0.00    0.00      0.00     0.00   0.00    0.00     0.00    0.00    0.00    0.00   0.00
loop4            0.00      0.00     0.00   0.00    0.00     0.00    0.00      0.00     0.00   0.00    0.00     0.00    0.00      0.00     0.00   0.00    0.00     0.00    0.00    0.00    0.00   0.00
loop5            0.00      0.00     0.00   0.00    0.00     0.00    0.00      0.00     0.00   0.00    0.00     0.00    0.00      0.00     0.00   0.00    0.00     0.00    0.00    0.00    0.00   0.00
loop6            0.00      0.00     0.00   0.00    0.00     0.00    0.00      0.00     0.00   0.00    0.00     0.00    0.00      0.00     0.00   0.00    0.00     0.00    0.00    0.00    0.00   0.00
loop7            0.00      0.00     0.00   0.00    0.00     0.00    0.00      0.00     0.00   0.00    0.00     0.00    0.00      0.00     0.00   0.00    0.00     0.00    0.00    0.00    0.00   0.00
sda              0.00      0.00     0.00   0.00    0.00     0.00   36.00    336.00    44.00  55.00    1.19     9.33    0.00      0.00     0.00   0.00    0.00     0.00    0.00    0.00    0.04   2.80
sdb              0.00      0.00     0.00   0.00    0.00     0.00 1184.00  27968.00   197.00  14.27    0.06    23.62    0.00      0.00     0.00   0.00    0.00     0.00    0.00    0.00    0.07  44.00


avg-cpu:  %user   %nice %system %iowait  %steal   %idle
           0.71    0.00    0.52    0.02    0.00   98.76

Device            r/s     rkB/s   rrqm/s  %rrqm r_await rareq-sz     w/s     wkB/s   wrqm/s  %wrqm w_await wareq-sz     d/s     dkB/s   drqm/s  %drqm d_await dareq-sz     f/s f_await  aqu-sz  %util
dm-0             0.00      0.00     0.00   0.00    0.00     0.00  692.00  13988.00     0.00   0.00    0.05    20.21    0.00      0.00     0.00   0.00    0.00     0.00    0.00    0.00    0.03  40.80
dm-1             0.00      0.00     0.00   0.00    0.00     0.00  688.00  13976.00     0.00   0.00    0.05    20.31    0.00      0.00     0.00   0.00    0.00     0.00    0.00    0.00    0.03  41.60
dm-2             0.00      0.00     0.00   0.00    0.00     0.00   53.00    268.00     0.00   0.00    0.00     5.06    0.00      0.00     0.00   0.00    0.00     0.00    0.00    0.00    0.00   1.60
loop0            0.00      0.00     0.00   0.00    0.00     0.00    0.00      0.00     0.00   0.00    0.00     0.00    0.00      0.00     0.00   0.00    0.00     0.00    0.00    0.00    0.00   0.00
loop1            0.00      0.00     0.00   0.00    0.00     0.00    0.00      0.00     0.00   0.00    0.00     0.00    0.00      0.00     0.00   0.00    0.00     0.00    0.00    0.00    0.00   0.00
loop2            0.00      0.00     0.00   0.00    0.00     0.00    0.00      0.00     0.00   0.00    0.00     0.00    0.00      0.00     0.00   0.00    0.00     0.00    0.00    0.00    0.00   0.00
loop3            0.00      0.00     0.00   0.00    0.00     0.00    0.00      0.00     0.00   0.00    0.00     0.00    0.00      0.00     0.00   0.00    0.00     0.00    0.00    0.00    0.00   0.00
loop4            0.00      0.00     0.00   0.00    0.00     0.00    0.00      0.00     0.00   0.00    0.00     0.00    0.00      0.00     0.00   0.00    0.00     0.00    0.00    0.00    0.00   0.00
loop5            0.00      0.00     0.00   0.00    0.00     0.00    0.00      0.00     0.00   0.00    0.00     0.00    0.00      0.00     0.00   0.00    0.00     0.00    0.00    0.00    0.00   0.00
loop6            0.00      0.00     0.00   0.00    0.00     0.00    0.00      0.00     0.00   0.00    0.00     0.00    0.00      0.00     0.00   0.00    0.00     0.00    0.00    0.00    0.00   0.00
loop7            0.00      0.00     0.00   0.00    0.00     0.00    0.00      0.00     0.00   0.00    0.00     0.00    0.00      0.00     0.00   0.00    0.00     0.00    0.00    0.00    0.00   0.00
sda              0.00      0.00     0.00   0.00    0.00     0.00   15.00    268.00    38.00  71.70    0.33    17.87    0.00      0.00     0.00   0.00    0.00     0.00    0.00    0.00    0.01   1.60
sdb              0.00      0.00     0.00   0.00    0.00     0.00 1203.00  27972.00   180.00  13.02    0.06    23.25    0.00      0.00     0.00   0.00    0.00     0.00    0.00    0.00    0.07  41.60


avg-cpu:  %user   %nice %system %iowait  %steal   %idle
           0.49    0.00    0.50    0.02    0.00   98.99

Device            r/s     rkB/s   rrqm/s  %rrqm r_await rareq-sz     w/s     wkB/s   wrqm/s  %wrqm w_await wareq-sz     d/s     dkB/s   drqm/s  %drqm d_await dareq-sz     f/s f_await  aqu-sz  %util
dm-0             0.00      0.00     0.00   0.00    0.00     0.00  624.00  11680.00     0.00   0.00    0.03    18.72    0.00      0.00     0.00   0.00    0.00     0.00    0.00    0.00    0.02  34.40
dm-1             0.00      0.00     0.00   0.00    0.00     0.00  616.00  11584.00     0.00   0.00    0.05    18.81    0.00      0.00     0.00   0.00    0.00     0.00    0.00    0.00    0.03  35.20
dm-2             0.00      0.00     0.00   0.00    0.00     0.00  314.00   1424.00     0.00   0.00    0.71     4.54    0.00      0.00     0.00   0.00    0.00     0.00    0.00    0.00    0.22   2.40
loop0            0.00      0.00     0.00   0.00    0.00     0.00    0.00      0.00     0.00   0.00    0.00     0.00    0.00      0.00     0.00   0.00    0.00     0.00    0.00    0.00    0.00   0.00
loop1            0.00      0.00     0.00   0.00    0.00     0.00    0.00      0.00     0.00   0.00    0.00     0.00    0.00      0.00     0.00   0.00    0.00     0.00    0.00    0.00    0.00   0.00
loop2            0.00      0.00     0.00   0.00    0.00     0.00    0.00      0.00     0.00   0.00    0.00     0.00    0.00      0.00     0.00   0.00    0.00     0.00    0.00    0.00    0.00   0.00
loop3            0.00      0.00     0.00   0.00    0.00     0.00    0.00      0.00     0.00   0.00    0.00     0.00    0.00      0.00     0.00   0.00    0.00     0.00    0.00    0.00    0.00   0.00
loop4            0.00      0.00     0.00   0.00    0.00     0.00    0.00      0.00     0.00   0.00    0.00     0.00    0.00      0.00     0.00   0.00    0.00     0.00    0.00    0.00    0.00   0.00
loop5            0.00      0.00     0.00   0.00    0.00     0.00    0.00      0.00     0.00   0.00    0.00     0.00    0.00      0.00     0.00   0.00    0.00     0.00    0.00    0.00    0.00   0.00
loop6            0.00      0.00     0.00   0.00    0.00     0.00    0.00      0.00     0.00   0.00    0.00     0.00    0.00      0.00     0.00   0.00    0.00     0.00    0.00    0.00    0.00   0.00
loop7            0.00      0.00     0.00   0.00    0.00     0.00    0.00      0.00     0.00   0.00    0.00     0.00    0.00      0.00     0.00   0.00    0.00     0.00    0.00    0.00    0.00   0.00
sda              0.00      0.00     0.00   0.00    0.00     0.00  269.00   1424.00    45.00  14.33    1.17     5.29    0.00      0.00     0.00   0.00    0.00     0.00    0.00    0.00    0.31   2.40
sdb              0.00      0.00     0.00   0.00    0.00     0.00 1070.00  23264.00   170.00  13.71    0.06    21.74    0.00      0.00     0.00   0.00    0.00     0.00    0.00    0.00    0.06  36.00


avg-cpu:  %user   %nice %system %iowait  %steal   %idle
           1.21    0.00    0.80    0.00    0.00   97.99

Device            r/s     rkB/s   rrqm/s  %rrqm r_await rareq-sz     w/s     wkB/s   wrqm/s  %wrqm w_await wareq-sz     d/s     dkB/s   drqm/s  %drqm d_await dareq-sz     f/s f_await  aqu-sz  %util
dm-0             0.00      0.00     0.00   0.00    0.00     0.00  580.00  11860.00     0.00   0.00    0.06    20.45    0.00      0.00     0.00   0.00    0.00     0.00    0.00    0.00    0.03  36.80
dm-1             0.00      0.00     0.00   0.00    0.00     0.00  586.00  11944.00     0.00   0.00    0.05    20.38    0.00      0.00     0.00   0.00    0.00     0.00    0.00    0.00    0.03  36.80
dm-2             0.00      0.00     0.00   0.00    0.00     0.00   42.00    168.00     0.00   0.00    0.00     4.00    0.00      0.00     0.00   0.00    0.00     0.00    0.00    0.00    0.00   1.20
loop0            0.00      0.00     0.00   0.00    0.00     0.00    0.00      0.00     0.00   0.00    0.00     0.00    0.00      0.00     0.00   0.00    0.00     0.00    0.00    0.00    0.00   0.00
loop1            0.00      0.00     0.00   0.00    0.00     0.00    0.00      0.00     0.00   0.00    0.00     0.00    0.00      0.00     0.00   0.00    0.00     0.00    0.00    0.00    0.00   0.00
loop2            0.00      0.00     0.00   0.00    0.00     0.00    0.00      0.00     0.00   0.00    0.00     0.00    0.00      0.00     0.00   0.00    0.00     0.00    0.00    0.00    0.00   0.00
loop3            0.00      0.00     0.00   0.00    0.00     0.00    0.00      0.00     0.00   0.00    0.00     0.00    0.00      0.00     0.00   0.00    0.00     0.00    0.00    0.00    0.00   0.00
loop4            0.00      0.00     0.00   0.00    0.00     0.00    0.00      0.00     0.00   0.00    0.00     0.00    0.00      0.00     0.00   0.00    0.00     0.00    0.00    0.00    0.00   0.00
loop5            0.00      0.00     0.00   0.00    0.00     0.00    0.00      0.00     0.00   0.00    0.00     0.00    0.00      0.00     0.00   0.00    0.00     0.00    0.00    0.00    0.00   0.00
loop6            0.00      0.00     0.00   0.00    0.00     0.00    0.00      0.00     0.00   0.00    0.00     0.00    0.00      0.00     0.00   0.00    0.00     0.00    0.00    0.00    0.00   0.00
loop7            0.00      0.00     0.00   0.00    0.00     0.00    0.00      0.00     0.00   0.00    0.00     0.00    0.00      0.00     0.00   0.00    0.00     0.00    0.00    0.00    0.00   0.00
sda              0.00      0.00     0.00   0.00    0.00     0.00   11.00    168.00    31.00  73.81    0.00    15.27    0.00      0.00     0.00   0.00    0.00     0.00    0.00    0.00    0.00   1.20
sdb              0.00      0.00     0.00   0.00    0.00     0.00 1009.00  23804.00   157.00  13.46    0.06    23.59    0.00      0.00     0.00   0.00    0.00     0.00    0.00    0.00    0.06  37.20


avg-cpu:  %user   %nice %system %iowait  %steal   %idle
           1.18    0.00    0.79    0.02    0.00   98.02

Device            r/s     rkB/s   rrqm/s  %rrqm r_await rareq-sz     w/s     wkB/s   wrqm/s  %wrqm w_await wareq-sz     d/s     dkB/s   drqm/s  %drqm d_await dareq-sz     f/s f_await  aqu-sz  %util
dm-0             0.00      0.00     0.00   0.00    0.00     0.00  757.00  15208.00     0.00   0.00    0.06    20.09    0.00      0.00     0.00   0.00    0.00     0.00    0.00    0.00    0.04  46.00
dm-1             0.00      0.00     0.00   0.00    0.00     0.00  759.00  15216.00     0.00   0.00    0.05    20.05    0.00      0.00     0.00   0.00    0.00     0.00    0.00    0.00    0.04  46.40
dm-2             0.00      0.00     0.00   0.00    0.00     0.00   94.00    416.00     0.00   0.00    0.00     4.43    0.00      0.00     0.00   0.00    0.00     0.00    0.00    0.00    0.00   3.20
loop0            0.00      0.00     0.00   0.00    0.00     0.00    0.00      0.00     0.00   0.00    0.00     0.00    0.00      0.00     0.00   0.00    0.00     0.00    0.00    0.00    0.00   0.00
loop1            0.00      0.00     0.00   0.00    0.00     0.00    0.00      0.00     0.00   0.00    0.00     0.00    0.00      0.00     0.00   0.00    0.00     0.00    0.00    0.00    0.00   0.00
loop2            0.00      0.00     0.00   0.00    0.00     0.00    0.00      0.00     0.00   0.00    0.00     0.00    0.00      0.00     0.00   0.00    0.00     0.00    0.00    0.00    0.00   0.00
loop3            0.00      0.00     0.00   0.00    0.00     0.00    0.00      0.00     0.00   0.00    0.00     0.00    0.00      0.00     0.00   0.00    0.00     0.00    0.00    0.00    0.00   0.00
loop4            0.00      0.00     0.00   0.00    0.00     0.00    0.00      0.00     0.00   0.00    0.00     0.00    0.00      0.00     0.00   0.00    0.00     0.00    0.00    0.00    0.00   0.00
loop5            0.00      0.00     0.00   0.00    0.00     0.00    0.00      0.00     0.00   0.00    0.00     0.00    0.00      0.00     0.00   0.00    0.00     0.00    0.00    0.00    0.00   0.00
loop6            0.00      0.00     0.00   0.00    0.00     0.00    0.00      0.00     0.00   0.00    0.00     0.00    0.00      0.00     0.00   0.00    0.00     0.00    0.00    0.00    0.00   0.00
loop7            0.00      0.00     0.00   0.00    0.00     0.00    0.00      0.00     0.00   0.00    0.00     0.00    0.00      0.00     0.00   0.00    0.00     0.00    0.00    0.00    0.00   0.00
sda              0.00      0.00     0.00   0.00    0.00     0.00   29.00    416.00    65.00  69.15    0.07    14.34    0.00      0.00     0.00   0.00    0.00     0.00    0.00    0.00    0.00   3.20
sdb              0.00      0.00     0.00   0.00    0.00     0.00 1307.00  30404.00   204.00  13.50    0.05    23.26    0.00      0.00     0.00   0.00    0.00     0.00    0.00    0.00    0.07  46.80


avg-cpu:  %user   %nice %system %iowait  %steal   %idle
           0.50    0.00    0.46    0.02    0.00   99.03

Device            r/s     rkB/s   rrqm/s  %rrqm r_await rareq-sz     w/s     wkB/s   wrqm/s  %wrqm w_await wareq-sz     d/s     dkB/s   drqm/s  %drqm d_await dareq-sz     f/s f_await  aqu-sz  %util
dm-0             0.00      0.00     0.00   0.00    0.00     0.00  531.00  10704.00     0.00   0.00    0.04    20.16    0.00      0.00     0.00   0.00    0.00     0.00    0.00    0.00    0.02  32.80
dm-1             0.00      0.00     0.00   0.00    0.00     0.00  526.00  10624.00     0.00   0.00    0.02    20.20    0.00      0.00     0.00   0.00    0.00     0.00    0.00    0.00    0.01  32.00
dm-2             0.00      0.00     0.00   0.00    0.00     0.00  109.00    468.00     0.00   0.00    0.00     4.29    0.00      0.00     0.00   0.00    0.00     0.00    0.00    0.00    0.00   4.40
loop0            0.00      0.00     0.00   0.00    0.00     0.00    0.00      0.00     0.00   0.00    0.00     0.00    0.00      0.00     0.00   0.00    0.00     0.00    0.00    0.00    0.00   0.00
loop1            0.00      0.00     0.00   0.00    0.00     0.00    0.00      0.00     0.00   0.00    0.00     0.00    0.00      0.00     0.00   0.00    0.00     0.00    0.00    0.00    0.00   0.00
loop2            0.00      0.00     0.00   0.00    0.00     0.00    0.00      0.00     0.00   0.00    0.00     0.00    0.00      0.00     0.00   0.00    0.00     0.00    0.00    0.00    0.00   0.00
loop3            0.00      0.00     0.00   0.00    0.00     0.00    0.00      0.00     0.00   0.00    0.00     0.00    0.00      0.00     0.00   0.00    0.00     0.00    0.00    0.00    0.00   0.00
loop4            0.00      0.00     0.00   0.00    0.00     0.00    0.00      0.00     0.00   0.00    0.00     0.00    0.00      0.00     0.00   0.00    0.00     0.00    0.00    0.00    0.00   0.00
loop5            0.00      0.00     0.00   0.00    0.00     0.00    0.00      0.00     0.00   0.00    0.00     0.00    0.00      0.00     0.00   0.00    0.00     0.00    0.00    0.00    0.00   0.00
loop6            0.00      0.00     0.00   0.00    0.00     0.00    0.00      0.00     0.00   0.00    0.00     0.00    0.00      0.00     0.00   0.00    0.00     0.00    0.00    0.00    0.00   0.00
loop7            0.00      0.00     0.00   0.00    0.00     0.00    0.00      0.00     0.00   0.00    0.00     0.00    0.00      0.00     0.00   0.00    0.00     0.00    0.00    0.00    0.00   0.00
sda              0.00      0.00     0.00   0.00    0.00     0.00   35.00    468.00    74.00  67.89    0.09    13.37    0.00      0.00     0.00   0.00    0.00     0.00    0.00    0.00    0.00   4.40
sdb              0.00      0.00     0.00   0.00    0.00     0.00  914.00  21348.00   148.00  13.94    0.06    23.36    0.00      0.00     0.00   0.00    0.00     0.00    0.00    0.00    0.05  33.20


avg-cpu:  %user   %nice %system %iowait  %steal   %idle
           0.66    0.00    0.53    0.00    0.00   98.81

Device            r/s     rkB/s   rrqm/s  %rrqm r_await rareq-sz     w/s     wkB/s   wrqm/s  %wrqm w_await wareq-sz     d/s     dkB/s   drqm/s  %drqm d_await dareq-sz     f/s f_await  aqu-sz  %util
dm-0             0.00      0.00     0.00   0.00    0.00     0.00  699.00  14556.00     0.00   0.00    0.02    20.82    0.00      0.00     0.00   0.00    0.00     0.00    0.00    0.00    0.02  42.40
dm-1             0.00      0.00     0.00   0.00    0.00     0.00  701.00  14628.00     0.00   0.00    0.04    20.87    0.00      0.00     0.00   0.00    0.00     0.00    0.00    0.00    0.03  43.60
dm-2             0.00      0.00     0.00   0.00    0.00     0.00   88.00    380.00     0.00   0.00    0.00     4.32    0.00      0.00     0.00   0.00    0.00     0.00    0.00    0.00    0.00   2.40
loop0            0.00      0.00     0.00   0.00    0.00     0.00    0.00      0.00     0.00   0.00    0.00     0.00    0.00      0.00     0.00   0.00    0.00     0.00    0.00    0.00    0.00   0.00
loop1            0.00      0.00     0.00   0.00    0.00     0.00    0.00      0.00     0.00   0.00    0.00     0.00    0.00      0.00     0.00   0.00    0.00     0.00    0.00    0.00    0.00   0.00
loop2            0.00      0.00     0.00   0.00    0.00     0.00    0.00      0.00     0.00   0.00    0.00     0.00    0.00      0.00     0.00   0.00    0.00     0.00    0.00    0.00    0.00   0.00
loop3            0.00      0.00     0.00   0.00    0.00     0.00    0.00      0.00     0.00   0.00    0.00     0.00    0.00      0.00     0.00   0.00    0.00     0.00    0.00    0.00    0.00   0.00
loop4            0.00      0.00     0.00   0.00    0.00     0.00    0.00      0.00     0.00   0.00    0.00     0.00    0.00      0.00     0.00   0.00    0.00     0.00    0.00    0.00    0.00   0.00
loop5            0.00      0.00     0.00   0.00    0.00     0.00    0.00      0.00     0.00   0.00    0.00     0.00    0.00      0.00     0.00   0.00    0.00     0.00    0.00    0.00    0.00   0.00
loop6            0.00      0.00     0.00   0.00    0.00     0.00    0.00      0.00     0.00   0.00    0.00     0.00    0.00      0.00     0.00   0.00    0.00     0.00    0.00    0.00    0.00   0.00
loop7            0.00      0.00     0.00   0.00    0.00     0.00    0.00      0.00     0.00   0.00    0.00     0.00    0.00      0.00     0.00   0.00    0.00     0.00    0.00    0.00    0.00   0.00
sda              0.00      0.00     0.00   0.00    0.00     0.00   34.00    380.00    54.00  61.36    0.35    11.18    0.00      0.00     0.00   0.00    0.00     0.00    0.00    0.00    0.01   2.40
sdb              0.00      0.00     0.00   0.00    0.00     0.00 1211.00  29184.00   189.00  13.50    0.06    24.10    0.00      0.00     0.00   0.00    0.00     0.00    0.00    0.00    0.07  43.60


avg-cpu:  %user   %nice %system %iowait  %steal   %idle
           0.61    0.00    0.71    0.02    0.00   98.66

Device            r/s     rkB/s   rrqm/s  %rrqm r_await rareq-sz     w/s     wkB/s   wrqm/s  %wrqm w_await wareq-sz     d/s     dkB/s   drqm/s  %drqm d_await dareq-sz     f/s f_await  aqu-sz  %util
dm-0             0.00      0.00     0.00   0.00    0.00     0.00  850.00  16784.00     0.00   0.00    0.04    19.75    0.00      0.00     0.00   0.00    0.00     0.00    0.00    0.00    0.04  48.00
dm-1             0.00      0.00     0.00   0.00    0.00     0.00  857.00  16928.00     0.00   0.00    0.03    19.75    0.00      0.00     0.00   0.00    0.00     0.00    0.00    0.00    0.02  47.60
dm-2             0.00      0.00     0.00   0.00    0.00     0.00  321.00   1512.00     0.00   0.00    0.69     4.71    0.00      0.00     0.00   0.00    0.00     0.00    0.00    0.00    0.22   1.60
loop0            0.00      0.00     0.00   0.00    0.00     0.00    0.00      0.00     0.00   0.00    0.00     0.00    0.00      0.00     0.00   0.00    0.00     0.00    0.00    0.00    0.00   0.00
loop1            0.00      0.00     0.00   0.00    0.00     0.00    0.00      0.00     0.00   0.00    0.00     0.00    0.00      0.00     0.00   0.00    0.00     0.00    0.00    0.00    0.00   0.00
loop2            0.00      0.00     0.00   0.00    0.00     0.00    0.00      0.00     0.00   0.00    0.00     0.00    0.00      0.00     0.00   0.00    0.00     0.00    0.00    0.00    0.00   0.00
loop3            0.00      0.00     0.00   0.00    0.00     0.00    0.00      0.00     0.00   0.00    0.00     0.00    0.00      0.00     0.00   0.00    0.00     0.00    0.00    0.00    0.00   0.00
loop4            0.00      0.00     0.00   0.00    0.00     0.00    0.00      0.00     0.00   0.00    0.00     0.00    0.00      0.00     0.00   0.00    0.00     0.00    0.00    0.00    0.00   0.00
loop5            0.00      0.00     0.00   0.00    0.00     0.00    0.00      0.00     0.00   0.00    0.00     0.00    0.00      0.00     0.00   0.00    0.00     0.00    0.00    0.00    0.00   0.00
loop6            0.00      0.00     0.00   0.00    0.00     0.00    0.00      0.00     0.00   0.00    0.00     0.00    0.00      0.00     0.00   0.00    0.00     0.00    0.00    0.00    0.00   0.00
loop7            0.00      0.00     0.00   0.00    0.00     0.00    0.00      0.00     0.00   0.00    0.00     0.00    0.00      0.00     0.00   0.00    0.00     0.00    0.00    0.00    0.00   0.00
sda              0.00      0.00     0.00   0.00    0.00     0.00  289.00   1512.00    32.00   9.97    0.98     5.23    0.00      0.00     0.00   0.00    0.00     0.00    0.00    0.00    0.28   1.60
sdb              0.00      0.00     0.00   0.00    0.00     0.00 1476.00  33712.00   231.00  13.53    0.06    22.84    0.00      0.00     0.00   0.00    0.00     0.00    0.00    0.00    0.08  48.80


avg-cpu:  %user   %nice %system %iowait  %steal   %idle
           0.44    0.00    0.47    0.02    0.00   99.07

Device            r/s     rkB/s   rrqm/s  %rrqm r_await rareq-sz     w/s     wkB/s   wrqm/s  %wrqm w_await wareq-sz     d/s     dkB/s   drqm/s  %drqm d_await dareq-sz     f/s f_await  aqu-sz  %util
dm-0             0.00      0.00     0.00   0.00    0.00     0.00  572.00  11528.00     0.00   0.00    0.05    20.15    0.00      0.00     0.00   0.00    0.00     0.00    0.00    0.00    0.03  36.00
dm-1             0.00      0.00     0.00   0.00    0.00     0.00  575.00  11540.00     0.00   0.00    0.05    20.07    0.00      0.00     0.00   0.00    0.00     0.00    0.00    0.00    0.03  34.80
dm-2             0.00      0.00     0.00   0.00    0.00     0.00   50.00    208.00     0.00   0.00    0.00     4.16    0.00      0.00     0.00   0.00    0.00     0.00    0.00    0.00    0.00   2.00
loop0            0.00      0.00     0.00   0.00    0.00     0.00    0.00      0.00     0.00   0.00    0.00     0.00    0.00      0.00     0.00   0.00    0.00     0.00    0.00    0.00    0.00   0.00
loop1            0.00      0.00     0.00   0.00    0.00     0.00    0.00      0.00     0.00   0.00    0.00     0.00    0.00      0.00     0.00   0.00    0.00     0.00    0.00    0.00    0.00   0.00
loop2            0.00      0.00     0.00   0.00    0.00     0.00    0.00      0.00     0.00   0.00    0.00     0.00    0.00      0.00     0.00   0.00    0.00     0.00    0.00    0.00    0.00   0.00
loop3            0.00      0.00     0.00   0.00    0.00     0.00    0.00      0.00     0.00   0.00    0.00     0.00    0.00      0.00     0.00   0.00    0.00     0.00    0.00    0.00    0.00   0.00
loop4            0.00      0.00     0.00   0.00    0.00     0.00    0.00      0.00     0.00   0.00    0.00     0.00    0.00      0.00     0.00   0.00    0.00     0.00    0.00    0.00    0.00   0.00
loop5            0.00      0.00     0.00   0.00    0.00     0.00    0.00      0.00     0.00   0.00    0.00     0.00    0.00      0.00     0.00   0.00    0.00     0.00    0.00    0.00    0.00   0.00
loop6            0.00      0.00     0.00   0.00    0.00     0.00    0.00      0.00     0.00   0.00    0.00     0.00    0.00      0.00     0.00   0.00    0.00     0.00    0.00    0.00    0.00   0.00
loop7            0.00      0.00     0.00   0.00    0.00     0.00    0.00      0.00     0.00   0.00    0.00     0.00    0.00      0.00     0.00   0.00    0.00     0.00    0.00    0.00    0.00   0.00
sda              0.00      0.00     0.00   0.00    0.00     0.00   15.00    208.00    35.00  70.00    0.07    13.87    0.00      0.00     0.00   0.00    0.00     0.00    0.00    0.00    0.00   2.00
sdb              0.00      0.00     0.00   0.00    0.00     0.00  984.00  23068.00   163.00  14.21    0.06    23.44    0.00      0.00     0.00   0.00    0.00     0.00    0.00    0.00    0.06  36.00


avg-cpu:  %user   %nice %system %iowait  %steal   %idle
           0.46    0.00    0.50    0.00    0.00   99.04

Device            r/s     rkB/s   rrqm/s  %rrqm r_await rareq-sz     w/s     wkB/s   wrqm/s  %wrqm w_await wareq-sz     d/s     dkB/s   drqm/s  %drqm d_await dareq-sz     f/s f_await  aqu-sz  %util
dm-0             0.00      0.00     0.00   0.00    0.00     0.00  564.00  11196.00     0.00   0.00    0.06    19.85    0.00      0.00     0.00   0.00    0.00     0.00    0.00    0.00    0.03  32.80
dm-1             0.00      0.00     0.00   0.00    0.00     0.00  559.00  11176.00     0.00   0.00    0.03    19.99    0.00      0.00     0.00   0.00    0.00     0.00    0.00    0.00    0.02  32.40
dm-2             0.00      0.00     0.00   0.00    0.00     0.00    9.00     44.00     0.00   0.00    0.00     4.89    0.00      0.00     0.00   0.00    0.00     0.00    0.00    0.00    0.00   0.40
loop0            0.00      0.00     0.00   0.00    0.00     0.00    0.00      0.00     0.00   0.00    0.00     0.00    0.00      0.00     0.00   0.00    0.00     0.00    0.00    0.00    0.00   0.00
loop1            0.00      0.00     0.00   0.00    0.00     0.00    0.00      0.00     0.00   0.00    0.00     0.00    0.00      0.00     0.00   0.00    0.00     0.00    0.00    0.00    0.00   0.00
loop2            0.00      0.00     0.00   0.00    0.00     0.00    0.00      0.00     0.00   0.00    0.00     0.00    0.00      0.00     0.00   0.00    0.00     0.00    0.00    0.00    0.00   0.00
loop3            0.00      0.00     0.00   0.00    0.00     0.00    0.00      0.00     0.00   0.00    0.00     0.00    0.00      0.00     0.00   0.00    0.00     0.00    0.00    0.00    0.00   0.00
loop4            0.00      0.00     0.00   0.00    0.00     0.00    0.00      0.00     0.00   0.00    0.00     0.00    0.00      0.00     0.00   0.00    0.00     0.00    0.00    0.00    0.00   0.00
loop5            0.00      0.00     0.00   0.00    0.00     0.00    0.00      0.00     0.00   0.00    0.00     0.00    0.00      0.00     0.00   0.00    0.00     0.00    0.00    0.00    0.00   0.00
loop6            0.00      0.00     0.00   0.00    0.00     0.00    0.00      0.00     0.00   0.00    0.00     0.00    0.00      0.00     0.00   0.00    0.00     0.00    0.00    0.00    0.00   0.00
loop7            0.00      0.00     0.00   0.00    0.00     0.00    0.00      0.00     0.00   0.00    0.00     0.00    0.00      0.00     0.00   0.00    0.00     0.00    0.00    0.00    0.00   0.00
sda              0.00      0.00     0.00   0.00    0.00     0.00    3.00     44.00     6.00  66.67    0.00    14.67    0.00      0.00     0.00   0.00    0.00     0.00    0.00    0.00    0.00   0.40
sdb              0.00      0.00     0.00   0.00    0.00     0.00  968.00  22372.00   155.00  13.80    0.06    23.11    0.00      0.00     0.00   0.00    0.00     0.00    0.00    0.00    0.05  33.60


avg-cpu:  %user   %nice %system %iowait  %steal   %idle
           0.83    0.00    0.63    0.02    0.00   98.52

Device            r/s     rkB/s   rrqm/s  %rrqm r_await rareq-sz     w/s     wkB/s   wrqm/s  %wrqm w_await wareq-sz     d/s     dkB/s   drqm/s  %drqm d_await dareq-sz     f/s f_await  aqu-sz  %util
dm-0             0.00      0.00     0.00   0.00    0.00     0.00  764.00  15416.00     0.00   0.00    0.05    20.18    0.00      0.00     0.00   0.00    0.00     0.00    0.00    0.00    0.04  44.40
dm-1             0.00      0.00     0.00   0.00    0.00     0.00  752.00  15368.00     0.00   0.00    0.06    20.44    0.00      0.00     0.00   0.00    0.00     0.00    0.00    0.00    0.05  44.40
dm-2             0.00      0.00     0.00   0.00    0.00     0.00   52.00    216.00     0.00   0.00    0.00     4.15    0.00      0.00     0.00   0.00    0.00     0.00    0.00    0.00    0.00   1.60
loop0            0.00      0.00     0.00   0.00    0.00     0.00    0.00      0.00     0.00   0.00    0.00     0.00    0.00      0.00     0.00   0.00    0.00     0.00    0.00    0.00    0.00   0.00
loop1            0.00      0.00     0.00   0.00    0.00     0.00    0.00      0.00     0.00   0.00    0.00     0.00    0.00      0.00     0.00   0.00    0.00     0.00    0.00    0.00    0.00   0.00
loop2            0.00      0.00     0.00   0.00    0.00     0.00    0.00      0.00     0.00   0.00    0.00     0.00    0.00      0.00     0.00   0.00    0.00     0.00    0.00    0.00    0.00   0.00
loop3            0.00      0.00     0.00   0.00    0.00     0.00    0.00      0.00     0.00   0.00    0.00     0.00    0.00      0.00     0.00   0.00    0.00     0.00    0.00    0.00    0.00   0.00
loop4            0.00      0.00     0.00   0.00    0.00     0.00    0.00      0.00     0.00   0.00    0.00     0.00    0.00      0.00     0.00   0.00    0.00     0.00    0.00    0.00    0.00   0.00
loop5            0.00      0.00     0.00   0.00    0.00     0.00    0.00      0.00     0.00   0.00    0.00     0.00    0.00      0.00     0.00   0.00    0.00     0.00    0.00    0.00    0.00   0.00
loop6            0.00      0.00     0.00   0.00    0.00     0.00    0.00      0.00     0.00   0.00    0.00     0.00    0.00      0.00     0.00   0.00    0.00     0.00    0.00    0.00    0.00   0.00
loop7            0.00      0.00     0.00   0.00    0.00     0.00    0.00      0.00     0.00   0.00    0.00     0.00    0.00      0.00     0.00   0.00    0.00     0.00    0.00    0.00    0.00   0.00
sda              0.00      0.00     0.00   0.00    0.00     0.00   17.00    216.00    35.00  67.31    0.06    12.71    0.00      0.00     0.00   0.00    0.00     0.00    0.00    0.00    0.00   1.60
sdb              0.00      0.00     0.00   0.00    0.00     0.00 1307.00  30784.00   209.00  13.79    0.06    23.55    0.00      0.00     0.00   0.00    0.00     0.00    0.00    0.00    0.07  46.00


avg-cpu:  %user   %nice %system %iowait  %steal   %idle
           0.61    0.00    0.49    0.02    0.00   98.89

Device            r/s     rkB/s   rrqm/s  %rrqm r_await rareq-sz     w/s     wkB/s   wrqm/s  %wrqm w_await wareq-sz     d/s     dkB/s   drqm/s  %drqm d_await dareq-sz     f/s f_await  aqu-sz  %util
dm-0             0.00      0.00     0.00   0.00    0.00     0.00  628.00  12352.00     0.00   0.00    0.06    19.67    0.00      0.00     0.00   0.00    0.00     0.00    0.00    0.00    0.04  36.40
dm-1             0.00      0.00     0.00   0.00    0.00     0.00  615.00  12304.00     0.00   0.00    0.05    20.01    0.00      0.00     0.00   0.00    0.00     0.00    0.00    0.00    0.03  35.20
dm-2             0.00      0.00     0.00   0.00    0.00     0.00   77.00    336.00     0.00   0.00    0.00     4.36    0.00      0.00     0.00   0.00    0.00     0.00    0.00    0.00    0.00   2.80
loop0            0.00      0.00     0.00   0.00    0.00     0.00    0.00      0.00     0.00   0.00    0.00     0.00    0.00      0.00     0.00   0.00    0.00     0.00    0.00    0.00    0.00   0.00
loop1            0.00      0.00     0.00   0.00    0.00     0.00    0.00      0.00     0.00   0.00    0.00     0.00    0.00      0.00     0.00   0.00    0.00     0.00    0.00    0.00    0.00   0.00
loop2            0.00      0.00     0.00   0.00    0.00     0.00    0.00      0.00     0.00   0.00    0.00     0.00    0.00      0.00     0.00   0.00    0.00     0.00    0.00    0.00    0.00   0.00
loop3            0.00      0.00     0.00   0.00    0.00     0.00    0.00      0.00     0.00   0.00    0.00     0.00    0.00      0.00     0.00   0.00    0.00     0.00    0.00    0.00    0.00   0.00
loop4            0.00      0.00     0.00   0.00    0.00     0.00    0.00      0.00     0.00   0.00    0.00     0.00    0.00      0.00     0.00   0.00    0.00     0.00    0.00    0.00    0.00   0.00
loop5            0.00      0.00     0.00   0.00    0.00     0.00    0.00      0.00     0.00   0.00    0.00     0.00    0.00      0.00     0.00   0.00    0.00     0.00    0.00    0.00    0.00   0.00
loop6            0.00      0.00     0.00   0.00    0.00     0.00    0.00      0.00     0.00   0.00    0.00     0.00    0.00      0.00     0.00   0.00    0.00     0.00    0.00    0.00    0.00   0.00
loop7            0.00      0.00     0.00   0.00    0.00     0.00    0.00      0.00     0.00   0.00    0.00     0.00    0.00      0.00     0.00   0.00    0.00     0.00    0.00    0.00    0.00   0.00
sda              0.00      0.00     0.00   0.00    0.00     0.00   32.00    336.00    45.00  58.44    0.28    10.50    0.00      0.00     0.00   0.00    0.00     0.00    0.00    0.00    0.01   2.80
sdb              0.00      0.00     0.00   0.00    0.00     0.00 1066.00  24644.00   175.00  14.10    0.06    23.12    0.00      0.00     0.00   0.00    0.00     0.00    0.00    0.00    0.06  36.40


avg-cpu:  %user   %nice %system %iowait  %steal   %idle
           0.47    0.00    0.41    0.00    0.00   99.12

Device            r/s     rkB/s   rrqm/s  %rrqm r_await rareq-sz     w/s     wkB/s   wrqm/s  %wrqm w_await wareq-sz     d/s     dkB/s   drqm/s  %drqm d_await dareq-sz     f/s f_await  aqu-sz  %util
dm-0             0.00      0.00     0.00   0.00    0.00     0.00  502.00  10408.00     0.00   0.00    0.08    20.73    0.00      0.00     0.00   0.00    0.00     0.00    0.00    0.00    0.04  29.60
dm-1             0.00      0.00     0.00   0.00    0.00     0.00  509.00  10436.00     0.00   0.00    0.09    20.50    0.00      0.00     0.00   0.00    0.00     0.00    0.00    0.00    0.04  30.80
dm-2             0.00      0.00     0.00   0.00    0.00     0.00   48.00    192.00     0.00   0.00    0.00     4.00    0.00      0.00     0.00   0.00    0.00     0.00    0.00    0.00    0.00   0.80
loop0            0.00      0.00     0.00   0.00    0.00     0.00    0.00      0.00     0.00   0.00    0.00     0.00    0.00      0.00     0.00   0.00    0.00     0.00    0.00    0.00    0.00   0.00
loop1            0.00      0.00     0.00   0.00    0.00     0.00    0.00      0.00     0.00   0.00    0.00     0.00    0.00      0.00     0.00   0.00    0.00     0.00    0.00    0.00    0.00   0.00
loop2            0.00      0.00     0.00   0.00    0.00     0.00    0.00      0.00     0.00   0.00    0.00     0.00    0.00      0.00     0.00   0.00    0.00     0.00    0.00    0.00    0.00   0.00
loop3            0.00      0.00     0.00   0.00    0.00     0.00    0.00      0.00     0.00   0.00    0.00     0.00    0.00      0.00     0.00   0.00    0.00     0.00    0.00    0.00    0.00   0.00
loop4            0.00      0.00     0.00   0.00    0.00     0.00    0.00      0.00     0.00   0.00    0.00     0.00    0.00      0.00     0.00   0.00    0.00     0.00    0.00    0.00    0.00   0.00
loop5            0.00      0.00     0.00   0.00    0.00     0.00    0.00      0.00     0.00   0.00    0.00     0.00    0.00      0.00     0.00   0.00    0.00     0.00    0.00    0.00    0.00   0.00
loop6            0.00      0.00     0.00   0.00    0.00     0.00    0.00      0.00     0.00   0.00    0.00     0.00    0.00      0.00     0.00   0.00    0.00     0.00    0.00    0.00    0.00   0.00
loop7            0.00      0.00     0.00   0.00    0.00     0.00    0.00      0.00     0.00   0.00    0.00     0.00    0.00      0.00     0.00   0.00    0.00     0.00    0.00    0.00    0.00   0.00
sda              0.00      0.00     0.00   0.00    0.00     0.00   11.00    192.00    37.00  77.08    0.09    17.45    0.00      0.00     0.00   0.00    0.00     0.00    0.00    0.00    0.00   0.80
sdb              0.00      0.00     0.00   0.00    0.00     0.00  888.00  20856.00   125.00  12.34    0.06    23.49    0.00      0.00     0.00   0.00    0.00     0.00    0.00    0.00    0.05  30.80


avg-cpu:  %user   %nice %system %iowait  %steal   %idle
           0.77    0.00    0.61    0.02    0.00   98.60

Device            r/s     rkB/s   rrqm/s  %rrqm r_await rareq-sz     w/s     wkB/s   wrqm/s  %wrqm w_await wareq-sz     d/s     dkB/s   drqm/s  %drqm d_await dareq-sz     f/s f_await  aqu-sz  %util
dm-0             0.00      0.00     0.00   0.00    0.00     0.00  730.00  14864.00     0.00   0.00    0.03    20.36    0.00      0.00     0.00   0.00    0.00     0.00    0.00    0.00    0.02  44.80
dm-1             0.00      0.00     0.00   0.00    0.00     0.00  736.00  14884.00     0.00   0.00    0.06    20.22    0.00      0.00     0.00   0.00    0.00     0.00    0.00    0.00    0.04  45.20
dm-2             0.00      0.00     0.00   0.00    0.00     0.00  278.00   1232.00     0.00   0.00    0.47     4.43    0.00      0.00     0.00   0.00    0.00     0.00    0.00    0.00    0.13   2.40
loop0            0.00      0.00     0.00   0.00    0.00     0.00    0.00      0.00     0.00   0.00    0.00     0.00    0.00      0.00     0.00   0.00    0.00     0.00    0.00    0.00    0.00   0.00
loop1            0.00      0.00     0.00   0.00    0.00     0.00    0.00      0.00     0.00   0.00    0.00     0.00    0.00      0.00     0.00   0.00    0.00     0.00    0.00    0.00    0.00   0.00
loop2            0.00      0.00     0.00   0.00    0.00     0.00    0.00      0.00     0.00   0.00    0.00     0.00    0.00      0.00     0.00   0.00    0.00     0.00    0.00    0.00    0.00   0.00
loop3            0.00      0.00     0.00   0.00    0.00     0.00    0.00      0.00     0.00   0.00    0.00     0.00    0.00      0.00     0.00   0.00    0.00     0.00    0.00    0.00    0.00   0.00
loop4            0.00      0.00     0.00   0.00    0.00     0.00    0.00      0.00     0.00   0.00    0.00     0.00    0.00      0.00     0.00   0.00    0.00     0.00    0.00    0.00    0.00   0.00
loop5            0.00      0.00     0.00   0.00    0.00     0.00    0.00      0.00     0.00   0.00    0.00     0.00    0.00      0.00     0.00   0.00    0.00     0.00    0.00    0.00    0.00   0.00
loop6            0.00      0.00     0.00   0.00    0.00     0.00    0.00      0.00     0.00   0.00    0.00     0.00    0.00      0.00     0.00   0.00    0.00     0.00    0.00    0.00    0.00   0.00
loop7            0.00      0.00     0.00   0.00    0.00     0.00    0.00      0.00     0.00   0.00    0.00     0.00    0.00      0.00     0.00   0.00    0.00     0.00    0.00    0.00    0.00   0.00
sda              0.00      0.00     0.00   0.00    0.00     0.00  238.00   1232.00    40.00  14.39    0.66     5.18    0.00      0.00     0.00   0.00    0.00     0.00    0.00    0.00    0.16   2.40
sdb              0.00      0.00     0.00   0.00    0.00     0.00 1268.00  29748.00   198.00  13.51    0.06    23.46    0.00      0.00     0.00   0.00    0.00     0.00    0.00    0.00    0.07  46.40


avg-cpu:  %user   %nice %system %iowait  %steal   %idle
           0.60    0.00    0.63    0.02    0.00   98.76

Device            r/s     rkB/s   rrqm/s  %rrqm r_await rareq-sz     w/s     wkB/s   wrqm/s  %wrqm w_await wareq-sz     d/s     dkB/s   drqm/s  %drqm d_await dareq-sz     f/s f_await  aqu-sz  %util
dm-0             0.00      0.00     0.00   0.00    0.00     0.00  721.00  14764.00     0.00   0.00    0.08    20.48    0.00      0.00     0.00   0.00    0.00     0.00    0.00    0.00    0.06  44.00
dm-1             0.00      0.00     0.00   0.00    0.00     0.00  732.00  14808.00     0.00   0.00    0.04    20.23    0.00      0.00     0.00   0.00    0.00     0.00    0.00    0.00    0.03  43.20
dm-2             0.00      0.00     0.00   0.00    0.00     0.00   39.00    156.00     0.00   0.00    0.00     4.00    0.00      0.00     0.00   0.00    0.00     0.00    0.00    0.00    0.00   1.20
loop0            0.00      0.00     0.00   0.00    0.00     0.00    0.00      0.00     0.00   0.00    0.00     0.00    0.00      0.00     0.00   0.00    0.00     0.00    0.00    0.00    0.00   0.00
loop1            0.00      0.00     0.00   0.00    0.00     0.00    0.00      0.00     0.00   0.00    0.00     0.00    0.00      0.00     0.00   0.00    0.00     0.00    0.00    0.00    0.00   0.00
loop2            0.00      0.00     0.00   0.00    0.00     0.00    0.00      0.00     0.00   0.00    0.00     0.00    0.00      0.00     0.00   0.00    0.00     0.00    0.00    0.00    0.00   0.00
loop3            0.00      0.00     0.00   0.00    0.00     0.00    0.00      0.00     0.00   0.00    0.00     0.00    0.00      0.00     0.00   0.00    0.00     0.00    0.00    0.00    0.00   0.00
loop4            0.00      0.00     0.00   0.00    0.00     0.00    0.00      0.00     0.00   0.00    0.00     0.00    0.00      0.00     0.00   0.00    0.00     0.00    0.00    0.00    0.00   0.00
loop5            0.00      0.00     0.00   0.00    0.00     0.00    0.00      0.00     0.00   0.00    0.00     0.00    0.00      0.00     0.00   0.00    0.00     0.00    0.00    0.00    0.00   0.00
loop6            0.00      0.00     0.00   0.00    0.00     0.00    0.00      0.00     0.00   0.00    0.00     0.00    0.00      0.00     0.00   0.00    0.00     0.00    0.00    0.00    0.00   0.00
loop7            0.00      0.00     0.00   0.00    0.00     0.00    0.00      0.00     0.00   0.00    0.00     0.00    0.00      0.00     0.00   0.00    0.00     0.00    0.00    0.00    0.00   0.00
sda              0.00      0.00     0.00   0.00    0.00     0.00   11.00    156.00    28.00  71.79    0.09    14.18    0.00      0.00     0.00   0.00    0.00     0.00    0.00    0.00    0.00   1.20
sdb              0.00      0.00     0.00   0.00    0.00     0.00 1263.00  29572.00   190.00  13.08    0.06    23.41    0.00      0.00     0.00   0.00    0.00     0.00    0.00    0.00    0.07  44.80


avg-cpu:  %user   %nice %system %iowait  %steal   %idle
           0.85    0.00    0.55    0.02    0.00   98.59

Device            r/s     rkB/s   rrqm/s  %rrqm r_await rareq-sz     w/s     wkB/s   wrqm/s  %wrqm w_await wareq-sz     d/s     dkB/s   drqm/s  %drqm d_await dareq-sz     f/s f_await  aqu-sz  %util
dm-0             0.00      0.00     0.00   0.00    0.00     0.00  767.00  15488.00     0.00   0.00    0.03    20.19    0.00      0.00     0.00   0.00    0.00     0.00    0.00    0.00    0.02  46.00
dm-1             0.00      0.00     0.00   0.00    0.00     0.00  774.00  15516.00     0.00   0.00    0.04    20.05    0.00      0.00     0.00   0.00    0.00     0.00    0.00    0.00    0.03  46.80
dm-2             0.00      0.00     0.00   0.00    0.00     0.00   55.00    236.00     0.00   0.00    0.36     4.29    0.00      0.00     0.00   0.00    0.00     0.00    0.00    0.00    0.02   2.80
loop0            0.00      0.00     0.00   0.00    0.00     0.00    0.00      0.00     0.00   0.00    0.00     0.00    0.00      0.00     0.00   0.00    0.00     0.00    0.00    0.00    0.00   0.00
loop1            0.00      0.00     0.00   0.00    0.00     0.00    0.00      0.00     0.00   0.00    0.00     0.00    0.00      0.00     0.00   0.00    0.00     0.00    0.00    0.00    0.00   0.00
loop2            0.00      0.00     0.00   0.00    0.00     0.00    0.00      0.00     0.00   0.00    0.00     0.00    0.00      0.00     0.00   0.00    0.00     0.00    0.00    0.00    0.00   0.00
loop3            0.00      0.00     0.00   0.00    0.00     0.00    0.00      0.00     0.00   0.00    0.00     0.00    0.00      0.00     0.00   0.00    0.00     0.00    0.00    0.00    0.00   0.00
loop4            0.00      0.00     0.00   0.00    0.00     0.00    0.00      0.00     0.00   0.00    0.00     0.00    0.00      0.00     0.00   0.00    0.00     0.00    0.00    0.00    0.00   0.00
loop5            0.00      0.00     0.00   0.00    0.00     0.00    0.00      0.00     0.00   0.00    0.00     0.00    0.00      0.00     0.00   0.00    0.00     0.00    0.00    0.00    0.00   0.00
loop6            0.00      0.00     0.00   0.00    0.00     0.00    0.00      0.00     0.00   0.00    0.00     0.00    0.00      0.00     0.00   0.00    0.00     0.00    0.00    0.00    0.00   0.00
loop7            0.00      0.00     0.00   0.00    0.00     0.00    0.00      0.00     0.00   0.00    0.00     0.00    0.00      0.00     0.00   0.00    0.00     0.00    0.00    0.00    0.00   0.00
sda              0.00      0.00     0.00   0.00    0.00     0.00   20.00    236.00    35.00  63.64    0.05    11.80    0.00      0.00     0.00   0.00    0.00     0.00    0.00    0.00    0.00   2.80
sdb              0.00      0.00     0.00   0.00    0.00     0.00 1335.00  31004.00   206.00  13.37    0.06    23.22    0.00      0.00     0.00   0.00    0.00     0.00    0.00    0.00    0.07  47.20


avg-cpu:  %user   %nice %system %iowait  %steal   %idle
           0.41    0.00    0.27    0.00    0.00   99.33

Device            r/s     rkB/s   rrqm/s  %rrqm r_await rareq-sz     w/s     wkB/s   wrqm/s  %wrqm w_await wareq-sz     d/s     dkB/s   drqm/s  %drqm d_await dareq-sz     f/s f_await  aqu-sz  %util
dm-0             0.00      0.00     0.00   0.00    0.00     0.00  324.00   6516.00     0.00   0.00    0.01    20.11    0.00      0.00     0.00   0.00    0.00     0.00    0.00    0.00    0.00  20.00
dm-1             0.00      0.00     0.00   0.00    0.00     0.00  329.00   6536.00     0.00   0.00    0.02    19.87    0.00      0.00     0.00   0.00    0.00     0.00    0.00    0.00    0.01  20.40
dm-2             0.00      0.00     0.00   0.00    0.00     0.00   53.00    224.00     0.00   0.00    0.00     4.23    0.00      0.00     0.00   0.00    0.00     0.00    0.00    0.00    0.00   1.60
loop0            0.00      0.00     0.00   0.00    0.00     0.00    0.00      0.00     0.00   0.00    0.00     0.00    0.00      0.00     0.00   0.00    0.00     0.00    0.00    0.00    0.00   0.00
loop1            0.00      0.00     0.00   0.00    0.00     0.00    0.00      0.00     0.00   0.00    0.00     0.00    0.00      0.00     0.00   0.00    0.00     0.00    0.00    0.00    0.00   0.00
loop2            0.00      0.00     0.00   0.00    0.00     0.00    0.00      0.00     0.00   0.00    0.00     0.00    0.00      0.00     0.00   0.00    0.00     0.00    0.00    0.00    0.00   0.00
loop3            0.00      0.00     0.00   0.00    0.00     0.00    0.00      0.00     0.00   0.00    0.00     0.00    0.00      0.00     0.00   0.00    0.00     0.00    0.00    0.00    0.00   0.00
loop4            0.00      0.00     0.00   0.00    0.00     0.00    0.00      0.00     0.00   0.00    0.00     0.00    0.00      0.00     0.00   0.00    0.00     0.00    0.00    0.00    0.00   0.00
loop5            0.00      0.00     0.00   0.00    0.00     0.00    0.00      0.00     0.00   0.00    0.00     0.00    0.00      0.00     0.00   0.00    0.00     0.00    0.00    0.00    0.00   0.00
loop6            0.00      0.00     0.00   0.00    0.00     0.00    0.00      0.00     0.00   0.00    0.00     0.00    0.00      0.00     0.00   0.00    0.00     0.00    0.00    0.00    0.00   0.00
loop7            0.00      0.00     0.00   0.00    0.00     0.00    0.00      0.00     0.00   0.00    0.00     0.00    0.00      0.00     0.00   0.00    0.00     0.00    0.00    0.00    0.00   0.00
sda              0.00      0.00     0.00   0.00    0.00     0.00   16.00    224.00    37.00  69.81    0.56    14.00    0.00      0.00     0.00   0.00    0.00     0.00    0.00    0.00    0.01   1.60
sdb              0.00      0.00     0.00   0.00    0.00     0.00  568.00  13052.00    85.00  13.02    0.06    22.98    0.00      0.00     0.00   0.00    0.00     0.00    0.00    0.00    0.03  20.40


avg-cpu:  %user   %nice %system %iowait  %steal   %idle
           0.66    0.00    0.58    0.02    0.00   98.74

Device            r/s     rkB/s   rrqm/s  %rrqm r_await rareq-sz     w/s     wkB/s   wrqm/s  %wrqm w_await wareq-sz     d/s     dkB/s   drqm/s  %drqm d_await dareq-sz     f/s f_await  aqu-sz  %util
dm-0             0.00      0.00     0.00   0.00    0.00     0.00  724.00  14716.00     0.00   0.00    0.03    20.33    0.00      0.00     0.00   0.00    0.00     0.00    0.00    0.00    0.02  44.80
dm-1             0.00      0.00     0.00   0.00    0.00     0.00  720.00  14704.00     0.00   0.00    0.06    20.42    0.00      0.00     0.00   0.00    0.00     0.00    0.00    0.00    0.04  44.00
dm-2             0.00      0.00     0.00   0.00    0.00     0.00   75.00    316.00     0.00   0.00    0.00     4.21    0.00      0.00     0.00   0.00    0.00     0.00    0.00    0.00    0.00   2.40
loop0            0.00      0.00     0.00   0.00    0.00     0.00    0.00      0.00     0.00   0.00    0.00     0.00    0.00      0.00     0.00   0.00    0.00     0.00    0.00    0.00    0.00   0.00
loop1            0.00      0.00     0.00   0.00    0.00     0.00    0.00      0.00     0.00   0.00    0.00     0.00    0.00      0.00     0.00   0.00    0.00     0.00    0.00    0.00    0.00   0.00
loop2            0.00      0.00     0.00   0.00    0.00     0.00    0.00      0.00     0.00   0.00    0.00     0.00    0.00      0.00     0.00   0.00    0.00     0.00    0.00    0.00    0.00   0.00
loop3            0.00      0.00     0.00   0.00    0.00     0.00    0.00      0.00     0.00   0.00    0.00     0.00    0.00      0.00     0.00   0.00    0.00     0.00    0.00    0.00    0.00   0.00
loop4            0.00      0.00     0.00   0.00    0.00     0.00    0.00      0.00     0.00   0.00    0.00     0.00    0.00      0.00     0.00   0.00    0.00     0.00    0.00    0.00    0.00   0.00
loop5            0.00      0.00     0.00   0.00    0.00     0.00    0.00      0.00     0.00   0.00    0.00     0.00    0.00      0.00     0.00   0.00    0.00     0.00    0.00    0.00    0.00   0.00
loop6            0.00      0.00     0.00   0.00    0.00     0.00    0.00      0.00     0.00   0.00    0.00     0.00    0.00      0.00     0.00   0.00    0.00     0.00    0.00    0.00    0.00   0.00
loop7            0.00      0.00     0.00   0.00    0.00     0.00    0.00      0.00     0.00   0.00    0.00     0.00    0.00      0.00     0.00   0.00    0.00     0.00    0.00    0.00    0.00   0.00
sda              0.00      0.00     0.00   0.00    0.00     0.00   27.00    316.00    48.00  64.00    0.15    11.70    0.00      0.00     0.00   0.00    0.00     0.00    0.00    0.00    0.00   2.40
sdb              0.00      0.00     0.00   0.00    0.00     0.00 1254.00  29420.00   190.00  13.16    0.06    23.46    0.00      0.00     0.00   0.00    0.00     0.00    0.00    0.00    0.07  45.20


avg-cpu:  %user   %nice %system %iowait  %steal   %idle
           0.72    0.00    0.53    0.02    0.00   98.73

Device            r/s     rkB/s   rrqm/s  %rrqm r_await rareq-sz     w/s     wkB/s   wrqm/s  %wrqm w_await wareq-sz     d/s     dkB/s   drqm/s  %drqm d_await dareq-sz     f/s f_await  aqu-sz  %util
dm-0             0.00      0.00     0.00   0.00    0.00     0.00  737.00  14892.00     0.00   0.00    0.07    20.21    0.00      0.00     0.00   0.00    0.00     0.00    0.00    0.00    0.05  46.40
dm-1             0.00      0.00     0.00   0.00    0.00     0.00  730.00  14860.00     0.00   0.00    0.06    20.36    0.00      0.00     0.00   0.00    0.00     0.00    0.00    0.00    0.04  46.00
dm-2             0.00      0.00     0.00   0.00    0.00     0.00  272.00   1168.00     0.00   0.00    0.82     4.29    0.00      0.00     0.00   0.00    0.00     0.00    0.00    0.00    0.22   2.00
loop0            0.00      0.00     0.00   0.00    0.00     0.00    0.00      0.00     0.00   0.00    0.00     0.00    0.00      0.00     0.00   0.00    0.00     0.00    0.00    0.00    0.00   0.00
loop1            0.00      0.00     0.00   0.00    0.00     0.00    0.00      0.00     0.00   0.00    0.00     0.00    0.00      0.00     0.00   0.00    0.00     0.00    0.00    0.00    0.00   0.00
loop2            0.00      0.00     0.00   0.00    0.00     0.00    0.00      0.00     0.00   0.00    0.00     0.00    0.00      0.00     0.00   0.00    0.00     0.00    0.00    0.00    0.00   0.00
loop3            0.00      0.00     0.00   0.00    0.00     0.00    0.00      0.00     0.00   0.00    0.00     0.00    0.00      0.00     0.00   0.00    0.00     0.00    0.00    0.00    0.00   0.00
loop4            0.00      0.00     0.00   0.00    0.00     0.00    0.00      0.00     0.00   0.00    0.00     0.00    0.00      0.00     0.00   0.00    0.00     0.00    0.00    0.00    0.00   0.00
loop5            0.00      0.00     0.00   0.00    0.00     0.00    0.00      0.00     0.00   0.00    0.00     0.00    0.00      0.00     0.00   0.00    0.00     0.00    0.00    0.00    0.00   0.00
loop6            0.00      0.00     0.00   0.00    0.00     0.00    0.00      0.00     0.00   0.00    0.00     0.00    0.00      0.00     0.00   0.00    0.00     0.00    0.00    0.00    0.00   0.00
loop7            0.00      0.00     0.00   0.00    0.00     0.00    0.00      0.00     0.00   0.00    0.00     0.00    0.00      0.00     0.00   0.00    0.00     0.00    0.00    0.00    0.00   0.00
sda              0.00      0.00     0.00   0.00    0.00     0.00  241.00   1168.00    31.00  11.40    1.32     4.85    0.00      0.00     0.00   0.00    0.00     0.00    0.00    0.00    0.32   2.00
sdb              0.00      0.00     0.00   0.00    0.00     0.00 1272.00  29752.00   195.00  13.29    0.06    23.39    0.00      0.00     0.00   0.00    0.00     0.00    0.00    0.00    0.08  47.60


avg-cpu:  %user   %nice %system %iowait  %steal   %idle
           0.47    0.00    0.44    0.00    0.00   99.09

Device            r/s     rkB/s   rrqm/s  %rrqm r_await rareq-sz     w/s     wkB/s   wrqm/s  %wrqm w_await wareq-sz     d/s     dkB/s   drqm/s  %drqm d_await dareq-sz     f/s f_await  aqu-sz  %util
dm-0             0.00      0.00     0.00   0.00    0.00     0.00  522.00  10668.00     0.00   0.00    0.10    20.44    0.00      0.00     0.00   0.00    0.00     0.00    0.00    0.00    0.05  34.40
dm-1             0.00      0.00     0.00   0.00    0.00     0.00  517.00  10528.00     0.00   0.00    0.06    20.36    0.00      0.00     0.00   0.00    0.00     0.00    0.00    0.00    0.03  34.00
dm-2             0.00      0.00     0.00   0.00    0.00     0.00   54.00    232.00     0.00   0.00    0.00     4.30    0.00      0.00     0.00   0.00    0.00     0.00    0.00    0.00    0.00   1.60
loop0            0.00      0.00     0.00   0.00    0.00     0.00    0.00      0.00     0.00   0.00    0.00     0.00    0.00      0.00     0.00   0.00    0.00     0.00    0.00    0.00    0.00   0.00
loop1            0.00      0.00     0.00   0.00    0.00     0.00    0.00      0.00     0.00   0.00    0.00     0.00    0.00      0.00     0.00   0.00    0.00     0.00    0.00    0.00    0.00   0.00
loop2            0.00      0.00     0.00   0.00    0.00     0.00    0.00      0.00     0.00   0.00    0.00     0.00    0.00      0.00     0.00   0.00    0.00     0.00    0.00    0.00    0.00   0.00
loop3            0.00      0.00     0.00   0.00    0.00     0.00    0.00      0.00     0.00   0.00    0.00     0.00    0.00      0.00     0.00   0.00    0.00     0.00    0.00    0.00    0.00   0.00
loop4            0.00      0.00     0.00   0.00    0.00     0.00    0.00      0.00     0.00   0.00    0.00     0.00    0.00      0.00     0.00   0.00    0.00     0.00    0.00    0.00    0.00   0.00
loop5            0.00      0.00     0.00   0.00    0.00     0.00    0.00      0.00     0.00   0.00    0.00     0.00    0.00      0.00     0.00   0.00    0.00     0.00    0.00    0.00    0.00   0.00
loop6            0.00      0.00     0.00   0.00    0.00     0.00    0.00      0.00     0.00   0.00    0.00     0.00    0.00      0.00     0.00   0.00    0.00     0.00    0.00    0.00    0.00   0.00
loop7            0.00      0.00     0.00   0.00    0.00     0.00    0.00      0.00     0.00   0.00    0.00     0.00    0.00      0.00     0.00   0.00    0.00     0.00    0.00    0.00    0.00   0.00
sda              0.00      0.00     0.00   0.00    0.00     0.00   17.00    232.00    37.00  68.52    0.06    13.65    0.00      0.00     0.00   0.00    0.00     0.00    0.00    0.00    0.00   1.60
sdb              0.00      0.00     0.00   0.00    0.00     0.00  900.00  21196.00   139.00  13.38    0.06    23.55    0.00      0.00     0.00   0.00    0.00     0.00    0.00    0.00    0.05  34.80


avg-cpu:  %user   %nice %system %iowait  %steal   %idle
           0.49    0.00    0.58    0.02    0.00   98.92

Device            r/s     rkB/s   rrqm/s  %rrqm r_await rareq-sz     w/s     wkB/s   wrqm/s  %wrqm w_await wareq-sz     d/s     dkB/s   drqm/s  %drqm d_await dareq-sz     f/s f_await  aqu-sz  %util
dm-0             0.00      0.00     0.00   0.00    0.00     0.00  527.00  10688.00     0.00   0.00    0.03    20.28    0.00      0.00     0.00   0.00    0.00     0.00    0.00    0.00    0.02  31.60
dm-1             0.00      0.00     0.00   0.00    0.00     0.00  519.00  10656.00     0.00   0.00    0.03    20.53    0.00      0.00     0.00   0.00    0.00     0.00    0.00    0.00    0.02  29.60
dm-2             0.00      0.00     0.00   0.00    0.00     0.00   42.00    168.00     0.00   0.00    0.00     4.00    0.00      0.00     0.00   0.00    0.00     0.00    0.00    0.00    0.00   1.60
loop0            0.00      0.00     0.00   0.00    0.00     0.00    0.00      0.00     0.00   0.00    0.00     0.00    0.00      0.00     0.00   0.00    0.00     0.00    0.00    0.00    0.00   0.00
loop1            0.00      0.00     0.00   0.00    0.00     0.00    0.00      0.00     0.00   0.00    0.00     0.00    0.00      0.00     0.00   0.00    0.00     0.00    0.00    0.00    0.00   0.00
loop2            0.00      0.00     0.00   0.00    0.00     0.00    0.00      0.00     0.00   0.00    0.00     0.00    0.00      0.00     0.00   0.00    0.00     0.00    0.00    0.00    0.00   0.00
loop3            0.00      0.00     0.00   0.00    0.00     0.00    0.00      0.00     0.00   0.00    0.00     0.00    0.00      0.00     0.00   0.00    0.00     0.00    0.00    0.00    0.00   0.00
loop4            0.00      0.00     0.00   0.00    0.00     0.00    0.00      0.00     0.00   0.00    0.00     0.00    0.00      0.00     0.00   0.00    0.00     0.00    0.00    0.00    0.00   0.00
loop5            0.00      0.00     0.00   0.00    0.00     0.00    0.00      0.00     0.00   0.00    0.00     0.00    0.00      0.00     0.00   0.00    0.00     0.00    0.00    0.00    0.00   0.00
loop6            0.00      0.00     0.00   0.00    0.00     0.00    0.00      0.00     0.00   0.00    0.00     0.00    0.00      0.00     0.00   0.00    0.00     0.00    0.00    0.00    0.00   0.00
loop7            0.00      0.00     0.00   0.00    0.00     0.00    0.00      0.00     0.00   0.00    0.00     0.00    0.00      0.00     0.00   0.00    0.00     0.00    0.00    0.00    0.00   0.00
sda              0.00      0.00     0.00   0.00    0.00     0.00   14.00    168.00    28.00  66.67    0.07    12.00    0.00      0.00     0.00   0.00    0.00     0.00    0.00    0.00    0.00   1.60
sdb              0.00      0.00     0.00   0.00    0.00     0.00  909.00  21344.00   137.00  13.10    0.06    23.48    0.00      0.00     0.00   0.00    0.00     0.00    0.00    0.00    0.05  32.40


avg-cpu:  %user   %nice %system %iowait  %steal   %idle
           0.85    0.00    0.75    0.02    0.00   98.39

Device            r/s     rkB/s   rrqm/s  %rrqm r_await rareq-sz     w/s     wkB/s   wrqm/s  %wrqm w_await wareq-sz     d/s     dkB/s   drqm/s  %drqm d_await dareq-sz     f/s f_await  aqu-sz  %util
dm-0             0.00      0.00     0.00   0.00    0.00     0.00  756.00  15264.00     0.00   0.00    0.07    20.19    0.00      0.00     0.00   0.00    0.00     0.00    0.00    0.00    0.05  45.60
dm-1             0.00      0.00     0.00   0.00    0.00     0.00  745.00  15220.00     0.00   0.00    0.07    20.43    0.00      0.00     0.00   0.00    0.00     0.00    0.00    0.00    0.05  46.00
dm-2             0.00      0.00     0.00   0.00    0.00     0.00   66.00    292.00     0.00   0.00    0.00     4.42    0.00      0.00     0.00   0.00    0.00     0.00    0.00    0.00    0.00   2.80
loop0            0.00      0.00     0.00   0.00    0.00     0.00    0.00      0.00     0.00   0.00    0.00     0.00    0.00      0.00     0.00   0.00    0.00     0.00    0.00    0.00    0.00   0.00
loop1            0.00      0.00     0.00   0.00    0.00     0.00    0.00      0.00     0.00   0.00    0.00     0.00    0.00      0.00     0.00   0.00    0.00     0.00    0.00    0.00    0.00   0.00
loop2            0.00      0.00     0.00   0.00    0.00     0.00    0.00      0.00     0.00   0.00    0.00     0.00    0.00      0.00     0.00   0.00    0.00     0.00    0.00    0.00    0.00   0.00
loop3            0.00      0.00     0.00   0.00    0.00     0.00    0.00      0.00     0.00   0.00    0.00     0.00    0.00      0.00     0.00   0.00    0.00     0.00    0.00    0.00    0.00   0.00
loop4            0.00      0.00     0.00   0.00    0.00     0.00    0.00      0.00     0.00   0.00    0.00     0.00    0.00      0.00     0.00   0.00    0.00     0.00    0.00    0.00    0.00   0.00
loop5            0.00      0.00     0.00   0.00    0.00     0.00    0.00      0.00     0.00   0.00    0.00     0.00    0.00      0.00     0.00   0.00    0.00     0.00    0.00    0.00    0.00   0.00
loop6            0.00      0.00     0.00   0.00    0.00     0.00    0.00      0.00     0.00   0.00    0.00     0.00    0.00      0.00     0.00   0.00    0.00     0.00    0.00    0.00    0.00   0.00
loop7            0.00      0.00     0.00   0.00    0.00     0.00    0.00      0.00     0.00   0.00    0.00     0.00    0.00      0.00     0.00   0.00    0.00     0.00    0.00    0.00    0.00   0.00
sda              0.00      0.00     0.00   0.00    0.00     0.00   22.00    292.00    44.00  66.67    0.59    13.27    0.00      0.00     0.00   0.00    0.00     0.00    0.00    0.00    0.01   2.80
sdb              0.00      0.00     0.00   0.00    0.00     0.00 1301.00  30484.00   200.00  13.32    0.06    23.43    0.00      0.00     0.00   0.00    0.00     0.00    0.00    0.00    0.07  46.80


avg-cpu:  %user   %nice %system %iowait  %steal   %idle
           0.91    0.00    0.69    0.02    0.00   98.39

Device            r/s     rkB/s   rrqm/s  %rrqm r_await rareq-sz     w/s     wkB/s   wrqm/s  %wrqm w_await wareq-sz     d/s     dkB/s   drqm/s  %drqm d_await dareq-sz     f/s f_await  aqu-sz  %util
dm-0             0.00      0.00     0.00   0.00    0.00     0.00  787.00  15628.00     0.00   0.00    0.08    19.86    0.00      0.00     0.00   0.00    0.00     0.00    0.00    0.00    0.06  48.00
dm-1             0.00      0.00     0.00   0.00    0.00     0.00  782.00  15612.00     0.00   0.00    0.05    19.96    0.00      0.00     0.00   0.00    0.00     0.00    0.00    0.00    0.04  48.40
dm-2             0.00      0.00     0.00   0.00    0.00     0.00   58.00    232.00     0.00   0.00    0.00     4.00    0.00      0.00     0.00   0.00    0.00     0.00    0.00    0.00    0.00   1.60
loop0            0.00      0.00     0.00   0.00    0.00     0.00    0.00      0.00     0.00   0.00    0.00     0.00    0.00      0.00     0.00   0.00    0.00     0.00    0.00    0.00    0.00   0.00
loop1            0.00      0.00     0.00   0.00    0.00     0.00    0.00      0.00     0.00   0.00    0.00     0.00    0.00      0.00     0.00   0.00    0.00     0.00    0.00    0.00    0.00   0.00
loop2            0.00      0.00     0.00   0.00    0.00     0.00    0.00      0.00     0.00   0.00    0.00     0.00    0.00      0.00     0.00   0.00    0.00     0.00    0.00    0.00    0.00   0.00
loop3            0.00      0.00     0.00   0.00    0.00     0.00    0.00      0.00     0.00   0.00    0.00     0.00    0.00      0.00     0.00   0.00    0.00     0.00    0.00    0.00    0.00   0.00
loop4            0.00      0.00     0.00   0.00    0.00     0.00    0.00      0.00     0.00   0.00    0.00     0.00    0.00      0.00     0.00   0.00    0.00     0.00    0.00    0.00    0.00   0.00
loop5            0.00      0.00     0.00   0.00    0.00     0.00    0.00      0.00     0.00   0.00    0.00     0.00    0.00      0.00     0.00   0.00    0.00     0.00    0.00    0.00    0.00   0.00
loop6            0.00      0.00     0.00   0.00    0.00     0.00    0.00      0.00     0.00   0.00    0.00     0.00    0.00      0.00     0.00   0.00    0.00     0.00    0.00    0.00    0.00   0.00
loop7            0.00      0.00     0.00   0.00    0.00     0.00    0.00      0.00     0.00   0.00    0.00     0.00    0.00      0.00     0.00   0.00    0.00     0.00    0.00    0.00    0.00   0.00
sda              0.00      0.00     0.00   0.00    0.00     0.00   23.00    232.00    35.00  60.34    0.26    10.09    0.00      0.00     0.00   0.00    0.00     0.00    0.00    0.00    0.01   1.60
sdb              0.00      0.00     0.00   0.00    0.00     0.00 1351.00  31240.00   218.00  13.89    0.06    23.12    0.00      0.00     0.00   0.00    0.00     0.00    0.00    0.00    0.08  48.40


avg-cpu:  %user   %nice %system %iowait  %steal   %idle
           0.41    0.00    0.44    0.00    0.00   99.15

Device            r/s     rkB/s   rrqm/s  %rrqm r_await rareq-sz     w/s     wkB/s   wrqm/s  %wrqm w_await wareq-sz     d/s     dkB/s   drqm/s  %drqm d_await dareq-sz     f/s f_await  aqu-sz  %util
dm-0             0.00      0.00     0.00   0.00    0.00     0.00  413.00   8256.00     0.00   0.00    0.10    19.99    0.00      0.00     0.00   0.00    0.00     0.00    0.00    0.00    0.04  24.00
dm-1             0.00      0.00     0.00   0.00    0.00     0.00  410.00   8240.00     0.00   0.00    0.06    20.10    0.00      0.00     0.00   0.00    0.00     0.00    0.00    0.00    0.02  24.00
dm-2             0.00      0.00     0.00   0.00    0.00     0.00  315.00   1400.00     0.00   0.00    0.39     4.44    0.00      0.00     0.00   0.00    0.00     0.00    0.00    0.00    0.12   2.80
loop0            0.00      0.00     0.00   0.00    0.00     0.00    0.00      0.00     0.00   0.00    0.00     0.00    0.00      0.00     0.00   0.00    0.00     0.00    0.00    0.00    0.00   0.00
loop1            0.00      0.00     0.00   0.00    0.00     0.00    0.00      0.00     0.00   0.00    0.00     0.00    0.00      0.00     0.00   0.00    0.00     0.00    0.00    0.00    0.00   0.00
loop2            0.00      0.00     0.00   0.00    0.00     0.00    0.00      0.00     0.00   0.00    0.00     0.00    0.00      0.00     0.00   0.00    0.00     0.00    0.00    0.00    0.00   0.00
loop3            0.00      0.00     0.00   0.00    0.00     0.00    0.00      0.00     0.00   0.00    0.00     0.00    0.00      0.00     0.00   0.00    0.00     0.00    0.00    0.00    0.00   0.00
loop4            0.00      0.00     0.00   0.00    0.00     0.00    0.00      0.00     0.00   0.00    0.00     0.00    0.00      0.00     0.00   0.00    0.00     0.00    0.00    0.00    0.00   0.00
loop5            0.00      0.00     0.00   0.00    0.00     0.00    0.00      0.00     0.00   0.00    0.00     0.00    0.00      0.00     0.00   0.00    0.00     0.00    0.00    0.00    0.00   0.00
loop6            0.00      0.00     0.00   0.00    0.00     0.00    0.00      0.00     0.00   0.00    0.00     0.00    0.00      0.00     0.00   0.00    0.00     0.00    0.00    0.00    0.00   0.00
loop7            0.00      0.00     0.00   0.00    0.00     0.00    0.00      0.00     0.00   0.00    0.00     0.00    0.00      0.00     0.00   0.00    0.00     0.00    0.00    0.00    0.00   0.00
sda              0.00      0.00     0.00   0.00    0.00     0.00  272.00   1400.00    43.00  13.65    0.91     5.15    0.00      0.00     0.00   0.00    0.00     0.00    0.00    0.00    0.25   2.80
sdb              0.00      0.00     0.00   0.00    0.00     0.00  704.00  16496.00   119.00  14.46    0.06    23.43    0.00      0.00     0.00   0.00    0.00     0.00    0.00    0.00    0.04  24.80


avg-cpu:  %user   %nice %system %iowait  %steal   %idle
           0.69    0.00    0.60    0.02    0.00   98.70

Device            r/s     rkB/s   rrqm/s  %rrqm r_await rareq-sz     w/s     wkB/s   wrqm/s  %wrqm w_await wareq-sz     d/s     dkB/s   drqm/s  %drqm d_await dareq-sz     f/s f_await  aqu-sz  %util
dm-0             0.00      0.00     0.00   0.00    0.00     0.00  726.00  14784.00     0.00   0.00    0.07    20.36    0.00      0.00     0.00   0.00    0.00     0.00    0.00    0.00    0.05  43.60
dm-1             0.00      0.00     0.00   0.00    0.00     0.00  738.00  14832.00     0.00   0.00    0.05    20.10    0.00      0.00     0.00   0.00    0.00     0.00    0.00    0.00    0.04  42.40
dm-2             0.00      0.00     0.00   0.00    0.00     0.00   51.00    220.00     0.00   0.00    0.08     4.31    0.00      0.00     0.00   0.00    0.00     0.00    0.00    0.00    0.00   2.00
loop0            0.00      0.00     0.00   0.00    0.00     0.00    0.00      0.00     0.00   0.00    0.00     0.00    0.00      0.00     0.00   0.00    0.00     0.00    0.00    0.00    0.00   0.00
loop1            0.00      0.00     0.00   0.00    0.00     0.00    0.00      0.00     0.00   0.00    0.00     0.00    0.00      0.00     0.00   0.00    0.00     0.00    0.00    0.00    0.00   0.00
loop2            0.00      0.00     0.00   0.00    0.00     0.00    0.00      0.00     0.00   0.00    0.00     0.00    0.00      0.00     0.00   0.00    0.00     0.00    0.00    0.00    0.00   0.00
loop3            0.00      0.00     0.00   0.00    0.00     0.00    0.00      0.00     0.00   0.00    0.00     0.00    0.00      0.00     0.00   0.00    0.00     0.00    0.00    0.00    0.00   0.00
loop4            0.00      0.00     0.00   0.00    0.00     0.00    0.00      0.00     0.00   0.00    0.00     0.00    0.00      0.00     0.00   0.00    0.00     0.00    0.00    0.00    0.00   0.00
loop5            0.00      0.00     0.00   0.00    0.00     0.00    0.00      0.00     0.00   0.00    0.00     0.00    0.00      0.00     0.00   0.00    0.00     0.00    0.00    0.00    0.00   0.00
loop6            0.00      0.00     0.00   0.00    0.00     0.00    0.00      0.00     0.00   0.00    0.00     0.00    0.00      0.00     0.00   0.00    0.00     0.00    0.00    0.00    0.00   0.00
loop7            0.00      0.00     0.00   0.00    0.00     0.00    0.00      0.00     0.00   0.00    0.00     0.00    0.00      0.00     0.00   0.00    0.00     0.00    0.00    0.00    0.00   0.00
sda              0.00      0.00     0.00   0.00    0.00     0.00   17.00    220.00    34.00  66.67    0.12    12.94    0.00      0.00     0.00   0.00    0.00     0.00    0.00    0.00    0.00   2.00
sdb              0.00      0.00     0.00   0.00    0.00     0.00 1272.00  29616.00   192.00  13.11    0.06    23.28    0.00      0.00     0.00   0.00    0.00     0.00    0.00    0.00    0.07  43.60


avg-cpu:  %user   %nice %system %iowait  %steal   %idle
           0.66    0.00    0.67    0.02    0.00   98.65

Device            r/s     rkB/s   rrqm/s  %rrqm r_await rareq-sz     w/s     wkB/s   wrqm/s  %wrqm w_await wareq-sz     d/s     dkB/s   drqm/s  %drqm d_await dareq-sz     f/s f_await  aqu-sz  %util
dm-0             0.00      0.00     0.00   0.00    0.00     0.00  743.00  14852.00     0.00   0.00    0.07    19.99    0.00      0.00     0.00   0.00    0.00     0.00    0.00    0.00    0.05  44.40
dm-1             0.00      0.00     0.00   0.00    0.00     0.00  737.00  14828.00     0.00   0.00    0.05    20.12    0.00      0.00     0.00   0.00    0.00     0.00    0.00    0.00    0.04  44.00
dm-2             0.00      0.00     0.00   0.00    0.00     0.00   52.00    208.00     0.00   0.00    0.00     4.00    0.00      0.00     0.00   0.00    0.00     0.00    0.00    0.00    0.00   1.20
loop0            0.00      0.00     0.00   0.00    0.00     0.00    0.00      0.00     0.00   0.00    0.00     0.00    0.00      0.00     0.00   0.00    0.00     0.00    0.00    0.00    0.00   0.00
loop1            0.00      0.00     0.00   0.00    0.00     0.00    0.00      0.00     0.00   0.00    0.00     0.00    0.00      0.00     0.00   0.00    0.00     0.00    0.00    0.00    0.00   0.00
loop2            0.00      0.00     0.00   0.00    0.00     0.00    0.00      0.00     0.00   0.00    0.00     0.00    0.00      0.00     0.00   0.00    0.00     0.00    0.00    0.00    0.00   0.00
loop3            0.00      0.00     0.00   0.00    0.00     0.00    0.00      0.00     0.00   0.00    0.00     0.00    0.00      0.00     0.00   0.00    0.00     0.00    0.00    0.00    0.00   0.00
loop4            0.00      0.00     0.00   0.00    0.00     0.00    0.00      0.00     0.00   0.00    0.00     0.00    0.00      0.00     0.00   0.00    0.00     0.00    0.00    0.00    0.00   0.00
loop5            0.00      0.00     0.00   0.00    0.00     0.00    0.00      0.00     0.00   0.00    0.00     0.00    0.00      0.00     0.00   0.00    0.00     0.00    0.00    0.00    0.00   0.00
loop6            0.00      0.00     0.00   0.00    0.00     0.00    0.00      0.00     0.00   0.00    0.00     0.00    0.00      0.00     0.00   0.00    0.00     0.00    0.00    0.00    0.00   0.00
loop7            0.00      0.00     0.00   0.00    0.00     0.00    0.00      0.00     0.00   0.00    0.00     0.00    0.00      0.00     0.00   0.00    0.00     0.00    0.00    0.00    0.00   0.00
sda              0.00      0.00     0.00   0.00    0.00     0.00   14.00    208.00    38.00  73.08    0.07    14.86    0.00      0.00     0.00   0.00    0.00     0.00    0.00    0.00    0.00   1.20
sdb              0.00      0.00     0.00   0.00    0.00     0.00 1270.00  29680.00   210.00  14.19    0.06    23.37    0.00      0.00     0.00   0.00    0.00     0.00    0.00    0.00    0.07  45.20


avg-cpu:  %user   %nice %system %iowait  %steal   %idle
           0.68    0.00    0.46    0.00    0.00   98.87

Device            r/s     rkB/s   rrqm/s  %rrqm r_await rareq-sz     w/s     wkB/s   wrqm/s  %wrqm w_await wareq-sz     d/s     dkB/s   drqm/s  %drqm d_await dareq-sz     f/s f_await  aqu-sz  %util
dm-0             0.00      0.00     0.00   0.00    0.00     0.00  591.00  12204.00     0.00   0.00    0.05    20.65    0.00      0.00     0.00   0.00    0.00     0.00    0.00    0.00    0.03  34.40
dm-1             0.00      0.00     0.00   0.00    0.00     0.00  588.00  12192.00     0.00   0.00    0.05    20.73    0.00      0.00     0.00   0.00    0.00     0.00    0.00    0.00    0.03  34.00
dm-2             0.00      0.00     0.00   0.00    0.00     0.00   66.00    292.00     0.00   0.00    0.00     4.42    0.00      0.00     0.00   0.00    0.00     0.00    0.00    0.00    0.00   2.40
loop0            0.00      0.00     0.00   0.00    0.00     0.00    0.00      0.00     0.00   0.00    0.00     0.00    0.00      0.00     0.00   0.00    0.00     0.00    0.00    0.00    0.00   0.00
loop1            0.00      0.00     0.00   0.00    0.00     0.00    0.00      0.00     0.00   0.00    0.00     0.00    0.00      0.00     0.00   0.00    0.00     0.00    0.00    0.00    0.00   0.00
loop2            0.00      0.00     0.00   0.00    0.00     0.00    0.00      0.00     0.00   0.00    0.00     0.00    0.00      0.00     0.00   0.00    0.00     0.00    0.00    0.00    0.00   0.00
loop3            0.00      0.00     0.00   0.00    0.00     0.00    0.00      0.00     0.00   0.00    0.00     0.00    0.00      0.00     0.00   0.00    0.00     0.00    0.00    0.00    0.00   0.00
loop4            0.00      0.00     0.00   0.00    0.00     0.00    0.00      0.00     0.00   0.00    0.00     0.00    0.00      0.00     0.00   0.00    0.00     0.00    0.00    0.00    0.00   0.00
loop5            0.00      0.00     0.00   0.00    0.00     0.00    0.00      0.00     0.00   0.00    0.00     0.00    0.00      0.00     0.00   0.00    0.00     0.00    0.00    0.00    0.00   0.00
loop6            0.00      0.00     0.00   0.00    0.00     0.00    0.00      0.00     0.00   0.00    0.00     0.00    0.00      0.00     0.00   0.00    0.00     0.00    0.00    0.00    0.00   0.00
loop7            0.00      0.00     0.00   0.00    0.00     0.00    0.00      0.00     0.00   0.00    0.00     0.00    0.00      0.00     0.00   0.00    0.00     0.00    0.00    0.00    0.00   0.00
sda              0.00      0.00     0.00   0.00    0.00     0.00   19.00    292.00    47.00  71.21    0.26    15.37    0.00      0.00     0.00   0.00    0.00     0.00    0.00    0.00    0.01   2.40
sdb              0.00      0.00     0.00   0.00    0.00     0.00 1026.00  24396.00   153.00  12.98    0.06    23.78    0.00      0.00     0.00   0.00    0.00     0.00    0.00    0.00    0.06  35.60


avg-cpu:  %user   %nice %system %iowait  %steal   %idle
           0.60    0.00    0.35    0.02    0.00   99.04

Device            r/s     rkB/s   rrqm/s  %rrqm r_await rareq-sz     w/s     wkB/s   wrqm/s  %wrqm w_await wareq-sz     d/s     dkB/s   drqm/s  %drqm d_await dareq-sz     f/s f_await  aqu-sz  %util
dm-0             0.00      0.00     0.00   0.00    0.00     0.00  515.00  10340.00     0.00   0.00    0.09    20.08    0.00      0.00     0.00   0.00    0.00     0.00    0.00    0.00    0.05  31.60
dm-1             0.00      0.00     0.00   0.00    0.00     0.00  510.00  10320.00     0.00   0.00    0.07    20.24    0.00      0.00     0.00   0.00    0.00     0.00    0.00    0.00    0.04  31.60
dm-2             0.00      0.00     0.00   0.00    0.00     0.00   68.00    276.00     0.00   0.00    0.00     4.06    0.00      0.00     0.00   0.00    0.00     0.00    0.00    0.00    0.00   2.00
loop0            0.00      0.00     0.00   0.00    0.00     0.00    0.00      0.00     0.00   0.00    0.00     0.00    0.00      0.00     0.00   0.00    0.00     0.00    0.00    0.00    0.00   0.00
loop1            0.00      0.00     0.00   0.00    0.00     0.00    0.00      0.00     0.00   0.00    0.00     0.00    0.00      0.00     0.00   0.00    0.00     0.00    0.00    0.00    0.00   0.00
loop2            0.00      0.00     0.00   0.00    0.00     0.00    0.00      0.00     0.00   0.00    0.00     0.00    0.00      0.00     0.00   0.00    0.00     0.00    0.00    0.00    0.00   0.00
loop3            0.00      0.00     0.00   0.00    0.00     0.00    0.00      0.00     0.00   0.00    0.00     0.00    0.00      0.00     0.00   0.00    0.00     0.00    0.00    0.00    0.00   0.00
loop4            0.00      0.00     0.00   0.00    0.00     0.00    0.00      0.00     0.00   0.00    0.00     0.00    0.00      0.00     0.00   0.00    0.00     0.00    0.00    0.00    0.00   0.00
loop5            0.00      0.00     0.00   0.00    0.00     0.00    0.00      0.00     0.00   0.00    0.00     0.00    0.00      0.00     0.00   0.00    0.00     0.00    0.00    0.00    0.00   0.00
loop6            0.00      0.00     0.00   0.00    0.00     0.00    0.00      0.00     0.00   0.00    0.00     0.00    0.00      0.00     0.00   0.00    0.00     0.00    0.00    0.00    0.00   0.00
loop7            0.00      0.00     0.00   0.00    0.00     0.00    0.00      0.00     0.00   0.00    0.00     0.00    0.00      0.00     0.00   0.00    0.00     0.00    0.00    0.00    0.00   0.00
sda              0.00      0.00     0.00   0.00    0.00     0.00   28.00    276.00    40.00  58.82    0.21     9.86    0.00      0.00     0.00   0.00    0.00     0.00    0.00    0.00    0.01   2.00
sdb              0.00      0.00     0.00   0.00    0.00     0.00  882.00  20660.00   143.00  13.95    0.06    23.42    0.00      0.00     0.00   0.00    0.00     0.00    0.00    0.00    0.05  32.00


avg-cpu:  %user   %nice %system %iowait  %steal   %idle
           0.82    0.00    0.61    0.02    0.00   98.56

Device            r/s     rkB/s   rrqm/s  %rrqm r_await rareq-sz     w/s     wkB/s   wrqm/s  %wrqm w_await wareq-sz     d/s     dkB/s   drqm/s  %drqm d_await dareq-sz     f/s f_await  aqu-sz  %util
dm-0             0.00      0.00     0.00   0.00    0.00     0.00  772.00  15688.00     0.00   0.00    0.06    20.32    0.00      0.00     0.00   0.00    0.00     0.00    0.00    0.00    0.04  45.60
dm-1             0.00      0.00     0.00   0.00    0.00     0.00  776.00  15828.00     0.00   0.00    0.05    20.40    0.00      0.00     0.00   0.00    0.00     0.00    0.00    0.00    0.04  46.80
dm-2             0.00      0.00     0.00   0.00    0.00     0.00  310.00   1404.00     0.00   0.00    0.99     4.53    0.00      0.00     0.00   0.00    0.00     0.00    0.00    0.00    0.31   2.80
loop0            0.00      0.00     0.00   0.00    0.00     0.00    0.00      0.00     0.00   0.00    0.00     0.00    0.00      0.00     0.00   0.00    0.00     0.00    0.00    0.00    0.00   0.00
loop1            0.00      0.00     0.00   0.00    0.00     0.00    0.00      0.00     0.00   0.00    0.00     0.00    0.00      0.00     0.00   0.00    0.00     0.00    0.00    0.00    0.00   0.00
loop2            0.00      0.00     0.00   0.00    0.00     0.00    0.00      0.00     0.00   0.00    0.00     0.00    0.00      0.00     0.00   0.00    0.00     0.00    0.00    0.00    0.00   0.00
loop3            0.00      0.00     0.00   0.00    0.00     0.00    0.00      0.00     0.00   0.00    0.00     0.00    0.00      0.00     0.00   0.00    0.00     0.00    0.00    0.00    0.00   0.00
loop4            0.00      0.00     0.00   0.00    0.00     0.00    0.00      0.00     0.00   0.00    0.00     0.00    0.00      0.00     0.00   0.00    0.00     0.00    0.00    0.00    0.00   0.00
loop5            0.00      0.00     0.00   0.00    0.00     0.00    0.00      0.00     0.00   0.00    0.00     0.00    0.00      0.00     0.00   0.00    0.00     0.00    0.00    0.00    0.00   0.00
loop6            0.00      0.00     0.00   0.00    0.00     0.00    0.00      0.00     0.00   0.00    0.00     0.00    0.00      0.00     0.00   0.00    0.00     0.00    0.00    0.00    0.00   0.00
loop7            0.00      0.00     0.00   0.00    0.00     0.00    0.00      0.00     0.00   0.00    0.00     0.00    0.00      0.00     0.00   0.00    0.00     0.00    0.00    0.00    0.00   0.00
sda              0.00      0.00     0.00   0.00    0.00     0.00  270.00   1404.00    40.00  12.90    1.10     5.20    0.00      0.00     0.00   0.00    0.00     0.00    0.00    0.00    0.30   2.80
sdb              0.00      0.00     0.00   0.00    0.00     0.00 1335.00  31516.00   213.00  13.76    0.06    23.61    0.00      0.00     0.00   0.00    0.00     0.00    0.00    0.00    0.08  47.20


avg-cpu:  %user   %nice %system %iowait  %steal   %idle
           0.58    0.00    0.63    0.00    0.00   98.79

Device            r/s     rkB/s   rrqm/s  %rrqm r_await rareq-sz     w/s     wkB/s   wrqm/s  %wrqm w_await wareq-sz     d/s     dkB/s   drqm/s  %drqm d_await dareq-sz     f/s f_await  aqu-sz  %util
dm-0             0.00      0.00     0.00   0.00    0.00     0.00  782.00  15612.00     0.00   0.00    0.07    19.96    0.00      0.00     0.00   0.00    0.00     0.00    0.00    0.00    0.05  46.40
dm-1             0.00      0.00     0.00   0.00    0.00     0.00  782.00  15608.00     0.00   0.00    0.04    19.96    0.00      0.00     0.00   0.00    0.00     0.00    0.00    0.00    0.03  48.00
dm-2             0.00      0.00     0.00   0.00    0.00     0.00   39.00    156.00     0.00   0.00    0.00     4.00    0.00      0.00     0.00   0.00    0.00     0.00    0.00    0.00    0.00   0.80
loop0            0.00      0.00     0.00   0.00    0.00     0.00    0.00      0.00     0.00   0.00    0.00     0.00    0.00      0.00     0.00   0.00    0.00     0.00    0.00    0.00    0.00   0.00
loop1            0.00      0.00     0.00   0.00    0.00     0.00    0.00      0.00     0.00   0.00    0.00     0.00    0.00      0.00     0.00   0.00    0.00     0.00    0.00    0.00    0.00   0.00
loop2            0.00      0.00     0.00   0.00    0.00     0.00    0.00      0.00     0.00   0.00    0.00     0.00    0.00      0.00     0.00   0.00    0.00     0.00    0.00    0.00    0.00   0.00
loop3            0.00      0.00     0.00   0.00    0.00     0.00    0.00      0.00     0.00   0.00    0.00     0.00    0.00      0.00     0.00   0.00    0.00     0.00    0.00    0.00    0.00   0.00
loop4            0.00      0.00     0.00   0.00    0.00     0.00    0.00      0.00     0.00   0.00    0.00     0.00    0.00      0.00     0.00   0.00    0.00     0.00    0.00    0.00    0.00   0.00
loop5            0.00      0.00     0.00   0.00    0.00     0.00    0.00      0.00     0.00   0.00    0.00     0.00    0.00      0.00     0.00   0.00    0.00     0.00    0.00    0.00    0.00   0.00
loop6            0.00      0.00     0.00   0.00    0.00     0.00    0.00      0.00     0.00   0.00    0.00     0.00    0.00      0.00     0.00   0.00    0.00     0.00    0.00    0.00    0.00   0.00
loop7            0.00      0.00     0.00   0.00    0.00     0.00    0.00      0.00     0.00   0.00    0.00     0.00    0.00      0.00     0.00   0.00    0.00     0.00    0.00    0.00    0.00   0.00
sda              0.00      0.00     0.00   0.00    0.00     0.00   11.00    156.00    28.00  71.79    0.09    14.18    0.00      0.00     0.00   0.00    0.00     0.00    0.00    0.00    0.00   0.80
sdb              0.00      0.00     0.00   0.00    0.00     0.00 1352.00  31220.00   212.00  13.55    0.06    23.09    0.00      0.00     0.00   0.00    0.00     0.00    0.00    0.00    0.08  48.40


avg-cpu:  %user   %nice %system %iowait  %steal   %idle
           0.33    0.00    0.27    0.02    0.00   99.39

Device            r/s     rkB/s   rrqm/s  %rrqm r_await rareq-sz     w/s     wkB/s   wrqm/s  %wrqm w_await wareq-sz     d/s     dkB/s   drqm/s  %drqm d_await dareq-sz     f/s f_await  aqu-sz  %util
dm-0             0.00      0.00     0.00   0.00    0.00     0.00  346.00   6904.00     0.00   0.00    0.07    19.95    0.00      0.00     0.00   0.00    0.00     0.00    0.00    0.00    0.02  19.20
dm-1             0.00      0.00     0.00   0.00    0.00     0.00  338.00   6872.00     0.00   0.00    0.01    20.33    0.00      0.00     0.00   0.00    0.00     0.00    0.00    0.00    0.00  19.60
dm-2             0.00      0.00     0.00   0.00    0.00     0.00   62.00    264.00     0.00   0.00    0.00     4.26    0.00      0.00     0.00   0.00    0.00     0.00    0.00    0.00    0.00   2.40
loop0            0.00      0.00     0.00   0.00    0.00     0.00    0.00      0.00     0.00   0.00    0.00     0.00    0.00      0.00     0.00   0.00    0.00     0.00    0.00    0.00    0.00   0.00
loop1            0.00      0.00     0.00   0.00    0.00     0.00    0.00      0.00     0.00   0.00    0.00     0.00    0.00      0.00     0.00   0.00    0.00     0.00    0.00    0.00    0.00   0.00
loop2            0.00      0.00     0.00   0.00    0.00     0.00    0.00      0.00     0.00   0.00    0.00     0.00    0.00      0.00     0.00   0.00    0.00     0.00    0.00    0.00    0.00   0.00
loop3            0.00      0.00     0.00   0.00    0.00     0.00    0.00      0.00     0.00   0.00    0.00     0.00    0.00      0.00     0.00   0.00    0.00     0.00    0.00    0.00    0.00   0.00
loop4            0.00      0.00     0.00   0.00    0.00     0.00    0.00      0.00     0.00   0.00    0.00     0.00    0.00      0.00     0.00   0.00    0.00     0.00    0.00    0.00    0.00   0.00
loop5            0.00      0.00     0.00   0.00    0.00     0.00    0.00      0.00     0.00   0.00    0.00     0.00    0.00      0.00     0.00   0.00    0.00     0.00    0.00    0.00    0.00   0.00
loop6            0.00      0.00     0.00   0.00    0.00     0.00    0.00      0.00     0.00   0.00    0.00     0.00    0.00      0.00     0.00   0.00    0.00     0.00    0.00    0.00    0.00   0.00
loop7            0.00      0.00     0.00   0.00    0.00     0.00    0.00      0.00     0.00   0.00    0.00     0.00    0.00      0.00     0.00   0.00    0.00     0.00    0.00    0.00    0.00   0.00
sda              0.00      0.00     0.00   0.00    0.00     0.00   20.00    264.00    42.00  67.74    0.05    13.20    0.00      0.00     0.00   0.00    0.00     0.00    0.00    0.00    0.00   2.40
sdb              0.00      0.00     0.00   0.00    0.00     0.00  596.00  13776.00    88.00  12.87    0.06    23.11    0.00      0.00     0.00   0.00    0.00     0.00    0.00    0.00    0.03  19.60


avg-cpu:  %user   %nice %system %iowait  %steal   %idle
           0.64    0.00    0.53    0.00    0.00   98.82

Device            r/s     rkB/s   rrqm/s  %rrqm r_await rareq-sz     w/s     wkB/s   wrqm/s  %wrqm w_await wareq-sz     d/s     dkB/s   drqm/s  %drqm d_await dareq-sz     f/s f_await  aqu-sz  %util
dm-0             0.00      0.00     0.00   0.00    0.00     0.00  693.00  14112.00     0.00   0.00    0.01    20.36    0.00      0.00     0.00   0.00    0.00     0.00    0.00    0.00    0.01  43.20
dm-1             0.00      0.00     0.00   0.00    0.00     0.00  673.00  14032.00     0.00   0.00    0.04    20.85    0.00      0.00     0.00   0.00    0.00     0.00    0.00    0.00    0.02  43.20
dm-2             0.00      0.00     0.00   0.00    0.00     0.00   45.00    188.00     0.00   0.00    0.09     4.18    0.00      0.00     0.00   0.00    0.00     0.00    0.00    0.00    0.00   2.00
loop0            0.00      0.00     0.00   0.00    0.00     0.00    0.00      0.00     0.00   0.00    0.00     0.00    0.00      0.00     0.00   0.00    0.00     0.00    0.00    0.00    0.00   0.00
loop1            0.00      0.00     0.00   0.00    0.00     0.00    0.00      0.00     0.00   0.00    0.00     0.00    0.00      0.00     0.00   0.00    0.00     0.00    0.00    0.00    0.00   0.00
loop2            0.00      0.00     0.00   0.00    0.00     0.00    0.00      0.00     0.00   0.00    0.00     0.00    0.00      0.00     0.00   0.00    0.00     0.00    0.00    0.00    0.00   0.00
loop3            0.00      0.00     0.00   0.00    0.00     0.00    0.00      0.00     0.00   0.00    0.00     0.00    0.00      0.00     0.00   0.00    0.00     0.00    0.00    0.00    0.00   0.00
loop4            0.00      0.00     0.00   0.00    0.00     0.00    0.00      0.00     0.00   0.00    0.00     0.00    0.00      0.00     0.00   0.00    0.00     0.00    0.00    0.00    0.00   0.00
loop5            0.00      0.00     0.00   0.00    0.00     0.00    0.00      0.00     0.00   0.00    0.00     0.00    0.00      0.00     0.00   0.00    0.00     0.00    0.00    0.00    0.00   0.00
loop6            0.00      0.00     0.00   0.00    0.00     0.00    0.00      0.00     0.00   0.00    0.00     0.00    0.00      0.00     0.00   0.00    0.00     0.00    0.00    0.00    0.00   0.00
loop7            0.00      0.00     0.00   0.00    0.00     0.00    0.00      0.00     0.00   0.00    0.00     0.00    0.00      0.00     0.00   0.00    0.00     0.00    0.00    0.00    0.00   0.00
sda              0.00      0.00     0.00   0.00    0.00     0.00   13.00    188.00    32.00  71.11    0.38    14.46    0.00      0.00     0.00   0.00    0.00     0.00    0.00    0.00    0.01   2.00
sdb              0.00      0.00     0.00   0.00    0.00     0.00 1185.00  28072.00   178.00  13.06    0.06    23.69    0.00      0.00     0.00   0.00    0.00     0.00    0.00    0.00    0.07  44.00


avg-cpu:  %user   %nice %system %iowait  %steal   %idle
           0.77    0.00    0.55    0.02    0.00   98.66

Device            r/s     rkB/s   rrqm/s  %rrqm r_await rareq-sz     w/s     wkB/s   wrqm/s  %wrqm w_await wareq-sz     d/s     dkB/s   drqm/s  %drqm d_await dareq-sz     f/s f_await  aqu-sz  %util
dm-0             0.00      0.00     0.00   0.00    0.00     0.00  755.00  15320.00     0.00   0.00    0.06    20.29    0.00      0.00     0.00   0.00    0.00     0.00    0.00    0.00    0.04  44.80
dm-1             0.00      0.00     0.00   0.00    0.00     0.00  750.00  15304.00     0.00   0.00    0.03    20.41    0.00      0.00     0.00   0.00    0.00     0.00    0.00    0.00    0.02  44.40
dm-2             0.00      0.00     0.00   0.00    0.00     0.00   79.00    380.00     0.00   0.00    0.00     4.81    0.00      0.00     0.00   0.00    0.00     0.00    0.00    0.00    0.00   2.80
loop0            0.00      0.00     0.00   0.00    0.00     0.00    0.00      0.00     0.00   0.00    0.00     0.00    0.00      0.00     0.00   0.00    0.00     0.00    0.00    0.00    0.00   0.00
loop1            0.00      0.00     0.00   0.00    0.00     0.00    0.00      0.00     0.00   0.00    0.00     0.00    0.00      0.00     0.00   0.00    0.00     0.00    0.00    0.00    0.00   0.00
loop2            0.00      0.00     0.00   0.00    0.00     0.00    0.00      0.00     0.00   0.00    0.00     0.00    0.00      0.00     0.00   0.00    0.00     0.00    0.00    0.00    0.00   0.00
loop3            0.00      0.00     0.00   0.00    0.00     0.00    0.00      0.00     0.00   0.00    0.00     0.00    0.00      0.00     0.00   0.00    0.00     0.00    0.00    0.00    0.00   0.00
loop4            0.00      0.00     0.00   0.00    0.00     0.00    0.00      0.00     0.00   0.00    0.00     0.00    0.00      0.00     0.00   0.00    0.00     0.00    0.00    0.00    0.00   0.00
loop5            0.00      0.00     0.00   0.00    0.00     0.00    0.00      0.00     0.00   0.00    0.00     0.00    0.00      0.00     0.00   0.00    0.00     0.00    0.00    0.00    0.00   0.00
loop6            0.00      0.00     0.00   0.00    0.00     0.00    0.00      0.00     0.00   0.00    0.00     0.00    0.00      0.00     0.00   0.00    0.00     0.00    0.00    0.00    0.00   0.00
loop7            0.00      0.00     0.00   0.00    0.00     0.00    0.00      0.00     0.00   0.00    0.00     0.00    0.00      0.00     0.00   0.00    0.00     0.00    0.00    0.00    0.00   0.00
sda              0.00      0.00     0.00   0.00    0.00     0.00   35.00    380.00    44.00  55.70    1.09    10.86    0.00      0.00     0.00   0.00    0.00     0.00    0.00    0.00    0.04   2.80
sdb              0.00      0.00     0.00   0.00    0.00     0.00 1314.00  30696.00   194.00  12.86    0.06    23.36    0.00      0.00     0.00   0.00    0.00     0.00    0.00    0.00    0.07  46.00


avg-cpu:  %user   %nice %system %iowait  %steal   %idle
           0.46    0.00    0.44    0.02    0.00   99.09

Device            r/s     rkB/s   rrqm/s  %rrqm r_await rareq-sz     w/s     wkB/s   wrqm/s  %wrqm w_await wareq-sz     d/s     dkB/s   drqm/s  %drqm d_await dareq-sz     f/s f_await  aqu-sz  %util
dm-0             0.00      0.00     0.00   0.00    0.00     0.00  560.00  11240.00     0.00   0.00    0.06    20.07    0.00      0.00     0.00   0.00    0.00     0.00    0.00    0.00    0.03  36.00
dm-1             0.00      0.00     0.00   0.00    0.00     0.00  570.00  11280.00     0.00   0.00    0.06    19.79    0.00      0.00     0.00   0.00    0.00     0.00    0.00    0.00    0.03  36.00
dm-2             0.00      0.00     0.00   0.00    0.00     0.00   19.00     84.00     0.00   0.00    0.00     4.42    0.00      0.00     0.00   0.00    0.00     0.00    0.00    0.00    0.00   0.80
loop0            0.00      0.00     0.00   0.00    0.00     0.00    0.00      0.00     0.00   0.00    0.00     0.00    0.00      0.00     0.00   0.00    0.00     0.00    0.00    0.00    0.00   0.00
loop1            0.00      0.00     0.00   0.00    0.00     0.00    0.00      0.00     0.00   0.00    0.00     0.00    0.00      0.00     0.00   0.00    0.00     0.00    0.00    0.00    0.00   0.00
loop2            0.00      0.00     0.00   0.00    0.00     0.00    0.00      0.00     0.00   0.00    0.00     0.00    0.00      0.00     0.00   0.00    0.00     0.00    0.00    0.00    0.00   0.00
loop3            0.00      0.00     0.00   0.00    0.00     0.00    0.00      0.00     0.00   0.00    0.00     0.00    0.00      0.00     0.00   0.00    0.00     0.00    0.00    0.00    0.00   0.00
loop4            0.00      0.00     0.00   0.00    0.00     0.00    0.00      0.00     0.00   0.00    0.00     0.00    0.00      0.00     0.00   0.00    0.00     0.00    0.00    0.00    0.00   0.00
loop5            0.00      0.00     0.00   0.00    0.00     0.00    0.00      0.00     0.00   0.00    0.00     0.00    0.00      0.00     0.00   0.00    0.00     0.00    0.00    0.00    0.00   0.00
loop6            0.00      0.00     0.00   0.00    0.00     0.00    0.00      0.00     0.00   0.00    0.00     0.00    0.00      0.00     0.00   0.00    0.00     0.00    0.00    0.00    0.00   0.00
loop7            0.00      0.00     0.00   0.00    0.00     0.00    0.00      0.00     0.00   0.00    0.00     0.00    0.00      0.00     0.00   0.00    0.00     0.00    0.00    0.00    0.00   0.00
sda              0.00      0.00     0.00   0.00    0.00     0.00    6.00     84.00    13.00  68.42    1.33    14.00    0.00      0.00     0.00   0.00    0.00     0.00    0.00    0.00    0.01   0.80
sdb              0.00      0.00     0.00   0.00    0.00     0.00  986.00  22520.00   144.00  12.74    0.06    22.84    0.00      0.00     0.00   0.00    0.00     0.00    0.00    0.00    0.06  36.80


avg-cpu:  %user   %nice %system %iowait  %steal   %idle
           0.50    0.00    0.44    0.00    0.00   99.06

Device            r/s     rkB/s   rrqm/s  %rrqm r_await rareq-sz     w/s     wkB/s   wrqm/s  %wrqm w_await wareq-sz     d/s     dkB/s   drqm/s  %drqm d_await dareq-sz     f/s f_await  aqu-sz  %util
dm-0             0.00      0.00     0.00   0.00    0.00     0.00  508.00  10436.00     0.00   0.00    0.07    20.54    0.00      0.00     0.00   0.00    0.00     0.00    0.00    0.00    0.04  30.40
dm-1             0.00      0.00     0.00   0.00    0.00     0.00  520.00  10480.00     0.00   0.00    0.07    20.15    0.00      0.00     0.00   0.00    0.00     0.00    0.00    0.00    0.04  31.20
dm-2             0.00      0.00     0.00   0.00    0.00     0.00  267.00   1192.00     0.00   0.00    0.01     4.46    0.00      0.00     0.00   0.00    0.00     0.00    0.00    0.00    0.00   1.20
loop0            0.00      0.00     0.00   0.00    0.00     0.00    0.00      0.00     0.00   0.00    0.00     0.00    0.00      0.00     0.00   0.00    0.00     0.00    0.00    0.00    0.00   0.00
loop1            0.00      0.00     0.00   0.00    0.00     0.00    0.00      0.00     0.00   0.00    0.00     0.00    0.00      0.00     0.00   0.00    0.00     0.00    0.00    0.00    0.00   0.00
loop2            0.00      0.00     0.00   0.00    0.00     0.00    0.00      0.00     0.00   0.00    0.00     0.00    0.00      0.00     0.00   0.00    0.00     0.00    0.00    0.00    0.00   0.00
loop3            0.00      0.00     0.00   0.00    0.00     0.00    0.00      0.00     0.00   0.00    0.00     0.00    0.00      0.00     0.00   0.00    0.00     0.00    0.00    0.00    0.00   0.00
loop4            0.00      0.00     0.00   0.00    0.00     0.00    0.00      0.00     0.00   0.00    0.00     0.00    0.00      0.00     0.00   0.00    0.00     0.00    0.00    0.00    0.00   0.00
loop5            0.00      0.00     0.00   0.00    0.00     0.00    0.00      0.00     0.00   0.00    0.00     0.00    0.00      0.00     0.00   0.00    0.00     0.00    0.00    0.00    0.00   0.00
loop6            0.00      0.00     0.00   0.00    0.00     0.00    0.00      0.00     0.00   0.00    0.00     0.00    0.00      0.00     0.00   0.00    0.00     0.00    0.00    0.00    0.00   0.00
loop7            0.00      0.00     0.00   0.00    0.00     0.00    0.00      0.00     0.00   0.00    0.00     0.00    0.00      0.00     0.00   0.00    0.00     0.00    0.00    0.00    0.00   0.00
sda              0.00      0.00     0.00   0.00    0.00     0.00  242.00   1192.00    25.00   9.36    0.75     4.93    0.00      0.00     0.00   0.00    0.00     0.00    0.00    0.00    0.18   1.20
sdb              0.00      0.00     0.00   0.00    0.00     0.00  883.00  20916.00   145.00  14.11    0.06    23.69    0.00      0.00     0.00   0.00    0.00     0.00    0.00    0.00    0.06  31.60


avg-cpu:  %user   %nice %system %iowait  %steal   %idle
           0.63    0.00    0.61    0.02    0.00   98.74

Device            r/s     rkB/s   rrqm/s  %rrqm r_await rareq-sz     w/s     wkB/s   wrqm/s  %wrqm w_await wareq-sz     d/s     dkB/s   drqm/s  %drqm d_await dareq-sz     f/s f_await  aqu-sz  %util
dm-0             0.00      0.00     0.00   0.00    0.00     0.00  766.00  15304.00     0.00   0.00    0.06    19.98    0.00      0.00     0.00   0.00    0.00     0.00    0.00    0.00    0.04  46.00
dm-1             0.00      0.00     0.00   0.00    0.00     0.00  748.00  15232.00     0.00   0.00    0.06    20.36    0.00      0.00     0.00   0.00    0.00     0.00    0.00    0.00    0.04  44.80
dm-2             0.00      0.00     0.00   0.00    0.00     0.00   65.00    276.00     0.00   0.00    0.00     4.25    0.00      0.00     0.00   0.00    0.00     0.00    0.00    0.00    0.00   2.00
loop0            0.00      0.00     0.00   0.00    0.00     0.00    0.00      0.00     0.00   0.00    0.00     0.00    0.00      0.00     0.00   0.00    0.00     0.00    0.00    0.00    0.00   0.00
loop1            0.00      0.00     0.00   0.00    0.00     0.00    0.00      0.00     0.00   0.00    0.00     0.00    0.00      0.00     0.00   0.00    0.00     0.00    0.00    0.00    0.00   0.00
loop2            0.00      0.00     0.00   0.00    0.00     0.00    0.00      0.00     0.00   0.00    0.00     0.00    0.00      0.00     0.00   0.00    0.00     0.00    0.00    0.00    0.00   0.00
loop3            0.00      0.00     0.00   0.00    0.00     0.00    0.00      0.00     0.00   0.00    0.00     0.00    0.00      0.00     0.00   0.00    0.00     0.00    0.00    0.00    0.00   0.00
loop4            0.00      0.00     0.00   0.00    0.00     0.00    0.00      0.00     0.00   0.00    0.00     0.00    0.00      0.00     0.00   0.00    0.00     0.00    0.00    0.00    0.00   0.00
loop5            0.00      0.00     0.00   0.00    0.00     0.00    0.00      0.00     0.00   0.00    0.00     0.00    0.00      0.00     0.00   0.00    0.00     0.00    0.00    0.00    0.00   0.00
loop6            0.00      0.00     0.00   0.00    0.00     0.00    0.00      0.00     0.00   0.00    0.00     0.00    0.00      0.00     0.00   0.00    0.00     0.00    0.00    0.00    0.00   0.00
loop7            0.00      0.00     0.00   0.00    0.00     0.00    0.00      0.00     0.00   0.00    0.00     0.00    0.00      0.00     0.00   0.00    0.00     0.00    0.00    0.00    0.00   0.00
sda              0.00      0.00     0.00   0.00    0.00     0.00   20.00    276.00    45.00  69.23    0.10    13.80    0.00      0.00     0.00   0.00    0.00     0.00    0.00    0.00    0.00   2.00
sdb              0.00      0.00     0.00   0.00    0.00     0.00 1314.00  30536.00   200.00  13.21    0.06    23.24    0.00      0.00     0.00   0.00    0.00     0.00    0.00    0.00    0.07  46.80


avg-cpu:  %user   %nice %system %iowait  %steal   %idle
           0.77    0.00    0.88    0.03    0.00   98.32

Device            r/s     rkB/s   rrqm/s  %rrqm r_await rareq-sz     w/s     wkB/s   wrqm/s  %wrqm w_await wareq-sz     d/s     dkB/s   drqm/s  %drqm d_await dareq-sz     f/s f_await  aqu-sz  %util
dm-0             0.00      0.00     0.00   0.00    0.00     0.00  830.00  16640.00     0.00   0.00    0.07    20.05    0.00      0.00     0.00   0.00    0.00     0.00    0.00    0.00    0.06  52.00
dm-1             0.00      0.00     0.00   0.00    0.00     0.00  819.00  16536.00     0.00   0.00    0.09    20.19    0.00      0.00     0.00   0.00    0.00     0.00    0.00    0.00    0.08  50.00
dm-2             0.00      0.00     0.00   0.00    0.00     0.00  117.00  44928.00     0.00   0.00    0.55   384.00    0.00      0.00     0.00   0.00    0.00     0.00    0.00    0.00    0.06   4.80
loop0            0.00      0.00     0.00   0.00    0.00     0.00    0.00      0.00     0.00   0.00    0.00     0.00    0.00      0.00     0.00   0.00    0.00     0.00    0.00    0.00    0.00   0.00
loop1            0.00      0.00     0.00   0.00    0.00     0.00    0.00      0.00     0.00   0.00    0.00     0.00    0.00      0.00     0.00   0.00    0.00     0.00    0.00    0.00    0.00   0.00
loop2            0.00      0.00     0.00   0.00    0.00     0.00    0.00      0.00     0.00   0.00    0.00     0.00    0.00      0.00     0.00   0.00    0.00     0.00    0.00    0.00    0.00   0.00
loop3            0.00      0.00     0.00   0.00    0.00     0.00    0.00      0.00     0.00   0.00    0.00     0.00    0.00      0.00     0.00   0.00    0.00     0.00    0.00    0.00    0.00   0.00
loop4            0.00      0.00     0.00   0.00    0.00     0.00    0.00      0.00     0.00   0.00    0.00     0.00    0.00      0.00     0.00   0.00    0.00     0.00    0.00    0.00    0.00   0.00
loop5            0.00      0.00     0.00   0.00    0.00     0.00    0.00      0.00     0.00   0.00    0.00     0.00    0.00      0.00     0.00   0.00    0.00     0.00    0.00    0.00    0.00   0.00
loop6            0.00      0.00     0.00   0.00    0.00     0.00    0.00      0.00     0.00   0.00    0.00     0.00    0.00      0.00     0.00   0.00    0.00     0.00    0.00    0.00    0.00   0.00
loop7            0.00      0.00     0.00   0.00    0.00     0.00    0.00      0.00     0.00   0.00    0.00     0.00    0.00      0.00     0.00   0.00    0.00     0.00    0.00    0.00    0.00   0.00
sda              0.00      0.00     0.00   0.00    0.00     0.00  209.00  44928.00    76.00  26.67    1.15   214.97    0.00      0.00     0.00   0.00    0.00     0.00    0.00    0.00    0.24   4.80
sdb              0.00      0.00     0.00   0.00    0.00     0.00 1422.00  33172.00   226.00  13.71    0.07    23.33    0.00      0.00     0.00   0.00    0.00     0.00    0.00    0.00    0.10  52.00


avg-cpu:  %user   %nice %system %iowait  %steal   %idle
           0.49    0.00    0.38    0.00    0.00   99.14

Device            r/s     rkB/s   rrqm/s  %rrqm r_await rareq-sz     w/s     wkB/s   wrqm/s  %wrqm w_await wareq-sz     d/s     dkB/s   drqm/s  %drqm d_await dareq-sz     f/s f_await  aqu-sz  %util
dm-0             0.00      0.00     0.00   0.00    0.00     0.00  432.00   8568.00     0.00   0.00    0.06    19.83    0.00      0.00     0.00   0.00    0.00     0.00    0.00    0.00    0.03  24.80
dm-1             0.00      0.00     0.00   0.00    0.00     0.00  420.00   8580.00     0.00   0.00    0.06    20.43    0.00      0.00     0.00   0.00    0.00     0.00    0.00    0.00    0.02  24.40
dm-2             0.00      0.00     0.00   0.00    0.00     0.00   68.00    288.00     0.00   0.00    0.00     4.24    0.00      0.00     0.00   0.00    0.00     0.00    0.00    0.00    0.00   2.00
loop0            0.00      0.00     0.00   0.00    0.00     0.00    0.00      0.00     0.00   0.00    0.00     0.00    0.00      0.00     0.00   0.00    0.00     0.00    0.00    0.00    0.00   0.00
loop1            0.00      0.00     0.00   0.00    0.00     0.00    0.00      0.00     0.00   0.00    0.00     0.00    0.00      0.00     0.00   0.00    0.00     0.00    0.00    0.00    0.00   0.00
loop2            0.00      0.00     0.00   0.00    0.00     0.00    0.00      0.00     0.00   0.00    0.00     0.00    0.00      0.00     0.00   0.00    0.00     0.00    0.00    0.00    0.00   0.00
loop3            0.00      0.00     0.00   0.00    0.00     0.00    0.00      0.00     0.00   0.00    0.00     0.00    0.00      0.00     0.00   0.00    0.00     0.00    0.00    0.00    0.00   0.00
loop4            0.00      0.00     0.00   0.00    0.00     0.00    0.00      0.00     0.00   0.00    0.00     0.00    0.00      0.00     0.00   0.00    0.00     0.00    0.00    0.00    0.00   0.00
loop5            0.00      0.00     0.00   0.00    0.00     0.00    0.00      0.00     0.00   0.00    0.00     0.00    0.00      0.00     0.00   0.00    0.00     0.00    0.00    0.00    0.00   0.00
loop6            0.00      0.00     0.00   0.00    0.00     0.00    0.00      0.00     0.00   0.00    0.00     0.00    0.00      0.00     0.00   0.00    0.00     0.00    0.00    0.00    0.00   0.00
loop7            0.00      0.00     0.00   0.00    0.00     0.00    0.00      0.00     0.00   0.00    0.00     0.00    0.00      0.00     0.00   0.00    0.00     0.00    0.00    0.00    0.00   0.00
sda              0.00      0.00     0.00   0.00    0.00     0.00   17.00    288.00    51.00  75.00    0.12    16.94    0.00      0.00     0.00   0.00    0.00     0.00    0.00    0.00    0.00   2.00
sdb              0.00      0.00     0.00   0.00    0.00     0.00  741.00  17152.00   112.00  13.13    0.06    23.15    0.00      0.00     0.00   0.00    0.00     0.00    0.00    0.00    0.04  26.00


avg-cpu:  %user   %nice %system %iowait  %steal   %idle
           0.69    0.00    0.63    0.02    0.00   98.67

Device            r/s     rkB/s   rrqm/s  %rrqm r_await rareq-sz     w/s     wkB/s   wrqm/s  %wrqm w_await wareq-sz     d/s     dkB/s   drqm/s  %drqm d_await dareq-sz     f/s f_await  aqu-sz  %util
dm-0             0.00      0.00     0.00   0.00    0.00     0.00  717.00  14028.00     0.00   0.00    0.07    19.56    0.00      0.00     0.00   0.00    0.00     0.00    0.00    0.00    0.05  41.60
dm-1             0.00      0.00     0.00   0.00    0.00     0.00  715.00  14024.00     0.00   0.00    0.03    19.61    0.00      0.00     0.00   0.00    0.00     0.00    0.00    0.00    0.02  41.20
dm-2             0.00      0.00     0.00   0.00    0.00     0.00   60.00    256.00     0.00   0.00    0.13     4.27    0.00      0.00     0.00   0.00    0.00     0.00    0.00    0.00    0.01   2.40
loop0            0.00      0.00     0.00   0.00    0.00     0.00    0.00      0.00     0.00   0.00    0.00     0.00    0.00      0.00     0.00   0.00    0.00     0.00    0.00    0.00    0.00   0.00
loop1            0.00      0.00     0.00   0.00    0.00     0.00    0.00      0.00     0.00   0.00    0.00     0.00    0.00      0.00     0.00   0.00    0.00     0.00    0.00    0.00    0.00   0.00
loop2            0.00      0.00     0.00   0.00    0.00     0.00    0.00      0.00     0.00   0.00    0.00     0.00    0.00      0.00     0.00   0.00    0.00     0.00    0.00    0.00    0.00   0.00
loop3            0.00      0.00     0.00   0.00    0.00     0.00    0.00      0.00     0.00   0.00    0.00     0.00    0.00      0.00     0.00   0.00    0.00     0.00    0.00    0.00    0.00   0.00
loop4            0.00      0.00     0.00   0.00    0.00     0.00    0.00      0.00     0.00   0.00    0.00     0.00    0.00      0.00     0.00   0.00    0.00     0.00    0.00    0.00    0.00   0.00
loop5            0.00      0.00     0.00   0.00    0.00     0.00    0.00      0.00     0.00   0.00    0.00     0.00    0.00      0.00     0.00   0.00    0.00     0.00    0.00    0.00    0.00   0.00
loop6            0.00      0.00     0.00   0.00    0.00     0.00    0.00      0.00     0.00   0.00    0.00     0.00    0.00      0.00     0.00   0.00    0.00     0.00    0.00    0.00    0.00   0.00
loop7            0.00      0.00     0.00   0.00    0.00     0.00    0.00      0.00     0.00   0.00    0.00     0.00    0.00      0.00     0.00   0.00    0.00     0.00    0.00    0.00    0.00   0.00
sda              0.00      0.00     0.00   0.00    0.00     0.00   17.00    256.00    43.00  71.67    0.06    15.06    0.00      0.00     0.00   0.00    0.00     0.00    0.00    0.00    0.00   2.00
sdb              0.00      0.00     0.00   0.00    0.00     0.00 1234.00  28052.00   198.00  13.83    0.06    22.73    0.00      0.00     0.00   0.00    0.00     0.00    0.00    0.00    0.07  42.40


avg-cpu:  %user   %nice %system %iowait  %steal   %idle
           0.86    0.00    0.63    0.02    0.00   98.49

Device            r/s     rkB/s   rrqm/s  %rrqm r_await rareq-sz     w/s     wkB/s   wrqm/s  %wrqm w_await wareq-sz     d/s     dkB/s   drqm/s  %drqm d_await dareq-sz     f/s f_await  aqu-sz  %util
dm-0             0.00      0.00     0.00   0.00    0.00     0.00  771.00  15508.00     0.00   0.00    0.06    20.11    0.00      0.00     0.00   0.00    0.00     0.00    0.00    0.00    0.05  47.20
dm-1             0.00      0.00     0.00   0.00    0.00     0.00  787.00  15568.00     0.00   0.00    0.04    19.78    0.00      0.00     0.00   0.00    0.00     0.00    0.00    0.00    0.03  47.60
dm-2             0.00      0.00     0.00   0.00    0.00     0.00  345.00   1588.00     0.00   0.00    0.73     4.60    0.00      0.00     0.00   0.00    0.00     0.00    0.00    0.00    0.25   2.00
loop0            0.00      0.00     0.00   0.00    0.00     0.00    0.00      0.00     0.00   0.00    0.00     0.00    0.00      0.00     0.00   0.00    0.00     0.00    0.00    0.00    0.00   0.00
loop1            0.00      0.00     0.00   0.00    0.00     0.00    0.00      0.00     0.00   0.00    0.00     0.00    0.00      0.00     0.00   0.00    0.00     0.00    0.00    0.00    0.00   0.00
loop2            0.00      0.00     0.00   0.00    0.00     0.00    0.00      0.00     0.00   0.00    0.00     0.00    0.00      0.00     0.00   0.00    0.00     0.00    0.00    0.00    0.00   0.00
loop3            0.00      0.00     0.00   0.00    0.00     0.00    0.00      0.00     0.00   0.00    0.00     0.00    0.00      0.00     0.00   0.00    0.00     0.00    0.00    0.00    0.00   0.00
loop4            0.00      0.00     0.00   0.00    0.00     0.00    0.00      0.00     0.00   0.00    0.00     0.00    0.00      0.00     0.00   0.00    0.00     0.00    0.00    0.00    0.00   0.00
loop5            0.00      0.00     0.00   0.00    0.00     0.00    0.00      0.00     0.00   0.00    0.00     0.00    0.00      0.00     0.00   0.00    0.00     0.00    0.00    0.00    0.00   0.00
loop6            0.00      0.00     0.00   0.00    0.00     0.00    0.00      0.00     0.00   0.00    0.00     0.00    0.00      0.00     0.00   0.00    0.00     0.00    0.00    0.00    0.00   0.00
loop7            0.00      0.00     0.00   0.00    0.00     0.00    0.00      0.00     0.00   0.00    0.00     0.00    0.00      0.00     0.00   0.00    0.00     0.00    0.00    0.00    0.00   0.00
sda              0.00      0.00     0.00   0.00    0.00     0.00  310.00   1588.00    35.00  10.14    0.75     5.12    0.00      0.00     0.00   0.00    0.00     0.00    0.00    0.00    0.23   2.00
sdb              0.00      0.00     0.00   0.00    0.00     0.00 1342.00  31068.00   214.00  13.75    0.06    23.15    0.00      0.00     0.00   0.00    0.00     0.00    0.00    0.00    0.07  48.40


avg-cpu:  %user   %nice %system %iowait  %steal   %idle
           0.70    0.00    0.58    0.00    0.00   98.72

Device            r/s     rkB/s   rrqm/s  %rrqm r_await rareq-sz     w/s     wkB/s   wrqm/s  %wrqm w_await wareq-sz     d/s     dkB/s   drqm/s  %drqm d_await dareq-sz     f/s f_await  aqu-sz  %util
dm-0             0.00      0.00     0.00   0.00    0.00     0.00  567.00  11448.00     0.00   0.00    0.04    20.19    0.00      0.00     0.00   0.00    0.00     0.00    0.00    0.00    0.02  35.20
dm-1             0.00      0.00     0.00   0.00    0.00     0.00  577.00  11368.00     0.00   0.00    0.05    19.70    0.00      0.00     0.00   0.00    0.00     0.00    0.00    0.00    0.03  34.80
dm-2             0.00      0.00     0.00   0.00    0.00     0.00   66.00    280.00     0.00   0.00    0.06     4.24    0.00      0.00     0.00   0.00    0.00     0.00    0.00    0.00    0.00   2.40
loop0            0.00      0.00     0.00   0.00    0.00     0.00    0.00      0.00     0.00   0.00    0.00     0.00    0.00      0.00     0.00   0.00    0.00     0.00    0.00    0.00    0.00   0.00
loop1            0.00      0.00     0.00   0.00    0.00     0.00    0.00      0.00     0.00   0.00    0.00     0.00    0.00      0.00     0.00   0.00    0.00     0.00    0.00    0.00    0.00   0.00
loop2            0.00      0.00     0.00   0.00    0.00     0.00    0.00      0.00     0.00   0.00    0.00     0.00    0.00      0.00     0.00   0.00    0.00     0.00    0.00    0.00    0.00   0.00
loop3            0.00      0.00     0.00   0.00    0.00     0.00    0.00      0.00     0.00   0.00    0.00     0.00    0.00      0.00     0.00   0.00    0.00     0.00    0.00    0.00    0.00   0.00
loop4            0.00      0.00     0.00   0.00    0.00     0.00    0.00      0.00     0.00   0.00    0.00     0.00    0.00      0.00     0.00   0.00    0.00     0.00    0.00    0.00    0.00   0.00
loop5            0.00      0.00     0.00   0.00    0.00     0.00    0.00      0.00     0.00   0.00    0.00     0.00    0.00      0.00     0.00   0.00    0.00     0.00    0.00    0.00    0.00   0.00
loop6            0.00      0.00     0.00   0.00    0.00     0.00    0.00      0.00     0.00   0.00    0.00     0.00    0.00      0.00     0.00   0.00    0.00     0.00    0.00    0.00    0.00   0.00
loop7            0.00      0.00     0.00   0.00    0.00     0.00    0.00      0.00     0.00   0.00    0.00     0.00    0.00      0.00     0.00   0.00    0.00     0.00    0.00    0.00    0.00   0.00
sda              0.00      0.00     0.00   0.00    0.00     0.00   20.00    280.00    46.00  69.70    0.10    14.00    0.00      0.00     0.00   0.00    0.00     0.00    0.00    0.00    0.00   2.40
sdb              0.00      0.00     0.00   0.00    0.00     0.00  986.00  22824.00   160.00  13.96    0.06    23.15    0.00      0.00     0.00   0.00    0.00     0.00    0.00    0.00    0.06  35.60


avg-cpu:  %user   %nice %system %iowait  %steal   %idle
           0.55    0.00    0.39    0.02    0.00   99.04

Device            r/s     rkB/s   rrqm/s  %rrqm r_await rareq-sz     w/s     wkB/s   wrqm/s  %wrqm w_await wareq-sz     d/s     dkB/s   drqm/s  %drqm d_await dareq-sz     f/s f_await  aqu-sz  %util
dm-0             0.00      0.00     0.00   0.00    0.00     0.00  483.00   9792.00     0.00   0.00    0.06    20.27    0.00      0.00     0.00   0.00    0.00     0.00    0.00    0.00    0.03  29.60
dm-1             0.00      0.00     0.00   0.00    0.00     0.00  494.00   9836.00     0.00   0.00    0.05    19.91    0.00      0.00     0.00   0.00    0.00     0.00    0.00    0.00    0.02  29.60
dm-2             0.00      0.00     0.00   0.00    0.00     0.00   42.00    168.00     0.00   0.00    0.00     4.00    0.00      0.00     0.00   0.00    0.00     0.00    0.00    0.00    0.00   1.20
loop0            0.00      0.00     0.00   0.00    0.00     0.00    0.00      0.00     0.00   0.00    0.00     0.00    0.00      0.00     0.00   0.00    0.00     0.00    0.00    0.00    0.00   0.00
loop1            0.00      0.00     0.00   0.00    0.00     0.00    0.00      0.00     0.00   0.00    0.00     0.00    0.00      0.00     0.00   0.00    0.00     0.00    0.00    0.00    0.00   0.00
loop2            0.00      0.00     0.00   0.00    0.00     0.00    0.00      0.00     0.00   0.00    0.00     0.00    0.00      0.00     0.00   0.00    0.00     0.00    0.00    0.00    0.00   0.00
loop3            0.00      0.00     0.00   0.00    0.00     0.00    0.00      0.00     0.00   0.00    0.00     0.00    0.00      0.00     0.00   0.00    0.00     0.00    0.00    0.00    0.00   0.00
loop4            0.00      0.00     0.00   0.00    0.00     0.00    0.00      0.00     0.00   0.00    0.00     0.00    0.00      0.00     0.00   0.00    0.00     0.00    0.00    0.00    0.00   0.00
loop5            0.00      0.00     0.00   0.00    0.00     0.00    0.00      0.00     0.00   0.00    0.00     0.00    0.00      0.00     0.00   0.00    0.00     0.00    0.00    0.00    0.00   0.00
loop6            0.00      0.00     0.00   0.00    0.00     0.00    0.00      0.00     0.00   0.00    0.00     0.00    0.00      0.00     0.00   0.00    0.00     0.00    0.00    0.00    0.00   0.00
loop7            0.00      0.00     0.00   0.00    0.00     0.00    0.00      0.00     0.00   0.00    0.00     0.00    0.00      0.00     0.00   0.00    0.00     0.00    0.00    0.00    0.00   0.00
sda              0.00      0.00     0.00   0.00    0.00     0.00   11.00    168.00    31.00  73.81    0.09    15.27    0.00      0.00     0.00   0.00    0.00     0.00    0.00    0.00    0.00   1.20
sdb              0.00      0.00     0.00   0.00    0.00     0.00  844.00  19628.00   133.00  13.61    0.05    23.26    0.00      0.00     0.00   0.00    0.00     0.00    0.00    0.00    0.05  30.80


avg-cpu:  %user   %nice %system %iowait  %steal   %idle
           0.71    0.00    0.64    0.02    0.00   98.64

Device            r/s     rkB/s   rrqm/s  %rrqm r_await rareq-sz     w/s     wkB/s   wrqm/s  %wrqm w_await wareq-sz     d/s     dkB/s   drqm/s  %drqm d_await dareq-sz     f/s f_await  aqu-sz  %util
dm-0             0.00      0.00     0.00   0.00    0.00     0.00  746.00  15104.00     0.00   0.00    0.05    20.25    0.00      0.00     0.00   0.00    0.00     0.00    0.00    0.00    0.04  45.20
dm-1             0.00      0.00     0.00   0.00    0.00     0.00  762.00  15168.00     0.00   0.00    0.05    19.91    0.00      0.00     0.00   0.00    0.00     0.00    0.00    0.00    0.04  46.00
dm-2             0.00      0.00     0.00   0.00    0.00     0.00   60.00    272.00     0.00   0.00    0.07     4.53    0.00      0.00     0.00   0.00    0.00     0.00    0.00    0.00    0.00   2.40
loop0            0.00      0.00     0.00   0.00    0.00     0.00    0.00      0.00     0.00   0.00    0.00     0.00    0.00      0.00     0.00   0.00    0.00     0.00    0.00    0.00    0.00   0.00
loop1            0.00      0.00     0.00   0.00    0.00     0.00    0.00      0.00     0.00   0.00    0.00     0.00    0.00      0.00     0.00   0.00    0.00     0.00    0.00    0.00    0.00   0.00
loop2            0.00      0.00     0.00   0.00    0.00     0.00    0.00      0.00     0.00   0.00    0.00     0.00    0.00      0.00     0.00   0.00    0.00     0.00    0.00    0.00    0.00   0.00
loop3            0.00      0.00     0.00   0.00    0.00     0.00    0.00      0.00     0.00   0.00    0.00     0.00    0.00      0.00     0.00   0.00    0.00     0.00    0.00    0.00    0.00   0.00
loop4            0.00      0.00     0.00   0.00    0.00     0.00    0.00      0.00     0.00   0.00    0.00     0.00    0.00      0.00     0.00   0.00    0.00     0.00    0.00    0.00    0.00   0.00
loop5            0.00      0.00     0.00   0.00    0.00     0.00    0.00      0.00     0.00   0.00    0.00     0.00    0.00      0.00     0.00   0.00    0.00     0.00    0.00    0.00    0.00   0.00
loop6            0.00      0.00     0.00   0.00    0.00     0.00    0.00      0.00     0.00   0.00    0.00     0.00    0.00      0.00     0.00   0.00    0.00     0.00    0.00    0.00    0.00   0.00
loop7            0.00      0.00     0.00   0.00    0.00     0.00    0.00      0.00     0.00   0.00    0.00     0.00    0.00      0.00     0.00   0.00    0.00     0.00    0.00    0.00    0.00   0.00
sda              0.00      0.00     0.00   0.00    0.00     0.00   19.00    272.00    41.00  68.33    0.26    14.32    0.00      0.00     0.00   0.00    0.00     0.00    0.00    0.00    0.01   2.40
sdb              0.00      0.00     0.00   0.00    0.00     0.00 1302.00  30272.00   206.00  13.66    0.06    23.25    0.00      0.00     0.00   0.00    0.00     0.00    0.00    0.00    0.07  46.40


avg-cpu:  %user   %nice %system %iowait  %steal   %idle
           0.80    0.00    0.53    0.02    0.00   98.65

Device            r/s     rkB/s   rrqm/s  %rrqm r_await rareq-sz     w/s     wkB/s   wrqm/s  %wrqm w_await wareq-sz     d/s     dkB/s   drqm/s  %drqm d_await dareq-sz     f/s f_await  aqu-sz  %util
dm-0             0.00      0.00     0.00   0.00    0.00     0.00  699.00  13896.00     0.00   0.00    0.09    19.88    0.00      0.00     0.00   0.00    0.00     0.00    0.00    0.00    0.06  42.40
dm-1             0.00      0.00     0.00   0.00    0.00     0.00  700.00  13904.00     0.00   0.00    0.03    19.86    0.00      0.00     0.00   0.00    0.00     0.00    0.00    0.00    0.02  41.60
dm-2             0.00      0.00     0.00   0.00    0.00     0.00   40.00    160.00     0.00   0.00    0.00     4.00    0.00      0.00     0.00   0.00    0.00     0.00    0.00    0.00    0.00   1.20
loop0            0.00      0.00     0.00   0.00    0.00     0.00    0.00      0.00     0.00   0.00    0.00     0.00    0.00      0.00     0.00   0.00    0.00     0.00    0.00    0.00    0.00   0.00
loop1            0.00      0.00     0.00   0.00    0.00     0.00    0.00      0.00     0.00   0.00    0.00     0.00    0.00      0.00     0.00   0.00    0.00     0.00    0.00    0.00    0.00   0.00
loop2            0.00      0.00     0.00   0.00    0.00     0.00    0.00      0.00     0.00   0.00    0.00     0.00    0.00      0.00     0.00   0.00    0.00     0.00    0.00    0.00    0.00   0.00
loop3            0.00      0.00     0.00   0.00    0.00     0.00    0.00      0.00     0.00   0.00    0.00     0.00    0.00      0.00     0.00   0.00    0.00     0.00    0.00    0.00    0.00   0.00
loop4            0.00      0.00     0.00   0.00    0.00     0.00    0.00      0.00     0.00   0.00    0.00     0.00    0.00      0.00     0.00   0.00    0.00     0.00    0.00    0.00    0.00   0.00
loop5            0.00      0.00     0.00   0.00    0.00     0.00    0.00      0.00     0.00   0.00    0.00     0.00    0.00      0.00     0.00   0.00    0.00     0.00    0.00    0.00    0.00   0.00
loop6            0.00      0.00     0.00   0.00    0.00     0.00    0.00      0.00     0.00   0.00    0.00     0.00    0.00      0.00     0.00   0.00    0.00     0.00    0.00    0.00    0.00   0.00
loop7            0.00      0.00     0.00   0.00    0.00     0.00    0.00      0.00     0.00   0.00    0.00     0.00    0.00      0.00     0.00   0.00    0.00     0.00    0.00    0.00    0.00   0.00
sda              0.00      0.00     0.00   0.00    0.00     0.00   11.00    160.00    29.00  72.50    0.00    14.55    0.00      0.00     0.00   0.00    0.00     0.00    0.00    0.00    0.00   1.20
sdb              0.00      0.00     0.00   0.00    0.00     0.00 1201.00  27800.00   198.00  14.15    0.06    23.15    0.00      0.00     0.00   0.00    0.00     0.00    0.00    0.00    0.07  43.20


avg-cpu:  %user   %nice %system %iowait  %steal   %idle
           0.39    0.00    0.27    0.00    0.00   99.34

Device            r/s     rkB/s   rrqm/s  %rrqm r_await rareq-sz     w/s     wkB/s   wrqm/s  %wrqm w_await wareq-sz     d/s     dkB/s   drqm/s  %drqm d_await dareq-sz     f/s f_await  aqu-sz  %util
dm-0             0.00      0.00     0.00   0.00    0.00     0.00  342.00   7068.00     0.00   0.00    0.08    20.67    0.00      0.00     0.00   0.00    0.00     0.00    0.00    0.00    0.03  20.80
dm-1             0.00      0.00     0.00   0.00    0.00     0.00  351.00   7104.00     0.00   0.00    0.03    20.24    0.00      0.00     0.00   0.00    0.00     0.00    0.00    0.00    0.01  22.00
dm-2             0.00      0.00     0.00   0.00    0.00     0.00  286.00   1280.00     0.00   0.00    0.00     4.48    0.00      0.00     0.00   0.00    0.00     0.00    0.00    0.00    0.00   2.40
loop0            0.00      0.00     0.00   0.00    0.00     0.00    0.00      0.00     0.00   0.00    0.00     0.00    0.00      0.00     0.00   0.00    0.00     0.00    0.00    0.00    0.00   0.00
loop1            0.00      0.00     0.00   0.00    0.00     0.00    0.00      0.00     0.00   0.00    0.00     0.00    0.00      0.00     0.00   0.00    0.00     0.00    0.00    0.00    0.00   0.00
loop2            0.00      0.00     0.00   0.00    0.00     0.00    0.00      0.00     0.00   0.00    0.00     0.00    0.00      0.00     0.00   0.00    0.00     0.00    0.00    0.00    0.00   0.00
loop3            0.00      0.00     0.00   0.00    0.00     0.00    0.00      0.00     0.00   0.00    0.00     0.00    0.00      0.00     0.00   0.00    0.00     0.00    0.00    0.00    0.00   0.00
loop4            0.00      0.00     0.00   0.00    0.00     0.00    0.00      0.00     0.00   0.00    0.00     0.00    0.00      0.00     0.00   0.00    0.00     0.00    0.00    0.00    0.00   0.00
loop5            0.00      0.00     0.00   0.00    0.00     0.00    0.00      0.00     0.00   0.00    0.00     0.00    0.00      0.00     0.00   0.00    0.00     0.00    0.00    0.00    0.00   0.00
loop6            0.00      0.00     0.00   0.00    0.00     0.00    0.00      0.00     0.00   0.00    0.00     0.00    0.00      0.00     0.00   0.00    0.00     0.00    0.00    0.00    0.00   0.00
loop7            0.00      0.00     0.00   0.00    0.00     0.00    0.00      0.00     0.00   0.00    0.00     0.00    0.00      0.00     0.00   0.00    0.00     0.00    0.00    0.00    0.00   0.00
sda              0.00      0.00     0.00   0.00    0.00     0.00  238.00   1280.00    48.00  16.78    0.71     5.38    0.00      0.00     0.00   0.00    0.00     0.00    0.00    0.00    0.17   2.40
sdb              0.00      0.00     0.00   0.00    0.00     0.00  602.00  14172.00    91.00  13.13    0.05    23.54    0.00      0.00     0.00   0.00    0.00     0.00    0.00    0.00    0.03  22.00


avg-cpu:  %user   %nice %system %iowait  %steal   %idle
           0.83    0.00    0.57    0.02    0.00   98.59

Device            r/s     rkB/s   rrqm/s  %rrqm r_await rareq-sz     w/s     wkB/s   wrqm/s  %wrqm w_await wareq-sz     d/s     dkB/s   drqm/s  %drqm d_await dareq-sz     f/s f_await  aqu-sz  %util
dm-0             0.00      0.00     0.00   0.00    0.00     0.00  765.00  15124.00     0.00   0.00    0.01    19.77    0.00      0.00     0.00   0.00    0.00     0.00    0.00    0.00    0.01  45.20
dm-1             0.00      0.00     0.00   0.00    0.00     0.00  752.00  15008.00     0.00   0.00    0.06    19.96    0.00      0.00     0.00   0.00    0.00     0.00    0.00    0.00    0.04  44.00
dm-2             0.00      0.00     0.00   0.00    0.00     0.00   56.00    232.00     0.00   0.00    0.00     4.14    0.00      0.00     0.00   0.00    0.00     0.00    0.00    0.00    0.00   1.60
loop0            0.00      0.00     0.00   0.00    0.00     0.00    0.00      0.00     0.00   0.00    0.00     0.00    0.00      0.00     0.00   0.00    0.00     0.00    0.00    0.00    0.00   0.00
loop1            0.00      0.00     0.00   0.00    0.00     0.00    0.00      0.00     0.00   0.00    0.00     0.00    0.00      0.00     0.00   0.00    0.00     0.00    0.00    0.00    0.00   0.00
loop2            0.00      0.00     0.00   0.00    0.00     0.00    0.00      0.00     0.00   0.00    0.00     0.00    0.00      0.00     0.00   0.00    0.00     0.00    0.00    0.00    0.00   0.00
loop3            0.00      0.00     0.00   0.00    0.00     0.00    0.00      0.00     0.00   0.00    0.00     0.00    0.00      0.00     0.00   0.00    0.00     0.00    0.00    0.00    0.00   0.00
loop4            0.00      0.00     0.00   0.00    0.00     0.00    0.00      0.00     0.00   0.00    0.00     0.00    0.00      0.00     0.00   0.00    0.00     0.00    0.00    0.00    0.00   0.00
loop5            0.00      0.00     0.00   0.00    0.00     0.00    0.00      0.00     0.00   0.00    0.00     0.00    0.00      0.00     0.00   0.00    0.00     0.00    0.00    0.00    0.00   0.00
loop6            0.00      0.00     0.00   0.00    0.00     0.00    0.00      0.00     0.00   0.00    0.00     0.00    0.00      0.00     0.00   0.00    0.00     0.00    0.00    0.00    0.00   0.00
loop7            0.00      0.00     0.00   0.00    0.00     0.00    0.00      0.00     0.00   0.00    0.00     0.00    0.00      0.00     0.00   0.00    0.00     0.00    0.00    0.00    0.00   0.00
sda              0.00      0.00     0.00   0.00    0.00     0.00   17.00    232.00    39.00  69.64    0.47    13.65    0.00      0.00     0.00   0.00    0.00     0.00    0.00    0.00    0.01   1.60
sdb              0.00      0.00     0.00   0.00    0.00     0.00 1303.00  30124.00   212.00  13.99    0.06    23.12    0.00      0.00     0.00   0.00    0.00     0.00    0.00    0.00    0.07  45.60


avg-cpu:  %user   %nice %system %iowait  %steal   %idle
           0.85    0.00    0.72    0.02    0.00   98.42

Device            r/s     rkB/s   rrqm/s  %rrqm r_await rareq-sz     w/s     wkB/s   wrqm/s  %wrqm w_await wareq-sz     d/s     dkB/s   drqm/s  %drqm d_await dareq-sz     f/s f_await  aqu-sz  %util
dm-0             0.00      0.00     0.00   0.00    0.00     0.00  732.00  14148.00     0.00   0.00    0.05    19.33    0.00      0.00     0.00   0.00    0.00     0.00    0.00    0.00    0.04  42.00
dm-1             0.00      0.00     0.00   0.00    0.00     0.00  704.00  14096.00     0.00   0.00    0.05    20.02    0.00      0.00     0.00   0.00    0.00     0.00    0.00    0.00    0.04  43.60
dm-2             0.00      0.00     0.00   0.00    0.00     0.00   54.00    232.00     0.00   0.00    0.00     4.30    0.00      0.00     0.00   0.00    0.00     0.00    0.00    0.00    0.00   1.60
loop0            0.00      0.00     0.00   0.00    0.00     0.00    0.00      0.00     0.00   0.00    0.00     0.00    0.00      0.00     0.00   0.00    0.00     0.00    0.00    0.00    0.00   0.00
loop1            0.00      0.00     0.00   0.00    0.00     0.00    0.00      0.00     0.00   0.00    0.00     0.00    0.00      0.00     0.00   0.00    0.00     0.00    0.00    0.00    0.00   0.00
loop2            0.00      0.00     0.00   0.00    0.00     0.00    0.00      0.00     0.00   0.00    0.00     0.00    0.00      0.00     0.00   0.00    0.00     0.00    0.00    0.00    0.00   0.00
loop3            0.00      0.00     0.00   0.00    0.00     0.00    0.00      0.00     0.00   0.00    0.00     0.00    0.00      0.00     0.00   0.00    0.00     0.00    0.00    0.00    0.00   0.00
loop4            0.00      0.00     0.00   0.00    0.00     0.00    0.00      0.00     0.00   0.00    0.00     0.00    0.00      0.00     0.00   0.00    0.00     0.00    0.00    0.00    0.00   0.00
loop5            0.00      0.00     0.00   0.00    0.00     0.00    0.00      0.00     0.00   0.00    0.00     0.00    0.00      0.00     0.00   0.00    0.00     0.00    0.00    0.00    0.00   0.00
loop6            0.00      0.00     0.00   0.00    0.00     0.00    0.00      0.00     0.00   0.00    0.00     0.00    0.00      0.00     0.00   0.00    0.00     0.00    0.00    0.00    0.00   0.00
loop7            0.00      0.00     0.00   0.00    0.00     0.00    0.00      0.00     0.00   0.00    0.00     0.00    0.00      0.00     0.00   0.00    0.00     0.00    0.00    0.00    0.00   0.00
sda              0.00      0.00     0.00   0.00    0.00     0.00   17.00    232.00    37.00  68.52    0.06    13.65    0.00      0.00     0.00   0.00    0.00     0.00    0.00    0.00    0.00   1.60
sdb              0.00      0.00     0.00   0.00    0.00     0.00 1239.00  28252.00   199.00  13.84    0.06    22.80    0.00      0.00     0.00   0.00    0.00     0.00    0.00    0.00    0.07  43.60


avg-cpu:  %user   %nice %system %iowait  %steal   %idle
           0.53    0.00    0.46    0.00    0.00   99.01

Device            r/s     rkB/s   rrqm/s  %rrqm r_await rareq-sz     w/s     wkB/s   wrqm/s  %wrqm w_await wareq-sz     d/s     dkB/s   drqm/s  %drqm d_await dareq-sz     f/s f_await  aqu-sz  %util
dm-0             0.00      0.00     0.00   0.00    0.00     0.00  624.00  12336.00     0.00   0.00    0.05    19.77    0.00      0.00     0.00   0.00    0.00     0.00    0.00    0.00    0.03  37.60
dm-1             0.00      0.00     0.00   0.00    0.00     0.00  629.00  12356.00     0.00   0.00    0.08    19.64    0.00      0.00     0.00   0.00    0.00     0.00    0.00    0.00    0.05  38.40
dm-2             0.00      0.00     0.00   0.00    0.00     0.00   47.00    200.00     0.00   0.00    0.00     4.26    0.00      0.00     0.00   0.00    0.00     0.00    0.00    0.00    0.00   1.20
loop0            0.00      0.00     0.00   0.00    0.00     0.00    0.00      0.00     0.00   0.00    0.00     0.00    0.00      0.00     0.00   0.00    0.00     0.00    0.00    0.00    0.00   0.00
loop1            0.00      0.00     0.00   0.00    0.00     0.00    0.00      0.00     0.00   0.00    0.00     0.00    0.00      0.00     0.00   0.00    0.00     0.00    0.00    0.00    0.00   0.00
loop2            0.00      0.00     0.00   0.00    0.00     0.00    0.00      0.00     0.00   0.00    0.00     0.00    0.00      0.00     0.00   0.00    0.00     0.00    0.00    0.00    0.00   0.00
loop3            0.00      0.00     0.00   0.00    0.00     0.00    0.00      0.00     0.00   0.00    0.00     0.00    0.00      0.00     0.00   0.00    0.00     0.00    0.00    0.00    0.00   0.00
loop4            0.00      0.00     0.00   0.00    0.00     0.00    0.00      0.00     0.00   0.00    0.00     0.00    0.00      0.00     0.00   0.00    0.00     0.00    0.00    0.00    0.00   0.00
loop5            0.00      0.00     0.00   0.00    0.00     0.00    0.00      0.00     0.00   0.00    0.00     0.00    0.00      0.00     0.00   0.00    0.00     0.00    0.00    0.00    0.00   0.00
loop6            0.00      0.00     0.00   0.00    0.00     0.00    0.00      0.00     0.00   0.00    0.00     0.00    0.00      0.00     0.00   0.00    0.00     0.00    0.00    0.00    0.00   0.00
loop7            0.00      0.00     0.00   0.00    0.00     0.00    0.00      0.00     0.00   0.00    0.00     0.00    0.00      0.00     0.00   0.00    0.00     0.00    0.00    0.00    0.00   0.00
sda              0.00      0.00     0.00   0.00    0.00     0.00   13.00    200.00    34.00  72.34    0.54    15.38    0.00      0.00     0.00   0.00    0.00     0.00    0.00    0.00    0.01   1.20
sdb              0.00      0.00     0.00   0.00    0.00     0.00 1084.00  24692.00   169.00  13.49    0.05    22.78    0.00      0.00     0.00   0.00    0.00     0.00    0.00    0.00    0.06  38.80


avg-cpu:  %user   %nice %system %iowait  %steal   %idle
           0.46    0.00    0.33    0.02    0.00   99.20

Device            r/s     rkB/s   rrqm/s  %rrqm r_await rareq-sz     w/s     wkB/s   wrqm/s  %wrqm w_await wareq-sz     d/s     dkB/s   drqm/s  %drqm d_await dareq-sz     f/s f_await  aqu-sz  %util
dm-0             0.00      0.00     0.00   0.00    0.00     0.00  509.00  10436.00     0.00   0.00    0.07    20.50    0.00      0.00     0.00   0.00    0.00     0.00    0.00    0.00    0.04  32.00
dm-1             0.00      0.00     0.00   0.00    0.00     0.00  521.00  10484.00     0.00   0.00    0.05    20.12    0.00      0.00     0.00   0.00    0.00     0.00    0.00    0.00    0.02  32.80
dm-2             0.00      0.00     0.00   0.00    0.00     0.00   73.00    292.00     0.00   0.00    0.00     4.00    0.00      0.00     0.00   0.00    0.00     0.00    0.00    0.00    0.00   1.60
loop0            0.00      0.00     0.00   0.00    0.00     0.00    0.00      0.00     0.00   0.00    0.00     0.00    0.00      0.00     0.00   0.00    0.00     0.00    0.00    0.00    0.00   0.00
loop1            0.00      0.00     0.00   0.00    0.00     0.00    0.00      0.00     0.00   0.00    0.00     0.00    0.00      0.00     0.00   0.00    0.00     0.00    0.00    0.00    0.00   0.00
loop2            0.00      0.00     0.00   0.00    0.00     0.00    0.00      0.00     0.00   0.00    0.00     0.00    0.00      0.00     0.00   0.00    0.00     0.00    0.00    0.00    0.00   0.00
loop3            0.00      0.00     0.00   0.00    0.00     0.00    0.00      0.00     0.00   0.00    0.00     0.00    0.00      0.00     0.00   0.00    0.00     0.00    0.00    0.00    0.00   0.00
loop4            0.00      0.00     0.00   0.00    0.00     0.00    0.00      0.00     0.00   0.00    0.00     0.00    0.00      0.00     0.00   0.00    0.00     0.00    0.00    0.00    0.00   0.00
loop5            0.00      0.00     0.00   0.00    0.00     0.00    0.00      0.00     0.00   0.00    0.00     0.00    0.00      0.00     0.00   0.00    0.00     0.00    0.00    0.00    0.00   0.00
loop6            0.00      0.00     0.00   0.00    0.00     0.00    0.00      0.00     0.00   0.00    0.00     0.00    0.00      0.00     0.00   0.00    0.00     0.00    0.00    0.00    0.00   0.00
loop7            0.00      0.00     0.00   0.00    0.00     0.00    0.00      0.00     0.00   0.00    0.00     0.00    0.00      0.00     0.00   0.00    0.00     0.00    0.00    0.00    0.00   0.00
sda              0.00      0.00     0.00   0.00    0.00     0.00   38.00    292.00    35.00  47.95    1.18     7.68    0.00      0.00     0.00   0.00    0.00     0.00    0.00    0.00    0.04   1.60
sdb              0.00      0.00     0.00   0.00    0.00     0.00  889.00  20920.00   141.00  13.69    0.06    23.53    0.00      0.00     0.00   0.00    0.00     0.00    0.00    0.00    0.05  33.20


avg-cpu:  %user   %nice %system %iowait  %steal   %idle
           0.72    0.00    0.63    0.02    0.00   98.64

Device            r/s     rkB/s   rrqm/s  %rrqm r_await rareq-sz     w/s     wkB/s   wrqm/s  %wrqm w_await wareq-sz     d/s     dkB/s   drqm/s  %drqm d_await dareq-sz     f/s f_await  aqu-sz  %util
dm-0             0.00      0.00     0.00   0.00    0.00     0.00  735.00  14880.00     0.00   0.00    0.02    20.24    0.00      0.00     0.00   0.00    0.00     0.00    0.00    0.00    0.02  44.80
dm-1             0.00      0.00     0.00   0.00    0.00     0.00  737.00  14892.00     0.00   0.00    0.05    20.21    0.00      0.00     0.00   0.00    0.00     0.00    0.00    0.00    0.04  44.40
dm-2             0.00      0.00     0.00   0.00    0.00     0.00  242.00   1096.00     0.00   0.00    0.33     4.53    0.00      0.00     0.00   0.00    0.00     0.00    0.00    0.00    0.08   1.60
loop0            0.00      0.00     0.00   0.00    0.00     0.00    0.00      0.00     0.00   0.00    0.00     0.00    0.00      0.00     0.00   0.00    0.00     0.00    0.00    0.00    0.00   0.00
loop1            0.00      0.00     0.00   0.00    0.00     0.00    0.00      0.00     0.00   0.00    0.00     0.00    0.00      0.00     0.00   0.00    0.00     0.00    0.00    0.00    0.00   0.00
loop2            0.00      0.00     0.00   0.00    0.00     0.00    0.00      0.00     0.00   0.00    0.00     0.00    0.00      0.00     0.00   0.00    0.00     0.00    0.00    0.00    0.00   0.00
loop3            0.00      0.00     0.00   0.00    0.00     0.00    0.00      0.00     0.00   0.00    0.00     0.00    0.00      0.00     0.00   0.00    0.00     0.00    0.00    0.00    0.00   0.00
loop4            0.00      0.00     0.00   0.00    0.00     0.00    0.00      0.00     0.00   0.00    0.00     0.00    0.00      0.00     0.00   0.00    0.00     0.00    0.00    0.00    0.00   0.00
loop5            0.00      0.00     0.00   0.00    0.00     0.00    0.00      0.00     0.00   0.00    0.00     0.00    0.00      0.00     0.00   0.00    0.00     0.00    0.00    0.00    0.00   0.00
loop6            0.00      0.00     0.00   0.00    0.00     0.00    0.00      0.00     0.00   0.00    0.00     0.00    0.00      0.00     0.00   0.00    0.00     0.00    0.00    0.00    0.00   0.00
loop7            0.00      0.00     0.00   0.00    0.00     0.00    0.00      0.00     0.00   0.00    0.00     0.00    0.00      0.00     0.00   0.00    0.00     0.00    0.00    0.00    0.00   0.00
sda              0.00      0.00     0.00   0.00    0.00     0.00  228.00   1096.00    14.00   5.79    0.76     4.81    0.00      0.00     0.00   0.00    0.00     0.00    0.00    0.00    0.17   1.60
sdb              0.00      0.00     0.00   0.00    0.00     0.00 1284.00  29772.00   188.00  12.77    0.06    23.19    0.00      0.00     0.00   0.00    0.00     0.00    0.00    0.00    0.08  45.20


avg-cpu:  %user   %nice %system %iowait  %steal   %idle
           0.75    0.00    0.66    0.00    0.00   98.59

Device            r/s     rkB/s   rrqm/s  %rrqm r_await rareq-sz     w/s     wkB/s   wrqm/s  %wrqm w_await wareq-sz     d/s     dkB/s   drqm/s  %drqm d_await dareq-sz     f/s f_await  aqu-sz  %util
dm-0             0.00      0.00     0.00   0.00    0.00     0.00  786.00  15388.00     0.00   0.00    0.07    19.58    0.00      0.00     0.00   0.00    0.00     0.00    0.00    0.00    0.06  44.80
dm-1             0.00      0.00     0.00   0.00    0.00     0.00  769.00  15436.00     0.00   0.00    0.06    20.07    0.00      0.00     0.00   0.00    0.00     0.00    0.00    0.00    0.05  45.60
dm-2             0.00      0.00     0.00   0.00    0.00     0.00   50.00    200.00     0.00   0.00    0.16     4.00    0.00      0.00     0.00   0.00    0.00     0.00    0.00    0.00    0.01   2.00
loop0            0.00      0.00     0.00   0.00    0.00     0.00    0.00      0.00     0.00   0.00    0.00     0.00    0.00      0.00     0.00   0.00    0.00     0.00    0.00    0.00    0.00   0.00
loop1            0.00      0.00     0.00   0.00    0.00     0.00    0.00      0.00     0.00   0.00    0.00     0.00    0.00      0.00     0.00   0.00    0.00     0.00    0.00    0.00    0.00   0.00
loop2            0.00      0.00     0.00   0.00    0.00     0.00    0.00      0.00     0.00   0.00    0.00     0.00    0.00      0.00     0.00   0.00    0.00     0.00    0.00    0.00    0.00   0.00
loop3            0.00      0.00     0.00   0.00    0.00     0.00    0.00      0.00     0.00   0.00    0.00     0.00    0.00      0.00     0.00   0.00    0.00     0.00    0.00    0.00    0.00   0.00
loop4            0.00      0.00     0.00   0.00    0.00     0.00    0.00      0.00     0.00   0.00    0.00     0.00    0.00      0.00     0.00   0.00    0.00     0.00    0.00    0.00    0.00   0.00
loop5            0.00      0.00     0.00   0.00    0.00     0.00    0.00      0.00     0.00   0.00    0.00     0.00    0.00      0.00     0.00   0.00    0.00     0.00    0.00    0.00    0.00   0.00
loop6            0.00      0.00     0.00   0.00    0.00     0.00    0.00      0.00     0.00   0.00    0.00     0.00    0.00      0.00     0.00   0.00    0.00     0.00    0.00    0.00    0.00   0.00
loop7            0.00      0.00     0.00   0.00    0.00     0.00    0.00      0.00     0.00   0.00    0.00     0.00    0.00      0.00     0.00   0.00    0.00     0.00    0.00    0.00    0.00   0.00
sda              0.00      0.00     0.00   0.00    0.00     0.00   14.00    200.00    36.00  72.00    0.07    14.29    0.00      0.00     0.00   0.00    0.00     0.00    0.00    0.00    0.00   2.00
sdb              0.00      0.00     0.00   0.00    0.00     0.00 1355.00  30824.00   200.00  12.86    0.06    22.75    0.00      0.00     0.00   0.00    0.00     0.00    0.00    0.00    0.07  46.00


avg-cpu:  %user   %nice %system %iowait  %steal   %idle
           0.31    0.00    0.25    0.02    0.00   99.42

Device            r/s     rkB/s   rrqm/s  %rrqm r_await rareq-sz     w/s     wkB/s   wrqm/s  %wrqm w_await wareq-sz     d/s     dkB/s   drqm/s  %drqm d_await dareq-sz     f/s f_await  aqu-sz  %util
dm-0             0.00      0.00     0.00   0.00    0.00     0.00  245.00   4820.00     0.00   0.00    0.07    19.67    0.00      0.00     0.00   0.00    0.00     0.00    0.00    0.00    0.02  15.60
dm-1             0.00      0.00     0.00   0.00    0.00     0.00  231.00   4764.00     0.00   0.00    0.07    20.62    0.00      0.00     0.00   0.00    0.00     0.00    0.00    0.00    0.02  13.60
dm-2             0.00      0.00     0.00   0.00    0.00     0.00   61.00    268.00     0.00   0.00    0.00     4.39    0.00      0.00     0.00   0.00    0.00     0.00    0.00    0.00    0.00   2.00
loop0            0.00      0.00     0.00   0.00    0.00     0.00    0.00      0.00     0.00   0.00    0.00     0.00    0.00      0.00     0.00   0.00    0.00     0.00    0.00    0.00    0.00   0.00
loop1            0.00      0.00     0.00   0.00    0.00     0.00    0.00      0.00     0.00   0.00    0.00     0.00    0.00      0.00     0.00   0.00    0.00     0.00    0.00    0.00    0.00   0.00
loop2            0.00      0.00     0.00   0.00    0.00     0.00    0.00      0.00     0.00   0.00    0.00     0.00    0.00      0.00     0.00   0.00    0.00     0.00    0.00    0.00    0.00   0.00
loop3            0.00      0.00     0.00   0.00    0.00     0.00    0.00      0.00     0.00   0.00    0.00     0.00    0.00      0.00     0.00   0.00    0.00     0.00    0.00    0.00    0.00   0.00
loop4            0.00      0.00     0.00   0.00    0.00     0.00    0.00      0.00     0.00   0.00    0.00     0.00    0.00      0.00     0.00   0.00    0.00     0.00    0.00    0.00    0.00   0.00
loop5            0.00      0.00     0.00   0.00    0.00     0.00    0.00      0.00     0.00   0.00    0.00     0.00    0.00      0.00     0.00   0.00    0.00     0.00    0.00    0.00    0.00   0.00
loop6            0.00      0.00     0.00   0.00    0.00     0.00    0.00      0.00     0.00   0.00    0.00     0.00    0.00      0.00     0.00   0.00    0.00     0.00    0.00    0.00    0.00   0.00
loop7            0.00      0.00     0.00   0.00    0.00     0.00    0.00      0.00     0.00   0.00    0.00     0.00    0.00      0.00     0.00   0.00    0.00     0.00    0.00    0.00    0.00   0.00
sda              0.00      0.00     0.00   0.00    0.00     0.00   20.00    268.00    41.00  67.21    0.10    13.40    0.00      0.00     0.00   0.00    0.00     0.00    0.00    0.00    0.00   2.00
sdb              0.00      0.00     0.00   0.00    0.00     0.00  416.00   9584.00    60.00  12.61    0.06    23.04    0.00      0.00     0.00   0.00    0.00     0.00    0.00    0.00    0.02  16.00


avg-cpu:  %user   %nice %system %iowait  %steal   %idle
           0.64    0.00    0.64    0.00    0.00   98.71

Device            r/s     rkB/s   rrqm/s  %rrqm r_await rareq-sz     w/s     wkB/s   wrqm/s  %wrqm w_await wareq-sz     d/s     dkB/s   drqm/s  %drqm d_await dareq-sz     f/s f_await  aqu-sz  %util
dm-0             0.00      0.00     0.00   0.00    0.00     0.00  793.00  14812.00     0.00   0.00    0.05    18.68    0.00      0.00     0.00   0.00    0.00     0.00    0.00    0.00    0.04  44.00
dm-1             0.00      0.00     0.00   0.00    0.00     0.00  785.00  14780.00     0.00   0.00    0.06    18.83    0.00      0.00     0.00   0.00    0.00     0.00    0.00    0.00    0.04  44.80
dm-2             0.00      0.00     0.00   0.00    0.00     0.00   47.00    196.00     0.00   0.00    0.00     4.17    0.00      0.00     0.00   0.00    0.00     0.00    0.00    0.00    0.00   1.20
loop0            0.00      0.00     0.00   0.00    0.00     0.00    0.00      0.00     0.00   0.00    0.00     0.00    0.00      0.00     0.00   0.00    0.00     0.00    0.00    0.00    0.00   0.00
loop1            0.00      0.00     0.00   0.00    0.00     0.00    0.00      0.00     0.00   0.00    0.00     0.00    0.00      0.00     0.00   0.00    0.00     0.00    0.00    0.00    0.00   0.00
loop2            0.00      0.00     0.00   0.00    0.00     0.00    0.00      0.00     0.00   0.00    0.00     0.00    0.00      0.00     0.00   0.00    0.00     0.00    0.00    0.00    0.00   0.00
loop3            0.00      0.00     0.00   0.00    0.00     0.00    0.00      0.00     0.00   0.00    0.00     0.00    0.00      0.00     0.00   0.00    0.00     0.00    0.00    0.00    0.00   0.00
loop4            0.00      0.00     0.00   0.00    0.00     0.00    0.00      0.00     0.00   0.00    0.00     0.00    0.00      0.00     0.00   0.00    0.00     0.00    0.00    0.00    0.00   0.00
loop5            0.00      0.00     0.00   0.00    0.00     0.00    0.00      0.00     0.00   0.00    0.00     0.00    0.00      0.00     0.00   0.00    0.00     0.00    0.00    0.00    0.00   0.00
loop6            0.00      0.00     0.00   0.00    0.00     0.00    0.00      0.00     0.00   0.00    0.00     0.00    0.00      0.00     0.00   0.00    0.00     0.00    0.00    0.00    0.00   0.00
loop7            0.00      0.00     0.00   0.00    0.00     0.00    0.00      0.00     0.00   0.00    0.00     0.00    0.00      0.00     0.00   0.00    0.00     0.00    0.00    0.00    0.00   0.00
sda              0.00      0.00     0.00   0.00    0.00     0.00   13.00    196.00    34.00  72.34    0.38    15.08    0.00      0.00     0.00   0.00    0.00     0.00    0.00    0.00    0.01   1.20
sdb              0.00      0.00     0.00   0.00    0.00     0.00 1352.00  29592.00   226.00  14.32    0.05    21.89    0.00      0.00     0.00   0.00    0.00     0.00    0.00    0.00    0.07  45.60


avg-cpu:  %user   %nice %system %iowait  %steal   %idle
           0.67    0.00    0.58    0.02    0.00   98.73

Device            r/s     rkB/s   rrqm/s  %rrqm r_await rareq-sz     w/s     wkB/s   wrqm/s  %wrqm w_await wareq-sz     d/s     dkB/s   drqm/s  %drqm d_await dareq-sz     f/s f_await  aqu-sz  %util
dm-0             0.00      0.00     0.00   0.00    0.00     0.00  717.82  14752.48     0.00   0.00    0.09    20.55    0.00      0.00     0.00   0.00    0.00     0.00    0.00    0.00    0.06  41.19
dm-1             0.00      0.00     0.00   0.00    0.00     0.00  737.62  14831.68     0.00   0.00    0.04    20.11    0.00      0.00     0.00   0.00    0.00     0.00    0.00    0.00    0.03  42.77
dm-2             0.00      0.00     0.00   0.00    0.00     0.00   62.38    265.35     0.00   0.00    0.25     4.25    0.00      0.00     0.00   0.00    0.00     0.00    0.00    0.00    0.02   2.38
loop0            0.00      0.00     0.00   0.00    0.00     0.00    0.00      0.00     0.00   0.00    0.00     0.00    0.00      0.00     0.00   0.00    0.00     0.00    0.00    0.00    0.00   0.00
loop1            0.00      0.00     0.00   0.00    0.00     0.00    0.00      0.00     0.00   0.00    0.00     0.00    0.00      0.00     0.00   0.00    0.00     0.00    0.00    0.00    0.00   0.00
loop2            0.00      0.00     0.00   0.00    0.00     0.00    0.00      0.00     0.00   0.00    0.00     0.00    0.00      0.00     0.00   0.00    0.00     0.00    0.00    0.00    0.00   0.00
loop3            0.00      0.00     0.00   0.00    0.00     0.00    0.00      0.00     0.00   0.00    0.00     0.00    0.00      0.00     0.00   0.00    0.00     0.00    0.00    0.00    0.00   0.00
loop4            0.00      0.00     0.00   0.00    0.00     0.00    0.00      0.00     0.00   0.00    0.00     0.00    0.00      0.00     0.00   0.00    0.00     0.00    0.00    0.00    0.00   0.00
loop5            0.00      0.00     0.00   0.00    0.00     0.00    0.00      0.00     0.00   0.00    0.00     0.00    0.00      0.00     0.00   0.00    0.00     0.00    0.00    0.00    0.00   0.00
loop6            0.00      0.00     0.00   0.00    0.00     0.00    0.00      0.00     0.00   0.00    0.00     0.00    0.00      0.00     0.00   0.00    0.00     0.00    0.00    0.00    0.00   0.00
loop7            0.00      0.00     0.00   0.00    0.00     0.00    0.00      0.00     0.00   0.00    0.00     0.00    0.00      0.00     0.00   0.00    0.00     0.00    0.00    0.00    0.00   0.00
sda              0.00      0.00     0.00   0.00    0.00     0.00   16.83    265.35    45.54  73.02    0.12    15.76    0.00      0.00     0.00   0.00    0.00     0.00    0.00    0.00    0.00   2.38
sdb              0.00      0.00     0.00   0.00    0.00     0.00 1265.35  29584.16   190.10  13.06    0.06    23.38    0.00      0.00     0.00   0.00    0.00     0.00    0.00    0.00    0.07  43.96


avg-cpu:  %user   %nice %system %iowait  %steal   %idle
           0.77    0.00    0.60    0.02    0.00   98.62

Device            r/s     rkB/s   rrqm/s  %rrqm r_await rareq-sz     w/s     wkB/s   wrqm/s  %wrqm w_await wareq-sz     d/s     dkB/s   drqm/s  %drqm d_await dareq-sz     f/s f_await  aqu-sz  %util
dm-0             0.00      0.00     0.00   0.00    0.00     0.00  754.00  15376.00     0.00   0.00    0.03    20.39    0.00      0.00     0.00   0.00    0.00     0.00    0.00    0.00    0.02  45.60
dm-1             0.00      0.00     0.00   0.00    0.00     0.00  781.00  15488.00     0.00   0.00    0.02    19.83    0.00      0.00     0.00   0.00    0.00     0.00    0.00    0.00    0.02  47.20
dm-2             0.00      0.00     0.00   0.00    0.00     0.00   61.00    244.00     0.00   0.00    0.00     4.00    0.00      0.00     0.00   0.00    0.00     0.00    0.00    0.00    0.00   1.20
loop0            0.00      0.00     0.00   0.00    0.00     0.00    0.00      0.00     0.00   0.00    0.00     0.00    0.00      0.00     0.00   0.00    0.00     0.00    0.00    0.00    0.00   0.00
loop1            0.00      0.00     0.00   0.00    0.00     0.00    0.00      0.00     0.00   0.00    0.00     0.00    0.00      0.00     0.00   0.00    0.00     0.00    0.00    0.00    0.00   0.00
loop2            0.00      0.00     0.00   0.00    0.00     0.00    0.00      0.00     0.00   0.00    0.00     0.00    0.00      0.00     0.00   0.00    0.00     0.00    0.00    0.00    0.00   0.00
loop3            0.00      0.00     0.00   0.00    0.00     0.00    0.00      0.00     0.00   0.00    0.00     0.00    0.00      0.00     0.00   0.00    0.00     0.00    0.00    0.00    0.00   0.00
loop4            0.00      0.00     0.00   0.00    0.00     0.00    0.00      0.00     0.00   0.00    0.00     0.00    0.00      0.00     0.00   0.00    0.00     0.00    0.00    0.00    0.00   0.00
loop5            0.00      0.00     0.00   0.00    0.00     0.00    0.00      0.00     0.00   0.00    0.00     0.00    0.00      0.00     0.00   0.00    0.00     0.00    0.00    0.00    0.00   0.00
loop6            0.00      0.00     0.00   0.00    0.00     0.00    0.00      0.00     0.00   0.00    0.00     0.00    0.00      0.00     0.00   0.00    0.00     0.00    0.00    0.00    0.00   0.00
loop7            0.00      0.00     0.00   0.00    0.00     0.00    0.00      0.00     0.00   0.00    0.00     0.00    0.00      0.00     0.00   0.00    0.00     0.00    0.00    0.00    0.00   0.00
sda              0.00      0.00     0.00   0.00    0.00     0.00   29.00    244.00    32.00  52.46    1.31     8.41    0.00      0.00     0.00   0.00    0.00     0.00    0.00    0.00    0.04   1.20
sdb              0.00      0.00     0.00   0.00    0.00     0.00 1341.00  30864.00   194.00  12.64    0.06    23.02    0.00      0.00     0.00   0.00    0.00     0.00    0.00    0.00    0.07  47.20


avg-cpu:  %user   %nice %system %iowait  %steal   %idle
           0.33    0.00    0.31    0.00    0.00   99.36

Device            r/s     rkB/s   rrqm/s  %rrqm r_await rareq-sz     w/s     wkB/s   wrqm/s  %wrqm w_await wareq-sz     d/s     dkB/s   drqm/s  %drqm d_await dareq-sz     f/s f_await  aqu-sz  %util
dm-0             0.00      0.00     0.00   0.00    0.00     0.00  291.00   5724.00     0.00   0.00    0.01    19.67    0.00      0.00     0.00   0.00    0.00     0.00    0.00    0.00    0.00  17.60
dm-1             0.00      0.00     0.00   0.00    0.00     0.00  306.00   5784.00     0.00   0.00    0.04    18.90    0.00      0.00     0.00   0.00    0.00     0.00    0.00    0.00    0.01  16.40
dm-2             0.00      0.00     0.00   0.00    0.00     0.00  294.00   1304.00     0.00   0.00    0.68     4.44    0.00      0.00     0.00   0.00    0.00     0.00    0.00    0.00    0.20   2.40
loop0            0.00      0.00     0.00   0.00    0.00     0.00    0.00      0.00     0.00   0.00    0.00     0.00    0.00      0.00     0.00   0.00    0.00     0.00    0.00    0.00    0.00   0.00
loop1            0.00      0.00     0.00   0.00    0.00     0.00    0.00      0.00     0.00   0.00    0.00     0.00    0.00      0.00     0.00   0.00    0.00     0.00    0.00    0.00    0.00   0.00
loop2            0.00      0.00     0.00   0.00    0.00     0.00    0.00      0.00     0.00   0.00    0.00     0.00    0.00      0.00     0.00   0.00    0.00     0.00    0.00    0.00    0.00   0.00
loop3            0.00      0.00     0.00   0.00    0.00     0.00    0.00      0.00     0.00   0.00    0.00     0.00    0.00      0.00     0.00   0.00    0.00     0.00    0.00    0.00    0.00   0.00
loop4            0.00      0.00     0.00   0.00    0.00     0.00    0.00      0.00     0.00   0.00    0.00     0.00    0.00      0.00     0.00   0.00    0.00     0.00    0.00    0.00    0.00   0.00
loop5            0.00      0.00     0.00   0.00    0.00     0.00    0.00      0.00     0.00   0.00    0.00     0.00    0.00      0.00     0.00   0.00    0.00     0.00    0.00    0.00    0.00   0.00
loop6            0.00      0.00     0.00   0.00    0.00     0.00    0.00      0.00     0.00   0.00    0.00     0.00    0.00      0.00     0.00   0.00    0.00     0.00    0.00    0.00    0.00   0.00
loop7            0.00      0.00     0.00   0.00    0.00     0.00    0.00      0.00     0.00   0.00    0.00     0.00    0.00      0.00     0.00   0.00    0.00     0.00    0.00    0.00    0.00   0.00
sda              0.00      0.00     0.00   0.00    0.00     0.00  245.00   1304.00    49.00  16.67    0.96     5.32    0.00      0.00     0.00   0.00    0.00     0.00    0.00    0.00    0.23   2.40
sdb              0.00      0.00     0.00   0.00    0.00     0.00  513.00  11508.00    84.00  14.07    0.05    22.43    0.00      0.00     0.00   0.00    0.00     0.00    0.00    0.00    0.03  17.60


avg-cpu:  %user   %nice %system %iowait  %steal   %idle
           0.79    0.00    0.60    0.02    0.00   98.60

Device            r/s     rkB/s   rrqm/s  %rrqm r_await rareq-sz     w/s     wkB/s   wrqm/s  %wrqm w_await wareq-sz     d/s     dkB/s   drqm/s  %drqm d_await dareq-sz     f/s f_await  aqu-sz  %util
dm-0             0.00      0.00     0.00   0.00    0.00     0.00  765.00  15304.00     0.00   0.00    0.03    20.01    0.00      0.00     0.00   0.00    0.00     0.00    0.00    0.00    0.02  45.20
dm-1             0.00      0.00     0.00   0.00    0.00     0.00  773.00  15332.00     0.00   0.00    0.06    19.83    0.00      0.00     0.00   0.00    0.00     0.00    0.00    0.00    0.05  45.20
dm-2             0.00      0.00     0.00   0.00    0.00     0.00   39.00    156.00     0.00   0.00    0.00     4.00    0.00      0.00     0.00   0.00    0.00     0.00    0.00    0.00    0.00   0.80
loop0            0.00      0.00     0.00   0.00    0.00     0.00    0.00      0.00     0.00   0.00    0.00     0.00    0.00      0.00     0.00   0.00    0.00     0.00    0.00    0.00    0.00   0.00
loop1            0.00      0.00     0.00   0.00    0.00     0.00    0.00      0.00     0.00   0.00    0.00     0.00    0.00      0.00     0.00   0.00    0.00     0.00    0.00    0.00    0.00   0.00
loop2            0.00      0.00     0.00   0.00    0.00     0.00    0.00      0.00     0.00   0.00    0.00     0.00    0.00      0.00     0.00   0.00    0.00     0.00    0.00    0.00    0.00   0.00
loop3            0.00      0.00     0.00   0.00    0.00     0.00    0.00      0.00     0.00   0.00    0.00     0.00    0.00      0.00     0.00   0.00    0.00     0.00    0.00    0.00    0.00   0.00
loop4            0.00      0.00     0.00   0.00    0.00     0.00    0.00      0.00     0.00   0.00    0.00     0.00    0.00      0.00     0.00   0.00    0.00     0.00    0.00    0.00    0.00   0.00
loop5            0.00      0.00     0.00   0.00    0.00     0.00    0.00      0.00     0.00   0.00    0.00     0.00    0.00      0.00     0.00   0.00    0.00     0.00    0.00    0.00    0.00   0.00
loop6            0.00      0.00     0.00   0.00    0.00     0.00    0.00      0.00     0.00   0.00    0.00     0.00    0.00      0.00     0.00   0.00    0.00     0.00    0.00    0.00    0.00   0.00
loop7            0.00      0.00     0.00   0.00    0.00     0.00    0.00      0.00     0.00   0.00    0.00     0.00    0.00      0.00     0.00   0.00    0.00     0.00    0.00    0.00    0.00   0.00
sda              0.00      0.00     0.00   0.00    0.00     0.00   11.00    156.00    28.00  71.79    0.09    14.18    0.00      0.00     0.00   0.00    0.00     0.00    0.00    0.00    0.00   0.80
sdb              0.00      0.00     0.00   0.00    0.00     0.00 1320.00  30636.00   218.00  14.17    0.06    23.21    0.00      0.00     0.00   0.00    0.00     0.00    0.00    0.00    0.07  46.80


avg-cpu:  %user   %nice %system %iowait  %steal   %idle
           0.77    0.00    0.53    0.02    0.00   98.68

Device            r/s     rkB/s   rrqm/s  %rrqm r_await rareq-sz     w/s     wkB/s   wrqm/s  %wrqm w_await wareq-sz     d/s     dkB/s   drqm/s  %drqm d_await dareq-sz     f/s f_await  aqu-sz  %util
dm-0             0.00      0.00     0.00   0.00    0.00     0.00  757.00  14968.00     0.00   0.00    0.05    19.77    0.00      0.00     0.00   0.00    0.00     0.00    0.00    0.00    0.04  43.20
dm-1             0.00      0.00     0.00   0.00    0.00     0.00  765.00  15000.00     0.00   0.00    0.04    19.61    0.00      0.00     0.00   0.00    0.00     0.00    0.00    0.00    0.03  43.20
dm-2             0.00      0.00     0.00   0.00    0.00     0.00   72.00    320.00     0.00   0.00    0.00     4.44    0.00      0.00     0.00   0.00    0.00     0.00    0.00    0.00    0.00   2.40
loop0            0.00      0.00     0.00   0.00    0.00     0.00    0.00      0.00     0.00   0.00    0.00     0.00    0.00      0.00     0.00   0.00    0.00     0.00    0.00    0.00    0.00   0.00
loop1            0.00      0.00     0.00   0.00    0.00     0.00    0.00      0.00     0.00   0.00    0.00     0.00    0.00      0.00     0.00   0.00    0.00     0.00    0.00    0.00    0.00   0.00
loop2            0.00      0.00     0.00   0.00    0.00     0.00    0.00      0.00     0.00   0.00    0.00     0.00    0.00      0.00     0.00   0.00    0.00     0.00    0.00    0.00    0.00   0.00
loop3            0.00      0.00     0.00   0.00    0.00     0.00    0.00      0.00     0.00   0.00    0.00     0.00    0.00      0.00     0.00   0.00    0.00     0.00    0.00    0.00    0.00   0.00
loop4            0.00      0.00     0.00   0.00    0.00     0.00    0.00      0.00     0.00   0.00    0.00     0.00    0.00      0.00     0.00   0.00    0.00     0.00    0.00    0.00    0.00   0.00
loop5            0.00      0.00     0.00   0.00    0.00     0.00    0.00      0.00     0.00   0.00    0.00     0.00    0.00      0.00     0.00   0.00    0.00     0.00    0.00    0.00    0.00   0.00
loop6            0.00      0.00     0.00   0.00    0.00     0.00    0.00      0.00     0.00   0.00    0.00     0.00    0.00      0.00     0.00   0.00    0.00     0.00    0.00    0.00    0.00   0.00
loop7            0.00      0.00     0.00   0.00    0.00     0.00    0.00      0.00     0.00   0.00    0.00     0.00    0.00      0.00     0.00   0.00    0.00     0.00    0.00    0.00    0.00   0.00
sda              0.00      0.00     0.00   0.00    0.00     0.00   22.00    320.00    50.00  69.44    0.55    14.55    0.00      0.00     0.00   0.00    0.00     0.00    0.00    0.00    0.01   2.40
sdb              0.00      0.00     0.00   0.00    0.00     0.00 1312.00  29968.00   210.00  13.80    0.05    22.84    0.00      0.00     0.00   0.00    0.00     0.00    0.00    0.00    0.07  44.80


avg-cpu:  %user   %nice %system %iowait  %steal   %idle
           0.33    0.00    0.27    0.00    0.00   99.40

Device            r/s     rkB/s   rrqm/s  %rrqm r_await rareq-sz     w/s     wkB/s   wrqm/s  %wrqm w_await wareq-sz     d/s     dkB/s   drqm/s  %drqm d_await dareq-sz     f/s f_await  aqu-sz  %util
dm-0             0.00      0.00     0.00   0.00    0.00     0.00  290.00   5840.00     0.00   0.00    0.01    20.14    0.00      0.00     0.00   0.00    0.00     0.00    0.00    0.00    0.00  17.60
dm-1             0.00      0.00     0.00   0.00    0.00     0.00  302.00   5888.00     0.00   0.00    0.03    19.50    0.00      0.00     0.00   0.00    0.00     0.00    0.00    0.00    0.01  18.40
dm-2             0.00      0.00     0.00   0.00    0.00     0.00   35.00    140.00     0.00   0.00    0.00     4.00    0.00      0.00     0.00   0.00    0.00     0.00    0.00    0.00    0.00   1.60
loop0            0.00      0.00     0.00   0.00    0.00     0.00    0.00      0.00     0.00   0.00    0.00     0.00    0.00      0.00     0.00   0.00    0.00     0.00    0.00    0.00    0.00   0.00
loop1            0.00      0.00     0.00   0.00    0.00     0.00    0.00      0.00     0.00   0.00    0.00     0.00    0.00      0.00     0.00   0.00    0.00     0.00    0.00    0.00    0.00   0.00
loop2            0.00      0.00     0.00   0.00    0.00     0.00    0.00      0.00     0.00   0.00    0.00     0.00    0.00      0.00     0.00   0.00    0.00     0.00    0.00    0.00    0.00   0.00
loop3            0.00      0.00     0.00   0.00    0.00     0.00    0.00      0.00     0.00   0.00    0.00     0.00    0.00      0.00     0.00   0.00    0.00     0.00    0.00    0.00    0.00   0.00
loop4            0.00      0.00     0.00   0.00    0.00     0.00    0.00      0.00     0.00   0.00    0.00     0.00    0.00      0.00     0.00   0.00    0.00     0.00    0.00    0.00    0.00   0.00
loop5            0.00      0.00     0.00   0.00    0.00     0.00    0.00      0.00     0.00   0.00    0.00     0.00    0.00      0.00     0.00   0.00    0.00     0.00    0.00    0.00    0.00   0.00
loop6            0.00      0.00     0.00   0.00    0.00     0.00    0.00      0.00     0.00   0.00    0.00     0.00    0.00      0.00     0.00   0.00    0.00     0.00    0.00    0.00    0.00   0.00
loop7            0.00      0.00     0.00   0.00    0.00     0.00    0.00      0.00     0.00   0.00    0.00     0.00    0.00      0.00     0.00   0.00    0.00     0.00    0.00    0.00    0.00   0.00
sda              0.00      0.00     0.00   0.00    0.00     0.00   11.00    140.00    24.00  68.57    0.09    12.73    0.00      0.00     0.00   0.00    0.00     0.00    0.00    0.00    0.00   1.60
sdb              0.00      0.00     0.00   0.00    0.00     0.00  510.00  11728.00    82.00  13.85    0.05    23.00    0.00      0.00     0.00   0.00    0.00     0.00    0.00    0.00    0.03  18.80


avg-cpu:  %user   %nice %system %iowait  %steal   %idle
           0.69    0.00    0.55    0.02    0.00   98.74

Device            r/s     rkB/s   rrqm/s  %rrqm r_await rareq-sz     w/s     wkB/s   wrqm/s  %wrqm w_await wareq-sz     d/s     dkB/s   drqm/s  %drqm d_await dareq-sz     f/s f_await  aqu-sz  %util
dm-0             0.00      0.00     0.00   0.00    0.00     0.00  736.00   7564.00     0.00   0.00    0.05    10.28    0.00      0.00     0.00   0.00    0.00     0.00    0.00    0.00    0.04  50.80
dm-1             0.00      0.00     0.00   0.00    0.00     0.00  770.00   7704.00     0.00   0.00    0.04    10.01    0.00      0.00     0.00   0.00    0.00     0.00    0.00    0.00    0.03  50.80
dm-2             0.00      0.00     0.00   0.00    0.00     0.00   74.00    312.00     0.00   0.00    0.00     4.22    0.00      0.00     0.00   0.00    0.00     0.00    0.00    0.00    0.00   1.60
loop0            0.00      0.00     0.00   0.00    0.00     0.00    0.00      0.00     0.00   0.00    0.00     0.00    0.00      0.00     0.00   0.00    0.00     0.00    0.00    0.00    0.00   0.00
loop1            0.00      0.00     0.00   0.00    0.00     0.00    0.00      0.00     0.00   0.00    0.00     0.00    0.00      0.00     0.00   0.00    0.00     0.00    0.00    0.00    0.00   0.00
loop2            0.00      0.00     0.00   0.00    0.00     0.00    0.00      0.00     0.00   0.00    0.00     0.00    0.00      0.00     0.00   0.00    0.00     0.00    0.00    0.00    0.00   0.00
loop3            0.00      0.00     0.00   0.00    0.00     0.00    0.00      0.00     0.00   0.00    0.00     0.00    0.00      0.00     0.00   0.00    0.00     0.00    0.00    0.00    0.00   0.00
loop4            0.00      0.00     0.00   0.00    0.00     0.00    0.00      0.00     0.00   0.00    0.00     0.00    0.00      0.00     0.00   0.00    0.00     0.00    0.00    0.00    0.00   0.00
loop5            0.00      0.00     0.00   0.00    0.00     0.00    0.00      0.00     0.00   0.00    0.00     0.00    0.00      0.00     0.00   0.00    0.00     0.00    0.00    0.00    0.00   0.00
loop6            0.00      0.00     0.00   0.00    0.00     0.00    0.00      0.00     0.00   0.00    0.00     0.00    0.00      0.00     0.00   0.00    0.00     0.00    0.00    0.00    0.00   0.00
loop7            0.00      0.00     0.00   0.00    0.00     0.00    0.00      0.00     0.00   0.00    0.00     0.00    0.00      0.00     0.00   0.00    0.00     0.00    0.00    0.00    0.00   0.00
sda              0.00      0.00     0.00   0.00    0.00     0.00   34.00    312.00    40.00  54.05    1.50     9.18    0.00      0.00     0.00   0.00    0.00     0.00    0.00    0.00    0.05   1.60
sdb              0.00      0.00     0.00   0.00    0.00     0.00 1288.00  15268.00   218.00  14.48    0.05    11.85    0.00      0.00     0.00   0.00    0.00     0.00    0.00    0.00    0.06  67.60


avg-cpu:  %user   %nice %system %iowait  %steal   %idle
           0.27    0.00    0.06    0.00    0.00   99.67

Device            r/s     rkB/s   rrqm/s  %rrqm r_await rareq-sz     w/s     wkB/s   wrqm/s  %wrqm w_await wareq-sz     d/s     dkB/s   drqm/s  %drqm d_await dareq-sz     f/s f_await  aqu-sz  %util
dm-0             0.00      0.00     0.00   0.00    0.00     0.00    6.00     24.00     0.00   0.00    0.00     4.00    0.00      0.00     0.00   0.00    0.00     0.00    0.00    0.00    0.00   0.80
dm-1             0.00      0.00     0.00   0.00    0.00     0.00    6.00     24.00     0.00   0.00    0.00     4.00    0.00      0.00     0.00   0.00    0.00     0.00    0.00    0.00    0.00   1.20
dm-2             0.00      0.00     0.00   0.00    0.00     0.00  296.00   1344.00     0.00   0.00    0.11     4.54    0.00      0.00     0.00   0.00    0.00     0.00    0.00    0.00    0.03   2.80
loop0            0.00      0.00     0.00   0.00    0.00     0.00    0.00      0.00     0.00   0.00    0.00     0.00    0.00      0.00     0.00   0.00    0.00     0.00    0.00    0.00    0.00   0.00
loop1            0.00      0.00     0.00   0.00    0.00     0.00    0.00      0.00     0.00   0.00    0.00     0.00    0.00      0.00     0.00   0.00    0.00     0.00    0.00    0.00    0.00   0.00
loop2            0.00      0.00     0.00   0.00    0.00     0.00    0.00      0.00     0.00   0.00    0.00     0.00    0.00      0.00     0.00   0.00    0.00     0.00    0.00    0.00    0.00   0.00
loop3            0.00      0.00     0.00   0.00    0.00     0.00    0.00      0.00     0.00   0.00    0.00     0.00    0.00      0.00     0.00   0.00    0.00     0.00    0.00    0.00    0.00   0.00
loop4            0.00      0.00     0.00   0.00    0.00     0.00    0.00      0.00     0.00   0.00    0.00     0.00    0.00      0.00     0.00   0.00    0.00     0.00    0.00    0.00    0.00   0.00
loop5            0.00      0.00     0.00   0.00    0.00     0.00    0.00      0.00     0.00   0.00    0.00     0.00    0.00      0.00     0.00   0.00    0.00     0.00    0.00    0.00    0.00   0.00
loop6            0.00      0.00     0.00   0.00    0.00     0.00    0.00      0.00     0.00   0.00    0.00     0.00    0.00      0.00     0.00   0.00    0.00     0.00    0.00    0.00    0.00   0.00
loop7            0.00      0.00     0.00   0.00    0.00     0.00    0.00      0.00     0.00   0.00    0.00     0.00    0.00      0.00     0.00   0.00    0.00     0.00    0.00    0.00    0.00   0.00
sda              0.00      0.00     0.00   0.00    0.00     0.00  259.00   1344.00    37.00  12.50    0.69     5.19    0.00      0.00     0.00   0.00    0.00     0.00    0.00    0.00    0.18   2.80
sdb              0.00      0.00     0.00   0.00    0.00     0.00    9.00     48.00     3.00  25.00    0.11     5.33    0.00      0.00     0.00   0.00    0.00     0.00    0.00    0.00    0.00   1.20


avg-cpu:  %user   %nice %system %iowait  %steal   %idle
           0.17    0.00    0.06    0.00    0.00   99.77

Device            r/s     rkB/s   rrqm/s  %rrqm r_await rareq-sz     w/s     wkB/s   wrqm/s  %wrqm w_await wareq-sz     d/s     dkB/s   drqm/s  %drqm d_await dareq-sz     f/s f_await  aqu-sz  %util
dm-0             0.00      0.00     0.00   0.00    0.00     0.00    1.00      4.00     0.00   0.00    0.00     4.00    0.00      0.00     0.00   0.00    0.00     0.00    0.00    0.00    0.00   0.40
dm-1             0.00      0.00     0.00   0.00    0.00     0.00    0.00      0.00     0.00   0.00    0.00     0.00    0.00      0.00     0.00   0.00    0.00     0.00    0.00    0.00    0.00   0.00
dm-2             0.00      0.00     0.00   0.00    0.00     0.00   42.00    168.00     0.00   0.00    0.86     4.00    0.00      0.00     0.00   0.00    0.00     0.00    0.00    0.00    0.04   0.80
loop0            0.00      0.00     0.00   0.00    0.00     0.00    0.00      0.00     0.00   0.00    0.00     0.00    0.00      0.00     0.00   0.00    0.00     0.00    0.00    0.00    0.00   0.00
loop1            0.00      0.00     0.00   0.00    0.00     0.00    0.00      0.00     0.00   0.00    0.00     0.00    0.00      0.00     0.00   0.00    0.00     0.00    0.00    0.00    0.00   0.00
loop2            0.00      0.00     0.00   0.00    0.00     0.00    0.00      0.00     0.00   0.00    0.00     0.00    0.00      0.00     0.00   0.00    0.00     0.00    0.00    0.00    0.00   0.00
loop3            0.00      0.00     0.00   0.00    0.00     0.00    0.00      0.00     0.00   0.00    0.00     0.00    0.00      0.00     0.00   0.00    0.00     0.00    0.00    0.00    0.00   0.00
loop4            0.00      0.00     0.00   0.00    0.00     0.00    0.00      0.00     0.00   0.00    0.00     0.00    0.00      0.00     0.00   0.00    0.00     0.00    0.00    0.00    0.00   0.00
loop5            0.00      0.00     0.00   0.00    0.00     0.00    0.00      0.00     0.00   0.00    0.00     0.00    0.00      0.00     0.00   0.00    0.00     0.00    0.00    0.00    0.00   0.00
loop6            0.00      0.00     0.00   0.00    0.00     0.00    0.00      0.00     0.00   0.00    0.00     0.00    0.00      0.00     0.00   0.00    0.00     0.00    0.00    0.00    0.00   0.00
loop7            0.00      0.00     0.00   0.00    0.00     0.00    0.00      0.00     0.00   0.00    0.00     0.00    0.00      0.00     0.00   0.00    0.00     0.00    0.00    0.00    0.00   0.00
sda              0.00      0.00     0.00   0.00    0.00     0.00   11.00    168.00    31.00  73.81    0.09    15.27    0.00      0.00     0.00   0.00    0.00     0.00    0.00    0.00    0.00   0.80
sdb              0.00      0.00     0.00   0.00    0.00     0.00    1.00      4.00     0.00   0.00    0.00     4.00    0.00      0.00     0.00   0.00    0.00     0.00    0.00    0.00    0.00   0.40


avg-cpu:  %user   %nice %system %iowait  %steal   %idle
           7.92    0.00    3.33    0.18    0.00   88.58

Device            r/s     rkB/s   rrqm/s  %rrqm r_await rareq-sz     w/s     wkB/s   wrqm/s  %wrqm w_await wareq-sz     d/s     dkB/s   drqm/s  %drqm d_await dareq-sz     f/s f_await  aqu-sz  %util
dm-0             4.00     16.00     0.00   0.00   30.00     4.00 9136.00  36676.00     0.00   0.00    0.03     4.01    0.00      0.00     0.00   0.00    0.00     0.00    0.00    0.00    0.42  72.40
dm-1             0.00      0.00     0.00   0.00    0.00     0.00 7009.00  28044.00     0.00   0.00    0.04     4.00    0.00      0.00     0.00   0.00    0.00     0.00    0.00    0.00    0.28  60.00
dm-2             0.00      0.00     0.00   0.00    0.00     0.00   68.00    304.00     0.00   0.00    0.00     4.47    0.00      0.00     0.00   0.00    0.00     0.00    0.00    0.00    0.00   2.40
loop0            0.00      0.00     0.00   0.00    0.00     0.00    0.00      0.00     0.00   0.00    0.00     0.00    0.00      0.00     0.00   0.00    0.00     0.00    0.00    0.00    0.00   0.00
loop1            0.00      0.00     0.00   0.00    0.00     0.00    0.00      0.00     0.00   0.00    0.00     0.00    0.00      0.00     0.00   0.00    0.00     0.00    0.00    0.00    0.00   0.00
loop2            0.00      0.00     0.00   0.00    0.00     0.00    0.00      0.00     0.00   0.00    0.00     0.00    0.00      0.00     0.00   0.00    0.00     0.00    0.00    0.00    0.00   0.00
loop3            0.00      0.00     0.00   0.00    0.00     0.00    0.00      0.00     0.00   0.00    0.00     0.00    0.00      0.00     0.00   0.00    0.00     0.00    0.00    0.00    0.00   0.00
loop4            0.00      0.00     0.00   0.00    0.00     0.00    0.00      0.00     0.00   0.00    0.00     0.00    0.00      0.00     0.00   0.00    0.00     0.00    0.00    0.00    0.00   0.00
loop5            0.00      0.00     0.00   0.00    0.00     0.00    0.00      0.00     0.00   0.00    0.00     0.00    0.00      0.00     0.00   0.00    0.00     0.00    0.00    0.00    0.00   0.00
loop6            0.00      0.00     0.00   0.00    0.00     0.00    0.00      0.00     0.00   0.00    0.00     0.00    0.00      0.00     0.00   0.00    0.00     0.00    0.00    0.00    0.00   0.00
loop7            0.00      0.00     0.00   0.00    0.00     0.00    0.00      0.00     0.00   0.00    0.00     0.00    0.00      0.00     0.00   0.00    0.00     0.00    0.00    0.00    0.00   0.00
sda              0.00      0.00     0.00   0.00    0.00     0.00   22.00    304.00    46.00  67.65    0.36    13.82    0.00      0.00     0.00   0.00    0.00     0.00    0.00    0.00    0.01   2.40
sdb              4.00     16.00     0.00   0.00   30.00     4.00 10564.00  64696.00  5575.00  34.54    0.04     6.12    0.00      0.00     0.00   0.00    0.00     0.00    0.00    0.00    0.52  72.40


avg-cpu:  %user   %nice %system %iowait  %steal   %idle
           6.82    0.00    3.17    0.14    0.00   89.86

Device            r/s     rkB/s   rrqm/s  %rrqm r_await rareq-sz     w/s     wkB/s   wrqm/s  %wrqm w_await wareq-sz     d/s     dkB/s   drqm/s  %drqm d_await dareq-sz     f/s f_await  aqu-sz  %util
dm-0             0.00      0.00     0.00   0.00    0.00     0.00 7411.00  29776.00     0.00   0.00    0.04     4.02    0.00      0.00     0.00   0.00    0.00     0.00    0.00    0.00    0.26  83.60
dm-1             0.00      0.00     0.00   0.00    0.00     0.00 6605.00  26548.00     0.00   0.00    0.03     4.02    0.00      0.00     0.00   0.00    0.00     0.00    0.00    0.00    0.19  82.80
dm-2             0.00      0.00     0.00   0.00    0.00     0.00   41.00    216.00     0.00   0.00    0.00     5.27    0.00      0.00     0.00   0.00    0.00     0.00    0.00    0.00    0.00   1.20
loop0            0.00      0.00     0.00   0.00    0.00     0.00    0.00      0.00     0.00   0.00    0.00     0.00    0.00      0.00     0.00   0.00    0.00     0.00    0.00    0.00    0.00   0.00
loop1            0.00      0.00     0.00   0.00    0.00     0.00    0.00      0.00     0.00   0.00    0.00     0.00    0.00      0.00     0.00   0.00    0.00     0.00    0.00    0.00    0.00   0.00
loop2            0.00      0.00     0.00   0.00    0.00     0.00    0.00      0.00     0.00   0.00    0.00     0.00    0.00      0.00     0.00   0.00    0.00     0.00    0.00    0.00    0.00   0.00
loop3            0.00      0.00     0.00   0.00    0.00     0.00    0.00      0.00     0.00   0.00    0.00     0.00    0.00      0.00     0.00   0.00    0.00     0.00    0.00    0.00    0.00   0.00
loop4            0.00      0.00     0.00   0.00    0.00     0.00    0.00      0.00     0.00   0.00    0.00     0.00    0.00      0.00     0.00   0.00    0.00     0.00    0.00    0.00    0.00   0.00
loop5            0.00      0.00     0.00   0.00    0.00     0.00    0.00      0.00     0.00   0.00    0.00     0.00    0.00      0.00     0.00   0.00    0.00     0.00    0.00    0.00    0.00   0.00
loop6            0.00      0.00     0.00   0.00    0.00     0.00    0.00      0.00     0.00   0.00    0.00     0.00    0.00      0.00     0.00   0.00    0.00     0.00    0.00    0.00    0.00   0.00
loop7            0.00      0.00     0.00   0.00    0.00     0.00    0.00      0.00     0.00   0.00    0.00     0.00    0.00      0.00     0.00   0.00    0.00     0.00    0.00    0.00    0.00   0.00
sda              0.00      0.00     0.00   0.00    0.00     0.00   12.00    216.00    29.00  70.73    0.17    18.00    0.00      0.00     0.00   0.00    0.00     0.00    0.00    0.00    0.00   1.20
sdb              0.00      0.00     0.00   0.00    0.00     0.00 9079.00  56332.00  4939.00  35.23    0.04     6.20    0.00      0.00     0.00   0.00    0.00     0.00    0.00    0.00    0.35  84.40


avg-cpu:  %user   %nice %system %iowait  %steal   %idle
           6.74    0.00    2.86    0.10    0.00   90.30

Device            r/s     rkB/s   rrqm/s  %rrqm r_await rareq-sz     w/s     wkB/s   wrqm/s  %wrqm w_await wareq-sz     d/s     dkB/s   drqm/s  %drqm d_await dareq-sz     f/s f_await  aqu-sz  %util
dm-0             0.00      0.00     0.00   0.00    0.00     0.00 5533.00  22140.00     0.00   0.00    0.04     4.00    0.00      0.00     0.00   0.00    0.00     0.00    0.00    0.00    0.22  93.20
dm-1             0.00      0.00     0.00   0.00    0.00     0.00 5645.00  22584.00     0.00   0.00    0.03     4.00    0.00      0.00     0.00   0.00    0.00     0.00    0.00    0.00    0.19  93.60
dm-2             0.00      0.00     0.00   0.00    0.00     0.00   84.00    352.00     0.00   0.00    0.05     4.19    0.00      0.00     0.00   0.00    0.00     0.00    0.00    0.00    0.00   2.40
loop0            0.00      0.00     0.00   0.00    0.00     0.00    0.00      0.00     0.00   0.00    0.00     0.00    0.00      0.00     0.00   0.00    0.00     0.00    0.00    0.00    0.00   0.00
loop1            0.00      0.00     0.00   0.00    0.00     0.00    0.00      0.00     0.00   0.00    0.00     0.00    0.00      0.00     0.00   0.00    0.00     0.00    0.00    0.00    0.00   0.00
loop2            0.00      0.00     0.00   0.00    0.00     0.00    0.00      0.00     0.00   0.00    0.00     0.00    0.00      0.00     0.00   0.00    0.00     0.00    0.00    0.00    0.00   0.00
loop3            0.00      0.00     0.00   0.00    0.00     0.00    0.00      0.00     0.00   0.00    0.00     0.00    0.00      0.00     0.00   0.00    0.00     0.00    0.00    0.00    0.00   0.00
loop4            0.00      0.00     0.00   0.00    0.00     0.00    0.00      0.00     0.00   0.00    0.00     0.00    0.00      0.00     0.00   0.00    0.00     0.00    0.00    0.00    0.00   0.00
loop5            0.00      0.00     0.00   0.00    0.00     0.00    0.00      0.00     0.00   0.00    0.00     0.00    0.00      0.00     0.00   0.00    0.00     0.00    0.00    0.00    0.00   0.00
loop6            0.00      0.00     0.00   0.00    0.00     0.00    0.00      0.00     0.00   0.00    0.00     0.00    0.00      0.00     0.00   0.00    0.00     0.00    0.00    0.00    0.00   0.00
loop7            0.00      0.00     0.00   0.00    0.00     0.00    0.00      0.00     0.00   0.00    0.00     0.00    0.00      0.00     0.00   0.00    0.00     0.00    0.00    0.00    0.00   0.00
sda              0.00      0.00     0.00   0.00    0.00     0.00   38.00    352.00    46.00  54.76    1.47     9.26    0.00      0.00     0.00   0.00    0.00     0.00    0.00    0.00    0.06   2.40
sdb              0.00      0.00     0.00   0.00    0.00     0.00 7001.00  44728.00  4178.00  37.37    0.04     6.39    0.00      0.00     0.00   0.00    0.00     0.00    0.00    0.00    0.29  94.40


avg-cpu:  %user   %nice %system %iowait  %steal   %idle
           7.63    0.00    3.51    0.13    0.00   88.73

Device            r/s     rkB/s   rrqm/s  %rrqm r_await rareq-sz     w/s     wkB/s   wrqm/s  %wrqm w_await wareq-sz     d/s     dkB/s   drqm/s  %drqm d_await dareq-sz     f/s f_await  aqu-sz  %util
dm-0             0.00      0.00     0.00   0.00    0.00     0.00 5862.00  23572.00     0.00   0.00    0.04     4.02    0.00      0.00     0.00   0.00    0.00     0.00    0.00    0.00    0.24  96.40
dm-1             0.00      0.00     0.00   0.00    0.00     0.00 5972.00  24016.00     0.00   0.00    0.03     4.02    0.00      0.00     0.00   0.00    0.00     0.00    0.00    0.00    0.17  96.00
dm-2             0.00      0.00     0.00   0.00    0.00     0.00  312.00   1420.00     0.00   0.00    0.96     4.55    0.00      0.00     0.00   0.00    0.00     0.00    0.00    0.00    0.30   2.00
loop0            0.00      0.00     0.00   0.00    0.00     0.00    0.00      0.00     0.00   0.00    0.00     0.00    0.00      0.00     0.00   0.00    0.00     0.00    0.00    0.00    0.00   0.00
loop1            0.00      0.00     0.00   0.00    0.00     0.00    0.00      0.00     0.00   0.00    0.00     0.00    0.00      0.00     0.00   0.00    0.00     0.00    0.00    0.00    0.00   0.00
loop2            0.00      0.00     0.00   0.00    0.00     0.00    0.00      0.00     0.00   0.00    0.00     0.00    0.00      0.00     0.00   0.00    0.00     0.00    0.00    0.00    0.00   0.00
loop3            0.00      0.00     0.00   0.00    0.00     0.00    0.00      0.00     0.00   0.00    0.00     0.00    0.00      0.00     0.00   0.00    0.00     0.00    0.00    0.00    0.00   0.00
loop4            0.00      0.00     0.00   0.00    0.00     0.00    0.00      0.00     0.00   0.00    0.00     0.00    0.00      0.00     0.00   0.00    0.00     0.00    0.00    0.00    0.00   0.00
loop5            0.00      0.00     0.00   0.00    0.00     0.00    0.00      0.00     0.00   0.00    0.00     0.00    0.00      0.00     0.00   0.00    0.00     0.00    0.00    0.00    0.00   0.00
loop6            0.00      0.00     0.00   0.00    0.00     0.00    0.00      0.00     0.00   0.00    0.00     0.00    0.00      0.00     0.00   0.00    0.00     0.00    0.00    0.00    0.00   0.00
loop7            0.00      0.00     0.00   0.00    0.00     0.00    0.00      0.00     0.00   0.00    0.00     0.00    0.00      0.00     0.00   0.00    0.00     0.00    0.00    0.00    0.00   0.00
sda              0.00      0.00     0.00   0.00    0.00     0.00  280.00   1420.00    32.00  10.26    1.30     5.07    0.00      0.00     0.00   0.00    0.00     0.00    0.00    0.00    0.36   2.00
sdb              0.00      0.00     0.00   0.00    0.00     0.00 7484.00  47600.00  4353.00  36.77    0.04     6.36    0.00      0.00     0.00   0.00    0.00     0.00    0.00    0.00    0.31  97.20


